Prediction,Groundtruth,station,lead_time,year,month,day
0.0,0.0,5.0,1,2023,1,1
0.0,0.0,9.0,1,2023,1,1
0.0,0.0,11.0,1,2023,1,1
0.0,0.0,13.0,1,2023,1,1
0.0,0.0999999120831489,25.0,1,2023,1,1
0.0,0.0,29.0,1,2023,1,1
0.0,0.0,30.0,1,2023,1,1
0.0,0.0,32.0,1,2023,1,1
0.0,0.0,37.0,1,2023,1,1
0.0,0.0,38.0,1,2023,1,1
0.0,0.0,39.0,1,2023,1,1
0.0,0.0,44.0,1,2023,1,1
0.0,0.0,5.0,2,2023,1,1
0.0,0.0,9.0,2,2023,1,1
0.0,0.0,11.0,2,2023,1,1
0.0,0.0999999120831489,13.0,2,2023,1,1
0.0,0.3000000715255737,25.0,2,2023,1,1
0.0,0.0,29.0,2,2023,1,1
0.0,0.0,30.0,2,2023,1,1
0.0,0.0,32.0,2,2023,1,1
0.0,0.0,37.0,2,2023,1,1
0.0,0.0,38.0,2,2023,1,1
0.0,0.0,39.0,2,2023,1,1
0.3913782238960266,0.800000011920929,44.0,2,2023,1,1
0.0,0.0,5.0,3,2023,1,1
0.0,0.0,9.0,3,2023,1,1
0.0,0.0,11.0,3,2023,1,1
0.0,0.0,13.0,3,2023,1,1
0.0,0.5999999046325684,25.0,3,2023,1,1
0.0,0.0,29.0,3,2023,1,1
0.0,0.0,30.0,3,2023,1,1
0.0,0.0,32.0,3,2023,1,1
0.0,0.0,37.0,3,2023,1,1
0.0,0.0,38.0,3,2023,1,1
0.0,0.0,39.0,3,2023,1,1
0.0,0.0,44.0,3,2023,1,1
0.0,0.0,5.0,4,2023,1,1
0.0,0.0,9.0,4,2023,1,1
0.0,0.0,11.0,4,2023,1,1
0.0,0.0,13.0,4,2023,1,1
0.0,0.3000000715255737,25.0,4,2023,1,1
0.0,0.0,29.0,4,2023,1,1
0.0,0.0,30.0,4,2023,1,1
0.0,0.0,32.0,4,2023,1,1
0.0,0.0,37.0,4,2023,1,1
0.0,0.0,38.0,4,2023,1,1
0.0,0.0,39.0,4,2023,1,1
0.0,0.0,44.0,4,2023,1,1
0.0,0.0,5.0,5,2023,1,1
0.0,0.0,9.0,5,2023,1,1
0.0,0.0,11.0,5,2023,1,1
0.0,0.0,13.0,5,2023,1,1
0.7055051326751709,0.0999999120831489,25.0,5,2023,1,1
0.0,0.0,29.0,5,2023,1,1
0.7934426069259644,0.0,30.0,5,2023,1,1
0.0,0.0,32.0,5,2023,1,1
0.0,0.0,37.0,5,2023,1,1
0.0,0.0,38.0,5,2023,1,1
0.0,0.0,39.0,5,2023,1,1
0.6417900323867798,0.0,44.0,5,2023,1,1
0.0,0.0,5.0,6,2023,1,1
0.0,0.0,9.0,6,2023,1,1
0.0,0.0,11.0,6,2023,1,1
0.0,0.0,13.0,6,2023,1,1
0.3245368003845215,0.0,25.0,6,2023,1,1
0.0,0.0,29.0,6,2023,1,1
0.1701036542654037,0.0,30.0,6,2023,1,1
0.0,0.0,32.0,6,2023,1,1
0.0,0.0,37.0,6,2023,1,1
0.0,0.0,38.0,6,2023,1,1
0.0,0.0,39.0,6,2023,1,1
0.5706156492233276,0.0,44.0,6,2023,1,1
0.0,0.0,5.0,7,2023,1,1
0.0,0.0,9.0,7,2023,1,1
0.0,0.0,11.0,7,2023,1,1
0.0,0.0,13.0,7,2023,1,1
0.6402590870857239,0.0,25.0,7,2023,1,1
0.0,0.0,29.0,7,2023,1,1
0.608253002166748,0.0,30.0,7,2023,1,1
0.0,0.0,32.0,7,2023,1,1
0.0,0.0,37.0,7,2023,1,1
0.0,0.0,38.0,7,2023,1,1
0.0,0.0,39.0,7,2023,1,1
0.6176878809928894,0.0,44.0,7,2023,1,1
0.0,0.0,5.0,1,2023,1,4
0.0,0.0,9.0,1,2023,1,4
0.0,0.0,11.0,1,2023,1,4
0.0,0.0,13.0,1,2023,1,4
0.1532657146453857,0.3000000715255737,25.0,1,2023,1,4
0.0,0.0,29.0,1,2023,1,4
0.0,0.0,30.0,1,2023,1,4
0.0,0.0,32.0,1,2023,1,4
0.0,0.0,37.0,1,2023,1,4
0.0,0.0,38.0,1,2023,1,4
0.0,0.0,39.0,1,2023,1,4
0.0,0.0,44.0,1,2023,1,4
0.0,0.0,5.0,2,2023,1,4
0.0,0.0,9.0,2,2023,1,4
0.0,0.0,11.0,2,2023,1,4
0.0,0.0,13.0,2,2023,1,4
0.2951277792453766,0.0999999120831489,25.0,2,2023,1,4
0.0,0.0,29.0,2,2023,1,4
0.0,0.0,30.0,2,2023,1,4
0.0,0.0,32.0,2,2023,1,4
0.0,0.0,37.0,2,2023,1,4
0.0,0.0,38.0,2,2023,1,4
0.0,0.0,39.0,2,2023,1,4
1.031891107559204,0.0,44.0,2,2023,1,4
0.0,0.0,5.0,3,2023,1,4
0.0,0.0,9.0,3,2023,1,4
0.0,0.0,11.0,3,2023,1,4
0.0,0.0,13.0,3,2023,1,4
0.0,0.0,25.0,3,2023,1,4
0.0,0.0,29.0,3,2023,1,4
0.0,0.0,30.0,3,2023,1,4
0.0,0.0,32.0,3,2023,1,4
0.0,0.0,37.0,3,2023,1,4
0.0,0.0,38.0,3,2023,1,4
0.0,0.0,39.0,3,2023,1,4
0.4675395786762237,0.0,44.0,3,2023,1,4
0.0,0.0,5.0,4,2023,1,4
0.0,0.0,9.0,4,2023,1,4
0.0,0.0,11.0,4,2023,1,4
0.0,0.0,13.0,4,2023,1,4
0.0,0.0,25.0,4,2023,1,4
0.0,0.0,29.0,4,2023,1,4
0.0,0.0,30.0,4,2023,1,4
0.0,0.0,32.0,4,2023,1,4
0.0,0.0,37.0,4,2023,1,4
0.0,0.0,38.0,4,2023,1,4
0.0,0.0,39.0,4,2023,1,4
0.0,0.0,44.0,4,2023,1,4
0.0,0.0,5.0,5,2023,1,4
0.0,0.0,9.0,5,2023,1,4
0.0,0.0,11.0,5,2023,1,4
0.0,0.0,13.0,5,2023,1,4
0.0,0.0,25.0,5,2023,1,4
0.0,0.0,29.0,5,2023,1,4
0.0,0.0,30.0,5,2023,1,4
0.0,0.0,32.0,5,2023,1,4
0.0,0.0,37.0,5,2023,1,4
0.0,0.0,38.0,5,2023,1,4
0.0,0.0,39.0,5,2023,1,4
0.0,0.0,44.0,5,2023,1,4
0.0,0.0,5.0,6,2023,1,4
0.0,0.0,9.0,6,2023,1,4
0.0,0.0,11.0,6,2023,1,4
0.0,0.0,13.0,6,2023,1,4
0.0,0.0,25.0,6,2023,1,4
0.0,0.0,29.0,6,2023,1,4
0.0,0.0,30.0,6,2023,1,4
0.0,0.0,32.0,6,2023,1,4
0.0,0.0,37.0,6,2023,1,4
0.0,0.0,38.0,6,2023,1,4
0.0,0.0,39.0,6,2023,1,4
0.0,0.0,44.0,6,2023,1,4
0.0,0.0,5.0,7,2023,1,4
0.0,0.0,9.0,7,2023,1,4
0.0,0.0,11.0,7,2023,1,4
0.0,0.0,13.0,7,2023,1,4
0.0,0.0,25.0,7,2023,1,4
0.0,0.0,29.0,7,2023,1,4
0.0,0.0,30.0,7,2023,1,4
0.0,0.3000000715255737,32.0,7,2023,1,4
0.0,0.0,37.0,7,2023,1,4
0.0,0.0,38.0,7,2023,1,4
0.0,0.0,39.0,7,2023,1,4
0.9849819540977478,1.3999998569488523,44.0,7,2023,1,4
0.0,0.0,5.0,1,2023,1,8
0.0,0.0,9.0,1,2023,1,8
0.0,0.0,11.0,1,2023,1,8
0.0,0.0,13.0,1,2023,1,8
0.0,0.0,25.0,1,2023,1,8
0.0,0.0,29.0,1,2023,1,8
0.0,0.0,30.0,1,2023,1,8
0.0,0.0,32.0,1,2023,1,8
0.0,0.0,37.0,1,2023,1,8
0.0,0.0,38.0,1,2023,1,8
0.0,0.0,39.0,1,2023,1,8
0.0,0.0,44.0,1,2023,1,8
0.0,0.0,5.0,2,2023,1,8
0.0,0.0,9.0,2,2023,1,8
0.0,0.0,11.0,2,2023,1,8
0.0,0.0,13.0,2,2023,1,8
0.1250280141830444,0.0,25.0,2,2023,1,8
0.0,0.0,29.0,2,2023,1,8
0.2151250392198562,0.0,30.0,2,2023,1,8
0.0,0.0,32.0,2,2023,1,8
0.0,0.0,37.0,2,2023,1,8
0.0,0.0,38.0,2,2023,1,8
0.0,0.0,39.0,2,2023,1,8
0.4457146525382995,0.0,44.0,2,2023,1,8
0.0,0.0,5.0,3,2023,1,8
0.0,0.0,9.0,3,2023,1,8
0.0,0.0,11.0,3,2023,1,8
0.0,0.0,13.0,3,2023,1,8
0.0,0.0,25.0,3,2023,1,8
0.0,0.0,29.0,3,2023,1,8
0.0,0.0,30.0,3,2023,1,8
0.0,0.3000000715255737,32.0,3,2023,1,8
0.0,0.0,37.0,3,2023,1,8
0.0,0.0,38.0,3,2023,1,8
0.0,0.0,39.0,3,2023,1,8
1.5246875286102295,1.3999998569488523,44.0,3,2023,1,8
0.0,0.0,5.0,4,2023,1,8
0.0,0.0,9.0,4,2023,1,8
0.0,0.0,11.0,4,2023,1,8
0.0,0.0,13.0,4,2023,1,8
0.401986688375473,0.0,25.0,4,2023,1,8
0.0,0.0,29.0,4,2023,1,8
0.0,0.0,30.0,4,2023,1,8
0.0,0.0,32.0,4,2023,1,8
0.0,0.0,37.0,4,2023,1,8
0.0,0.0,38.0,4,2023,1,8
0.0,0.0,39.0,4,2023,1,8
0.3568258583545685,0.0,44.0,4,2023,1,8
0.0,0.0,5.0,5,2023,1,8
0.0,0.0,9.0,5,2023,1,8
0.0,0.0,11.0,5,2023,1,8
0.0,0.0,13.0,5,2023,1,8
0.0,0.0,25.0,5,2023,1,8
0.0,0.0,29.0,5,2023,1,8
0.0,0.0,30.0,5,2023,1,8
0.0,0.0,32.0,5,2023,1,8
0.0,0.0,37.0,5,2023,1,8
0.0,0.0,38.0,5,2023,1,8
0.0,0.0,39.0,5,2023,1,8
0.2085150331258773,0.0,44.0,5,2023,1,8
0.0,0.0,5.0,6,2023,1,8
0.0,0.0,9.0,6,2023,1,8
0.0,0.0,11.0,6,2023,1,8
0.0,0.0,13.0,6,2023,1,8
0.0,0.0,25.0,6,2023,1,8
0.0,0.0,29.0,6,2023,1,8
0.0,0.0,30.0,6,2023,1,8
0.0,0.0,32.0,6,2023,1,8
0.0,0.0,37.0,6,2023,1,8
0.0,0.0,38.0,6,2023,1,8
0.0,0.0,39.0,6,2023,1,8
0.0,0.0,44.0,6,2023,1,8
0.0,0.0,5.0,7,2023,1,8
0.0,0.0,9.0,7,2023,1,8
0.0,0.0,11.0,7,2023,1,8
0.0,0.0,13.0,7,2023,1,8
0.0,0.0,25.0,7,2023,1,8
0.0,0.0,29.0,7,2023,1,8
0.0,0.0,30.0,7,2023,1,8
0.0,0.0,32.0,7,2023,1,8
0.0,0.0,37.0,7,2023,1,8
0.0,0.0,38.0,7,2023,1,8
0.0,0.0,39.0,7,2023,1,8
3.399734735488892,0.0,44.0,7,2023,1,8
0.0,0.0,5.0,1,2023,1,11
0.0,0.0,9.0,1,2023,1,11
0.0,0.0,11.0,1,2023,1,11
0.0,0.0,13.0,1,2023,1,11
0.4579318761825561,0.0,25.0,1,2023,1,11
0.0,0.0,29.0,1,2023,1,11
0.0,0.0,30.0,1,2023,1,11
0.0,0.0,32.0,1,2023,1,11
0.0,0.0,37.0,1,2023,1,11
0.0,0.0,38.0,1,2023,1,11
0.0,0.0,39.0,1,2023,1,11
0.5821536183357239,0.0,44.0,1,2023,1,11
0.0,0.0,5.0,2,2023,1,11
0.0,0.0,9.0,2,2023,1,11
0.0,0.0,11.0,2,2023,1,11
0.0,0.0,13.0,2,2023,1,11
0.0,0.0,25.0,2,2023,1,11
0.0,0.0,29.0,2,2023,1,11
0.0,0.0,30.0,2,2023,1,11
0.0,0.0,32.0,2,2023,1,11
0.0,0.0,37.0,2,2023,1,11
0.0,0.0,38.0,2,2023,1,11
0.0,0.0,39.0,2,2023,1,11
0.0,0.0,44.0,2,2023,1,11
0.0,0.0,5.0,3,2023,1,11
0.0,0.0,9.0,3,2023,1,11
0.0,0.0,11.0,3,2023,1,11
0.0,0.0,13.0,3,2023,1,11
0.0,0.0,25.0,3,2023,1,11
0.0,0.0,29.0,3,2023,1,11
0.0,0.0,30.0,3,2023,1,11
0.0,0.0,32.0,3,2023,1,11
0.0,0.0,37.0,3,2023,1,11
0.0,0.0,38.0,3,2023,1,11
0.0,0.0,39.0,3,2023,1,11
0.0,0.0,44.0,3,2023,1,11
0.0,0.0,5.0,4,2023,1,11
0.0,0.0,9.0,4,2023,1,11
0.0,0.0,11.0,4,2023,1,11
0.0,0.0,13.0,4,2023,1,11
0.0,0.0,25.0,4,2023,1,11
0.0,0.0,29.0,4,2023,1,11
0.0,0.0,30.0,4,2023,1,11
0.0,0.0,32.0,4,2023,1,11
0.0,0.0,37.0,4,2023,1,11
0.0,0.0,38.0,4,2023,1,11
0.0,0.0,39.0,4,2023,1,11
0.0,0.0,44.0,4,2023,1,11
0.0,0.0,5.0,5,2023,1,11
0.0,0.0,9.0,5,2023,1,11
0.0,0.0,11.0,5,2023,1,11
0.0,0.0,13.0,5,2023,1,11
0.0,0.0,25.0,5,2023,1,11
0.0,0.0,29.0,5,2023,1,11
0.0,0.0,30.0,5,2023,1,11
0.0,0.0,32.0,5,2023,1,11
0.0,0.0,37.0,5,2023,1,11
0.0,0.0,38.0,5,2023,1,11
0.0,0.0,39.0,5,2023,1,11
1.6174259185791016,1.999999761581421,44.0,5,2023,1,11
0.0,0.0,5.0,6,2023,1,11
0.0,0.0,9.0,6,2023,1,11
0.0,0.0,11.0,6,2023,1,11
1.053294062614441,0.0999999120831489,13.0,6,2023,1,11
0.4547384679317474,0.0,25.0,6,2023,1,11
0.0,0.0,29.0,6,2023,1,11
0.0,0.0,30.0,6,2023,1,11
0.0,0.0,32.0,6,2023,1,11
0.0,0.0,37.0,6,2023,1,11
0.0,0.0,38.0,6,2023,1,11
0.0,0.0,39.0,6,2023,1,11
0.0,0.0,44.0,6,2023,1,11
0.0,0.0,5.0,7,2023,1,11
4.250539779663086,0.0,9.0,7,2023,1,11
2.8634283542633057,0.0,11.0,7,2023,1,11
4.5664801597595215,0.2000000178813934,13.0,7,2023,1,11
2.2894325256347656,0.0,25.0,7,2023,1,11
0.0,0.0,29.0,7,2023,1,11
1.2149429321289062,0.0,30.0,7,2023,1,11
0.0,0.0,32.0,7,2023,1,11
0.0,0.0,37.0,7,2023,1,11
0.0,0.0,38.0,7,2023,1,11
0.0,0.0,39.0,7,2023,1,11
0.6117066144943237,0.5,44.0,7,2023,1,11
0.0,0.0,5.0,1,2023,1,15
0.0,0.0,9.0,1,2023,1,15
0.0,0.0,11.0,1,2023,1,15
0.0,0.0,13.0,1,2023,1,15
0.0,0.0,25.0,1,2023,1,15
0.0,0.0,29.0,1,2023,1,15
0.0,0.0,30.0,1,2023,1,15
0.0,0.0,32.0,1,2023,1,15
0.0,0.0,37.0,1,2023,1,15
0.0,0.0,38.0,1,2023,1,15
0.0,0.0,39.0,1,2023,1,15
0.298362672328949,1.999999761581421,44.0,1,2023,1,15
0.0,0.0,5.0,2,2023,1,15
0.0,0.0,9.0,2,2023,1,15
0.0,0.0,11.0,2,2023,1,15
0.0,0.0999999120831489,13.0,2,2023,1,15
0.4704623818397522,0.0,25.0,2,2023,1,15
0.0,0.0,29.0,2,2023,1,15
0.0,0.0,30.0,2,2023,1,15
0.0,0.0,32.0,2,2023,1,15
0.0,0.0,37.0,2,2023,1,15
0.0,0.0,38.0,2,2023,1,15
0.0,0.0,39.0,2,2023,1,15
0.0,0.0,44.0,2,2023,1,15
0.0,0.0,5.0,3,2023,1,15
0.0,0.0,9.0,3,2023,1,15
0.0,0.0,11.0,3,2023,1,15
0.0,0.2000000178813934,13.0,3,2023,1,15
0.4375003576278686,0.0,25.0,3,2023,1,15
0.0,0.0,29.0,3,2023,1,15
0.0,0.0,30.0,3,2023,1,15
0.0,0.0,32.0,3,2023,1,15
0.0,0.0,37.0,3,2023,1,15
0.0,0.0,38.0,3,2023,1,15
0.0,0.0,39.0,3,2023,1,15
0.1614708453416824,0.5,44.0,3,2023,1,15
0.0,0.0,5.0,4,2023,1,15
0.0,0.0,9.0,4,2023,1,15
0.0,0.5,11.0,4,2023,1,15
0.0,0.9999998807907104,13.0,4,2023,1,15
0.5933694839477539,0.0,25.0,4,2023,1,15
0.0,0.0,29.0,4,2023,1,15
0.0,0.0,30.0,4,2023,1,15
0.0,0.0,32.0,4,2023,1,15
0.0,0.0,37.0,4,2023,1,15
0.0,0.0,38.0,4,2023,1,15
0.0,0.0,39.0,4,2023,1,15
0.0,0.0,44.0,4,2023,1,15
0.0,0.0,5.0,5,2023,1,15
0.0,0.0,9.0,5,2023,1,15
0.0,0.0,11.0,5,2023,1,15
0.0,0.0,13.0,5,2023,1,15
1.3897082805633545,0.0,25.0,5,2023,1,15
0.0,0.0,29.0,5,2023,1,15
0.0,0.0999999120831489,30.0,5,2023,1,15
0.0,0.0,32.0,5,2023,1,15
0.0,0.0,37.0,5,2023,1,15
0.0,0.0,38.0,5,2023,1,15
0.0,0.0,39.0,5,2023,1,15
0.8540100455284119,0.5,44.0,5,2023,1,15
0.0,0.0,5.0,6,2023,1,15
0.0,0.0,9.0,6,2023,1,15
0.0,0.0,11.0,6,2023,1,15
0.0,0.0,13.0,6,2023,1,15
0.5315958857536316,0.0,25.0,6,2023,1,15
0.0,0.0,29.0,6,2023,1,15
0.0,0.0,30.0,6,2023,1,15
0.0,0.0,32.0,6,2023,1,15
0.0,0.0,37.0,6,2023,1,15
0.0,0.0,38.0,6,2023,1,15
0.0,0.0,39.0,6,2023,1,15
0.0,0.0,44.0,6,2023,1,15
0.0,0.0,5.0,7,2023,1,15
0.0,0.0,9.0,7,2023,1,15
0.0,0.0,11.0,7,2023,1,15
0.0,0.0,13.0,7,2023,1,15
0.0,0.0,25.0,7,2023,1,15
0.0,0.0,29.0,7,2023,1,15
0.0,0.0,30.0,7,2023,1,15
0.0,0.0,32.0,7,2023,1,15
0.0,0.0,37.0,7,2023,1,15
0.0,0.0,38.0,7,2023,1,15
0.0,0.0,39.0,7,2023,1,15
0.0,0.0,44.0,7,2023,1,15
0.0,0.0,5.0,1,2023,1,18
0.0,0.0,9.0,1,2023,1,18
0.0,0.5,11.0,1,2023,1,18
1.3065037727355957,0.9999998807907104,13.0,1,2023,1,18
0.5935326814651489,0.0,25.0,1,2023,1,18
0.0,0.0,29.0,1,2023,1,18
0.0,0.0,30.0,1,2023,1,18
0.0,0.0,32.0,1,2023,1,18
0.0,0.0,37.0,1,2023,1,18
0.0,0.0,38.0,1,2023,1,18
0.0,0.0,39.0,1,2023,1,18
0.0,0.0,44.0,1,2023,1,18
0.0,0.0,5.0,2,2023,1,18
0.0,0.0,9.0,2,2023,1,18
0.0,0.0,11.0,2,2023,1,18
0.0,0.0,13.0,2,2023,1,18
0.6081050038337708,0.0,25.0,2,2023,1,18
0.0,0.0,29.0,2,2023,1,18
0.0,0.0999999120831489,30.0,2,2023,1,18
0.0,0.0,32.0,2,2023,1,18
0.0,0.0,37.0,2,2023,1,18
0.0,0.0,38.0,2,2023,1,18
0.0,0.0,39.0,2,2023,1,18
0.2376641780138015,0.5,44.0,2,2023,1,18
0.0,0.0,5.0,3,2023,1,18
0.0,0.0,9.0,3,2023,1,18
0.0,0.0,11.0,3,2023,1,18
0.0,0.0,13.0,3,2023,1,18
0.0,0.0,25.0,3,2023,1,18
0.0,0.0,29.0,3,2023,1,18
0.0,0.0,30.0,3,2023,1,18
0.0,0.0,32.0,3,2023,1,18
0.0,0.0,37.0,3,2023,1,18
0.0,0.0,38.0,3,2023,1,18
0.0,0.0,39.0,3,2023,1,18
0.0,0.0,44.0,3,2023,1,18
0.0,0.0,5.0,4,2023,1,18
0.0,0.0,9.0,4,2023,1,18
0.0,0.0,11.0,4,2023,1,18
0.0,0.0,13.0,4,2023,1,18
0.0,0.0,25.0,4,2023,1,18
0.0,0.0,29.0,4,2023,1,18
0.0,0.0,30.0,4,2023,1,18
0.0,0.0,32.0,4,2023,1,18
0.0,0.0,37.0,4,2023,1,18
0.0,0.0,38.0,4,2023,1,18
0.0,0.0,39.0,4,2023,1,18
0.0,0.0,44.0,4,2023,1,18
0.0,0.0,5.0,5,2023,1,18
0.0,0.0,9.0,5,2023,1,18
0.0,0.0999999120831489,11.0,5,2023,1,18
0.0,0.0,13.0,5,2023,1,18
0.0,0.0,25.0,5,2023,1,18
0.0,0.0,29.0,5,2023,1,18
0.0,0.0,30.0,5,2023,1,18
0.0,0.0,32.0,5,2023,1,18
0.0,0.0,37.0,5,2023,1,18
0.0,0.0,38.0,5,2023,1,18
0.0,0.0,39.0,5,2023,1,18
0.0,0.0,44.0,5,2023,1,18
0.0,0.0,5.0,6,2023,1,18
0.0,0.0,9.0,6,2023,1,18
0.0,0.0,11.0,6,2023,1,18
0.0,0.0,13.0,6,2023,1,18
0.0,0.0,25.0,6,2023,1,18
0.0,0.0,29.0,6,2023,1,18
0.0,0.0,30.0,6,2023,1,18
0.0,0.0,32.0,6,2023,1,18
0.0,0.0,37.0,6,2023,1,18
0.0,0.0,38.0,6,2023,1,18
0.0,0.0,39.0,6,2023,1,18
2.190724849700928,0.9999998807907104,44.0,6,2023,1,18
0.0,0.0,5.0,7,2023,1,18
0.0,0.0,9.0,7,2023,1,18
0.0,0.0,11.0,7,2023,1,18
0.0,0.0,13.0,7,2023,1,18
0.0,0.0,25.0,7,2023,1,18
0.0,0.0,29.0,7,2023,1,18
0.0,0.0,30.0,7,2023,1,18
0.0,0.0,32.0,7,2023,1,18
0.0,0.0,37.0,7,2023,1,18
0.0,0.0,38.0,7,2023,1,18
0.0,0.0,39.0,7,2023,1,18
0.6455683708190918,0.0,44.0,7,2023,1,18
0.0,0.0,5.0,1,2023,1,22
0.0,0.0,9.0,1,2023,1,22
0.0,0.0999999120831489,11.0,1,2023,1,22
0.0,0.0,13.0,1,2023,1,22
0.0,0.0,25.0,1,2023,1,22
0.0,0.0,29.0,1,2023,1,22
0.0,0.0,30.0,1,2023,1,22
0.0,0.0,32.0,1,2023,1,22
0.0,0.0,37.0,1,2023,1,22
0.0,0.0,38.0,1,2023,1,22
0.0,0.0,39.0,1,2023,1,22
0.0,0.0,44.0,1,2023,1,22
0.0,0.0,5.0,2,2023,1,22
0.0,0.0,9.0,2,2023,1,22
0.0,0.0,11.0,2,2023,1,22
0.0,0.0,13.0,2,2023,1,22
0.0,0.0,25.0,2,2023,1,22
0.0,0.0,29.0,2,2023,1,22
0.0,0.0,30.0,2,2023,1,22
0.0,0.0,32.0,2,2023,1,22
0.0,0.0,37.0,2,2023,1,22
0.0,0.0,38.0,2,2023,1,22
0.0,0.0,39.0,2,2023,1,22
2.9674923419952397,0.9999998807907104,44.0,2,2023,1,22
0.0,0.0,5.0,3,2023,1,22
0.0,0.0,9.0,3,2023,1,22
0.0,0.0,11.0,3,2023,1,22
0.0,0.0,13.0,3,2023,1,22
0.0,0.0,25.0,3,2023,1,22
0.0,0.0,29.0,3,2023,1,22
0.0,0.0,30.0,3,2023,1,22
0.0,0.0,32.0,3,2023,1,22
0.0,0.0,37.0,3,2023,1,22
0.0,0.0,38.0,3,2023,1,22
0.0,0.0,39.0,3,2023,1,22
0.0,0.0,44.0,3,2023,1,22
0.0,0.0,5.0,4,2023,1,22
0.0,0.0,9.0,4,2023,1,22
0.0,0.0,11.0,4,2023,1,22
0.0,0.0,13.0,4,2023,1,22
0.0,0.0,25.0,4,2023,1,22
0.0,0.0,29.0,4,2023,1,22
0.0,0.0,30.0,4,2023,1,22
0.0,0.0,32.0,4,2023,1,22
0.0,0.0,37.0,4,2023,1,22
0.0,0.0,38.0,4,2023,1,22
0.0,0.0,39.0,4,2023,1,22
0.0,0.0,44.0,4,2023,1,22
0.0,0.0,5.0,5,2023,1,22
0.0,0.0,9.0,5,2023,1,22
0.0,0.0,11.0,5,2023,1,22
0.0,0.0,13.0,5,2023,1,22
0.0,0.0,25.0,5,2023,1,22
0.0,0.0,29.0,5,2023,1,22
0.0,0.0,30.0,5,2023,1,22
0.0,0.0,32.0,5,2023,1,22
0.0,0.0,37.0,5,2023,1,22
0.0,0.0,38.0,5,2023,1,22
0.0,0.0,39.0,5,2023,1,22
2.0833256244659424,0.9999998807907104,44.0,5,2023,1,22
0.0,0.0,5.0,6,2023,1,22
0.0,0.0,9.0,6,2023,1,22
0.0,0.0,11.0,6,2023,1,22
0.0,0.2000000178813934,13.0,6,2023,1,22
0.4841654598712921,0.0,25.0,6,2023,1,22
0.0,0.0,29.0,6,2023,1,22
0.0,0.0,30.0,6,2023,1,22
0.0,0.0,32.0,6,2023,1,22
0.0,0.0,37.0,6,2023,1,22
0.0,0.0,38.0,6,2023,1,22
0.0,0.0,39.0,6,2023,1,22
0.0,0.9999998807907104,44.0,6,2023,1,22
0.0,0.0,5.0,7,2023,1,22
0.0,0.0,9.0,7,2023,1,22
0.0,0.0,11.0,7,2023,1,22
0.0,0.0,13.0,7,2023,1,22
1.218674898147583,0.0,25.0,7,2023,1,22
0.0,0.0,29.0,7,2023,1,22
0.0,0.0,30.0,7,2023,1,22
0.0,0.0,32.0,7,2023,1,22
0.0,0.0,37.0,7,2023,1,22
0.0,0.0,38.0,7,2023,1,22
0.0,0.0,39.0,7,2023,1,22
0.0,0.0,44.0,7,2023,1,22
0.0,0.0,5.0,1,2023,1,25
0.0,0.0,9.0,1,2023,1,25
0.0,0.0,11.0,1,2023,1,25
0.0,0.0,13.0,1,2023,1,25
0.0,0.0,25.0,1,2023,1,25
0.0,0.0,29.0,1,2023,1,25
0.0,0.0,30.0,1,2023,1,25
0.0,0.0,32.0,1,2023,1,25
0.0,0.0,37.0,1,2023,1,25
0.0,0.0,38.0,1,2023,1,25
0.0,0.0,39.0,1,2023,1,25
0.0,0.0,44.0,1,2023,1,25
0.0,0.0,5.0,2,2023,1,25
0.0,0.0,9.0,2,2023,1,25
0.0,0.0,11.0,2,2023,1,25
0.0,0.0,13.0,2,2023,1,25
0.0,0.0,25.0,2,2023,1,25
0.0,0.0,29.0,2,2023,1,25
0.0,0.0,30.0,2,2023,1,25
0.0,0.0,32.0,2,2023,1,25
0.0,0.0,37.0,2,2023,1,25
0.0,0.0,38.0,2,2023,1,25
0.0,0.0,39.0,2,2023,1,25
3.116278648376465,0.9999998807907104,44.0,2,2023,1,25
0.0,0.0,5.0,3,2023,1,25
1.1080750226974487,0.0,9.0,3,2023,1,25
0.0,0.0,11.0,3,2023,1,25
1.0774911642074585,0.2000000178813934,13.0,3,2023,1,25
0.4241520166397095,0.0,25.0,3,2023,1,25
0.0,0.0,29.0,3,2023,1,25
0.0,0.0,30.0,3,2023,1,25
0.0,0.0,32.0,3,2023,1,25
0.0,0.0,37.0,3,2023,1,25
0.0,0.0,38.0,3,2023,1,25
0.0,0.0,39.0,3,2023,1,25
0.3525926470756531,0.9999998807907104,44.0,3,2023,1,25
0.0,0.0,5.0,4,2023,1,25
1.4445531368255615,0.0,9.0,4,2023,1,25
1.111931085586548,0.0,11.0,4,2023,1,25
1.6628713607788086,0.0,13.0,4,2023,1,25
1.1113356351852417,0.0,25.0,4,2023,1,25
0.0,0.0,29.0,4,2023,1,25
0.0,0.0,30.0,4,2023,1,25
0.0,0.0,32.0,4,2023,1,25
0.0,0.0,37.0,4,2023,1,25
0.0,0.0,38.0,4,2023,1,25
0.0,0.0,39.0,4,2023,1,25
0.0,0.0,44.0,4,2023,1,25
0.0,0.0,5.0,5,2023,1,25
0.0,0.0,9.0,5,2023,1,25
0.0,0.0,11.0,5,2023,1,25
0.0,0.0,13.0,5,2023,1,25
0.0,0.0,25.0,5,2023,1,25
0.0,0.0,29.0,5,2023,1,25
0.0,0.0,30.0,5,2023,1,25
0.0,0.0,32.0,5,2023,1,25
0.0,0.0,37.0,5,2023,1,25
0.0,0.0,38.0,5,2023,1,25
0.0,0.0,39.0,5,2023,1,25
0.0,0.0,44.0,5,2023,1,25
0.0,0.0,5.0,6,2023,1,25
0.0,0.0,9.0,6,2023,1,25
0.0,0.0,11.0,6,2023,1,25
0.0,0.0,13.0,6,2023,1,25
0.0,0.0,25.0,6,2023,1,25
0.0,0.0,29.0,6,2023,1,25
0.0,0.0,30.0,6,2023,1,25
0.0,0.0,32.0,6,2023,1,25
0.0,0.0,37.0,6,2023,1,25
0.0,0.0,38.0,6,2023,1,25
0.0,0.0,39.0,6,2023,1,25
0.0,0.0,44.0,6,2023,1,25
0.0,0.0,5.0,7,2023,1,25
0.0,0.0,9.0,7,2023,1,25
0.0,0.0,11.0,7,2023,1,25
0.0,0.0,13.0,7,2023,1,25
0.0,0.0,25.0,7,2023,1,25
0.0,0.0,29.0,7,2023,1,25
0.0,0.0,30.0,7,2023,1,25
0.0,0.0,32.0,7,2023,1,25
0.0,0.0,37.0,7,2023,1,25
0.0,0.0,38.0,7,2023,1,25
0.0,0.0,39.0,7,2023,1,25
0.0,0.0,44.0,7,2023,1,25
0.0,0.0,5.0,1,2023,1,29
0.0,0.0,9.0,1,2023,1,29
0.0,0.0,11.0,1,2023,1,29
0.0,0.0,13.0,1,2023,1,29
0.0,0.0,25.0,1,2023,1,29
0.0,0.0,29.0,1,2023,1,29
0.0,0.0,30.0,1,2023,1,29
0.0,0.0,32.0,1,2023,1,29
0.0,0.0,37.0,1,2023,1,29
0.0,0.0,38.0,1,2023,1,29
0.0,0.0,39.0,1,2023,1,29
0.0,0.0,44.0,1,2023,1,29
0.0,0.0,5.0,2,2023,1,29
0.0,0.0,9.0,2,2023,1,29
0.0,0.0,11.0,2,2023,1,29
0.0,0.0,13.0,2,2023,1,29
0.0,0.0,25.0,2,2023,1,29
0.0,0.0,29.0,2,2023,1,29
0.0,0.0,30.0,2,2023,1,29
0.0,0.0,32.0,2,2023,1,29
0.0,0.0,37.0,2,2023,1,29
0.0,0.0,38.0,2,2023,1,29
0.0,0.0,39.0,2,2023,1,29
0.0,0.0,44.0,2,2023,1,29
0.0,0.0,5.0,3,2023,1,29
0.0,0.0,9.0,3,2023,1,29
0.0,0.0,11.0,3,2023,1,29
0.0,0.0,13.0,3,2023,1,29
0.0,0.0,25.0,3,2023,1,29
0.0,0.0,29.0,3,2023,1,29
0.0,0.0,30.0,3,2023,1,29
0.0,0.0,32.0,3,2023,1,29
0.0,0.0,37.0,3,2023,1,29
0.0,0.0,38.0,3,2023,1,29
0.0,0.0,39.0,3,2023,1,29
0.0,0.0,44.0,3,2023,1,29
0.0,0.0,5.0,4,2023,1,29
0.0,0.0,9.0,4,2023,1,29
0.0,0.0,11.0,4,2023,1,29
0.0,0.0,13.0,4,2023,1,29
0.0,0.0,25.0,4,2023,1,29
0.0,0.0,29.0,4,2023,1,29
0.0,0.0,30.0,4,2023,1,29
0.0,0.0,32.0,4,2023,1,29
0.0,0.0,37.0,4,2023,1,29
0.0,0.0,38.0,4,2023,1,29
0.0,0.0,39.0,4,2023,1,29
0.0,0.0,44.0,4,2023,1,29
0.0,0.0,5.0,5,2023,1,29
0.0,0.0,9.0,5,2023,1,29
0.0,0.0,11.0,5,2023,1,29
0.0,0.0,13.0,5,2023,1,29
0.0,0.0,25.0,5,2023,1,29
0.0,0.0,29.0,5,2023,1,29
0.0,0.0,30.0,5,2023,1,29
0.0,0.0,32.0,5,2023,1,29
0.0,0.0,37.0,5,2023,1,29
0.0,0.0,38.0,5,2023,1,29
0.0,0.0,39.0,5,2023,1,29
1.5503044128417969,0.0,44.0,5,2023,1,29
0.0,0.0,5.0,6,2023,1,29
0.0,11.0,9.0,6,2023,1,29
0.0,0.8999999761581421,11.0,6,2023,1,29
0.0,13.000000953674316,13.0,6,2023,1,29
0.1394791901111602,0.0,25.0,6,2023,1,29
0.0,0.0,29.0,6,2023,1,29
0.0,0.0,30.0,6,2023,1,29
0.0,0.0,32.0,6,2023,1,29
0.0,0.0,37.0,6,2023,1,29
0.0,0.0,38.0,6,2023,1,29
0.0,0.0,39.0,6,2023,1,29
0.3063361346721649,0.2000000178813934,44.0,6,2023,1,29
0.0,30.0000057220459,5.0,7,2023,1,29
0.0,17.0,9.0,7,2023,1,29
0.0,0.2000000178813934,11.0,7,2023,1,29
0.0,19.0,13.0,7,2023,1,29
1.1051737070083618,19.99999618530273,25.0,7,2023,1,29
0.0,7.0,29.0,7,2023,1,29
1.074002981185913,10.000000953674316,30.0,7,2023,1,29
1.873759627342224,11.0,32.0,7,2023,1,29
0.0,7.0,37.0,7,2023,1,29
0.0,5.999999523162842,38.0,7,2023,1,29
0.9624218940734864,0.0,39.0,7,2023,1,29
2.273887634277344,0.0,44.0,7,2023,1,29
0.0,0.0,5.0,1,2023,2,1
0.0,0.0,9.0,1,2023,2,1
0.0,0.0,11.0,1,2023,2,1
0.0,0.0,13.0,1,2023,2,1
0.0,0.0,25.0,1,2023,2,1
0.0,0.0,29.0,1,2023,2,1
0.0,0.0,30.0,1,2023,2,1
0.0,0.0,32.0,1,2023,2,1
0.0,0.0,37.0,1,2023,2,1
0.0,0.0,38.0,1,2023,2,1
0.0,0.0,39.0,1,2023,2,1
0.0,0.0,44.0,1,2023,2,1
0.0,0.0,5.0,2,2023,2,1
0.0,0.0,9.0,2,2023,2,1
0.0,0.0,11.0,2,2023,2,1
0.0,0.0,13.0,2,2023,2,1
0.0,0.0,25.0,2,2023,2,1
0.0,0.0,29.0,2,2023,2,1
0.0,0.0,30.0,2,2023,2,1
0.0,0.0,32.0,2,2023,2,1
0.0,0.0,37.0,2,2023,2,1
0.0,0.0,38.0,2,2023,2,1
0.0,0.0,39.0,2,2023,2,1
2.587975025177002,0.0,44.0,2,2023,2,1
0.9672101736068726,0.0,5.0,3,2023,2,1
2.49353575706482,11.0,9.0,3,2023,2,1
2.059149742126465,0.8999999761581421,11.0,3,2023,2,1
2.116767406463623,13.000000953674316,13.0,3,2023,2,1
0.8354006409645081,0.0,25.0,3,2023,2,1
0.0,0.0,29.0,3,2023,2,1
0.8741359710693359,0.0,30.0,3,2023,2,1
0.9346009492874146,0.0,32.0,3,2023,2,1
0.0,0.0,37.0,3,2023,2,1
0.0,0.0,38.0,3,2023,2,1
0.0,0.0,39.0,3,2023,2,1
0.3870414793491363,0.2000000178813934,44.0,3,2023,2,1
4.947978973388672,30.0000057220459,5.0,4,2023,2,1
8.05521011352539,17.0,9.0,4,2023,2,1
6.882606506347656,0.2000000178813934,11.0,4,2023,2,1
7.992816925048828,19.0,13.0,4,2023,2,1
4.95704460144043,19.99999618530273,25.0,4,2023,2,1
5.049757480621338,7.0,29.0,4,2023,2,1
4.637261867523193,10.000000953674316,30.0,4,2023,2,1
4.06926155090332,11.0,32.0,4,2023,2,1
3.5848910808563232,7.0,37.0,4,2023,2,1
3.5236716270446777,5.999999523162842,38.0,4,2023,2,1
2.413156032562256,0.0,39.0,4,2023,2,1
2.956834316253662,0.0,44.0,4,2023,2,1
1.278498888015747,0.9999998807907104,5.0,5,2023,2,1
3.354128837585449,3.0,9.0,5,2023,2,1
1.8785529136657717,28.9999942779541,11.0,5,2023,2,1
2.7419633865356445,20.99999618530273,13.0,5,2023,2,1
1.65398907661438,0.0,25.0,5,2023,2,1
0.0,0.0,29.0,5,2023,2,1
1.9198423624038696,5.0,30.0,5,2023,2,1
0.0,8.0,32.0,5,2023,2,1
0.0,1.3000000715255735,37.0,5,2023,2,1
0.0,0.0,38.0,5,2023,2,1
0.0,8.0,39.0,5,2023,2,1
0.7292969822883606,3.0,44.0,5,2023,2,1
0.0,0.0,5.0,6,2023,2,1
0.0,0.0,9.0,6,2023,2,1
0.0,0.0,11.0,6,2023,2,1
0.0,0.0,13.0,6,2023,2,1
0.0,0.0,25.0,6,2023,2,1
0.0,0.0,29.0,6,2023,2,1
0.0,0.0,30.0,6,2023,2,1
0.0,0.0,32.0,6,2023,2,1
0.0,0.0,37.0,6,2023,2,1
0.0,0.0,38.0,6,2023,2,1
0.0,0.0,39.0,6,2023,2,1
0.0,0.0999999120831489,44.0,6,2023,2,1
0.0,0.0,5.0,7,2023,2,1
0.0,0.0,9.0,7,2023,2,1
0.0,0.0,11.0,7,2023,2,1
0.0,0.0,13.0,7,2023,2,1
0.0,0.0,25.0,7,2023,2,1
0.0,0.0,29.0,7,2023,2,1
0.0,0.0,30.0,7,2023,2,1
0.0,0.0,32.0,7,2023,2,1
0.0,0.0,37.0,7,2023,2,1
0.0,0.0,38.0,7,2023,2,1
0.0,0.0,39.0,7,2023,2,1
0.0,0.0,44.0,7,2023,2,1
0.9699021577835084,0.9999998807907104,5.0,1,2023,2,5
3.7602035999298096,3.0,9.0,1,2023,2,5
2.0294976234436035,28.9999942779541,11.0,1,2023,2,5
2.958607912063598,20.99999618530273,13.0,1,2023,2,5
1.7219200134277344,0.0,25.0,1,2023,2,5
0.0,0.0,29.0,1,2023,2,5
2.0900416374206543,5.0,30.0,1,2023,2,5
1.7137905359268188,8.0,32.0,1,2023,2,5
1.2093697786331177,1.3000000715255735,37.0,1,2023,2,5
0.0,0.0,38.0,1,2023,2,5
0.6572647094726562,8.0,39.0,1,2023,2,5
1.2708489894866943,3.0,44.0,1,2023,2,5
0.0,0.0,5.0,2,2023,2,5
0.0,0.0,9.0,2,2023,2,5
0.0,0.0,11.0,2,2023,2,5
0.0,0.0,13.0,2,2023,2,5
0.0,0.0,25.0,2,2023,2,5
0.0,0.0,29.0,2,2023,2,5
0.0,0.0,30.0,2,2023,2,5
0.0,0.0,32.0,2,2023,2,5
0.0,0.0,37.0,2,2023,2,5
0.0,0.0,38.0,2,2023,2,5
0.0,0.0,39.0,2,2023,2,5
0.90215802192688,0.0999999120831489,44.0,2,2023,2,5
0.0,0.0,5.0,3,2023,2,5
0.0,0.0,9.0,3,2023,2,5
0.0,0.0,11.0,3,2023,2,5
0.0,0.0,13.0,3,2023,2,5
0.0,0.0,25.0,3,2023,2,5
0.0,0.0,29.0,3,2023,2,5
0.0,0.0,30.0,3,2023,2,5
0.0,0.0,32.0,3,2023,2,5
0.0,0.0,37.0,3,2023,2,5
0.0,0.0,38.0,3,2023,2,5
0.0,0.0,39.0,3,2023,2,5
1.3949919939041138,0.0,44.0,3,2023,2,5
0.0,0.0,5.0,4,2023,2,5
0.0,0.0,9.0,4,2023,2,5
0.0,0.0,11.0,4,2023,2,5
0.0,0.0,13.0,4,2023,2,5
0.0,0.0,25.0,4,2023,2,5
0.0,0.0,29.0,4,2023,2,5
0.0,0.0,30.0,4,2023,2,5
0.0,0.0,32.0,4,2023,2,5
0.0,0.0,37.0,4,2023,2,5
0.0,0.0,38.0,4,2023,2,5
0.0,0.0,39.0,4,2023,2,5
1.227278470993042,0.0,44.0,4,2023,2,5
0.0,0.0,5.0,5,2023,2,5
0.0,0.0,9.0,5,2023,2,5
0.0,0.0,11.0,5,2023,2,5
0.0,0.0,13.0,5,2023,2,5
0.0,0.0,25.0,5,2023,2,5
0.0,0.0,29.0,5,2023,2,5
0.0,0.0,30.0,5,2023,2,5
0.0,0.0,32.0,5,2023,2,5
0.0,0.0,37.0,5,2023,2,5
0.0,0.0,38.0,5,2023,2,5
0.0,0.0,39.0,5,2023,2,5
1.2782223224639893,0.0,44.0,5,2023,2,5
0.0,0.0,5.0,6,2023,2,5
0.0,0.0,9.0,6,2023,2,5
0.0,0.0,11.0,6,2023,2,5
0.0,0.0,13.0,6,2023,2,5
0.0,0.0,25.0,6,2023,2,5
0.0,0.0,29.0,6,2023,2,5
0.0,0.0,30.0,6,2023,2,5
0.0,0.0,32.0,6,2023,2,5
0.0,0.0,37.0,6,2023,2,5
0.0,0.0,38.0,6,2023,2,5
0.0,0.0,39.0,6,2023,2,5
1.4277678728103638,0.0,44.0,6,2023,2,5
0.0,0.0,5.0,7,2023,2,5
0.0,0.0,9.0,7,2023,2,5
0.0,0.0,11.0,7,2023,2,5
0.0,0.0,13.0,7,2023,2,5
0.0,0.0,25.0,7,2023,2,5
0.0,0.0,29.0,7,2023,2,5
0.0,0.0,30.0,7,2023,2,5
0.0,0.0,32.0,7,2023,2,5
0.0,0.0,37.0,7,2023,2,5
0.0,0.0,38.0,7,2023,2,5
0.0,0.0,39.0,7,2023,2,5
0.0,0.0,44.0,7,2023,2,5
0.0,0.0,5.0,1,2023,2,8
0.0,0.0,9.0,1,2023,2,8
0.0,0.0,11.0,1,2023,2,8
0.0,0.0,13.0,1,2023,2,8
0.0,0.0,25.0,1,2023,2,8
0.0,0.0,29.0,1,2023,2,8
0.0,0.0,30.0,1,2023,2,8
0.0,0.0,32.0,1,2023,2,8
0.0,0.0,37.0,1,2023,2,8
0.0,0.0,38.0,1,2023,2,8
0.0,0.0,39.0,1,2023,2,8
1.679598689079285,0.0,44.0,1,2023,2,8
0.0,0.0,5.0,2,2023,2,8
0.0,0.0,9.0,2,2023,2,8
0.0,0.0,11.0,2,2023,2,8
0.0,0.0,13.0,2,2023,2,8
0.0,0.0,25.0,2,2023,2,8
0.0,0.0,29.0,2,2023,2,8
0.0,0.0,30.0,2,2023,2,8
0.0,0.0,32.0,2,2023,2,8
0.0,0.0,37.0,2,2023,2,8
0.0,0.0,38.0,2,2023,2,8
0.0,0.0,39.0,2,2023,2,8
1.2432938814163208,0.0,44.0,2,2023,2,8
0.0,0.0,5.0,3,2023,2,8
0.0,0.0,9.0,3,2023,2,8
0.0,0.0,11.0,3,2023,2,8
0.0,0.0,13.0,3,2023,2,8
0.0,0.0,25.0,3,2023,2,8
0.0,0.0,29.0,3,2023,2,8
0.0,0.0,30.0,3,2023,2,8
0.0,0.0,32.0,3,2023,2,8
0.0,0.0,37.0,3,2023,2,8
0.0,0.0,38.0,3,2023,2,8
0.0,0.0,39.0,3,2023,2,8
0.6073275804519653,0.0,44.0,3,2023,2,8
0.0,0.0,5.0,4,2023,2,8
0.0,0.0,9.0,4,2023,2,8
0.0,0.0,11.0,4,2023,2,8
0.0,0.0,13.0,4,2023,2,8
0.0,0.0,25.0,4,2023,2,8
0.0,0.0,29.0,4,2023,2,8
0.0,0.0,30.0,4,2023,2,8
0.0,0.0,32.0,4,2023,2,8
0.0,0.0,37.0,4,2023,2,8
0.0,0.0,38.0,4,2023,2,8
0.0,0.0,39.0,4,2023,2,8
0.0,0.0,44.0,4,2023,2,8
0.0,0.0,5.0,5,2023,2,8
0.0,0.0,9.0,5,2023,2,8
0.0,0.0,11.0,5,2023,2,8
0.0,0.0,13.0,5,2023,2,8
0.0,0.0,25.0,5,2023,2,8
0.0,0.0,29.0,5,2023,2,8
0.0,0.0,30.0,5,2023,2,8
0.0,0.0,32.0,5,2023,2,8
0.0,0.0,37.0,5,2023,2,8
0.0,0.0,38.0,5,2023,2,8
0.0,0.0,39.0,5,2023,2,8
0.0,0.0,44.0,5,2023,2,8
0.0,0.0,5.0,6,2023,2,8
0.0,0.0,9.0,6,2023,2,8
0.0,0.0,11.0,6,2023,2,8
0.0,0.0,13.0,6,2023,2,8
0.0,0.0,25.0,6,2023,2,8
0.0,0.0,29.0,6,2023,2,8
0.0,0.0,30.0,6,2023,2,8
0.0,0.0,32.0,6,2023,2,8
0.0,0.0,37.0,6,2023,2,8
0.0,0.0,38.0,6,2023,2,8
0.0,0.0,39.0,6,2023,2,8
2.9933927059173584,0.0,44.0,6,2023,2,8
0.0,0.0,5.0,7,2023,2,8
0.0,0.0,9.0,7,2023,2,8
0.0,0.0,11.0,7,2023,2,8
0.0,0.0,13.0,7,2023,2,8
0.4288740158081054,0.0,25.0,7,2023,2,8
0.0,0.0,29.0,7,2023,2,8
0.0,0.0,30.0,7,2023,2,8
0.0,0.0999999120831489,32.0,7,2023,2,8
0.0,0.0,37.0,7,2023,2,8
0.0,0.0,38.0,7,2023,2,8
0.0,0.0,39.0,7,2023,2,8
0.8188261389732361,0.6999999284744263,44.0,7,2023,2,8
0.0,0.0,5.0,1,2023,2,12
0.0,0.0,9.0,1,2023,2,12
0.0,0.0,11.0,1,2023,2,12
0.0,0.0,13.0,1,2023,2,12
0.0,0.0,25.0,1,2023,2,12
0.0,0.0,29.0,1,2023,2,12
0.0,0.0,30.0,1,2023,2,12
0.0,0.0,32.0,1,2023,2,12
0.0,0.0,37.0,1,2023,2,12
0.0,0.0,38.0,1,2023,2,12
0.0,0.0,39.0,1,2023,2,12
0.0,0.0,44.0,1,2023,2,12
0.0,0.0,5.0,2,2023,2,12
0.0,0.0,9.0,2,2023,2,12
0.0,0.0,11.0,2,2023,2,12
0.0,0.0,13.0,2,2023,2,12
0.0,0.0,25.0,2,2023,2,12
0.0,0.0,29.0,2,2023,2,12
0.0,0.0,30.0,2,2023,2,12
0.0,0.0,32.0,2,2023,2,12
0.0,0.0,37.0,2,2023,2,12
0.0,0.0,38.0,2,2023,2,12
0.0,0.0,39.0,2,2023,2,12
2.4174225330352783,0.0,44.0,2,2023,2,12
0.0,0.0,5.0,3,2023,2,12
0.0,0.0,9.0,3,2023,2,12
0.0,0.0,11.0,3,2023,2,12
0.0,0.0,13.0,3,2023,2,12
0.0803692117333412,0.0,25.0,3,2023,2,12
0.0,0.0,29.0,3,2023,2,12
0.0,0.0,30.0,3,2023,2,12
0.0,0.0999999120831489,32.0,3,2023,2,12
0.0,0.0,37.0,3,2023,2,12
0.0,0.0,38.0,3,2023,2,12
0.0,0.0,39.0,3,2023,2,12
0.3064427971839905,0.6999999284744263,44.0,3,2023,2,12
0.0,0.0,5.0,4,2023,2,12
0.6630773544311523,0.0,9.0,4,2023,2,12
0.5225900411605835,0.0,11.0,4,2023,2,12
0.9031776785850524,0.0,13.0,4,2023,2,12
0.3456204533576965,0.0999999120831489,25.0,4,2023,2,12
0.0,0.0,29.0,4,2023,2,12
0.0,0.0,30.0,4,2023,2,12
0.0,0.5,32.0,4,2023,2,12
0.0,0.0,37.0,4,2023,2,12
0.0,0.0,38.0,4,2023,2,12
0.0,0.0,39.0,4,2023,2,12
0.2020511627197265,0.0999999120831489,44.0,4,2023,2,12
0.0,0.0,5.0,5,2023,2,12
1.8146896362304688,0.9999998807907104,9.0,5,2023,2,12
0.0,0.3000000715255737,11.0,5,2023,2,12
1.760368824005127,3.0,13.0,5,2023,2,12
0.9972018599510192,0.0,25.0,5,2023,2,12
0.0,0.0,29.0,5,2023,2,12
0.0,0.0,30.0,5,2023,2,12
0.0,0.0,32.0,5,2023,2,12
0.0,0.0,37.0,5,2023,2,12
0.0,0.0,38.0,5,2023,2,12
0.0,0.0,39.0,5,2023,2,12
0.1830268204212188,0.0,44.0,5,2023,2,12
0.0,0.0,5.0,6,2023,2,12
2.752004384994507,0.0,9.0,6,2023,2,12
0.0,0.0,11.0,6,2023,2,12
2.72737979888916,0.0,13.0,6,2023,2,12
1.9337079524993896,0.0,25.0,6,2023,2,12
0.0,0.0,29.0,6,2023,2,12
1.6404213905334473,0.0,30.0,6,2023,2,12
0.0,0.0,32.0,6,2023,2,12
0.0,0.0,37.0,6,2023,2,12
0.0,0.0,38.0,6,2023,2,12
0.0,0.0,39.0,6,2023,2,12
1.2645032405853271,0.0,44.0,6,2023,2,12
0.0,0.0,5.0,7,2023,2,12
0.0,0.0,9.0,7,2023,2,12
0.0,0.0,11.0,7,2023,2,12
0.0,0.0,13.0,7,2023,2,12
0.0,0.0,25.0,7,2023,2,12
0.0,0.0,29.0,7,2023,2,12
0.0,0.0,30.0,7,2023,2,12
0.0,0.0,32.0,7,2023,2,12
0.0,0.0,37.0,7,2023,2,12
0.0,0.0,38.0,7,2023,2,12
0.0,0.0,39.0,7,2023,2,12
1.2381232976913452,0.8999999761581421,44.0,7,2023,2,12
0.0,0.0,5.0,1,2023,2,15
1.1238800287246704,0.0,9.0,1,2023,2,15
0.0,0.0,11.0,1,2023,2,15
1.2971206903457642,0.0,13.0,1,2023,2,15
0.483574628829956,0.0999999120831489,25.0,1,2023,2,15
0.0,0.0,29.0,1,2023,2,15
0.0,0.0,30.0,1,2023,2,15
0.0,0.5,32.0,1,2023,2,15
0.0,0.0,37.0,1,2023,2,15
0.0,0.0,38.0,1,2023,2,15
0.0,0.0,39.0,1,2023,2,15
0.2618046402931213,0.0999999120831489,44.0,1,2023,2,15
1.533300757408142,0.0,5.0,2,2023,2,15
2.57324481010437,0.9999998807907104,9.0,2,2023,2,15
2.4473090171813965,0.3000000715255737,11.0,2,2023,2,15
2.764753580093384,3.0,13.0,2,2023,2,15
1.592745304107666,0.0,25.0,2,2023,2,15
1.4521814584732056,0.0,29.0,2,2023,2,15
0.7280262112617493,0.0,30.0,2,2023,2,15
0.0,0.0,32.0,2,2023,2,15
0.0,0.0,37.0,2,2023,2,15
0.0,0.0,38.0,2,2023,2,15
0.0,0.0,39.0,2,2023,2,15
0.5302610993385315,0.0,44.0,2,2023,2,15
0.6453108787536621,0.0,5.0,3,2023,2,15
1.2781071662902832,0.0,9.0,3,2023,2,15
0.9100785851478576,0.0,11.0,3,2023,2,15
1.3712425231933594,0.0,13.0,3,2023,2,15
0.8918708562850952,0.0,25.0,3,2023,2,15
0.5831415057182312,0.0,29.0,3,2023,2,15
0.5884960889816284,0.0,30.0,3,2023,2,15
0.0,0.0,32.0,3,2023,2,15
0.0,0.0,37.0,3,2023,2,15
0.0,0.0,38.0,3,2023,2,15
0.0,0.0,39.0,3,2023,2,15
0.5166874527931213,0.0,44.0,3,2023,2,15
0.0,0.0,5.0,4,2023,2,15
0.0,0.0,9.0,4,2023,2,15
0.0,0.0,11.0,4,2023,2,15
0.0,0.0,13.0,4,2023,2,15
0.3486547768115997,0.0,25.0,4,2023,2,15
0.0,0.0,29.0,4,2023,2,15
0.187515377998352,0.0,30.0,4,2023,2,15
0.0,0.0,32.0,4,2023,2,15
0.0,0.0,37.0,4,2023,2,15
0.0,0.0,38.0,4,2023,2,15
0.0,0.0,39.0,4,2023,2,15
0.2793082594871521,0.8999999761581421,44.0,4,2023,2,15
0.0,0.0,5.0,5,2023,2,15
0.0,0.0,9.0,5,2023,2,15
0.0,0.0,11.0,5,2023,2,15
1.0638539791107178,0.0,13.0,5,2023,2,15
0.822152853012085,0.0,25.0,5,2023,2,15
0.0,0.0,29.0,5,2023,2,15
1.1748709678649902,0.0,30.0,5,2023,2,15
0.0,0.0,32.0,5,2023,2,15
0.0,0.0,37.0,5,2023,2,15
0.0,0.0,38.0,5,2023,2,15
0.0,0.0,39.0,5,2023,2,15
0.7975149154663086,0.0,44.0,5,2023,2,15
0.0,0.0,5.0,6,2023,2,15
2.516440153121948,0.0,9.0,6,2023,2,15
0.0,0.0,11.0,6,2023,2,15
2.297118663787842,0.0,13.0,6,2023,2,15
1.4392856359481812,0.0,25.0,6,2023,2,15
0.0,0.0,29.0,6,2023,2,15
1.2047206163406372,0.0,30.0,6,2023,2,15
0.0,0.0,32.0,6,2023,2,15
0.0,0.0,37.0,6,2023,2,15
0.0,0.0,38.0,6,2023,2,15
0.0,0.0,39.0,6,2023,2,15
0.9808716177940368,0.0,44.0,6,2023,2,15
1.6276323795318604,0.0,5.0,7,2023,2,15
4.3993072509765625,4.0,9.0,7,2023,2,15
2.617273092269897,2.6000001430511475,11.0,7,2023,2,15
3.952871322631836,7.0,13.0,7,2023,2,15
1.9410767555236816,0.0999999120831489,25.0,7,2023,2,15
0.0,0.0,29.0,7,2023,2,15
1.0355489253997805,0.0,30.0,7,2023,2,15
0.0,0.0,32.0,7,2023,2,15
0.0,0.0,37.0,7,2023,2,15
0.0,0.0,38.0,7,2023,2,15
0.0,0.0,39.0,7,2023,2,15
0.610969603061676,0.0,44.0,7,2023,2,15
0.0,0.0,5.0,1,2023,2,19
0.0,0.0,9.0,1,2023,2,19
0.0,0.0,11.0,1,2023,2,19
0.0,0.0,13.0,1,2023,2,19
1.0635331869125366,0.0,25.0,1,2023,2,19
0.0,0.0,29.0,1,2023,2,19
0.8340083360671997,0.0,30.0,1,2023,2,19
0.0,0.0,32.0,1,2023,2,19
0.0,0.0,37.0,1,2023,2,19
0.0,0.0,38.0,1,2023,2,19
0.0,0.0,39.0,1,2023,2,19
3.0020670890808105,0.0,44.0,1,2023,2,19
0.0,0.0,5.0,2,2023,2,19
1.7227745056152344,0.0,9.0,2,2023,2,19
0.0,0.0,11.0,2,2023,2,19
1.7294310331344604,0.0,13.0,2,2023,2,19
0.9006634950637817,0.0,25.0,2,2023,2,19
0.0,0.0,29.0,2,2023,2,19
0.0,0.0,30.0,2,2023,2,19
0.0,0.0,32.0,2,2023,2,19
0.0,0.0,37.0,2,2023,2,19
0.0,0.0,38.0,2,2023,2,19
0.0,0.0,39.0,2,2023,2,19
0.2279036939144134,0.0,44.0,2,2023,2,19
1.537669658660889,0.0,5.0,3,2023,2,19
4.476237773895264,4.0,9.0,3,2023,2,19
2.7983040809631348,2.6000001430511475,11.0,3,2023,2,19
3.930986642837525,7.0,13.0,3,2023,2,19
1.7233257293701172,0.0999999120831489,25.0,3,2023,2,19
1.016771912574768,0.0,29.0,3,2023,2,19
0.743314266204834,0.0,30.0,3,2023,2,19
0.0,0.0,32.0,3,2023,2,19
0.0,0.0,37.0,3,2023,2,19
0.3279176652431488,0.0,38.0,3,2023,2,19
0.0,0.0,39.0,3,2023,2,19
0.2903366982936859,0.0,44.0,3,2023,2,19
0.0,0.0999999120831489,5.0,4,2023,2,19
2.0321083068847656,0.0,9.0,4,2023,2,19
1.219631314277649,0.0,11.0,4,2023,2,19
1.9061753749847408,0.0,13.0,4,2023,2,19
0.7295935153961182,0.2000000178813934,25.0,4,2023,2,19
0.0,0.0,29.0,4,2023,2,19
0.3990469574928283,0.0,30.0,4,2023,2,19
0.0,0.0,32.0,4,2023,2,19
0.0,0.0,37.0,4,2023,2,19
0.0,0.0,38.0,4,2023,2,19
0.0,0.0,39.0,4,2023,2,19
0.0605628862977027,0.0999999120831489,44.0,4,2023,2,19
0.0,0.0,5.0,5,2023,2,19
1.2514294385910034,0.0,9.0,5,2023,2,19
0.0,0.0,11.0,5,2023,2,19
1.07101309299469,0.0,13.0,5,2023,2,19
0.8796592950820923,0.2000000178813934,25.0,5,2023,2,19
0.0,0.0,29.0,5,2023,2,19
0.8539254665374756,0.0,30.0,5,2023,2,19
0.0,0.0,32.0,5,2023,2,19
0.0,0.0,37.0,5,2023,2,19
0.0,0.0,38.0,5,2023,2,19
0.0,0.0,39.0,5,2023,2,19
0.3129766285419464,0.3000000715255737,44.0,5,2023,2,19
0.0,0.0,5.0,6,2023,2,19
0.0,0.0,9.0,6,2023,2,19
0.0,0.0,11.0,6,2023,2,19
0.0,1.999999761581421,13.0,6,2023,2,19
0.4260484576225281,0.0999999120831489,25.0,6,2023,2,19
0.0,0.0,29.0,6,2023,2,19
0.3418329656124115,0.0,30.0,6,2023,2,19
0.0,0.0,32.0,6,2023,2,19
0.0,0.0,37.0,6,2023,2,19
0.0,0.0,38.0,6,2023,2,19
0.0,0.0,39.0,6,2023,2,19
1.5351862907409668,2.1000001430511475,44.0,6,2023,2,19
0.0,0.0,5.0,7,2023,2,19
2.157473564147949,0.0,9.0,7,2023,2,19
0.0,0.0,11.0,7,2023,2,19
2.251877784729004,0.0,13.0,7,2023,2,19
1.2143127918243408,0.0,25.0,7,2023,2,19
0.0,0.0,29.0,7,2023,2,19
0.0,0.0,30.0,7,2023,2,19
0.0,0.0,32.0,7,2023,2,19
0.0,0.0,37.0,7,2023,2,19
0.0,0.0,38.0,7,2023,2,19
0.0,0.0,39.0,7,2023,2,19
0.5758172273635864,0.0,44.0,7,2023,2,19
0.0,0.0999999120831489,5.0,1,2023,2,22
1.6721978187561035,0.0,9.0,1,2023,2,22
0.0,0.0,11.0,1,2023,2,22
1.439157009124756,0.0,13.0,1,2023,2,22
0.6763853430747986,0.2000000178813934,25.0,1,2023,2,22
0.0,0.0,29.0,1,2023,2,22
0.0,0.0,30.0,1,2023,2,22
0.0,0.0,32.0,1,2023,2,22
0.0,0.0,37.0,1,2023,2,22
0.0,0.0,38.0,1,2023,2,22
0.0,0.0,39.0,1,2023,2,22
0.1989253014326095,0.0999999120831489,44.0,1,2023,2,22
0.0,0.0,5.0,2,2023,2,22
0.0,0.0,9.0,2,2023,2,22
0.0,0.0,11.0,2,2023,2,22
0.0,0.0,13.0,2,2023,2,22
0.3250629305839538,0.2000000178813934,25.0,2,2023,2,22
0.0,0.0,29.0,2,2023,2,22
0.0,0.0,30.0,2,2023,2,22
0.0,0.0,32.0,2,2023,2,22
0.0,0.0,37.0,2,2023,2,22
0.0,0.0,38.0,2,2023,2,22
0.0,0.0,39.0,2,2023,2,22
0.4054877758026123,0.3000000715255737,44.0,2,2023,2,22
0.0,0.0,5.0,3,2023,2,22
0.0,0.0,9.0,3,2023,2,22
0.0,0.0,11.0,3,2023,2,22
0.0,1.999999761581421,13.0,3,2023,2,22
0.4439177513122558,0.0999999120831489,25.0,3,2023,2,22
0.0,0.0,29.0,3,2023,2,22
0.4861276745796203,0.0,30.0,3,2023,2,22
0.0,0.0,32.0,3,2023,2,22
0.0,0.0,37.0,3,2023,2,22
0.0,0.0,38.0,3,2023,2,22
0.0,0.0,39.0,3,2023,2,22
1.322276592254639,2.1000001430511475,44.0,3,2023,2,22
0.0,0.0,5.0,4,2023,2,22
2.392727851867676,0.0,9.0,4,2023,2,22
2.0352916717529297,0.0,11.0,4,2023,2,22
2.6821653842926025,0.0,13.0,4,2023,2,22
1.486215591430664,0.0,25.0,4,2023,2,22
0.0,0.0,29.0,4,2023,2,22
0.0,0.0,30.0,4,2023,2,22
0.0,0.0,32.0,4,2023,2,22
0.0,0.0,37.0,4,2023,2,22
0.0,0.0,38.0,4,2023,2,22
0.0,0.0,39.0,4,2023,2,22
0.5221628546714783,0.0,44.0,4,2023,2,22
0.0,0.0,5.0,5,2023,2,22
0.0,0.0,9.0,5,2023,2,22
0.0,0.0,11.0,5,2023,2,22
0.0,0.0,13.0,5,2023,2,22
1.6837341785430908,0.0,25.0,5,2023,2,22
0.0,0.0,29.0,5,2023,2,22
0.0,0.0,30.0,5,2023,2,22
0.0,0.0,32.0,5,2023,2,22
0.0,0.0,37.0,5,2023,2,22
0.0,0.0,38.0,5,2023,2,22
0.0,0.0,39.0,5,2023,2,22
0.0,0.0,44.0,5,2023,2,22
0.0,0.0,5.0,6,2023,2,22
0.0,0.0,9.0,6,2023,2,22
0.0,0.0,11.0,6,2023,2,22
0.0,0.0,13.0,6,2023,2,22
0.0,0.0,25.0,6,2023,2,22
0.0,0.0,29.0,6,2023,2,22
0.0,0.0,30.0,6,2023,2,22
0.0,0.0,32.0,6,2023,2,22
0.0,0.0,37.0,6,2023,2,22
0.0,0.0,38.0,6,2023,2,22
0.0,0.0,39.0,6,2023,2,22
0.0,0.0,44.0,6,2023,2,22
0.0,0.0,5.0,7,2023,2,22
0.0,0.0,9.0,7,2023,2,22
0.0,0.0,11.0,7,2023,2,22
0.0,0.0,13.0,7,2023,2,22
0.0,0.0,25.0,7,2023,2,22
0.0,0.0,29.0,7,2023,2,22
0.0,0.0,30.0,7,2023,2,22
0.0,0.0,32.0,7,2023,2,22
0.0,0.0,37.0,7,2023,2,22
0.0,0.0,38.0,7,2023,2,22
0.0,0.0,39.0,7,2023,2,22
0.0,0.0,44.0,7,2023,2,22
0.0,0.0,5.0,1,2023,2,26
0.0,0.0,9.0,1,2023,2,26
0.0,0.0,11.0,1,2023,2,26
0.0,0.0,13.0,1,2023,2,26
0.0,0.0,25.0,1,2023,2,26
0.0,0.0,29.0,1,2023,2,26
0.0,0.0,30.0,1,2023,2,26
0.0,0.0,32.0,1,2023,2,26
0.0,0.0,37.0,1,2023,2,26
0.0,0.0,38.0,1,2023,2,26
0.0,0.0,39.0,1,2023,2,26
0.0,0.0,44.0,1,2023,2,26
0.0,0.0,5.0,2,2023,2,26
0.0,0.0,9.0,2,2023,2,26
0.0,0.0,11.0,2,2023,2,26
0.0,0.0,13.0,2,2023,2,26
0.0,0.0,25.0,2,2023,2,26
0.0,0.0,29.0,2,2023,2,26
0.0,0.0,30.0,2,2023,2,26
0.0,0.0,32.0,2,2023,2,26
0.0,0.0,37.0,2,2023,2,26
0.0,0.0,38.0,2,2023,2,26
0.0,0.0,39.0,2,2023,2,26
0.0,0.0,44.0,2,2023,2,26
0.0,0.0,5.0,3,2023,2,26
0.0,0.0,9.0,3,2023,2,26
0.0,0.0,11.0,3,2023,2,26
0.0,0.0,13.0,3,2023,2,26
0.0,0.0,25.0,3,2023,2,26
0.0,0.0,29.0,3,2023,2,26
0.0,0.0,30.0,3,2023,2,26
0.0,0.0,32.0,3,2023,2,26
0.0,0.0,37.0,3,2023,2,26
0.0,0.0,38.0,3,2023,2,26
0.0,0.0,39.0,3,2023,2,26
0.0,0.0,44.0,3,2023,2,26
0.0,0.0,5.0,4,2023,2,26
0.0,0.0,9.0,4,2023,2,26
0.0,0.0,11.0,4,2023,2,26
0.0,0.0,13.0,4,2023,2,26
0.0,0.0,25.0,4,2023,2,26
0.0,0.0,29.0,4,2023,2,26
0.0,0.0,30.0,4,2023,2,26
0.0,0.0,32.0,4,2023,2,26
0.0,0.0,37.0,4,2023,2,26
0.0,0.0,38.0,4,2023,2,26
0.0,0.0,39.0,4,2023,2,26
1.6844682693481443,0.5,44.0,4,2023,2,26
0.0,0.0,5.0,5,2023,2,26
0.8123079538345337,0.0,9.0,5,2023,2,26
0.0,0.0,11.0,5,2023,2,26
0.8219490051269531,0.0,13.0,5,2023,2,26
0.4185578823089599,0.0,25.0,5,2023,2,26
0.0,0.0,29.0,5,2023,2,26
0.2780824899673462,0.0,30.0,5,2023,2,26
0.0,0.0,32.0,5,2023,2,26
0.0,0.0,37.0,5,2023,2,26
0.0,0.0,38.0,5,2023,2,26
0.0,0.0,39.0,5,2023,2,26
0.1039717718958854,0.0,44.0,5,2023,2,26
0.0,0.5999999046325684,5.0,6,2023,2,26
3.1861672401428223,0.9999998807907104,9.0,6,2023,2,26
1.7661685943603516,1.999999761581421,11.0,6,2023,2,26
2.5026369094848637,0.2000000178813934,13.0,6,2023,2,26
1.1747318506240845,0.800000011920929,25.0,6,2023,2,26
0.0,0.9999998807907104,29.0,6,2023,2,26
0.0,0.0,30.0,6,2023,2,26
0.0,0.2000000178813934,32.0,6,2023,2,26
0.0,0.0,37.0,6,2023,2,26
0.0,0.9999998807907104,38.0,6,2023,2,26
0.0,0.5,39.0,6,2023,2,26
0.2336713969707489,0.9999998807907104,44.0,6,2023,2,26
0.0,0.0999999120831489,5.0,7,2023,2,26
2.761634826660156,0.0,9.0,7,2023,2,26
1.9750617742538448,0.0,11.0,7,2023,2,26
2.773521900177002,0.0,13.0,7,2023,2,26
1.5188637971878052,0.0999999120831489,25.0,7,2023,2,26
0.0,0.9999998807907104,29.0,7,2023,2,26
0.0,0.0,30.0,7,2023,2,26
0.0,0.0,32.0,7,2023,2,26
0.0,0.0,37.0,7,2023,2,26
0.0,0.0,38.0,7,2023,2,26
0.0,0.0,39.0,7,2023,2,26
0.49744912981987,0.0,44.0,7,2023,2,26
0.0,0.0,5.0,1,2023,2,29
0.0,0.0,9.0,1,2023,2,29
0.0,0.0,11.0,1,2023,2,29
0.0,0.0,13.0,1,2023,2,29
0.0,0.0,25.0,1,2023,2,29
0.0,0.0,29.0,1,2023,2,29
0.0,0.0,30.0,1,2023,2,29
0.0,0.0,32.0,1,2023,2,29
0.0,0.0,37.0,1,2023,2,29
0.0,0.0,38.0,1,2023,2,29
0.0,0.0,39.0,1,2023,2,29
0.0,0.0,44.0,1,2023,2,29
0.0,0.0,5.0,2,2023,2,29
0.0,0.0,9.0,2,2023,2,29
0.0,0.0,11.0,2,2023,2,29
0.0,0.0,13.0,2,2023,2,29
0.0,0.0,25.0,2,2023,2,29
0.0,0.0,29.0,2,2023,2,29
0.0,0.0,30.0,2,2023,2,29
0.0,0.0,32.0,2,2023,2,29
0.0,0.0,37.0,2,2023,2,29
0.0,0.0,38.0,2,2023,2,29
0.0,0.0,39.0,2,2023,2,29
1.1429377794265747,0.5,44.0,2,2023,2,29
0.0,0.0,5.0,3,2023,2,29
0.0,0.0,9.0,3,2023,2,29
0.0,0.0,11.0,3,2023,2,29
0.0,0.0,13.0,3,2023,2,29
0.1785548478364944,0.0,25.0,3,2023,2,29
0.0,0.0,29.0,3,2023,2,29
0.0,0.0,30.0,3,2023,2,29
0.0,0.0,32.0,3,2023,2,29
0.0,0.0,37.0,3,2023,2,29
0.0,0.0,38.0,3,2023,2,29
0.0,0.0,39.0,3,2023,2,29
0.0,0.0,44.0,3,2023,2,29
2.2195863723754883,0.5999999046325684,5.0,4,2023,2,29
6.518397808074951,0.9999998807907104,9.0,4,2023,2,29
5.151974201202393,1.999999761581421,11.0,4,2023,2,29
6.094455242156982,0.2000000178813934,13.0,4,2023,2,29
2.281925678253174,0.800000011920929,25.0,4,2023,2,29
2.001154661178589,0.9999998807907104,29.0,4,2023,2,29
1.191382646560669,0.0,30.0,4,2023,2,29
0.0,0.2000000178813934,32.0,4,2023,2,29
0.0,0.0,37.0,4,2023,2,29
0.0,0.9999998807907104,38.0,4,2023,2,29
0.0,0.5,39.0,4,2023,2,29
0.50154709815979,0.9999998807907104,44.0,4,2023,2,29
2.106611013412476,0.0999999120831489,5.0,5,2023,2,29
3.801116943359375,0.0,9.0,5,2023,2,29
2.3329944610595703,0.0,11.0,5,2023,2,29
3.189639091491699,0.0,13.0,5,2023,2,29
2.4096217155456543,0.0999999120831489,25.0,5,2023,2,29
1.6615221500396729,0.9999998807907104,29.0,5,2023,2,29
2.201852560043335,0.0,30.0,5,2023,2,29
1.2491068840026855,0.0,32.0,5,2023,2,29
1.1075942516326904,0.0,37.0,5,2023,2,29
1.6597766876220703,0.0,38.0,5,2023,2,29
0.0,0.0,39.0,5,2023,2,29
0.8712718486785889,0.0,44.0,5,2023,2,29
0.0,0.0,5.0,6,2023,2,29
2.4163825511932373,0.0,9.0,6,2023,2,29
1.306694507598877,0.0,11.0,6,2023,2,29
2.1794378757476807,0.0,13.0,6,2023,2,29
1.3081321716308594,0.0,25.0,6,2023,2,29
0.0,0.0,29.0,6,2023,2,29
0.0,0.0,30.0,6,2023,2,29
0.0,0.0,32.0,6,2023,2,29
0.0,0.0,37.0,6,2023,2,29
0.0,0.0,38.0,6,2023,2,29
0.0,0.0,39.0,6,2023,2,29
0.4920448958873749,0.0,44.0,6,2023,2,29
0.0,0.0,5.0,7,2023,2,29
1.990106225013733,0.0,9.0,7,2023,2,29
1.211009502410889,0.0,11.0,7,2023,2,29
1.9499105215072632,0.0,13.0,7,2023,2,29
1.3377084732055664,0.0999999120831489,25.0,7,2023,2,29
0.0,0.0,29.0,7,2023,2,29
1.2040858268737793,0.0,30.0,7,2023,2,29
0.0,0.0,32.0,7,2023,2,29
0.0,0.0,37.0,7,2023,2,29
0.0,0.0,38.0,7,2023,2,29
0.0,0.0,39.0,7,2023,2,29
0.9837222695350648,0.0,44.0,7,2023,2,29
1.294273853302002,0.0999999120831489,5.0,1,2023,3,4
1.9141416549682615,0.0,9.0,1,2023,3,4
1.832442045211792,0.0,11.0,1,2023,3,4
2.0986194610595703,0.0,13.0,1,2023,3,4
1.5473756790161133,0.0999999120831489,25.0,1,2023,3,4
1.0568498373031616,0.9999998807907104,29.0,1,2023,3,4
1.3495584726333618,0.0,30.0,1,2023,3,4
0.6673821806907654,0.0,32.0,1,2023,3,4
0.9499855041503906,0.0,37.0,1,2023,3,4
1.2246679067611694,0.0,38.0,1,2023,3,4
0.0,0.0,39.0,1,2023,3,4
0.8319272398948669,0.0,44.0,1,2023,3,4
0.0,0.0,5.0,2,2023,3,4
1.0940220355987549,0.0,9.0,2,2023,3,4
0.8203255534172058,0.0,11.0,2,2023,3,4
1.0995293855667114,0.0,13.0,2,2023,3,4
0.6295974254608154,0.0,25.0,2,2023,3,4
0.0,0.0,29.0,2,2023,3,4
0.0,0.0,30.0,2,2023,3,4
0.0,0.0,32.0,2,2023,3,4
0.0,0.0,37.0,2,2023,3,4
0.0,0.0,38.0,2,2023,3,4
0.0,0.0,39.0,2,2023,3,4
0.2462467551231384,0.0,44.0,2,2023,3,4
0.0,0.0,5.0,3,2023,3,4
1.4476404190063477,0.0,9.0,3,2023,3,4
0.0,0.0,11.0,3,2023,3,4
1.276125431060791,0.0,13.0,3,2023,3,4
0.7981522083282471,0.0999999120831489,25.0,3,2023,3,4
0.0,0.0,29.0,3,2023,3,4
0.0,0.0,30.0,3,2023,3,4
0.0,0.0,32.0,3,2023,3,4
0.0,0.0,37.0,3,2023,3,4
0.0,0.0,38.0,3,2023,3,4
0.0,0.0,39.0,3,2023,3,4
0.2795223891735077,0.0,44.0,3,2023,3,4
0.0,0.0,5.0,4,2023,3,4
0.0,0.0,9.0,4,2023,3,4
0.0,0.0,11.0,4,2023,3,4
0.0,0.0,13.0,4,2023,3,4
0.6036386489868164,0.0,25.0,4,2023,3,4
0.0,0.0,29.0,4,2023,3,4
0.0,0.0,30.0,4,2023,3,4
0.0,0.0,32.0,4,2023,3,4
0.0,0.0,37.0,4,2023,3,4
0.0,0.0,38.0,4,2023,3,4
0.0,0.0,39.0,4,2023,3,4
0.6921775341033936,0.0,44.0,4,2023,3,4
0.0,0.0,5.0,5,2023,3,4
0.0,0.0,9.0,5,2023,3,4
0.0,0.0,11.0,5,2023,3,4
0.0,0.2000000178813934,13.0,5,2023,3,4
0.6331509947776794,0.2000000178813934,25.0,5,2023,3,4
0.0,0.0,29.0,5,2023,3,4
0.8193848729133606,0.0,30.0,5,2023,3,4
0.0,0.0,32.0,5,2023,3,4
0.0,0.0,37.0,5,2023,3,4
0.0,0.0,38.0,5,2023,3,4
0.0,0.0,39.0,5,2023,3,4
1.221866250038147,0.6999999284744263,44.0,5,2023,3,4
0.0,0.0,5.0,6,2023,3,4
0.0,0.0,9.0,6,2023,3,4
0.0,0.0,11.0,6,2023,3,4
0.0,0.0,13.0,6,2023,3,4
0.2020957320928573,0.0,25.0,6,2023,3,4
0.0,0.0,29.0,6,2023,3,4
0.0,0.0,30.0,6,2023,3,4
0.0,0.0,32.0,6,2023,3,4
0.0,0.0,37.0,6,2023,3,4
0.0,0.0,38.0,6,2023,3,4
0.0,0.0,39.0,6,2023,3,4
0.0,0.0,44.0,6,2023,3,4
0.0,0.0,5.0,7,2023,3,4
0.0,0.0,9.0,7,2023,3,4
0.0,0.0,11.0,7,2023,3,4
0.0,0.0,13.0,7,2023,3,4
1.0756415128707886,0.0,25.0,7,2023,3,4
0.0,0.0,29.0,7,2023,3,4
0.0,0.0,30.0,7,2023,3,4
0.0,0.0,32.0,7,2023,3,4
0.0,0.0,37.0,7,2023,3,4
0.0,0.0,38.0,7,2023,3,4
0.0,0.0,39.0,7,2023,3,4
1.0375735759735107,0.0,44.0,7,2023,3,4
0.0,0.0,5.0,1,2023,3,7
0.0,0.0,9.0,1,2023,3,7
0.0,0.0,11.0,1,2023,3,7
0.0,0.0,13.0,1,2023,3,7
0.6423913240432739,0.0,25.0,1,2023,3,7
0.0,0.0,29.0,1,2023,3,7
0.0,0.0,30.0,1,2023,3,7
0.0,0.0,32.0,1,2023,3,7
0.0,0.0,37.0,1,2023,3,7
0.0,0.0,38.0,1,2023,3,7
0.0,0.0,39.0,1,2023,3,7
0.1646791249513626,0.0,44.0,1,2023,3,7
0.0,0.0,5.0,2,2023,3,7
0.0,0.0,9.0,2,2023,3,7
0.0,0.0,11.0,2,2023,3,7
0.0,0.2000000178813934,13.0,2,2023,3,7
0.0,0.2000000178813934,25.0,2,2023,3,7
0.0,0.0,29.0,2,2023,3,7
0.0,0.0,30.0,2,2023,3,7
0.0,0.0,32.0,2,2023,3,7
0.0,0.0,37.0,2,2023,3,7
0.0,0.0,38.0,2,2023,3,7
0.0,0.0,39.0,2,2023,3,7
0.7471152544021606,0.6999999284744263,44.0,2,2023,3,7
0.0,0.0,5.0,3,2023,3,7
0.7731599807739258,0.0,9.0,3,2023,3,7
0.4117054045200348,0.0,11.0,3,2023,3,7
0.7861858606338501,0.0,13.0,3,2023,3,7
0.3258424997329712,0.0,25.0,3,2023,3,7
0.0,0.0,29.0,3,2023,3,7
0.0,0.0,30.0,3,2023,3,7
0.0,0.0,32.0,3,2023,3,7
0.0,0.0,37.0,3,2023,3,7
0.0,0.0,38.0,3,2023,3,7
0.0,0.0,39.0,3,2023,3,7
0.2064934968948364,0.0,44.0,3,2023,3,7
0.0,0.0,5.0,4,2023,3,7
1.4177576303482056,0.0,9.0,4,2023,3,7
0.0,0.0,11.0,4,2023,3,7
0.0,0.0,13.0,4,2023,3,7
1.1193336248397827,0.0,25.0,4,2023,3,7
0.0,0.0,29.0,4,2023,3,7
1.0947030782699585,0.0,30.0,4,2023,3,7
0.0,0.0,32.0,4,2023,3,7
0.0,0.0,37.0,4,2023,3,7
0.0,0.0,38.0,4,2023,3,7
0.0,0.0,39.0,4,2023,3,7
0.8471119403839111,0.0,44.0,4,2023,3,7
1.1221623420715332,0.0,5.0,5,2023,3,7
2.7793819904327397,0.0,9.0,5,2023,3,7
0.0,0.0,11.0,5,2023,3,7
2.0833306312561035,0.0999999120831489,13.0,5,2023,3,7
1.6347898244857788,0.3000000715255737,25.0,5,2023,3,7
0.0,0.0,29.0,5,2023,3,7
2.3774733543396,0.0,30.0,5,2023,3,7
2.592499017715454,0.0,32.0,5,2023,3,7
1.9022722244262693,0.0,37.0,5,2023,3,7
1.2739629745483398,0.0,38.0,5,2023,3,7
2.248453378677368,0.0,39.0,5,2023,3,7
2.6792256832122803,0.0999999120831489,44.0,5,2023,3,7
4.766159057617188,0.0,5.0,6,2023,3,7
9.35662841796875,0.0,9.0,6,2023,3,7
7.27306604385376,0.0,11.0,6,2023,3,7
8.922207832336426,0.0,13.0,6,2023,3,7
5.308464050292969,0.0,25.0,6,2023,3,7
6.132571697235107,0.0,29.0,6,2023,3,7
4.387021064758301,0.0,30.0,6,2023,3,7
6.1907501220703125,0.0,32.0,6,2023,3,7
2.986862897872925,0.0,37.0,6,2023,3,7
3.369194269180298,0.0,38.0,6,2023,3,7
3.8216395378112793,0.3000000715255737,39.0,6,2023,3,7
4.359195232391357,0.800000011920929,44.0,6,2023,3,7
2.918605089187622,0.0,5.0,7,2023,3,7
5.9388532638549805,15.0,9.0,7,2023,3,7
3.882132053375244,20.99999618530273,11.0,7,2023,3,7
5.633142948150635,13.000000953674316,13.0,7,2023,3,7
3.406235218048096,0.0,25.0,7,2023,3,7
2.603104591369629,0.0,29.0,7,2023,3,7
1.9915597438812256,0.0,30.0,7,2023,3,7
2.091762065887451,0.0,32.0,7,2023,3,7
1.6443849802017212,0.0,37.0,7,2023,3,7
1.7885769605636597,0.0,38.0,7,2023,3,7
0.0,0.0,39.0,7,2023,3,7
1.300269603729248,0.0999999120831489,44.0,7,2023,3,7
0.0,0.0,5.0,1,2023,3,11
0.0,0.0,9.0,1,2023,3,11
0.0,0.0,11.0,1,2023,3,11
0.0,0.0999999120831489,13.0,1,2023,3,11
0.5559778213500977,0.3000000715255737,25.0,1,2023,3,11
0.0,0.0,29.0,1,2023,3,11
0.8113504648208618,0.0,30.0,1,2023,3,11
0.0,0.0,32.0,1,2023,3,11
0.0,0.0,37.0,1,2023,3,11
0.0,0.0,38.0,1,2023,3,11
0.0,0.0,39.0,1,2023,3,11
1.3546807765960691,0.0999999120831489,44.0,1,2023,3,11
3.8706796169281006,0.0,5.0,2,2023,3,11
7.679558753967285,0.0,9.0,2,2023,3,11
5.653099536895752,0.0,11.0,2,2023,3,11
7.204266548156738,0.0,13.0,2,2023,3,11
4.467284679412842,0.0,25.0,2,2023,3,11
2.846527099609375,0.0,29.0,2,2023,3,11
3.004081010818481,0.0,30.0,2,2023,3,11
4.803823471069336,0.0,32.0,2,2023,3,11
2.7220804691314697,0.0,37.0,2,2023,3,11
2.3388373851776123,0.0,38.0,2,2023,3,11
3.146349668502808,0.3000000715255737,39.0,2,2023,3,11
3.8212344646453857,0.800000011920929,44.0,2,2023,3,11
0.8020472526550293,0.0,5.0,3,2023,3,11
1.8407045602798464,15.0,9.0,3,2023,3,11
1.212092399597168,20.99999618530273,11.0,3,2023,3,11
1.6933554410934448,13.000000953674316,13.0,3,2023,3,11
0.9820616245269777,0.0,25.0,3,2023,3,11
0.5626682043075562,0.0,29.0,3,2023,3,11
0.5867738127708435,0.0,30.0,3,2023,3,11
0.0,0.0,32.0,3,2023,3,11
0.0,0.0,37.0,3,2023,3,11
0.0,0.0,38.0,3,2023,3,11
0.0,0.0,39.0,3,2023,3,11
0.5628499984741211,0.0999999120831489,44.0,3,2023,3,11
0.0,0.0,5.0,4,2023,3,11
0.0,0.0,9.0,4,2023,3,11
0.0,0.9999998807907104,11.0,4,2023,3,11
0.0,0.0,13.0,4,2023,3,11
1.2777929306030271,0.0,25.0,4,2023,3,11
0.0,0.0,29.0,4,2023,3,11
0.0,0.0,30.0,4,2023,3,11
0.0,0.0,32.0,4,2023,3,11
0.0,0.0,37.0,4,2023,3,11
0.0,0.0,38.0,4,2023,3,11
0.0,0.0,39.0,4,2023,3,11
1.1780707836151123,0.0,44.0,4,2023,3,11
3.5316147804260254,0.0,5.0,5,2023,3,11
6.345876216888428,14.000000953674316,9.0,5,2023,3,11
3.7464168071746826,4.0,11.0,5,2023,3,11
5.301558971405029,23.0,13.0,5,2023,3,11
4.260756492614746,0.0,25.0,5,2023,3,11
2.93751072883606,0.0,29.0,5,2023,3,11
5.74050235748291,0.0,30.0,5,2023,3,11
4.376763343811035,0.0,32.0,5,2023,3,11
3.7521815299987793,0.0,37.0,5,2023,3,11
3.473285675048828,0.0,38.0,5,2023,3,11
3.6213724613189697,0.0,39.0,5,2023,3,11
2.79496169090271,0.0,44.0,5,2023,3,11
6.449001312255859,1.999999761581421,5.0,6,2023,3,11
10.93912124633789,0.0,9.0,6,2023,3,11
7.566699028015137,9.0,11.0,6,2023,3,11
9.622465133666992,0.9999998807907104,13.0,6,2023,3,11
6.769149303436279,7.0,25.0,6,2023,3,11
5.7124342918396,5.0,29.0,6,2023,3,11
5.780919075012207,0.9999998807907104,30.0,6,2023,3,11
4.982204437255859,4.0,32.0,6,2023,3,11
4.466268062591553,10.000000953674316,37.0,6,2023,3,11
4.792510032653809,4.0,38.0,6,2023,3,11
3.6562461853027344,7.0,39.0,6,2023,3,11
4.043346405029297,0.0,44.0,6,2023,3,11
3.5274248123168945,0.0,5.0,7,2023,3,11
6.964091300964356,0.0,9.0,7,2023,3,11
4.148097991943359,0.0,11.0,7,2023,3,11
6.3868184089660645,0.0,13.0,7,2023,3,11
4.342591285705566,0.0,25.0,7,2023,3,11
3.355712652206421,0.0,29.0,7,2023,3,11
3.9250454902648926,0.0,30.0,7,2023,3,11
3.88045334815979,0.0,32.0,7,2023,3,11
3.6779167652130127,0.0,37.0,7,2023,3,11
2.936251640319824,0.0,38.0,7,2023,3,11
3.101412534713745,0.0,39.0,7,2023,3,11
2.479033946990967,0.0,44.0,7,2023,3,11
1.0988742113113403,0.0,5.0,1,2023,3,14
2.174713611602783,0.0,9.0,1,2023,3,14
2.4964756965637207,0.9999998807907104,11.0,1,2023,3,14
2.5302882194519043,0.0,13.0,1,2023,3,14
1.2282631397247314,0.0,25.0,1,2023,3,14
1.2054914236068726,0.0,29.0,1,2023,3,14
0.9063736200332642,0.0,30.0,1,2023,3,14
0.0,0.0,32.0,1,2023,3,14
0.0,0.0,37.0,1,2023,3,14
0.0,0.0,38.0,1,2023,3,14
0.0,0.0,39.0,1,2023,3,14
0.6366750001907349,0.0,44.0,1,2023,3,14
3.441596031188965,0.0,5.0,2,2023,3,14
6.941584587097168,14.000000953674316,9.0,2,2023,3,14
3.959293365478516,4.0,11.0,2,2023,3,14
5.789552211761475,23.0,13.0,2,2023,3,14
3.869573593139648,0.0,25.0,2,2023,3,14
1.7592101097106934,0.0,29.0,2,2023,3,14
3.28736424446106,0.0,30.0,2,2023,3,14
3.1908202171325684,0.0,32.0,2,2023,3,14
2.537044048309326,0.0,37.0,2,2023,3,14
2.066890001296997,0.0,38.0,2,2023,3,14
2.1609854698181152,0.0,39.0,2,2023,3,14
2.057176351547241,0.0,44.0,2,2023,3,14
4.420102119445801,1.999999761581421,5.0,3,2023,3,14
8.257169723510742,0.0,9.0,3,2023,3,14
6.105641841888428,9.0,11.0,3,2023,3,14
7.674370288848877,0.9999998807907104,13.0,3,2023,3,14
4.652758598327637,7.0,25.0,3,2023,3,14
4.543166160583496,5.0,29.0,3,2023,3,14
3.5801870822906494,0.9999998807907104,30.0,3,2023,3,14
3.3855173587799072,4.0,32.0,3,2023,3,14
2.9632809162139893,10.000000953674316,37.0,3,2023,3,14
2.6570286750793457,4.0,38.0,3,2023,3,14
2.373795747756958,7.0,39.0,3,2023,3,14
2.057445526123047,0.0,44.0,3,2023,3,14
0.982843279838562,0.0,5.0,4,2023,3,14
2.606130599975586,0.0,9.0,4,2023,3,14
1.4076392650604248,0.0,11.0,4,2023,3,14
2.373692035675049,0.0,13.0,4,2023,3,14
1.5835375785827637,0.0,25.0,4,2023,3,14
0.0,0.0,29.0,4,2023,3,14
1.664836883544922,0.0,30.0,4,2023,3,14
1.3258777856826782,0.0,32.0,4,2023,3,14
0.0,0.0,37.0,4,2023,3,14
0.0,0.0,38.0,4,2023,3,14
0.0,0.0,39.0,4,2023,3,14
1.0072757005691528,0.0,44.0,4,2023,3,14
2.7862133979797363,18.200000762939453,5.0,5,2023,3,14
6.116970062255859,0.0,9.0,5,2023,3,14
3.2666115760803223,0.0,11.0,5,2023,3,14
5.153401374816895,0.0,13.0,5,2023,3,14
3.164609909057617,7.0,25.0,5,2023,3,14
1.6344846487045288,0.0,29.0,5,2023,3,14
3.627225875854492,0.0,30.0,5,2023,3,14
2.774289846420288,0.3000000715255737,32.0,5,2023,3,14
2.3237266540527344,0.0,37.0,5,2023,3,14
1.5771409273147583,0.800000011920929,38.0,5,2023,3,14
2.035997152328491,0.5,39.0,5,2023,3,14
1.7639787197113037,0.0,44.0,5,2023,3,14
1.8146319389343264,0.0,5.0,6,2023,3,14
4.327700138092041,0.0,9.0,6,2023,3,14
2.192790508270264,0.0,11.0,6,2023,3,14
3.757798671722412,0.0,13.0,6,2023,3,14
2.210381031036377,0.0,25.0,6,2023,3,14
1.0413740873336792,32.000003814697266,29.0,6,2023,3,14
2.2310023307800293,0.0,30.0,6,2023,3,14
2.3221468925476074,0.0,32.0,6,2023,3,14
1.485953450202942,0.4000000953674316,37.0,6,2023,3,14
0.7260810732841492,4.0,38.0,6,2023,3,14
1.527320384979248,5.0,39.0,6,2023,3,14
1.7161335945129397,0.0,44.0,6,2023,3,14
1.263056993484497,0.0,5.0,7,2023,3,14
2.2859668731689453,0.0,9.0,7,2023,3,14
1.7654356956481934,0.0,11.0,7,2023,3,14
2.5403547286987305,0.0,13.0,7,2023,3,14
1.5883691310882568,0.0,25.0,7,2023,3,14
1.351535081863403,0.0,29.0,7,2023,3,14
1.7731926441192627,0.0,30.0,7,2023,3,14
2.248868942260742,0.0,32.0,7,2023,3,14
1.8759889602661133,0.0,37.0,7,2023,3,14
1.134188532829285,0.0,38.0,7,2023,3,14
1.8819074630737305,0.0,39.0,7,2023,3,14
1.549002170562744,0.0,44.0,7,2023,3,14
4.975579738616943,18.200000762939453,5.0,1,2023,3,18
11.077701568603516,0.0,9.0,1,2023,3,18
5.756654739379883,0.0,11.0,1,2023,3,18
8.743258476257324,0.0,13.0,1,2023,3,18
5.963152885437012,7.0,25.0,1,2023,3,18
2.621875762939453,0.0,29.0,1,2023,3,18
4.931429862976074,0.0,30.0,1,2023,3,18
3.189223051071167,0.3000000715255737,32.0,1,2023,3,18
3.2824978828430176,0.0,37.0,1,2023,3,18
3.36621618270874,0.800000011920929,38.0,1,2023,3,18
2.6235506534576416,0.5,39.0,1,2023,3,18
2.4158434867858887,0.0,44.0,1,2023,3,18
2.658083915710449,0.0,5.0,2,2023,3,18
5.805455684661865,0.0,9.0,2,2023,3,18
3.031144142150879,0.0,11.0,2,2023,3,18
4.914045333862305,0.0,13.0,2,2023,3,18
3.137742757797241,0.0,25.0,2,2023,3,18
0.9572172164916992,32.000003814697266,29.0,2,2023,3,18
1.922586441040039,0.0,30.0,2,2023,3,18
1.802279710769653,0.0,32.0,2,2023,3,18
1.338277816772461,0.4000000953674316,37.0,2,2023,3,18
0.949802815914154,4.0,38.0,2,2023,3,18
1.1911362409591677,5.0,39.0,2,2023,3,18
1.1002604961395264,0.0,44.0,2,2023,3,18
0.0,0.0,5.0,3,2023,3,18
0.9008549451828004,0.0,9.0,3,2023,3,18
0.0,0.0,11.0,3,2023,3,18
0.0,0.0,13.0,3,2023,3,18
0.6935665607452393,0.0,25.0,3,2023,3,18
0.0,0.0,29.0,3,2023,3,18
0.8230214715003967,0.0,30.0,3,2023,3,18
0.0,0.0,32.0,3,2023,3,18
0.0,0.0,37.0,3,2023,3,18
0.0,0.0,38.0,3,2023,3,18
0.0,0.0,39.0,3,2023,3,18
0.6850994825363159,0.0,44.0,3,2023,3,18
0.0,0.0,5.0,4,2023,3,18
0.0,0.0,9.0,4,2023,3,18
0.0,0.2000000178813934,11.0,4,2023,3,18
0.0,0.0,13.0,4,2023,3,18
0.9049705266952516,2.1000001430511475,25.0,4,2023,3,18
0.0,0.0,29.0,4,2023,3,18
0.0,0.0,30.0,4,2023,3,18
0.0,0.0,32.0,4,2023,3,18
0.0,0.0,37.0,4,2023,3,18
0.0,0.0,38.0,4,2023,3,18
0.0,0.0,39.0,4,2023,3,18
0.0,0.0,44.0,4,2023,3,18
0.0,3.0,5.0,5,2023,3,18
2.141005754470825,0.0,9.0,5,2023,3,18
0.0,0.0,11.0,5,2023,3,18
2.369039297103882,0.0,13.0,5,2023,3,18
1.9562432765960691,5.999999523162842,25.0,5,2023,3,18
0.0,0.2000000178813934,29.0,5,2023,3,18
0.0,0.0,30.0,5,2023,3,18
0.0,0.0,32.0,5,2023,3,18
0.0,0.0,37.0,5,2023,3,18
0.0,0.0,38.0,5,2023,3,18
0.0,0.0,39.0,5,2023,3,18
0.0,0.0,44.0,5,2023,3,18
0.0,0.0,5.0,6,2023,3,18
0.0,0.0,9.0,6,2023,3,18
0.0,0.0,11.0,6,2023,3,18
0.0,0.0,13.0,6,2023,3,18
1.2032297849655151,0.0,25.0,6,2023,3,18
0.0,0.0999999120831489,29.0,6,2023,3,18
0.0,0.0,30.0,6,2023,3,18
0.0,0.0,32.0,6,2023,3,18
0.0,0.0,37.0,6,2023,3,18
0.0,0.0,38.0,6,2023,3,18
0.0,0.0,39.0,6,2023,3,18
0.0,0.0,44.0,6,2023,3,18
1.0147531032562256,0.0,5.0,7,2023,3,18
1.6227333545684814,0.0,9.0,7,2023,3,18
1.0787819623947144,0.0,11.0,7,2023,3,18
1.74813973903656,0.0,13.0,7,2023,3,18
1.5033820867538452,0.0,25.0,7,2023,3,18
1.2616186141967771,0.0,29.0,7,2023,3,18
2.363486766815185,0.0,30.0,7,2023,3,18
8.549845695495605,0.0,32.0,7,2023,3,18
4.486144065856934,0.0,37.0,7,2023,3,18
2.6679482460021973,0.0,38.0,7,2023,3,18
9.21184253692627,0.0,39.0,7,2023,3,18
9.44498062133789,0.0,44.0,7,2023,3,18
0.0,0.0,5.0,1,2023,3,21
0.0,0.0,9.0,1,2023,3,21
0.0,0.2000000178813934,11.0,1,2023,3,21
0.0,0.0,13.0,1,2023,3,21
0.6470680832862854,2.1000001430511475,25.0,1,2023,3,21
0.0,0.0,29.0,1,2023,3,21
0.0,0.0,30.0,1,2023,3,21
0.0,0.0,32.0,1,2023,3,21
0.0,0.0,37.0,1,2023,3,21
0.0,0.0,38.0,1,2023,3,21
0.0,0.0,39.0,1,2023,3,21
0.6514458656311035,0.0,44.0,1,2023,3,21
0.0,3.0,5.0,2,2023,3,21
0.0,0.0,9.0,2,2023,3,21
0.0,0.0,11.0,2,2023,3,21
0.0,0.0,13.0,2,2023,3,21
0.7414624094963074,5.999999523162842,25.0,2,2023,3,21
0.0,0.2000000178813934,29.0,2,2023,3,21
0.0,0.0,30.0,2,2023,3,21
0.0,0.0,32.0,2,2023,3,21
0.0,0.0,37.0,2,2023,3,21
0.0,0.0,38.0,2,2023,3,21
0.0,0.0,39.0,2,2023,3,21
0.0,0.0,44.0,2,2023,3,21
0.0,0.0,5.0,3,2023,3,21
0.0,0.0,9.0,3,2023,3,21
0.0,0.0,11.0,3,2023,3,21
0.0,0.0,13.0,3,2023,3,21
0.0,0.0,25.0,3,2023,3,21
0.0,0.0999999120831489,29.0,3,2023,3,21
0.0,0.0,30.0,3,2023,3,21
0.0,0.0,32.0,3,2023,3,21
0.0,0.0,37.0,3,2023,3,21
0.0,0.0,38.0,3,2023,3,21
0.0,0.0,39.0,3,2023,3,21
0.0,0.0,44.0,3,2023,3,21
0.0,0.0,5.0,4,2023,3,21
0.0,0.0,9.0,4,2023,3,21
0.0,0.0,11.0,4,2023,3,21
0.0,0.0,13.0,4,2023,3,21
0.0,0.0,25.0,4,2023,3,21
0.0,0.0,29.0,4,2023,3,21
0.0,0.0,30.0,4,2023,3,21
0.0,0.0,32.0,4,2023,3,21
0.0,0.0,37.0,4,2023,3,21
0.0,0.0,38.0,4,2023,3,21
0.0,0.0,39.0,4,2023,3,21
0.0,0.0,44.0,4,2023,3,21
0.0,0.0,5.0,5,2023,3,21
0.0,0.0,9.0,5,2023,3,21
0.0,0.0,11.0,5,2023,3,21
0.0,0.0,13.0,5,2023,3,21
0.0,0.0,25.0,5,2023,3,21
0.0,0.2000000178813934,29.0,5,2023,3,21
1.2154669761657717,0.0,30.0,5,2023,3,21
0.0,0.0,32.0,5,2023,3,21
0.0,0.0,37.0,5,2023,3,21
0.0,0.0,38.0,5,2023,3,21
0.0,0.0,39.0,5,2023,3,21
1.091972589492798,0.9999998807907104,44.0,5,2023,3,21
0.0,0.0,5.0,6,2023,3,21
0.0,0.0,9.0,6,2023,3,21
0.0,0.0,11.0,6,2023,3,21
0.0,0.0,13.0,6,2023,3,21
0.0,0.5,25.0,6,2023,3,21
0.0,0.4000000953674316,29.0,6,2023,3,21
0.0,0.0999999120831489,30.0,6,2023,3,21
0.0,0.0,32.0,6,2023,3,21
0.0,0.0,37.0,6,2023,3,21
0.0,0.0,38.0,6,2023,3,21
0.0,0.0,39.0,6,2023,3,21
0.6827972531318665,0.4000000953674316,44.0,6,2023,3,21
3.562264204025269,0.0,5.0,7,2023,3,21
8.102767944335938,0.0,9.0,7,2023,3,21
4.769756317138672,5.999999523162842,11.0,7,2023,3,21
7.5475640296936035,0.0,13.0,7,2023,3,21
4.456191539764404,0.0,25.0,7,2023,3,21
4.032076835632324,0.0,29.0,7,2023,3,21
4.890116214752197,0.0,30.0,7,2023,3,21
5.920766830444336,0.0,32.0,7,2023,3,21
4.640945911407471,0.0,37.0,7,2023,3,21
2.748329162597656,0.0,38.0,7,2023,3,21
3.6274564266204834,0.0,39.0,7,2023,3,21
4.188668251037598,0.4000000953674316,44.0,7,2023,3,21
0.0,0.0,5.0,1,2023,3,25
0.0,0.0,9.0,1,2023,3,25
0.0,0.0,11.0,1,2023,3,25
1.1030842065811155,0.0,13.0,1,2023,3,25
1.1885923147201538,0.0,25.0,1,2023,3,25
0.0,0.2000000178813934,29.0,1,2023,3,25
3.0308432579040527,0.0,30.0,1,2023,3,25
6.502005100250244,0.0,32.0,1,2023,3,25
4.25754976272583,0.0,37.0,1,2023,3,25
2.073986053466797,0.0,38.0,1,2023,3,25
5.803923606872559,0.0,39.0,1,2023,3,25
10.779613494873049,0.9999998807907104,44.0,1,2023,3,25
0.0,0.0,5.0,2,2023,3,25
0.0,0.0,9.0,2,2023,3,25
0.0,0.0,11.0,2,2023,3,25
0.0,0.0,13.0,2,2023,3,25
0.0,0.5,25.0,2,2023,3,25
0.0,0.4000000953674316,29.0,2,2023,3,25
0.0,0.0999999120831489,30.0,2,2023,3,25
0.0,0.0,32.0,2,2023,3,25
0.0,0.0,37.0,2,2023,3,25
0.0,0.0,38.0,2,2023,3,25
0.0,0.0,39.0,2,2023,3,25
1.117222547531128,0.4000000953674316,44.0,2,2023,3,25
0.0,0.0,5.0,3,2023,3,25
0.0,0.0,9.0,3,2023,3,25
0.0,5.999999523162842,11.0,3,2023,3,25
0.0,0.0,13.0,3,2023,3,25
0.3636216223239898,0.0,25.0,3,2023,3,25
0.0,0.0,29.0,3,2023,3,25
0.2922694683074951,0.0,30.0,3,2023,3,25
0.0,0.0,32.0,3,2023,3,25
0.0,0.0,37.0,3,2023,3,25
0.0,0.0,38.0,3,2023,3,25
0.0,0.0,39.0,3,2023,3,25
0.5443607568740845,0.4000000953674316,44.0,3,2023,3,25
8.13552474975586,11.0,5.0,4,2023,3,25
19.794042587280277,13.000000953674316,9.0,4,2023,3,25
13.17817211151123,11.0,11.0,4,2023,3,25
19.872222900390625,9.0,13.0,4,2023,3,25
9.798211097717283,22.0000057220459,25.0,4,2023,3,25
4.187267780303955,10.000000953674316,29.0,4,2023,3,25
5.322441577911377,5.0,30.0,4,2023,3,25
4.034564018249512,3.0,32.0,4,2023,3,25
3.2609634399414062,0.0,37.0,4,2023,3,25
2.867220163345337,0.0,38.0,4,2023,3,25
2.49752140045166,0.0,39.0,4,2023,3,25
2.3623416423797607,0.3000000715255737,44.0,4,2023,3,25
2.1807894706726074,5.0,5.0,5,2023,3,25
3.4946706295013428,3.0,9.0,5,2023,3,25
2.59028434753418,0.0,11.0,5,2023,3,25
3.2455859184265137,0.9999998807907104,13.0,5,2023,3,25
2.544675350189209,7.0,25.0,5,2023,3,25
1.966464281082153,0.9999998807907104,29.0,5,2023,3,25
2.8113245964050293,8.0,30.0,5,2023,3,25
2.074089527130127,0.0999999120831489,32.0,5,2023,3,25
1.8410588502883911,2.4000003337860107,37.0,5,2023,3,25
1.8063387870788572,1.7000000476837158,38.0,5,2023,3,25
1.8183544874191284,1.499999761581421,39.0,5,2023,3,25
1.407909274101257,8.79999828338623,44.0,5,2023,3,25
0.0,0.0,5.0,6,2023,3,25
0.0,0.0,9.0,6,2023,3,25
0.0,0.0,11.0,6,2023,3,25
0.0,0.0,13.0,6,2023,3,25
0.3033630847930908,0.0,25.0,6,2023,3,25
0.0,0.0,29.0,6,2023,3,25
0.6342729926109314,0.0,30.0,6,2023,3,25
1.0649070739746094,0.0,32.0,6,2023,3,25
0.0,0.0,37.0,6,2023,3,25
0.0,0.0,38.0,6,2023,3,25
0.0,0.0,39.0,6,2023,3,25
1.3296793699264526,0.0,44.0,6,2023,3,25
0.0,0.0,5.0,7,2023,3,25
0.0,0.0,9.0,7,2023,3,25
0.0,0.0,11.0,7,2023,3,25
0.0,0.0,13.0,7,2023,3,25
0.0,0.0,25.0,7,2023,3,25
0.0,0.0,29.0,7,2023,3,25
0.5379558801651001,0.0,30.0,7,2023,3,25
0.0,0.0,32.0,7,2023,3,25
0.0,0.0,37.0,7,2023,3,25
0.0,0.0,38.0,7,2023,3,25
0.0,0.0,39.0,7,2023,3,25
1.104690432548523,0.0,44.0,7,2023,3,25
12.391542434692385,11.0,5.0,1,2023,3,28
27.571626663208008,13.000000953674316,9.0,1,2023,3,28
21.306325912475582,11.0,11.0,1,2023,3,28
26.5081729888916,9.0,13.0,1,2023,3,28
13.644475936889648,22.0000057220459,25.0,1,2023,3,28
8.245809555053711,10.000000953674316,29.0,1,2023,3,28
8.952330589294434,5.0,30.0,1,2023,3,28
5.766490459442139,3.0,32.0,1,2023,3,28
5.954553604125977,0.0,37.0,1,2023,3,28
6.38458251953125,0.0,38.0,1,2023,3,28
4.133210182189941,0.0,39.0,1,2023,3,28
3.639372110366821,0.3000000715255737,44.0,1,2023,3,28
6.0512566566467285,5.0,5.0,2,2023,3,28
5.219585418701172,3.0,9.0,2,2023,3,28
5.407157897949219,0.0,11.0,2,2023,3,28
6.013494968414307,0.9999998807907104,13.0,2,2023,3,28
6.349539756774902,7.0,25.0,2,2023,3,28
5.3628644943237305,0.9999998807907104,29.0,2,2023,3,28
5.13223123550415,8.0,30.0,2,2023,3,28
3.898244380950928,0.0999999120831489,32.0,2,2023,3,28
4.723111152648926,2.4000003337860107,37.0,2,2023,3,28
5.935767650604248,1.7000000476837158,38.0,2,2023,3,28
3.997023820877075,1.499999761581421,39.0,2,2023,3,28
3.610379457473755,8.79999828338623,44.0,2,2023,3,28
0.0,0.0,5.0,3,2023,3,28
0.0,0.0,9.0,3,2023,3,28
0.0,0.0,11.0,3,2023,3,28
0.0,0.0,13.0,3,2023,3,28
0.2614484429359436,0.0,25.0,3,2023,3,28
0.0,0.0,29.0,3,2023,3,28
0.2703063488006592,0.0,30.0,3,2023,3,28
0.0,0.0,32.0,3,2023,3,28
0.0,0.0,37.0,3,2023,3,28
0.0,0.0,38.0,3,2023,3,28
0.0,0.0,39.0,3,2023,3,28
1.0261212587356567,0.0,44.0,3,2023,3,28
0.0,0.0,5.0,4,2023,3,28
0.0,0.0,9.0,4,2023,3,28
0.0,0.0,11.0,4,2023,3,28
0.0,0.0,13.0,4,2023,3,28
0.0,0.0,25.0,4,2023,3,28
0.0,0.0,29.0,4,2023,3,28
0.0,0.0,30.0,4,2023,3,28
0.0,0.0,32.0,4,2023,3,28
0.0,0.0,37.0,4,2023,3,28
0.0,0.0,38.0,4,2023,3,28
0.0,0.0,39.0,4,2023,3,28
0.6719182729721069,0.0,44.0,4,2023,3,28
0.0,0.0,5.0,5,2023,3,28
0.0,0.800000011920929,9.0,5,2023,3,28
0.0,4.0,11.0,5,2023,3,28
0.0,0.800000011920929,13.0,5,2023,3,28
0.0,0.0,25.0,5,2023,3,28
0.0,0.0,29.0,5,2023,3,28
0.0,0.0,30.0,5,2023,3,28
0.0,0.0,32.0,5,2023,3,28
0.0,0.0,37.0,5,2023,3,28
0.0,0.0,38.0,5,2023,3,28
0.0,0.0,39.0,5,2023,3,28
0.5774194598197937,0.0,44.0,5,2023,3,28
0.0,0.0,5.0,6,2023,3,28
0.0,0.3000000715255737,9.0,6,2023,3,28
0.0,3.0,11.0,6,2023,3,28
0.0,0.5999999046325684,13.0,6,2023,3,28
0.0,0.0,25.0,6,2023,3,28
0.0,0.0,29.0,6,2023,3,28
0.0,0.0,30.0,6,2023,3,28
0.0,0.0,32.0,6,2023,3,28
0.0,0.0,37.0,6,2023,3,28
0.0,0.0,38.0,6,2023,3,28
0.0,0.0,39.0,6,2023,3,28
0.0,0.0,44.0,6,2023,3,28
0.0,0.0999999120831489,5.0,7,2023,3,28
0.0,0.0,9.0,7,2023,3,28
0.0,0.0,11.0,7,2023,3,28
0.0,0.0,13.0,7,2023,3,28
0.889382541179657,0.800000011920929,25.0,7,2023,3,28
0.0,0.0,29.0,7,2023,3,28
0.0,0.0999999120831489,30.0,7,2023,3,28
0.0,0.0,32.0,7,2023,3,28
0.0,0.0,37.0,7,2023,3,28
0.0,0.0,38.0,7,2023,3,28
0.0,0.0,39.0,7,2023,3,28
0.0,0.0,44.0,7,2023,3,28
0.0,0.0,5.0,1,2023,4,1
0.0,0.800000011920929,9.0,1,2023,4,1
0.0,4.0,11.0,1,2023,4,1
0.0,0.800000011920929,13.0,1,2023,4,1
0.0,0.0,25.0,1,2023,4,1
0.0,0.0,29.0,1,2023,4,1
0.0,0.0,30.0,1,2023,4,1
0.0,0.0,32.0,1,2023,4,1
0.0,0.0,37.0,1,2023,4,1
0.0,0.0,38.0,1,2023,4,1
0.0,0.0,39.0,1,2023,4,1
1.4945770502090454,0.0,44.0,1,2023,4,1
0.0,0.0,5.0,2,2023,4,1
0.0,0.3000000715255737,9.0,2,2023,4,1
0.0,3.0,11.0,2,2023,4,1
0.0,0.5999999046325684,13.0,2,2023,4,1
0.0,0.0,25.0,2,2023,4,1
0.0,0.0,29.0,2,2023,4,1
0.0,0.0,30.0,2,2023,4,1
0.0,0.0,32.0,2,2023,4,1
0.0,0.0,37.0,2,2023,4,1
0.0,0.0,38.0,2,2023,4,1
0.0,0.0,39.0,2,2023,4,1
0.0,0.0,44.0,2,2023,4,1
0.0,0.0999999120831489,5.0,3,2023,4,1
0.0,0.0,9.0,3,2023,4,1
0.0,0.0,11.0,3,2023,4,1
0.0,0.0,13.0,3,2023,4,1
0.0,0.800000011920929,25.0,3,2023,4,1
0.0,0.0,29.0,3,2023,4,1
0.0,0.0999999120831489,30.0,3,2023,4,1
0.0,0.0,32.0,3,2023,4,1
0.0,0.0,37.0,3,2023,4,1
0.0,0.0,38.0,3,2023,4,1
0.0,0.0,39.0,3,2023,4,1
0.0,0.0,44.0,3,2023,4,1
0.0,0.0,5.0,4,2023,4,1
0.0,0.0,9.0,4,2023,4,1
0.0,0.0,11.0,4,2023,4,1
0.0,0.0,13.0,4,2023,4,1
0.0,0.0,25.0,4,2023,4,1
0.0,0.0,29.0,4,2023,4,1
0.0,0.0,30.0,4,2023,4,1
0.0,0.0,32.0,4,2023,4,1
0.0,0.0,37.0,4,2023,4,1
0.0,0.0,38.0,4,2023,4,1
0.0,0.0,39.0,4,2023,4,1
0.0,0.0,44.0,4,2023,4,1
0.0,0.0,5.0,5,2023,4,1
0.0,0.0,9.0,5,2023,4,1
0.0,0.0,11.0,5,2023,4,1
0.0,0.0,13.0,5,2023,4,1
0.0,0.0,25.0,5,2023,4,1
0.0,0.0,29.0,5,2023,4,1
0.0,0.0,30.0,5,2023,4,1
0.0,0.0,32.0,5,2023,4,1
0.0,0.0,37.0,5,2023,4,1
0.0,0.0,38.0,5,2023,4,1
0.0,0.0,39.0,5,2023,4,1
0.0,0.0,44.0,5,2023,4,1
0.0,0.0,5.0,6,2023,4,1
0.0,0.0,9.0,6,2023,4,1
0.0,0.0,11.0,6,2023,4,1
0.0,0.0,13.0,6,2023,4,1
0.0,0.0,25.0,6,2023,4,1
0.0,0.0,29.0,6,2023,4,1
0.0,0.0,30.0,6,2023,4,1
0.0,0.0,32.0,6,2023,4,1
0.0,0.0,37.0,6,2023,4,1
0.0,0.0,38.0,6,2023,4,1
0.0,0.0,39.0,6,2023,4,1
2.9198203086853027,0.0,44.0,6,2023,4,1
0.0,0.0,5.0,7,2023,4,1
0.0,0.0,9.0,7,2023,4,1
0.0,0.0,11.0,7,2023,4,1
0.0,0.0,13.0,7,2023,4,1
0.3285727798938751,0.0,25.0,7,2023,4,1
0.0,0.0,29.0,7,2023,4,1
0.2666638195514679,0.0,30.0,7,2023,4,1
0.0,0.0,32.0,7,2023,4,1
0.0,0.0,37.0,7,2023,4,1
0.0,0.0,38.0,7,2023,4,1
0.0,0.0,39.0,7,2023,4,1
0.6849278211593628,1.1000001430511477,44.0,7,2023,4,1
0.0,0.0,5.0,1,2023,4,4
0.0,0.0,9.0,1,2023,4,4
0.0,0.0,11.0,1,2023,4,4
0.0,0.0,13.0,1,2023,4,4
0.0,0.0,25.0,1,2023,4,4
0.0,0.0,29.0,1,2023,4,4
0.0,0.0,30.0,1,2023,4,4
0.0,0.0,32.0,1,2023,4,4
0.0,0.0,37.0,1,2023,4,4
0.0,0.0,38.0,1,2023,4,4
0.0,0.0,39.0,1,2023,4,4
0.0,0.0,44.0,1,2023,4,4
0.0,0.0,5.0,2,2023,4,4
0.0,0.0,9.0,2,2023,4,4
0.0,0.0,11.0,2,2023,4,4
0.0,0.0,13.0,2,2023,4,4
0.0,0.0,25.0,2,2023,4,4
0.0,0.0,29.0,2,2023,4,4
0.0,0.0,30.0,2,2023,4,4
0.0,0.0,32.0,2,2023,4,4
0.0,0.0,37.0,2,2023,4,4
0.0,0.0,38.0,2,2023,4,4
0.0,0.0,39.0,2,2023,4,4
0.0,0.0,44.0,2,2023,4,4
0.0,0.0,5.0,3,2023,4,4
0.0,0.0,9.0,3,2023,4,4
0.0,0.0,11.0,3,2023,4,4
0.0,0.0,13.0,3,2023,4,4
0.0,0.0,25.0,3,2023,4,4
0.0,0.0,29.0,3,2023,4,4
0.0,0.0,30.0,3,2023,4,4
0.0,0.0,32.0,3,2023,4,4
0.0,0.0,37.0,3,2023,4,4
0.0,0.0,38.0,3,2023,4,4
0.0,0.0,39.0,3,2023,4,4
1.5990029573440552,0.0,44.0,3,2023,4,4
0.0,0.0,5.0,4,2023,4,4
0.0,0.0,9.0,4,2023,4,4
0.0,0.0,11.0,4,2023,4,4
0.0,0.0,13.0,4,2023,4,4
0.0,0.0,25.0,4,2023,4,4
0.0,0.0,29.0,4,2023,4,4
0.0,0.0,30.0,4,2023,4,4
0.0,0.0,32.0,4,2023,4,4
0.0,0.0,37.0,4,2023,4,4
0.0,0.0,38.0,4,2023,4,4
0.0,0.0,39.0,4,2023,4,4
0.5371363162994385,1.1000001430511477,44.0,4,2023,4,4
1.7478007078170776,0.0,5.0,5,2023,4,4
4.454545497894287,0.0,9.0,5,2023,4,4
2.4926271438598637,0.0,11.0,5,2023,4,4
4.003729343414307,0.2000000178813934,13.0,5,2023,4,4
2.179410934448242,0.0999999120831489,25.0,5,2023,4,4
1.476935863494873,0.0,29.0,5,2023,4,4
2.390638828277588,0.0,30.0,5,2023,4,4
1.8794678449630735,0.0,32.0,5,2023,4,4
1.4076762199401855,0.0,37.0,5,2023,4,4
1.340733289718628,0.0,38.0,5,2023,4,4
1.003021478652954,0.0,39.0,5,2023,4,4
1.629070520401001,0.5999999046325684,44.0,5,2023,4,4
0.4170167446136474,0.0,5.0,6,2023,4,4
1.3455058336257937,0.0,9.0,6,2023,4,4
0.0,0.0,11.0,6,2023,4,4
1.226470112800598,0.0,13.0,6,2023,4,4
0.6464686989784241,0.0,25.0,6,2023,4,4
0.0,0.0,29.0,6,2023,4,4
0.2379707098007202,0.0,30.0,6,2023,4,4
0.1737904697656631,0.0999999120831489,32.0,6,2023,4,4
0.1383823603391647,0.0,37.0,6,2023,4,4
0.0,0.0,38.0,6,2023,4,4
0.0327979885041713,0.0,39.0,6,2023,4,4
0.2928192913532257,0.0,44.0,6,2023,4,4
0.0,0.0,5.0,7,2023,4,4
0.0,0.0,9.0,7,2023,4,4
0.0,0.0,11.0,7,2023,4,4
0.0,0.0,13.0,7,2023,4,4
0.8964998722076416,0.0,25.0,7,2023,4,4
0.0,0.0,29.0,7,2023,4,4
0.7947803735733032,0.0,30.0,7,2023,4,4
0.0,0.0,32.0,7,2023,4,4
0.0,0.0,37.0,7,2023,4,4
0.0,0.0,38.0,7,2023,4,4
0.0,0.0,39.0,7,2023,4,4
1.056562423706055,0.0,44.0,7,2023,4,4
0.0,0.0,5.0,1,2023,4,8
0.0,0.0,9.0,1,2023,4,8
0.0,0.0,11.0,1,2023,4,8
1.0846389532089231,0.2000000178813934,13.0,1,2023,4,8
0.4445942938327789,0.0999999120831489,25.0,1,2023,4,8
0.0,0.0,29.0,1,2023,4,8
0.2384778559207916,0.0,30.0,1,2023,4,8
0.0,0.0,32.0,1,2023,4,8
0.0,0.0,37.0,1,2023,4,8
0.0,0.0,38.0,1,2023,4,8
0.0,0.0,39.0,1,2023,4,8
0.6885491609573364,0.5999999046325684,44.0,1,2023,4,8
0.0,0.0,5.0,2,2023,4,8
0.0,0.0,9.0,2,2023,4,8
0.0,0.0,11.0,2,2023,4,8
0.0,0.0,13.0,2,2023,4,8
0.3453222811222076,0.0,25.0,2,2023,4,8
0.0,0.0,29.0,2,2023,4,8
0.0,0.0,30.0,2,2023,4,8
0.0,0.0999999120831489,32.0,2,2023,4,8
0.0,0.0,37.0,2,2023,4,8
0.0,0.0,38.0,2,2023,4,8
0.0,0.0,39.0,2,2023,4,8
0.0189898125827312,0.0,44.0,2,2023,4,8
0.0,0.0,5.0,3,2023,4,8
0.0,0.0,9.0,3,2023,4,8
0.0,0.0,11.0,3,2023,4,8
0.0,0.0,13.0,3,2023,4,8
0.0,0.0,25.0,3,2023,4,8
0.0,0.0,29.0,3,2023,4,8
0.0,0.0,30.0,3,2023,4,8
0.0,0.0,32.0,3,2023,4,8
0.0,0.0,37.0,3,2023,4,8
0.0,0.0,38.0,3,2023,4,8
0.0,0.0,39.0,3,2023,4,8
0.378470629453659,0.0,44.0,3,2023,4,8
0.0,0.0,5.0,4,2023,4,8
0.0,0.0,9.0,4,2023,4,8
0.0,0.0,11.0,4,2023,4,8
0.0,0.0,13.0,4,2023,4,8
0.0,0.0,25.0,4,2023,4,8
0.0,0.0,29.0,4,2023,4,8
0.0,0.0,30.0,4,2023,4,8
0.0,0.0,32.0,4,2023,4,8
0.0,0.0,37.0,4,2023,4,8
0.0,0.0,38.0,4,2023,4,8
0.0,0.0,39.0,4,2023,4,8
1.815748929977417,0.2000000178813934,44.0,4,2023,4,8
0.0,0.0,5.0,5,2023,4,8
0.0,0.0,9.0,5,2023,4,8
0.0,0.0,11.0,5,2023,4,8
0.0,0.0,13.0,5,2023,4,8
0.0,0.0,25.0,5,2023,4,8
0.0,0.0,29.0,5,2023,4,8
0.0,0.0,30.0,5,2023,4,8
0.0,0.0,32.0,5,2023,4,8
0.0,0.0,37.0,5,2023,4,8
0.0,0.0,38.0,5,2023,4,8
0.0,0.0,39.0,5,2023,4,8
1.5475761890411377,0.0999999120831489,44.0,5,2023,4,8
0.0,0.0,5.0,6,2023,4,8
0.0,0.0,9.0,6,2023,4,8
0.0,0.0,11.0,6,2023,4,8
0.0,0.0,13.0,6,2023,4,8
0.0,0.0,25.0,6,2023,4,8
0.0,0.0,29.0,6,2023,4,8
0.0,0.0,30.0,6,2023,4,8
0.0,0.0,32.0,6,2023,4,8
0.0,0.0,37.0,6,2023,4,8
0.0,0.0,38.0,6,2023,4,8
0.0,0.0,39.0,6,2023,4,8
0.0,0.0,44.0,6,2023,4,8
0.0,0.0,5.0,7,2023,4,8
0.0,0.0,9.0,7,2023,4,8
0.0,0.0,11.0,7,2023,4,8
0.0,0.0,13.0,7,2023,4,8
1.4240220785140991,0.0,25.0,7,2023,4,8
0.0,0.0,29.0,7,2023,4,8
2.6430649757385254,0.0,30.0,7,2023,4,8
7.319806575775146,0.0,32.0,7,2023,4,8
4.095898628234863,0.0,37.0,7,2023,4,8
0.0,0.0,38.0,7,2023,4,8
6.020951747894287,0.0,39.0,7,2023,4,8
9.582229614257812,0.6999999284744263,44.0,7,2023,4,8
0.0,0.0,5.0,1,2023,4,11
0.0,0.0,9.0,1,2023,4,11
0.0,0.0,11.0,1,2023,4,11
0.0,0.0,13.0,1,2023,4,11
0.0,0.0,25.0,1,2023,4,11
0.0,0.0,29.0,1,2023,4,11
0.0,0.0,30.0,1,2023,4,11
0.0,0.0,32.0,1,2023,4,11
0.0,0.0,37.0,1,2023,4,11
0.0,0.0,38.0,1,2023,4,11
0.0,0.0,39.0,1,2023,4,11
0.0,0.2000000178813934,44.0,1,2023,4,11
0.0,0.0,5.0,2,2023,4,11
0.0,0.0,9.0,2,2023,4,11
0.0,0.0,11.0,2,2023,4,11
0.0,0.0,13.0,2,2023,4,11
0.0,0.0,25.0,2,2023,4,11
0.0,0.0,29.0,2,2023,4,11
0.0,0.0,30.0,2,2023,4,11
0.0,0.0,32.0,2,2023,4,11
0.0,0.0,37.0,2,2023,4,11
0.0,0.0,38.0,2,2023,4,11
0.0,0.0,39.0,2,2023,4,11
2.082218647003174,0.0999999120831489,44.0,2,2023,4,11
0.0,0.0,5.0,3,2023,4,11
0.0,0.0,9.0,3,2023,4,11
0.0,0.0,11.0,3,2023,4,11
0.0,0.0,13.0,3,2023,4,11
0.0,0.0,25.0,3,2023,4,11
0.0,0.0,29.0,3,2023,4,11
0.0,0.0,30.0,3,2023,4,11
0.0,0.0,32.0,3,2023,4,11
0.0,0.0,37.0,3,2023,4,11
0.0,0.0,38.0,3,2023,4,11
0.0,0.0,39.0,3,2023,4,11
0.0,0.0,44.0,3,2023,4,11
0.0,0.0,5.0,4,2023,4,11
0.0,0.0,9.0,4,2023,4,11
0.0,0.0,11.0,4,2023,4,11
0.0,0.0,13.0,4,2023,4,11
1.2564234733581543,0.0,25.0,4,2023,4,11
0.0,0.0,29.0,4,2023,4,11
2.823204755783081,0.0,30.0,4,2023,4,11
13.05024528503418,0.0,32.0,4,2023,4,11
7.242348670959473,0.0,37.0,4,2023,4,11
0.0,0.0,38.0,4,2023,4,11
12.528741836547852,0.0,39.0,4,2023,4,11
24.49607276916504,0.6999999284744263,44.0,4,2023,4,11
0.0,0.0,5.0,5,2023,4,11
0.0,0.0,9.0,5,2023,4,11
0.0,0.0,11.0,5,2023,4,11
0.0,0.0,13.0,5,2023,4,11
1.2165369987487793,0.0,25.0,5,2023,4,11
0.0,0.0,29.0,5,2023,4,11
1.6250085830688477,0.0,30.0,5,2023,4,11
0.0,0.0,32.0,5,2023,4,11
0.0,0.0,37.0,5,2023,4,11
0.0,0.0,38.0,5,2023,4,11
0.0,0.0,39.0,5,2023,4,11
4.449882507324219,1.2000000476837158,44.0,5,2023,4,11
0.0,0.0,5.0,6,2023,4,11
1.9337369203567505,0.0,9.0,6,2023,4,11
0.0,0.0,11.0,6,2023,4,11
0.0,0.0,13.0,6,2023,4,11
1.6082977056503296,0.0,25.0,6,2023,4,11
0.0,0.0,29.0,6,2023,4,11
1.3465288877487185,0.0,30.0,6,2023,4,11
0.0,0.0,32.0,6,2023,4,11
0.0,0.0,37.0,6,2023,4,11
0.0,0.0,38.0,6,2023,4,11
0.0,0.0,39.0,6,2023,4,11
0.0,0.0,44.0,6,2023,4,11
1.0318834781646729,0.0,5.0,7,2023,4,11
1.9934582710266116,0.0,9.0,7,2023,4,11
0.0,0.0,11.0,7,2023,4,11
2.100551128387451,0.0,13.0,7,2023,4,11
1.452906370162964,0.0,25.0,7,2023,4,11
0.0,0.0,29.0,7,2023,4,11
1.8304431438446045,0.0,30.0,7,2023,4,11
0.0,0.0,32.0,7,2023,4,11
0.0,0.0,37.0,7,2023,4,11
0.0,0.0,38.0,7,2023,4,11
0.0,0.0,39.0,7,2023,4,11
1.4385782480239868,0.0,44.0,7,2023,4,11
0.0,0.0,5.0,1,2023,4,15
0.0,0.0,9.0,1,2023,4,15
0.0,0.0,11.0,1,2023,4,15
0.0,0.0,13.0,1,2023,4,15
3.2289960384368896,0.0,25.0,1,2023,4,15
0.0,0.0,29.0,1,2023,4,15
4.168692588806152,0.0,30.0,1,2023,4,15
5.377219200134277,0.0,32.0,1,2023,4,15
0.0,0.0,37.0,1,2023,4,15
0.0,0.0,38.0,1,2023,4,15
5.632976055145264,0.0,39.0,1,2023,4,15
9.327116012573242,1.2000000476837158,44.0,1,2023,4,15
0.0,0.0,5.0,2,2023,4,15
0.0,0.0,9.0,2,2023,4,15
0.0,0.0,11.0,2,2023,4,15
0.0,0.0,13.0,2,2023,4,15
1.33201003074646,0.0,25.0,2,2023,4,15
0.0,0.0,29.0,2,2023,4,15
1.148291826248169,0.0,30.0,2,2023,4,15
0.0,0.0,32.0,2,2023,4,15
0.0,0.0,37.0,2,2023,4,15
0.0,0.0,38.0,2,2023,4,15
0.0,0.0,39.0,2,2023,4,15
0.8686888813972473,0.0,44.0,2,2023,4,15
0.0,0.0,5.0,3,2023,4,15
0.0,0.0,9.0,3,2023,4,15
0.0,0.0,11.0,3,2023,4,15
0.0,0.0,13.0,3,2023,4,15
0.0,0.0,25.0,3,2023,4,15
0.0,0.0,29.0,3,2023,4,15
0.0,0.0,30.0,3,2023,4,15
0.0,0.0,32.0,3,2023,4,15
0.0,0.0,37.0,3,2023,4,15
0.0,0.0,38.0,3,2023,4,15
0.0,0.0,39.0,3,2023,4,15
0.0,0.0,44.0,3,2023,4,15
0.0,0.0,5.0,4,2023,4,15
0.0,0.0,9.0,4,2023,4,15
0.0,0.0,11.0,4,2023,4,15
0.0,0.0,13.0,4,2023,4,15
0.0,0.0,25.0,4,2023,4,15
0.0,0.0,29.0,4,2023,4,15
0.0,0.0,30.0,4,2023,4,15
0.0,0.0,32.0,4,2023,4,15
0.0,0.0,37.0,4,2023,4,15
0.0,0.0,38.0,4,2023,4,15
0.0,0.0,39.0,4,2023,4,15
0.0,0.0,44.0,4,2023,4,15
0.0,0.0,5.0,5,2023,4,15
0.0,0.0,9.0,5,2023,4,15
0.0,0.0,11.0,5,2023,4,15
0.0,0.0,13.0,5,2023,4,15
0.0,0.0,25.0,5,2023,4,15
0.0,0.0,29.0,5,2023,4,15
0.0,0.0,30.0,5,2023,4,15
0.0,0.0,32.0,5,2023,4,15
0.0,0.0,37.0,5,2023,4,15
0.0,0.0,38.0,5,2023,4,15
0.0,0.0,39.0,5,2023,4,15
0.0,0.0,44.0,5,2023,4,15
0.0,0.0,5.0,6,2023,4,15
0.0,0.0,9.0,6,2023,4,15
0.0,0.0,11.0,6,2023,4,15
0.0,0.0,13.0,6,2023,4,15
0.0,0.0,25.0,6,2023,4,15
0.0,0.0,29.0,6,2023,4,15
0.0,0.0,30.0,6,2023,4,15
0.0,0.0,32.0,6,2023,4,15
0.0,0.0,37.0,6,2023,4,15
0.0,0.0,38.0,6,2023,4,15
0.0,0.0,39.0,6,2023,4,15
0.0,0.0,44.0,6,2023,4,15
0.0,0.0,5.0,7,2023,4,15
0.0,0.0,9.0,7,2023,4,15
0.0,0.0,11.0,7,2023,4,15
0.0,0.0,13.0,7,2023,4,15
0.0,0.0,25.0,7,2023,4,15
0.0,0.0,29.0,7,2023,4,15
0.0,0.0,30.0,7,2023,4,15
0.0,0.0,32.0,7,2023,4,15
0.0,0.0,37.0,7,2023,4,15
0.0,0.0,38.0,7,2023,4,15
0.0,0.0,39.0,7,2023,4,15
0.0,0.0,44.0,7,2023,4,15
0.0,0.0,5.0,1,2023,4,18
0.0,0.0,9.0,1,2023,4,18
0.0,0.0,11.0,1,2023,4,18
0.0,0.0,13.0,1,2023,4,18
0.0,0.0,25.0,1,2023,4,18
0.0,0.0,29.0,1,2023,4,18
0.0,0.0,30.0,1,2023,4,18
0.0,0.0,32.0,1,2023,4,18
0.0,0.0,37.0,1,2023,4,18
0.0,0.0,38.0,1,2023,4,18
0.0,0.0,39.0,1,2023,4,18
0.0,0.0,44.0,1,2023,4,18
0.0,0.0,5.0,2,2023,4,18
0.0,0.0,9.0,2,2023,4,18
0.0,0.0,11.0,2,2023,4,18
0.0,0.0,13.0,2,2023,4,18
0.0,0.0,25.0,2,2023,4,18
0.0,0.0,29.0,2,2023,4,18
0.0,0.0,30.0,2,2023,4,18
0.0,0.0,32.0,2,2023,4,18
0.0,0.0,37.0,2,2023,4,18
0.0,0.0,38.0,2,2023,4,18
0.0,0.0,39.0,2,2023,4,18
0.0,0.0,44.0,2,2023,4,18
0.0,0.0,5.0,3,2023,4,18
0.0,0.0,9.0,3,2023,4,18
0.0,0.0,11.0,3,2023,4,18
0.0,0.0,13.0,3,2023,4,18
0.0,0.0,25.0,3,2023,4,18
0.0,0.0,29.0,3,2023,4,18
0.0,0.0,30.0,3,2023,4,18
0.0,0.0,32.0,3,2023,4,18
0.0,0.0,37.0,3,2023,4,18
0.0,0.0,38.0,3,2023,4,18
0.0,0.0,39.0,3,2023,4,18
0.0,0.0,44.0,3,2023,4,18
0.0,0.0,5.0,4,2023,4,18
0.0,0.0,9.0,4,2023,4,18
0.0,0.0,11.0,4,2023,4,18
0.0,0.0,13.0,4,2023,4,18
0.0,0.0,25.0,4,2023,4,18
0.0,0.0,29.0,4,2023,4,18
0.0,0.0,30.0,4,2023,4,18
0.0,0.0,32.0,4,2023,4,18
0.0,0.0,37.0,4,2023,4,18
0.0,0.0,38.0,4,2023,4,18
0.0,0.0,39.0,4,2023,4,18
0.0,0.0,44.0,4,2023,4,18
0.0,0.0,5.0,5,2023,4,18
0.0,0.9999998807907104,9.0,5,2023,4,18
0.0,0.0,11.0,5,2023,4,18
0.0,0.0999999120831489,13.0,5,2023,4,18
0.0,0.0,25.0,5,2023,4,18
0.0,0.0,29.0,5,2023,4,18
0.0,0.0,30.0,5,2023,4,18
0.0,0.0,32.0,5,2023,4,18
0.0,0.0,37.0,5,2023,4,18
0.0,0.0,38.0,5,2023,4,18
0.0,0.0,39.0,5,2023,4,18
0.0,0.0,44.0,5,2023,4,18
0.2473371624946594,0.0,5.0,6,2023,4,18
0.9029553532600404,0.0,9.0,6,2023,4,18
1.4923725128173828,0.0,11.0,6,2023,4,18
2.0291216373443604,0.0,13.0,6,2023,4,18
2.821535110473633,0.0,25.0,6,2023,4,18
1.0496655702590942,0.0,29.0,6,2023,4,18
5.963634967803955,0.0,30.0,6,2023,4,18
5.017073154449463,0.0,32.0,6,2023,4,18
4.7696638107299805,0.0,37.0,6,2023,4,18
2.4677700996398926,0.0,38.0,6,2023,4,18
2.817247152328491,1.999999761581421,39.0,6,2023,4,18
2.780348539352417,4.0,44.0,6,2023,4,18
5.952210903167725,0.9999998807907104,5.0,7,2023,4,18
7.386704921722412,0.0,9.0,7,2023,4,18
5.027096271514893,0.0,11.0,7,2023,4,18
8.56230640411377,0.0,13.0,7,2023,4,18
8.289743423461914,1.999999761581421,25.0,7,2023,4,18
5.054540157318115,0.0,29.0,7,2023,4,18
6.596171855926514,0.0,30.0,7,2023,4,18
8.870757102966309,0.0,32.0,7,2023,4,18
7.508608818054199,0.0,37.0,7,2023,4,18
5.697916030883789,0.0,38.0,7,2023,4,18
7.25128698348999,0.0,39.0,7,2023,4,18
9.286319732666016,0.0,44.0,7,2023,4,18
0.0,0.0,5.0,1,2023,4,22
1.0814049243927002,0.9999998807907104,9.0,1,2023,4,22
0.0,0.0,11.0,1,2023,4,22
1.6754194498062134,0.0999999120831489,13.0,1,2023,4,22
1.965075135231018,0.0,25.0,1,2023,4,22
0.0,0.0,29.0,1,2023,4,22
2.595364809036255,0.0,30.0,1,2023,4,22
0.0,0.0,32.0,1,2023,4,22
0.0,0.0,37.0,1,2023,4,22
0.0,0.0,38.0,1,2023,4,22
0.0,0.0,39.0,1,2023,4,22
0.0,0.0,44.0,1,2023,4,22
0.0,0.0,5.0,2,2023,4,22
1.1426419019699097,0.0,9.0,2,2023,4,22
0.0,0.0,11.0,2,2023,4,22
1.6153485774993896,0.0,13.0,2,2023,4,22
1.4909002780914309,0.0,25.0,2,2023,4,22
0.0,0.0,29.0,2,2023,4,22
2.9663209915161133,0.0,30.0,2,2023,4,22
0.0,0.0,32.0,2,2023,4,22
0.0,0.0,37.0,2,2023,4,22
0.0,0.0,38.0,2,2023,4,22
1.9713823795318604,1.999999761581421,39.0,2,2023,4,22
2.038759469985962,4.0,44.0,2,2023,4,22
3.289473056793213,0.9999998807907104,5.0,3,2023,4,22
2.003408432006836,0.0,9.0,3,2023,4,22
1.6993054151535034,0.0,11.0,3,2023,4,22
2.6826422214508057,0.0,13.0,3,2023,4,22
4.137125015258789,1.999999761581421,25.0,3,2023,4,22
2.8409416675567627,0.0,29.0,3,2023,4,22
4.564461708068848,0.0,30.0,3,2023,4,22
8.084365844726562,0.0,32.0,3,2023,4,22
5.644247055053711,0.0,37.0,3,2023,4,22
3.734608173370361,0.0,38.0,3,2023,4,22
7.316756248474121,0.0,39.0,3,2023,4,22
9.328312873840332,0.0,44.0,3,2023,4,22
7.703891277313232,15.0,5.0,4,2023,4,22
16.899593353271484,1.999999761581421,9.0,4,2023,4,22
9.217723846435549,1.999999761581421,11.0,4,2023,4,22
14.73886775970459,9.0,13.0,4,2023,4,22
10.256227493286133,8.0,25.0,4,2023,4,22
5.803821086883545,7.0,29.0,4,2023,4,22
8.400601387023926,0.5,30.0,4,2023,4,22
11.759132385253906,0.0,32.0,4,2023,4,22
9.042576789855955,12.000001907348633,37.0,4,2023,4,22
6.477591037750244,0.0,38.0,4,2023,4,22
9.470699310302734,0.9999998807907104,39.0,4,2023,4,22
13.716010093688965,0.4000000953674316,44.0,4,2023,4,22
3.6765992641448975,23.0,5.0,5,2023,4,22
7.157758712768555,10.000000953674316,9.0,5,2023,4,22
6.205850124359131,12.000001907348633,11.0,5,2023,4,22
7.274128913879394,13.000000953674316,13.0,5,2023,4,22
4.119852066040039,9.0,25.0,5,2023,4,22
3.3463358879089355,26.00000762939453,29.0,5,2023,4,22
2.6997594833374023,14.000000953674316,30.0,5,2023,4,22
1.3442970514297483,7.0,32.0,5,2023,4,22
1.3848249912261963,10.000000953674316,37.0,5,2023,4,22
1.9853172302246092,18.000003814697266,38.0,5,2023,4,22
1.560746192932129,0.9999998807907104,39.0,5,2023,4,22
0.7198408246040344,2.6000001430511475,44.0,5,2023,4,22
5.102858066558838,0.0,5.0,6,2023,4,22
9.847076416015623,4.0,9.0,6,2023,4,22
10.139492988586426,0.0,11.0,6,2023,4,22
10.873618125915527,0.0999999120831489,13.0,6,2023,4,22
5.45128059387207,8.0,25.0,6,2023,4,22
4.732967376708984,0.2000000178813934,29.0,6,2023,4,22
3.023231029510498,0.0,30.0,6,2023,4,22
2.2431483268737797,0.0,32.0,6,2023,4,22
1.5768086910247805,0.0,37.0,6,2023,4,22
1.3413469791412354,0.0,38.0,6,2023,4,22
1.909643650054932,0.5999999046325684,39.0,6,2023,4,22
1.8144025802612305,0.0,44.0,6,2023,4,22
0.0,5.0,5.0,7,2023,4,22
0.0,13.000000953674316,9.0,7,2023,4,22
0.0,0.0,11.0,7,2023,4,22
0.0,4.0,13.0,7,2023,4,22
1.082955837249756,5.999999523162842,25.0,7,2023,4,22
0.0,14.000000953674316,29.0,7,2023,4,22
1.649030089378357,0.5999999046325684,30.0,7,2023,4,22
0.0,8.399998664855957,32.0,7,2023,4,22
0.0,1.999999761581421,37.0,7,2023,4,22
0.0,0.9999998807907104,38.0,7,2023,4,22
0.0,16.0,39.0,7,2023,4,22
1.5023179054260254,0.0,44.0,7,2023,4,22
6.499631881713867,15.0,5.0,1,2023,4,25
10.030885696411133,1.999999761581421,9.0,1,2023,4,25
5.72248649597168,1.999999761581421,11.0,1,2023,4,25
8.733287811279297,9.0,13.0,1,2023,4,25
8.387081146240234,8.0,25.0,1,2023,4,25
5.32337760925293,7.0,29.0,1,2023,4,25
7.298644542694092,0.5,30.0,1,2023,4,25
6.502518653869629,0.0,32.0,1,2023,4,25
6.991467475891113,12.000001907348633,37.0,1,2023,4,25
7.112551212310791,0.0,38.0,1,2023,4,25
6.207698822021484,0.9999998807907104,39.0,1,2023,4,25
8.231501579284668,0.4000000953674316,44.0,1,2023,4,25
3.004868984222412,23.0,5.0,2,2023,4,25
3.772080659866333,10.000000953674316,9.0,2,2023,4,25
6.571837425231934,12.000001907348633,11.0,2,2023,4,25
5.402721881866455,13.000000953674316,13.0,2,2023,4,25
2.3685755729675293,9.0,25.0,2,2023,4,25
3.946358442306519,26.00000762939453,29.0,2,2023,4,25
1.3165252208709717,14.000000953674316,30.0,2,2023,4,25
1.170879602432251,7.0,32.0,2,2023,4,25
1.0144951343536377,10.000000953674316,37.0,2,2023,4,25
1.333428144454956,18.000003814697266,38.0,2,2023,4,25
1.018662452697754,0.9999998807907104,39.0,2,2023,4,25
0.8084380030632019,2.6000001430511475,44.0,2,2023,4,25
2.832500696182251,0.0,5.0,3,2023,4,25
5.452852725982666,4.0,9.0,3,2023,4,25
4.0839524269104,0.0,11.0,3,2023,4,25
5.219470977783203,0.0999999120831489,13.0,3,2023,4,25
3.116121292114258,8.0,25.0,3,2023,4,25
2.320152282714844,0.2000000178813934,29.0,3,2023,4,25
2.025653839111328,0.0,30.0,3,2023,4,25
1.8704901933670044,0.0,32.0,3,2023,4,25
1.6467747688293457,0.0,37.0,3,2023,4,25
1.4958417415618896,0.0,38.0,3,2023,4,25
1.8113621473312376,0.5999999046325684,39.0,3,2023,4,25
1.2460277080535889,0.0,44.0,3,2023,4,25
2.296187400817871,5.0,5.0,4,2023,4,25
7.1439127922058105,13.000000953674316,9.0,4,2023,4,25
4.059988021850586,0.0,11.0,4,2023,4,25
6.644969463348389,4.0,13.0,4,2023,4,25
4.063735008239746,5.999999523162842,25.0,4,2023,4,25
1.4666104316711426,14.000000953674316,29.0,4,2023,4,25
5.64915943145752,0.5999999046325684,30.0,4,2023,4,25
6.448713779449463,8.399998664855957,32.0,4,2023,4,25
4.840713024139404,1.999999761581421,37.0,4,2023,4,25
2.272987365722656,0.9999998807907104,38.0,4,2023,4,25
4.513659477233887,16.0,39.0,4,2023,4,25
6.244667053222656,0.0,44.0,4,2023,4,25
11.428812980651855,33.0,5.0,5,2023,4,25
22.93174743652344,38.00000762939453,9.0,5,2023,4,25
17.165691375732422,13.000000953674316,11.0,5,2023,4,25
21.93059539794922,22.0000057220459,13.0,5,2023,4,25
13.704267501831056,54.00000381469727,25.0,5,2023,4,25
10.411635398864746,10.000000953674316,29.0,5,2023,4,25
9.517012596130373,36.399993896484375,30.0,5,2023,4,25
13.204278945922852,22.0000057220459,32.0,5,2023,4,25
10.183083534240724,26.00000762939453,37.0,5,2023,4,25
7.976442813873291,20.99999618530273,38.0,5,2023,4,25
10.742490768432615,14.000000953674316,39.0,5,2023,4,25
12.807157516479492,23.0,44.0,5,2023,4,25
7.428607940673828,3.200000286102295,5.0,6,2023,4,25
15.135607719421388,0.9999998807907104,9.0,6,2023,4,25
11.434880256652832,11.0,11.0,6,2023,4,25
14.026735305786133,0.9999998807907104,13.0,6,2023,4,25
7.545679092407227,7.1999993324279785,25.0,6,2023,4,25
6.95805549621582,5.999999523162842,29.0,6,2023,4,25
4.707768440246582,5.999999523162842,30.0,6,2023,4,25
3.5055465698242188,1.999999761581421,32.0,6,2023,4,25
3.5720114707946777,1.999999761581421,37.0,6,2023,4,25
3.9598350524902335,5.999999523162842,38.0,6,2023,4,25
3.263146162033081,5.0,39.0,6,2023,4,25
2.993288040161133,8.0,44.0,6,2023,4,25
2.849343776702881,0.0,5.0,7,2023,4,25
5.694031238555908,0.0,9.0,7,2023,4,25
4.443669319152832,0.0,11.0,7,2023,4,25
6.043549060821533,0.0,13.0,7,2023,4,25
3.808061122894287,0.0,25.0,7,2023,4,25
3.388770818710327,0.0,29.0,7,2023,4,25
3.6628689765930176,0.0,30.0,7,2023,4,25
4.007821559906006,0.0999999120831489,32.0,7,2023,4,25
3.661036491394043,0.0,37.0,7,2023,4,25
1.704403042793274,0.0,38.0,7,2023,4,25
2.954686403274536,0.0,39.0,7,2023,4,25
2.5061421394348145,0.0,44.0,7,2023,4,25
15.596359252929688,33.0,5.0,1,2023,4,29
22.086259841918945,38.00000762939453,9.0,1,2023,4,29
21.934017181396484,13.000000953674316,11.0,1,2023,4,29
23.502859115600582,22.0000057220459,13.0,1,2023,4,29
19.03055953979492,54.00000381469727,25.0,1,2023,4,29
17.635068893432617,10.000000953674316,29.0,1,2023,4,29
13.14555549621582,36.399993896484375,30.0,1,2023,4,29
11.34046459197998,22.0000057220459,32.0,1,2023,4,29
12.243278503417969,26.00000762939453,37.0,1,2023,4,29
15.202140808105469,20.99999618530273,38.0,1,2023,4,29
11.34333324432373,14.000000953674316,39.0,1,2023,4,29
13.392112731933594,23.0,44.0,1,2023,4,29
5.235153198242188,3.200000286102295,5.0,2,2023,4,29
7.766045570373535,0.9999998807907104,9.0,2,2023,4,29
9.736908912658691,11.0,11.0,2,2023,4,29
8.542590141296387,0.9999998807907104,13.0,2,2023,4,29
4.716712474822998,7.1999993324279785,25.0,2,2023,4,29
5.904080390930176,5.999999523162842,29.0,2,2023,4,29
2.7668464183807373,5.999999523162842,30.0,2,2023,4,29
1.8594993352890012,1.999999761581421,32.0,2,2023,4,29
2.1855297088623047,1.999999761581421,37.0,2,2023,4,29
3.0121304988861084,5.999999523162842,38.0,2,2023,4,29
1.9150662422180176,5.0,39.0,2,2023,4,29
1.1282835006713867,8.0,44.0,2,2023,4,29
4.74067497253418,0.0,5.0,3,2023,4,29
9.061054229736328,0.0,9.0,3,2023,4,29
7.681963443756103,0.0,11.0,3,2023,4,29
9.05515480041504,0.0,13.0,3,2023,4,29
4.823480129241943,0.0,25.0,3,2023,4,29
4.0463056564331055,0.0,29.0,3,2023,4,29
2.652477264404297,0.0,30.0,3,2023,4,29
2.356819629669189,0.0999999120831489,32.0,3,2023,4,29
2.301290273666382,0.0,37.0,3,2023,4,29
2.1122231483459477,0.0,38.0,3,2023,4,29
2.220028877258301,0.0,39.0,3,2023,4,29
1.5648820400238037,0.0,44.0,3,2023,4,29
1.922720551490784,0.0,5.0,4,2023,4,29
5.861511707305908,1.999999761581421,9.0,4,2023,4,29
4.146669864654541,1.999999761581421,11.0,4,2023,4,29
5.758083343505859,4.0,13.0,4,2023,4,29
2.813575267791748,0.4000000953674316,25.0,4,2023,4,29
1.381258845329285,3.399999618530273,29.0,4,2023,4,29
2.153742551803589,0.0999999120831489,30.0,4,2023,4,29
1.6946465969085691,0.0,32.0,4,2023,4,29
1.3340580463409424,0.2000000178813934,37.0,4,2023,4,29
0.8193610906600952,0.0,38.0,4,2023,4,29
1.2655861377716064,0.0,39.0,4,2023,4,29
1.4479100704193115,0.4000000953674316,44.0,4,2023,4,29
0.8434373140335083,0.0,5.0,5,2023,4,29
1.6727840900421145,0.0,9.0,5,2023,4,29
1.3058476448059082,0.0,11.0,5,2023,4,29
1.9132277965545652,0.0,13.0,5,2023,4,29
1.4182870388031006,0.0,25.0,5,2023,4,29
0.0,0.0,29.0,5,2023,4,29
1.922582983970642,0.0,30.0,5,2023,4,29
0.0,0.0,32.0,5,2023,4,29
0.0,0.0,37.0,5,2023,4,29
0.0,0.2000000178813934,38.0,5,2023,4,29
1.6654696464538574,0.0,39.0,5,2023,4,29
1.1418828964233398,0.0,44.0,5,2023,4,29
0.0,0.0,5.0,6,2023,4,29
0.0,0.0,9.0,6,2023,4,29
0.0,0.0,11.0,6,2023,4,29
0.0,0.0,13.0,6,2023,4,29
0.7611478567123413,0.0,25.0,6,2023,4,29
0.0,0.0,29.0,6,2023,4,29
0.0,0.0,30.0,6,2023,4,29
0.0,0.0,32.0,6,2023,4,29
0.0,0.0,37.0,6,2023,4,29
0.0,0.0,38.0,6,2023,4,29
0.0,0.0,39.0,6,2023,4,29
0.0,0.0,44.0,6,2023,4,29
0.0,0.0,5.0,7,2023,4,29
0.0,0.0,9.0,7,2023,4,29
0.0,0.0,11.0,7,2023,4,29
0.0,0.0,13.0,7,2023,4,29
0.7744149565696716,0.0,25.0,7,2023,4,29
0.0,0.0,29.0,7,2023,4,29
0.0,0.0,30.0,7,2023,4,29
0.0,0.0,32.0,7,2023,4,29
0.0,0.0,37.0,7,2023,4,29
0.0,0.0,38.0,7,2023,4,29
0.0,0.0,39.0,7,2023,4,29
0.0,0.0,44.0,7,2023,4,29
7.261160850524902,0.0,5.0,1,2023,5,2
13.311159133911133,1.999999761581421,9.0,1,2023,5,2
12.575644493103027,1.999999761581421,11.0,1,2023,5,2
13.496265411376951,4.0,13.0,1,2023,5,2
7.914388656616211,0.4000000953674316,25.0,1,2023,5,2
6.942336082458496,3.399999618530273,29.0,1,2023,5,2
5.623624801635742,0.0999999120831489,30.0,1,2023,5,2
3.4950740337371826,0.0,32.0,1,2023,5,2
4.4174675941467285,0.2000000178813934,37.0,1,2023,5,2
5.113056182861328,0.0,38.0,1,2023,5,2
4.156103610992432,0.0,39.0,1,2023,5,2
3.229965686798096,0.4000000953674316,44.0,1,2023,5,2
0.0,0.0,5.0,2,2023,5,2
0.0,0.0,9.0,2,2023,5,2
0.0,0.0,11.0,2,2023,5,2
0.0,0.0,13.0,2,2023,5,2
0.728577733039856,0.0,25.0,2,2023,5,2
0.0,0.0,29.0,2,2023,5,2
0.0,0.0,30.0,2,2023,5,2
0.0,0.0,32.0,2,2023,5,2
0.0,0.0,37.0,2,2023,5,2
0.0,0.2000000178813934,38.0,2,2023,5,2
0.0,0.0,39.0,2,2023,5,2
0.0,0.0,44.0,2,2023,5,2
0.0,0.0,5.0,3,2023,5,2
0.0,0.0,9.0,3,2023,5,2
0.0,0.0,11.0,3,2023,5,2
0.0,0.0,13.0,3,2023,5,2
0.0,0.0,25.0,3,2023,5,2
0.0,0.0,29.0,3,2023,5,2
0.0,0.0,30.0,3,2023,5,2
0.0,0.0,32.0,3,2023,5,2
0.0,0.0,37.0,3,2023,5,2
0.0,0.0,38.0,3,2023,5,2
0.0,0.0,39.0,3,2023,5,2
0.0,0.0,44.0,3,2023,5,2
0.0,0.0,5.0,4,2023,5,2
0.0,0.0,9.0,4,2023,5,2
0.0,0.0,11.0,4,2023,5,2
0.0,0.0,13.0,4,2023,5,2
0.0,0.0,25.0,4,2023,5,2
0.0,0.0,29.0,4,2023,5,2
0.0,0.0,30.0,4,2023,5,2
0.0,0.0,32.0,4,2023,5,2
0.0,0.0,37.0,4,2023,5,2
0.0,0.0,38.0,4,2023,5,2
0.0,0.0,39.0,4,2023,5,2
0.0,0.0,44.0,4,2023,5,2
0.0,0.0,5.0,5,2023,5,2
0.0,0.0,9.0,5,2023,5,2
0.0,0.0,11.0,5,2023,5,2
0.0,0.0,13.0,5,2023,5,2
0.0,0.0,25.0,5,2023,5,2
0.0,0.0,29.0,5,2023,5,2
0.0,0.0,30.0,5,2023,5,2
0.0,0.0,32.0,5,2023,5,2
0.0,0.0,37.0,5,2023,5,2
0.0,0.0,38.0,5,2023,5,2
0.0,0.0,39.0,5,2023,5,2
0.0,0.0,44.0,5,2023,5,2
0.4331960678100586,0.0,5.0,6,2023,5,2
1.1652452945709229,0.0,9.0,6,2023,5,2
1.6382076740264893,0.0,11.0,6,2023,5,2
2.368727684020996,0.0,13.0,6,2023,5,2
3.498307943344116,0.0,25.0,6,2023,5,2
1.3110196590423584,0.0,29.0,6,2023,5,2
6.103653430938721,0.0,30.0,6,2023,5,2
7.932231903076172,0.0,32.0,6,2023,5,2
6.282099723815918,0.0,37.0,6,2023,5,2
3.412454128265381,0.0,38.0,6,2023,5,2
6.659351348876953,0.0,39.0,6,2023,5,2
9.872342109680176,0.0,44.0,6,2023,5,2
6.093500137329102,7.0,5.0,7,2023,5,2
8.20528507232666,5.999999523162842,9.0,7,2023,5,2
4.9706315994262695,0.0,11.0,7,2023,5,2
8.80312728881836,0.9999998807907104,13.0,7,2023,5,2
8.160250663757324,7.0,25.0,7,2023,5,2
4.862195491790772,3.0,29.0,7,2023,5,2
5.955269813537598,0.0,30.0,7,2023,5,2
8.422971725463867,8.0,32.0,7,2023,5,2
8.689386367797852,0.0,37.0,7,2023,5,2
4.894174575805664,1.999999761581421,38.0,7,2023,5,2
7.954603672027588,0.5999999046325684,39.0,7,2023,5,2
10.084668159484863,3.0,44.0,7,2023,5,2
0.0,0.0,5.0,1,2023,5,6
0.0,0.0,9.0,1,2023,5,6
0.0,0.0,11.0,1,2023,5,6
0.0,0.0,13.0,1,2023,5,6
0.0,0.0,25.0,1,2023,5,6
0.0,0.0,29.0,1,2023,5,6
0.0,0.0,30.0,1,2023,5,6
0.0,0.0,32.0,1,2023,5,6
0.0,0.0,37.0,1,2023,5,6
0.0,0.0,38.0,1,2023,5,6
0.0,0.0,39.0,1,2023,5,6
0.0,0.0,44.0,1,2023,5,6
2.5231401920318604,0.0,5.0,2,2023,5,6
2.7416205406188965,0.0,9.0,2,2023,5,6
2.1672205924987797,0.0,11.0,2,2023,5,6
3.177754163742065,0.0,13.0,2,2023,5,6
3.456672430038452,0.0,25.0,2,2023,5,6
1.913857102394104,0.0,29.0,2,2023,5,6
3.424818277359009,0.0,30.0,2,2023,5,6
6.253082752227783,0.0,32.0,2,2023,5,6
4.282111644744873,0.0,37.0,2,2023,5,6
2.933854103088379,0.0,38.0,2,2023,5,6
6.017062664031982,0.0,39.0,2,2023,5,6
8.679765701293945,0.0,44.0,2,2023,5,6
7.356078147888184,7.0,5.0,3,2023,5,6
10.914478302001951,5.999999523162842,9.0,3,2023,5,6
7.074966430664063,0.0,11.0,3,2023,5,6
10.324729919433594,0.9999998807907104,13.0,3,2023,5,6
8.926838874816895,7.0,25.0,3,2023,5,6
7.218828201293945,3.0,29.0,3,2023,5,6
5.77244758605957,0.0,30.0,3,2023,5,6
5.95402717590332,8.0,32.0,3,2023,5,6
5.758358001708984,0.0,37.0,3,2023,5,6
6.116338729858398,1.999999761581421,38.0,3,2023,5,6
5.039187431335449,0.5999999046325684,39.0,3,2023,5,6
6.6553497314453125,3.0,44.0,3,2023,5,6
6.658244609832764,5.999999523162842,5.0,4,2023,5,6
12.91887664794922,6.299999237060547,9.0,4,2023,5,6
11.759265899658203,11.0,11.0,4,2023,5,6
13.493690490722656,29.600000381469727,13.0,4,2023,5,6
7.18043327331543,0.9999998807907104,25.0,4,2023,5,6
6.5056867599487305,0.0,29.0,4,2023,5,6
4.458364963531494,0.0,30.0,4,2023,5,6
4.0797119140625,0.0,32.0,4,2023,5,6
4.484021186828613,0.0,37.0,4,2023,5,6
3.9706337451934814,0.0,38.0,4,2023,5,6
3.584503650665283,0.0,39.0,4,2023,5,6
4.092312812805176,0.0,44.0,4,2023,5,6
5.489593505859375,15.0,5.0,5,2023,5,6
9.625972747802734,0.0,9.0,5,2023,5,6
7.224475860595703,0.0999999120831489,11.0,5,2023,5,6
9.642998695373535,0.0,13.0,5,2023,5,6
7.218760013580322,18.000003814697266,25.0,5,2023,5,6
4.23419713973999,13.000000953674316,29.0,5,2023,5,6
4.905634880065918,4.200000762939453,30.0,5,2023,5,6
4.595660209655762,45.0,32.0,5,2023,5,6
4.600491046905518,8.0,37.0,5,2023,5,6
3.861785411834717,6.399999141693115,38.0,5,2023,5,6
4.927278518676758,9.0,39.0,5,2023,5,6
5.359354019165039,17.0,44.0,5,2023,5,6
15.979660987854004,0.0,5.0,6,2023,5,6
26.130420684814453,37.0,9.0,6,2023,5,6
23.397388458251957,19.99999618530273,11.0,6,2023,5,6
27.89263343811035,87.00000762939453,13.0,6,2023,5,6
19.41983795166016,0.0,25.0,6,2023,5,6
13.887237548828123,0.0,29.0,6,2023,5,6
11.455368041992188,0.0,30.0,6,2023,5,6
14.035390853881836,10.000000953674316,32.0,6,2023,5,6
12.397523880004885,0.0,37.0,6,2023,5,6
11.988101959228516,0.0,38.0,6,2023,5,6
12.2853422164917,0.0,39.0,6,2023,5,6
14.962016105651855,1.1000001430511477,44.0,6,2023,5,6
10.014289855957031,5.0,5.0,7,2023,5,6
24.028425216674805,7.0,9.0,7,2023,5,6
20.921537399291992,7.0,11.0,7,2023,5,6
25.67172241210937,9.0,13.0,7,2023,5,6
12.00856590270996,3.399999618530273,25.0,7,2023,5,6
11.04100227355957,3.0,29.0,7,2023,5,6
6.103737831115723,0.9999998807907104,30.0,7,2023,5,6
7.378676414489746,0.0999999120831489,32.0,7,2023,5,6
7.895910739898682,0.4000000953674316,37.0,7,2023,5,6
5.347614288330078,0.8999999761581421,38.0,7,2023,5,6
5.439340591430664,0.5,39.0,7,2023,5,6
7.25197172164917,0.3000000715255737,44.0,7,2023,5,6
11.8651123046875,5.999999523162842,5.0,1,2023,5,9
22.429737091064453,6.299999237060547,9.0,1,2023,5,9
21.910430908203125,11.0,11.0,1,2023,5,9
22.68338966369629,29.600000381469727,13.0,1,2023,5,9
12.249067306518556,0.9999998807907104,25.0,1,2023,5,9
12.078636169433594,0.0,29.0,1,2023,5,9
9.70069408416748,0.0,30.0,1,2023,5,9
6.473992347717285,0.0,32.0,1,2023,5,9
7.620364189147949,0.0,37.0,1,2023,5,9
8.077771186828613,0.0,38.0,1,2023,5,9
5.93742561340332,0.0,39.0,1,2023,5,9
5.607765197753906,0.0,44.0,1,2023,5,9
5.439844131469727,15.0,5.0,2,2023,5,9
7.103867530822754,0.0,9.0,2,2023,5,9
6.559652805328369,0.0999999120831489,11.0,2,2023,5,9
7.6437788009643555,0.0,13.0,2,2023,5,9
6.933628559112549,18.000003814697266,25.0,2,2023,5,9
5.347055435180664,13.000000953674316,29.0,2,2023,5,9
5.395269393920898,4.200000762939453,30.0,2,2023,5,9
7.444484233856201,45.0,32.0,2,2023,5,9
5.593183994293213,8.0,37.0,2,2023,5,9
4.556510925292969,6.399999141693115,38.0,2,2023,5,9
6.778369903564453,9.0,39.0,2,2023,5,9
9.125210762023926,17.0,44.0,2,2023,5,9
12.552104949951172,0.0,5.0,3,2023,5,9
17.6190185546875,37.0,9.0,3,2023,5,9
17.662715911865234,19.99999618530273,11.0,3,2023,5,9
19.55316162109375,87.00000762939453,13.0,3,2023,5,9
13.532971382141112,0.0,25.0,3,2023,5,9
12.795292854309082,0.0,29.0,3,2023,5,9
9.055150032043455,0.0,30.0,3,2023,5,9
15.166213035583496,10.000000953674316,32.0,3,2023,5,9
9.906830787658691,0.0,37.0,3,2023,5,9
8.639739990234375,0.0,38.0,3,2023,5,9
11.026344299316406,0.0,39.0,3,2023,5,9
17.074363708496094,1.1000001430511477,44.0,3,2023,5,9
8.660118103027344,5.0,5.0,4,2023,5,9
11.508896827697754,7.0,9.0,4,2023,5,9
10.892098426818848,7.0,11.0,4,2023,5,9
13.452211380004885,9.0,13.0,4,2023,5,9
10.598499298095703,3.399999618530273,25.0,4,2023,5,9
8.467225074768066,3.0,29.0,4,2023,5,9
7.0108160972595215,0.9999998807907104,30.0,4,2023,5,9
7.593568801879883,0.0999999120831489,32.0,4,2023,5,9
5.927178382873535,0.4000000953674316,37.0,4,2023,5,9
7.173600196838379,0.8999999761581421,38.0,4,2023,5,9
5.915398597717285,0.5,39.0,4,2023,5,9
9.897941589355469,0.3000000715255737,44.0,4,2023,5,9
14.225624084472656,14.000000953674316,5.0,5,2023,5,9
18.058988571166992,14.000000953674316,9.0,5,2023,5,9
15.794090270996094,12.000001907348633,11.0,5,2023,5,9
18.170080184936523,18.000003814697266,13.0,5,2023,5,9
12.882850646972656,11.0,25.0,5,2023,5,9
12.008081436157228,16.0,29.0,5,2023,5,9
10.221872329711914,7.0,30.0,5,2023,5,9
8.045366287231445,6.299999237060547,32.0,5,2023,5,9
9.471470832824709,3.1000001430511475,37.0,5,2023,5,9
10.808809280395508,3.0,38.0,5,2023,5,9
7.298177719116211,0.9999998807907104,39.0,5,2023,5,9
6.401535987854004,2.499999761581421,44.0,5,2023,5,9
4.159659385681152,8.0,5.0,6,2023,5,9
6.913907527923584,0.0,9.0,6,2023,5,9
4.997554779052734,7.0,11.0,6,2023,5,9
7.038630962371826,11.0,13.0,6,2023,5,9
4.649855613708496,5.999999523162842,25.0,6,2023,5,9
3.894084453582764,12.000001907348633,29.0,6,2023,5,9
2.9944748878479004,10.000000953674316,30.0,6,2023,5,9
2.570518016815185,11.0,32.0,6,2023,5,9
3.057528257369995,5.999999523162842,37.0,6,2023,5,9
3.0940206050872803,9.0,38.0,6,2023,5,9
2.7663278579711914,3.0,39.0,6,2023,5,9
3.7609148025512695,1.899999976158142,44.0,6,2023,5,9
4.71380615234375,1.1000001430511477,5.0,7,2023,5,9
10.306638717651367,26.00000762939453,9.0,7,2023,5,9
8.200725555419922,0.0,11.0,7,2023,5,9
10.875480651855469,12.000001907348633,13.0,7,2023,5,9
5.812962532043457,1.1000001430511477,25.0,7,2023,5,9
4.65280294418335,0.0,29.0,7,2023,5,9
3.832041263580322,5.999999523162842,30.0,7,2023,5,9
5.33234977722168,4.0,32.0,7,2023,5,9
4.085457801818848,0.0,37.0,7,2023,5,9
2.8553333282470703,0.0,38.0,7,2023,5,9
5.228604793548584,12.000001907348633,39.0,7,2023,5,9
4.691675186157227,0.0,44.0,7,2023,5,9
9.834990501403809,14.000000953674316,5.0,1,2023,5,13
23.03187561035156,14.000000953674316,9.0,1,2023,5,13
24.50783920288086,12.000001907348633,11.0,1,2023,5,13
23.35851287841797,18.000003814697266,13.0,1,2023,5,13
9.134509086608888,11.0,25.0,1,2023,5,13
10.71208953857422,16.0,29.0,1,2023,5,13
3.879298686981201,7.0,30.0,1,2023,5,13
1.9278188943862915,6.299999237060547,32.0,1,2023,5,13
1.9530084133148196,3.1000001430511475,37.0,1,2023,5,13
2.531112670898437,3.0,38.0,1,2023,5,13
1.5053389072418213,0.9999998807907104,39.0,1,2023,5,13
1.0625544786453247,2.499999761581421,44.0,1,2023,5,13
9.854897499084473,8.0,5.0,2,2023,5,13
11.464292526245115,0.0,9.0,2,2023,5,13
13.905847549438477,7.0,11.0,2,2023,5,13
13.06959056854248,11.0,13.0,2,2023,5,13
9.37760066986084,5.999999523162842,25.0,2,2023,5,13
8.573450088500977,12.000001907348633,29.0,2,2023,5,13
5.460168838500977,10.000000953674316,30.0,2,2023,5,13
3.287614107131958,11.0,32.0,2,2023,5,13
4.446609973907471,5.999999523162842,37.0,2,2023,5,13
6.822248458862305,9.0,38.0,2,2023,5,13
3.151840209960937,3.0,39.0,2,2023,5,13
2.54163122177124,1.899999976158142,44.0,2,2023,5,13
5.546874046325684,1.1000001430511477,5.0,3,2023,5,13
12.610762596130373,26.00000762939453,9.0,3,2023,5,13
11.03829860687256,0.0,11.0,3,2023,5,13
12.550909042358398,12.000001907348633,13.0,3,2023,5,13
6.1323771476745605,1.1000001430511477,25.0,3,2023,5,13
5.030057907104492,0.0,29.0,3,2023,5,13
2.7926740646362305,5.999999523162842,30.0,3,2023,5,13
3.082805633544922,4.0,32.0,3,2023,5,13
2.16235613822937,0.0,37.0,3,2023,5,13
1.7026405334472656,0.0,38.0,3,2023,5,13
2.78338623046875,12.000001907348633,39.0,3,2023,5,13
2.5636701583862305,0.0,44.0,3,2023,5,13
0.811395525932312,0.0,5.0,4,2023,5,13
1.9564942121505735,0.0,9.0,4,2023,5,13
1.5556458234786987,0.0,11.0,4,2023,5,13
2.252474069595337,0.0,13.0,4,2023,5,13
1.4307628870010376,0.0,25.0,4,2023,5,13
0.0,0.0,29.0,4,2023,5,13
0.0,0.0,30.0,4,2023,5,13
0.0,0.0,32.0,4,2023,5,13
0.0,0.0,37.0,4,2023,5,13
0.0,0.0,38.0,4,2023,5,13
0.0,0.0,39.0,4,2023,5,13
0.0,0.0,44.0,4,2023,5,13
0.0,0.0,5.0,5,2023,5,13
0.8543033599853516,0.0,9.0,5,2023,5,13
0.0,0.0,11.0,5,2023,5,13
0.0,0.0,13.0,5,2023,5,13
0.9194004535675048,0.0,25.0,5,2023,5,13
0.0,0.0,29.0,5,2023,5,13
0.0,0.0,30.0,5,2023,5,13
0.0,0.0,32.0,5,2023,5,13
0.0,0.0,37.0,5,2023,5,13
0.0,0.0,38.0,5,2023,5,13
0.0,0.0,39.0,5,2023,5,13
0.0,0.0,44.0,5,2023,5,13
0.2415545731782913,0.0,5.0,6,2023,5,13
0.991489589214325,0.0,9.0,6,2023,5,13
1.1747673749923706,0.0,11.0,6,2023,5,13
1.597978591918945,0.0,13.0,6,2023,5,13
1.178105711936951,0.0,25.0,6,2023,5,13
0.0,0.0,29.0,6,2023,5,13
1.338083028793335,0.0,30.0,6,2023,5,13
0.0,0.0,32.0,6,2023,5,13
0.0,0.0,37.0,6,2023,5,13
0.0,0.0,38.0,6,2023,5,13
1.093494892120361,0.0,39.0,6,2023,5,13
1.3233758211135864,0.0,44.0,6,2023,5,13
0.3831164836883545,0.0,5.0,7,2023,5,13
0.901074767112732,0.0,9.0,7,2023,5,13
0.0,0.0,11.0,7,2023,5,13
1.5316011905670166,0.0,13.0,7,2023,5,13
1.242900848388672,0.0,25.0,7,2023,5,13
0.7802175283432007,0.0,29.0,7,2023,5,13
2.1961052417755127,0.0,30.0,7,2023,5,13
3.7720913887023926,0.0,32.0,7,2023,5,13
2.533062219619751,0.0,37.0,7,2023,5,13
1.2958074808120728,0.0,38.0,7,2023,5,13
2.7283754348754883,0.0,39.0,7,2023,5,13
3.5701239109039307,0.0,44.0,7,2023,5,13
0.0,0.0,5.0,1,2023,5,16
2.2610676288604736,0.0,9.0,1,2023,5,16
1.886552810668945,0.0,11.0,1,2023,5,16
2.4172909259796143,0.0,13.0,1,2023,5,16
1.6500422954559326,0.0,25.0,1,2023,5,16
0.0,0.0,29.0,1,2023,5,16
0.0,0.0,30.0,1,2023,5,16
0.0,0.0,32.0,1,2023,5,16
0.0,0.0,37.0,1,2023,5,16
0.0,0.0,38.0,1,2023,5,16
0.0,0.0,39.0,1,2023,5,16
0.0,0.0,44.0,1,2023,5,16
0.0,0.0,5.0,2,2023,5,16
0.0,0.0,9.0,2,2023,5,16
0.0,0.0,11.0,2,2023,5,16
0.0,0.0,13.0,2,2023,5,16
0.0,0.0,25.0,2,2023,5,16
0.0,0.0,29.0,2,2023,5,16
0.0,0.0,30.0,2,2023,5,16
0.0,0.0,32.0,2,2023,5,16
0.0,0.0,37.0,2,2023,5,16
0.0,0.0,38.0,2,2023,5,16
0.0,0.0,39.0,2,2023,5,16
0.0,0.0,44.0,2,2023,5,16
0.0,0.0,5.0,3,2023,5,16
0.6073459386825562,0.0,9.0,3,2023,5,16
0.0,0.0,11.0,3,2023,5,16
0.9769211411476136,0.0,13.0,3,2023,5,16
0.6745433211326599,0.0,25.0,3,2023,5,16
0.0,0.0,29.0,3,2023,5,16
0.0,0.0,30.0,3,2023,5,16
0.0,0.0,32.0,3,2023,5,16
0.0,0.0,37.0,3,2023,5,16
0.0,0.0,38.0,3,2023,5,16
0.0,0.0,39.0,3,2023,5,16
0.0,0.0,44.0,3,2023,5,16
0.0,0.0,5.0,4,2023,5,16
0.0,0.0,9.0,4,2023,5,16
0.0,0.0,11.0,4,2023,5,16
0.0,0.0,13.0,4,2023,5,16
0.0,0.0,25.0,4,2023,5,16
0.0,0.0,29.0,4,2023,5,16
0.0,0.0,30.0,4,2023,5,16
0.0,0.0,32.0,4,2023,5,16
0.0,0.0,37.0,4,2023,5,16
0.0,0.0,38.0,4,2023,5,16
1.390932559967041,0.0,39.0,4,2023,5,16
1.9880733489990237,0.0,44.0,4,2023,5,16
0.0,0.0,5.0,5,2023,5,16
0.0,0.0,9.0,5,2023,5,16
0.0,0.0,11.0,5,2023,5,16
0.0,0.0,13.0,5,2023,5,16
0.0,0.0,25.0,5,2023,5,16
0.0,0.0,29.0,5,2023,5,16
0.0,0.0,30.0,5,2023,5,16
0.0,0.0,32.0,5,2023,5,16
0.0,0.0,37.0,5,2023,5,16
0.0,0.0,38.0,5,2023,5,16
0.0,0.0,39.0,5,2023,5,16
1.4403499364852903,0.0,44.0,5,2023,5,16
0.0,0.0,5.0,6,2023,5,16
0.0,0.0,9.0,6,2023,5,16
0.0,0.0,11.0,6,2023,5,16
0.0,0.0,13.0,6,2023,5,16
0.0,0.0,25.0,6,2023,5,16
0.0,0.0,29.0,6,2023,5,16
0.0,0.0,30.0,6,2023,5,16
0.0,0.0,32.0,6,2023,5,16
0.0,0.0,37.0,6,2023,5,16
0.0,0.0,38.0,6,2023,5,16
0.0,0.0,39.0,6,2023,5,16
0.0,0.0,44.0,6,2023,5,16
0.0,0.0,5.0,7,2023,5,16
0.9999464750289916,0.0,9.0,7,2023,5,16
0.0,0.0,11.0,7,2023,5,16
0.0,0.0,13.0,7,2023,5,16
1.194011092185974,0.0,25.0,7,2023,5,16
0.0,0.0,29.0,7,2023,5,16
1.7266544103622437,0.0,30.0,7,2023,5,16
0.0,0.0,32.0,7,2023,5,16
0.0,0.0,37.0,7,2023,5,16
0.0,0.0,38.0,7,2023,5,16
0.0,0.0,39.0,7,2023,5,16
1.374504327774048,0.0,44.0,7,2023,5,16
0.0,0.0,5.0,1,2023,5,20
0.0,0.0,9.0,1,2023,5,20
0.0,0.0,11.0,1,2023,5,20
0.0,0.0,13.0,1,2023,5,20
0.0,0.0,25.0,1,2023,5,20
0.0,0.0,29.0,1,2023,5,20
0.0,0.0,30.0,1,2023,5,20
0.0,0.0,32.0,1,2023,5,20
0.0,0.0,37.0,1,2023,5,20
0.0,0.0,38.0,1,2023,5,20
0.0,0.0,39.0,1,2023,5,20
0.0,0.0,44.0,1,2023,5,20
0.0,0.0,5.0,2,2023,5,20
0.0,0.0,9.0,2,2023,5,20
0.0,0.0,11.0,2,2023,5,20
0.0,0.0,13.0,2,2023,5,20
0.0,0.0,25.0,2,2023,5,20
0.0,0.0,29.0,2,2023,5,20
0.0,0.0,30.0,2,2023,5,20
0.0,0.0,32.0,2,2023,5,20
0.0,0.0,37.0,2,2023,5,20
0.0,0.0,38.0,2,2023,5,20
0.0,0.0,39.0,2,2023,5,20
0.0,0.0,44.0,2,2023,5,20
0.0,0.0,5.0,3,2023,5,20
0.7061026096343994,0.0,9.0,3,2023,5,20
0.6882991194725037,0.0,11.0,3,2023,5,20
1.0356992483139038,0.0,13.0,3,2023,5,20
0.9608361124992372,0.0,25.0,3,2023,5,20
0.0,0.0,29.0,3,2023,5,20
1.7008934020996094,0.0,30.0,3,2023,5,20
7.0310564041137695,0.0,32.0,3,2023,5,20
3.2844882011413574,0.0,37.0,3,2023,5,20
0.0,0.0,38.0,3,2023,5,20
6.867278575897217,0.0,39.0,3,2023,5,20
10.46776008605957,0.0,44.0,3,2023,5,20
0.0,0.0,5.0,4,2023,5,20
0.0,0.0,9.0,4,2023,5,20
0.0,0.0,11.0,4,2023,5,20
0.0,0.0,13.0,4,2023,5,20
1.2187254428863523,0.0,25.0,4,2023,5,20
0.0,0.0,29.0,4,2023,5,20
2.414520740509033,0.0,30.0,4,2023,5,20
3.194880485534668,53.00000381469727,32.0,4,2023,5,20
2.1968562602996826,0.0,37.0,4,2023,5,20
0.0,0.0,38.0,4,2023,5,20
2.397264242172241,0.0,39.0,4,2023,5,20
4.106956005096436,0.0999999120831489,44.0,4,2023,5,20
6.41586971282959,0.0,5.0,5,2023,5,20
3.149282693862915,16.0,9.0,5,2023,5,20
3.3837475776672363,4.0,11.0,5,2023,5,20
4.924564361572266,38.00000762939453,13.0,5,2023,5,20
7.687187671661377,0.0,25.0,5,2023,5,20
4.811446189880371,1.1000001430511477,29.0,5,2023,5,20
8.361492156982422,0.0,30.0,5,2023,5,20
8.473341941833496,5.0,32.0,5,2023,5,20
10.008414268493652,0.0,37.0,5,2023,5,20
7.636222839355469,4.0,38.0,5,2023,5,20
9.242035865783691,38.00000762939453,39.0,5,2023,5,20
9.565168380737305,63.90000915527344,44.0,5,2023,5,20
4.521869659423828,7.0,5.0,6,2023,5,20
7.600924968719482,15.0,9.0,6,2023,5,20
5.222743988037109,26.00000762939453,11.0,6,2023,5,20
8.188250541687012,0.0,13.0,6,2023,5,20
6.096160411834717,4.0,25.0,6,2023,5,20
3.1083879470825195,0.0,29.0,6,2023,5,20
4.884438514709473,0.0,30.0,6,2023,5,20
5.797070026397705,0.0,32.0,6,2023,5,20
5.211464405059815,0.0,37.0,6,2023,5,20
3.851175785064697,0.0,38.0,6,2023,5,20
5.768101215362549,0.0,39.0,6,2023,5,20
6.397497653961182,13.000000953674316,44.0,6,2023,5,20
4.3698577880859375,15.0,5.0,7,2023,5,20
10.102304458618164,3.0,9.0,7,2023,5,20
8.955192565917969,2.3000001907348637,11.0,7,2023,5,20
11.80934715270996,8.0,13.0,7,2023,5,20
6.012643337249756,7.0,25.0,7,2023,5,20
4.751208305358887,11.0,29.0,7,2023,5,20
4.187268733978272,7.0,30.0,7,2023,5,20
6.557976722717285,0.6999999284744263,32.0,7,2023,5,20
5.288557052612305,5.0,37.0,7,2023,5,20
2.935820817947388,15.0,38.0,7,2023,5,20
5.377410888671875,45.0,39.0,7,2023,5,20
5.736312389373779,4.0,44.0,7,2023,5,20
0.4633533954620361,0.0,5.0,1,2023,5,23
0.9680730104446412,0.0,9.0,1,2023,5,23
0.8563428521156311,0.0,11.0,1,2023,5,23
1.258305549621582,0.0,13.0,1,2023,5,23
1.4358837604522705,0.0,25.0,1,2023,5,23
0.0,0.0,29.0,1,2023,5,23
4.027895927429199,0.0,30.0,1,2023,5,23
9.050105094909668,53.00000381469727,32.0,1,2023,5,23
6.096789836883545,0.0,37.0,1,2023,5,23
2.7084531784057617,0.0,38.0,1,2023,5,23
9.33354663848877,0.0,39.0,1,2023,5,23
14.613956451416016,0.0999999120831489,44.0,1,2023,5,23
2.561788558959961,0.0,5.0,2,2023,5,23
2.9621076583862305,16.0,9.0,2,2023,5,23
0.0,4.0,11.0,2,2023,5,23
3.4339146614074707,38.00000762939453,13.0,2,2023,5,23
3.886704444885254,0.0,25.0,2,2023,5,23
0.0,1.1000001430511477,29.0,2,2023,5,23
5.3995208740234375,0.0,30.0,2,2023,5,23
5.275330543518066,5.0,32.0,2,2023,5,23
4.681504249572754,0.0,37.0,2,2023,5,23
3.280625104904175,4.0,38.0,2,2023,5,23
3.819575309753418,38.00000762939453,39.0,2,2023,5,23
4.340421676635742,63.90000915527344,44.0,2,2023,5,23
4.747733116149902,7.0,5.0,3,2023,5,23
7.984551429748535,15.0,9.0,3,2023,5,23
5.170476913452148,26.00000762939453,11.0,3,2023,5,23
7.9913225173950195,0.0,13.0,3,2023,5,23
6.385579109191895,4.0,25.0,3,2023,5,23
3.525036573410034,0.0,29.0,3,2023,5,23
5.387452602386475,0.0,30.0,3,2023,5,23
8.546106338500977,0.0,32.0,3,2023,5,23
5.831624984741211,0.0,37.0,3,2023,5,23
4.046842575073242,0.0,38.0,3,2023,5,23
7.4993896484375,0.0,39.0,3,2023,5,23
9.61151123046875,13.000000953674316,44.0,3,2023,5,23
4.681353092193604,15.0,5.0,4,2023,5,23
6.901752471923828,3.0,9.0,4,2023,5,23
4.978555202484131,2.3000001907348637,11.0,4,2023,5,23
7.5034499168396,8.0,13.0,4,2023,5,23
6.655581474304199,7.0,25.0,4,2023,5,23
3.715158700942993,11.0,29.0,4,2023,5,23
6.1942138671875,7.0,30.0,4,2023,5,23
7.35109281539917,0.6999999284744263,32.0,4,2023,5,23
6.526174068450928,5.0,37.0,4,2023,5,23
4.954837322235107,15.0,38.0,4,2023,5,23
7.249593734741211,45.0,39.0,4,2023,5,23
9.29494857788086,4.0,44.0,4,2023,5,23
2.874208450317383,0.0,5.0,5,2023,5,23
5.859597206115723,4.0,9.0,5,2023,5,23
3.662437438964844,0.0,11.0,5,2023,5,23
5.520410537719727,0.0,13.0,5,2023,5,23
3.984757423400879,0.0,25.0,5,2023,5,23
1.8795876502990725,0.0999999120831489,29.0,5,2023,5,23
3.478818893432617,1.999999761581421,30.0,5,2023,5,23
3.180360555648804,19.0,32.0,5,2023,5,23
3.4426989555358887,0.0,37.0,5,2023,5,23
2.47036361694336,0.0,38.0,5,2023,5,23
3.220181941986084,1.3999998569488523,39.0,5,2023,5,23
3.5392062664031982,0.5999999046325684,44.0,5,2023,5,23
1.0187441110610962,5.0,5.0,6,2023,5,23
3.234230756759644,0.9999998807907104,9.0,6,2023,5,23
2.6894803047180176,0.0,11.0,6,2023,5,23
3.482679605484009,7.0,13.0,6,2023,5,23
1.7950201034545898,8.0,25.0,6,2023,5,23
0.8447778224945068,9.899999618530272,29.0,6,2023,5,23
1.4681737422943115,0.0,30.0,6,2023,5,23
0.0,0.0,32.0,6,2023,5,23
0.0,0.0,37.0,6,2023,5,23
0.0,0.0,38.0,6,2023,5,23
0.0,0.0,39.0,6,2023,5,23
2.340397357940674,0.0,44.0,6,2023,5,23
0.0,0.0,5.0,7,2023,5,23
0.0,0.0,9.0,7,2023,5,23
0.0,0.6999999284744263,11.0,7,2023,5,23
0.0,4.0,13.0,7,2023,5,23
0.8134802579879761,0.0,25.0,7,2023,5,23
0.0,0.0,29.0,7,2023,5,23
0.0,0.0,30.0,7,2023,5,23
0.0,0.0,32.0,7,2023,5,23
0.0,0.0,37.0,7,2023,5,23
0.0,0.0,38.0,7,2023,5,23
0.0,0.0,39.0,7,2023,5,23
1.5239503383636477,0.0,44.0,7,2023,5,23
1.6227071285247805,0.0,5.0,1,2023,5,27
2.687386035919189,4.0,9.0,1,2023,5,27
2.0759875774383545,0.0,11.0,1,2023,5,27
2.949295282363892,0.0,13.0,1,2023,5,27
2.6967008113861084,0.0,25.0,1,2023,5,27
0.0,0.0999999120831489,29.0,1,2023,5,27
3.804111957550049,1.999999761581421,30.0,1,2023,5,27
4.252182483673096,19.0,32.0,1,2023,5,27
3.566203117370605,0.0,37.0,1,2023,5,27
2.2882654666900635,0.0,38.0,1,2023,5,27
4.129202365875244,1.3999998569488523,39.0,1,2023,5,27
5.554957389831543,0.5999999046325684,44.0,1,2023,5,27
1.8011021614074707,5.0,5.0,2,2023,5,27
3.893130302429199,0.9999998807907104,9.0,2,2023,5,27
3.487117290496826,0.0,11.0,2,2023,5,27
3.99045467376709,7.0,13.0,2,2023,5,27
2.452701568603516,8.0,25.0,2,2023,5,27
1.6594427824020386,9.899999618530272,29.0,2,2023,5,27
2.1926050186157227,0.0,30.0,2,2023,5,27
0.0,0.0,32.0,2,2023,5,27
0.0,0.0,37.0,2,2023,5,27
1.1416690349578855,0.0,38.0,2,2023,5,27
0.0,0.0,39.0,2,2023,5,27
2.006491184234619,0.0,44.0,2,2023,5,27
0.0,0.0,5.0,3,2023,5,27
0.0,0.0,9.0,3,2023,5,27
0.0,0.6999999284744263,11.0,3,2023,5,27
0.0,4.0,13.0,3,2023,5,27
0.7830539345741272,0.0,25.0,3,2023,5,27
0.0,0.0,29.0,3,2023,5,27
0.0,0.0,30.0,3,2023,5,27
0.0,0.0,32.0,3,2023,5,27
0.0,0.0,37.0,3,2023,5,27
0.0,0.0,38.0,3,2023,5,27
0.0,0.0,39.0,3,2023,5,27
0.0,0.0,44.0,3,2023,5,27
3.7800140380859375,0.0,5.0,4,2023,5,27
9.188663482666016,0.0,9.0,4,2023,5,27
8.713647842407227,5.0,11.0,4,2023,5,27
9.299099922180176,1.999999761581421,13.0,4,2023,5,27
4.665980339050293,0.0,25.0,4,2023,5,27
4.411106109619141,0.0,29.0,4,2023,5,27
2.6914868354797363,0.0,30.0,4,2023,5,27
2.725858211517334,0.0,32.0,4,2023,5,27
2.2117397785186768,0.0,37.0,4,2023,5,27
2.09188175201416,0.0,38.0,4,2023,5,27
2.970404148101806,0.0,39.0,4,2023,5,27
3.1207504272460938,0.0,44.0,4,2023,5,27
2.887202024459839,0.0,5.0,5,2023,5,27
5.241433143615723,0.9999998807907104,9.0,5,2023,5,27
5.40722131729126,0.0,11.0,5,2023,5,27
5.971350193023682,19.99999618530273,13.0,5,2023,5,27
3.738377571105957,0.0,25.0,5,2023,5,27
2.908738613128662,0.0,29.0,5,2023,5,27
2.9318056106567383,9.0,30.0,5,2023,5,27
2.261504650115967,5.999999523162842,32.0,5,2023,5,27
1.807656526565552,17.0,37.0,5,2023,5,27
1.646861553192139,8.0,38.0,5,2023,5,27
2.2494051456451416,24.999998092651367,39.0,5,2023,5,27
2.031892776489258,4.0,44.0,5,2023,5,27
3.6783623695373535,0.0,5.0,6,2023,5,27
5.912168025970459,0.0999999120831489,9.0,6,2023,5,27
6.53770112991333,0.0,11.0,6,2023,5,27
8.190204620361328,0.0,13.0,6,2023,5,27
6.139081001281738,0.0,25.0,6,2023,5,27
3.551365852355957,0.0,29.0,6,2023,5,27
4.265714645385742,19.0,30.0,6,2023,5,27
4.060566425323486,24.999998092651367,32.0,6,2023,5,27
3.844815254211426,5.0,37.0,6,2023,5,27
3.5343005657196045,0.0,38.0,6,2023,5,27
3.926331043243408,17.0,39.0,6,2023,5,27
5.0365519523620605,0.0,44.0,6,2023,5,27
10.061588287353516,33.0,5.0,7,2023,5,27
18.418502807617188,10.000000953674316,9.0,7,2023,5,27
17.661865234375,0.0,11.0,7,2023,5,27
21.35215759277344,4.0,13.0,7,2023,5,27
12.564996719360352,42.00000381469727,25.0,7,2023,5,27
11.16688346862793,3.0,29.0,7,2023,5,27
7.757572650909424,38.99999237060547,30.0,7,2023,5,27
10.730941772460938,1.999999761581421,32.0,7,2023,5,27
9.27634048461914,6.799999237060547,37.0,7,2023,5,27
6.336003303527832,32.000003814697266,38.0,7,2023,5,27
10.672988891601562,1.999999761581421,39.0,7,2023,5,27
9.71025562286377,11.0,44.0,7,2023,5,27
0.0,0.0,5.0,1,2023,5,30
3.0607450008392334,0.0,9.0,1,2023,5,30
0.0,5.0,11.0,1,2023,5,30
2.801344871520996,1.999999761581421,13.0,1,2023,5,30
2.0651662349700928,0.0,25.0,1,2023,5,30
0.0,0.0,29.0,1,2023,5,30
0.0,0.0,30.0,1,2023,5,30
0.0,0.0,32.0,1,2023,5,30
0.0,0.0,37.0,1,2023,5,30
0.0,0.0,38.0,1,2023,5,30
0.0,0.0,39.0,1,2023,5,30
1.730156421661377,0.0,44.0,1,2023,5,30
2.9651339054107666,0.0,5.0,2,2023,5,30
4.504367828369141,0.9999998807907104,9.0,2,2023,5,30
4.479567527770996,0.0,11.0,2,2023,5,30
4.888677597045898,19.99999618530273,13.0,2,2023,5,30
3.484089136123657,0.0,25.0,2,2023,5,30
2.4631214141845703,0.0,29.0,2,2023,5,30
0.0,9.0,30.0,2,2023,5,30
0.0,5.999999523162842,32.0,2,2023,5,30
0.0,17.0,37.0,2,2023,5,30
0.0,8.0,38.0,2,2023,5,30
0.0,24.999998092651367,39.0,2,2023,5,30
1.8220748901367188,4.0,44.0,2,2023,5,30
4.295248508453369,0.0,5.0,3,2023,5,30
10.377815246582031,0.0999999120831489,9.0,3,2023,5,30
9.950779914855955,0.0,11.0,3,2023,5,30
11.360544204711914,0.0,13.0,3,2023,5,30
5.714441299438477,0.0,25.0,3,2023,5,30
4.600153923034668,0.0,29.0,3,2023,5,30
3.734438419342041,19.0,30.0,3,2023,5,30
3.907582521438599,24.999998092651367,32.0,3,2023,5,30
3.114207983016968,5.0,37.0,3,2023,5,30
2.4654746055603027,0.0,38.0,3,2023,5,30
2.6496920585632324,17.0,39.0,3,2023,5,30
2.0309395790100098,0.0,44.0,3,2023,5,30
7.106671333312988,33.0,5.0,4,2023,5,30
15.54746150970459,10.000000953674316,9.0,4,2023,5,30
15.389078140258787,0.0,11.0,4,2023,5,30
18.126924514770508,4.0,13.0,4,2023,5,30
9.96082592010498,42.00000381469727,25.0,4,2023,5,30
7.508235931396484,3.0,29.0,4,2023,5,30
5.35634708404541,38.99999237060547,30.0,4,2023,5,30
5.042655944824219,1.999999761581421,32.0,4,2023,5,30
4.900193214416504,6.799999237060547,37.0,4,2023,5,30
5.058685302734375,32.000003814697266,38.0,4,2023,5,30
4.888357162475586,1.999999761581421,39.0,4,2023,5,30
6.477767467498779,11.0,44.0,4,2023,5,30
9.3265962600708,24.999998092651367,5.0,5,2023,5,30
16.794057846069336,7.0,9.0,5,2023,5,30
16.8490047454834,0.800000011920929,11.0,5,2023,5,30
18.852977752685547,20.99999618530273,13.0,5,2023,5,30
11.57287311553955,51.00000762939453,25.0,5,2023,5,30
9.437993049621582,15.0,29.0,5,2023,5,30
6.857602119445801,0.0999999120831489,30.0,5,2023,5,30
5.298929691314697,19.99999618530273,32.0,5,2023,5,30
5.450955390930176,0.0,37.0,5,2023,5,30
6.395208835601807,0.0,38.0,5,2023,5,30
4.884453296661377,0.0999999120831489,39.0,5,2023,5,30
5.534783363342285,4.0,44.0,5,2023,5,30
7.58955192565918,9.199999809265137,5.0,6,2023,5,30
13.762845993041992,9.0,9.0,6,2023,5,30
13.644978523254396,0.3000000715255737,11.0,6,2023,5,30
16.688514709472656,0.0,13.0,6,2023,5,30
9.969829559326172,13.000000953674316,25.0,6,2023,5,30
7.530873775482178,14.000000953674316,29.0,6,2023,5,30
6.241372108459473,0.0999999120831489,30.0,6,2023,5,30
6.159961700439453,0.3000000715255737,32.0,6,2023,5,30
6.198413372039795,0.0999999120831489,37.0,6,2023,5,30
5.584115505218506,0.2000000178813934,38.0,6,2023,5,30
5.806597232818604,24.999998092651367,39.0,6,2023,5,30
7.755374431610107,3.899999856948853,44.0,6,2023,5,30
8.034971237182617,0.0,5.0,7,2023,5,30
16.917142868041992,4.0,9.0,7,2023,5,30
14.25214672088623,40.00000762939453,11.0,7,2023,5,30
17.895477294921875,64.00001525878906,13.0,7,2023,5,30
9.367478370666504,37.09999847412109,25.0,7,2023,5,30
7.998770713806152,2.900000095367432,29.0,7,2023,5,30
4.862638473510742,7.899998664855957,30.0,7,2023,5,30
7.308818817138672,2.6999998092651367,32.0,7,2023,5,30
6.43360710144043,7.5,37.0,7,2023,5,30
3.9261999130249023,3.0,38.0,7,2023,5,30
5.837905883789063,4.0,39.0,7,2023,5,30
9.34286880493164,30.99999237060547,44.0,7,2023,5,30
10.72769260406494,24.999998092651367,5.0,1,2023,6,3
22.608318328857425,7.0,9.0,1,2023,6,3
22.140993118286133,0.800000011920929,11.0,1,2023,6,3
23.654762268066406,20.99999618530273,13.0,1,2023,6,3
13.51435661315918,51.00000762939453,25.0,1,2023,6,3
10.556719779968262,15.0,29.0,1,2023,6,3
9.40700340270996,0.0999999120831489,30.0,1,2023,6,3
7.539911270141602,19.99999618530273,32.0,1,2023,6,3
7.205639839172363,0.0,37.0,1,2023,6,3
8.116927146911621,0.0,38.0,1,2023,6,3
6.294197082519531,0.0999999120831489,39.0,1,2023,6,3
7.7898850440979,4.0,44.0,1,2023,6,3
16.94205093383789,9.199999809265137,5.0,2,2023,6,3
14.374266624450684,9.0,9.0,2,2023,6,3
13.79465675354004,0.3000000715255737,11.0,2,2023,6,3
16.840856552124023,0.0,13.0,2,2023,6,3
21.92562484741211,13.000000953674316,25.0,2,2023,6,3
14.883100509643556,14.000000953674316,29.0,2,2023,6,3
16.238143920898438,0.0999999120831489,30.0,2,2023,6,3
20.32781982421875,0.3000000715255737,32.0,2,2023,6,3
17.802345275878906,0.0999999120831489,37.0,2,2023,6,3
16.267229080200195,0.2000000178813934,38.0,2,2023,6,3
17.549711227416992,24.999998092651367,39.0,2,2023,6,3
23.1313419342041,3.899999856948853,44.0,2,2023,6,3
12.219417572021484,0.0,5.0,3,2023,6,3
21.729049682617188,4.0,9.0,3,2023,6,3
18.954082489013672,40.00000762939453,11.0,3,2023,6,3
22.06895065307617,64.00001525878906,13.0,3,2023,6,3
13.587584495544434,37.09999847412109,25.0,3,2023,6,3
13.98546314239502,2.900000095367432,29.0,3,2023,6,3
9.704537391662598,7.899998664855957,30.0,3,2023,6,3
14.419164657592772,2.6999998092651367,32.0,3,2023,6,3
9.909985542297363,7.5,37.0,3,2023,6,3
7.353586196899414,3.0,38.0,3,2023,6,3
9.530155181884766,4.0,39.0,3,2023,6,3
13.280381202697754,30.99999237060547,44.0,3,2023,6,3
6.44536018371582,0.0,5.0,4,2023,6,3
13.039212226867676,0.0,9.0,4,2023,6,3
12.766641616821287,34.000003814697266,11.0,4,2023,6,3
15.097705841064451,14.000000953674316,13.0,4,2023,6,3
8.758650779724121,0.0,25.0,4,2023,6,3
7.903680801391602,3.0,29.0,4,2023,6,3
6.0123138427734375,0.0,30.0,4,2023,6,3
6.810414791107178,0.0,32.0,4,2023,6,3
4.853007316589356,0.0,37.0,4,2023,6,3
4.753905296325684,0.0,38.0,4,2023,6,3
5.049029350280762,0.0,39.0,4,2023,6,3
8.845479011535645,0.0,44.0,4,2023,6,3
6.001646995544434,32.000003814697266,5.0,5,2023,6,3
10.888971328735352,18.499998092651367,9.0,5,2023,6,3
10.713184356689451,19.0,11.0,5,2023,6,3
12.39303970336914,19.99999618530273,13.0,5,2023,6,3
8.249526977539062,2.499999761581421,25.0,5,2023,6,3
6.046308994293213,5.0,29.0,5,2023,6,3
6.274456024169922,0.0,30.0,5,2023,6,3
4.525914669036865,0.0,32.0,5,2023,6,3
5.019143104553223,0.0,37.0,5,2023,6,3
5.079171657562256,3.0,38.0,5,2023,6,3
5.018215179443359,0.0,39.0,5,2023,6,3
5.510141849517822,0.0,44.0,5,2023,6,3
6.858415126800537,52.00000762939453,5.0,6,2023,6,3
11.648552894592283,22.0000057220459,9.0,6,2023,6,3
12.87050437927246,45.0,11.0,6,2023,6,3
15.444415092468262,114.00000762939452,13.0,6,2023,6,3
9.571845054626465,91.09999084472656,25.0,6,2023,6,3
7.343565940856934,11.0,29.0,6,2023,6,3
6.455076217651367,138.99998474121094,30.0,6,2023,6,3
6.826964378356934,63.0,32.0,6,2023,6,3
6.352473735809326,41.09999847412109,37.0,6,2023,6,3
5.234923839569092,68.0,38.0,6,2023,6,3
5.674041748046875,33.0,39.0,6,2023,6,3
8.69292163848877,71.0,44.0,6,2023,6,3
10.424517631530762,0.0,5.0,7,2023,6,3
15.82551097869873,9.0,9.0,7,2023,6,3
16.16251564025879,4.0,11.0,7,2023,6,3
20.2723388671875,5.0,13.0,7,2023,6,3
14.212800979614258,5.999999523162842,25.0,7,2023,6,3
12.201397895812988,12.000001907348633,29.0,7,2023,6,3
9.13365650177002,4.0,30.0,7,2023,6,3
13.99726104736328,13.000000953674316,32.0,7,2023,6,3
11.672625541687012,5.0,37.0,7,2023,6,3
7.399229526519775,37.0,38.0,7,2023,6,3
11.26131534576416,3.0,39.0,7,2023,6,3
15.276334762573242,0.9999998807907104,44.0,7,2023,6,3
5.168381214141846,0.0,5.0,1,2023,6,6
10.090801239013672,0.0,9.0,1,2023,6,6
11.886948585510254,34.000003814697266,11.0,1,2023,6,6
11.17828369140625,14.000000953674316,13.0,1,2023,6,6
5.564143180847168,0.0,25.0,1,2023,6,6
6.780948162078857,3.0,29.0,1,2023,6,6
4.055859088897705,0.0,30.0,1,2023,6,6
5.56468391418457,0.0,32.0,1,2023,6,6
4.165602207183838,0.0,37.0,1,2023,6,6
3.02817440032959,0.0,38.0,1,2023,6,6
5.242872714996338,0.0,39.0,1,2023,6,6
7.738719940185547,0.0,44.0,1,2023,6,6
10.213659286499023,32.000003814697266,5.0,2,2023,6,6
14.170310974121094,18.499998092651367,9.0,2,2023,6,6
14.5659818649292,19.0,11.0,2,2023,6,6
16.503686904907227,19.99999618530273,13.0,2,2023,6,6
14.00788116455078,2.499999761581421,25.0,2,2023,6,6
10.049566268920898,5.0,29.0,2,2023,6,6
9.152099609375,0.0,30.0,2,2023,6,6
8.417033195495605,0.0,32.0,2,2023,6,6
8.29896354675293,0.0,37.0,2,2023,6,6
9.067434310913086,3.0,38.0,2,2023,6,6
6.674715518951416,0.0,39.0,2,2023,6,6
7.91270112991333,0.0,44.0,2,2023,6,6
11.532605171203612,52.00000762939453,5.0,3,2023,6,6
20.33500099182129,22.0000057220459,9.0,3,2023,6,6
18.982593536376957,45.0,11.0,3,2023,6,6
22.545520782470703,114.00000762939452,13.0,3,2023,6,6
14.262815475463867,91.09999084472656,25.0,3,2023,6,6
12.694523811340332,11.0,29.0,3,2023,6,6
9.06423282623291,138.99998474121094,30.0,3,2023,6,6
13.375778198242188,63.0,32.0,3,2023,6,6
9.408390045166016,41.09999847412109,37.0,3,2023,6,6
7.381395816802978,68.0,38.0,3,2023,6,6
10.560905456542969,33.0,39.0,3,2023,6,6
12.86795139312744,71.0,44.0,3,2023,6,6
11.868437767028809,0.0,5.0,4,2023,6,6
18.58173370361328,9.0,9.0,4,2023,6,6
17.31492042541504,4.0,11.0,4,2023,6,6
21.459117889404297,5.0,13.0,4,2023,6,6
15.087196350097656,5.999999523162842,25.0,4,2023,6,6
10.968321800231934,12.000001907348633,29.0,4,2023,6,6
9.997517585754396,4.0,30.0,4,2023,6,6
11.534852981567385,13.000000953674316,32.0,4,2023,6,6
10.633882522583008,5.0,37.0,4,2023,6,6
8.863336563110352,37.0,38.0,4,2023,6,6
10.029863357543944,3.0,39.0,4,2023,6,6
12.730048179626465,0.9999998807907104,44.0,4,2023,6,6
13.4785737991333,0.0,5.0,5,2023,6,6
15.900617599487305,0.0,9.0,5,2023,6,6
17.49877166748047,0.0,11.0,5,2023,6,6
19.11511993408203,0.0,13.0,5,2023,6,6
15.254587173461914,40.00000762939453,25.0,5,2023,6,6
12.28380012512207,0.0,29.0,5,2023,6,6
11.720681190490724,0.0,30.0,5,2023,6,6
12.381875038146973,0.0,32.0,5,2023,6,6
12.131017684936523,13.000000953674316,37.0,5,2023,6,6
10.126089096069336,0.0,38.0,5,2023,6,6
10.82383918762207,0.0,39.0,5,2023,6,6
12.225056648254396,0.0,44.0,5,2023,6,6
6.248618125915527,9.099998474121094,5.0,6,2023,6,6
7.224083423614502,1.999999761581421,9.0,6,2023,6,6
11.337640762329102,1.999999761581421,11.0,6,2023,6,6
10.931947708129885,13.000000953674316,13.0,6,2023,6,6
7.461850643157959,11.100001335144045,25.0,6,2023,6,6
7.635817527770996,1.999999761581421,29.0,6,2023,6,6
4.175152778625488,0.8999999761581421,30.0,6,2023,6,6
4.18397331237793,0.0,32.0,6,2023,6,6
4.279048919677734,0.2000000178813934,37.0,6,2023,6,6
5.350058555603027,28.000003814697266,38.0,6,2023,6,6
4.554573059082031,0.5,39.0,6,2023,6,6
6.199223518371582,0.0,44.0,6,2023,6,6
9.96031093597412,4.0,5.0,7,2023,6,6
10.159517288208008,8.0,9.0,7,2023,6,6
13.947842597961426,3.0,11.0,7,2023,6,6
15.75551986694336,4.0,13.0,7,2023,6,6
13.07121753692627,8.0,25.0,7,2023,6,6
11.225988388061523,0.0,29.0,7,2023,6,6
8.355937957763672,5.09999942779541,30.0,7,2023,6,6
11.78147315979004,3.0,32.0,7,2023,6,6
10.536348342895508,0.9999998807907104,37.0,7,2023,6,6
8.039239883422852,0.9999998807907104,38.0,7,2023,6,6
10.14803981781006,3.6999998092651367,39.0,7,2023,6,6
15.116968154907228,70.00001525878906,44.0,7,2023,6,6
6.5599751472473145,0.0,5.0,1,2023,6,10
2.816824436187744,0.0,9.0,1,2023,6,10
5.929193496704102,0.0,11.0,1,2023,6,10
5.597542762756348,0.0,13.0,1,2023,6,10
8.19180679321289,40.00000762939453,25.0,1,2023,6,10
8.418234825134277,0.0,29.0,1,2023,6,10
7.153014183044434,0.0,30.0,1,2023,6,10
3.984533548355103,0.0,32.0,1,2023,6,10
5.685892105102539,13.000000953674316,37.0,1,2023,6,10
8.704594612121582,0.0,38.0,1,2023,6,10
5.457718849182129,0.0,39.0,1,2023,6,10
4.295727729797363,0.0,44.0,1,2023,6,10
8.70949935913086,9.099998474121094,5.0,2,2023,6,10
12.802112579345703,1.999999761581421,9.0,2,2023,6,10
13.55892276763916,1.999999761581421,11.0,2,2023,6,10
13.74288558959961,13.000000953674316,13.0,2,2023,6,10
9.479928016662598,11.100001335144045,25.0,2,2023,6,10
8.713488578796387,1.999999761581421,29.0,2,2023,6,10
5.02548885345459,0.8999999761581421,30.0,2,2023,6,10
3.376880407333374,0.0,32.0,2,2023,6,10
4.249518394470215,0.2000000178813934,37.0,2,2023,6,10
5.7688422203063965,28.000003814697266,38.0,2,2023,6,10
4.117631912231445,0.5,39.0,2,2023,6,10
3.613664150238037,0.0,44.0,2,2023,6,10
12.944036483764648,4.0,5.0,3,2023,6,10
23.173999786376957,8.0,9.0,3,2023,6,10
20.069305419921875,3.0,11.0,3,2023,6,10
24.74079704284668,4.0,13.0,3,2023,6,10
16.628427505493164,8.0,25.0,3,2023,6,10
12.935190200805664,0.0,29.0,3,2023,6,10
11.315581321716309,5.09999942779541,30.0,3,2023,6,10
13.412609100341797,3.0,32.0,3,2023,6,10
10.585142135620115,0.9999998807907104,37.0,3,2023,6,10
8.743204116821289,0.9999998807907104,38.0,3,2023,6,10
10.231192588806152,3.6999998092651367,39.0,3,2023,6,10
14.551261901855469,70.00001525878906,44.0,3,2023,6,10
17.64521026611328,35.999996185302734,5.0,4,2023,6,10
30.46881484985352,35.999996185302734,9.0,4,2023,6,10
31.43388557434082,20.99999618530273,11.0,4,2023,6,10
36.51383590698242,19.99999618530273,13.0,4,2023,6,10
21.499069213867188,45.99999237060547,25.0,4,2023,6,10
16.95380973815918,8.199999809265137,29.0,4,2023,6,10
12.69667625427246,3.0,30.0,4,2023,6,10
15.441144943237305,30.99999237060547,32.0,4,2023,6,10
12.159379959106444,8.0,37.0,4,2023,6,10
10.597557067871094,17.0,38.0,4,2023,6,10
13.92214012145996,20.80000305175781,39.0,4,2023,6,10
19.12989616394043,9.0,44.0,4,2023,6,10
13.092432975769045,0.5999999046325684,5.0,5,2023,6,10
10.517187118530272,42.00000381469727,9.0,5,2023,6,10
14.614737510681152,26.00000762939453,11.0,5,2023,6,10
14.261567115783691,28.000003814697266,13.0,5,2023,6,10
14.72148895263672,2.200000286102295,25.0,5,2023,6,10
13.942842483520508,0.0999999120831489,29.0,5,2023,6,10
11.103336334228516,0.9999998807907104,30.0,5,2023,6,10
10.946393013000488,15.0,32.0,5,2023,6,10
11.366533279418944,13.000000953674316,37.0,5,2023,6,10
12.123477935791016,0.0,38.0,5,2023,6,10
10.686508178710938,5.0,39.0,5,2023,6,10
14.64263916015625,38.00000762939453,44.0,5,2023,6,10
9.9696626663208,1.3999998569488523,5.0,6,2023,6,10
13.77234935760498,15.0,9.0,6,2023,6,10
13.55405044555664,13.000000953674316,11.0,6,2023,6,10
16.627216339111328,8.0,13.0,6,2023,6,10
11.933022499084473,1.8000000715255735,25.0,6,2023,6,10
9.08637809753418,4.90000057220459,29.0,6,2023,6,10
7.373502254486084,0.0,30.0,6,2023,6,10
6.636303901672363,0.9999998807907104,32.0,6,2023,6,10
7.389634609222412,0.0,37.0,6,2023,6,10
7.961151599884033,0.0,38.0,6,2023,6,10
6.426875591278076,0.9999998807907104,39.0,6,2023,6,10
8.046692848205566,0.0,44.0,6,2023,6,10
12.246328353881836,0.0,5.0,7,2023,6,10
21.36162567138672,37.0,9.0,7,2023,6,10
19.29972267150879,4.700000286102295,11.0,7,2023,6,10
25.252670288085938,37.0,13.0,7,2023,6,10
14.66397190093994,0.0,25.0,7,2023,6,10
13.288494110107422,0.0,29.0,7,2023,6,10
9.001922607421875,0.3000000715255737,30.0,7,2023,6,10
10.016923904418944,0.0,32.0,7,2023,6,10
9.440126419067385,0.0,37.0,7,2023,6,10
7.136886596679688,0.0,38.0,7,2023,6,10
8.610126495361328,0.0,39.0,7,2023,6,10
9.812519073486328,0.0,44.0,7,2023,6,10
15.406381607055664,35.999996185302734,5.0,1,2023,6,13
28.80120086669922,35.999996185302734,9.0,1,2023,6,13
27.45417022705078,20.99999618530273,11.0,1,2023,6,13
29.075929641723636,19.99999618530273,13.0,1,2023,6,13
17.723297119140625,45.99999237060547,25.0,1,2023,6,13
14.95330047607422,8.199999809265137,29.0,1,2023,6,13
12.041788101196287,3.0,30.0,1,2023,6,13
11.93922233581543,30.99999237060547,32.0,1,2023,6,13
10.586263656616213,8.0,37.0,1,2023,6,13
10.879966735839844,17.0,38.0,1,2023,6,13
10.791585922241213,20.80000305175781,39.0,1,2023,6,13
12.508010864257812,9.0,44.0,1,2023,6,13
15.649831771850586,0.5999999046325684,5.0,2,2023,6,13
28.29842185974121,42.00000381469727,9.0,2,2023,6,13
25.75979995727539,26.00000762939453,11.0,2,2023,6,13
29.872692108154297,28.000003814697266,13.0,2,2023,6,13
17.681373596191406,2.200000286102295,25.0,2,2023,6,13
12.794398307800291,0.0999999120831489,29.0,2,2023,6,13
11.220209121704102,0.9999998807907104,30.0,2,2023,6,13
14.330145835876465,15.0,32.0,2,2023,6,13
10.611061096191406,13.000000953674316,37.0,2,2023,6,13
8.88117790222168,0.0,38.0,2,2023,6,13
10.992624282836914,5.0,39.0,2,2023,6,13
16.121074676513672,38.00000762939453,44.0,2,2023,6,13
11.34075927734375,1.3999998569488523,5.0,3,2023,6,13
15.108236312866213,15.0,9.0,3,2023,6,13
16.212310791015625,13.000000953674316,11.0,3,2023,6,13
18.59287643432617,8.0,13.0,3,2023,6,13
13.177448272705078,1.8000000715255735,25.0,3,2023,6,13
11.752830505371094,4.90000057220459,29.0,3,2023,6,13
8.917712211608887,0.0,30.0,3,2023,6,13
12.35588836669922,0.9999998807907104,32.0,3,2023,6,13
9.621084213256836,0.0,37.0,3,2023,6,13
8.172211647033691,0.0,38.0,3,2023,6,13
10.486677169799805,0.9999998807907104,39.0,3,2023,6,13
15.9658784866333,0.0,44.0,3,2023,6,13
9.854732513427734,0.0,5.0,4,2023,6,13
18.616350173950195,37.0,9.0,4,2023,6,13
13.70746898651123,4.700000286102295,11.0,4,2023,6,13
19.439964294433597,37.0,13.0,4,2023,6,13
13.11760425567627,0.0,25.0,4,2023,6,13
8.575545310974121,0.0,29.0,4,2023,6,13
9.9188232421875,0.3000000715255737,30.0,4,2023,6,13
10.288082122802734,0.0,32.0,4,2023,6,13
9.464792251586914,0.0,37.0,4,2023,6,13
7.642610549926758,0.0,38.0,4,2023,6,13
9.645848274230955,0.0,39.0,4,2023,6,13
12.08946704864502,0.0,44.0,4,2023,6,13
7.849812984466553,0.0,5.0,5,2023,6,13
16.968690872192383,5.0,9.0,5,2023,6,13
13.122364044189451,0.0,11.0,5,2023,6,13
17.46421241760254,47.0,13.0,5,2023,6,13
10.146174430847168,0.3000000715255737,25.0,5,2023,6,13
5.795289993286133,0.5999999046325684,29.0,5,2023,6,13
7.500834941864014,0.0,30.0,5,2023,6,13
5.055063247680664,0.0,32.0,5,2023,6,13
4.831514358520508,0.0,37.0,5,2023,6,13
3.374347448348999,0.8999999761581421,38.0,5,2023,6,13
4.297731876373291,0.5,39.0,5,2023,6,13
4.1639509201049805,31.499998092651367,44.0,5,2023,6,13
5.17434549331665,0.0999999120831489,5.0,6,2023,6,13
11.702475547790527,0.0,9.0,6,2023,6,13
12.851819038391112,0.0,11.0,6,2023,6,13
14.78986358642578,4.0,13.0,6,2023,6,13
6.904964923858643,2.900000095367432,25.0,6,2023,6,13
5.508495807647705,14.000000953674316,29.0,6,2023,6,13
3.922729969024658,19.99999618530273,30.0,6,2023,6,13
2.925583839416504,0.4000000953674316,32.0,6,2023,6,13
2.740647792816162,9.0,37.0,6,2023,6,13
1.969279766082764,12.000001907348633,38.0,6,2023,6,13
1.8025026321411133,0.0,39.0,6,2023,6,13
3.06868052482605,65.99998474121094,44.0,6,2023,6,13
2.392681360244751,9.400001525878906,5.0,7,2023,6,13
6.451497077941895,73.00000762939453,9.0,7,2023,6,13
11.263812065124512,3.0,11.0,7,2023,6,13
13.193079948425291,68.0,13.0,7,2023,6,13
4.360687732696533,7.0,25.0,7,2023,6,13
3.115183591842652,9.0,29.0,7,2023,6,13
1.6289677619934082,5.0,30.0,7,2023,6,13
1.3978121280670166,2.799999713897705,32.0,7,2023,6,13
0.8893018960952759,0.9999998807907104,37.0,7,2023,6,13
1.2807559967041016,5.0,38.0,7,2023,6,13
0.5945162773132324,0.0999999120831489,39.0,7,2023,6,13
2.169151306152344,0.0,44.0,7,2023,6,13
4.946281433105469,0.0,5.0,1,2023,6,17
10.189679145812988,5.0,9.0,1,2023,6,17
9.165607452392578,0.0,11.0,1,2023,6,17
11.283025741577148,47.0,13.0,1,2023,6,17
7.278517723083496,0.3000000715255737,25.0,1,2023,6,17
4.353280067443848,0.5999999046325684,29.0,1,2023,6,17
7.435601711273193,0.0,30.0,1,2023,6,17
5.315272331237793,0.0,32.0,1,2023,6,17
5.562732219696045,0.0,37.0,1,2023,6,17
4.496191501617432,0.8999999761581421,38.0,1,2023,6,17
4.568267345428467,0.5,39.0,1,2023,6,17
5.634614944458008,31.499998092651367,44.0,1,2023,6,17
6.798589706420898,0.0999999120831489,5.0,2,2023,6,17
9.15876579284668,0.0,9.0,2,2023,6,17
10.154889106750488,0.0,11.0,2,2023,6,17
11.148551940917969,4.0,13.0,2,2023,6,17
8.268850326538086,2.900000095367432,25.0,2,2023,6,17
6.148514747619629,14.000000953674316,29.0,2,2023,6,17
6.055777549743652,19.99999618530273,30.0,2,2023,6,17
6.523685932159424,0.4000000953674316,32.0,2,2023,6,17
5.61187744140625,9.0,37.0,2,2023,6,17
5.348569869995117,12.000001907348633,38.0,2,2023,6,17
6.950291156768799,0.0,39.0,2,2023,6,17
6.793223857879639,65.99998474121094,44.0,2,2023,6,17
5.187664985656738,9.400001525878906,5.0,3,2023,6,17
9.53918170928955,73.00000762939453,9.0,3,2023,6,17
10.914816856384276,3.0,11.0,3,2023,6,17
11.897029876708984,68.0,13.0,3,2023,6,17
6.160807132720947,7.0,25.0,3,2023,6,17
5.246458053588867,9.0,29.0,3,2023,6,17
3.158306837081909,5.0,30.0,3,2023,6,17
2.477612972259521,2.799999713897705,32.0,3,2023,6,17
2.3270792961120605,0.9999998807907104,37.0,3,2023,6,17
2.671708345413208,5.0,38.0,3,2023,6,17
2.032655954360962,0.0999999120831489,39.0,3,2023,6,17
2.2084269523620605,0.0,44.0,3,2023,6,17
5.552305698394775,0.0,5.0,4,2023,6,17
15.549697875976562,16.0,9.0,4,2023,6,17
16.4141788482666,5.999999523162842,11.0,4,2023,6,17
18.732925415039062,19.0,13.0,4,2023,6,17
7.597796440124512,0.5999999046325684,25.0,4,2023,6,17
6.402308940887451,0.0,29.0,4,2023,6,17
4.345728874206543,0.0,30.0,4,2023,6,17
2.9161529541015625,0.0,32.0,4,2023,6,17
2.7394020557403564,0.0,37.0,4,2023,6,17
2.9080770015716557,0.0,38.0,4,2023,6,17
2.1422576904296875,0.0,39.0,4,2023,6,17
2.825960397720337,5.999999523162842,44.0,4,2023,6,17
11.72956085205078,20.299999237060547,5.0,5,2023,6,17
21.25876808166504,0.0,9.0,5,2023,6,17
19.23773193359375,23.0,11.0,5,2023,6,17
23.166439056396484,8.0,13.0,5,2023,6,17
14.47846221923828,7.40000057220459,25.0,5,2023,6,17
11.262569427490234,4.3000006675720215,29.0,5,2023,6,17
9.651192665100098,0.0,30.0,5,2023,6,17
8.064373016357422,0.0,32.0,5,2023,6,17
8.569727897644043,0.0,37.0,5,2023,6,17
8.183633804321289,0.0,38.0,5,2023,6,17
7.456631183624268,0.0,39.0,5,2023,6,17
8.409034729003906,28.9999942779541,44.0,5,2023,6,17
12.710041999816896,0.5999999046325684,5.0,6,2023,6,17
16.84708595275879,5.999999523162842,9.0,6,2023,6,17
16.352720260620117,15.0,11.0,6,2023,6,17
19.02155113220215,8.0,13.0,6,2023,6,17
13.998684883117676,1.8000000715255735,25.0,6,2023,6,17
12.322542190551758,0.0,29.0,6,2023,6,17
10.13780117034912,0.2000000178813934,30.0,6,2023,6,17
11.120142936706545,3.0,32.0,6,2023,6,17
10.637678146362305,0.5999999046325684,37.0,6,2023,6,17
8.815777778625488,0.5,38.0,6,2023,6,17
9.914077758789062,0.9999998807907104,39.0,6,2023,6,17
11.45359230041504,0.8999999761581421,44.0,6,2023,6,17
15.929795265197754,35.999996185302734,5.0,7,2023,6,17
20.481714248657227,79.0,9.0,7,2023,6,17
21.27651596069336,19.0,11.0,7,2023,6,17
26.185379028320312,63.0,13.0,7,2023,6,17
18.27550506591797,16.80000114440918,25.0,7,2023,6,17
15.736140251159668,16.099998474121094,29.0,7,2023,6,17
11.99562644958496,24.5000057220459,30.0,7,2023,6,17
15.042977333068848,9.0,32.0,7,2023,6,17
12.629388809204102,19.40000534057617,37.0,7,2023,6,17
10.125736236572266,1.3999998569488523,38.0,7,2023,6,17
10.647796630859377,13.000000953674316,39.0,7,2023,6,17
14.987035751342772,4.099999904632568,44.0,7,2023,6,17
7.171842575073242,0.0,5.0,1,2023,6,20
17.279876708984375,16.0,9.0,1,2023,6,20
17.026996612548828,5.999999523162842,11.0,1,2023,6,20
18.08457565307617,19.0,13.0,1,2023,6,20
8.3452730178833,0.5999999046325684,25.0,1,2023,6,20
6.847527503967285,0.0,29.0,1,2023,6,20
4.203307151794434,0.0,30.0,1,2023,6,20
3.3519725799560547,0.0,32.0,1,2023,6,20
2.823505163192749,0.0,37.0,1,2023,6,20
2.576371192932129,0.0,38.0,1,2023,6,20
3.18493127822876,0.0,39.0,1,2023,6,20
3.255526304244995,5.999999523162842,44.0,1,2023,6,20
3.075143814086914,20.299999237060547,5.0,2,2023,6,20
5.363781929016113,0.0,9.0,2,2023,6,20
8.665633201599121,23.0,11.0,2,2023,6,20
8.256606101989746,8.0,13.0,2,2023,6,20
4.198274612426758,7.40000057220459,25.0,2,2023,6,20
3.803422451019287,4.3000006675720215,29.0,2,2023,6,20
3.529414176940918,0.0,30.0,2,2023,6,20
2.434469699859619,0.0,32.0,2,2023,6,20
2.2588553428649902,0.0,37.0,2,2023,6,20
2.296130657196045,0.0,38.0,2,2023,6,20
1.1844713687896729,0.0,39.0,2,2023,6,20
1.1622761487960815,28.9999942779541,44.0,2,2023,6,20
5.447123050689697,0.5999999046325684,5.0,3,2023,6,20
16.733430862426758,5.999999523162842,9.0,3,2023,6,20
13.570496559143066,15.0,11.0,3,2023,6,20
16.78182601928711,8.0,13.0,3,2023,6,20
7.388482570648193,1.8000000715255735,25.0,3,2023,6,20
4.014247417449951,0.0,29.0,3,2023,6,20
3.4903640747070312,0.2000000178813934,30.0,3,2023,6,20
2.7571334838867188,3.0,32.0,3,2023,6,20
2.343981504440308,0.5999999046325684,37.0,3,2023,6,20
1.791330099105835,0.5,38.0,3,2023,6,20
1.6483237743377686,0.9999998807907104,39.0,3,2023,6,20
1.4991015195846558,0.8999999761581421,44.0,3,2023,6,20
13.151944160461426,35.999996185302734,5.0,4,2023,6,20
29.89617347717285,79.0,9.0,4,2023,6,20
28.042404174804688,19.0,11.0,4,2023,6,20
33.63810348510742,63.0,13.0,4,2023,6,20
16.35641860961914,16.80000114440918,25.0,4,2023,6,20
14.863319396972656,16.099998474121094,29.0,4,2023,6,20
11.63351058959961,24.5000057220459,30.0,4,2023,6,20
11.219844818115234,9.0,32.0,4,2023,6,20
9.379434585571287,19.40000534057617,37.0,4,2023,6,20
8.138534545898438,1.3999998569488523,38.0,4,2023,6,20
8.55395221710205,13.000000953674316,39.0,4,2023,6,20
12.807062149047852,4.099999904632568,44.0,4,2023,6,20
16.514877319335938,85.00003051757812,5.0,5,2023,6,20
16.270090103149414,19.0,9.0,5,2023,6,20
18.76129722595215,8.199999809265137,11.0,5,2023,6,20
17.538516998291016,44.00000381469727,13.0,5,2023,6,20
15.83082675933838,65.99998474121094,25.0,5,2023,6,20
16.236499786376953,22.899999618530277,29.0,5,2023,6,20
12.735990524291992,58.299991607666016,30.0,5,2023,6,20
13.416770935058594,58.00000381469727,32.0,5,2023,6,20
12.125126838684082,70.00001525878906,37.0,5,2023,6,20
12.664626121520996,73.00000762939453,38.0,5,2023,6,20
11.170831680297852,99.00000762939452,39.0,5,2023,6,20
14.643210411071776,24.000001907348636,44.0,5,2023,6,20
12.877251625061035,3.0,5.0,6,2023,6,20
3.5174560546875,0.0,9.0,6,2023,6,20
7.255090713500977,0.0,11.0,6,2023,6,20
7.270665645599365,0.0,13.0,6,2023,6,20
15.140044212341309,4.0,25.0,6,2023,6,20
14.890277862548828,8.0,29.0,6,2023,6,20
13.567474365234377,3.0,30.0,6,2023,6,20
13.833051681518556,1.999999761581421,32.0,6,2023,6,20
14.890517234802246,19.0,37.0,6,2023,6,20
16.26610565185547,9.0,38.0,6,2023,6,20
13.87869644165039,11.0,39.0,6,2023,6,20
16.633207321166992,16.0,44.0,6,2023,6,20
1.025862216949463,0.0,5.0,7,2023,6,20
2.492959499359131,0.0,9.0,7,2023,6,20
1.9108572006225584,5.0,11.0,7,2023,6,20
2.8280580043792725,0.0,13.0,7,2023,6,20
1.694310188293457,0.0,25.0,7,2023,6,20
0.0,0.0,29.0,7,2023,6,20
1.9338467121124268,0.0,30.0,7,2023,6,20
0.0,10.000000953674316,32.0,7,2023,6,20
0.0,0.0,37.0,7,2023,6,20
0.0,0.0,38.0,7,2023,6,20
0.0,0.0,39.0,7,2023,6,20
3.4722671508789062,1.999999761581421,44.0,7,2023,6,20
17.08745574951172,85.00003051757812,5.0,1,2023,6,24
19.548770904541016,19.0,9.0,1,2023,6,24
19.096290588378903,8.199999809265137,11.0,1,2023,6,24
20.916650772094727,44.00000381469727,13.0,1,2023,6,24
20.07466506958008,65.99998474121094,25.0,1,2023,6,24
17.73237419128418,22.899999618530277,29.0,1,2023,6,24
15.722933769226074,58.299991607666016,30.0,1,2023,6,24
19.54690933227539,58.00000381469727,32.0,1,2023,6,24
16.975046157836914,70.00001525878906,37.0,1,2023,6,24
15.74716854095459,73.00000762939453,38.0,1,2023,6,24
17.042016983032227,99.00000762939452,39.0,1,2023,6,24
24.19087219238281,24.000001907348636,44.0,1,2023,6,24
9.41063117980957,3.0,5.0,2,2023,6,24
5.65585994720459,0.0,9.0,2,2023,6,24
6.511137962341309,0.0,11.0,2,2023,6,24
7.0058465003967285,0.0,13.0,2,2023,6,24
10.983612060546877,4.0,25.0,2,2023,6,24
10.391609191894531,8.0,29.0,2,2023,6,24
9.883312225341797,3.0,30.0,2,2023,6,24
19.680160522460938,1.999999761581421,32.0,2,2023,6,24
13.906658172607422,19.0,37.0,2,2023,6,24
10.108539581298828,9.0,38.0,2,2023,6,24
14.856486320495604,11.0,39.0,2,2023,6,24
25.96942901611328,16.0,44.0,2,2023,6,24
3.0486185550689697,0.0,5.0,3,2023,6,24
3.15075159072876,0.0,9.0,3,2023,6,24
3.0968480110168457,5.0,11.0,3,2023,6,24
4.152796745300293,0.0,13.0,3,2023,6,24
4.246953964233398,0.0,25.0,3,2023,6,24
3.25785493850708,0.0,29.0,3,2023,6,24
3.1967811584472656,0.0,30.0,3,2023,6,24
3.274510622024536,10.000000953674316,32.0,3,2023,6,24
3.340351104736328,0.0,37.0,3,2023,6,24
3.049337387084961,0.0,38.0,3,2023,6,24
3.077600240707397,0.0,39.0,3,2023,6,24
5.309671878814697,1.999999761581421,44.0,3,2023,6,24
3.856946229934693,0.2000000178813934,5.0,4,2023,6,24
9.208911895751951,4.0,9.0,4,2023,6,24
6.720775604248047,0.0,11.0,4,2023,6,24
9.622961044311523,3.0,13.0,4,2023,6,24
5.747900485992432,5.0,25.0,4,2023,6,24
3.575443744659424,1.999999761581421,29.0,4,2023,6,24
3.977308988571167,9.0,30.0,4,2023,6,24
3.7401647567749023,7.0,32.0,4,2023,6,24
3.522420644760132,2.3000001907348637,37.0,4,2023,6,24
2.6686596870422363,0.0,38.0,4,2023,6,24
3.289517879486084,9.0,39.0,4,2023,6,24
4.785506248474121,2.200000286102295,44.0,4,2023,6,24
6.199276447296143,0.0,5.0,5,2023,6,24
11.199398040771484,14.499999046325684,9.0,5,2023,6,24
10.154237747192385,0.5,11.0,5,2023,6,24
11.759563446044922,0.0,13.0,5,2023,6,24
7.490555286407471,3.0,25.0,5,2023,6,24
5.6771016120910645,0.0,29.0,5,2023,6,24
6.382948398590088,4.0,30.0,5,2023,6,24
5.844343662261963,0.9999998807907104,32.0,5,2023,6,24
5.739529609680176,2.6000001430511475,37.0,5,2023,6,24
4.267110824584961,0.5999999046325684,38.0,5,2023,6,24
6.102869987487793,0.0999999120831489,39.0,5,2023,6,24
5.565603256225586,0.0,44.0,5,2023,6,24
5.190792083740234,0.0,5.0,6,2023,6,24
10.696616172790527,4.0,9.0,6,2023,6,24
12.40032196044922,3.1000001430511475,11.0,6,2023,6,24
13.3636474609375,0.800000011920929,13.0,6,2023,6,24
7.430006504058838,0.0,25.0,6,2023,6,24
4.925292015075684,0.0,29.0,6,2023,6,24
4.061740875244141,0.0,30.0,6,2023,6,24
3.600548267364502,0.0,32.0,6,2023,6,24
3.7261056900024414,0.0,37.0,6,2023,6,24
3.3976125717163086,0.0,38.0,6,2023,6,24
2.84263014793396,0.0,39.0,6,2023,6,24
3.661020278930664,0.0,44.0,6,2023,6,24
10.3101806640625,0.0,5.0,7,2023,6,24
22.101207733154297,8.0,9.0,7,2023,6,24
26.22285461425781,0.9999998807907104,11.0,7,2023,6,24
29.530908584594727,0.800000011920929,13.0,7,2023,6,24
15.021804809570312,0.0,25.0,7,2023,6,24
13.482012748718262,0.0,29.0,7,2023,6,24
8.441071510314941,0.0,30.0,7,2023,6,24
10.665360450744627,0.0,32.0,7,2023,6,24
7.616793155670166,0.0,37.0,7,2023,6,24
6.096375942230225,0.0,38.0,7,2023,6,24
6.717236518859863,0.0,39.0,7,2023,6,24
9.425594329833984,0.0,44.0,7,2023,6,24
5.146041393280029,0.2000000178813934,5.0,1,2023,6,27
8.601606369018555,4.0,9.0,1,2023,6,27
7.469076156616211,0.0,11.0,1,2023,6,27
9.020288467407228,3.0,13.0,1,2023,6,27
7.025618553161621,5.0,25.0,1,2023,6,27
4.834384918212891,1.999999761581421,29.0,1,2023,6,27
5.265513896942139,9.0,30.0,1,2023,6,27
5.97259521484375,7.0,32.0,1,2023,6,27
5.399369239807129,2.3000001907348637,37.0,1,2023,6,27
4.696890830993652,0.0,38.0,1,2023,6,27
5.414493560791016,9.0,39.0,1,2023,6,27
7.894360542297363,2.200000286102295,44.0,1,2023,6,27
3.9930152893066406,0.0,5.0,2,2023,6,27
6.329928398132324,14.499999046325684,9.0,2,2023,6,27
5.993536949157715,0.5,11.0,2,2023,6,27
7.008411884307861,0.0,13.0,2,2023,6,27
5.188047409057617,3.0,25.0,2,2023,6,27
3.517681121826172,0.0,29.0,2,2023,6,27
4.168765068054199,4.0,30.0,2,2023,6,27
4.145843505859375,0.9999998807907104,32.0,2,2023,6,27
3.8229830265045166,2.6000001430511475,37.0,2,2023,6,27
3.2080183029174805,0.5999999046325684,38.0,2,2023,6,27
3.968428134918213,0.0999999120831489,39.0,2,2023,6,27
4.026721954345703,0.0,44.0,2,2023,6,27
3.3121583461761475,0.0,5.0,3,2023,6,27
9.872440338134766,4.0,9.0,3,2023,6,27
7.495327949523926,3.1000001430511475,11.0,3,2023,6,27
10.258018493652344,0.800000011920929,13.0,3,2023,6,27
5.09906816482544,0.0,25.0,3,2023,6,27
2.9793407917022705,0.0,29.0,3,2023,6,27
3.1265039443969727,0.0,30.0,3,2023,6,27
3.577422380447388,0.0,32.0,3,2023,6,27
2.412029981613159,0.0,37.0,3,2023,6,27
1.4118268489837646,0.0,38.0,3,2023,6,27
2.285390853881836,0.0,39.0,3,2023,6,27
2.7294070720672607,0.0,44.0,3,2023,6,27
1.4270089864730835,0.0,5.0,4,2023,6,27
4.883197784423828,8.0,9.0,4,2023,6,27
5.802148342132568,0.9999998807907104,11.0,4,2023,6,27
6.428738594055176,0.800000011920929,13.0,4,2023,6,27
2.435659170150757,0.0,25.0,4,2023,6,27
1.622506856918335,0.0,29.0,4,2023,6,27
1.3896652460098269,0.0,30.0,4,2023,6,27
0.8718928694725037,0.0,32.0,4,2023,6,27
0.7245274782180786,0.0,37.0,4,2023,6,27
0.7644476890563965,0.0,38.0,4,2023,6,27
0.44815793633461,0.0,39.0,4,2023,6,27
0.6484570503234863,0.0,44.0,4,2023,6,27
4.6413774490356445,0.0,5.0,5,2023,6,27
12.402501106262209,0.5999999046325684,9.0,5,2023,6,27
12.709012031555176,0.4000000953674316,11.0,5,2023,6,27
14.523046493530272,1.3999998569488523,13.0,5,2023,6,27
6.805392265319824,4.0,25.0,5,2023,6,27
4.122846603393555,0.9999998807907104,29.0,5,2023,6,27
3.692462921142578,0.0,30.0,5,2023,6,27
2.4366819858551025,0.0,32.0,5,2023,6,27
2.313891649246216,0.0,37.0,5,2023,6,27
2.1527745723724365,0.2000000178813934,38.0,5,2023,6,27
1.4653924703598022,0.0,39.0,5,2023,6,27
1.6386991739273071,1.999999761581421,44.0,5,2023,6,27
5.752480030059815,12.000001907348633,5.0,6,2023,6,27
12.72793960571289,34.400001525878906,9.0,6,2023,6,27
13.43735408782959,29.600000381469727,11.0,6,2023,6,27
14.837108612060549,5.0,13.0,6,2023,6,27
7.211123466491699,24.000001907348636,25.0,6,2023,6,27
6.375855922698975,0.0,29.0,6,2023,6,27
4.683584213256836,0.0,30.0,6,2023,6,27
4.927748680114746,26.00000762939453,32.0,6,2023,6,27
3.195037841796875,38.00000762939453,37.0,6,2023,6,27
2.1153078079223637,0.0,38.0,6,2023,6,27
4.639648914337158,38.99999237060547,39.0,6,2023,6,27
5.067281723022461,0.0,44.0,6,2023,6,27
2.954439878463745,3.1000001430511475,5.0,7,2023,6,27
9.007040977478027,0.9999998807907104,9.0,7,2023,6,27
12.371407508850098,14.000000953674316,11.0,7,2023,6,27
12.78773021697998,11.69999885559082,13.0,7,2023,6,27
4.863801002502441,1.3000000715255735,25.0,7,2023,6,27
3.347594738006592,0.5999999046325684,29.0,7,2023,6,27
1.6508668661117554,8.199999809265137,30.0,7,2023,6,27
1.7996046543121338,0.0,32.0,7,2023,6,27
1.256216287612915,0.0,37.0,7,2023,6,27
0.7887158393859863,0.0,38.0,7,2023,6,27
1.1381385326385498,7.0,39.0,7,2023,6,27
1.7050931453704834,0.0,44.0,7,2023,6,27
2.7246899604797363,0.0,5.0,1,2023,7,1
9.287904739379885,0.5999999046325684,9.0,1,2023,7,1
10.34604835510254,0.4000000953674316,11.0,1,2023,7,1
11.242284774780272,1.3999998569488523,13.0,1,2023,7,1
4.609796047210693,4.0,25.0,1,2023,7,1
2.7559244632720947,0.9999998807907104,29.0,1,2023,7,1
2.984071016311645,0.0,30.0,1,2023,7,1
2.136483907699585,0.0,32.0,1,2023,7,1
1.8616974353790283,0.0,37.0,1,2023,7,1
1.5822798013687134,0.2000000178813934,38.0,1,2023,7,1
0.937500774860382,0.0,39.0,1,2023,7,1
0.7976347208023071,1.999999761581421,44.0,1,2023,7,1
6.195712566375732,12.000001907348633,5.0,2,2023,7,1
13.909071922302246,34.400001525878906,9.0,2,2023,7,1
16.629520416259766,29.600000381469727,11.0,2,2023,7,1
17.16091537475586,5.0,13.0,2,2023,7,1
8.172093391418457,24.000001907348636,25.0,2,2023,7,1
6.255456447601318,0.0,29.0,2,2023,7,1
4.078408241271973,0.0,30.0,2,2023,7,1
2.896040201187134,26.00000762939453,32.0,2,2023,7,1
2.624530792236328,38.00000762939453,37.0,2,2023,7,1
2.616464376449585,0.0,38.0,2,2023,7,1
2.0810351371765137,38.99999237060547,39.0,2,2023,7,1
2.119906187057495,0.0,44.0,2,2023,7,1
3.90461540222168,3.1000001430511475,5.0,3,2023,7,1
12.085183143615724,0.9999998807907104,9.0,3,2023,7,1
12.883781433105469,14.000000953674316,11.0,3,2023,7,1
13.982097625732422,11.69999885559082,13.0,3,2023,7,1
5.261354446411133,1.3000000715255735,25.0,3,2023,7,1
4.5456390380859375,0.5999999046325684,29.0,3,2023,7,1
2.4080255031585693,8.199999809265137,30.0,3,2023,7,1
1.8988877534866333,0.0,32.0,3,2023,7,1
1.4507399797439575,0.0,37.0,3,2023,7,1
1.4951740503311155,0.0,38.0,3,2023,7,1
1.1428699493408203,7.0,39.0,3,2023,7,1
1.644972801208496,0.0,44.0,3,2023,7,1
13.182185173034668,11.90000057220459,5.0,4,2023,7,1
24.42196655273437,14.000000953674316,9.0,4,2023,7,1
26.16232109069824,16.59999656677246,11.0,4,2023,7,1
30.25709724426269,18.299997329711918,13.0,4,2023,7,1
17.42978858947754,4.700000286102295,25.0,4,2023,7,1
13.803964614868164,11.0,29.0,4,2023,7,1
10.604255676269531,41.80000305175781,30.0,4,2023,7,1
10.81215763092041,28.9999942779541,32.0,4,2023,7,1
10.083885192871094,16.0,37.0,4,2023,7,1
8.580005645751953,54.99999237060547,38.0,4,2023,7,1
9.702533721923828,15.0,39.0,4,2023,7,1
11.942914962768556,0.0,44.0,4,2023,7,1
11.346586227416992,2.1000001430511475,5.0,5,2023,7,1
20.933969497680664,13.000000953674316,9.0,5,2023,7,1
22.878498077392575,4.200000762939453,11.0,5,2023,7,1
23.576068878173828,4.0,13.0,5,2023,7,1
11.526289939880373,0.0,25.0,5,2023,7,1
11.684369087219238,0.0,29.0,5,2023,7,1
7.991828918457031,0.0,30.0,5,2023,7,1
5.875661373138428,0.0,32.0,5,2023,7,1
6.524898529052734,8.0,37.0,5,2023,7,1
5.449519157409668,12.000001907348633,38.0,5,2023,7,1
5.265739440917969,8.199999809265137,39.0,5,2023,7,1
5.786886692047119,0.0,44.0,5,2023,7,1
3.031710147857666,0.0,5.0,6,2023,7,1
9.05918788909912,14.000000953674316,9.0,6,2023,7,1
13.3331937789917,9.0,11.0,6,2023,7,1
12.738836288452148,1.999999761581421,13.0,6,2023,7,1
3.990335702896118,0.2000000178813934,25.0,6,2023,7,1
3.530991554260254,0.0,29.0,6,2023,7,1
2.155808448791504,0.0,30.0,6,2023,7,1
1.6242750883102417,0.0,32.0,6,2023,7,1
1.3666726350784302,0.0,37.0,6,2023,7,1
1.0192080736160278,0.0,38.0,6,2023,7,1
0.5836491584777832,0.0999999120831489,39.0,6,2023,7,1
0.8568262457847595,0.0,44.0,6,2023,7,1
1.8925498723983765,0.0,5.0,7,2023,7,1
6.952048778533936,0.5999999046325684,9.0,7,2023,7,1
9.180723190307615,0.0999999120831489,11.0,7,2023,7,1
9.475008964538574,1.999999761581421,13.0,7,2023,7,1
3.143333196640014,0.0,25.0,7,2023,7,1
1.9768121242523196,0.0,29.0,7,2023,7,1
0.7278422713279724,0.0,30.0,7,2023,7,1
1.113640308380127,0.0,32.0,7,2023,7,1
0.607265830039978,0.0,37.0,7,2023,7,1
0.2494562566280365,0.0,38.0,7,2023,7,1
0.5566012263298035,0.0,39.0,7,2023,7,1
1.1010608673095703,0.0,44.0,7,2023,7,1
12.97486972808838,11.90000057220459,5.0,1,2023,7,4
26.528459548950195,14.000000953674316,9.0,1,2023,7,4
27.362564086914062,16.59999656677246,11.0,1,2023,7,4
27.05777359008789,18.299997329711918,13.0,1,2023,7,4
13.836365699768066,4.700000286102295,25.0,1,2023,7,4
13.950557708740234,11.0,29.0,1,2023,7,4
9.27519416809082,41.80000305175781,30.0,1,2023,7,4
10.145421981811523,28.9999942779541,32.0,1,2023,7,4
8.567358016967773,16.0,37.0,1,2023,7,4
7.349273204803467,54.99999237060547,38.0,1,2023,7,4
10.090734481811523,15.0,39.0,1,2023,7,4
11.679622650146484,0.0,44.0,1,2023,7,4
6.959356784820557,2.1000001430511475,5.0,2,2023,7,4
10.530202865600586,13.000000953674316,9.0,2,2023,7,4
12.060245513916016,4.200000762939453,11.0,2,2023,7,4
12.306930541992188,4.0,13.0,2,2023,7,4
7.597792625427246,0.0,25.0,2,2023,7,4
6.821228504180908,0.0,29.0,2,2023,7,4
4.772831916809082,0.0,30.0,2,2023,7,4
4.790721893310547,0.0,32.0,2,2023,7,4
4.314337730407715,8.0,37.0,2,2023,7,4
4.043317317962647,12.000001907348633,38.0,2,2023,7,4
4.885603904724121,8.199999809265137,39.0,2,2023,7,4
4.713080406188965,0.0,44.0,2,2023,7,4
1.0594955682754517,0.0,5.0,3,2023,7,4
3.178004026412964,14.000000953674316,9.0,3,2023,7,4
2.551620960235596,9.0,11.0,3,2023,7,4
3.4794318675994877,1.999999761581421,13.0,3,2023,7,4
1.6283245086669922,0.2000000178813934,25.0,3,2023,7,4
0.0,0.0,29.0,3,2023,7,4
0.0,0.0,30.0,3,2023,7,4
0.0,0.0,32.0,3,2023,7,4
0.0,0.0,37.0,3,2023,7,4
0.0,0.0,38.0,3,2023,7,4
0.0,0.0999999120831489,39.0,3,2023,7,4
0.0,0.0,44.0,3,2023,7,4
0.4817720651626587,0.0,5.0,4,2023,7,4
2.7433969974517822,0.5999999046325684,9.0,4,2023,7,4
2.586089372634888,0.0999999120831489,11.0,4,2023,7,4
3.4784884452819824,1.999999761581421,13.0,4,2023,7,4
1.280076503753662,0.0,25.0,4,2023,7,4
0.4035761654376983,0.0,29.0,4,2023,7,4
0.920855700969696,0.0,30.0,4,2023,7,4
0.0,0.0,32.0,4,2023,7,4
0.0,0.0,37.0,4,2023,7,4
0.0,0.0,38.0,4,2023,7,4
0.0,0.0,39.0,4,2023,7,4
0.0,0.0,44.0,4,2023,7,4
5.075860977172852,13.000000953674316,5.0,5,2023,7,4
9.638391494750977,5.8000006675720215,9.0,5,2023,7,4
11.992385864257812,26.89999771118164,11.0,5,2023,7,4
12.62382698059082,10.000000953674316,13.0,5,2023,7,4
6.8719916343688965,15.0,25.0,5,2023,7,4
5.096802711486816,5.999999523162842,29.0,5,2023,7,4
4.187543869018555,24.90000534057617,30.0,5,2023,7,4
4.222682952880859,34.000003814697266,32.0,5,2023,7,4
4.2702836990356445,35.0,37.0,5,2023,7,4
3.780107498168945,30.0000057220459,38.0,5,2023,7,4
3.9044482707977295,19.0,39.0,5,2023,7,4
4.431480407714844,36.79999542236328,44.0,5,2023,7,4
3.954350471496582,4.0,5.0,6,2023,7,4
9.14401626586914,5.59999942779541,9.0,6,2023,7,4
10.012874603271484,30.09999656677246,11.0,6,2023,7,4
11.094725608825684,30.99999237060547,13.0,6,2023,7,4
5.225633144378662,4.0,25.0,6,2023,7,4
3.817705154418945,13.000000953674316,29.0,6,2023,7,4
2.865463733673096,2.1000001430511475,30.0,6,2023,7,4
2.6724252700805664,7.0,32.0,6,2023,7,4
2.574127197265625,5.999999523162842,37.0,6,2023,7,4
2.023294448852539,7.0,38.0,6,2023,7,4
2.3973617553710938,0.0,39.0,6,2023,7,4
3.2913658618927,0.0,44.0,6,2023,7,4
2.1753528118133545,0.5,5.0,7,2023,7,4
6.141495704650879,0.5,9.0,7,2023,7,4
5.911796569824219,1.899999976158142,11.0,7,2023,7,4
7.533143997192383,3.0,13.0,7,2023,7,4
3.0360236167907715,0.0,25.0,7,2023,7,4
2.2411651611328125,0.0,29.0,7,2023,7,4
1.5168697834014893,0.0,30.0,7,2023,7,4
1.849150896072388,0.5,32.0,7,2023,7,4
1.6213555335998535,0.0,37.0,7,2023,7,4
0.7674651145935059,0.0999999120831489,38.0,7,2023,7,4
1.8266615867614744,0.0,39.0,7,2023,7,4
1.41288959980011,3.0,44.0,7,2023,7,4
7.649266242980957,13.000000953674316,5.0,1,2023,7,8
22.539878845214844,5.8000006675720215,9.0,1,2023,7,8
20.619712829589844,26.89999771118164,11.0,1,2023,7,8
22.93484115600586,10.000000953674316,13.0,1,2023,7,8
10.58353042602539,15.0,25.0,1,2023,7,8
6.948632717132568,5.999999523162842,29.0,1,2023,7,8
6.672503471374512,24.90000534057617,30.0,1,2023,7,8
5.66718864440918,34.000003814697266,32.0,1,2023,7,8
4.65079402923584,35.0,37.0,1,2023,7,8
3.3354341983795166,30.0000057220459,38.0,1,2023,7,8
4.456304550170898,19.0,39.0,1,2023,7,8
6.073410034179688,36.79999542236328,44.0,1,2023,7,8
6.391292095184326,4.0,5.0,2,2023,7,8
14.630258560180664,5.59999942779541,9.0,2,2023,7,8
15.584402084350586,30.09999656677246,11.0,2,2023,7,8
16.219867706298828,30.99999237060547,13.0,2,2023,7,8
7.381701469421387,4.0,25.0,2,2023,7,8
5.83172082901001,13.000000953674316,29.0,2,2023,7,8
3.636944770812988,2.1000001430511475,30.0,2,2023,7,8
3.25126576423645,7.0,32.0,2,2023,7,8
2.541423797607422,5.999999523162842,37.0,2,2023,7,8
1.7777040004730225,7.0,38.0,2,2023,7,8
2.375048875808716,0.0,39.0,2,2023,7,8
2.3869991302490234,0.0,44.0,2,2023,7,8
2.145707368850708,0.5,5.0,3,2023,7,8
5.006875991821289,0.5,9.0,3,2023,7,8
5.003958702087402,1.899999976158142,11.0,3,2023,7,8
5.837183952331543,3.0,13.0,3,2023,7,8
2.8669090270996094,0.0,25.0,3,2023,7,8
1.894968152046204,0.0,29.0,3,2023,7,8
1.5829848051071167,0.0,30.0,3,2023,7,8
1.3876769542694092,0.5,32.0,3,2023,7,8
1.1920230388641355,0.0,37.0,3,2023,7,8
0.8747336864471436,0.0999999120831489,38.0,3,2023,7,8
1.2297098636627195,0.0,39.0,3,2023,7,8
0.8869482278823853,3.0,44.0,3,2023,7,8
2.426180362701416,9.0,5.0,4,2023,7,8
9.11863899230957,0.2000000178813934,9.0,4,2023,7,8
10.939454078674316,0.0999999120831489,11.0,4,2023,7,8
11.075525283813477,1.899999976158142,13.0,4,2023,7,8
3.3424832820892334,16.0,25.0,4,2023,7,8
2.877908229827881,0.0,29.0,4,2023,7,8
1.3065533638000488,9.0,30.0,4,2023,7,8
0.8646662831306458,0.5,32.0,4,2023,7,8
0.587359607219696,10.099998474121094,37.0,4,2023,7,8
0.4883468747138977,11.0,38.0,4,2023,7,8
0.2955206036567688,22.0000057220459,39.0,4,2023,7,8
0.6416442394256592,3.0,44.0,4,2023,7,8
5.8913679122924805,52.00000762939453,5.0,5,2023,7,8
15.600177764892578,4.799999237060547,9.0,5,2023,7,8
17.873960494995117,7.0,11.0,5,2023,7,8
18.504100799560547,16.099998474121094,13.0,5,2023,7,8
7.403972625732422,59.9999885559082,25.0,5,2023,7,8
5.164074897766113,5.999999523162842,29.0,5,2023,7,8
3.3245415687561035,0.0,30.0,5,2023,7,8
2.031235694885254,0.0999999120831489,32.0,5,2023,7,8
2.083920478820801,0.0,37.0,5,2023,7,8
1.8941744565963743,0.0,38.0,5,2023,7,8
1.253165602684021,0.0,39.0,5,2023,7,8
1.4838199615478516,17.0,44.0,5,2023,7,8
7.145572662353516,0.9999998807907104,5.0,6,2023,7,8
16.27755355834961,0.2000000178813934,9.0,6,2023,7,8
22.31270980834961,0.9999998807907104,11.0,6,2023,7,8
21.11414337158203,2.799999713897705,13.0,6,2023,7,8
8.150476455688477,4.0,25.0,6,2023,7,8
8.148055076599121,9.0,29.0,6,2023,7,8
4.195158004760742,0.0,30.0,6,2023,7,8
3.425278902053833,0.800000011920929,32.0,6,2023,7,8
3.4029195308685303,0.0,37.0,6,2023,7,8
2.9105324745178223,0.0,38.0,6,2023,7,8
2.548279285430908,0.0,39.0,6,2023,7,8
3.726198673248291,4.0,44.0,6,2023,7,8
3.9930837154388423,27.10000228881836,5.0,7,2023,7,8
10.7275390625,5.0,9.0,7,2023,7,8
14.70315933227539,15.0,11.0,7,2023,7,8
15.061320304870604,29.200000762939453,13.0,7,2023,7,8
5.701286315917969,17.0,25.0,7,2023,7,8
5.427402973175049,13.000000953674316,29.0,7,2023,7,8
2.2583000659942627,34.000003814697266,30.0,7,2023,7,8
2.8458411693573,14.000000953674316,32.0,7,2023,7,8
2.145247220993042,27.000001907348636,37.0,7,2023,7,8
1.78691828250885,5.999999523162842,38.0,7,2023,7,8
2.0103073120117188,1.999999761581421,39.0,7,2023,7,8
3.167750358581543,10.000000953674316,44.0,7,2023,7,8
3.726447582244873,9.0,5.0,1,2023,7,11
7.876546382904053,0.2000000178813934,9.0,1,2023,7,11
11.43814468383789,0.0999999120831489,11.0,1,2023,7,11
10.268987655639648,1.899999976158142,13.0,1,2023,7,11
4.1587114334106445,16.0,25.0,1,2023,7,11
4.197385787963867,0.0,29.0,1,2023,7,11
2.797109365463257,9.0,30.0,1,2023,7,11
1.5885381698608398,0.5,32.0,1,2023,7,11
1.7295448780059814,10.099998474121094,37.0,1,2023,7,11
1.7897350788116455,11.0,38.0,1,2023,7,11
1.5106327533721924,22.0000057220459,39.0,1,2023,7,11
1.6613752841949463,3.0,44.0,1,2023,7,11
3.5553641319274902,52.00000762939453,5.0,2,2023,7,11
7.998640060424805,4.799999237060547,9.0,2,2023,7,11
11.692903518676758,7.0,11.0,2,2023,7,11
10.22974681854248,16.099998474121094,13.0,2,2023,7,11
4.163529396057129,59.9999885559082,25.0,2,2023,7,11
3.909292221069336,5.999999523162842,29.0,2,2023,7,11
1.5184438228607178,0.0,30.0,2,2023,7,11
1.017065405845642,0.0999999120831489,32.0,2,2023,7,11
0.9245137572288512,0.0,37.0,2,2023,7,11
1.2321478128433228,0.0,38.0,2,2023,7,11
0.773636519908905,0.0,39.0,2,2023,7,11
0.7279019355773926,17.0,44.0,2,2023,7,11
4.005957126617432,0.9999998807907104,5.0,3,2023,7,11
7.481842994689941,0.2000000178813934,9.0,3,2023,7,11
9.077996253967283,0.9999998807907104,11.0,3,2023,7,11
10.535955429077148,2.799999713897705,13.0,3,2023,7,11
6.0755462646484375,4.0,25.0,3,2023,7,11
4.363900661468506,9.0,29.0,3,2023,7,11
4.26796817779541,0.0,30.0,3,2023,7,11
3.5020642280578613,0.800000011920929,32.0,3,2023,7,11
3.235220193862915,0.0,37.0,3,2023,7,11
2.9980030059814453,0.0,38.0,3,2023,7,11
2.203729152679444,0.0,39.0,3,2023,7,11
3.2025814056396484,4.0,44.0,3,2023,7,11
11.610835075378418,27.10000228881836,5.0,4,2023,7,11
18.671878814697266,5.0,9.0,4,2023,7,11
19.718900680541992,15.0,11.0,4,2023,7,11
23.116594314575195,29.200000762939453,13.0,4,2023,7,11
15.689774513244627,17.0,25.0,4,2023,7,11
12.067795753479004,13.000000953674316,29.0,4,2023,7,11
10.038947105407717,34.000003814697266,30.0,4,2023,7,11
11.028217315673828,14.000000953674316,32.0,4,2023,7,11
10.744634628295898,27.000001907348636,37.0,4,2023,7,11
9.174511909484863,5.999999523162842,38.0,4,2023,7,11
9.947955131530762,1.999999761581421,39.0,4,2023,7,11
13.527061462402344,10.000000953674316,44.0,4,2023,7,11
3.635158061981201,5.999999523162842,5.0,5,2023,7,11
3.733347415924072,5.0,9.0,5,2023,7,11
4.969727516174316,1.999999761581421,11.0,5,2023,7,11
5.408241271972656,3.0,13.0,5,2023,7,11
5.007489204406738,5.999999523162842,25.0,5,2023,7,11
4.357192993164063,3.0,29.0,5,2023,7,11
4.857813358306885,7.0,30.0,5,2023,7,11
3.915228843688965,0.0,32.0,5,2023,7,11
4.051609039306641,0.0,37.0,5,2023,7,11
4.155390739440918,7.0,38.0,5,2023,7,11
5.255429267883301,0.9999998807907104,39.0,5,2023,7,11
4.712870121002197,0.0,44.0,5,2023,7,11
2.36274528503418,0.0,5.0,6,2023,7,11
2.540812492370605,0.0,9.0,6,2023,7,11
3.154327630996704,0.0,11.0,6,2023,7,11
3.711657047271729,0.0,13.0,6,2023,7,11
5.003238677978516,0.0,25.0,6,2023,7,11
3.655313014984131,0.0,29.0,6,2023,7,11
4.67638111114502,0.0,30.0,6,2023,7,11
8.955476760864258,0.2000000178813934,32.0,6,2023,7,11
5.833773612976074,0.0,37.0,6,2023,7,11
4.394563674926758,0.0,38.0,6,2023,7,11
8.758373260498047,0.0,39.0,6,2023,7,11
14.166593551635742,0.0,44.0,6,2023,7,11
4.18325662612915,0.0,5.0,7,2023,7,11
3.649459838867188,0.0,9.0,7,2023,7,11
3.1336822509765625,0.0,11.0,7,2023,7,11
4.65772008895874,0.0,13.0,7,2023,7,11
6.338513374328613,0.0,25.0,7,2023,7,11
4.520534515380859,0.0,29.0,7,2023,7,11
4.707939624786377,0.0,30.0,7,2023,7,11
8.805549621582031,0.0,32.0,7,2023,7,11
6.103392601013184,0.0,37.0,7,2023,7,11
4.655853748321533,0.0,38.0,7,2023,7,11
8.408374786376953,0.0,39.0,7,2023,7,11
11.21466064453125,0.0,44.0,7,2023,7,11
3.391407966613769,5.999999523162842,5.0,1,2023,7,15
4.703845500946045,5.0,9.0,1,2023,7,15
4.62898063659668,1.999999761581421,11.0,1,2023,7,15
5.500826358795166,3.0,13.0,1,2023,7,15
4.323104381561279,5.999999523162842,25.0,1,2023,7,15
3.6422853469848633,3.0,29.0,1,2023,7,15
3.3932526111602783,7.0,30.0,1,2023,7,15
2.1661417484283447,0.0,32.0,1,2023,7,15
2.8445074558258057,0.0,37.0,1,2023,7,15
3.09281063079834,7.0,38.0,1,2023,7,15
2.8333566188812256,0.9999998807907104,39.0,1,2023,7,15
3.180008888244629,0.0,44.0,1,2023,7,15
0.0,0.0,5.0,2,2023,7,15
0.0,0.0,9.0,2,2023,7,15
0.0,0.0,11.0,2,2023,7,15
0.0,0.0,13.0,2,2023,7,15
1.1215239763259888,0.0,25.0,2,2023,7,15
0.0,0.0,29.0,2,2023,7,15
1.1129432916641235,0.0,30.0,2,2023,7,15
0.0,0.2000000178813934,32.0,2,2023,7,15
0.0,0.0,37.0,2,2023,7,15
0.0,0.0,38.0,2,2023,7,15
0.0,0.0,39.0,2,2023,7,15
2.5565505027771,0.0,44.0,2,2023,7,15
0.0,0.0,5.0,3,2023,7,15
0.0,0.0,9.0,3,2023,7,15
0.0,0.0,11.0,3,2023,7,15
0.0,0.0,13.0,3,2023,7,15
1.6043914556503296,0.0,25.0,3,2023,7,15
0.0,0.0,29.0,3,2023,7,15
1.9478923082351685,0.0,30.0,3,2023,7,15
2.7783703804016118,0.0,32.0,3,2023,7,15
1.88991117477417,0.0,37.0,3,2023,7,15
0.0,0.0,38.0,3,2023,7,15
2.39646577835083,0.0,39.0,3,2023,7,15
2.436338424682617,0.0,44.0,3,2023,7,15
14.574661254882812,8.0,5.0,4,2023,7,15
14.078730583190918,11.0,9.0,4,2023,7,15
9.845796585083008,8.0,11.0,4,2023,7,15
14.584321975708008,9.0,13.0,4,2023,7,15
18.145000457763672,9.0,25.0,4,2023,7,15
12.10781478881836,0.8999999761581421,29.0,4,2023,7,15
18.583232879638672,3.0,30.0,4,2023,7,15
46.79706954956055,14.000000953674316,32.0,4,2023,7,15
28.34619903564453,3.0,37.0,4,2023,7,15
16.16946029663086,0.0,38.0,4,2023,7,15
34.97488784790039,4.0,39.0,4,2023,7,15
71.68584442138672,4.0,44.0,4,2023,7,15
9.325998306274414,8.0,5.0,5,2023,7,15
15.407629013061523,5.0,9.0,5,2023,7,15
16.162466049194336,1.1000001430511477,11.0,5,2023,7,15
16.92091941833496,20.99999618530273,13.0,5,2023,7,15
10.003549575805664,9.0,25.0,5,2023,7,15
8.701982498168945,5.09999942779541,29.0,5,2023,7,15
7.367964267730713,1.999999761581421,30.0,5,2023,7,15
11.042757034301758,15.0,32.0,5,2023,7,15
7.898229122161865,9.0,37.0,5,2023,7,15
5.585206508636475,24.000001907348636,38.0,5,2023,7,15
8.052602767944336,3.0,39.0,5,2023,7,15
11.65769100189209,8.0,44.0,5,2023,7,15
8.458112716674805,9.0,5.0,6,2023,7,15
10.01681900024414,3.0,9.0,6,2023,7,15
11.03441333770752,0.3000000715255737,11.0,6,2023,7,15
13.196593284606934,0.0,13.0,6,2023,7,15
9.98951530456543,32.000003814697266,25.0,6,2023,7,15
8.490371704101562,4.0,29.0,6,2023,7,15
7.837547779083252,7.0,30.0,6,2023,7,15
12.137962341308594,1.999999761581421,32.0,6,2023,7,15
9.033473014831545,5.0,37.0,6,2023,7,15
7.003420829772949,0.0,38.0,6,2023,7,15
9.756333351135254,10.000000953674316,39.0,6,2023,7,15
16.134811401367188,5.999999523162842,44.0,6,2023,7,15
5.21746301651001,1.999999761581421,5.0,7,2023,7,15
5.848339557647705,0.0,9.0,7,2023,7,15
5.193941116333008,0.0,11.0,7,2023,7,15
7.09740161895752,0.0,13.0,7,2023,7,15
6.997114658355713,0.6999999284744263,25.0,7,2023,7,15
4.831809997558594,0.0,29.0,7,2023,7,15
5.374322891235352,0.0,30.0,7,2023,7,15
10.223135948181152,0.0,32.0,7,2023,7,15
6.270146369934082,0.0,37.0,7,2023,7,15
4.230856895446777,0.0,38.0,7,2023,7,15
6.594739437103272,1.999999761581421,39.0,7,2023,7,15
13.542346954345703,0.9999998807907104,44.0,7,2023,7,15
16.22589683532715,8.0,5.0,1,2023,7,18
32.31538772583008,11.0,9.0,1,2023,7,18
22.27386474609375,8.0,11.0,1,2023,7,18
28.90508079528809,9.0,13.0,1,2023,7,18
22.948768615722656,9.0,25.0,1,2023,7,18
12.969156265258787,0.8999999761581421,29.0,1,2023,7,18
20.299501419067383,3.0,30.0,1,2023,7,18
20.767730712890625,14.000000953674316,32.0,1,2023,7,18
19.00394058227539,3.0,37.0,1,2023,7,18
14.681231498718262,0.0,38.0,1,2023,7,18
15.628646850585938,4.0,39.0,1,2023,7,18
17.535221099853516,4.0,44.0,1,2023,7,18
9.02626609802246,8.0,5.0,2,2023,7,18
9.65108871459961,5.0,9.0,2,2023,7,18
11.777193069458008,1.1000001430511477,11.0,2,2023,7,18
11.973760604858398,20.99999618530273,13.0,2,2023,7,18
9.910399436950684,9.0,25.0,2,2023,7,18
8.669401168823242,5.09999942779541,29.0,2,2023,7,18
7.607678413391113,1.999999761581421,30.0,2,2023,7,18
8.1830472946167,15.0,32.0,2,2023,7,18
7.722047328948975,9.0,37.0,2,2023,7,18
6.251396179199219,24.000001907348636,38.0,2,2023,7,18
5.726544380187988,3.0,39.0,2,2023,7,18
8.979496002197266,8.0,44.0,2,2023,7,18
3.984310150146485,9.0,5.0,3,2023,7,18
5.893928050994873,3.0,9.0,3,2023,7,18
7.19139575958252,0.3000000715255737,11.0,3,2023,7,18
7.579893112182617,0.0,13.0,3,2023,7,18
4.918990612030029,32.000003814697266,25.0,3,2023,7,18
4.821964740753174,4.0,29.0,3,2023,7,18
3.7455551624298096,7.0,30.0,3,2023,7,18
5.377764701843262,1.999999761581421,32.0,3,2023,7,18
3.9747684001922607,5.0,37.0,3,2023,7,18
2.823207378387451,0.0,38.0,3,2023,7,18
3.9055778980255127,10.000000953674316,39.0,3,2023,7,18
7.168817520141602,5.999999523162842,44.0,3,2023,7,18
2.458559036254883,1.999999761581421,5.0,4,2023,7,18
4.934161186218262,0.0,9.0,4,2023,7,18
5.971994400024414,0.0,11.0,4,2023,7,18
6.470585823059082,0.0,13.0,4,2023,7,18
3.829735994338989,0.6999999284744263,25.0,4,2023,7,18
3.3025028705596924,0.0,29.0,4,2023,7,18
3.882726192474365,0.0,30.0,4,2023,7,18
5.796999454498291,0.0,32.0,4,2023,7,18
3.939323663711548,0.0,37.0,4,2023,7,18
2.667287588119507,0.0,38.0,4,2023,7,18
4.592459201812744,1.999999761581421,39.0,4,2023,7,18
9.850452423095703,0.9999998807907104,44.0,4,2023,7,18
1.2819106578826904,0.0,5.0,5,2023,7,18
1.82438325881958,0.0,9.0,5,2023,7,18
2.0572314262390137,7.0,11.0,5,2023,7,18
2.5784192085266118,97.00001525878906,13.0,5,2023,7,18
2.3141658306121826,0.0,25.0,5,2023,7,18
1.1889575719833374,0.0,29.0,5,2023,7,18
3.0261011123657227,0.0,30.0,5,2023,7,18
4.464975357055664,0.0,32.0,5,2023,7,18
3.4587602615356445,0.0,37.0,5,2023,7,18
2.1653318405151367,0.0,38.0,5,2023,7,18
4.460200309753418,0.0,39.0,5,2023,7,18
6.904277324676514,0.0,44.0,5,2023,7,18
0.8470965623855591,0.0,5.0,6,2023,7,18
1.7128753662109375,11.0,9.0,6,2023,7,18
1.9921867847442627,14.000000953674316,11.0,6,2023,7,18
2.533244132995605,36.29999923706055,13.0,6,2023,7,18
1.7850514650344849,8.0,25.0,6,2023,7,18
0.0,0.6999999284744263,29.0,6,2023,7,18
1.8425571918487549,0.0,30.0,6,2023,7,18
3.9533514976501465,0.0,32.0,6,2023,7,18
2.326343536376953,0.0,37.0,6,2023,7,18
1.18587327003479,47.999996185302734,38.0,6,2023,7,18
3.701619863510132,0.0,39.0,6,2023,7,18
6.531546592712402,0.0,44.0,6,2023,7,18
2.950556755065918,0.0,5.0,7,2023,7,18
3.863006114959717,4.0,9.0,7,2023,7,18
4.343276500701904,14.000000953674316,11.0,7,2023,7,18
5.204282760620117,12.000001907348633,13.0,7,2023,7,18
4.2252726554870605,0.9999998807907104,25.0,7,2023,7,18
4.292585849761963,0.4000000953674316,29.0,7,2023,7,18
4.8339128494262695,0.0,30.0,7,2023,7,18
12.943172454833984,0.0,32.0,7,2023,7,18
7.097428321838379,0.0,37.0,7,2023,7,18
5.399379730224609,0.0,38.0,7,2023,7,18
11.255630493164062,0.0,39.0,7,2023,7,18
20.73882102966309,0.0,44.0,7,2023,7,18
2.3835582733154297,0.0,5.0,1,2023,7,22
6.583878993988037,0.0,9.0,1,2023,7,22
8.005712509155273,7.0,11.0,1,2023,7,22
7.575404167175293,97.00001525878906,13.0,1,2023,7,22
2.8770534992218018,0.0,25.0,1,2023,7,22
3.353026866912842,0.0,29.0,1,2023,7,22
1.7265945672988892,0.0,30.0,1,2023,7,22
1.224959373474121,0.0,32.0,1,2023,7,22
1.1345630884170532,0.0,37.0,1,2023,7,22
0.8973244428634644,0.0,38.0,1,2023,7,22
1.165009617805481,0.0,39.0,1,2023,7,22
1.473930835723877,0.0,44.0,1,2023,7,22
3.804107904434204,0.0,5.0,2,2023,7,22
7.528890609741211,11.0,9.0,2,2023,7,22
9.63163948059082,14.000000953674316,11.0,2,2023,7,22
8.854896545410156,36.29999923706055,13.0,2,2023,7,22
3.8761022090911865,8.0,25.0,2,2023,7,22
4.840402603149414,0.6999999284744263,29.0,2,2023,7,22
1.840598940849304,0.0,30.0,2,2023,7,22
1.6305408477783203,0.0,32.0,2,2023,7,22
1.3372265100479126,0.0,37.0,2,2023,7,22
1.1248716115951538,47.999996185302734,38.0,2,2023,7,22
1.3459858894348145,0.0,39.0,2,2023,7,22
1.2384175062179563,0.0,44.0,2,2023,7,22
1.2140508890151978,0.0,5.0,3,2023,7,22
3.588282585144043,4.0,9.0,3,2023,7,22
3.497129440307617,14.000000953674316,11.0,3,2023,7,22
3.799820899963379,12.000001907348633,13.0,3,2023,7,22
1.7193915843963623,0.9999998807907104,25.0,3,2023,7,22
1.4312938451766968,0.4000000953674316,29.0,3,2023,7,22
0.923766314983368,0.0,30.0,3,2023,7,22
0.0,0.0,32.0,3,2023,7,22
0.0,0.0,37.0,3,2023,7,22
0.0,0.0,38.0,3,2023,7,22
0.0,0.0,39.0,3,2023,7,22
1.1081807613372805,0.0,44.0,3,2023,7,22
0.4568589925765991,0.0,5.0,4,2023,7,22
1.5687224864959717,0.0,9.0,4,2023,7,22
2.036191463470459,0.9999998807907104,11.0,4,2023,7,22
2.150456190109253,0.0,13.0,4,2023,7,22
0.9186608791351318,0.0,25.0,4,2023,7,22
0.6535687446594238,0.0,29.0,4,2023,7,22
0.0,0.0,30.0,4,2023,7,22
0.0,0.0,32.0,4,2023,7,22
0.0,0.0,37.0,4,2023,7,22
0.0,0.0,38.0,4,2023,7,22
0.0,0.0,39.0,4,2023,7,22
0.9783992171287536,4.0,44.0,4,2023,7,22
2.6029303073883057,0.0,5.0,5,2023,7,22
4.643144607543945,0.0,9.0,5,2023,7,22
5.218305587768555,3.0,11.0,5,2023,7,22
5.200564861297607,0.0,13.0,5,2023,7,22
2.656362771987915,0.0,25.0,5,2023,7,22
2.8388171195983887,0.0,29.0,5,2023,7,22
2.069514274597168,0.0,30.0,5,2023,7,22
1.4879206418991089,0.0,32.0,5,2023,7,22
1.3748743534088137,0.0,37.0,5,2023,7,22
1.2309048175811768,0.0,38.0,5,2023,7,22
2.0268030166625977,0.0,39.0,5,2023,7,22
1.507209539413452,0.0,44.0,5,2023,7,22
7.010562419891357,10.099998474121094,5.0,6,2023,7,22
14.441017150878906,17.0,9.0,6,2023,7,22
17.944339752197266,0.4000000953674316,11.0,6,2023,7,22
19.05193901062012,7.1999993324279785,13.0,6,2023,7,22
9.591758728027344,18.000003814697266,25.0,6,2023,7,22
7.912809371948242,0.0,29.0,6,2023,7,22
5.371034145355225,0.2000000178813934,30.0,6,2023,7,22
4.279447555541992,7.0,32.0,6,2023,7,22
4.611643314361572,0.2000000178813934,37.0,6,2023,7,22
4.231546401977539,0.0,38.0,6,2023,7,22
3.663777112960816,0.3000000715255737,39.0,6,2023,7,22
4.900374412536621,0.0,44.0,6,2023,7,22
15.414770126342772,13.499999046325684,5.0,7,2023,7,22
21.581811904907227,48.99999237060547,9.0,7,2023,7,22
23.99842834472656,11.69999885559082,11.0,7,2023,7,22
27.14739418029785,52.20000076293945,13.0,7,2023,7,22
19.59964370727539,35.0,25.0,7,2023,7,22
16.632415771484375,22.0000057220459,29.0,7,2023,7,22
10.201979637145996,4.0,30.0,7,2023,7,22
10.382476806640623,8.0,32.0,7,2023,7,22
9.956849098205566,1.8000000715255735,37.0,7,2023,7,22
11.161810874938965,0.9999998807907104,38.0,7,2023,7,22
8.88405990600586,2.6999998092651367,39.0,7,2023,7,22
11.29523754119873,0.0,44.0,7,2023,7,22
1.5718176364898682,0.0,5.0,1,2023,7,25
1.9003090858459477,0.0,9.0,1,2023,7,25
2.706306934356689,0.9999998807907104,11.0,1,2023,7,25
2.676100730895996,0.0,13.0,1,2023,7,25
2.1047613620758057,0.0,25.0,1,2023,7,25
1.6254878044128418,0.0,29.0,1,2023,7,25
1.8458497524261477,0.0,30.0,1,2023,7,25
0.0,0.0,32.0,1,2023,7,25
0.0,0.0,37.0,1,2023,7,25
0.0,0.0,38.0,1,2023,7,25
0.0,0.0,39.0,1,2023,7,25
0.0,4.0,44.0,1,2023,7,25
1.637175440788269,0.0,5.0,2,2023,7,25
3.4188361167907715,0.0,9.0,2,2023,7,25
2.9559712409973145,3.0,11.0,2,2023,7,25
3.61714243888855,0.0,13.0,2,2023,7,25
2.3715806007385254,0.0,25.0,2,2023,7,25
1.220984697341919,0.0,29.0,2,2023,7,25
1.582890510559082,0.0,30.0,2,2023,7,25
0.0,0.0,32.0,2,2023,7,25
0.0,0.0,37.0,2,2023,7,25
0.0,0.0,38.0,2,2023,7,25
0.0,0.0,39.0,2,2023,7,25
1.3220926523208618,0.0,44.0,2,2023,7,25
10.87419319152832,10.099998474121094,5.0,3,2023,7,25
21.114412307739254,17.0,9.0,3,2023,7,25
19.75031280517578,0.4000000953674316,11.0,3,2023,7,25
24.10084724426269,7.1999993324279785,13.0,3,2023,7,25
14.637418746948242,18.000003814697266,25.0,3,2023,7,25
10.731778144836426,0.0,29.0,3,2023,7,25
8.099296569824219,0.2000000178813934,30.0,3,2023,7,25
12.774977684020996,7.0,32.0,3,2023,7,25
9.273998260498049,0.2000000178813934,37.0,3,2023,7,25
7.332596778869629,0.0,38.0,3,2023,7,25
10.829633712768556,0.3000000715255737,39.0,3,2023,7,25
15.66946506500244,0.0,44.0,3,2023,7,25
14.668188095092772,13.499999046325684,5.0,4,2023,7,25
22.122901916503903,48.99999237060547,9.0,4,2023,7,25
24.688188552856445,11.69999885559082,11.0,4,2023,7,25
27.645618438720703,52.20000076293945,13.0,4,2023,7,25
17.7895565032959,35.0,25.0,4,2023,7,25
16.696094512939453,22.0000057220459,29.0,4,2023,7,25
13.31020736694336,4.0,30.0,4,2023,7,25
13.251909255981444,8.0,32.0,4,2023,7,25
11.138181686401367,1.8000000715255735,37.0,4,2023,7,25
9.91336727142334,0.9999998807907104,38.0,4,2023,7,25
10.284213066101074,2.6999998092651367,39.0,4,2023,7,25
15.335527420043944,0.0,44.0,4,2023,7,25
12.70094108581543,7.40000057220459,5.0,5,2023,7,25
11.982854843139648,0.0,9.0,5,2023,7,25
13.256619453430176,27.89999771118164,11.0,5,2023,7,25
16.433454513549805,20.99999618530273,13.0,5,2023,7,25
15.017404556274414,15.0,25.0,5,2023,7,25
11.47755241394043,17.799997329711914,29.0,5,2023,7,25
13.272896766662598,1.999999761581421,30.0,5,2023,7,25
12.87524700164795,10.000000953674316,32.0,5,2023,7,25
12.569828987121582,0.5,37.0,5,2023,7,25
11.040916442871094,13.000000953674316,38.0,5,2023,7,25
10.547605514526367,1.999999761581421,39.0,5,2023,7,25
13.27133083343506,0.9999998807907104,44.0,5,2023,7,25
12.260380744934082,42.00000381469727,5.0,6,2023,7,25
14.805279731750488,6.500000476837158,9.0,6,2023,7,25
13.761945724487305,22.0000057220459,11.0,6,2023,7,25
17.41636085510254,37.0,13.0,6,2023,7,25
14.515480041503906,12.000001907348633,25.0,6,2023,7,25
10.717557907104492,9.199999809265137,29.0,6,2023,7,25
10.938764572143556,5.0,30.0,6,2023,7,25
11.786688804626465,38.99999237060547,32.0,6,2023,7,25
12.045459747314451,30.0000057220459,37.0,6,2023,7,25
9.499725341796877,5.0,38.0,6,2023,7,25
10.11760139465332,11.500000953674316,39.0,6,2023,7,25
13.015707969665527,1.2000000476837158,44.0,6,2023,7,25
18.250621795654297,28.000003814697266,5.0,7,2023,7,25
27.58412170410156,11.0,9.0,7,2023,7,25
24.891281127929688,3.0,11.0,7,2023,7,25
31.05175399780273,10.000000953674316,13.0,7,2023,7,25
20.036237716674805,23.0,25.0,7,2023,7,25
21.444313049316406,14.000000953674316,29.0,7,2023,7,25
12.755205154418944,14.000000953674316,30.0,7,2023,7,25
14.146292686462402,19.99999618530273,32.0,7,2023,7,25
12.040375709533691,18.000003814697266,37.0,7,2023,7,25
11.415783882141112,10.000000953674316,38.0,7,2023,7,25
13.526185035705566,24.5000057220459,39.0,7,2023,7,25
13.637295722961426,5.8000006675720215,44.0,7,2023,7,25
8.099393844604492,7.40000057220459,5.0,1,2023,7,29
5.810782432556152,0.0,9.0,1,2023,7,29
9.095773696899414,27.89999771118164,11.0,1,2023,7,29
8.77294635772705,20.99999618530273,13.0,1,2023,7,29
10.629280090332031,15.0,25.0,1,2023,7,29
11.661901473999023,17.799997329711914,29.0,1,2023,7,29
8.840227127075195,1.999999761581421,30.0,1,2023,7,29
7.753024101257324,10.000000953674316,32.0,1,2023,7,29
8.123302459716797,0.5,37.0,1,2023,7,29
9.782633781433104,13.000000953674316,38.0,1,2023,7,29
7.258459091186523,1.999999761581421,39.0,1,2023,7,29
9.013670921325684,0.9999998807907104,44.0,1,2023,7,29
15.286163330078123,42.00000381469727,5.0,2,2023,7,29
15.101516723632812,6.500000476837158,9.0,2,2023,7,29
18.04637908935547,22.0000057220459,11.0,2,2023,7,29
18.23673820495605,37.0,13.0,2,2023,7,29
17.197023391723633,12.000001907348633,25.0,2,2023,7,29
17.29323959350586,9.199999809265137,29.0,2,2023,7,29
12.597807884216309,5.0,30.0,2,2023,7,29
12.833515167236328,38.99999237060547,32.0,2,2023,7,29
13.53836727142334,30.0000057220459,37.0,2,2023,7,29
12.571517944335938,5.0,38.0,2,2023,7,29
10.956209182739258,11.500000953674316,39.0,2,2023,7,29
11.486162185668944,1.2000000476837158,44.0,2,2023,7,29
12.997895240783691,28.000003814697266,5.0,3,2023,7,29
21.20160675048828,11.0,9.0,3,2023,7,29
19.538761138916016,3.0,11.0,3,2023,7,29
22.09610939025879,10.000000953674316,13.0,3,2023,7,29
13.469749450683594,23.0,25.0,3,2023,7,29
14.142674446105955,14.000000953674316,29.0,3,2023,7,29
8.968071937561035,14.000000953674316,30.0,3,2023,7,29
11.860223770141602,19.99999618530273,32.0,3,2023,7,29
9.044734954833984,18.000003814697266,37.0,3,2023,7,29
7.1314897537231445,10.000000953674316,38.0,3,2023,7,29
10.100138664245604,24.5000057220459,39.0,3,2023,7,29
10.732172012329102,5.8000006675720215,44.0,3,2023,7,29
15.07873821258545,10.000000953674316,5.0,4,2023,7,29
22.440189361572266,30.0000057220459,9.0,4,2023,7,29
22.51939010620117,7.0,11.0,4,2023,7,29
26.408397674560547,9.0,13.0,4,2023,7,29
18.650728225708008,8.0,25.0,4,2023,7,29
16.631555557250977,11.599998474121094,29.0,4,2023,7,29
13.635602951049805,19.99999618530273,30.0,4,2023,7,29
15.48990249633789,30.0000057220459,32.0,4,2023,7,29
13.097198486328123,13.000000953674316,37.0,4,2023,7,29
11.807334899902344,5.999999523162842,38.0,4,2023,7,29
14.543652534484863,7.0,39.0,4,2023,7,29
18.51862335205078,3.0,44.0,4,2023,7,29
16.358013153076172,43.00000381469727,5.0,5,2023,7,29
19.683094024658203,12.000001907348633,9.0,5,2023,7,29
18.649383544921875,16.0,11.0,5,2023,7,29
22.00550651550293,28.000003814697266,13.0,5,2023,7,29
19.452926635742188,43.00000381469727,25.0,5,2023,7,29
16.706703186035156,71.40001678466797,29.0,5,2023,7,29
13.94477081298828,35.0,30.0,5,2023,7,29
13.00925350189209,16.700000762939453,32.0,5,2023,7,29
12.535574913024902,51.00000762939453,37.0,5,2023,7,29
14.22623348236084,15.0,38.0,5,2023,7,29
13.823781967163086,47.0,39.0,5,2023,7,29
15.6232328414917,24.999998092651367,44.0,5,2023,7,29
17.858154296875,34.000003814697266,5.0,6,2023,7,29
21.06644821166992,8.0,9.0,6,2023,7,29
22.268543243408203,0.5999999046325684,11.0,6,2023,7,29
26.66732788085937,300.0,13.0,6,2023,7,29
19.764812469482425,8.0,25.0,6,2023,7,29
16.668611526489258,32.000003814697266,29.0,6,2023,7,29
12.760892868041992,38.99999237060547,30.0,6,2023,7,29
12.614160537719728,30.400007247924805,32.0,6,2023,7,29
13.055496215820312,34.100006103515625,37.0,6,2023,7,29
12.749774932861328,22.0000057220459,38.0,6,2023,7,29
12.410449981689451,65.99998474121094,39.0,6,2023,7,29
14.469087600708008,18.000003814697266,44.0,6,2023,7,29
9.236940383911133,24.000001907348636,5.0,7,2023,7,29
15.530765533447266,76.9999771118164,9.0,7,2023,7,29
13.247156143188477,112.40003967285156,11.0,7,2023,7,29
17.302156448364258,65.00000762939453,13.0,7,2023,7,29
10.904157638549805,26.00000762939453,25.0,7,2023,7,29
10.789117813110352,45.99999237060547,29.0,7,2023,7,29
7.604018211364746,53.00000381469727,30.0,7,2023,7,29
7.538015842437744,6.90000057220459,32.0,7,2023,7,29
7.725626945495605,21.899999618530277,37.0,7,2023,7,29
6.716498374938965,18.000003814697266,38.0,7,2023,7,29
7.138161659240723,7.0,39.0,7,2023,7,29
6.320333480834961,43.00000381469727,44.0,7,2023,7,29
12.034963607788086,10.000000953674316,5.0,1,2023,8,1
21.93959045410156,30.0000057220459,9.0,1,2023,8,1
21.424222946166992,7.0,11.0,1,2023,8,1
22.7165641784668,9.0,13.0,1,2023,8,1
14.371542930603027,8.0,25.0,1,2023,8,1
13.56527614593506,11.599998474121094,29.0,1,2023,8,1
11.69935417175293,19.99999618530273,30.0,1,2023,8,1
12.410377502441406,30.0000057220459,32.0,1,2023,8,1
10.874506950378418,13.000000953674316,37.0,1,2023,8,1
9.062260627746582,5.999999523162842,38.0,1,2023,8,1
12.093952178955078,7.0,39.0,1,2023,8,1
15.36258316040039,3.0,44.0,1,2023,8,1
19.51032447814941,43.00000381469727,5.0,2,2023,8,1
26.29752540588379,12.000001907348633,9.0,2,2023,8,1
26.748031616210938,16.0,11.0,2,2023,8,1
27.971593856811523,28.000003814697266,13.0,2,2023,8,1
20.49020767211914,43.00000381469727,25.0,2,2023,8,1
19.82262420654297,71.40001678466797,29.0,2,2023,8,1
15.687832832336426,35.0,30.0,2,2023,8,1
19.42599296569824,16.700000762939453,32.0,2,2023,8,1
15.728364944458008,51.00000762939453,37.0,2,2023,8,1
13.699654579162598,15.0,38.0,2,2023,8,1
15.765881538391112,47.0,39.0,2,2023,8,1
19.06125259399414,24.999998092651367,44.0,2,2023,8,1
13.721266746520996,34.000003814697266,5.0,3,2023,8,1
19.034984588623047,8.0,9.0,3,2023,8,1
19.68622589111328,0.5999999046325684,11.0,3,2023,8,1
21.21186828613281,300.0,13.0,3,2023,8,1
13.411138534545898,8.0,25.0,3,2023,8,1
13.323591232299805,32.000003814697266,29.0,3,2023,8,1
7.733993530273437,38.99999237060547,30.0,3,2023,8,1
9.812511444091797,30.400007247924805,32.0,3,2023,8,1
8.329680442810059,34.100006103515625,37.0,3,2023,8,1
8.048571586608887,22.0000057220459,38.0,3,2023,8,1
8.591507911682129,65.99998474121094,39.0,3,2023,8,1
11.25062656402588,18.000003814697266,44.0,3,2023,8,1
14.211291313171388,24.000001907348636,5.0,4,2023,8,1
19.031343460083008,76.9999771118164,9.0,4,2023,8,1
20.37647819519043,112.40003967285156,11.0,4,2023,8,1
23.605823516845703,65.00000762939453,13.0,4,2023,8,1
16.951190948486328,26.00000762939453,25.0,4,2023,8,1
14.102163314819336,45.99999237060547,29.0,4,2023,8,1
10.890853881835938,53.00000381469727,30.0,4,2023,8,1
11.281441688537598,6.90000057220459,32.0,4,2023,8,1
10.307306289672852,21.899999618530277,37.0,4,2023,8,1
10.981683731079102,18.000003814697266,38.0,4,2023,8,1
10.943915367126465,7.0,39.0,4,2023,8,1
14.824207305908203,43.00000381469727,44.0,4,2023,8,1
8.370549201965332,56.0,5.0,5,2023,8,1
13.303964614868164,42.00000381469727,9.0,5,2023,8,1
15.807448387145996,110.99998474121094,11.0,5,2023,8,1
15.515527725219728,97.00001525878906,13.0,5,2023,8,1
7.896476745605469,42.00000381469727,25.0,5,2023,8,1
8.063328742980957,16.0,29.0,5,2023,8,1
4.712334156036377,36.19999694824219,30.0,5,2023,8,1
2.8464198112487797,114.99999237060548,32.0,5,2023,8,1
4.078942775726318,40.00000762939453,37.0,5,2023,8,1
4.311902046203613,30.99999237060547,38.0,5,2023,8,1
3.704945802688599,41.00000381469727,39.0,5,2023,8,1
2.5501532554626465,43.00000381469727,44.0,5,2023,8,1
6.752806663513184,12.000001907348633,5.0,6,2023,8,1
14.019912719726562,48.99999237060547,9.0,6,2023,8,1
14.082776069641112,26.00000762939453,11.0,6,2023,8,1
16.196969985961914,32.000003814697266,13.0,6,2023,8,1
8.157914161682129,18.000003814697266,25.0,6,2023,8,1
6.140320301055908,19.0,29.0,6,2023,8,1
3.884191513061523,5.0,30.0,6,2023,8,1
3.143393278121948,20.99999618530273,32.0,6,2023,8,1
3.0355782508850098,0.0,37.0,6,2023,8,1
2.7988760471343994,5.0,38.0,6,2023,8,1
3.363380193710327,1.499999761581421,39.0,6,2023,8,1
3.133638858795166,0.2000000178813934,44.0,6,2023,8,1
10.660138130187988,24.000001907348636,5.0,7,2023,8,1
16.10335922241211,60.999996185302734,9.0,7,2023,8,1
16.14147186279297,85.00003051757812,11.0,7,2023,8,1
19.471954345703125,64.00001525878906,13.0,7,2023,8,1
12.198631286621094,34.000003814697266,25.0,7,2023,8,1
10.43725299835205,9.0,29.0,7,2023,8,1
5.681008815765381,8.0,30.0,7,2023,8,1
7.1688232421875,17.0,32.0,7,2023,8,1
6.234330654144287,1.999999761581421,37.0,7,2023,8,1
5.917781829833984,9.0,38.0,7,2023,8,1
7.349866390228271,1.999999761581421,39.0,7,2023,8,1
8.39482307434082,0.2000000178813934,44.0,7,2023,8,1
21.311628341674805,56.0,5.0,1,2023,8,5
27.010618209838867,42.00000381469727,9.0,1,2023,8,5
27.41741180419922,110.99998474121094,11.0,1,2023,8,5
29.17127799987793,97.00001525878906,13.0,1,2023,8,5
22.657621383666992,42.00000381469727,25.0,1,2023,8,5
21.368824005126957,16.0,29.0,1,2023,8,5
19.61294937133789,36.19999694824219,30.0,1,2023,8,5
14.988308906555176,114.99999237060548,32.0,1,2023,8,5
17.00851821899414,40.00000762939453,37.0,1,2023,8,5
18.002870559692383,30.99999237060547,38.0,1,2023,8,5
15.376723289489746,41.00000381469727,39.0,1,2023,8,5
16.490495681762695,43.00000381469727,44.0,1,2023,8,5
37.00718307495117,12.000001907348633,5.0,2,2023,8,5
21.809160232543945,48.99999237060547,9.0,2,2023,8,5
30.65621757507324,26.00000762939453,11.0,2,2023,8,5
29.17671585083008,32.000003814697266,13.0,2,2023,8,5
35.62506484985352,18.000003814697266,25.0,2,2023,8,5
34.555267333984375,19.0,29.0,2,2023,8,5
27.823169708251957,5.0,30.0,2,2023,8,5
24.01831817626953,20.99999618530273,32.0,2,2023,8,5
28.99384307861328,0.0,37.0,2,2023,8,5
30.591211318969727,5.0,38.0,2,2023,8,5
22.2819881439209,1.499999761581421,39.0,2,2023,8,5
22.865407943725582,0.2000000178813934,44.0,2,2023,8,5
19.31991958618164,24.000001907348636,5.0,3,2023,8,5
26.8739013671875,60.999996185302734,9.0,3,2023,8,5
20.49341583251953,85.00003051757812,11.0,3,2023,8,5
26.65570640563965,64.00001525878906,13.0,3,2023,8,5
21.33151626586914,34.000003814697266,25.0,3,2023,8,5
19.98814392089844,9.0,29.0,3,2023,8,5
17.599306106567383,8.0,30.0,3,2023,8,5
18.509197235107425,17.0,32.0,3,2023,8,5
15.908310890197754,1.999999761581421,37.0,3,2023,8,5
12.622995376586914,9.0,38.0,3,2023,8,5
14.16275405883789,1.999999761581421,39.0,3,2023,8,5
17.672134399414062,0.2000000178813934,44.0,3,2023,8,5
15.259827613830566,5.999999523162842,5.0,4,2023,8,5
25.311012268066406,19.0,9.0,4,2023,8,5
22.671974182128903,206.00001525878903,11.0,4,2023,8,5
27.71330451965332,14.000000953674316,13.0,4,2023,8,5
16.774852752685547,18.000003814697266,25.0,4,2023,8,5
16.130102157592773,35.999996185302734,29.0,4,2023,8,5
11.381414413452148,9.0,30.0,4,2023,8,5
10.839715957641602,1.999999761581421,32.0,4,2023,8,5
10.74386215209961,18.000003814697266,37.0,4,2023,8,5
9.900277137756348,16.0,38.0,4,2023,8,5
10.211592674255373,0.0,39.0,4,2023,8,5
10.79507827758789,0.0999999120831489,44.0,4,2023,8,5
19.66128921508789,0.0,5.0,5,2023,8,5
21.90628433227539,18.000003814697266,9.0,5,2023,8,5
24.105438232421875,28.9999942779541,11.0,5,2023,8,5
27.51468086242676,30.99999237060547,13.0,5,2023,8,5
20.853343963623047,2.1000001430511475,25.0,5,2023,8,5
18.204513549804688,0.0999999120831489,29.0,5,2023,8,5
15.166054725646973,0.0999999120831489,30.0,5,2023,8,5
13.518824577331545,0.0,32.0,5,2023,8,5
13.431933403015137,0.0,37.0,5,2023,8,5
14.49621868133545,0.0,38.0,5,2023,8,5
12.432296752929688,0.0,39.0,5,2023,8,5
12.560922622680664,0.0,44.0,5,2023,8,5
13.95265769958496,0.0,5.0,6,2023,8,5
16.749719619750977,8.199999809265137,9.0,6,2023,8,5
17.789257049560547,35.999996185302734,11.0,6,2023,8,5
20.515743255615234,1.499999761581421,13.0,6,2023,8,5
15.29228401184082,0.3000000715255737,25.0,6,2023,8,5
13.228719711303713,0.0,29.0,6,2023,8,5
10.192771911621094,0.0,30.0,6,2023,8,5
10.642253875732422,10.000000953674316,32.0,6,2023,8,5
10.794490814208984,0.3000000715255737,37.0,6,2023,8,5
9.757353782653809,0.3000000715255737,38.0,6,2023,8,5
9.844852447509766,1.999999761581421,39.0,6,2023,8,5
11.542675971984863,0.0,44.0,6,2023,8,5
12.096521377563477,10.000000953674316,5.0,7,2023,8,5
18.056249618530277,0.0,9.0,7,2023,8,5
16.46009635925293,18.000003814697266,11.0,7,2023,8,5
21.10188865661621,52.50000381469727,13.0,7,2023,8,5
15.094198226928713,12.700000762939451,25.0,7,2023,8,5
14.039772033691406,3.0,29.0,7,2023,8,5
8.271353721618652,29.10000228881836,30.0,7,2023,8,5
8.860116004943848,10.000000953674316,32.0,7,2023,8,5
7.820892810821533,2.6000001430511475,37.0,7,2023,8,5
7.963162422180176,8.700000762939453,38.0,7,2023,8,5
8.410726547241211,0.9999998807907104,39.0,7,2023,8,5
8.883305549621582,2.6000001430511475,44.0,7,2023,8,5
22.49763298034668,5.999999523162842,5.0,1,2023,8,8
26.93659400939941,19.0,9.0,1,2023,8,8
28.36499786376953,206.00001525878903,11.0,1,2023,8,8
28.90306282043457,14.000000953674316,13.0,1,2023,8,8
23.39610290527344,18.000003814697266,25.0,1,2023,8,8
21.977123260498047,35.999996185302734,29.0,1,2023,8,8
17.357040405273438,9.0,30.0,1,2023,8,8
11.88808250427246,1.999999761581421,32.0,1,2023,8,8
14.934874534606934,18.000003814697266,37.0,1,2023,8,8
18.20817756652832,16.0,38.0,1,2023,8,8
12.33634090423584,0.0,39.0,1,2023,8,8
11.433059692382812,0.0999999120831489,44.0,1,2023,8,8
11.90679931640625,0.0,5.0,2,2023,8,8
15.312744140625,18.000003814697266,9.0,2,2023,8,8
14.574783325195312,28.9999942779541,11.0,2,2023,8,8
15.87060832977295,30.99999237060547,13.0,2,2023,8,8
12.747133255004885,2.1000001430511475,25.0,2,2023,8,8
11.66232967376709,0.0999999120831489,29.0,2,2023,8,8
8.87036418914795,0.0999999120831489,30.0,2,2023,8,8
7.05496883392334,0.0,32.0,2,2023,8,8
8.361217498779297,0.0,37.0,2,2023,8,8
8.901589393615723,0.0,38.0,2,2023,8,8
6.637112140655518,0.0,39.0,2,2023,8,8
4.964770317077637,0.0,44.0,2,2023,8,8
10.260560035705566,0.0,5.0,3,2023,8,8
15.544431686401367,8.199999809265137,9.0,3,2023,8,8
14.820322036743164,35.999996185302734,11.0,3,2023,8,8
17.39836883544922,1.499999761581421,13.0,3,2023,8,8
12.062858581542969,0.3000000715255737,25.0,3,2023,8,8
12.158963203430176,0.0,29.0,3,2023,8,8
9.05002784729004,0.0,30.0,3,2023,8,8
9.778153419494627,10.000000953674316,32.0,3,2023,8,8
8.14208698272705,0.3000000715255737,37.0,3,2023,8,8
6.782719612121582,0.3000000715255737,38.0,3,2023,8,8
7.70192813873291,1.999999761581421,39.0,3,2023,8,8
8.16912841796875,0.0,44.0,3,2023,8,8
7.584267616271973,10.000000953674316,5.0,4,2023,8,8
14.44580364227295,0.0,9.0,4,2023,8,8
13.20529842376709,18.000003814697266,11.0,4,2023,8,8
16.653566360473633,52.50000381469727,13.0,4,2023,8,8
11.847738265991213,12.700000762939451,25.0,4,2023,8,8
10.464340209960938,3.0,29.0,4,2023,8,8
9.58100128173828,29.10000228881836,30.0,4,2023,8,8
11.249954223632812,10.000000953674316,32.0,4,2023,8,8
8.767339706420898,2.6000001430511475,37.0,4,2023,8,8
7.144728183746338,8.700000762939453,38.0,4,2023,8,8
10.002395629882812,0.9999998807907104,39.0,4,2023,8,8
13.60128688812256,2.6000001430511475,44.0,4,2023,8,8
12.15876579284668,7.0,5.0,5,2023,8,8
12.079758644104004,0.0,9.0,5,2023,8,8
13.847572326660156,10.200000762939451,11.0,5,2023,8,8
14.706835746765137,24.999998092651367,13.0,5,2023,8,8
12.800252914428713,7.0,25.0,5,2023,8,8
12.654882431030272,2.3000001907348637,29.0,5,2023,8,8
10.625041007995604,1.899999976158142,30.0,5,2023,8,8
10.998952865600586,8.09999942779541,32.0,5,2023,8,8
10.897745132446287,67.0999755859375,37.0,5,2023,8,8
9.697385787963867,1.899999976158142,38.0,5,2023,8,8
9.951229095458984,19.20000267028809,39.0,5,2023,8,8
10.371175765991213,25.599992752075195,44.0,5,2023,8,8
2.677187919616699,0.0,5.0,6,2023,8,8
4.318382740020752,0.0,9.0,6,2023,8,8
4.295670986175537,0.0,11.0,6,2023,8,8
5.5484819412231445,0.0,13.0,6,2023,8,8
4.199045658111572,0.0,25.0,6,2023,8,8
2.9790902137756348,0.0,29.0,6,2023,8,8
3.453577280044556,0.0,30.0,6,2023,8,8
3.496135711669922,0.0,32.0,6,2023,8,8
2.86063814163208,0.0,37.0,6,2023,8,8
2.295682907104492,0.0,38.0,6,2023,8,8
3.66471791267395,0.0,39.0,6,2023,8,8
4.105180740356445,0.0,44.0,6,2023,8,8
4.716830253601074,26.00000762939453,5.0,7,2023,8,8
7.482817649841309,22.0000057220459,9.0,7,2023,8,8
6.308594703674316,3.0,11.0,7,2023,8,8
8.81416130065918,10.000000953674316,13.0,7,2023,8,8
6.40716552734375,29.10000228881836,25.0,7,2023,8,8
5.224117279052734,12.000001907348633,29.0,7,2023,8,8
5.737439155578613,20.99999618530273,30.0,7,2023,8,8
6.043579578399658,0.5999999046325684,32.0,7,2023,8,8
5.808922290802002,17.0,37.0,7,2023,8,8
4.25070858001709,6.399999141693115,38.0,7,2023,8,8
5.897644519805908,18.000003814697266,39.0,7,2023,8,8
5.770226955413818,35.0,44.0,7,2023,8,8
10.752808570861816,7.0,5.0,1,2023,8,12
12.575482368469238,0.0,9.0,1,2023,8,12
17.09360122680664,10.200000762939451,11.0,1,2023,8,12
15.758939743041992,24.999998092651367,13.0,1,2023,8,12
12.832653999328612,7.0,25.0,1,2023,8,12
12.296001434326172,2.3000001907348637,29.0,1,2023,8,12
8.451078414916992,1.899999976158142,30.0,1,2023,8,12
9.771903038024902,8.09999942779541,32.0,1,2023,8,12
8.573867797851562,67.0999755859375,37.0,1,2023,8,12
9.381092071533203,1.899999976158142,38.0,1,2023,8,12
9.234829902648926,19.20000267028809,39.0,1,2023,8,12
12.887535095214844,25.599992752075195,44.0,1,2023,8,12
7.558088302612305,0.0,5.0,2,2023,8,12
8.029014587402344,0.0,9.0,2,2023,8,12
8.618290901184082,0.0,11.0,2,2023,8,12
9.722631454467772,0.0,13.0,2,2023,8,12
9.560052871704102,0.0,25.0,2,2023,8,12
8.319258689880371,0.0,29.0,2,2023,8,12
7.387486934661865,0.0,30.0,2,2023,8,12
8.715262413024902,0.0,32.0,2,2023,8,12
7.535835742950439,0.0,37.0,2,2023,8,12
7.083700180053711,0.0,38.0,2,2023,8,12
8.406347274780273,0.0,39.0,2,2023,8,12
9.519535064697266,0.0,44.0,2,2023,8,12
10.498193740844728,26.00000762939453,5.0,3,2023,8,12
14.417991638183594,22.0000057220459,9.0,3,2023,8,12
13.804574966430664,3.0,11.0,3,2023,8,12
16.227916717529297,10.000000953674316,13.0,3,2023,8,12
12.102892875671388,29.10000228881836,25.0,3,2023,8,12
10.231297492980955,12.000001907348633,29.0,3,2023,8,12
7.790520191192627,20.99999618530273,30.0,3,2023,8,12
8.69626235961914,0.5999999046325684,32.0,3,2023,8,12
8.282700538635254,17.0,37.0,3,2023,8,12
7.180220603942871,6.399999141693115,38.0,3,2023,8,12
7.751465320587158,18.000003814697266,39.0,3,2023,8,12
8.85428524017334,35.0,44.0,3,2023,8,12
11.309231758117676,14.000000953674316,5.0,4,2023,8,12
23.43169212341309,0.0999999120831489,9.0,4,2023,8,12
19.648141860961918,118.00003051757812,11.0,4,2023,8,12
24.7727165222168,65.99998474121094,13.0,4,2023,8,12
14.259559631347656,41.00000381469727,25.0,4,2023,8,12
12.56061840057373,0.800000011920929,29.0,4,2023,8,12
11.060781478881836,0.0,30.0,4,2023,8,12
11.320562362670898,0.9999998807907104,32.0,4,2023,8,12
9.322867393493652,16.0,37.0,4,2023,8,12
6.577117919921875,0.0999999120831489,38.0,4,2023,8,12
8.31965446472168,2.1000001430511475,39.0,4,2023,8,12
10.72214698791504,9.0,44.0,4,2023,8,12
8.370515823364258,8.0,5.0,5,2023,8,12
15.34731388092041,0.8999999761581421,9.0,5,2023,8,12
15.868505477905272,7.0,11.0,5,2023,8,12
17.389812469482422,1.1000001430511477,13.0,5,2023,8,12
10.606776237487791,4.0,25.0,5,2023,8,12
10.134098052978516,12.199997901916504,29.0,5,2023,8,12
8.508793830871582,0.0999999120831489,30.0,5,2023,8,12
6.242888927459717,0.0,32.0,5,2023,8,12
5.838138103485107,0.0,37.0,5,2023,8,12
5.242447853088379,2.200000286102295,38.0,5,2023,8,12
5.971371650695801,0.0,39.0,5,2023,8,12
5.579514503479004,0.0,44.0,5,2023,8,12
8.44057846069336,0.0,5.0,6,2023,8,12
12.60708236694336,13.000000953674316,9.0,6,2023,8,12
14.06418514251709,9.099998474121094,11.0,6,2023,8,12
15.500866889953612,3.0,13.0,6,2023,8,12
10.611595153808594,0.0,25.0,6,2023,8,12
9.935754776000977,0.0,29.0,6,2023,8,12
6.824253559112549,0.0,30.0,6,2023,8,12
7.3269782066345215,0.0,32.0,6,2023,8,12
6.926447868347168,0.0,37.0,6,2023,8,12
5.953187465667725,0.0,38.0,6,2023,8,12
6.764312267303467,0.0,39.0,6,2023,8,12
8.382392883300781,0.0,44.0,6,2023,8,12
7.762698173522949,0.0,5.0,7,2023,8,12
10.686692237854004,4.0,9.0,7,2023,8,12
10.272704124450684,1.3000000715255735,11.0,7,2023,8,12
13.492436408996582,1.999999761581421,13.0,7,2023,8,12
9.50761890411377,0.0,25.0,7,2023,8,12
7.607698917388916,0.0,29.0,7,2023,8,12
5.020932197570801,0.0,30.0,7,2023,8,12
8.089593887329102,0.0,32.0,7,2023,8,12
5.748291492462158,0.0,37.0,7,2023,8,12
4.455400466918945,0.0,38.0,7,2023,8,12
5.834863662719727,0.0,39.0,7,2023,8,12
10.627768516540527,0.0,44.0,7,2023,8,12
7.208083629608154,14.000000953674316,5.0,1,2023,8,15
14.923325538635254,0.0999999120831489,9.0,1,2023,8,15
10.989453315734863,118.00003051757812,11.0,1,2023,8,15
13.8555326461792,65.99998474121094,13.0,1,2023,8,15
9.047788619995115,41.00000381469727,25.0,1,2023,8,15
7.089432239532471,0.800000011920929,29.0,1,2023,8,15
7.077301979064941,0.0,30.0,1,2023,8,15
5.68731689453125,0.9999998807907104,32.0,1,2023,8,15
5.728686332702637,16.0,37.0,1,2023,8,15
5.257892608642578,0.0999999120831489,38.0,1,2023,8,15
5.206357955932617,2.1000001430511475,39.0,1,2023,8,15
5.9863996505737305,9.0,44.0,1,2023,8,15
6.190582752227783,8.0,5.0,2,2023,8,15
9.716087341308594,0.8999999761581421,9.0,2,2023,8,15
10.07453727722168,7.0,11.0,2,2023,8,15
10.717935562133787,1.1000001430511477,13.0,2,2023,8,15
7.5082926750183105,4.0,25.0,2,2023,8,15
6.12690019607544,12.199997901916504,29.0,2,2023,8,15
5.2571868896484375,0.0999999120831489,30.0,2,2023,8,15
5.9012603759765625,0.0,32.0,2,2023,8,15
4.861377716064453,0.0,37.0,2,2023,8,15
4.398159503936768,2.200000286102295,38.0,2,2023,8,15
5.832297801971436,0.0,39.0,2,2023,8,15
5.753504753112793,0.0,44.0,2,2023,8,15
4.623673439025879,0.0,5.0,3,2023,8,15
8.130434036254883,13.000000953674316,9.0,3,2023,8,15
7.564615726470947,9.099998474121094,11.0,3,2023,8,15
8.85600471496582,3.0,13.0,3,2023,8,15
5.798281669616699,0.0,25.0,3,2023,8,15
5.28584623336792,0.0,29.0,3,2023,8,15
3.42118239402771,0.0,30.0,3,2023,8,15
3.92464280128479,0.0,32.0,3,2023,8,15
3.5338902473449707,0.0,37.0,3,2023,8,15
3.040659189224243,0.0,38.0,3,2023,8,15
4.299973487854004,0.0,39.0,3,2023,8,15
4.023083686828613,0.0,44.0,3,2023,8,15
8.493123054504395,0.0,5.0,4,2023,8,15
13.164255142211914,4.0,9.0,4,2023,8,15
14.52464199066162,1.3000000715255735,11.0,4,2023,8,15
16.551212310791016,1.999999761581421,13.0,4,2023,8,15
11.910039901733398,0.0,25.0,4,2023,8,15
9.600004196166992,0.0,29.0,4,2023,8,15
8.503569602966309,0.0,30.0,4,2023,8,15
9.508530616760254,0.0,32.0,4,2023,8,15
8.339374542236328,0.0,37.0,4,2023,8,15
7.379271984100342,0.0,38.0,4,2023,8,15
9.189498901367188,0.0,39.0,4,2023,8,15
12.615367889404297,0.0,44.0,4,2023,8,15
13.261358261108398,15.0,5.0,5,2023,8,15
19.46672248840332,0.5999999046325684,9.0,5,2023,8,15
18.53103828430176,9.299999237060549,11.0,5,2023,8,15
21.10991668701172,0.9999998807907104,13.0,5,2023,8,15
14.241262435913086,16.0,25.0,5,2023,8,15
13.214784622192385,8.0,29.0,5,2023,8,15
12.284819602966309,14.000000953674316,30.0,5,2023,8,15
10.215543746948242,22.0000057220459,32.0,5,2023,8,15
11.019338607788086,19.0,37.0,5,2023,8,15
9.508440971374512,24.000001907348636,38.0,5,2023,8,15
8.169139862060547,23.0,39.0,5,2023,8,15
9.02688217163086,0.0,44.0,5,2023,8,15
6.002773761749268,0.9999998807907104,5.0,6,2023,8,15
11.773477554321287,14.499999046325684,9.0,6,2023,8,15
10.383350372314451,16.099998474121094,11.0,6,2023,8,15
12.833066940307615,35.999996185302734,13.0,6,2023,8,15
7.506021022796631,1.3999998569488523,25.0,6,2023,8,15
6.043127059936523,0.8999999761581421,29.0,6,2023,8,15
5.59487247467041,13.000000953674316,30.0,6,2023,8,15
5.272298812866211,8.0,32.0,6,2023,8,15
5.163844108581543,5.999999523162842,37.0,6,2023,8,15
3.9526777267456055,5.0,38.0,6,2023,8,15
3.870606422424317,3.0,39.0,6,2023,8,15
6.27882719039917,5.0,44.0,6,2023,8,15
4.011768341064453,0.0,5.0,7,2023,8,15
9.834650039672852,33.0,9.0,7,2023,8,15
11.80966854095459,48.900001525878906,11.0,7,2023,8,15
13.045439720153809,15.0,13.0,7,2023,8,15
5.992430686950684,0.0,25.0,7,2023,8,15
5.510494232177734,17.099994659423828,29.0,7,2023,8,15
2.9500086307525635,0.2000000178813934,30.0,7,2023,8,15
3.262240171432495,0.0999999120831489,32.0,7,2023,8,15
2.777357339859009,0.0,37.0,7,2023,8,15
2.143365859985352,1.3000000715255735,38.0,7,2023,8,15
2.3759007453918457,3.0,39.0,7,2023,8,15
3.263033390045166,27.000001907348636,44.0,7,2023,8,15
6.695733547210693,15.0,5.0,1,2023,8,19
14.694632530212402,0.5999999046325684,9.0,1,2023,8,19
10.599359512329102,9.299999237060549,11.0,1,2023,8,19
13.49075412750244,0.9999998807907104,13.0,1,2023,8,19
9.141624450683594,16.0,25.0,1,2023,8,19
5.813181877136231,8.0,29.0,1,2023,8,19
9.252531051635742,14.000000953674316,30.0,1,2023,8,19
8.199188232421875,22.0000057220459,32.0,1,2023,8,19
7.591821193695068,19.0,37.0,1,2023,8,19
5.450966835021973,24.000001907348636,38.0,1,2023,8,19
6.56667423248291,23.0,39.0,1,2023,8,19
8.622941017150879,0.0,44.0,1,2023,8,19
9.891841888427734,0.9999998807907104,5.0,2,2023,8,19
14.523923873901367,14.499999046325684,9.0,2,2023,8,19
14.69476318359375,16.099998474121094,11.0,2,2023,8,19
15.654969215393066,35.999996185302734,13.0,2,2023,8,19
11.41586971282959,1.3999998569488523,25.0,2,2023,8,19
10.044175148010254,0.8999999761581421,29.0,2,2023,8,19
9.72442626953125,13.000000953674316,30.0,2,2023,8,19
12.442512512207031,8.0,32.0,2,2023,8,19
9.71999168395996,5.999999523162842,37.0,2,2023,8,19
7.209676742553711,5.0,38.0,2,2023,8,19
9.464682579040527,3.0,39.0,2,2023,8,19
13.16747760772705,5.0,44.0,2,2023,8,19
8.64181137084961,0.0,5.0,3,2023,8,19
16.39668846130371,33.0,9.0,3,2023,8,19
13.100340843200684,48.900001525878906,11.0,3,2023,8,19
16.74551010131836,15.0,13.0,3,2023,8,19
10.325580596923828,0.0,25.0,3,2023,8,19
7.687550067901611,17.099994659423828,29.0,3,2023,8,19
5.876312255859375,0.2000000178813934,30.0,3,2023,8,19
6.346526622772217,0.0999999120831489,32.0,3,2023,8,19
6.492924690246582,0.0,37.0,3,2023,8,19
5.502643585205078,1.3000000715255735,38.0,3,2023,8,19
5.327057361602783,3.0,39.0,3,2023,8,19
6.117941856384277,27.000001907348636,44.0,3,2023,8,19
8.941485404968262,0.0,5.0,4,2023,8,19
20.07573509216309,9.0,9.0,4,2023,8,19
19.01410675048828,12.100000381469728,11.0,4,2023,8,19
23.17363739013672,10.000000953674316,13.0,4,2023,8,19
11.480938911437988,0.0,25.0,4,2023,8,19
10.200873374938965,0.0,29.0,4,2023,8,19
8.38035774230957,0.0,30.0,4,2023,8,19
6.055932521820068,0.0999999120831489,32.0,4,2023,8,19
6.053589344024658,0.0,37.0,4,2023,8,19
5.730991363525391,4.700000286102295,38.0,4,2023,8,19
4.34759521484375,3.0,39.0,4,2023,8,19
6.0585150718688965,0.0,44.0,4,2023,8,19
15.918299674987791,10.000000953674316,5.0,5,2023,8,19
21.75957489013672,22.0000057220459,9.0,5,2023,8,19
21.84248733520508,1.3000000715255735,11.0,5,2023,8,19
24.884010314941406,1.2000000476837158,13.0,5,2023,8,19
17.13252830505371,3.0,25.0,5,2023,8,19
15.547607421875,3.899999856948853,29.0,5,2023,8,19
13.555365562438965,3.0,30.0,5,2023,8,19
11.518354415893556,0.0,32.0,5,2023,8,19
11.820050239562988,0.6999999284744263,37.0,5,2023,8,19
11.40172290802002,0.0,38.0,5,2023,8,19
10.096513748168944,0.0,39.0,5,2023,8,19
9.962249755859377,0.0,44.0,5,2023,8,19
13.37843894958496,9.0,5.0,6,2023,8,19
19.808082580566406,37.0,9.0,6,2023,8,19
17.408241271972656,62.70001602172852,11.0,6,2023,8,19
21.75408363342285,25.799999237060547,13.0,6,2023,8,19
15.19555950164795,5.999999523162842,25.0,6,2023,8,19
11.494521141052246,1.1000001430511477,29.0,6,2023,8,19
10.2850341796875,42.00000381469727,30.0,6,2023,8,19
11.14273452758789,28.000003814697266,32.0,6,2023,8,19
10.609283447265623,29.29999542236328,37.0,6,2023,8,19
9.182791709899902,26.00000762939453,38.0,6,2023,8,19
9.803080558776855,4.0,39.0,6,2023,8,19
11.384706497192385,1.1000001430511477,44.0,6,2023,8,19
8.261537551879883,41.00000381469727,5.0,7,2023,8,19
15.146390914916992,5.0,9.0,7,2023,8,19
16.188961029052734,42.00000381469727,11.0,7,2023,8,19
18.543357849121094,0.2000000178813934,13.0,7,2023,8,19
10.614721298217772,12.000001907348633,25.0,7,2023,8,19
8.49411678314209,0.9999998807907104,29.0,7,2023,8,19
6.11763858795166,1.999999761581421,30.0,7,2023,8,19
8.219449996948242,11.0,32.0,7,2023,8,19
7.191405773162842,4.0,37.0,7,2023,8,19
5.143996715545654,8.0,38.0,7,2023,8,19
5.465487003326416,3.0,39.0,7,2023,8,19
7.982368469238281,3.0,44.0,7,2023,8,19
4.795516490936279,0.0,5.0,1,2023,8,22
11.125856399536133,9.0,9.0,1,2023,8,22
12.8756103515625,12.100000381469728,11.0,1,2023,8,22
12.92099380493164,10.000000953674316,13.0,1,2023,8,22
6.234711170196533,0.0,25.0,1,2023,8,22
5.438190937042236,0.0,29.0,1,2023,8,22
5.362741470336914,0.0,30.0,1,2023,8,22
4.120550155639648,0.0999999120831489,32.0,1,2023,8,22
3.976387739181519,0.0,37.0,1,2023,8,22
2.9773426055908203,4.700000286102295,38.0,1,2023,8,22
3.630746841430664,3.0,39.0,1,2023,8,22
4.453488826751709,0.0,44.0,1,2023,8,22
12.654820442199709,10.000000953674316,5.0,2,2023,8,22
22.211261749267575,22.0000057220459,9.0,2,2023,8,22
21.66191673278809,1.3000000715255735,11.0,2,2023,8,22
23.7936954498291,1.2000000476837158,13.0,2,2023,8,22
15.135762214660645,3.0,25.0,2,2023,8,22
11.472966194152832,3.899999856948853,29.0,2,2023,8,22
11.539787292480469,3.0,30.0,2,2023,8,22
9.415708541870115,0.0,32.0,2,2023,8,22
9.431377410888672,0.6999999284744263,37.0,2,2023,8,22
8.337141990661621,0.0,38.0,2,2023,8,22
5.9751739501953125,0.0,39.0,2,2023,8,22
6.872149467468262,0.0,44.0,2,2023,8,22
15.953153610229492,9.0,5.0,3,2023,8,22
20.178356170654297,37.0,9.0,3,2023,8,22
19.96331024169922,62.70001602172852,11.0,3,2023,8,22
22.84420394897461,25.799999237060547,13.0,3,2023,8,22
17.002412796020508,5.999999523162842,25.0,3,2023,8,22
14.371968269348145,1.1000001430511477,29.0,3,2023,8,22
12.690420150756836,42.00000381469727,30.0,3,2023,8,22
15.631244659423828,28.000003814697266,32.0,3,2023,8,22
13.205071449279783,29.29999542236328,37.0,3,2023,8,22
11.108245849609377,26.00000762939453,38.0,3,2023,8,22
12.162395477294922,4.0,39.0,3,2023,8,22
14.990351676940918,1.1000001430511477,44.0,3,2023,8,22
11.949344635009766,41.00000381469727,5.0,4,2023,8,22
22.63526153564453,5.0,9.0,4,2023,8,22
18.85922622680664,42.00000381469727,11.0,4,2023,8,22
24.583213806152344,0.2000000178813934,13.0,4,2023,8,22
14.066070556640623,12.000001907348633,25.0,4,2023,8,22
12.27552318572998,0.9999998807907104,29.0,4,2023,8,22
11.699151039123535,1.999999761581421,30.0,4,2023,8,22
11.670434951782228,11.0,32.0,4,2023,8,22
10.240148544311523,4.0,37.0,4,2023,8,22
7.712077617645264,8.0,38.0,4,2023,8,22
8.690914154052734,3.0,39.0,4,2023,8,22
10.118054389953612,3.0,44.0,4,2023,8,22
9.385156631469728,0.0999999120831489,5.0,5,2023,8,22
15.299245834350586,2.499999761581421,9.0,5,2023,8,22
13.151424407958984,4.3000006675720215,11.0,5,2023,8,22
15.872180938720703,48.80000305175781,13.0,5,2023,8,22
11.078672409057615,0.0,25.0,5,2023,8,22
8.636384963989258,3.0,29.0,5,2023,8,22
8.25930118560791,0.0,30.0,5,2023,8,22
6.368176937103272,0.0,32.0,5,2023,8,22
7.051286220550537,14.000000953674316,37.0,5,2023,8,22
6.323958396911621,10.000000953674316,38.0,5,2023,8,22
6.978670120239258,0.0,39.0,5,2023,8,22
6.204580783843994,0.0,44.0,5,2023,8,22
11.641155242919922,1.7000000476837158,5.0,6,2023,8,22
18.787538528442383,29.500001907348636,9.0,6,2023,8,22
18.121225357055664,17.299997329711914,11.0,6,2023,8,22
21.15776824951172,23.0,13.0,6,2023,8,22
13.620038032531738,3.0,25.0,6,2023,8,22
11.550111770629885,1.999999761581421,29.0,6,2023,8,22
9.080584526062012,5.0,30.0,6,2023,8,22
9.138874053955078,5.0,32.0,6,2023,8,22
9.02359390258789,37.0,37.0,6,2023,8,22
7.759360313415527,0.0,38.0,6,2023,8,22
8.027998924255371,33.0,39.0,6,2023,8,22
8.757131576538086,19.0,44.0,6,2023,8,22
9.90667724609375,42.00000381469727,5.0,7,2023,8,22
15.957353591918944,5.999999523162842,9.0,7,2023,8,22
15.966894149780272,22.0000057220459,11.0,7,2023,8,22
19.888208389282227,0.0,13.0,7,2023,8,22
12.555572509765623,12.000001907348633,25.0,7,2023,8,22
10.066948890686035,15.0,29.0,7,2023,8,22
7.075911998748779,56.999996185302734,30.0,7,2023,8,22
9.039292335510254,5.0,32.0,7,2023,8,22
7.602906227111816,75.0,37.0,7,2023,8,22
5.958524703979492,26.00000762939453,38.0,7,2023,8,22
6.376044273376465,24.000001907348636,39.0,7,2023,8,22
9.821344375610352,10.000000953674316,44.0,7,2023,8,22
7.015653610229492,0.0999999120831489,5.0,1,2023,8,26
11.150455474853516,2.499999761581421,9.0,1,2023,8,26
15.564699172973633,4.3000006675720215,11.0,1,2023,8,26
14.63132095336914,48.80000305175781,13.0,1,2023,8,26
7.688095092773437,0.0,25.0,1,2023,8,26
8.006272315979004,3.0,29.0,1,2023,8,26
5.498492240905762,0.0,30.0,1,2023,8,26
5.081182479858398,0.0,32.0,1,2023,8,26
4.98388147354126,14.000000953674316,37.0,1,2023,8,26
4.85087776184082,10.000000953674316,38.0,1,2023,8,26
5.837657451629639,0.0,39.0,1,2023,8,26
6.771533489227295,0.0,44.0,1,2023,8,26
17.287395477294922,1.7000000476837158,5.0,2,2023,8,26
28.630054473876957,29.500001907348636,9.0,2,2023,8,26
31.87485885620117,17.299997329711914,11.0,2,2023,8,26
33.68153381347656,23.0,13.0,2,2023,8,26
20.307292938232425,3.0,25.0,2,2023,8,26
16.460750579833984,1.999999761581421,29.0,2,2023,8,26
12.439298629760742,5.0,30.0,2,2023,8,26
16.323875427246094,5.0,32.0,2,2023,8,26
12.18344497680664,37.0,37.0,2,2023,8,26
9.778767585754396,0.0,38.0,2,2023,8,26
12.15683650970459,33.0,39.0,2,2023,8,26
16.681396484375,19.0,44.0,2,2023,8,26
8.464129447937012,42.00000381469727,5.0,3,2023,8,26
9.659578323364258,5.999999523162842,9.0,3,2023,8,26
12.224183082580566,22.0000057220459,11.0,3,2023,8,26
12.231935501098633,0.0,13.0,3,2023,8,26
9.601234436035156,12.000001907348633,25.0,3,2023,8,26
10.226232528686523,15.0,29.0,3,2023,8,26
5.934135913848877,56.999996185302734,30.0,3,2023,8,26
4.9999165534973145,5.0,32.0,3,2023,8,26
5.723302364349365,75.0,37.0,3,2023,8,26
6.594329833984375,26.00000762939453,38.0,3,2023,8,26
4.722202301025391,24.000001907348636,39.0,3,2023,8,26
5.938060760498047,10.000000953674316,44.0,3,2023,8,26
1.7660298347473145,0.0,5.0,4,2023,8,26
1.6313374042510986,0.0,9.0,4,2023,8,26
2.201374292373657,10.000000953674316,11.0,4,2023,8,26
2.7111096382141118,0.0,13.0,4,2023,8,26
2.688258171081543,0.0,25.0,4,2023,8,26
2.552480459213257,0.0999999120831489,29.0,4,2023,8,26
2.2496142387390137,0.0,30.0,4,2023,8,26
1.3666081428527832,0.0,32.0,4,2023,8,26
1.8186326026916504,0.0,37.0,4,2023,8,26
2.1170520782470703,0.0,38.0,4,2023,8,26
1.696189284324646,0.0,39.0,4,2023,8,26
2.050204038619995,0.0999999120831489,44.0,4,2023,8,26
0.3575093448162079,0.0,5.0,5,2023,8,26
0.63681560754776,0.0,9.0,5,2023,8,26
0.0,0.0,11.0,5,2023,8,26
0.9298149943351746,0.0,13.0,5,2023,8,26
0.7944934368133545,0.0,25.0,5,2023,8,26
0.0,0.6999999284744263,29.0,5,2023,8,26
1.0435891151428225,0.0,30.0,5,2023,8,26
0.702985942363739,0.0,32.0,5,2023,8,26
0.0,0.0,37.0,5,2023,8,26
0.5598605871200562,0.0,38.0,5,2023,8,26
0.909968376159668,0.0,39.0,5,2023,8,26
1.1628985404968262,0.0,44.0,5,2023,8,26
0.0,0.0,5.0,6,2023,8,26
0.0,0.0,9.0,6,2023,8,26
0.0,0.0,11.0,6,2023,8,26
0.0,0.0,13.0,6,2023,8,26
0.6068546772003174,0.0,25.0,6,2023,8,26
0.0,0.0,29.0,6,2023,8,26
0.0,0.0,30.0,6,2023,8,26
0.0,0.0,32.0,6,2023,8,26
0.0,0.0,37.0,6,2023,8,26
0.0,0.0,38.0,6,2023,8,26
0.0,0.0,39.0,6,2023,8,26
0.8061578273773193,0.0,44.0,6,2023,8,26
0.0,0.0,5.0,7,2023,8,26
0.0,0.0,9.0,7,2023,8,26
0.0,0.0,11.0,7,2023,8,26
0.0,0.0,13.0,7,2023,8,26
0.4516599774360657,0.0,25.0,7,2023,8,26
0.0,0.0,29.0,7,2023,8,26
0.0,0.0,30.0,7,2023,8,26
0.0,0.0,32.0,7,2023,8,26
0.0,0.0,37.0,7,2023,8,26
0.0,0.0,38.0,7,2023,8,26
0.0,0.0,39.0,7,2023,8,26
0.7277541160583496,0.0,44.0,7,2023,8,26
2.577988147735596,0.0,5.0,1,2023,8,29
3.198616981506348,0.0,9.0,1,2023,8,29
6.795643329620361,10.000000953674316,11.0,1,2023,8,29
5.10505485534668,0.0,13.0,1,2023,8,29
2.5550014972686768,0.0,25.0,1,2023,8,29
4.618681907653809,0.0999999120831489,29.0,1,2023,8,29
2.0711798667907715,0.0,30.0,1,2023,8,29
1.9077136516571045,0.0,32.0,1,2023,8,29
1.8340327739715576,0.0,37.0,1,2023,8,29
1.900383710861206,0.0,38.0,1,2023,8,29
2.227416515350342,0.0,39.0,1,2023,8,29
2.891434669494629,0.0999999120831489,44.0,1,2023,8,29
0.0,0.0,5.0,2,2023,8,29
0.7167969942092896,0.0,9.0,2,2023,8,29
1.0098624229431152,0.0,11.0,2,2023,8,29
1.106927514076233,0.0,13.0,2,2023,8,29
1.1272053718566897,0.0,25.0,2,2023,8,29
0.0,0.6999999284744263,29.0,2,2023,8,29
0.0,0.0,30.0,2,2023,8,29
0.0,0.0,32.0,2,2023,8,29
0.0,0.0,37.0,2,2023,8,29
0.0,0.0,38.0,2,2023,8,29
0.0,0.0,39.0,2,2023,8,29
0.8045490980148315,0.0,44.0,2,2023,8,29
0.0,0.0,5.0,3,2023,8,29
0.0,0.0,9.0,3,2023,8,29
0.0,0.0,11.0,3,2023,8,29
1.7417418956756592,0.0,13.0,3,2023,8,29
0.8503985404968262,0.0,25.0,3,2023,8,29
0.0,0.0,29.0,3,2023,8,29
0.0,0.0,30.0,3,2023,8,29
0.0,0.0,32.0,3,2023,8,29
0.0,0.0,37.0,3,2023,8,29
0.0,0.0,38.0,3,2023,8,29
0.0,0.0,39.0,3,2023,8,29
0.0,0.0,44.0,3,2023,8,29
0.0,0.0,5.0,4,2023,8,29
0.0,0.0,9.0,4,2023,8,29
0.0,0.0,11.0,4,2023,8,29
0.0,0.0,13.0,4,2023,8,29
0.0,0.0,25.0,4,2023,8,29
0.0,0.0,29.0,4,2023,8,29
0.0,0.0,30.0,4,2023,8,29
0.0,0.0,32.0,4,2023,8,29
0.0,0.0,37.0,4,2023,8,29
0.0,0.0,38.0,4,2023,8,29
0.0,0.0,39.0,4,2023,8,29
0.0,0.0,44.0,4,2023,8,29
0.5657365322113037,0.0,5.0,5,2023,8,29
1.1947418451309204,0.0,9.0,5,2023,8,29
0.0,0.0,11.0,5,2023,8,29
1.5685062408447266,0.0,13.0,5,2023,8,29
1.0658881664276123,0.0,25.0,5,2023,8,29
0.0,0.0,29.0,5,2023,8,29
1.1584705114364624,0.0,30.0,5,2023,8,29
0.0,0.0,32.0,5,2023,8,29
0.0,0.0,37.0,5,2023,8,29
0.0,0.0,38.0,5,2023,8,29
0.0,0.0,39.0,5,2023,8,29
1.2581799030303955,0.0,44.0,5,2023,8,29
0.3571949303150177,0.0,5.0,6,2023,8,29
0.920952081680298,0.2000000178813934,9.0,6,2023,8,29
0.0,0.0,11.0,6,2023,8,29
1.2766306400299072,4.0,13.0,6,2023,8,29
0.9685088396072388,0.3000000715255737,25.0,6,2023,8,29
0.0,0.8999999761581421,29.0,6,2023,8,29
0.0,0.0,30.0,6,2023,8,29
0.0,0.800000011920929,32.0,6,2023,8,29
0.0,0.0,37.0,6,2023,8,29
0.0,0.0,38.0,6,2023,8,29
0.0,0.3000000715255737,39.0,6,2023,8,29
1.1437759399414062,0.4000000953674316,44.0,6,2023,8,29
1.3928792476654053,0.0,5.0,7,2023,8,29
1.931207776069641,1.3000000715255735,9.0,7,2023,8,29
2.244801998138428,0.800000011920929,11.0,7,2023,8,29
2.7877817153930664,0.5,13.0,7,2023,8,29
2.199310779571533,0.4000000953674316,25.0,7,2023,8,29
1.5704939365386963,0.2000000178813934,29.0,7,2023,8,29
1.889158844947815,0.0,30.0,7,2023,8,29
2.3858237266540527,2.3000001907348637,32.0,7,2023,8,29
2.554262161254883,0.0,37.0,7,2023,8,29
1.5883092880249023,0.0,38.0,7,2023,8,29
2.7953922748565674,0.6999999284744263,39.0,7,2023,8,29
2.1737515926361084,6.59999942779541,44.0,7,2023,8,29
0.0,0.0,5.0,1,2023,9,2
0.0,0.0,9.0,1,2023,9,2
0.0,0.0,11.0,1,2023,9,2
0.0,0.0,13.0,1,2023,9,2
1.003478765487671,0.0,25.0,1,2023,9,2
0.0,0.0,29.0,1,2023,9,2
0.0,0.0,30.0,1,2023,9,2
0.0,0.0,32.0,1,2023,9,2
0.0,0.0,37.0,1,2023,9,2
0.0,0.0,38.0,1,2023,9,2
0.0,0.0,39.0,1,2023,9,2
0.0,0.0,44.0,1,2023,9,2
2.1029412746429443,0.0,5.0,2,2023,9,2
1.2857897281646729,0.2000000178813934,9.0,2,2023,9,2
1.386910319328308,0.0,11.0,2,2023,9,2
1.7429413795471191,4.0,13.0,2,2023,9,2
2.84244704246521,0.3000000715255737,25.0,2,2023,9,2
2.017098426818848,0.8999999761581421,29.0,2,2023,9,2
3.341192483901977,0.0,30.0,2,2023,9,2
10.99435043334961,0.800000011920929,32.0,2,2023,9,2
6.751692295074463,0.0,37.0,2,2023,9,2
3.5224523544311523,0.0,38.0,2,2023,9,2
10.565054893493652,0.3000000715255737,39.0,2,2023,9,2
19.690616607666016,0.4000000953674316,44.0,2,2023,9,2
0.0,0.0,5.0,3,2023,9,2
0.0,1.3000000715255735,9.0,3,2023,9,2
0.0,0.800000011920929,11.0,3,2023,9,2
0.0,0.5,13.0,3,2023,9,2
0.2511847615242004,0.4000000953674316,25.0,3,2023,9,2
0.0,0.2000000178813934,29.0,3,2023,9,2
0.4762576520442962,0.0,30.0,3,2023,9,2
3.6872572898864746,2.3000001907348637,32.0,3,2023,9,2
1.6035566329956057,0.0,37.0,3,2023,9,2
0.0,0.0,38.0,3,2023,9,2
2.8063597679138184,0.6999999284744263,39.0,3,2023,9,2
7.4090094566345215,6.59999942779541,44.0,3,2023,9,2
3.001539945602417,0.0,5.0,4,2023,9,2
5.580997943878174,0.0,9.0,4,2023,9,2
6.104670524597168,0.0,11.0,4,2023,9,2
6.777383327484131,0.0,13.0,4,2023,9,2
4.186176300048828,0.0,25.0,4,2023,9,2
3.692804574966431,0.0,29.0,4,2023,9,2
3.551206111907959,0.0,30.0,4,2023,9,2
6.401352405548096,0.0,32.0,4,2023,9,2
3.993883609771729,0.0,37.0,4,2023,9,2
2.658364772796631,0.0,38.0,4,2023,9,2
5.522675037384033,0.0,39.0,4,2023,9,2
10.102224349975586,0.0,44.0,4,2023,9,2
2.131799459457397,0.0,5.0,5,2023,9,2
3.193804979324341,0.0,9.0,5,2023,9,2
3.6793580055236816,0.0,11.0,5,2023,9,2
3.903902292251587,0.0,13.0,5,2023,9,2
2.7034714221954346,0.0,25.0,5,2023,9,2
2.469142436981201,0.0,29.0,5,2023,9,2
2.611825942993164,0.0,30.0,5,2023,9,2
2.561408281326294,0.0,32.0,5,2023,9,2
2.2745554447174072,0.0,37.0,5,2023,9,2
1.8062074184417725,0.0,38.0,5,2023,9,2
3.0160372257232666,0.0,39.0,5,2023,9,2
4.020014762878418,0.3000000715255737,44.0,5,2023,9,2
1.4151313304901123,0.0,5.0,6,2023,9,2
2.9366161823272705,0.0,9.0,6,2023,9,2
3.139226198196411,0.0999999120831489,11.0,6,2023,9,2
3.8912627696990967,0.0,13.0,6,2023,9,2
2.587718963623047,0.0,25.0,6,2023,9,2
1.6110448837280271,0.0999999120831489,29.0,6,2023,9,2
2.2281064987182617,0.0,30.0,6,2023,9,2
2.4608523845672607,16.0,32.0,6,2023,9,2
1.5784896612167358,0.0,37.0,6,2023,9,2
1.1995368003845217,0.0,38.0,6,2023,9,2
2.349297046661377,0.0,39.0,6,2023,9,2
3.0964269638061523,0.0,44.0,6,2023,9,2
2.5377743244171143,0.0,5.0,7,2023,9,2
3.4717137813568115,5.0,9.0,7,2023,9,2
3.482474565505981,0.0,11.0,7,2023,9,2
4.359647750854492,9.0,13.0,7,2023,9,2
3.4647254943847656,0.0999999120831489,25.0,7,2023,9,2
3.103663682937622,0.0,29.0,7,2023,9,2
3.3659167289733887,4.0,30.0,7,2023,9,2
4.759349822998047,1.999999761581421,32.0,7,2023,9,2
3.934171199798584,1.999999761581421,37.0,7,2023,9,2
2.348827123641968,0.2000000178813934,38.0,7,2023,9,2
4.183338165283203,0.0,39.0,7,2023,9,2
5.168888092041016,0.0999999120831489,44.0,7,2023,9,2
1.040282130241394,0.0,5.0,1,2023,9,5
1.7901533842086792,0.0,9.0,1,2023,9,5
1.802558422088623,0.0,11.0,1,2023,9,5
2.1949303150177,0.0,13.0,1,2023,9,5
1.7280150651931765,0.0,25.0,1,2023,9,5
0.0,0.0,29.0,1,2023,9,5
2.086589097976685,0.0,30.0,1,2023,9,5
0.0,0.0,32.0,1,2023,9,5
0.0,0.0,37.0,1,2023,9,5
1.2087137699127195,0.0,38.0,1,2023,9,5
1.4094877243041992,0.0,39.0,1,2023,9,5
2.1710045337677,0.0,44.0,1,2023,9,5
3.7448010444641113,0.0,5.0,2,2023,9,5
6.742233753204346,0.0,9.0,2,2023,9,5
8.108465194702148,0.0,11.0,2,2023,9,5
8.440214157104492,0.0,13.0,2,2023,9,5
5.441545009613037,0.0,25.0,2,2023,9,5
4.432494163513184,0.0,29.0,2,2023,9,5
5.727507591247559,0.0,30.0,2,2023,9,5
4.7024126052856445,0.0,32.0,2,2023,9,5
4.097952842712402,0.0,37.0,2,2023,9,5
2.9931294918060303,0.0,38.0,2,2023,9,5
2.667691946029663,0.0,39.0,2,2023,9,5
3.26905369758606,0.3000000715255737,44.0,2,2023,9,5
2.262535095214844,0.0,5.0,3,2023,9,5
4.959553718566895,0.0,9.0,3,2023,9,5
4.201876163482666,0.0999999120831489,11.0,3,2023,9,5
5.280706405639648,0.0,13.0,3,2023,9,5
3.04922103881836,0.0,25.0,3,2023,9,5
2.329947233200073,0.0999999120831489,29.0,3,2023,9,5
1.778539538383484,0.0,30.0,3,2023,9,5
2.051609754562378,16.0,32.0,3,2023,9,5
1.5927131175994873,0.0,37.0,3,2023,9,5
1.2103681564331057,0.0,38.0,3,2023,9,5
2.013364553451538,0.0,39.0,3,2023,9,5
2.4650259017944336,0.0,44.0,3,2023,9,5
2.498891830444336,0.0,5.0,4,2023,9,5
5.1872334480285645,5.0,9.0,4,2023,9,5
5.541873931884766,0.0,11.0,4,2023,9,5
6.973487854003906,9.0,13.0,4,2023,9,5
4.787092208862305,0.0999999120831489,25.0,4,2023,9,5
3.1610236167907715,0.0,29.0,4,2023,9,5
4.983195781707764,4.0,30.0,4,2023,9,5
3.7347917556762695,1.999999761581421,32.0,4,2023,9,5
3.4605960845947266,1.999999761581421,37.0,4,2023,9,5
2.7838540077209477,0.2000000178813934,38.0,4,2023,9,5
2.7628324031829834,0.0,39.0,4,2023,9,5
4.027710437774658,0.0999999120831489,44.0,4,2023,9,5
9.82505226135254,0.9999998807907104,5.0,5,2023,9,5
14.767224311828612,0.0,9.0,5,2023,9,5
17.222412109375,0.0,11.0,5,2023,9,5
19.165096282958984,0.0,13.0,5,2023,9,5
13.11890983581543,5.999999523162842,25.0,5,2023,9,5
11.588191986083984,4.0,29.0,5,2023,9,5
11.591577529907228,0.5,30.0,5,2023,9,5
11.020058631896973,20.099998474121094,32.0,5,2023,9,5
10.61885929107666,24.000001907348636,37.0,5,2023,9,5
8.58726692199707,3.899999856948853,38.0,5,2023,9,5
8.510650634765625,26.09999656677246,39.0,5,2023,9,5
12.142032623291016,22.0000057220459,44.0,5,2023,9,5
17.450496673583984,4.0,5.0,6,2023,9,5
35.05246353149414,0.0,9.0,6,2023,9,5
25.24040985107422,41.00000381469727,11.0,6,2023,9,5
34.20307159423828,14.000000953674316,13.0,6,2023,9,5
21.223859786987305,15.0,25.0,6,2023,9,5
13.12662410736084,5.0,29.0,6,2023,9,5
15.88584804534912,5.999999523162842,30.0,6,2023,9,5
16.487525939941406,3.899999856948853,32.0,6,2023,9,5
14.18191146850586,3.0,37.0,6,2023,9,5
9.083656311035156,2.1000001430511475,38.0,6,2023,9,5
10.214597702026367,2.900000095367432,39.0,6,2023,9,5
12.942391395568848,0.0,44.0,6,2023,9,5
11.450196266174316,1.999999761581421,5.0,7,2023,9,5
20.722354888916016,0.0,9.0,7,2023,9,5
23.03129768371582,56.999996185302734,11.0,7,2023,9,5
24.32223892211914,15.0,13.0,7,2023,9,5
13.747381210327148,7.1999993324279785,25.0,7,2023,9,5
12.014850616455078,0.4000000953674316,29.0,7,2023,9,5
8.31718635559082,42.00000381469727,30.0,7,2023,9,5
11.2329683303833,35.0,32.0,7,2023,9,5
8.588370323181152,61.99999237060547,37.0,7,2023,9,5
6.440096855163574,19.99999618530273,38.0,7,2023,9,5
6.812616348266602,32.000003814697266,39.0,7,2023,9,5
9.846016883850098,45.99999237060547,44.0,7,2023,9,5
8.088330268859863,0.9999998807907104,5.0,1,2023,9,9
9.778076171875,0.0,9.0,1,2023,9,9
8.764556884765625,0.0,11.0,1,2023,9,9
10.52957820892334,0.0,13.0,1,2023,9,9
10.937271118164062,5.999999523162842,25.0,1,2023,9,9
8.222846984863281,4.0,29.0,1,2023,9,9
9.783294677734377,0.5,30.0,1,2023,9,9
9.184809684753418,20.099998474121094,32.0,1,2023,9,9
9.002374649047852,24.000001907348636,37.0,1,2023,9,9
8.03407096862793,3.899999856948853,38.0,1,2023,9,9
7.583142280578613,26.09999656677246,39.0,1,2023,9,9
10.538339614868164,22.0000057220459,44.0,1,2023,9,9
10.45923900604248,4.0,5.0,2,2023,9,9
16.41304588317871,0.0,9.0,2,2023,9,9
13.59927463531494,41.00000381469727,11.0,2,2023,9,9
16.655038833618164,14.000000953674316,13.0,2,2023,9,9
12.941627502441406,15.0,25.0,2,2023,9,9
8.884625434875488,5.0,29.0,2,2023,9,9
11.08689308166504,5.999999523162842,30.0,2,2023,9,9
11.516898155212402,3.899999856948853,32.0,2,2023,9,9
9.545646667480469,3.0,37.0,2,2023,9,9
7.713353157043457,2.1000001430511475,38.0,2,2023,9,9
7.453266620635986,2.900000095367432,39.0,2,2023,9,9
10.337808609008787,0.0,44.0,2,2023,9,9
5.804977893829346,1.999999761581421,5.0,3,2023,9,9
10.892889022827148,0.0,9.0,3,2023,9,9
9.376741409301758,56.999996185302734,11.0,3,2023,9,9
11.539043426513672,15.0,13.0,3,2023,9,9
7.474410533905029,7.1999993324279785,25.0,3,2023,9,9
6.300697326660156,0.4000000953674316,29.0,3,2023,9,9
6.082302093505859,42.00000381469727,30.0,3,2023,9,9
9.26736068725586,35.0,32.0,3,2023,9,9
6.244264602661133,61.99999237060547,37.0,3,2023,9,9
4.332878589630127,19.99999618530273,38.0,3,2023,9,9
7.278400897979736,32.000003814697266,39.0,3,2023,9,9
10.526453018188477,45.99999237060547,44.0,3,2023,9,9
14.365424156188965,32.000003814697266,5.0,4,2023,9,9
18.89484405517578,30.99999237060547,9.0,4,2023,9,9
19.33641815185547,18.000003814697266,11.0,4,2023,9,9
22.5704345703125,35.999996185302734,13.0,4,2023,9,9
16.94479751586914,56.0,25.0,4,2023,9,9
16.22933006286621,0.3000000715255737,29.0,4,2023,9,9
15.406482696533203,18.000003814697266,30.0,4,2023,9,9
16.94367218017578,40.00000762939453,32.0,4,2023,9,9
13.39095687866211,81.99998474121094,37.0,4,2023,9,9
12.358269691467283,11.0,38.0,4,2023,9,9
13.03492546081543,24.000001907348636,39.0,4,2023,9,9
17.6973876953125,33.0,44.0,4,2023,9,9
4.773684501647949,0.4000000953674316,5.0,5,2023,9,9
1.4085206985473633,0.6999999284744263,9.0,5,2023,9,9
1.8351387977600095,1.999999761581421,11.0,5,2023,9,9
2.7414207458496094,4.0,13.0,5,2023,9,9
5.7754411697387695,0.0999999120831489,25.0,5,2023,9,9
4.538176536560059,0.6999999284744263,29.0,5,2023,9,9
7.096252918243408,0.0,30.0,5,2023,9,9
10.829800605773926,12.000001907348633,32.0,5,2023,9,9
8.255690574645996,7.1999993324279785,37.0,5,2023,9,9
5.95441484451294,1.999999761581421,38.0,5,2023,9,9
8.746129989624023,12.000001907348633,39.0,5,2023,9,9
13.812752723693848,5.999999523162842,44.0,5,2023,9,9
1.0672498941421509,0.3000000715255737,5.0,6,2023,9,9
0.7644444108009338,0.0,9.0,6,2023,9,9
0.6292456388473511,0.0,11.0,6,2023,9,9
1.1949857473373413,0.0,13.0,6,2023,9,9
1.7154512405395508,3.0,25.0,6,2023,9,9
0.9989962577819824,1.2000000476837158,29.0,6,2023,9,9
1.9174962043762207,0.5,30.0,6,2023,9,9
4.289352416992188,0.9999998807907104,32.0,6,2023,9,9
3.0849385261535645,0.0,37.0,6,2023,9,9
1.5120943784713743,1.499999761581421,38.0,6,2023,9,9
4.018852710723877,0.0,39.0,6,2023,9,9
9.877151489257812,10.000000953674316,44.0,6,2023,9,9
0.4085049927234649,0.0,5.0,7,2023,9,9
0.8691822290420532,0.0,9.0,7,2023,9,9
0.7235918641090393,0.0,11.0,7,2023,9,9
1.1259948015213013,0.0,13.0,7,2023,9,9
0.9152592420578004,0.0,25.0,7,2023,9,9
0.3804895877838135,0.0,29.0,7,2023,9,9
0.90446674823761,0.0999999120831489,30.0,7,2023,9,9
2.079927444458008,0.0999999120831489,32.0,7,2023,9,9
1.8120241165161133,0.5999999046325684,37.0,7,2023,9,9
0.250352531671524,0.0,38.0,7,2023,9,9
2.0051615238189697,0.2000000178813934,39.0,7,2023,9,9
4.868819236755371,10.200000762939451,44.0,7,2023,9,9
21.096498489379883,32.000003814697266,5.0,1,2023,9,12
22.73250389099121,30.99999237060547,9.0,1,2023,9,12
26.929141998291016,18.000003814697266,11.0,1,2023,9,12
26.917585372924805,35.999996185302734,13.0,1,2023,9,12
25.01935768127441,56.0,25.0,1,2023,9,12
22.20797348022461,0.3000000715255737,29.0,1,2023,9,12
22.825469970703125,18.000003814697266,30.0,1,2023,9,12
26.05093765258789,40.00000762939453,32.0,1,2023,9,12
23.94122886657715,81.99998474121094,37.0,1,2023,9,12
19.08163833618164,11.0,38.0,1,2023,9,12
21.241634368896484,24.000001907348636,39.0,1,2023,9,12
30.762210845947266,33.0,44.0,1,2023,9,12
12.438881874084473,0.4000000953674316,5.0,2,2023,9,12
5.226752281188965,0.6999999284744263,9.0,2,2023,9,12
9.650897979736328,1.999999761581421,11.0,2,2023,9,12
8.641733169555664,4.0,13.0,2,2023,9,12
12.901229858398438,0.0999999120831489,25.0,2,2023,9,12
11.843212127685549,0.6999999284744263,29.0,2,2023,9,12
13.06781005859375,0.0,30.0,2,2023,9,12
30.17357063293457,12.000001907348633,32.0,2,2023,9,12
18.963808059692383,7.1999993324279785,37.0,2,2023,9,12
13.168514251708984,1.999999761581421,38.0,2,2023,9,12
21.792221069335938,12.000001907348633,39.0,2,2023,9,12
46.31407165527344,5.999999523162842,44.0,2,2023,9,12
2.9165027141571045,0.3000000715255737,5.0,3,2023,9,12
0.9976442456245422,0.0,9.0,3,2023,9,12
1.0653526782989502,0.0,11.0,3,2023,9,12
1.6104600429534912,0.0,13.0,3,2023,9,12
3.8018412590026855,3.0,25.0,3,2023,9,12
3.01577377319336,1.2000000476837158,29.0,3,2023,9,12
4.008224487304688,0.5,30.0,3,2023,9,12
6.488680839538574,0.9999998807907104,32.0,3,2023,9,12
4.378208160400391,0.0,37.0,3,2023,9,12
3.097629308700561,1.499999761581421,38.0,3,2023,9,12
4.534822940826416,0.0,39.0,3,2023,9,12
10.36338996887207,10.000000953674316,44.0,3,2023,9,12
0.9393925070762634,0.0,5.0,4,2023,9,12
1.5431828498840332,0.0,9.0,4,2023,9,12
1.7601878643035889,0.0,11.0,4,2023,9,12
2.194429874420166,0.0,13.0,4,2023,9,12
1.6800618171691897,0.0,25.0,4,2023,9,12
1.0159398317337036,0.0,29.0,4,2023,9,12
1.612426519393921,0.0999999120831489,30.0,4,2023,9,12
2.0822370052337646,0.0999999120831489,32.0,4,2023,9,12
1.6029083728790283,0.5999999046325684,37.0,4,2023,9,12
1.0407381057739258,0.0,38.0,4,2023,9,12
2.1059014797210693,0.2000000178813934,39.0,4,2023,9,12
3.910542488098145,10.200000762939451,44.0,4,2023,9,12
2.3244125843048096,0.0,5.0,5,2023,9,12
3.420227527618408,0.0,9.0,5,2023,9,12
3.386230945587158,0.0,11.0,5,2023,9,12
4.138978004455566,0.0,13.0,5,2023,9,12
3.411942481994629,0.0,25.0,5,2023,9,12
2.0986227989196777,0.0,29.0,5,2023,9,12
3.13711929321289,0.0,30.0,5,2023,9,12
2.9946177005767822,0.0,32.0,5,2023,9,12
2.4880802631378174,0.0,37.0,5,2023,9,12
2.3236804008483887,1.999999761581421,38.0,5,2023,9,12
3.26668643951416,0.0,39.0,5,2023,9,12
4.3123321533203125,0.800000011920929,44.0,5,2023,9,12
3.359757900238037,0.0,5.0,6,2023,9,12
5.719993591308594,0.4000000953674316,9.0,6,2023,9,12
5.472323894500732,0.0,11.0,6,2023,9,12
7.150864601135254,1.999999761581421,13.0,6,2023,9,12
4.430516242980957,0.0,25.0,6,2023,9,12
3.4579977989196777,0.0,29.0,6,2023,9,12
3.265904188156128,0.0,30.0,6,2023,9,12
3.791683197021485,5.999999523162842,32.0,6,2023,9,12
3.463656187057495,0.0,37.0,6,2023,9,12
2.5543875694274902,0.0,38.0,6,2023,9,12
3.4805774688720703,0.0,39.0,6,2023,9,12
5.164213180541992,5.999999523162842,44.0,6,2023,9,12
4.701549530029297,5.0,5.0,7,2023,9,12
7.947140693664551,65.00000762939453,9.0,7,2023,9,12
6.780170917510986,17.0,11.0,7,2023,9,12
9.126046180725098,30.0000057220459,13.0,7,2023,9,12
6.344388484954834,0.0,25.0,7,2023,9,12
4.389934539794922,3.0,29.0,7,2023,9,12
3.704613208770752,0.0,30.0,7,2023,9,12
5.121017456054688,10.000000953674316,32.0,7,2023,9,12
4.188058853149414,0.0,37.0,7,2023,9,12
2.8353660106658936,1.899999976158142,38.0,7,2023,9,12
4.47407341003418,0.2000000178813934,39.0,7,2023,9,12
6.485076904296875,11.0,44.0,7,2023,9,12
2.041992664337158,0.0,5.0,1,2023,9,16
3.479729175567627,0.0,9.0,1,2023,9,16
3.733701229095459,0.0,11.0,1,2023,9,16
3.9168081283569336,0.0,13.0,1,2023,9,16
2.7303731441497803,0.0,25.0,1,2023,9,16
2.334279537200928,0.0,29.0,1,2023,9,16
3.108728408813477,0.0,30.0,1,2023,9,16
3.3774449825286865,0.0,32.0,1,2023,9,16
2.7563915252685547,0.0,37.0,1,2023,9,16
1.934023380279541,1.999999761581421,38.0,1,2023,9,16
2.905935525894165,0.0,39.0,1,2023,9,16
5.625509738922119,0.800000011920929,44.0,1,2023,9,16
4.234696388244629,0.0,5.0,2,2023,9,16
6.064864158630371,0.4000000953674316,9.0,2,2023,9,16
6.845810413360596,0.0,11.0,2,2023,9,16
6.831969261169434,1.999999761581421,13.0,2,2023,9,16
4.65579080581665,0.0,25.0,2,2023,9,16
4.390681743621826,0.0,29.0,2,2023,9,16
3.5988473892211914,0.0,30.0,2,2023,9,16
3.6154937744140634,5.999999523162842,32.0,2,2023,9,16
3.443073511123657,0.0,37.0,2,2023,9,16
2.764557361602783,0.0,38.0,2,2023,9,16
2.9337868690490723,0.0,39.0,2,2023,9,16
3.661285400390625,5.999999523162842,44.0,2,2023,9,16
4.225419998168945,5.0,5.0,3,2023,9,16
8.224867820739746,65.00000762939453,9.0,3,2023,9,16
6.96034574508667,17.0,11.0,3,2023,9,16
8.550533294677734,30.0000057220459,13.0,3,2023,9,16
5.449552059173584,0.0,25.0,3,2023,9,16
4.254453182220459,3.0,29.0,3,2023,9,16
3.661604404449463,0.0,30.0,3,2023,9,16
4.11723518371582,10.000000953674316,32.0,3,2023,9,16
3.63033390045166,0.0,37.0,3,2023,9,16
2.6428418159484863,1.899999976158142,38.0,3,2023,9,16
3.458795547485352,0.2000000178813934,39.0,3,2023,9,16
4.336715698242188,11.0,44.0,3,2023,9,16
2.281893491744995,0.0,5.0,4,2023,9,16
4.666119575500488,3.0,9.0,4,2023,9,16
4.136706352233887,27.000001907348636,11.0,4,2023,9,16
5.357834339141846,9.0,13.0,4,2023,9,16
3.3748412132263184,5.999999523162842,25.0,4,2023,9,16
2.094325065612793,12.000001907348633,29.0,4,2023,9,16
2.343970775604248,0.0999999120831489,30.0,4,2023,9,16
2.3829541206359863,11.0,32.0,4,2023,9,16
2.304795265197754,0.2000000178813934,37.0,4,2023,9,16
1.5077033042907717,2.1000001430511475,38.0,4,2023,9,16
2.368086338043213,3.8000006675720215,39.0,4,2023,9,16
3.564887523651123,2.200000286102295,44.0,4,2023,9,16
6.472664833068848,0.0,5.0,5,2023,9,16
11.189085960388184,7.0,9.0,5,2023,9,16
10.465538024902344,0.0,11.0,5,2023,9,16
12.003541946411133,1.999999761581421,13.0,5,2023,9,16
7.414917945861816,0.0,25.0,5,2023,9,16
6.410009384155273,0.0,29.0,5,2023,9,16
5.375652313232422,0.0,30.0,5,2023,9,16
4.690898418426514,0.0,32.0,5,2023,9,16
5.723116397857666,0.0,37.0,5,2023,9,16
4.550562381744385,0.0,38.0,5,2023,9,16
4.850754261016846,0.0,39.0,5,2023,9,16
5.476713180541992,0.0,44.0,5,2023,9,16
1.979681134223938,0.0,5.0,6,2023,9,16
4.036794185638428,35.0,9.0,6,2023,9,16
3.349021673202514,0.4000000953674316,11.0,6,2023,9,16
4.699606895446777,3.0,13.0,6,2023,9,16
2.8244223594665527,0.8999999761581421,25.0,6,2023,9,16
1.5012030601501465,5.999999523162842,29.0,6,2023,9,16
1.7954425811767578,8.0,30.0,6,2023,9,16
1.7397514581680298,0.0,32.0,6,2023,9,16
1.858044505119324,0.0,37.0,6,2023,9,16
1.4292597770690918,0.0,38.0,6,2023,9,16
1.959049105644226,0.0,39.0,6,2023,9,16
2.6122305393218994,0.0,44.0,6,2023,9,16
1.6261634826660156,0.0,5.0,7,2023,9,16
4.439543724060059,0.9999998807907104,9.0,7,2023,9,16
3.8380661010742183,6.799999237060547,11.0,7,2023,9,16
5.034563064575195,81.0,13.0,7,2023,9,16
2.40170955657959,16.0,25.0,7,2023,9,16
1.9120458364486692,0.0,29.0,7,2023,9,16
1.6911506652832031,8.0,30.0,7,2023,9,16
2.067007303237915,0.0999999120831489,32.0,7,2023,9,16
1.5512168407440186,0.0,37.0,7,2023,9,16
0.842991828918457,0.0,38.0,7,2023,9,16
1.6999108791351318,0.0,39.0,7,2023,9,16
2.1447317600250244,0.0,44.0,7,2023,9,16
4.910225868225098,0.0,5.0,1,2023,9,19
9.90852165222168,3.0,9.0,1,2023,9,19
9.458563804626465,27.000001907348636,11.0,1,2023,9,19
10.159543991088867,9.0,13.0,1,2023,9,19
5.702317237854004,5.999999523162842,25.0,1,2023,9,19
4.902133941650391,12.000001907348633,29.0,1,2023,9,19
4.196383476257324,0.0999999120831489,30.0,1,2023,9,19
2.9208972454071045,11.0,32.0,1,2023,9,19
3.363199234008789,0.2000000178813934,37.0,1,2023,9,19
3.156464099884033,2.1000001430511475,38.0,1,2023,9,19
2.9492619037628174,3.8000006675720215,39.0,1,2023,9,19
3.0570406913757324,2.200000286102295,44.0,1,2023,9,19
5.249069213867188,0.0,5.0,2,2023,9,19
7.120028495788574,7.0,9.0,2,2023,9,19
7.829860687255859,0.0,11.0,2,2023,9,19
8.331151008605957,1.999999761581421,13.0,2,2023,9,19
6.203992366790772,0.0,25.0,2,2023,9,19
5.102235794067383,0.0,29.0,2,2023,9,19
4.756836891174316,0.0,30.0,2,2023,9,19
4.804003715515137,0.0,32.0,2,2023,9,19
4.470389366149902,0.0,37.0,2,2023,9,19
3.9454712867736816,0.0,38.0,2,2023,9,19
3.778723001480103,0.0,39.0,2,2023,9,19
4.697649002075195,0.0,44.0,2,2023,9,19
2.0747361183166504,0.0,5.0,3,2023,9,19
5.483860015869141,35.0,9.0,3,2023,9,19
4.675503730773926,0.4000000953674316,11.0,3,2023,9,19
5.554448127746582,3.0,13.0,3,2023,9,19
2.965615749359131,0.8999999761581421,25.0,3,2023,9,19
2.148599863052368,5.999999523162842,29.0,3,2023,9,19
1.6078470945358276,8.0,30.0,3,2023,9,19
1.7251920700073242,0.0,32.0,3,2023,9,19
1.4696975946426392,0.0,37.0,3,2023,9,19
1.1805016994476318,0.0,38.0,3,2023,9,19
1.455552101135254,0.0,39.0,3,2023,9,19
1.7109463214874268,0.0,44.0,3,2023,9,19
0.8079911470413208,0.0,5.0,4,2023,9,19
2.9577693939208984,0.9999998807907104,9.0,4,2023,9,19
2.1515936851501465,6.799999237060547,11.0,4,2023,9,19
3.160050392150879,81.0,13.0,4,2023,9,19
1.5468226671218872,16.0,25.0,4,2023,9,19
0.6146126985549927,0.0,29.0,4,2023,9,19
1.1500709056854248,8.0,30.0,4,2023,9,19
0.0,0.0999999120831489,32.0,4,2023,9,19
0.8323134183883667,0.0,37.0,4,2023,9,19
0.5091801881790161,0.0,38.0,4,2023,9,19
0.7444300651550293,0.0,39.0,4,2023,9,19
1.214288592338562,0.0,44.0,4,2023,9,19
2.114232063293457,0.0,5.0,5,2023,9,19
4.215794086456299,11.0,9.0,5,2023,9,19
3.821802854537964,27.000001907348636,11.0,5,2023,9,19
4.578742504119873,7.0,13.0,5,2023,9,19
2.916999578475952,3.0,25.0,5,2023,9,19
2.2409770488739014,33.0,29.0,5,2023,9,19
2.8381659984588623,0.0,30.0,5,2023,9,19
2.1452860832214355,8.199999809265137,32.0,5,2023,9,19
2.1784768104553223,0.0,37.0,5,2023,9,19
1.702085256576538,7.0,38.0,5,2023,9,19
2.280393123626709,0.0,39.0,5,2023,9,19
2.549542188644409,0.0,44.0,5,2023,9,19
2.373674869537353,0.0,5.0,6,2023,9,19
6.872622489929199,3.0,9.0,6,2023,9,19
5.83461856842041,23.0,11.0,6,2023,9,19
7.120969295501709,14.000000953674316,13.0,6,2023,9,19
3.386906147003174,0.0,25.0,6,2023,9,19
2.686275005340576,0.0,29.0,6,2023,9,19
2.3561882972717285,1.999999761581421,30.0,6,2023,9,19
2.076622724533081,0.0,32.0,6,2023,9,19
1.5511304140090942,0.0,37.0,6,2023,9,19
1.0131096839904783,0.0,38.0,6,2023,9,19
1.383068323135376,0.0,39.0,6,2023,9,19
2.8747918605804443,0.0,44.0,6,2023,9,19
0.7478716373443604,0.0,5.0,7,2023,9,19
2.268206596374512,3.0,9.0,7,2023,9,19
1.7493757009506226,0.0,11.0,7,2023,9,19
2.6142985820770264,0.4000000953674316,13.0,7,2023,9,19
1.6234949827194214,0.0,25.0,7,2023,9,19
0.9463340044021606,0.0,29.0,7,2023,9,19
1.5167105197906494,0.0,30.0,7,2023,9,19
2.6269021034240723,0.0,32.0,7,2023,9,19
1.6466739177703855,0.0,37.0,7,2023,9,19
0.849578857421875,0.0,38.0,7,2023,9,19
1.9919617176055908,0.3000000715255737,39.0,7,2023,9,19
4.210947513580322,0.4000000953674316,44.0,7,2023,9,19
3.035921335220337,0.0,5.0,1,2023,9,23
7.923319339752197,11.0,9.0,1,2023,9,23
7.050881385803223,27.000001907348636,11.0,1,2023,9,23
7.853653907775879,7.0,13.0,1,2023,9,23
3.971765518188477,3.0,25.0,1,2023,9,23
3.166929006576538,33.0,29.0,1,2023,9,23
2.68066143989563,0.0,30.0,1,2023,9,23
1.5656917095184326,8.199999809265137,32.0,1,2023,9,23
1.802025318145752,0.0,37.0,1,2023,9,23
1.9175848960876465,7.0,38.0,1,2023,9,23
1.5468015670776367,0.0,39.0,1,2023,9,23
1.560879111289978,0.0,44.0,1,2023,9,23
1.4982690811157229,0.0,5.0,2,2023,9,23
2.87029767036438,3.0,9.0,2,2023,9,23
3.016195058822632,23.0,11.0,2,2023,9,23
3.178666591644287,14.000000953674316,13.0,2,2023,9,23
1.9031431674957275,0.0,25.0,2,2023,9,23
1.459086298942566,0.0,29.0,2,2023,9,23
1.3809175491333008,1.999999761581421,30.0,2,2023,9,23
0.0,0.0,32.0,2,2023,9,23
0.0,0.0,37.0,2,2023,9,23
0.0,0.0,38.0,2,2023,9,23
0.0,0.0,39.0,2,2023,9,23
2.475900411605835,0.0,44.0,2,2023,9,23
0.6366351842880249,0.0,5.0,3,2023,9,23
1.6598303318023682,3.0,9.0,3,2023,9,23
1.338288187980652,0.0,11.0,3,2023,9,23
1.850241780281067,0.4000000953674316,13.0,3,2023,9,23
1.1325520277023315,0.0,25.0,3,2023,9,23
0.0,0.0,29.0,3,2023,9,23
1.0456398725509644,0.0,30.0,3,2023,9,23
2.106455087661743,0.0,32.0,3,2023,9,23
1.155730128288269,0.0,37.0,3,2023,9,23
0.4729249477386474,0.0,38.0,3,2023,9,23
1.6709649562835691,0.3000000715255737,39.0,3,2023,9,23
3.3432981967926025,0.4000000953674316,44.0,3,2023,9,23
0.6818718910217285,0.0,5.0,4,2023,9,23
1.4765056371688845,0.6999999284744263,9.0,4,2023,9,23
1.2968506813049316,0.4000000953674316,11.0,4,2023,9,23
1.832351922988892,0.0,13.0,4,2023,9,23
1.3704025745391846,0.6999999284744263,25.0,4,2023,9,23
0.0,0.0,29.0,4,2023,9,23
1.4078158140182495,3.0,30.0,4,2023,9,23
1.992381572723389,18.000003814697266,32.0,4,2023,9,23
1.4426171779632568,5.999999523162842,37.0,4,2023,9,23
0.8942103385925293,0.9999998807907104,38.0,4,2023,9,23
2.065730571746826,13.699997901916504,39.0,4,2023,9,23
3.413412570953369,79.99996948242188,44.0,4,2023,9,23
1.2272480726242063,4.0,5.0,5,2023,9,23
1.7846952676773071,3.0,9.0,5,2023,9,23
1.527446746826172,0.0,11.0,5,2023,9,23
2.174479722976685,0.2000000178813934,13.0,5,2023,9,23
2.1262800693511963,9.400001525878906,25.0,5,2023,9,23
0.9727923274040222,0.4000000953674316,29.0,5,2023,9,23
2.8526999950408936,26.00000762939453,30.0,5,2023,9,23
3.498878002166748,64.00001525878906,32.0,5,2023,9,23
2.804373264312744,53.00000381469727,37.0,5,2023,9,23
1.8400216102600095,3.399999618530273,38.0,5,2023,9,23
3.7200794219970703,35.0,39.0,5,2023,9,23
6.245513439178467,35.0,44.0,5,2023,9,23
1.2457358837127686,5.0,5.0,6,2023,9,23
2.0835678577423096,8.0,9.0,6,2023,9,23
2.069741725921631,1.1000001430511477,11.0,6,2023,9,23
3.050544261932373,2.799999713897705,13.0,6,2023,9,23
2.6734437942504883,8.199999809265137,25.0,6,2023,9,23
1.3826719522476196,3.0,29.0,6,2023,9,23
3.192183494567871,3.399999618530273,30.0,6,2023,9,23
6.074341773986816,15.0,32.0,6,2023,9,23
4.014327526092529,0.0,37.0,6,2023,9,23
2.165511131286621,0.0,38.0,6,2023,9,23
5.158442497253418,15.100000381469728,39.0,6,2023,9,23
10.604933738708496,5.999999523162842,44.0,6,2023,9,23
2.736512422561645,0.0,5.0,7,2023,9,23
3.7048981189727774,4.0,9.0,7,2023,9,23
2.8948447704315186,0.0,11.0,7,2023,9,23
4.257524013519287,0.0,13.0,7,2023,9,23
3.852096080780029,1.8000000715255735,25.0,7,2023,9,23
3.214573621749878,18.09999656677246,29.0,7,2023,9,23
4.045457363128662,0.3000000715255737,30.0,7,2023,9,23
6.994059085845947,0.0,32.0,7,2023,9,23
4.555020332336426,0.3000000715255737,37.0,7,2023,9,23
3.0795645713806152,4.0,38.0,7,2023,9,23
5.0916361808776855,0.0,39.0,7,2023,9,23
8.388372421264648,0.9999998807907104,44.0,7,2023,9,23
6.147761821746826,0.0,5.0,1,2023,9,26
5.069458961486816,0.6999999284744263,9.0,1,2023,9,26
4.5538740158081055,0.4000000953674316,11.0,1,2023,9,26
5.643172264099121,0.0,13.0,1,2023,9,26
8.536219596862793,0.6999999284744263,25.0,1,2023,9,26
6.245548725128174,0.0,29.0,1,2023,9,26
10.855913162231444,3.0,30.0,1,2023,9,26
21.29275894165039,18.000003814697266,32.0,1,2023,9,26
13.553446769714355,5.999999523162842,37.0,1,2023,9,26
9.424818992614746,0.9999998807907104,38.0,1,2023,9,26
16.243940353393555,13.699997901916504,39.0,1,2023,9,26
33.24455642700195,79.99996948242188,44.0,1,2023,9,26
4.998830795288086,4.0,5.0,2,2023,9,26
5.189209938049316,3.0,9.0,2,2023,9,26
4.271912097930908,0.0,11.0,2,2023,9,26
5.702747821807861,0.2000000178813934,13.0,2,2023,9,26
6.836405277252197,9.400001525878906,25.0,2,2023,9,26
4.5384721755981445,0.4000000953674316,29.0,2,2023,9,26
6.441043853759766,26.00000762939453,30.0,2,2023,9,26
10.742820739746094,64.00001525878906,32.0,2,2023,9,26
7.281773090362549,53.00000381469727,37.0,2,2023,9,26
5.13987922668457,3.399999618530273,38.0,2,2023,9,26
7.105569839477539,35.0,39.0,2,2023,9,26
15.191030502319336,35.0,44.0,2,2023,9,26
3.386415719985962,5.0,5.0,3,2023,9,26
4.994253635406494,8.0,9.0,3,2023,9,26
5.222634792327881,1.1000001430511477,11.0,3,2023,9,26
5.839381217956543,2.799999713897705,13.0,3,2023,9,26
3.823371171951294,8.199999809265137,25.0,3,2023,9,26
4.339992046356201,3.0,29.0,3,2023,9,26
3.7241039276123047,3.399999618530273,30.0,3,2023,9,26
6.186413764953613,15.0,32.0,3,2023,9,26
3.652064323425293,0.0,37.0,3,2023,9,26
2.9082107543945312,0.0,38.0,3,2023,9,26
3.877182960510254,15.100000381469728,39.0,3,2023,9,26
7.963390827178955,5.999999523162842,44.0,3,2023,9,26
1.5142581462860107,0.0,5.0,4,2023,9,26
3.2430853843688965,4.0,9.0,4,2023,9,26
3.170461416244507,0.0,11.0,4,2023,9,26
3.804800987243652,0.0,13.0,4,2023,9,26
2.4283313751220703,1.8000000715255735,25.0,4,2023,9,26
1.8865900039672847,18.09999656677246,29.0,4,2023,9,26
2.364506483078003,0.3000000715255737,30.0,4,2023,9,26
3.165010690689087,0.0,32.0,4,2023,9,26
2.159994840621948,0.3000000715255737,37.0,4,2023,9,26
1.426641583442688,4.0,38.0,4,2023,9,26
2.4408421516418457,0.0,39.0,4,2023,9,26
4.82387638092041,0.9999998807907104,44.0,4,2023,9,26
2.326641082763672,0.5,5.0,5,2023,9,26
4.166625022888184,22.0000057220459,9.0,5,2023,9,26
3.553109884262085,0.2000000178813934,11.0,5,2023,9,26
4.4348344802856445,0.0,13.0,5,2023,9,26
3.060822010040283,3.399999618530273,25.0,5,2023,9,26
2.176157236099243,0.0,29.0,5,2023,9,26
2.835577249526977,0.0,30.0,5,2023,9,26
2.186894416809082,0.6999999284744263,32.0,5,2023,9,26
2.461761474609375,0.3000000715255737,37.0,5,2023,9,26
1.899880051612854,0.0,38.0,5,2023,9,26
2.4728245735168457,0.0,39.0,5,2023,9,26
2.999336242675781,0.0,44.0,5,2023,9,26
1.1102887392044067,12.000001907348633,5.0,6,2023,9,26
2.7388243675231934,0.0,9.0,6,2023,9,26
2.360174655914306,0.3000000715255737,11.0,6,2023,9,26
3.484402894973755,13.19999885559082,13.0,6,2023,9,26
2.046858787536621,20.599994659423828,25.0,6,2023,9,26
0.9389538764953612,0.0,29.0,6,2023,9,26
1.625217080116272,0.0999999120831489,30.0,6,2023,9,26
1.485506892204285,0.0,32.0,6,2023,9,26
1.362209439277649,0.0,37.0,6,2023,9,26
0.8573108315467834,9.099998474121094,38.0,6,2023,9,26
1.1852973699569702,0.0,39.0,6,2023,9,26
2.6494526863098145,0.0,44.0,6,2023,9,26
1.6345164775848389,0.0,5.0,7,2023,9,26
4.461527347564697,0.0,9.0,7,2023,9,26
3.6550679206848153,0.6999999284744263,11.0,7,2023,9,26
4.915051937103272,1.3999998569488523,13.0,7,2023,9,26
2.79304313659668,0.0999999120831489,25.0,7,2023,9,26
2.098330020904541,0.0,29.0,7,2023,9,26
2.411012649536133,0.0,30.0,7,2023,9,26
3.50507926940918,0.0,32.0,7,2023,9,26
2.750843048095703,0.0,37.0,7,2023,9,26
1.0015465021133425,0.0,38.0,7,2023,9,26
2.9109487533569336,0.0,39.0,7,2023,9,26
3.875560998916626,0.0,44.0,7,2023,9,26
6.837055206298828,0.5,5.0,1,2023,9,30
13.205074310302734,22.0000057220459,9.0,1,2023,9,30
12.32508659362793,0.2000000178813934,11.0,1,2023,9,30
13.440145492553713,0.0,13.0,1,2023,9,30
8.383905410766602,3.399999618530273,25.0,1,2023,9,30
7.086774826049805,0.0,29.0,1,2023,9,30
5.028011322021484,0.0,30.0,1,2023,9,30
4.780068397521973,0.6999999284744263,32.0,1,2023,9,30
4.571974754333496,0.3000000715255737,37.0,1,2023,9,30
4.874848365783691,0.0,38.0,1,2023,9,30
4.234615802764893,0.0,39.0,1,2023,9,30
4.952574729919434,0.0,44.0,1,2023,9,30
2.8253843784332275,12.000001907348633,5.0,2,2023,9,30
5.532309532165527,0.0,9.0,2,2023,9,30
5.200826644897461,0.3000000715255737,11.0,2,2023,9,30
5.8942060470581055,13.19999885559082,13.0,2,2023,9,30
3.873681783676148,20.599994659423828,25.0,2,2023,9,30
2.892095804214477,0.0,29.0,2,2023,9,30
2.411991834640503,0.0999999120831489,30.0,2,2023,9,30
2.307617664337158,0.0,32.0,2,2023,9,30
2.204435348510742,0.0,37.0,2,2023,9,30
1.76209819316864,9.099998474121094,38.0,2,2023,9,30
1.798577904701233,0.0,39.0,2,2023,9,30
2.1481356620788574,0.0,44.0,2,2023,9,30
2.2976245880126958,0.0,5.0,3,2023,9,30
5.826417922973633,0.0,9.0,3,2023,9,30
5.1660356521606445,0.6999999284744263,11.0,3,2023,9,30
5.922476291656494,1.3999998569488523,13.0,3,2023,9,30
3.107593774795532,0.0999999120831489,25.0,3,2023,9,30
2.739738702774048,0.0,29.0,3,2023,9,30
1.7811452150344849,0.0,30.0,3,2023,9,30
1.821037530899048,0.0,32.0,3,2023,9,30
1.5336899757385254,0.0,37.0,3,2023,9,30
1.121251940727234,0.0,38.0,3,2023,9,30
1.5272605419158936,0.0,39.0,3,2023,9,30
1.512951135635376,0.0,44.0,3,2023,9,30
1.1293045282363892,0.0,5.0,4,2023,9,30
3.0053751468658447,0.0,9.0,4,2023,9,30
2.297578811645508,0.0,11.0,4,2023,9,30
3.2785415649414062,0.0,13.0,4,2023,9,30
1.8154826164245603,0.0,25.0,4,2023,9,30
1.031990647315979,0.0,29.0,4,2023,9,30
1.3363096714019775,0.0,30.0,4,2023,9,30
0.0,0.0,32.0,4,2023,9,30
0.0,0.0,37.0,4,2023,9,30
0.0,0.0,38.0,4,2023,9,30
0.0,0.0,39.0,4,2023,9,30
1.4539413452148438,0.0,44.0,4,2023,9,30
1.329264521598816,0.0,5.0,5,2023,9,30
3.026678562164306,0.0,9.0,5,2023,9,30
2.393000364303589,4.0,11.0,5,2023,9,30
3.210671186447144,0.0,13.0,5,2023,9,30
1.7983916997909546,0.0,25.0,5,2023,9,30
0.9962774515151978,0.0,29.0,5,2023,9,30
1.3244144916534424,0.0,30.0,5,2023,9,30
0.0,0.0,32.0,5,2023,9,30
0.0,0.0,37.0,5,2023,9,30
0.8206337094306946,0.0,38.0,5,2023,9,30
0.0,0.0,39.0,5,2023,9,30
0.980378806591034,0.0,44.0,5,2023,9,30
1.845152735710144,0.0,5.0,6,2023,9,30
4.395266532897949,8.199999809265137,9.0,6,2023,9,30
4.052666187286377,24.999998092651367,11.0,6,2023,9,30
4.997900009155273,40.00000762939453,13.0,6,2023,9,30
2.661627769470215,0.3000000715255737,25.0,6,2023,9,30
1.5700323581695557,0.0,29.0,6,2023,9,30
2.146202325820923,0.0,30.0,6,2023,9,30
1.8325402736663816,0.0,32.0,6,2023,9,30
1.6527602672576904,0.0,37.0,6,2023,9,30
1.0164529085159302,0.0,38.0,6,2023,9,30
1.477736234664917,0.0,39.0,6,2023,9,30
2.3260231018066406,1.999999761581421,44.0,6,2023,9,30
3.8274857997894287,33.0,5.0,7,2023,9,30
8.490335464477539,0.0,9.0,7,2023,9,30
7.407231330871582,0.9999998807907104,11.0,7,2023,9,30
9.596113204956056,0.0,13.0,7,2023,9,30
5.595552444458008,5.999999523162842,25.0,7,2023,9,30
5.007245063781738,1.999999761581421,29.0,7,2023,9,30
3.49948787689209,9.0,30.0,7,2023,9,30
4.0344953536987305,19.0,32.0,7,2023,9,30
3.5724267959594727,65.99998474121094,37.0,7,2023,9,30
2.6378958225250244,15.0,38.0,7,2023,9,30
2.948673963546753,26.00000762939453,39.0,7,2023,9,30
4.548473358154297,0.9999998807907104,44.0,7,2023,9,30
0.0,0.0,5.0,1,2023,10,3
2.52888822555542,0.0,9.0,1,2023,10,3
2.4294357299804688,0.0,11.0,1,2023,10,3
2.691257953643799,0.0,13.0,1,2023,10,3
1.522876501083374,0.0,25.0,1,2023,10,3
0.0,0.0,29.0,1,2023,10,3
0.0,0.0,30.0,1,2023,10,3
0.0,0.0,32.0,1,2023,10,3
0.0,0.0,37.0,1,2023,10,3
0.0,0.0,38.0,1,2023,10,3
0.0,0.0,39.0,1,2023,10,3
0.0,0.0,44.0,1,2023,10,3
1.5877290964126587,0.0,5.0,2,2023,10,3
3.2742037773132324,0.0,9.0,2,2023,10,3
3.2122044563293457,4.0,11.0,2,2023,10,3
3.3910913467407227,0.0,13.0,2,2023,10,3
1.8141720294952397,0.0,25.0,2,2023,10,3
0.0,0.0,29.0,2,2023,10,3
0.0,0.0,30.0,2,2023,10,3
0.0,0.0,32.0,2,2023,10,3
0.0,0.0,37.0,2,2023,10,3
0.0,0.0,38.0,2,2023,10,3
0.0,0.0,39.0,2,2023,10,3
0.7920231819152832,0.0,44.0,2,2023,10,3
1.524288296699524,0.0,5.0,3,2023,10,3
3.7584824562072754,8.199999809265137,9.0,3,2023,10,3
3.025166749954224,24.999998092651367,11.0,3,2023,10,3
3.913302183151245,40.00000762939453,13.0,3,2023,10,3
2.2495551109313965,0.3000000715255737,25.0,3,2023,10,3
1.457659125328064,0.0,29.0,3,2023,10,3
1.403964281082153,0.0,30.0,3,2023,10,3
1.3485804796218872,0.0,32.0,3,2023,10,3
1.1691515445709229,0.0,37.0,3,2023,10,3
0.8526819944381714,0.0,38.0,3,2023,10,3
0.9948947429656982,0.0,39.0,3,2023,10,3
1.2888308763504028,1.999999761581421,44.0,3,2023,10,3
2.2217800617218018,33.0,5.0,4,2023,10,3
6.499828815460205,0.0,9.0,4,2023,10,3
6.386045932769775,0.9999998807907104,11.0,4,2023,10,3
7.54913330078125,0.0,13.0,4,2023,10,3
3.809621572494507,5.999999523162842,25.0,4,2023,10,3
3.113912343978882,1.999999761581421,29.0,4,2023,10,3
3.688406229019165,9.0,30.0,4,2023,10,3
2.839832305908203,19.0,32.0,4,2023,10,3
2.343001365661621,65.99998474121094,37.0,4,2023,10,3
1.8956518173217771,15.0,38.0,4,2023,10,3
1.6481869220733645,26.00000762939453,39.0,4,2023,10,3
3.484912872314453,0.9999998807907104,44.0,4,2023,10,3
5.587897300720215,0.9999998807907104,5.0,5,2023,10,3
9.050865173339844,3.399999618530273,9.0,5,2023,10,3
7.446507453918457,5.0,11.0,5,2023,10,3
9.196682929992676,0.4000000953674316,13.0,5,2023,10,3
6.248708248138428,18.000003814697266,25.0,5,2023,10,3
5.207118988037109,7.0,29.0,5,2023,10,3
4.262279033660889,0.0,30.0,5,2023,10,3
4.883486747741699,0.0,32.0,5,2023,10,3
4.677577972412109,0.0,37.0,5,2023,10,3
4.145933151245117,5.999999523162842,38.0,5,2023,10,3
4.376887798309326,0.0,39.0,5,2023,10,3
6.617071151733398,5.0,44.0,5,2023,10,3
1.985053539276123,0.0,5.0,6,2023,10,3
5.41550874710083,0.0,9.0,6,2023,10,3
4.516150951385498,0.0,11.0,6,2023,10,3
5.456804275512695,0.9999998807907104,13.0,6,2023,10,3
2.164950370788574,0.3000000715255737,25.0,6,2023,10,3
1.9412271976470947,0.2000000178813934,29.0,6,2023,10,3
1.057673454284668,0.0,30.0,6,2023,10,3
0.7722437381744385,0.0,32.0,6,2023,10,3
0.5233153700828552,0.0,37.0,6,2023,10,3
0.6046907901763916,0.0,38.0,6,2023,10,3
0.5128686428070068,0.0,39.0,6,2023,10,3
0.5881949067115784,0.9999998807907104,44.0,6,2023,10,3
1.104151487350464,0.0,5.0,7,2023,10,3
2.625102996826172,0.0,9.0,7,2023,10,3
2.464815378189087,0.0,11.0,7,2023,10,3
3.121495246887207,0.0,13.0,7,2023,10,3
1.2506698369979858,0.0,25.0,7,2023,10,3
1.2492191791534424,0.0,29.0,7,2023,10,3
0.83394455909729,0.0,30.0,7,2023,10,3
1.1031453609466553,0.0,32.0,7,2023,10,3
0.8407111763954163,0.0,37.0,7,2023,10,3
0.5459099411964417,0.0,38.0,7,2023,10,3
0.0,0.0,39.0,7,2023,10,3
0.7659381628036499,0.0,44.0,7,2023,10,3
6.589601993560791,0.9999998807907104,5.0,1,2023,10,7
9.537822723388672,3.399999618530273,9.0,1,2023,10,7
10.314836502075195,5.0,11.0,1,2023,10,7
10.518997192382812,0.4000000953674316,13.0,1,2023,10,7
7.693256378173828,18.000003814697266,25.0,1,2023,10,7
7.277351379394531,7.0,29.0,1,2023,10,7
5.801548957824707,0.0,30.0,1,2023,10,7
6.976376056671143,0.0,32.0,1,2023,10,7
5.429497718811035,0.0,37.0,1,2023,10,7
5.9547224044799805,5.999999523162842,38.0,1,2023,10,7
5.485238075256348,0.0,39.0,1,2023,10,7
9.147814750671388,5.0,44.0,1,2023,10,7
1.3855907917022705,0.0,5.0,2,2023,10,7
2.107029438018799,0.0,9.0,2,2023,10,7
2.510060787200928,0.0,11.0,2,2023,10,7
2.5233817100524902,0.9999998807907104,13.0,2,2023,10,7
1.565852403640747,0.3000000715255737,25.0,2,2023,10,7
1.5899659395217896,0.2000000178813934,29.0,2,2023,10,7
0.9302939176559448,0.0,30.0,2,2023,10,7
0.6796072721481323,0.0,32.0,2,2023,10,7
0.6900591850280762,0.0,37.0,2,2023,10,7
0.7888545989990234,0.0,38.0,2,2023,10,7
0.5851178169250488,0.0,39.0,2,2023,10,7
0.5402833819389343,0.9999998807907104,44.0,2,2023,10,7
1.034801959991455,0.0,5.0,3,2023,10,7
2.7103004455566406,0.0,9.0,3,2023,10,7
3.1224021911621094,0.0,11.0,3,2023,10,7
3.206364154815674,0.0,13.0,3,2023,10,7
1.079684138298035,0.0,25.0,3,2023,10,7
1.3410272598266602,0.0,29.0,3,2023,10,7
0.4546031653881073,0.0,30.0,3,2023,10,7
0.0,0.0,32.0,3,2023,10,7
0.0,0.0,37.0,3,2023,10,7
0.0,0.0,38.0,3,2023,10,7
0.0,0.0,39.0,3,2023,10,7
0.2875699996948242,0.0,44.0,3,2023,10,7
0.0,0.0,5.0,4,2023,10,7
1.171731948852539,0.0,9.0,4,2023,10,7
1.7263420820236206,0.0,11.0,4,2023,10,7
1.7281500101089478,0.0,13.0,4,2023,10,7
0.4130629301071167,0.0,25.0,4,2023,10,7
0.0,0.0,29.0,4,2023,10,7
0.0,0.0,30.0,4,2023,10,7
0.0,0.0,32.0,4,2023,10,7
0.0,0.0,37.0,4,2023,10,7
0.0,0.0,38.0,4,2023,10,7
0.0,0.0,39.0,4,2023,10,7
0.2770223319530487,1.999999761581421,44.0,4,2023,10,7
0.0,0.0,5.0,5,2023,10,7
0.0,0.0,9.0,5,2023,10,7
0.0,0.0,11.0,5,2023,10,7
0.1933872401714325,0.0,13.0,5,2023,10,7
0.0,0.0,25.0,5,2023,10,7
0.0,0.0,29.0,5,2023,10,7
0.0431011207401752,0.0,30.0,5,2023,10,7
0.0,0.0,32.0,5,2023,10,7
0.0,0.0,37.0,5,2023,10,7
0.0,0.0,38.0,5,2023,10,7
0.0,0.0,39.0,5,2023,10,7
0.3544642925262451,0.0,44.0,5,2023,10,7
0.4061161577701568,0.0,5.0,6,2023,10,7
1.1546528339385986,0.0,9.0,6,2023,10,7
0.6704819798469543,0.0,11.0,6,2023,10,7
1.1985303163528442,0.0,13.0,6,2023,10,7
0.628400444984436,0.0,25.0,6,2023,10,7
0.0,0.0,29.0,6,2023,10,7
0.3643816709518432,0.0,30.0,6,2023,10,7
1.2766116857528689,0.0,32.0,6,2023,10,7
0.7251685261726379,0.0,37.0,6,2023,10,7
0.1756350398063659,0.0999999120831489,38.0,6,2023,10,7
1.1457892656326294,0.0,39.0,6,2023,10,7
3.142325162887573,0.0,44.0,6,2023,10,7
2.899445056915283,0.0,5.0,7,2023,10,7
7.864165782928467,0.9999998807907104,9.0,7,2023,10,7
5.532276153564453,0.5999999046325684,11.0,7,2023,10,7
7.449184417724609,0.0999999120831489,13.0,7,2023,10,7
3.809065818786621,0.0,25.0,7,2023,10,7
3.694087505340576,0.0,29.0,7,2023,10,7
2.786968231201172,0.0,30.0,7,2023,10,7
3.345253229141236,0.0,32.0,7,2023,10,7
2.553606986999512,0.0,37.0,7,2023,10,7
1.815957307815552,0.0,38.0,7,2023,10,7
2.318233013153076,0.0,39.0,7,2023,10,7
2.9629969596862797,0.0,44.0,7,2023,10,7
0.0,0.0,5.0,1,2023,10,10
1.3237844705581665,0.0,9.0,1,2023,10,10
1.099452257156372,0.0,11.0,1,2023,10,10
1.364955186843872,0.0,13.0,1,2023,10,10
0.4522178769111633,0.0,25.0,1,2023,10,10
0.0,0.0,29.0,1,2023,10,10
0.0,0.0,30.0,1,2023,10,10
0.0,0.0,32.0,1,2023,10,10
0.0,0.0,37.0,1,2023,10,10
0.0,0.0,38.0,1,2023,10,10
0.0,0.0,39.0,1,2023,10,10
0.1155581697821617,1.999999761581421,44.0,1,2023,10,10
0.0,0.0,5.0,2,2023,10,10
0.0,0.0,9.0,2,2023,10,10
0.7698744535446167,0.0,11.0,2,2023,10,10
0.7698256969451904,0.0,13.0,2,2023,10,10
0.31303870677948,0.0,25.0,2,2023,10,10
0.0,0.0,29.0,2,2023,10,10
0.0,0.0,30.0,2,2023,10,10
0.0,0.0,32.0,2,2023,10,10
0.0,0.0,37.0,2,2023,10,10
0.0,0.0,38.0,2,2023,10,10
0.0,0.0,39.0,2,2023,10,10
0.2764110565185547,0.0,44.0,2,2023,10,10
0.3675448298454284,0.0,5.0,3,2023,10,10
0.7478001117706299,0.0,9.0,3,2023,10,10
0.6287405490875244,0.0,11.0,3,2023,10,10
0.9165753722190856,0.0,13.0,3,2023,10,10
0.6911823153495789,0.0,25.0,3,2023,10,10
0.3975118100643158,0.0,29.0,3,2023,10,10
0.8981394171714783,0.0,30.0,3,2023,10,10
3.5720272064208984,0.0,32.0,3,2023,10,10
1.7087769508361816,0.0,37.0,3,2023,10,10
0.6851356029510498,0.0999999120831489,38.0,3,2023,10,10
2.818751811981201,0.0,39.0,3,2023,10,10
8.60180377960205,0.0,44.0,3,2023,10,10
6.583294868469238,0.0,5.0,4,2023,10,10
13.195320129394531,0.9999998807907104,9.0,4,2023,10,10
10.373126029968262,0.5999999046325684,11.0,4,2023,10,10
12.65412712097168,0.0999999120831489,13.0,4,2023,10,10
7.265034198760986,0.0,25.0,4,2023,10,10
6.438053607940674,0.0,29.0,4,2023,10,10
4.971708297729492,0.0,30.0,4,2023,10,10
5.240592002868652,0.0,32.0,4,2023,10,10
4.88759183883667,0.0,37.0,4,2023,10,10
4.583898067474365,0.0,38.0,4,2023,10,10
4.500373840332031,0.0,39.0,4,2023,10,10
6.783426761627197,0.0,44.0,4,2023,10,10
6.032093048095703,0.3000000715255737,5.0,5,2023,10,10
9.019927978515623,5.999999523162842,9.0,5,2023,10,10
7.808467864990234,9.899999618530272,11.0,5,2023,10,10
10.080062866210938,22.899999618530277,13.0,5,2023,10,10
7.53785514831543,1.8000000715255735,25.0,5,2023,10,10
5.242086887359619,0.800000011920929,29.0,5,2023,10,10
5.6864423751831055,0.0,30.0,5,2023,10,10
4.915058135986328,0.0,32.0,5,2023,10,10
4.512020111083984,0.0,37.0,5,2023,10,10
4.895480155944824,0.0,38.0,5,2023,10,10
3.706141710281372,0.0,39.0,5,2023,10,10
5.528478145599365,4.0,44.0,5,2023,10,10
1.6191823482513428,0.0,5.0,6,2023,10,10
3.3750452995300293,1.999999761581421,9.0,6,2023,10,10
2.8319923877716064,0.0,11.0,6,2023,10,10
3.5788369178771973,0.9999998807907104,13.0,6,2023,10,10
2.557753324508667,0.0,25.0,6,2023,10,10
2.120271921157837,0.0,29.0,6,2023,10,10
3.1475861072540283,0.0,30.0,6,2023,10,10
3.1326839923858643,0.0,32.0,6,2023,10,10
2.2515149116516118,0.0,37.0,6,2023,10,10
1.7052059173583984,0.0,38.0,6,2023,10,10
1.5744948387145996,0.0,39.0,6,2023,10,10
3.28710412979126,0.0,44.0,6,2023,10,10
0.0,0.0,5.0,7,2023,10,10
1.6152135133743286,0.0,9.0,7,2023,10,10
1.3373703956604004,0.0,11.0,7,2023,10,10
1.9108572006225584,0.0,13.0,7,2023,10,10
1.0019261837005615,0.0,25.0,7,2023,10,10
0.0,0.0,29.0,7,2023,10,10
0.5310762524604797,0.0,30.0,7,2023,10,10
0.0,0.0,32.0,7,2023,10,10
0.0,0.0,37.0,7,2023,10,10
0.0,0.0,38.0,7,2023,10,10
0.0,0.0,39.0,7,2023,10,10
0.9791840314865112,0.0,44.0,7,2023,10,10
7.773713111877441,0.3000000715255737,5.0,1,2023,10,14
17.325870513916016,5.999999523162842,9.0,1,2023,10,14
15.755220413208008,9.899999618530272,11.0,1,2023,10,14
16.826770782470703,22.899999618530277,13.0,1,2023,10,14
8.220698356628418,1.8000000715255735,25.0,1,2023,10,14
9.124080657958984,0.800000011920929,29.0,1,2023,10,14
5.975504398345947,0.0,30.0,1,2023,10,14
5.437341213226318,0.0,32.0,1,2023,10,14
4.147714614868164,0.0,37.0,1,2023,10,14
3.584019899368286,0.0,38.0,1,2023,10,14
3.8514864444732666,0.0,39.0,1,2023,10,14
4.561695098876953,4.0,44.0,1,2023,10,14
0.7715800404548645,0.0,5.0,2,2023,10,14
1.373847246170044,1.999999761581421,9.0,2,2023,10,14
1.5235357284545898,0.0,11.0,2,2023,10,14
1.6916608810424805,0.9999998807907104,13.0,2,2023,10,14
0.9507359266281128,0.0,25.0,2,2023,10,14
0.8259977102279663,0.0,29.0,2,2023,10,14
0.4988186955451965,0.0,30.0,2,2023,10,14
0.0,0.0,32.0,2,2023,10,14
0.0,0.0,37.0,2,2023,10,14
0.0,0.0,38.0,2,2023,10,14
0.0,0.0,39.0,2,2023,10,14
0.3440670967102051,0.0,44.0,2,2023,10,14
0.0,0.0,5.0,3,2023,10,14
0.0,0.0,9.0,3,2023,10,14
0.0,0.0,11.0,3,2023,10,14
0.0,0.0,13.0,3,2023,10,14
0.0873351171612739,0.0,25.0,3,2023,10,14
0.0,0.0,29.0,3,2023,10,14
0.0,0.0,30.0,3,2023,10,14
0.0,0.0,32.0,3,2023,10,14
0.0,0.0,37.0,3,2023,10,14
0.0,0.0,38.0,3,2023,10,14
0.0,0.0,39.0,3,2023,10,14
0.0,0.0,44.0,3,2023,10,14
0.0,0.0,5.0,4,2023,10,14
0.0,0.0,9.0,4,2023,10,14
0.0,0.0,11.0,4,2023,10,14
0.0,0.0,13.0,4,2023,10,14
0.085614688694477,0.0,25.0,4,2023,10,14
0.0,0.0,29.0,4,2023,10,14
0.0,0.0,30.0,4,2023,10,14
0.0,0.0,32.0,4,2023,10,14
0.0,0.0,37.0,4,2023,10,14
0.0,0.0,38.0,4,2023,10,14
0.0,0.0,39.0,4,2023,10,14
0.2887752652168274,0.0,44.0,4,2023,10,14
0.5076372623443604,0.0,5.0,5,2023,10,14
0.766257107257843,0.0,9.0,5,2023,10,14
0.6320183277130127,0.0,11.0,5,2023,10,14
0.9485638737678528,0.0,13.0,5,2023,10,14
0.9069223999977112,0.0,25.0,5,2023,10,14
0.0,0.0,29.0,5,2023,10,14
1.313584804534912,0.0,30.0,5,2023,10,14
3.4680190086364746,0.0,32.0,5,2023,10,14
2.3263304233551025,0.0,37.0,5,2023,10,14
1.1994097232818604,0.0,38.0,5,2023,10,14
4.141969203948975,0.0,39.0,5,2023,10,14
6.178372383117676,0.0,44.0,5,2023,10,14
0.1603956818580627,0.0,5.0,6,2023,10,14
0.4721402823925018,0.0,9.0,6,2023,10,14
0.6107521057128906,0.0,11.0,6,2023,10,14
1.094888687133789,0.0,13.0,6,2023,10,14
0.9003671407699585,0.0,25.0,6,2023,10,14
0.0,0.0,29.0,6,2023,10,14
2.03225040435791,0.0,30.0,6,2023,10,14
3.411438465118408,0.0,32.0,6,2023,10,14
2.206626415252685,0.0,37.0,6,2023,10,14
0.8218144178390503,0.0,38.0,6,2023,10,14
2.573101282119751,0.0,39.0,6,2023,10,14
5.705317974090576,0.0,44.0,6,2023,10,14
2.797204971313477,0.0,5.0,7,2023,10,14
4.012539863586426,0.0,9.0,7,2023,10,14
3.4703738689422607,0.0,11.0,7,2023,10,14
4.641759872436523,0.0,13.0,7,2023,10,14
3.36696195602417,0.0,25.0,7,2023,10,14
3.509913921356201,0.0,29.0,7,2023,10,14
1.996039867401123,0.0,30.0,7,2023,10,14
4.309760093688965,0.0,32.0,7,2023,10,14
1.9818458557128904,0.0,37.0,7,2023,10,14
2.8437695503234863,0.4000000953674316,38.0,7,2023,10,14
2.916872501373291,0.0,39.0,7,2023,10,14
7.693086624145508,0.0,44.0,7,2023,10,14
0.0,0.0,5.0,1,2023,10,17
0.0,0.0,9.0,1,2023,10,17
0.0,0.0,11.0,1,2023,10,17
0.0,0.0,13.0,1,2023,10,17
0.0,0.0,25.0,1,2023,10,17
0.0,0.0,29.0,1,2023,10,17
0.0,0.0,30.0,1,2023,10,17
0.0,0.0,32.0,1,2023,10,17
0.0,0.0,37.0,1,2023,10,17
0.0,0.0,38.0,1,2023,10,17
0.0,0.0,39.0,1,2023,10,17
0.0,0.0,44.0,1,2023,10,17
0.0,0.0,5.0,2,2023,10,17
0.0,0.0,9.0,2,2023,10,17
0.0,0.0,11.0,2,2023,10,17
0.0,0.0,13.0,2,2023,10,17
0.3677334785461426,0.0,25.0,2,2023,10,17
0.0,0.0,29.0,2,2023,10,17
0.0,0.0,30.0,2,2023,10,17
0.0,0.0,32.0,2,2023,10,17
0.0,0.0,37.0,2,2023,10,17
0.0,0.0,38.0,2,2023,10,17
0.0,0.0,39.0,2,2023,10,17
0.0,0.0,44.0,2,2023,10,17
2.2030320167541504,0.0,5.0,3,2023,10,17
4.343608856201172,0.0,9.0,3,2023,10,17
2.9427266120910645,0.0,11.0,3,2023,10,17
4.090586185455322,0.0,13.0,3,2023,10,17
2.911107301712036,0.0,25.0,3,2023,10,17
2.010197162628174,0.0,29.0,3,2023,10,17
1.819707155227661,0.0,30.0,3,2023,10,17
1.5154814720153809,0.0,32.0,3,2023,10,17
1.540173053741455,0.0,37.0,3,2023,10,17
1.4459739923477173,0.0,38.0,3,2023,10,17
1.731621026992798,0.0,39.0,3,2023,10,17
1.296703815460205,0.0,44.0,3,2023,10,17
3.206190586090088,0.0,5.0,4,2023,10,17
3.930100202560425,0.0,9.0,4,2023,10,17
5.761552333831787,0.0,11.0,4,2023,10,17
5.65538215637207,0.0,13.0,4,2023,10,17
3.754035472869873,0.0,25.0,4,2023,10,17
4.224320888519287,0.0,29.0,4,2023,10,17
2.5823864936828613,0.0,30.0,4,2023,10,17
1.375515103340149,0.0,32.0,4,2023,10,17
1.8390257358551023,0.0,37.0,4,2023,10,17
3.060988664627075,0.4000000953674316,38.0,4,2023,10,17
1.5846461057662964,0.0,39.0,4,2023,10,17
1.6363682746887207,0.0,44.0,4,2023,10,17
0.0,0.0,5.0,5,2023,10,17
0.0,0.0,9.0,5,2023,10,17
0.0,0.0,11.0,5,2023,10,17
0.0,0.0,13.0,5,2023,10,17
0.5761498212814331,0.0,25.0,5,2023,10,17
0.0,0.0,29.0,5,2023,10,17
0.7611804604530334,0.0,30.0,5,2023,10,17
0.0,0.0,32.0,5,2023,10,17
0.0,0.0,37.0,5,2023,10,17
0.0,0.0,38.0,5,2023,10,17
0.0,0.0,39.0,5,2023,10,17
0.3830249607563019,0.0,44.0,5,2023,10,17
0.0,0.0,5.0,6,2023,10,17
0.0,0.0,9.0,6,2023,10,17
0.0,0.0,11.0,6,2023,10,17
0.0,0.0,13.0,6,2023,10,17
0.1769028604030609,0.0,25.0,6,2023,10,17
0.0,0.0,29.0,6,2023,10,17
0.0,0.0,30.0,6,2023,10,17
0.0,0.0,32.0,6,2023,10,17
0.0,0.0,37.0,6,2023,10,17
0.0,0.0,38.0,6,2023,10,17
0.0,0.0,39.0,6,2023,10,17
0.3396095931529999,0.0,44.0,6,2023,10,17
0.0,0.0,5.0,7,2023,10,17
0.0,0.0,9.0,7,2023,10,17
0.0,0.0,11.0,7,2023,10,17
0.0,0.0,13.0,7,2023,10,17
0.361991673707962,0.0,25.0,7,2023,10,17
0.0,0.0,29.0,7,2023,10,17
0.4450567364692688,0.0,30.0,7,2023,10,17
0.0,0.0,32.0,7,2023,10,17
0.0,0.0,37.0,7,2023,10,17
0.0,0.0,38.0,7,2023,10,17
0.0,0.0,39.0,7,2023,10,17
0.8728358745574951,0.0,44.0,7,2023,10,17
0.0,0.0,5.0,1,2023,10,21
0.0,0.0,9.0,1,2023,10,21
0.0,0.0,11.0,1,2023,10,21
0.0,0.0,13.0,1,2023,10,21
0.3640092611312866,0.0,25.0,1,2023,10,21
0.0,0.0,29.0,1,2023,10,21
0.0,0.0,30.0,1,2023,10,21
0.0,0.0,32.0,1,2023,10,21
0.0,0.0,37.0,1,2023,10,21
0.0,0.0,38.0,1,2023,10,21
0.0,0.0,39.0,1,2023,10,21
0.0,0.0,44.0,1,2023,10,21
0.0,0.0,5.0,2,2023,10,21
0.0,0.0,9.0,2,2023,10,21
0.0,0.0,11.0,2,2023,10,21
0.0,0.0,13.0,2,2023,10,21
0.1588243246078491,0.0,25.0,2,2023,10,21
0.0,0.0,29.0,2,2023,10,21
0.0,0.0,30.0,2,2023,10,21
0.0,0.0,32.0,2,2023,10,21
0.0,0.0,37.0,2,2023,10,21
0.0,0.0,38.0,2,2023,10,21
0.0,0.0,39.0,2,2023,10,21
0.459675133228302,0.0,44.0,2,2023,10,21
0.0,0.0,5.0,3,2023,10,21
0.0,0.0,9.0,3,2023,10,21
0.0,0.0,11.0,3,2023,10,21
0.0,0.0,13.0,3,2023,10,21
0.0391038097441196,0.0,25.0,3,2023,10,21
0.0,0.0,29.0,3,2023,10,21
0.0775595903396606,0.0,30.0,3,2023,10,21
0.0,0.0,32.0,3,2023,10,21
0.0,0.0,37.0,3,2023,10,21
0.0,0.0,38.0,3,2023,10,21
0.0,0.0,39.0,3,2023,10,21
0.6943196654319763,0.0,44.0,3,2023,10,21
0.4121604859828949,0.0,5.0,4,2023,10,21
0.8116628527641296,0.0,9.0,4,2023,10,21
0.568700909614563,0.0,11.0,4,2023,10,21
1.167244553565979,0.0,13.0,4,2023,10,21
1.1774766445159912,0.0,25.0,4,2023,10,21
0.4232395887374878,0.0,29.0,4,2023,10,21
1.9153730869293213,0.0,30.0,4,2023,10,21
2.9036824703216557,0.0,32.0,4,2023,10,21
1.8863883018493648,0.0,37.0,4,2023,10,21
0.9995879530906676,0.0,38.0,4,2023,10,21
2.230302572250366,0.0,39.0,4,2023,10,21
5.5490593910217285,0.0,44.0,4,2023,10,21
4.467660903930664,0.0,5.0,5,2023,10,21
5.488349914550781,0.0,9.0,5,2023,10,21
4.480259418487549,0.0,11.0,5,2023,10,21
6.046401977539063,0.0,13.0,5,2023,10,21
5.346419334411621,0.0,25.0,5,2023,10,21
3.818617820739746,0.0,29.0,5,2023,10,21
4.813104629516602,0.0,30.0,5,2023,10,21
7.270622253417969,0.0,32.0,5,2023,10,21
5.297920227050781,0.0,37.0,5,2023,10,21
4.337652206420898,0.0,38.0,5,2023,10,21
5.629389762878418,0.0,39.0,5,2023,10,21
11.22513198852539,0.0,44.0,5,2023,10,21
7.180628299713135,0.0,5.0,6,2023,10,21
12.7382173538208,0.0,9.0,6,2023,10,21
11.941884994506836,0.0,11.0,6,2023,10,21
13.026013374328612,0.0,13.0,6,2023,10,21
7.436750411987305,0.0,25.0,6,2023,10,21
8.88427448272705,0.0,29.0,6,2023,10,21
7.725427150726318,0.0,30.0,6,2023,10,21
8.889639854431152,0.0,32.0,6,2023,10,21
5.664674758911133,0.0,37.0,6,2023,10,21
4.11652135848999,0.0,38.0,6,2023,10,21
4.492812156677246,0.0,39.0,6,2023,10,21
8.410114288330078,0.0,44.0,6,2023,10,21
9.45684814453125,0.0999999120831489,5.0,7,2023,10,21
19.04144287109375,0.0,9.0,7,2023,10,21
15.607632637023926,28.9999942779541,11.0,7,2023,10,21
20.06548309326172,0.0,13.0,7,2023,10,21
11.367910385131836,5.399999618530273,25.0,7,2023,10,21
14.815208435058594,0.800000011920929,29.0,7,2023,10,21
11.411611557006836,0.0,30.0,7,2023,10,21
14.485604286193848,0.0,32.0,7,2023,10,21
10.660016059875488,0.0,37.0,7,2023,10,21
6.337594985961914,4.499999523162842,38.0,7,2023,10,21
9.361352920532228,0.0,39.0,7,2023,10,21
9.539762496948242,0.0,44.0,7,2023,10,21
0.0,0.0,5.0,1,2023,10,24
0.0,0.0,9.0,1,2023,10,24
0.0,0.0,11.0,1,2023,10,24
0.0,0.0,13.0,1,2023,10,24
0.2563117742538452,0.0,25.0,1,2023,10,24
0.0,0.0,29.0,1,2023,10,24
0.0,0.0,30.0,1,2023,10,24
0.0,0.0,32.0,1,2023,10,24
0.0,0.0,37.0,1,2023,10,24
0.0,0.0,38.0,1,2023,10,24
0.0,0.0,39.0,1,2023,10,24
0.8159937858581543,0.0,44.0,1,2023,10,24
0.0,0.0,5.0,2,2023,10,24
0.5963226556777954,0.0,9.0,2,2023,10,24
0.0,0.0,11.0,2,2023,10,24
0.8071742653846741,0.0,13.0,2,2023,10,24
0.5662633776664734,0.0,25.0,2,2023,10,24
0.0,0.0,29.0,2,2023,10,24
0.5407193899154663,0.0,30.0,2,2023,10,24
0.0,0.0,32.0,2,2023,10,24
0.0,0.0,37.0,2,2023,10,24
0.0,0.0,38.0,2,2023,10,24
0.0,0.0,39.0,2,2023,10,24
1.2489975690841677,0.0,44.0,2,2023,10,24
3.406386137008667,0.0,5.0,3,2023,10,24
5.229632377624512,0.0,9.0,3,2023,10,24
4.588364601135254,0.0,11.0,3,2023,10,24
5.551628589630127,0.0,13.0,3,2023,10,24
3.903544425964356,0.0,25.0,3,2023,10,24
3.5672237873077397,0.0,29.0,3,2023,10,24
3.2293519973754883,0.0,30.0,3,2023,10,24
4.318944454193115,0.0,32.0,3,2023,10,24
3.27634596824646,0.0,37.0,3,2023,10,24
2.3947999477386475,0.0,38.0,3,2023,10,24
3.8511030673980713,0.0,39.0,3,2023,10,24
4.8305864334106445,0.0,44.0,3,2023,10,24
10.980684280395508,0.0999999120831489,5.0,4,2023,10,24
16.652324676513672,0.0,9.0,4,2023,10,24
14.952729225158691,28.9999942779541,11.0,4,2023,10,24
18.783226013183597,0.0,13.0,4,2023,10,24
12.329132080078123,5.399999618530273,25.0,4,2023,10,24
10.861895561218262,0.800000011920929,29.0,4,2023,10,24
10.04277229309082,0.0,30.0,4,2023,10,24
8.437986373901367,0.0,32.0,4,2023,10,24
9.19354248046875,0.0,37.0,4,2023,10,24
8.194847106933594,4.499999523162842,38.0,4,2023,10,24
6.384221076965332,0.0,39.0,4,2023,10,24
9.19594955444336,0.0,44.0,4,2023,10,24
10.084253311157228,14.000000953674316,5.0,5,2023,10,24
13.123991012573242,22.0000057220459,9.0,5,2023,10,24
11.337814331054688,16.099998474121094,11.0,5,2023,10,24
13.49793815612793,15.0,13.0,5,2023,10,24
10.216480255126951,2.200000286102295,25.0,5,2023,10,24
9.540727615356444,3.0,29.0,5,2023,10,24
8.522724151611328,35.999996185302734,30.0,5,2023,10,24
8.646800994873047,3.0,32.0,5,2023,10,24
7.942598342895508,8.0,37.0,5,2023,10,24
8.033941268920898,6.500000476837158,38.0,5,2023,10,24
7.477694511413574,4.0,39.0,5,2023,10,24
9.221091270446776,8.0,44.0,5,2023,10,24
1.359033465385437,1.999999761581421,5.0,6,2023,10,24
2.5563104152679443,0.0,9.0,6,2023,10,24
1.7928855419158936,0.0,11.0,6,2023,10,24
2.605252742767334,0.0,13.0,6,2023,10,24
2.0301380157470703,3.0,25.0,6,2023,10,24
1.1668888330459597,0.0,29.0,6,2023,10,24
1.4590184688568115,0.0,30.0,6,2023,10,24
1.4938533306121826,0.0,32.0,6,2023,10,24
1.3854135274887085,0.0,37.0,6,2023,10,24
0.951497197151184,1.3000000715255735,38.0,6,2023,10,24
1.1303434371948242,0.0,39.0,6,2023,10,24
2.1498279571533203,0.8999999761581421,44.0,6,2023,10,24
0.5828230381011963,0.0,5.0,7,2023,10,24
1.7454183101654053,3.0,9.0,7,2023,10,24
1.2849711179733276,0.0,11.0,7,2023,10,24
1.8406298160552976,0.0,13.0,7,2023,10,24
1.0069080591201782,0.0,25.0,7,2023,10,24
0.7261291742324829,0.0,29.0,7,2023,10,24
0.6516739130020142,0.0,30.0,7,2023,10,24
0.0,0.0,32.0,7,2023,10,24
0.0,0.0,37.0,7,2023,10,24
0.0,0.0,38.0,7,2023,10,24
0.0,0.0,39.0,7,2023,10,24
0.7728749513626099,0.0,44.0,7,2023,10,24
8.857356071472168,14.000000953674316,5.0,1,2023,10,28
15.475975036621094,22.0000057220459,9.0,1,2023,10,28
11.816267013549805,16.099998474121094,11.0,1,2023,10,28
14.545486450195312,15.0,13.0,1,2023,10,28
10.019180297851562,2.200000286102295,25.0,1,2023,10,28
8.046530723571777,3.0,29.0,1,2023,10,28
8.821735382080078,35.999996185302734,30.0,1,2023,10,28
7.825225830078125,3.0,32.0,1,2023,10,28
7.346056938171387,8.0,37.0,1,2023,10,28
7.76465368270874,6.500000476837158,38.0,1,2023,10,28
6.829704284667969,4.0,39.0,1,2023,10,28
8.709362030029297,8.0,44.0,1,2023,10,28
4.12654447555542,1.999999761581421,5.0,2,2023,10,28
4.632567882537842,0.0,9.0,2,2023,10,28
4.2041096687316895,0.0,11.0,2,2023,10,28
4.963359832763672,0.0,13.0,2,2023,10,28
4.804073333740234,3.0,25.0,2,2023,10,28
3.3726723194122314,0.0,29.0,2,2023,10,28
3.3305535316467285,0.0,30.0,2,2023,10,28
10.289339065551758,0.0,32.0,2,2023,10,28
6.535151481628418,0.0,37.0,2,2023,10,28
3.6636786460876474,1.3000000715255735,38.0,2,2023,10,28
8.42170238494873,0.0,39.0,2,2023,10,28
21.641918182373047,0.8999999761581421,44.0,2,2023,10,28
3.565211296081543,0.0,5.0,3,2023,10,28
3.8272993564605713,3.0,9.0,3,2023,10,28
4.235457897186279,0.0,11.0,3,2023,10,28
4.81520938873291,0.0,13.0,3,2023,10,28
4.1748247146606445,0.0,25.0,3,2023,10,28
3.4728100299835205,0.0,29.0,3,2023,10,28
3.019448757171631,0.0,30.0,3,2023,10,28
7.623094081878662,0.0,32.0,3,2023,10,28
5.033878326416016,0.0,37.0,3,2023,10,28
3.3757848739624023,0.0,38.0,3,2023,10,28
6.27277135848999,0.0,39.0,3,2023,10,28
15.003028869628906,0.0,44.0,3,2023,10,28
0.9392150640487672,0.0,5.0,4,2023,10,28
2.599083423614502,0.0,9.0,4,2023,10,28
2.3992695808410645,0.0,11.0,4,2023,10,28
2.783370018005371,0.0,13.0,4,2023,10,28
1.2356065511703491,0.0,25.0,4,2023,10,28
1.0730880498886108,0.0,29.0,4,2023,10,28
0.8436837792396545,0.0,30.0,4,2023,10,28
0.7891077399253845,0.0,32.0,4,2023,10,28
0.4919601082801819,0.0,37.0,4,2023,10,28
0.4451489448547363,0.0,38.0,4,2023,10,28
0.5660912990570068,0.0,39.0,4,2023,10,28
1.050861954689026,0.0,44.0,4,2023,10,28
0.3708792328834533,0.0,5.0,5,2023,10,28
1.2270920276641846,0.0,9.0,5,2023,10,28
0.7471461296081543,0.0999999120831489,11.0,5,2023,10,28
1.2808160781860352,0.0,13.0,5,2023,10,28
0.7099910974502563,0.0,25.0,5,2023,10,28
0.0796932056546211,0.0,29.0,5,2023,10,28
0.5556676983833313,0.0,30.0,5,2023,10,28
0.2601397037506103,0.0,32.0,5,2023,10,28
0.0,0.0,37.0,5,2023,10,28
0.1081737577915191,0.0,38.0,5,2023,10,28
0.0,0.0,39.0,5,2023,10,28
0.4411163330078125,0.0,44.0,5,2023,10,28
0.4054000377655029,0.0,5.0,6,2023,10,28
1.372681975364685,0.0,9.0,6,2023,10,28
0.817880392074585,0.0,11.0,6,2023,10,28
1.5366568565368652,0.0,13.0,6,2023,10,28
0.8940051198005676,0.0,25.0,6,2023,10,28
0.0,0.0,29.0,6,2023,10,28
0.7504763603210449,0.0,30.0,6,2023,10,28
0.5537576675415039,0.0,32.0,6,2023,10,28
0.0,0.0,37.0,6,2023,10,28
0.0,0.0,38.0,6,2023,10,28
0.0,0.0,39.0,6,2023,10,28
0.5702013969421387,0.0,44.0,6,2023,10,28
0.9166253209114076,0.0,5.0,7,2023,10,28
1.2438547611236572,0.0,9.0,7,2023,10,28
0.7170349359512329,0.0,11.0,7,2023,10,28
1.431436538696289,0.0,13.0,7,2023,10,28
1.466973066329956,0.0,25.0,7,2023,10,28
0.78916335105896,0.0,29.0,7,2023,10,28
1.63324773311615,0.0,30.0,7,2023,10,28
2.072476625442505,0.0,32.0,7,2023,10,28
1.8767902851104736,0.0,37.0,7,2023,10,28
0.6423413753509521,0.0,38.0,7,2023,10,28
1.7257707118988037,0.0,39.0,7,2023,10,28
1.818704962730408,0.0,44.0,7,2023,10,28
0.0,0.0,5.0,1,2023,10,31
0.0,0.0,9.0,1,2023,10,31
0.0,0.0,11.0,1,2023,10,31
0.8902857303619385,0.0,13.0,1,2023,10,31
0.3087435364723205,0.0,25.0,1,2023,10,31
0.0,0.0,29.0,1,2023,10,31
0.0,0.0,30.0,1,2023,10,31
0.0,0.0,32.0,1,2023,10,31
0.0,0.0,37.0,1,2023,10,31
0.0,0.0,38.0,1,2023,10,31
0.0,0.0,39.0,1,2023,10,31
0.2602159976959228,0.0,44.0,1,2023,10,31
0.0,0.0,5.0,2,2023,10,31
0.0,0.0,9.0,2,2023,10,31
0.0,0.0999999120831489,11.0,2,2023,10,31
0.0,0.0,13.0,2,2023,10,31
0.0,0.0,25.0,2,2023,10,31
0.0,0.0,29.0,2,2023,10,31
0.0,0.0,30.0,2,2023,10,31
0.0,0.0,32.0,2,2023,10,31
0.0,0.0,37.0,2,2023,10,31
0.0,0.0,38.0,2,2023,10,31
0.0,0.0,39.0,2,2023,10,31
0.5397684574127197,0.0,44.0,2,2023,10,31
0.0,0.0,5.0,3,2023,10,31
0.0,0.0,9.0,3,2023,10,31
0.0,0.0,11.0,3,2023,10,31
0.0,0.0,13.0,3,2023,10,31
0.2949227094650268,0.0,25.0,3,2023,10,31
0.0,0.0,29.0,3,2023,10,31
0.0,0.0,30.0,3,2023,10,31
0.0,0.0,32.0,3,2023,10,31
0.0,0.0,37.0,3,2023,10,31
0.0,0.0,38.0,3,2023,10,31
0.0,0.0,39.0,3,2023,10,31
0.3817475438117981,0.0,44.0,3,2023,10,31
0.0,0.0,5.0,4,2023,10,31
1.2876133918762207,0.0,9.0,4,2023,10,31
0.0,0.0,11.0,4,2023,10,31
1.2981469631195068,0.0,13.0,4,2023,10,31
0.6698753833770752,0.0,25.0,4,2023,10,31
0.0,0.0,29.0,4,2023,10,31
0.4442967474460602,0.0,30.0,4,2023,10,31
0.0,0.0,32.0,4,2023,10,31
0.0,0.0,37.0,4,2023,10,31
0.0,0.0,38.0,4,2023,10,31
0.0,0.0,39.0,4,2023,10,31
0.553388774394989,0.0,44.0,4,2023,10,31
2.7610855102539062,0.0,5.0,5,2023,10,31
4.0243330001831055,0.0,9.0,5,2023,10,31
2.6222708225250244,0.0,11.0,5,2023,10,31
4.089626789093018,0.0,13.0,5,2023,10,31
3.289872884750366,0.0,25.0,5,2023,10,31
1.8790875673294067,0.0,29.0,5,2023,10,31
2.9752769470214844,0.0,30.0,5,2023,10,31
1.8401641845703125,0.0,32.0,5,2023,10,31
2.9214253425598145,0.0,37.0,5,2023,10,31
2.261494874954224,0.0,38.0,5,2023,10,31
2.399388313293457,0.0,39.0,5,2023,10,31
2.1186327934265137,0.0,44.0,5,2023,10,31
4.198473930358887,0.0,5.0,6,2023,10,31
6.768515586853027,0.0,9.0,6,2023,10,31
4.892279148101807,0.0,11.0,6,2023,10,31
6.649746417999268,0.0,13.0,6,2023,10,31
5.481828689575195,0.0,25.0,6,2023,10,31
3.6417298316955566,0.0,29.0,6,2023,10,31
4.548745155334473,0.0,30.0,6,2023,10,31
6.239114284515381,0.0,32.0,6,2023,10,31
4.712658405303955,0.0,37.0,6,2023,10,31
3.693684101104736,0.0,38.0,6,2023,10,31
5.539119243621826,0.0,39.0,6,2023,10,31
8.173375129699707,0.0,44.0,6,2023,10,31
4.252606391906738,10.000000953674316,5.0,7,2023,10,31
7.829513072967529,45.99999237060547,9.0,7,2023,10,31
6.241934299468994,17.0,11.0,7,2023,10,31
7.716453075408935,11.0,13.0,7,2023,10,31
3.893331527709961,5.999999523162842,25.0,7,2023,10,31
6.310016632080078,3.0,29.0,7,2023,10,31
3.645512819290161,3.0,30.0,7,2023,10,31
7.012953758239746,10.000000953674316,32.0,7,2023,10,31
3.993584156036377,0.8999999761581421,37.0,7,2023,10,31
3.1115078926086426,0.2000000178813934,38.0,7,2023,10,31
4.6170654296875,59.9999885559082,39.0,7,2023,10,31
6.456012725830078,19.0,44.0,7,2023,10,31
1.2111231088638306,0.0,5.0,1,2023,11,4
3.054412364959717,0.0,9.0,1,2023,11,4
2.1480860710144043,0.0,11.0,1,2023,11,4
2.907092809677124,0.0,13.0,1,2023,11,4
1.7520902156829834,0.0,25.0,1,2023,11,4
0.0,0.0,29.0,1,2023,11,4
1.538435697555542,0.0,30.0,1,2023,11,4
0.0,0.0,32.0,1,2023,11,4
0.0,0.0,37.0,1,2023,11,4
0.0,0.0,38.0,1,2023,11,4
0.0,0.0,39.0,1,2023,11,4
0.9479544162750244,0.0,44.0,1,2023,11,4
1.693171739578247,0.0,5.0,2,2023,11,4
1.4268207550048828,0.0,9.0,2,2023,11,4
1.5240401029586792,0.0,11.0,2,2023,11,4
2.044501304626465,0.0,13.0,2,2023,11,4
2.9748849868774414,0.0,25.0,2,2023,11,4
1.9319698810577397,0.0,29.0,2,2023,11,4
5.796187400817871,0.0,30.0,2,2023,11,4
6.044257164001465,0.0,32.0,2,2023,11,4
5.186232089996338,0.0,37.0,2,2023,11,4
3.08416485786438,0.0,38.0,2,2023,11,4
4.438922882080078,0.0,39.0,2,2023,11,4
5.070590972900391,0.0,44.0,2,2023,11,4
8.44546890258789,10.000000953674316,5.0,3,2023,11,4
13.74796199798584,45.99999237060547,9.0,3,2023,11,4
14.45358657836914,17.0,11.0,3,2023,11,4
14.087515830993652,11.0,13.0,3,2023,11,4
7.97252082824707,5.999999523162842,25.0,3,2023,11,4
9.277509689331056,3.0,29.0,3,2023,11,4
5.032293319702148,3.0,30.0,3,2023,11,4
8.442404747009277,10.000000953674316,32.0,3,2023,11,4
5.666042804718018,0.8999999761581421,37.0,3,2023,11,4
5.4045233726501465,0.2000000178813934,38.0,3,2023,11,4
6.249722957611084,59.9999885559082,39.0,3,2023,11,4
10.433732986450195,19.0,44.0,3,2023,11,4
1.2133532762527466,0.0,5.0,4,2023,11,4
2.900143384933472,68.0,9.0,4,2023,11,4
2.329847574234009,1.1000001430511477,11.0,4,2023,11,4
3.070253849029541,35.999996185302734,13.0,4,2023,11,4
1.6551458835601809,3.0,25.0,4,2023,11,4
1.1617693901062012,0.0,29.0,4,2023,11,4
1.1822572946548462,0.0,30.0,4,2023,11,4
1.17086923122406,0.0,32.0,4,2023,11,4
0.895942211151123,0.3000000715255737,37.0,4,2023,11,4
0.6836180686950684,0.0,38.0,4,2023,11,4
0.9630468487739564,0.0,39.0,4,2023,11,4
1.3851994276046753,0.0999999120831489,44.0,4,2023,11,4
0.663250207901001,14.100000381469728,5.0,5,2023,11,4
1.3909239768981934,19.99999618530273,9.0,5,2023,11,4
0.8465612530708313,10.899999618530272,11.0,5,2023,11,4
1.3815343379974363,14.000000953674316,13.0,5,2023,11,4
0.9861477017402648,1.999999761581421,25.0,5,2023,11,4
0.0,0.0,29.0,5,2023,11,4
1.1682190895080566,0.0,30.0,5,2023,11,4
0.7494333982467651,0.0,32.0,5,2023,11,4
0.0,0.0,37.0,5,2023,11,4
0.0,0.2000000178813934,38.0,5,2023,11,4
0.7864124178886414,0.0,39.0,5,2023,11,4
0.865612268447876,0.0,44.0,5,2023,11,4
0.0,0.0,5.0,6,2023,11,4
0.8098667860031128,8.199999809265137,9.0,6,2023,11,4
0.0,0.0,11.0,6,2023,11,4
0.9033738374710084,0.0,13.0,6,2023,11,4
0.5545023083686829,0.0,25.0,6,2023,11,4
0.0,0.0,29.0,6,2023,11,4
0.6339161396026611,0.0,30.0,6,2023,11,4
0.0,0.0,32.0,6,2023,11,4
0.0,0.0,37.0,6,2023,11,4
0.0,0.0,38.0,6,2023,11,4
0.0,0.0,39.0,6,2023,11,4
0.8710131049156189,0.0,44.0,6,2023,11,4
0.0,0.0,5.0,7,2023,11,4
0.0,0.0,9.0,7,2023,11,4
0.0,0.0,11.0,7,2023,11,4
0.0,0.0,13.0,7,2023,11,4
0.550136923789978,0.0,25.0,7,2023,11,4
0.0,0.0,29.0,7,2023,11,4
0.6604445576667786,0.0,30.0,7,2023,11,4
0.0,0.0,32.0,7,2023,11,4
0.0,0.0,37.0,7,2023,11,4
0.0,0.0,38.0,7,2023,11,4
0.0,0.0,39.0,7,2023,11,4
1.1741657257080078,0.0,44.0,7,2023,11,4
2.727308750152588,0.0,5.0,1,2023,11,7
6.642101287841797,68.0,9.0,1,2023,11,7
5.778356552124023,1.1000001430511477,11.0,1,2023,11,7
6.289628505706787,35.999996185302734,13.0,1,2023,11,7
3.279747009277344,3.0,25.0,1,2023,11,7
2.598114490509033,0.0,29.0,1,2023,11,7
2.5093703269958496,0.0,30.0,1,2023,11,7
1.4196743965148926,0.0,32.0,1,2023,11,7
1.5639503002166748,0.3000000715255737,37.0,1,2023,11,7
1.6717610359191897,0.0,38.0,1,2023,11,7
1.0749062299728394,0.0,39.0,1,2023,11,7
1.3654124736785889,0.0999999120831489,44.0,1,2023,11,7
1.4062182903289795,14.100000381469728,5.0,2,2023,11,7
1.5479848384857178,19.99999618530273,9.0,2,2023,11,7
1.4348478317260742,10.899999618530272,11.0,2,2023,11,7
1.874525785446167,14.000000953674316,13.0,2,2023,11,7
1.8426531553268437,1.999999761581421,25.0,2,2023,11,7
1.0862926244735718,0.0,29.0,2,2023,11,7
1.8186538219451904,0.0,30.0,2,2023,11,7
0.0,0.0,32.0,2,2023,11,7
0.0,0.0,37.0,2,2023,11,7
0.0,0.2000000178813934,38.0,2,2023,11,7
0.0,0.0,39.0,2,2023,11,7
1.100934386253357,0.0,44.0,2,2023,11,7
0.0,0.0,5.0,3,2023,11,7
0.9252563118934632,8.199999809265137,9.0,3,2023,11,7
0.0,0.0,11.0,3,2023,11,7
1.0646049976348877,0.0,13.0,3,2023,11,7
0.752795398235321,0.0,25.0,3,2023,11,7
0.0,0.0,29.0,3,2023,11,7
0.8547815084457397,0.0,30.0,3,2023,11,7
0.0,0.0,32.0,3,2023,11,7
0.0,0.0,37.0,3,2023,11,7
0.0,0.0,38.0,3,2023,11,7
0.0,0.0,39.0,3,2023,11,7
0.812444806098938,0.0,44.0,3,2023,11,7
0.0,0.0,5.0,4,2023,11,7
0.0,0.0,9.0,4,2023,11,7
0.0,0.0,11.0,4,2023,11,7
0.0,0.0,13.0,4,2023,11,7
0.580458402633667,0.0,25.0,4,2023,11,7
0.0,0.0,29.0,4,2023,11,7
1.160883903503418,0.0,30.0,4,2023,11,7
1.2916467189788818,0.0,32.0,4,2023,11,7
0.0,0.0,37.0,4,2023,11,7
0.0,0.0,38.0,4,2023,11,7
0.9486895203590392,0.0,39.0,4,2023,11,7
1.9067716598510744,0.0,44.0,4,2023,11,7
0.6999250650405884,0.0,5.0,5,2023,11,7
1.2666819095611572,4.0,9.0,5,2023,11,7
0.8401026725769043,0.0,11.0,5,2023,11,7
1.4884523153305054,0.0,13.0,5,2023,11,7
1.365501046180725,0.0,25.0,5,2023,11,7
0.0,0.0,29.0,5,2023,11,7
2.0248026847839355,0.0,30.0,5,2023,11,7
1.826267957687378,0.0,32.0,5,2023,11,7
1.5628395080566406,0.0,37.0,5,2023,11,7
1.053408980369568,0.0,38.0,5,2023,11,7
1.2750575542449951,0.0,39.0,5,2023,11,7
2.0871877670288086,0.0,44.0,5,2023,11,7
9.193178176879885,0.0,5.0,6,2023,11,7
16.56947135925293,10.000000953674316,9.0,6,2023,11,7
12.3208589553833,0.2000000178813934,11.0,6,2023,11,7
15.210633277893066,0.0,13.0,6,2023,11,7
9.998589515686035,0.0999999120831489,25.0,6,2023,11,7
9.834920883178713,0.0,29.0,6,2023,11,7
7.045130729675293,0.0,30.0,6,2023,11,7
8.8771390914917,4.0,32.0,6,2023,11,7
6.433073997497559,0.0,37.0,6,2023,11,7
6.995940208435059,0.0,38.0,6,2023,11,7
6.725833415985107,0.3000000715255737,39.0,6,2023,11,7
9.42460823059082,5.999999523162842,44.0,6,2023,11,7
10.496225357055664,0.0,5.0,7,2023,11,7
20.404062271118164,4.0,9.0,7,2023,11,7
15.980009078979492,0.0,11.0,7,2023,11,7
19.43328857421875,0.0999999120831489,13.0,7,2023,11,7
9.93476104736328,0.9999998807907104,25.0,7,2023,11,7
12.889995574951172,0.0,29.0,7,2023,11,7
7.208069801330566,1.999999761581421,30.0,7,2023,11,7
7.057147026062012,1.999999761581421,32.0,7,2023,11,7
5.715104103088379,1.999999761581421,37.0,7,2023,11,7
5.644918918609619,0.9999998807907104,38.0,7,2023,11,7
4.283392906188965,1.7000000476837158,39.0,7,2023,11,7
3.959667205810547,2.200000286102295,44.0,7,2023,11,7
0.0,0.0,5.0,1,2023,11,11
1.4970831871032717,4.0,9.0,1,2023,11,11
0.0,0.0,11.0,1,2023,11,11
1.6020004749298096,0.0,13.0,1,2023,11,11
0.9580212831497192,0.0,25.0,1,2023,11,11
0.0,0.0,29.0,1,2023,11,11
1.4241697788238523,0.0,30.0,1,2023,11,11
0.0,0.0,32.0,1,2023,11,11
0.0,0.0,37.0,1,2023,11,11
0.0,0.0,38.0,1,2023,11,11
0.0,0.0,39.0,1,2023,11,11
0.8808140754699707,0.0,44.0,1,2023,11,11
3.714193105697632,0.0,5.0,2,2023,11,11
8.177557945251465,10.000000953674316,9.0,2,2023,11,11
6.459154605865479,0.2000000178813934,11.0,2,2023,11,11
7.543075561523437,0.0,13.0,2,2023,11,11
4.387808799743652,0.0999999120831489,25.0,2,2023,11,11
3.571065902709961,0.0,29.0,2,2023,11,11
3.807363510131836,0.0,30.0,2,2023,11,11
5.932647228240967,4.0,32.0,2,2023,11,11
3.1477808952331543,0.0,37.0,2,2023,11,11
2.993729829788208,0.0,38.0,2,2023,11,11
3.993018627166748,0.3000000715255737,39.0,2,2023,11,11
8.818399429321289,5.999999523162842,44.0,2,2023,11,11
2.775686740875244,0.0,5.0,3,2023,11,11
5.008650302886963,4.0,9.0,3,2023,11,11
4.767149925231934,0.0,11.0,3,2023,11,11
5.012191295623779,0.0999999120831489,13.0,3,2023,11,11
2.5294220447540283,0.9999998807907104,25.0,3,2023,11,11
2.9221010208129883,0.0,29.0,3,2023,11,11
1.4715416431427002,1.999999761581421,30.0,3,2023,11,11
1.869364619255066,1.999999761581421,32.0,3,2023,11,11
1.209822177886963,1.999999761581421,37.0,3,2023,11,11
1.4284372329711914,0.9999998807907104,38.0,3,2023,11,11
1.2845163345336914,1.7000000476837158,39.0,3,2023,11,11
1.817230463027954,2.200000286102295,44.0,3,2023,11,11
0.2245291769504547,0.0,5.0,4,2023,11,11
1.0323846340179443,0.2000000178813934,9.0,4,2023,11,11
0.8081600666046143,0.0,11.0,4,2023,11,11
1.1826660633087158,0.5,13.0,4,2023,11,11
0.4129369556903839,0.0999999120831489,25.0,4,2023,11,11
0.0,0.0,29.0,4,2023,11,11
0.0698189660906791,0.0,30.0,4,2023,11,11
0.0,0.0,32.0,4,2023,11,11
0.0,0.0,37.0,4,2023,11,11
0.0,0.0,38.0,4,2023,11,11
0.0,0.0,39.0,4,2023,11,11
0.1064760610461235,0.0,44.0,4,2023,11,11
0.942970871925354,0.0,5.0,5,2023,11,11
2.2616124153137207,0.0,9.0,5,2023,11,11
1.5263534784317017,0.0,11.0,5,2023,11,11
2.031517267227173,0.6999999284744263,13.0,5,2023,11,11
1.1561206579208374,0.5,25.0,5,2023,11,11
0.7957975268363953,0.0,29.0,5,2023,11,11
1.1351776123046875,0.0,30.0,5,2023,11,11
0.8504910469055176,0.0,32.0,5,2023,11,11
0.5286685228347778,0.0,37.0,5,2023,11,11
0.6010621190071106,0.0,38.0,5,2023,11,11
0.4073732495307922,0.0,39.0,5,2023,11,11
0.7822674512863159,1.999999761581421,44.0,5,2023,11,11
0.0,0.0,5.0,6,2023,11,11
2.370102882385254,0.0,9.0,6,2023,11,11
1.7409082651138306,0.0,11.0,6,2023,11,11
2.1130990982055664,0.0,13.0,6,2023,11,11
1.13342022895813,1.499999761581421,25.0,6,2023,11,11
0.0,0.0,29.0,6,2023,11,11
0.0,0.0,30.0,6,2023,11,11
0.0,0.0,32.0,6,2023,11,11
0.0,0.0,37.0,6,2023,11,11
0.0,0.0,38.0,6,2023,11,11
0.0,0.0,39.0,6,2023,11,11
0.668681263923645,0.9999998807907104,44.0,6,2023,11,11
0.0,0.0,5.0,7,2023,11,11
0.0,0.0,9.0,7,2023,11,11
0.0,0.0,11.0,7,2023,11,11
0.0,0.0,13.0,7,2023,11,11
1.0693209171295166,0.0,25.0,7,2023,11,11
0.0,0.0,29.0,7,2023,11,11
0.0,0.0,30.0,7,2023,11,11
0.0,0.0,32.0,7,2023,11,11
0.0,0.0,37.0,7,2023,11,11
0.0,0.0,38.0,7,2023,11,11
0.0,0.0,39.0,7,2023,11,11
0.0,0.0,44.0,7,2023,11,11
3.8656764030456543,0.0,5.0,1,2023,11,13
7.49178409576416,4.0,9.0,1,2023,11,13
6.186473846435547,0.0,11.0,1,2023,11,13
7.073326587677002,0.0999999120831489,13.0,1,2023,11,13
4.404605388641357,0.9999998807907104,25.0,1,2023,11,13
3.8147687911987305,0.0,29.0,1,2023,11,13
3.4879422187805176,1.999999761581421,30.0,1,2023,11,13
4.537093639373779,1.999999761581421,32.0,1,2023,11,13
3.201061725616455,1.999999761581421,37.0,1,2023,11,13
3.4035394191741943,0.9999998807907104,38.0,1,2023,11,13
3.722837448120117,1.7000000476837158,39.0,1,2023,11,13
6.29430103302002,2.200000286102295,44.0,1,2023,11,13
0.0,0.0,5.0,2,2023,11,13
0.3289391696453094,0.2000000178813934,9.0,2,2023,11,13
0.308304876089096,0.0,11.0,2,2023,11,13
0.4665514826774597,0.5,13.0,2,2023,11,13
0.1207922399044036,0.0999999120831489,25.0,2,2023,11,13
0.0,0.0,29.0,2,2023,11,13
0.0,0.0,30.0,2,2023,11,13
0.0,0.0,32.0,2,2023,11,13
0.0,0.0,37.0,2,2023,11,13
0.0,0.0,38.0,2,2023,11,13
0.0,0.0,39.0,2,2023,11,13
0.0,0.0,44.0,2,2023,11,13
1.3234012126922607,0.0,5.0,3,2023,11,13
4.011555194854736,0.0,9.0,3,2023,11,13
2.546868085861206,0.0,11.0,3,2023,11,13
3.458834171295166,0.6999999284744263,13.0,3,2023,11,13
1.6938501596450806,0.5,25.0,3,2023,11,13
1.273280143737793,0.0,29.0,3,2023,11,13
1.2334409952163696,0.0,30.0,3,2023,11,13
1.4839681386947632,0.0,32.0,3,2023,11,13
0.6922920942306519,0.0,37.0,3,2023,11,13
0.613010048866272,0.0,38.0,3,2023,11,13
0.5801527500152588,0.0,39.0,3,2023,11,13
1.4495818614959717,1.999999761581421,44.0,3,2023,11,13
0.0,0.0,5.0,4,2023,11,13
2.587186813354492,0.0,9.0,4,2023,11,13
2.9077281951904297,0.0,11.0,4,2023,11,13
2.98738956451416,0.0,13.0,4,2023,11,13
1.1089701652526855,1.499999761581421,25.0,4,2023,11,13
0.0,0.0,29.0,4,2023,11,13
0.0,0.0,30.0,4,2023,11,13
0.0,0.0,32.0,4,2023,11,13
0.0,0.0,37.0,4,2023,11,13
0.0,0.0,38.0,4,2023,11,13
0.0,0.0,39.0,4,2023,11,13
0.645526647567749,0.9999998807907104,44.0,4,2023,11,13
0.0,0.0,5.0,5,2023,11,13
0.0,0.0,9.0,5,2023,11,13
0.0,0.0,11.0,5,2023,11,13
0.0,0.0,13.0,5,2023,11,13
0.0,0.0,25.0,5,2023,11,13
0.0,0.0,29.0,5,2023,11,13
0.0,0.0,30.0,5,2023,11,13
0.0,0.0,32.0,5,2023,11,13
0.0,0.0,37.0,5,2023,11,13
0.0,0.0,38.0,5,2023,11,13
0.0,0.0,39.0,5,2023,11,13
0.0,0.0,44.0,5,2023,11,13
0.0,0.0,5.0,6,2023,11,13
1.6245059967041016,3.0,9.0,6,2023,11,13
1.071000337600708,0.5999999046325684,11.0,6,2023,11,13
1.5834861993789673,0.6999999284744263,13.0,6,2023,11,13
0.9951127767562866,0.0999999120831489,25.0,6,2023,11,13
0.0,0.0,29.0,6,2023,11,13
0.0,0.0,30.0,6,2023,11,13
0.0,0.0,32.0,6,2023,11,13
0.0,0.0,37.0,6,2023,11,13
0.0,0.0,38.0,6,2023,11,13
0.0,0.0,39.0,6,2023,11,13
0.6127123832702637,0.0,44.0,6,2023,11,13
0.0,0.0,5.0,7,2023,11,13
0.0,0.0,9.0,7,2023,11,13
0.0,0.0,11.0,7,2023,11,13
0.0,0.0,13.0,7,2023,11,13
0.0,0.0,25.0,7,2023,11,13
0.0,0.0,29.0,7,2023,11,13
0.0,0.0,30.0,7,2023,11,13
0.0,0.0,32.0,7,2023,11,13
0.0,0.0,37.0,7,2023,11,13
0.0,0.0,38.0,7,2023,11,13
0.0,0.0,39.0,7,2023,11,13
0.0,0.0,44.0,7,2023,11,13
1.608354568481445,0.0,5.0,1,2023,11,15
4.179248809814453,0.0,9.0,1,2023,11,15
3.030541181564331,0.0,11.0,1,2023,11,15
3.7156269550323486,0.6999999284744263,13.0,1,2023,11,15
1.9041165113449097,0.5,25.0,1,2023,11,15
1.287761688232422,0.0,29.0,1,2023,11,15
1.2550272941589355,0.0,30.0,1,2023,11,15
1.566192865371704,0.0,32.0,1,2023,11,15
0.9617334008216858,0.0,37.0,1,2023,11,15
1.0031853914260864,0.0,38.0,1,2023,11,15
1.2787175178527832,0.0,39.0,1,2023,11,15
2.3935461044311523,1.999999761581421,44.0,1,2023,11,15
0.0,0.0,5.0,2,2023,11,15
0.0,0.0,9.0,2,2023,11,15
4.603246688842773,0.0,11.0,2,2023,11,15
3.225311517715454,0.0,13.0,2,2023,11,15
1.0299203395843506,1.499999761581421,25.0,2,2023,11,15
0.0,0.0,29.0,2,2023,11,15
0.0,0.0,30.0,2,2023,11,15
0.0,0.0,32.0,2,2023,11,15
0.0,0.0,37.0,2,2023,11,15
0.0,0.0,38.0,2,2023,11,15
0.0,0.0,39.0,2,2023,11,15
0.5119930505752563,0.9999998807907104,44.0,2,2023,11,15
0.0,0.0,5.0,3,2023,11,15
0.0,0.0,9.0,3,2023,11,15
0.0,0.0,11.0,3,2023,11,15
0.0,0.0,13.0,3,2023,11,15
0.0,0.0,25.0,3,2023,11,15
0.0,0.0,29.0,3,2023,11,15
0.0,0.0,30.0,3,2023,11,15
0.0,0.0,32.0,3,2023,11,15
0.0,0.0,37.0,3,2023,11,15
0.0,0.0,38.0,3,2023,11,15
0.0,0.0,39.0,3,2023,11,15
0.0,0.0,44.0,3,2023,11,15
0.0,0.0,5.0,4,2023,11,15
0.9831940531730652,3.0,9.0,4,2023,11,15
0.688329815864563,0.5999999046325684,11.0,4,2023,11,15
1.1143770217895508,0.6999999284744263,13.0,4,2023,11,15
0.6298028230667114,0.0999999120831489,25.0,4,2023,11,15
0.0,0.0,29.0,4,2023,11,15
0.0,0.0,30.0,4,2023,11,15
0.0,0.0,32.0,4,2023,11,15
0.0,0.0,37.0,4,2023,11,15
0.0,0.0,38.0,4,2023,11,15
0.0,0.0,39.0,4,2023,11,15
0.0,0.0,44.0,4,2023,11,15
0.0,0.0,5.0,5,2023,11,15
0.0,0.0,9.0,5,2023,11,15
0.0,0.0,11.0,5,2023,11,15
0.0,0.0,13.0,5,2023,11,15
0.0,0.0,25.0,5,2023,11,15
0.0,0.0,29.0,5,2023,11,15
0.0,0.0,30.0,5,2023,11,15
0.0,0.0,32.0,5,2023,11,15
0.0,0.0,37.0,5,2023,11,15
0.0,0.0,38.0,5,2023,11,15
0.0,0.0,39.0,5,2023,11,15
0.0,0.0,44.0,5,2023,11,15
0.0,0.0,5.0,6,2023,11,15
0.0,0.0,9.0,6,2023,11,15
0.0,0.0,11.0,6,2023,11,15
0.0,0.0,13.0,6,2023,11,15
0.0,0.0,25.0,6,2023,11,15
0.0,0.0,29.0,6,2023,11,15
0.0,0.0,30.0,6,2023,11,15
0.0,0.0,32.0,6,2023,11,15
0.0,0.0,37.0,6,2023,11,15
0.0,0.0,38.0,6,2023,11,15
0.0,0.0,39.0,6,2023,11,15
0.0,0.0,44.0,6,2023,11,15
0.0,0.0,5.0,7,2023,11,15
0.0,0.0,9.0,7,2023,11,15
0.0,0.0,11.0,7,2023,11,15
0.0,0.0,13.0,7,2023,11,15
0.0,0.0,25.0,7,2023,11,15
0.0,0.0,29.0,7,2023,11,15
0.0,0.0,30.0,7,2023,11,15
0.0,0.0,32.0,7,2023,11,15
0.0,0.0,37.0,7,2023,11,15
0.0,0.0,38.0,7,2023,11,15
0.0,0.0,39.0,7,2023,11,15
0.0,0.0,44.0,7,2023,11,15
0.0,0.0,5.0,1,2023,11,17
0.0,0.0,9.0,1,2023,11,17
0.0,0.0,11.0,1,2023,11,17
0.0,0.0,13.0,1,2023,11,17
0.5068261623382568,0.0,25.0,1,2023,11,17
0.0,0.0,29.0,1,2023,11,17
0.0,0.0,30.0,1,2023,11,17
0.0,0.0,32.0,1,2023,11,17
0.0,0.0,37.0,1,2023,11,17
0.0,0.0,38.0,1,2023,11,17
0.0,0.0,39.0,1,2023,11,17
0.0,0.0,44.0,1,2023,11,17
0.0,0.0,5.0,2,2023,11,17
1.2823753356933594,3.0,9.0,2,2023,11,17
1.3660176992416382,0.5999999046325684,11.0,2,2023,11,17
1.434996485710144,0.6999999284744263,13.0,2,2023,11,17
0.8939487934112549,0.0999999120831489,25.0,2,2023,11,17
0.0,0.0,29.0,2,2023,11,17
0.0,0.0,30.0,2,2023,11,17
0.0,0.0,32.0,2,2023,11,17
0.0,0.0,37.0,2,2023,11,17
0.0,0.0,38.0,2,2023,11,17
0.0,0.0,39.0,2,2023,11,17
0.4838441610336303,0.0,44.0,2,2023,11,17
0.0,0.0,5.0,3,2023,11,17
0.0,0.0,9.0,3,2023,11,17
0.0,0.0,11.0,3,2023,11,17
0.0,0.0,13.0,3,2023,11,17
0.0,0.0,25.0,3,2023,11,17
0.0,0.0,29.0,3,2023,11,17
0.0,0.0,30.0,3,2023,11,17
0.0,0.0,32.0,3,2023,11,17
0.0,0.0,37.0,3,2023,11,17
0.0,0.0,38.0,3,2023,11,17
0.0,0.0,39.0,3,2023,11,17
0.0,0.0,44.0,3,2023,11,17
0.0,0.0,5.0,4,2023,11,17
0.0,0.0,9.0,4,2023,11,17
0.0,0.0,11.0,4,2023,11,17
0.0,0.0,13.0,4,2023,11,17
0.0,0.0,25.0,4,2023,11,17
0.0,0.0,29.0,4,2023,11,17
0.0,0.0,30.0,4,2023,11,17
0.0,0.0,32.0,4,2023,11,17
0.0,0.0,37.0,4,2023,11,17
0.0,0.0,38.0,4,2023,11,17
0.0,0.0,39.0,4,2023,11,17
0.0,0.0,44.0,4,2023,11,17
0.0,0.0,5.0,5,2023,11,17
0.0,0.0,9.0,5,2023,11,17
0.0,0.0,11.0,5,2023,11,17
0.0,0.0,13.0,5,2023,11,17
0.0,0.0,25.0,5,2023,11,17
0.0,0.0,29.0,5,2023,11,17
0.0,0.0,30.0,5,2023,11,17
0.0,0.0,32.0,5,2023,11,17
0.0,0.0,37.0,5,2023,11,17
0.0,0.0,38.0,5,2023,11,17
0.0,0.0,39.0,5,2023,11,17
0.0,0.0,44.0,5,2023,11,17
0.0,0.0,5.0,6,2023,11,17
0.0,0.0,9.0,6,2023,11,17
0.0,0.0,11.0,6,2023,11,17
0.0,0.0,13.0,6,2023,11,17
0.8338597416877747,0.0,25.0,6,2023,11,17
0.0,0.0,29.0,6,2023,11,17
0.0,0.0,30.0,6,2023,11,17
0.0,0.0,32.0,6,2023,11,17
0.0,0.0,37.0,6,2023,11,17
0.0,0.0,38.0,6,2023,11,17
0.0,0.0,39.0,6,2023,11,17
0.0,0.0,44.0,6,2023,11,17
0.0,0.0,5.0,7,2023,11,17
0.0,0.0,9.0,7,2023,11,17
0.0,0.0,11.0,7,2023,11,17
0.0,0.0,13.0,7,2023,11,17
0.0,0.0,25.0,7,2023,11,17
0.0,0.0,29.0,7,2023,11,17
0.0,0.0,30.0,7,2023,11,17
0.0,0.0,32.0,7,2023,11,17
0.0,0.0,37.0,7,2023,11,17
0.0,0.0,38.0,7,2023,11,17
0.0,0.0,39.0,7,2023,11,17
0.0,0.0,44.0,7,2023,11,17
0.0,0.0,5.0,1,2023,11,19
0.0,0.0,9.0,1,2023,11,19
0.0,0.0,11.0,1,2023,11,19
0.0,0.0,13.0,1,2023,11,19
0.0,0.0,25.0,1,2023,11,19
0.0,0.0,29.0,1,2023,11,19
0.0,0.0,30.0,1,2023,11,19
0.0,0.0,32.0,1,2023,11,19
0.0,0.0,37.0,1,2023,11,19
0.0,0.0,38.0,1,2023,11,19
0.0,0.0,39.0,1,2023,11,19
0.0,0.0,44.0,1,2023,11,19
0.0,0.0,5.0,2,2023,11,19
0.0,0.0,9.0,2,2023,11,19
0.0,0.0,11.0,2,2023,11,19
0.0,0.0,13.0,2,2023,11,19
0.0,0.0,25.0,2,2023,11,19
0.0,0.0,29.0,2,2023,11,19
0.0,0.0,30.0,2,2023,11,19
0.0,0.0,32.0,2,2023,11,19
0.0,0.0,37.0,2,2023,11,19
0.0,0.0,38.0,2,2023,11,19
0.0,0.0,39.0,2,2023,11,19
0.0,0.0,44.0,2,2023,11,19
0.0,0.0,5.0,3,2023,11,19
0.0,0.0,9.0,3,2023,11,19
0.0,0.0,11.0,3,2023,11,19
0.0,0.0,13.0,3,2023,11,19
0.0,0.0,25.0,3,2023,11,19
0.0,0.0,29.0,3,2023,11,19
0.0,0.0,30.0,3,2023,11,19
0.0,0.0,32.0,3,2023,11,19
0.0,0.0,37.0,3,2023,11,19
0.0,0.0,38.0,3,2023,11,19
0.0,0.0,39.0,3,2023,11,19
0.0,0.0,44.0,3,2023,11,19
0.0,0.0,5.0,4,2023,11,19
0.0,0.0,9.0,4,2023,11,19
0.0,0.0,11.0,4,2023,11,19
0.0,0.0,13.0,4,2023,11,19
0.0,0.0,25.0,4,2023,11,19
0.0,0.0,29.0,4,2023,11,19
0.0,0.0,30.0,4,2023,11,19
0.0,0.0,32.0,4,2023,11,19
0.0,0.0,37.0,4,2023,11,19
0.0,0.0,38.0,4,2023,11,19
0.0,0.0,39.0,4,2023,11,19
0.4009435772895813,0.0,44.0,4,2023,11,19
0.0,0.0,5.0,5,2023,11,19
0.0,0.0,9.0,5,2023,11,19
0.0,0.0,11.0,5,2023,11,19
0.0,0.0,13.0,5,2023,11,19
0.5089543461799622,0.0,25.0,5,2023,11,19
0.0,0.0,29.0,5,2023,11,19
0.0,0.0,30.0,5,2023,11,19
0.0,0.0,32.0,5,2023,11,19
0.0,0.0,37.0,5,2023,11,19
0.0,0.0,38.0,5,2023,11,19
0.0,0.0,39.0,5,2023,11,19
0.5821800231933594,0.0,44.0,5,2023,11,19
0.0,0.0,5.0,6,2023,11,19
0.0,0.0,9.0,6,2023,11,19
0.0,0.0,11.0,6,2023,11,19
0.0,0.0,13.0,6,2023,11,19
0.1824074536561966,0.0,25.0,6,2023,11,19
0.0,0.0,29.0,6,2023,11,19
0.0,0.0,30.0,6,2023,11,19
0.0,0.0,32.0,6,2023,11,19
0.0,0.0,37.0,6,2023,11,19
0.0,0.0,38.0,6,2023,11,19
0.0,0.0,39.0,6,2023,11,19
0.2092338502407074,0.0,44.0,6,2023,11,19
0.0,0.0,5.0,7,2023,11,19
1.1380506753921509,0.0,9.0,7,2023,11,19
0.0,0.0,11.0,7,2023,11,19
1.1276971101760864,0.0,13.0,7,2023,11,19
0.6184719204902649,0.0,25.0,7,2023,11,19
0.0,0.0,29.0,7,2023,11,19
0.0,0.0,30.0,7,2023,11,19
0.0,0.0,32.0,7,2023,11,19
0.0,0.0,37.0,7,2023,11,19
0.0,0.0,38.0,7,2023,11,19
0.0,0.0,39.0,7,2023,11,19
0.4468041062355041,0.0,44.0,7,2023,11,19
0.0,0.0,5.0,1,2023,11,21
0.0,0.0,9.0,1,2023,11,21
0.0,0.0,11.0,1,2023,11,21
0.0,0.0,13.0,1,2023,11,21
0.0,0.0,25.0,1,2023,11,21
0.0,0.0,29.0,1,2023,11,21
0.0,0.0,30.0,1,2023,11,21
0.0,0.0,32.0,1,2023,11,21
0.0,0.0,37.0,1,2023,11,21
0.0,0.0,38.0,1,2023,11,21
0.0,0.0,39.0,1,2023,11,21
0.0,0.0,44.0,1,2023,11,21
0.0,0.0,5.0,2,2023,11,21
0.0,0.0,9.0,2,2023,11,21
0.0,0.0,11.0,2,2023,11,21
0.0,0.0,13.0,2,2023,11,21
0.0,0.0,25.0,2,2023,11,21
0.0,0.0,29.0,2,2023,11,21
0.0,0.0,30.0,2,2023,11,21
0.0,0.0,32.0,2,2023,11,21
0.0,0.0,37.0,2,2023,11,21
0.0,0.0,38.0,2,2023,11,21
0.0,0.0,39.0,2,2023,11,21
0.0,0.0,44.0,2,2023,11,21
0.0,0.0,5.0,3,2023,11,21
0.0,0.0,9.0,3,2023,11,21
0.0,0.0,11.0,3,2023,11,21
0.0,0.0,13.0,3,2023,11,21
0.2452059984207153,0.0,25.0,3,2023,11,21
0.0,0.0,29.0,3,2023,11,21
0.0,0.0,30.0,3,2023,11,21
0.0,0.0,32.0,3,2023,11,21
0.0,0.0,37.0,3,2023,11,21
0.0,0.0,38.0,3,2023,11,21
0.0,0.0,39.0,3,2023,11,21
0.3798145055770874,0.0,44.0,3,2023,11,21
0.0,0.0,5.0,4,2023,11,21
0.0,0.0,9.0,4,2023,11,21
0.0,0.0,11.0,4,2023,11,21
0.6726295351982117,0.0,13.0,4,2023,11,21
0.3336308002471924,0.0,25.0,4,2023,11,21
0.0,0.0,29.0,4,2023,11,21
0.3848741948604584,0.0,30.0,4,2023,11,21
0.0,0.0,32.0,4,2023,11,21
0.0,0.0,37.0,4,2023,11,21
0.0,0.0,38.0,4,2023,11,21
0.0,0.0,39.0,4,2023,11,21
0.6779522895812988,0.0,44.0,4,2023,11,21
0.0,0.0,5.0,5,2023,11,21
0.0,0.0,9.0,5,2023,11,21
0.0,0.0,11.0,5,2023,11,21
0.0,0.0,13.0,5,2023,11,21
0.5324429869651794,0.0,25.0,5,2023,11,21
0.0,0.0,29.0,5,2023,11,21
0.0,0.0,30.0,5,2023,11,21
0.0,0.0,32.0,5,2023,11,21
0.0,0.0,37.0,5,2023,11,21
0.0,0.0,38.0,5,2023,11,21
0.0,0.0,39.0,5,2023,11,21
0.1999212503433227,0.0,44.0,5,2023,11,21
0.0,0.0,5.0,6,2023,11,21
0.0,0.0,9.0,6,2023,11,21
0.0,0.0,11.0,6,2023,11,21
0.0,0.0,13.0,6,2023,11,21
0.4691474139690399,0.0,25.0,6,2023,11,21
0.0,0.0,29.0,6,2023,11,21
0.488728404045105,0.0,30.0,6,2023,11,21
0.0,0.0,32.0,6,2023,11,21
0.0,0.0,37.0,6,2023,11,21
0.0,0.0,38.0,6,2023,11,21
0.0,0.0,39.0,6,2023,11,21
3.500605344772339,0.0,44.0,6,2023,11,21
0.0,0.0,5.0,7,2023,11,21
0.0,0.0,9.0,7,2023,11,21
0.0,0.0,11.0,7,2023,11,21
0.0,0.0,13.0,7,2023,11,21
0.0,0.0,25.0,7,2023,11,21
0.0,0.0,29.0,7,2023,11,21
0.0,0.0,30.0,7,2023,11,21
0.0,0.0,32.0,7,2023,11,21
0.0,0.0,37.0,7,2023,11,21
0.0,0.0,38.0,7,2023,11,21
0.0,0.0,39.0,7,2023,11,21
0.951947033405304,0.0,44.0,7,2023,11,21
0.0,0.0,5.0,1,2023,11,23
0.0,0.0,9.0,1,2023,11,23
0.0,0.0,11.0,1,2023,11,23
0.0,0.0,13.0,1,2023,11,23
0.1865147948265075,0.0,25.0,1,2023,11,23
0.0,0.0,29.0,1,2023,11,23
0.0,0.0,30.0,1,2023,11,23
0.0,0.0,32.0,1,2023,11,23
0.0,0.0,37.0,1,2023,11,23
0.0,0.0,38.0,1,2023,11,23
0.0,0.0,39.0,1,2023,11,23
0.3413309454917907,0.0,44.0,1,2023,11,23
0.0,0.0,5.0,2,2023,11,23
0.0,0.0,9.0,2,2023,11,23
0.0,0.0,11.0,2,2023,11,23
0.0,0.0,13.0,2,2023,11,23
0.2787822484970093,0.0,25.0,2,2023,11,23
0.0,0.0,29.0,2,2023,11,23
0.0,0.0,30.0,2,2023,11,23
0.0,0.0,32.0,2,2023,11,23
0.0,0.0,37.0,2,2023,11,23
0.0,0.0,38.0,2,2023,11,23
0.0,0.0,39.0,2,2023,11,23
0.548374593257904,0.0,44.0,2,2023,11,23
0.0,0.0,5.0,3,2023,11,23
0.0,0.0,9.0,3,2023,11,23
0.0,0.0,11.0,3,2023,11,23
0.6280490159988403,0.0,13.0,3,2023,11,23
0.2218333482742309,0.0,25.0,3,2023,11,23
0.0,0.0,29.0,3,2023,11,23
0.0,0.0,30.0,3,2023,11,23
0.0,0.0,32.0,3,2023,11,23
0.0,0.0,37.0,3,2023,11,23
0.0,0.0,38.0,3,2023,11,23
0.0,0.0,39.0,3,2023,11,23
0.129881352186203,0.0,44.0,3,2023,11,23
0.0,0.0,5.0,4,2023,11,23
0.0,0.0,9.0,4,2023,11,23
0.0,0.0,11.0,4,2023,11,23
0.0,0.0,13.0,4,2023,11,23
0.1779472231864929,0.0,25.0,4,2023,11,23
0.0,0.0,29.0,4,2023,11,23
0.0,0.0,30.0,4,2023,11,23
0.0,0.0,32.0,4,2023,11,23
0.0,0.0,37.0,4,2023,11,23
0.0,0.0,38.0,4,2023,11,23
0.0,0.0,39.0,4,2023,11,23
0.8151559233665466,0.0,44.0,4,2023,11,23
0.0,0.0,5.0,5,2023,11,23
0.0,0.0,9.0,5,2023,11,23
0.0,0.0,11.0,5,2023,11,23
0.0,0.0,13.0,5,2023,11,23
0.0,0.0,25.0,5,2023,11,23
0.0,0.0,29.0,5,2023,11,23
0.0,0.0,30.0,5,2023,11,23
0.0,0.0,32.0,5,2023,11,23
0.0,0.0,37.0,5,2023,11,23
0.0,0.0,38.0,5,2023,11,23
0.0,0.0,39.0,5,2023,11,23
0.0,0.0,44.0,5,2023,11,23
0.0,0.0,5.0,6,2023,11,23
0.0,0.0,9.0,6,2023,11,23
0.0,0.0,11.0,6,2023,11,23
0.0,0.0,13.0,6,2023,11,23
0.0,0.0,25.0,6,2023,11,23
0.0,0.0,29.0,6,2023,11,23
0.0,0.0,30.0,6,2023,11,23
0.0,0.0,32.0,6,2023,11,23
0.0,0.0,37.0,6,2023,11,23
0.0,0.0,38.0,6,2023,11,23
0.0,0.0,39.0,6,2023,11,23
0.0,0.0,44.0,6,2023,11,23
0.0,0.0,5.0,7,2023,11,23
0.0,0.0,9.0,7,2023,11,23
0.0,0.0,11.0,7,2023,11,23
0.0,0.0,13.0,7,2023,11,23
0.6331231594085693,0.0,25.0,7,2023,11,23
0.0,0.0,29.0,7,2023,11,23
0.0,0.0,30.0,7,2023,11,23
0.0,0.0,32.0,7,2023,11,23
0.0,0.0,37.0,7,2023,11,23
0.0,0.0,38.0,7,2023,11,23
0.0,0.0,39.0,7,2023,11,23
0.7901122570037842,0.0,44.0,7,2023,11,23
0.0,0.0,5.0,1,2023,11,25
0.0,0.0,9.0,1,2023,11,25
0.0,0.0,11.0,1,2023,11,25
0.0,0.0,13.0,1,2023,11,25
0.2421092391014099,0.0,25.0,1,2023,11,25
0.0,0.0,29.0,1,2023,11,25
0.0,0.0,30.0,1,2023,11,25
0.0,0.0,32.0,1,2023,11,25
0.0,0.0,37.0,1,2023,11,25
0.0,0.0,38.0,1,2023,11,25
0.0,0.0,39.0,1,2023,11,25
0.2945511937141418,0.0,44.0,1,2023,11,25
0.0,0.0,5.0,2,2023,11,25
0.0,0.0,9.0,2,2023,11,25
0.0,0.0,11.0,2,2023,11,25
0.0,0.0,13.0,2,2023,11,25
0.1410355567932129,0.0,25.0,2,2023,11,25
0.0,0.0,29.0,2,2023,11,25
0.0,0.0,30.0,2,2023,11,25
0.0,0.0,32.0,2,2023,11,25
0.0,0.0,37.0,2,2023,11,25
0.0,0.0,38.0,2,2023,11,25
0.0,0.0,39.0,2,2023,11,25
0.6300739049911499,0.0,44.0,2,2023,11,25
0.0,0.0,5.0,3,2023,11,25
0.0,0.0,9.0,3,2023,11,25
0.0,0.0,11.0,3,2023,11,25
0.0,0.0,13.0,3,2023,11,25
0.0,0.0,25.0,3,2023,11,25
0.0,0.0,29.0,3,2023,11,25
0.0,0.0,30.0,3,2023,11,25
0.0,0.0,32.0,3,2023,11,25
0.0,0.0,37.0,3,2023,11,25
0.0,0.0,38.0,3,2023,11,25
0.0,0.0,39.0,3,2023,11,25
0.0,0.0,44.0,3,2023,11,25
0.0,0.0,5.0,4,2023,11,25
0.0,0.0,9.0,4,2023,11,25
0.0,0.0,11.0,4,2023,11,25
0.0,0.0,13.0,4,2023,11,25
0.3860828280448913,0.0,25.0,4,2023,11,25
0.0,0.0,29.0,4,2023,11,25
0.0,0.0,30.0,4,2023,11,25
0.0,0.0,32.0,4,2023,11,25
0.0,0.0,37.0,4,2023,11,25
0.0,0.0,38.0,4,2023,11,25
0.0,0.0,39.0,4,2023,11,25
0.5238496661186218,0.0,44.0,4,2023,11,25
0.0,0.0,5.0,5,2023,11,25
0.0,0.0,9.0,5,2023,11,25
0.0,0.0,11.0,5,2023,11,25
0.0,0.0,13.0,5,2023,11,25
0.6703989505767822,0.0,25.0,5,2023,11,25
0.0,0.0,29.0,5,2023,11,25
0.0,0.0,30.0,5,2023,11,25
0.0,0.0,32.0,5,2023,11,25
0.0,0.0,37.0,5,2023,11,25
0.0,0.0,38.0,5,2023,11,25
0.0,0.0,39.0,5,2023,11,25
1.5876551866531372,0.0,44.0,5,2023,11,25
0.0,0.0,5.0,6,2023,11,25
0.0,0.0,9.0,6,2023,11,25
0.0,0.0,11.0,6,2023,11,25
0.6207512021064758,0.0,13.0,6,2023,11,25
0.4303453862667084,0.0,25.0,6,2023,11,25
0.0,0.0,29.0,6,2023,11,25
0.6039783358573914,0.0,30.0,6,2023,11,25
1.5208969116210938,0.3000000715255737,32.0,6,2023,11,25
0.8722994923591614,0.0,37.0,6,2023,11,25
0.0,0.0999999120831489,38.0,6,2023,11,25
1.0182466506958008,0.0,39.0,6,2023,11,25
2.3885738849639893,0.9999998807907104,44.0,6,2023,11,25
0.0,0.0,5.0,7,2023,11,25
1.0308009386062622,0.5,9.0,7,2023,11,25
0.0,0.0,11.0,7,2023,11,25
0.9873162508010864,0.5,13.0,7,2023,11,25
0.4352014660835266,3.1000001430511475,25.0,7,2023,11,25
0.0,0.0,29.0,7,2023,11,25
0.0,0.0,30.0,7,2023,11,25
0.0,0.0,32.0,7,2023,11,25
0.0,0.0,37.0,7,2023,11,25
0.0,0.0,38.0,7,2023,11,25
0.0,0.0,39.0,7,2023,11,25
0.0491810739040374,1.3999998569488523,44.0,7,2023,11,25
0.0,0.0,5.0,1,2023,11,27
0.0,0.0,9.0,1,2023,11,27
0.0,0.0,11.0,1,2023,11,27
0.0,0.0,13.0,1,2023,11,27
0.0,0.0,25.0,1,2023,11,27
0.0,0.0,29.0,1,2023,11,27
0.0,0.0,30.0,1,2023,11,27
0.0,0.0,32.0,1,2023,11,27
0.0,0.0,37.0,1,2023,11,27
0.0,0.0,38.0,1,2023,11,27
0.0,0.0,39.0,1,2023,11,27
0.0,0.0,44.0,1,2023,11,27
0.0,0.0,5.0,2,2023,11,27
0.0,0.0,9.0,2,2023,11,27
0.0,0.0,11.0,2,2023,11,27
0.0,0.0,13.0,2,2023,11,27
0.0,0.0,25.0,2,2023,11,27
0.0,0.0,29.0,2,2023,11,27
0.0,0.0,30.0,2,2023,11,27
0.0,0.0,32.0,2,2023,11,27
0.0,0.0,37.0,2,2023,11,27
0.0,0.0,38.0,2,2023,11,27
0.0,0.0,39.0,2,2023,11,27
0.0,0.0,44.0,2,2023,11,27
0.0,0.0,5.0,3,2023,11,27
0.0,0.0,9.0,3,2023,11,27
0.0,0.0,11.0,3,2023,11,27
0.0,0.0,13.0,3,2023,11,27
0.0,0.0,25.0,3,2023,11,27
0.0,0.0,29.0,3,2023,11,27
0.0,0.0,30.0,3,2023,11,27
0.0,0.0,32.0,3,2023,11,27
0.0,0.0,37.0,3,2023,11,27
0.0,0.0,38.0,3,2023,11,27
0.0,0.0,39.0,3,2023,11,27
0.5110708475112915,0.0,44.0,3,2023,11,27
0.0,0.0,5.0,4,2023,11,27
0.0,0.0,9.0,4,2023,11,27
0.0,0.0,11.0,4,2023,11,27
0.0,0.0,13.0,4,2023,11,27
0.2427055686712265,0.0,25.0,4,2023,11,27
0.0,0.0,29.0,4,2023,11,27
0.3891169726848602,0.0,30.0,4,2023,11,27
0.9841259121894836,0.3000000715255737,32.0,4,2023,11,27
0.0,0.0,37.0,4,2023,11,27
0.0,0.0999999120831489,38.0,4,2023,11,27
0.6876301765441895,0.0,39.0,4,2023,11,27
1.5480844974517822,0.9999998807907104,44.0,4,2023,11,27
0.0,0.0,5.0,5,2023,11,27
0.0,0.5,9.0,5,2023,11,27
0.0,0.0,11.0,5,2023,11,27
0.4139493107795715,0.5,13.0,5,2023,11,27
0.1285630166530609,3.1000001430511475,25.0,5,2023,11,27
0.0,0.0,29.0,5,2023,11,27
0.0020577632822096,0.0,30.0,5,2023,11,27
0.0,0.0,32.0,5,2023,11,27
0.0,0.0,37.0,5,2023,11,27
0.0,0.0,38.0,5,2023,11,27
0.0,0.0,39.0,5,2023,11,27
0.2540281414985657,1.3999998569488523,44.0,5,2023,11,27
0.0,0.0,5.0,6,2023,11,27
0.0,0.0,9.0,6,2023,11,27
0.0,0.0,11.0,6,2023,11,27
0.5296696424484253,0.0,13.0,6,2023,11,27
0.0794078633189201,0.0,25.0,6,2023,11,27
0.0,0.0,29.0,6,2023,11,27
0.0,0.0,30.0,6,2023,11,27
0.0,0.0,32.0,6,2023,11,27
0.0,0.0,37.0,6,2023,11,27
0.0,0.0,38.0,6,2023,11,27
0.0,0.0,39.0,6,2023,11,27
0.0,0.3000000715255737,44.0,6,2023,11,27
0.0,0.0,5.0,7,2023,11,27
1.2406878471374512,3.0,9.0,7,2023,11,27
0.0,0.800000011920929,11.0,7,2023,11,27
1.2896251678466797,9.0,13.0,7,2023,11,27
0.7745071053504944,0.0,25.0,7,2023,11,27
0.0,0.0,29.0,7,2023,11,27
0.5325117707252502,0.0,30.0,7,2023,11,27
0.0,0.0,32.0,7,2023,11,27
0.0,0.0,37.0,7,2023,11,27
0.0,0.0,38.0,7,2023,11,27
0.0,0.0,39.0,7,2023,11,27
0.5856547355651855,0.0,44.0,7,2023,11,27
0.0,0.0,5.0,1,2023,11,29
0.0,0.0,9.0,1,2023,11,29
0.0,0.0,11.0,1,2023,11,29
0.0,0.0,13.0,1,2023,11,29
0.0,0.0,25.0,1,2023,11,29
0.0,0.0,29.0,1,2023,11,29
0.0,0.0,30.0,1,2023,11,29
0.0,0.0,32.0,1,2023,11,29
0.0,0.0,37.0,1,2023,11,29
0.0,0.0,38.0,1,2023,11,29
0.0,0.0,39.0,1,2023,11,29
0.4861089885234833,0.0,44.0,1,2023,11,29
1.0479977130889893,0.0,5.0,2,2023,11,29
1.2756527662277222,0.0,9.0,2,2023,11,29
1.3458980321884155,0.0,11.0,2,2023,11,29
1.5412412881851196,0.0,13.0,2,2023,11,29
1.3482065200805664,0.0,25.0,2,2023,11,29
1.1532094478607178,0.0,29.0,2,2023,11,29
2.06022310256958,0.0,30.0,2,2023,11,29
4.767516613006592,0.3000000715255737,32.0,2,2023,11,29
2.914071559906006,0.0,37.0,2,2023,11,29
1.5548899173736572,0.0999999120831489,38.0,2,2023,11,29
3.5316736698150635,0.0,39.0,2,2023,11,29
6.63092565536499,0.9999998807907104,44.0,2,2023,11,29
0.0,0.0,5.0,3,2023,11,29
0.5539659857749939,0.5,9.0,3,2023,11,29
0.0,0.0,11.0,3,2023,11,29
0.5343515872955322,0.5,13.0,3,2023,11,29
0.18453449010849,3.1000001430511475,25.0,3,2023,11,29
0.0,0.0,29.0,3,2023,11,29
0.0686463266611099,0.0,30.0,3,2023,11,29
0.0,0.0,32.0,3,2023,11,29
0.0,0.0,37.0,3,2023,11,29
0.0,0.0,38.0,3,2023,11,29
0.0,0.0,39.0,3,2023,11,29
0.543222188949585,1.3999998569488523,44.0,3,2023,11,29
0.0,0.0,5.0,4,2023,11,29
0.8163405656814575,0.0,9.0,4,2023,11,29
0.4208717048168182,0.0,11.0,4,2023,11,29
0.9102604985237122,0.0,13.0,4,2023,11,29
0.2775326371192932,0.0,25.0,4,2023,11,29
0.0,0.0,29.0,4,2023,11,29
0.0,0.0,30.0,4,2023,11,29
0.0,0.0,32.0,4,2023,11,29
0.0,0.0,37.0,4,2023,11,29
0.0,0.0,38.0,4,2023,11,29
0.0,0.0,39.0,4,2023,11,29
0.0845497995615005,0.3000000715255737,44.0,4,2023,11,29
0.4980223178863525,0.0,5.0,5,2023,11,29
1.2139763832092283,3.0,9.0,5,2023,11,29
0.7849637269973755,0.800000011920929,11.0,5,2023,11,29
1.288834810256958,9.0,13.0,5,2023,11,29
0.661226212978363,0.0,25.0,5,2023,11,29
0.0,0.0,29.0,5,2023,11,29
0.3485795557498932,0.0,30.0,5,2023,11,29
0.0,0.0,32.0,5,2023,11,29
0.0,0.0,37.0,5,2023,11,29
0.0,0.0,38.0,5,2023,11,29
0.0,0.0,39.0,5,2023,11,29
0.0601421296596527,0.0,44.0,5,2023,11,29
0.8298144340515137,0.0,5.0,6,2023,11,29
2.0028076171875,0.0,9.0,6,2023,11,29
0.0,0.0,11.0,6,2023,11,29
1.754854679107666,0.0,13.0,6,2023,11,29
1.2222446203231812,0.0,25.0,6,2023,11,29
0.0,0.0,29.0,6,2023,11,29
0.7336927652359009,0.0,30.0,6,2023,11,29
0.7262804508209229,0.0,32.0,6,2023,11,29
0.0,0.0,37.0,6,2023,11,29
0.0,0.0,38.0,6,2023,11,29
0.5158874988555908,0.0,39.0,6,2023,11,29
0.9801514148712158,0.4000000953674316,44.0,6,2023,11,29
0.7765319347381592,4.0,5.0,7,2023,11,29
1.9915497303009035,3.0,9.0,7,2023,11,29
1.0081331729888916,5.0,11.0,7,2023,11,29
1.8916704654693604,5.999999523162842,13.0,7,2023,11,29
1.1365140676498413,4.3000006675720215,25.0,7,2023,11,29
0.5802111029624939,24.000001907348636,29.0,7,2023,11,29
0.4177245497703552,2.6000001430511475,30.0,7,2023,11,29
0.6689409613609314,0.5,32.0,7,2023,11,29
0.4740417003631592,0.2000000178813934,37.0,7,2023,11,29
0.1986092627048492,6.700000762939453,38.0,7,2023,11,29
0.445286363363266,0.0999999120831489,39.0,7,2023,11,29
0.7665024995803833,0.5,44.0,7,2023,11,29
0.0,0.0,5.0,1,2023,12,1
0.995046317577362,0.5,9.0,1,2023,12,1
0.6821902990341187,0.0,11.0,1,2023,12,1
1.0242732763290403,0.5,13.0,1,2023,12,1
0.5887925624847412,3.1000001430511475,25.0,1,2023,12,1
0.0,0.0,29.0,1,2023,12,1
0.9760569334030152,0.0,30.0,1,2023,12,1
0.0,0.0,32.0,1,2023,12,1
0.0,0.0,37.0,1,2023,12,1
0.0,0.0,38.0,1,2023,12,1
0.0,0.0,39.0,1,2023,12,1
1.818489909172058,1.3999998569488523,44.0,1,2023,12,1
1.5282855033874512,0.0,5.0,2,2023,12,1
2.567720890045166,0.0,9.0,2,2023,12,1
3.0990593433380127,0.0,11.0,2,2023,12,1
3.1133718490600586,0.0,13.0,2,2023,12,1
1.4246418476104736,0.0,25.0,2,2023,12,1
1.7956995964050293,0.0,29.0,2,2023,12,1
0.7880369424819946,0.0,30.0,2,2023,12,1
0.0,0.0,32.0,2,2023,12,1
0.0,0.0,37.0,2,2023,12,1
0.0,0.0,38.0,2,2023,12,1
0.0,0.0,39.0,2,2023,12,1
0.6626619100570679,0.3000000715255737,44.0,2,2023,12,1
1.6396369934082031,0.0,5.0,3,2023,12,1
3.934680700302124,3.0,9.0,3,2023,12,1
3.512358427047729,0.800000011920929,11.0,3,2023,12,1
4.00480318069458,9.0,13.0,3,2023,12,1
1.5166447162628174,0.0,25.0,3,2023,12,1
1.5685839653015137,0.0,29.0,3,2023,12,1
0.5594506859779358,0.0,30.0,3,2023,12,1
0.5917800068855286,0.0,32.0,3,2023,12,1
0.2162755280733108,0.0,37.0,3,2023,12,1
0.1610185354948043,0.0,38.0,3,2023,12,1
0.0,0.0,39.0,3,2023,12,1
0.2032156586647033,0.0,44.0,3,2023,12,1
0.9364264011383056,0.0,5.0,4,2023,12,1
2.246886968612671,0.0,9.0,4,2023,12,1
1.4484467506408691,0.0,11.0,4,2023,12,1
2.271124124526977,0.0,13.0,4,2023,12,1
1.3839749097824097,0.0,25.0,4,2023,12,1
0.8670673966407776,0.0,29.0,4,2023,12,1
0.8739603757858276,0.0,30.0,4,2023,12,1
0.7335346937179565,0.0,32.0,4,2023,12,1
0.4833641946315765,0.0,37.0,4,2023,12,1
0.636378824710846,0.0,38.0,4,2023,12,1
0.3703838586807251,0.0,39.0,4,2023,12,1
0.6444737911224365,0.4000000953674316,44.0,4,2023,12,1
0.8446366786956787,4.0,5.0,5,2023,12,1
1.458383321762085,3.0,9.0,5,2023,12,1
0.8532688617706299,5.0,11.0,5,2023,12,1
1.4090718030929563,5.999999523162842,13.0,5,2023,12,1
1.0608879327774048,4.3000006675720215,25.0,5,2023,12,1
0.5632681846618652,24.000001907348636,29.0,5,2023,12,1
0.748217761516571,2.6000001430511475,30.0,5,2023,12,1
0.3146120905876159,0.5,32.0,5,2023,12,1
0.4402515888214111,0.2000000178813934,37.0,5,2023,12,1
0.0,6.700000762939453,38.0,5,2023,12,1
0.3032936751842499,0.0999999120831489,39.0,5,2023,12,1
0.2852017879486084,0.5,44.0,5,2023,12,1
3.9487714767456055,0.0,5.0,6,2023,12,1
8.426393508911133,0.0,9.0,6,2023,12,1
6.566779136657715,0.0,11.0,6,2023,12,1
8.496068000793457,0.8999999761581421,13.0,6,2023,12,1
4.21529483795166,0.0,25.0,6,2023,12,1
3.487143516540528,0.0,29.0,6,2023,12,1
2.668609857559204,0.0,30.0,6,2023,12,1
3.5352675914764404,0.0,32.0,6,2023,12,1
2.2901628017425537,0.3000000715255737,37.0,6,2023,12,1
2.171303987503052,0.0,38.0,6,2023,12,1
2.3113656044006348,0.0,39.0,6,2023,12,1
3.6393017768859854,0.5,44.0,6,2023,12,1
1.7031012773513794,0.0,5.0,7,2023,12,1
3.3484840393066406,0.0,9.0,7,2023,12,1
2.560152053833008,0.0,11.0,7,2023,12,1
3.561901092529297,0.0,13.0,7,2023,12,1
1.92238187789917,0.0,25.0,7,2023,12,1
1.946297287940979,0.0,29.0,7,2023,12,1
1.2753589153289795,0.0,30.0,7,2023,12,1
1.293873906135559,0.0,32.0,7,2023,12,1
1.0008975267410278,0.0,37.0,7,2023,12,1
1.1670174598693848,0.0,38.0,7,2023,12,1
0.9194448590278624,0.0,39.0,7,2023,12,1
0.6959688067436218,0.0,44.0,7,2023,12,1
2.3249082565307617,0.0,5.0,1,2023,12,3
5.264291763305664,3.0,9.0,1,2023,12,3
6.5247979164123535,0.800000011920929,11.0,1,2023,12,3
5.449017524719238,9.0,13.0,1,2023,12,3
1.912585020065308,0.0,25.0,1,2023,12,3
2.431811809539795,0.0,29.0,1,2023,12,3
1.0846326351165771,0.0,30.0,1,2023,12,3
0.6158111095428467,0.0,32.0,1,2023,12,3
0.5305995345115662,0.0,37.0,1,2023,12,3
0.650639533996582,0.0,38.0,1,2023,12,3
0.3374761343002319,0.0,39.0,1,2023,12,3
0.5135594606399536,0.0,44.0,1,2023,12,3
0.7491243481636047,0.0,5.0,2,2023,12,3
1.1395759582519531,0.0,9.0,2,2023,12,3
0.7946702241897583,0.0,11.0,2,2023,12,3
1.1537580490112305,0.0,13.0,2,2023,12,3
0.9496446251869202,0.0,25.0,2,2023,12,3
0.6811106204986572,0.0,29.0,2,2023,12,3
0.6850599050521851,0.0,30.0,2,2023,12,3
0.551539421081543,0.0,32.0,2,2023,12,3
0.4340538680553436,0.0,37.0,2,2023,12,3
0.0,0.0,38.0,2,2023,12,3
0.0,0.0,39.0,2,2023,12,3
0.3846739828586578,0.4000000953674316,44.0,2,2023,12,3
0.6943321228027344,4.0,5.0,3,2023,12,3
1.1868412494659424,3.0,9.0,3,2023,12,3
0.6490313410758972,5.0,11.0,3,2023,12,3
1.119642734527588,5.999999523162842,13.0,3,2023,12,3
0.8777727484703064,4.3000006675720215,25.0,3,2023,12,3
0.0,24.000001907348636,29.0,3,2023,12,3
0.4424096643924713,2.6000001430511475,30.0,3,2023,12,3
0.5497749447822571,0.5,32.0,3,2023,12,3
0.0,0.2000000178813934,37.0,3,2023,12,3
0.0,6.700000762939453,38.0,3,2023,12,3
0.0,0.0999999120831489,39.0,3,2023,12,3
0.4466449022293091,0.5,44.0,3,2023,12,3
3.203758001327514,0.0,5.0,4,2023,12,3
6.808584690093994,0.0,9.0,4,2023,12,3
5.934597969055176,0.0,11.0,4,2023,12,3
7.192739486694336,0.8999999761581421,13.0,4,2023,12,3
3.5494933128356934,0.0,25.0,4,2023,12,3
3.6795482635498047,0.0,29.0,4,2023,12,3
2.2936670780181885,0.0,30.0,4,2023,12,3
3.2638394832611084,0.0,32.0,4,2023,12,3
2.00467586517334,0.3000000715255737,37.0,4,2023,12,3
2.389535427093506,0.0,38.0,4,2023,12,3
2.4929680824279785,0.0,39.0,4,2023,12,3
4.35263729095459,0.5,44.0,4,2023,12,3
0.9879051446914672,0.0,5.0,5,2023,12,3
1.5787123441696167,0.0,9.0,5,2023,12,3
1.367457628250122,0.0,11.0,5,2023,12,3
1.780604124069214,0.0,13.0,5,2023,12,3
1.2218204736709597,0.0,25.0,5,2023,12,3
0.8308283686637878,0.0,29.0,5,2023,12,3
1.097416877746582,0.0,30.0,5,2023,12,3
0.0,0.0,32.0,5,2023,12,3
0.0,0.0,37.0,5,2023,12,3
0.0,0.0,38.0,5,2023,12,3
0.0,0.0,39.0,5,2023,12,3
0.3532367646694183,0.0,44.0,5,2023,12,3
2.1733322143554688,0.8999999761581421,5.0,6,2023,12,3
4.257269859313965,0.0,9.0,6,2023,12,3
4.042333126068115,0.0,11.0,6,2023,12,3
4.928211212158203,0.2000000178813934,13.0,6,2023,12,3
2.3497519493103027,0.0999999120831489,25.0,6,2023,12,3
2.430288791656494,0.0,29.0,6,2023,12,3
1.6619675159454346,0.0,30.0,6,2023,12,3
1.457099676132202,0.0,32.0,6,2023,12,3
0.9184324145317078,0.0,37.0,6,2023,12,3
1.1791869401931765,0.0,38.0,6,2023,12,3
1.242830753326416,0.0,39.0,6,2023,12,3
1.0871657133102417,0.0,44.0,6,2023,12,3
0.9229484796524048,1.1000001430511477,5.0,7,2023,12,3
1.9432064294815063,0.0,9.0,7,2023,12,3
1.079647421836853,0.0,11.0,7,2023,12,3
1.9628887176513672,0.5,13.0,7,2023,12,3
1.239646077156067,0.0,25.0,7,2023,12,3
0.8006106019020081,0.0,29.0,7,2023,12,3
1.2874574661254885,0.0,30.0,7,2023,12,3
0.0,0.0,32.0,7,2023,12,3
0.0,0.0,37.0,7,2023,12,3
0.0,0.0,38.0,7,2023,12,3
0.0,0.0,39.0,7,2023,12,3
0.82145756483078,0.0,44.0,7,2023,12,3
1.6622681617736816,4.0,5.0,1,2023,12,5
3.110987424850464,3.0,9.0,1,2023,12,5
2.2949938774108887,5.0,11.0,1,2023,12,5
2.922794818878174,5.999999523162842,13.0,1,2023,12,5
1.9247727394104004,4.3000006675720215,25.0,1,2023,12,5
1.405628681182861,24.000001907348636,29.0,1,2023,12,5
1.3314255475997925,2.6000001430511475,30.0,1,2023,12,5
0.9063970446586608,0.5,32.0,1,2023,12,5
0.8233132362365723,0.2000000178813934,37.0,1,2023,12,5
1.333026885986328,6.700000762939453,38.0,1,2023,12,5
0.8340756297111511,0.0999999120831489,39.0,1,2023,12,5
1.3756837844848633,0.5,44.0,1,2023,12,5
2.4517104625701904,0.0,5.0,2,2023,12,5
3.0342824459075928,0.0,9.0,2,2023,12,5
2.829389810562134,0.0,11.0,2,2023,12,5
3.2653090953826904,0.8999999761581421,13.0,2,2023,12,5
2.913037061691284,0.0,25.0,2,2023,12,5
2.105027437210083,0.0,29.0,2,2023,12,5
1.7058115005493164,0.0,30.0,2,2023,12,5
2.240447759628296,0.0,32.0,2,2023,12,5
1.7177166938781738,0.3000000715255737,37.0,2,2023,12,5
2.0922598838806152,0.0,38.0,2,2023,12,5
1.817823052406311,0.0,39.0,2,2023,12,5
3.394636631011963,0.5,44.0,2,2023,12,5
0.458759069442749,0.0,5.0,3,2023,12,5
1.0710904598236084,0.0,9.0,3,2023,12,5
0.7459193468093872,0.0,11.0,3,2023,12,5
1.2080038785934448,0.0,13.0,3,2023,12,5
0.7286853194236755,0.0,25.0,3,2023,12,5
0.3853302896022796,0.0,29.0,3,2023,12,5
0.4509285986423492,0.0,30.0,3,2023,12,5
0.0,0.0,32.0,3,2023,12,5
0.0,0.0,37.0,3,2023,12,5
0.0,0.0,38.0,3,2023,12,5
0.0,0.0,39.0,3,2023,12,5
0.3495370745658874,0.0,44.0,3,2023,12,5
2.1089675426483154,0.8999999761581421,5.0,4,2023,12,5
5.383714199066162,0.0,9.0,4,2023,12,5
4.172224044799805,0.0,11.0,4,2023,12,5
5.649570941925049,0.2000000178813934,13.0,4,2023,12,5
2.7574286460876465,0.0999999120831489,25.0,4,2023,12,5
1.891831398010254,0.0,29.0,4,2023,12,5
1.3724466562271118,0.0,30.0,4,2023,12,5
1.05616295337677,0.0,32.0,4,2023,12,5
0.6450719237327576,0.0,37.0,4,2023,12,5
0.999058485031128,0.0,38.0,4,2023,12,5
0.891558051109314,0.0,39.0,4,2023,12,5
0.8885619640350342,0.0,44.0,4,2023,12,5
0.8375674486160278,1.1000001430511477,5.0,5,2023,12,5
1.6546175479888916,0.0,9.0,5,2023,12,5
1.0214316844940186,0.0,11.0,5,2023,12,5
1.5991121530532837,0.5,13.0,5,2023,12,5
1.2401790618896484,0.0,25.0,5,2023,12,5
0.0,0.0,29.0,5,2023,12,5
1.3295081853866575,0.0,30.0,5,2023,12,5
0.0,0.0,32.0,5,2023,12,5
0.0,0.0,37.0,5,2023,12,5
0.0,0.0,38.0,5,2023,12,5
0.0,0.0,39.0,5,2023,12,5
0.5035558342933655,0.0,44.0,5,2023,12,5
0.0,0.0,5.0,6,2023,12,5
0.9557833075523376,0.0,9.0,6,2023,12,5
0.0,0.0,11.0,6,2023,12,5
0.0,0.0,13.0,6,2023,12,5
0.9088336825370787,0.0,25.0,6,2023,12,5
0.0,0.0,29.0,6,2023,12,5
0.8693879246711731,0.0,30.0,6,2023,12,5
0.892352283000946,0.0,32.0,6,2023,12,5
0.0,0.0,37.0,6,2023,12,5
0.0,0.0,38.0,6,2023,12,5
0.0,0.0,39.0,6,2023,12,5
0.8946260213851929,0.0,44.0,6,2023,12,5
0.7206051349639893,0.0,5.0,7,2023,12,5
1.2850492000579834,0.0,9.0,7,2023,12,5
0.0,0.0,11.0,7,2023,12,5
1.5430963039398191,0.0,13.0,7,2023,12,5
1.320967674255371,0.0,25.0,7,2023,12,5
0.8597137928009033,0.0,29.0,7,2023,12,5
1.1250555515289309,0.0,30.0,7,2023,12,5
1.2695971727371216,0.0,32.0,7,2023,12,5
1.0642257928848269,0.0,37.0,7,2023,12,5
0.4661182165145874,0.0,38.0,7,2023,12,5
0.7502167820930481,0.0,39.0,7,2023,12,5
1.5317695140838623,0.0,44.0,7,2023,12,5
0.0,0.0,5.0,1,2023,12,7
0.0,0.0,9.0,1,2023,12,7
0.0,0.0,11.0,1,2023,12,7
0.0,0.0,13.0,1,2023,12,7
0.5341965556144714,0.0,25.0,1,2023,12,7
0.0,0.0,29.0,1,2023,12,7
0.0,0.0,30.0,1,2023,12,7
0.0,0.0,32.0,1,2023,12,7
0.0,0.0,37.0,1,2023,12,7
0.0,0.0,38.0,1,2023,12,7
0.0,0.0,39.0,1,2023,12,7
0.0,0.0,44.0,1,2023,12,7
1.50667142868042,0.8999999761581421,5.0,2,2023,12,7
2.543147087097168,0.0,9.0,2,2023,12,7
2.650792598724365,0.0,11.0,2,2023,12,7
2.8838939666748047,0.2000000178813934,13.0,2,2023,12,7
1.6150798797607422,0.0999999120831489,25.0,2,2023,12,7
1.2936265468597412,0.0,29.0,2,2023,12,7
0.7915249466896057,0.0,30.0,2,2023,12,7
0.0,0.0,32.0,2,2023,12,7
0.0,0.0,37.0,2,2023,12,7
0.0,0.0,38.0,2,2023,12,7
0.0,0.0,39.0,2,2023,12,7
0.5606922507286072,0.0,44.0,2,2023,12,7
0.0,1.1000001430511477,5.0,3,2023,12,7
1.2858176231384275,0.0,9.0,3,2023,12,7
0.0,0.0,11.0,3,2023,12,7
1.2338099479675293,0.5,13.0,3,2023,12,7
0.8264298439025879,0.0,25.0,3,2023,12,7
0.0,0.0,29.0,3,2023,12,7
0.5460256338119507,0.0,30.0,3,2023,12,7
0.0,0.0,32.0,3,2023,12,7
0.0,0.0,37.0,3,2023,12,7
0.0,0.0,38.0,3,2023,12,7
0.0,0.0,39.0,3,2023,12,7
0.4590322375297546,0.0,44.0,3,2023,12,7
0.0,0.0,5.0,4,2023,12,7
1.3540778160095217,0.0,9.0,4,2023,12,7
0.0,0.0,11.0,4,2023,12,7
1.3999137878417969,0.0,13.0,4,2023,12,7
1.111798644065857,0.0,25.0,4,2023,12,7
0.0,0.0,29.0,4,2023,12,7
1.1521623134613037,0.0,30.0,4,2023,12,7
1.0318081378936768,0.0,32.0,4,2023,12,7
0.0,0.0,37.0,4,2023,12,7
0.0,0.0,38.0,4,2023,12,7
0.8663891553878784,0.0,39.0,4,2023,12,7
0.950462818145752,0.0,44.0,4,2023,12,7
1.5338859558105469,0.0,5.0,5,2023,12,7
1.2602672576904297,0.0,9.0,5,2023,12,7
1.0339421033859253,0.0,11.0,5,2023,12,7
1.75834321975708,0.0,13.0,5,2023,12,7
2.663382053375244,0.0,25.0,5,2023,12,7
1.7634940147399902,0.0,29.0,5,2023,12,7
3.59319806098938,0.0,30.0,5,2023,12,7
3.214629888534546,0.0,32.0,5,2023,12,7
3.0967400074005127,0.0,37.0,5,2023,12,7
2.652831554412842,0.0,38.0,5,2023,12,7
2.3973214626312256,0.0,39.0,5,2023,12,7
3.4614617824554443,0.0,44.0,5,2023,12,7
6.158818244934082,0.0,5.0,6,2023,12,7
14.049528121948242,0.0,9.0,6,2023,12,7
11.059263229370115,1.999999761581421,11.0,6,2023,12,7
13.818958282470703,0.0,13.0,6,2023,12,7
6.82396411895752,0.2000000178813934,25.0,6,2023,12,7
5.602350234985352,0.0,29.0,6,2023,12,7
6.6639580726623535,0.0,30.0,6,2023,12,7
6.201767444610596,0.0,32.0,6,2023,12,7
4.755821704864502,0.0,37.0,6,2023,12,7
3.014573812484741,0.0,38.0,6,2023,12,7
2.7750256061553955,0.0,39.0,6,2023,12,7
5.398097515106201,0.0,44.0,6,2023,12,7
0.528736412525177,0.0,5.0,7,2023,12,7
2.139610528945923,0.0,9.0,7,2023,12,7
1.8014841079711916,0.0,11.0,7,2023,12,7
2.3166866302490234,0.0,13.0,7,2023,12,7
0.924728512763977,0.0,25.0,7,2023,12,7
1.16058349609375,0.0,29.0,7,2023,12,7
0.8766127824783325,0.0,30.0,7,2023,12,7
1.001622200012207,0.0,32.0,7,2023,12,7
0.5324781537055969,0.0,37.0,7,2023,12,7
0.0,0.0,38.0,7,2023,12,7
0.3120010793209076,0.0,39.0,7,2023,12,7
0.8110653162002563,0.0,44.0,7,2023,12,7
0.973630666732788,1.1000001430511477,5.0,1,2023,12,9
2.2538325786590576,0.0,9.0,1,2023,12,9
1.7201430797576904,0.0,11.0,1,2023,12,9
2.281312227249145,0.5,13.0,1,2023,12,9
1.3235528469085691,0.0,25.0,1,2023,12,9
0.0,0.0,29.0,1,2023,12,9
0.7990689873695374,0.0,30.0,1,2023,12,9
0.0,0.0,32.0,1,2023,12,9
0.0,0.0,37.0,1,2023,12,9
0.0,0.0,38.0,1,2023,12,9
0.0,0.0,39.0,1,2023,12,9
0.4329242706298828,0.0,44.0,1,2023,12,9
0.0,0.0,5.0,2,2023,12,9
0.0,0.0,9.0,2,2023,12,9
0.0,0.0,11.0,2,2023,12,9
0.0,0.0,13.0,2,2023,12,9
1.2694764137268066,0.0,25.0,2,2023,12,9
0.0,0.0,29.0,2,2023,12,9
1.5281238555908203,0.0,30.0,2,2023,12,9
0.0,0.0,32.0,2,2023,12,9
0.0,0.0,37.0,2,2023,12,9
0.0,0.0,38.0,2,2023,12,9
0.0,0.0,39.0,2,2023,12,9
0.9090833067893982,0.0,44.0,2,2023,12,9
0.0,0.0,5.0,3,2023,12,9
0.0,0.0,9.0,3,2023,12,9
0.0,0.0,11.0,3,2023,12,9
0.0,0.0,13.0,3,2023,12,9
0.4027439951896667,0.0,25.0,3,2023,12,9
0.0,0.0,29.0,3,2023,12,9
1.029181718826294,0.0,30.0,3,2023,12,9
1.6134943962097168,0.0,32.0,3,2023,12,9
0.0,0.0,37.0,3,2023,12,9
0.0,0.0,38.0,3,2023,12,9
0.0,0.0,39.0,3,2023,12,9
1.309460163116455,0.0,44.0,3,2023,12,9
4.613160133361816,0.0,5.0,4,2023,12,9
10.813425064086914,0.0,9.0,4,2023,12,9
8.425142288208008,1.999999761581421,11.0,4,2023,12,9
10.023101806640623,0.0,13.0,4,2023,12,9
5.261920928955078,0.2000000178813934,25.0,4,2023,12,9
5.270016193389893,0.0,29.0,4,2023,12,9
7.364943981170654,0.0,30.0,4,2023,12,9
7.800917148590088,0.0,32.0,4,2023,12,9
5.376926898956299,0.0,37.0,4,2023,12,9
3.707233667373657,0.0,38.0,4,2023,12,9
3.978040218353272,0.0,39.0,4,2023,12,9
7.092597484588623,0.0,44.0,4,2023,12,9
0.9583619832992554,0.0,5.0,5,2023,12,9
2.1621367931365967,0.0,9.0,5,2023,12,9
2.017726182937622,0.0,11.0,5,2023,12,9
1.9974679946899412,0.0,13.0,5,2023,12,9
0.9181517958641052,0.0,25.0,5,2023,12,9
0.0,0.0,29.0,5,2023,12,9
0.7523113489151001,0.0,30.0,5,2023,12,9
0.464248925447464,0.0,32.0,5,2023,12,9
0.3355879783630371,0.0,37.0,5,2023,12,9
0.0,0.0,38.0,5,2023,12,9
0.0,0.0,39.0,5,2023,12,9
0.2229918539524078,0.0,44.0,5,2023,12,9
0.0,0.0,5.0,6,2023,12,9
0.0,0.0,9.0,6,2023,12,9
0.0,0.0,11.0,6,2023,12,9
0.0,0.0,13.0,6,2023,12,9
0.3442239165306091,0.0,25.0,6,2023,12,9
0.0,0.0,29.0,6,2023,12,9
0.0,0.0,30.0,6,2023,12,9
0.0,0.0,32.0,6,2023,12,9
0.0,0.0,37.0,6,2023,12,9
0.0,0.0,38.0,6,2023,12,9
0.0,0.0,39.0,6,2023,12,9
0.0,0.0,44.0,6,2023,12,9
0.0,0.0,5.0,7,2023,12,9
0.0,0.0,9.0,7,2023,12,9
0.0,0.0,11.0,7,2023,12,9
0.0,0.0,13.0,7,2023,12,9
0.0,0.0,25.0,7,2023,12,9
0.0,0.0,29.0,7,2023,12,9
0.0,0.0,30.0,7,2023,12,9
0.0,0.0,32.0,7,2023,12,9
0.0,0.0,37.0,7,2023,12,9
0.0,0.0,38.0,7,2023,12,9
0.0,0.0,39.0,7,2023,12,9
0.0,0.0,44.0,7,2023,12,9
0.0,0.0,5.0,1,2023,12,11
0.0,0.0,9.0,1,2023,12,11
0.0,0.0,11.0,1,2023,12,11
0.0,0.0,13.0,1,2023,12,11
0.9169356226921082,0.0,25.0,1,2023,12,11
0.0,0.0,29.0,1,2023,12,11
1.642383337020874,0.0,30.0,1,2023,12,11
1.593047857284546,0.0,32.0,1,2023,12,11
1.340930461883545,0.0,37.0,1,2023,12,11
0.0,0.0,38.0,1,2023,12,11
1.3734521865844729,0.0,39.0,1,2023,12,11
2.189725160598755,0.0,44.0,1,2023,12,11
5.320032119750977,0.0,5.0,2,2023,12,11
10.856769561767578,0.0,9.0,2,2023,12,11
9.90863800048828,1.999999761581421,11.0,2,2023,12,11
10.55896282196045,0.0,13.0,2,2023,12,11
5.484601020812988,0.2000000178813934,25.0,2,2023,12,11
5.150268077850342,0.0,29.0,2,2023,12,11
5.775643825531006,0.0,30.0,2,2023,12,11
5.1010613441467285,0.0,32.0,2,2023,12,11
3.9628148078918457,0.0,37.0,2,2023,12,11
2.867260456085205,0.0,38.0,2,2023,12,11
2.2143287658691406,0.0,39.0,2,2023,12,11
3.330104351043701,0.0,44.0,2,2023,12,11
0.0,0.0,5.0,3,2023,12,11
2.082045555114746,0.0,9.0,3,2023,12,11
1.537685751914978,0.0,11.0,3,2023,12,11
1.9235813617706297,0.0,13.0,3,2023,12,11
0.7062572240829468,0.0,25.0,3,2023,12,11
0.0,0.0,29.0,3,2023,12,11
0.2908099889755249,0.0,30.0,3,2023,12,11
0.0,0.0,32.0,3,2023,12,11
0.0,0.0,37.0,3,2023,12,11
0.0,0.0,38.0,3,2023,12,11
0.0,0.0,39.0,3,2023,12,11
0.3628414273262024,0.0,44.0,3,2023,12,11
0.0,0.0,5.0,4,2023,12,11
0.0,0.0,9.0,4,2023,12,11
0.0,0.0,11.0,4,2023,12,11
0.0,0.0,13.0,4,2023,12,11
0.0,0.0,25.0,4,2023,12,11
0.0,0.0,29.0,4,2023,12,11
0.0,0.0,30.0,4,2023,12,11
0.0,0.0,32.0,4,2023,12,11
0.0,0.0,37.0,4,2023,12,11
0.0,0.0,38.0,4,2023,12,11
0.0,0.0,39.0,4,2023,12,11
0.0,0.0,44.0,4,2023,12,11
0.0,0.0,5.0,5,2023,12,11
0.0,0.0,9.0,5,2023,12,11
0.0,0.0,11.0,5,2023,12,11
0.0,0.0,13.0,5,2023,12,11
0.0,0.0,25.0,5,2023,12,11
0.0,0.0,29.0,5,2023,12,11
0.0,0.0,30.0,5,2023,12,11
0.0,0.0,32.0,5,2023,12,11
0.0,0.0,37.0,5,2023,12,11
0.0,0.0,38.0,5,2023,12,11
0.0,0.0,39.0,5,2023,12,11
0.602206826210022,0.0,44.0,5,2023,12,11
0.0,0.0,5.0,6,2023,12,11
0.0,0.0,9.0,6,2023,12,11
0.0,0.0,11.0,6,2023,12,11
1.3191821575164795,0.0,13.0,6,2023,12,11
0.6305910348892212,0.0,25.0,6,2023,12,11
0.0,0.0,29.0,6,2023,12,11
0.1923297792673111,0.0,30.0,6,2023,12,11
0.0,0.0,32.0,6,2023,12,11
0.0,0.0,37.0,6,2023,12,11
0.0,0.0,38.0,6,2023,12,11
0.0,0.0,39.0,6,2023,12,11
1.0097144842147827,0.0,44.0,6,2023,12,11
0.0,0.0,5.0,7,2023,12,11
0.0,0.0,9.0,7,2023,12,11
0.0,0.5999999046325684,11.0,7,2023,12,11
0.0,0.0999999120831489,13.0,7,2023,12,11
0.6942139267921448,0.0,25.0,7,2023,12,11
0.0,0.0,29.0,7,2023,12,11
0.0,0.0,30.0,7,2023,12,11
0.0,0.0,32.0,7,2023,12,11
0.0,0.0,37.0,7,2023,12,11
0.0,0.0,38.0,7,2023,12,11
0.0,0.0,39.0,7,2023,12,11
0.0,0.0,44.0,7,2023,12,11
0.0,0.0,5.0,1,2023,12,13
3.006647825241089,0.0,9.0,1,2023,12,13
2.228039264678955,0.0,11.0,1,2023,12,13
2.6816563606262207,0.0,13.0,1,2023,12,13
1.1668936014175415,0.0,25.0,1,2023,12,13
0.0,0.0,29.0,1,2023,12,13
0.0,0.0,30.0,1,2023,12,13
0.0,0.0,32.0,1,2023,12,13
0.0,0.0,37.0,1,2023,12,13
0.0,0.0,38.0,1,2023,12,13
0.0,0.0,39.0,1,2023,12,13
0.3051899373531341,0.0,44.0,1,2023,12,13
0.0,0.0,5.0,2,2023,12,13
0.0,0.0,9.0,2,2023,12,13
0.0,0.0,11.0,2,2023,12,13
0.0,0.0,13.0,2,2023,12,13
0.0,0.0,25.0,2,2023,12,13
0.0,0.0,29.0,2,2023,12,13
0.0,0.0,30.0,2,2023,12,13
0.0,0.0,32.0,2,2023,12,13
0.0,0.0,37.0,2,2023,12,13
0.0,0.0,38.0,2,2023,12,13
0.0,0.0,39.0,2,2023,12,13
0.0,0.0,44.0,2,2023,12,13
0.0,0.0,5.0,3,2023,12,13
0.0,0.0,9.0,3,2023,12,13
0.0,0.0,11.0,3,2023,12,13
0.0,0.0,13.0,3,2023,12,13
0.5169516205787659,0.0,25.0,3,2023,12,13
0.0,0.0,29.0,3,2023,12,13
0.6687244176864624,0.0,30.0,3,2023,12,13
0.0,0.0,32.0,3,2023,12,13
0.0,0.0,37.0,3,2023,12,13
0.0,0.0,38.0,3,2023,12,13
0.0,0.0,39.0,3,2023,12,13
1.7700198888778689,0.0,44.0,3,2023,12,13
0.0,0.0,5.0,4,2023,12,13
0.0,0.0,9.0,4,2023,12,13
0.0,0.0,11.0,4,2023,12,13
0.0,0.0,13.0,4,2023,12,13
0.8090311884880066,0.0,25.0,4,2023,12,13
0.0,0.0,29.0,4,2023,12,13
0.0,0.0,30.0,4,2023,12,13
0.0,0.0,32.0,4,2023,12,13
0.0,0.0,37.0,4,2023,12,13
0.0,0.0,38.0,4,2023,12,13
0.0,0.0,39.0,4,2023,12,13
0.3948120474815368,0.0,44.0,4,2023,12,13
0.0,0.0,5.0,5,2023,12,13
0.0,0.0,9.0,5,2023,12,13
0.0,0.5999999046325684,11.0,5,2023,12,13
0.0,0.0999999120831489,13.0,5,2023,12,13
0.7161693572998047,0.0,25.0,5,2023,12,13
0.0,0.0,29.0,5,2023,12,13
0.0,0.0,30.0,5,2023,12,13
0.0,0.0,32.0,5,2023,12,13
0.0,0.0,37.0,5,2023,12,13
0.0,0.0,38.0,5,2023,12,13
0.0,0.0,39.0,5,2023,12,13
0.0,0.0,44.0,5,2023,12,13
0.0,0.0,5.0,6,2023,12,13
0.0,0.0,9.0,6,2023,12,13
0.0,0.0,11.0,6,2023,12,13
0.0,0.0,13.0,6,2023,12,13
0.8626857995986938,0.0,25.0,6,2023,12,13
0.0,0.0,29.0,6,2023,12,13
0.0,0.0,30.0,6,2023,12,13
0.0,0.0,32.0,6,2023,12,13
0.0,0.0,37.0,6,2023,12,13
0.0,0.0,38.0,6,2023,12,13
0.0,0.0,39.0,6,2023,12,13
0.4659588932991028,0.0,44.0,6,2023,12,13
0.0,0.0,5.0,7,2023,12,13
0.0,0.0,9.0,7,2023,12,13
0.0,0.0,11.0,7,2023,12,13
0.0,0.0,13.0,7,2023,12,13
0.8785048723220825,0.0,25.0,7,2023,12,13
0.0,0.0,29.0,7,2023,12,13
0.0,0.0,30.0,7,2023,12,13
0.0,0.3000000715255737,32.0,7,2023,12,13
0.0,0.0,37.0,7,2023,12,13
0.0,0.0,38.0,7,2023,12,13
0.0,0.0,39.0,7,2023,12,13
0.2420521825551986,0.5999999046325684,44.0,7,2023,12,13
0.0,0.0,5.0,1,2023,12,15
1.7264138460159302,0.0,9.0,1,2023,12,15
0.0,0.0,11.0,1,2023,12,15
1.6998305320739746,0.0,13.0,1,2023,12,15
1.0442601442337036,0.0,25.0,1,2023,12,15
0.0,0.0,29.0,1,2023,12,15
1.5265889167785645,0.0,30.0,1,2023,12,15
0.0,0.0,32.0,1,2023,12,15
0.0,0.0,37.0,1,2023,12,15
0.0,0.0,38.0,1,2023,12,15
0.0,0.0,39.0,1,2023,12,15
2.1220145225524902,0.0,44.0,1,2023,12,15
0.0,0.0,5.0,2,2023,12,15
0.0,0.0,9.0,2,2023,12,15
0.0,0.0,11.0,2,2023,12,15
0.0,0.0,13.0,2,2023,12,15
0.5559413433074951,0.0,25.0,2,2023,12,15
0.0,0.0,29.0,2,2023,12,15
0.0,0.0,30.0,2,2023,12,15
0.0,0.0,32.0,2,2023,12,15
0.0,0.0,37.0,2,2023,12,15
0.0,0.0,38.0,2,2023,12,15
0.0,0.0,39.0,2,2023,12,15
0.2662655413150787,0.0,44.0,2,2023,12,15
0.0,0.0,5.0,3,2023,12,15
0.0,0.0,9.0,3,2023,12,15
0.0,0.5999999046325684,11.0,3,2023,12,15
0.0,0.0999999120831489,13.0,3,2023,12,15
0.0,0.0,25.0,3,2023,12,15
0.0,0.0,29.0,3,2023,12,15
0.0,0.0,30.0,3,2023,12,15
0.0,0.0,32.0,3,2023,12,15
0.0,0.0,37.0,3,2023,12,15
0.0,0.0,38.0,3,2023,12,15
0.0,0.0,39.0,3,2023,12,15
0.0,0.0,44.0,3,2023,12,15
0.0,0.0,5.0,4,2023,12,15
0.0,0.0,9.0,4,2023,12,15
0.0,0.0,11.0,4,2023,12,15
0.0,0.0,13.0,4,2023,12,15
0.0,0.0,25.0,4,2023,12,15
0.0,0.0,29.0,4,2023,12,15
0.0,0.0,30.0,4,2023,12,15
0.0,0.0,32.0,4,2023,12,15
0.0,0.0,37.0,4,2023,12,15
0.0,0.0,38.0,4,2023,12,15
0.0,0.0,39.0,4,2023,12,15
0.6020877361297607,0.0,44.0,4,2023,12,15
0.0,0.0,5.0,5,2023,12,15
0.0,0.0,9.0,5,2023,12,15
0.0,0.0,11.0,5,2023,12,15
0.0,0.0,13.0,5,2023,12,15
0.4900036454200744,0.0,25.0,5,2023,12,15
0.0,0.0,29.0,5,2023,12,15
0.0,0.0,30.0,5,2023,12,15
0.0,0.3000000715255737,32.0,5,2023,12,15
0.0,0.0,37.0,5,2023,12,15
0.0,0.0,38.0,5,2023,12,15
0.0,0.0,39.0,5,2023,12,15
0.334695965051651,0.5999999046325684,44.0,5,2023,12,15
0.0,0.0,5.0,6,2023,12,15
0.0,0.0,9.0,6,2023,12,15
0.0,0.0,11.0,6,2023,12,15
1.845457673072815,0.5999999046325684,13.0,6,2023,12,15
0.9618266224861144,0.3000000715255737,25.0,6,2023,12,15
0.0,0.0,29.0,6,2023,12,15
0.0,0.0,30.0,6,2023,12,15
0.0,0.0,32.0,6,2023,12,15
0.0,0.0,37.0,6,2023,12,15
0.0,0.0,38.0,6,2023,12,15
0.0,0.0,39.0,6,2023,12,15
0.3435621857643127,0.0999999120831489,44.0,6,2023,12,15
0.0,0.0,5.0,7,2023,12,15
0.0,0.0,9.0,7,2023,12,15
0.0,0.0,11.0,7,2023,12,15
0.0,0.0,13.0,7,2023,12,15
0.0,0.0,25.0,7,2023,12,15
0.0,0.0,29.0,7,2023,12,15
0.0,0.0,30.0,7,2023,12,15
0.0,0.0,32.0,7,2023,12,15
0.0,0.0,37.0,7,2023,12,15
0.0,0.0,38.0,7,2023,12,15
0.0,0.0,39.0,7,2023,12,15
0.0,0.0,44.0,7,2023,12,15
0.0,0.0,5.0,1,2023,12,17
0.0,0.0,9.0,1,2023,12,17
0.0,0.5999999046325684,11.0,1,2023,12,17
0.0,0.0999999120831489,13.0,1,2023,12,17
0.0,0.0,25.0,1,2023,12,17
0.0,0.0,29.0,1,2023,12,17
0.0,0.0,30.0,1,2023,12,17
0.0,0.0,32.0,1,2023,12,17
0.0,0.0,37.0,1,2023,12,17
0.0,0.0,38.0,1,2023,12,17
0.0,0.0,39.0,1,2023,12,17
0.0,0.0,44.0,1,2023,12,17
0.0,0.0,5.0,2,2023,12,17
0.0,0.0,9.0,2,2023,12,17
0.0,0.0,11.0,2,2023,12,17
0.0,0.0,13.0,2,2023,12,17
0.0,0.0,25.0,2,2023,12,17
0.0,0.0,29.0,2,2023,12,17
0.0,0.0,30.0,2,2023,12,17
0.0,0.0,32.0,2,2023,12,17
0.0,0.0,37.0,2,2023,12,17
0.0,0.0,38.0,2,2023,12,17
0.0,0.0,39.0,2,2023,12,17
0.2832077741622925,0.0,44.0,2,2023,12,17
0.0,0.0,5.0,3,2023,12,17
0.0,0.0,9.0,3,2023,12,17
0.0,0.0,11.0,3,2023,12,17
0.0,0.0,13.0,3,2023,12,17
0.0825715512037277,0.0,25.0,3,2023,12,17
0.0,0.0,29.0,3,2023,12,17
0.0,0.0,30.0,3,2023,12,17
0.0,0.3000000715255737,32.0,3,2023,12,17
0.0,0.0,37.0,3,2023,12,17
0.0,0.0,38.0,3,2023,12,17
0.0,0.0,39.0,3,2023,12,17
0.2629338204860687,0.5999999046325684,44.0,3,2023,12,17
0.0,0.0,5.0,4,2023,12,17
1.242470622062683,0.0,9.0,4,2023,12,17
0.0,0.0,11.0,4,2023,12,17
1.284055233001709,0.5999999046325684,13.0,4,2023,12,17
0.4390703737735748,0.3000000715255737,25.0,4,2023,12,17
0.0,0.0,29.0,4,2023,12,17
0.0,0.0,30.0,4,2023,12,17
0.0,0.0,32.0,4,2023,12,17
0.0,0.0,37.0,4,2023,12,17
0.0,0.0,38.0,4,2023,12,17
0.0,0.0,39.0,4,2023,12,17
0.1568101644515991,0.0999999120831489,44.0,4,2023,12,17
0.0,0.0,5.0,5,2023,12,17
0.0,0.0,9.0,5,2023,12,17
0.0,0.0,11.0,5,2023,12,17
0.0,0.0,13.0,5,2023,12,17
1.122924566268921,0.0,25.0,5,2023,12,17
0.0,0.0,29.0,5,2023,12,17
0.0,0.0,30.0,5,2023,12,17
0.0,0.0,32.0,5,2023,12,17
0.0,0.0,37.0,5,2023,12,17
0.0,0.0,38.0,5,2023,12,17
0.0,0.0,39.0,5,2023,12,17
0.0,0.0,44.0,5,2023,12,17
0.0,0.0,5.0,6,2023,12,17
0.0,0.0,9.0,6,2023,12,17
0.0,0.0,11.0,6,2023,12,17
0.0,0.0,13.0,6,2023,12,17
0.0,0.0,25.0,6,2023,12,17
0.0,0.0,29.0,6,2023,12,17
0.0,0.0,30.0,6,2023,12,17
0.0,0.0,32.0,6,2023,12,17
0.0,0.0,37.0,6,2023,12,17
0.0,0.0,38.0,6,2023,12,17
0.0,0.0,39.0,6,2023,12,17
0.0,0.0,44.0,6,2023,12,17
0.0,0.0,5.0,7,2023,12,17
0.0,0.0,9.0,7,2023,12,17
0.0,0.0,11.0,7,2023,12,17
0.0,0.0,13.0,7,2023,12,17
0.0,0.0,25.0,7,2023,12,17
0.0,0.0,29.0,7,2023,12,17
0.0,0.0,30.0,7,2023,12,17
0.0,0.0,32.0,7,2023,12,17
0.0,0.0,37.0,7,2023,12,17
0.0,0.0,38.0,7,2023,12,17
0.0,0.0,39.0,7,2023,12,17
1.335651397705078,0.0,44.0,7,2023,12,17
0.0,0.0,5.0,1,2023,12,19
0.0,0.0,9.0,1,2023,12,19
0.0,0.0,11.0,1,2023,12,19
1.203579068183899,0.0,13.0,1,2023,12,19
0.4725452065467834,0.0,25.0,1,2023,12,19
0.0,0.0,29.0,1,2023,12,19
0.0,0.0,30.0,1,2023,12,19
0.0,0.3000000715255737,32.0,1,2023,12,19
0.0,0.0,37.0,1,2023,12,19
0.0,0.0,38.0,1,2023,12,19
0.0,0.0,39.0,1,2023,12,19
0.4457340240478515,0.5999999046325684,44.0,1,2023,12,19
0.0,0.0,5.0,2,2023,12,19
2.0335583686828613,0.0,9.0,2,2023,12,19
0.0,0.0,11.0,2,2023,12,19
1.932724952697754,0.5999999046325684,13.0,2,2023,12,19
0.917878806591034,0.3000000715255737,25.0,2,2023,12,19
0.0,0.0,29.0,2,2023,12,19
0.0,0.0,30.0,2,2023,12,19
0.0,0.0,32.0,2,2023,12,19
0.0,0.0,37.0,2,2023,12,19
0.0,0.0,38.0,2,2023,12,19
0.0,0.0,39.0,2,2023,12,19
0.0,0.0999999120831489,44.0,2,2023,12,19
0.0,0.0,5.0,3,2023,12,19
0.0,0.0,9.0,3,2023,12,19
0.0,0.0,11.0,3,2023,12,19
0.0,0.0,13.0,3,2023,12,19
0.7853062152862549,0.0,25.0,3,2023,12,19
0.0,0.0,29.0,3,2023,12,19
0.0,0.0,30.0,3,2023,12,19
0.0,0.0,32.0,3,2023,12,19
0.0,0.0,37.0,3,2023,12,19
0.0,0.0,38.0,3,2023,12,19
0.0,0.0,39.0,3,2023,12,19
0.0,0.0,44.0,3,2023,12,19
0.0,0.0,5.0,4,2023,12,19
0.0,0.0,9.0,4,2023,12,19
0.0,0.0,11.0,4,2023,12,19
0.0,0.0,13.0,4,2023,12,19
1.164625644683838,0.0,25.0,4,2023,12,19
0.0,0.0,29.0,4,2023,12,19
0.0,0.0,30.0,4,2023,12,19
0.0,0.0,32.0,4,2023,12,19
0.0,0.0,37.0,4,2023,12,19
0.0,0.0,38.0,4,2023,12,19
0.0,0.0,39.0,4,2023,12,19
0.0,0.0,44.0,4,2023,12,19
0.0,0.0,5.0,5,2023,12,19
0.0,0.0,9.0,5,2023,12,19
0.0,0.0,11.0,5,2023,12,19
0.0,0.0,13.0,5,2023,12,19
0.0,0.0,25.0,5,2023,12,19
0.0,0.0,29.0,5,2023,12,19
0.0,0.0,30.0,5,2023,12,19
0.0,0.0,32.0,5,2023,12,19
0.0,0.0,37.0,5,2023,12,19
0.0,0.0,38.0,5,2023,12,19
0.0,0.0,39.0,5,2023,12,19
1.0800771713256836,0.0,44.0,5,2023,12,19
0.0,0.0,5.0,6,2023,12,19
0.0,0.0,9.0,6,2023,12,19
0.0,0.0,11.0,6,2023,12,19
0.0,0.0,13.0,6,2023,12,19
0.0,0.0,25.0,6,2023,12,19
0.0,0.0,29.0,6,2023,12,19
0.0,0.0,30.0,6,2023,12,19
0.0,0.0,32.0,6,2023,12,19
0.0,0.0,37.0,6,2023,12,19
0.0,0.0,38.0,6,2023,12,19
0.0,0.0,39.0,6,2023,12,19
0.2906264066696167,0.0,44.0,6,2023,12,19
1.1081175804138184,0.0,5.0,7,2023,12,19
1.8111388683319087,0.0,9.0,7,2023,12,19
1.0130438804626465,0.0,11.0,7,2023,12,19
1.7987420558929443,0.0,13.0,7,2023,12,19
1.3922712802886963,0.0,25.0,7,2023,12,19
1.3034749031066897,0.0,29.0,7,2023,12,19
1.3381465673446655,0.0,30.0,7,2023,12,19
2.3457202911376958,0.0,32.0,7,2023,12,19
1.5973926782608032,0.0,37.0,7,2023,12,19
1.536228895187378,0.0,38.0,7,2023,12,19
0.0,0.0,39.0,7,2023,12,19
1.71512770652771,0.0,44.0,7,2023,12,19
0.0,0.0,5.0,1,2023,12,21
1.0961294174194336,0.0,9.0,1,2023,12,21
0.0,0.0,11.0,1,2023,12,21
1.237856388092041,0.0,13.0,1,2023,12,21
0.9473658800125122,0.0,25.0,1,2023,12,21
0.0,0.0,29.0,1,2023,12,21
0.0,0.0,30.0,1,2023,12,21
0.0,0.0,32.0,1,2023,12,21
0.0,0.0,37.0,1,2023,12,21
0.0,0.0,38.0,1,2023,12,21
0.0,0.0,39.0,1,2023,12,21
0.0,0.0,44.0,1,2023,12,21
0.0,0.0,5.0,2,2023,12,21
0.0,0.0,9.0,2,2023,12,21
0.0,0.0,11.0,2,2023,12,21
0.0,0.0,13.0,2,2023,12,21
0.9038443565368652,0.0,25.0,2,2023,12,21
0.0,0.0,29.0,2,2023,12,21
0.0,0.0,30.0,2,2023,12,21
0.0,0.0,32.0,2,2023,12,21
0.0,0.0,37.0,2,2023,12,21
0.0,0.0,38.0,2,2023,12,21
0.0,0.0,39.0,2,2023,12,21
0.0,0.0,44.0,2,2023,12,21
0.0,0.0,5.0,3,2023,12,21
0.0,0.0,9.0,3,2023,12,21
0.0,0.0,11.0,3,2023,12,21
0.0,0.0,13.0,3,2023,12,21
0.0,0.0,25.0,3,2023,12,21
0.0,0.0,29.0,3,2023,12,21
0.0,0.0,30.0,3,2023,12,21
0.0,0.0,32.0,3,2023,12,21
0.0,0.0,37.0,3,2023,12,21
0.0,0.0,38.0,3,2023,12,21
0.0,0.0,39.0,3,2023,12,21
0.0,0.0,44.0,3,2023,12,21
0.0,0.0,5.0,4,2023,12,21
0.0,0.0,9.0,4,2023,12,21
0.0,0.0,11.0,4,2023,12,21
0.0,0.0,13.0,4,2023,12,21
0.0,0.0,25.0,4,2023,12,21
0.0,0.0,29.0,4,2023,12,21
0.0,0.0,30.0,4,2023,12,21
0.0,0.0,32.0,4,2023,12,21
0.0,0.0,37.0,4,2023,12,21
0.0,0.0,38.0,4,2023,12,21
0.0,0.0,39.0,4,2023,12,21
0.0,0.0,44.0,4,2023,12,21
0.0,0.0,5.0,5,2023,12,21
0.0,0.0,9.0,5,2023,12,21
0.0,0.0,11.0,5,2023,12,21
0.0,0.0,13.0,5,2023,12,21
0.0,0.0,25.0,5,2023,12,21
0.0,0.0,29.0,5,2023,12,21
0.0,0.0,30.0,5,2023,12,21
0.0,0.0,32.0,5,2023,12,21
0.0,0.0,37.0,5,2023,12,21
0.0,0.0,38.0,5,2023,12,21
0.0,0.0,39.0,5,2023,12,21
0.0,0.0,44.0,5,2023,12,21
0.0,0.0,5.0,6,2023,12,21
0.0,0.0,9.0,6,2023,12,21
0.0,0.0,11.0,6,2023,12,21
0.0,0.0,13.0,6,2023,12,21
0.0,0.0,25.0,6,2023,12,21
0.0,0.0,29.0,6,2023,12,21
0.0,0.0,30.0,6,2023,12,21
0.0,0.0,32.0,6,2023,12,21
0.0,0.0,37.0,6,2023,12,21
0.0,0.0,38.0,6,2023,12,21
0.0,0.0,39.0,6,2023,12,21
0.0,0.0,44.0,6,2023,12,21
0.0,0.0,5.0,7,2023,12,21
0.0,0.0,9.0,7,2023,12,21
0.0,0.0,11.0,7,2023,12,21
0.0,0.0,13.0,7,2023,12,21
0.0,0.0,25.0,7,2023,12,21
0.0,0.0,29.0,7,2023,12,21
0.0,0.0,30.0,7,2023,12,21
0.0,0.0,32.0,7,2023,12,21
0.0,0.0,37.0,7,2023,12,21
0.0,0.0,38.0,7,2023,12,21
0.0,0.0,39.0,7,2023,12,21
1.098785638809204,0.0,44.0,7,2023,12,21
0.0,0.0,5.0,1,2023,12,23
0.0,0.0,9.0,1,2023,12,23
0.0,0.0,11.0,1,2023,12,23
0.0,0.0,13.0,1,2023,12,23
0.0,0.0,25.0,1,2023,12,23
0.0,0.0,29.0,1,2023,12,23
0.0,0.0,30.0,1,2023,12,23
0.0,0.0,32.0,1,2023,12,23
0.0,0.0,37.0,1,2023,12,23
0.0,0.0,38.0,1,2023,12,23
0.0,0.0,39.0,1,2023,12,23
0.0,0.0,44.0,1,2023,12,23
0.0,0.0,5.0,2,2023,12,23
0.0,0.0,9.0,2,2023,12,23
0.0,0.0,11.0,2,2023,12,23
0.0,0.0,13.0,2,2023,12,23
0.0,0.0,25.0,2,2023,12,23
0.0,0.0,29.0,2,2023,12,23
0.0,0.0,30.0,2,2023,12,23
0.0,0.0,32.0,2,2023,12,23
0.0,0.0,37.0,2,2023,12,23
0.0,0.0,38.0,2,2023,12,23
0.0,0.0,39.0,2,2023,12,23
0.5891722440719604,0.0,44.0,2,2023,12,23
0.0,0.0,5.0,3,2023,12,23
0.0,0.0,9.0,3,2023,12,23
0.0,0.0,11.0,3,2023,12,23
0.0,0.0,13.0,3,2023,12,23
0.0,0.0,25.0,3,2023,12,23
0.0,0.0,29.0,3,2023,12,23
0.0,0.0,30.0,3,2023,12,23
0.0,0.0,32.0,3,2023,12,23
0.0,0.0,37.0,3,2023,12,23
0.0,0.0,38.0,3,2023,12,23
0.0,0.0,39.0,3,2023,12,23
0.0,0.0,44.0,3,2023,12,23
0.0,0.0,5.0,4,2023,12,23
0.0,0.0,9.0,4,2023,12,23
0.0,0.0,11.0,4,2023,12,23
0.0,0.0,13.0,4,2023,12,23
0.0,0.0,25.0,4,2023,12,23
0.0,0.0,29.0,4,2023,12,23
0.0,0.0,30.0,4,2023,12,23
0.0,0.0,32.0,4,2023,12,23
0.0,0.0,37.0,4,2023,12,23
0.0,0.0,38.0,4,2023,12,23
0.0,0.0,39.0,4,2023,12,23
0.0,0.0,44.0,4,2023,12,23
0.0,0.0,5.0,5,2023,12,23
0.0,0.0,9.0,5,2023,12,23
0.0,0.0,11.0,5,2023,12,23
0.0,0.0,13.0,5,2023,12,23
0.0,0.0,25.0,5,2023,12,23
0.0,0.0,29.0,5,2023,12,23
0.0,0.0,30.0,5,2023,12,23
0.0,0.0,32.0,5,2023,12,23
0.0,0.0,37.0,5,2023,12,23
0.0,0.0,38.0,5,2023,12,23
0.0,0.0,39.0,5,2023,12,23
0.0,0.0,44.0,5,2023,12,23
0.0,0.0,5.0,6,2023,12,23
0.0,0.0,9.0,6,2023,12,23
0.0,0.0,11.0,6,2023,12,23
0.0,0.0,13.0,6,2023,12,23
0.0,0.0,25.0,6,2023,12,23
0.0,0.0,29.0,6,2023,12,23
0.0,0.0,30.0,6,2023,12,23
0.0,0.0,32.0,6,2023,12,23
0.0,0.0,37.0,6,2023,12,23
0.0,0.0,38.0,6,2023,12,23
0.0,0.0,39.0,6,2023,12,23
1.222579836845398,0.0,44.0,6,2023,12,23
0.0,0.0,5.0,7,2023,12,23
0.0,0.0,9.0,7,2023,12,23
0.0,0.0,11.0,7,2023,12,23
0.0,0.0,13.0,7,2023,12,23
0.2866930067539215,0.0,25.0,7,2023,12,23
0.0,0.0,29.0,7,2023,12,23
0.0,0.0,30.0,7,2023,12,23
0.0,0.0,32.0,7,2023,12,23
0.0,0.0,37.0,7,2023,12,23
0.0,0.0,38.0,7,2023,12,23
0.0,0.0,39.0,7,2023,12,23
0.7456337213516235,0.0,44.0,7,2023,12,23
0.0,0.0,5.0,1,2023,12,25
0.0,0.0,9.0,1,2023,12,25
0.0,0.0,11.0,1,2023,12,25
0.0,0.0,13.0,1,2023,12,25
0.0,0.0,25.0,1,2023,12,25
0.0,0.0,29.0,1,2023,12,25
0.0,0.0,30.0,1,2023,12,25
0.0,0.0,32.0,1,2023,12,25
0.0,0.0,37.0,1,2023,12,25
0.0,0.0,38.0,1,2023,12,25
0.0,0.0,39.0,1,2023,12,25
0.0,0.0,44.0,1,2023,12,25
0.0,0.0,5.0,2,2023,12,25
0.0,0.0,9.0,2,2023,12,25
0.0,0.0,11.0,2,2023,12,25
0.0,0.0,13.0,2,2023,12,25
0.0,0.0,25.0,2,2023,12,25
0.0,0.0,29.0,2,2023,12,25
0.0,0.0,30.0,2,2023,12,25
0.0,0.0,32.0,2,2023,12,25
0.0,0.0,37.0,2,2023,12,25
0.0,0.0,38.0,2,2023,12,25
0.0,0.0,39.0,2,2023,12,25
0.0,0.0,44.0,2,2023,12,25
0.0,0.0,5.0,3,2023,12,25
0.0,0.0,9.0,3,2023,12,25
0.0,0.0,11.0,3,2023,12,25
0.0,0.0,13.0,3,2023,12,25
0.0,0.0,25.0,3,2023,12,25
0.0,0.0,29.0,3,2023,12,25
0.0,0.0,30.0,3,2023,12,25
0.0,0.0,32.0,3,2023,12,25
0.0,0.0,37.0,3,2023,12,25
0.0,0.0,38.0,3,2023,12,25
0.0,0.0,39.0,3,2023,12,25
0.0,0.0,44.0,3,2023,12,25
0.0,0.0,5.0,4,2023,12,25
0.0,0.0,9.0,4,2023,12,25
0.0,0.0,11.0,4,2023,12,25
0.0,0.0,13.0,4,2023,12,25
0.0,0.0,25.0,4,2023,12,25
0.0,0.0,29.0,4,2023,12,25
0.0,0.0,30.0,4,2023,12,25
0.0,0.0,32.0,4,2023,12,25
0.0,0.0,37.0,4,2023,12,25
0.0,0.0,38.0,4,2023,12,25
0.0,0.0,39.0,4,2023,12,25
0.853163480758667,0.0,44.0,4,2023,12,25
0.0,0.0,5.0,5,2023,12,25
0.0,0.0,9.0,5,2023,12,25
0.0,0.0,11.0,5,2023,12,25
0.0,0.0,13.0,5,2023,12,25
0.0,0.0,25.0,5,2023,12,25
0.0,0.0,29.0,5,2023,12,25
0.0,0.0,30.0,5,2023,12,25
0.0,0.0,32.0,5,2023,12,25
0.0,0.0,37.0,5,2023,12,25
0.0,0.0,38.0,5,2023,12,25
0.0,0.0,39.0,5,2023,12,25
0.7205746173858643,0.0,44.0,5,2023,12,25
0.0,0.0,5.0,6,2023,12,25
0.0,0.0,9.0,6,2023,12,25
0.0,0.0,11.0,6,2023,12,25
0.0,0.0,13.0,6,2023,12,25
0.0,0.0,25.0,6,2023,12,25
0.0,0.0,29.0,6,2023,12,25
0.0,0.0,30.0,6,2023,12,25
0.0,0.0,32.0,6,2023,12,25
0.0,0.0,37.0,6,2023,12,25
0.0,0.0,38.0,6,2023,12,25
0.0,0.0,39.0,6,2023,12,25
1.081145167350769,0.0,44.0,6,2023,12,25
0.0,0.0,5.0,7,2023,12,25
0.0,0.0,9.0,7,2023,12,25
0.0,0.0,11.0,7,2023,12,25
0.0,0.0,13.0,7,2023,12,25
1.0124106407165527,0.0,25.0,7,2023,12,25
0.0,0.0,29.0,7,2023,12,25
0.0,0.0,30.0,7,2023,12,25
0.0,0.0,32.0,7,2023,12,25
0.0,0.0,37.0,7,2023,12,25
0.0,0.0,38.0,7,2023,12,25
0.0,0.0,39.0,7,2023,12,25
1.1680099964141846,0.0,44.0,7,2023,12,25
0.0,0.0,5.0,1,2023,12,27
0.0,0.0,9.0,1,2023,12,27
0.0,0.0,11.0,1,2023,12,27
0.0,0.0,13.0,1,2023,12,27
0.0,0.0,25.0,1,2023,12,27
0.0,0.0,29.0,1,2023,12,27
0.0,0.0,30.0,1,2023,12,27
0.0,0.0,32.0,1,2023,12,27
0.0,0.0,37.0,1,2023,12,27
0.0,0.0,38.0,1,2023,12,27
0.0,0.0,39.0,1,2023,12,27
0.0,0.0,44.0,1,2023,12,27
0.0,0.0,5.0,2,2023,12,27
0.0,0.0,9.0,2,2023,12,27
0.0,0.0,11.0,2,2023,12,27
0.0,0.0,13.0,2,2023,12,27
0.0,0.0,25.0,2,2023,12,27
0.0,0.0,29.0,2,2023,12,27
0.0,0.0,30.0,2,2023,12,27
0.0,0.0,32.0,2,2023,12,27
0.0,0.0,37.0,2,2023,12,27
0.0,0.0,38.0,2,2023,12,27
0.0,0.0,39.0,2,2023,12,27
0.0,0.0,44.0,2,2023,12,27
0.0,0.0,5.0,3,2023,12,27
0.0,0.0,9.0,3,2023,12,27
0.0,0.0,11.0,3,2023,12,27
0.0,0.0,13.0,3,2023,12,27
0.0,0.0,25.0,3,2023,12,27
0.0,0.0,29.0,3,2023,12,27
0.0,0.0,30.0,3,2023,12,27
0.0,0.0,32.0,3,2023,12,27
0.0,0.0,37.0,3,2023,12,27
0.0,0.0,38.0,3,2023,12,27
0.0,0.0,39.0,3,2023,12,27
0.2556059658527374,0.0,44.0,3,2023,12,27
0.0,0.0,5.0,4,2023,12,27
0.0,0.0,9.0,4,2023,12,27
0.0,0.0,11.0,4,2023,12,27
0.0,0.0,13.0,4,2023,12,27
0.8204967975616455,0.0,25.0,4,2023,12,27
0.0,0.0,29.0,4,2023,12,27
0.0,0.0,30.0,4,2023,12,27
0.0,0.0,32.0,4,2023,12,27
0.0,0.0,37.0,4,2023,12,27
0.0,0.0,38.0,4,2023,12,27
0.0,0.0,39.0,4,2023,12,27
0.7829402685165405,0.0,44.0,4,2023,12,27
0.0,0.0,5.0,5,2023,12,27
0.0,0.0,9.0,5,2023,12,27
0.0,0.0,11.0,5,2023,12,27
0.0,0.0,13.0,5,2023,12,27
0.7648797035217285,0.0,25.0,5,2023,12,27
0.0,0.0,29.0,5,2023,12,27
0.0,0.0,30.0,5,2023,12,27
0.0,0.0,32.0,5,2023,12,27
0.0,0.0,37.0,5,2023,12,27
0.0,0.0,38.0,5,2023,12,27
0.0,0.0,39.0,5,2023,12,27
0.6268167495727539,0.0,44.0,5,2023,12,27
0.0,0.0,5.0,6,2023,12,27
0.0,0.0,9.0,6,2023,12,27
0.0,0.0,11.0,6,2023,12,27
0.0,0.0,13.0,6,2023,12,27
0.3046253025531769,0.0,25.0,6,2023,12,27
0.0,0.0,29.0,6,2023,12,27
0.0,0.0,30.0,6,2023,12,27
0.0,0.0,32.0,6,2023,12,27
0.0,0.0,37.0,6,2023,12,27
0.0,0.0,38.0,6,2023,12,27
0.0,0.0,39.0,6,2023,12,27
0.2223879247903823,0.0,44.0,6,2023,12,27
0.0,0.0,5.0,7,2023,12,27
0.0,0.0,9.0,7,2023,12,27
0.0,0.0,11.0,7,2023,12,27
0.0,0.0,13.0,7,2023,12,27
0.6688450574874878,0.0,25.0,7,2023,12,27
0.0,0.0,29.0,7,2023,12,27
0.0,0.0,30.0,7,2023,12,27
0.0,0.0,32.0,7,2023,12,27
0.0,0.0,37.0,7,2023,12,27
0.0,0.0,38.0,7,2023,12,27
0.0,0.0,39.0,7,2023,12,27
0.7737761735916138,0.0,44.0,7,2023,12,27
0.0,0.0,5.0,1,2023,12,29
0.0,0.0,9.0,1,2023,12,29
0.0,0.0,11.0,1,2023,12,29
0.0,0.0,13.0,1,2023,12,29
0.0,0.0,25.0,1,2023,12,29
0.0,0.0,29.0,1,2023,12,29
0.0,0.0,30.0,1,2023,12,29
0.0,0.0,32.0,1,2023,12,29
0.0,0.0,37.0,1,2023,12,29
0.0,0.0,38.0,1,2023,12,29
0.0,0.0,39.0,1,2023,12,29
0.4000058174133301,0.0,44.0,1,2023,12,29
0.0,0.0,5.0,2,2023,12,29
0.0,0.0,9.0,2,2023,12,29
0.0,0.0,11.0,2,2023,12,29
0.0,0.0,13.0,2,2023,12,29
0.5639798641204834,0.0,25.0,2,2023,12,29
0.0,0.0,29.0,2,2023,12,29
0.0,0.0,30.0,2,2023,12,29
0.0,0.0,32.0,2,2023,12,29
0.0,0.0,37.0,2,2023,12,29
0.0,0.0,38.0,2,2023,12,29
0.0,0.0,39.0,2,2023,12,29
0.798363447189331,0.0,44.0,2,2023,12,29
0.0,0.0,5.0,3,2023,12,29
0.0,0.0,9.0,3,2023,12,29
0.0,0.0,11.0,3,2023,12,29
0.0,0.0,13.0,3,2023,12,29
0.3320591449737549,0.0,25.0,3,2023,12,29
0.0,0.0,29.0,3,2023,12,29
0.0,0.0,30.0,3,2023,12,29
0.0,0.0,32.0,3,2023,12,29
0.0,0.0,37.0,3,2023,12,29
0.0,0.0,38.0,3,2023,12,29
0.0,0.0,39.0,3,2023,12,29
0.2900104224681854,0.0,44.0,3,2023,12,29
0.0,0.0,5.0,4,2023,12,29
0.0,0.0,9.0,4,2023,12,29
0.0,0.0,11.0,4,2023,12,29
0.0,0.0,13.0,4,2023,12,29
0.4222602844238281,0.0,25.0,4,2023,12,29
0.0,0.0,29.0,4,2023,12,29
0.0,0.0,30.0,4,2023,12,29
0.0,0.0,32.0,4,2023,12,29
0.0,0.0,37.0,4,2023,12,29
0.0,0.0,38.0,4,2023,12,29
0.0,0.0,39.0,4,2023,12,29
0.2629054486751556,0.0,44.0,4,2023,12,29
0.0,0.0,5.0,5,2023,12,29
1.668916940689087,0.0,9.0,5,2023,12,29
0.0,0.0,11.0,5,2023,12,29
1.612716555595398,0.0,13.0,5,2023,12,29
1.25380539894104,0.0,25.0,5,2023,12,29
0.0,0.0,29.0,5,2023,12,29
1.482790231704712,0.0,30.0,5,2023,12,29
1.3771876096725464,0.0,32.0,5,2023,12,29
0.0,0.0,37.0,5,2023,12,29
0.0,0.0,38.0,5,2023,12,29
0.8102608323097229,0.0,39.0,5,2023,12,29
1.4992680549621582,0.0,44.0,5,2023,12,29
1.1099754571914673,0.0,5.0,6,2023,12,29
2.8707406520843506,1.999999761581421,9.0,6,2023,12,29
2.1641294956207275,0.0,11.0,6,2023,12,29
2.7710981369018555,0.9999998807907104,13.0,6,2023,12,29
1.352792501449585,0.0,25.0,6,2023,12,29
0.0,0.0,29.0,6,2023,12,29
0.8760772943496704,0.0,30.0,6,2023,12,29
1.3544152975082395,0.0,32.0,6,2023,12,29
0.6817827224731445,0.0,37.0,6,2023,12,29
0.0,0.0,38.0,6,2023,12,29
0.7251501083374023,0.0,39.0,6,2023,12,29
1.5454261302947998,0.0,44.0,6,2023,12,29
0.0,0.0,5.0,7,2023,12,29
0.8755354881286621,11.0,9.0,7,2023,12,29
0.567306399345398,5.999999523162842,11.0,7,2023,12,29
0.8934697508811951,12.399999618530272,13.0,7,2023,12,29
0.3930609226226806,0.0,25.0,7,2023,12,29
0.0,0.0,29.0,7,2023,12,29
0.0323406644165515,0.0,30.0,7,2023,12,29
0.0,0.0,32.0,7,2023,12,29
0.0,0.0,37.0,7,2023,12,29
0.0,0.0,38.0,7,2023,12,29
0.0,0.0,39.0,7,2023,12,29
0.0482412427663803,0.0,44.0,7,2023,12,29
0.0,0.0,5.0,1,2023,12,31
0.0,0.0,9.0,1,2023,12,31
0.0,0.0,11.0,1,2023,12,31
0.0,0.0,13.0,1,2023,12,31
0.4331092834472656,0.0,25.0,1,2023,12,31
0.0,0.0,29.0,1,2023,12,31
0.0,0.0,30.0,1,2023,12,31
0.0,0.0,32.0,1,2023,12,31
0.0,0.0,37.0,1,2023,12,31
0.0,0.0,38.0,1,2023,12,31
0.0,0.0,39.0,1,2023,12,31
0.3995193839073181,0.0,44.0,1,2023,12,31
0.0,0.0,5.0,2,2023,12,31
0.0,0.0,9.0,2,2023,12,31
0.0,0.0,11.0,2,2023,12,31
0.0,0.0,13.0,2,2023,12,31
0.6106882095336914,0.0,25.0,2,2023,12,31
0.0,0.0,29.0,2,2023,12,31
0.0,0.0,30.0,2,2023,12,31
0.0,0.0,32.0,2,2023,12,31
0.0,0.0,37.0,2,2023,12,31
0.0,0.0,38.0,2,2023,12,31
0.0,0.0,39.0,2,2023,12,31
0.4792806208133697,0.0,44.0,2,2023,12,31
0.0,0.0,5.0,3,2023,12,31
0.0,0.0,9.0,3,2023,12,31
0.0,0.0,11.0,3,2023,12,31
1.25162935256958,0.0,13.0,3,2023,12,31
0.8475216627120972,0.0,25.0,3,2023,12,31
0.0,0.0,29.0,3,2023,12,31
0.9055437445640564,0.0,30.0,3,2023,12,31
1.4409165382385254,0.0,32.0,3,2023,12,31
0.0,0.0,37.0,3,2023,12,31
0.0,0.0,38.0,3,2023,12,31
0.0,0.0,39.0,3,2023,12,31
1.4866207838058472,0.0,44.0,3,2023,12,31
1.865278244018555,0.0,5.0,4,2023,12,31
5.015949249267578,1.999999761581421,9.0,4,2023,12,31
4.139829635620117,0.0,11.0,4,2023,12,31
5.261104583740234,0.9999998807907104,13.0,4,2023,12,31
2.195288896560669,0.0,25.0,4,2023,12,31
1.5888454914093018,0.0,29.0,4,2023,12,31
1.54345965385437,0.0,30.0,4,2023,12,31
2.211749792098999,0.0,32.0,4,2023,12,31
1.104636788368225,0.0,37.0,4,2023,12,31
0.7281270623207092,0.0,38.0,4,2023,12,31
1.1043742895126345,0.0,39.0,4,2023,12,31
2.0230679512023926,0.0,44.0,4,2023,12,31
0.4898794889450073,0.0,5.0,5,2023,12,31
1.2978326082229614,11.0,9.0,5,2023,12,31
1.045647144317627,5.999999523162842,11.0,5,2023,12,31
1.2268575429916382,12.399999618530272,13.0,5,2023,12,31
0.5384145379066467,0.0,25.0,5,2023,12,31
0.0,0.0,29.0,5,2023,12,31
0.415370374917984,0.0,30.0,5,2023,12,31
0.0,0.0,32.0,5,2023,12,31
0.0,0.0,37.0,5,2023,12,31
0.0,0.0,38.0,5,2023,12,31
0.0,0.0,39.0,5,2023,12,31
0.0,0.0,44.0,5,2023,12,31
0.0,0.0,5.0,6,2023,12,31
0.0,0.0,9.0,6,2023,12,31
0.0,0.2000000178813934,11.0,6,2023,12,31
0.0,0.0,13.0,6,2023,12,31
0.7348593473434448,0.0,25.0,6,2023,12,31
0.0,0.0,29.0,6,2023,12,31
0.0,0.0,30.0,6,2023,12,31
0.0,0.0,32.0,6,2023,12,31
0.0,0.0,37.0,6,2023,12,31
0.0,0.0,38.0,6,2023,12,31
0.0,0.0,39.0,6,2023,12,31
0.4462180733680725,0.0,44.0,6,2023,12,31
0.0,0.0,5.0,7,2023,12,31
2.0582096576690674,0.0,9.0,7,2023,12,31
0.0,1.1000001430511477,11.0,7,2023,12,31
1.890358686447144,0.0,13.0,7,2023,12,31
1.4848774671554563,0.0,25.0,7,2023,12,31
0.0,0.0,29.0,7,2023,12,31
1.355849027633667,0.0,30.0,7,2023,12,31
2.37881088256836,0.0,32.0,7,2023,12,31
1.1246768236160278,0.0,37.0,7,2023,12,31
0.0,0.0,38.0,7,2023,12,31
1.2926342487335205,0.0,39.0,7,2023,12,31
3.1470155715942383,0.0,44.0,7,2023,12,31
