"Prediction","Groundtruth"
"0","0"
"0","0"
"0","0"
"0","0"
"0","0.09999991208314896"
"0","0"
"0","0"
"0","0"
"0","0"
"0","0"
"0","0"
"0","0"
"0","0"
"0","0"
"0","0"
"0","0.09999991208314896"
"0","0.30000007152557373"
"0","0"
"0","0"
"0","0"
"0","0"
"0","0"
"0","0"
"0.3913782238960266","0.800000011920929"
"0","0"
"0","0"
"0","0"
"0","0"
"0","0.5999999046325684"
"0","0"
"0","0"
"0","0"
"0","0"
"0","0"
"0","0"
"0","0"
"0","0"
"0","0"
"0","0"
"0","0"
"0","0.30000007152557373"
"0","0"
"0","0"
"0","0"
"0","0"
"0","0"
"0","0"
"0","0"
"0","0"
"0","0"
"0","0"
"0","0"
"0.7055051326751709","0.09999991208314896"
"0","0"
"0.7934426069259644","0"
"0","0"
"0","0"
"0","0"
"0","0"
"0.6417900323867798","0"
"0","0"
"0","0"
"0","0"
"0","0"
"0.3245368003845215","0"
"0","0"
"0.17010365426540375","0"
"0","0"
"0","0"
"0","0"
"0","0"
"0.5706156492233276","0"
"0","0"
"0","0"
"0","0"
"0","0"
"0.6402590870857239","0"
"0","0"
"0.608253002166748","0"
"0","0"
"0","0"
"0","0"
"0","0"
"0.6176878809928894","0"
"0","0"
"0","0"
"0","0"
"0","0"
"0.15326571464538574","0.30000007152557373"
"0","0"
"0","0"
"0","0"
"0","0"
"0","0"
"0","0"
"0","0"
"0","0"
"0","0"
"0","0"
"0","0"
"0.2951277792453766","0.09999991208314896"
"0","0"
"0","0"
"0","0"
"0","0"
"0","0"
"0","0"
"1.031891107559204","0"
"0","0"
"0","0"
"0","0"
"0","0"
"0","0"
"0","0"
"0","0"
"0","0"
"0","0"
"0","0"
"0","0"
"0.46753957867622375","0"
"0","0"
"0","0"
"0","0"
"0","0"
"0","0"
"0","0"
"0","0"
"0","0"
"0","0"
"0","0"
"0","0"
"0","0"
"0","0"
"0","0"
"0","0"
"0","0"
"0","0"
"0","0"
"0","0"
"0","0"
"0","0"
"0","0"
"0","0"
"0","0"
"0","0"
"0","0"
"0","0"
"0","0"
"0","0"
"0","0"
"0","0"
"0","0"
"0","0"
"0","0"
"0","0"
"0","0"
"0","0"
"0","0"
"0","0"
"0","0"
"0","0"
"0","0"
"0","0"
"0","0.30000007152557373"
"0","0"
"0","0"
"0","0"
"0.9849819540977478","1.3999998569488525"
"0","0"
"0","0"
"0","0"
"0","0"
"0","0"
"0","0"
"0","0"
"0","0"
"0","0"
"0","0"
"0","0"
"0","0"
"0","0"
"0","0"
"0","0"
"0","0"
"0.12502801418304443","0"
"0","0"
"0.21512503921985626","0"
"0","0"
"0","0"
"0","0"
"0","0"
"0.44571465253829956","0"
"0","0"
"0","0"
"0","0"
"0","0"
"0","0"
"0","0"
"0","0"
"0","0.30000007152557373"
"0","0"
"0","0"
"0","0"
"1.5246875286102295","1.3999998569488525"
"0","0"
"0","0"
"0","0"
"0","0"
"0.401986688375473","0"
"0","0"
"0","0"
"0","0"
"0","0"
"0","0"
"0","0"
"0.3568258583545685","0"
"0","0"
"0","0"
"0","0"
"0","0"
"0","0"
"0","0"
"0","0"
"0","0"
"0","0"
"0","0"
"0","0"
"0.20851503312587738","0"
"0","0"
"0","0"
"0","0"
"0","0"
"0","0"
"0","0"
"0","0"
"0","0"
"0","0"
"0","0"
"0","0"
"0","0"
"0","0"
"0","0"
"0","0"
"0","0"
"0","0"
"0","0"
"0","0"
"0","0"
"0","0"
"0","0"
"0","0"
"3.3997347354888916","0"
"0","0"
"0","0"
"0","0"
"0","0"
"0.45793187618255615","0"
"0","0"
"0","0"
"0","0"
"0","0"
"0","0"
"0","0"
"0.5821536183357239","0"
"0","0"
"0","0"
"0","0"
"0","0"
"0","0"
"0","0"
"0","0"
"0","0"
"0","0"
"0","0"
"0","0"
"0","0"
"0","0"
"0","0"
"0","0"
"0","0"
"0","0"
"0","0"
"0","0"
"0","0"
"0","0"
"0","0"
"0","0"
"0","0"
"0","0"
"0","0"
"0","0"
"0","0"
"0","0"
"0","0"
"0","0"
"0","0"
"0","0"
"0","0"
"0","0"
"0","0"
"0","0"
"0","0"
"0","0"
"0","0"
"0","0"
"0","0"
"0","0"
"0","0"
"0","0"
"0","0"
"0","0"
"1.6174259185791016","1.999999761581421"
"0","0"
"0","0"
"0","0"
"1.053294062614441","0.09999991208314896"
"0.45473846793174744","0"
"0","0"
"0","0"
"0","0"
"0","0"
"0","0"
"0","0"
"0","0"
"0","0"
"4.250539779663086","0"
"2.8634283542633057","0"
"4.5664801597595215","0.20000001788139343"
"2.2894325256347656","0"
"0","0"
"1.2149429321289062","0"
"0","0"
"0","0"
"0","0"
"0","0"
"0.6117066144943237","0.5"
"0","0"
"0","0"
"0","0"
"0","0"
"0","0"
"0","0"
"0","0"
"0","0"
"0","0"
"0","0"
"0","0"
"0.298362672328949","1.999999761581421"
"0","0"
"0","0"
"0","0"
"0","0.09999991208314896"
"0.4704623818397522","0"
"0","0"
"0","0"
"0","0"
"0","0"
"0","0"
"0","0"
"0","0"
"0","0"
"0","0"
"0","0"
"0","0.20000001788139343"
"0.43750035762786865","0"
"0","0"
"0","0"
"0","0"
"0","0"
"0","0"
"0","0"
"0.16147084534168243","0.5"
"0","0"
"0","0"
"0","0.5"
"0","0.9999998807907104"
"0.5933694839477539","0"
"0","0"
"0","0"
"0","0"
"0","0"
"0","0"
"0","0"
"0","0"
"0","0"
"0","0"
"0","0"
"0","0"
"1.3897082805633545","0"
"0","0"
"0","0.09999991208314896"
"0","0"
"0","0"
"0","0"
"0","0"
"0.8540100455284119","0.5"
"0","0"
"0","0"
"0","0"
"0","0"
"0.5315958857536316","0"
"0","0"
"0","0"
"0","0"
"0","0"
"0","0"
"0","0"
"0","0"
"0","0"
"0","0"
"0","0"
"0","0"
"0","0"
"0","0"
"0","0"
"0","0"
"0","0"
"0","0"
"0","0"
"0","0"
"0","0"
"0","0"
"0","0.5"
"1.3065037727355957","0.9999998807907104"
"0.5935326814651489","0"
"0","0"
"0","0"
"0","0"
"0","0"
"0","0"
"0","0"
"0","0"
"0","0"
"0","0"
"0","0"
"0","0"
"0.6081050038337708","0"
"0","0"
"0","0.09999991208314896"
"0","0"
"0","0"
"0","0"
"0","0"
"0.23766417801380157","0.5"
"0","0"
"0","0"
"0","0"
"0","0"
"0","0"
"0","0"
"0","0"
"0","0"
"0","0"
"0","0"
"0","0"
"0","0"
"0","0"
"0","0"
"0","0"
"0","0"
"0","0"
"0","0"
"0","0"
"0","0"
"0","0"
"0","0"
"0","0"
"0","0"
"0","0"
"0","0"
"0","0.09999991208314896"
"0","0"
"0","0"
"0","0"
"0","0"
"0","0"
"0","0"
"0","0"
"0","0"
"0","0"
"0","0"
"0","0"
"0","0"
"0","0"
"0","0"
"0","0"
"0","0"
"0","0"
"0","0"
"0","0"
"0","0"
"2.1907248497009277","0.9999998807907104"
"0","0"
"0","0"
"0","0"
"0","0"
"0","0"
"0","0"
"0","0"
"0","0"
"0","0"
"0","0"
"0","0"
"0.6455683708190918","0"
"0","0"
"0","0"
"0","0.09999991208314896"
"0","0"
"0","0"
"0","0"
"0","0"
"0","0"
"0","0"
"0","0"
"0","0"
"0","0"
"0","0"
"0","0"
"0","0"
"0","0"
"0","0"
"0","0"
"0","0"
"0","0"
"0","0"
"0","0"
"0","0"
"2.9674923419952393","0.9999998807907104"
"0","0"
"0","0"
"0","0"
"0","0"
"0","0"
"0","0"
"0","0"
"0","0"
"0","0"
"0","0"
"0","0"
"0","0"
"0","0"
"0","0"
"0","0"
"0","0"
"0","0"
"0","0"
"0","0"
"0","0"
"0","0"
"0","0"
"0","0"
"0","0"
"0","0"
"0","0"
"0","0"
"0","0"
"0","0"
"0","0"
"0","0"
"0","0"
"0","0"
"0","0"
"0","0"
"2.0833256244659424","0.9999998807907104"
"0","0"
"0","0"
"0","0"
"0","0.20000001788139343"
"0.4841654598712921","0"
"0","0"
"0","0"
"0","0"
"0","0"
"0","0"
"0","0"
"0","0.9999998807907104"
"0","0"
"0","0"
"0","0"
"0","0"
"1.218674898147583","0"
"0","0"
"0","0"
"0","0"
"0","0"
"0","0"
"0","0"
"0","0"
"0","0"
"0","0"
"0","0"
"0","0"
"0","0"
"0","0"
"0","0"
"0","0"
"0","0"
"0","0"
"0","0"
"0","0"
"0","0"
"0","0"
"0","0"
"0","0"
"0","0"
"0","0"
"0","0"
"0","0"
"0","0"
"0","0"
"0","0"
"3.116278648376465","0.9999998807907104"
"0","0"
"1.1080750226974487","0"
"0","0"
"1.0774911642074585","0.20000001788139343"
"0.4241520166397095","0"
"0","0"
"0","0"
"0","0"
"0","0"
"0","0"
"0","0"
"0.3525926470756531","0.9999998807907104"
"0","0"
"1.4445531368255615","0"
"1.1119310855865479","0"
"1.6628713607788086","0"
"1.1113356351852417","0"
"0","0"
"0","0"
"0","0"
"0","0"
"0","0"
"0","0"
"0","0"
"0","0"
"0","0"
"0","0"
"0","0"
"0","0"
"0","0"
"0","0"
"0","0"
"0","0"
"0","0"
"0","0"
"0","0"
"0","0"
"0","0"
"0","0"
"0","0"
"0","0"
"0","0"
"0","0"
"0","0"
"0","0"
"0","0"
"0","0"
"0","0"
"0","0"
"0","0"
"0","0"
"0","0"
"0","0"
"0","0"
"0","0"
"0","0"
"0","0"
"0","0"
"0","0"
"0","0"
"0","0"
"0","0"
"0","0"
"0","0"
"0","0"
"0","0"
"0","0"
"0","0"
"0","0"
"0","0"
"0","0"
"0","0"
"0","0"
"0","0"
"0","0"
"0","0"
"0","0"
"0","0"
"0","0"
"0","0"
"0","0"
"0","0"
"0","0"
"0","0"
"0","0"
"0","0"
"0","0"
"0","0"
"0","0"
"0","0"
"0","0"
"0","0"
"0","0"
"0","0"
"0","0"
"0","0"
"0","0"
"0","0"
"0","0"
"0","0"
"0","0"
"0","0"
"0","0"
"0","0"
"0","0"
"0","0"
"0","0"
"0","0"
"0","0"
"0","0"
"0","0"
"0","0"
"0","0"
"0","0"
"0","0"
"0","0"
"0","0"
"0","0"
"0","0"
"1.5503044128417969","0"
"0","0"
"0","11"
"0","0.8999999761581421"
"0","13.000000953674316"
"0.13947919011116028","0"
"0","0"
"0","0"
"0","0"
"0","0"
"0","0"
"0","0"
"0.3063361346721649","0.20000001788139343"
"0","30.0000057220459"
"0","17"
"0","0.20000001788139343"
"0","19"
"1.1051737070083618","19.999996185302734"
"0","7"
"1.074002981185913","10.000000953674316"
"1.8737596273422241","11"
"0","7"
"0","5.999999523162842"
"0.9624218940734863","0"
"2.2738876342773438","0"
"0","0"
"0","0"
"0","0"
"0","0"
"0","0"
"0","0"
"0","0"
"0","0"
"0","0"
"0","0"
"0","0"
"0","0"
"0","0"
"0","0"
"0","0"
"0","0"
"0","0"
"0","0"
"0","0"
"0","0"
"0","0"
"0","0"
"0","0"
"2.587975025177002","0"
"0.9672101736068726","0"
"2.4935357570648193","11"
"2.059149742126465","0.8999999761581421"
"2.116767406463623","13.000000953674316"
"0.8354006409645081","0"
"0","0"
"0.8741359710693359","0"
"0.9346009492874146","0"
"0","0"
"0","0"
"0","0"
"0.38704147934913635","0.20000001788139343"
"4.947978973388672","30.0000057220459"
"8.05521011352539","17"
"6.882606506347656","0.20000001788139343"
"7.992816925048828","19"
"4.95704460144043","19.999996185302734"
"5.049757480621338","7"
"4.637261867523193","10.000000953674316"
"4.06926155090332","11"
"3.5848910808563232","7"
"3.5236716270446777","5.999999523162842"
"2.413156032562256","0"
"2.956834316253662","0"
"1.278498888015747","0.9999998807907104"
"3.354128837585449","3"
"1.8785529136657715","28.9999942779541"
"2.7419633865356445","20.999996185302734"
"1.6539890766143799","0"
"0","0"
"1.9198423624038696","5"
"0","8"
"0","1.3000000715255737"
"0","0"
"0","8"
"0.7292969822883606","3"
"0","0"
"0","0"
"0","0"
"0","0"
"0","0"
"0","0"
"0","0"
"0","0"
"0","0"
"0","0"
"0","0"
"0","0.09999991208314896"
"0","0"
"0","0"
"0","0"
"0","0"
"0","0"
"0","0"
"0","0"
"0","0"
"0","0"
"0","0"
"0","0"
"0","0"
"0.9699021577835083","0.9999998807907104"
"3.7602035999298096","3"
"2.0294976234436035","28.9999942779541"
"2.9586079120635986","20.999996185302734"
"1.7219200134277344","0"
"0","0"
"2.0900416374206543","5"
"1.7137905359268188","8"
"1.2093697786331177","1.3000000715255737"
"0","0"
"0.6572647094726562","8"
"1.2708489894866943","3"
"0","0"
"0","0"
"0","0"
"0","0"
"0","0"
"0","0"
"0","0"
"0","0"
"0","0"
"0","0"
"0","0"
"0.9021580219268799","0.09999991208314896"
"0","0"
"0","0"
"0","0"
"0","0"
"0","0"
"0","0"
"0","0"
"0","0"
"0","0"
"0","0"
"0","0"
"1.3949919939041138","0"
"0","0"
"0","0"
"0","0"
"0","0"
"0","0"
"0","0"
"0","0"
"0","0"
"0","0"
"0","0"
"0","0"
"1.227278470993042","0"
"0","0"
"0","0"
"0","0"
"0","0"
"0","0"
"0","0"
"0","0"
"0","0"
"0","0"
"0","0"
"0","0"
"1.2782223224639893","0"
"0","0"
"0","0"
"0","0"
"0","0"
"0","0"
"0","0"
"0","0"
"0","0"
"0","0"
"0","0"
"0","0"
"1.4277678728103638","0"
"0","0"
"0","0"
"0","0"
"0","0"
"0","0"
"0","0"
"0","0"
"0","0"
"0","0"
"0","0"
"0","0"
"0","0"
"0","0"
"0","0"
"0","0"
"0","0"
"0","0"
"0","0"
"0","0"
"0","0"
"0","0"
"0","0"
"0","0"
"1.6795986890792847","0"
"0","0"
"0","0"
"0","0"
"0","0"
"0","0"
"0","0"
"0","0"
"0","0"
"0","0"
"0","0"
"0","0"
"1.2432938814163208","0"
"0","0"
"0","0"
"0","0"
"0","0"
"0","0"
"0","0"
"0","0"
"0","0"
"0","0"
"0","0"
"0","0"
"0.6073275804519653","0"
"0","0"
"0","0"
"0","0"
"0","0"
"0","0"
"0","0"
"0","0"
"0","0"
"0","0"
"0","0"
"0","0"
"0","0"
"0","0"
"0","0"
"0","0"
"0","0"
"0","0"
"0","0"
"0","0"
"0","0"
"0","0"
"0","0"
"0","0"
"0","0"
"0","0"
"0","0"
"0","0"
"0","0"
"0","0"
"0","0"
"0","0"
"0","0"
"0","0"
"0","0"
"0","0"
"2.9933927059173584","0"
"0","0"
"0","0"
"0","0"
"0","0"
"0.42887401580810547","0"
"0","0"
"0","0"
"0","0.09999991208314896"
"0","0"
"0","0"
"0","0"
"0.8188261389732361","0.6999999284744263"
"0","0"
"0","0"
"0","0"
"0","0"
"0","0"
"0","0"
"0","0"
"0","0"
"0","0"
"0","0"
"0","0"
"0","0"
"0","0"
"0","0"
"0","0"
"0","0"
"0","0"
"0","0"
"0","0"
"0","0"
"0","0"
"0","0"
"0","0"
"2.4174225330352783","0"
"0","0"
"0","0"
"0","0"
"0","0"
"0.08036921173334122","0"
"0","0"
"0","0"
"0","0.09999991208314896"
"0","0"
"0","0"
"0","0"
"0.3064427971839905","0.6999999284744263"
"0","0"
"0.6630773544311523","0"
"0.5225900411605835","0"
"0.9031776785850525","0"
"0.34562045335769653","0.09999991208314896"
"0","0"
"0","0"
"0","0.5"
"0","0"
"0","0"
"0","0"
"0.20205116271972656","0.09999991208314896"
"0","0"
"1.8146896362304688","0.9999998807907104"
"0","0.30000007152557373"
"1.760368824005127","3"
"0.9972018599510193","0"
"0","0"
"0","0"
"0","0"
"0","0"
"0","0"
"0","0"
"0.18302682042121887","0"
"0","0"
"2.752004384994507","0"
"0","0"
"2.72737979888916","0"
"1.9337079524993896","0"
"0","0"
"1.6404213905334473","0"
"0","0"
"0","0"
"0","0"
"0","0"
"1.2645032405853271","0"
"0","0"
"0","0"
"0","0"
"0","0"
"0","0"
"0","0"
"0","0"
"0","0"
"0","0"
"0","0"
"0","0"
"1.2381232976913452","0.8999999761581421"
"0","0"
"1.1238800287246704","0"
"0","0"
"1.2971206903457642","0"
"0.48357462882995605","0.09999991208314896"
"0","0"
"0","0"
"0","0.5"
"0","0"
"0","0"
"0","0"
"0.26180464029312134","0.09999991208314896"
"1.533300757408142","0"
"2.57324481010437","0.9999998807907104"
"2.4473090171813965","0.30000007152557373"
"2.764753580093384","3"
"1.592745304107666","0"
"1.4521814584732056","0"
"0.7280262112617493","0"
"0","0"
"0","0"
"0","0"
"0","0"
"0.5302610993385315","0"
"0.6453108787536621","0"
"1.2781071662902832","0"
"0.9100785851478577","0"
"1.3712425231933594","0"
"0.8918708562850952","0"
"0.5831415057182312","0"
"0.5884960889816284","0"
"0","0"
"0","0"
"0","0"
"0","0"
"0.5166874527931213","0"
"0","0"
"0","0"
"0","0"
"0","0"
"0.34865477681159973","0"
"0","0"
"0.18751537799835205","0"
"0","0"
"0","0"
"0","0"
"0","0"
"0.2793082594871521","0.8999999761581421"
"0","0"
"0","0"
"0","0"
"1.0638539791107178","0"
"0.822152853012085","0"
"0","0"
"1.1748709678649902","0"
"0","0"
"0","0"
"0","0"
"0","0"
"0.7975149154663086","0"
"0","0"
"2.5164401531219482","0"
"0","0"
"2.297118663787842","0"
"1.4392856359481812","0"
"0","0"
"1.2047206163406372","0"
"0","0"
"0","0"
"0","0"
"0","0"
"0.9808716177940369","0"
"1.6276323795318604","0"
"4.3993072509765625","4"
"2.6172730922698975","2.6000001430511475"
"3.952871322631836","7"
"1.9410767555236816","0.09999991208314896"
"0","0"
"1.0355489253997803","0"
"0","0"
"0","0"
"0","0"
"0","0"
"0.610969603061676","0"
"0","0"
"0","0"
"0","0"
"0","0"
"1.0635331869125366","0"
"0","0"
"0.8340083360671997","0"
"0","0"
"0","0"
"0","0"
"0","0"
"3.0020670890808105","0"
"0","0"
"1.7227745056152344","0"
"0","0"
"1.7294310331344604","0"
"0.9006634950637817","0"
"0","0"
"0","0"
"0","0"
"0","0"
"0","0"
"0","0"
"0.22790369391441345","0"
"1.5376696586608887","0"
"4.476237773895264","4"
"2.7983040809631348","2.6000001430511475"
"3.9309866428375244","7"
"1.7233257293701172","0.09999991208314896"
"1.016771912574768","0"
"0.743314266204834","0"
"0","0"
"0","0"
"0.3279176652431488","0"
"0","0"
"0.2903366982936859","0"
"0","0.09999991208314896"
"2.0321083068847656","0"
"1.219631314277649","0"
"1.9061753749847412","0"
"0.7295935153961182","0.20000001788139343"
"0","0"
"0.39904695749282837","0"
"0","0"
"0","0"
"0","0"
"0","0"
"0.06056288629770279","0.09999991208314896"
"0","0"
"1.2514294385910034","0"
"0","0"
"1.07101309299469","0"
"0.8796592950820923","0.20000001788139343"
"0","0"
"0.8539254665374756","0"
"0","0"
"0","0"
"0","0"
"0","0"
"0.3129766285419464","0.30000007152557373"
"0","0"
"0","0"
"0","0"
"0","1.999999761581421"
"0.4260484576225281","0.09999991208314896"
"0","0"
"0.3418329656124115","0"
"0","0"
"0","0"
"0","0"
"0","0"
"1.5351862907409668","2.1000001430511475"
"0","0"
"2.157473564147949","0"
"0","0"
"2.251877784729004","0"
"1.2143127918243408","0"
"0","0"
"0","0"
"0","0"
"0","0"
"0","0"
"0","0"
"0.5758172273635864","0"
"0","0.09999991208314896"
"1.6721978187561035","0"
"0","0"
"1.4391570091247559","0"
"0.6763853430747986","0.20000001788139343"
"0","0"
"0","0"
"0","0"
"0","0"
"0","0"
"0","0"
"0.19892530143260956","0.09999991208314896"
"0","0"
"0","0"
"0","0"
"0","0"
"0.32506293058395386","0.20000001788139343"
"0","0"
"0","0"
"0","0"
"0","0"
"0","0"
"0","0"
"0.4054877758026123","0.30000007152557373"
"0","0"
"0","0"
"0","0"
"0","1.999999761581421"
"0.44391775131225586","0.09999991208314896"
"0","0"
"0.48612767457962036","0"
"0","0"
"0","0"
"0","0"
"0","0"
"1.3222765922546387","2.1000001430511475"
"0","0"
"2.392727851867676","0"
"2.0352916717529297","0"
"2.6821653842926025","0"
"1.486215591430664","0"
"0","0"
"0","0"
"0","0"
"0","0"
"0","0"
"0","0"
"0.5221628546714783","0"
"0","0"
"0","0"
"0","0"
"0","0"
"1.6837341785430908","0"
"0","0"
"0","0"
"0","0"
"0","0"
"0","0"
"0","0"
"0","0"
"0","0"
"0","0"
"0","0"
"0","0"
"0","0"
"0","0"
"0","0"
"0","0"
"0","0"
"0","0"
"0","0"
"0","0"
"0","0"
"0","0"
"0","0"
"0","0"
"0","0"
"0","0"
"0","0"
"0","0"
"0","0"
"0","0"
"0","0"
"0","0"
"0","0"
"0","0"
"0","0"
"0","0"
"0","0"
"0","0"
"0","0"
"0","0"
"0","0"
"0","0"
"0","0"
"0","0"
"0","0"
"0","0"
"0","0"
"0","0"
"0","0"
"0","0"
"0","0"
"0","0"
"0","0"
"0","0"
"0","0"
"0","0"
"0","0"
"0","0"
"0","0"
"0","0"
"0","0"
"0","0"
"0","0"
"0","0"
"0","0"
"0","0"
"0","0"
"0","0"
"0","0"
"0","0"
"0","0"
"0","0"
"0","0"
"0","0"
"0","0"
"0","0"
"0","0"
"0","0"
"0","0"
"1.6844682693481445","0.5"
"0","0"
"0.8123079538345337","0"
"0","0"
"0.8219490051269531","0"
"0.41855788230895996","0"
"0","0"
"0.2780824899673462","0"
"0","0"
"0","0"
"0","0"
"0","0"
"0.10397177189588547","0"
"0","0.5999999046325684"
"3.1861672401428223","0.9999998807907104"
"1.7661685943603516","1.999999761581421"
"2.5026369094848633","0.20000001788139343"
"1.1747318506240845","0.800000011920929"
"0","0.9999998807907104"
"0","0"
"0","0.20000001788139343"
"0","0"
"0","0.9999998807907104"
"0","0.5"
"0.2336713969707489","0.9999998807907104"
"0","0.09999991208314896"
"2.7616348266601562","0"
"1.9750617742538452","0"
"2.773521900177002","0"
"1.5188637971878052","0.09999991208314896"
"0","0.9999998807907104"
"0","0"
"0","0"
"0","0"
"0","0"
"0","0"
"0.49744912981987","0"
"0","0"
"0","0"
"0","0"
"0","0"
"0","0"
"0","0"
"0","0"
"0","0"
"0","0"
"0","0"
"0","0"
"0","0"
"0","0"
"0","0"
"0","0"
"0","0"
"0","0"
"0","0"
"0","0"
"0","0"
"0","0"
"0","0"
"0","0"
"1.1429377794265747","0.5"
"0","0"
"0","0"
"0","0"
"0","0"
"0.17855484783649445","0"
"0","0"
"0","0"
"0","0"
"0","0"
"0","0"
"0","0"
"0","0"
"2.2195863723754883","0.5999999046325684"
"6.518397808074951","0.9999998807907104"
"5.151974201202393","1.999999761581421"
"6.094455242156982","0.20000001788139343"
"2.281925678253174","0.800000011920929"
"2.001154661178589","0.9999998807907104"
"1.191382646560669","0"
"0","0.20000001788139343"
"0","0"
"0","0.9999998807907104"
"0","0.5"
"0.50154709815979","0.9999998807907104"
"2.1066110134124756","0.09999991208314896"
"3.801116943359375","0"
"2.3329944610595703","0"
"3.189639091491699","0"
"2.4096217155456543","0.09999991208314896"
"1.6615221500396729","0.9999998807907104"
"2.201852560043335","0"
"1.2491068840026855","0"
"1.1075942516326904","0"
"1.6597766876220703","0"
"0","0"
"0.8712718486785889","0"
"0","0"
"2.4163825511932373","0"
"1.306694507598877","0"
"2.1794378757476807","0"
"1.3081321716308594","0"
"0","0"
"0","0"
"0","0"
"0","0"
"0","0"
"0","0"
"0.4920448958873749","0"
"0","0"
"1.990106225013733","0"
"1.2110095024108887","0"
"1.9499105215072632","0"
"1.3377084732055664","0.09999991208314896"
"0","0"
"1.2040858268737793","0"
"0","0"
"0","0"
"0","0"
"0","0"
"0.9837222695350647","0"
"1.294273853302002","0.09999991208314896"
"1.9141416549682617","0"
"1.832442045211792","0"
"2.0986194610595703","0"
"1.5473756790161133","0.09999991208314896"
"1.0568498373031616","0.9999998807907104"
"1.3495584726333618","0"
"0.6673821806907654","0"
"0.9499855041503906","0"
"1.2246679067611694","0"
"0","0"
"0.8319272398948669","0"
"0","0"
"1.0940220355987549","0"
"0.8203255534172058","0"
"1.0995293855667114","0"
"0.6295974254608154","0"
"0","0"
"0","0"
"0","0"
"0","0"
"0","0"
"0","0"
"0.24624675512313843","0"
"0","0"
"1.4476404190063477","0"
"0","0"
"1.276125431060791","0"
"0.7981522083282471","0.09999991208314896"
"0","0"
"0","0"
"0","0"
"0","0"
"0","0"
"0","0"
"0.2795223891735077","0"
"0","0"
"0","0"
"0","0"
"0","0"
"0.6036386489868164","0"
"0","0"
"0","0"
"0","0"
"0","0"
"0","0"
"0","0"
"0.6921775341033936","0"
"0","0"
"0","0"
"0","0"
"0","0.20000001788139343"
"0.6331509947776794","0.20000001788139343"
"0","0"
"0.8193848729133606","0"
"0","0"
"0","0"
"0","0"
"0","0"
"1.221866250038147","0.6999999284744263"
"0","0"
"0","0"
"0","0"
"0","0"
"0.20209573209285736","0"
"0","0"
"0","0"
"0","0"
"0","0"
"0","0"
"0","0"
"0","0"
"0","0"
"0","0"
"0","0"
"0","0"
"1.0756415128707886","0"
"0","0"
"0","0"
"0","0"
"0","0"
"0","0"
"0","0"
"1.0375735759735107","0"
"0","0"
"0","0"
"0","0"
"0","0"
"0.6423913240432739","0"
"0","0"
"0","0"
"0","0"
"0","0"
"0","0"
"0","0"
"0.1646791249513626","0"
"0","0"
"0","0"
"0","0"
"0","0.20000001788139343"
"0","0.20000001788139343"
"0","0"
"0","0"
"0","0"
"0","0"
"0","0"
"0","0"
"0.7471152544021606","0.6999999284744263"
"0","0"
"0.7731599807739258","0"
"0.4117054045200348","0"
"0.7861858606338501","0"
"0.3258424997329712","0"
"0","0"
"0","0"
"0","0"
"0","0"
"0","0"
"0","0"
"0.20649349689483643","0"
"0","0"
"1.4177576303482056","0"
"0","0"
"0","0"
"1.1193336248397827","0"
"0","0"
"1.0947030782699585","0"
"0","0"
"0","0"
"0","0"
"0","0"
"0.8471119403839111","0"
"1.1221623420715332","0"
"2.7793819904327393","0"
"0","0"
"2.0833306312561035","0.09999991208314896"
"1.6347898244857788","0.30000007152557373"
"0","0"
"2.3774733543395996","0"
"2.592499017715454","0"
"1.9022722244262695","0"
"1.2739629745483398","0"
"2.248453378677368","0"
"2.6792256832122803","0.09999991208314896"
"4.7661590576171875","0"
"9.35662841796875","0"
"7.27306604385376","0"
"8.922207832336426","0"
"5.308464050292969","0"
"6.132571697235107","0"
"4.387021064758301","0"
"6.1907501220703125","0"
"2.986862897872925","0"
"3.369194269180298","0"
"3.8216395378112793","0.30000007152557373"
"4.359195232391357","0.800000011920929"
"2.918605089187622","0"
"5.9388532638549805","15"
"3.882132053375244","20.999996185302734"
"5.633142948150635","13.000000953674316"
"3.4062352180480957","0"
"2.603104591369629","0"
"1.9915597438812256","0"
"2.091762065887451","0"
"1.6443849802017212","0"
"1.7885769605636597","0"
"0","0"
"1.300269603729248","0.09999991208314896"
"0","0"
"0","0"
"0","0"
"0","0.09999991208314896"
"0.5559778213500977","0.30000007152557373"
"0","0"
"0.8113504648208618","0"
"0","0"
"0","0"
"0","0"
"0","0"
"1.3546807765960693","0.09999991208314896"
"3.8706796169281006","0"
"7.679558753967285","0"
"5.653099536895752","0"
"7.204266548156738","0"
"4.467284679412842","0"
"2.846527099609375","0"
"3.0040810108184814","0"
"4.803823471069336","0"
"2.7220804691314697","0"
"2.3388373851776123","0"
"3.1463496685028076","0.30000007152557373"
"3.8212344646453857","0.800000011920929"
"0.8020472526550293","0"
"1.8407045602798462","15"
"1.212092399597168","20.999996185302734"
"1.6933554410934448","13.000000953674316"
"0.9820616245269775","0"
"0.5626682043075562","0"
"0.5867738127708435","0"
"0","0"
"0","0"
"0","0"
"0","0"
"0.5628499984741211","0.09999991208314896"
"0","0"
"0","0"
"0","0.9999998807907104"
"0","0"
"1.2777929306030273","0"
"0","0"
"0","0"
"0","0"
"0","0"
"0","0"
"0","0"
"1.1780707836151123","0"
"3.5316147804260254","0"
"6.345876216888428","14.000000953674316"
"3.7464168071746826","4"
"5.301558971405029","23"
"4.260756492614746","0"
"2.9375107288360596","0"
"5.74050235748291","0"
"4.376763343811035","0"
"3.7521815299987793","0"
"3.473285675048828","0"
"3.6213724613189697","0"
"2.79496169090271","0"
"6.449001312255859","1.999999761581421"
"10.93912124633789","0"
"7.566699028015137","9"
"9.622465133666992","0.9999998807907104"
"6.769149303436279","7"
"5.7124342918396","5"
"5.780919075012207","0.9999998807907104"
"4.982204437255859","4"
"4.466268062591553","10.000000953674316"
"4.792510032653809","4"
"3.6562461853027344","7"
"4.043346405029297","0"
"3.5274248123168945","0"
"6.9640913009643555","0"
"4.148097991943359","0"
"6.3868184089660645","0"
"4.342591285705566","0"
"3.355712652206421","0"
"3.9250454902648926","0"
"3.88045334815979","0"
"3.6779167652130127","0"
"2.936251640319824","0"
"3.101412534713745","0"
"2.479033946990967","0"
"1.0988742113113403","0"
"2.174713611602783","0"
"2.4964756965637207","0.9999998807907104"
"2.5302882194519043","0"
"1.2282631397247314","0"
"1.2054914236068726","0"
"0.9063736200332642","0"
"0","0"
"0","0"
"0","0"
"0","0"
"0.6366750001907349","0"
"3.441596031188965","0"
"6.941584587097168","14.000000953674316"
"3.9592933654785156","4"
"5.789552211761475","23"
"3.8695735931396484","0"
"1.7592101097106934","0"
"3.2873642444610596","0"
"3.1908202171325684","0"
"2.537044048309326","0"
"2.066890001296997","0"
"2.1609854698181152","0"
"2.057176351547241","0"
"4.420102119445801","1.999999761581421"
"8.257169723510742","0"
"6.105641841888428","9"
"7.674370288848877","0.9999998807907104"
"4.652758598327637","7"
"4.543166160583496","5"
"3.5801870822906494","0.9999998807907104"
"3.3855173587799072","4"
"2.9632809162139893","10.000000953674316"
"2.6570286750793457","4"
"2.373795747756958","7"
"2.057445526123047","0"
"0.982843279838562","0"
"2.606130599975586","0"
"1.4076392650604248","0"
"2.373692035675049","0"
"1.5835375785827637","0"
"0","0"
"1.6648368835449219","0"
"1.3258777856826782","0"
"0","0"
"0","0"
"0","0"
"1.0072757005691528","0"
"2.7862133979797363","18.200000762939453"
"6.116970062255859","0"
"3.2666115760803223","0"
"5.1534013748168945","0"
"3.164609909057617","7"
"1.6344846487045288","0"
"3.627225875854492","0"
"2.774289846420288","0.30000007152557373"
"2.3237266540527344","0"
"1.5771409273147583","0.800000011920929"
"2.035997152328491","0.5"
"1.7639787197113037","0"
"1.8146319389343262","0"
"4.327700138092041","0"
"2.1927905082702637","0"
"3.757798671722412","0"
"2.210381031036377","0"
"1.0413740873336792","32.000003814697266"
"2.2310023307800293","0"
"2.3221468925476074","0"
"1.485953450202942","0.40000009536743164"
"0.7260810732841492","4"
"1.527320384979248","5"
"1.7161335945129395","0"
"1.263056993484497","0"
"2.2859668731689453","0"
"1.7654356956481934","0"
"2.5403547286987305","0"
"1.5883691310882568","0"
"1.3515350818634033","0"
"1.7731926441192627","0"
"2.248868942260742","0"
"1.8759889602661133","0"
"1.1341885328292847","0"
"1.8819074630737305","0"
"1.5490021705627441","0"
"4.975579738616943","18.200000762939453"
"11.077701568603516","0"
"5.756654739379883","0"
"8.743258476257324","0"
"5.963152885437012","7"
"2.621875762939453","0"
"4.931429862976074","0"
"3.189223051071167","0.30000007152557373"
"3.2824978828430176","0"
"3.3662161827087402","0.800000011920929"
"2.6235506534576416","0.5"
"2.4158434867858887","0"
"2.658083915710449","0"
"5.805455684661865","0"
"3.031144142150879","0"
"4.914045333862305","0"
"3.137742757797241","0"
"0.9572172164916992","32.000003814697266"
"1.922586441040039","0"
"1.8022797107696533","0"
"1.338277816772461","0.40000009536743164"
"0.949802815914154","4"
"1.1911362409591675","5"
"1.1002604961395264","0"
"0","0"
"0.9008549451828003","0"
"0","0"
"0","0"
"0.6935665607452393","0"
"0","0"
"0.8230214715003967","0"
"0","0"
"0","0"
"0","0"
"0","0"
"0.6850994825363159","0"
"0","0"
"0","0"
"0","0.20000001788139343"
"0","0"
"0.9049705266952515","2.1000001430511475"
"0","0"
"0","0"
"0","0"
"0","0"
"0","0"
"0","0"
"0","0"
"0","3"
"2.141005754470825","0"
"0","0"
"2.369039297103882","0"
"1.9562432765960693","5.999999523162842"
"0","0.20000001788139343"
"0","0"
"0","0"
"0","0"
"0","0"
"0","0"
"0","0"
"0","0"
"0","0"
"0","0"
"0","0"
"1.2032297849655151","0"
"0","0.09999991208314896"
"0","0"
"0","0"
"0","0"
"0","0"
"0","0"
"0","0"
"1.0147531032562256","0"
"1.6227333545684814","0"
"1.0787819623947144","0"
"1.74813973903656","0"
"1.5033820867538452","0"
"1.2616186141967773","0"
"2.3634867668151855","0"
"8.549845695495605","0"
"4.486144065856934","0"
"2.6679482460021973","0"
"9.21184253692627","0"
"9.44498062133789","0"
"0","0"
"0","0"
"0","0.20000001788139343"
"0","0"
"0.6470680832862854","2.1000001430511475"
"0","0"
"0","0"
"0","0"
"0","0"
"0","0"
"0","0"
"0.6514458656311035","0"
"0","3"
"0","0"
"0","0"
"0","0"
"0.7414624094963074","5.999999523162842"
"0","0.20000001788139343"
"0","0"
"0","0"
"0","0"
"0","0"
"0","0"
"0","0"
"0","0"
"0","0"
"0","0"
"0","0"
"0","0"
"0","0.09999991208314896"
"0","0"
"0","0"
"0","0"
"0","0"
"0","0"
"0","0"
"0","0"
"0","0"
"0","0"
"0","0"
"0","0"
"0","0"
"0","0"
"0","0"
"0","0"
"0","0"
"0","0"
"0","0"
"0","0"
"0","0"
"0","0"
"0","0"
"0","0"
"0","0.20000001788139343"
"1.2154669761657715","0"
"0","0"
"0","0"
"0","0"
"0","0"
"1.0919725894927979","0.9999998807907104"
"0","0"
"0","0"
"0","0"
"0","0"
"0","0.5"
"0","0.40000009536743164"
"0","0.09999991208314896"
"0","0"
"0","0"
"0","0"
"0","0"
"0.6827972531318665","0.40000009536743164"
"3.5622642040252686","0"
"8.102767944335938","0"
"4.769756317138672","5.999999523162842"
"7.5475640296936035","0"
"4.456191539764404","0"
"4.032076835632324","0"
"4.890116214752197","0"
"5.920766830444336","0"
"4.640945911407471","0"
"2.7483291625976562","0"
"3.6274564266204834","0"
"4.188668251037598","0.40000009536743164"
"0","0"
"0","0"
"0","0"
"1.1030842065811157","0"
"1.1885923147201538","0"
"0","0.20000001788139343"
"3.0308432579040527","0"
"6.502005100250244","0"
"4.25754976272583","0"
"2.073986053466797","0"
"5.803923606872559","0"
"10.779613494873047","0.9999998807907104"
"0","0"
"0","0"
"0","0"
"0","0"
"0","0.5"
"0","0.40000009536743164"
"0","0.09999991208314896"
"0","0"
"0","0"
"0","0"
"0","0"
"1.117222547531128","0.40000009536743164"
"0","0"
"0","0"
"0","5.999999523162842"
"0","0"
"0.36362162232398987","0"
"0","0"
"0.2922694683074951","0"
"0","0"
"0","0"
"0","0"
"0","0"
"0.5443607568740845","0.40000009536743164"
"8.13552474975586","11"
"19.794042587280273","13.000000953674316"
"13.17817211151123","11"
"19.872222900390625","9"
"9.798211097717285","22.0000057220459"
"4.187267780303955","10.000000953674316"
"5.322441577911377","5"
"4.034564018249512","3"
"3.2609634399414062","0"
"2.867220163345337","0"
"2.49752140045166","0"
"2.3623416423797607","0.30000007152557373"
"2.1807894706726074","5"
"3.4946706295013428","3"
"2.5902843475341797","0"
"3.2455859184265137","0.9999998807907104"
"2.544675350189209","7"
"1.9664642810821533","0.9999998807907104"
"2.8113245964050293","8"
"2.074089527130127","0.09999991208314896"
"1.8410588502883911","2.4000003337860107"
"1.8063387870788574","1.7000000476837158"
"1.8183544874191284","1.499999761581421"
"1.4079092741012573","8.79999828338623"
"0","0"
"0","0"
"0","0"
"0","0"
"0.3033630847930908","0"
"0","0"
"0.6342729926109314","0"
"1.0649070739746094","0"
"0","0"
"0","0"
"0","0"
"1.3296793699264526","0"
"0","0"
"0","0"
"0","0"
"0","0"
"0","0"
"0","0"
"0.5379558801651001","0"
"0","0"
"0","0"
"0","0"
"0","0"
"1.104690432548523","0"
"12.391542434692383","11"
"27.571626663208008","13.000000953674316"
"21.306325912475586","11"
"26.5081729888916","9"
"13.644475936889648","22.0000057220459"
"8.245809555053711","10.000000953674316"
"8.952330589294434","5"
"5.766490459442139","3"
"5.954553604125977","0"
"6.38458251953125","0"
"4.133210182189941","0"
"3.6393721103668213","0.30000007152557373"
"6.0512566566467285","5"
"5.219585418701172","3"
"5.407157897949219","0"
"6.013494968414307","0.9999998807907104"
"6.349539756774902","7"
"5.3628644943237305","0.9999998807907104"
"5.13223123550415","8"
"3.8982443809509277","0.09999991208314896"
"4.723111152648926","2.4000003337860107"
"5.935767650604248","1.7000000476837158"
"3.997023820877075","1.499999761581421"
"3.610379457473755","8.79999828338623"
"0","0"
"0","0"
"0","0"
"0","0"
"0.2614484429359436","0"
"0","0"
"0.2703063488006592","0"
"0","0"
"0","0"
"0","0"
"0","0"
"1.0261212587356567","0"
"0","0"
"0","0"
"0","0"
"0","0"
"0","0"
"0","0"
"0","0"
"0","0"
"0","0"
"0","0"
"0","0"
"0.6719182729721069","0"
"0","0"
"0","0.800000011920929"
"0","4"
"0","0.800000011920929"
"0","0"
"0","0"
"0","0"
"0","0"
"0","0"
"0","0"
"0","0"
"0.5774194598197937","0"
"0","0"
"0","0.30000007152557373"
"0","3"
"0","0.5999999046325684"
"0","0"
"0","0"
"0","0"
"0","0"
"0","0"
"0","0"
"0","0"
"0","0"
"0","0.09999991208314896"
"0","0"
"0","0"
"0","0"
"0.889382541179657","0.800000011920929"
"0","0"
"0","0.09999991208314896"
"0","0"
"0","0"
"0","0"
"0","0"
"0","0"
"0","0"
"0","0.800000011920929"
"0","4"
"0","0.800000011920929"
"0","0"
"0","0"
"0","0"
"0","0"
"0","0"
"0","0"
"0","0"
"1.4945770502090454","0"
"0","0"
"0","0.30000007152557373"
"0","3"
"0","0.5999999046325684"
"0","0"
"0","0"
"0","0"
"0","0"
"0","0"
"0","0"
"0","0"
"0","0"
"0","0.09999991208314896"
"0","0"
"0","0"
"0","0"
"0","0.800000011920929"
"0","0"
"0","0.09999991208314896"
"0","0"
"0","0"
"0","0"
"0","0"
"0","0"
"0","0"
"0","0"
"0","0"
"0","0"
"0","0"
"0","0"
"0","0"
"0","0"
"0","0"
"0","0"
"0","0"
"0","0"
"0","0"
"0","0"
"0","0"
"0","0"
"0","0"
"0","0"
"0","0"
"0","0"
"0","0"
"0","0"
"0","0"
"0","0"
"0","0"
"0","0"
"0","0"
"0","0"
"0","0"
"0","0"
"0","0"
"0","0"
"0","0"
"0","0"
"0","0"
"2.9198203086853027","0"
"0","0"
"0","0"
"0","0"
"0","0"
"0.3285727798938751","0"
"0","0"
"0.2666638195514679","0"
"0","0"
"0","0"
"0","0"
"0","0"
"0.6849278211593628","1.1000001430511475"
"0","0"
"0","0"
"0","0"
"0","0"
"0","0"
"0","0"
"0","0"
"0","0"
"0","0"
"0","0"
"0","0"
"0","0"
"0","0"
"0","0"
"0","0"
"0","0"
"0","0"
"0","0"
"0","0"
"0","0"
"0","0"
"0","0"
"0","0"
"0","0"
"0","0"
"0","0"
"0","0"
"0","0"
"0","0"
"0","0"
"0","0"
"0","0"
"0","0"
"0","0"
"0","0"
"1.5990029573440552","0"
"0","0"
"0","0"
"0","0"
"0","0"
"0","0"
"0","0"
"0","0"
"0","0"
"0","0"
"0","0"
"0","0"
"0.5371363162994385","1.1000001430511475"
"1.7478007078170776","0"
"4.454545497894287","0"
"2.4926271438598633","0"
"4.003729343414307","0.20000001788139343"
"2.179410934448242","0.09999991208314896"
"1.476935863494873","0"
"2.390638828277588","0"
"1.8794678449630737","0"
"1.4076762199401855","0"
"1.340733289718628","0"
"1.003021478652954","0"
"1.629070520401001","0.5999999046325684"
"0.41701674461364746","0"
"1.3455058336257935","0"
"0","0"
"1.2264701128005981","0"
"0.6464686989784241","0"
"0","0"
"0.23797070980072021","0"
"0.17379046976566315","0.09999991208314896"
"0.13838236033916473","0"
"0","0"
"0.03279798850417137","0"
"0.2928192913532257","0"
"0","0"
"0","0"
"0","0"
"0","0"
"0.8964998722076416","0"
"0","0"
"0.7947803735733032","0"
"0","0"
"0","0"
"0","0"
"0","0"
"1.0565624237060547","0"
"0","0"
"0","0"
"0","0"
"1.0846389532089233","0.20000001788139343"
"0.44459429383277893","0.09999991208314896"
"0","0"
"0.23847785592079163","0"
"0","0"
"0","0"
"0","0"
"0","0"
"0.6885491609573364","0.5999999046325684"
"0","0"
"0","0"
"0","0"
"0","0"
"0.34532228112220764","0"
"0","0"
"0","0"
"0","0.09999991208314896"
"0","0"
"0","0"
"0","0"
"0.018989812582731247","0"
"0","0"
"0","0"
"0","0"
"0","0"
"0","0"
"0","0"
"0","0"
"0","0"
"0","0"
"0","0"
"0","0"
"0.37847062945365906","0"
"0","0"
"0","0"
"0","0"
"0","0"
"0","0"
"0","0"
"0","0"
"0","0"
"0","0"
"0","0"
"0","0"
"1.815748929977417","0.20000001788139343"
"0","0"
"0","0"
"0","0"
"0","0"
"0","0"
"0","0"
"0","0"
"0","0"
"0","0"
"0","0"
"0","0"
"1.5475761890411377","0.09999991208314896"
"0","0"
"0","0"
"0","0"
"0","0"
"0","0"
"0","0"
"0","0"
"0","0"
"0","0"
"0","0"
"0","0"
"0","0"
"0","0"
"0","0"
"0","0"
"0","0"
"1.4240220785140991","0"
"0","0"
"2.6430649757385254","0"
"7.3198065757751465","0"
"4.095898628234863","0"
"0","0"
"6.020951747894287","0"
"9.582229614257812","0.6999999284744263"
"0","0"
"0","0"
"0","0"
"0","0"
"0","0"
"0","0"
"0","0"
"0","0"
"0","0"
"0","0"
"0","0"
"0","0.20000001788139343"
"0","0"
"0","0"
"0","0"
"0","0"
"0","0"
"0","0"
"0","0"
"0","0"
"0","0"
"0","0"
"0","0"
"2.082218647003174","0.09999991208314896"
"0","0"
"0","0"
"0","0"
"0","0"
"0","0"
"0","0"
"0","0"
"0","0"
"0","0"
"0","0"
"0","0"
"0","0"
"0","0"
"0","0"
"0","0"
"0","0"
"1.2564234733581543","0"
"0","0"
"2.823204755783081","0"
"13.05024528503418","0"
"7.242348670959473","0"
"0","0"
"12.528741836547852","0"
"24.49607276916504","0.6999999284744263"
"0","0"
"0","0"
"0","0"
"0","0"
"1.2165369987487793","0"
"0","0"
"1.6250085830688477","0"
"0","0"
"0","0"
"0","0"
"0","0"
"4.449882507324219","1.2000000476837158"
"0","0"
"1.9337369203567505","0"
"0","0"
"0","0"
"1.6082977056503296","0"
"0","0"
"1.3465288877487183","0"
"0","0"
"0","0"
"0","0"
"0","0"
"0","0"
"1.0318834781646729","0"
"1.9934582710266113","0"
"0","0"
"2.100551128387451","0"
"1.4529063701629639","0"
"0","0"
"1.8304431438446045","0"
"0","0"
"0","0"
"0","0"
"0","0"
"1.4385782480239868","0"
"0","0"
"0","0"
"0","0"
"0","0"
"3.2289960384368896","0"
"0","0"
"4.168692588806152","0"
"5.377219200134277","0"
"0","0"
"0","0"
"5.632976055145264","0"
"9.327116012573242","1.2000000476837158"
"0","0"
"0","0"
"0","0"
"0","0"
"1.33201003074646","0"
"0","0"
"1.148291826248169","0"
"0","0"
"0","0"
"0","0"
"0","0"
"0.8686888813972473","0"
"0","0"
"0","0"
"0","0"
"0","0"
"0","0"
"0","0"
"0","0"
"0","0"
"0","0"
"0","0"
"0","0"
"0","0"
"0","0"
"0","0"
"0","0"
"0","0"
"0","0"
"0","0"
"0","0"
"0","0"
"0","0"
"0","0"
"0","0"
"0","0"
"0","0"
"0","0"
"0","0"
"0","0"
"0","0"
"0","0"
"0","0"
"0","0"
"0","0"
"0","0"
"0","0"
"0","0"
"0","0"
"0","0"
"0","0"
"0","0"
"0","0"
"0","0"
"0","0"
"0","0"
"0","0"
"0","0"
"0","0"
"0","0"
"0","0"
"0","0"
"0","0"
"0","0"
"0","0"
"0","0"
"0","0"
"0","0"
"0","0"
"0","0"
"0","0"
"0","0"
"0","0"
"0","0"
"0","0"
"0","0"
"0","0"
"0","0"
"0","0"
"0","0"
"0","0"
"0","0"
"0","0"
"0","0"
"0","0"
"0","0"
"0","0"
"0","0"
"0","0"
"0","0"
"0","0"
"0","0"
"0","0"
"0","0"
"0","0"
"0","0"
"0","0"
"0","0"
"0","0"
"0","0"
"0","0"
"0","0"
"0","0"
"0","0"
"0","0"
"0","0"
"0","0"
"0","0"
"0","0"
"0","0"
"0","0"
"0","0"
"0","0"
"0","0"
"0","0"
"0","0"
"0","0"
"0","0"
"0","0"
"0","0"
"0","0"
"0","0.9999998807907104"
"0","0"
"0","0.09999991208314896"
"0","0"
"0","0"
"0","0"
"0","0"
"0","0"
"0","0"
"0","0"
"0","0"
"0.24733716249465942","0"
"0.9029553532600403","0"
"1.4923725128173828","0"
"2.0291216373443604","0"
"2.821535110473633","0"
"1.0496655702590942","0"
"5.963634967803955","0"
"5.017073154449463","0"
"4.7696638107299805","0"
"2.4677700996398926","0"
"2.817247152328491","1.999999761581421"
"2.780348539352417","4"
"5.952210903167725","0.9999998807907104"
"7.386704921722412","0"
"5.027096271514893","0"
"8.56230640411377","0"
"8.289743423461914","1.999999761581421"
"5.054540157318115","0"
"6.596171855926514","0"
"8.870757102966309","0"
"7.508608818054199","0"
"5.697916030883789","0"
"7.25128698348999","0"
"9.286319732666016","0"
"0","0"
"1.0814049243927002","0.9999998807907104"
"0","0"
"1.6754194498062134","0.09999991208314896"
"1.965075135231018","0"
"0","0"
"2.595364809036255","0"
"0","0"
"0","0"
"0","0"
"0","0"
"0","0"
"0","0"
"1.1426419019699097","0"
"0","0"
"1.6153485774993896","0"
"1.4909002780914307","0"
"0","0"
"2.9663209915161133","0"
"0","0"
"0","0"
"0","0"
"1.9713823795318604","1.999999761581421"
"2.038759469985962","4"
"3.289473056793213","0.9999998807907104"
"2.003408432006836","0"
"1.6993054151535034","0"
"2.6826422214508057","0"
"4.137125015258789","1.999999761581421"
"2.8409416675567627","0"
"4.564461708068848","0"
"8.084365844726562","0"
"5.644247055053711","0"
"3.7346081733703613","0"
"7.316756248474121","0"
"9.328312873840332","0"
"7.703891277313232","15"
"16.899593353271484","1.999999761581421"
"9.217723846435547","1.999999761581421"
"14.73886775970459","9"
"10.256227493286133","8"
"5.803821086883545","7"
"8.400601387023926","0.5"
"11.759132385253906","0"
"9.042576789855957","12.000001907348633"
"6.477591037750244","0"
"9.470699310302734","0.9999998807907104"
"13.716010093688965","0.40000009536743164"
"3.6765992641448975","23"
"7.157758712768555","10.000000953674316"
"6.205850124359131","12.000001907348633"
"7.2741289138793945","13.000000953674316"
"4.119852066040039","9"
"3.3463358879089355","26.00000762939453"
"2.6997594833374023","14.000000953674316"
"1.3442970514297485","7"
"1.3848249912261963","10.000000953674316"
"1.9853172302246094","18.000003814697266"
"1.560746192932129","0.9999998807907104"
"0.7198408246040344","2.6000001430511475"
"5.102858066558838","0"
"9.847076416015625","4"
"10.139492988586426","0"
"10.873618125915527","0.09999991208314896"
"5.45128059387207","8"
"4.732967376708984","0.20000001788139343"
"3.023231029510498","0"
"2.2431483268737793","0"
"1.5768086910247803","0"
"1.3413469791412354","0"
"1.9096436500549316","0.5999999046325684"
"1.8144025802612305","0"
"0","5"
"0","13.000000953674316"
"0","0"
"0","4"
"1.0829558372497559","5.999999523162842"
"0","14.000000953674316"
"1.649030089378357","0.5999999046325684"
"0","8.399998664855957"
"0","1.999999761581421"
"0","0.9999998807907104"
"0","16"
"1.5023179054260254","0"
"6.499631881713867","15"
"10.030885696411133","1.999999761581421"
"5.72248649597168","1.999999761581421"
"8.733287811279297","9"
"8.387081146240234","8"
"5.32337760925293","7"
"7.298644542694092","0.5"
"6.502518653869629","0"
"6.991467475891113","12.000001907348633"
"7.112551212310791","0"
"6.207698822021484","0.9999998807907104"
"8.231501579284668","0.40000009536743164"
"3.004868984222412","23"
"3.772080659866333","10.000000953674316"
"6.571837425231934","12.000001907348633"
"5.402721881866455","13.000000953674316"
"2.3685755729675293","9"
"3.9463584423065186","26.00000762939453"
"1.3165252208709717","14.000000953674316"
"1.170879602432251","7"
"1.0144951343536377","10.000000953674316"
"1.333428144454956","18.000003814697266"
"1.018662452697754","0.9999998807907104"
"0.8084380030632019","2.6000001430511475"
"2.832500696182251","0"
"5.452852725982666","4"
"4.0839524269104","0"
"5.219470977783203","0.09999991208314896"
"3.116121292114258","8"
"2.3201522827148438","0.20000001788139343"
"2.025653839111328","0"
"1.8704901933670044","0"
"1.6467747688293457","0"
"1.4958417415618896","0"
"1.8113621473312378","0.5999999046325684"
"1.2460277080535889","0"
"2.296187400817871","5"
"7.1439127922058105","13.000000953674316"
"4.059988021850586","0"
"6.644969463348389","4"
"4.063735008239746","5.999999523162842"
"1.4666104316711426","14.000000953674316"
"5.6491594314575195","0.5999999046325684"
"6.448713779449463","8.399998664855957"
"4.840713024139404","1.999999761581421"
"2.2729873657226562","0.9999998807907104"
"4.513659477233887","16"
"6.244667053222656","0"
"11.428812980651855","33"
"22.931747436523438","38.00000762939453"
"17.165691375732422","13.000000953674316"
"21.93059539794922","22.0000057220459"
"13.704267501831055","54.000003814697266"
"10.411635398864746","10.000000953674316"
"9.517012596130371","36.399993896484375"
"13.204278945922852","22.0000057220459"
"10.183083534240723","26.00000762939453"
"7.976442813873291","20.999996185302734"
"10.742490768432617","14.000000953674316"
"12.807157516479492","23"
"7.428607940673828","3.200000286102295"
"15.135607719421387","0.9999998807907104"
"11.434880256652832","11"
"14.026735305786133","0.9999998807907104"
"7.545679092407227","7.1999993324279785"
"6.95805549621582","5.999999523162842"
"4.707768440246582","5.999999523162842"
"3.5055465698242188","1.999999761581421"
"3.5720114707946777","1.999999761581421"
"3.9598350524902344","5.999999523162842"
"3.263146162033081","5"
"2.993288040161133","8"
"2.849343776702881","0"
"5.694031238555908","0"
"4.443669319152832","0"
"6.043549060821533","0"
"3.808061122894287","0"
"3.388770818710327","0"
"3.6628689765930176","0"
"4.007821559906006","0.09999991208314896"
"3.661036491394043","0"
"1.704403042793274","0"
"2.954686403274536","0"
"2.5061421394348145","0"
"15.596359252929688","33"
"22.086259841918945","38.00000762939453"
"21.934017181396484","13.000000953674316"
"23.502859115600586","22.0000057220459"
"19.030559539794922","54.000003814697266"
"17.635068893432617","10.000000953674316"
"13.14555549621582","36.399993896484375"
"11.34046459197998","22.0000057220459"
"12.243278503417969","26.00000762939453"
"15.202140808105469","20.999996185302734"
"11.34333324432373","14.000000953674316"
"13.392112731933594","23"
"5.2351531982421875","3.200000286102295"
"7.766045570373535","0.9999998807907104"
"9.736908912658691","11"
"8.542590141296387","0.9999998807907104"
"4.716712474822998","7.1999993324279785"
"5.904080390930176","5.999999523162842"
"2.7668464183807373","5.999999523162842"
"1.8594993352890015","1.999999761581421"
"2.1855297088623047","1.999999761581421"
"3.0121304988861084","5.999999523162842"
"1.9150662422180176","5"
"1.1282835006713867","8"
"4.74067497253418","0"
"9.061054229736328","0"
"7.6819634437561035","0"
"9.055154800415039","0"
"4.823480129241943","0"
"4.0463056564331055","0"
"2.652477264404297","0"
"2.3568196296691895","0.09999991208314896"
"2.301290273666382","0"
"2.1122231483459473","0"
"2.220028877258301","0"
"1.5648820400238037","0"
"1.9227205514907837","0"
"5.861511707305908","1.999999761581421"
"4.146669864654541","1.999999761581421"
"5.758083343505859","4"
"2.813575267791748","0.40000009536743164"
"1.3812588453292847","3.3999996185302734"
"2.153742551803589","0.09999991208314896"
"1.6946465969085693","0"
"1.3340580463409424","0.20000001788139343"
"0.8193610906600952","0"
"1.2655861377716064","0"
"1.4479100704193115","0.40000009536743164"
"0.8434373140335083","0"
"1.6727840900421143","0"
"1.3058476448059082","0"
"1.9132277965545654","0"
"1.4182870388031006","0"
"0","0"
"1.922582983970642","0"
"0","0"
"0","0"
"0","0.20000001788139343"
"1.6654696464538574","0"
"1.1418828964233398","0"
"0","0"
"0","0"
"0","0"
"0","0"
"0.7611478567123413","0"
"0","0"
"0","0"
"0","0"
"0","0"
"0","0"
"0","0"
"0","0"
"0","0"
"0","0"
"0","0"
"0","0"
"0.7744149565696716","0"
"0","0"
"0","0"
"0","0"
"0","0"
"0","0"
"0","0"
"0","0"
"7.261160850524902","0"
"13.311159133911133","1.999999761581421"
"12.575644493103027","1.999999761581421"
"13.496265411376953","4"
"7.914388656616211","0.40000009536743164"
"6.942336082458496","3.3999996185302734"
"5.623624801635742","0.09999991208314896"
"3.4950740337371826","0"
"4.4174675941467285","0.20000001788139343"
"5.113056182861328","0"
"4.156103610992432","0"
"3.2299656867980957","0.40000009536743164"
"0","0"
"0","0"
"0","0"
"0","0"
"0.728577733039856","0"
"0","0"
"0","0"
"0","0"
"0","0"
"0","0.20000001788139343"
"0","0"
"0","0"
"0","0"
"0","0"
"0","0"
"0","0"
"0","0"
"0","0"
"0","0"
"0","0"
"0","0"
"0","0"
"0","0"
"0","0"
"0","0"
"0","0"
"0","0"
"0","0"
"0","0"
"0","0"
"0","0"
"0","0"
"0","0"
"0","0"
"0","0"
"0","0"
"0","0"
"0","0"
"0","0"
"0","0"
"0","0"
"0","0"
"0","0"
"0","0"
"0","0"
"0","0"
"0","0"
"0","0"
"0.4331960678100586","0"
"1.1652452945709229","0"
"1.6382076740264893","0"
"2.368727684020996","0"
"3.498307943344116","0"
"1.3110196590423584","0"
"6.103653430938721","0"
"7.932231903076172","0"
"6.282099723815918","0"
"3.412454128265381","0"
"6.659351348876953","0"
"9.872342109680176","0"
"6.093500137329102","7"
"8.20528507232666","5.999999523162842"
"4.9706315994262695","0"
"8.80312728881836","0.9999998807907104"
"8.160250663757324","7"
"4.8621954917907715","3"
"5.955269813537598","0"
"8.422971725463867","8"
"8.689386367797852","0"
"4.894174575805664","1.999999761581421"
"7.954603672027588","0.5999999046325684"
"10.084668159484863","3"
"0","0"
"0","0"
"0","0"
"0","0"
"0","0"
"0","0"
"0","0"
"0","0"
"0","0"
"0","0"
"0","0"
"0","0"
"2.5231401920318604","0"
"2.7416205406188965","0"
"2.1672205924987793","0"
"3.1777541637420654","0"
"3.456672430038452","0"
"1.913857102394104","0"
"3.424818277359009","0"
"6.253082752227783","0"
"4.282111644744873","0"
"2.933854103088379","0"
"6.017062664031982","0"
"8.679765701293945","0"
"7.356078147888184","7"
"10.914478302001953","5.999999523162842"
"7.0749664306640625","0"
"10.324729919433594","0.9999998807907104"
"8.926838874816895","7"
"7.218828201293945","3"
"5.77244758605957","0"
"5.95402717590332","8"
"5.758358001708984","0"
"6.116338729858398","1.999999761581421"
"5.039187431335449","0.5999999046325684"
"6.6553497314453125","3"
"6.658244609832764","5.999999523162842"
"12.918876647949219","6.299999237060547"
"11.759265899658203","11"
"13.493690490722656","29.600000381469727"
"7.18043327331543","0.9999998807907104"
"6.5056867599487305","0"
"4.458364963531494","0"
"4.0797119140625","0"
"4.484021186828613","0"
"3.9706337451934814","0"
"3.584503650665283","0"
"4.092312812805176","0"
"5.489593505859375","15"
"9.625972747802734","0"
"7.224475860595703","0.09999991208314896"
"9.642998695373535","0"
"7.218760013580322","18.000003814697266"
"4.23419713973999","13.000000953674316"
"4.905634880065918","4.200000762939453"
"4.595660209655762","45"
"4.600491046905518","8"
"3.861785411834717","6.399999141693115"
"4.927278518676758","9"
"5.359354019165039","17"
"15.979660987854004","0"
"26.130420684814453","37"
"23.397388458251953","19.999996185302734"
"27.89263343811035","87.00000762939453"
"19.419837951660156","0"
"13.887237548828125","0"
"11.455368041992188","0"
"14.035390853881836","10.000000953674316"
"12.397523880004883","0"
"11.988101959228516","0"
"12.2853422164917","0"
"14.962016105651855","1.1000001430511475"
"10.014289855957031","5"
"24.028425216674805","7"
"20.921537399291992","7"
"25.671722412109375","9"
"12.008565902709961","3.3999996185302734"
"11.04100227355957","3"
"6.103737831115723","0.9999998807907104"
"7.378676414489746","0.09999991208314896"
"7.895910739898682","0.40000009536743164"
"5.347614288330078","0.8999999761581421"
"5.439340591430664","0.5"
"7.25197172164917","0.30000007152557373"
"11.8651123046875","5.999999523162842"
"22.429737091064453","6.299999237060547"
"21.910430908203125","11"
"22.68338966369629","29.600000381469727"
"12.249067306518555","0.9999998807907104"
"12.078636169433594","0"
"9.70069408416748","0"
"6.473992347717285","0"
"7.620364189147949","0"
"8.077771186828613","0"
"5.93742561340332","0"
"5.607765197753906","0"
"5.439844131469727","15"
"7.103867530822754","0"
"6.559652805328369","0.09999991208314896"
"7.6437788009643555","0"
"6.933628559112549","18.000003814697266"
"5.347055435180664","13.000000953674316"
"5.395269393920898","4.200000762939453"
"7.444484233856201","45"
"5.593183994293213","8"
"4.556510925292969","6.399999141693115"
"6.778369903564453","9"
"9.125210762023926","17"
"12.552104949951172","0"
"17.6190185546875","37"
"17.662715911865234","19.999996185302734"
"19.55316162109375","87.00000762939453"
"13.532971382141113","0"
"12.795292854309082","0"
"9.055150032043457","0"
"15.166213035583496","10.000000953674316"
"9.906830787658691","0"
"8.639739990234375","0"
"11.026344299316406","0"
"17.074363708496094","1.1000001430511475"
"8.660118103027344","5"
"11.508896827697754","7"
"10.892098426818848","7"
"13.452211380004883","9"
"10.598499298095703","3.3999996185302734"
"8.467225074768066","3"
"7.0108160972595215","0.9999998807907104"
"7.593568801879883","0.09999991208314896"
"5.927178382873535","0.40000009536743164"
"7.173600196838379","0.8999999761581421"
"5.915398597717285","0.5"
"9.897941589355469","0.30000007152557373"
"14.225624084472656","14.000000953674316"
"18.058988571166992","14.000000953674316"
"15.794090270996094","12.000001907348633"
"18.170080184936523","18.000003814697266"
"12.882850646972656","11"
"12.008081436157227","16"
"10.221872329711914","7"
"8.045366287231445","6.299999237060547"
"9.471470832824707","3.1000001430511475"
"10.808809280395508","3"
"7.298177719116211","0.9999998807907104"
"6.401535987854004","2.499999761581421"
"4.159659385681152","8"
"6.913907527923584","0"
"4.997554779052734","7"
"7.038630962371826","11"
"4.649855613708496","5.999999523162842"
"3.8940844535827637","12.000001907348633"
"2.9944748878479004","10.000000953674316"
"2.5705180168151855","11"
"3.057528257369995","5.999999523162842"
"3.0940206050872803","9"
"2.7663278579711914","3"
"3.7609148025512695","1.899999976158142"
"4.71380615234375","1.1000001430511475"
"10.306638717651367","26.00000762939453"
"8.200725555419922","0"
"10.875480651855469","12.000001907348633"
"5.812962532043457","1.1000001430511475"
"4.65280294418335","0"
"3.8320412635803223","5.999999523162842"
"5.33234977722168","4"
"4.085457801818848","0"
"2.8553333282470703","0"
"5.228604793548584","12.000001907348633"
"4.691675186157227","0"
"9.834990501403809","14.000000953674316"
"23.031875610351562","14.000000953674316"
"24.50783920288086","12.000001907348633"
"23.35851287841797","18.000003814697266"
"9.134509086608887","11"
"10.712089538574219","16"
"3.879298686981201","7"
"1.9278188943862915","6.299999237060547"
"1.9530084133148193","3.1000001430511475"
"2.5311126708984375","3"
"1.5053389072418213","0.9999998807907104"
"1.0625544786453247","2.499999761581421"
"9.854897499084473","8"
"11.464292526245117","0"
"13.905847549438477","7"
"13.06959056854248","11"
"9.37760066986084","5.999999523162842"
"8.573450088500977","12.000001907348633"
"5.460168838500977","10.000000953674316"
"3.287614107131958","11"
"4.446609973907471","5.999999523162842"
"6.822248458862305","9"
"3.1518402099609375","3"
"2.5416312217712402","1.899999976158142"
"5.546874046325684","1.1000001430511475"
"12.610762596130371","26.00000762939453"
"11.038298606872559","0"
"12.550909042358398","12.000001907348633"
"6.1323771476745605","1.1000001430511475"
"5.030057907104492","0"
"2.7926740646362305","5.999999523162842"
"3.082805633544922","4"
"2.16235613822937","0"
"1.7026405334472656","0"
"2.78338623046875","12.000001907348633"
"2.5636701583862305","0"
"0.811395525932312","0"
"1.9564942121505737","0"
"1.5556458234786987","0"
"2.252474069595337","0"
"1.4307628870010376","0"
"0","0"
"0","0"
"0","0"
"0","0"
"0","0"
"0","0"
"0","0"
"0","0"
"0.8543033599853516","0"
"0","0"
"0","0"
"0.9194004535675049","0"
"0","0"
"0","0"
"0","0"
"0","0"
"0","0"
"0","0"
"0","0"
"0.24155457317829132","0"
"0.991489589214325","0"
"1.1747673749923706","0"
"1.5979785919189453","0"
"1.1781057119369507","0"
"0","0"
"1.338083028793335","0"
"0","0"
"0","0"
"0","0"
"1.0934948921203613","0"
"1.3233758211135864","0"
"0.3831164836883545","0"
"0.9010747671127319","0"
"0","0"
"1.5316011905670166","0"
"1.2429008483886719","0"
"0.7802175283432007","0"
"2.1961052417755127","0"
"3.7720913887023926","0"
"2.533062219619751","0"
"1.2958074808120728","0"
"2.7283754348754883","0"
"3.5701239109039307","0"
"0","0"
"2.2610676288604736","0"
"1.8865528106689453","0"
"2.4172909259796143","0"
"1.6500422954559326","0"
"0","0"
"0","0"
"0","0"
"0","0"
"0","0"
"0","0"
"0","0"
"0","0"
"0","0"
"0","0"
"0","0"
"0","0"
"0","0"
"0","0"
"0","0"
"0","0"
"0","0"
"0","0"
"0","0"
"0","0"
"0.6073459386825562","0"
"0","0"
"0.9769211411476135","0"
"0.6745433211326599","0"
"0","0"
"0","0"
"0","0"
"0","0"
"0","0"
"0","0"
"0","0"
"0","0"
"0","0"
"0","0"
"0","0"
"0","0"
"0","0"
"0","0"
"0","0"
"0","0"
"0","0"
"1.390932559967041","0"
"1.9880733489990234","0"
"0","0"
"0","0"
"0","0"
"0","0"
"0","0"
"0","0"
"0","0"
"0","0"
"0","0"
"0","0"
"0","0"
"1.4403499364852905","0"
"0","0"
"0","0"
"0","0"
"0","0"
"0","0"
"0","0"
"0","0"
"0","0"
"0","0"
"0","0"
"0","0"
"0","0"
"0","0"
"0.9999464750289917","0"
"0","0"
"0","0"
"1.1940110921859741","0"
"0","0"
"1.7266544103622437","0"
"0","0"
"0","0"
"0","0"
"0","0"
"1.3745043277740479","0"
"0","0"
"0","0"
"0","0"
"0","0"
"0","0"
"0","0"
"0","0"
"0","0"
"0","0"
"0","0"
"0","0"
"0","0"
"0","0"
"0","0"
"0","0"
"0","0"
"0","0"
"0","0"
"0","0"
"0","0"
"0","0"
"0","0"
"0","0"
"0","0"
"0","0"
"0.7061026096343994","0"
"0.6882991194725037","0"
"1.0356992483139038","0"
"0.9608361124992371","0"
"0","0"
"1.7008934020996094","0"
"7.0310564041137695","0"
"3.2844882011413574","0"
"0","0"
"6.867278575897217","0"
"10.46776008605957","0"
"0","0"
"0","0"
"0","0"
"0","0"
"1.2187254428863525","0"
"0","0"
"2.414520740509033","0"
"3.194880485534668","53.000003814697266"
"2.1968562602996826","0"
"0","0"
"2.397264242172241","0"
"4.1069560050964355","0.09999991208314896"
"6.41586971282959","0"
"3.149282693862915","16"
"3.3837475776672363","4"
"4.924564361572266","38.00000762939453"
"7.687187671661377","0"
"4.811446189880371","1.1000001430511475"
"8.361492156982422","0"
"8.473341941833496","5"
"10.008414268493652","0"
"7.636222839355469","4"
"9.242035865783691","38.00000762939453"
"9.565168380737305","63.90000915527344"
"4.521869659423828","7"
"7.600924968719482","15"
"5.222743988037109","26.00000762939453"
"8.188250541687012","0"
"6.096160411834717","4"
"3.1083879470825195","0"
"4.884438514709473","0"
"5.797070026397705","0"
"5.2114644050598145","0"
"3.8511757850646973","0"
"5.768101215362549","0"
"6.397497653961182","13.000000953674316"
"4.3698577880859375","15"
"10.102304458618164","3"
"8.955192565917969","2.3000001907348633"
"11.809347152709961","8"
"6.012643337249756","7"
"4.751208305358887","11"
"4.1872687339782715","7"
"6.557976722717285","0.6999999284744263"
"5.288557052612305","5"
"2.9358208179473877","15"
"5.377410888671875","45"
"5.736312389373779","4"
"0.46335339546203613","0"
"0.9680730104446411","0"
"0.8563428521156311","0"
"1.258305549621582","0"
"1.4358837604522705","0"
"0","0"
"4.027895927429199","0"
"9.050105094909668","53.000003814697266"
"6.096789836883545","0"
"2.7084531784057617","0"
"9.33354663848877","0"
"14.613956451416016","0.09999991208314896"
"2.561788558959961","0"
"2.9621076583862305","16"
"0","4"
"3.4339146614074707","38.00000762939453"
"3.886704444885254","0"
"0","1.1000001430511475"
"5.3995208740234375","0"
"5.275330543518066","5"
"4.681504249572754","0"
"3.280625104904175","4"
"3.819575309753418","38.00000762939453"
"4.340421676635742","63.90000915527344"
"4.747733116149902","7"
"7.984551429748535","15"
"5.170476913452148","26.00000762939453"
"7.9913225173950195","0"
"6.3855791091918945","4"
"3.525036573410034","0"
"5.387452602386475","0"
"8.546106338500977","0"
"5.831624984741211","0"
"4.046842575073242","0"
"7.4993896484375","0"
"9.61151123046875","13.000000953674316"
"4.6813530921936035","15"
"6.901752471923828","3"
"4.978555202484131","2.3000001907348633"
"7.5034499168396","8"
"6.655581474304199","7"
"3.715158700942993","11"
"6.1942138671875","7"
"7.35109281539917","0.6999999284744263"
"6.526174068450928","5"
"4.954837322235107","15"
"7.249593734741211","45"
"9.29494857788086","4"
"2.874208450317383","0"
"5.859597206115723","4"
"3.6624374389648438","0"
"5.520410537719727","0"
"3.984757423400879","0"
"1.8795876502990723","0.09999991208314896"
"3.478818893432617","1.999999761581421"
"3.1803605556488037","19"
"3.4426989555358887","0"
"2.4703636169433594","0"
"3.220181941986084","1.3999998569488525"
"3.5392062664031982","0.5999999046325684"
"1.0187441110610962","5"
"3.2342307567596436","0.9999998807907104"
"2.6894803047180176","0"
"3.482679605484009","7"
"1.7950201034545898","8"
"0.8447778224945068","9.899999618530273"
"1.4681737422943115","0"
"0","0"
"0","0"
"0","0"
"0","0"
"2.340397357940674","0"
"0","0"
"0","0"
"0","0.6999999284744263"
"0","4"
"0.8134802579879761","0"
"0","0"
"0","0"
"0","0"
"0","0"
"0","0"
"0","0"
"1.5239503383636475","0"
"1.6227071285247803","0"
"2.6873860359191895","4"
"2.0759875774383545","0"
"2.9492952823638916","0"
"2.6967008113861084","0"
"0","0.09999991208314896"
"3.804111957550049","1.999999761581421"
"4.252182483673096","19"
"3.5662031173706055","0"
"2.2882654666900635","0"
"4.129202365875244","1.3999998569488525"
"5.554957389831543","0.5999999046325684"
"1.8011021614074707","5"
"3.893130302429199","0.9999998807907104"
"3.487117290496826","0"
"3.99045467376709","7"
"2.4527015686035156","8"
"1.6594427824020386","9.899999618530273"
"2.1926050186157227","0"
"0","0"
"0","0"
"1.1416690349578857","0"
"0","0"
"2.006491184234619","0"
"0","0"
"0","0"
"0","0.6999999284744263"
"0","4"
"0.7830539345741272","0"
"0","0"
"0","0"
"0","0"
"0","0"
"0","0"
"0","0"
"0","0"
"3.7800140380859375","0"
"9.188663482666016","0"
"8.713647842407227","5"
"9.299099922180176","1.999999761581421"
"4.665980339050293","0"
"4.411106109619141","0"
"2.6914868354797363","0"
"2.725858211517334","0"
"2.2117397785186768","0"
"2.09188175201416","0"
"2.9704041481018066","0"
"3.1207504272460938","0"
"2.887202024459839","0"
"5.241433143615723","0.9999998807907104"
"5.40722131729126","0"
"5.971350193023682","19.999996185302734"
"3.738377571105957","0"
"2.908738613128662","0"
"2.9318056106567383","9"
"2.261504650115967","5.999999523162842"
"1.8076565265655518","17"
"1.6468615531921387","8"
"2.2494051456451416","24.999998092651367"
"2.031892776489258","4"
"3.6783623695373535","0"
"5.912168025970459","0.09999991208314896"
"6.53770112991333","0"
"8.190204620361328","0"
"6.139081001281738","0"
"3.551365852355957","0"
"4.265714645385742","19"
"4.060566425323486","24.999998092651367"
"3.844815254211426","5"
"3.5343005657196045","0"
"3.926331043243408","17"
"5.0365519523620605","0"
"10.061588287353516","33"
"18.418502807617188","10.000000953674316"
"17.661865234375","0"
"21.352157592773438","4"
"12.564996719360352","42.000003814697266"
"11.16688346862793","3"
"7.757572650909424","38.99999237060547"
"10.730941772460938","1.999999761581421"
"9.27634048461914","6.799999237060547"
"6.336003303527832","32.000003814697266"
"10.672988891601562","1.999999761581421"
"9.71025562286377","11"
"0","0"
"3.0607450008392334","0"
"0","5"
"2.801344871520996","1.999999761581421"
"2.0651662349700928","0"
"0","0"
"0","0"
"0","0"
"0","0"
"0","0"
"0","0"
"1.730156421661377","0"
"2.9651339054107666","0"
"4.504367828369141","0.9999998807907104"
"4.479567527770996","0"
"4.888677597045898","19.999996185302734"
"3.4840891361236572","0"
"2.4631214141845703","0"
"0","9"
"0","5.999999523162842"
"0","17"
"0","8"
"0","24.999998092651367"
"1.8220748901367188","4"
"4.295248508453369","0"
"10.377815246582031","0.09999991208314896"
"9.950779914855957","0"
"11.360544204711914","0"
"5.714441299438477","0"
"4.600153923034668","0"
"3.734438419342041","19"
"3.9075825214385986","24.999998092651367"
"3.1142079830169678","5"
"2.4654746055603027","0"
"2.6496920585632324","17"
"2.0309395790100098","0"
"7.106671333312988","33"
"15.54746150970459","10.000000953674316"
"15.389078140258789","0"
"18.126924514770508","4"
"9.96082592010498","42.000003814697266"
"7.508235931396484","3"
"5.35634708404541","38.99999237060547"
"5.042655944824219","1.999999761581421"
"4.900193214416504","6.799999237060547"
"5.058685302734375","32.000003814697266"
"4.888357162475586","1.999999761581421"
"6.477767467498779","11"
"9.3265962600708","24.999998092651367"
"16.794057846069336","7"
"16.8490047454834","0.800000011920929"
"18.852977752685547","20.999996185302734"
"11.57287311553955","51.00000762939453"
"9.437993049621582","15"
"6.857602119445801","0.09999991208314896"
"5.298929691314697","19.999996185302734"
"5.450955390930176","0"
"6.395208835601807","0"
"4.884453296661377","0.09999991208314896"
"5.534783363342285","4"
"7.58955192565918","9.199999809265137"
"13.762845993041992","9"
"13.644978523254395","0.30000007152557373"
"16.688514709472656","0"
"9.969829559326172","13.000000953674316"
"7.530873775482178","14.000000953674316"
"6.241372108459473","0.09999991208314896"
"6.159961700439453","0.30000007152557373"
"6.198413372039795","0.09999991208314896"
"5.584115505218506","0.20000001788139343"
"5.8065972328186035","24.999998092651367"
"7.755374431610107","3.8999998569488525"
"8.034971237182617","0"
"16.917142868041992","4"
"14.25214672088623","40.00000762939453"
"17.895477294921875","64.00001525878906"
"9.367478370666504","37.099998474121094"
"7.998770713806152","2.9000000953674316"
"4.862638473510742","7.899998664855957"
"7.308818817138672","2.6999998092651367"
"6.43360710144043","7.5"
"3.9261999130249023","3"
"5.8379058837890625","4"
"9.34286880493164","30.99999237060547"
"10.727692604064941","24.999998092651367"
"22.608318328857422","7"
"22.140993118286133","0.800000011920929"
"23.654762268066406","20.999996185302734"
"13.51435661315918","51.00000762939453"
"10.556719779968262","15"
"9.407003402709961","0.09999991208314896"
"7.539911270141602","19.999996185302734"
"7.205639839172363","0"
"8.116927146911621","0"
"6.294197082519531","0.09999991208314896"
"7.7898850440979","4"
"16.94205093383789","9.199999809265137"
"14.374266624450684","9"
"13.794656753540039","0.30000007152557373"
"16.840856552124023","0"
"21.92562484741211","13.000000953674316"
"14.883100509643555","14.000000953674316"
"16.238143920898438","0.09999991208314896"
"20.32781982421875","0.30000007152557373"
"17.802345275878906","0.09999991208314896"
"16.267229080200195","0.20000001788139343"
"17.549711227416992","24.999998092651367"
"23.1313419342041","3.8999998569488525"
"12.219417572021484","0"
"21.729049682617188","4"
"18.954082489013672","40.00000762939453"
"22.068950653076172","64.00001525878906"
"13.587584495544434","37.099998474121094"
"13.98546314239502","2.9000000953674316"
"9.704537391662598","7.899998664855957"
"14.419164657592773","2.6999998092651367"
"9.909985542297363","7.5"
"7.353586196899414","3"
"9.530155181884766","4"
"13.280381202697754","30.99999237060547"
"6.44536018371582","0"
"13.039212226867676","0"
"12.766641616821289","34.000003814697266"
"15.097705841064453","14.000000953674316"
"8.758650779724121","0"
"7.903680801391602","3"
"6.0123138427734375","0"
"6.810414791107178","0"
"4.8530073165893555","0"
"4.753905296325684","0"
"5.049029350280762","0"
"8.845479011535645","0"
"6.001646995544434","32.000003814697266"
"10.888971328735352","18.499998092651367"
"10.713184356689453","19"
"12.39303970336914","19.999996185302734"
"8.249526977539062","2.499999761581421"
"6.046308994293213","5"
"6.274456024169922","0"
"4.525914669036865","0"
"5.019143104553223","0"
"5.079171657562256","3"
"5.018215179443359","0"
"5.510141849517822","0"
"6.858415126800537","52.00000762939453"
"11.648552894592285","22.0000057220459"
"12.870504379272461","45"
"15.444415092468262","114.00000762939453"
"9.571845054626465","91.09999084472656"
"7.343565940856934","11"
"6.455076217651367","138.99998474121094"
"6.826964378356934","63"
"6.352473735809326","41.099998474121094"
"5.234923839569092","68"
"5.674041748046875","33"
"8.69292163848877","71"
"10.424517631530762","0"
"15.82551097869873","9"
"16.16251564025879","4"
"20.2723388671875","5"
"14.212800979614258","5.999999523162842"
"12.201397895812988","12.000001907348633"
"9.13365650177002","4"
"13.997261047363281","13.000000953674316"
"11.672625541687012","5"
"7.399229526519775","37"
"11.26131534576416","3"
"15.276334762573242","0.9999998807907104"
"5.168381214141846","0"
"10.090801239013672","0"
"11.886948585510254","34.000003814697266"
"11.17828369140625","14.000000953674316"
"5.564143180847168","0"
"6.780948162078857","3"
"4.055859088897705","0"
"5.56468391418457","0"
"4.165602207183838","0"
"3.02817440032959","0"
"5.242872714996338","0"
"7.738719940185547","0"
"10.213659286499023","32.000003814697266"
"14.170310974121094","18.499998092651367"
"14.5659818649292","19"
"16.503686904907227","19.999996185302734"
"14.007881164550781","2.499999761581421"
"10.049566268920898","5"
"9.152099609375","0"
"8.417033195495605","0"
"8.29896354675293","0"
"9.067434310913086","3"
"6.674715518951416","0"
"7.91270112991333","0"
"11.532605171203613","52.00000762939453"
"20.33500099182129","22.0000057220459"
"18.982593536376953","45"
"22.545520782470703","114.00000762939453"
"14.262815475463867","91.09999084472656"
"12.694523811340332","11"
"9.06423282623291","138.99998474121094"
"13.375778198242188","63"
"9.408390045166016","41.099998474121094"
"7.3813958168029785","68"
"10.560905456542969","33"
"12.867951393127441","71"
"11.868437767028809","0"
"18.58173370361328","9"
"17.31492042541504","4"
"21.459117889404297","5"
"15.087196350097656","5.999999523162842"
"10.968321800231934","12.000001907348633"
"9.997517585754395","4"
"11.534852981567383","13.000000953674316"
"10.633882522583008","5"
"8.863336563110352","37"
"10.029863357543945","3"
"12.730048179626465","0.9999998807907104"
"13.4785737991333","0"
"15.900617599487305","0"
"17.49877166748047","0"
"19.11511993408203","0"
"15.254587173461914","40.00000762939453"
"12.28380012512207","0"
"11.720681190490723","0"
"12.381875038146973","0"
"12.131017684936523","13.000000953674316"
"10.126089096069336","0"
"10.82383918762207","0"
"12.225056648254395","0"
"6.248618125915527","9.099998474121094"
"7.224083423614502","1.999999761581421"
"11.337640762329102","1.999999761581421"
"10.931947708129883","13.000000953674316"
"7.461850643157959","11.100001335144043"
"7.635817527770996","1.999999761581421"
"4.175152778625488","0.8999999761581421"
"4.18397331237793","0"
"4.279048919677734","0.20000001788139343"
"5.350058555603027","28.000003814697266"
"4.554573059082031","0.5"
"6.199223518371582","0"
"9.960310935974121","4"
"10.159517288208008","8"
"13.947842597961426","3"
"15.75551986694336","4"
"13.07121753692627","8"
"11.225988388061523","0"
"8.355937957763672","5.09999942779541"
"11.781473159790039","3"
"10.536348342895508","0.9999998807907104"
"8.039239883422852","0.9999998807907104"
"10.148039817810059","3.6999998092651367"
"15.116968154907227","70.00001525878906"
"6.5599751472473145","0"
"2.816824436187744","0"
"5.929193496704102","0"
"5.597542762756348","0"
"8.19180679321289","40.00000762939453"
"8.418234825134277","0"
"7.153014183044434","0"
"3.9845335483551025","0"
"5.685892105102539","13.000000953674316"
"8.704594612121582","0"
"5.457718849182129","0"
"4.295727729797363","0"
"8.70949935913086","9.099998474121094"
"12.802112579345703","1.999999761581421"
"13.55892276763916","1.999999761581421"
"13.74288558959961","13.000000953674316"
"9.479928016662598","11.100001335144043"
"8.713488578796387","1.999999761581421"
"5.02548885345459","0.8999999761581421"
"3.376880407333374","0"
"4.249518394470215","0.20000001788139343"
"5.7688422203063965","28.000003814697266"
"4.117631912231445","0.5"
"3.613664150238037","0"
"12.944036483764648","4"
"23.173999786376953","8"
"20.069305419921875","3"
"24.74079704284668","4"
"16.628427505493164","8"
"12.935190200805664","0"
"11.315581321716309","5.09999942779541"
"13.412609100341797","3"
"10.585142135620117","0.9999998807907104"
"8.743204116821289","0.9999998807907104"
"10.231192588806152","3.6999998092651367"
"14.551261901855469","70.00001525878906"
"17.64521026611328","35.999996185302734"
"30.468814849853516","35.999996185302734"
"31.43388557434082","20.999996185302734"
"36.51383590698242","19.999996185302734"
"21.499069213867188","45.99999237060547"
"16.95380973815918","8.199999809265137"
"12.696676254272461","3"
"15.441144943237305","30.99999237060547"
"12.159379959106445","8"
"10.597557067871094","17"
"13.922140121459961","20.800003051757812"
"19.12989616394043","9"
"13.092432975769043","0.5999999046325684"
"10.517187118530273","42.000003814697266"
"14.614737510681152","26.00000762939453"
"14.261567115783691","28.000003814697266"
"14.721488952636719","2.200000286102295"
"13.942842483520508","0.09999991208314896"
"11.103336334228516","0.9999998807907104"
"10.946393013000488","15"
"11.366533279418945","13.000000953674316"
"12.123477935791016","0"
"10.686508178710938","5"
"14.64263916015625","38.00000762939453"
"9.9696626663208","1.3999998569488525"
"13.77234935760498","15"
"13.55405044555664","13.000000953674316"
"16.627216339111328","8"
"11.933022499084473","1.8000000715255737"
"9.08637809753418","4.90000057220459"
"7.373502254486084","0"
"6.636303901672363","0.9999998807907104"
"7.389634609222412","0"
"7.961151599884033","0"
"6.426875591278076","0.9999998807907104"
"8.046692848205566","0"
"12.246328353881836","0"
"21.36162567138672","37"
"19.29972267150879","4.700000286102295"
"25.252670288085938","37"
"14.663971900939941","0"
"13.288494110107422","0"
"9.001922607421875","0.30000007152557373"
"10.016923904418945","0"
"9.440126419067383","0"
"7.1368865966796875","0"
"8.610126495361328","0"
"9.812519073486328","0"
"15.406381607055664","35.999996185302734"
"28.80120086669922","35.999996185302734"
"27.45417022705078","20.999996185302734"
"29.075929641723633","19.999996185302734"
"17.723297119140625","45.99999237060547"
"14.953300476074219","8.199999809265137"
"12.041788101196289","3"
"11.93922233581543","30.99999237060547"
"10.586263656616211","8"
"10.879966735839844","17"
"10.791585922241211","20.800003051757812"
"12.508010864257812","9"
"15.649831771850586","0.5999999046325684"
"28.29842185974121","42.000003814697266"
"25.75979995727539","26.00000762939453"
"29.872692108154297","28.000003814697266"
"17.681373596191406","2.200000286102295"
"12.794398307800293","0.09999991208314896"
"11.220209121704102","0.9999998807907104"
"14.330145835876465","15"
"10.611061096191406","13.000000953674316"
"8.88117790222168","0"
"10.992624282836914","5"
"16.121074676513672","38.00000762939453"
"11.34075927734375","1.3999998569488525"
"15.108236312866211","15"
"16.212310791015625","13.000000953674316"
"18.592876434326172","8"
"13.177448272705078","1.8000000715255737"
"11.752830505371094","4.90000057220459"
"8.917712211608887","0"
"12.355888366699219","0.9999998807907104"
"9.621084213256836","0"
"8.172211647033691","0"
"10.486677169799805","0.9999998807907104"
"15.9658784866333","0"
"9.854732513427734","0"
"18.616350173950195","37"
"13.70746898651123","4.700000286102295"
"19.439964294433594","37"
"13.11760425567627","0"
"8.575545310974121","0"
"9.9188232421875","0.30000007152557373"
"10.288082122802734","0"
"9.464792251586914","0"
"7.642610549926758","0"
"9.645848274230957","0"
"12.08946704864502","0"
"7.849812984466553","0"
"16.968690872192383","5"
"13.122364044189453","0"
"17.46421241760254","47"
"10.146174430847168","0.30000007152557373"
"5.795289993286133","0.5999999046325684"
"7.500834941864014","0"
"5.055063247680664","0"
"4.831514358520508","0"
"3.374347448348999","0.8999999761581421"
"4.297731876373291","0.5"
"4.1639509201049805","31.499998092651367"
"5.17434549331665","0.09999991208314896"
"11.702475547790527","0"
"12.851819038391113","0"
"14.789863586425781","4"
"6.904964923858643","2.9000000953674316"
"5.508495807647705","14.000000953674316"
"3.922729969024658","19.999996185302734"
"2.925583839416504","0.40000009536743164"
"2.740647792816162","9"
"1.9692797660827637","12.000001907348633"
"1.8025026321411133","0"
"3.06868052482605","65.99998474121094"
"2.392681360244751","9.400001525878906"
"6.4514970779418945","73.00000762939453"
"11.263812065124512","3"
"13.193079948425293","68"
"4.360687732696533","7"
"3.1151835918426514","9"
"1.6289677619934082","5"
"1.3978121280670166","2.799999713897705"
"0.8893018960952759","0.9999998807907104"
"1.2807559967041016","5"
"0.5945162773132324","0.09999991208314896"
"2.1691513061523438","0"
"4.946281433105469","0"
"10.189679145812988","5"
"9.165607452392578","0"
"11.283025741577148","47"
"7.278517723083496","0.30000007152557373"
"4.353280067443848","0.5999999046325684"
"7.435601711273193","0"
"5.315272331237793","0"
"5.562732219696045","0"
"4.496191501617432","0.8999999761581421"
"4.568267345428467","0.5"
"5.634614944458008","31.499998092651367"
"6.798589706420898","0.09999991208314896"
"9.15876579284668","0"
"10.154889106750488","0"
"11.148551940917969","4"
"8.268850326538086","2.9000000953674316"
"6.148514747619629","14.000000953674316"
"6.055777549743652","19.999996185302734"
"6.523685932159424","0.40000009536743164"
"5.61187744140625","9"
"5.348569869995117","12.000001907348633"
"6.950291156768799","0"
"6.793223857879639","65.99998474121094"
"5.187664985656738","9.400001525878906"
"9.53918170928955","73.00000762939453"
"10.914816856384277","3"
"11.897029876708984","68"
"6.160807132720947","7"
"5.246458053588867","9"
"3.158306837081909","5"
"2.4776129722595215","2.799999713897705"
"2.3270792961120605","0.9999998807907104"
"2.671708345413208","5"
"2.032655954360962","0.09999991208314896"
"2.2084269523620605","0"
"5.552305698394775","0"
"15.549697875976562","16"
"16.4141788482666","5.999999523162842"
"18.732925415039062","19"
"7.597796440124512","0.5999999046325684"
"6.402308940887451","0"
"4.345728874206543","0"
"2.9161529541015625","0"
"2.7394020557403564","0"
"2.9080770015716553","0"
"2.1422576904296875","0"
"2.825960397720337","5.999999523162842"
"11.729560852050781","20.299999237060547"
"21.25876808166504","0"
"19.23773193359375","23"
"23.166439056396484","8"
"14.478462219238281","7.40000057220459"
"11.262569427490234","4.3000006675720215"
"9.651192665100098","0"
"8.064373016357422","0"
"8.569727897644043","0"
"8.183633804321289","0"
"7.456631183624268","0"
"8.409034729003906","28.9999942779541"
"12.710041999816895","0.5999999046325684"
"16.84708595275879","5.999999523162842"
"16.352720260620117","15"
"19.02155113220215","8"
"13.998684883117676","1.8000000715255737"
"12.322542190551758","0"
"10.137801170349121","0.20000001788139343"
"11.120142936706543","3"
"10.637678146362305","0.5999999046325684"
"8.815777778625488","0.5"
"9.914077758789062","0.9999998807907104"
"11.453592300415039","0.8999999761581421"
"15.929795265197754","35.999996185302734"
"20.481714248657227","79"
"21.27651596069336","19"
"26.185379028320312","63"
"18.27550506591797","16.80000114440918"
"15.736140251159668","16.099998474121094"
"11.995626449584961","24.5000057220459"
"15.042977333068848","9"
"12.629388809204102","19.400005340576172"
"10.125736236572266","1.3999998569488525"
"10.647796630859375","13.000000953674316"
"14.987035751342773","4.099999904632568"
"7.171842575073242","0"
"17.279876708984375","16"
"17.026996612548828","5.999999523162842"
"18.084575653076172","19"
"8.3452730178833","0.5999999046325684"
"6.847527503967285","0"
"4.203307151794434","0"
"3.3519725799560547","0"
"2.823505163192749","0"
"2.576371192932129","0"
"3.1849312782287598","0"
"3.255526304244995","5.999999523162842"
"3.075143814086914","20.299999237060547"
"5.363781929016113","0"
"8.665633201599121","23"
"8.256606101989746","8"
"4.198274612426758","7.40000057220459"
"3.803422451019287","4.3000006675720215"
"3.529414176940918","0"
"2.434469699859619","0"
"2.2588553428649902","0"
"2.296130657196045","0"
"1.1844713687896729","0"
"1.1622761487960815","28.9999942779541"
"5.447123050689697","0.5999999046325684"
"16.733430862426758","5.999999523162842"
"13.570496559143066","15"
"16.78182601928711","8"
"7.388482570648193","1.8000000715255737"
"4.014247417449951","0"
"3.4903640747070312","0.20000001788139343"
"2.7571334838867188","3"
"2.3439815044403076","0.5999999046325684"
"1.791330099105835","0.5"
"1.6483237743377686","0.9999998807907104"
"1.4991015195846558","0.8999999761581421"
"13.151944160461426","35.999996185302734"
"29.89617347717285","79"
"28.042404174804688","19"
"33.63810348510742","63"
"16.35641860961914","16.80000114440918"
"14.863319396972656","16.099998474121094"
"11.63351058959961","24.5000057220459"
"11.219844818115234","9"
"9.379434585571289","19.400005340576172"
"8.138534545898438","1.3999998569488525"
"8.55395221710205","13.000000953674316"
"12.807062149047852","4.099999904632568"
"16.514877319335938","85.00003051757812"
"16.270090103149414","19"
"18.76129722595215","8.199999809265137"
"17.538516998291016","44.000003814697266"
"15.830826759338379","65.99998474121094"
"16.236499786376953","22.899999618530273"
"12.735990524291992","58.299991607666016"
"13.416770935058594","58.000003814697266"
"12.125126838684082","70.00001525878906"
"12.664626121520996","73.00000762939453"
"11.170831680297852","99.00000762939453"
"14.643210411071777","24.000001907348633"
"12.877251625061035","3"
"3.5174560546875","0"
"7.255090713500977","0"
"7.270665645599365","0"
"15.140044212341309","4"
"14.890277862548828","8"
"13.567474365234375","3"
"13.833051681518555","1.999999761581421"
"14.890517234802246","19"
"16.26610565185547","9"
"13.87869644165039","11"
"16.633207321166992","16"
"1.025862216949463","0"
"2.492959499359131","0"
"1.9108572006225586","5"
"2.8280580043792725","0"
"1.694310188293457","0"
"0","0"
"1.9338467121124268","0"
"0","10.000000953674316"
"0","0"
"0","0"
"0","0"
"3.4722671508789062","1.999999761581421"
"17.08745574951172","85.00003051757812"
"19.548770904541016","19"
"19.096290588378906","8.199999809265137"
"20.916650772094727","44.000003814697266"
"20.074665069580078","65.99998474121094"
"17.73237419128418","22.899999618530273"
"15.722933769226074","58.299991607666016"
"19.54690933227539","58.000003814697266"
"16.975046157836914","70.00001525878906"
"15.74716854095459","73.00000762939453"
"17.042016983032227","99.00000762939453"
"24.190872192382812","24.000001907348633"
"9.41063117980957","3"
"5.65585994720459","0"
"6.511137962341309","0"
"7.0058465003967285","0"
"10.983612060546875","4"
"10.391609191894531","8"
"9.883312225341797","3"
"19.680160522460938","1.999999761581421"
"13.906658172607422","19"
"10.108539581298828","9"
"14.856486320495605","11"
"25.96942901611328","16"
"3.0486185550689697","0"
"3.1507515907287598","0"
"3.0968480110168457","5"
"4.152796745300293","0"
"4.246953964233398","0"
"3.25785493850708","0"
"3.1967811584472656","0"
"3.274510622024536","10.000000953674316"
"3.340351104736328","0"
"3.049337387084961","0"
"3.0776002407073975","0"
"5.309671878814697","1.999999761581421"
"3.8569462299346924","0.20000001788139343"
"9.208911895751953","4"
"6.720775604248047","0"
"9.622961044311523","3"
"5.747900485992432","5"
"3.575443744659424","1.999999761581421"
"3.977308988571167","9"
"3.7401647567749023","7"
"3.522420644760132","2.3000001907348633"
"2.6686596870422363","0"
"3.289517879486084","9"
"4.785506248474121","2.200000286102295"
"6.199276447296143","0"
"11.199398040771484","14.499999046325684"
"10.154237747192383","0.5"
"11.759563446044922","0"
"7.490555286407471","3"
"5.6771016120910645","0"
"6.382948398590088","4"
"5.844343662261963","0.9999998807907104"
"5.739529609680176","2.6000001430511475"
"4.267110824584961","0.5999999046325684"
"6.102869987487793","0.09999991208314896"
"5.565603256225586","0"
"5.190792083740234","0"
"10.696616172790527","4"
"12.400321960449219","3.1000001430511475"
"13.3636474609375","0.800000011920929"
"7.430006504058838","0"
"4.925292015075684","0"
"4.061740875244141","0"
"3.600548267364502","0"
"3.7261056900024414","0"
"3.3976125717163086","0"
"2.84263014793396","0"
"3.661020278930664","0"
"10.3101806640625","0"
"22.101207733154297","8"
"26.222854614257812","0.9999998807907104"
"29.530908584594727","0.800000011920929"
"15.021804809570312","0"
"13.482012748718262","0"
"8.441071510314941","0"
"10.665360450744629","0"
"7.616793155670166","0"
"6.096375942230225","0"
"6.717236518859863","0"
"9.425594329833984","0"
"5.146041393280029","0.20000001788139343"
"8.601606369018555","4"
"7.469076156616211","0"
"9.020288467407227","3"
"7.025618553161621","5"
"4.834384918212891","1.999999761581421"
"5.265513896942139","9"
"5.97259521484375","7"
"5.399369239807129","2.3000001907348633"
"4.696890830993652","0"
"5.414493560791016","9"
"7.894360542297363","2.200000286102295"
"3.9930152893066406","0"
"6.329928398132324","14.499999046325684"
"5.993536949157715","0.5"
"7.008411884307861","0"
"5.188047409057617","3"
"3.517681121826172","0"
"4.168765068054199","4"
"4.145843505859375","0.9999998807907104"
"3.8229830265045166","2.6000001430511475"
"3.2080183029174805","0.5999999046325684"
"3.968428134918213","0.09999991208314896"
"4.026721954345703","0"
"3.3121583461761475","0"
"9.872440338134766","4"
"7.495327949523926","3.1000001430511475"
"10.258018493652344","0.800000011920929"
"5.0990681648254395","0"
"2.9793407917022705","0"
"3.1265039443969727","0"
"3.5774223804473877","0"
"2.412029981613159","0"
"1.4118268489837646","0"
"2.285390853881836","0"
"2.7294070720672607","0"
"1.4270089864730835","0"
"4.883197784423828","8"
"5.802148342132568","0.9999998807907104"
"6.428738594055176","0.800000011920929"
"2.435659170150757","0"
"1.622506856918335","0"
"1.3896652460098267","0"
"0.8718928694725037","0"
"0.7245274782180786","0"
"0.7644476890563965","0"
"0.44815793633461","0"
"0.6484570503234863","0"
"4.6413774490356445","0"
"12.402501106262207","0.5999999046325684"
"12.709012031555176","0.40000009536743164"
"14.523046493530273","1.3999998569488525"
"6.805392265319824","4"
"4.122846603393555","0.9999998807907104"
"3.692462921142578","0"
"2.4366819858551025","0"
"2.313891649246216","0"
"2.1527745723724365","0.20000001788139343"
"1.4653924703598022","0"
"1.6386991739273071","1.999999761581421"
"5.7524800300598145","12.000001907348633"
"12.72793960571289","34.400001525878906"
"13.43735408782959","29.600000381469727"
"14.837108612060547","5"
"7.211123466491699","24.000001907348633"
"6.375855922698975","0"
"4.683584213256836","0"
"4.927748680114746","26.00000762939453"
"3.195037841796875","38.00000762939453"
"2.1153078079223633","0"
"4.639648914337158","38.99999237060547"
"5.067281723022461","0"
"2.954439878463745","3.1000001430511475"
"9.007040977478027","0.9999998807907104"
"12.371407508850098","14.000000953674316"
"12.78773021697998","11.69999885559082"
"4.863801002502441","1.3000000715255737"
"3.347594738006592","0.5999999046325684"
"1.6508668661117554","8.199999809265137"
"1.7996046543121338","0"
"1.256216287612915","0"
"0.7887158393859863","0"
"1.1381385326385498","7"
"1.7050931453704834","0"
"2.7246899604797363","0"
"9.287904739379883","0.5999999046325684"
"10.346048355102539","0.40000009536743164"
"11.242284774780273","1.3999998569488525"
"4.609796047210693","4"
"2.7559244632720947","0.9999998807907104"
"2.9840710163116455","0"
"2.136483907699585","0"
"1.8616974353790283","0"
"1.5822798013687134","0.20000001788139343"
"0.9375007748603821","0"
"0.7976347208023071","1.999999761581421"
"6.195712566375732","12.000001907348633"
"13.909071922302246","34.400001525878906"
"16.629520416259766","29.600000381469727"
"17.16091537475586","5"
"8.172093391418457","24.000001907348633"
"6.255456447601318","0"
"4.078408241271973","0"
"2.896040201187134","26.00000762939453"
"2.624530792236328","38.00000762939453"
"2.616464376449585","0"
"2.0810351371765137","38.99999237060547"
"2.119906187057495","0"
"3.9046154022216797","3.1000001430511475"
"12.085183143615723","0.9999998807907104"
"12.883781433105469","14.000000953674316"
"13.982097625732422","11.69999885559082"
"5.261354446411133","1.3000000715255737"
"4.5456390380859375","0.5999999046325684"
"2.4080255031585693","8.199999809265137"
"1.8988877534866333","0"
"1.4507399797439575","0"
"1.4951740503311157","0"
"1.1428699493408203","7"
"1.644972801208496","0"
"13.182185173034668","11.90000057220459"
"24.421966552734375","14.000000953674316"
"26.162321090698242","16.59999656677246"
"30.257097244262695","18.299997329711914"
"17.42978858947754","4.700000286102295"
"13.803964614868164","11"
"10.604255676269531","41.80000305175781"
"10.81215763092041","28.9999942779541"
"10.083885192871094","16"
"8.580005645751953","54.99999237060547"
"9.702533721923828","15"
"11.942914962768555","0"
"11.346586227416992","2.1000001430511475"
"20.933969497680664","13.000000953674316"
"22.878498077392578","4.200000762939453"
"23.576068878173828","4"
"11.526289939880371","0"
"11.684369087219238","0"
"7.991828918457031","0"
"5.875661373138428","0"
"6.524898529052734","8"
"5.449519157409668","12.000001907348633"
"5.265739440917969","8.199999809265137"
"5.786886692047119","0"
"3.031710147857666","0"
"9.059187889099121","14.000000953674316"
"13.3331937789917","9"
"12.738836288452148","1.999999761581421"
"3.990335702896118","0.20000001788139343"
"3.530991554260254","0"
"2.155808448791504","0"
"1.6242750883102417","0"
"1.3666726350784302","0"
"1.0192080736160278","0"
"0.5836491584777832","0.09999991208314896"
"0.8568262457847595","0"
"1.8925498723983765","0"
"6.9520487785339355","0.5999999046325684"
"9.180723190307617","0.09999991208314896"
"9.475008964538574","1.999999761581421"
"3.1433331966400146","0"
"1.9768121242523193","0"
"0.7278422713279724","0"
"1.113640308380127","0"
"0.607265830039978","0"
"0.2494562566280365","0"
"0.5566012263298035","0"
"1.1010608673095703","0"
"12.974869728088379","11.90000057220459"
"26.528459548950195","14.000000953674316"
"27.362564086914062","16.59999656677246"
"27.05777359008789","18.299997329711914"
"13.836365699768066","4.700000286102295"
"13.950557708740234","11"
"9.27519416809082","41.80000305175781"
"10.145421981811523","28.9999942779541"
"8.567358016967773","16"
"7.349273204803467","54.99999237060547"
"10.090734481811523","15"
"11.679622650146484","0"
"6.959356784820557","2.1000001430511475"
"10.530202865600586","13.000000953674316"
"12.060245513916016","4.200000762939453"
"12.306930541992188","4"
"7.597792625427246","0"
"6.821228504180908","0"
"4.772831916809082","0"
"4.790721893310547","0"
"4.314337730407715","8"
"4.0433173179626465","12.000001907348633"
"4.885603904724121","8.199999809265137"
"4.713080406188965","0"
"1.0594955682754517","0"
"3.178004026412964","14.000000953674316"
"2.5516209602355957","9"
"3.4794318675994873","1.999999761581421"
"1.6283245086669922","0.20000001788139343"
"0","0"
"0","0"
"0","0"
"0","0"
"0","0"
"0","0.09999991208314896"
"0","0"
"0.4817720651626587","0"
"2.7433969974517822","0.5999999046325684"
"2.5860893726348877","0.09999991208314896"
"3.4784884452819824","1.999999761581421"
"1.280076503753662","0"
"0.40357616543769836","0"
"0.920855700969696","0"
"0","0"
"0","0"
"0","0"
"0","0"
"0","0"
"5.075860977172852","13.000000953674316"
"9.638391494750977","5.8000006675720215"
"11.992385864257812","26.89999771118164"
"12.62382698059082","10.000000953674316"
"6.8719916343688965","15"
"5.096802711486816","5.999999523162842"
"4.187543869018555","24.900005340576172"
"4.222682952880859","34.000003814697266"
"4.2702836990356445","35"
"3.7801074981689453","30.0000057220459"
"3.9044482707977295","19"
"4.431480407714844","36.79999542236328"
"3.954350471496582","4"
"9.14401626586914","5.59999942779541"
"10.012874603271484","30.09999656677246"
"11.094725608825684","30.99999237060547"
"5.225633144378662","4"
"3.8177051544189453","13.000000953674316"
"2.8654637336730957","2.1000001430511475"
"2.6724252700805664","7"
"2.574127197265625","5.999999523162842"
"2.023294448852539","7"
"2.3973617553710938","0"
"3.2913658618927","0"
"2.1753528118133545","0.5"
"6.141495704650879","0.5"
"5.911796569824219","1.899999976158142"
"7.533143997192383","3"
"3.0360236167907715","0"
"2.2411651611328125","0"
"1.5168697834014893","0"
"1.8491508960723877","0.5"
"1.6213555335998535","0"
"0.7674651145935059","0.09999991208314896"
"1.8266615867614746","0"
"1.4128895998001099","3"
"7.649266242980957","13.000000953674316"
"22.539878845214844","5.8000006675720215"
"20.619712829589844","26.89999771118164"
"22.93484115600586","10.000000953674316"
"10.58353042602539","15"
"6.948632717132568","5.999999523162842"
"6.672503471374512","24.900005340576172"
"5.66718864440918","34.000003814697266"
"4.65079402923584","35"
"3.3354341983795166","30.0000057220459"
"4.456304550170898","19"
"6.0734100341796875","36.79999542236328"
"6.391292095184326","4"
"14.630258560180664","5.59999942779541"
"15.584402084350586","30.09999656677246"
"16.219867706298828","30.99999237060547"
"7.381701469421387","4"
"5.83172082901001","13.000000953674316"
"3.6369447708129883","2.1000001430511475"
"3.25126576423645","7"
"2.541423797607422","5.999999523162842"
"1.7777040004730225","7"
"2.375048875808716","0"
"2.3869991302490234","0"
"2.145707368850708","0.5"
"5.006875991821289","0.5"
"5.003958702087402","1.899999976158142"
"5.837183952331543","3"
"2.8669090270996094","0"
"1.8949681520462036","0"
"1.5829848051071167","0"
"1.3876769542694092","0.5"
"1.1920230388641357","0"
"0.8747336864471436","0.09999991208314896"
"1.2297098636627197","0"
"0.8869482278823853","3"
"2.426180362701416","9"
"9.11863899230957","0.20000001788139343"
"10.939454078674316","0.09999991208314896"
"11.075525283813477","1.899999976158142"
"3.3424832820892334","16"
"2.877908229827881","0"
"1.3065533638000488","9"
"0.8646662831306458","0.5"
"0.587359607219696","10.099998474121094"
"0.4883468747138977","11"
"0.2955206036567688","22.0000057220459"
"0.6416442394256592","3"
"5.8913679122924805","52.00000762939453"
"15.600177764892578","4.799999237060547"
"17.873960494995117","7"
"18.504100799560547","16.099998474121094"
"7.403972625732422","59.9999885559082"
"5.164074897766113","5.999999523162842"
"3.3245415687561035","0"
"2.031235694885254","0.09999991208314896"
"2.083920478820801","0"
"1.8941744565963745","0"
"1.253165602684021","0"
"1.4838199615478516","17"
"7.145572662353516","0.9999998807907104"
"16.27755355834961","0.20000001788139343"
"22.31270980834961","0.9999998807907104"
"21.11414337158203","2.799999713897705"
"8.150476455688477","4"
"8.148055076599121","9"
"4.195158004760742","0"
"3.425278902053833","0.800000011920929"
"3.4029195308685303","0"
"2.9105324745178223","0"
"2.548279285430908","0"
"3.726198673248291","4"
"3.9930837154388428","27.10000228881836"
"10.7275390625","5"
"14.70315933227539","15"
"15.061320304870605","29.200000762939453"
"5.701286315917969","17"
"5.427402973175049","13.000000953674316"
"2.2583000659942627","34.000003814697266"
"2.8458411693573","14.000000953674316"
"2.145247220993042","27.000001907348633"
"1.78691828250885","5.999999523162842"
"2.0103073120117188","1.999999761581421"
"3.167750358581543","10.000000953674316"
"3.726447582244873","9"
"7.876546382904053","0.20000001788139343"
"11.43814468383789","0.09999991208314896"
"10.268987655639648","1.899999976158142"
"4.1587114334106445","16"
"4.197385787963867","0"
"2.797109365463257","9"
"1.5885381698608398","0.5"
"1.7295448780059814","10.099998474121094"
"1.7897350788116455","11"
"1.5106327533721924","22.0000057220459"
"1.6613752841949463","3"
"3.5553641319274902","52.00000762939453"
"7.998640060424805","4.799999237060547"
"11.692903518676758","7"
"10.22974681854248","16.099998474121094"
"4.163529396057129","59.9999885559082"
"3.909292221069336","5.999999523162842"
"1.5184438228607178","0"
"1.017065405845642","0.09999991208314896"
"0.9245137572288513","0"
"1.2321478128433228","0"
"0.773636519908905","0"
"0.7279019355773926","17"
"4.005957126617432","0.9999998807907104"
"7.481842994689941","0.20000001788139343"
"9.077996253967285","0.9999998807907104"
"10.535955429077148","2.799999713897705"
"6.0755462646484375","4"
"4.363900661468506","9"
"4.26796817779541","0"
"3.5020642280578613","0.800000011920929"
"3.235220193862915","0"
"2.9980030059814453","0"
"2.2037291526794434","0"
"3.2025814056396484","4"
"11.610835075378418","27.10000228881836"
"18.671878814697266","5"
"19.718900680541992","15"
"23.116594314575195","29.200000762939453"
"15.689774513244629","17"
"12.067795753479004","13.000000953674316"
"10.038947105407715","34.000003814697266"
"11.028217315673828","14.000000953674316"
"10.744634628295898","27.000001907348633"
"9.174511909484863","5.999999523162842"
"9.947955131530762","1.999999761581421"
"13.527061462402344","10.000000953674316"
"3.635158061981201","5.999999523162842"
"3.7333474159240723","5"
"4.969727516174316","1.999999761581421"
"5.408241271972656","3"
"5.007489204406738","5.999999523162842"
"4.3571929931640625","3"
"4.857813358306885","7"
"3.915228843688965","0"
"4.051609039306641","0"
"4.155390739440918","7"
"5.255429267883301","0.9999998807907104"
"4.712870121002197","0"
"2.3627452850341797","0"
"2.5408124923706055","0"
"3.154327630996704","0"
"3.7116570472717285","0"
"5.003238677978516","0"
"3.655313014984131","0"
"4.6763811111450195","0"
"8.955476760864258","0.20000001788139343"
"5.833773612976074","0"
"4.394563674926758","0"
"8.758373260498047","0"
"14.166593551635742","0"
"4.18325662612915","0"
"3.6494598388671875","0"
"3.1336822509765625","0"
"4.65772008895874","0"
"6.338513374328613","0"
"4.520534515380859","0"
"4.707939624786377","0"
"8.805549621582031","0"
"6.103392601013184","0"
"4.655853748321533","0"
"8.408374786376953","0"
"11.21466064453125","0"
"3.3914079666137695","5.999999523162842"
"4.703845500946045","5"
"4.62898063659668","1.999999761581421"
"5.500826358795166","3"
"4.323104381561279","5.999999523162842"
"3.6422853469848633","3"
"3.3932526111602783","7"
"2.1661417484283447","0"
"2.8445074558258057","0"
"3.09281063079834","7"
"2.8333566188812256","0.9999998807907104"
"3.180008888244629","0"
"0","0"
"0","0"
"0","0"
"0","0"
"1.1215239763259888","0"
"0","0"
"1.1129432916641235","0"
"0","0.20000001788139343"
"0","0"
"0","0"
"0","0"
"2.5565505027770996","0"
"0","0"
"0","0"
"0","0"
"0","0"
"1.6043914556503296","0"
"0","0"
"1.9478923082351685","0"
"2.7783703804016113","0"
"1.88991117477417","0"
"0","0"
"2.39646577835083","0"
"2.436338424682617","0"
"14.574661254882812","8"
"14.078730583190918","11"
"9.845796585083008","8"
"14.584321975708008","9"
"18.145000457763672","9"
"12.10781478881836","0.8999999761581421"
"18.583232879638672","3"
"46.79706954956055","14.000000953674316"
"28.34619903564453","3"
"16.16946029663086","0"
"34.97488784790039","4"
"71.68584442138672","4"
"9.325998306274414","8"
"15.407629013061523","5"
"16.162466049194336","1.1000001430511475"
"16.92091941833496","20.999996185302734"
"10.003549575805664","9"
"8.701982498168945","5.09999942779541"
"7.367964267730713","1.999999761581421"
"11.042757034301758","15"
"7.898229122161865","9"
"5.585206508636475","24.000001907348633"
"8.052602767944336","3"
"11.65769100189209","8"
"8.458112716674805","9"
"10.01681900024414","3"
"11.03441333770752","0.30000007152557373"
"13.196593284606934","0"
"9.98951530456543","32.000003814697266"
"8.490371704101562","4"
"7.837547779083252","7"
"12.137962341308594","1.999999761581421"
"9.033473014831543","5"
"7.003420829772949","0"
"9.756333351135254","10.000000953674316"
"16.134811401367188","5.999999523162842"
"5.21746301651001","1.999999761581421"
"5.848339557647705","0"
"5.193941116333008","0"
"7.0974016189575195","0"
"6.997114658355713","0.6999999284744263"
"4.831809997558594","0"
"5.374322891235352","0"
"10.223135948181152","0"
"6.270146369934082","0"
"4.230856895446777","0"
"6.5947394371032715","1.999999761581421"
"13.542346954345703","0.9999998807907104"
"16.22589683532715","8"
"32.31538772583008","11"
"22.27386474609375","8"
"28.905080795288086","9"
"22.948768615722656","9"
"12.969156265258789","0.8999999761581421"
"20.299501419067383","3"
"20.767730712890625","14.000000953674316"
"19.00394058227539","3"
"14.681231498718262","0"
"15.628646850585938","4"
"17.535221099853516","4"
"9.026266098022461","8"
"9.65108871459961","5"
"11.777193069458008","1.1000001430511475"
"11.973760604858398","20.999996185302734"
"9.910399436950684","9"
"8.669401168823242","5.09999942779541"
"7.607678413391113","1.999999761581421"
"8.1830472946167","15"
"7.722047328948975","9"
"6.251396179199219","24.000001907348633"
"5.726544380187988","3"
"8.979496002197266","8"
"3.9843101501464844","9"
"5.893928050994873","3"
"7.1913957595825195","0.30000007152557373"
"7.579893112182617","0"
"4.918990612030029","32.000003814697266"
"4.821964740753174","4"
"3.7455551624298096","7"
"5.377764701843262","1.999999761581421"
"3.9747684001922607","5"
"2.823207378387451","0"
"3.9055778980255127","10.000000953674316"
"7.168817520141602","5.999999523162842"
"2.458559036254883","1.999999761581421"
"4.934161186218262","0"
"5.971994400024414","0"
"6.470585823059082","0"
"3.8297359943389893","0.6999999284744263"
"3.3025028705596924","0"
"3.8827261924743652","0"
"5.796999454498291","0"
"3.939323663711548","0"
"2.667287588119507","0"
"4.592459201812744","1.999999761581421"
"9.850452423095703","0.9999998807907104"
"1.2819106578826904","0"
"1.82438325881958","0"
"2.0572314262390137","7"
"2.5784192085266113","97.00001525878906"
"2.3141658306121826","0"
"1.1889575719833374","0"
"3.0261011123657227","0"
"4.464975357055664","0"
"3.4587602615356445","0"
"2.1653318405151367","0"
"4.460200309753418","0"
"6.904277324676514","0"
"0.8470965623855591","0"
"1.7128753662109375","11"
"1.9921867847442627","14.000000953674316"
"2.5332441329956055","36.29999923706055"
"1.7850514650344849","8"
"0","0.6999999284744263"
"1.8425571918487549","0"
"3.9533514976501465","0"
"2.326343536376953","0"
"1.18587327003479","47.999996185302734"
"3.701619863510132","0"
"6.531546592712402","0"
"2.950556755065918","0"
"3.863006114959717","4"
"4.343276500701904","14.000000953674316"
"5.204282760620117","12.000001907348633"
"4.2252726554870605","0.9999998807907104"
"4.292585849761963","0.40000009536743164"
"4.8339128494262695","0"
"12.943172454833984","0"
"7.097428321838379","0"
"5.399379730224609","0"
"11.255630493164062","0"
"20.738821029663086","0"
"2.3835582733154297","0"
"6.583878993988037","0"
"8.005712509155273","7"
"7.575404167175293","97.00001525878906"
"2.8770534992218018","0"
"3.353026866912842","0"
"1.7265945672988892","0"
"1.224959373474121","0"
"1.1345630884170532","0"
"0.8973244428634644","0"
"1.165009617805481","0"
"1.473930835723877","0"
"3.804107904434204","0"
"7.528890609741211","11"
"9.63163948059082","14.000000953674316"
"8.854896545410156","36.29999923706055"
"3.8761022090911865","8"
"4.840402603149414","0.6999999284744263"
"1.8405989408493042","0"
"1.6305408477783203","0"
"1.3372265100479126","0"
"1.1248716115951538","47.999996185302734"
"1.3459858894348145","0"
"1.2384175062179565","0"
"1.2140508890151978","0"
"3.588282585144043","4"
"3.497129440307617","14.000000953674316"
"3.799820899963379","12.000001907348633"
"1.7193915843963623","0.9999998807907104"
"1.4312938451766968","0.40000009536743164"
"0.9237663149833679","0"
"0","0"
"0","0"
"0","0"
"0","0"
"1.1081807613372803","0"
"0.4568589925765991","0"
"1.5687224864959717","0"
"2.036191463470459","0.9999998807907104"
"2.150456190109253","0"
"0.9186608791351318","0"
"0.6535687446594238","0"
"0","0"
"0","0"
"0","0"
"0","0"
"0","0"
"0.9783992171287537","4"
"2.6029303073883057","0"
"4.643144607543945","0"
"5.218305587768555","3"
"5.200564861297607","0"
"2.656362771987915","0"
"2.8388171195983887","0"
"2.069514274597168","0"
"1.4879206418991089","0"
"1.3748743534088135","0"
"1.2309048175811768","0"
"2.0268030166625977","0"
"1.5072095394134521","0"
"7.010562419891357","10.099998474121094"
"14.441017150878906","17"
"17.944339752197266","0.40000009536743164"
"19.051939010620117","7.1999993324279785"
"9.591758728027344","18.000003814697266"
"7.912809371948242","0"
"5.371034145355225","0.20000001788139343"
"4.279447555541992","7"
"4.611643314361572","0.20000001788139343"
"4.231546401977539","0"
"3.6637771129608154","0.30000007152557373"
"4.900374412536621","0"
"15.414770126342773","13.499999046325684"
"21.581811904907227","48.99999237060547"
"23.998428344726562","11.69999885559082"
"27.14739418029785","52.20000076293945"
"19.59964370727539","35"
"16.632415771484375","22.0000057220459"
"10.201979637145996","4"
"10.382476806640625","8"
"9.956849098205566","1.8000000715255737"
"11.161810874938965","0.9999998807907104"
"8.88405990600586","2.6999998092651367"
"11.29523754119873","0"
"1.5718176364898682","0"
"1.9003090858459473","0"
"2.7063069343566895","0.9999998807907104"
"2.676100730895996","0"
"2.1047613620758057","0"
"1.6254878044128418","0"
"1.8458497524261475","0"
"0","0"
"0","0"
"0","0"
"0","0"
"0","4"
"1.637175440788269","0"
"3.4188361167907715","0"
"2.9559712409973145","3"
"3.61714243888855","0"
"2.3715806007385254","0"
"1.220984697341919","0"
"1.582890510559082","0"
"0","0"
"0","0"
"0","0"
"0","0"
"1.3220926523208618","0"
"10.87419319152832","10.099998474121094"
"21.114412307739258","17"
"19.75031280517578","0.40000009536743164"
"24.100847244262695","7.1999993324279785"
"14.637418746948242","18.000003814697266"
"10.731778144836426","0"
"8.099296569824219","0.20000001788139343"
"12.774977684020996","7"
"9.273998260498047","0.20000001788139343"
"7.332596778869629","0"
"10.829633712768555","0.30000007152557373"
"15.669465065002441","0"
"14.668188095092773","13.499999046325684"
"22.122901916503906","48.99999237060547"
"24.688188552856445","11.69999885559082"
"27.645618438720703","52.20000076293945"
"17.7895565032959","35"
"16.696094512939453","22.0000057220459"
"13.31020736694336","4"
"13.251909255981445","8"
"11.138181686401367","1.8000000715255737"
"9.91336727142334","0.9999998807907104"
"10.284213066101074","2.6999998092651367"
"15.335527420043945","0"
"12.70094108581543","7.40000057220459"
"11.982854843139648","0"
"13.256619453430176","27.89999771118164"
"16.433454513549805","20.999996185302734"
"15.017404556274414","15"
"11.47755241394043","17.799997329711914"
"13.272896766662598","1.999999761581421"
"12.87524700164795","10.000000953674316"
"12.569828987121582","0.5"
"11.040916442871094","13.000000953674316"
"10.547605514526367","1.999999761581421"
"13.271330833435059","0.9999998807907104"
"12.260380744934082","42.000003814697266"
"14.805279731750488","6.500000476837158"
"13.761945724487305","22.0000057220459"
"17.41636085510254","37"
"14.515480041503906","12.000001907348633"
"10.717557907104492","9.199999809265137"
"10.938764572143555","5"
"11.786688804626465","38.99999237060547"
"12.045459747314453","30.0000057220459"
"9.499725341796875","5"
"10.11760139465332","11.500000953674316"
"13.015707969665527","1.2000000476837158"
"18.250621795654297","28.000003814697266"
"27.584121704101562","11"
"24.891281127929688","3"
"31.051753997802734","10.000000953674316"
"20.036237716674805","23"
"21.444313049316406","14.000000953674316"
"12.755205154418945","14.000000953674316"
"14.146292686462402","19.999996185302734"
"12.040375709533691","18.000003814697266"
"11.415783882141113","10.000000953674316"
"13.526185035705566","24.5000057220459"
"13.637295722961426","5.8000006675720215"
"8.099393844604492","7.40000057220459"
"5.810782432556152","0"
"9.095773696899414","27.89999771118164"
"8.77294635772705","20.999996185302734"
"10.629280090332031","15"
"11.661901473999023","17.799997329711914"
"8.840227127075195","1.999999761581421"
"7.753024101257324","10.000000953674316"
"8.123302459716797","0.5"
"9.782633781433105","13.000000953674316"
"7.258459091186523","1.999999761581421"
"9.013670921325684","0.9999998807907104"
"15.286163330078125","42.000003814697266"
"15.101516723632812","6.500000476837158"
"18.04637908935547","22.0000057220459"
"18.236738204956055","37"
"17.197023391723633","12.000001907348633"
"17.29323959350586","9.199999809265137"
"12.597807884216309","5"
"12.833515167236328","38.99999237060547"
"13.53836727142334","30.0000057220459"
"12.571517944335938","5"
"10.956209182739258","11.500000953674316"
"11.486162185668945","1.2000000476837158"
"12.997895240783691","28.000003814697266"
"21.20160675048828","11"
"19.538761138916016","3"
"22.09610939025879","10.000000953674316"
"13.469749450683594","23"
"14.142674446105957","14.000000953674316"
"8.968071937561035","14.000000953674316"
"11.860223770141602","19.999996185302734"
"9.044734954833984","18.000003814697266"
"7.1314897537231445","10.000000953674316"
"10.100138664245605","24.5000057220459"
"10.732172012329102","5.8000006675720215"
"15.07873821258545","10.000000953674316"
"22.440189361572266","30.0000057220459"
"22.519390106201172","7"
"26.408397674560547","9"
"18.650728225708008","8"
"16.631555557250977","11.599998474121094"
"13.635602951049805","19.999996185302734"
"15.48990249633789","30.0000057220459"
"13.097198486328125","13.000000953674316"
"11.807334899902344","5.999999523162842"
"14.543652534484863","7"
"18.51862335205078","3"
"16.358013153076172","43.000003814697266"
"19.683094024658203","12.000001907348633"
"18.649383544921875","16"
"22.00550651550293","28.000003814697266"
"19.452926635742188","43.000003814697266"
"16.706703186035156","71.40001678466797"
"13.944770812988281","35"
"13.00925350189209","16.700000762939453"
"12.535574913024902","51.00000762939453"
"14.22623348236084","15"
"13.823781967163086","47"
"15.6232328414917","24.999998092651367"
"17.858154296875","34.000003814697266"
"21.066448211669922","8"
"22.268543243408203","0.5999999046325684"
"26.667327880859375","300"
"19.764812469482422","8"
"16.668611526489258","32.000003814697266"
"12.760892868041992","38.99999237060547"
"12.614160537719727","30.400007247924805"
"13.055496215820312","34.100006103515625"
"12.749774932861328","22.0000057220459"
"12.410449981689453","65.99998474121094"
"14.469087600708008","18.000003814697266"
"9.236940383911133","24.000001907348633"
"15.530765533447266","76.9999771118164"
"13.247156143188477","112.40003967285156"
"17.302156448364258","65.00000762939453"
"10.904157638549805","26.00000762939453"
"10.789117813110352","45.99999237060547"
"7.604018211364746","53.000003814697266"
"7.538015842437744","6.90000057220459"
"7.7256269454956055","21.899999618530273"
"6.716498374938965","18.000003814697266"
"7.138161659240723","7"
"6.320333480834961","43.000003814697266"
"12.034963607788086","10.000000953674316"
"21.939590454101562","30.0000057220459"
"21.424222946166992","7"
"22.716564178466797","9"
"14.371542930603027","8"
"13.565276145935059","11.599998474121094"
"11.69935417175293","19.999996185302734"
"12.410377502441406","30.0000057220459"
"10.874506950378418","13.000000953674316"
"9.062260627746582","5.999999523162842"
"12.093952178955078","7"
"15.36258316040039","3"
"19.510324478149414","43.000003814697266"
"26.29752540588379","12.000001907348633"
"26.748031616210938","16"
"27.971593856811523","28.000003814697266"
"20.49020767211914","43.000003814697266"
"19.82262420654297","71.40001678466797"
"15.687832832336426","35"
"19.425992965698242","16.700000762939453"
"15.728364944458008","51.00000762939453"
"13.699654579162598","15"
"15.765881538391113","47"
"19.06125259399414","24.999998092651367"
"13.721266746520996","34.000003814697266"
"19.034984588623047","8"
"19.68622589111328","0.5999999046325684"
"21.211868286132812","300"
"13.411138534545898","8"
"13.323591232299805","32.000003814697266"
"7.7339935302734375","38.99999237060547"
"9.812511444091797","30.400007247924805"
"8.329680442810059","34.100006103515625"
"8.048571586608887","22.0000057220459"
"8.591507911682129","65.99998474121094"
"11.250626564025879","18.000003814697266"
"14.211291313171387","24.000001907348633"
"19.031343460083008","76.9999771118164"
"20.37647819519043","112.40003967285156"
"23.605823516845703","65.00000762939453"
"16.951190948486328","26.00000762939453"
"14.102163314819336","45.99999237060547"
"10.890853881835938","53.000003814697266"
"11.281441688537598","6.90000057220459"
"10.307306289672852","21.899999618530273"
"10.981683731079102","18.000003814697266"
"10.943915367126465","7"
"14.824207305908203","43.000003814697266"
"8.370549201965332","56"
"13.303964614868164","42.000003814697266"
"15.807448387145996","110.99998474121094"
"15.515527725219727","97.00001525878906"
"7.896476745605469","42.000003814697266"
"8.063328742980957","16"
"4.712334156036377","36.19999694824219"
"2.8464198112487793","114.99999237060547"
"4.078942775726318","40.00000762939453"
"4.311902046203613","30.99999237060547"
"3.7049458026885986","41.000003814697266"
"2.5501532554626465","43.000003814697266"
"6.752806663513184","12.000001907348633"
"14.019912719726562","48.99999237060547"
"14.082776069641113","26.00000762939453"
"16.196969985961914","32.000003814697266"
"8.157914161682129","18.000003814697266"
"6.140320301055908","19"
"3.8841915130615234","5"
"3.1433932781219482","20.999996185302734"
"3.0355782508850098","0"
"2.7988760471343994","5"
"3.363380193710327","1.499999761581421"
"3.133638858795166","0.20000001788139343"
"10.660138130187988","24.000001907348633"
"16.10335922241211","60.999996185302734"
"16.14147186279297","85.00003051757812"
"19.471954345703125","64.00001525878906"
"12.198631286621094","34.000003814697266"
"10.43725299835205","9"
"5.681008815765381","8"
"7.1688232421875","17"
"6.234330654144287","1.999999761581421"
"5.917781829833984","9"
"7.3498663902282715","1.999999761581421"
"8.39482307434082","0.20000001788139343"
"21.311628341674805","56"
"27.010618209838867","42.000003814697266"
"27.41741180419922","110.99998474121094"
"29.17127799987793","97.00001525878906"
"22.657621383666992","42.000003814697266"
"21.368824005126953","16"
"19.61294937133789","36.19999694824219"
"14.988308906555176","114.99999237060547"
"17.00851821899414","40.00000762939453"
"18.002870559692383","30.99999237060547"
"15.376723289489746","41.000003814697266"
"16.490495681762695","43.000003814697266"
"37.00718307495117","12.000001907348633"
"21.809160232543945","48.99999237060547"
"30.656217575073242","26.00000762939453"
"29.176715850830078","32.000003814697266"
"35.625064849853516","18.000003814697266"
"34.555267333984375","19"
"27.823169708251953","5"
"24.01831817626953","20.999996185302734"
"28.99384307861328","0"
"30.591211318969727","5"
"22.2819881439209","1.499999761581421"
"22.865407943725586","0.20000001788139343"
"19.31991958618164","24.000001907348633"
"26.8739013671875","60.999996185302734"
"20.49341583251953","85.00003051757812"
"26.65570640563965","64.00001525878906"
"21.33151626586914","34.000003814697266"
"19.988143920898438","9"
"17.599306106567383","8"
"18.509197235107422","17"
"15.908310890197754","1.999999761581421"
"12.622995376586914","9"
"14.16275405883789","1.999999761581421"
"17.672134399414062","0.20000001788139343"
"15.259827613830566","5.999999523162842"
"25.311012268066406","19"
"22.671974182128906","206.00001525878906"
"27.71330451965332","14.000000953674316"
"16.774852752685547","18.000003814697266"
"16.130102157592773","35.999996185302734"
"11.381414413452148","9"
"10.839715957641602","1.999999761581421"
"10.74386215209961","18.000003814697266"
"9.900277137756348","16"
"10.211592674255371","0"
"10.79507827758789","0.09999991208314896"
"19.66128921508789","0"
"21.90628433227539","18.000003814697266"
"24.105438232421875","28.9999942779541"
"27.514680862426758","30.99999237060547"
"20.853343963623047","2.1000001430511475"
"18.204513549804688","0.09999991208314896"
"15.166054725646973","0.09999991208314896"
"13.518824577331543","0"
"13.431933403015137","0"
"14.49621868133545","0"
"12.432296752929688","0"
"12.560922622680664","0"
"13.952657699584961","0"
"16.749719619750977","8.199999809265137"
"17.789257049560547","35.999996185302734"
"20.515743255615234","1.499999761581421"
"15.29228401184082","0.30000007152557373"
"13.228719711303711","0"
"10.192771911621094","0"
"10.642253875732422","10.000000953674316"
"10.794490814208984","0.30000007152557373"
"9.757353782653809","0.30000007152557373"
"9.844852447509766","1.999999761581421"
"11.542675971984863","0"
"12.096521377563477","10.000000953674316"
"18.056249618530273","0"
"16.46009635925293","18.000003814697266"
"21.10188865661621","52.500003814697266"
"15.094198226928711","12.700000762939453"
"14.039772033691406","3"
"8.271353721618652","29.10000228881836"
"8.860116004943848","10.000000953674316"
"7.820892810821533","2.6000001430511475"
"7.963162422180176","8.700000762939453"
"8.410726547241211","0.9999998807907104"
"8.883305549621582","2.6000001430511475"
"22.49763298034668","5.999999523162842"
"26.936594009399414","19"
"28.36499786376953","206.00001525878906"
"28.90306282043457","14.000000953674316"
"23.396102905273438","18.000003814697266"
"21.977123260498047","35.999996185302734"
"17.357040405273438","9"
"11.888082504272461","1.999999761581421"
"14.934874534606934","18.000003814697266"
"18.20817756652832","16"
"12.33634090423584","0"
"11.433059692382812","0.09999991208314896"
"11.90679931640625","0"
"15.312744140625","18.000003814697266"
"14.574783325195312","28.9999942779541"
"15.87060832977295","30.99999237060547"
"12.747133255004883","2.1000001430511475"
"11.66232967376709","0.09999991208314896"
"8.87036418914795","0.09999991208314896"
"7.05496883392334","0"
"8.361217498779297","0"
"8.901589393615723","0"
"6.637112140655518","0"
"4.964770317077637","0"
"10.260560035705566","0"
"15.544431686401367","8.199999809265137"
"14.820322036743164","35.999996185302734"
"17.39836883544922","1.499999761581421"
"12.062858581542969","0.30000007152557373"
"12.158963203430176","0"
"9.050027847290039","0"
"9.778153419494629","10.000000953674316"
"8.14208698272705","0.30000007152557373"
"6.782719612121582","0.30000007152557373"
"7.70192813873291","1.999999761581421"
"8.16912841796875","0"
"7.584267616271973","10.000000953674316"
"14.44580364227295","0"
"13.20529842376709","18.000003814697266"
"16.653566360473633","52.500003814697266"
"11.847738265991211","12.700000762939453"
"10.464340209960938","3"
"9.581001281738281","29.10000228881836"
"11.249954223632812","10.000000953674316"
"8.767339706420898","2.6000001430511475"
"7.144728183746338","8.700000762939453"
"10.002395629882812","0.9999998807907104"
"13.601286888122559","2.6000001430511475"
"12.15876579284668","7"
"12.079758644104004","0"
"13.847572326660156","10.200000762939453"
"14.706835746765137","24.999998092651367"
"12.800252914428711","7"
"12.654882431030273","2.3000001907348633"
"10.625041007995605","1.899999976158142"
"10.998952865600586","8.09999942779541"
"10.897745132446289","67.0999755859375"
"9.697385787963867","1.899999976158142"
"9.951229095458984","19.200002670288086"
"10.371175765991211","25.599992752075195"
"2.677187919616699","0"
"4.318382740020752","0"
"4.295670986175537","0"
"5.5484819412231445","0"
"4.199045658111572","0"
"2.9790902137756348","0"
"3.4535772800445557","0"
"3.496135711669922","0"
"2.86063814163208","0"
"2.295682907104492","0"
"3.66471791267395","0"
"4.105180740356445","0"
"4.716830253601074","26.00000762939453"
"7.482817649841309","22.0000057220459"
"6.308594703674316","3"
"8.81416130065918","10.000000953674316"
"6.40716552734375","29.10000228881836"
"5.224117279052734","12.000001907348633"
"5.737439155578613","20.999996185302734"
"6.043579578399658","0.5999999046325684"
"5.808922290802002","17"
"4.25070858001709","6.399999141693115"
"5.897644519805908","18.000003814697266"
"5.770226955413818","35"
"10.752808570861816","7"
"12.575482368469238","0"
"17.09360122680664","10.200000762939453"
"15.758939743041992","24.999998092651367"
"12.832653999328613","7"
"12.296001434326172","2.3000001907348633"
"8.451078414916992","1.899999976158142"
"9.771903038024902","8.09999942779541"
"8.573867797851562","67.0999755859375"
"9.381092071533203","1.899999976158142"
"9.234829902648926","19.200002670288086"
"12.887535095214844","25.599992752075195"
"7.558088302612305","0"
"8.029014587402344","0"
"8.618290901184082","0"
"9.722631454467773","0"
"9.560052871704102","0"
"8.319258689880371","0"
"7.387486934661865","0"
"8.715262413024902","0"
"7.5358357429504395","0"
"7.083700180053711","0"
"8.406347274780273","0"
"9.519535064697266","0"
"10.498193740844727","26.00000762939453"
"14.417991638183594","22.0000057220459"
"13.804574966430664","3"
"16.227916717529297","10.000000953674316"
"12.102892875671387","29.10000228881836"
"10.231297492980957","12.000001907348633"
"7.790520191192627","20.999996185302734"
"8.69626235961914","0.5999999046325684"
"8.282700538635254","17"
"7.180220603942871","6.399999141693115"
"7.751465320587158","18.000003814697266"
"8.85428524017334","35"
"11.309231758117676","14.000000953674316"
"23.431692123413086","0.09999991208314896"
"19.648141860961914","118.00003051757812"
"24.772716522216797","65.99998474121094"
"14.259559631347656","41.000003814697266"
"12.56061840057373","0.800000011920929"
"11.060781478881836","0"
"11.320562362670898","0.9999998807907104"
"9.322867393493652","16"
"6.577117919921875","0.09999991208314896"
"8.31965446472168","2.1000001430511475"
"10.722146987915039","9"
"8.370515823364258","8"
"15.34731388092041","0.8999999761581421"
"15.868505477905273","7"
"17.389812469482422","1.1000001430511475"
"10.606776237487793","4"
"10.134098052978516","12.199997901916504"
"8.508793830871582","0.09999991208314896"
"6.242888927459717","0"
"5.838138103485107","0"
"5.242447853088379","2.200000286102295"
"5.971371650695801","0"
"5.579514503479004","0"
"8.44057846069336","0"
"12.60708236694336","13.000000953674316"
"14.06418514251709","9.099998474121094"
"15.500866889953613","3"
"10.611595153808594","0"
"9.935754776000977","0"
"6.824253559112549","0"
"7.3269782066345215","0"
"6.926447868347168","0"
"5.953187465667725","0"
"6.764312267303467","0"
"8.382392883300781","0"
"7.762698173522949","0"
"10.686692237854004","4"
"10.272704124450684","1.3000000715255737"
"13.492436408996582","1.999999761581421"
"9.50761890411377","0"
"7.607698917388916","0"
"5.020932197570801","0"
"8.089593887329102","0"
"5.748291492462158","0"
"4.455400466918945","0"
"5.834863662719727","0"
"10.627768516540527","0"
"7.208083629608154","14.000000953674316"
"14.923325538635254","0.09999991208314896"
"10.989453315734863","118.00003051757812"
"13.8555326461792","65.99998474121094"
"9.047788619995117","41.000003814697266"
"7.089432239532471","0.800000011920929"
"7.077301979064941","0"
"5.68731689453125","0.9999998807907104"
"5.728686332702637","16"
"5.257892608642578","0.09999991208314896"
"5.206357955932617","2.1000001430511475"
"5.9863996505737305","9"
"6.190582752227783","8"
"9.716087341308594","0.8999999761581421"
"10.07453727722168","7"
"10.717935562133789","1.1000001430511475"
"7.5082926750183105","4"
"6.1269001960754395","12.199997901916504"
"5.2571868896484375","0.09999991208314896"
"5.9012603759765625","0"
"4.861377716064453","0"
"4.398159503936768","2.200000286102295"
"5.8322978019714355","0"
"5.753504753112793","0"
"4.623673439025879","0"
"8.130434036254883","13.000000953674316"
"7.564615726470947","9.099998474121094"
"8.85600471496582","3"
"5.798281669616699","0"
"5.28584623336792","0"
"3.42118239402771","0"
"3.92464280128479","0"
"3.5338902473449707","0"
"3.040659189224243","0"
"4.299973487854004","0"
"4.023083686828613","0"
"8.493123054504395","0"
"13.164255142211914","4"
"14.524641990661621","1.3000000715255737"
"16.551212310791016","1.999999761581421"
"11.910039901733398","0"
"9.600004196166992","0"
"8.503569602966309","0"
"9.508530616760254","0"
"8.339374542236328","0"
"7.379271984100342","0"
"9.189498901367188","0"
"12.615367889404297","0"
"13.261358261108398","15"
"19.46672248840332","0.5999999046325684"
"18.531038284301758","9.299999237060547"
"21.10991668701172","0.9999998807907104"
"14.241262435913086","16"
"13.214784622192383","8"
"12.284819602966309","14.000000953674316"
"10.215543746948242","22.0000057220459"
"11.019338607788086","19"
"9.508440971374512","24.000001907348633"
"8.169139862060547","23"
"9.02688217163086","0"
"6.002773761749268","0.9999998807907104"
"11.773477554321289","14.499999046325684"
"10.383350372314453","16.099998474121094"
"12.833066940307617","35.999996185302734"
"7.506021022796631","1.3999998569488525"
"6.043127059936523","0.8999999761581421"
"5.59487247467041","13.000000953674316"
"5.272298812866211","8"
"5.163844108581543","5.999999523162842"
"3.9526777267456055","5"
"3.8706064224243164","3"
"6.27882719039917","5"
"4.011768341064453","0"
"9.834650039672852","33"
"11.80966854095459","48.900001525878906"
"13.045439720153809","15"
"5.992430686950684","0"
"5.510494232177734","17.099994659423828"
"2.9500086307525635","0.20000001788139343"
"3.262240171432495","0.09999991208314896"
"2.777357339859009","0"
"2.1433658599853516","1.3000000715255737"
"2.3759007453918457","3"
"3.263033390045166","27.000001907348633"
"6.695733547210693","15"
"14.694632530212402","0.5999999046325684"
"10.599359512329102","9.299999237060547"
"13.490754127502441","0.9999998807907104"
"9.141624450683594","16"
"5.8131818771362305","8"
"9.252531051635742","14.000000953674316"
"8.199188232421875","22.0000057220459"
"7.591821193695068","19"
"5.450966835021973","24.000001907348633"
"6.56667423248291","23"
"8.622941017150879","0"
"9.891841888427734","0.9999998807907104"
"14.523923873901367","14.499999046325684"
"14.69476318359375","16.099998474121094"
"15.654969215393066","35.999996185302734"
"11.41586971282959","1.3999998569488525"
"10.044175148010254","0.8999999761581421"
"9.72442626953125","13.000000953674316"
"12.442512512207031","8"
"9.719991683959961","5.999999523162842"
"7.209676742553711","5"
"9.464682579040527","3"
"13.16747760772705","5"
"8.64181137084961","0"
"16.39668846130371","33"
"13.100340843200684","48.900001525878906"
"16.74551010131836","15"
"10.325580596923828","0"
"7.687550067901611","17.099994659423828"
"5.876312255859375","0.20000001788139343"
"6.346526622772217","0.09999991208314896"
"6.492924690246582","0"
"5.502643585205078","1.3000000715255737"
"5.327057361602783","3"
"6.117941856384277","27.000001907348633"
"8.941485404968262","0"
"20.075735092163086","9"
"19.01410675048828","12.100000381469727"
"23.17363739013672","10.000000953674316"
"11.480938911437988","0"
"10.200873374938965","0"
"8.38035774230957","0"
"6.055932521820068","0.09999991208314896"
"6.053589344024658","0"
"5.730991363525391","4.700000286102295"
"4.34759521484375","3"
"6.0585150718688965","0"
"15.918299674987793","10.000000953674316"
"21.75957489013672","22.0000057220459"
"21.842487335205078","1.3000000715255737"
"24.884010314941406","1.2000000476837158"
"17.13252830505371","3"
"15.547607421875","3.8999998569488525"
"13.555365562438965","3"
"11.518354415893555","0"
"11.820050239562988","0.6999999284744263"
"11.40172290802002","0"
"10.096513748168945","0"
"9.962249755859375","0"
"13.378438949584961","9"
"19.808082580566406","37"
"17.408241271972656","62.700016021728516"
"21.75408363342285","25.799999237060547"
"15.19555950164795","5.999999523162842"
"11.494521141052246","1.1000001430511475"
"10.2850341796875","42.000003814697266"
"11.14273452758789","28.000003814697266"
"10.609283447265625","29.29999542236328"
"9.182791709899902","26.00000762939453"
"9.803080558776855","4"
"11.384706497192383","1.1000001430511475"
"8.261537551879883","41.000003814697266"
"15.146390914916992","5"
"16.188961029052734","42.000003814697266"
"18.543357849121094","0.20000001788139343"
"10.614721298217773","12.000001907348633"
"8.49411678314209","0.9999998807907104"
"6.11763858795166","1.999999761581421"
"8.219449996948242","11"
"7.191405773162842","4"
"5.143996715545654","8"
"5.465487003326416","3"
"7.982368469238281","3"
"4.795516490936279","0"
"11.125856399536133","9"
"12.8756103515625","12.100000381469727"
"12.92099380493164","10.000000953674316"
"6.234711170196533","0"
"5.438190937042236","0"
"5.362741470336914","0"
"4.120550155639648","0.09999991208314896"
"3.9763877391815186","0"
"2.9773426055908203","4.700000286102295"
"3.630746841430664","3"
"4.453488826751709","0"
"12.654820442199707","10.000000953674316"
"22.211261749267578","22.0000057220459"
"21.661916732788086","1.3000000715255737"
"23.7936954498291","1.2000000476837158"
"15.135762214660645","3"
"11.472966194152832","3.8999998569488525"
"11.539787292480469","3"
"9.415708541870117","0"
"9.431377410888672","0.6999999284744263"
"8.337141990661621","0"
"5.9751739501953125","0"
"6.872149467468262","0"
"15.953153610229492","9"
"20.178356170654297","37"
"19.96331024169922","62.700016021728516"
"22.84420394897461","25.799999237060547"
"17.002412796020508","5.999999523162842"
"14.371968269348145","1.1000001430511475"
"12.690420150756836","42.000003814697266"
"15.631244659423828","28.000003814697266"
"13.205071449279785","29.29999542236328"
"11.108245849609375","26.00000762939453"
"12.162395477294922","4"
"14.990351676940918","1.1000001430511475"
"11.949344635009766","41.000003814697266"
"22.63526153564453","5"
"18.85922622680664","42.000003814697266"
"24.583213806152344","0.20000001788139343"
"14.066070556640625","12.000001907348633"
"12.27552318572998","0.9999998807907104"
"11.699151039123535","1.999999761581421"
"11.670434951782227","11"
"10.240148544311523","4"
"7.712077617645264","8"
"8.690914154052734","3"
"10.118054389953613","3"
"9.385156631469727","0.09999991208314896"
"15.299245834350586","2.499999761581421"
"13.151424407958984","4.3000006675720215"
"15.872180938720703","48.80000305175781"
"11.078672409057617","0"
"8.636384963989258","3"
"8.25930118560791","0"
"6.3681769371032715","0"
"7.051286220550537","14.000000953674316"
"6.323958396911621","10.000000953674316"
"6.978670120239258","0"
"6.204580783843994","0"
"11.641155242919922","1.7000000476837158"
"18.787538528442383","29.500001907348633"
"18.121225357055664","17.299997329711914"
"21.15776824951172","23"
"13.620038032531738","3"
"11.550111770629883","1.999999761581421"
"9.080584526062012","5"
"9.138874053955078","5"
"9.02359390258789","37"
"7.759360313415527","0"
"8.027998924255371","33"
"8.757131576538086","19"
"9.90667724609375","42.000003814697266"
"15.957353591918945","5.999999523162842"
"15.966894149780273","22.0000057220459"
"19.888208389282227","0"
"12.555572509765625","12.000001907348633"
"10.066948890686035","15"
"7.075911998748779","56.999996185302734"
"9.039292335510254","5"
"7.602906227111816","75"
"5.958524703979492","26.00000762939453"
"6.376044273376465","24.000001907348633"
"9.821344375610352","10.000000953674316"
"7.015653610229492","0.09999991208314896"
"11.150455474853516","2.499999761581421"
"15.564699172973633","4.3000006675720215"
"14.63132095336914","48.80000305175781"
"7.6880950927734375","0"
"8.006272315979004","3"
"5.498492240905762","0"
"5.081182479858398","0"
"4.98388147354126","14.000000953674316"
"4.85087776184082","10.000000953674316"
"5.837657451629639","0"
"6.771533489227295","0"
"17.287395477294922","1.7000000476837158"
"28.630054473876953","29.500001907348633"
"31.874858856201172","17.299997329711914"
"33.68153381347656","23"
"20.307292938232422","3"
"16.460750579833984","1.999999761581421"
"12.439298629760742","5"
"16.323875427246094","5"
"12.18344497680664","37"
"9.778767585754395","0"
"12.15683650970459","33"
"16.681396484375","19"
"8.464129447937012","42.000003814697266"
"9.659578323364258","5.999999523162842"
"12.224183082580566","22.0000057220459"
"12.231935501098633","0"
"9.601234436035156","12.000001907348633"
"10.226232528686523","15"
"5.934135913848877","56.999996185302734"
"4.9999165534973145","5"
"5.723302364349365","75"
"6.594329833984375","26.00000762939453"
"4.722202301025391","24.000001907348633"
"5.938060760498047","10.000000953674316"
"1.7660298347473145","0"
"1.6313374042510986","0"
"2.2013742923736572","10.000000953674316"
"2.7111096382141113","0"
"2.688258171081543","0"
"2.552480459213257","0.09999991208314896"
"2.2496142387390137","0"
"1.3666081428527832","0"
"1.8186326026916504","0"
"2.1170520782470703","0"
"1.696189284324646","0"
"2.050204038619995","0.09999991208314896"
"0.3575093448162079","0"
"0.63681560754776","0"
"0","0"
"0.9298149943351746","0"
"0.7944934368133545","0"
"0","0.6999999284744263"
"1.0435891151428223","0"
"0.702985942363739","0"
"0","0"
"0.5598605871200562","0"
"0.909968376159668","0"
"1.1628985404968262","0"
"0","0"
"0","0"
"0","0"
"0","0"
"0.6068546772003174","0"
"0","0"
"0","0"
"0","0"
"0","0"
"0","0"
"0","0"
"0.8061578273773193","0"
"0","0"
"0","0"
"0","0"
"0","0"
"0.4516599774360657","0"
"0","0"
"0","0"
"0","0"
"0","0"
"0","0"
"0","0"
"0.7277541160583496","0"
"2.5779881477355957","0"
"3.1986169815063477","0"
"6.795643329620361","10.000000953674316"
"5.10505485534668","0"
"2.5550014972686768","0"
"4.618681907653809","0.09999991208314896"
"2.0711798667907715","0"
"1.9077136516571045","0"
"1.8340327739715576","0"
"1.900383710861206","0"
"2.227416515350342","0"
"2.891434669494629","0.09999991208314896"
"0","0"
"0.7167969942092896","0"
"1.0098624229431152","0"
"1.106927514076233","0"
"1.1272053718566895","0"
"0","0.6999999284744263"
"0","0"
"0","0"
"0","0"
"0","0"
"0","0"
"0.8045490980148315","0"
"0","0"
"0","0"
"0","0"
"1.7417418956756592","0"
"0.8503985404968262","0"
"0","0"
"0","0"
"0","0"
"0","0"
"0","0"
"0","0"
"0","0"
"0","0"
"0","0"
"0","0"
"0","0"
"0","0"
"0","0"
"0","0"
"0","0"
"0","0"
"0","0"
"0","0"
"0","0"
"0.5657365322113037","0"
"1.1947418451309204","0"
"0","0"
"1.5685062408447266","0"
"1.0658881664276123","0"
"0","0"
"1.1584705114364624","0"
"0","0"
"0","0"
"0","0"
"0","0"
"1.2581799030303955","0"
"0.3571949303150177","0"
"0.9209520816802979","0.20000001788139343"
"0","0"
"1.2766306400299072","4"
"0.9685088396072388","0.30000007152557373"
"0","0.8999999761581421"
"0","0"
"0","0.800000011920929"
"0","0"
"0","0"
"0","0.30000007152557373"
"1.1437759399414062","0.40000009536743164"
"1.3928792476654053","0"
"1.9312077760696411","1.3000000715255737"
"2.2448019981384277","0.800000011920929"
"2.7877817153930664","0.5"
"2.199310779571533","0.40000009536743164"
"1.5704939365386963","0.20000001788139343"
"1.889158844947815","0"
"2.3858237266540527","2.3000001907348633"
"2.554262161254883","0"
"1.5883092880249023","0"
"2.7953922748565674","0.6999999284744263"
"2.1737515926361084","6.59999942779541"
"0","0"
"0","0"
"0","0"
"0","0"
"1.003478765487671","0"
"0","0"
"0","0"
"0","0"
"0","0"
"0","0"
"0","0"
"0","0"
"2.1029412746429443","0"
"1.2857897281646729","0.20000001788139343"
"1.386910319328308","0"
"1.7429413795471191","4"
"2.84244704246521","0.30000007152557373"
"2.0170984268188477","0.8999999761581421"
"3.3411924839019775","0"
"10.99435043334961","0.800000011920929"
"6.751692295074463","0"
"3.5224523544311523","0"
"10.565054893493652","0.30000007152557373"
"19.690616607666016","0.40000009536743164"
"0","0"
"0","1.3000000715255737"
"0","0.800000011920929"
"0","0.5"
"0.25118476152420044","0.40000009536743164"
"0","0.20000001788139343"
"0.47625765204429626","0"
"3.6872572898864746","2.3000001907348633"
"1.6035566329956055","0"
"0","0"
"2.8063597679138184","0.6999999284744263"
"7.4090094566345215","6.59999942779541"
"3.001539945602417","0"
"5.580997943878174","0"
"6.104670524597168","0"
"6.777383327484131","0"
"4.186176300048828","0"
"3.6928045749664307","0"
"3.551206111907959","0"
"6.401352405548096","0"
"3.9938836097717285","0"
"2.658364772796631","0"
"5.522675037384033","0"
"10.102224349975586","0"
"2.1317994594573975","0"
"3.193804979324341","0"
"3.6793580055236816","0"
"3.903902292251587","0"
"2.7034714221954346","0"
"2.469142436981201","0"
"2.611825942993164","0"
"2.561408281326294","0"
"2.2745554447174072","0"
"1.8062074184417725","0"
"3.0160372257232666","0"
"4.020014762878418","0.30000007152557373"
"1.4151313304901123","0"
"2.9366161823272705","0"
"3.139226198196411","0.09999991208314896"
"3.8912627696990967","0"
"2.587718963623047","0"
"1.6110448837280273","0.09999991208314896"
"2.2281064987182617","0"
"2.4608523845672607","16"
"1.5784896612167358","0"
"1.1995368003845215","0"
"2.349297046661377","0"
"3.0964269638061523","0"
"2.5377743244171143","0"
"3.4717137813568115","5"
"3.4824745655059814","0"
"4.359647750854492","9"
"3.4647254943847656","0.09999991208314896"
"3.103663682937622","0"
"3.3659167289733887","4"
"4.759349822998047","1.999999761581421"
"3.934171199798584","1.999999761581421"
"2.3488271236419678","0.20000001788139343"
"4.183338165283203","0"
"5.168888092041016","0.09999991208314896"
"1.040282130241394","0"
"1.7901533842086792","0"
"1.802558422088623","0"
"2.1949303150177","0"
"1.7280150651931763","0"
"0","0"
"2.0865890979766846","0"
"0","0"
"0","0"
"1.2087137699127197","0"
"1.4094877243041992","0"
"2.1710045337677","0"
"3.7448010444641113","0"
"6.742233753204346","0"
"8.108465194702148","0"
"8.440214157104492","0"
"5.441545009613037","0"
"4.432494163513184","0"
"5.727507591247559","0"
"4.7024126052856445","0"
"4.097952842712402","0"
"2.9931294918060303","0"
"2.667691946029663","0"
"3.2690536975860596","0.30000007152557373"
"2.2625350952148438","0"
"4.9595537185668945","0"
"4.201876163482666","0.09999991208314896"
"5.280706405639648","0"
"3.0492210388183594","0"
"2.3299472332000732","0.09999991208314896"
"1.7785395383834839","0"
"2.051609754562378","16"
"1.5927131175994873","0"
"1.2103681564331055","0"
"2.013364553451538","0"
"2.4650259017944336","0"
"2.498891830444336","0"
"5.1872334480285645","5"
"5.541873931884766","0"
"6.973487854003906","9"
"4.787092208862305","0.09999991208314896"
"3.1610236167907715","0"
"4.983195781707764","4"
"3.7347917556762695","1.999999761581421"
"3.4605960845947266","1.999999761581421"
"2.7838540077209473","0.20000001788139343"
"2.7628324031829834","0"
"4.027710437774658","0.09999991208314896"
"9.825052261352539","0.9999998807907104"
"14.767224311828613","0"
"17.222412109375","0"
"19.165096282958984","0"
"13.11890983581543","5.999999523162842"
"11.588191986083984","4"
"11.591577529907227","0.5"
"11.020058631896973","20.099998474121094"
"10.61885929107666","24.000001907348633"
"8.58726692199707","3.8999998569488525"
"8.510650634765625","26.09999656677246"
"12.142032623291016","22.0000057220459"
"17.450496673583984","4"
"35.05246353149414","0"
"25.24040985107422","41.000003814697266"
"34.20307159423828","14.000000953674316"
"21.223859786987305","15"
"13.12662410736084","5"
"15.885848045349121","5.999999523162842"
"16.487525939941406","3.8999998569488525"
"14.18191146850586","3"
"9.083656311035156","2.1000001430511475"
"10.214597702026367","2.9000000953674316"
"12.942391395568848","0"
"11.450196266174316","1.999999761581421"
"20.722354888916016","0"
"23.03129768371582","56.999996185302734"
"24.32223892211914","15"
"13.747381210327148","7.1999993324279785"
"12.014850616455078","0.40000009536743164"
"8.31718635559082","42.000003814697266"
"11.2329683303833","35"
"8.588370323181152","61.99999237060547"
"6.440096855163574","19.999996185302734"
"6.812616348266602","32.000003814697266"
"9.846016883850098","45.99999237060547"
"8.088330268859863","0.9999998807907104"
"9.778076171875","0"
"8.764556884765625","0"
"10.52957820892334","0"
"10.937271118164062","5.999999523162842"
"8.222846984863281","4"
"9.783294677734375","0.5"
"9.184809684753418","20.099998474121094"
"9.002374649047852","24.000001907348633"
"8.03407096862793","3.8999998569488525"
"7.583142280578613","26.09999656677246"
"10.538339614868164","22.0000057220459"
"10.45923900604248","4"
"16.41304588317871","0"
"13.599274635314941","41.000003814697266"
"16.655038833618164","14.000000953674316"
"12.941627502441406","15"
"8.884625434875488","5"
"11.086893081665039","5.999999523162842"
"11.516898155212402","3.8999998569488525"
"9.545646667480469","3"
"7.713353157043457","2.1000001430511475"
"7.453266620635986","2.9000000953674316"
"10.337808609008789","0"
"5.804977893829346","1.999999761581421"
"10.892889022827148","0"
"9.376741409301758","56.999996185302734"
"11.539043426513672","15"
"7.474410533905029","7.1999993324279785"
"6.300697326660156","0.40000009536743164"
"6.082302093505859","42.000003814697266"
"9.26736068725586","35"
"6.244264602661133","61.99999237060547"
"4.332878589630127","19.999996185302734"
"7.278400897979736","32.000003814697266"
"10.526453018188477","45.99999237060547"
"14.365424156188965","32.000003814697266"
"18.89484405517578","30.99999237060547"
"19.33641815185547","18.000003814697266"
"22.5704345703125","35.999996185302734"
"16.94479751586914","56"
"16.22933006286621","0.30000007152557373"
"15.406482696533203","18.000003814697266"
"16.94367218017578","40.00000762939453"
"13.39095687866211","81.99998474121094"
"12.358269691467285","11"
"13.03492546081543","24.000001907348633"
"17.6973876953125","33"
"4.773684501647949","0.40000009536743164"
"1.4085206985473633","0.6999999284744263"
"1.8351387977600098","1.999999761581421"
"2.7414207458496094","4"
"5.7754411697387695","0.09999991208314896"
"4.538176536560059","0.6999999284744263"
"7.096252918243408","0"
"10.829800605773926","12.000001907348633"
"8.255690574645996","7.1999993324279785"
"5.9544148445129395","1.999999761581421"
"8.746129989624023","12.000001907348633"
"13.812752723693848","5.999999523162842"
"1.0672498941421509","0.30000007152557373"
"0.7644444108009338","0"
"0.6292456388473511","0"
"1.1949857473373413","0"
"1.7154512405395508","3"
"0.9989962577819824","1.2000000476837158"
"1.9174962043762207","0.5"
"4.2893524169921875","0.9999998807907104"
"3.0849385261535645","0"
"1.5120943784713745","1.499999761581421"
"4.018852710723877","0"
"9.877151489257812","10.000000953674316"
"0.40850499272346497","0"
"0.8691822290420532","0"
"0.7235918641090393","0"
"1.1259948015213013","0"
"0.9152592420578003","0"
"0.3804895877838135","0"
"0.9044667482376099","0.09999991208314896"
"2.079927444458008","0.09999991208314896"
"1.8120241165161133","0.5999999046325684"
"0.25035253167152405","0"
"2.0051615238189697","0.20000001788139343"
"4.868819236755371","10.200000762939453"
"21.096498489379883","32.000003814697266"
"22.73250389099121","30.99999237060547"
"26.929141998291016","18.000003814697266"
"26.917585372924805","35.999996185302734"
"25.019357681274414","56"
"22.20797348022461","0.30000007152557373"
"22.825469970703125","18.000003814697266"
"26.05093765258789","40.00000762939453"
"23.94122886657715","81.99998474121094"
"19.08163833618164","11"
"21.241634368896484","24.000001907348633"
"30.762210845947266","33"
"12.438881874084473","0.40000009536743164"
"5.226752281188965","0.6999999284744263"
"9.650897979736328","1.999999761581421"
"8.641733169555664","4"
"12.901229858398438","0.09999991208314896"
"11.843212127685547","0.6999999284744263"
"13.06781005859375","0"
"30.17357063293457","12.000001907348633"
"18.963808059692383","7.1999993324279785"
"13.168514251708984","1.999999761581421"
"21.792221069335938","12.000001907348633"
"46.31407165527344","5.999999523162842"
"2.9165027141571045","0.30000007152557373"
"0.9976442456245422","0"
"1.0653526782989502","0"
"1.6104600429534912","0"
"3.8018412590026855","3"
"3.0157737731933594","1.2000000476837158"
"4.0082244873046875","0.5"
"6.488680839538574","0.9999998807907104"
"4.378208160400391","0"
"3.0976293087005615","1.499999761581421"
"4.534822940826416","0"
"10.36338996887207","10.000000953674316"
"0.9393925070762634","0"
"1.5431828498840332","0"
"1.7601878643035889","0"
"2.194429874420166","0"
"1.6800618171691895","0"
"1.0159398317337036","0"
"1.612426519393921","0.09999991208314896"
"2.0822370052337646","0.09999991208314896"
"1.6029083728790283","0.5999999046325684"
"1.0407381057739258","0"
"2.1059014797210693","0.20000001788139343"
"3.9105424880981445","10.200000762939453"
"2.3244125843048096","0"
"3.420227527618408","0"
"3.386230945587158","0"
"4.138978004455566","0"
"3.411942481994629","0"
"2.0986227989196777","0"
"3.1371192932128906","0"
"2.9946177005767822","0"
"2.4880802631378174","0"
"2.3236804008483887","1.999999761581421"
"3.26668643951416","0"
"4.3123321533203125","0.800000011920929"
"3.359757900238037","0"
"5.719993591308594","0.40000009536743164"
"5.472323894500732","0"
"7.150864601135254","1.999999761581421"
"4.430516242980957","0"
"3.4579977989196777","0"
"3.265904188156128","0"
"3.7916831970214844","5.999999523162842"
"3.463656187057495","0"
"2.5543875694274902","0"
"3.4805774688720703","0"
"5.164213180541992","5.999999523162842"
"4.701549530029297","5"
"7.947140693664551","65.00000762939453"
"6.780170917510986","17"
"9.126046180725098","30.0000057220459"
"6.344388484954834","0"
"4.389934539794922","3"
"3.704613208770752","0"
"5.1210174560546875","10.000000953674316"
"4.188058853149414","0"
"2.8353660106658936","1.899999976158142"
"4.47407341003418","0.20000001788139343"
"6.485076904296875","11"
"2.041992664337158","0"
"3.479729175567627","0"
"3.733701229095459","0"
"3.9168081283569336","0"
"2.7303731441497803","0"
"2.3342795372009277","0"
"3.1087284088134766","0"
"3.3774449825286865","0"
"2.7563915252685547","0"
"1.934023380279541","1.999999761581421"
"2.905935525894165","0"
"5.625509738922119","0.800000011920929"
"4.234696388244629","0"
"6.064864158630371","0.40000009536743164"
"6.845810413360596","0"
"6.831969261169434","1.999999761581421"
"4.65579080581665","0"
"4.390681743621826","0"
"3.5988473892211914","0"
"3.6154937744140625","5.999999523162842"
"3.4430735111236572","0"
"2.764557361602783","0"
"2.9337868690490723","0"
"3.661285400390625","5.999999523162842"
"4.225419998168945","5"
"8.224867820739746","65.00000762939453"
"6.96034574508667","17"
"8.550533294677734","30.0000057220459"
"5.449552059173584","0"
"4.254453182220459","3"
"3.661604404449463","0"
"4.11723518371582","10.000000953674316"
"3.63033390045166","0"
"2.6428418159484863","1.899999976158142"
"3.4587955474853516","0.20000001788139343"
"4.3367156982421875","11"
"2.281893491744995","0"
"4.666119575500488","3"
"4.136706352233887","27.000001907348633"
"5.357834339141846","9"
"3.3748412132263184","5.999999523162842"
"2.094325065612793","12.000001907348633"
"2.343970775604248","0.09999991208314896"
"2.3829541206359863","11"
"2.304795265197754","0.20000001788139343"
"1.5077033042907715","2.1000001430511475"
"2.368086338043213","3.8000006675720215"
"3.564887523651123","2.200000286102295"
"6.472664833068848","0"
"11.189085960388184","7"
"10.465538024902344","0"
"12.003541946411133","1.999999761581421"
"7.414917945861816","0"
"6.410009384155273","0"
"5.375652313232422","0"
"4.690898418426514","0"
"5.723116397857666","0"
"4.550562381744385","0"
"4.850754261016846","0"
"5.476713180541992","0"
"1.979681134223938","0"
"4.036794185638428","35"
"3.3490216732025146","0.40000009536743164"
"4.699606895446777","3"
"2.8244223594665527","0.8999999761581421"
"1.5012030601501465","5.999999523162842"
"1.7954425811767578","8"
"1.7397514581680298","0"
"1.8580445051193237","0"
"1.4292597770690918","0"
"1.959049105644226","0"
"2.6122305393218994","0"
"1.6261634826660156","0"
"4.439543724060059","0.9999998807907104"
"3.8380661010742188","6.799999237060547"
"5.034563064575195","81"
"2.40170955657959","16"
"1.9120458364486694","0"
"1.6911506652832031","8"
"2.067007303237915","0.09999991208314896"
"1.5512168407440186","0"
"0.842991828918457","0"
"1.6999108791351318","0"
"2.1447317600250244","0"
"4.910225868225098","0"
"9.90852165222168","3"
"9.458563804626465","27.000001907348633"
"10.159543991088867","9"
"5.702317237854004","5.999999523162842"
"4.902133941650391","12.000001907348633"
"4.196383476257324","0.09999991208314896"
"2.9208972454071045","11"
"3.363199234008789","0.20000001788139343"
"3.156464099884033","2.1000001430511475"
"2.9492619037628174","3.8000006675720215"
"3.0570406913757324","2.200000286102295"
"5.2490692138671875","0"
"7.120028495788574","7"
"7.829860687255859","0"
"8.331151008605957","1.999999761581421"
"6.2039923667907715","0"
"5.102235794067383","0"
"4.756836891174316","0"
"4.804003715515137","0"
"4.470389366149902","0"
"3.9454712867736816","0"
"3.7787230014801025","0"
"4.697649002075195","0"
"2.0747361183166504","0"
"5.483860015869141","35"
"4.675503730773926","0.40000009536743164"
"5.554448127746582","3"
"2.965615749359131","0.8999999761581421"
"2.148599863052368","5.999999523162842"
"1.6078470945358276","8"
"1.7251920700073242","0"
"1.4696975946426392","0"
"1.1805016994476318","0"
"1.455552101135254","0"
"1.7109463214874268","0"
"0.8079911470413208","0"
"2.9577693939208984","0.9999998807907104"
"2.1515936851501465","6.799999237060547"
"3.160050392150879","81"
"1.5468226671218872","16"
"0.6146126985549927","0"
"1.1500709056854248","8"
"0","0.09999991208314896"
"0.8323134183883667","0"
"0.5091801881790161","0"
"0.7444300651550293","0"
"1.214288592338562","0"
"2.114232063293457","0"
"4.215794086456299","11"
"3.821802854537964","27.000001907348633"
"4.578742504119873","7"
"2.916999578475952","3"
"2.2409770488739014","33"
"2.8381659984588623","0"
"2.1452860832214355","8.199999809265137"
"2.1784768104553223","0"
"1.702085256576538","7"
"2.280393123626709","0"
"2.549542188644409","0"
"2.3736748695373535","0"
"6.872622489929199","3"
"5.83461856842041","23"
"7.120969295501709","14.000000953674316"
"3.386906147003174","0"
"2.686275005340576","0"
"2.3561882972717285","1.999999761581421"
"2.076622724533081","0"
"1.5511304140090942","0"
"1.0131096839904785","0"
"1.383068323135376","0"
"2.8747918605804443","0"
"0.7478716373443604","0"
"2.2682065963745117","3"
"1.7493757009506226","0"
"2.6142985820770264","0.40000009536743164"
"1.6234949827194214","0"
"0.9463340044021606","0"
"1.5167105197906494","0"
"2.6269021034240723","0"
"1.6466739177703857","0"
"0.849578857421875","0"
"1.9919617176055908","0.30000007152557373"
"4.210947513580322","0.40000009536743164"
"3.035921335220337","0"
"7.923319339752197","11"
"7.050881385803223","27.000001907348633"
"7.853653907775879","7"
"3.9717655181884766","3"
"3.166929006576538","33"
"2.68066143989563","0"
"1.5656917095184326","8.199999809265137"
"1.802025318145752","0"
"1.9175848960876465","7"
"1.5468015670776367","0"
"1.560879111289978","0"
"1.4982690811157227","0"
"2.87029767036438","3"
"3.016195058822632","23"
"3.178666591644287","14.000000953674316"
"1.9031431674957275","0"
"1.459086298942566","0"
"1.3809175491333008","1.999999761581421"
"0","0"
"0","0"
"0","0"
"0","0"
"2.475900411605835","0"
"0.6366351842880249","0"
"1.6598303318023682","3"
"1.3382881879806519","0"
"1.850241780281067","0.40000009536743164"
"1.1325520277023315","0"
"0","0"
"1.0456398725509644","0"
"2.106455087661743","0"
"1.155730128288269","0"
"0.47292494773864746","0"
"1.6709649562835693","0.30000007152557373"
"3.3432981967926025","0.40000009536743164"
"0.6818718910217285","0"
"1.4765056371688843","0.6999999284744263"
"1.2968506813049316","0.40000009536743164"
"1.8323519229888916","0"
"1.3704025745391846","0.6999999284744263"
"0","0"
"1.4078158140182495","3"
"1.9923815727233887","18.000003814697266"
"1.4426171779632568","5.999999523162842"
"0.8942103385925293","0.9999998807907104"
"2.065730571746826","13.699997901916504"
"3.413412570953369","79.99996948242188"
"1.2272480726242065","4"
"1.7846952676773071","3"
"1.5274467468261719","0"
"2.1744797229766846","0.20000001788139343"
"2.1262800693511963","9.400001525878906"
"0.9727923274040222","0.40000009536743164"
"2.8526999950408936","26.00000762939453"
"3.498878002166748","64.00001525878906"
"2.804373264312744","53.000003814697266"
"1.8400216102600098","3.3999996185302734"
"3.7200794219970703","35"
"6.245513439178467","35"
"1.2457358837127686","5"
"2.0835678577423096","8"
"2.069741725921631","1.1000001430511475"
"3.050544261932373","2.799999713897705"
"2.6734437942504883","8.199999809265137"
"1.3826719522476196","3"
"3.192183494567871","3.3999996185302734"
"6.074341773986816","15"
"4.014327526092529","0"
"2.165511131286621","0"
"5.158442497253418","15.100000381469727"
"10.604933738708496","5.999999523162842"
"2.7365124225616455","0"
"3.7048981189727783","4"
"2.8948447704315186","0"
"4.257524013519287","0"
"3.8520960807800293","1.8000000715255737"
"3.214573621749878","18.09999656677246"
"4.045457363128662","0.30000007152557373"
"6.994059085845947","0"
"4.555020332336426","0.30000007152557373"
"3.0795645713806152","4"
"5.0916361808776855","0"
"8.388372421264648","0.9999998807907104"
"6.147761821746826","0"
"5.069458961486816","0.6999999284744263"
"4.5538740158081055","0.40000009536743164"
"5.643172264099121","0"
"8.536219596862793","0.6999999284744263"
"6.245548725128174","0"
"10.855913162231445","3"
"21.29275894165039","18.000003814697266"
"13.553446769714355","5.999999523162842"
"9.424818992614746","0.9999998807907104"
"16.243940353393555","13.699997901916504"
"33.24455642700195","79.99996948242188"
"4.998830795288086","4"
"5.189209938049316","3"
"4.271912097930908","0"
"5.702747821807861","0.20000001788139343"
"6.836405277252197","9.400001525878906"
"4.5384721755981445","0.40000009536743164"
"6.441043853759766","26.00000762939453"
"10.742820739746094","64.00001525878906"
"7.281773090362549","53.000003814697266"
"5.13987922668457","3.3999996185302734"
"7.105569839477539","35"
"15.191030502319336","35"
"3.386415719985962","5"
"4.994253635406494","8"
"5.222634792327881","1.1000001430511475"
"5.839381217956543","2.799999713897705"
"3.823371171951294","8.199999809265137"
"4.339992046356201","3"
"3.7241039276123047","3.3999996185302734"
"6.186413764953613","15"
"3.652064323425293","0"
"2.9082107543945312","0"
"3.877182960510254","15.100000381469727"
"7.963390827178955","5.999999523162842"
"1.5142581462860107","0"
"3.2430853843688965","4"
"3.170461416244507","0"
"3.8048009872436523","0"
"2.4283313751220703","1.8000000715255737"
"1.8865900039672852","18.09999656677246"
"2.364506483078003","0.30000007152557373"
"3.165010690689087","0"
"2.1599948406219482","0.30000007152557373"
"1.426641583442688","4"
"2.4408421516418457","0"
"4.82387638092041","0.9999998807907104"
"2.326641082763672","0.5"
"4.166625022888184","22.0000057220459"
"3.553109884262085","0.20000001788139343"
"4.4348344802856445","0"
"3.060822010040283","3.3999996185302734"
"2.176157236099243","0"
"2.8355772495269775","0"
"2.186894416809082","0.6999999284744263"
"2.461761474609375","0.30000007152557373"
"1.899880051612854","0"
"2.4728245735168457","0"
"2.9993362426757812","0"
"1.1102887392044067","12.000001907348633"
"2.7388243675231934","0"
"2.3601746559143066","0.30000007152557373"
"3.484402894973755","13.19999885559082"
"2.046858787536621","20.599994659423828"
"0.9389538764953613","0"
"1.625217080116272","0.09999991208314896"
"1.4855068922042847","0"
"1.362209439277649","0"
"0.8573108315467834","9.099998474121094"
"1.1852973699569702","0"
"2.6494526863098145","0"
"1.6345164775848389","0"
"4.461527347564697","0"
"3.6550679206848145","0.6999999284744263"
"4.9150519371032715","1.3999998569488525"
"2.7930431365966797","0.09999991208314896"
"2.098330020904541","0"
"2.411012649536133","0"
"3.5050792694091797","0"
"2.750843048095703","0"
"1.0015465021133423","0"
"2.9109487533569336","0"
"3.875560998916626","0"
"6.837055206298828","0.5"
"13.205074310302734","22.0000057220459"
"12.32508659362793","0.20000001788139343"
"13.440145492553711","0"
"8.383905410766602","3.3999996185302734"
"7.086774826049805","0"
"5.028011322021484","0"
"4.780068397521973","0.6999999284744263"
"4.571974754333496","0.30000007152557373"
"4.874848365783691","0"
"4.234615802764893","0"
"4.952574729919434","0"
"2.8253843784332275","12.000001907348633"
"5.532309532165527","0"
"5.200826644897461","0.30000007152557373"
"5.8942060470581055","13.19999885559082"
"3.8736817836761475","20.599994659423828"
"2.8920958042144775","0"
"2.411991834640503","0.09999991208314896"
"2.307617664337158","0"
"2.204435348510742","0"
"1.7620981931686401","9.099998474121094"
"1.798577904701233","0"
"2.1481356620788574","0"
"2.2976245880126953","0"
"5.826417922973633","0"
"5.1660356521606445","0.6999999284744263"
"5.922476291656494","1.3999998569488525"
"3.1075937747955322","0.09999991208314896"
"2.739738702774048","0"
"1.7811452150344849","0"
"1.8210375308990479","0"
"1.5336899757385254","0"
"1.1212519407272339","0"
"1.5272605419158936","0"
"1.512951135635376","0"
"1.1293045282363892","0"
"3.0053751468658447","0"
"2.297578811645508","0"
"3.2785415649414062","0"
"1.8154826164245605","0"
"1.031990647315979","0"
"1.3363096714019775","0"
"0","0"
"0","0"
"0","0"
"0","0"
"1.4539413452148438","0"
"1.329264521598816","0"
"3.0266785621643066","0"
"2.393000364303589","4"
"3.2106711864471436","0"
"1.7983916997909546","0"
"0.9962774515151978","0"
"1.3244144916534424","0"
"0","0"
"0","0"
"0.8206337094306946","0"
"0","0"
"0.9803788065910339","0"
"1.845152735710144","0"
"4.395266532897949","8.199999809265137"
"4.052666187286377","24.999998092651367"
"4.997900009155273","40.00000762939453"
"2.661627769470215","0.30000007152557373"
"1.5700323581695557","0"
"2.146202325820923","0"
"1.8325402736663818","0"
"1.6527602672576904","0"
"1.0164529085159302","0"
"1.477736234664917","0"
"2.3260231018066406","1.999999761581421"
"3.8274857997894287","33"
"8.490335464477539","0"
"7.407231330871582","0.9999998807907104"
"9.596113204956055","0"
"5.595552444458008","5.999999523162842"
"5.007245063781738","1.999999761581421"
"3.49948787689209","9"
"4.0344953536987305","19"
"3.5724267959594727","65.99998474121094"
"2.6378958225250244","15"
"2.948673963546753","26.00000762939453"
"4.548473358154297","0.9999998807907104"
"0","0"
"2.52888822555542","0"
"2.4294357299804688","0"
"2.691257953643799","0"
"1.522876501083374","0"
"0","0"
"0","0"
"0","0"
"0","0"
"0","0"
"0","0"
"0","0"
"1.5877290964126587","0"
"3.2742037773132324","0"
"3.2122044563293457","4"
"3.3910913467407227","0"
"1.8141720294952393","0"
"0","0"
"0","0"
"0","0"
"0","0"
"0","0"
"0","0"
"0.7920231819152832","0"
"1.524288296699524","0"
"3.7584824562072754","8.199999809265137"
"3.0251667499542236","24.999998092651367"
"3.913302183151245","40.00000762939453"
"2.2495551109313965","0.30000007152557373"
"1.457659125328064","0"
"1.4039642810821533","0"
"1.3485804796218872","0"
"1.1691515445709229","0"
"0.8526819944381714","0"
"0.9948947429656982","0"
"1.2888308763504028","1.999999761581421"
"2.2217800617218018","33"
"6.499828815460205","0"
"6.386045932769775","0.9999998807907104"
"7.54913330078125","0"
"3.809621572494507","5.999999523162842"
"3.113912343978882","1.999999761581421"
"3.688406229019165","9"
"2.839832305908203","19"
"2.343001365661621","65.99998474121094"
"1.8956518173217773","15"
"1.6481869220733643","26.00000762939453"
"3.484912872314453","0.9999998807907104"
"5.587897300720215","0.9999998807907104"
"9.050865173339844","3.3999996185302734"
"7.446507453918457","5"
"9.196682929992676","0.40000009536743164"
"6.248708248138428","18.000003814697266"
"5.207118988037109","7"
"4.262279033660889","0"
"4.883486747741699","0"
"4.677577972412109","0"
"4.145933151245117","5.999999523162842"
"4.376887798309326","0"
"6.617071151733398","5"
"1.985053539276123","0"
"5.41550874710083","0"
"4.516150951385498","0"
"5.456804275512695","0.9999998807907104"
"2.164950370788574","0.30000007152557373"
"1.9412271976470947","0.20000001788139343"
"1.057673454284668","0"
"0.7722437381744385","0"
"0.5233153700828552","0"
"0.6046907901763916","0"
"0.5128686428070068","0"
"0.5881949067115784","0.9999998807907104"
"1.1041514873504639","0"
"2.625102996826172","0"
"2.464815378189087","0"
"3.121495246887207","0"
"1.2506698369979858","0"
"1.2492191791534424","0"
"0.83394455909729","0"
"1.1031453609466553","0"
"0.8407111763954163","0"
"0.5459099411964417","0"
"0","0"
"0.7659381628036499","0"
"6.589601993560791","0.9999998807907104"
"9.537822723388672","3.3999996185302734"
"10.314836502075195","5"
"10.518997192382812","0.40000009536743164"
"7.693256378173828","18.000003814697266"
"7.277351379394531","7"
"5.801548957824707","0"
"6.976376056671143","0"
"5.429497718811035","0"
"5.9547224044799805","5.999999523162842"
"5.485238075256348","0"
"9.147814750671387","5"
"1.3855907917022705","0"
"2.107029438018799","0"
"2.5100607872009277","0"
"2.5233817100524902","0.9999998807907104"
"1.565852403640747","0.30000007152557373"
"1.5899659395217896","0.20000001788139343"
"0.9302939176559448","0"
"0.6796072721481323","0"
"0.6900591850280762","0"
"0.7888545989990234","0"
"0.5851178169250488","0"
"0.5402833819389343","0.9999998807907104"
"1.034801959991455","0"
"2.7103004455566406","0"
"3.1224021911621094","0"
"3.206364154815674","0"
"1.0796841382980347","0"
"1.3410272598266602","0"
"0.4546031653881073","0"
"0","0"
"0","0"
"0","0"
"0","0"
"0.2875699996948242","0"
"0","0"
"1.171731948852539","0"
"1.7263420820236206","0"
"1.7281500101089478","0"
"0.4130629301071167","0"
"0","0"
"0","0"
"0","0"
"0","0"
"0","0"
"0","0"
"0.2770223319530487","1.999999761581421"
"0","0"
"0","0"
"0","0"
"0.1933872401714325","0"
"0","0"
"0","0"
"0.04310112074017525","0"
"0","0"
"0","0"
"0","0"
"0","0"
"0.3544642925262451","0"
"0.40611615777015686","0"
"1.1546528339385986","0"
"0.6704819798469543","0"
"1.1985303163528442","0"
"0.628400444984436","0"
"0","0"
"0.36438167095184326","0"
"1.2766116857528687","0"
"0.7251685261726379","0"
"0.17563503980636597","0.09999991208314896"
"1.1457892656326294","0"
"3.1423251628875732","0"
"2.899445056915283","0"
"7.864165782928467","0.9999998807907104"
"5.532276153564453","0.5999999046325684"
"7.449184417724609","0.09999991208314896"
"3.809065818786621","0"
"3.694087505340576","0"
"2.786968231201172","0"
"3.3452532291412354","0"
"2.5536069869995117","0"
"1.8159573078155518","0"
"2.318233013153076","0"
"2.9629969596862793","0"
"0","0"
"1.3237844705581665","0"
"1.099452257156372","0"
"1.364955186843872","0"
"0.45221787691116333","0"
"0","0"
"0","0"
"0","0"
"0","0"
"0","0"
"0","0"
"0.11555816978216171","1.999999761581421"
"0","0"
"0","0"
"0.7698744535446167","0"
"0.7698256969451904","0"
"0.31303870677948","0"
"0","0"
"0","0"
"0","0"
"0","0"
"0","0"
"0","0"
"0.2764110565185547","0"
"0.36754482984542847","0"
"0.7478001117706299","0"
"0.6287405490875244","0"
"0.9165753722190857","0"
"0.6911823153495789","0"
"0.3975118100643158","0"
"0.8981394171714783","0"
"3.5720272064208984","0"
"1.7087769508361816","0"
"0.6851356029510498","0.09999991208314896"
"2.818751811981201","0"
"8.60180377960205","0"
"6.583294868469238","0"
"13.195320129394531","0.9999998807907104"
"10.373126029968262","0.5999999046325684"
"12.65412712097168","0.09999991208314896"
"7.265034198760986","0"
"6.438053607940674","0"
"4.971708297729492","0"
"5.240592002868652","0"
"4.88759183883667","0"
"4.583898067474365","0"
"4.500373840332031","0"
"6.783426761627197","0"
"6.032093048095703","0.30000007152557373"
"9.019927978515625","5.999999523162842"
"7.808467864990234","9.899999618530273"
"10.080062866210938","22.899999618530273"
"7.53785514831543","1.8000000715255737"
"5.242086887359619","0.800000011920929"
"5.6864423751831055","0"
"4.915058135986328","0"
"4.512020111083984","0"
"4.895480155944824","0"
"3.706141710281372","0"
"5.528478145599365","4"
"1.6191823482513428","0"
"3.3750452995300293","1.999999761581421"
"2.8319923877716064","0"
"3.5788369178771973","0.9999998807907104"
"2.557753324508667","0"
"2.120271921157837","0"
"3.1475861072540283","0"
"3.1326839923858643","0"
"2.2515149116516113","0"
"1.7052059173583984","0"
"1.5744948387145996","0"
"3.2871041297912598","0"
"0","0"
"1.6152135133743286","0"
"1.3373703956604004","0"
"1.9108572006225586","0"
"1.0019261837005615","0"
"0","0"
"0.5310762524604797","0"
"0","0"
"0","0"
"0","0"
"0","0"
"0.9791840314865112","0"
"7.773713111877441","0.30000007152557373"
"17.325870513916016","5.999999523162842"
"15.755220413208008","9.899999618530273"
"16.826770782470703","22.899999618530273"
"8.220698356628418","1.8000000715255737"
"9.124080657958984","0.800000011920929"
"5.975504398345947","0"
"5.437341213226318","0"
"4.147714614868164","0"
"3.584019899368286","0"
"3.8514864444732666","0"
"4.561695098876953","4"
"0.7715800404548645","0"
"1.373847246170044","1.999999761581421"
"1.5235357284545898","0"
"1.6916608810424805","0.9999998807907104"
"0.9507359266281128","0"
"0.8259977102279663","0"
"0.49881869554519653","0"
"0","0"
"0","0"
"0","0"
"0","0"
"0.3440670967102051","0"
"0","0"
"0","0"
"0","0"
"0","0"
"0.08733511716127396","0"
"0","0"
"0","0"
"0","0"
"0","0"
"0","0"
"0","0"
"0","0"
"0","0"
"0","0"
"0","0"
"0","0"
"0.08561468869447708","0"
"0","0"
"0","0"
"0","0"
"0","0"
"0","0"
"0","0"
"0.2887752652168274","0"
"0.5076372623443604","0"
"0.766257107257843","0"
"0.6320183277130127","0"
"0.9485638737678528","0"
"0.9069223999977112","0"
"0","0"
"1.313584804534912","0"
"3.4680190086364746","0"
"2.3263304233551025","0"
"1.1994097232818604","0"
"4.141969203948975","0"
"6.178372383117676","0"
"0.16039568185806274","0"
"0.47214028239250183","0"
"0.6107521057128906","0"
"1.094888687133789","0"
"0.9003671407699585","0"
"0","0"
"2.03225040435791","0"
"3.411438465118408","0"
"2.2066264152526855","0"
"0.8218144178390503","0"
"2.573101282119751","0"
"5.705317974090576","0"
"2.7972049713134766","0"
"4.012539863586426","0"
"3.4703738689422607","0"
"4.641759872436523","0"
"3.36696195602417","0"
"3.509913921356201","0"
"1.996039867401123","0"
"4.309760093688965","0"
"1.9818458557128906","0"
"2.8437695503234863","0.40000009536743164"
"2.916872501373291","0"
"7.693086624145508","0"
"0","0"
"0","0"
"0","0"
"0","0"
"0","0"
"0","0"
"0","0"
"0","0"
"0","0"
"0","0"
"0","0"
"0","0"
"0","0"
"0","0"
"0","0"
"0","0"
"0.3677334785461426","0"
"0","0"
"0","0"
"0","0"
"0","0"
"0","0"
"0","0"
"0","0"
"2.2030320167541504","0"
"4.343608856201172","0"
"2.9427266120910645","0"
"4.090586185455322","0"
"2.911107301712036","0"
"2.010197162628174","0"
"1.8197071552276611","0"
"1.5154814720153809","0"
"1.540173053741455","0"
"1.4459739923477173","0"
"1.7316210269927979","0"
"1.296703815460205","0"
"3.206190586090088","0"
"3.930100202560425","0"
"5.761552333831787","0"
"5.65538215637207","0"
"3.754035472869873","0"
"4.224320888519287","0"
"2.5823864936828613","0"
"1.375515103340149","0"
"1.8390257358551025","0"
"3.060988664627075","0.40000009536743164"
"1.5846461057662964","0"
"1.6363682746887207","0"
"0","0"
"0","0"
"0","0"
"0","0"
"0.5761498212814331","0"
"0","0"
"0.7611804604530334","0"
"0","0"
"0","0"
"0","0"
"0","0"
"0.3830249607563019","0"
"0","0"
"0","0"
"0","0"
"0","0"
"0.1769028604030609","0"
"0","0"
"0","0"
"0","0"
"0","0"
"0","0"
"0","0"
"0.3396095931529999","0"
"0","0"
"0","0"
"0","0"
"0","0"
"0.36199167370796204","0"
"0","0"
"0.4450567364692688","0"
"0","0"
"0","0"
"0","0"
"0","0"
"0.8728358745574951","0"
"0","0"
"0","0"
"0","0"
"0","0"
"0.3640092611312866","0"
"0","0"
"0","0"
"0","0"
"0","0"
"0","0"
"0","0"
"0","0"
"0","0"
"0","0"
"0","0"
"0","0"
"0.15882432460784912","0"
"0","0"
"0","0"
"0","0"
"0","0"
"0","0"
"0","0"
"0.459675133228302","0"
"0","0"
"0","0"
"0","0"
"0","0"
"0.039103809744119644","0"
"0","0"
"0.07755959033966064","0"
"0","0"
"0","0"
"0","0"
"0","0"
"0.6943196654319763","0"
"0.4121604859828949","0"
"0.8116628527641296","0"
"0.568700909614563","0"
"1.167244553565979","0"
"1.1774766445159912","0"
"0.4232395887374878","0"
"1.9153730869293213","0"
"2.9036824703216553","0"
"1.8863883018493652","0"
"0.9995879530906677","0"
"2.230302572250366","0"
"5.5490593910217285","0"
"4.467660903930664","0"
"5.488349914550781","0"
"4.480259418487549","0"
"6.0464019775390625","0"
"5.346419334411621","0"
"3.818617820739746","0"
"4.813104629516602","0"
"7.270622253417969","0"
"5.297920227050781","0"
"4.337652206420898","0"
"5.629389762878418","0"
"11.22513198852539","0"
"7.180628299713135","0"
"12.7382173538208","0"
"11.941884994506836","0"
"13.026013374328613","0"
"7.436750411987305","0"
"8.88427448272705","0"
"7.725427150726318","0"
"8.889639854431152","0"
"5.664674758911133","0"
"4.11652135848999","0"
"4.492812156677246","0"
"8.410114288330078","0"
"9.45684814453125","0.09999991208314896"
"19.04144287109375","0"
"15.607632637023926","28.9999942779541"
"20.06548309326172","0"
"11.367910385131836","5.399999618530273"
"14.815208435058594","0.800000011920929"
"11.411611557006836","0"
"14.485604286193848","0"
"10.660016059875488","0"
"6.337594985961914","4.499999523162842"
"9.361352920532227","0"
"9.539762496948242","0"
"0","0"
"0","0"
"0","0"
"0","0"
"0.2563117742538452","0"
"0","0"
"0","0"
"0","0"
"0","0"
"0","0"
"0","0"
"0.8159937858581543","0"
"0","0"
"0.5963226556777954","0"
"0","0"
"0.8071742653846741","0"
"0.5662633776664734","0"
"0","0"
"0.5407193899154663","0"
"0","0"
"0","0"
"0","0"
"0","0"
"1.2489975690841675","0"
"3.406386137008667","0"
"5.229632377624512","0"
"4.588364601135254","0"
"5.551628589630127","0"
"3.9035444259643555","0"
"3.5672237873077393","0"
"3.2293519973754883","0"
"4.318944454193115","0"
"3.27634596824646","0"
"2.3947999477386475","0"
"3.8511030673980713","0"
"4.8305864334106445","0"
"10.980684280395508","0.09999991208314896"
"16.652324676513672","0"
"14.952729225158691","28.9999942779541"
"18.783226013183594","0"
"12.329132080078125","5.399999618530273"
"10.861895561218262","0.800000011920929"
"10.04277229309082","0"
"8.437986373901367","0"
"9.19354248046875","0"
"8.194847106933594","4.499999523162842"
"6.384221076965332","0"
"9.19594955444336","0"
"10.084253311157227","14.000000953674316"
"13.123991012573242","22.0000057220459"
"11.337814331054688","16.099998474121094"
"13.49793815612793","15"
"10.216480255126953","2.200000286102295"
"9.540727615356445","3"
"8.522724151611328","35.999996185302734"
"8.646800994873047","3"
"7.942598342895508","8"
"8.033941268920898","6.500000476837158"
"7.477694511413574","4"
"9.221091270446777","8"
"1.359033465385437","1.999999761581421"
"2.5563104152679443","0"
"1.7928855419158936","0"
"2.605252742767334","0"
"2.0301380157470703","3"
"1.1668888330459595","0"
"1.4590184688568115","0"
"1.4938533306121826","0"
"1.3854135274887085","0"
"0.9514971971511841","1.3000000715255737"
"1.1303434371948242","0"
"2.1498279571533203","0.8999999761581421"
"0.5828230381011963","0"
"1.7454183101654053","3"
"1.2849711179733276","0"
"1.8406298160552979","0"
"1.0069080591201782","0"
"0.7261291742324829","0"
"0.6516739130020142","0"
"0","0"
"0","0"
"0","0"
"0","0"
"0.7728749513626099","0"
"8.857356071472168","14.000000953674316"
"15.475975036621094","22.0000057220459"
"11.816267013549805","16.099998474121094"
"14.545486450195312","15"
"10.019180297851562","2.200000286102295"
"8.046530723571777","3"
"8.821735382080078","35.999996185302734"
"7.825225830078125","3"
"7.346056938171387","8"
"7.76465368270874","6.500000476837158"
"6.829704284667969","4"
"8.709362030029297","8"
"4.12654447555542","1.999999761581421"
"4.632567882537842","0"
"4.2041096687316895","0"
"4.963359832763672","0"
"4.804073333740234","3"
"3.3726723194122314","0"
"3.3305535316467285","0"
"10.289339065551758","0"
"6.535151481628418","0"
"3.6636786460876465","1.3000000715255737"
"8.42170238494873","0"
"21.641918182373047","0.8999999761581421"
"3.565211296081543","0"
"3.8272993564605713","3"
"4.235457897186279","0"
"4.81520938873291","0"
"4.1748247146606445","0"
"3.4728100299835205","0"
"3.019448757171631","0"
"7.623094081878662","0"
"5.033878326416016","0"
"3.3757848739624023","0"
"6.27277135848999","0"
"15.003028869628906","0"
"0.9392150640487671","0"
"2.599083423614502","0"
"2.3992695808410645","0"
"2.783370018005371","0"
"1.2356065511703491","0"
"1.0730880498886108","0"
"0.8436837792396545","0"
"0.7891077399253845","0"
"0.4919601082801819","0"
"0.44514894485473633","0"
"0.5660912990570068","0"
"1.0508619546890259","0"
"0.37087923288345337","0"
"1.2270920276641846","0"
"0.7471461296081543","0.09999991208314896"
"1.2808160781860352","0"
"0.7099910974502563","0"
"0.07969320565462112","0"
"0.5556676983833313","0"
"0.26013970375061035","0"
"0","0"
"0.10817375779151917","0"
"0","0"
"0.4411163330078125","0"
"0.40540003776550293","0"
"1.372681975364685","0"
"0.817880392074585","0"
"1.5366568565368652","0"
"0.8940051198005676","0"
"0","0"
"0.7504763603210449","0"
"0.5537576675415039","0"
"0","0"
"0","0"
"0","0"
"0.5702013969421387","0"
"0.9166253209114075","0"
"1.2438547611236572","0"
"0.7170349359512329","0"
"1.431436538696289","0"
"1.466973066329956","0"
"0.78916335105896","0"
"1.63324773311615","0"
"2.072476625442505","0"
"1.8767902851104736","0"
"0.6423413753509521","0"
"1.7257707118988037","0"
"1.8187049627304077","0"
"0","0"
"0","0"
"0","0"
"0.8902857303619385","0"
"0.30874353647232056","0"
"0","0"
"0","0"
"0","0"
"0","0"
"0","0"
"0","0"
"0.26021599769592285","0"
"0","0"
"0","0"
"0","0.09999991208314896"
"0","0"
"0","0"
"0","0"
"0","0"
"0","0"
"0","0"
"0","0"
"0","0"
"0.5397684574127197","0"
"0","0"
"0","0"
"0","0"
"0","0"
"0.29492270946502686","0"
"0","0"
"0","0"
"0","0"
"0","0"
"0","0"
"0","0"
"0.3817475438117981","0"
"0","0"
"1.2876133918762207","0"
"0","0"
"1.2981469631195068","0"
"0.6698753833770752","0"
"0","0"
"0.4442967474460602","0"
"0","0"
"0","0"
"0","0"
"0","0"
"0.553388774394989","0"
"2.7610855102539062","0"
"4.0243330001831055","0"
"2.6222708225250244","0"
"4.089626789093018","0"
"3.289872884750366","0"
"1.8790875673294067","0"
"2.9752769470214844","0"
"1.8401641845703125","0"
"2.9214253425598145","0"
"2.2614948749542236","0"
"2.399388313293457","0"
"2.1186327934265137","0"
"4.198473930358887","0"
"6.768515586853027","0"
"4.892279148101807","0"
"6.649746417999268","0"
"5.481828689575195","0"
"3.6417298316955566","0"
"4.548745155334473","0"
"6.239114284515381","0"
"4.712658405303955","0"
"3.6936841011047363","0"
"5.539119243621826","0"
"8.173375129699707","0"
"4.252606391906738","10.000000953674316"
"7.829513072967529","45.99999237060547"
"6.241934299468994","17"
"7.7164530754089355","11"
"3.893331527709961","5.999999523162842"
"6.310016632080078","3"
"3.645512819290161","3"
"7.012953758239746","10.000000953674316"
"3.993584156036377","0.8999999761581421"
"3.1115078926086426","0.20000001788139343"
"4.6170654296875","59.9999885559082"
"6.456012725830078","19"
"1.2111231088638306","0"
"3.054412364959717","0"
"2.1480860710144043","0"
"2.907092809677124","0"
"1.7520902156829834","0"
"0","0"
"1.538435697555542","0"
"0","0"
"0","0"
"0","0"
"0","0"
"0.9479544162750244","0"
"1.693171739578247","0"
"1.4268207550048828","0"
"1.5240401029586792","0"
"2.044501304626465","0"
"2.9748849868774414","0"
"1.9319698810577393","0"
"5.796187400817871","0"
"6.044257164001465","0"
"5.186232089996338","0"
"3.08416485786438","0"
"4.438922882080078","0"
"5.070590972900391","0"
"8.44546890258789","10.000000953674316"
"13.74796199798584","45.99999237060547"
"14.45358657836914","17"
"14.087515830993652","11"
"7.97252082824707","5.999999523162842"
"9.277509689331055","3"
"5.032293319702148","3"
"8.442404747009277","10.000000953674316"
"5.666042804718018","0.8999999761581421"
"5.4045233726501465","0.20000001788139343"
"6.249722957611084","59.9999885559082"
"10.433732986450195","19"
"1.2133532762527466","0"
"2.9001433849334717","68"
"2.329847574234009","1.1000001430511475"
"3.070253849029541","35.999996185302734"
"1.6551458835601807","3"
"1.1617693901062012","0"
"1.1822572946548462","0"
"1.17086923122406","0"
"0.895942211151123","0.30000007152557373"
"0.6836180686950684","0"
"0.9630468487739563","0"
"1.3851994276046753","0.09999991208314896"
"0.663250207901001","14.100000381469727"
"1.3909239768981934","19.999996185302734"
"0.8465612530708313","10.899999618530273"
"1.3815343379974365","14.000000953674316"
"0.9861477017402649","1.999999761581421"
"0","0"
"1.1682190895080566","0"
"0.7494333982467651","0"
"0","0"
"0","0.20000001788139343"
"0.7864124178886414","0"
"0.865612268447876","0"
"0","0"
"0.8098667860031128","8.199999809265137"
"0","0"
"0.9033738374710083","0"
"0.5545023083686829","0"
"0","0"
"0.6339161396026611","0"
"0","0"
"0","0"
"0","0"
"0","0"
"0.8710131049156189","0"
"0","0"
"0","0"
"0","0"
"0","0"
"0.550136923789978","0"
"0","0"
"0.6604445576667786","0"
"0","0"
"0","0"
"0","0"
"0","0"
"1.1741657257080078","0"
"2.727308750152588","0"
"6.642101287841797","68"
"5.778356552124023","1.1000001430511475"
"6.289628505706787","35.999996185302734"
"3.2797470092773438","3"
"2.598114490509033","0"
"2.5093703269958496","0"
"1.4196743965148926","0"
"1.5639503002166748","0.30000007152557373"
"1.6717610359191895","0"
"1.0749062299728394","0"
"1.3654124736785889","0.09999991208314896"
"1.4062182903289795","14.100000381469727"
"1.5479848384857178","19.999996185302734"
"1.4348478317260742","10.899999618530273"
"1.874525785446167","14.000000953674316"
"1.8426531553268433","1.999999761581421"
"1.0862926244735718","0"
"1.8186538219451904","0"
"0","0"
"0","0"
"0","0.20000001788139343"
"0","0"
"1.100934386253357","0"
"0","0"
"0.9252563118934631","8.199999809265137"
"0","0"
"1.0646049976348877","0"
"0.752795398235321","0"
"0","0"
"0.8547815084457397","0"
"0","0"
"0","0"
"0","0"
"0","0"
"0.812444806098938","0"
"0","0"
"0","0"
"0","0"
"0","0"
"0.580458402633667","0"
"0","0"
"1.160883903503418","0"
"1.2916467189788818","0"
"0","0"
"0","0"
"0.9486895203590393","0"
"1.9067716598510742","0"
"0.6999250650405884","0"
"1.2666819095611572","4"
"0.8401026725769043","0"
"1.4884523153305054","0"
"1.365501046180725","0"
"0","0"
"2.0248026847839355","0"
"1.826267957687378","0"
"1.5628395080566406","0"
"1.0534089803695679","0"
"1.2750575542449951","0"
"2.0871877670288086","0"
"9.193178176879883","0"
"16.56947135925293","10.000000953674316"
"12.3208589553833","0.20000001788139343"
"15.210633277893066","0"
"9.998589515686035","0.09999991208314896"
"9.834920883178711","0"
"7.045130729675293","0"
"8.8771390914917","4"
"6.433073997497559","0"
"6.995940208435059","0"
"6.725833415985107","0.30000007152557373"
"9.42460823059082","5.999999523162842"
"10.496225357055664","0"
"20.404062271118164","4"
"15.980009078979492","0"
"19.43328857421875","0.09999991208314896"
"9.934761047363281","0.9999998807907104"
"12.889995574951172","0"
"7.208069801330566","1.999999761581421"
"7.057147026062012","1.999999761581421"
"5.715104103088379","1.999999761581421"
"5.644918918609619","0.9999998807907104"
"4.283392906188965","1.7000000476837158"
"3.959667205810547","2.200000286102295"
"0","0"
"1.4970831871032715","4"
"0","0"
"1.6020004749298096","0"
"0.9580212831497192","0"
"0","0"
"1.4241697788238525","0"
"0","0"
"0","0"
"0","0"
"0","0"
"0.8808140754699707","0"
"3.714193105697632","0"
"8.177557945251465","10.000000953674316"
"6.4591546058654785","0.20000001788139343"
"7.5430755615234375","0"
"4.387808799743652","0.09999991208314896"
"3.571065902709961","0"
"3.807363510131836","0"
"5.932647228240967","4"
"3.1477808952331543","0"
"2.993729829788208","0"
"3.993018627166748","0.30000007152557373"
"8.818399429321289","5.999999523162842"
"2.775686740875244","0"
"5.008650302886963","4"
"4.767149925231934","0"
"5.012191295623779","0.09999991208314896"
"2.5294220447540283","0.9999998807907104"
"2.9221010208129883","0"
"1.4715416431427002","1.999999761581421"
"1.869364619255066","1.999999761581421"
"1.209822177886963","1.999999761581421"
"1.4284372329711914","0.9999998807907104"
"1.2845163345336914","1.7000000476837158"
"1.817230463027954","2.200000286102295"
"0.2245291769504547","0"
"1.0323846340179443","0.20000001788139343"
"0.8081600666046143","0"
"1.1826660633087158","0.5"
"0.4129369556903839","0.09999991208314896"
"0","0"
"0.06981896609067917","0"
"0","0"
"0","0"
"0","0"
"0","0"
"0.1064760610461235","0"
"0.942970871925354","0"
"2.2616124153137207","0"
"1.5263534784317017","0"
"2.031517267227173","0.6999999284744263"
"1.1561206579208374","0.5"
"0.7957975268363953","0"
"1.1351776123046875","0"
"0.8504910469055176","0"
"0.5286685228347778","0"
"0.6010621190071106","0"
"0.40737324953079224","0"
"0.7822674512863159","1.999999761581421"
"0","0"
"2.370102882385254","0"
"1.7409082651138306","0"
"2.1130990982055664","0"
"1.1334202289581299","1.499999761581421"
"0","0"
"0","0"
"0","0"
"0","0"
"0","0"
"0","0"
"0.668681263923645","0.9999998807907104"
"0","0"
"0","0"
"0","0"
"0","0"
"1.0693209171295166","0"
"0","0"
"0","0"
"0","0"
"0","0"
"0","0"
"0","0"
"0","0"
"3.8656764030456543","0"
"7.49178409576416","4"
"6.186473846435547","0"
"7.073326587677002","0.09999991208314896"
"4.404605388641357","0.9999998807907104"
"3.8147687911987305","0"
"3.4879422187805176","1.999999761581421"
"4.537093639373779","1.999999761581421"
"3.201061725616455","1.999999761581421"
"3.4035394191741943","0.9999998807907104"
"3.722837448120117","1.7000000476837158"
"6.2943010330200195","2.200000286102295"
"0","0"
"0.32893916964530945","0.20000001788139343"
"0.30830487608909607","0"
"0.4665514826774597","0.5"
"0.12079223990440369","0.09999991208314896"
"0","0"
"0","0"
"0","0"
"0","0"
"0","0"
"0","0"
"0","0"
"1.3234012126922607","0"
"4.011555194854736","0"
"2.546868085861206","0"
"3.458834171295166","0.6999999284744263"
"1.6938501596450806","0.5"
"1.273280143737793","0"
"1.2334409952163696","0"
"1.4839681386947632","0"
"0.6922920942306519","0"
"0.613010048866272","0"
"0.5801527500152588","0"
"1.4495818614959717","1.999999761581421"
"0","0"
"2.587186813354492","0"
"2.9077281951904297","0"
"2.98738956451416","0"
"1.1089701652526855","1.499999761581421"
"0","0"
"0","0"
"0","0"
"0","0"
"0","0"
"0","0"
"0.645526647567749","0.9999998807907104"
"0","0"
"0","0"
"0","0"
"0","0"
"0","0"
"0","0"
"0","0"
"0","0"
"0","0"
"0","0"
"0","0"
"0","0"
"0","0"
"1.6245059967041016","3"
"1.071000337600708","0.5999999046325684"
"1.5834861993789673","0.6999999284744263"
"0.9951127767562866","0.09999991208314896"
"0","0"
"0","0"
"0","0"
"0","0"
"0","0"
"0","0"
"0.6127123832702637","0"
"0","0"
"0","0"
"0","0"
"0","0"
"0","0"
"0","0"
"0","0"
"0","0"
"0","0"
"0","0"
"0","0"
"0","0"
"1.6083545684814453","0"
"4.179248809814453","0"
"3.030541181564331","0"
"3.7156269550323486","0.6999999284744263"
"1.9041165113449097","0.5"
"1.2877616882324219","0"
"1.2550272941589355","0"
"1.566192865371704","0"
"0.9617334008216858","0"
"1.0031853914260864","0"
"1.2787175178527832","0"
"2.3935461044311523","1.999999761581421"
"0","0"
"0","0"
"4.603246688842773","0"
"3.225311517715454","0"
"1.0299203395843506","1.499999761581421"
"0","0"
"0","0"
"0","0"
"0","0"
"0","0"
"0","0"
"0.5119930505752563","0.9999998807907104"
"0","0"
"0","0"
"0","0"
"0","0"
"0","0"
"0","0"
"0","0"
"0","0"
"0","0"
"0","0"
"0","0"
"0","0"
"0","0"
"0.9831940531730652","3"
"0.688329815864563","0.5999999046325684"
"1.1143770217895508","0.6999999284744263"
"0.6298028230667114","0.09999991208314896"
"0","0"
"0","0"
"0","0"
"0","0"
"0","0"
"0","0"
"0","0"
"0","0"
"0","0"
"0","0"
"0","0"
"0","0"
"0","0"
"0","0"
"0","0"
"0","0"
"0","0"
"0","0"
"0","0"
"0","0"
"0","0"
"0","0"
"0","0"
"0","0"
"0","0"
"0","0"
"0","0"
"0","0"
"0","0"
"0","0"
"0","0"
"0","0"
"0","0"
"0","0"
"0","0"
"0","0"
"0","0"
"0","0"
"0","0"
"0","0"
"0","0"
"0","0"
"0","0"
"0","0"
"0","0"
"0","0"
"0","0"
"0.5068261623382568","0"
"0","0"
"0","0"
"0","0"
"0","0"
"0","0"
"0","0"
"0","0"
"0","0"
"1.2823753356933594","3"
"1.3660176992416382","0.5999999046325684"
"1.434996485710144","0.6999999284744263"
"0.8939487934112549","0.09999991208314896"
"0","0"
"0","0"
"0","0"
"0","0"
"0","0"
"0","0"
"0.48384416103363037","0"
"0","0"
"0","0"
"0","0"
"0","0"
"0","0"
"0","0"
"0","0"
"0","0"
"0","0"
"0","0"
"0","0"
"0","0"
"0","0"
"0","0"
"0","0"
"0","0"
"0","0"
"0","0"
"0","0"
"0","0"
"0","0"
"0","0"
"0","0"
"0","0"
"0","0"
"0","0"
"0","0"
"0","0"
"0","0"
"0","0"
"0","0"
"0","0"
"0","0"
"0","0"
"0","0"
"0","0"
"0","0"
"0","0"
"0","0"
"0","0"
"0.8338597416877747","0"
"0","0"
"0","0"
"0","0"
"0","0"
"0","0"
"0","0"
"0","0"
"0","0"
"0","0"
"0","0"
"0","0"
"0","0"
"0","0"
"0","0"
"0","0"
"0","0"
"0","0"
"0","0"
"0","0"
"0","0"
"0","0"
"0","0"
"0","0"
"0","0"
"0","0"
"0","0"
"0","0"
"0","0"
"0","0"
"0","0"
"0","0"
"0","0"
"0","0"
"0","0"
"0","0"
"0","0"
"0","0"
"0","0"
"0","0"
"0","0"
"0","0"
"0","0"
"0","0"
"0","0"
"0","0"
"0","0"
"0","0"
"0","0"
"0","0"
"0","0"
"0","0"
"0","0"
"0","0"
"0","0"
"0","0"
"0","0"
"0","0"
"0","0"
"0","0"
"0","0"
"0","0"
"0","0"
"0","0"
"0","0"
"0","0"
"0","0"
"0.4009435772895813","0"
"0","0"
"0","0"
"0","0"
"0","0"
"0.5089543461799622","0"
"0","0"
"0","0"
"0","0"
"0","0"
"0","0"
"0","0"
"0.5821800231933594","0"
"0","0"
"0","0"
"0","0"
"0","0"
"0.1824074536561966","0"
"0","0"
"0","0"
"0","0"
"0","0"
"0","0"
"0","0"
"0.2092338502407074","0"
"0","0"
"1.1380506753921509","0"
"0","0"
"1.1276971101760864","0"
"0.6184719204902649","0"
"0","0"
"0","0"
"0","0"
"0","0"
"0","0"
"0","0"
"0.44680410623550415","0"
"0","0"
"0","0"
"0","0"
"0","0"
"0","0"
"0","0"
"0","0"
"0","0"
"0","0"
"0","0"
"0","0"
"0","0"
"0","0"
"0","0"
"0","0"
"0","0"
"0","0"
"0","0"
"0","0"
"0","0"
"0","0"
"0","0"
"0","0"
"0","0"
"0","0"
"0","0"
"0","0"
"0","0"
"0.24520599842071533","0"
"0","0"
"0","0"
"0","0"
"0","0"
"0","0"
"0","0"
"0.3798145055770874","0"
"0","0"
"0","0"
"0","0"
"0.6726295351982117","0"
"0.3336308002471924","0"
"0","0"
"0.3848741948604584","0"
"0","0"
"0","0"
"0","0"
"0","0"
"0.6779522895812988","0"
"0","0"
"0","0"
"0","0"
"0","0"
"0.5324429869651794","0"
"0","0"
"0","0"
"0","0"
"0","0"
"0","0"
"0","0"
"0.19992125034332275","0"
"0","0"
"0","0"
"0","0"
"0","0"
"0.4691474139690399","0"
"0","0"
"0.488728404045105","0"
"0","0"
"0","0"
"0","0"
"0","0"
"3.500605344772339","0"
"0","0"
"0","0"
"0","0"
"0","0"
"0","0"
"0","0"
"0","0"
"0","0"
"0","0"
"0","0"
"0","0"
"0.951947033405304","0"
"0","0"
"0","0"
"0","0"
"0","0"
"0.18651479482650757","0"
"0","0"
"0","0"
"0","0"
"0","0"
"0","0"
"0","0"
"0.34133094549179077","0"
"0","0"
"0","0"
"0","0"
"0","0"
"0.2787822484970093","0"
"0","0"
"0","0"
"0","0"
"0","0"
"0","0"
"0","0"
"0.548374593257904","0"
"0","0"
"0","0"
"0","0"
"0.6280490159988403","0"
"0.22183334827423096","0"
"0","0"
"0","0"
"0","0"
"0","0"
"0","0"
"0","0"
"0.129881352186203","0"
"0","0"
"0","0"
"0","0"
"0","0"
"0.17794722318649292","0"
"0","0"
"0","0"
"0","0"
"0","0"
"0","0"
"0","0"
"0.8151559233665466","0"
"0","0"
"0","0"
"0","0"
"0","0"
"0","0"
"0","0"
"0","0"
"0","0"
"0","0"
"0","0"
"0","0"
"0","0"
"0","0"
"0","0"
"0","0"
"0","0"
"0","0"
"0","0"
"0","0"
"0","0"
"0","0"
"0","0"
"0","0"
"0","0"
"0","0"
"0","0"
"0","0"
"0","0"
"0.6331231594085693","0"
"0","0"
"0","0"
"0","0"
"0","0"
"0","0"
"0","0"
"0.7901122570037842","0"
"0","0"
"0","0"
"0","0"
"0","0"
"0.2421092391014099","0"
"0","0"
"0","0"
"0","0"
"0","0"
"0","0"
"0","0"
"0.29455119371414185","0"
"0","0"
"0","0"
"0","0"
"0","0"
"0.1410355567932129","0"
"0","0"
"0","0"
"0","0"
"0","0"
"0","0"
"0","0"
"0.6300739049911499","0"
"0","0"
"0","0"
"0","0"
"0","0"
"0","0"
"0","0"
"0","0"
"0","0"
"0","0"
"0","0"
"0","0"
"0","0"
"0","0"
"0","0"
"0","0"
"0","0"
"0.38608282804489136","0"
"0","0"
"0","0"
"0","0"
"0","0"
"0","0"
"0","0"
"0.5238496661186218","0"
"0","0"
"0","0"
"0","0"
"0","0"
"0.6703989505767822","0"
"0","0"
"0","0"
"0","0"
"0","0"
"0","0"
"0","0"
"1.5876551866531372","0"
"0","0"
"0","0"
"0","0"
"0.6207512021064758","0"
"0.4303453862667084","0"
"0","0"
"0.6039783358573914","0"
"1.5208969116210938","0.30000007152557373"
"0.8722994923591614","0"
"0","0.09999991208314896"
"1.0182466506958008","0"
"2.3885738849639893","0.9999998807907104"
"0","0"
"1.0308009386062622","0.5"
"0","0"
"0.9873162508010864","0.5"
"0.4352014660835266","3.1000001430511475"
"0","0"
"0","0"
"0","0"
"0","0"
"0","0"
"0","0"
"0.049181073904037476","1.3999998569488525"
"0","0"
"0","0"
"0","0"
"0","0"
"0","0"
"0","0"
"0","0"
"0","0"
"0","0"
"0","0"
"0","0"
"0","0"
"0","0"
"0","0"
"0","0"
"0","0"
"0","0"
"0","0"
"0","0"
"0","0"
"0","0"
"0","0"
"0","0"
"0","0"
"0","0"
"0","0"
"0","0"
"0","0"
"0","0"
"0","0"
"0","0"
"0","0"
"0","0"
"0","0"
"0","0"
"0.5110708475112915","0"
"0","0"
"0","0"
"0","0"
"0","0"
"0.2427055686712265","0"
"0","0"
"0.38911697268486023","0"
"0.9841259121894836","0.30000007152557373"
"0","0"
"0","0.09999991208314896"
"0.6876301765441895","0"
"1.5480844974517822","0.9999998807907104"
"0","0"
"0","0.5"
"0","0"
"0.41394931077957153","0.5"
"0.1285630166530609","3.1000001430511475"
"0","0"
"0.0020577632822096348","0"
"0","0"
"0","0"
"0","0"
"0","0"
"0.2540281414985657","1.3999998569488525"
"0","0"
"0","0"
"0","0"
"0.5296696424484253","0"
"0.07940786331892014","0"
"0","0"
"0","0"
"0","0"
"0","0"
"0","0"
"0","0"
"0","0.30000007152557373"
"0","0"
"1.2406878471374512","3"
"0","0.800000011920929"
"1.2896251678466797","9"
"0.7745071053504944","0"
"0","0"
"0.5325117707252502","0"
"0","0"
"0","0"
"0","0"
"0","0"
"0.5856547355651855","0"
"0","0"
"0","0"
"0","0"
"0","0"
"0","0"
"0","0"
"0","0"
"0","0"
"0","0"
"0","0"
"0","0"
"0.4861089885234833","0"
"1.0479977130889893","0"
"1.2756527662277222","0"
"1.3458980321884155","0"
"1.5412412881851196","0"
"1.3482065200805664","0"
"1.1532094478607178","0"
"2.06022310256958","0"
"4.767516613006592","0.30000007152557373"
"2.914071559906006","0"
"1.5548899173736572","0.09999991208314896"
"3.5316736698150635","0"
"6.63092565536499","0.9999998807907104"
"0","0"
"0.5539659857749939","0.5"
"0","0"
"0.5343515872955322","0.5"
"0.18453449010849","3.1000001430511475"
"0","0"
"0.06864632666110992","0"
"0","0"
"0","0"
"0","0"
"0","0"
"0.543222188949585","1.3999998569488525"
"0","0"
"0.8163405656814575","0"
"0.42087170481681824","0"
"0.9102604985237122","0"
"0.2775326371192932","0"
"0","0"
"0","0"
"0","0"
"0","0"
"0","0"
"0","0"
"0.08454979956150055","0.30000007152557373"
"0.49802231788635254","0"
"1.2139763832092285","3"
"0.7849637269973755","0.800000011920929"
"1.288834810256958","9"
"0.661226212978363","0"
"0","0"
"0.3485795557498932","0"
"0","0"
"0","0"
"0","0"
"0","0"
"0.06014212965965271","0"
"0.8298144340515137","0"
"2.0028076171875","0"
"0","0"
"1.754854679107666","0"
"1.2222446203231812","0"
"0","0"
"0.7336927652359009","0"
"0.7262804508209229","0"
"0","0"
"0","0"
"0.5158874988555908","0"
"0.9801514148712158","0.40000009536743164"
"0.7765319347381592","4"
"1.9915497303009033","3"
"1.0081331729888916","5"
"1.8916704654693604","5.999999523162842"
"1.1365140676498413","4.3000006675720215"
"0.5802111029624939","24.000001907348633"
"0.4177245497703552","2.6000001430511475"
"0.6689409613609314","0.5"
"0.4740417003631592","0.20000001788139343"
"0.19860926270484924","6.700000762939453"
"0.445286363363266","0.09999991208314896"
"0.7665024995803833","0.5"
"0","0"
"0.9950463175773621","0.5"
"0.6821902990341187","0"
"1.0242732763290405","0.5"
"0.5887925624847412","3.1000001430511475"
"0","0"
"0.9760569334030151","0"
"0","0"
"0","0"
"0","0"
"0","0"
"1.818489909172058","1.3999998569488525"
"1.5282855033874512","0"
"2.567720890045166","0"
"3.0990593433380127","0"
"3.1133718490600586","0"
"1.4246418476104736","0"
"1.7956995964050293","0"
"0.7880369424819946","0"
"0","0"
"0","0"
"0","0"
"0","0"
"0.6626619100570679","0.30000007152557373"
"1.6396369934082031","0"
"3.934680700302124","3"
"3.5123584270477295","0.800000011920929"
"4.00480318069458","9"
"1.5166447162628174","0"
"1.5685839653015137","0"
"0.5594506859779358","0"
"0.5917800068855286","0"
"0.21627552807331085","0"
"0.16101853549480438","0"
"0","0"
"0.20321565866470337","0"
"0.9364264011383057","0"
"2.246886968612671","0"
"1.4484467506408691","0"
"2.2711241245269775","0"
"1.3839749097824097","0"
"0.8670673966407776","0"
"0.8739603757858276","0"
"0.7335346937179565","0"
"0.48336419463157654","0"
"0.636378824710846","0"
"0.3703838586807251","0"
"0.6444737911224365","0.40000009536743164"
"0.8446366786956787","4"
"1.458383321762085","3"
"0.8532688617706299","5"
"1.4090718030929565","5.999999523162842"
"1.0608879327774048","4.3000006675720215"
"0.5632681846618652","24.000001907348633"
"0.748217761516571","2.6000001430511475"
"0.31461209058761597","0.5"
"0.44025158882141113","0.20000001788139343"
"0","6.700000762939453"
"0.3032936751842499","0.09999991208314896"
"0.2852017879486084","0.5"
"3.9487714767456055","0"
"8.426393508911133","0"
"6.566779136657715","0"
"8.496068000793457","0.8999999761581421"
"4.21529483795166","0"
"3.4871435165405273","0"
"2.668609857559204","0"
"3.5352675914764404","0"
"2.2901628017425537","0.30000007152557373"
"2.1713039875030518","0"
"2.3113656044006348","0"
"3.6393017768859863","0.5"
"1.7031012773513794","0"
"3.3484840393066406","0"
"2.560152053833008","0"
"3.561901092529297","0"
"1.92238187789917","0"
"1.946297287940979","0"
"1.2753589153289795","0"
"1.293873906135559","0"
"1.0008975267410278","0"
"1.1670174598693848","0"
"0.9194448590278625","0"
"0.6959688067436218","0"
"2.3249082565307617","0"
"5.264291763305664","3"
"6.5247979164123535","0.800000011920929"
"5.449017524719238","9"
"1.9125850200653076","0"
"2.431811809539795","0"
"1.0846326351165771","0"
"0.6158111095428467","0"
"0.5305995345115662","0"
"0.650639533996582","0"
"0.33747613430023193","0"
"0.5135594606399536","0"
"0.7491243481636047","0"
"1.1395759582519531","0"
"0.7946702241897583","0"
"1.1537580490112305","0"
"0.9496446251869202","0"
"0.6811106204986572","0"
"0.6850599050521851","0"
"0.551539421081543","0"
"0.43405386805534363","0"
"0","0"
"0","0"
"0.38467398285865784","0.40000009536743164"
"0.6943321228027344","4"
"1.1868412494659424","3"
"0.6490313410758972","5"
"1.119642734527588","5.999999523162842"
"0.8777727484703064","4.3000006675720215"
"0","24.000001907348633"
"0.4424096643924713","2.6000001430511475"
"0.5497749447822571","0.5"
"0","0.20000001788139343"
"0","6.700000762939453"
"0","0.09999991208314896"
"0.4466449022293091","0.5"
"3.2037580013275146","0"
"6.808584690093994","0"
"5.934597969055176","0"
"7.192739486694336","0.8999999761581421"
"3.5494933128356934","0"
"3.6795482635498047","0"
"2.2936670780181885","0"
"3.2638394832611084","0"
"2.00467586517334","0.30000007152557373"
"2.389535427093506","0"
"2.4929680824279785","0"
"4.35263729095459","0.5"
"0.9879051446914673","0"
"1.5787123441696167","0"
"1.367457628250122","0"
"1.7806041240692139","0"
"1.2218204736709595","0"
"0.8308283686637878","0"
"1.097416877746582","0"
"0","0"
"0","0"
"0","0"
"0","0"
"0.35323676466941833","0"
"2.1733322143554688","0.8999999761581421"
"4.257269859313965","0"
"4.042333126068115","0"
"4.928211212158203","0.20000001788139343"
"2.3497519493103027","0.09999991208314896"
"2.430288791656494","0"
"1.6619675159454346","0"
"1.4570996761322021","0"
"0.9184324145317078","0"
"1.1791869401931763","0"
"1.242830753326416","0"
"1.0871657133102417","0"
"0.9229484796524048","1.1000001430511475"
"1.9432064294815063","0"
"1.079647421836853","0"
"1.9628887176513672","0.5"
"1.239646077156067","0"
"0.8006106019020081","0"
"1.2874574661254883","0"
"0","0"
"0","0"
"0","0"
"0","0"
"0.82145756483078","0"
"1.6622681617736816","4"
"3.110987424850464","3"
"2.2949938774108887","5"
"2.922794818878174","5.999999523162842"
"1.9247727394104004","4.3000006675720215"
"1.4056286811828613","24.000001907348633"
"1.3314255475997925","2.6000001430511475"
"0.9063970446586609","0.5"
"0.8233132362365723","0.20000001788139343"
"1.3330268859863281","6.700000762939453"
"0.8340756297111511","0.09999991208314896"
"1.3756837844848633","0.5"
"2.4517104625701904","0"
"3.0342824459075928","0"
"2.829389810562134","0"
"3.2653090953826904","0.8999999761581421"
"2.913037061691284","0"
"2.105027437210083","0"
"1.7058115005493164","0"
"2.240447759628296","0"
"1.7177166938781738","0.30000007152557373"
"2.0922598838806152","0"
"1.817823052406311","0"
"3.394636631011963","0.5"
"0.458759069442749","0"
"1.0710904598236084","0"
"0.7459193468093872","0"
"1.2080038785934448","0"
"0.7286853194236755","0"
"0.38533028960227966","0"
"0.45092859864234924","0"
"0","0"
"0","0"
"0","0"
"0","0"
"0.34953707456588745","0"
"2.1089675426483154","0.8999999761581421"
"5.383714199066162","0"
"4.172224044799805","0"
"5.649570941925049","0.20000001788139343"
"2.7574286460876465","0.09999991208314896"
"1.891831398010254","0"
"1.3724466562271118","0"
"1.05616295337677","0"
"0.6450719237327576","0"
"0.9990584850311279","0"
"0.891558051109314","0"
"0.8885619640350342","0"
"0.8375674486160278","1.1000001430511475"
"1.6546175479888916","0"
"1.0214316844940186","0"
"1.5991121530532837","0.5"
"1.2401790618896484","0"
"0","0"
"1.3295081853866577","0"
"0","0"
"0","0"
"0","0"
"0","0"
"0.5035558342933655","0"
"0","0"
"0.9557833075523376","0"
"0","0"
"0","0"
"0.9088336825370789","0"
"0","0"
"0.8693879246711731","0"
"0.892352283000946","0"
"0","0"
"0","0"
"0","0"
"0.8946260213851929","0"
"0.7206051349639893","0"
"1.2850492000579834","0"
"0","0"
"1.5430963039398193","0"
"1.320967674255371","0"
"0.8597137928009033","0"
"1.1250555515289307","0"
"1.2695971727371216","0"
"1.0642257928848267","0"
"0.4661182165145874","0"
"0.7502167820930481","0"
"1.5317695140838623","0"
"0","0"
"0","0"
"0","0"
"0","0"
"0.5341965556144714","0"
"0","0"
"0","0"
"0","0"
"0","0"
"0","0"
"0","0"
"0","0"
"1.50667142868042","0.8999999761581421"
"2.543147087097168","0"
"2.6507925987243652","0"
"2.8838939666748047","0.20000001788139343"
"1.6150798797607422","0.09999991208314896"
"1.2936265468597412","0"
"0.7915249466896057","0"
"0","0"
"0","0"
"0","0"
"0","0"
"0.5606922507286072","0"
"0","1.1000001430511475"
"1.2858176231384277","0"
"0","0"
"1.2338099479675293","0.5"
"0.8264298439025879","0"
"0","0"
"0.5460256338119507","0"
"0","0"
"0","0"
"0","0"
"0","0"
"0.45903223752975464","0"
"0","0"
"1.3540778160095215","0"
"0","0"
"1.3999137878417969","0"
"1.111798644065857","0"
"0","0"
"1.1521623134613037","0"
"1.0318081378936768","0"
"0","0"
"0","0"
"0.8663891553878784","0"
"0.950462818145752","0"
"1.5338859558105469","0"
"1.2602672576904297","0"
"1.0339421033859253","0"
"1.75834321975708","0"
"2.663382053375244","0"
"1.7634940147399902","0"
"3.59319806098938","0"
"3.214629888534546","0"
"3.0967400074005127","0"
"2.652831554412842","0"
"2.3973214626312256","0"
"3.4614617824554443","0"
"6.158818244934082","0"
"14.049528121948242","0"
"11.059263229370117","1.999999761581421"
"13.818958282470703","0"
"6.8239641189575195","0.20000001788139343"
"5.602350234985352","0"
"6.6639580726623535","0"
"6.201767444610596","0"
"4.755821704864502","0"
"3.014573812484741","0"
"2.7750256061553955","0"
"5.398097515106201","0"
"0.528736412525177","0"
"2.139610528945923","0"
"1.8014841079711914","0"
"2.3166866302490234","0"
"0.924728512763977","0"
"1.16058349609375","0"
"0.8766127824783325","0"
"1.001622200012207","0"
"0.5324781537055969","0"
"0","0"
"0.3120010793209076","0"
"0.8110653162002563","0"
"0.9736306667327881","1.1000001430511475"
"2.2538325786590576","0"
"1.7201430797576904","0"
"2.2813122272491455","0.5"
"1.3235528469085693","0"
"0","0"
"0.7990689873695374","0"
"0","0"
"0","0"
"0","0"
"0","0"
"0.4329242706298828","0"
"0","0"
"0","0"
"0","0"
"0","0"
"1.2694764137268066","0"
"0","0"
"1.5281238555908203","0"
"0","0"
"0","0"
"0","0"
"0","0"
"0.9090833067893982","0"
"0","0"
"0","0"
"0","0"
"0","0"
"0.40274399518966675","0"
"0","0"
"1.029181718826294","0"
"1.6134943962097168","0"
"0","0"
"0","0"
"0","0"
"1.309460163116455","0"
"4.613160133361816","0"
"10.813425064086914","0"
"8.425142288208008","1.999999761581421"
"10.023101806640625","0"
"5.261920928955078","0.20000001788139343"
"5.270016193389893","0"
"7.364943981170654","0"
"7.800917148590088","0"
"5.376926898956299","0"
"3.7072336673736572","0"
"3.9780402183532715","0"
"7.092597484588623","0"
"0.9583619832992554","0"
"2.1621367931365967","0"
"2.017726182937622","0"
"1.9974679946899414","0"
"0.9181517958641052","0"
"0","0"
"0.7523113489151001","0"
"0.464248925447464","0"
"0.3355879783630371","0"
"0","0"
"0","0"
"0.22299185395240784","0"
"0","0"
"0","0"
"0","0"
"0","0"
"0.34422391653060913","0"
"0","0"
"0","0"
"0","0"
"0","0"
"0","0"
"0","0"
"0","0"
"0","0"
"0","0"
"0","0"
"0","0"
"0","0"
"0","0"
"0","0"
"0","0"
"0","0"
"0","0"
"0","0"
"0","0"
"0","0"
"0","0"
"0","0"
"0","0"
"0.9169356226921082","0"
"0","0"
"1.642383337020874","0"
"1.593047857284546","0"
"1.340930461883545","0"
"0","0"
"1.3734521865844727","0"
"2.189725160598755","0"
"5.320032119750977","0"
"10.856769561767578","0"
"9.908638000488281","1.999999761581421"
"10.55896282196045","0"
"5.484601020812988","0.20000001788139343"
"5.150268077850342","0"
"5.775643825531006","0"
"5.1010613441467285","0"
"3.9628148078918457","0"
"2.867260456085205","0"
"2.2143287658691406","0"
"3.330104351043701","0"
"0","0"
"2.082045555114746","0"
"1.537685751914978","0"
"1.9235813617706299","0"
"0.7062572240829468","0"
"0","0"
"0.2908099889755249","0"
"0","0"
"0","0"
"0","0"
"0","0"
"0.3628414273262024","0"
"0","0"
"0","0"
"0","0"
"0","0"
"0","0"
"0","0"
"0","0"
"0","0"
"0","0"
"0","0"
"0","0"
"0","0"
"0","0"
"0","0"
"0","0"
"0","0"
"0","0"
"0","0"
"0","0"
"0","0"
"0","0"
"0","0"
"0","0"
"0.602206826210022","0"
"0","0"
"0","0"
"0","0"
"1.3191821575164795","0"
"0.6305910348892212","0"
"0","0"
"0.1923297792673111","0"
"0","0"
"0","0"
"0","0"
"0","0"
"1.0097144842147827","0"
"0","0"
"0","0"
"0","0.5999999046325684"
"0","0.09999991208314896"
"0.6942139267921448","0"
"0","0"
"0","0"
"0","0"
"0","0"
"0","0"
"0","0"
"0","0"
"0","0"
"3.006647825241089","0"
"2.228039264678955","0"
"2.6816563606262207","0"
"1.1668936014175415","0"
"0","0"
"0","0"
"0","0"
"0","0"
"0","0"
"0","0"
"0.30518993735313416","0"
"0","0"
"0","0"
"0","0"
"0","0"
"0","0"
"0","0"
"0","0"
"0","0"
"0","0"
"0","0"
"0","0"
"0","0"
"0","0"
"0","0"
"0","0"
"0","0"
"0.5169516205787659","0"
"0","0"
"0.6687244176864624","0"
"0","0"
"0","0"
"0","0"
"0","0"
"1.7700198888778687","0"
"0","0"
"0","0"
"0","0"
"0","0"
"0.8090311884880066","0"
"0","0"
"0","0"
"0","0"
"0","0"
"0","0"
"0","0"
"0.39481204748153687","0"
"0","0"
"0","0"
"0","0.5999999046325684"
"0","0.09999991208314896"
"0.7161693572998047","0"
"0","0"
"0","0"
"0","0"
"0","0"
"0","0"
"0","0"
"0","0"
"0","0"
"0","0"
"0","0"
"0","0"
"0.8626857995986938","0"
"0","0"
"0","0"
"0","0"
"0","0"
"0","0"
"0","0"
"0.4659588932991028","0"
"0","0"
"0","0"
"0","0"
"0","0"
"0.8785048723220825","0"
"0","0"
"0","0"
"0","0.30000007152557373"
"0","0"
"0","0"
"0","0"
"0.24205218255519867","0.5999999046325684"
"0","0"
"1.7264138460159302","0"
"0","0"
"1.6998305320739746","0"
"1.0442601442337036","0"
"0","0"
"1.5265889167785645","0"
"0","0"
"0","0"
"0","0"
"0","0"
"2.1220145225524902","0"
"0","0"
"0","0"
"0","0"
"0","0"
"0.5559413433074951","0"
"0","0"
"0","0"
"0","0"
"0","0"
"0","0"
"0","0"
"0.26626554131507874","0"
"0","0"
"0","0"
"0","0.5999999046325684"
"0","0.09999991208314896"
"0","0"
"0","0"
"0","0"
"0","0"
"0","0"
"0","0"
"0","0"
"0","0"
"0","0"
"0","0"
"0","0"
"0","0"
"0","0"
"0","0"
"0","0"
"0","0"
"0","0"
"0","0"
"0","0"
"0.6020877361297607","0"
"0","0"
"0","0"
"0","0"
"0","0"
"0.49000364542007446","0"
"0","0"
"0","0"
"0","0.30000007152557373"
"0","0"
"0","0"
"0","0"
"0.334695965051651","0.5999999046325684"
"0","0"
"0","0"
"0","0"
"1.845457673072815","0.5999999046325684"
"0.9618266224861145","0.30000007152557373"
"0","0"
"0","0"
"0","0"
"0","0"
"0","0"
"0","0"
"0.34356218576431274","0.09999991208314896"
"0","0"
"0","0"
"0","0"
"0","0"
"0","0"
"0","0"
"0","0"
"0","0"
"0","0"
"0","0"
"0","0"
"0","0"
"0","0"
"0","0"
"0","0.5999999046325684"
"0","0.09999991208314896"
"0","0"
"0","0"
"0","0"
"0","0"
"0","0"
"0","0"
"0","0"
"0","0"
"0","0"
"0","0"
"0","0"
"0","0"
"0","0"
"0","0"
"0","0"
"0","0"
"0","0"
"0","0"
"0","0"
"0.2832077741622925","0"
"0","0"
"0","0"
"0","0"
"0","0"
"0.08257155120372772","0"
"0","0"
"0","0"
"0","0.30000007152557373"
"0","0"
"0","0"
"0","0"
"0.2629338204860687","0.5999999046325684"
"0","0"
"1.242470622062683","0"
"0","0"
"1.284055233001709","0.5999999046325684"
"0.43907037377357483","0.30000007152557373"
"0","0"
"0","0"
"0","0"
"0","0"
"0","0"
"0","0"
"0.15681016445159912","0.09999991208314896"
"0","0"
"0","0"
"0","0"
"0","0"
"1.122924566268921","0"
"0","0"
"0","0"
"0","0"
"0","0"
"0","0"
"0","0"
"0","0"
"0","0"
"0","0"
"0","0"
"0","0"
"0","0"
"0","0"
"0","0"
"0","0"
"0","0"
"0","0"
"0","0"
"0","0"
"0","0"
"0","0"
"0","0"
"0","0"
"0","0"
"0","0"
"0","0"
"0","0"
"0","0"
"0","0"
"0","0"
"1.3356513977050781","0"
"0","0"
"0","0"
"0","0"
"1.203579068183899","0"
"0.47254520654678345","0"
"0","0"
"0","0"
"0","0.30000007152557373"
"0","0"
"0","0"
"0","0"
"0.44573402404785156","0.5999999046325684"
"0","0"
"2.0335583686828613","0"
"0","0"
"1.932724952697754","0.5999999046325684"
"0.9178788065910339","0.30000007152557373"
"0","0"
"0","0"
"0","0"
"0","0"
"0","0"
"0","0"
"0","0.09999991208314896"
"0","0"
"0","0"
"0","0"
"0","0"
"0.7853062152862549","0"
"0","0"
"0","0"
"0","0"
"0","0"
"0","0"
"0","0"
"0","0"
"0","0"
"0","0"
"0","0"
"0","0"
"1.164625644683838","0"
"0","0"
"0","0"
"0","0"
"0","0"
"0","0"
"0","0"
"0","0"
"0","0"
"0","0"
"0","0"
"0","0"
"0","0"
"0","0"
"0","0"
"0","0"
"0","0"
"0","0"
"0","0"
"1.0800771713256836","0"
"0","0"
"0","0"
"0","0"
"0","0"
"0","0"
"0","0"
"0","0"
"0","0"
"0","0"
"0","0"
"0","0"
"0.2906264066696167","0"
"1.1081175804138184","0"
"1.8111388683319092","0"
"1.0130438804626465","0"
"1.7987420558929443","0"
"1.3922712802886963","0"
"1.3034749031066895","0"
"1.3381465673446655","0"
"2.3457202911376953","0"
"1.5973926782608032","0"
"1.536228895187378","0"
"0","0"
"1.71512770652771","0"
"0","0"
"1.0961294174194336","0"
"0","0"
"1.237856388092041","0"
"0.9473658800125122","0"
"0","0"
"0","0"
"0","0"
"0","0"
"0","0"
"0","0"
"0","0"
"0","0"
"0","0"
"0","0"
"0","0"
"0.9038443565368652","0"
"0","0"
"0","0"
"0","0"
"0","0"
"0","0"
"0","0"
"0","0"
"0","0"
"0","0"
"0","0"
"0","0"
"0","0"
"0","0"
"0","0"
"0","0"
"0","0"
"0","0"
"0","0"
"0","0"
"0","0"
"0","0"
"0","0"
"0","0"
"0","0"
"0","0"
"0","0"
"0","0"
"0","0"
"0","0"
"0","0"
"0","0"
"0","0"
"0","0"
"0","0"
"0","0"
"0","0"
"0","0"
"0","0"
"0","0"
"0","0"
"0","0"
"0","0"
"0","0"
"0","0"
"0","0"
"0","0"
"0","0"
"0","0"
"0","0"
"0","0"
"0","0"
"0","0"
"0","0"
"0","0"
"0","0"
"0","0"
"0","0"
"0","0"
"0","0"
"0","0"
"0","0"
"0","0"
"0","0"
"0","0"
"0","0"
"0","0"
"1.098785638809204","0"
"0","0"
"0","0"
"0","0"
"0","0"
"0","0"
"0","0"
"0","0"
"0","0"
"0","0"
"0","0"
"0","0"
"0","0"
"0","0"
"0","0"
"0","0"
"0","0"
"0","0"
"0","0"
"0","0"
"0","0"
"0","0"
"0","0"
"0","0"
"0.5891722440719604","0"
"0","0"
"0","0"
"0","0"
"0","0"
"0","0"
"0","0"
"0","0"
"0","0"
"0","0"
"0","0"
"0","0"
"0","0"
"0","0"
"0","0"
"0","0"
"0","0"
"0","0"
"0","0"
"0","0"
"0","0"
"0","0"
"0","0"
"0","0"
"0","0"
"0","0"
"0","0"
"0","0"
"0","0"
"0","0"
"0","0"
"0","0"
"0","0"
"0","0"
"0","0"
"0","0"
"0","0"
"0","0"
"0","0"
"0","0"
"0","0"
"0","0"
"0","0"
"0","0"
"0","0"
"0","0"
"0","0"
"0","0"
"1.222579836845398","0"
"0","0"
"0","0"
"0","0"
"0","0"
"0.2866930067539215","0"
"0","0"
"0","0"
"0","0"
"0","0"
"0","0"
"0","0"
"0.7456337213516235","0"
"0","0"
"0","0"
"0","0"
"0","0"
"0","0"
"0","0"
"0","0"
"0","0"
"0","0"
"0","0"
"0","0"
"0","0"
"0","0"
"0","0"
"0","0"
"0","0"
"0","0"
"0","0"
"0","0"
"0","0"
"0","0"
"0","0"
"0","0"
"0","0"
"0","0"
"0","0"
"0","0"
"0","0"
"0","0"
"0","0"
"0","0"
"0","0"
"0","0"
"0","0"
"0","0"
"0","0"
"0","0"
"0","0"
"0","0"
"0","0"
"0","0"
"0","0"
"0","0"
"0","0"
"0","0"
"0","0"
"0","0"
"0.853163480758667","0"
"0","0"
"0","0"
"0","0"
"0","0"
"0","0"
"0","0"
"0","0"
"0","0"
"0","0"
"0","0"
"0","0"
"0.7205746173858643","0"
"0","0"
"0","0"
"0","0"
"0","0"
"0","0"
"0","0"
"0","0"
"0","0"
"0","0"
"0","0"
"0","0"
"1.081145167350769","0"
"0","0"
"0","0"
"0","0"
"0","0"
"1.0124106407165527","0"
"0","0"
"0","0"
"0","0"
"0","0"
"0","0"
"0","0"
"1.1680099964141846","0"
"0","0"
"0","0"
"0","0"
"0","0"
"0","0"
"0","0"
"0","0"
"0","0"
"0","0"
"0","0"
"0","0"
"0","0"
"0","0"
"0","0"
"0","0"
"0","0"
"0","0"
"0","0"
"0","0"
"0","0"
"0","0"
"0","0"
"0","0"
"0","0"
"0","0"
"0","0"
"0","0"
"0","0"
"0","0"
"0","0"
"0","0"
"0","0"
"0","0"
"0","0"
"0","0"
"0.2556059658527374","0"
"0","0"
"0","0"
"0","0"
"0","0"
"0.8204967975616455","0"
"0","0"
"0","0"
"0","0"
"0","0"
"0","0"
"0","0"
"0.7829402685165405","0"
"0","0"
"0","0"
"0","0"
"0","0"
"0.7648797035217285","0"
"0","0"
"0","0"
"0","0"
"0","0"
"0","0"
"0","0"
"0.6268167495727539","0"
"0","0"
"0","0"
"0","0"
"0","0"
"0.3046253025531769","0"
"0","0"
"0","0"
"0","0"
"0","0"
"0","0"
"0","0"
"0.22238792479038239","0"
"0","0"
"0","0"
"0","0"
"0","0"
"0.6688450574874878","0"
"0","0"
"0","0"
"0","0"
"0","0"
"0","0"
"0","0"
"0.7737761735916138","0"
"0","0"
"0","0"
"0","0"
"0","0"
"0","0"
"0","0"
"0","0"
"0","0"
"0","0"
"0","0"
"0","0"
"0.4000058174133301","0"
"0","0"
"0","0"
"0","0"
"0","0"
"0.5639798641204834","0"
"0","0"
"0","0"
"0","0"
"0","0"
"0","0"
"0","0"
"0.798363447189331","0"
"0","0"
"0","0"
"0","0"
"0","0"
"0.3320591449737549","0"
"0","0"
"0","0"
"0","0"
"0","0"
"0","0"
"0","0"
"0.2900104224681854","0"
"0","0"
"0","0"
"0","0"
"0","0"
"0.4222602844238281","0"
"0","0"
"0","0"
"0","0"
"0","0"
"0","0"
"0","0"
"0.26290544867515564","0"
"0","0"
"1.668916940689087","0"
"0","0"
"1.612716555595398","0"
"1.25380539894104","0"
"0","0"
"1.482790231704712","0"
"1.3771876096725464","0"
"0","0"
"0","0"
"0.8102608323097229","0"
"1.4992680549621582","0"
"1.1099754571914673","0"
"2.8707406520843506","1.999999761581421"
"2.1641294956207275","0"
"2.7710981369018555","0.9999998807907104"
"1.352792501449585","0"
"0","0"
"0.8760772943496704","0"
"1.3544152975082397","0"
"0.6817827224731445","0"
"0","0"
"0.7251501083374023","0"
"1.5454261302947998","0"
"0","0"
"0.8755354881286621","11"
"0.567306399345398","5.999999523162842"
"0.8934697508811951","12.399999618530273"
"0.39306092262268066","0"
"0","0"
"0.03234066441655159","0"
"0","0"
"0","0"
"0","0"
"0","0"
"0.04824124276638031","0"
"0","0"
"0","0"
"0","0"
"0","0"
"0.4331092834472656","0"
"0","0"
"0","0"
"0","0"
"0","0"
"0","0"
"0","0"
"0.3995193839073181","0"
"0","0"
"0","0"
"0","0"
"0","0"
"0.6106882095336914","0"
"0","0"
"0","0"
"0","0"
"0","0"
"0","0"
"0","0"
"0.47928062081336975","0"
"0","0"
"0","0"
"0","0"
"1.25162935256958","0"
"0.8475216627120972","0"
"0","0"
"0.9055437445640564","0"
"1.4409165382385254","0"
"0","0"
"0","0"
"0","0"
"1.4866207838058472","0"
"1.8652782440185547","0"
"5.015949249267578","1.999999761581421"
"4.139829635620117","0"
"5.261104583740234","0.9999998807907104"
"2.195288896560669","0"
"1.5888454914093018","0"
"1.5434596538543701","0"
"2.211749792098999","0"
"1.104636788368225","0"
"0.7281270623207092","0"
"1.1043742895126343","0"
"2.0230679512023926","0"
"0.4898794889450073","0"
"1.2978326082229614","11"
"1.045647144317627","5.999999523162842"
"1.2268575429916382","12.399999618530273"
"0.5384145379066467","0"
"0","0"
"0.415370374917984","0"
"0","0"
"0","0"
"0","0"
"0","0"
"0","0"
"0","0"
"0","0"
"0","0.20000001788139343"
"0","0"
"0.7348593473434448","0"
"0","0"
"0","0"
"0","0"
"0","0"
"0","0"
"0","0"
"0.4462180733680725","0"
"0","0"
"2.0582096576690674","0"
"0","1.1000001430511475"
"1.8903586864471436","0"
"1.4848774671554565","0"
"0","0"
"1.355849027633667","0"
"2.3788108825683594","0"
"1.1246768236160278","0"
"0","0"
"1.2926342487335205","0"
"3.1470155715942383","0"