Prediction,Groundtruth,station,lead_time,year,month,day
0.0,0.0,5.0,1,2023,1,1
0.0251501239836215,0.0,9.0,1,2023,1,1
0.0398713089525699,0.0,11.0,1,2023,1,1
0.0852432399988174,0.0,13.0,1,2023,1,1
0.0302662719041109,0.0999999120831489,25.0,1,2023,1,1
0.0,0.0,29.0,1,2023,1,1
0.0,0.0,30.0,1,2023,1,1
0.0,0.0,32.0,1,2023,1,1
0.0,0.0,37.0,1,2023,1,1
0.0,0.0,38.0,1,2023,1,1
0.0,0.0,39.0,1,2023,1,1
0.0,0.0,44.0,1,2023,1,1
0.0,0.0,5.0,2,2023,1,1
0.0,0.0,9.0,2,2023,1,1
0.0,0.0,11.0,2,2023,1,1
0.0081951031461358,0.0999999120831489,13.0,2,2023,1,1
0.048313807696104,0.3000000715255737,25.0,2,2023,1,1
0.0,0.0,29.0,2,2023,1,1
0.0,0.0,30.0,2,2023,1,1
0.1004063487052917,0.0,32.0,2,2023,1,1
0.0,0.0,37.0,2,2023,1,1
0.0,0.0,38.0,2,2023,1,1
0.0291380397975444,0.0,39.0,2,2023,1,1
0.2236476689577102,0.800000011920929,44.0,2,2023,1,1
0.0,0.0,5.0,3,2023,1,1
0.0,0.0,9.0,3,2023,1,1
0.0,0.0,11.0,3,2023,1,1
0.0,0.0,13.0,3,2023,1,1
0.0,0.5999999046325684,25.0,3,2023,1,1
0.0,0.0,29.0,3,2023,1,1
0.0,0.0,30.0,3,2023,1,1
0.0,0.0,32.0,3,2023,1,1
0.0,0.0,37.0,3,2023,1,1
0.0,0.0,38.0,3,2023,1,1
0.0,0.0,39.0,3,2023,1,1
0.0,0.0,44.0,3,2023,1,1
0.0,0.0,5.0,4,2023,1,1
0.0,0.0,9.0,4,2023,1,1
0.0,0.0,11.0,4,2023,1,1
0.0,0.0,13.0,4,2023,1,1
0.1124195456504821,0.3000000715255737,25.0,4,2023,1,1
0.0,0.0,29.0,4,2023,1,1
0.0,0.0,30.0,4,2023,1,1
0.0,0.0,32.0,4,2023,1,1
0.0,0.0,37.0,4,2023,1,1
0.0,0.0,38.0,4,2023,1,1
0.0,0.0,39.0,4,2023,1,1
0.0,0.0,44.0,4,2023,1,1
0.1415089964866638,0.0,5.0,5,2023,1,1
0.1525601893663406,0.0,9.0,5,2023,1,1
0.0703766345977783,0.0,11.0,5,2023,1,1
0.1694450825452804,0.0,13.0,5,2023,1,1
0.4783675670623779,0.0999999120831489,25.0,5,2023,1,1
0.1580553203821182,0.0,29.0,5,2023,1,1
0.2983023822307586,0.0,30.0,5,2023,1,1
0.4069953560829162,0.0,32.0,5,2023,1,1
0.2422028332948684,0.0,37.0,5,2023,1,1
0.139486163854599,0.0,38.0,5,2023,1,1
0.2808268666267395,0.0,39.0,5,2023,1,1
0.6243122816085815,0.0,44.0,5,2023,1,1
0.0,0.0,5.0,6,2023,1,1
0.0577409006655216,0.0,9.0,6,2023,1,1
0.0788820087909698,0.0,11.0,6,2023,1,1
0.213319644331932,0.0,13.0,6,2023,1,1
0.0843384191393852,0.0,25.0,6,2023,1,1
0.0,0.0,29.0,6,2023,1,1
0.0337805934250354,0.0,30.0,6,2023,1,1
0.1012678295373916,0.0,32.0,6,2023,1,1
0.0158158224076032,0.0,37.0,6,2023,1,1
0.0,0.0,38.0,6,2023,1,1
0.0299882143735885,0.0,39.0,6,2023,1,1
0.5250027179718018,0.0,44.0,6,2023,1,1
0.0641497820615768,0.0,5.0,7,2023,1,1
0.1510664075613021,0.0,9.0,7,2023,1,1
0.0125490697100758,0.0,11.0,7,2023,1,1
0.1849590688943863,0.0,13.0,7,2023,1,1
0.2931678593158722,0.0,25.0,7,2023,1,1
0.0,0.0,29.0,7,2023,1,1
0.0708147510886192,0.0,30.0,7,2023,1,1
0.1100590676069259,0.0,32.0,7,2023,1,1
0.0211820024996995,0.0,37.0,7,2023,1,1
0.0198217164725065,0.0,38.0,7,2023,1,1
0.0063160746358335,0.0,39.0,7,2023,1,1
0.1824400275945663,0.0,44.0,7,2023,1,1
0.0,0.0,5.0,1,2023,1,4
0.0,0.0,9.0,1,2023,1,4
0.0,0.0,11.0,1,2023,1,4
0.0,0.0,13.0,1,2023,1,4
0.0174759905785322,0.3000000715255737,25.0,1,2023,1,4
0.0,0.0,29.0,1,2023,1,4
0.0,0.0,30.0,1,2023,1,4
0.0,0.0,32.0,1,2023,1,4
0.0,0.0,37.0,1,2023,1,4
0.0,0.0,38.0,1,2023,1,4
0.0,0.0,39.0,1,2023,1,4
0.0,0.0,44.0,1,2023,1,4
0.0666515529155731,0.0,5.0,2,2023,1,4
0.0757680758833885,0.0,9.0,2,2023,1,4
0.0,0.0,11.0,2,2023,1,4
0.0770230814814567,0.0,13.0,2,2023,1,4
0.2002294510602951,0.0999999120831489,25.0,2,2023,1,4
0.0,0.0,29.0,2,2023,1,4
0.1811321079730987,0.0,30.0,2,2023,1,4
0.470722496509552,0.0,32.0,2,2023,1,4
0.2381147444248199,0.0,37.0,2,2023,1,4
0.0533178336918354,0.0,38.0,2,2023,1,4
0.3686396479606628,0.0,39.0,2,2023,1,4
0.8534255027770996,0.0,44.0,2,2023,1,4
0.0277192592620849,0.0,5.0,3,2023,1,4
0.0808000192046165,0.0,9.0,3,2023,1,4
0.0462970100343227,0.0,11.0,3,2023,1,4
0.1414117366075515,0.0,13.0,3,2023,1,4
0.2188411355018615,0.0,25.0,3,2023,1,4
0.0,0.0,29.0,3,2023,1,4
0.128858670592308,0.0,30.0,3,2023,1,4
0.1045780554413795,0.0,32.0,3,2023,1,4
0.0881319418549537,0.0,37.0,3,2023,1,4
0.038990881294012,0.0,38.0,3,2023,1,4
0.0573367290198802,0.0,39.0,3,2023,1,4
0.2970485091209411,0.0,44.0,3,2023,1,4
0.0,0.0,5.0,4,2023,1,4
0.0,0.0,9.0,4,2023,1,4
0.0,0.0,11.0,4,2023,1,4
0.0156898759305477,0.0,13.0,4,2023,1,4
0.1548403352499008,0.0,25.0,4,2023,1,4
0.0,0.0,29.0,4,2023,1,4
0.0211981572210788,0.0,30.0,4,2023,1,4
0.0,0.0,32.0,4,2023,1,4
0.0,0.0,37.0,4,2023,1,4
0.0,0.0,38.0,4,2023,1,4
0.0,0.0,39.0,4,2023,1,4
0.0884553119540214,0.0,44.0,4,2023,1,4
0.0,0.0,5.0,5,2023,1,4
0.0,0.0,9.0,5,2023,1,4
0.0,0.0,11.0,5,2023,1,4
0.0,0.0,13.0,5,2023,1,4
0.1783588230609893,0.0,25.0,5,2023,1,4
0.0,0.0,29.0,5,2023,1,4
0.0505987480282783,0.0,30.0,5,2023,1,4
0.0,0.0,32.0,5,2023,1,4
0.0,0.0,37.0,5,2023,1,4
0.0,0.0,38.0,5,2023,1,4
0.0,0.0,39.0,5,2023,1,4
0.1123081147670745,0.0,44.0,5,2023,1,4
0.0,0.0,5.0,6,2023,1,4
0.0,0.0,9.0,6,2023,1,4
0.0,0.0,11.0,6,2023,1,4
0.0,0.0,13.0,6,2023,1,4
0.1806717365980148,0.0,25.0,6,2023,1,4
0.0,0.0,29.0,6,2023,1,4
0.0849007070064544,0.0,30.0,6,2023,1,4
0.0088726719841361,0.0,32.0,6,2023,1,4
0.0083626518025994,0.0,37.0,6,2023,1,4
0.0,0.0,38.0,6,2023,1,4
0.0,0.0,39.0,6,2023,1,4
0.1044568791985511,0.0,44.0,6,2023,1,4
0.0292122587561607,0.0,5.0,7,2023,1,4
0.0378082618117332,0.0,9.0,7,2023,1,4
0.0,0.0,11.0,7,2023,1,4
0.0721680968999862,0.0,13.0,7,2023,1,4
0.2548726201057434,0.0,25.0,7,2023,1,4
0.0049219210632145,0.0,29.0,7,2023,1,4
0.0733604878187179,0.0,30.0,7,2023,1,4
0.1027457490563392,0.3000000715255737,32.0,7,2023,1,4
0.0262080039829015,0.0,37.0,7,2023,1,4
0.0325898490846157,0.0,38.0,7,2023,1,4
0.0,0.0,39.0,7,2023,1,4
0.0933673083782196,1.3999998569488523,44.0,7,2023,1,4
0.0,0.0,5.0,1,2023,1,8
0.0,0.0,9.0,1,2023,1,8
0.0,0.0,11.0,1,2023,1,8
0.0,0.0,13.0,1,2023,1,8
0.0395105592906475,0.0,25.0,1,2023,1,8
0.0,0.0,29.0,1,2023,1,8
0.0,0.0,30.0,1,2023,1,8
0.0,0.0,32.0,1,2023,1,8
0.0,0.0,37.0,1,2023,1,8
0.0,0.0,38.0,1,2023,1,8
0.0,0.0,39.0,1,2023,1,8
0.0,0.0,44.0,1,2023,1,8
0.0,0.0,5.0,2,2023,1,8
0.0,0.0,9.0,2,2023,1,8
0.0,0.0,11.0,2,2023,1,8
0.0,0.0,13.0,2,2023,1,8
0.0386777855455875,0.0,25.0,2,2023,1,8
0.0,0.0,29.0,2,2023,1,8
0.0004264943709131,0.0,30.0,2,2023,1,8
0.0,0.0,32.0,2,2023,1,8
0.0,0.0,37.0,2,2023,1,8
0.0,0.0,38.0,2,2023,1,8
0.0,0.0,39.0,2,2023,1,8
0.1412061601877212,0.0,44.0,2,2023,1,8
0.0,0.0,5.0,3,2023,1,8
0.0,0.0,9.0,3,2023,1,8
0.0,0.0,11.0,3,2023,1,8
0.0,0.0,13.0,3,2023,1,8
0.0191764906048774,0.0,25.0,3,2023,1,8
0.0,0.0,29.0,3,2023,1,8
0.0,0.0,30.0,3,2023,1,8
0.5726330876350403,0.3000000715255737,32.0,3,2023,1,8
0.0982652381062507,0.0,37.0,3,2023,1,8
0.0,0.0,38.0,3,2023,1,8
0.559769868850708,0.0,39.0,3,2023,1,8
1.482751727104187,1.3999998569488523,44.0,3,2023,1,8
0.1673491150140762,0.0,5.0,4,2023,1,8
0.2390134334564209,0.0,9.0,4,2023,1,8
0.1040250957012176,0.0,11.0,4,2023,1,8
0.2384039014577865,0.0,13.0,4,2023,1,8
0.3716400563716888,0.0,25.0,4,2023,1,8
0.1393795758485794,0.0,29.0,4,2023,1,8
0.0741931125521659,0.0,30.0,4,2023,1,8
0.0,0.0,32.0,4,2023,1,8
0.0,0.0,37.0,4,2023,1,8
0.0,0.0,38.0,4,2023,1,8
0.0,0.0,39.0,4,2023,1,8
0.0,0.0,44.0,4,2023,1,8
0.1347918957471847,0.0,5.0,5,2023,1,8
0.3054408133029938,0.0,9.0,5,2023,1,8
0.0667286589741706,0.0,11.0,5,2023,1,8
0.2425557076930999,0.0,13.0,5,2023,1,8
0.4336902499198913,0.0,25.0,5,2023,1,8
0.0791958346962928,0.0,29.0,5,2023,1,8
0.1467721760272979,0.0,30.0,5,2023,1,8
0.0,0.0,32.0,5,2023,1,8
0.0,0.0,37.0,5,2023,1,8
0.0,0.0,38.0,5,2023,1,8
0.0,0.0,39.0,5,2023,1,8
0.0,0.0,44.0,5,2023,1,8
0.0,0.0,5.0,6,2023,1,8
0.0459512919187545,0.0,9.0,6,2023,1,8
0.0,0.0,11.0,6,2023,1,8
0.0509281307458877,0.0,13.0,6,2023,1,8
0.2465749084949493,0.0,25.0,6,2023,1,8
0.0,0.0,29.0,6,2023,1,8
0.0749903619289398,0.0,30.0,6,2023,1,8
0.0,0.0,32.0,6,2023,1,8
0.0,0.0,37.0,6,2023,1,8
0.0,0.0,38.0,6,2023,1,8
0.0,0.0,39.0,6,2023,1,8
0.0,0.0,44.0,6,2023,1,8
0.2923072576522827,0.0,5.0,7,2023,1,8
0.4241076707839966,0.0,9.0,7,2023,1,8
0.026678679510951,0.0,11.0,7,2023,1,8
0.2815056443214416,0.0,13.0,7,2023,1,8
0.7357662916183472,0.0,25.0,7,2023,1,8
0.1590729057788849,0.0,29.0,7,2023,1,8
0.4681282639503479,0.0,30.0,7,2023,1,8
0.8511562347412109,0.0,32.0,7,2023,1,8
0.5854545831680298,0.0,37.0,7,2023,1,8
0.2485612630844116,0.0,38.0,7,2023,1,8
1.0781699419021606,0.0,39.0,7,2023,1,8
1.196526288986206,0.0,44.0,7,2023,1,8
0.2405702769756317,0.0,5.0,1,2023,1,11
0.2843952178955078,0.0,9.0,1,2023,1,11
0.1248410865664482,0.0,11.0,1,2023,1,11
0.2915700376033783,0.0,13.0,1,2023,1,11
0.4227347075939178,0.0,25.0,1,2023,1,11
0.2666063010692596,0.0,29.0,1,2023,1,11
0.2398393750190735,0.0,30.0,1,2023,1,11
0.0400315597653389,0.0,32.0,1,2023,1,11
0.0524190440773963,0.0,37.0,1,2023,1,11
0.1549582034349441,0.0,38.0,1,2023,1,11
0.022908529266715,0.0,39.0,1,2023,1,11
0.2720920443534851,0.0,44.0,1,2023,1,11
0.1142247170209884,0.0,5.0,2,2023,1,11
0.3452430963516235,0.0,9.0,2,2023,1,11
0.07111057639122,0.0,11.0,2,2023,1,11
0.2698835730552673,0.0,13.0,2,2023,1,11
0.2817059755325317,0.0,25.0,2,2023,1,11
0.0319813005626201,0.0,29.0,2,2023,1,11
0.0562174767255783,0.0,30.0,2,2023,1,11
0.0,0.0,32.0,2,2023,1,11
0.0,0.0,37.0,2,2023,1,11
0.0,0.0,38.0,2,2023,1,11
0.0,0.0,39.0,2,2023,1,11
0.0,0.0,44.0,2,2023,1,11
0.0,0.0,5.0,3,2023,1,11
0.0,0.0,9.0,3,2023,1,11
0.0,0.0,11.0,3,2023,1,11
0.0,0.0,13.0,3,2023,1,11
0.1417274475097656,0.0,25.0,3,2023,1,11
0.0,0.0,29.0,3,2023,1,11
0.0,0.0,30.0,3,2023,1,11
0.0,0.0,32.0,3,2023,1,11
0.0,0.0,37.0,3,2023,1,11
0.0,0.0,38.0,3,2023,1,11
0.0,0.0,39.0,3,2023,1,11
0.0,0.0,44.0,3,2023,1,11
0.1790785491466522,0.0,5.0,4,2023,1,11
0.1947701126337051,0.0,9.0,4,2023,1,11
0.0,0.0,11.0,4,2023,1,11
0.1522432416677475,0.0,13.0,4,2023,1,11
0.4407558441162109,0.0,25.0,4,2023,1,11
0.0458655469119548,0.0,29.0,4,2023,1,11
0.3787822723388672,0.0,30.0,4,2023,1,11
0.3183256983757019,0.0,32.0,4,2023,1,11
0.2783155441284179,0.0,37.0,4,2023,1,11
0.0453386045992374,0.0,38.0,4,2023,1,11
0.3708617389202118,0.0,39.0,4,2023,1,11
0.5813769102096558,0.0,44.0,4,2023,1,11
0.0761304274201393,0.0,5.0,5,2023,1,11
0.4242823421955108,0.0,9.0,5,2023,1,11
0.0,0.0,11.0,5,2023,1,11
0.2520058155059814,0.0,13.0,5,2023,1,11
0.4606190919876098,0.0,25.0,5,2023,1,11
0.1063215658068656,0.0,29.0,5,2023,1,11
0.4590389430522918,0.0,30.0,5,2023,1,11
0.635597825050354,0.0,32.0,5,2023,1,11
0.3760833442211151,0.0,37.0,5,2023,1,11
0.2380006164312362,0.0,38.0,5,2023,1,11
0.4454461336135864,0.0,39.0,5,2023,1,11
1.4026625156402588,1.999999761581421,44.0,5,2023,1,11
0.0979279354214668,0.0,5.0,6,2023,1,11
0.3922183811664581,0.0,9.0,6,2023,1,11
0.2238766252994537,0.0,11.0,6,2023,1,11
0.4349105358123779,0.0999999120831489,13.0,6,2023,1,11
0.3369100391864776,0.0,25.0,6,2023,1,11
0.0314720533788204,0.0,29.0,6,2023,1,11
0.0431069731712341,0.0,30.0,6,2023,1,11
0.0,0.0,32.0,6,2023,1,11
0.0,0.0,37.0,6,2023,1,11
0.0,0.0,38.0,6,2023,1,11
0.0,0.0,39.0,6,2023,1,11
0.0055119469761848,0.0,44.0,6,2023,1,11
0.939647912979126,0.0,5.0,7,2023,1,11
1.93546998500824,0.0,9.0,7,2023,1,11
2.2870912551879883,0.0,11.0,7,2023,1,11
2.7009122371673584,0.2000000178813934,13.0,7,2023,1,11
1.3246419429779053,0.0,25.0,7,2023,1,11
0.4544856548309326,0.0,29.0,7,2023,1,11
0.4098924994468689,0.0,30.0,7,2023,1,11
0.3308500349521637,0.0,32.0,7,2023,1,11
0.2650780975818634,0.0,37.0,7,2023,1,11
0.1361513286828994,0.0,38.0,7,2023,1,11
0.0746766552329063,0.0,39.0,7,2023,1,11
0.1744748502969741,0.5,44.0,7,2023,1,11
0.0002772772277239,0.0,5.0,1,2023,1,15
0.2879651486873626,0.0,9.0,1,2023,1,15
0.0320237800478935,0.0,11.0,1,2023,1,15
0.2276815176010131,0.0,13.0,1,2023,1,15
0.1683802455663681,0.0,25.0,1,2023,1,15
0.0,0.0,29.0,1,2023,1,15
0.0174308232963085,0.0,30.0,1,2023,1,15
0.0,0.0,32.0,1,2023,1,15
0.0,0.0,37.0,1,2023,1,15
0.0,0.0,38.0,1,2023,1,15
0.0,0.0,39.0,1,2023,1,15
0.0,1.999999761581421,44.0,1,2023,1,15
0.0,0.0,5.0,2,2023,1,15
0.0328359343111515,0.0,9.0,2,2023,1,15
0.0,0.0,11.0,2,2023,1,15
0.0447223633527755,0.0999999120831489,13.0,2,2023,1,15
0.0777423307299614,0.0,25.0,2,2023,1,15
0.0,0.0,29.0,2,2023,1,15
0.0,0.0,30.0,2,2023,1,15
0.0,0.0,32.0,2,2023,1,15
0.0,0.0,37.0,2,2023,1,15
0.0,0.0,38.0,2,2023,1,15
0.0,0.0,39.0,2,2023,1,15
0.0,0.0,44.0,2,2023,1,15
0.0,0.0,5.0,3,2023,1,15
0.1845916956663131,0.0,9.0,3,2023,1,15
0.1946053206920623,0.0,11.0,3,2023,1,15
0.2415364235639572,0.2000000178813934,13.0,3,2023,1,15
0.1617041677236557,0.0,25.0,3,2023,1,15
0.0450483001768589,0.0,29.0,3,2023,1,15
0.0,0.0,30.0,3,2023,1,15
0.0,0.0,32.0,3,2023,1,15
0.0,0.0,37.0,3,2023,1,15
0.0,0.0,38.0,3,2023,1,15
0.0,0.0,39.0,3,2023,1,15
0.0,0.5,44.0,3,2023,1,15
0.0,0.0,5.0,4,2023,1,15
0.0452904216945171,0.0,9.0,4,2023,1,15
0.0,0.5,11.0,4,2023,1,15
0.0494625307619571,0.9999998807907104,13.0,4,2023,1,15
0.0847567841410636,0.0,25.0,4,2023,1,15
0.0,0.0,29.0,4,2023,1,15
0.0,0.0,30.0,4,2023,1,15
0.0,0.0,32.0,4,2023,1,15
0.0,0.0,37.0,4,2023,1,15
0.0,0.0,38.0,4,2023,1,15
0.0,0.0,39.0,4,2023,1,15
0.0,0.0,44.0,4,2023,1,15
0.0652468204498291,0.0,5.0,5,2023,1,15
0.2390631735324859,0.0,9.0,5,2023,1,15
0.1047836020588874,0.0,11.0,5,2023,1,15
0.2163371741771698,0.0,13.0,5,2023,1,15
0.3296079039573669,0.0,25.0,5,2023,1,15
0.0440193004906177,0.0,29.0,5,2023,1,15
0.1470388323068618,0.0999999120831489,30.0,5,2023,1,15
0.0147208450362086,0.0,32.0,5,2023,1,15
0.0780503302812576,0.0,37.0,5,2023,1,15
0.0266526620835065,0.0,38.0,5,2023,1,15
0.0075411228463053,0.0,39.0,5,2023,1,15
0.2226540744304657,0.5,44.0,5,2023,1,15
0.0,0.0,5.0,6,2023,1,15
0.0,0.0,9.0,6,2023,1,15
0.0,0.0,11.0,6,2023,1,15
0.0,0.0,13.0,6,2023,1,15
0.0322144255042076,0.0,25.0,6,2023,1,15
0.0,0.0,29.0,6,2023,1,15
0.0,0.0,30.0,6,2023,1,15
0.0,0.0,32.0,6,2023,1,15
0.0,0.0,37.0,6,2023,1,15
0.0,0.0,38.0,6,2023,1,15
0.0,0.0,39.0,6,2023,1,15
0.0,0.0,44.0,6,2023,1,15
0.0,0.0,5.0,7,2023,1,15
0.0631965398788452,0.0,9.0,7,2023,1,15
0.0,0.0,11.0,7,2023,1,15
0.0467719174921512,0.0,13.0,7,2023,1,15
0.1591555029153823,0.0,25.0,7,2023,1,15
0.0,0.0,29.0,7,2023,1,15
0.0,0.0,30.0,7,2023,1,15
0.0,0.0,32.0,7,2023,1,15
0.0,0.0,37.0,7,2023,1,15
0.0,0.0,38.0,7,2023,1,15
0.0,0.0,39.0,7,2023,1,15
0.0,0.0,44.0,7,2023,1,15
0.0174533203244209,0.0,5.0,1,2023,1,18
0.3933727741241455,0.0,9.0,1,2023,1,18
0.1395415961742401,0.5,11.0,1,2023,1,18
0.3390205204486847,0.9999998807907104,13.0,1,2023,1,18
0.1796293705701828,0.0,25.0,1,2023,1,18
0.0,0.0,29.0,1,2023,1,18
0.0,0.0,30.0,1,2023,1,18
0.0,0.0,32.0,1,2023,1,18
0.0,0.0,37.0,1,2023,1,18
0.0,0.0,38.0,1,2023,1,18
0.0,0.0,39.0,1,2023,1,18
0.0,0.0,44.0,1,2023,1,18
0.1606578230857849,0.0,5.0,2,2023,1,18
0.4147741794586181,0.0,9.0,2,2023,1,18
0.3760791420936584,0.0,11.0,2,2023,1,18
0.448245108127594,0.0,13.0,2,2023,1,18
0.2789020836353302,0.0,25.0,2,2023,1,18
0.1204973682761192,0.0,29.0,2,2023,1,18
0.0115911206230521,0.0999999120831489,30.0,2,2023,1,18
0.0,0.0,32.0,2,2023,1,18
0.0,0.0,37.0,2,2023,1,18
0.0,0.0,38.0,2,2023,1,18
0.0,0.0,39.0,2,2023,1,18
0.0268679894506931,0.5,44.0,2,2023,1,18
0.0,0.0,5.0,3,2023,1,18
0.0,0.0,9.0,3,2023,1,18
0.0,0.0,11.0,3,2023,1,18
0.0,0.0,13.0,3,2023,1,18
0.0179511457681655,0.0,25.0,3,2023,1,18
0.0,0.0,29.0,3,2023,1,18
0.0,0.0,30.0,3,2023,1,18
0.0,0.0,32.0,3,2023,1,18
0.0,0.0,37.0,3,2023,1,18
0.0,0.0,38.0,3,2023,1,18
0.0,0.0,39.0,3,2023,1,18
0.0,0.0,44.0,3,2023,1,18
0.0,0.0,5.0,4,2023,1,18
0.0,0.0,9.0,4,2023,1,18
0.0,0.0,11.0,4,2023,1,18
0.0,0.0,13.0,4,2023,1,18
0.0969621539115905,0.0,25.0,4,2023,1,18
0.0,0.0,29.0,4,2023,1,18
0.0,0.0,30.0,4,2023,1,18
0.0,0.0,32.0,4,2023,1,18
0.0,0.0,37.0,4,2023,1,18
0.0,0.0,38.0,4,2023,1,18
0.0,0.0,39.0,4,2023,1,18
0.0,0.0,44.0,4,2023,1,18
0.0,0.0,5.0,5,2023,1,18
0.0,0.0,9.0,5,2023,1,18
0.0,0.0999999120831489,11.0,5,2023,1,18
0.0,0.0,13.0,5,2023,1,18
0.2119963020086288,0.0,25.0,5,2023,1,18
0.0,0.0,29.0,5,2023,1,18
0.0317340195178985,0.0,30.0,5,2023,1,18
0.0,0.0,32.0,5,2023,1,18
0.0,0.0,37.0,5,2023,1,18
0.0,0.0,38.0,5,2023,1,18
0.0,0.0,39.0,5,2023,1,18
0.0052103078924119,0.0,44.0,5,2023,1,18
0.2419607192277908,0.0,5.0,6,2023,1,18
0.4239636063575744,0.0,9.0,6,2023,1,18
0.0998115241527557,0.0,11.0,6,2023,1,18
0.3846017122268677,0.0,13.0,6,2023,1,18
0.6249605417251587,0.0,25.0,6,2023,1,18
0.1183934435248375,0.0,29.0,6,2023,1,18
0.5997482538223267,0.0,30.0,6,2023,1,18
1.0247154235839844,0.0,32.0,6,2023,1,18
0.6468563079833984,0.0,37.0,6,2023,1,18
0.3322023451328277,0.0,38.0,6,2023,1,18
1.004076600074768,0.0,39.0,6,2023,1,18
1.704301118850708,0.9999998807907104,44.0,6,2023,1,18
0.0131166921928524,0.0,5.0,7,2023,1,18
0.1079956591129303,0.0,9.0,7,2023,1,18
0.0240726061165332,0.0,11.0,7,2023,1,18
0.1695670187473297,0.0,13.0,7,2023,1,18
0.2001231163740158,0.0,25.0,7,2023,1,18
0.0,0.0,29.0,7,2023,1,18
0.0,0.0,30.0,7,2023,1,18
0.0912499204277992,0.0,32.0,7,2023,1,18
0.0,0.0,37.0,7,2023,1,18
0.0,0.0,38.0,7,2023,1,18
0.0,0.0,39.0,7,2023,1,18
0.051705963909626,0.0,44.0,7,2023,1,18
0.0,0.0,5.0,1,2023,1,22
0.0,0.0,9.0,1,2023,1,22
0.0,0.0999999120831489,11.0,1,2023,1,22
0.0,0.0,13.0,1,2023,1,22
0.0492208711802959,0.0,25.0,1,2023,1,22
0.0,0.0,29.0,1,2023,1,22
0.0,0.0,30.0,1,2023,1,22
0.0,0.0,32.0,1,2023,1,22
0.0,0.0,37.0,1,2023,1,22
0.0,0.0,38.0,1,2023,1,22
0.0,0.0,39.0,1,2023,1,22
0.0163206234574317,0.0,44.0,1,2023,1,22
0.3065279126167297,0.0,5.0,2,2023,1,22
0.6171420812606812,0.0,9.0,2,2023,1,22
0.1936651319265365,0.0,11.0,2,2023,1,22
0.4705871641635895,0.0,13.0,2,2023,1,22
0.565074622631073,0.0,25.0,2,2023,1,22
0.0976047366857528,0.0,29.0,2,2023,1,22
0.566075325012207,0.0,30.0,2,2023,1,22
1.16374671459198,0.0,32.0,2,2023,1,22
0.7084715366363525,0.0,37.0,2,2023,1,22
0.3903683423995971,0.0,38.0,2,2023,1,22
1.1147104501724243,0.0,39.0,2,2023,1,22
2.299095630645752,0.9999998807907104,44.0,2,2023,1,22
0.0,0.0,5.0,3,2023,1,22
0.0039378907531499,0.0,9.0,3,2023,1,22
0.0801334753632545,0.0,11.0,3,2023,1,22
0.0960727334022522,0.0,13.0,3,2023,1,22
0.099293865263462,0.0,25.0,3,2023,1,22
0.024479916319251,0.0,29.0,3,2023,1,22
0.0,0.0,30.0,3,2023,1,22
0.0,0.0,32.0,3,2023,1,22
0.0,0.0,37.0,3,2023,1,22
0.0,0.0,38.0,3,2023,1,22
0.0,0.0,39.0,3,2023,1,22
0.0,0.0,44.0,3,2023,1,22
0.0,0.0,5.0,4,2023,1,22
0.0776486694812774,0.0,9.0,4,2023,1,22
0.0,0.0,11.0,4,2023,1,22
0.0968369767069816,0.0,13.0,4,2023,1,22
0.1731896996498108,0.0,25.0,4,2023,1,22
0.0,0.0,29.0,4,2023,1,22
0.0,0.0,30.0,4,2023,1,22
0.0,0.0,32.0,4,2023,1,22
0.0,0.0,37.0,4,2023,1,22
0.0,0.0,38.0,4,2023,1,22
0.0,0.0,39.0,4,2023,1,22
0.0,0.0,44.0,4,2023,1,22
0.0530860349535942,0.0,5.0,5,2023,1,22
0.144670307636261,0.0,9.0,5,2023,1,22
0.0,0.0,11.0,5,2023,1,22
0.0914598628878593,0.0,13.0,5,2023,1,22
0.3225839138031006,0.0,25.0,5,2023,1,22
0.0449880473315715,0.0,29.0,5,2023,1,22
0.2146745771169662,0.0,30.0,5,2023,1,22
0.62126624584198,0.0,32.0,5,2023,1,22
0.3653153479099273,0.0,37.0,5,2023,1,22
0.0874081701040268,0.0,38.0,5,2023,1,22
0.5449634194374084,0.0,39.0,5,2023,1,22
0.9987980127334596,0.9999998807907104,44.0,5,2023,1,22
0.0,0.0,5.0,6,2023,1,22
0.155155062675476,0.0,9.0,6,2023,1,22
0.1371835023164749,0.0,11.0,6,2023,1,22
0.2653543949127197,0.2000000178813934,13.0,6,2023,1,22
0.0045061525888741,0.0,25.0,6,2023,1,22
0.0,0.0,29.0,6,2023,1,22
0.0,0.0,30.0,6,2023,1,22
0.0,0.0,32.0,6,2023,1,22
0.0,0.0,37.0,6,2023,1,22
0.0,0.0,38.0,6,2023,1,22
0.0,0.0,39.0,6,2023,1,22
0.0068846554495394,0.9999998807907104,44.0,6,2023,1,22
0.0382079668343067,0.0,5.0,7,2023,1,22
0.2249545603990554,0.0,9.0,7,2023,1,22
0.0,0.0,11.0,7,2023,1,22
0.1839489638805389,0.0,13.0,7,2023,1,22
0.2273560166358947,0.0,25.0,7,2023,1,22
0.0,0.0,29.0,7,2023,1,22
0.0260511022061109,0.0,30.0,7,2023,1,22
0.0477745831012725,0.0,32.0,7,2023,1,22
0.0556510239839553,0.0,37.0,7,2023,1,22
0.0115078492090106,0.0,38.0,7,2023,1,22
0.0063256593421101,0.0,39.0,7,2023,1,22
0.1844232827425003,0.0,44.0,7,2023,1,22
0.0,0.0,5.0,1,2023,1,25
0.0,0.0,9.0,1,2023,1,25
0.0,0.0,11.0,1,2023,1,25
0.0,0.0,13.0,1,2023,1,25
0.044210560619831,0.0,25.0,1,2023,1,25
0.0,0.0,29.0,1,2023,1,25
0.0,0.0,30.0,1,2023,1,25
0.0,0.0,32.0,1,2023,1,25
0.0,0.0,37.0,1,2023,1,25
0.0,0.0,38.0,1,2023,1,25
0.0,0.0,39.0,1,2023,1,25
0.0,0.0,44.0,1,2023,1,25
0.0730153173208236,0.0,5.0,2,2023,1,25
0.1413265168666839,0.0,9.0,2,2023,1,25
0.0,0.0,11.0,2,2023,1,25
0.1093376949429512,0.0,13.0,2,2023,1,25
0.2739742696285248,0.0,25.0,2,2023,1,25
0.0118457973003387,0.0,29.0,2,2023,1,25
0.349951684474945,0.0,30.0,2,2023,1,25
1.2457844018936155,0.0,32.0,2,2023,1,25
0.7982805967330933,0.0,37.0,2,2023,1,25
0.1783590167760849,0.0,38.0,2,2023,1,25
1.2832492589950562,0.0,39.0,2,2023,1,25
2.060676336288452,0.9999998807907104,44.0,2,2023,1,25
0.0,0.0,5.0,3,2023,1,25
0.3908647894859314,0.0,9.0,3,2023,1,25
0.2693037986755371,0.0,11.0,3,2023,1,25
0.4399429857730865,0.2000000178813934,13.0,3,2023,1,25
0.1566169559955597,0.0,25.0,3,2023,1,25
0.0,0.0,29.0,3,2023,1,25
0.0,0.0,30.0,3,2023,1,25
0.1431406736373901,0.0,32.0,3,2023,1,25
0.0,0.0,37.0,3,2023,1,25
0.0,0.0,38.0,3,2023,1,25
0.1073567867279052,0.0,39.0,3,2023,1,25
0.334105908870697,0.9999998807907104,44.0,3,2023,1,25
0.0244666747748851,0.0,5.0,4,2023,1,25
0.3404091298580169,0.0,9.0,4,2023,1,25
0.1936397552490234,0.0,11.0,4,2023,1,25
0.4372749328613281,0.0,13.0,4,2023,1,25
0.1980287879705429,0.0,25.0,4,2023,1,25
0.0,0.0,29.0,4,2023,1,25
0.009878029115498,0.0,30.0,4,2023,1,25
0.0,0.0,32.0,4,2023,1,25
0.0,0.0,37.0,4,2023,1,25
0.0,0.0,38.0,4,2023,1,25
0.0,0.0,39.0,4,2023,1,25
0.1410990208387375,0.0,44.0,4,2023,1,25
0.0015530616510659,0.0,5.0,5,2023,1,25
0.170938029885292,0.0,9.0,5,2023,1,25
0.0536844469606876,0.0,11.0,5,2023,1,25
0.1672645360231399,0.0,13.0,5,2023,1,25
0.2785466909408569,0.0,25.0,5,2023,1,25
0.0317352451384067,0.0,29.0,5,2023,1,25
0.0806263163685798,0.0,30.0,5,2023,1,25
0.0,0.0,32.0,5,2023,1,25
0.0,0.0,37.0,5,2023,1,25
0.0,0.0,38.0,5,2023,1,25
0.0,0.0,39.0,5,2023,1,25
0.1303274780511856,0.0,44.0,5,2023,1,25
0.0,0.0,5.0,6,2023,1,25
0.0669950395822525,0.0,9.0,6,2023,1,25
0.0,0.0,11.0,6,2023,1,25
0.1278591603040695,0.0,13.0,6,2023,1,25
0.2233469784259796,0.0,25.0,6,2023,1,25
0.0,0.0,29.0,6,2023,1,25
0.0346122533082962,0.0,30.0,6,2023,1,25
0.0,0.0,32.0,6,2023,1,25
0.0,0.0,37.0,6,2023,1,25
0.0,0.0,38.0,6,2023,1,25
0.0,0.0,39.0,6,2023,1,25
0.0424821227788925,0.0,44.0,6,2023,1,25
0.0,0.0,5.0,7,2023,1,25
0.0961064845323562,0.0,9.0,7,2023,1,25
0.0,0.0,11.0,7,2023,1,25
0.130778968334198,0.0,13.0,7,2023,1,25
0.2223835587501526,0.0,25.0,7,2023,1,25
0.0,0.0,29.0,7,2023,1,25
0.0,0.0,30.0,7,2023,1,25
0.0,0.0,32.0,7,2023,1,25
0.0,0.0,37.0,7,2023,1,25
0.0,0.0,38.0,7,2023,1,25
0.0,0.0,39.0,7,2023,1,25
0.0389998964965343,0.0,44.0,7,2023,1,25
0.0,0.0,5.0,1,2023,1,29
0.0,0.0,9.0,1,2023,1,29
0.0,0.0,11.0,1,2023,1,29
0.01514826528728,0.0,13.0,1,2023,1,29
0.053671721369028,0.0,25.0,1,2023,1,29
0.0,0.0,29.0,1,2023,1,29
0.0,0.0,30.0,1,2023,1,29
0.0,0.0,32.0,1,2023,1,29
0.0,0.0,37.0,1,2023,1,29
0.0,0.0,38.0,1,2023,1,29
0.0,0.0,39.0,1,2023,1,29
0.0,0.0,44.0,1,2023,1,29
0.0,0.0,5.0,2,2023,1,29
0.0,0.0,9.0,2,2023,1,29
0.0,0.0,11.0,2,2023,1,29
0.0,0.0,13.0,2,2023,1,29
0.0431458316743373,0.0,25.0,2,2023,1,29
0.0,0.0,29.0,2,2023,1,29
0.0,0.0,30.0,2,2023,1,29
0.0,0.0,32.0,2,2023,1,29
0.0,0.0,37.0,2,2023,1,29
0.0,0.0,38.0,2,2023,1,29
0.0,0.0,39.0,2,2023,1,29
0.0,0.0,44.0,2,2023,1,29
0.0,0.0,5.0,3,2023,1,29
0.0,0.0,9.0,3,2023,1,29
0.0,0.0,11.0,3,2023,1,29
0.0,0.0,13.0,3,2023,1,29
0.1071876734495163,0.0,25.0,3,2023,1,29
0.0,0.0,29.0,3,2023,1,29
0.0,0.0,30.0,3,2023,1,29
0.0,0.0,32.0,3,2023,1,29
0.0,0.0,37.0,3,2023,1,29
0.0,0.0,38.0,3,2023,1,29
0.0,0.0,39.0,3,2023,1,29
0.0,0.0,44.0,3,2023,1,29
0.0304770991206169,0.0,5.0,4,2023,1,29
0.095981016755104,0.0,9.0,4,2023,1,29
0.0,0.0,11.0,4,2023,1,29
0.0466310940682888,0.0,13.0,4,2023,1,29
0.2295693606138229,0.0,25.0,4,2023,1,29
0.0,0.0,29.0,4,2023,1,29
0.0703109204769134,0.0,30.0,4,2023,1,29
0.0121895391494035,0.0,32.0,4,2023,1,29
0.0513566732406616,0.0,37.0,4,2023,1,29
0.0,0.0,38.0,4,2023,1,29
0.0116086704656481,0.0,39.0,4,2023,1,29
0.1806701421737671,0.0,44.0,4,2023,1,29
0.0268180388957262,0.0,5.0,5,2023,1,29
0.1859645843505859,0.0,9.0,5,2023,1,29
0.0192572716623544,0.0,11.0,5,2023,1,29
0.159000962972641,0.0,13.0,5,2023,1,29
0.3683188855648041,0.0,25.0,5,2023,1,29
0.057107463479042,0.0,29.0,5,2023,1,29
0.2591550052165985,0.0,30.0,5,2023,1,29
0.6155865788459778,0.0,32.0,5,2023,1,29
0.3382038176059723,0.0,37.0,5,2023,1,29
0.0999361202120781,0.0,38.0,5,2023,1,29
0.479271799325943,0.0,39.0,5,2023,1,29
0.9539925456047058,0.0,44.0,5,2023,1,29
0.0617331564426422,0.0,5.0,6,2023,1,29
0.1315298825502395,11.0,9.0,6,2023,1,29
0.0824375078082084,0.8999999761581421,11.0,6,2023,1,29
0.2018914818763733,13.000000953674316,13.0,6,2023,1,29
0.38875812292099,0.0,25.0,6,2023,1,29
0.0367467068135738,0.0,29.0,6,2023,1,29
0.2840216755867004,0.0,30.0,6,2023,1,29
0.1872330605983734,0.0,32.0,6,2023,1,29
0.1436377316713333,0.0,37.0,6,2023,1,29
0.0159689132124185,0.0,38.0,6,2023,1,29
0.1128648445010185,0.0,39.0,6,2023,1,29
0.2838347554206848,0.2000000178813934,44.0,6,2023,1,29
0.722621500492096,30.0000057220459,5.0,7,2023,1,29
0.7835810780525208,17.0,9.0,7,2023,1,29
0.3518640398979187,0.2000000178813934,11.0,7,2023,1,29
0.6793398857116699,19.0,13.0,7,2023,1,29
1.1898918151855469,19.99999618530273,25.0,7,2023,1,29
0.685289204120636,7.0,29.0,7,2023,1,29
1.2697153091430664,10.000000953674316,30.0,7,2023,1,29
0.4432955682277679,11.0,32.0,7,2023,1,29
0.4893103837966919,7.0,37.0,7,2023,1,29
0.9201662540435792,5.999999523162842,38.0,7,2023,1,29
0.4042445421218872,0.0,39.0,7,2023,1,29
1.5576450824737549,0.0,44.0,7,2023,1,29
0.0,0.0,5.0,1,2023,2,1
0.0,0.0,9.0,1,2023,2,1
0.0,0.0,11.0,1,2023,2,1
0.0,0.0,13.0,1,2023,2,1
0.0955491811037063,0.0,25.0,1,2023,2,1
0.0,0.0,29.0,1,2023,2,1
0.0,0.0,30.0,1,2023,2,1
0.0,0.0,32.0,1,2023,2,1
0.027720833197236,0.0,37.0,1,2023,2,1
0.0,0.0,38.0,1,2023,2,1
0.0059994794428348,0.0,39.0,1,2023,2,1
0.068096823990345,0.0,44.0,1,2023,2,1
0.0083593931049108,0.0,5.0,2,2023,2,1
0.1148933321237564,0.0,9.0,2,2023,2,1
0.0,0.0,11.0,2,2023,2,1
0.0744750574231147,0.0,13.0,2,2023,2,1
0.2579282224178314,0.0,25.0,2,2023,2,1
0.0129231996834278,0.0,29.0,2,2023,2,1
0.3437192142009735,0.0,30.0,2,2023,2,1
0.7568536996841431,0.0,32.0,2,2023,2,1
0.4564745128154754,0.0,37.0,2,2023,2,1
0.1229875832796096,0.0,38.0,2,2023,2,1
0.6700807809829712,0.0,39.0,2,2023,2,1
1.3354511260986328,0.0,44.0,2,2023,2,1
1.3411359786987305,0.0,5.0,3,2023,2,1
3.597989559173584,11.0,9.0,3,2023,2,1
3.3767364025115967,0.8999999761581421,11.0,3,2023,2,1
3.458828926086426,13.000000953674316,13.0,3,2023,2,1
1.5144968032836914,0.0,25.0,3,2023,2,1
1.5493566989898682,0.0,29.0,3,2023,2,1
1.311087727546692,0.0,30.0,3,2023,2,1
0.909364640712738,0.0,32.0,3,2023,2,1
0.817286491394043,0.0,37.0,3,2023,2,1
0.6104751229286194,0.0,38.0,3,2023,2,1
0.4480717182159424,0.0,39.0,3,2023,2,1
0.5686713457107544,0.2000000178813934,44.0,3,2023,2,1
4.758671283721924,30.0000057220459,5.0,4,2023,2,1
7.93427848815918,17.0,9.0,4,2023,2,1
4.413523674011231,0.2000000178813934,11.0,4,2023,2,1
6.42256498336792,19.0,13.0,4,2023,2,1
5.217563152313232,19.99999618530273,25.0,4,2023,2,1
5.138424873352051,7.0,29.0,4,2023,2,1
3.603948831558228,10.000000953674316,30.0,4,2023,2,1
2.84634017944336,11.0,32.0,4,2023,2,1
2.9588210582733154,7.0,37.0,4,2023,2,1
3.443215847015381,5.999999523162842,38.0,4,2023,2,1
1.9753228425979612,0.0,39.0,4,2023,2,1
1.299125075340271,0.0,44.0,4,2023,2,1
1.3443084955215454,0.9999998807907104,5.0,5,2023,2,1
1.6806968450546265,3.0,9.0,5,2023,2,1
0.6472874879837036,28.9999942779541,11.0,5,2023,2,1
1.7922266721725464,20.99999618530273,13.0,5,2023,2,1
1.5304371118545532,0.0,25.0,5,2023,2,1
1.014867901802063,0.0,29.0,5,2023,2,1
1.3712756633758545,5.0,30.0,5,2023,2,1
0.6292672753334045,8.0,32.0,5,2023,2,1
0.7537526488304138,1.3000000715255735,37.0,5,2023,2,1
0.6478123068809509,0.0,38.0,5,2023,2,1
0.3591601252555847,8.0,39.0,5,2023,2,1
0.275367259979248,3.0,44.0,5,2023,2,1
0.270195722579956,0.0,5.0,6,2023,2,1
0.1184021905064582,0.0,9.0,6,2023,2,1
0.1058010309934616,0.0,11.0,6,2023,2,1
0.2128982990980148,0.0,13.0,6,2023,2,1
0.5395798683166504,0.0,25.0,6,2023,2,1
0.1441720128059387,0.0,29.0,6,2023,2,1
0.4617784917354584,0.0,30.0,6,2023,2,1
0.0069034937769174,0.0,32.0,6,2023,2,1
0.146870881319046,0.0,37.0,6,2023,2,1
0.0967979803681373,0.0,38.0,6,2023,2,1
0.0,0.0,39.0,6,2023,2,1
0.0725297778844833,0.0999999120831489,44.0,6,2023,2,1
0.1152969300746917,0.0,5.0,7,2023,2,1
0.0824925601482391,0.0,9.0,7,2023,2,1
0.0,0.0,11.0,7,2023,2,1
0.0632965490221977,0.0,13.0,7,2023,2,1
0.432801216840744,0.0,25.0,7,2023,2,1
0.016491251066327,0.0,29.0,7,2023,2,1
0.2726547122001648,0.0,30.0,7,2023,2,1
0.1088890954852104,0.0,32.0,7,2023,2,1
0.1756588220596313,0.0,37.0,7,2023,2,1
0.0480184033513069,0.0,38.0,7,2023,2,1
0.1199659705162048,0.0,39.0,7,2023,2,1
0.2692841291427612,0.0,44.0,7,2023,2,1
1.0662736892700195,0.9999998807907104,5.0,1,2023,2,5
3.3259856700897217,3.0,9.0,1,2023,2,5
0.6851511001586914,28.9999942779541,11.0,1,2023,2,5
1.984635829925537,20.99999618530273,13.0,1,2023,2,5
1.917780041694641,0.0,25.0,1,2023,2,5
0.7992770671844482,0.0,29.0,1,2023,2,5
2.389512538909912,5.0,30.0,1,2023,2,5
1.3363196849822998,8.0,32.0,1,2023,2,5
1.1203432083129885,1.3000000715255735,37.0,1,2023,2,5
1.0196603536605835,0.0,38.0,1,2023,2,5
0.3674473762512207,8.0,39.0,1,2023,2,5
1.2107406854629517,3.0,44.0,1,2023,2,5
0.182670921087265,0.0,5.0,2,2023,2,5
0.2170765846967697,0.0,9.0,2,2023,2,5
0.0064006308093667,0.0,11.0,2,2023,2,5
0.1817071884870529,0.0,13.0,2,2023,2,5
0.5778796672821045,0.0,25.0,2,2023,2,5
0.0843793600797653,0.0,29.0,2,2023,2,5
1.152723789215088,0.0,30.0,2,2023,2,5
0.4130403101444244,0.0,32.0,2,2023,2,5
0.6391683220863342,0.0,37.0,2,2023,2,5
0.3816265165805816,0.0,38.0,2,2023,2,5
0.3076641857624054,0.0,39.0,2,2023,2,5
0.6937825679779053,0.0999999120831489,44.0,2,2023,2,5
0.1802402734756469,0.0,5.0,3,2023,2,5
0.2408157140016555,0.0,9.0,3,2023,2,5
0.0,0.0,11.0,3,2023,2,5
0.1889132857322693,0.0,13.0,3,2023,2,5
0.8313325643539429,0.0,25.0,3,2023,2,5
0.1039657592773437,0.0,29.0,3,2023,2,5
1.660667896270752,0.0,30.0,3,2023,2,5
0.7906359434127808,0.0,32.0,3,2023,2,5
0.6101990342140198,0.0,37.0,3,2023,2,5
0.6352052688598633,0.0,38.0,3,2023,2,5
0.3346226811408996,0.0,39.0,3,2023,2,5
1.230210542678833,0.0,44.0,3,2023,2,5
0.2468692362308502,0.0,5.0,4,2023,2,5
0.1823477298021316,0.0,9.0,4,2023,2,5
0.0,0.0,11.0,4,2023,2,5
0.1780586242675781,0.0,13.0,4,2023,2,5
0.7363321185112,0.0,25.0,4,2023,2,5
0.0926623567938804,0.0,29.0,4,2023,2,5
1.3536278009414673,0.0,30.0,4,2023,2,5
0.6559258103370667,0.0,32.0,4,2023,2,5
0.8941922783851624,0.0,37.0,4,2023,2,5
0.4088011384010315,0.0,38.0,4,2023,2,5
0.466814637184143,0.0,39.0,4,2023,2,5
0.7562239170074463,0.0,44.0,4,2023,2,5
0.0506507493555545,0.0,5.0,5,2023,2,5
0.1484746634960174,0.0,9.0,5,2023,2,5
0.0,0.0,11.0,5,2023,2,5
0.0444468036293983,0.0,13.0,5,2023,2,5
0.439984381198883,0.0,25.0,5,2023,2,5
0.0491268262267112,0.0,29.0,5,2023,2,5
0.3699501752853393,0.0,30.0,5,2023,2,5
0.3139256238937378,0.0,32.0,5,2023,2,5
0.3074364066123962,0.0,37.0,5,2023,2,5
0.0703351274132728,0.0,38.0,5,2023,2,5
0.3054994344711303,0.0,39.0,5,2023,2,5
0.608554482460022,0.0,44.0,5,2023,2,5
0.1241229102015495,0.0,5.0,6,2023,2,5
0.2946513593196869,0.0,9.0,6,2023,2,5
0.0,0.0,11.0,6,2023,2,5
0.2572499811649322,0.0,13.0,6,2023,2,5
0.682965874671936,0.0,25.0,6,2023,2,5
0.0774208605289459,0.0,29.0,6,2023,2,5
0.9249602556228638,0.0,30.0,6,2023,2,5
0.4859057664871216,0.0,32.0,6,2023,2,5
0.6142802238464355,0.0,37.0,6,2023,2,5
0.2380400002002716,0.0,38.0,6,2023,2,5
0.3818671703338623,0.0,39.0,6,2023,2,5
0.6951771974563599,0.0,44.0,6,2023,2,5
0.0086544286459684,0.0,5.0,7,2023,2,5
0.1072010397911071,0.0,9.0,7,2023,2,5
0.0,0.0,11.0,7,2023,2,5
0.0666141808032989,0.0,13.0,7,2023,2,5
0.3910779654979706,0.0,25.0,7,2023,2,5
0.0,0.0,29.0,7,2023,2,5
0.6324560642242432,0.0,30.0,7,2023,2,5
0.1125873923301696,0.0,32.0,7,2023,2,5
0.3389294147491455,0.0,37.0,7,2023,2,5
0.0861212909221649,0.0,38.0,7,2023,2,5
0.1252299100160598,0.0,39.0,7,2023,2,5
0.2195775061845779,0.0,44.0,7,2023,2,5
0.274101048707962,0.0,5.0,1,2023,2,8
0.2349192500114441,0.0,9.0,1,2023,2,8
0.0,0.0,11.0,1,2023,2,8
0.2088464051485061,0.0,13.0,1,2023,2,8
0.7127420902252197,0.0,25.0,1,2023,2,8
0.1119057834148407,0.0,29.0,1,2023,2,8
1.6491035223007202,0.0,30.0,1,2023,2,8
0.9621729850769044,0.0,32.0,1,2023,2,8
1.0299525260925293,0.0,37.0,1,2023,2,8
0.530402421951294,0.0,38.0,1,2023,2,8
0.5557414889335632,0.0,39.0,1,2023,2,8
0.9549206495285034,0.0,44.0,1,2023,2,8
0.0250491723418235,0.0,5.0,2,2023,2,8
0.0741600394248962,0.0,9.0,2,2023,2,8
0.0,0.0,11.0,2,2023,2,8
0.0426271706819534,0.0,13.0,2,2023,2,8
0.3931931555271148,0.0,25.0,2,2023,2,8
0.0336953178048133,0.0,29.0,2,2023,2,8
0.6613084077835083,0.0,30.0,2,2023,2,8
0.4173585474491119,0.0,32.0,2,2023,2,8
0.5161213278770447,0.0,37.0,2,2023,2,8
0.1415820121765136,0.0,38.0,2,2023,2,8
0.4841364622116089,0.0,39.0,2,2023,2,8
0.9093493819236756,0.0,44.0,2,2023,2,8
0.0,0.0,5.0,3,2023,2,8
0.0,0.0,9.0,3,2023,2,8
0.0,0.0,11.0,3,2023,2,8
0.0,0.0,13.0,3,2023,2,8
0.2942420840263366,0.0,25.0,3,2023,2,8
0.0,0.0,29.0,3,2023,2,8
0.4294683635234833,0.0,30.0,3,2023,2,8
0.1588203907012939,0.0,32.0,3,2023,2,8
0.2510606944561004,0.0,37.0,3,2023,2,8
0.0,0.0,38.0,3,2023,2,8
0.129712626338005,0.0,39.0,3,2023,2,8
0.2790832817554474,0.0,44.0,3,2023,2,8
0.0,0.0,5.0,4,2023,2,8
0.0402921549975872,0.0,9.0,4,2023,2,8
0.0,0.0,11.0,4,2023,2,8
0.0,0.0,13.0,4,2023,2,8
0.2370041906833648,0.0,25.0,4,2023,2,8
0.0,0.0,29.0,4,2023,2,8
0.2903628051280975,0.0,30.0,4,2023,2,8
0.0,0.0,32.0,4,2023,2,8
0.1083541437983512,0.0,37.0,4,2023,2,8
0.0,0.0,38.0,4,2023,2,8
0.0,0.0,39.0,4,2023,2,8
0.0038767622318118,0.0,44.0,4,2023,2,8
0.0,0.0,5.0,5,2023,2,8
0.0146839115768671,0.0,9.0,5,2023,2,8
0.0,0.0,11.0,5,2023,2,8
0.0,0.0,13.0,5,2023,2,8
0.1953732073307037,0.0,25.0,5,2023,2,8
0.0,0.0,29.0,5,2023,2,8
0.0354569144546985,0.0,30.0,5,2023,2,8
0.0,0.0,32.0,5,2023,2,8
0.0,0.0,37.0,5,2023,2,8
0.0,0.0,38.0,5,2023,2,8
0.0,0.0,39.0,5,2023,2,8
0.0,0.0,44.0,5,2023,2,8
0.1871207803487777,0.0,5.0,6,2023,2,8
0.2314364314079284,0.0,9.0,6,2023,2,8
0.0,0.0,11.0,6,2023,2,8
0.1712561398744583,0.0,13.0,6,2023,2,8
0.6565036177635193,0.0,25.0,6,2023,2,8
0.1550752967596054,0.0,29.0,6,2023,2,8
0.7323014736175537,0.0,30.0,6,2023,2,8
0.8586190342903137,0.0,32.0,6,2023,2,8
0.7305637001991272,0.0,37.0,6,2023,2,8
0.2704657912254333,0.0,38.0,6,2023,2,8
0.8620519638061523,0.0,39.0,6,2023,2,8
1.4801369905471802,0.0,44.0,6,2023,2,8
0.0984628871083259,0.0,5.0,7,2023,2,8
0.3406389653682709,0.0,9.0,7,2023,2,8
0.0625247731804847,0.0,11.0,7,2023,2,8
0.2785166800022125,0.0,13.0,7,2023,2,8
0.2995296418666839,0.0,25.0,7,2023,2,8
0.0271039735525846,0.0,29.0,7,2023,2,8
0.1389850676059723,0.0,30.0,7,2023,2,8
0.5498490333557129,0.0999999120831489,32.0,7,2023,2,8
0.2090450525283813,0.0,37.0,7,2023,2,8
0.0640603750944137,0.0,38.0,7,2023,2,8
0.2285951822996139,0.0,39.0,7,2023,2,8
0.6609708070755005,0.6999999284744263,44.0,7,2023,2,8
0.0,0.0,5.0,1,2023,2,12
0.0,0.0,9.0,1,2023,2,12
0.0,0.0,11.0,1,2023,2,12
0.0,0.0,13.0,1,2023,2,12
0.0583399794995784,0.0,25.0,1,2023,2,12
0.0,0.0,29.0,1,2023,2,12
0.0,0.0,30.0,1,2023,2,12
0.0,0.0,32.0,1,2023,2,12
0.0,0.0,37.0,1,2023,2,12
0.0,0.0,38.0,1,2023,2,12
0.0,0.0,39.0,1,2023,2,12
0.0,0.0,44.0,1,2023,2,12
0.0609132535755634,0.0,5.0,2,2023,2,12
0.105093315243721,0.0,9.0,2,2023,2,12
0.0,0.0,11.0,2,2023,2,12
0.0488304793834686,0.0,13.0,2,2023,2,12
0.3194977641105652,0.0,25.0,2,2023,2,12
0.0270997826009988,0.0,29.0,2,2023,2,12
0.3170947730541229,0.0,30.0,2,2023,2,12
0.6685259938240051,0.0,32.0,2,2023,2,12
0.4861817955970764,0.0,37.0,2,2023,2,12
0.1143657192587852,0.0,38.0,2,2023,2,12
0.6913410425186157,0.0,39.0,2,2023,2,12
1.2973624467849731,0.0,44.0,2,2023,2,12
0.0,0.0,5.0,3,2023,2,12
0.0965245366096496,0.0,9.0,3,2023,2,12
0.0340297743678092,0.0,11.0,3,2023,2,12
0.110192559659481,0.0,13.0,3,2023,2,12
0.1485699862241745,0.0,25.0,3,2023,2,12
0.0291177351027727,0.0,29.0,3,2023,2,12
0.0143382875248789,0.0,30.0,3,2023,2,12
0.1729999482631683,0.0999999120831489,32.0,3,2023,2,12
0.0119724702090024,0.0,37.0,3,2023,2,12
0.0,0.0,38.0,3,2023,2,12
0.0575633496046066,0.0,39.0,3,2023,2,12
0.3107192516326904,0.6999999284744263,44.0,3,2023,2,12
0.0,0.0,5.0,4,2023,2,12
0.1409016549587249,0.0,9.0,4,2023,2,12
0.1567062735557556,0.0,11.0,4,2023,2,12
0.2727997303009033,0.0,13.0,4,2023,2,12
0.1145327165722847,0.0999999120831489,25.0,4,2023,2,12
0.0,0.0,29.0,4,2023,2,12
0.0,0.0,30.0,4,2023,2,12
0.0,0.5,32.0,4,2023,2,12
0.0,0.0,37.0,4,2023,2,12
0.0,0.0,38.0,4,2023,2,12
0.0,0.0,39.0,4,2023,2,12
0.0,0.0999999120831489,44.0,4,2023,2,12
0.148468017578125,0.0,5.0,5,2023,2,12
0.5289720296859741,0.9999998807907104,9.0,5,2023,2,12
0.4050881266593933,0.3000000715255737,11.0,5,2023,2,12
0.5299050807952881,3.0,13.0,5,2023,2,12
0.3354092240333557,0.0,25.0,5,2023,2,12
0.0899523794651031,0.0,29.0,5,2023,2,12
0.0001248502958333,0.0,30.0,5,2023,2,12
0.0,0.0,32.0,5,2023,2,12
0.0,0.0,37.0,5,2023,2,12
0.0,0.0,38.0,5,2023,2,12
0.0,0.0,39.0,5,2023,2,12
0.0,0.0,44.0,5,2023,2,12
0.4059365391731262,0.0,5.0,6,2023,2,12
0.7870290279388428,0.0,9.0,6,2023,2,12
0.4965875148773193,0.0,11.0,6,2023,2,12
0.71900475025177,0.0,13.0,6,2023,2,12
0.7733134627342224,0.0,25.0,6,2023,2,12
0.3586499989032745,0.0,29.0,6,2023,2,12
0.3551920056343078,0.0,30.0,6,2023,2,12
0.0685997977852821,0.0,32.0,6,2023,2,12
0.262196809053421,0.0,37.0,6,2023,2,12
0.141995832324028,0.0,38.0,6,2023,2,12
0.0822983384132385,0.0,39.0,6,2023,2,12
0.2541819214820862,0.0,44.0,6,2023,2,12
0.1623366326093673,0.0,5.0,7,2023,2,12
0.2782803475856781,0.0,9.0,7,2023,2,12
0.0206727031618356,0.0,11.0,7,2023,2,12
0.2321938276290893,0.0,13.0,7,2023,2,12
0.4831995069980621,0.0,25.0,7,2023,2,12
0.0832773670554161,0.0,29.0,7,2023,2,12
0.2988110482692718,0.0,30.0,7,2023,2,12
0.2848028838634491,0.0,32.0,7,2023,2,12
0.2519875168800354,0.0,37.0,7,2023,2,12
0.1238806918263435,0.0,38.0,7,2023,2,12
0.1376153081655502,0.0,39.0,7,2023,2,12
0.2787089347839355,0.8999999761581421,44.0,7,2023,2,12
0.7534855008125305,0.0,5.0,1,2023,2,15
1.2366554737091064,0.0,9.0,1,2023,2,15
1.8406795263290403,0.0,11.0,1,2023,2,15
1.5726916790008545,0.0,13.0,1,2023,2,15
0.8001438975334167,0.0999999120831489,25.0,1,2023,2,15
1.0031543970108032,0.0,29.0,1,2023,2,15
0.358225554227829,0.0,30.0,1,2023,2,15
0.4403358697891235,0.5,32.0,1,2023,2,15
0.3587253093719482,0.0,37.0,1,2023,2,15
0.3158724308013916,0.0,38.0,1,2023,2,15
0.2228487432003021,0.0,39.0,1,2023,2,15
0.371427983045578,0.0999999120831489,44.0,1,2023,2,15
0.8618646860122681,0.0,5.0,2,2023,2,15
2.052057266235352,0.9999998807907104,9.0,2,2023,2,15
2.3834805488586426,0.3000000715255737,11.0,2,2023,2,15
2.187500476837158,3.0,13.0,2,2023,2,15
1.2226693630218506,0.0,25.0,2,2023,2,15
1.288865089416504,0.0,29.0,2,2023,2,15
0.3879179358482361,0.0,30.0,2,2023,2,15
0.3094556033611297,0.0,32.0,2,2023,2,15
0.1861931681632995,0.0,37.0,2,2023,2,15
0.2411190122365951,0.0,38.0,2,2023,2,15
0.0611612163484096,0.0,39.0,2,2023,2,15
0.2827159166336059,0.0,44.0,2,2023,2,15
0.371691346168518,0.0,5.0,3,2023,2,15
0.7651470899581909,0.0,9.0,3,2023,2,15
0.7456927299499512,0.0,11.0,3,2023,2,15
0.935686469078064,0.0,13.0,3,2023,2,15
0.830289363861084,0.0,25.0,3,2023,2,15
0.4301458895206451,0.0,29.0,3,2023,2,15
0.3346437811851501,0.0,30.0,3,2023,2,15
0.0485281534492969,0.0,32.0,3,2023,2,15
0.1836839914321899,0.0,37.0,3,2023,2,15
0.1680446416139602,0.0,38.0,3,2023,2,15
0.1345522105693817,0.0,39.0,3,2023,2,15
0.1973685622215271,0.0,44.0,3,2023,2,15
0.0797644630074501,0.0,5.0,4,2023,2,15
0.2889037132263183,0.0,9.0,4,2023,2,15
0.1589579731225967,0.0,11.0,4,2023,2,15
0.3368732035160064,0.0,13.0,4,2023,2,15
0.2827139496803283,0.0,25.0,4,2023,2,15
0.0,0.0,29.0,4,2023,2,15
0.1514370739459991,0.0,30.0,4,2023,2,15
0.2065560817718505,0.0,32.0,4,2023,2,15
0.0916670486330986,0.0,37.0,4,2023,2,15
0.0,0.0,38.0,4,2023,2,15
0.0769540295004844,0.0,39.0,4,2023,2,15
0.3207598924636841,0.8999999761581421,44.0,4,2023,2,15
0.2395597696304321,0.0,5.0,5,2023,2,15
0.6351085305213928,0.0,9.0,5,2023,2,15
0.4766323268413543,0.0,11.0,5,2023,2,15
0.63405841588974,0.0,13.0,5,2023,2,15
0.671851396560669,0.0,25.0,5,2023,2,15
0.3127428293228149,0.0,29.0,5,2023,2,15
0.9752728939056396,0.0,30.0,5,2023,2,15
0.9365394115447998,0.0,32.0,5,2023,2,15
0.7164556980133057,0.0,37.0,5,2023,2,15
0.4234857857227325,0.0,38.0,5,2023,2,15
0.4290332496166229,0.0,39.0,5,2023,2,15
0.9990200996398926,0.0,44.0,5,2023,2,15
0.5699904561042786,0.0,5.0,6,2023,2,15
1.1711361408233645,0.0,9.0,6,2023,2,15
0.9177902936935424,0.0,11.0,6,2023,2,15
1.2355631589889526,0.0,13.0,6,2023,2,15
0.933904469013214,0.0,25.0,6,2023,2,15
0.6496595144271851,0.0,29.0,6,2023,2,15
0.6892926096916199,0.0,30.0,6,2023,2,15
0.4011240005493164,0.0,32.0,6,2023,2,15
0.2967249155044555,0.0,37.0,6,2023,2,15
0.3621389865875244,0.0,38.0,6,2023,2,15
0.2190345823764801,0.0,39.0,6,2023,2,15
0.3752480149269104,0.0,44.0,6,2023,2,15
0.6458466053009033,0.0,5.0,7,2023,2,15
2.1483922004699707,4.0,9.0,7,2023,2,15
1.983847379684448,2.6000001430511475,11.0,7,2023,2,15
2.4091429710388184,7.0,13.0,7,2023,2,15
0.795030951499939,0.0999999120831489,25.0,7,2023,2,15
0.7053545713424683,0.0,29.0,7,2023,2,15
0.3311970829963684,0.0,30.0,7,2023,2,15
0.1619697660207748,0.0,32.0,7,2023,2,15
0.1677204668521881,0.0,37.0,7,2023,2,15
0.2075630873441696,0.0,38.0,7,2023,2,15
0.006437262520194,0.0,39.0,7,2023,2,15
0.126432254910469,0.0,44.0,7,2023,2,15
0.7324432134628296,0.0,5.0,1,2023,2,19
1.0493608713150024,0.0,9.0,1,2023,2,19
0.9201080799102784,0.0,11.0,1,2023,2,19
1.0968860387802124,0.0,13.0,1,2023,2,19
0.871538519859314,0.0,25.0,1,2023,2,19
0.6000257730484009,0.0,29.0,1,2023,2,19
0.574516773223877,0.0,30.0,1,2023,2,19
1.6548514366149902,0.0,32.0,1,2023,2,19
0.9262955784797668,0.0,37.0,1,2023,2,19
0.638548731803894,0.0,38.0,1,2023,2,19
1.4239033460617063,0.0,39.0,1,2023,2,19
2.832817554473877,0.0,44.0,1,2023,2,19
0.3017371594905853,0.0,5.0,2,2023,2,19
1.1997336149215698,0.0,9.0,2,2023,2,19
1.0894546508789062,0.0,11.0,2,2023,2,19
1.2334976196289062,0.0,13.0,2,2023,2,19
0.454017162322998,0.0,25.0,2,2023,2,19
0.1504633575677871,0.0,29.0,2,2023,2,19
0.0697168931365013,0.0,30.0,2,2023,2,19
0.0,0.0,32.0,2,2023,2,19
0.0,0.0,37.0,2,2023,2,19
0.0,0.0,38.0,2,2023,2,19
0.0,0.0,39.0,2,2023,2,19
0.0656536594033241,0.0,44.0,2,2023,2,19
0.7615906596183777,0.0,5.0,3,2023,2,19
2.823653221130371,4.0,9.0,3,2023,2,19
2.8741188049316406,2.6000001430511475,11.0,3,2023,2,19
3.231003999710083,7.0,13.0,3,2023,2,19
1.1232566833496094,0.0999999120831489,25.0,3,2023,2,19
0.7587686777114868,0.0,29.0,3,2023,2,19
0.5792747735977173,0.0,30.0,3,2023,2,19
0.2925345599651336,0.0,32.0,3,2023,2,19
0.2623385190963745,0.0,37.0,3,2023,2,19
0.2097849696874618,0.0,38.0,3,2023,2,19
0.0309428945183753,0.0,39.0,3,2023,2,19
0.1548739373683929,0.0,44.0,3,2023,2,19
0.010444669984281,0.0999999120831489,5.0,4,2023,2,19
0.9459745287895204,0.0,9.0,4,2023,2,19
0.838448703289032,0.0,11.0,4,2023,2,19
1.139504313468933,0.0,13.0,4,2023,2,19
0.4142261743545532,0.2000000178813934,25.0,4,2023,2,19
0.2087617218494415,0.0,29.0,4,2023,2,19
0.3237645030021667,0.0,30.0,4,2023,2,19
0.0190341807901859,0.0,32.0,4,2023,2,19
0.0,0.0,37.0,4,2023,2,19
0.0,0.0,38.0,4,2023,2,19
0.0,0.0,39.0,4,2023,2,19
0.0,0.0999999120831489,44.0,4,2023,2,19
0.3195154964923858,0.0,5.0,5,2023,2,19
0.2703990340232849,0.0,9.0,5,2023,2,19
0.273834079504013,0.0,11.0,5,2023,2,19
0.3111770153045654,0.0,13.0,5,2023,2,19
0.6355974674224854,0.2000000178813934,25.0,5,2023,2,19
0.3977568745613098,0.0,29.0,5,2023,2,19
0.3553508520126343,0.0,30.0,5,2023,2,19
0.0767333284020423,0.0,32.0,5,2023,2,19
0.0935205593705177,0.0,37.0,5,2023,2,19
0.1561405956745147,0.0,38.0,5,2023,2,19
0.0199152156710624,0.0,39.0,5,2023,2,19
0.0558839254081249,0.3000000715255737,44.0,5,2023,2,19
0.0767906457185745,0.0,5.0,6,2023,2,19
0.4482313096523285,0.0,9.0,6,2023,2,19
0.1645155102014541,0.0,11.0,6,2023,2,19
0.4580233097076416,1.999999761581421,13.0,6,2023,2,19
0.3997358083724975,0.0999999120831489,25.0,6,2023,2,19
0.1028896197676658,0.0,29.0,6,2023,2,19
0.3187355995178222,0.0,30.0,6,2023,2,19
0.5593889355659485,0.0,32.0,6,2023,2,19
0.1133423149585723,0.0,37.0,6,2023,2,19
0.1499791592359542,0.0,38.0,6,2023,2,19
0.3995672464370727,0.0,39.0,6,2023,2,19
1.1590216159820557,2.1000001430511475,44.0,6,2023,2,19
0.1059234738349914,0.0,5.0,7,2023,2,19
0.5721768140792847,0.0,9.0,7,2023,2,19
0.5538837909698486,0.0,11.0,7,2023,2,19
0.7785896062850952,0.0,13.0,7,2023,2,19
0.3246859312057495,0.0,25.0,7,2023,2,19
0.0,0.0,29.0,7,2023,2,19
0.045082788914442,0.0,30.0,7,2023,2,19
0.1241653561592102,0.0,32.0,7,2023,2,19
0.0477644279599189,0.0,37.0,7,2023,2,19
0.0047077778726816,0.0,38.0,7,2023,2,19
0.0036551600787788,0.0,39.0,7,2023,2,19
0.1162347942590713,0.0,44.0,7,2023,2,19
0.0553576797246933,0.0999999120831489,5.0,1,2023,2,22
1.0363856554031372,0.0,9.0,1,2023,2,22
0.4298720359802246,0.0,11.0,1,2023,2,22
0.8122035264968872,0.0,13.0,1,2023,2,22
0.375447541475296,0.2000000178813934,25.0,1,2023,2,22
0.1233090981841087,0.0,29.0,1,2023,2,22
0.4147340059280395,0.0,30.0,1,2023,2,22
0.1032744273543357,0.0,32.0,1,2023,2,22
0.0,0.0,37.0,1,2023,2,22
0.0,0.0,38.0,1,2023,2,22
0.0,0.0,39.0,1,2023,2,22
0.1170011311769485,0.0999999120831489,44.0,1,2023,2,22
0.1080863028764724,0.0,5.0,2,2023,2,22
0.0290233958512544,0.0,9.0,2,2023,2,22
0.1078837215900421,0.0,11.0,2,2023,2,22
0.1283085197210312,0.0,13.0,2,2023,2,22
0.2737352848052978,0.2000000178813934,25.0,2,2023,2,22
0.2150783240795135,0.0,29.0,2,2023,2,22
0.2255855798721313,0.0,30.0,2,2023,2,22
0.0762146264314651,0.0,32.0,2,2023,2,22
0.0477883070707321,0.0,37.0,2,2023,2,22
0.0771548077464103,0.0,38.0,2,2023,2,22
0.0520834699273109,0.0,39.0,2,2023,2,22
0.1444980204105377,0.3000000715255737,44.0,2,2023,2,22
0.138598084449768,0.0,5.0,3,2023,2,22
0.7816421985626221,0.0,9.0,3,2023,2,22
0.5289126634597778,0.0,11.0,3,2023,2,22
0.717988133430481,1.999999761581421,13.0,3,2023,2,22
0.3777315616607666,0.0999999120831489,25.0,3,2023,2,22
0.1744706481695175,0.0,29.0,3,2023,2,22
0.3725882470607757,0.0,30.0,3,2023,2,22
0.746804416179657,0.0,32.0,3,2023,2,22
0.0410518534481525,0.0,37.0,3,2023,2,22
0.1168233081698417,0.0,38.0,3,2023,2,22
0.2479521334171295,0.0,39.0,3,2023,2,22
1.2389299869537354,2.1000001430511475,44.0,3,2023,2,22
0.38543701171875,0.0,5.0,4,2023,2,22
1.3733972311019895,0.0,9.0,4,2023,2,22
1.3964169025421145,0.0,11.0,4,2023,2,22
1.725034475326538,0.0,13.0,4,2023,2,22
0.5742714405059814,0.0,25.0,4,2023,2,22
0.3221822082996368,0.0,29.0,4,2023,2,22
0.1605459004640579,0.0,30.0,4,2023,2,22
0.0480283871293067,0.0,32.0,4,2023,2,22
0.0870947241783142,0.0,37.0,4,2023,2,22
0.0798195600509643,0.0,38.0,4,2023,2,22
0.0387756638228893,0.0,39.0,4,2023,2,22
0.1968218684196472,0.0,44.0,4,2023,2,22
0.0439839623868465,0.0,5.0,5,2023,2,22
0.2811229526996612,0.0,9.0,5,2023,2,22
0.1165471524000167,0.0,11.0,5,2023,2,22
0.2197627574205398,0.0,13.0,5,2023,2,22
0.3469584286212921,0.0,25.0,5,2023,2,22
0.0629540681838989,0.0,29.0,5,2023,2,22
0.1282540261745453,0.0,30.0,5,2023,2,22
0.0,0.0,32.0,5,2023,2,22
0.0680728405714035,0.0,37.0,5,2023,2,22
0.0082086501643061,0.0,38.0,5,2023,2,22
0.0077416431158781,0.0,39.0,5,2023,2,22
0.2113819420337677,0.0,44.0,5,2023,2,22
0.0,0.0,5.0,6,2023,2,22
0.1622486561536789,0.0,9.0,6,2023,2,22
0.0033619287423789,0.0,11.0,6,2023,2,22
0.1889947950839996,0.0,13.0,6,2023,2,22
0.2546257078647613,0.0,25.0,6,2023,2,22
0.0,0.0,29.0,6,2023,2,22
0.0562244839966297,0.0,30.0,6,2023,2,22
0.0,0.0,32.0,6,2023,2,22
0.0018530916422605,0.0,37.0,6,2023,2,22
0.0,0.0,38.0,6,2023,2,22
0.0,0.0,39.0,6,2023,2,22
0.092551976442337,0.0,44.0,6,2023,2,22
0.0568874143064022,0.0,5.0,7,2023,2,22
0.2064692825078964,0.0,9.0,7,2023,2,22
0.0,0.0,11.0,7,2023,2,22
0.1607093513011932,0.0,13.0,7,2023,2,22
0.3237780034542084,0.0,25.0,7,2023,2,22
0.0190407671034336,0.0,29.0,7,2023,2,22
0.1008181869983673,0.0,30.0,7,2023,2,22
0.0566469207406044,0.0,32.0,7,2023,2,22
0.1189749166369438,0.0,37.0,7,2023,2,22
0.0324972979724407,0.0,38.0,7,2023,2,22
0.008079876191914,0.0,39.0,7,2023,2,22
0.1570883989334106,0.0,44.0,7,2023,2,22
0.0,0.0,5.0,1,2023,2,26
0.0748548880219459,0.0,9.0,1,2023,2,26
0.0052963104099035,0.0,11.0,1,2023,2,26
0.0913514494895935,0.0,13.0,1,2023,2,26
0.0836405828595161,0.0,25.0,1,2023,2,26
0.0,0.0,29.0,1,2023,2,26
0.0,0.0,30.0,1,2023,2,26
0.0,0.0,32.0,1,2023,2,26
0.0,0.0,37.0,1,2023,2,26
0.0,0.0,38.0,1,2023,2,26
0.0,0.0,39.0,1,2023,2,26
0.0104761216789484,0.0,44.0,1,2023,2,26
0.0,0.0,5.0,2,2023,2,26
0.0070716845802962,0.0,9.0,2,2023,2,26
0.0,0.0,11.0,2,2023,2,26
0.0127083854749798,0.0,13.0,2,2023,2,26
0.0774587839841842,0.0,25.0,2,2023,2,26
0.0,0.0,29.0,2,2023,2,26
0.0,0.0,30.0,2,2023,2,26
0.0,0.0,32.0,2,2023,2,26
0.0,0.0,37.0,2,2023,2,26
0.0,0.0,38.0,2,2023,2,26
0.0,0.0,39.0,2,2023,2,26
0.0,0.0,44.0,2,2023,2,26
0.0,0.0,5.0,3,2023,2,26
0.0216281302273273,0.0,9.0,3,2023,2,26
0.0,0.0,11.0,3,2023,2,26
0.0270056258887052,0.0,13.0,3,2023,2,26
0.1589218974113464,0.0,25.0,3,2023,2,26
0.0,0.0,29.0,3,2023,2,26
0.0138989640399813,0.0,30.0,3,2023,2,26
0.0,0.0,32.0,3,2023,2,26
0.0,0.0,37.0,3,2023,2,26
0.0,0.0,38.0,3,2023,2,26
0.0,0.0,39.0,3,2023,2,26
0.0608528070151805,0.0,44.0,3,2023,2,26
0.1072080060839653,0.0,5.0,4,2023,2,26
0.2848339080810547,0.0,9.0,4,2023,2,26
0.0,0.0,11.0,4,2023,2,26
0.2817615568637848,0.0,13.0,4,2023,2,26
0.3425975143909454,0.0,25.0,4,2023,2,26
0.0247582290321588,0.0,29.0,4,2023,2,26
0.1823635995388031,0.0,30.0,4,2023,2,26
0.4648303389549255,0.0,32.0,4,2023,2,26
0.2118130624294281,0.0,37.0,4,2023,2,26
0.0796526223421096,0.0,38.0,4,2023,2,26
0.3631713092327118,0.0,39.0,4,2023,2,26
0.6987042427062988,0.5,44.0,4,2023,2,26
0.0657990276813507,0.0,5.0,5,2023,2,26
0.7055263519287109,0.0,9.0,5,2023,2,26
0.1703974455595016,0.0,11.0,5,2023,2,26
0.5212688446044922,0.0,13.0,5,2023,2,26
0.2571789622306824,0.0,25.0,5,2023,2,26
0.0,0.0,29.0,5,2023,2,26
0.2222856283187866,0.0,30.0,5,2023,2,26
0.1203193888068199,0.0,32.0,5,2023,2,26
0.0550243966281414,0.0,37.0,5,2023,2,26
0.0431174449622631,0.0,38.0,5,2023,2,26
0.0,0.0,39.0,5,2023,2,26
0.2487766146659851,0.0,44.0,5,2023,2,26
1.4879136085510254,0.5999999046325684,5.0,6,2023,2,26
5.612594604492188,0.9999998807907104,9.0,6,2023,2,26
3.528342962265014,1.999999761581421,11.0,6,2023,2,26
5.451693534851074,0.2000000178813934,13.0,6,2023,2,26
1.842418909072876,0.800000011920929,25.0,6,2023,2,26
1.2452669143676758,0.9999998807907104,29.0,6,2023,2,26
0.7734808921813965,0.0,30.0,6,2023,2,26
0.620136559009552,0.2000000178813934,32.0,6,2023,2,26
0.6764520406723022,0.0,37.0,6,2023,2,26
0.5324190258979797,0.9999998807907104,38.0,6,2023,2,26
0.2045853435993194,0.5,39.0,6,2023,2,26
0.5094127655029297,0.9999998807907104,44.0,6,2023,2,26
0.8675005435943604,0.0999999120831489,5.0,7,2023,2,26
1.1422622203826904,0.0,9.0,7,2023,2,26
1.379110336303711,0.0,11.0,7,2023,2,26
1.6648060083389282,0.0,13.0,7,2023,2,26
0.9367096424102784,0.0999999120831489,25.0,7,2023,2,26
0.914724349975586,0.9999998807907104,29.0,7,2023,2,26
0.3577314913272857,0.0,30.0,7,2023,2,26
0.2764416635036468,0.0,32.0,7,2023,2,26
0.2718579471111297,0.0,37.0,7,2023,2,26
0.2610037326812744,0.0,38.0,7,2023,2,26
0.0354917868971824,0.0,39.0,7,2023,2,26
0.1600399017333984,0.0,44.0,7,2023,2,26
0.0,0.0,5.0,1,2023,2,29
0.0,0.0,9.0,1,2023,2,29
0.0,0.0,11.0,1,2023,2,29
0.0018324734410271,0.0,13.0,1,2023,2,29
0.0538072139024734,0.0,25.0,1,2023,2,29
0.0,0.0,29.0,1,2023,2,29
0.0,0.0,30.0,1,2023,2,29
0.0,0.0,32.0,1,2023,2,29
0.0,0.0,37.0,1,2023,2,29
0.0,0.0,38.0,1,2023,2,29
0.0,0.0,39.0,1,2023,2,29
0.0,0.0,44.0,1,2023,2,29
0.0462128371000289,0.0,5.0,2,2023,2,29
0.2218576520681381,0.0,9.0,2,2023,2,29
0.065131776034832,0.0,11.0,2,2023,2,29
0.1858637332916259,0.0,13.0,2,2023,2,29
0.2722242474555969,0.0,25.0,2,2023,2,29
0.0288133900612592,0.0,29.0,2,2023,2,29
0.2133697718381881,0.0,30.0,2,2023,2,29
0.2696006596088409,0.0,32.0,2,2023,2,29
0.1716348975896835,0.0,37.0,2,2023,2,29
0.0345698483288288,0.0,38.0,2,2023,2,29
0.1742978692054748,0.0,39.0,2,2023,2,29
0.3395430743694305,0.5,44.0,2,2023,2,29
0.0,0.0,5.0,3,2023,2,29
0.3168694376945495,0.0,9.0,3,2023,2,29
0.1493978053331375,0.0,11.0,3,2023,2,29
0.3320672810077667,0.0,13.0,3,2023,2,29
0.064391441643238,0.0,25.0,3,2023,2,29
0.0,0.0,29.0,3,2023,2,29
0.0,0.0,30.0,3,2023,2,29
0.0,0.0,32.0,3,2023,2,29
0.0,0.0,37.0,3,2023,2,29
0.0,0.0,38.0,3,2023,2,29
0.0,0.0,39.0,3,2023,2,29
0.0,0.0,44.0,3,2023,2,29
3.4460644721984863,0.5999999046325684,5.0,4,2023,2,29
10.355195045471191,0.9999998807907104,9.0,4,2023,2,29
7.448680877685547,1.999999761581421,11.0,4,2023,2,29
10.186737060546877,0.2000000178813934,13.0,4,2023,2,29
3.1190192699432373,0.800000011920929,25.0,4,2023,2,29
3.421782255172729,0.9999998807907104,29.0,4,2023,2,29
1.031304955482483,0.0,30.0,4,2023,2,29
1.0670888423919678,0.2000000178813934,32.0,4,2023,2,29
0.8307772874832153,0.0,37.0,4,2023,2,29
1.1040698289871216,0.9999998807907104,38.0,4,2023,2,29
0.4723208546638489,0.5,39.0,4,2023,2,29
0.7259184122085571,0.9999998807907104,44.0,4,2023,2,29
1.189846396446228,0.0999999120831489,5.0,5,2023,2,29
2.749861240386963,0.0,9.0,5,2023,2,29
1.9295858144760127,0.0,11.0,5,2023,2,29
2.5588419437408447,0.0,13.0,5,2023,2,29
1.35981285572052,0.0999999120831489,25.0,5,2023,2,29
1.144270896911621,0.9999998807907104,29.0,5,2023,2,29
1.034807562828064,0.0,30.0,5,2023,2,29
0.8073199987411499,0.0,32.0,5,2023,2,29
0.6749956607818604,0.0,37.0,5,2023,2,29
0.7967134714126587,0.0,38.0,5,2023,2,29
0.4066124856472015,0.0,39.0,5,2023,2,29
0.6265859603881836,0.0,44.0,5,2023,2,29
0.3218118548393249,0.0,5.0,6,2023,2,29
1.0208011865615845,0.0,9.0,6,2023,2,29
0.6095911264419556,0.0,11.0,6,2023,2,29
1.02306067943573,0.0,13.0,6,2023,2,29
0.5348856449127197,0.0,25.0,6,2023,2,29
0.2501058578491211,0.0,29.0,6,2023,2,29
0.263913482427597,0.0,30.0,6,2023,2,29
0.0315199494361877,0.0,32.0,6,2023,2,29
0.1201162859797477,0.0,37.0,6,2023,2,29
0.1814190000295639,0.0,38.0,6,2023,2,29
0.0299440678209066,0.0,39.0,6,2023,2,29
0.1610256433486938,0.0,44.0,6,2023,2,29
0.438589483499527,0.0,5.0,7,2023,2,29
1.2958394289016724,0.0,9.0,7,2023,2,29
0.4261479079723358,0.0,11.0,7,2023,2,29
0.9256736040115356,0.0,13.0,7,2023,2,29
0.8210573196411133,0.0999999120831489,25.0,7,2023,2,29
0.3705467879772186,0.0,29.0,7,2023,2,29
0.2970679104328155,0.0,30.0,7,2023,2,29
0.1669667810201645,0.0,32.0,7,2023,2,29
0.2397927641868591,0.0,37.0,7,2023,2,29
0.3067399263381958,0.0,38.0,7,2023,2,29
0.131681740283966,0.0,39.0,7,2023,2,29
0.2570357322692871,0.0,44.0,7,2023,2,29
0.9038329720497132,0.0999999120831489,5.0,1,2023,3,4
1.4332295656204224,0.0,9.0,1,2023,3,4
1.6329621076583862,0.0,11.0,1,2023,3,4
1.693079710006714,0.0,13.0,1,2023,3,4
1.1331299543380735,0.0999999120831489,25.0,1,2023,3,4
0.8618995547294617,0.9999998807907104,29.0,1,2023,3,4
0.9655436277389526,0.0,30.0,1,2023,3,4
0.6515289545059204,0.0,32.0,1,2023,3,4
0.8371316194534302,0.0,37.0,1,2023,3,4
0.4922283887863159,0.0,38.0,1,2023,3,4
0.4663616418838501,0.0,39.0,1,2023,3,4
0.7892121076583862,0.0,44.0,1,2023,3,4
0.1759154051542282,0.0,5.0,2,2023,3,4
0.860390841960907,0.0,9.0,2,2023,3,4
0.6827677488327026,0.0,11.0,2,2023,3,4
0.838683545589447,0.0,13.0,2,2023,3,4
0.3105181753635406,0.0,25.0,2,2023,3,4
0.1353732049465179,0.0,29.0,2,2023,3,4
0.1638759225606918,0.0,30.0,2,2023,3,4
0.085377812385559,0.0,32.0,2,2023,3,4
0.0548259504139423,0.0,37.0,2,2023,3,4
0.0083979833871126,0.0,38.0,2,2023,3,4
0.0,0.0,39.0,2,2023,3,4
0.1100707650184631,0.0,44.0,2,2023,3,4
0.3951252102851867,0.0,5.0,3,2023,3,4
0.6268872618675232,0.0,9.0,3,2023,3,4
0.4516236782073974,0.0,11.0,3,2023,3,4
0.6239689588546753,0.0,13.0,3,2023,3,4
0.6138706207275391,0.0999999120831489,25.0,3,2023,3,4
0.4229518175125122,0.0,29.0,3,2023,3,4
0.4103647768497467,0.0,30.0,3,2023,3,4
0.1351532638072967,0.0,32.0,3,2023,3,4
0.1940999031066894,0.0,37.0,3,2023,3,4
0.3512640595436096,0.0,38.0,3,2023,3,4
0.1045688465237617,0.0,39.0,3,2023,3,4
0.085871011018753,0.0,44.0,3,2023,3,4
0.2385170310735702,0.0,5.0,4,2023,3,4
0.2260599285364151,0.0,9.0,4,2023,3,4
0.180531769990921,0.0,11.0,4,2023,3,4
0.2763099074363708,0.0,13.0,4,2023,3,4
0.4723265767097473,0.0,25.0,4,2023,3,4
0.3024740219116211,0.0,29.0,4,2023,3,4
0.4279731512069702,0.0,30.0,4,2023,3,4
0.1499159783124923,0.0,32.0,4,2023,3,4
0.1683140695095062,0.0,37.0,4,2023,3,4
0.2541155815124511,0.0,38.0,4,2023,3,4
0.119063414633274,0.0,39.0,4,2023,3,4
0.153334766626358,0.0,44.0,4,2023,3,4
0.2551422119140625,0.0,5.0,5,2023,3,4
0.3539700210094452,0.0,9.0,5,2023,3,4
0.0793779417872428,0.0,11.0,5,2023,3,4
0.3024646937847137,0.2000000178813934,13.0,5,2023,3,4
0.6866360902786255,0.2000000178813934,25.0,5,2023,3,4
0.3345198035240173,0.0,29.0,5,2023,3,4
0.4744722247123718,0.0,30.0,5,2023,3,4
0.4855189025402069,0.0,32.0,5,2023,3,4
0.3460306525230407,0.0,37.0,5,2023,3,4
0.3460516929626465,0.0,38.0,5,2023,3,4
0.4763277173042297,0.0,39.0,5,2023,3,4
0.7441354990005493,0.6999999284744263,44.0,5,2023,3,4
0.0112916147336363,0.0,5.0,6,2023,3,4
0.1726855635643005,0.0,9.0,6,2023,3,4
0.013393297791481,0.0,11.0,6,2023,3,4
0.1879250705242157,0.0,13.0,6,2023,3,4
0.2106634825468063,0.0,25.0,6,2023,3,4
0.0059794601984322,0.0,29.0,6,2023,3,4
0.1911900043487548,0.0,30.0,6,2023,3,4
0.0574734173715114,0.0,32.0,6,2023,3,4
0.023855946958065,0.0,37.0,6,2023,3,4
0.0322404094040393,0.0,38.0,6,2023,3,4
0.0,0.0,39.0,6,2023,3,4
0.0417903065681457,0.0,44.0,6,2023,3,4
0.3210881352424621,0.0,5.0,7,2023,3,4
0.745227575302124,0.0,9.0,7,2023,3,4
0.1133584082126617,0.0,11.0,7,2023,3,4
0.4705306887626648,0.0,13.0,7,2023,3,4
0.710759699344635,0.0,25.0,7,2023,3,4
0.0853388607501983,0.0,29.0,7,2023,3,4
0.2528259456157684,0.0,30.0,7,2023,3,4
0.1427615880966186,0.0,32.0,7,2023,3,4
0.2672592401504516,0.0,37.0,7,2023,3,4
0.091795727610588,0.0,38.0,7,2023,3,4
0.1631581485271453,0.0,39.0,7,2023,3,4
0.2510489821434021,0.0,44.0,7,2023,3,4
0.3711616396903991,0.0,5.0,1,2023,3,7
0.5539045929908752,0.0,9.0,1,2023,3,7
0.3342679142951965,0.0,11.0,1,2023,3,7
0.5272797346115112,0.0,13.0,1,2023,3,7
0.6673705577850342,0.0,25.0,1,2023,3,7
0.3223922252655029,0.0,29.0,1,2023,3,7
0.6397625207901001,0.0,30.0,1,2023,3,7
0.0659045353531837,0.0,32.0,1,2023,3,7
0.2012154459953308,0.0,37.0,1,2023,3,7
0.2721640765666961,0.0,38.0,1,2023,3,7
0.0,0.0,39.0,1,2023,3,7
0.0620307996869087,0.0,44.0,1,2023,3,7
0.1663679033517837,0.0,5.0,2,2023,3,7
0.2468970119953155,0.0,9.0,2,2023,3,7
0.0775691196322441,0.0,11.0,2,2023,3,7
0.2316314578056335,0.2000000178813934,13.0,2,2023,3,7
0.4326903223991394,0.2000000178813934,25.0,2,2023,3,7
0.1137006431818008,0.0,29.0,2,2023,3,7
0.3746619820594787,0.0,30.0,2,2023,3,7
0.300287127494812,0.0,32.0,2,2023,3,7
0.2411209195852279,0.0,37.0,2,2023,3,7
0.1698795855045318,0.0,38.0,2,2023,3,7
0.253690093755722,0.0,39.0,2,2023,3,7
0.4454697370529175,0.6999999284744263,44.0,2,2023,3,7
0.0,0.0,5.0,3,2023,3,7
0.3270743489265442,0.0,9.0,3,2023,3,7
0.1866375058889389,0.0,11.0,3,2023,3,7
0.3836086988449096,0.0,13.0,3,2023,3,7
0.1633890569210052,0.0,25.0,3,2023,3,7
0.0,0.0,29.0,3,2023,3,7
0.0427775643765926,0.0,30.0,3,2023,3,7
0.0072342497296631,0.0,32.0,3,2023,3,7
0.0,0.0,37.0,3,2023,3,7
0.0,0.0,38.0,3,2023,3,7
0.0,0.0,39.0,3,2023,3,7
0.1379998326301574,0.0,44.0,3,2023,3,7
0.5290013551712036,0.0,5.0,4,2023,3,7
0.8506702184677124,0.0,9.0,4,2023,3,7
0.3571609854698181,0.0,11.0,4,2023,3,7
0.7691076993942261,0.0,13.0,4,2023,3,7
0.7569580078125,0.0,25.0,4,2023,3,7
0.2241364419460296,0.0,29.0,4,2023,3,7
0.4222902655601501,0.0,30.0,4,2023,3,7
0.1842208355665207,0.0,32.0,4,2023,3,7
0.3123889863491058,0.0,37.0,4,2023,3,7
0.2060189396142959,0.0,38.0,4,2023,3,7
0.320315420627594,0.0,39.0,4,2023,3,7
0.3270675837993622,0.0,44.0,4,2023,3,7
1.159627914428711,0.0,5.0,5,2023,3,7
1.9339128732681277,0.0,9.0,5,2023,3,7
0.9532179236412048,0.0,11.0,5,2023,3,7
1.549046277999878,0.0999999120831489,13.0,5,2023,3,7
2.2004058361053467,0.3000000715255737,25.0,5,2023,3,7
1.17573344707489,0.0,29.0,5,2023,3,7
1.8943793773651123,0.0,30.0,5,2023,3,7
1.4679205417633057,0.0,32.0,5,2023,3,7
1.140305995941162,0.0,37.0,5,2023,3,7
0.9223350286483764,0.0,38.0,5,2023,3,7
1.166340470314026,0.0,39.0,5,2023,3,7
1.6519770622253418,0.0999999120831489,44.0,5,2023,3,7
4.670927047729492,0.0,5.0,6,2023,3,7
9.71086883544922,0.0,9.0,6,2023,3,7
7.834103584289551,0.0,11.0,6,2023,3,7
9.977100372314451,0.0,13.0,6,2023,3,7
5.4575514793396,0.0,25.0,6,2023,3,7
5.664802551269531,0.0,29.0,6,2023,3,7
4.265920639038086,0.0,30.0,6,2023,3,7
7.1014509201049805,0.0,32.0,6,2023,3,7
3.0295615196228027,0.0,37.0,6,2023,3,7
2.98573899269104,0.0,38.0,6,2023,3,7
2.903552293777466,0.3000000715255737,39.0,6,2023,3,7
3.641800165176392,0.800000011920929,44.0,6,2023,3,7
1.2365230321884155,0.0,5.0,7,2023,3,7
1.5352680683135986,15.0,9.0,7,2023,3,7
1.50046706199646,20.99999618530273,11.0,7,2023,3,7
1.8212231397628784,13.000000953674316,13.0,7,2023,3,7
1.442341923713684,0.0,25.0,7,2023,3,7
1.114904284477234,0.0,29.0,7,2023,3,7
0.8159056305885315,0.0,30.0,7,2023,3,7
0.8824097514152527,0.0,32.0,7,2023,3,7
0.8143997192382812,0.0,37.0,7,2023,3,7
0.5626708269119263,0.0,38.0,7,2023,3,7
0.4568139016628265,0.0,39.0,7,2023,3,7
0.8549519181251526,0.0999999120831489,44.0,7,2023,3,7
0.5456105470657349,0.0,5.0,1,2023,3,11
0.6394619345664978,0.0,9.0,1,2023,3,11
0.3157300949096679,0.0,11.0,1,2023,3,11
0.6500402688980103,0.0999999120831489,13.0,1,2023,3,11
0.8978402018547058,0.3000000715255737,25.0,1,2023,3,11
0.3851709961891174,0.0,29.0,1,2023,3,11
0.758894681930542,0.0,30.0,1,2023,3,11
0.670836865901947,0.0,32.0,1,2023,3,11
0.6006469130516052,0.0,37.0,1,2023,3,11
0.4648565053939819,0.0,38.0,1,2023,3,11
0.6017286777496338,0.0,39.0,1,2023,3,11
0.7436897158622742,0.0999999120831489,44.0,1,2023,3,11
2.9012374877929688,0.0,5.0,2,2023,3,11
7.463376045227051,0.0,9.0,2,2023,3,11
5.574908256530762,0.0,11.0,2,2023,3,11
6.761177062988281,0.0,13.0,2,2023,3,11
3.538299560546875,0.0,25.0,2,2023,3,11
3.0305089950561523,0.0,29.0,2,2023,3,11
2.617830276489258,0.0,30.0,2,2023,3,11
4.261294841766357,0.0,32.0,2,2023,3,11
2.2376866340637207,0.0,37.0,2,2023,3,11
1.74490225315094,0.0,38.0,2,2023,3,11
2.391587972640991,0.3000000715255737,39.0,2,2023,3,11
3.2925238609313965,0.800000011920929,44.0,2,2023,3,11
0.3185178637504577,0.0,5.0,3,2023,3,11
0.6374039649963379,15.0,9.0,3,2023,3,11
0.5955922603607178,20.99999618530273,11.0,3,2023,3,11
0.6889748573303223,13.000000953674316,13.0,3,2023,3,11
0.5890092849731445,0.0,25.0,3,2023,3,11
0.2123088538646698,0.0,29.0,3,2023,3,11
0.249735951423645,0.0,30.0,3,2023,3,11
0.0977686494588851,0.0,32.0,3,2023,3,11
0.1188885122537612,0.0,37.0,3,2023,3,11
0.1014901846647262,0.0,38.0,3,2023,3,11
0.0856940895318985,0.0,39.0,3,2023,3,11
0.2753943502902984,0.0999999120831489,44.0,3,2023,3,11
0.1393415927886963,0.0,5.0,4,2023,3,11
0.3823848068714142,0.0,9.0,4,2023,3,11
0.1030477657914161,0.9999998807907104,11.0,4,2023,3,11
0.3534517288208008,0.0,13.0,4,2023,3,11
0.3657398819923401,0.0,25.0,4,2023,3,11
0.0392340719699859,0.0,29.0,4,2023,3,11
0.075019434094429,0.0,30.0,4,2023,3,11
0.0,0.0,32.0,4,2023,3,11
0.0011608239728957,0.0,37.0,4,2023,3,11
0.0,0.0,38.0,4,2023,3,11
0.0,0.0,39.0,4,2023,3,11
0.1001677438616752,0.0,44.0,4,2023,3,11
2.645965814590454,0.0,5.0,5,2023,3,11
4.710239887237549,14.000000953674316,9.0,5,2023,3,11
2.756733655929565,4.0,11.0,5,2023,3,11
4.0841169357299805,23.0,13.0,5,2023,3,11
3.5060665607452397,0.0,25.0,5,2023,3,11
3.746145725250244,0.0,29.0,5,2023,3,11
3.911044597625733,0.0,30.0,5,2023,3,11
2.855156421661377,0.0,32.0,5,2023,3,11
2.5794334411621094,0.0,37.0,5,2023,3,11
2.309569835662842,0.0,38.0,5,2023,3,11
1.820561408996582,0.0,39.0,5,2023,3,11
1.8787989616394043,0.0,44.0,5,2023,3,11
7.153683185577393,1.999999761581421,5.0,6,2023,3,11
15.411197662353516,0.0,9.0,6,2023,3,11
8.322056770324707,9.0,11.0,6,2023,3,11
12.267251968383787,0.9999998807907104,13.0,6,2023,3,11
8.232084274291992,7.0,25.0,6,2023,3,11
7.531823635101318,5.0,29.0,6,2023,3,11
6.196209907531738,0.9999998807907104,30.0,6,2023,3,11
5.624902248382568,4.0,32.0,6,2023,3,11
5.066167831420898,10.000000953674316,37.0,6,2023,3,11
6.114192962646484,4.0,38.0,6,2023,3,11
2.9641778469085693,7.0,39.0,6,2023,3,11
3.2528319358825684,0.0,44.0,6,2023,3,11
2.252003669738769,0.0,5.0,7,2023,3,11
3.932669162750244,0.0,9.0,7,2023,3,11
2.5552544593811035,0.0,11.0,7,2023,3,11
3.682959079742432,0.0,13.0,7,2023,3,11
2.882302045822144,0.0,25.0,7,2023,3,11
2.4159646034240723,0.0,29.0,7,2023,3,11
2.5439586639404297,0.0,30.0,7,2023,3,11
2.088230609893799,0.0,32.0,7,2023,3,11
2.194936513900757,0.0,37.0,7,2023,3,11
1.9362540245056152,0.0,38.0,7,2023,3,11
1.5627639293670654,0.0,39.0,7,2023,3,11
1.969521164894104,0.0,44.0,7,2023,3,11
0.9456640481948853,0.0,5.0,1,2023,3,14
1.4079673290252686,0.0,9.0,1,2023,3,14
1.6360417604446411,0.9999998807907104,11.0,1,2023,3,14
1.470632791519165,0.0,13.0,1,2023,3,14
1.0383234024047852,0.0,25.0,1,2023,3,14
1.062279462814331,0.0,29.0,1,2023,3,14
0.3479113280773163,0.0,30.0,1,2023,3,14
0.1530507504940033,0.0,32.0,1,2023,3,14
0.2577626705169678,0.0,37.0,1,2023,3,14
0.2674418091773987,0.0,38.0,1,2023,3,14
0.1957280188798904,0.0,39.0,1,2023,3,14
0.2382537424564361,0.0,44.0,1,2023,3,14
2.405804395675659,0.0,5.0,2,2023,3,14
5.007589340209961,14.000000953674316,9.0,2,2023,3,14
2.5123653411865234,4.0,11.0,2,2023,3,14
4.529919624328613,23.0,13.0,2,2023,3,14
2.859241008758545,0.0,25.0,2,2023,3,14
1.8096246719360352,0.0,29.0,2,2023,3,14
2.284145832061768,0.0,30.0,2,2023,3,14
1.5338420867919922,0.0,32.0,2,2023,3,14
1.5275706052780151,0.0,37.0,2,2023,3,14
1.436876654624939,0.0,38.0,2,2023,3,14
1.0072143077850342,0.0,39.0,2,2023,3,14
0.866952657699585,0.0,44.0,2,2023,3,14
4.874576568603516,1.999999761581421,5.0,3,2023,3,14
9.22579288482666,0.0,9.0,3,2023,3,14
6.358170509338379,9.0,11.0,3,2023,3,14
8.063084602355957,0.9999998807907104,13.0,3,2023,3,14
5.180341720581055,7.0,25.0,3,2023,3,14
4.753942012786865,5.0,29.0,3,2023,3,14
3.690370559692383,0.9999998807907104,30.0,3,2023,3,14
2.821152925491333,4.0,32.0,3,2023,3,14
2.8550150394439697,10.000000953674316,37.0,3,2023,3,14
3.659729242324829,4.0,38.0,3,2023,3,14
1.7468109130859375,7.0,39.0,3,2023,3,14
1.6425464153289795,0.0,44.0,3,2023,3,14
0.7656524777412415,0.0,5.0,4,2023,3,14
1.458808183670044,0.0,9.0,4,2023,3,14
0.788011372089386,0.0,11.0,4,2023,3,14
1.314604640007019,0.0,13.0,4,2023,3,14
1.1314692497253418,0.0,25.0,4,2023,3,14
0.7004932165145874,0.0,29.0,4,2023,3,14
0.966887593269348,0.0,30.0,4,2023,3,14
0.4073847532272339,0.0,32.0,4,2023,3,14
0.4992008805274963,0.0,37.0,4,2023,3,14
0.535624623298645,0.0,38.0,4,2023,3,14
0.2882331013679504,0.0,39.0,4,2023,3,14
0.3205222487449646,0.0,44.0,4,2023,3,14
2.1142172813415527,18.200000762939453,5.0,5,2023,3,14
4.389959335327148,0.0,9.0,5,2023,3,14
2.184733390808105,0.0,11.0,5,2023,3,14
4.0683770179748535,0.0,13.0,5,2023,3,14
2.4572200775146484,7.0,25.0,5,2023,3,14
1.677262544631958,0.0,29.0,5,2023,3,14
2.035754680633545,0.0,30.0,5,2023,3,14
1.3058295249938965,0.3000000715255737,32.0,5,2023,3,14
1.187909722328186,0.0,37.0,5,2023,3,14
1.0360655784606934,0.800000011920929,38.0,5,2023,3,14
0.7334265112876892,0.5,39.0,5,2023,3,14
0.6635147333145142,0.0,44.0,5,2023,3,14
1.5711899995803833,0.0,5.0,6,2023,3,14
3.33614182472229,0.0,9.0,6,2023,3,14
1.5144009590148926,0.0,11.0,6,2023,3,14
2.8386940956115723,0.0,13.0,6,2023,3,14
2.0051164627075195,0.0,25.0,6,2023,3,14
1.349684715270996,32.000003814697266,29.0,6,2023,3,14
2.373032093048096,0.0,30.0,6,2023,3,14
1.7844746112823486,0.0,32.0,6,2023,3,14
1.69403076171875,0.4000000953674316,37.0,6,2023,3,14
0.8560289740562439,4.0,38.0,6,2023,3,14
1.1400275230407717,5.0,39.0,6,2023,3,14
1.4419684410095217,0.0,44.0,6,2023,3,14
0.9576797485351562,0.0,5.0,7,2023,3,14
1.3790690898895264,0.0,9.0,7,2023,3,14
0.7540149688720703,0.0,11.0,7,2023,3,14
1.1308001279830933,0.0,13.0,7,2023,3,14
1.525662541389465,0.0,25.0,7,2023,3,14
0.8652133941650391,0.0,29.0,7,2023,3,14
1.2255980968475342,0.0,30.0,7,2023,3,14
1.0558618307113647,0.0,32.0,7,2023,3,14
1.115458607673645,0.0,37.0,7,2023,3,14
0.5306062698364258,0.0,38.0,7,2023,3,14
0.928947687149048,0.0,39.0,7,2023,3,14
1.2662932872772217,0.0,44.0,7,2023,3,14
3.017613887786865,18.200000762939453,5.0,1,2023,3,18
7.118154525756836,0.0,9.0,1,2023,3,18
2.979038953781128,0.0,11.0,1,2023,3,18
5.393075942993164,0.0,13.0,1,2023,3,18
4.249834060668945,7.0,25.0,1,2023,3,18
2.285590410232544,0.0,29.0,1,2023,3,18
3.314342975616455,0.0,30.0,1,2023,3,18
2.112851858139038,0.3000000715255737,32.0,1,2023,3,18
2.3061556816101074,0.0,37.0,1,2023,3,18
2.515406608581543,0.800000011920929,38.0,1,2023,3,18
1.4312052726745603,0.5,39.0,1,2023,3,18
0.9636910557746888,0.0,44.0,1,2023,3,18
1.7127996683120728,0.0,5.0,2,2023,3,18
4.050382137298584,0.0,9.0,2,2023,3,18
1.9131711721420288,0.0,11.0,2,2023,3,18
3.980853080749512,0.0,13.0,2,2023,3,18
2.2171170711517334,0.0,25.0,2,2023,3,18
0.7761527299880981,32.000003814697266,29.0,2,2023,3,18
1.440445899963379,0.0,30.0,2,2023,3,18
0.9434689283370972,0.0,32.0,2,2023,3,18
0.8962459564208984,0.4000000953674316,37.0,2,2023,3,18
0.5056010484695435,4.0,38.0,2,2023,3,18
0.6181787848472595,5.0,39.0,2,2023,3,18
0.7679444551467896,0.0,44.0,2,2023,3,18
0.1213873550295829,0.0,5.0,3,2023,3,18
0.3040265142917633,0.0,9.0,3,2023,3,18
0.1199425458908081,0.0,11.0,3,2023,3,18
0.3474006354808807,0.0,13.0,3,2023,3,18
0.5204439163208008,0.0,25.0,3,2023,3,18
0.0601534880697727,0.0,29.0,3,2023,3,18
0.5413062572479248,0.0,30.0,3,2023,3,18
0.2497193813323974,0.0,32.0,3,2023,3,18
0.4669004678726196,0.0,37.0,3,2023,3,18
0.0,0.0,38.0,3,2023,3,18
0.3547380268573761,0.0,39.0,3,2023,3,18
0.5323150157928467,0.0,44.0,3,2023,3,18
0.1778136044740677,0.0,5.0,4,2023,3,18
0.1890546381473541,0.0,9.0,4,2023,3,18
0.0,0.2000000178813934,11.0,4,2023,3,18
0.2015438228845596,0.0,13.0,4,2023,3,18
0.4264285862445831,2.1000001430511475,25.0,4,2023,3,18
0.0466889515519142,0.0,29.0,4,2023,3,18
0.2227842509746551,0.0,30.0,4,2023,3,18
0.0,0.0,32.0,4,2023,3,18
0.173627957701683,0.0,37.0,4,2023,3,18
0.0,0.0,38.0,4,2023,3,18
0.2525777220726013,0.0,39.0,4,2023,3,18
0.3032453656196594,0.0,44.0,4,2023,3,18
0.5750741362571716,3.0,5.0,5,2023,3,18
0.6413628458976746,0.0,9.0,5,2023,3,18
0.4070006012916565,0.0,11.0,5,2023,3,18
0.6013829708099365,0.0,13.0,5,2023,3,18
0.979944348335266,5.999999523162842,25.0,5,2023,3,18
0.4687126874923706,0.2000000178813934,29.0,5,2023,3,18
0.5400379300117493,0.0,30.0,5,2023,3,18
0.0993989408016204,0.0,32.0,5,2023,3,18
0.3294143676757812,0.0,37.0,5,2023,3,18
0.2038494348526001,0.0,38.0,5,2023,3,18
0.3197633028030395,0.0,39.0,5,2023,3,18
0.4994911253452301,0.0,44.0,5,2023,3,18
0.2553619146347046,0.0,5.0,6,2023,3,18
0.1805275678634643,0.0,9.0,6,2023,3,18
0.0,0.0,11.0,6,2023,3,18
0.1445535123348236,0.0,13.0,6,2023,3,18
0.5891633033752441,0.0,25.0,6,2023,3,18
0.0896841585636138,0.0999999120831489,29.0,6,2023,3,18
0.3228597044944763,0.0,30.0,6,2023,3,18
0.0,0.0,32.0,6,2023,3,18
0.14327172935009,0.0,37.0,6,2023,3,18
0.0655041337013244,0.0,38.0,6,2023,3,18
0.1025353297591209,0.0,39.0,6,2023,3,18
0.2315361350774765,0.0,44.0,6,2023,3,18
0.867379903793335,0.0,5.0,7,2023,3,18
0.8110042810440063,0.0,9.0,7,2023,3,18
0.1152104288339614,0.0,11.0,7,2023,3,18
0.5181043148040771,0.0,13.0,7,2023,3,18
1.4532010555267334,0.0,25.0,7,2023,3,18
0.6080423593521118,0.0,29.0,7,2023,3,18
1.1792477369308472,0.0,30.0,7,2023,3,18
2.3068175315856934,0.0,32.0,7,2023,3,18
1.6177616119384766,0.0,37.0,7,2023,3,18
1.542482614517212,0.0,38.0,7,2023,3,18
3.616812705993652,0.0,39.0,7,2023,3,18
4.050081253051758,0.0,44.0,7,2023,3,18
0.1329191178083419,0.0,5.0,1,2023,3,21
0.0855402797460556,0.0,9.0,1,2023,3,21
0.0154407955706119,0.2000000178813934,11.0,1,2023,3,21
0.1218591332435607,0.0,13.0,1,2023,3,21
0.3182817101478576,2.1000001430511475,25.0,1,2023,3,21
0.0107521768659353,0.0,29.0,1,2023,3,21
0.2065624445676803,0.0,30.0,1,2023,3,21
0.1132669448852539,0.0,32.0,1,2023,3,21
0.2944056391716003,0.0,37.0,1,2023,3,21
0.0,0.0,38.0,1,2023,3,21
0.440589964389801,0.0,39.0,1,2023,3,21
0.5506719946861267,0.0,44.0,1,2023,3,21
0.0724451467394828,3.0,5.0,2,2023,3,21
0.1177202612161636,0.0,9.0,2,2023,3,21
0.029302941635251,0.0,11.0,2,2023,3,21
0.1190624684095382,0.0,13.0,2,2023,3,21
0.3474210202693939,5.999999523162842,25.0,2,2023,3,21
0.0175157971680164,0.2000000178813934,29.0,2,2023,3,21
0.1632424294948578,0.0,30.0,2,2023,3,21
0.0,0.0,32.0,2,2023,3,21
0.0694232732057571,0.0,37.0,2,2023,3,21
0.0,0.0,38.0,2,2023,3,21
0.0921798199415206,0.0,39.0,2,2023,3,21
0.166287362575531,0.0,44.0,2,2023,3,21
0.1906477510929107,0.0,5.0,3,2023,3,21
0.2523329854011535,0.0,9.0,3,2023,3,21
0.0534170903265476,0.0,11.0,3,2023,3,21
0.2470399886369705,0.0,13.0,3,2023,3,21
0.5314158201217651,0.0,25.0,3,2023,3,21
0.1167927309870719,0.0999999120831489,29.0,3,2023,3,21
0.1909327208995819,0.0,30.0,3,2023,3,21
0.0,0.0,32.0,3,2023,3,21
0.1135883182287216,0.0,37.0,3,2023,3,21
0.0439255461096763,0.0,38.0,3,2023,3,21
0.1058213412761688,0.0,39.0,3,2023,3,21
0.2094987779855728,0.0,44.0,3,2023,3,21
0.2883604168891907,0.0,5.0,4,2023,3,21
0.2311736047267913,0.0,9.0,4,2023,3,21
0.0,0.0,11.0,4,2023,3,21
0.1567054837942123,0.0,13.0,4,2023,3,21
0.4805462062358856,0.0,25.0,4,2023,3,21
0.0620131008327007,0.0,29.0,4,2023,3,21
0.2977765202522278,0.0,30.0,4,2023,3,21
0.3535012304782867,0.0,32.0,4,2023,3,21
0.3732201159000397,0.0,37.0,4,2023,3,21
0.1643633842468261,0.0,38.0,4,2023,3,21
0.5171840786933899,0.0,39.0,4,2023,3,21
0.8156861662864685,0.0,44.0,4,2023,3,21
0.1567294895648956,0.0,5.0,5,2023,3,21
0.3396900296211242,0.0,9.0,5,2023,3,21
0.0,0.0,11.0,5,2023,3,21
0.2114373743534088,0.0,13.0,5,2023,3,21
0.5879377126693726,0.0,25.0,5,2023,3,21
0.2568557262420654,0.2000000178813934,29.0,5,2023,3,21
0.5842928290367126,0.0,30.0,5,2023,3,21
0.4029305875301361,0.0,32.0,5,2023,3,21
0.3361223936080932,0.0,37.0,5,2023,3,21
0.3140782713890075,0.0,38.0,5,2023,3,21
0.2274610251188278,0.0,39.0,5,2023,3,21
0.5538480877876282,0.9999998807907104,44.0,5,2023,3,21
0.0886062011122703,0.0,5.0,6,2023,3,21
0.066684566438198,0.0,9.0,6,2023,3,21
0.0,0.0,11.0,6,2023,3,21
0.1278622299432754,0.0,13.0,6,2023,3,21
0.3610077202320099,0.5,25.0,6,2023,3,21
0.2564955651760101,0.4000000953674316,29.0,6,2023,3,21
0.4443824887275696,0.0999999120831489,30.0,6,2023,3,21
0.2423959523439407,0.0,32.0,6,2023,3,21
0.1153255701065063,0.0,37.0,6,2023,3,21
0.3002893328666687,0.0,38.0,6,2023,3,21
0.0,0.0,39.0,6,2023,3,21
0.2934252321720123,0.4000000953674316,44.0,6,2023,3,21
5.941874027252197,0.0,5.0,7,2023,3,21
8.298066139221191,0.0,9.0,7,2023,3,21
4.400168895721436,5.999999523162842,11.0,7,2023,3,21
7.118954181671143,0.0,13.0,7,2023,3,21
6.020716667175293,0.0,25.0,7,2023,3,21
4.6101274490356445,0.0,29.0,7,2023,3,21
4.001949310302734,0.0,30.0,7,2023,3,21
5.442469596862793,0.0,32.0,7,2023,3,21
3.8931498527526855,0.0,37.0,7,2023,3,21
4.521435737609863,0.0,38.0,7,2023,3,21
2.689756393432617,0.0,39.0,7,2023,3,21
2.279561758041382,0.4000000953674316,44.0,7,2023,3,21
0.6490302681922913,0.0,5.0,1,2023,3,25
0.7478125691413879,0.0,9.0,1,2023,3,25
0.1867392361164093,0.0,11.0,1,2023,3,25
0.579197883605957,0.0,13.0,1,2023,3,25
1.469133973121643,0.0,25.0,1,2023,3,25
0.5301921367645264,0.2000000178813934,29.0,1,2023,3,25
2.8783891201019287,0.0,30.0,1,2023,3,25
4.662203788757324,0.0,32.0,1,2023,3,25
2.7715508937835693,0.0,37.0,1,2023,3,25
1.8851605653762815,0.0,38.0,1,2023,3,25
3.278658390045166,0.0,39.0,1,2023,3,25
7.329269409179687,0.9999998807907104,44.0,1,2023,3,25
0.2183267176151275,0.0,5.0,2,2023,3,25
0.4238393306732178,0.0,9.0,2,2023,3,25
0.1137014031410217,0.0,11.0,2,2023,3,25
0.3536907136440277,0.0,13.0,2,2023,3,25
0.4462067186832428,0.5,25.0,2,2023,3,25
0.214672714471817,0.4000000953674316,29.0,2,2023,3,25
0.5102599263191223,0.0999999120831489,30.0,2,2023,3,25
0.4837177395820617,0.0,32.0,2,2023,3,25
0.3148497939109802,0.0,37.0,2,2023,3,25
0.3339366018772125,0.0,38.0,2,2023,3,25
0.2994277477264404,0.0,39.0,2,2023,3,25
0.8897511959075928,0.4000000953674316,44.0,2,2023,3,25
0.4544279873371124,0.0,5.0,3,2023,3,25
0.4700570106506347,0.0,9.0,3,2023,3,25
0.2661033868789673,5.999999523162842,11.0,3,2023,3,25
0.5036489367485046,0.0,13.0,3,2023,3,25
0.7916467785835266,0.0,25.0,3,2023,3,25
0.4960306584835052,0.0,29.0,3,2023,3,25
0.6027582287788391,0.0,30.0,3,2023,3,25
0.5639487504959106,0.0,32.0,3,2023,3,25
0.4230948090553283,0.0,37.0,3,2023,3,25
0.5705133676528931,0.0,38.0,3,2023,3,25
0.4291732609272003,0.0,39.0,3,2023,3,25
0.5832681059837341,0.4000000953674316,44.0,3,2023,3,25
8.111724853515625,11.0,5.0,4,2023,3,25
11.801965713500977,13.000000953674316,9.0,4,2023,3,25
11.324002265930176,11.0,11.0,4,2023,3,25
13.528485298156738,9.0,13.0,4,2023,3,25
10.946025848388672,22.0000057220459,25.0,4,2023,3,25
5.465673446655273,10.000000953674316,29.0,4,2023,3,25
4.496410369873047,5.0,30.0,4,2023,3,25
3.5974936485290527,3.0,32.0,4,2023,3,25
3.338148593902588,0.0,37.0,4,2023,3,25
4.609844207763672,0.0,38.0,4,2023,3,25
2.070833206176758,0.0,39.0,4,2023,3,25
1.2299377918243408,0.3000000715255737,44.0,4,2023,3,25
2.008372068405152,5.0,5.0,5,2023,3,25
4.145829200744629,3.0,9.0,5,2023,3,25
2.6901888847351074,0.0,11.0,5,2023,3,25
3.4773199558258057,0.9999998807907104,13.0,5,2023,3,25
2.4673221111297607,7.0,25.0,5,2023,3,25
2.116300344467163,0.9999998807907104,29.0,5,2023,3,25
1.880025029182434,8.0,30.0,5,2023,3,25
1.3814111948013306,0.0999999120831489,32.0,5,2023,3,25
1.1765806674957275,2.4000003337860107,37.0,5,2023,3,25
1.4297614097595217,1.7000000476837158,38.0,5,2023,3,25
0.7568889856338501,1.499999761581421,39.0,5,2023,3,25
0.9912390112876892,8.79999828338623,44.0,5,2023,3,25
0.2669081687927246,0.0,5.0,6,2023,3,25
0.3373262286186218,0.0,9.0,6,2023,3,25
0.0762202963232994,0.0,11.0,6,2023,3,25
0.317889392375946,0.0,13.0,6,2023,3,25
0.6785112023353577,0.0,25.0,6,2023,3,25
0.4183535575866699,0.0,29.0,6,2023,3,25
0.9039320945739746,0.0,30.0,6,2023,3,25
0.438090443611145,0.0,32.0,6,2023,3,25
0.4209106266498565,0.0,37.0,6,2023,3,25
0.4827156662940979,0.0,38.0,6,2023,3,25
0.4038815498352051,0.0,39.0,6,2023,3,25
1.0792964696884155,0.0,44.0,6,2023,3,25
0.2271825671195984,0.0,5.0,7,2023,3,25
0.0420375205576419,0.0,9.0,7,2023,3,25
0.0,0.0,11.0,7,2023,3,25
0.1233438625931739,0.0,13.0,7,2023,3,25
0.5198296308517456,0.0,25.0,7,2023,3,25
0.238403707742691,0.0,29.0,7,2023,3,25
0.6627987623214722,0.0,30.0,7,2023,3,25
0.2976061105728149,0.0,32.0,7,2023,3,25
0.284668505191803,0.0,37.0,7,2023,3,25
0.4051421284675598,0.0,38.0,7,2023,3,25
0.1927680969238281,0.0,39.0,7,2023,3,25
0.4837391972541809,0.0,44.0,7,2023,3,25
13.970314979553224,11.0,5.0,1,2023,3,28
25.472681045532227,13.000000953674316,9.0,1,2023,3,28
17.338716506958008,11.0,11.0,1,2023,3,28
23.078733444213867,9.0,13.0,1,2023,3,28
14.916463851928713,22.0000057220459,25.0,1,2023,3,28
10.88144874572754,10.000000953674316,29.0,1,2023,3,28
8.259109497070312,5.0,30.0,1,2023,3,28
7.483993053436279,3.0,32.0,1,2023,3,28
6.822815418243408,0.0,37.0,1,2023,3,28
8.051359176635742,0.0,38.0,1,2023,3,28
4.450343132019043,0.0,39.0,1,2023,3,28
2.575148105621338,0.3000000715255737,44.0,1,2023,3,28
5.67293643951416,5.0,5.0,2,2023,3,28
6.211172580718994,3.0,9.0,2,2023,3,28
5.416770458221436,0.0,11.0,2,2023,3,28
5.926455020904541,0.9999998807907104,13.0,2,2023,3,28
6.142012596130371,7.0,25.0,2,2023,3,28
6.101994514465332,0.9999998807907104,29.0,2,2023,3,28
4.236851692199707,8.0,30.0,2,2023,3,28
3.704371452331543,0.0999999120831489,32.0,2,2023,3,28
4.386298179626465,2.4000003337860107,37.0,2,2023,3,28
4.643492221832275,1.7000000476837158,38.0,2,2023,3,28
3.3751392364501958,1.499999761581421,39.0,2,2023,3,28
3.2790088653564453,8.79999828338623,44.0,2,2023,3,28
0.3036684095859527,0.0,5.0,3,2023,3,28
0.3970531225204468,0.0,9.0,3,2023,3,28
0.1055398136377334,0.0,11.0,3,2023,3,28
0.3421815037727356,0.0,13.0,3,2023,3,28
0.6386593580245972,0.0,25.0,3,2023,3,28
0.3753729462623596,0.0,29.0,3,2023,3,28
0.6215482950210571,0.0,30.0,3,2023,3,28
0.3396221101284027,0.0,32.0,3,2023,3,28
0.1898849308490753,0.0,37.0,3,2023,3,28
0.3457225263118744,0.0,38.0,3,2023,3,28
0.3308835625648498,0.0,39.0,3,2023,3,28
0.8548925518989563,0.0,44.0,3,2023,3,28
0.1736195832490921,0.0,5.0,4,2023,3,28
0.0206640213727951,0.0,9.0,4,2023,3,28
0.0491550229489803,0.0,11.0,4,2023,3,28
0.1340139508247375,0.0,13.0,4,2023,3,28
0.3704929649829864,0.0,25.0,4,2023,3,28
0.1275049000978469,0.0,29.0,4,2023,3,28
0.3516794145107269,0.0,30.0,4,2023,3,28
0.1917969584465026,0.0,32.0,4,2023,3,28
0.1576466709375381,0.0,37.0,4,2023,3,28
0.1201477125287056,0.0,38.0,4,2023,3,28
0.1617671996355056,0.0,39.0,4,2023,3,28
0.3484511077404022,0.0,44.0,4,2023,3,28
0.094835564494133,0.0,5.0,5,2023,3,28
0.2049043923616409,0.800000011920929,9.0,5,2023,3,28
0.0,4.0,11.0,5,2023,3,28
0.1495115906000137,0.800000011920929,13.0,5,2023,3,28
0.456647664308548,0.0,25.0,5,2023,3,28
0.0275542624294757,0.0,29.0,5,2023,3,28
0.3105734884738922,0.0,30.0,5,2023,3,28
0.0873058959841728,0.0,32.0,5,2023,3,28
0.167275071144104,0.0,37.0,5,2023,3,28
0.0242901779711246,0.0,38.0,5,2023,3,28
0.1239500865340232,0.0,39.0,5,2023,3,28
0.3586874008178711,0.0,44.0,5,2023,3,28
0.0,0.0,5.0,6,2023,3,28
0.1243535205721855,0.3000000715255737,9.0,6,2023,3,28
0.0,3.0,11.0,6,2023,3,28
0.1060004085302352,0.5999999046325684,13.0,6,2023,3,28
0.3119522035121918,0.0,25.0,6,2023,3,28
0.0,0.0,29.0,6,2023,3,28
0.2742143869400024,0.0,30.0,6,2023,3,28
0.0,0.0,32.0,6,2023,3,28
0.1866294294595718,0.0,37.0,6,2023,3,28
0.0,0.0,38.0,6,2023,3,28
0.0732597187161445,0.0,39.0,6,2023,3,28
0.2982324063777923,0.0,44.0,6,2023,3,28
0.1971869170665741,0.0999999120831489,5.0,7,2023,3,28
0.1550130099058151,0.0,9.0,7,2023,3,28
0.0,0.0,11.0,7,2023,3,28
0.1416295766830444,0.0,13.0,7,2023,3,28
0.5336118936538696,0.800000011920929,25.0,7,2023,3,28
0.0762927830219268,0.0,29.0,7,2023,3,28
0.2557394504547119,0.0999999120831489,30.0,7,2023,3,28
0.0087481029331684,0.0,32.0,7,2023,3,28
0.2254142612218856,0.0,37.0,7,2023,3,28
0.0146992718800902,0.0,38.0,7,2023,3,28
0.1737000346183776,0.0,39.0,7,2023,3,28
0.4528192281723022,0.0,44.0,7,2023,3,28
0.2499243021011352,0.0,5.0,1,2023,4,1
0.2011470049619674,0.800000011920929,9.0,1,2023,4,1
0.0257694721221923,4.0,11.0,1,2023,4,1
0.196230873465538,0.800000011920929,13.0,1,2023,4,1
0.4472390115261078,0.0,25.0,1,2023,4,1
0.1547971367835998,0.0,29.0,1,2023,4,1
0.5562617778778076,0.0,30.0,1,2023,4,1
0.5759793519973755,0.0,32.0,1,2023,4,1
0.4866702556610107,0.0,37.0,1,2023,4,1
0.32541024684906,0.0,38.0,1,2023,4,1
0.5888900756835938,0.0,39.0,1,2023,4,1
1.11149799823761,0.0,44.0,1,2023,4,1
0.0107257030904293,0.0,5.0,2,2023,4,1
0.1557992845773697,0.3000000715255737,9.0,2,2023,4,1
0.0,3.0,11.0,2,2023,4,1
0.1160159185528755,0.5999999046325684,13.0,2,2023,4,1
0.2665300369262695,0.0,25.0,2,2023,4,1
0.0,0.0,29.0,2,2023,4,1
0.2734383046627044,0.0,30.0,2,2023,4,1
0.05744643881917,0.0,32.0,2,2023,4,1
0.1919791996479034,0.0,37.0,2,2023,4,1
0.0,0.0,38.0,2,2023,4,1
0.1157917603850364,0.0,39.0,2,2023,4,1
0.2725168466567993,0.0,44.0,2,2023,4,1
0.093912698328495,0.0999999120831489,5.0,3,2023,4,1
0.2777842879295349,0.0,9.0,3,2023,4,1
0.0433553904294967,0.0,11.0,3,2023,4,1
0.2808913290500641,0.0,13.0,3,2023,4,1
0.5348020792007446,0.800000011920929,25.0,3,2023,4,1
0.0801529511809349,0.0,29.0,3,2023,4,1
0.4357180893421173,0.0999999120831489,30.0,3,2023,4,1
0.0713366791605949,0.0,32.0,3,2023,4,1
0.2746617794036865,0.0,37.0,3,2023,4,1
0.071342147886753,0.0,38.0,3,2023,4,1
0.1065312102437019,0.0,39.0,3,2023,4,1
0.3548163771629333,0.0,44.0,3,2023,4,1
0.0448815897107124,0.0,5.0,4,2023,4,1
0.0979807823896408,0.0,9.0,4,2023,4,1
0.0,0.0,11.0,4,2023,4,1
0.0255660619586706,0.0,13.0,4,2023,4,1
0.2621676027774811,0.0,25.0,4,2023,4,1
0.0,0.0,29.0,4,2023,4,1
0.1139882281422615,0.0,30.0,4,2023,4,1
0.0,0.0,32.0,4,2023,4,1
0.0822416394948959,0.0,37.0,4,2023,4,1
0.0,0.0,38.0,4,2023,4,1
0.0478995181620121,0.0,39.0,4,2023,4,1
0.207987904548645,0.0,44.0,4,2023,4,1
0.0,0.0,5.0,5,2023,4,1
0.0537898279726505,0.0,9.0,5,2023,4,1
0.0,0.0,11.0,5,2023,4,1
0.0,0.0,13.0,5,2023,4,1
0.2448889762163162,0.0,25.0,5,2023,4,1
0.0,0.0,29.0,5,2023,4,1
0.1302707642316818,0.0,30.0,5,2023,4,1
0.0723902359604835,0.0,32.0,5,2023,4,1
0.1755874454975128,0.0,37.0,5,2023,4,1
0.0,0.0,38.0,5,2023,4,1
0.123558834195137,0.0,39.0,5,2023,4,1
0.3909177780151367,0.0,44.0,5,2023,4,1
0.3186191916465759,0.0,5.0,6,2023,4,1
0.6038421988487244,0.0,9.0,6,2023,4,1
0.0788082405924797,0.0,11.0,6,2023,4,1
0.4368508458137512,0.0,13.0,6,2023,4,1
0.910343050956726,0.0,25.0,6,2023,4,1
0.2730584740638733,0.0,29.0,6,2023,4,1
0.9186460971832277,0.0,30.0,6,2023,4,1
1.1465598344802856,0.0,32.0,6,2023,4,1
0.8490248918533325,0.0,37.0,6,2023,4,1
0.4721555709838867,0.0,38.0,6,2023,4,1
1.0744972229003906,0.0,39.0,6,2023,4,1
1.5631383657455444,0.0,44.0,6,2023,4,1
0.2413577735424041,0.0,5.0,7,2023,4,1
0.1870646476745605,0.0,9.0,7,2023,4,1
0.0739822909235954,0.0,11.0,7,2023,4,1
0.2585828900337219,0.0,13.0,7,2023,4,1
0.4562525451183319,0.0,25.0,7,2023,4,1
0.3470358550548553,0.0,29.0,7,2023,4,1
0.5208790302276611,0.0,30.0,7,2023,4,1
0.5169005393981934,0.0,32.0,7,2023,4,1
0.3487344086170196,0.0,37.0,7,2023,4,1
0.4367836415767669,0.0,38.0,7,2023,4,1
0.2650733590126037,0.0,39.0,7,2023,4,1
0.5484611988067627,1.1000001430511477,44.0,7,2023,4,1
0.0,0.0,5.0,1,2023,4,4
0.0,0.0,9.0,1,2023,4,4
0.0,0.0,11.0,1,2023,4,4
0.0,0.0,13.0,1,2023,4,4
0.0855057537555694,0.0,25.0,1,2023,4,4
0.0,0.0,29.0,1,2023,4,4
0.0,0.0,30.0,1,2023,4,4
0.0,0.0,32.0,1,2023,4,4
0.0133228031918406,0.0,37.0,1,2023,4,4
0.0,0.0,38.0,1,2023,4,4
0.0,0.0,39.0,1,2023,4,4
0.056708924472332,0.0,44.0,1,2023,4,4
0.0,0.0,5.0,2,2023,4,4
0.0,0.0,9.0,2,2023,4,4
0.0,0.0,11.0,2,2023,4,4
0.0,0.0,13.0,2,2023,4,4
0.0688459277153015,0.0,25.0,2,2023,4,4
0.0,0.0,29.0,2,2023,4,4
0.0,0.0,30.0,2,2023,4,4
0.0,0.0,32.0,2,2023,4,4
0.0,0.0,37.0,2,2023,4,4
0.0,0.0,38.0,2,2023,4,4
0.0,0.0,39.0,2,2023,4,4
0.0268421396613121,0.0,44.0,2,2023,4,4
0.0617721639573574,0.0,5.0,3,2023,4,4
0.238505870103836,0.0,9.0,3,2023,4,4
0.0,0.0,11.0,3,2023,4,4
0.1812761574983596,0.0,13.0,3,2023,4,4
0.3961661458015442,0.0,25.0,3,2023,4,4
0.0906693115830421,0.0,29.0,3,2023,4,4
0.2998610138893127,0.0,30.0,3,2023,4,4
0.5006265044212341,0.0,32.0,3,2023,4,4
0.2960056662559509,0.0,37.0,3,2023,4,4
0.1594479382038116,0.0,38.0,3,2023,4,4
0.488036036491394,0.0,39.0,3,2023,4,4
0.9028815031051636,0.0,44.0,3,2023,4,4
0.2769039571285248,0.0,5.0,4,2023,4,4
0.3015394806861877,0.0,9.0,4,2023,4,4
0.2968790829181671,0.0,11.0,4,2023,4,4
0.3931445777416229,0.0,13.0,4,2023,4,4
0.4296918511390686,0.0,25.0,4,2023,4,4
0.3367952108383178,0.0,29.0,4,2023,4,4
0.3775026500225067,0.0,30.0,4,2023,4,4
0.3602257668972015,0.0,32.0,4,2023,4,4
0.2278736382722854,0.0,37.0,4,2023,4,4
0.2653595805168152,0.0,38.0,4,2023,4,4
0.1858169436454773,0.0,39.0,4,2023,4,4
0.3062705993652344,1.1000001430511477,44.0,4,2023,4,4
2.086538314819336,0.0,5.0,5,2023,4,4
4.888665676116943,0.0,9.0,5,2023,4,4
2.6448981761932373,0.0,11.0,5,2023,4,4
4.399358749389648,0.2000000178813934,13.0,5,2023,4,4
2.453697681427002,0.0999999120831489,25.0,5,2023,4,4
2.256799697875977,0.0,29.0,5,2023,4,4
2.4068427085876465,0.0,30.0,5,2023,4,4
2.1267940998077397,0.0,32.0,5,2023,4,4
1.4683853387832642,0.0,37.0,5,2023,4,4
1.339669942855835,0.0,38.0,5,2023,4,4
1.1369547843933103,0.0,39.0,5,2023,4,4
1.706298828125,0.5999999046325684,44.0,5,2023,4,4
0.8080335855484009,0.0,5.0,6,2023,4,4
1.4782192707061768,0.0,9.0,6,2023,4,4
0.9103416800498962,0.0,11.0,6,2023,4,4
1.4201908111572266,0.0,13.0,6,2023,4,4
1.122471809387207,0.0,25.0,6,2023,4,4
0.6862072944641113,0.0,29.0,6,2023,4,4
0.7380014657974243,0.0,30.0,6,2023,4,4
0.4448181390762329,0.0999999120831489,32.0,6,2023,4,4
0.4431288838386535,0.0,37.0,6,2023,4,4
0.590848445892334,0.0,38.0,6,2023,4,4
0.3109629452228546,0.0,39.0,6,2023,4,4
0.347037672996521,0.0,44.0,6,2023,4,4
0.4465528726577759,0.0,5.0,7,2023,4,4
0.5978052616119385,0.0,9.0,7,2023,4,4
0.3202781081199646,0.0,11.0,7,2023,4,4
0.5649077296257019,0.0,13.0,7,2023,4,4
0.7657288312911987,0.0,25.0,7,2023,4,4
0.1675852239131927,0.0,29.0,7,2023,4,4
0.5025718808174133,0.0,30.0,7,2023,4,4
0.6126753687858582,0.0,32.0,7,2023,4,4
0.7162635326385498,0.0,37.0,7,2023,4,4
0.1053531095385551,0.0,38.0,7,2023,4,4
0.5660425424575806,0.0,39.0,7,2023,4,4
0.6730694770812988,0.0,44.0,7,2023,4,4
0.2938175201416015,0.0,5.0,1,2023,4,8
0.9941833019256592,0.0,9.0,1,2023,4,8
0.7092880010604858,0.0,11.0,1,2023,4,8
0.9665567874908448,0.2000000178813934,13.0,1,2023,4,8
0.5077382922172546,0.0999999120831489,25.0,1,2023,4,8
0.2191141992807388,0.0,29.0,1,2023,4,8
0.3450806736946106,0.0,30.0,1,2023,4,8
0.5023658871650696,0.0,32.0,1,2023,4,8
0.2379269152879715,0.0,37.0,1,2023,4,8
0.1328852027654647,0.0,38.0,1,2023,4,8
0.25204798579216,0.0,39.0,1,2023,4,8
0.7631133794784546,0.5999999046325684,44.0,1,2023,4,8
0.259712815284729,0.0,5.0,2,2023,4,8
0.5554470419883728,0.0,9.0,2,2023,4,8
0.2989605963230133,0.0,11.0,2,2023,4,8
0.5463296175003052,0.0,13.0,2,2023,4,8
0.4114945828914642,0.0,25.0,2,2023,4,8
0.2798262238502502,0.0,29.0,2,2023,4,8
0.2213876545429229,0.0,30.0,2,2023,4,8
0.0021460524294525,0.0999999120831489,32.0,2,2023,4,8
0.0,0.0,37.0,2,2023,4,8
0.1362031102180481,0.0,38.0,2,2023,4,8
0.0,0.0,39.0,2,2023,4,8
0.0,0.0,44.0,2,2023,4,8
0.2315369844436645,0.0,5.0,3,2023,4,8
0.2034522593021392,0.0,9.0,3,2023,4,8
0.0875707492232322,0.0,11.0,3,2023,4,8
0.2252946197986602,0.0,13.0,3,2023,4,8
0.4872514307498932,0.0,25.0,3,2023,4,8
0.0,0.0,29.0,3,2023,4,8
0.3028329014778137,0.0,30.0,3,2023,4,8
0.2229202836751938,0.0,32.0,3,2023,4,8
0.3412285447120666,0.0,37.0,3,2023,4,8
0.0125986700877547,0.0,38.0,3,2023,4,8
0.2274088412523269,0.0,39.0,3,2023,4,8
0.2804097533226013,0.0,44.0,3,2023,4,8
0.1405578553676605,0.0,5.0,4,2023,4,8
0.3819550573825836,0.0,9.0,4,2023,4,8
0.0,0.0,11.0,4,2023,4,8
0.2547161877155304,0.0,13.0,4,2023,4,8
0.4917487204074859,0.0,25.0,4,2023,4,8
0.0,0.0,29.0,4,2023,4,8
0.8131157159805298,0.0,30.0,4,2023,4,8
0.9856849908828736,0.0,32.0,4,2023,4,8
0.9350455403327942,0.0,37.0,4,2023,4,8
0.0990829765796661,0.0,38.0,4,2023,4,8
0.8834839463233948,0.0,39.0,4,2023,4,8
1.2660682201385498,0.2000000178813934,44.0,4,2023,4,8
0.0733000561594963,0.0,5.0,5,2023,4,8
0.3665180504322052,0.0,9.0,5,2023,4,8
0.0,0.0,11.0,5,2023,4,8
0.1709734797477722,0.0,13.0,5,2023,4,8
0.6314465999603271,0.0,25.0,5,2023,4,8
0.0,0.0,29.0,5,2023,4,8
1.0918056964874268,0.0,30.0,5,2023,4,8
0.9910422563552856,0.0,32.0,5,2023,4,8
0.993683099746704,0.0,37.0,5,2023,4,8
0.1795001626014709,0.0,38.0,5,2023,4,8
0.7046661376953125,0.0,39.0,5,2023,4,8
1.065744161605835,0.0999999120831489,44.0,5,2023,4,8
0.0,0.0,5.0,6,2023,4,8
0.2946093082427978,0.0,9.0,6,2023,4,8
0.0,0.0,11.0,6,2023,4,8
0.1334809511899948,0.0,13.0,6,2023,4,8
0.3462854623794555,0.0,25.0,6,2023,4,8
0.0,0.0,29.0,6,2023,4,8
0.6328551769256592,0.0,30.0,6,2023,4,8
0.7430893182754517,0.0,32.0,6,2023,4,8
0.8259362578392029,0.0,37.0,6,2023,4,8
0.0,0.0,38.0,6,2023,4,8
0.5624061822891235,0.0,39.0,6,2023,4,8
0.9212504029273988,0.0,44.0,6,2023,4,8
1.061421036720276,0.0,5.0,7,2023,4,8
1.8199779987335205,0.0,9.0,7,2023,4,8
0.4629082083702087,0.0,11.0,7,2023,4,8
1.4815016984939575,0.0,13.0,7,2023,4,8
2.492883682250977,0.0,25.0,7,2023,4,8
0.975629448890686,0.0,29.0,7,2023,4,8
3.1593234539031982,0.0,30.0,7,2023,4,8
6.004889488220215,0.0,32.0,7,2023,4,8
4.319986343383789,0.0,37.0,7,2023,4,8
2.048705577850342,0.0,38.0,7,2023,4,8
5.875006198883057,0.0,39.0,7,2023,4,8
8.14256477355957,0.6999999284744263,44.0,7,2023,4,8
0.0129290577024221,0.0,5.0,1,2023,4,11
0.0781398117542266,0.0,9.0,1,2023,4,11
0.0,0.0,11.0,1,2023,4,11
0.0323589220643043,0.0,13.0,1,2023,4,11
0.2335020899772644,0.0,25.0,1,2023,4,11
0.0,0.0,29.0,1,2023,4,11
0.4875281751155853,0.0,30.0,1,2023,4,11
0.7780666351318359,0.0,32.0,1,2023,4,11
0.7432206273078918,0.0,37.0,1,2023,4,11
0.0338992848992347,0.0,38.0,1,2023,4,11
0.7769429087638855,0.0,39.0,1,2023,4,11
1.0337151288986206,0.2000000178813934,44.0,1,2023,4,11
0.0202252566814422,0.0,5.0,2,2023,4,11
0.1477191299200058,0.0,9.0,2,2023,4,11
0.0,0.0,11.0,2,2023,4,11
0.0460062660276889,0.0,13.0,2,2023,4,11
0.4985893070697784,0.0,25.0,2,2023,4,11
0.0,0.0,29.0,2,2023,4,11
1.4065446853637695,0.0,30.0,2,2023,4,11
1.0634528398513794,0.0,32.0,2,2023,4,11
1.0929701328277588,0.0,37.0,2,2023,4,11
0.338817149400711,0.0,38.0,2,2023,4,11
0.7830603122711182,0.0,39.0,2,2023,4,11
1.2164008617401123,0.0999999120831489,44.0,2,2023,4,11
0.045489564538002,0.0,5.0,3,2023,4,11
0.327832967042923,0.0,9.0,3,2023,4,11
0.0,0.0,11.0,3,2023,4,11
0.1937601566314697,0.0,13.0,3,2023,4,11
0.569980263710022,0.0,25.0,3,2023,4,11
0.0,0.0,29.0,3,2023,4,11
1.1453206539154053,0.0,30.0,3,2023,4,11
1.0569957494735718,0.0,32.0,3,2023,4,11
1.04185950756073,0.0,37.0,3,2023,4,11
0.1410017907619476,0.0,38.0,3,2023,4,11
0.7957864999771118,0.0,39.0,3,2023,4,11
1.0447735786437988,0.0,44.0,3,2023,4,11
1.29429030418396,0.0,5.0,4,2023,4,11
1.7489811182022097,0.0,9.0,4,2023,4,11
0.4855919182300567,0.0,11.0,4,2023,4,11
1.3061186075210571,0.0,13.0,4,2023,4,11
2.095862865447998,0.0,25.0,4,2023,4,11
0.7657365798950195,0.0,29.0,4,2023,4,11
3.679701089859009,0.0,30.0,4,2023,4,11
9.9290189743042,0.0,32.0,4,2023,4,11
6.311747550964356,0.0,37.0,4,2023,4,11
3.421443223953247,0.0,38.0,4,2023,4,11
9.530662536621094,0.0,39.0,4,2023,4,11
15.930453300476074,0.6999999284744263,44.0,4,2023,4,11
0.8048855662345886,0.0,5.0,5,2023,4,11
1.476231336593628,0.0,9.0,5,2023,4,11
1.3490262031555176,0.0,11.0,5,2023,4,11
1.2733184099197388,0.0,13.0,5,2023,4,11
1.7781156301498413,0.0,25.0,5,2023,4,11
1.2727946043014526,0.0,29.0,5,2023,4,11
1.41901433467865,0.0,30.0,5,2023,4,11
3.235031843185425,0.0,32.0,5,2023,4,11
2.0114548206329346,0.0,37.0,5,2023,4,11
1.0087575912475586,0.0,38.0,5,2023,4,11
3.14465594291687,0.0,39.0,5,2023,4,11
4.430965423583984,1.2000000476837158,44.0,5,2023,4,11
0.7350062727928162,0.0,5.0,6,2023,4,11
1.411345362663269,0.0,9.0,6,2023,4,11
0.9602019190788268,0.0,11.0,6,2023,4,11
1.4596911668777466,0.0,13.0,6,2023,4,11
1.2458500862121582,0.0,25.0,6,2023,4,11
0.7781259417533875,0.0,29.0,6,2023,4,11
0.8407177925109863,0.0,30.0,6,2023,4,11
0.3862028419971466,0.0,32.0,6,2023,4,11
0.8152413964271545,0.0,37.0,6,2023,4,11
0.448443204164505,0.0,38.0,6,2023,4,11
0.5829721689224243,0.0,39.0,6,2023,4,11
0.7485330104827881,0.0,44.0,6,2023,4,11
0.3730995953083038,0.0,5.0,7,2023,4,11
1.7502775192260742,0.0,9.0,7,2023,4,11
0.7032738924026489,0.0,11.0,7,2023,4,11
1.4763708114624023,0.0,13.0,7,2023,4,11
0.9781054854393004,0.0,25.0,7,2023,4,11
0.0774651989340782,0.0,29.0,7,2023,4,11
0.6417174339294434,0.0,30.0,7,2023,4,11
1.0919322967529297,0.0,32.0,7,2023,4,11
1.290634036064148,0.0,37.0,7,2023,4,11
0.0,0.0,38.0,7,2023,4,11
1.0735324621200562,0.0,39.0,7,2023,4,11
1.6977887153625488,0.0,44.0,7,2023,4,11
2.0475521087646484,0.0,5.0,1,2023,4,15
1.115031599998474,0.0,9.0,1,2023,4,15
1.0284435749053955,0.0,11.0,1,2023,4,15
1.4180294275283811,0.0,13.0,1,2023,4,15
2.525187730789185,0.0,25.0,1,2023,4,15
1.6165530681610107,0.0,29.0,1,2023,4,15
3.0322928428649902,0.0,30.0,1,2023,4,15
4.113192081451416,0.0,32.0,1,2023,4,15
3.5443899631500244,0.0,37.0,1,2023,4,15
1.7177823781967163,0.0,38.0,1,2023,4,15
3.980704069137573,0.0,39.0,1,2023,4,15
7.200820446014404,1.2000000476837158,44.0,1,2023,4,15
0.8216307163238525,0.0,5.0,2,2023,4,15
1.3584637641906738,0.0,9.0,2,2023,4,15
0.7409822940826416,0.0,11.0,2,2023,4,15
1.202365159988403,0.0,13.0,2,2023,4,15
1.1000694036483765,0.0,25.0,2,2023,4,15
0.4635428190231323,0.0,29.0,2,2023,4,15
0.8377119302749634,0.0,30.0,2,2023,4,15
0.6115015745162964,0.0,32.0,2,2023,4,15
0.7444849610328674,0.0,37.0,2,2023,4,15
0.6161563396453857,0.0,38.0,2,2023,4,15
0.5861086845397949,0.0,39.0,2,2023,4,15
0.5499407649040222,0.0,44.0,2,2023,4,15
0.1819542348384857,0.0,5.0,3,2023,4,15
0.5707396268844604,0.0,9.0,3,2023,4,15
0.1533202677965164,0.0,11.0,3,2023,4,15
0.4579057991504669,0.0,13.0,3,2023,4,15
0.4809879660606384,0.0,25.0,3,2023,4,15
0.0,0.0,29.0,3,2023,4,15
0.5392554402351379,0.0,30.0,3,2023,4,15
0.4461725354194641,0.0,32.0,3,2023,4,15
0.6443912982940674,0.0,37.0,3,2023,4,15
0.0,0.0,38.0,3,2023,4,15
0.3767662346363067,0.0,39.0,3,2023,4,15
0.5451970100402832,0.0,44.0,3,2023,4,15
0.0,0.0,5.0,4,2023,4,15
0.171182632446289,0.0,9.0,4,2023,4,15
0.0,0.0,11.0,4,2023,4,15
0.1003505885601043,0.0,13.0,4,2023,4,15
0.195915549993515,0.0,25.0,4,2023,4,15
0.0,0.0,29.0,4,2023,4,15
0.1515522301197052,0.0,30.0,4,2023,4,15
0.1246038824319839,0.0,32.0,4,2023,4,15
0.3057794272899627,0.0,37.0,4,2023,4,15
0.0,0.0,38.0,4,2023,4,15
0.2710597515106201,0.0,39.0,4,2023,4,15
0.420488178730011,0.0,44.0,4,2023,4,15
0.0,0.0,5.0,5,2023,4,15
0.3241007328033447,0.0,9.0,5,2023,4,15
0.0,0.0,11.0,5,2023,4,15
0.1684633195400238,0.0,13.0,5,2023,4,15
0.2724670469760895,0.0,25.0,5,2023,4,15
0.0,0.0,29.0,5,2023,4,15
0.2787365615367889,0.0,30.0,5,2023,4,15
0.3432242572307586,0.0,32.0,5,2023,4,15
0.5519030690193176,0.0,37.0,5,2023,4,15
0.0,0.0,38.0,5,2023,4,15
0.3576377332210541,0.0,39.0,5,2023,4,15
0.7636292576789856,0.0,44.0,5,2023,4,15
0.0,0.0,5.0,6,2023,4,15
0.0,0.0,9.0,6,2023,4,15
0.0,0.0,11.0,6,2023,4,15
0.0,0.0,13.0,6,2023,4,15
0.0673647746443748,0.0,25.0,6,2023,4,15
0.0,0.0,29.0,6,2023,4,15
0.0401281453669071,0.0,30.0,6,2023,4,15
0.0,0.0,32.0,6,2023,4,15
0.19940847158432,0.0,37.0,6,2023,4,15
0.0,0.0,38.0,6,2023,4,15
0.0511969998478889,0.0,39.0,6,2023,4,15
0.2902313768863678,0.0,44.0,6,2023,4,15
0.0,0.0,5.0,7,2023,4,15
0.0234725587069988,0.0,9.0,7,2023,4,15
0.0,0.0,11.0,7,2023,4,15
0.0118872737511992,0.0,13.0,7,2023,4,15
0.1610365062952041,0.0,25.0,7,2023,4,15
0.0,0.0,29.0,7,2023,4,15
0.0,0.0,30.0,7,2023,4,15
0.0,0.0,32.0,7,2023,4,15
0.0,0.0,37.0,7,2023,4,15
0.0,0.0,38.0,7,2023,4,15
0.0,0.0,39.0,7,2023,4,15
0.0,0.0,44.0,7,2023,4,15
0.0,0.0,5.0,1,2023,4,18
0.0,0.0,9.0,1,2023,4,18
0.0,0.0,11.0,1,2023,4,18
0.0,0.0,13.0,1,2023,4,18
0.0,0.0,25.0,1,2023,4,18
0.0,0.0,29.0,1,2023,4,18
0.0159599278122186,0.0,30.0,1,2023,4,18
0.0,0.0,32.0,1,2023,4,18
0.1590413600206375,0.0,37.0,1,2023,4,18
0.0,0.0,38.0,1,2023,4,18
0.1066371724009513,0.0,39.0,1,2023,4,18
0.1957587450742721,0.0,44.0,1,2023,4,18
0.0,0.0,5.0,2,2023,4,18
0.0,0.0,9.0,2,2023,4,18
0.0,0.0,11.0,2,2023,4,18
0.0,0.0,13.0,2,2023,4,18
0.0221864115446805,0.0,25.0,2,2023,4,18
0.0,0.0,29.0,2,2023,4,18
0.0,0.0,30.0,2,2023,4,18
0.0,0.0,32.0,2,2023,4,18
0.0890478938817977,0.0,37.0,2,2023,4,18
0.0,0.0,38.0,2,2023,4,18
0.0265602935105562,0.0,39.0,2,2023,4,18
0.2380900979042053,0.0,44.0,2,2023,4,18
0.0,0.0,5.0,3,2023,4,18
0.0,0.0,9.0,3,2023,4,18
0.0,0.0,11.0,3,2023,4,18
0.0,0.0,13.0,3,2023,4,18
0.0729198679327964,0.0,25.0,3,2023,4,18
0.0,0.0,29.0,3,2023,4,18
0.015217849984765,0.0,30.0,3,2023,4,18
0.0,0.0,32.0,3,2023,4,18
0.11687783151865,0.0,37.0,3,2023,4,18
0.0,0.0,38.0,3,2023,4,18
0.0152615373954176,0.0,39.0,3,2023,4,18
0.1932691037654876,0.0,44.0,3,2023,4,18
0.0,0.0,5.0,4,2023,4,18
0.0331286415457725,0.0,9.0,4,2023,4,18
0.0,0.0,11.0,4,2023,4,18
0.0113401217386126,0.0,13.0,4,2023,4,18
0.1210787892341613,0.0,25.0,4,2023,4,18
0.0,0.0,29.0,4,2023,4,18
0.0,0.0,30.0,4,2023,4,18
0.0,0.0,32.0,4,2023,4,18
0.0,0.0,37.0,4,2023,4,18
0.0,0.0,38.0,4,2023,4,18
0.0,0.0,39.0,4,2023,4,18
0.0,0.0,44.0,4,2023,4,18
0.0314153917133808,0.0,5.0,5,2023,4,18
0.28544881939888,0.9999998807907104,9.0,5,2023,4,18
0.0,0.0,11.0,5,2023,4,18
0.1606550514698028,0.0999999120831489,13.0,5,2023,4,18
0.3653641045093536,0.0,25.0,5,2023,4,18
0.0,0.0,29.0,5,2023,4,18
0.0922873839735984,0.0,30.0,5,2023,4,18
0.0,0.0,32.0,5,2023,4,18
0.0870938003063201,0.0,37.0,5,2023,4,18
0.0,0.0,38.0,5,2023,4,18
0.051371157169342,0.0,39.0,5,2023,4,18
0.2059085965156555,0.0,44.0,5,2023,4,18
0.5865236520767212,0.0,5.0,6,2023,4,18
1.421715259552002,0.0,9.0,6,2023,4,18
1.5764975547790527,0.0,11.0,6,2023,4,18
2.350819826126098,0.0,13.0,6,2023,4,18
3.6909353733062735,0.0,25.0,6,2023,4,18
1.4211525917053225,0.0,29.0,6,2023,4,18
3.640779256820679,0.0,30.0,6,2023,4,18
4.022249698638916,0.0,32.0,6,2023,4,18
3.5035340785980225,0.0,37.0,6,2023,4,18
3.162330389022827,0.0,38.0,6,2023,4,18
2.211136817932129,1.999999761581421,39.0,6,2023,4,18
3.640916585922241,4.0,44.0,6,2023,4,18
4.03873348236084,0.9999998807907104,5.0,7,2023,4,18
6.221739292144775,0.0,9.0,7,2023,4,18
3.441825151443481,0.0,11.0,7,2023,4,18
5.58785343170166,0.0,13.0,7,2023,4,18
5.2686052322387695,1.999999761581421,25.0,7,2023,4,18
3.569638967514038,0.0,29.0,7,2023,4,18
4.432509422302246,0.0,30.0,7,2023,4,18
6.196957111358643,0.0,32.0,7,2023,4,18
6.345636367797852,0.0,37.0,7,2023,4,18
4.177480220794678,0.0,38.0,7,2023,4,18
5.437829494476318,0.0,39.0,7,2023,4,18
7.169080257415772,0.0,44.0,7,2023,4,18
1.3273770809173584,0.0,5.0,1,2023,4,22
1.0472944974899292,0.9999998807907104,9.0,1,2023,4,22
1.51051664352417,0.0,11.0,1,2023,4,22
1.6154136657714844,0.0999999120831489,13.0,1,2023,4,22
2.1605682373046875,0.0,25.0,1,2023,4,22
1.6731586456298828,0.0,29.0,1,2023,4,22
2.0386102199554443,0.0,30.0,1,2023,4,22
1.2919652462005615,0.0,32.0,1,2023,4,22
1.8099833726882932,0.0,37.0,1,2023,4,22
1.5798494815826416,0.0,38.0,1,2023,4,22
1.4427393674850464,0.0,39.0,1,2023,4,22
1.3259601593017578,0.0,44.0,1,2023,4,22
0.3391965627670288,0.0,5.0,2,2023,4,22
1.009160399436951,0.0,9.0,2,2023,4,22
0.8830636739730835,0.0,11.0,2,2023,4,22
1.1228963136672974,0.0,13.0,2,2023,4,22
1.3220765590667725,0.0,25.0,2,2023,4,22
0.5435802340507507,0.0,29.0,2,2023,4,22
1.877425193786621,0.0,30.0,2,2023,4,22
1.6886365413665771,0.0,32.0,2,2023,4,22
1.7218685150146484,0.0,37.0,2,2023,4,22
0.7729130387306213,0.0,38.0,2,2023,4,22
1.227491021156311,1.999999761581421,39.0,2,2023,4,22
2.213334560394287,4.0,44.0,2,2023,4,22
3.380307674407959,0.9999998807907104,5.0,3,2023,4,22
3.011275053024292,0.0,9.0,3,2023,4,22
2.6056246757507324,0.0,11.0,3,2023,4,22
3.691636085510254,0.0,13.0,3,2023,4,22
4.388673782348633,1.999999761581421,25.0,3,2023,4,22
2.749541997909546,0.0,29.0,3,2023,4,22
4.5836687088012695,0.0,30.0,3,2023,4,22
6.999561309814453,0.0,32.0,3,2023,4,22
6.209762096405029,0.0,37.0,3,2023,4,22
3.7964062690734863,0.0,38.0,3,2023,4,22
8.0136079788208,0.0,39.0,3,2023,4,22
9.391311645507812,0.0,44.0,3,2023,4,22
5.554873466491699,15.0,5.0,4,2023,4,22
17.056591033935547,1.999999761581421,9.0,4,2023,4,22
7.458974361419678,1.999999761581421,11.0,4,2023,4,22
11.122900009155272,9.0,13.0,4,2023,4,22
9.697671890258787,8.0,25.0,4,2023,4,22
6.255401134490967,7.0,29.0,4,2023,4,22
6.443391799926758,0.5,30.0,4,2023,4,22
8.986381530761719,0.0,32.0,4,2023,4,22
6.773462295532227,12.000001907348633,37.0,4,2023,4,22
6.965050220489502,0.0,38.0,4,2023,4,22
6.140663146972656,0.9999998807907104,39.0,4,2023,4,22
8.681662559509277,0.4000000953674316,44.0,4,2023,4,22
5.248619079589844,23.0,5.0,5,2023,4,22
13.604691505432127,10.000000953674316,9.0,5,2023,4,22
9.888011932373049,12.000001907348633,11.0,5,2023,4,22
12.365036010742188,13.000000953674316,13.0,5,2023,4,22
7.244831085205078,9.0,25.0,5,2023,4,22
5.450166702270508,26.00000762939453,29.0,5,2023,4,22
3.5826539993286133,14.000000953674316,30.0,5,2023,4,22
2.631587505340576,7.0,32.0,5,2023,4,22
2.3776352405548096,10.000000953674316,37.0,5,2023,4,22
2.744523048400879,18.000003814697266,38.0,5,2023,4,22
2.062607765197754,0.9999998807907104,39.0,5,2023,4,22
2.1108241081237797,2.6000001430511475,44.0,5,2023,4,22
4.223926544189453,0.0,5.0,6,2023,4,22
8.983570098876953,4.0,9.0,6,2023,4,22
9.281827926635742,0.0,11.0,6,2023,4,22
10.37525749206543,0.0999999120831489,13.0,6,2023,4,22
4.572819709777832,8.0,25.0,6,2023,4,22
5.300664901733398,0.2000000178813934,29.0,6,2023,4,22
3.695010900497437,0.0,30.0,6,2023,4,22
2.9587767124176025,0.0,32.0,6,2023,4,22
2.688749313354492,0.0,37.0,6,2023,4,22
1.7225496768951416,0.0,38.0,6,2023,4,22
2.045372486114502,0.5999999046325684,39.0,6,2023,4,22
2.662517070770264,0.0,44.0,6,2023,4,22
0.2684610188007355,5.0,5.0,7,2023,4,22
0.6768299341201782,13.000000953674316,9.0,7,2023,4,22
0.3163080513477325,0.0,11.0,7,2023,4,22
0.6639784574508667,4.0,13.0,7,2023,4,22
0.6794947385787964,5.999999523162842,25.0,7,2023,4,22
0.1187143996357917,14.000000953674316,29.0,7,2023,4,22
0.7774274349212646,0.5999999046325684,30.0,7,2023,4,22
1.1269174814224243,8.399998664855957,32.0,7,2023,4,22
1.3586347103118896,1.999999761581421,37.0,7,2023,4,22
0.1118794977664947,0.9999998807907104,38.0,7,2023,4,22
1.2129534482955933,16.0,39.0,7,2023,4,22
1.8266818523406985,0.0,44.0,7,2023,4,22
5.229342937469482,15.0,5.0,1,2023,4,25
7.510875225067139,1.999999761581421,9.0,1,2023,4,25
4.561424255371094,1.999999761581421,11.0,1,2023,4,25
6.6720075607299805,9.0,13.0,1,2023,4,25
6.900782108306885,8.0,25.0,1,2023,4,25
5.588126182556152,7.0,29.0,1,2023,4,25
5.347082138061523,0.5,30.0,1,2023,4,25
5.538143157958984,0.0,32.0,1,2023,4,25
5.082014083862305,12.000001907348633,37.0,1,2023,4,25
5.357000827789307,0.0,38.0,1,2023,4,25
4.124236106872559,0.9999998807907104,39.0,1,2023,4,25
5.70015287399292,0.4000000953674316,44.0,1,2023,4,25
3.238147497177124,23.0,5.0,2,2023,4,25
5.591459274291992,10.000000953674316,9.0,2,2023,4,25
9.068181037902832,12.000001907348633,11.0,2,2023,4,25
7.629815578460693,13.000000953674316,13.0,2,2023,4,25
3.875320911407471,9.0,25.0,2,2023,4,25
5.670997142791748,26.00000762939453,29.0,2,2023,4,25
2.219480514526367,14.000000953674316,30.0,2,2023,4,25
1.769097089767456,7.0,32.0,2,2023,4,25
1.4400709867477417,10.000000953674316,37.0,2,2023,4,25
1.806969165802002,18.000003814697266,38.0,2,2023,4,25
1.172458291053772,0.9999998807907104,39.0,2,2023,4,25
1.4282443523406982,2.6000001430511475,44.0,2,2023,4,25
2.2712345123291016,0.0,5.0,3,2023,4,25
4.779364585876465,4.0,9.0,3,2023,4,25
3.711942195892334,0.0,11.0,3,2023,4,25
4.772207736968994,0.0999999120831489,13.0,3,2023,4,25
2.9369685649871826,8.0,25.0,3,2023,4,25
2.181225061416626,0.2000000178813934,29.0,3,2023,4,25
2.029057264328003,0.0,30.0,3,2023,4,25
1.679260015487671,0.0,32.0,3,2023,4,25
2.0278940200805664,0.0,37.0,3,2023,4,25
1.4860827922821045,0.0,38.0,3,2023,4,25
1.5681977272033691,0.5999999046325684,39.0,3,2023,4,25
1.715953350067139,0.0,44.0,3,2023,4,25
2.6607894897460938,5.0,5.0,4,2023,4,25
6.871863842010498,13.000000953674316,9.0,4,2023,4,25
2.911389112472534,0.0,11.0,4,2023,4,25
4.823176860809326,4.0,13.0,4,2023,4,25
3.971968173980713,5.999999523162842,25.0,4,2023,4,25
2.1136908531188965,14.000000953674316,29.0,4,2023,4,25
5.933225154876709,0.5999999046325684,30.0,4,2023,4,25
5.6971282958984375,8.399998664855957,32.0,4,2023,4,25
4.9638752937316895,1.999999761581421,37.0,4,2023,4,25
2.766641616821289,0.9999998807907104,38.0,4,2023,4,25
4.558741569519043,16.0,39.0,4,2023,4,25
5.74729061126709,0.0,44.0,4,2023,4,25
13.040691375732422,33.0,5.0,5,2023,4,25
18.65523910522461,38.00000762939453,9.0,5,2023,4,25
16.704864501953125,13.000000953674316,11.0,5,2023,4,25
22.66847038269043,22.0000057220459,13.0,5,2023,4,25
13.868192672729492,54.00000381469727,25.0,5,2023,4,25
13.008913040161133,10.000000953674316,29.0,5,2023,4,25
10.2767333984375,36.399993896484375,30.0,5,2023,4,25
14.422999382019045,22.0000057220459,32.0,5,2023,4,25
10.947723388671877,26.00000762939453,37.0,5,2023,4,25
11.093073844909668,20.99999618530273,38.0,5,2023,4,25
10.022286415100098,14.000000953674316,39.0,5,2023,4,25
12.524358749389648,23.0,44.0,5,2023,4,25
7.498585224151611,3.200000286102295,5.0,6,2023,4,25
18.146818161010746,0.9999998807907104,9.0,6,2023,4,25
12.818371772766112,11.0,11.0,6,2023,4,25
17.7216854095459,0.9999998807907104,13.0,6,2023,4,25
7.603185176849365,7.1999993324279785,25.0,6,2023,4,25
7.928724765777588,5.999999523162842,29.0,6,2023,4,25
4.775875091552734,5.999999523162842,30.0,6,2023,4,25
5.257159233093262,1.999999761581421,32.0,6,2023,4,25
4.455478668212891,1.999999761581421,37.0,6,2023,4,25
5.117575645446777,5.999999523162842,38.0,6,2023,4,25
3.456786155700684,5.0,39.0,6,2023,4,25
2.712152004241944,8.0,44.0,6,2023,4,25
2.6964757442474365,0.0,5.0,7,2023,4,25
6.92257833480835,0.0,9.0,7,2023,4,25
5.04205322265625,0.0,11.0,7,2023,4,25
6.723491191864014,0.0,13.0,7,2023,4,25
3.315151691436768,0.0,25.0,7,2023,4,25
2.7744531631469727,0.0,29.0,7,2023,4,25
2.960074186325073,0.0,30.0,7,2023,4,25
2.8553950786590576,0.0999999120831489,32.0,7,2023,4,25
2.4914441108703613,0.0,37.0,7,2023,4,25
1.836255669593811,0.0,38.0,7,2023,4,25
1.7703452110290527,0.0,39.0,7,2023,4,25
2.3302505016326904,0.0,44.0,7,2023,4,25
14.732669830322266,33.0,5.0,1,2023,4,29
17.80042839050293,38.00000762939453,9.0,1,2023,4,29
19.21891021728516,13.000000953674316,11.0,1,2023,4,29
20.42698860168457,22.0000057220459,13.0,1,2023,4,29
17.050952911376953,54.00000381469727,25.0,1,2023,4,29
18.56442070007324,10.000000953674316,29.0,1,2023,4,29
11.850032806396484,36.399993896484375,30.0,1,2023,4,29
11.500495910644531,22.0000057220459,32.0,1,2023,4,29
10.776928901672363,26.00000762939453,37.0,1,2023,4,29
13.625818252563477,20.99999618530273,38.0,1,2023,4,29
8.585895538330078,14.000000953674316,39.0,1,2023,4,29
10.883771896362305,23.0,44.0,1,2023,4,29
5.570008277893066,3.200000286102295,5.0,2,2023,4,29
11.16401195526123,0.9999998807907104,9.0,2,2023,4,29
10.813095092773438,11.0,11.0,2,2023,4,29
10.412038803100586,0.9999998807907104,13.0,2,2023,4,29
5.932671546936035,7.1999993324279785,25.0,2,2023,4,29
6.055760860443115,5.999999523162842,29.0,2,2023,4,29
3.115397930145264,5.999999523162842,30.0,2,2023,4,29
2.5771231651306152,1.999999761581421,32.0,2,2023,4,29
2.6744892597198486,1.999999761581421,37.0,2,2023,4,29
3.3776652812957764,5.999999523162842,38.0,2,2023,4,29
2.116302490234375,5.0,39.0,2,2023,4,29
1.8283947706222532,8.0,44.0,2,2023,4,29
5.021789073944092,0.0,5.0,3,2023,4,29
14.067005157470703,0.0,9.0,3,2023,4,29
10.116458892822266,0.0,11.0,3,2023,4,29
13.963923454284668,0.0,13.0,3,2023,4,29
5.867018699645996,0.0,25.0,3,2023,4,29
4.972382068634033,0.0,29.0,3,2023,4,29
3.356675386428833,0.0,30.0,3,2023,4,29
2.7186532020568848,0.0999999120831489,32.0,3,2023,4,29
3.3069093227386475,0.0,37.0,3,2023,4,29
2.8242974281311035,0.0,38.0,3,2023,4,29
2.713219165802002,0.0,39.0,3,2023,4,29
2.855878591537476,0.0,44.0,3,2023,4,29
1.5302950143814087,0.0,5.0,4,2023,4,29
5.972218990325928,1.999999761581421,9.0,4,2023,4,29
4.737128257751465,1.999999761581421,11.0,4,2023,4,29
6.24202299118042,4.0,13.0,4,2023,4,29
2.164282321929932,0.4000000953674316,25.0,4,2023,4,29
1.4932633638381958,3.399999618530273,29.0,4,2023,4,29
2.061053514480591,0.0999999120831489,30.0,4,2023,4,29
1.4887495040893557,0.0,32.0,4,2023,4,29
1.6285908222198486,0.2000000178813934,37.0,4,2023,4,29
0.6428210139274597,0.0,38.0,4,2023,4,29
1.4867839813232422,0.0,39.0,4,2023,4,29
1.8323856592178345,0.4000000953674316,44.0,4,2023,4,29
0.522628664970398,0.0,5.0,5,2023,4,29
0.997215449810028,0.0,9.0,5,2023,4,29
0.6993515491485596,0.0,11.0,5,2023,4,29
0.9934297800064088,0.0,13.0,5,2023,4,29
1.1256462335586548,0.0,25.0,5,2023,4,29
0.3885183930397033,0.0,29.0,5,2023,4,29
1.1396163702011108,0.0,30.0,5,2023,4,29
0.8712960481643677,0.0,32.0,5,2023,4,29
1.1780515909194946,0.0,37.0,5,2023,4,29
0.3889390826225281,0.2000000178813934,38.0,5,2023,4,29
1.126304268836975,0.0,39.0,5,2023,4,29
1.5538594722747805,0.0,44.0,5,2023,4,29
0.1134936213493347,0.0,5.0,6,2023,4,29
0.4863329529762268,0.0,9.0,6,2023,4,29
0.0361979193985462,0.0,11.0,6,2023,4,29
0.3815456926822662,0.0,13.0,6,2023,4,29
0.5167490839958191,0.0,25.0,6,2023,4,29
0.0,0.0,29.0,6,2023,4,29
0.3077602386474609,0.0,30.0,6,2023,4,29
0.0,0.0,32.0,6,2023,4,29
0.2526723146438598,0.0,37.0,6,2023,4,29
0.0,0.0,38.0,6,2023,4,29
0.2647953927516937,0.0,39.0,6,2023,4,29
0.2648395001888275,0.0,44.0,6,2023,4,29
0.01454309374094,0.0,5.0,7,2023,4,29
0.2721850872039795,0.0,9.0,7,2023,4,29
0.0,0.0,11.0,7,2023,4,29
0.1799149215221405,0.0,13.0,7,2023,4,29
0.3206852972507477,0.0,25.0,7,2023,4,29
0.0,0.0,29.0,7,2023,4,29
0.0065879123285412,0.0,30.0,7,2023,4,29
0.0,0.0,32.0,7,2023,4,29
0.0,0.0,37.0,7,2023,4,29
0.0,0.0,38.0,7,2023,4,29
0.0,0.0,39.0,7,2023,4,29
0.0,0.0,44.0,7,2023,4,29
5.329426288604736,0.0,5.0,1,2023,5,2
11.2542724609375,1.999999761581421,9.0,1,2023,5,2
11.665517807006836,1.999999761581421,11.0,1,2023,5,2
12.05250358581543,4.0,13.0,1,2023,5,2
6.2172040939331055,0.4000000953674316,25.0,1,2023,5,2
5.92706298828125,3.399999618530273,29.0,1,2023,5,2
4.199711322784424,0.0999999120831489,30.0,1,2023,5,2
4.283708095550537,0.0,32.0,1,2023,5,2
4.635570526123047,0.2000000178813934,37.0,1,2023,5,2
3.551099300384521,0.0,38.0,1,2023,5,2
4.098047256469727,0.0,39.0,1,2023,5,2
3.7601044178009033,0.4000000953674316,44.0,1,2023,5,2
0.2506230771541595,0.0,5.0,2,2023,5,2
0.5957539677619934,0.0,9.0,2,2023,5,2
0.4242501258850097,0.0,11.0,2,2023,5,2
0.5906957983970642,0.0,13.0,2,2023,5,2
0.5516367554664612,0.0,25.0,2,2023,5,2
0.1491602957248687,0.0,29.0,2,2023,5,2
0.6122883558273315,0.0,30.0,2,2023,5,2
0.388137012720108,0.0,32.0,2,2023,5,2
0.6003814935684204,0.0,37.0,2,2023,5,2
0.0331644900143146,0.2000000178813934,38.0,2,2023,5,2
0.4627302885055542,0.0,39.0,2,2023,5,2
0.828921377658844,0.0,44.0,2,2023,5,2
0.0,0.0,5.0,3,2023,5,2
0.0960822403430938,0.0,9.0,3,2023,5,2
0.0,0.0,11.0,3,2023,5,2
0.0670395046472549,0.0,13.0,3,2023,5,2
0.1439980566501617,0.0,25.0,3,2023,5,2
0.0,0.0,29.0,3,2023,5,2
0.0,0.0,30.0,3,2023,5,2
0.0,0.0,32.0,3,2023,5,2
0.0185784455388784,0.0,37.0,3,2023,5,2
0.0,0.0,38.0,3,2023,5,2
0.0044097970239818,0.0,39.0,3,2023,5,2
0.0813104435801506,0.0,44.0,3,2023,5,2
0.0,0.0,5.0,4,2023,5,2
0.2544423937797546,0.0,9.0,4,2023,5,2
0.0,0.0,11.0,4,2023,5,2
0.2076086848974228,0.0,13.0,4,2023,5,2
0.1726450771093368,0.0,25.0,4,2023,5,2
0.0,0.0,29.0,4,2023,5,2
0.0,0.0,30.0,4,2023,5,2
0.0,0.0,32.0,4,2023,5,2
0.0,0.0,37.0,4,2023,5,2
0.0,0.0,38.0,4,2023,5,2
0.0,0.0,39.0,4,2023,5,2
0.0,0.0,44.0,4,2023,5,2
0.0,0.0,5.0,5,2023,5,2
0.1311529278755188,0.0,9.0,5,2023,5,2
0.0,0.0,11.0,5,2023,5,2
0.0846792981028556,0.0,13.0,5,2023,5,2
0.2701136469841003,0.0,25.0,5,2023,5,2
0.0,0.0,29.0,5,2023,5,2
0.0,0.0,30.0,5,2023,5,2
0.0,0.0,32.0,5,2023,5,2
0.0,0.0,37.0,5,2023,5,2
0.0,0.0,38.0,5,2023,5,2
0.0,0.0,39.0,5,2023,5,2
0.0334630906581878,0.0,44.0,5,2023,5,2
0.8285658359527588,0.0,5.0,6,2023,5,2
1.313708782196045,0.0,9.0,6,2023,5,2
1.6930246353149414,0.0,11.0,6,2023,5,2
2.60732364654541,0.0,13.0,6,2023,5,2
4.48773193359375,0.0,25.0,6,2023,5,2
1.9803404808044436,0.0,29.0,6,2023,5,2
3.478593587875366,0.0,30.0,6,2023,5,2
5.478850841522217,0.0,32.0,6,2023,5,2
3.1263175010681152,0.0,37.0,6,2023,5,2
4.155723571777344,0.0,38.0,6,2023,5,2
4.389219284057617,0.0,39.0,6,2023,5,2
7.143362998962402,0.0,44.0,6,2023,5,2
6.579295158386231,7.0,5.0,7,2023,5,2
12.126672744750977,5.999999523162842,9.0,7,2023,5,2
7.370418548583984,0.0,11.0,7,2023,5,2
11.508174896240234,0.9999998807907104,13.0,7,2023,5,2
8.21812915802002,7.0,25.0,7,2023,5,2
5.162923812866211,3.0,29.0,7,2023,5,2
5.196832656860352,0.0,30.0,7,2023,5,2
8.157485961914062,8.0,32.0,7,2023,5,2
8.337881088256836,0.0,37.0,7,2023,5,2
4.312550067901611,1.999999761581421,38.0,7,2023,5,2
7.995388031005859,0.5999999046325684,39.0,7,2023,5,2
8.403056144714355,3.0,44.0,7,2023,5,2
0.0,0.0,5.0,1,2023,5,6
0.0451546013355255,0.0,9.0,1,2023,5,6
0.0,0.0,11.0,1,2023,5,6
0.0598724149167537,0.0,13.0,1,2023,5,6
0.097837746143341,0.0,25.0,1,2023,5,6
0.0,0.0,29.0,1,2023,5,6
0.0,0.0,30.0,1,2023,5,6
0.0,0.0,32.0,1,2023,5,6
0.0,0.0,37.0,1,2023,5,6
0.0,0.0,38.0,1,2023,5,6
0.0,0.0,39.0,1,2023,5,6
0.0166717655956745,0.0,44.0,1,2023,5,6
2.318538188934326,0.0,5.0,2,2023,5,6
2.3970694541931152,0.0,9.0,2,2023,5,6
1.5032134056091309,0.0,11.0,2,2023,5,6
2.1552248001098637,0.0,13.0,2,2023,5,6
2.956247091293335,0.0,25.0,2,2023,5,6
1.6961522102355957,0.0,29.0,2,2023,5,6
3.436814069747925,0.0,30.0,2,2023,5,6
6.349489212036133,0.0,32.0,2,2023,5,6
4.899951934814453,0.0,37.0,2,2023,5,6
2.768224239349365,0.0,38.0,2,2023,5,6
6.858282089233398,0.0,39.0,2,2023,5,6
8.679530143737793,0.0,44.0,2,2023,5,6
11.084965705871582,7.0,5.0,3,2023,5,6
14.93570327758789,5.999999523162842,9.0,3,2023,5,6
8.29772663116455,0.0,11.0,3,2023,5,6
12.573204040527344,0.9999998807907104,13.0,3,2023,5,6
12.473255157470703,7.0,25.0,3,2023,5,6
11.098881721496582,3.0,29.0,3,2023,5,6
6.008398532867432,0.0,30.0,3,2023,5,6
8.092836380004883,8.0,32.0,3,2023,5,6
5.926944732666016,0.0,37.0,3,2023,5,6
6.629171848297119,1.999999761581421,38.0,3,2023,5,6
5.654292583465576,0.5999999046325684,39.0,3,2023,5,6
6.596658706665039,3.0,44.0,3,2023,5,6
9.354052543640137,5.999999523162842,5.0,4,2023,5,6
20.62871551513672,6.299999237060547,9.0,4,2023,5,6
14.66303825378418,11.0,11.0,4,2023,5,6
17.830196380615234,29.600000381469727,13.0,4,2023,5,6
9.285091400146484,0.9999998807907104,25.0,4,2023,5,6
10.455957412719728,0.0,29.0,4,2023,5,6
4.984367847442627,0.0,30.0,4,2023,5,6
4.955214977264404,0.0,32.0,4,2023,5,6
4.362248420715332,0.0,37.0,4,2023,5,6
5.403642654418945,0.0,38.0,4,2023,5,6
3.3619635105133057,0.0,39.0,4,2023,5,6
3.2123751640319824,0.0,44.0,4,2023,5,6
6.598638534545898,15.0,5.0,5,2023,5,6
15.200279235839844,0.0,9.0,5,2023,5,6
14.299606323242188,0.0999999120831489,11.0,5,2023,5,6
14.445523262023926,0.0,13.0,5,2023,5,6
9.828415870666504,18.000003814697266,25.0,5,2023,5,6
5.765707969665527,13.000000953674316,29.0,5,2023,5,6
5.889191150665283,4.200000762939453,30.0,5,2023,5,6
6.238563537597656,45.0,32.0,5,2023,5,6
5.14699649810791,8.0,37.0,5,2023,5,6
4.685910224914551,6.399999141693115,38.0,5,2023,5,6
6.265091419219971,9.0,39.0,5,2023,5,6
6.341445446014404,17.0,44.0,5,2023,5,6
19.18603515625,0.0,5.0,6,2023,5,6
31.141822814941406,37.0,9.0,6,2023,5,6
25.57324981689453,19.99999618530273,11.0,6,2023,5,6
31.394454956054688,87.00000762939453,13.0,6,2023,5,6
22.562152862548828,0.0,25.0,6,2023,5,6
16.322345733642578,0.0,29.0,6,2023,5,6
10.161473274230955,0.0,30.0,6,2023,5,6
14.285061836242676,10.000000953674316,32.0,6,2023,5,6
11.14692497253418,0.0,37.0,6,2023,5,6
11.462969779968262,0.0,38.0,6,2023,5,6
9.59031105041504,0.0,39.0,6,2023,5,6
12.813628196716309,1.1000001430511477,44.0,6,2023,5,6
7.836368083953857,5.0,5.0,7,2023,5,6
17.062353134155273,7.0,9.0,7,2023,5,6
20.378847122192383,7.0,11.0,7,2023,5,6
20.030900955200195,9.0,13.0,7,2023,5,6
8.800848960876465,3.399999618530273,25.0,7,2023,5,6
9.812253952026367,3.0,29.0,7,2023,5,6
5.107583045959473,0.9999998807907104,30.0,7,2023,5,6
6.30584192276001,0.0999999120831489,32.0,7,2023,5,6
6.388840198516846,0.4000000953674316,37.0,7,2023,5,6
4.093642234802246,0.8999999761581421,38.0,7,2023,5,6
4.248932838439941,0.5,39.0,7,2023,5,6
5.058048248291016,0.3000000715255737,44.0,7,2023,5,6
11.652175903320312,5.999999523162842,5.0,1,2023,5,9
20.878318786621094,6.299999237060547,9.0,1,2023,5,9
20.283058166503903,11.0,11.0,1,2023,5,9
21.92034149169922,29.600000381469727,13.0,1,2023,5,9
11.468884468078612,0.9999998807907104,25.0,1,2023,5,9
11.956184387207031,0.0,29.0,1,2023,5,9
7.551426887512207,0.0,30.0,1,2023,5,9
7.579226493835449,0.0,32.0,1,2023,5,9
7.065513610839844,0.0,37.0,1,2023,5,9
7.318624496459961,0.0,38.0,1,2023,5,9
4.897854804992676,0.0,39.0,1,2023,5,9
3.98708438873291,0.0,44.0,1,2023,5,9
5.194619655609131,15.0,5.0,2,2023,5,9
7.995420455932617,0.0,9.0,2,2023,5,9
7.441983699798584,0.0999999120831489,11.0,2,2023,5,9
7.983148097991943,0.0,13.0,2,2023,5,9
7.218460083007812,18.000003814697266,25.0,2,2023,5,9
5.462792873382568,13.000000953674316,29.0,2,2023,5,9
5.997511863708496,4.200000762939453,30.0,2,2023,5,9
6.94138765335083,45.0,32.0,2,2023,5,9
5.550901412963867,8.0,37.0,2,2023,5,9
4.31547737121582,6.399999141693115,38.0,2,2023,5,9
6.771553993225098,9.0,39.0,2,2023,5,9
8.380766868591309,17.0,44.0,2,2023,5,9
13.84096908569336,0.0,5.0,3,2023,5,9
15.375680923461914,37.0,9.0,3,2023,5,9
18.915327072143555,19.99999618530273,11.0,3,2023,5,9
17.846176147460938,87.00000762939453,13.0,3,2023,5,9
14.573079109191896,0.0,25.0,3,2023,5,9
13.206287384033203,0.0,29.0,3,2023,5,9
9.91865062713623,0.0,30.0,3,2023,5,9
15.213869094848633,10.000000953674316,32.0,3,2023,5,9
8.239850997924805,0.0,37.0,3,2023,5,9
9.177153587341309,0.0,38.0,3,2023,5,9
9.72996711730957,0.0,39.0,3,2023,5,9
15.82241439819336,1.1000001430511477,44.0,3,2023,5,9
7.322579860687256,5.0,5.0,4,2023,5,9
9.82002067565918,7.0,9.0,4,2023,5,9
13.631584167480469,7.0,11.0,4,2023,5,9
13.179960250854492,9.0,13.0,4,2023,5,9
9.098910331726074,3.399999618530273,25.0,4,2023,5,9
8.222655296325684,3.0,29.0,4,2023,5,9
7.13089656829834,0.9999998807907104,30.0,4,2023,5,9
8.342798233032227,0.0999999120831489,32.0,4,2023,5,9
5.650318622589111,0.4000000953674316,37.0,4,2023,5,9
5.165595531463623,0.8999999761581421,38.0,4,2023,5,9
4.833282470703125,0.5,39.0,4,2023,5,9
9.683355331420898,0.3000000715255737,44.0,4,2023,5,9
11.536155700683594,14.000000953674316,5.0,5,2023,5,9
13.67745876312256,14.000000953674316,9.0,5,2023,5,9
13.564251899719238,12.000001907348633,11.0,5,2023,5,9
13.759770393371582,18.000003814697266,13.0,5,2023,5,9
10.663524627685549,11.0,25.0,5,2023,5,9
11.09306526184082,16.0,29.0,5,2023,5,9
7.019574165344238,7.0,30.0,5,2023,5,9
6.685185432434082,6.299999237060547,32.0,5,2023,5,9
6.545220375061035,3.1000001430511475,37.0,5,2023,5,9
8.072619438171387,3.0,38.0,5,2023,5,9
4.676424980163574,0.9999998807907104,39.0,5,2023,5,9
5.470921516418457,2.499999761581421,44.0,5,2023,5,9
6.817070960998535,8.0,5.0,6,2023,5,9
9.29055404663086,0.0,9.0,6,2023,5,9
8.184910774230957,7.0,11.0,6,2023,5,9
10.997304916381836,11.0,13.0,6,2023,5,9
7.693131923675537,5.999999523162842,25.0,6,2023,5,9
7.877718925476074,12.000001907348633,29.0,6,2023,5,9
4.628645896911621,10.000000953674316,30.0,6,2023,5,9
3.634497165679932,11.0,32.0,6,2023,5,9
4.026664733886719,5.999999523162842,37.0,6,2023,5,9
3.583930969238281,9.0,38.0,6,2023,5,9
3.580380439758301,3.0,39.0,6,2023,5,9
4.1345415115356445,1.899999976158142,44.0,6,2023,5,9
3.0696589946746826,1.1000001430511477,5.0,7,2023,5,9
7.601080894470215,26.00000762939453,9.0,7,2023,5,9
8.162611961364746,0.0,11.0,7,2023,5,9
9.80390167236328,12.000001907348633,13.0,7,2023,5,9
4.37367057800293,1.1000001430511477,25.0,7,2023,5,9
2.597724437713623,0.0,29.0,7,2023,5,9
3.155412197113037,5.999999523162842,30.0,7,2023,5,9
3.0081095695495605,4.0,32.0,7,2023,5,9
2.8504042625427246,0.0,37.0,7,2023,5,9
1.747976541519165,0.0,38.0,7,2023,5,9
3.742617130279541,12.000001907348633,39.0,7,2023,5,9
4.424953937530518,0.0,44.0,7,2023,5,9
7.975513935089111,14.000000953674316,5.0,1,2023,5,13
17.756362915039062,14.000000953674316,9.0,1,2023,5,13
20.145565032958984,12.000001907348633,11.0,1,2023,5,13
18.932945251464844,18.000003814697266,13.0,1,2023,5,13
7.008755683898926,11.0,25.0,1,2023,5,13
9.232234001159668,16.0,29.0,1,2023,5,13
3.39708948135376,7.0,30.0,1,2023,5,13
3.042701005935669,6.299999237060547,32.0,1,2023,5,13
2.650214195251465,3.1000001430511475,37.0,1,2023,5,13
2.0786023139953613,3.0,38.0,1,2023,5,13
2.0052120685577397,0.9999998807907104,39.0,1,2023,5,13
1.4658427238464355,2.499999761581421,44.0,1,2023,5,13
8.744071006774902,8.0,5.0,2,2023,5,13
8.18856143951416,0.0,9.0,2,2023,5,13
9.324237823486328,7.0,11.0,2,2023,5,13
10.159313201904297,11.0,13.0,2,2023,5,13
8.813934326171875,5.999999523162842,25.0,2,2023,5,13
9.633081436157228,12.000001907348633,29.0,2,2023,5,13
4.898561477661133,10.000000953674316,30.0,2,2023,5,13
2.8804099559783936,11.0,32.0,2,2023,5,13
4.724942207336426,5.999999523162842,37.0,2,2023,5,13
5.1857452392578125,9.0,38.0,2,2023,5,13
3.3090689182281494,3.0,39.0,2,2023,5,13
2.9263620376586914,1.899999976158142,44.0,2,2023,5,13
2.525178909301758,1.1000001430511477,5.0,3,2023,5,13
9.707276344299316,26.00000762939453,9.0,3,2023,5,13
10.452959060668944,0.0,11.0,3,2023,5,13
11.095943450927734,12.000001907348633,13.0,3,2023,5,13
3.639164686203003,1.1000001430511477,25.0,3,2023,5,13
2.7364180088043213,0.0,29.0,3,2023,5,13
2.3754210472106934,5.999999523162842,30.0,3,2023,5,13
2.449136734008789,4.0,32.0,3,2023,5,13
2.5235037803649902,0.0,37.0,3,2023,5,13
0.8859539031982422,0.0,38.0,3,2023,5,13
2.41724157333374,12.000001907348633,39.0,3,2023,5,13
3.0672011375427246,0.0,44.0,3,2023,5,13
0.924862027168274,0.0,5.0,4,2023,5,13
1.0330452919006348,0.0,9.0,4,2023,5,13
0.8036122918128967,0.0,11.0,4,2023,5,13
1.1322332620620728,0.0,13.0,4,2023,5,13
1.336521029472351,0.0,25.0,4,2023,5,13
0.6587638854980469,0.0,29.0,4,2023,5,13
0.8961343169212341,0.0,30.0,4,2023,5,13
0.349934458732605,0.0,32.0,4,2023,5,13
0.7018882036209106,0.0,37.0,4,2023,5,13
0.5597939491271973,0.0,38.0,4,2023,5,13
0.6578359603881836,0.0,39.0,4,2023,5,13
0.6140333414077759,0.0,44.0,4,2023,5,13
0.1458248198032379,0.0,5.0,5,2023,5,13
0.5411303043365479,0.0,9.0,5,2023,5,13
0.1886075884103775,0.0,11.0,5,2023,5,13
0.3803083598613739,0.0,13.0,5,2023,5,13
0.5753999352455139,0.0,25.0,5,2023,5,13
0.0,0.0,29.0,5,2023,5,13
0.2149299532175064,0.0,30.0,5,2023,5,13
0.0,0.0,32.0,5,2023,5,13
0.1162792295217514,0.0,37.0,5,2023,5,13
0.0,0.0,38.0,5,2023,5,13
0.1534656137228012,0.0,39.0,5,2023,5,13
0.3263576626777649,0.0,44.0,5,2023,5,13
0.4420937001705169,0.0,5.0,6,2023,5,13
1.1498324871063232,0.0,9.0,6,2023,5,13
0.7794144153594971,0.0,11.0,6,2023,5,13
1.3610035181045532,0.0,13.0,6,2023,5,13
1.355977177619934,0.0,25.0,6,2023,5,13
0.3612612187862396,0.0,29.0,6,2023,5,13
1.346044898033142,0.0,30.0,6,2023,5,13
1.075857162475586,0.0,32.0,6,2023,5,13
1.3207387924194336,0.0,37.0,6,2023,5,13
0.4531043767929077,0.0,38.0,6,2023,5,13
1.181982398033142,0.0,39.0,6,2023,5,13
2.2096140384674072,0.0,44.0,6,2023,5,13
0.8469932079315186,0.0,5.0,7,2023,5,13
1.632271647453308,0.0,9.0,7,2023,5,13
1.0750900506973269,0.0,11.0,7,2023,5,13
1.8367334604263303,0.0,13.0,7,2023,5,13
2.2090003490448,0.0,25.0,7,2023,5,13
0.957223892211914,0.0,29.0,7,2023,5,13
2.3375492095947266,0.0,30.0,7,2023,5,13
2.7446095943450928,0.0,32.0,7,2023,5,13
2.4991140365600586,0.0,37.0,7,2023,5,13
1.4119503498077393,0.0,38.0,7,2023,5,13
2.5704379081726074,0.0,39.0,7,2023,5,13
4.570054054260254,0.0,44.0,7,2023,5,13
1.0747674703598022,0.0,5.0,1,2023,5,16
1.317182183265686,0.0,9.0,1,2023,5,16
1.111992597579956,0.0,11.0,1,2023,5,16
1.4538803100585938,0.0,13.0,1,2023,5,16
1.440242886543274,0.0,25.0,1,2023,5,16
0.6981759071350098,0.0,29.0,1,2023,5,16
0.8522597551345825,0.0,30.0,1,2023,5,16
0.2920716404914856,0.0,32.0,1,2023,5,16
0.6306559443473816,0.0,37.0,1,2023,5,16
0.5439444780349731,0.0,38.0,1,2023,5,16
0.6405475735664368,0.0,39.0,1,2023,5,16
0.4867761731147766,0.0,44.0,1,2023,5,16
0.10146264731884,0.0,5.0,2,2023,5,16
0.2323017716407776,0.0,9.0,2,2023,5,16
0.1042187139391899,0.0,11.0,2,2023,5,16
0.2162895947694778,0.0,13.0,2,2023,5,16
0.3622465431690216,0.0,25.0,2,2023,5,16
0.0,0.0,29.0,2,2023,5,16
0.0599540807306766,0.0,30.0,2,2023,5,16
0.0,0.0,32.0,2,2023,5,16
0.0,0.0,37.0,2,2023,5,16
0.0,0.0,38.0,2,2023,5,16
0.0,0.0,39.0,2,2023,5,16
0.0,0.0,44.0,2,2023,5,16
0.3471215367317199,0.0,5.0,3,2023,5,16
0.9040327072143556,0.0,9.0,3,2023,5,16
0.5912635326385498,0.0,11.0,3,2023,5,16
1.0422130823135376,0.0,13.0,3,2023,5,16
1.3229360580444336,0.0,25.0,3,2023,5,16
0.3186849057674408,0.0,29.0,3,2023,5,16
1.4441113471984863,0.0,30.0,3,2023,5,16
1.009203553199768,0.0,32.0,3,2023,5,16
1.236676812171936,0.0,37.0,3,2023,5,16
0.4608820080757141,0.0,38.0,3,2023,5,16
0.9858956336975098,0.0,39.0,3,2023,5,16
1.4606808423995972,0.0,44.0,3,2023,5,16
0.2494447827339172,0.0,5.0,4,2023,5,16
0.8859028816223145,0.0,9.0,4,2023,5,16
0.3508538901805877,0.0,11.0,4,2023,5,16
0.9254124760627748,0.0,13.0,4,2023,5,16
0.7318156957626343,0.0,25.0,4,2023,5,16
0.0825906991958618,0.0,29.0,4,2023,5,16
0.929459512233734,0.0,30.0,4,2023,5,16
1.3891043663024902,0.0,32.0,4,2023,5,16
1.2278342247009275,0.0,37.0,4,2023,5,16
0.2693676948547363,0.0,38.0,4,2023,5,16
1.620102047920227,0.0,39.0,4,2023,5,16
2.271423578262329,0.0,44.0,4,2023,5,16
0.2395138144493103,0.0,5.0,5,2023,5,16
0.7210060358047485,0.0,9.0,5,2023,5,16
0.3354955315589905,0.0,11.0,5,2023,5,16
0.6402097344398499,0.0,13.0,5,2023,5,16
0.8863904476165771,0.0,25.0,5,2023,5,16
0.2035572677850723,0.0,29.0,5,2023,5,16
1.0112406015396118,0.0,30.0,5,2023,5,16
0.999320387840271,0.0,32.0,5,2023,5,16
1.078292727470398,0.0,37.0,5,2023,5,16
0.3119343519210815,0.0,38.0,5,2023,5,16
1.1992813348770142,0.0,39.0,5,2023,5,16
1.9962236881256104,0.0,44.0,5,2023,5,16
0.0,0.0,5.0,6,2023,5,16
0.033181358128786,0.0,9.0,6,2023,5,16
0.0,0.0,11.0,6,2023,5,16
0.0330216363072395,0.0,13.0,6,2023,5,16
0.1694647818803787,0.0,25.0,6,2023,5,16
0.0,0.0,29.0,6,2023,5,16
0.2965394258499145,0.0,30.0,6,2023,5,16
0.1883559077978134,0.0,32.0,6,2023,5,16
0.4463779926300049,0.0,37.0,6,2023,5,16
0.0,0.0,38.0,6,2023,5,16
0.3828866481781006,0.0,39.0,6,2023,5,16
0.5620777606964111,0.0,44.0,6,2023,5,16
0.2088525891304016,0.0,5.0,7,2023,5,16
1.0111113786697388,0.0,9.0,7,2023,5,16
0.4398354887962341,0.0,11.0,7,2023,5,16
1.0474826097488403,0.0,13.0,7,2023,5,16
1.0943272113800049,0.0,25.0,7,2023,5,16
0.2231846898794174,0.0,29.0,7,2023,5,16
1.2148592472076416,0.0,30.0,7,2023,5,16
1.019092679023743,0.0,32.0,7,2023,5,16
1.2162896394729614,0.0,37.0,7,2023,5,16
0.2625126540660858,0.0,38.0,7,2023,5,16
1.056823968887329,0.0,39.0,7,2023,5,16
1.601123571395874,0.0,44.0,7,2023,5,16
0.0,0.0,5.0,1,2023,5,20
0.0,0.0,9.0,1,2023,5,20
0.0,0.0,11.0,1,2023,5,20
0.0193992648273706,0.0,13.0,1,2023,5,20
0.0943986028432846,0.0,25.0,1,2023,5,20
0.0,0.0,29.0,1,2023,5,20
0.0341616906225681,0.0,30.0,1,2023,5,20
0.0975640341639518,0.0,32.0,1,2023,5,20
0.2431215941905975,0.0,37.0,1,2023,5,20
0.0,0.0,38.0,1,2023,5,20
0.3469579517841339,0.0,39.0,1,2023,5,20
0.6525039672851562,0.0,44.0,1,2023,5,20
0.0,0.0,5.0,2,2023,5,20
0.0,0.0,9.0,2,2023,5,20
0.0,0.0,11.0,2,2023,5,20
0.0,0.0,13.0,2,2023,5,20
0.0,0.0,25.0,2,2023,5,20
0.0,0.0,29.0,2,2023,5,20
0.0,0.0,30.0,2,2023,5,20
0.0,0.0,32.0,2,2023,5,20
0.0,0.0,37.0,2,2023,5,20
0.0,0.0,38.0,2,2023,5,20
0.0,0.0,39.0,2,2023,5,20
0.0,0.0,44.0,2,2023,5,20
0.3912485837936401,0.0,5.0,3,2023,5,20
0.7991472482681274,0.0,9.0,3,2023,5,20
0.4567306637763977,0.0,11.0,3,2023,5,20
0.8871901631355286,0.0,13.0,3,2023,5,20
1.4331210851669312,0.0,25.0,3,2023,5,20
0.5485267639160156,0.0,29.0,3,2023,5,20
1.8954482078552248,0.0,30.0,3,2023,5,20
5.527917861938477,0.0,32.0,3,2023,5,20
3.1298999786376958,0.0,37.0,3,2023,5,20
1.373770236968994,0.0,38.0,3,2023,5,20
7.36658763885498,0.0,39.0,3,2023,5,20
9.302191734313965,0.0,44.0,3,2023,5,20
1.244890809059143,0.0,5.0,4,2023,5,20
2.074739456176758,0.0,9.0,4,2023,5,20
0.8883020877838135,0.0,11.0,4,2023,5,20
1.904601573944092,0.0,13.0,4,2023,5,20
2.0993552207946777,0.0,25.0,4,2023,5,20
0.8097324967384338,0.0,29.0,4,2023,5,20
3.3671422004699707,0.0,30.0,4,2023,5,20
3.939839363098145,53.00000381469727,32.0,4,2023,5,20
3.4452714920043945,0.0,37.0,4,2023,5,20
1.2685496807098389,0.0,38.0,4,2023,5,20
3.8834149837493896,0.0,39.0,4,2023,5,20
5.74461555480957,0.0999999120831489,44.0,4,2023,5,20
5.58436918258667,0.0,5.0,5,2023,5,20
5.486819267272949,16.0,9.0,5,2023,5,20
5.852921009063721,4.0,11.0,5,2023,5,20
6.65764045715332,38.00000762939453,13.0,5,2023,5,20
6.6080708503723145,0.0,25.0,5,2023,5,20
4.615706920623779,1.1000001430511477,29.0,5,2023,5,20
5.720722198486328,0.0,30.0,5,2023,5,20
8.638895034790039,5.0,32.0,5,2023,5,20
9.76043701171875,0.0,37.0,5,2023,5,20
6.350013256072998,4.0,38.0,5,2023,5,20
9.727689743041992,38.00000762939453,39.0,5,2023,5,20
10.931415557861328,63.90000915527344,44.0,5,2023,5,20
3.7528154850006095,7.0,5.0,6,2023,5,20
5.59997034072876,15.0,9.0,6,2023,5,20
5.624115943908691,26.00000762939453,11.0,6,2023,5,20
6.103328704833984,0.0,13.0,6,2023,5,20
4.885053634643555,4.0,25.0,6,2023,5,20
3.058156013488769,0.0,29.0,6,2023,5,20
4.498227119445801,0.0,30.0,6,2023,5,20
5.432182788848877,0.0,32.0,6,2023,5,20
5.253176689147949,0.0,37.0,6,2023,5,20
3.229365587234497,0.0,38.0,6,2023,5,20
6.186140537261963,0.0,39.0,6,2023,5,20
6.071322441101074,13.000000953674316,44.0,6,2023,5,20
4.1723809242248535,15.0,5.0,7,2023,5,20
7.586462020874023,3.0,9.0,7,2023,5,20
7.652939796447754,2.3000001907348637,11.0,7,2023,5,20
8.246407508850098,8.0,13.0,7,2023,5,20
5.286258220672607,7.0,25.0,7,2023,5,20
4.496853351593018,11.0,29.0,7,2023,5,20
3.711236953735352,7.0,30.0,7,2023,5,20
4.324299335479736,0.6999999284744263,32.0,7,2023,5,20
3.567636489868164,5.0,37.0,7,2023,5,20
3.495143175125122,15.0,38.0,7,2023,5,20
3.283408641815185,45.0,39.0,7,2023,5,20
4.386172294616699,4.0,44.0,7,2023,5,20
0.70551997423172,0.0,5.0,1,2023,5,23
1.287126064300537,0.0,9.0,1,2023,5,23
0.8982141017913818,0.0,11.0,1,2023,5,23
1.3539328575134275,0.0,13.0,1,2023,5,23
1.839898467063904,0.0,25.0,1,2023,5,23
0.6037322282791138,0.0,29.0,1,2023,5,23
3.595322132110596,0.0,30.0,1,2023,5,23
9.130204200744627,53.00000381469727,32.0,1,2023,5,23
6.686938762664795,0.0,37.0,1,2023,5,23
1.8248728513717647,0.0,38.0,1,2023,5,23
10.76893424987793,0.0,39.0,1,2023,5,23
12.553226470947266,0.0999999120831489,44.0,1,2023,5,23
1.9545990228652956,0.0,5.0,2,2023,5,23
2.980656862258911,16.0,9.0,2,2023,5,23
2.315084457397461,4.0,11.0,2,2023,5,23
2.8365018367767334,38.00000762939453,13.0,2,2023,5,23
3.1841917037963867,0.0,25.0,2,2023,5,23
1.6979191303253174,1.1000001430511477,29.0,2,2023,5,23
4.419089317321777,0.0,30.0,2,2023,5,23
4.3093767166137695,5.0,32.0,2,2023,5,23
4.550467014312744,0.0,37.0,2,2023,5,23
2.354950189590454,4.0,38.0,2,2023,5,23
3.656994819641113,38.00000762939453,39.0,2,2023,5,23
5.737410545349121,63.90000915527344,44.0,2,2023,5,23
4.647615432739258,7.0,5.0,3,2023,5,23
6.3087897300720215,15.0,9.0,3,2023,5,23
5.667262077331543,26.00000762939453,11.0,3,2023,5,23
6.284993171691895,0.0,13.0,3,2023,5,23
6.182039260864258,4.0,25.0,3,2023,5,23
4.575334548950195,0.0,29.0,3,2023,5,23
6.246608734130859,0.0,30.0,3,2023,5,23
8.120514869689941,0.0,32.0,3,2023,5,23
6.889649868011475,0.0,37.0,3,2023,5,23
5.092399597167969,0.0,38.0,3,2023,5,23
9.069328308105469,0.0,39.0,3,2023,5,23
10.298290252685549,13.000000953674316,44.0,3,2023,5,23
4.769284725189209,15.0,5.0,4,2023,5,23
6.701627254486084,3.0,9.0,4,2023,5,23
7.711668491363525,2.3000001907348637,11.0,4,2023,5,23
8.353813171386719,8.0,13.0,4,2023,5,23
5.919003963470459,7.0,25.0,4,2023,5,23
4.011137962341309,11.0,29.0,4,2023,5,23
6.035135746002197,7.0,30.0,4,2023,5,23
6.955277919769287,0.6999999284744263,32.0,4,2023,5,23
6.756345272064209,5.0,37.0,4,2023,5,23
4.79710865020752,15.0,38.0,4,2023,5,23
8.18425178527832,45.0,39.0,4,2023,5,23
8.431159019470215,4.0,44.0,4,2023,5,23
2.9318904876708984,0.0,5.0,5,2023,5,23
5.791321754455566,4.0,9.0,5,2023,5,23
3.34386682510376,0.0,11.0,5,2023,5,23
4.744172096252441,0.0,13.0,5,2023,5,23
3.763731241226196,0.0,25.0,5,2023,5,23
2.224564552307129,0.0999999120831489,29.0,5,2023,5,23
3.1169981956481934,1.999999761581421,30.0,5,2023,5,23
2.833789348602295,19.0,32.0,5,2023,5,23
2.969059705734253,0.0,37.0,5,2023,5,23
2.689300775527954,0.0,38.0,5,2023,5,23
2.7379446029663086,1.3999998569488523,39.0,5,2023,5,23
3.424208164215088,0.5999999046325684,44.0,5,2023,5,23
1.7178072929382324,5.0,5.0,6,2023,5,23
4.421720504760742,0.9999998807907104,9.0,6,2023,5,23
3.101250648498535,0.0,11.0,6,2023,5,23
4.731722831726074,7.0,13.0,6,2023,5,23
2.999790668487549,8.0,25.0,6,2023,5,23
2.1538476943969727,9.899999618530272,29.0,6,2023,5,23
2.836281538009644,0.0,30.0,6,2023,5,23
1.881233811378479,0.0,32.0,6,2023,5,23
1.79242742061615,0.0,37.0,6,2023,5,23
1.8323755264282229,0.0,38.0,6,2023,5,23
1.7162221670150757,0.0,39.0,6,2023,5,23
2.839982509613037,0.0,44.0,6,2023,5,23
0.552754819393158,0.0,5.0,7,2023,5,23
0.8482454419136047,0.0,9.0,7,2023,5,23
0.6987117528915405,0.6999999284744263,11.0,7,2023,5,23
0.926719605922699,4.0,13.0,7,2023,5,23
1.0365113019943235,0.0,25.0,7,2023,5,23
0.6086992025375366,0.0,29.0,7,2023,5,23
0.655933141708374,0.0,30.0,7,2023,5,23
0.8522304892539978,0.0,32.0,7,2023,5,23
0.9715324640274048,0.0,37.0,7,2023,5,23
0.4521015584468841,0.0,38.0,7,2023,5,23
0.914195954799652,0.0,39.0,7,2023,5,23
1.8920300006866453,0.0,44.0,7,2023,5,23
2.601184368133545,0.0,5.0,1,2023,5,27
3.06680965423584,4.0,9.0,1,2023,5,27
2.791658401489258,0.0,11.0,1,2023,5,27
3.492389678955078,0.0,13.0,1,2023,5,27
3.943569660186768,0.0,25.0,1,2023,5,27
2.4030394554138184,0.0999999120831489,29.0,1,2023,5,27
3.9450650215148926,1.999999761581421,30.0,1,2023,5,27
4.725897789001465,19.0,32.0,1,2023,5,27
4.064948081970215,0.0,37.0,1,2023,5,27
2.9127209186553955,0.0,38.0,1,2023,5,27
5.094667434692383,1.3999998569488523,39.0,1,2023,5,27
5.522905826568604,0.5999999046325684,44.0,1,2023,5,27
1.937628507614136,5.0,5.0,2,2023,5,27
4.690439701080322,0.9999998807907104,9.0,2,2023,5,27
3.385655879974365,0.0,11.0,2,2023,5,27
4.086437225341797,7.0,13.0,2,2023,5,27
2.8118226528167725,8.0,25.0,2,2023,5,27
2.134523391723633,9.899999618530272,29.0,2,2023,5,27
2.39119815826416,0.0,30.0,2,2023,5,27
2.1207737922668457,0.0,32.0,2,2023,5,27
1.7631622552871704,0.0,37.0,2,2023,5,27
1.5756186246871948,0.0,38.0,2,2023,5,27
1.4327387809753418,0.0,39.0,2,2023,5,27
2.3329710960388184,0.0,44.0,2,2023,5,27
0.7288744449615479,0.0,5.0,3,2023,5,27
1.1775003671646118,0.0,9.0,3,2023,5,27
0.9123767614364624,0.6999999284744263,11.0,3,2023,5,27
1.24532151222229,4.0,13.0,3,2023,5,27
1.3466808795928955,0.0,25.0,3,2023,5,27
0.7927838563919067,0.0,29.0,3,2023,5,27
0.9823377132415771,0.0,30.0,3,2023,5,27
0.7464152574539185,0.0,32.0,3,2023,5,27
0.9702268242836,0.0,37.0,3,2023,5,27
0.7145430445671082,0.0,38.0,3,2023,5,27
0.9144648909568788,0.0,39.0,3,2023,5,27
1.4062929153442385,0.0,44.0,3,2023,5,27
4.599294662475586,0.0,5.0,4,2023,5,27
8.924631118774414,0.0,9.0,4,2023,5,27
8.852906227111816,5.0,11.0,4,2023,5,27
8.676918029785156,1.999999761581421,13.0,4,2023,5,27
5.5557708740234375,0.0,25.0,4,2023,5,27
5.609116077423096,0.0,29.0,4,2023,5,27
3.165550947189331,0.0,30.0,4,2023,5,27
3.7720305919647217,0.0,32.0,4,2023,5,27
3.163098096847534,0.0,37.0,4,2023,5,27
2.953559875488281,0.0,38.0,4,2023,5,27
3.6058759689331055,0.0,39.0,4,2023,5,27
3.45338773727417,0.0,44.0,4,2023,5,27
2.0206894874572754,0.0,5.0,5,2023,5,27
4.226014614105225,0.9999998807907104,9.0,5,2023,5,27
4.352354049682617,0.0,11.0,5,2023,5,27
4.716024398803711,19.99999618530273,13.0,5,2023,5,27
3.4592418670654297,0.0,25.0,5,2023,5,27
2.830841302871704,0.0,29.0,5,2023,5,27
2.404092311859131,9.0,30.0,5,2023,5,27
2.031657695770264,5.999999523162842,32.0,5,2023,5,27
1.6674330234527588,17.0,37.0,5,2023,5,27
0.845565676689148,8.0,38.0,5,2023,5,27
1.577576756477356,24.999998092651367,39.0,5,2023,5,27
2.5922956466674805,4.0,44.0,5,2023,5,27
3.667987823486328,0.0,5.0,6,2023,5,27
5.195782661437988,0.0999999120831489,9.0,6,2023,5,27
7.1739821434021,0.0,11.0,6,2023,5,27
8.064431190490723,0.0,13.0,6,2023,5,27
6.59959888458252,0.0,25.0,6,2023,5,27
4.1254072189331055,0.0,29.0,6,2023,5,27
4.746170997619629,19.0,30.0,6,2023,5,27
3.933590888977051,24.999998092651367,32.0,6,2023,5,27
3.927512645721436,5.0,37.0,6,2023,5,27
4.20551872253418,0.0,38.0,6,2023,5,27
4.133508682250977,17.0,39.0,6,2023,5,27
4.2575273513793945,0.0,44.0,6,2023,5,27
7.342183589935303,33.0,5.0,7,2023,5,27
12.970938682556152,10.000000953674316,9.0,7,2023,5,27
17.962970733642578,0.0,11.0,7,2023,5,27
17.37550163269043,4.0,13.0,7,2023,5,27
8.688788414001465,42.00000381469727,25.0,7,2023,5,27
7.322784423828125,3.0,29.0,7,2023,5,27
5.959992408752441,38.99999237060547,30.0,7,2023,5,27
7.00105094909668,1.999999761581421,32.0,7,2023,5,27
6.194907188415527,6.799999237060547,37.0,7,2023,5,27
4.711610794067383,32.000003814697266,38.0,7,2023,5,27
7.112131595611572,1.999999761581421,39.0,7,2023,5,27
6.6680450439453125,11.0,44.0,7,2023,5,27
1.7174930572509766,0.0,5.0,1,2023,5,30
2.748271942138672,0.0,9.0,1,2023,5,30
2.12450647354126,5.0,11.0,1,2023,5,30
2.6686654090881348,1.999999761581421,13.0,1,2023,5,30
2.507880687713623,0.0,25.0,1,2023,5,30
1.377239227294922,0.0,29.0,1,2023,5,30
1.4136605262756348,0.0,30.0,1,2023,5,30
1.4154658317565918,0.0,32.0,1,2023,5,30
1.534280776977539,0.0,37.0,1,2023,5,30
1.2910685539245603,0.0,38.0,1,2023,5,30
1.841553330421448,0.0,39.0,1,2023,5,30
2.01906967163086,0.0,44.0,1,2023,5,30
2.16847825050354,0.0,5.0,2,2023,5,30
3.1628549098968506,0.9999998807907104,9.0,2,2023,5,30
3.3951940536499023,0.0,11.0,2,2023,5,30
3.6451146602630615,19.99999618530273,13.0,2,2023,5,30
2.7535691261291504,0.0,25.0,2,2023,5,30
2.1410622596740723,0.0,29.0,2,2023,5,30
1.871375560760498,9.0,30.0,2,2023,5,30
1.5178048610687256,5.999999523162842,32.0,2,2023,5,30
1.922345757484436,17.0,37.0,2,2023,5,30
1.6510823965072632,8.0,38.0,2,2023,5,30
1.6867512464523315,24.999998092651367,39.0,2,2023,5,30
1.879488468170166,4.0,44.0,2,2023,5,30
2.919323682785034,0.0,5.0,3,2023,5,30
6.907132625579834,0.0999999120831489,9.0,3,2023,5,30
7.938477993011475,0.0,11.0,3,2023,5,30
8.37496280670166,0.0,13.0,3,2023,5,30
4.896265029907227,0.0,25.0,3,2023,5,30
3.618718385696411,0.0,29.0,3,2023,5,30
3.1324594020843506,19.0,30.0,3,2023,5,30
3.219479560852051,24.999998092651367,32.0,3,2023,5,30
2.565152645111084,5.0,37.0,3,2023,5,30
2.2410364151000977,0.0,38.0,3,2023,5,30
1.9877338409423828,17.0,39.0,3,2023,5,30
2.3138411045074463,0.0,44.0,3,2023,5,30
4.486808776855469,33.0,5.0,4,2023,5,30
13.046025276184082,10.000000953674316,9.0,4,2023,5,30
15.63715362548828,0.0,11.0,4,2023,5,30
16.04062843322754,4.0,13.0,4,2023,5,30
9.676032066345217,42.00000381469727,25.0,4,2023,5,30
7.072206020355225,3.0,29.0,4,2023,5,30
5.530192852020264,38.99999237060547,30.0,4,2023,5,30
5.360665798187256,1.999999761581421,32.0,4,2023,5,30
4.567591667175293,6.799999237060547,37.0,4,2023,5,30
4.901238441467285,32.000003814697266,38.0,4,2023,5,30
4.069741249084473,1.999999761581421,39.0,4,2023,5,30
4.821564674377441,11.0,44.0,4,2023,5,30
7.690639019012451,24.999998092651367,5.0,5,2023,5,30
18.94857406616211,7.0,9.0,5,2023,5,30
18.46990966796875,0.800000011920929,11.0,5,2023,5,30
20.3466796875,20.99999618530273,13.0,5,2023,5,30
9.001471519470215,51.00000762939453,25.0,5,2023,5,30
7.845592021942139,15.0,29.0,5,2023,5,30
6.053618907928467,0.0999999120831489,30.0,5,2023,5,30
4.895758628845215,19.99999618530273,32.0,5,2023,5,30
4.98415470123291,0.0,37.0,5,2023,5,30
4.782702445983887,0.0,38.0,5,2023,5,30
4.404841423034668,0.0999999120831489,39.0,5,2023,5,30
5.5728912353515625,4.0,44.0,5,2023,5,30
8.570804595947266,9.199999809265137,5.0,6,2023,5,30
17.809959411621094,9.0,9.0,6,2023,5,30
16.88279151916504,0.3000000715255737,11.0,6,2023,5,30
22.164899826049805,0.0,13.0,6,2023,5,30
11.129057884216309,13.000000953674316,25.0,6,2023,5,30
8.284820556640625,14.000000953674316,29.0,6,2023,5,30
7.508894920349121,0.0999999120831489,30.0,6,2023,5,30
6.169796466827393,0.3000000715255737,32.0,6,2023,5,30
6.609659671783447,0.0999999120831489,37.0,6,2023,5,30
6.257468700408936,0.2000000178813934,38.0,6,2023,5,30
6.701848030090332,24.999998092651367,39.0,6,2023,5,30
7.030336380004883,3.899999856948853,44.0,6,2023,5,30
7.808094024658203,0.0,5.0,7,2023,5,30
15.581531524658203,4.0,9.0,7,2023,5,30
13.261807441711426,40.00000762939453,11.0,7,2023,5,30
14.277195930480955,64.00001525878906,13.0,7,2023,5,30
7.99456262588501,37.09999847412109,25.0,7,2023,5,30
6.128874778747559,2.900000095367432,29.0,7,2023,5,30
5.286282539367676,7.899998664855957,30.0,7,2023,5,30
5.617381095886231,2.6999998092651367,32.0,7,2023,5,30
5.247939109802246,7.5,37.0,7,2023,5,30
4.655948638916016,3.0,38.0,7,2023,5,30
4.57383918762207,4.0,39.0,7,2023,5,30
5.792139053344727,30.99999237060547,44.0,7,2023,5,30
10.82196807861328,24.999998092651367,5.0,1,2023,6,3
19.729034423828125,7.0,9.0,1,2023,6,3
20.9765682220459,0.800000011920929,11.0,1,2023,6,3
22.071563720703125,20.99999618530273,13.0,1,2023,6,3
12.790918350219728,51.00000762939453,25.0,1,2023,6,3
9.872318267822266,15.0,29.0,1,2023,6,3
9.32445240020752,0.0999999120831489,30.0,1,2023,6,3
6.939661026000977,19.99999618530273,32.0,1,2023,6,3
6.551558971405029,0.0,37.0,1,2023,6,3
7.268408298492432,0.0,38.0,1,2023,6,3
5.127448081970215,0.0999999120831489,39.0,1,2023,6,3
5.903088569641113,4.0,44.0,1,2023,6,3
17.077957153320312,9.199999809265137,5.0,2,2023,6,3
16.090665817260742,9.0,9.0,2,2023,6,3
18.32322120666504,0.3000000715255737,11.0,2,2023,6,3
18.00348663330078,0.0,13.0,2,2023,6,3
20.61445999145508,13.000000953674316,25.0,2,2023,6,3
12.421517372131348,14.000000953674316,29.0,2,2023,6,3
12.069724082946776,0.0999999120831489,30.0,2,2023,6,3
17.581031799316406,0.3000000715255737,32.0,2,2023,6,3
17.09735107421875,0.0999999120831489,37.0,2,2023,6,3
12.206438064575195,0.2000000178813934,38.0,2,2023,6,3
16.4559268951416,24.999998092651367,39.0,2,2023,6,3
20.889240264892575,3.899999856948853,44.0,2,2023,6,3
13.037030220031738,0.0,5.0,3,2023,6,3
21.118921279907227,4.0,9.0,3,2023,6,3
20.538963317871094,40.00000762939453,11.0,3,2023,6,3
21.53588485717773,64.00001525878906,13.0,3,2023,6,3
14.980663299560549,37.09999847412109,25.0,3,2023,6,3
14.249761581420898,2.900000095367432,29.0,3,2023,6,3
12.14311981201172,7.899998664855957,30.0,3,2023,6,3
13.384610176086426,2.6999998092651367,32.0,3,2023,6,3
10.281399726867676,7.5,37.0,3,2023,6,3
9.041647911071776,3.0,38.0,3,2023,6,3
9.913942337036133,4.0,39.0,3,2023,6,3
13.522944450378418,30.99999237060547,44.0,3,2023,6,3
5.520794868469238,0.0,5.0,4,2023,6,3
10.21271800994873,0.0,9.0,4,2023,6,3
11.411791801452637,34.000003814697266,11.0,4,2023,6,3
12.555303573608398,14.000000953674316,13.0,4,2023,6,3
6.744024276733398,0.0,25.0,4,2023,6,3
6.258922576904297,3.0,29.0,4,2023,6,3
5.696526050567627,0.0,30.0,4,2023,6,3
7.555896759033203,0.0,32.0,4,2023,6,3
4.893936634063721,0.0,37.0,4,2023,6,3
3.903132438659668,0.0,38.0,4,2023,6,3
5.147382736206055,0.0,39.0,4,2023,6,3
8.654746055603027,0.0,44.0,4,2023,6,3
4.939314365386963,32.000003814697266,5.0,5,2023,6,3
9.714916229248049,18.499998092651367,9.0,5,2023,6,3
12.559971809387209,19.0,11.0,5,2023,6,3
11.630655288696287,19.99999618530273,13.0,5,2023,6,3
6.728702068328857,2.499999761581421,25.0,5,2023,6,3
4.4643168449401855,5.0,29.0,5,2023,6,3
4.892302513122559,0.0,30.0,5,2023,6,3
4.373325824737549,0.0,32.0,5,2023,6,3
4.184497833251953,0.0,37.0,5,2023,6,3
4.182366371154785,3.0,38.0,5,2023,6,3
4.571993827819824,0.0,39.0,5,2023,6,3
5.932567119598389,0.0,44.0,5,2023,6,3
6.925629615783691,52.00000762939453,5.0,6,2023,6,3
11.7305326461792,22.0000057220459,9.0,6,2023,6,3
14.312294006347656,45.0,11.0,6,2023,6,3
16.112348556518555,114.00000762939452,13.0,6,2023,6,3
9.313373565673828,91.09999084472656,25.0,6,2023,6,3
6.88686466217041,11.0,29.0,6,2023,6,3
7.0503034591674805,138.99998474121094,30.0,6,2023,6,3
6.354907512664795,63.0,32.0,6,2023,6,3
6.110219955444336,41.09999847412109,37.0,6,2023,6,3
5.437946796417236,68.0,38.0,6,2023,6,3
5.818902969360352,33.0,39.0,6,2023,6,3
8.18237018585205,71.0,44.0,6,2023,6,3
13.413086891174316,0.0,5.0,7,2023,6,3
19.59793472290039,9.0,9.0,7,2023,6,3
18.94779396057129,4.0,11.0,7,2023,6,3
22.93001365661621,5.0,13.0,7,2023,6,3
16.335050582885742,5.999999523162842,25.0,7,2023,6,3
11.960674285888672,12.000001907348633,29.0,7,2023,6,3
11.650042533874512,4.0,30.0,7,2023,6,3
12.9771089553833,13.000000953674316,32.0,7,2023,6,3
11.96238899230957,5.0,37.0,7,2023,6,3
8.538095474243164,37.0,38.0,7,2023,6,3
11.613421440124512,3.0,39.0,7,2023,6,3
15.70920753479004,0.9999998807907104,44.0,7,2023,6,3
4.582666873931885,0.0,5.0,1,2023,6,6
8.107501029968262,0.0,9.0,1,2023,6,6
10.943499565124512,34.000003814697266,11.0,1,2023,6,6
9.82215976715088,14.000000953674316,13.0,1,2023,6,6
4.463646411895752,0.0,25.0,1,2023,6,6
5.174293041229248,3.0,29.0,1,2023,6,6
3.568568229675293,0.0,30.0,1,2023,6,6
5.962302207946777,0.0,32.0,1,2023,6,6
3.929580211639404,0.0,37.0,1,2023,6,6
2.778095960617065,0.0,38.0,1,2023,6,6
4.622276306152344,0.0,39.0,1,2023,6,6
6.802515983581543,0.0,44.0,1,2023,6,6
13.15782356262207,32.000003814697266,5.0,2,2023,6,6
16.763774871826172,18.499998092651367,9.0,2,2023,6,6
15.88437843322754,19.0,11.0,2,2023,6,6
17.854211807250977,19.99999618530273,13.0,2,2023,6,6
16.196758270263672,2.499999761581421,25.0,2,2023,6,6
11.487088203430176,5.0,29.0,2,2023,6,6
7.89011812210083,0.0,30.0,2,2023,6,6
7.819782257080078,0.0,32.0,2,2023,6,6
8.39870548248291,0.0,37.0,2,2023,6,6
9.9444580078125,3.0,38.0,2,2023,6,6
6.500367164611816,0.0,39.0,2,2023,6,6
7.061264991760254,0.0,44.0,2,2023,6,6
12.870946884155272,52.00000762939453,5.0,3,2023,6,6
24.03874969482422,22.0000057220459,9.0,3,2023,6,6
21.231550216674805,45.0,11.0,3,2023,6,6
24.492603302001957,114.00000762939452,13.0,3,2023,6,6
15.527250289916992,91.09999084472656,25.0,3,2023,6,6
12.56361198425293,11.0,29.0,3,2023,6,6
10.800575256347656,138.99998474121094,30.0,3,2023,6,6
11.89980125427246,63.0,32.0,3,2023,6,6
9.614748001098633,41.09999847412109,37.0,3,2023,6,6
8.459842681884766,68.0,38.0,3,2023,6,6
11.373953819274902,33.0,39.0,3,2023,6,6
12.551044464111328,71.0,44.0,3,2023,6,6
13.022729873657228,0.0,5.0,4,2023,6,6
20.24107551574707,9.0,9.0,4,2023,6,6
20.10519790649414,4.0,11.0,4,2023,6,6
23.02516746520996,5.0,13.0,4,2023,6,6
18.74871635437012,5.999999523162842,25.0,4,2023,6,6
12.960256576538086,12.000001907348633,29.0,4,2023,6,6
12.351682662963867,4.0,30.0,4,2023,6,6
13.423306465148926,13.000000953674316,32.0,4,2023,6,6
12.753213882446287,5.0,37.0,4,2023,6,6
8.463300704956055,37.0,38.0,4,2023,6,6
10.94602870941162,3.0,39.0,4,2023,6,6
14.629539489746094,0.9999998807907104,44.0,4,2023,6,6
16.271940231323242,0.0,5.0,5,2023,6,6
21.21221160888672,0.0,9.0,5,2023,6,6
19.26963233947754,0.0,11.0,5,2023,6,6
22.46237564086914,0.0,13.0,5,2023,6,6
17.491262435913086,40.00000762939453,25.0,5,2023,6,6
13.48772430419922,0.0,29.0,5,2023,6,6
14.12428092956543,0.0,30.0,5,2023,6,6
14.009663581848145,0.0,32.0,5,2023,6,6
13.930578231811523,13.000000953674316,37.0,5,2023,6,6
11.806574821472168,0.0,38.0,5,2023,6,6
12.692020416259766,0.0,39.0,5,2023,6,6
14.36318588256836,0.0,44.0,5,2023,6,6
8.751740455627441,9.099998474121094,5.0,6,2023,6,6
8.784891128540039,1.999999761581421,9.0,6,2023,6,6
13.738696098327637,1.999999761581421,11.0,6,2023,6,6
13.112781524658203,13.000000953674316,13.0,6,2023,6,6
8.921133995056152,11.100001335144045,25.0,6,2023,6,6
8.238229751586914,1.999999761581421,29.0,6,2023,6,6
5.402351379394531,0.8999999761581421,30.0,6,2023,6,6
6.790743827819824,0.0,32.0,6,2023,6,6
7.506568431854248,0.2000000178813934,37.0,6,2023,6,6
4.577535629272461,28.000003814697266,38.0,6,2023,6,6
7.670292854309082,0.5,39.0,6,2023,6,6
8.013318061828613,0.0,44.0,6,2023,6,6
12.853922843933104,4.0,5.0,7,2023,6,6
12.978928565979004,8.0,9.0,7,2023,6,6
17.5137996673584,3.0,11.0,7,2023,6,6
19.569034576416016,4.0,13.0,7,2023,6,6
14.828169822692873,8.0,25.0,7,2023,6,6
13.394710540771484,0.0,29.0,7,2023,6,6
12.317597389221191,5.09999942779541,30.0,7,2023,6,6
12.347554206848145,3.0,32.0,7,2023,6,6
12.323320388793944,0.9999998807907104,37.0,7,2023,6,6
9.228948593139648,0.9999998807907104,38.0,7,2023,6,6
12.448026657104492,3.6999998092651367,39.0,7,2023,6,6
15.484835624694824,70.00001525878906,44.0,7,2023,6,6
7.000593185424805,0.0,5.0,1,2023,6,10
2.9814977645874023,0.0,9.0,1,2023,6,10
6.663338661193848,0.0,11.0,1,2023,6,10
5.873583793640137,0.0,13.0,1,2023,6,10
8.183138847351074,40.00000762939453,25.0,1,2023,6,10
8.850045204162598,0.0,29.0,1,2023,6,10
6.273085117340088,0.0,30.0,1,2023,6,10
3.245311498641968,0.0,32.0,1,2023,6,10
5.236102104187012,13.000000953674316,37.0,1,2023,6,10
6.433727741241455,0.0,38.0,1,2023,6,10
4.295213222503662,0.0,39.0,1,2023,6,10
4.074192047119141,0.0,44.0,1,2023,6,10
8.460437774658203,9.099998474121094,5.0,2,2023,6,10
11.77436065673828,1.999999761581421,9.0,2,2023,6,10
11.306719779968262,1.999999761581421,11.0,2,2023,6,10
12.631731986999512,13.000000953674316,13.0,2,2023,6,10
8.655561447143555,11.100001335144045,25.0,2,2023,6,10
7.352126121520996,1.999999761581421,29.0,2,2023,6,10
5.206326961517334,0.8999999761581421,30.0,2,2023,6,10
3.1106948852539062,0.0,32.0,2,2023,6,10
4.757582187652588,0.2000000178813934,37.0,2,2023,6,10
5.076857566833496,28.000003814697266,38.0,2,2023,6,10
4.289871692657471,0.5,39.0,2,2023,6,10
4.531881332397461,0.0,44.0,2,2023,6,10
13.683748245239258,4.0,5.0,3,2023,6,10
24.30346298217773,8.0,9.0,3,2023,6,10
21.064359664916992,3.0,11.0,3,2023,6,10
27.09899139404297,4.0,13.0,3,2023,6,10
18.49347686767578,8.0,25.0,3,2023,6,10
15.85811996459961,0.0,29.0,3,2023,6,10
12.91903305053711,5.09999942779541,30.0,3,2023,6,10
11.94257926940918,3.0,32.0,3,2023,6,10
8.2744779586792,0.9999998807907104,37.0,3,2023,6,10
10.429612159729004,0.9999998807907104,38.0,3,2023,6,10
9.762590408325195,3.6999998092651367,39.0,3,2023,6,10
12.613316535949709,70.00001525878906,44.0,3,2023,6,10
21.93614959716797,35.999996185302734,5.0,4,2023,6,10
24.231733322143555,35.999996185302734,9.0,4,2023,6,10
29.931293487548828,20.99999618530273,11.0,4,2023,6,10
33.23363494873047,19.99999618530273,13.0,4,2023,6,10
24.57595634460449,45.99999237060547,25.0,4,2023,6,10
18.60344123840332,8.199999809265137,29.0,4,2023,6,10
13.656561851501465,3.0,30.0,4,2023,6,10
15.645989418029783,30.99999237060547,32.0,4,2023,6,10
13.40578269958496,8.0,37.0,4,2023,6,10
10.712993621826172,17.0,38.0,4,2023,6,10
14.8742036819458,20.80000305175781,39.0,4,2023,6,10
18.97685432434082,9.0,44.0,4,2023,6,10
22.086963653564453,0.5999999046325684,5.0,5,2023,6,10
11.848222732543944,42.00000381469727,9.0,5,2023,6,10
15.70209789276123,26.00000762939453,11.0,5,2023,6,10
15.34682273864746,28.000003814697266,13.0,5,2023,6,10
21.65366744995117,2.200000286102295,25.0,5,2023,6,10
22.207046508789062,0.0999999120831489,29.0,5,2023,6,10
17.17886734008789,0.9999998807907104,30.0,5,2023,6,10
17.098506927490234,15.0,32.0,5,2023,6,10
18.855438232421875,13.000000953674316,37.0,5,2023,6,10
18.15298080444336,0.0,38.0,5,2023,6,10
16.52295684814453,5.0,39.0,5,2023,6,10
19.190391540527344,38.00000762939453,44.0,5,2023,6,10
14.42466926574707,1.3999998569488523,5.0,6,2023,6,10
13.537511825561523,15.0,9.0,6,2023,6,10
14.002657890319824,13.000000953674316,11.0,6,2023,6,10
15.831786155700684,8.0,13.0,6,2023,6,10
15.53354835510254,1.8000000715255735,25.0,6,2023,6,10
12.299179077148438,4.90000057220459,29.0,6,2023,6,10
8.069332122802734,0.0,30.0,6,2023,6,10
8.679021835327148,0.9999998807907104,32.0,6,2023,6,10
9.40577793121338,0.0,37.0,6,2023,6,10
7.566390514373779,0.0,38.0,6,2023,6,10
7.566020965576172,0.9999998807907104,39.0,6,2023,6,10
9.394954681396484,0.0,44.0,6,2023,6,10
12.67482089996338,0.0,5.0,7,2023,6,10
20.006622314453125,37.0,9.0,7,2023,6,10
20.501293182373047,4.700000286102295,11.0,7,2023,6,10
24.59234046936035,37.0,13.0,7,2023,6,10
14.550735473632812,0.0,25.0,7,2023,6,10
12.680438995361328,0.0,29.0,7,2023,6,10
9.898018836975098,0.3000000715255737,30.0,7,2023,6,10
9.131735801696776,0.0,32.0,7,2023,6,10
8.74815845489502,0.0,37.0,7,2023,6,10
7.151727676391602,0.0,38.0,7,2023,6,10
8.157329559326172,0.0,39.0,7,2023,6,10
8.670805931091309,0.0,44.0,7,2023,6,10
17.000978469848633,35.999996185302734,5.0,1,2023,6,13
27.8391170501709,35.999996185302734,9.0,1,2023,6,13
27.12265014648437,20.99999618530273,11.0,1,2023,6,13
30.12521743774414,19.99999618530273,13.0,1,2023,6,13
18.22528076171875,45.99999237060547,25.0,1,2023,6,13
14.83709716796875,8.199999809265137,29.0,1,2023,6,13
11.947439193725586,3.0,30.0,1,2023,6,13
12.939031600952148,30.99999237060547,32.0,1,2023,6,13
11.947365760803224,8.0,37.0,1,2023,6,13
10.231163024902344,17.0,38.0,1,2023,6,13
11.718879699707031,20.80000305175781,39.0,1,2023,6,13
13.509014129638672,9.0,44.0,1,2023,6,13
15.678977966308594,0.5999999046325684,5.0,2,2023,6,13
30.63340377807617,42.00000381469727,9.0,2,2023,6,13
26.54731559753418,26.00000762939453,11.0,2,2023,6,13
31.753156661987305,28.000003814697266,13.0,2,2023,6,13
17.292362213134766,2.200000286102295,25.0,2,2023,6,13
11.259342193603516,0.0999999120831489,29.0,2,2023,6,13
10.546782493591309,0.9999998807907104,30.0,2,2023,6,13
13.126546859741213,15.0,32.0,2,2023,6,13
10.933887481689451,13.000000953674316,37.0,2,2023,6,13
7.622872352600098,0.0,38.0,2,2023,6,13
12.373805046081545,5.0,39.0,2,2023,6,13
15.30245590209961,38.00000762939453,44.0,2,2023,6,13
11.438722610473633,1.3999998569488523,5.0,3,2023,6,13
16.104150772094727,15.0,9.0,3,2023,6,13
19.292015075683597,13.000000953674316,11.0,3,2023,6,13
20.37099838256836,8.0,13.0,3,2023,6,13
16.163829803466797,1.8000000715255735,25.0,3,2023,6,13
12.533945083618164,4.90000057220459,29.0,3,2023,6,13
11.051382064819336,0.0,30.0,3,2023,6,13
13.358829498291016,0.9999998807907104,32.0,3,2023,6,13
8.952738761901855,0.0,37.0,3,2023,6,13
8.522040367126465,0.0,38.0,3,2023,6,13
12.038386344909668,0.9999998807907104,39.0,3,2023,6,13
14.81936740875244,0.0,44.0,3,2023,6,13
9.470330238342283,0.0,5.0,4,2023,6,13
23.405929565429688,37.0,9.0,4,2023,6,13
16.786273956298828,4.700000286102295,11.0,4,2023,6,13
23.361961364746094,37.0,13.0,4,2023,6,13
12.34786891937256,0.0,25.0,4,2023,6,13
7.303083896636963,0.0,29.0,4,2023,6,13
8.538545608520508,0.3000000715255737,30.0,4,2023,6,13
9.176666259765623,0.0,32.0,4,2023,6,13
8.793281555175781,0.0,37.0,4,2023,6,13
5.653051853179932,0.0,38.0,4,2023,6,13
9.552074432373049,0.0,39.0,4,2023,6,13
9.68557357788086,0.0,44.0,4,2023,6,13
6.10245943069458,0.0,5.0,5,2023,6,13
18.642671585083008,5.0,9.0,5,2023,6,13
13.958755493164062,0.0,11.0,5,2023,6,13
18.318553924560547,47.0,13.0,5,2023,6,13
7.670187473297119,0.3000000715255737,25.0,5,2023,6,13
3.526946544647217,0.5999999046325684,29.0,5,2023,6,13
3.6523842811584473,0.0,30.0,5,2023,6,13
3.605712413787842,0.0,32.0,5,2023,6,13
3.2005300521850586,0.0,37.0,5,2023,6,13
1.824584007263184,0.8999999761581421,38.0,5,2023,6,13
2.819291353225708,0.5,39.0,5,2023,6,13
3.88721776008606,31.499998092651367,44.0,5,2023,6,13
6.866601467132568,0.0999999120831489,5.0,6,2023,6,13
17.403141021728516,0.0,9.0,6,2023,6,13
15.628175735473633,0.0,11.0,6,2023,6,13
18.933311462402344,4.0,13.0,6,2023,6,13
8.343178749084473,2.900000095367432,25.0,6,2023,6,13
6.661462783813477,14.000000953674316,29.0,6,2023,6,13
4.945390701293945,19.99999618530273,30.0,6,2023,6,13
3.10235857963562,0.4000000953674316,32.0,6,2023,6,13
3.167912721633911,9.0,37.0,6,2023,6,13
2.6180460453033447,12.000001907348633,38.0,6,2023,6,13
2.195303678512573,0.0,39.0,6,2023,6,13
3.127258539199829,65.99998474121094,44.0,6,2023,6,13
5.269320487976074,9.400001525878906,5.0,7,2023,6,13
12.449491500854492,73.00000762939453,9.0,7,2023,6,13
17.09552001953125,3.0,11.0,7,2023,6,13
17.652151107788086,68.0,13.0,7,2023,6,13
7.497203826904297,7.0,25.0,7,2023,6,13
5.795766353607178,9.0,29.0,7,2023,6,13
4.090463161468506,5.0,30.0,7,2023,6,13
2.092771530151367,2.799999713897705,32.0,7,2023,6,13
2.308627128601074,0.9999998807907104,37.0,7,2023,6,13
3.1060991287231445,5.0,38.0,7,2023,6,13
1.6848464012145996,0.0999999120831489,39.0,7,2023,6,13
2.102827310562134,0.0,44.0,7,2023,6,13
4.656575202941895,0.0,5.0,1,2023,6,17
11.469704627990724,5.0,9.0,1,2023,6,17
10.170823097229004,0.0,11.0,1,2023,6,17
12.829300880432127,47.0,13.0,1,2023,6,17
6.246357440948486,0.3000000715255737,25.0,1,2023,6,17
3.7550227642059326,0.5999999046325684,29.0,1,2023,6,17
5.366499900817871,0.0,30.0,1,2023,6,17
4.523616790771484,0.0,32.0,1,2023,6,17
4.279758930206299,0.0,37.0,1,2023,6,17
3.2805933952331543,0.8999999761581421,38.0,1,2023,6,17
3.480374336242676,0.5,39.0,1,2023,6,17
4.310910224914551,31.499998092651367,44.0,1,2023,6,17
5.702245235443115,0.0999999120831489,5.0,2,2023,6,17
11.558037757873535,0.0,9.0,2,2023,6,17
12.12936782836914,0.0,11.0,2,2023,6,17
11.621233940124512,4.0,13.0,2,2023,6,17
8.38808536529541,2.900000095367432,25.0,2,2023,6,17
5.43898868560791,14.000000953674316,29.0,2,2023,6,17
4.9132490158081055,19.99999618530273,30.0,2,2023,6,17
4.775983810424805,0.4000000953674316,32.0,2,2023,6,17
4.603519439697266,9.0,37.0,2,2023,6,17
3.9279613494873047,12.000001907348633,38.0,2,2023,6,17
5.922502040863037,0.0,39.0,2,2023,6,17
5.684508323669434,65.99998474121094,44.0,2,2023,6,17
7.218456268310547,9.400001525878906,5.0,3,2023,6,17
13.80749797821045,73.00000762939453,9.0,3,2023,6,17
14.657306671142578,3.0,11.0,3,2023,6,17
16.700939178466797,68.0,13.0,3,2023,6,17
10.070284843444824,7.0,25.0,3,2023,6,17
7.671337127685547,9.0,29.0,3,2023,6,17
5.819843292236328,5.0,30.0,3,2023,6,17
3.390071153640747,2.799999713897705,32.0,3,2023,6,17
3.9372692108154297,0.9999998807907104,37.0,3,2023,6,17
4.742398262023926,5.0,38.0,3,2023,6,17
3.5782196521759038,0.0999999120831489,39.0,3,2023,6,17
2.8153796195983887,0.0,44.0,3,2023,6,17
5.947441101074219,0.0,5.0,4,2023,6,17
17.722061157226562,16.0,9.0,4,2023,6,17
18.797094345092773,5.999999523162842,11.0,4,2023,6,17
21.26045036315918,19.0,13.0,4,2023,6,17
7.231624126434326,0.5999999046325684,25.0,4,2023,6,17
6.041683197021484,0.0,29.0,4,2023,6,17
4.852531433105469,0.0,30.0,4,2023,6,17
3.4075539112091064,0.0,32.0,4,2023,6,17
3.4888741970062256,0.0,37.0,4,2023,6,17
3.0541017055511475,0.0,38.0,4,2023,6,17
2.760713815689087,0.0,39.0,4,2023,6,17
2.9264440536499023,5.999999523162842,44.0,4,2023,6,17
11.480905532836914,20.299999237060547,5.0,5,2023,6,17
25.279146194458008,0.0,9.0,5,2023,6,17
21.234708786010746,23.0,11.0,5,2023,6,17
25.267976760864254,8.0,13.0,5,2023,6,17
14.18148422241211,7.40000057220459,25.0,5,2023,6,17
9.1146240234375,4.3000006675720215,29.0,5,2023,6,17
9.475164413452148,0.0,30.0,5,2023,6,17
8.171631813049316,0.0,32.0,5,2023,6,17
8.511914253234863,0.0,37.0,5,2023,6,17
6.909310340881348,0.0,38.0,5,2023,6,17
7.888835906982422,0.0,39.0,5,2023,6,17
8.05960464477539,28.9999942779541,44.0,5,2023,6,17
16.625112533569336,0.5999999046325684,5.0,6,2023,6,17
25.331218719482425,5.999999523162842,9.0,6,2023,6,17
24.90056610107422,15.0,11.0,6,2023,6,17
28.57168197631836,8.0,13.0,6,2023,6,17
18.175519943237305,1.8000000715255735,25.0,6,2023,6,17
15.502373695373535,0.0,29.0,6,2023,6,17
13.450946807861328,0.2000000178813934,30.0,6,2023,6,17
13.636856079101562,3.0,32.0,6,2023,6,17
12.148075103759766,0.5999999046325684,37.0,6,2023,6,17
11.230299949645996,0.5,38.0,6,2023,6,17
11.786057472229004,0.9999998807907104,39.0,6,2023,6,17
11.446533203125,0.8999999761581421,44.0,6,2023,6,17
23.27034568786621,35.999996185302734,5.0,7,2023,6,17
21.82776641845703,79.0,9.0,7,2023,6,17
23.808837890625,19.0,11.0,7,2023,6,17
25.73487091064453,63.0,13.0,7,2023,6,17
24.590442657470703,16.80000114440918,25.0,7,2023,6,17
18.08888435363769,16.099998474121094,29.0,7,2023,6,17
18.66083526611328,24.5000057220459,30.0,7,2023,6,17
15.896979331970217,9.0,32.0,7,2023,6,17
14.763882637023926,19.40000534057617,37.0,7,2023,6,17
15.87326717376709,1.3999998569488523,38.0,7,2023,6,17
12.888664245605469,13.000000953674316,39.0,7,2023,6,17
15.37829303741455,4.099999904632568,44.0,7,2023,6,17
6.525110244750977,0.0,5.0,1,2023,6,20
14.918136596679688,16.0,9.0,1,2023,6,20
14.224346160888672,5.999999523162842,11.0,1,2023,6,20
15.959205627441406,19.0,13.0,1,2023,6,20
6.7915778160095215,0.5999999046325684,25.0,1,2023,6,20
5.702738285064697,0.0,29.0,1,2023,6,20
3.5221316814422607,0.0,30.0,1,2023,6,20
2.770662546157837,0.0,32.0,1,2023,6,20
2.6251749992370605,0.0,37.0,1,2023,6,20
2.015927314758301,0.0,38.0,1,2023,6,20
3.3341455459594727,0.0,39.0,1,2023,6,20
2.82949161529541,5.999999523162842,44.0,1,2023,6,20
3.381144762039185,20.299999237060547,5.0,2,2023,6,20
7.451471328735352,0.0,9.0,2,2023,6,20
11.323899269104004,23.0,11.0,2,2023,6,20
9.737264633178713,8.0,13.0,2,2023,6,20
4.617008209228516,7.40000057220459,25.0,2,2023,6,20
4.068149566650391,4.3000006675720215,29.0,2,2023,6,20
3.728231430053711,0.0,30.0,2,2023,6,20
2.483686923980713,0.0,32.0,2,2023,6,20
2.413675308227539,0.0,37.0,2,2023,6,20
2.5096285343170166,0.0,38.0,2,2023,6,20
1.413015842437744,0.0,39.0,2,2023,6,20
1.2204828262329102,28.9999942779541,44.0,2,2023,6,20
4.689082145690918,0.5999999046325684,5.0,3,2023,6,20
16.1162166595459,5.999999523162842,9.0,3,2023,6,20
13.86979866027832,15.0,11.0,3,2023,6,20
16.502267837524414,8.0,13.0,3,2023,6,20
6.31049394607544,1.8000000715255735,25.0,3,2023,6,20
3.6020150184631348,0.0,29.0,3,2023,6,20
3.5411524772644043,0.2000000178813934,30.0,3,2023,6,20
2.606885433197021,3.0,32.0,3,2023,6,20
2.3286352157592773,0.5999999046325684,37.0,3,2023,6,20
1.826827049255371,0.5,38.0,3,2023,6,20
1.7691032886505127,0.9999998807907104,39.0,3,2023,6,20
1.5646555423736572,0.8999999761581421,44.0,3,2023,6,20
14.83100414276123,35.999996185302734,5.0,4,2023,6,20
33.7178955078125,79.0,9.0,4,2023,6,20
31.336219787597656,19.0,11.0,4,2023,6,20
37.10968017578125,63.0,13.0,4,2023,6,20
17.00719451904297,16.80000114440918,25.0,4,2023,6,20
13.61744499206543,16.099998474121094,29.0,4,2023,6,20
12.50792407989502,24.5000057220459,30.0,4,2023,6,20
11.959246635437012,9.0,32.0,4,2023,6,20
10.924237251281738,19.40000534057617,37.0,4,2023,6,20
7.8560309410095215,1.3999998569488523,38.0,4,2023,6,20
10.30280876159668,13.000000953674316,39.0,4,2023,6,20
11.818995475769045,4.099999904632568,44.0,4,2023,6,20
16.795856475830078,85.00003051757812,5.0,5,2023,6,20
10.760732650756836,19.0,9.0,5,2023,6,20
13.335213661193848,8.199999809265137,11.0,5,2023,6,20
13.225457191467283,44.00000381469727,13.0,5,2023,6,20
15.16282558441162,65.99998474121094,25.0,5,2023,6,20
17.523685455322266,22.899999618530277,29.0,5,2023,6,20
13.79183864593506,58.299991607666016,30.0,5,2023,6,20
15.630645751953123,58.00000381469727,32.0,5,2023,6,20
12.347190856933594,70.00001525878906,37.0,5,2023,6,20
14.105076789855955,73.00000762939453,38.0,5,2023,6,20
10.874040603637695,99.00000762939452,39.0,5,2023,6,20
13.273726463317873,24.000001907348636,44.0,5,2023,6,20
6.406473159790039,3.0,5.0,6,2023,6,20
5.477247714996338,0.0,9.0,6,2023,6,20
6.527968883514404,0.0,11.0,6,2023,6,20
7.591081619262695,0.0,13.0,6,2023,6,20
9.297231674194336,4.0,25.0,6,2023,6,20
6.704488754272461,8.0,29.0,6,2023,6,20
5.92019510269165,3.0,30.0,6,2023,6,20
8.83458137512207,1.999999761581421,32.0,6,2023,6,20
9.392151832580566,19.0,37.0,6,2023,6,20
6.010971546173096,9.0,38.0,6,2023,6,20
6.800546169281006,11.0,39.0,6,2023,6,20
14.355290412902832,16.0,44.0,6,2023,6,20
1.9018220901489256,0.0,5.0,7,2023,6,20
2.4542899131774902,0.0,9.0,7,2023,6,20
2.5583250522613525,5.0,11.0,7,2023,6,20
3.0381431579589844,0.0,13.0,7,2023,6,20
3.0168912410736084,0.0,25.0,7,2023,6,20
2.113288640975952,0.0,29.0,7,2023,6,20
2.699858427047729,0.0,30.0,7,2023,6,20
2.5674729347229004,10.000000953674316,32.0,7,2023,6,20
2.314366579055786,0.0,37.0,7,2023,6,20
1.535090446472168,0.0,38.0,7,2023,6,20
2.455118417739868,0.0,39.0,7,2023,6,20
3.70278263092041,1.999999761581421,44.0,7,2023,6,20
18.89095115661621,85.00003051757812,5.0,1,2023,6,24
13.16834545135498,19.0,9.0,1,2023,6,24
17.999387741088867,8.199999809265137,11.0,1,2023,6,24
17.675792694091797,44.00000381469727,13.0,1,2023,6,24
20.725194931030277,65.99998474121094,25.0,1,2023,6,24
20.824159622192383,22.899999618530277,29.0,1,2023,6,24
18.95598030090332,58.299991607666016,30.0,1,2023,6,24
21.85899543762207,58.00000381469727,32.0,1,2023,6,24
18.34834098815918,70.00001525878906,37.0,1,2023,6,24
15.696806907653809,73.00000762939453,38.0,1,2023,6,24
17.20819854736328,99.00000762939452,39.0,1,2023,6,24
24.37966537475586,24.000001907348636,44.0,1,2023,6,24
10.77636432647705,3.0,5.0,2,2023,6,24
8.624223709106445,0.0,9.0,2,2023,6,24
9.71970558166504,0.0,11.0,2,2023,6,24
9.847079277038574,0.0,13.0,2,2023,6,24
12.148065567016602,4.0,25.0,2,2023,6,24
11.31116008758545,8.0,29.0,2,2023,6,24
11.059625625610352,3.0,30.0,2,2023,6,24
17.355998992919922,1.999999761581421,32.0,2,2023,6,24
14.48125171661377,19.0,37.0,2,2023,6,24
8.048517227172852,9.0,38.0,2,2023,6,24
15.057721138000488,11.0,39.0,2,2023,6,24
24.664913177490234,16.0,44.0,2,2023,6,24
5.940567970275879,0.0,5.0,3,2023,6,24
4.336076259613037,0.0,9.0,3,2023,6,24
4.715126991271973,5.0,11.0,3,2023,6,24
5.90918493270874,0.0,13.0,3,2023,6,24
6.792783260345459,0.0,25.0,3,2023,6,24
6.020376205444336,0.0,29.0,3,2023,6,24
5.927435874938965,0.0,30.0,3,2023,6,24
5.050784587860107,10.000000953674316,32.0,3,2023,6,24
5.664938449859619,0.0,37.0,3,2023,6,24
4.163286685943604,0.0,38.0,3,2023,6,24
5.523074626922607,0.0,39.0,3,2023,6,24
6.37354040145874,1.999999761581421,44.0,3,2023,6,24
5.9096503257751465,0.2000000178813934,5.0,4,2023,6,24
13.313189506530762,4.0,9.0,4,2023,6,24
9.456671714782717,0.0,11.0,4,2023,6,24
13.1668119430542,3.0,13.0,4,2023,6,24
7.544782638549805,5.0,25.0,4,2023,6,24
4.513104438781738,1.999999761581421,29.0,4,2023,6,24
5.184420585632324,9.0,30.0,4,2023,6,24
5.004071235656738,7.0,32.0,4,2023,6,24
4.453841209411621,2.3000001907348637,37.0,4,2023,6,24
3.28963041305542,0.0,38.0,4,2023,6,24
4.182260513305664,9.0,39.0,4,2023,6,24
4.937295436859131,2.200000286102295,44.0,4,2023,6,24
5.714024543762207,0.0,5.0,5,2023,6,24
13.143518447875977,14.499999046325684,9.0,5,2023,6,24
11.401012420654297,0.5,11.0,5,2023,6,24
13.11746597290039,0.0,13.0,5,2023,6,24
6.558960437774658,3.0,25.0,5,2023,6,24
4.79216194152832,0.0,29.0,5,2023,6,24
4.690207481384277,4.0,30.0,5,2023,6,24
4.994590759277344,0.9999998807907104,32.0,5,2023,6,24
4.453319549560547,2.6000001430511475,37.0,5,2023,6,24
3.517625093460083,0.5999999046325684,38.0,5,2023,6,24
4.918540000915527,0.0999999120831489,39.0,5,2023,6,24
4.9917168617248535,0.0,44.0,5,2023,6,24
4.2537713050842285,0.0,5.0,6,2023,6,24
13.259872436523438,4.0,9.0,6,2023,6,24
14.259722709655762,3.1000001430511475,11.0,6,2023,6,24
15.611675262451172,0.800000011920929,13.0,6,2023,6,24
7.234591960906982,0.0,25.0,6,2023,6,24
4.661491394042969,0.0,29.0,6,2023,6,24
2.152845859527588,0.0,30.0,6,2023,6,24
3.783924579620361,0.0,32.0,6,2023,6,24
2.8057329654693604,0.0,37.0,6,2023,6,24
2.545517444610596,0.0,38.0,6,2023,6,24
2.1254148483276367,0.0,39.0,6,2023,6,24
3.635063648223877,0.0,44.0,6,2023,6,24
10.13035774230957,0.0,5.0,7,2023,6,24
30.1872501373291,8.0,9.0,7,2023,6,24
30.731828689575195,0.9999998807907104,11.0,7,2023,6,24
34.566593170166016,0.800000011920929,13.0,7,2023,6,24
15.123882293701172,0.0,25.0,7,2023,6,24
9.247934341430664,0.0,29.0,7,2023,6,24
7.256753921508789,0.0,30.0,7,2023,6,24
6.7613935470581055,0.0,32.0,7,2023,6,24
5.855441093444824,0.0,37.0,7,2023,6,24
4.951205253601074,0.0,38.0,7,2023,6,24
4.364892959594727,0.0,39.0,7,2023,6,24
6.554986000061035,0.0,44.0,7,2023,6,24
6.185147762298584,0.2000000178813934,5.0,1,2023,6,27
9.504680633544922,4.0,9.0,1,2023,6,27
8.647817611694336,0.0,11.0,1,2023,6,27
10.096683502197266,3.0,13.0,1,2023,6,27
7.504029750823975,5.0,25.0,1,2023,6,27
5.294999122619629,1.999999761581421,29.0,1,2023,6,27
5.770162582397461,9.0,30.0,1,2023,6,27
6.510541915893555,7.0,32.0,1,2023,6,27
5.660138130187988,2.3000001907348637,37.0,1,2023,6,27
3.91823673248291,0.0,38.0,1,2023,6,27
5.23153829574585,9.0,39.0,1,2023,6,27
8.522242546081543,2.200000286102295,44.0,1,2023,6,27
3.4168741703033447,0.0,5.0,2,2023,6,27
5.875004768371582,14.499999046325684,9.0,2,2023,6,27
5.977455139160156,0.5,11.0,2,2023,6,27
6.397811412811279,0.0,13.0,2,2023,6,27
4.451659202575684,3.0,25.0,2,2023,6,27
3.061285257339477,0.0,29.0,2,2023,6,27
3.637566089630127,4.0,30.0,2,2023,6,27
3.0121524333953857,0.9999998807907104,32.0,2,2023,6,27
3.2696802616119385,2.6000001430511475,37.0,2,2023,6,27
2.649972677230835,0.5999999046325684,38.0,2,2023,6,27
3.345656156539917,0.0999999120831489,39.0,2,2023,6,27
3.676848888397217,0.0,44.0,2,2023,6,27
2.439690589904785,0.0,5.0,3,2023,6,27
11.993535041809082,4.0,9.0,3,2023,6,27
8.4290771484375,3.1000001430511475,11.0,3,2023,6,27
11.635549545288086,0.800000011920929,13.0,3,2023,6,27
4.746949195861816,0.0,25.0,3,2023,6,27
2.519533395767212,0.0,29.0,3,2023,6,27
2.897958755493164,0.0,30.0,3,2023,6,27
2.959150552749634,0.0,32.0,3,2023,6,27
2.270103931427002,0.0,37.0,3,2023,6,27
1.328938126564026,0.0,38.0,3,2023,6,27
2.1337873935699463,0.0,39.0,3,2023,6,27
2.765127420425415,0.0,44.0,3,2023,6,27
3.3662562370300293,0.0,5.0,4,2023,6,27
11.121654510498049,8.0,9.0,4,2023,6,27
9.435855865478516,0.9999998807907104,11.0,4,2023,6,27
12.17095947265625,0.800000011920929,13.0,4,2023,6,27
4.957035541534424,0.0,25.0,4,2023,6,27
3.3556509017944336,0.0,29.0,4,2023,6,27
2.6501059532165527,0.0,30.0,4,2023,6,27
1.93295156955719,0.0,32.0,4,2023,6,27
1.8900903463363647,0.0,37.0,4,2023,6,27
1.7811033725738523,0.0,38.0,4,2023,6,27
1.335575819015503,0.0,39.0,4,2023,6,27
1.8131382465362549,0.0,44.0,4,2023,6,27
5.970359802246094,0.0,5.0,5,2023,6,27
17.05281639099121,0.5999999046325684,9.0,5,2023,6,27
15.073846817016602,0.4000000953674316,11.0,5,2023,6,27
18.3485164642334,1.3999998569488523,13.0,5,2023,6,27
7.963747978210449,4.0,25.0,5,2023,6,27
4.27623176574707,0.9999998807907104,29.0,5,2023,6,27
3.4517040252685547,0.0,30.0,5,2023,6,27
3.508817195892334,0.0,32.0,5,2023,6,27
3.045525074005127,0.0,37.0,5,2023,6,27
2.734604597091675,0.2000000178813934,38.0,5,2023,6,27
1.8588932752609253,0.0,39.0,5,2023,6,27
2.477522850036621,1.999999761581421,44.0,5,2023,6,27
4.264518737792969,12.000001907348633,5.0,6,2023,6,27
13.640094757080078,34.400001525878906,9.0,6,2023,6,27
14.860214233398438,29.600000381469727,11.0,6,2023,6,27
16.0918025970459,5.0,13.0,6,2023,6,27
5.287327766418457,24.000001907348636,25.0,6,2023,6,27
4.794345855712891,0.0,29.0,6,2023,6,27
3.2991082668304443,0.0,30.0,6,2023,6,27
3.090315103530884,26.00000762939453,32.0,6,2023,6,27
2.3186569213867188,38.00000762939453,37.0,6,2023,6,27
1.462174892425537,0.0,38.0,6,2023,6,27
3.1947059631347656,38.99999237060547,39.0,6,2023,6,27
2.902951002120972,0.0,44.0,6,2023,6,27
3.1690244674682617,3.1000001430511475,5.0,7,2023,6,27
10.994600296020508,0.9999998807907104,9.0,7,2023,6,27
15.623319625854492,14.000000953674316,11.0,7,2023,6,27
16.30253028869629,11.69999885559082,13.0,7,2023,6,27
5.283604621887207,1.3000000715255735,25.0,7,2023,6,27
3.605778932571411,0.5999999046325684,29.0,7,2023,6,27
2.1942334175109863,8.199999809265137,30.0,7,2023,6,27
2.29018783569336,0.0,32.0,7,2023,6,27
1.942229390144348,0.0,37.0,7,2023,6,27
1.2623584270477295,0.0,38.0,7,2023,6,27
1.5905157327651978,7.0,39.0,7,2023,6,27
2.3733949661254883,0.0,44.0,7,2023,6,27
2.873430728912353,0.0,5.0,1,2023,7,1
10.158796310424805,0.5999999046325684,9.0,1,2023,7,1
11.51203727722168,0.4000000953674316,11.0,1,2023,7,1
12.163610458374023,1.3999998569488523,13.0,1,2023,7,1
4.691655158996582,4.0,25.0,1,2023,7,1
2.8317365646362305,0.9999998807907104,29.0,1,2023,7,1
3.368035078048706,0.0,30.0,1,2023,7,1
2.258572816848755,0.0,32.0,1,2023,7,1
1.6312828063964844,0.0,37.0,1,2023,7,1
1.7192094326019287,0.2000000178813934,38.0,1,2023,7,1
0.8001843690872192,0.0,39.0,1,2023,7,1
0.7866272926330566,1.999999761581421,44.0,1,2023,7,1
6.040318965911865,12.000001907348633,5.0,2,2023,7,1
15.932249069213867,34.400001525878906,9.0,2,2023,7,1
16.989789962768555,29.600000381469727,11.0,2,2023,7,1
18.153867721557617,5.0,13.0,2,2023,7,1
7.121997356414795,24.000001907348636,25.0,2,2023,7,1
5.598804473876953,0.0,29.0,2,2023,7,1
3.231170892715454,0.0,30.0,2,2023,7,1
2.229032039642334,26.00000762939453,32.0,2,2023,7,1
2.1806139945983887,38.00000762939453,37.0,2,2023,7,1
2.142585515975952,0.0,38.0,2,2023,7,1
1.6962838172912598,38.99999237060547,39.0,2,2023,7,1
1.7234348058700562,0.0,44.0,2,2023,7,1
3.653462171554565,3.1000001430511475,5.0,3,2023,7,1
14.321354866027832,0.9999998807907104,9.0,3,2023,7,1
14.664034843444824,14.000000953674316,11.0,3,2023,7,1
16.0992374420166,11.69999885559082,13.0,3,2023,7,1
5.331081390380859,1.3000000715255735,25.0,3,2023,7,1
3.444862365722656,0.5999999046325684,29.0,3,2023,7,1
1.60579514503479,8.199999809265137,30.0,3,2023,7,1
1.6388580799102783,0.0,32.0,3,2023,7,1
0.8359770774841309,0.0,37.0,3,2023,7,1
1.016991376876831,0.0,38.0,3,2023,7,1
0.908100426197052,7.0,39.0,3,2023,7,1
1.4149514436721802,0.0,44.0,3,2023,7,1
12.486807823181152,11.90000057220459,5.0,4,2023,7,1
30.615345001220703,14.000000953674316,9.0,4,2023,7,1
29.00675392150879,16.59999656677246,11.0,4,2023,7,1
33.00410842895508,18.299997329711918,13.0,4,2023,7,1
20.086828231811523,4.700000286102295,25.0,4,2023,7,1
14.955414772033691,11.0,29.0,4,2023,7,1
10.00700569152832,41.80000305175781,30.0,4,2023,7,1
8.726966857910156,28.9999942779541,32.0,4,2023,7,1
8.836499214172363,16.0,37.0,4,2023,7,1
6.917263031005859,54.99999237060547,38.0,4,2023,7,1
7.477904796600342,15.0,39.0,4,2023,7,1
9.95279312133789,0.0,44.0,4,2023,7,1
10.372052192687988,2.1000001430511475,5.0,5,2023,7,1
20.1575927734375,13.000000953674316,9.0,5,2023,7,1
22.461475372314453,4.200000762939453,11.0,5,2023,7,1
22.71590232849121,4.0,13.0,5,2023,7,1
10.185041427612305,0.0,25.0,5,2023,7,1
11.221004486083984,0.0,29.0,5,2023,7,1
6.6811041831970215,0.0,30.0,5,2023,7,1
5.025431156158447,0.0,32.0,5,2023,7,1
5.485170841217041,8.0,37.0,5,2023,7,1
4.562468528747559,12.000001907348633,38.0,5,2023,7,1
4.955127716064453,8.199999809265137,39.0,5,2023,7,1
5.91284704208374,0.0,44.0,5,2023,7,1
3.715057373046875,0.0,5.0,6,2023,7,1
10.427505493164062,14.000000953674316,9.0,6,2023,7,1
15.83590030670166,9.0,11.0,6,2023,7,1
14.55403995513916,1.999999761581421,13.0,6,2023,7,1
4.437039375305176,0.2000000178813934,25.0,6,2023,7,1
4.273558616638184,0.0,29.0,6,2023,7,1
1.8348660469055176,0.0,30.0,6,2023,7,1
1.7185128927230835,0.0,32.0,6,2023,7,1
1.1949889659881592,0.0,37.0,6,2023,7,1
1.6355953216552734,0.0,38.0,6,2023,7,1
0.6405743360519409,0.0999999120831489,39.0,6,2023,7,1
1.3401451110839844,0.0,44.0,6,2023,7,1
1.9280747175216677,0.0,5.0,7,2023,7,1
7.610798358917236,0.5999999046325684,9.0,7,2023,7,1
9.898981094360352,0.0999999120831489,11.0,7,2023,7,1
10.515070915222168,1.999999761581421,13.0,7,2023,7,1
3.361598491668701,0.0,25.0,7,2023,7,1
2.7324955463409424,0.0,29.0,7,2023,7,1
1.7419588565826416,0.0,30.0,7,2023,7,1
1.989771842956543,0.0,32.0,7,2023,7,1
1.7559542655944824,0.0,37.0,7,2023,7,1
0.8539419770240784,0.0,38.0,7,2023,7,1
1.3310500383377075,0.0,39.0,7,2023,7,1
2.2259650230407715,0.0,44.0,7,2023,7,1
12.30169677734375,11.90000057220459,5.0,1,2023,7,4
21.230966567993164,14.000000953674316,9.0,1,2023,7,4
22.94203758239746,16.59999656677246,11.0,1,2023,7,4
23.26995849609375,18.299997329711918,13.0,1,2023,7,4
12.343850135803224,4.700000286102295,25.0,1,2023,7,4
12.75588035583496,11.0,29.0,1,2023,7,4
7.892144680023193,41.80000305175781,30.0,1,2023,7,4
8.729211807250977,28.9999942779541,32.0,1,2023,7,4
7.321802139282227,16.0,37.0,1,2023,7,4
6.17086124420166,54.99999237060547,38.0,1,2023,7,4
7.895172595977783,15.0,39.0,1,2023,7,4
8.727992057800293,0.0,44.0,1,2023,7,4
5.656873226165772,2.1000001430511475,5.0,2,2023,7,4
10.551353454589844,13.000000953674316,9.0,2,2023,7,4
10.94150161743164,4.200000762939453,11.0,2,2023,7,4
11.136590003967283,4.0,13.0,2,2023,7,4
6.103238105773926,0.0,25.0,2,2023,7,4
5.006708145141602,0.0,29.0,2,2023,7,4
3.482431650161743,0.0,30.0,2,2023,7,4
2.857818365097046,0.0,32.0,2,2023,7,4
3.04410719871521,8.0,37.0,2,2023,7,4
2.843568086624145,12.000001907348633,38.0,2,2023,7,4
3.373209238052368,8.199999809265137,39.0,2,2023,7,4
3.517157077789306,0.0,44.0,2,2023,7,4
1.3613107204437256,0.0,5.0,3,2023,7,4
3.2123396396636963,14.000000953674316,9.0,3,2023,7,4
2.6186182498931885,9.0,11.0,3,2023,7,4
3.4833664894104004,1.999999761581421,13.0,3,2023,7,4
2.224247455596924,0.2000000178813934,25.0,3,2023,7,4
0.8623084425926208,0.0,29.0,3,2023,7,4
1.1058248281478882,0.0,30.0,3,2023,7,4
0.4167737960815429,0.0,32.0,3,2023,7,4
0.7636889219284058,0.0,37.0,3,2023,7,4
0.6451283693313599,0.0,38.0,3,2023,7,4
0.7102831602096558,0.0999999120831489,39.0,3,2023,7,4
0.6328132152557373,0.0,44.0,3,2023,7,4
0.8732560276985168,0.0,5.0,4,2023,7,4
2.235546588897705,0.5999999046325684,9.0,4,2023,7,4
2.5496087074279785,0.0999999120831489,11.0,4,2023,7,4
2.8979969024658203,1.999999761581421,13.0,4,2023,7,4
1.7555932998657229,0.0,25.0,4,2023,7,4
1.0710556507110596,0.0,29.0,4,2023,7,4
1.6239283084869385,0.0,30.0,4,2023,7,4
0.9441431164741516,0.0,32.0,4,2023,7,4
1.0486921072006226,0.0,37.0,4,2023,7,4
0.7451210021972656,0.0,38.0,4,2023,7,4
0.6690284013748169,0.0,39.0,4,2023,7,4
0.7654488682746887,0.0,44.0,4,2023,7,4
4.769471168518066,13.000000953674316,5.0,5,2023,7,4
10.112332344055176,5.8000006675720215,9.0,5,2023,7,4
14.713271141052246,26.89999771118164,11.0,5,2023,7,4
13.26018524169922,10.000000953674316,13.0,5,2023,7,4
6.936880588531494,15.0,25.0,5,2023,7,4
5.089794158935547,5.999999523162842,29.0,5,2023,7,4
3.225030899047852,24.90000534057617,30.0,5,2023,7,4
4.468400001525879,34.000003814697266,32.0,5,2023,7,4
4.013778209686279,35.0,37.0,5,2023,7,4
4.344995975494385,30.0000057220459,38.0,5,2023,7,4
3.452164649963379,19.0,39.0,5,2023,7,4
4.556184768676758,36.79999542236328,44.0,5,2023,7,4
3.226531982421875,4.0,5.0,6,2023,7,4
9.816022872924805,5.59999942779541,9.0,6,2023,7,4
12.73536491394043,30.09999656677246,11.0,6,2023,7,4
12.972983360290527,30.99999237060547,13.0,6,2023,7,4
4.709771633148193,4.0,25.0,6,2023,7,4
3.7779037952423096,13.000000953674316,29.0,6,2023,7,4
3.054675340652466,2.1000001430511475,30.0,6,2023,7,4
2.787618637084961,7.0,32.0,6,2023,7,4
2.890129327774048,5.999999523162842,37.0,6,2023,7,4
2.09719467163086,7.0,38.0,6,2023,7,4
2.8768515586853027,0.0,39.0,6,2023,7,4
3.606403350830078,0.0,44.0,6,2023,7,4
2.0493879318237305,0.5,5.0,7,2023,7,4
5.276291370391846,0.5,9.0,7,2023,7,4
6.132784843444824,1.899999976158142,11.0,7,2023,7,4
6.3042707443237305,3.0,13.0,7,2023,7,4
2.789257526397705,0.0,25.0,7,2023,7,4
2.044603109359741,0.0,29.0,7,2023,7,4
1.8632500171661377,0.0,30.0,7,2023,7,4
1.3916878700256348,0.5,32.0,7,2023,7,4
1.5111268758773804,0.0,37.0,7,2023,7,4
0.8892488479614258,0.0999999120831489,38.0,7,2023,7,4
1.551915407180786,0.0,39.0,7,2023,7,4
2.141732215881348,3.0,44.0,7,2023,7,4
5.904575824737549,13.000000953674316,5.0,1,2023,7,8
20.103103637695312,5.8000006675720215,9.0,1,2023,7,8
17.62207794189453,26.89999771118164,11.0,1,2023,7,8
20.719959259033203,10.000000953674316,13.0,1,2023,7,8
8.720556259155273,15.0,25.0,1,2023,7,8
5.747742176055908,5.999999523162842,29.0,1,2023,7,8
4.946726799011231,24.90000534057617,30.0,1,2023,7,8
4.5890793800354,34.000003814697266,32.0,1,2023,7,8
3.585801601409912,35.0,37.0,1,2023,7,8
2.472358703613281,30.0000057220459,38.0,1,2023,7,8
3.1140236854553223,19.0,39.0,1,2023,7,8
4.642451763153076,36.79999542236328,44.0,1,2023,7,8
4.779958724975586,4.0,5.0,2,2023,7,8
13.977807998657228,5.59999942779541,9.0,2,2023,7,8
14.155098915100098,30.09999656677246,11.0,2,2023,7,8
15.443536758422852,30.99999237060547,13.0,2,2023,7,8
5.51421594619751,4.0,25.0,2,2023,7,8
4.504093170166016,13.000000953674316,29.0,2,2023,7,8
3.090384006500244,2.1000001430511475,30.0,2,2023,7,8
2.5322375297546387,7.0,32.0,2,2023,7,8
2.3773510456085205,5.999999523162842,37.0,2,2023,7,8
1.357527732849121,7.0,38.0,2,2023,7,8
2.161140918731689,0.0,39.0,2,2023,7,8
2.68768572807312,0.0,44.0,2,2023,7,8
2.2479405403137207,0.5,5.0,3,2023,7,8
4.925002098083496,0.5,9.0,3,2023,7,8
7.250307559967041,1.899999976158142,11.0,3,2023,7,8
7.393522262573242,3.0,13.0,3,2023,7,8
3.3130316734313965,0.0,25.0,3,2023,7,8
2.4580154418945312,0.0,29.0,3,2023,7,8
2.0563554763793945,0.0,30.0,3,2023,7,8
1.0484338998794556,0.5,32.0,3,2023,7,8
1.463965892791748,0.0,37.0,3,2023,7,8
1.377564787864685,0.0999999120831489,38.0,3,2023,7,8
1.3645247220993042,0.0,39.0,3,2023,7,8
1.3937666416168213,3.0,44.0,3,2023,7,8
2.291268348693848,9.0,5.0,4,2023,7,8
10.06051540374756,0.2000000178813934,9.0,4,2023,7,8
13.383320808410645,0.0999999120831489,11.0,4,2023,7,8
12.337329864501951,1.899999976158142,13.0,4,2023,7,8
3.997128009796143,16.0,25.0,4,2023,7,8
4.0564470291137695,0.0,29.0,4,2023,7,8
2.531693458557129,9.0,30.0,4,2023,7,8
1.7387375831604004,0.5,32.0,4,2023,7,8
1.600447654724121,10.099998474121094,37.0,4,2023,7,8
1.2002025842666626,11.0,38.0,4,2023,7,8
0.9948553442955016,22.0000057220459,39.0,4,2023,7,8
1.1578435897827148,3.0,44.0,4,2023,7,8
5.71108341217041,52.00000762939453,5.0,5,2023,7,8
16.66901969909668,4.799999237060547,9.0,5,2023,7,8
19.369462966918945,7.0,11.0,5,2023,7,8
20.978694915771484,16.099998474121094,13.0,5,2023,7,8
7.06932544708252,59.9999885559082,25.0,5,2023,7,8
5.291322708129883,5.999999523162842,29.0,5,2023,7,8
3.1632840633392334,0.0,30.0,5,2023,7,8
2.854663372039795,0.0999999120831489,32.0,5,2023,7,8
2.880528926849365,0.0,37.0,5,2023,7,8
2.55228042602539,0.0,38.0,5,2023,7,8
1.8714882135391235,0.0,39.0,5,2023,7,8
2.155252456665039,17.0,44.0,5,2023,7,8
8.545389175415039,0.9999998807907104,5.0,6,2023,7,8
18.939985275268555,0.2000000178813934,9.0,6,2023,7,8
22.02266311645508,0.9999998807907104,11.0,6,2023,7,8
22.8025016784668,2.799999713897705,13.0,6,2023,7,8
8.908867835998535,4.0,25.0,6,2023,7,8
9.472294807434082,9.0,29.0,6,2023,7,8
5.330072402954102,0.0,30.0,6,2023,7,8
4.554102897644043,0.800000011920929,32.0,6,2023,7,8
5.326848030090332,0.0,37.0,6,2023,7,8
3.799494743347168,0.0,38.0,6,2023,7,8
4.265142440795898,0.0,39.0,6,2023,7,8
5.720663547515869,4.0,44.0,6,2023,7,8
4.264627933502197,27.10000228881836,5.0,7,2023,7,8
10.944252014160156,5.0,9.0,7,2023,7,8
16.5111083984375,15.0,11.0,7,2023,7,8
15.000228881835938,29.200000762939453,13.0,7,2023,7,8
5.751758575439453,17.0,25.0,7,2023,7,8
5.743812084197998,13.000000953674316,29.0,7,2023,7,8
3.486462116241455,34.000003814697266,30.0,7,2023,7,8
3.823897838592529,14.000000953674316,32.0,7,2023,7,8
3.804667472839356,27.000001907348636,37.0,7,2023,7,8
2.533273220062256,5.999999523162842,38.0,7,2023,7,8
3.5015416145324707,1.999999761581421,39.0,7,2023,7,8
4.753386497497559,10.000000953674316,44.0,7,2023,7,8
3.661154747009277,9.0,5.0,1,2023,7,11
8.315069198608398,0.2000000178813934,9.0,1,2023,7,11
10.29592227935791,0.0999999120831489,11.0,1,2023,7,11
9.950428009033203,1.899999976158142,13.0,1,2023,7,11
3.723031520843506,16.0,25.0,1,2023,7,11
3.7107186317443848,0.0,29.0,1,2023,7,11
2.3612923622131348,9.0,30.0,1,2023,7,11
1.3056142330169678,0.5,32.0,1,2023,7,11
1.5955259799957275,10.099998474121094,37.0,1,2023,7,11
1.603574275970459,11.0,38.0,1,2023,7,11
1.3367769718170166,22.0000057220459,39.0,1,2023,7,11
1.545207142829895,3.0,44.0,1,2023,7,11
4.237634658813477,52.00000762939453,5.0,2,2023,7,11
8.874351501464844,4.799999237060547,9.0,2,2023,7,11
13.047730445861816,7.0,11.0,2,2023,7,11
11.138195991516112,16.099998474121094,13.0,2,2023,7,11
4.205445289611816,59.9999885559082,25.0,2,2023,7,11
4.226077079772949,5.999999523162842,29.0,2,2023,7,11
2.480794906616211,0.0,30.0,2,2023,7,11
1.4228301048278809,0.0999999120831489,32.0,2,2023,7,11
1.8732328414916992,0.0,37.0,2,2023,7,11
1.8328057527542116,0.0,38.0,2,2023,7,11
1.4116135835647583,0.0,39.0,2,2023,7,11
1.1935428380966189,17.0,44.0,2,2023,7,11
5.352687358856201,0.9999998807907104,5.0,3,2023,7,11
8.701047897338867,0.2000000178813934,9.0,3,2023,7,11
13.96590805053711,0.9999998807907104,11.0,3,2023,7,11
13.50601577758789,2.799999713897705,13.0,3,2023,7,11
7.3127360343933105,4.0,25.0,3,2023,7,11
5.405335903167725,9.0,29.0,3,2023,7,11
3.81988525390625,0.0,30.0,3,2023,7,11
3.326345205307007,0.800000011920929,32.0,3,2023,7,11
2.6183440685272217,0.0,37.0,3,2023,7,11
3.5599377155303955,0.0,38.0,3,2023,7,11
2.4401981830596924,0.0,39.0,3,2023,7,11
3.430386781692505,4.0,44.0,3,2023,7,11
12.82715129852295,27.10000228881836,5.0,4,2023,7,11
22.85595321655273,5.0,9.0,4,2023,7,11
24.05558013916016,15.0,11.0,4,2023,7,11
26.221025466918945,29.200000762939453,13.0,4,2023,7,11
20.438167572021484,17.0,25.0,4,2023,7,11
14.927642822265623,13.000000953674316,29.0,4,2023,7,11
12.42713451385498,34.000003814697266,30.0,4,2023,7,11
12.701725006103516,14.000000953674316,32.0,4,2023,7,11
13.421473503112791,27.000001907348636,37.0,4,2023,7,11
8.92941665649414,5.999999523162842,38.0,4,2023,7,11
11.390450477600098,1.999999761581421,39.0,4,2023,7,11
14.26344871520996,10.000000953674316,44.0,4,2023,7,11
3.653793811798096,5.999999523162842,5.0,5,2023,7,11
3.396575450897217,5.0,9.0,5,2023,7,11
4.729050636291504,1.999999761581421,11.0,5,2023,7,11
3.978382587432861,3.0,13.0,5,2023,7,11
5.152791976928711,5.999999523162842,25.0,5,2023,7,11
4.664962768554688,3.0,29.0,5,2023,7,11
4.7583088874816895,7.0,30.0,5,2023,7,11
4.008770942687988,0.0,32.0,5,2023,7,11
4.248223304748535,0.0,37.0,5,2023,7,11
3.914050579071045,7.0,38.0,5,2023,7,11
4.947177886962891,0.9999998807907104,39.0,5,2023,7,11
5.366305351257324,0.0,44.0,5,2023,7,11
4.03830623626709,0.0,5.0,6,2023,7,11
3.3731002807617188,0.0,9.0,6,2023,7,11
4.4413604736328125,0.0,11.0,6,2023,7,11
4.784784317016602,0.0,13.0,6,2023,7,11
7.566506862640381,0.0,25.0,6,2023,7,11
6.299585342407227,0.0,29.0,6,2023,7,11
7.1411848068237305,0.0,30.0,6,2023,7,11
11.21653938293457,0.2000000178813934,32.0,6,2023,7,11
7.487956523895264,0.0,37.0,6,2023,7,11
6.911100387573242,0.0,38.0,6,2023,7,11
12.053842544555664,0.0,39.0,6,2023,7,11
14.221442222595217,0.0,44.0,6,2023,7,11
4.439343452453613,0.0,5.0,7,2023,7,11
4.783967971801758,0.0,9.0,7,2023,7,11
5.047814846038818,0.0,11.0,7,2023,7,11
5.954153060913086,0.0,13.0,7,2023,7,11
6.015689849853516,0.0,25.0,7,2023,7,11
4.157978057861328,0.0,29.0,7,2023,7,11
5.936286926269531,0.0,30.0,7,2023,7,11
8.809676170349121,0.0,32.0,7,2023,7,11
7.328834533691406,0.0,37.0,7,2023,7,11
4.308465957641602,0.0,38.0,7,2023,7,11
10.279170036315918,0.0,39.0,7,2023,7,11
12.5252103805542,0.0,44.0,7,2023,7,11
4.048833847045898,5.999999523162842,5.0,1,2023,7,15
3.239227294921875,5.0,9.0,1,2023,7,15
3.844576120376587,1.999999761581421,11.0,1,2023,7,15
4.255878448486328,3.0,13.0,1,2023,7,15
4.487482070922852,5.999999523162842,25.0,1,2023,7,15
4.592136383056641,3.0,29.0,1,2023,7,15
4.033402442932129,7.0,30.0,1,2023,7,15
3.3191051483154297,0.0,32.0,1,2023,7,15
4.001082420349121,0.0,37.0,1,2023,7,15
3.3406403064727783,7.0,38.0,1,2023,7,15
4.394820690155029,0.9999998807907104,39.0,1,2023,7,15
3.933708429336548,0.0,44.0,1,2023,7,15
0.7682647109031677,0.0,5.0,2,2023,7,15
0.4072758257389068,0.0,9.0,2,2023,7,15
0.4881071746349334,0.0,11.0,2,2023,7,15
0.439676284790039,0.0,13.0,2,2023,7,15
1.542424201965332,0.0,25.0,2,2023,7,15
1.0882593393325806,0.0,29.0,2,2023,7,15
1.8436505794525144,0.0,30.0,2,2023,7,15
1.7327730655670166,0.2000000178813934,32.0,2,2023,7,15
1.5796284675598145,0.0,37.0,2,2023,7,15
1.1612303256988523,0.0,38.0,2,2023,7,15
2.017666816711426,0.0,39.0,2,2023,7,15
3.5321149826049805,0.0,44.0,2,2023,7,15
1.428203821182251,0.0,5.0,3,2023,7,15
0.9410534501075744,0.0,9.0,3,2023,7,15
1.1815855503082275,0.0,11.0,3,2023,7,15
1.4286301136016846,0.0,13.0,3,2023,7,15
3.060365676879883,0.0,25.0,3,2023,7,15
2.228803873062134,0.0,29.0,3,2023,7,15
3.932749748229981,0.0,30.0,3,2023,7,15
3.1255805492401123,0.0,32.0,3,2023,7,15
3.1894381046295166,0.0,37.0,3,2023,7,15
2.263485908508301,0.0,38.0,3,2023,7,15
3.54223370552063,0.0,39.0,3,2023,7,15
4.195658206939697,0.0,44.0,3,2023,7,15
7.805120944976807,8.0,5.0,4,2023,7,15
4.942708969116211,11.0,9.0,4,2023,7,15
8.536735534667969,8.0,11.0,4,2023,7,15
7.468379497528076,9.0,13.0,4,2023,7,15
14.727224349975586,9.0,25.0,4,2023,7,15
9.8504056930542,0.8999999761581421,29.0,4,2023,7,15
17.27847671508789,3.0,30.0,4,2023,7,15
39.1839485168457,14.000000953674316,32.0,4,2023,7,15
22.954078674316406,3.0,37.0,4,2023,7,15
12.170686721801758,0.0,38.0,4,2023,7,15
26.50955581665039,4.0,39.0,4,2023,7,15
65.24495697021484,4.0,44.0,4,2023,7,15
9.923108100891112,8.0,5.0,5,2023,7,15
11.893967628479004,5.0,9.0,5,2023,7,15
12.492982864379885,1.1000001430511477,11.0,5,2023,7,15
16.194786071777344,20.99999618530273,13.0,5,2023,7,15
9.735528945922852,9.0,25.0,5,2023,7,15
7.517553806304932,5.09999942779541,29.0,5,2023,7,15
8.272111892700195,1.999999761581421,30.0,5,2023,7,15
14.41336441040039,15.0,32.0,5,2023,7,15
10.586374282836914,9.0,37.0,5,2023,7,15
6.323336124420166,24.000001907348636,38.0,5,2023,7,15
10.55874252319336,3.0,39.0,5,2023,7,15
15.214347839355469,8.0,44.0,5,2023,7,15
8.559951782226562,9.0,5.0,6,2023,7,15
8.726359367370605,3.0,9.0,6,2023,7,15
11.220932006835938,0.3000000715255737,11.0,6,2023,7,15
12.004599571228027,0.0,13.0,6,2023,7,15
10.311351776123049,32.000003814697266,25.0,6,2023,7,15
9.436235427856444,4.0,29.0,6,2023,7,15
10.175863265991213,7.0,30.0,6,2023,7,15
15.276784896850586,1.999999761581421,32.0,6,2023,7,15
9.81181526184082,5.0,37.0,6,2023,7,15
7.1412858963012695,0.0,38.0,6,2023,7,15
10.51933479309082,10.000000953674316,39.0,6,2023,7,15
18.44083976745605,5.999999523162842,44.0,6,2023,7,15
4.302151679992676,1.999999761581421,5.0,7,2023,7,15
5.319500923156738,0.0,9.0,7,2023,7,15
4.798859596252441,0.0,11.0,7,2023,7,15
6.257238388061523,0.0,13.0,7,2023,7,15
5.440723419189453,0.6999999284744263,25.0,7,2023,7,15
4.008216381072998,0.0,29.0,7,2023,7,15
5.883107662200928,0.0,30.0,7,2023,7,15
9.636479377746582,0.0,32.0,7,2023,7,15
6.048538684844971,0.0,37.0,7,2023,7,15
2.9911868572235107,0.0,38.0,7,2023,7,15
5.954605102539063,1.999999761581421,39.0,7,2023,7,15
13.91207504272461,0.9999998807907104,44.0,7,2023,7,15
22.11051368713379,8.0,5.0,1,2023,7,18
30.521203994750977,11.0,9.0,1,2023,7,18
25.461694717407227,8.0,11.0,1,2023,7,18
31.633516311645508,9.0,13.0,1,2023,7,18
27.65526390075684,9.0,25.0,1,2023,7,18
15.835393905639648,0.8999999761581421,29.0,1,2023,7,18
25.197010040283203,3.0,30.0,1,2023,7,18
21.73538589477539,14.000000953674316,32.0,1,2023,7,18
22.523860931396484,3.0,37.0,1,2023,7,18
15.997236251831056,0.0,38.0,1,2023,7,18
17.329833984375,4.0,39.0,1,2023,7,18
17.651710510253906,4.0,44.0,1,2023,7,18
8.33238410949707,8.0,5.0,2,2023,7,18
7.653668403625488,5.0,9.0,2,2023,7,18
9.444856643676758,1.1000001430511477,11.0,2,2023,7,18
8.911022186279297,20.99999618530273,13.0,2,2023,7,18
8.686982154846191,9.0,25.0,2,2023,7,18
7.593955993652344,5.09999942779541,29.0,2,2023,7,18
7.223150253295898,1.999999761581421,30.0,2,2023,7,18
7.80780029296875,15.0,32.0,2,2023,7,18
6.753701210021973,9.0,37.0,2,2023,7,18
6.8395538330078125,24.000001907348636,38.0,2,2023,7,18
5.094725608825684,3.0,39.0,2,2023,7,18
8.22656536102295,8.0,44.0,2,2023,7,18
3.401129007339477,9.0,5.0,3,2023,7,18
4.579389572143555,3.0,9.0,3,2023,7,18
6.429613590240479,0.3000000715255737,11.0,3,2023,7,18
6.231727600097656,0.0,13.0,3,2023,7,18
4.069520950317383,32.000003814697266,25.0,3,2023,7,18
2.898180723190308,4.0,29.0,3,2023,7,18
3.190567970275879,7.0,30.0,3,2023,7,18
4.871555328369141,1.999999761581421,32.0,3,2023,7,18
3.1787617206573486,5.0,37.0,3,2023,7,18
2.4025793075561523,0.0,38.0,3,2023,7,18
3.67106819152832,10.000000953674316,39.0,3,2023,7,18
6.164565563201904,5.999999523162842,44.0,3,2023,7,18
2.3761494159698486,1.999999761581421,5.0,4,2023,7,18
4.494607925415039,0.0,9.0,4,2023,7,18
4.823615074157715,0.0,11.0,4,2023,7,18
5.324032783508301,0.0,13.0,4,2023,7,18
3.313717603683472,0.6999999284744263,25.0,4,2023,7,18
2.592779874801636,0.0,29.0,4,2023,7,18
3.5460457801818848,0.0,30.0,4,2023,7,18
6.022411346435547,0.0,32.0,4,2023,7,18
3.804536819458008,0.0,37.0,4,2023,7,18
2.448115587234497,0.0,38.0,4,2023,7,18
4.641634941101074,1.999999761581421,39.0,4,2023,7,18
8.127575874328613,0.9999998807907104,44.0,4,2023,7,18
1.262511134147644,0.0,5.0,5,2023,7,18
1.7219181060791016,0.0,9.0,5,2023,7,18
2.364875316619873,7.0,11.0,5,2023,7,18
2.362766981124878,97.00001525878906,13.0,5,2023,7,18
2.299501895904541,0.0,25.0,5,2023,7,18
1.1564772129058838,0.0,29.0,5,2023,7,18
2.3898255825042725,0.0,30.0,5,2023,7,18
4.050232887268066,0.0,32.0,5,2023,7,18
3.0146729946136475,0.0,37.0,5,2023,7,18
1.7858012914657593,0.0,38.0,5,2023,7,18
4.149653911590576,0.0,39.0,5,2023,7,18
6.634832859039307,0.0,44.0,5,2023,7,18
1.2990586757659912,0.0,5.0,6,2023,7,18
1.6661694049835205,11.0,9.0,6,2023,7,18
1.869272232055664,14.000000953674316,11.0,6,2023,7,18
2.3190371990203857,36.29999923706055,13.0,6,2023,7,18
2.337135076522827,8.0,25.0,6,2023,7,18
1.33964204788208,0.6999999284744263,29.0,6,2023,7,18
2.602783679962158,0.0,30.0,6,2023,7,18
4.266808032989502,0.0,32.0,6,2023,7,18
2.925468683242798,0.0,37.0,6,2023,7,18
1.8525208234786987,47.999996185302734,38.0,6,2023,7,18
4.546875953674316,0.0,39.0,6,2023,7,18
7.607388973236084,0.0,44.0,6,2023,7,18
4.0331196784973145,0.0,5.0,7,2023,7,18
4.318024158477783,4.0,9.0,7,2023,7,18
4.530972480773926,14.000000953674316,11.0,7,2023,7,18
5.13820219039917,12.000001907348633,13.0,7,2023,7,18
6.263246059417725,0.9999998807907104,25.0,7,2023,7,18
5.61455774307251,0.4000000953674316,29.0,7,2023,7,18
6.78197193145752,0.0,30.0,7,2023,7,18
13.086715698242188,0.0,32.0,7,2023,7,18
8.613726615905762,0.0,37.0,7,2023,7,18
5.877809524536133,0.0,38.0,7,2023,7,18
13.22220516204834,0.0,39.0,7,2023,7,18
19.40718460083008,0.0,44.0,7,2023,7,18
2.7627077102661133,0.0,5.0,1,2023,7,22
5.57241153717041,0.0,9.0,1,2023,7,22
7.413092613220215,7.0,11.0,1,2023,7,22
6.80497932434082,97.00001525878906,13.0,1,2023,7,22
2.991870164871216,0.0,25.0,1,2023,7,22
3.260909080505371,0.0,29.0,1,2023,7,22
2.305190324783325,0.0,30.0,1,2023,7,22
2.058882713317871,0.0,32.0,1,2023,7,22
1.9228163957595823,0.0,37.0,1,2023,7,22
1.375617265701294,0.0,38.0,1,2023,7,22
1.945022702217102,0.0,39.0,1,2023,7,22
2.1877098083496094,0.0,44.0,1,2023,7,22
3.389853954315185,0.0,5.0,2,2023,7,22
7.396946907043457,11.0,9.0,2,2023,7,22
10.055505752563477,14.000000953674316,11.0,2,2023,7,22
9.01466941833496,36.29999923706055,13.0,2,2023,7,22
3.222712755203247,8.0,25.0,2,2023,7,22
3.8929131031036377,0.6999999284744263,29.0,2,2023,7,22
2.079095363616944,0.0,30.0,2,2023,7,22
1.9191713333129885,0.0,32.0,2,2023,7,22
1.5750255584716797,0.0,37.0,2,2023,7,22
1.1300185918807983,47.999996185302734,38.0,2,2023,7,22
1.3483164310455322,0.0,39.0,2,2023,7,22
1.474310040473938,0.0,44.0,2,2023,7,22
1.3671725988388062,0.0,5.0,3,2023,7,22
3.0384063720703125,4.0,9.0,3,2023,7,22
3.556569099426269,14.000000953674316,11.0,3,2023,7,22
3.620053768157959,12.000001907348633,13.0,3,2023,7,22
1.83093786239624,0.9999998807907104,25.0,3,2023,7,22
1.4228248596191406,0.4000000953674316,29.0,3,2023,7,22
1.4242039918899536,0.0,30.0,3,2023,7,22
0.974205195903778,0.0,32.0,3,2023,7,22
1.2304306030273438,0.0,37.0,3,2023,7,22
0.9080517292022704,0.0,38.0,3,2023,7,22
1.0989927053451538,0.0,39.0,3,2023,7,22
1.5520460605621338,0.0,44.0,3,2023,7,22
0.9846470355987548,0.0,5.0,4,2023,7,22
1.979944348335266,0.0,9.0,4,2023,7,22
2.0599145889282227,0.9999998807907104,11.0,4,2023,7,22
2.300532102584839,0.0,13.0,4,2023,7,22
1.4211617708206177,0.0,25.0,4,2023,7,22
0.9961792826652528,0.0,29.0,4,2023,7,22
1.003383994102478,0.0,30.0,4,2023,7,22
0.656001627445221,0.0,32.0,4,2023,7,22
0.8421378135681152,0.0,37.0,4,2023,7,22
0.7246167659759521,0.0,38.0,4,2023,7,22
0.91603821516037,0.0,39.0,4,2023,7,22
1.1573469638824463,4.0,44.0,4,2023,7,22
2.0249133110046387,0.0,5.0,5,2023,7,22
3.1835052967071533,0.0,9.0,5,2023,7,22
5.232692718505859,3.0,11.0,5,2023,7,22
3.797881603240967,0.0,13.0,5,2023,7,22
2.531273365020752,0.0,25.0,5,2023,7,22
2.474373340606689,0.0,29.0,5,2023,7,22
2.125279903411865,0.0,30.0,5,2023,7,22
1.8064502477645876,0.0,32.0,5,2023,7,22
1.5500940084457395,0.0,37.0,5,2023,7,22
0.8619033098220825,0.0,38.0,5,2023,7,22
1.642106056213379,0.0,39.0,5,2023,7,22
2.038238286972046,0.0,44.0,5,2023,7,22
4.187873840332031,10.099998474121094,5.0,6,2023,7,22
12.847549438476562,17.0,9.0,6,2023,7,22
18.980512619018555,0.4000000953674316,11.0,6,2023,7,22
17.416967391967773,7.1999993324279785,13.0,6,2023,7,22
7.25878381729126,18.000003814697266,25.0,6,2023,7,22
5.058213710784912,0.0,29.0,6,2023,7,22
2.4345412254333496,0.2000000178813934,30.0,6,2023,7,22
4.092015266418457,7.0,32.0,6,2023,7,22
2.9293527603149414,0.2000000178813934,37.0,6,2023,7,22
2.286343097686768,0.0,38.0,6,2023,7,22
2.825395345687866,0.3000000715255737,39.0,6,2023,7,22
4.934210777282715,0.0,44.0,6,2023,7,22
19.9981746673584,13.499999046325684,5.0,7,2023,7,22
13.731925964355469,48.99999237060547,9.0,7,2023,7,22
16.480682373046875,11.69999885559082,11.0,7,2023,7,22
17.64303207397461,52.20000076293945,13.0,7,2023,7,22
22.45775604248047,35.0,25.0,7,2023,7,22
18.71553039550781,22.0000057220459,29.0,7,2023,7,22
15.493436813354492,4.0,30.0,7,2023,7,22
10.4401273727417,8.0,32.0,7,2023,7,22
13.64477252960205,1.8000000715255735,37.0,7,2023,7,22
12.384146690368652,0.9999998807907104,38.0,7,2023,7,22
11.241371154785156,2.6999998092651367,39.0,7,2023,7,22
13.403300285339355,0.0,44.0,7,2023,7,22
1.624650001525879,0.0,5.0,1,2023,7,25
1.8348323106765747,0.0,9.0,1,2023,7,25
2.534740924835205,0.9999998807907104,11.0,1,2023,7,25
2.6415724754333496,0.0,13.0,1,2023,7,25
2.081596612930298,0.0,25.0,1,2023,7,25
1.5576382875442505,0.0,29.0,1,2023,7,25
1.456786036491394,0.0,30.0,1,2023,7,25
0.9104135632514954,0.0,32.0,1,2023,7,25
1.4399445056915283,0.0,37.0,1,2023,7,25
1.3455637693405151,0.0,38.0,1,2023,7,25
1.5875341892242432,0.0,39.0,1,2023,7,25
1.3138355016708374,4.0,44.0,1,2023,7,25
1.4429829120635986,0.0,5.0,2,2023,7,25
2.8410706520080566,0.0,9.0,2,2023,7,25
2.49665641784668,3.0,11.0,2,2023,7,25
2.7937536239624023,0.0,13.0,2,2023,7,25
2.136298418045044,0.0,25.0,2,2023,7,25
1.3883569240570068,0.0,29.0,2,2023,7,25
1.7470431327819824,0.0,30.0,2,2023,7,25
1.311477780342102,0.0,32.0,2,2023,7,25
1.4817869663238523,0.0,37.0,2,2023,7,25
1.0630249977111816,0.0,38.0,2,2023,7,25
1.445755124092102,0.0,39.0,2,2023,7,25
1.8997265100479128,0.0,44.0,2,2023,7,25
10.701553344726562,10.099998474121094,5.0,3,2023,7,25
27.895753860473636,17.0,9.0,3,2023,7,25
24.522968292236328,0.4000000953674316,11.0,3,2023,7,25
28.51811981201172,7.1999993324279785,13.0,3,2023,7,25
15.657586097717283,18.000003814697266,25.0,3,2023,7,25
7.64285135269165,0.0,29.0,3,2023,7,25
5.085080146789551,0.2000000178813934,30.0,3,2023,7,25
9.503856658935549,7.0,32.0,3,2023,7,25
5.792635917663574,0.2000000178813934,37.0,3,2023,7,25
4.69862174987793,0.0,38.0,3,2023,7,25
8.179439544677734,0.3000000715255737,39.0,3,2023,7,25
13.65007781982422,0.0,44.0,3,2023,7,25
17.034387588500977,13.499999046325684,5.0,4,2023,7,25
10.673155784606934,48.99999237060547,9.0,4,2023,7,25
16.43275260925293,11.69999885559082,11.0,4,2023,7,25
17.325101852416992,52.20000076293945,13.0,4,2023,7,25
19.323888778686523,35.0,25.0,4,2023,7,25
20.72953414916992,22.0000057220459,29.0,4,2023,7,25
19.220813751220703,4.0,30.0,4,2023,7,25
17.371116638183594,8.0,32.0,4,2023,7,25
16.176794052124023,1.8000000715255735,37.0,4,2023,7,25
13.672598838806152,0.9999998807907104,38.0,4,2023,7,25
15.710530281066896,2.6999998092651367,39.0,4,2023,7,25
18.81038475036621,0.0,44.0,4,2023,7,25
12.338875770568848,7.40000057220459,5.0,5,2023,7,25
11.035113334655762,0.0,9.0,5,2023,7,25
13.10023307800293,27.89999771118164,11.0,5,2023,7,25
13.873628616333008,20.99999618530273,13.0,5,2023,7,25
14.93248176574707,15.0,25.0,5,2023,7,25
12.39118766784668,17.799997329711914,29.0,5,2023,7,25
15.697650909423828,1.999999761581421,30.0,5,2023,7,25
16.916784286499023,10.000000953674316,32.0,5,2023,7,25
15.27820110321045,0.5,37.0,5,2023,7,25
11.197665214538574,13.000000953674316,38.0,5,2023,7,25
13.142861366271973,1.999999761581421,39.0,5,2023,7,25
17.365949630737305,0.9999998807907104,44.0,5,2023,7,25
15.961729049682615,42.00000381469727,5.0,6,2023,7,25
19.023170471191406,6.500000476837158,9.0,6,2023,7,25
15.948598861694336,22.0000057220459,11.0,6,2023,7,25
20.32988548278809,37.0,13.0,6,2023,7,25
18.486650466918945,12.000001907348633,25.0,6,2023,7,25
13.944621086120604,9.199999809265137,29.0,6,2023,7,25
14.246638298034668,5.0,30.0,6,2023,7,25
14.77905559539795,38.99999237060547,32.0,6,2023,7,25
13.55581283569336,30.0000057220459,37.0,6,2023,7,25
11.013142585754396,5.0,38.0,6,2023,7,25
12.273285865783691,11.500000953674316,39.0,6,2023,7,25
14.041772842407228,1.2000000476837158,44.0,6,2023,7,25
15.241942405700684,28.000003814697266,5.0,7,2023,7,25
24.47235870361328,11.0,9.0,7,2023,7,25
20.79292106628418,3.0,11.0,7,2023,7,25
27.68345260620117,10.000000953674316,13.0,7,2023,7,25
19.181983947753903,23.0,25.0,7,2023,7,25
15.578914642333984,14.000000953674316,29.0,7,2023,7,25
11.455537796020508,14.000000953674316,30.0,7,2023,7,25
11.879383087158203,19.99999618530273,32.0,7,2023,7,25
9.831098556518556,18.000003814697266,37.0,7,2023,7,25
8.714553833007812,10.000000953674316,38.0,7,2023,7,25
11.353361129760742,24.5000057220459,39.0,7,2023,7,25
10.836630821228027,5.8000006675720215,44.0,7,2023,7,25
9.652709007263184,7.40000057220459,5.0,1,2023,7,29
5.797207832336426,0.0,9.0,1,2023,7,29
9.20269012451172,27.89999771118164,11.0,1,2023,7,29
8.810165405273438,20.99999618530273,13.0,1,2023,7,29
12.75254249572754,15.0,25.0,1,2023,7,29
11.670454025268556,17.799997329711914,29.0,1,2023,7,29
11.279726028442385,1.999999761581421,30.0,1,2023,7,29
9.537578582763672,10.000000953674316,32.0,1,2023,7,29
11.16990089416504,0.5,37.0,1,2023,7,29
8.598535537719727,13.000000953674316,38.0,1,2023,7,29
8.941182136535645,1.999999761581421,39.0,1,2023,7,29
10.98332405090332,0.9999998807907104,44.0,1,2023,7,29
17.419260025024414,42.00000381469727,5.0,2,2023,7,29
18.206382751464844,6.500000476837158,9.0,2,2023,7,29
20.121395111083984,22.0000057220459,11.0,2,2023,7,29
20.50593376159668,37.0,13.0,2,2023,7,29
18.72904396057129,12.000001907348633,25.0,2,2023,7,29
18.02309799194336,9.199999809265137,29.0,2,2023,7,29
13.66214656829834,5.0,30.0,2,2023,7,29
10.842620849609377,38.99999237060547,32.0,2,2023,7,29
12.970412254333496,30.0000057220459,37.0,2,2023,7,29
11.248640060424805,5.0,38.0,2,2023,7,29
10.322467803955078,11.500000953674316,39.0,2,2023,7,29
10.905585289001465,1.2000000476837158,44.0,2,2023,7,29
12.558197021484377,28.000003814697266,5.0,3,2023,7,29
17.086769104003906,11.0,9.0,3,2023,7,29
18.95880126953125,3.0,11.0,3,2023,7,29
19.317401885986328,10.000000953674316,13.0,3,2023,7,29
13.68935489654541,23.0,25.0,3,2023,7,29
13.863702774047852,14.000000953674316,29.0,3,2023,7,29
9.481086730957031,14.000000953674316,30.0,3,2023,7,29
10.045934677124023,19.99999618530273,32.0,3,2023,7,29
8.702364921569824,18.000003814697266,37.0,3,2023,7,29
7.966892242431641,10.000000953674316,38.0,3,2023,7,29
9.852811813354492,24.5000057220459,39.0,3,2023,7,29
9.535888671875,5.8000006675720215,44.0,3,2023,7,29
16.55597496032715,10.000000953674316,5.0,4,2023,7,29
23.853435516357425,30.0000057220459,9.0,4,2023,7,29
22.898090362548828,7.0,11.0,4,2023,7,29
28.68163299560547,9.0,13.0,4,2023,7,29
19.878589630126957,8.0,25.0,4,2023,7,29
18.70854759216309,11.599998474121094,29.0,4,2023,7,29
13.436803817749023,19.99999618530273,30.0,4,2023,7,29
15.90477180480957,30.0000057220459,32.0,4,2023,7,29
13.048718452453612,13.000000953674316,37.0,4,2023,7,29
10.50441551208496,5.999999523162842,38.0,4,2023,7,29
15.74753189086914,7.0,39.0,4,2023,7,29
16.248306274414062,3.0,44.0,4,2023,7,29
15.79734992980957,43.00000381469727,5.0,5,2023,7,29
17.749156951904297,12.000001907348633,9.0,5,2023,7,29
21.60704040527344,16.0,11.0,5,2023,7,29
21.697296142578125,28.000003814697266,13.0,5,2023,7,29
22.46953773498535,43.00000381469727,25.0,5,2023,7,29
19.375078201293945,71.40001678466797,29.0,5,2023,7,29
14.108851432800291,35.0,30.0,5,2023,7,29
14.258012771606444,16.700000762939453,32.0,5,2023,7,29
11.866829872131348,51.00000762939453,37.0,5,2023,7,29
12.066462516784668,15.0,38.0,5,2023,7,29
14.856694221496582,47.0,39.0,5,2023,7,29
14.165700912475586,24.999998092651367,44.0,5,2023,7,29
19.42529296875,34.000003814697266,5.0,6,2023,7,29
18.6571044921875,8.0,9.0,6,2023,7,29
22.728553771972656,0.5999999046325684,11.0,6,2023,7,29
25.199783325195312,300.0,13.0,6,2023,7,29
23.095685958862305,8.0,25.0,6,2023,7,29
20.88766860961914,32.000003814697266,29.0,6,2023,7,29
15.924681663513184,38.99999237060547,30.0,6,2023,7,29
12.828631401062012,30.400007247924805,32.0,6,2023,7,29
12.802105903625488,34.100006103515625,37.0,6,2023,7,29
12.86913776397705,22.0000057220459,38.0,6,2023,7,29
12.93105411529541,65.99998474121094,39.0,6,2023,7,29
14.092110633850098,18.000003814697266,44.0,6,2023,7,29
8.53310775756836,24.000001907348636,5.0,7,2023,7,29
16.966318130493164,76.9999771118164,9.0,7,2023,7,29
14.501524925231934,112.40003967285156,11.0,7,2023,7,29
18.037935256958008,65.00000762939453,13.0,7,2023,7,29
12.605716705322266,26.00000762939453,25.0,7,2023,7,29
10.464102745056152,45.99999237060547,29.0,7,2023,7,29
5.847481727600098,53.00000381469727,30.0,7,2023,7,29
3.7529897689819336,6.90000057220459,32.0,7,2023,7,29
4.433651447296143,21.899999618530277,37.0,7,2023,7,29
5.070351600646973,18.000003814697266,38.0,7,2023,7,29
4.5412139892578125,7.0,39.0,7,2023,7,29
5.421195030212402,43.00000381469727,44.0,7,2023,7,29
12.16545295715332,10.000000953674316,5.0,1,2023,8,1
18.86218643188477,30.0000057220459,9.0,1,2023,8,1
20.46525001525879,7.0,11.0,1,2023,8,1
21.440208435058597,9.0,13.0,1,2023,8,1
14.437203407287598,8.0,25.0,1,2023,8,1
14.161781311035156,11.599998474121094,29.0,1,2023,8,1
10.687873840332031,19.99999618530273,30.0,1,2023,8,1
11.975031852722168,30.0000057220459,32.0,1,2023,8,1
9.911351203918455,13.000000953674316,37.0,1,2023,8,1
7.169080257415772,5.999999523162842,38.0,1,2023,8,1
10.73449993133545,7.0,39.0,1,2023,8,1
12.653521537780762,3.0,44.0,1,2023,8,1
18.46038246154785,43.00000381469727,5.0,2,2023,8,1
26.93678092956543,12.000001907348633,9.0,2,2023,8,1
25.59925079345703,16.0,11.0,2,2023,8,1
27.9139404296875,28.000003814697266,13.0,2,2023,8,1
20.16482353210449,43.00000381469727,25.0,2,2023,8,1
18.767309188842773,71.40001678466797,29.0,2,2023,8,1
15.349133491516112,35.0,30.0,2,2023,8,1
17.325244903564453,16.700000762939453,32.0,2,2023,8,1
14.38616180419922,51.00000762939453,37.0,2,2023,8,1
12.163022994995115,15.0,38.0,2,2023,8,1
15.29479694366455,47.0,39.0,2,2023,8,1
16.056049346923828,24.999998092651367,44.0,2,2023,8,1
17.002511978149414,34.000003814697266,5.0,3,2023,8,1
18.811843872070312,8.0,9.0,3,2023,8,1
24.098955154418945,0.5999999046325684,11.0,3,2023,8,1
22.753379821777344,300.0,13.0,3,2023,8,1
16.9053897857666,8.0,25.0,3,2023,8,1
17.58513641357422,32.000003814697266,29.0,3,2023,8,1
10.784801483154297,38.99999237060547,30.0,3,2023,8,1
11.856229782104492,30.400007247924805,32.0,3,2023,8,1
10.163549423217772,34.100006103515625,37.0,3,2023,8,1
9.513710975646973,22.0000057220459,38.0,3,2023,8,1
11.270731925964355,65.99998474121094,39.0,3,2023,8,1
12.254874229431152,18.000003814697266,44.0,3,2023,8,1
16.46919059753418,24.000001907348636,5.0,4,2023,8,1
19.59650611877441,76.9999771118164,9.0,4,2023,8,1
20.128143310546875,112.40003967285156,11.0,4,2023,8,1
25.040912628173828,65.00000762939453,13.0,4,2023,8,1
19.55821418762207,26.00000762939453,25.0,4,2023,8,1
18.55558013916016,45.99999237060547,29.0,4,2023,8,1
12.56104850769043,53.00000381469727,30.0,4,2023,8,1
12.562804222106934,6.90000057220459,32.0,4,2023,8,1
11.639045715332031,21.899999618530277,37.0,4,2023,8,1
10.875503540039062,18.000003814697266,38.0,4,2023,8,1
12.840819358825684,7.0,39.0,4,2023,8,1
14.882635116577148,43.00000381469727,44.0,4,2023,8,1
9.493614196777344,56.0,5.0,5,2023,8,1
12.29896640777588,42.00000381469727,9.0,5,2023,8,1
12.513542175292969,110.99998474121094,11.0,5,2023,8,1
12.7199068069458,97.00001525878906,13.0,5,2023,8,1
10.13217830657959,42.00000381469727,25.0,5,2023,8,1
10.846854209899902,16.0,29.0,5,2023,8,1
4.7155609130859375,36.19999694824219,30.0,5,2023,8,1
2.109438896179199,114.99999237060548,32.0,5,2023,8,1
3.1590325832366943,40.00000762939453,37.0,5,2023,8,1
4.746960639953613,30.99999237060547,38.0,5,2023,8,1
2.935298204421997,41.00000381469727,39.0,5,2023,8,1
1.817937254905701,43.00000381469727,44.0,5,2023,8,1
6.268866539001465,12.000001907348633,5.0,6,2023,8,1
12.556964874267578,48.99999237060547,9.0,6,2023,8,1
12.587839126586914,26.00000762939453,11.0,6,2023,8,1
13.853259086608888,32.000003814697266,13.0,6,2023,8,1
7.161182403564453,18.000003814697266,25.0,6,2023,8,1
5.44427490234375,19.0,29.0,6,2023,8,1
2.842817544937134,5.0,30.0,6,2023,8,1
1.8646883964538572,20.99999618530273,32.0,6,2023,8,1
2.402257442474365,0.0,37.0,6,2023,8,1
2.0939364433288574,5.0,38.0,6,2023,8,1
2.439577341079712,1.499999761581421,39.0,6,2023,8,1
2.443652629852295,0.2000000178813934,44.0,6,2023,8,1
12.12738037109375,24.000001907348636,5.0,7,2023,8,1
16.94206428527832,60.999996185302734,9.0,7,2023,8,1
15.02613639831543,85.00003051757812,11.0,7,2023,8,1
16.53993034362793,64.00001525878906,13.0,7,2023,8,1
12.473880767822266,34.000003814697266,25.0,7,2023,8,1
11.812662124633787,9.0,29.0,7,2023,8,1
7.725445747375488,8.0,30.0,7,2023,8,1
6.742626667022705,17.0,32.0,7,2023,8,1
7.177048206329346,1.999999761581421,37.0,7,2023,8,1
7.056361675262451,9.0,38.0,7,2023,8,1
8.378434181213379,1.999999761581421,39.0,7,2023,8,1
7.718281745910644,0.2000000178813934,44.0,7,2023,8,1
20.67712783813477,56.0,5.0,1,2023,8,5
21.738887786865234,42.00000381469727,9.0,1,2023,8,5
24.35366439819336,110.99998474121094,11.0,1,2023,8,5
25.019214630126957,97.00001525878906,13.0,1,2023,8,5
22.06256103515625,42.00000381469727,25.0,1,2023,8,5
22.43860244750977,16.0,29.0,1,2023,8,5
17.639286041259766,36.19999694824219,30.0,1,2023,8,5
13.135215759277344,114.99999237060548,32.0,1,2023,8,5
14.644768714904783,40.00000762939453,37.0,1,2023,8,5
13.825471878051758,30.99999237060547,38.0,1,2023,8,5
12.703208923339844,41.00000381469727,39.0,1,2023,8,5
13.658302307128906,43.00000381469727,44.0,1,2023,8,5
38.213680267333984,12.000001907348633,5.0,2,2023,8,5
19.67252922058105,48.99999237060547,9.0,2,2023,8,5
26.133996963500977,26.00000762939453,11.0,2,2023,8,5
25.617998123168945,32.000003814697266,13.0,2,2023,8,5
37.64200210571289,18.000003814697266,25.0,2,2023,8,5
36.66277313232422,19.0,29.0,2,2023,8,5
25.37333297729492,5.0,30.0,2,2023,8,5
19.27478790283203,20.99999618530273,32.0,2,2023,8,5
25.243350982666016,0.0,37.0,2,2023,8,5
28.56545639038086,5.0,38.0,2,2023,8,5
20.13768196105957,1.499999761581421,39.0,2,2023,8,5
20.64096069335937,0.2000000178813934,44.0,2,2023,8,5
19.89662170410156,24.000001907348636,5.0,3,2023,8,5
28.524150848388672,60.999996185302734,9.0,3,2023,8,5
21.290546417236328,85.00003051757812,11.0,3,2023,8,5
26.59869766235352,64.00001525878906,13.0,3,2023,8,5
24.038482666015625,34.000003814697266,25.0,3,2023,8,5
22.61647605895996,9.0,29.0,3,2023,8,5
19.3348331451416,8.0,30.0,3,2023,8,5
15.221930503845217,17.0,32.0,3,2023,8,5
14.785282135009766,1.999999761581421,37.0,3,2023,8,5
14.045976638793944,9.0,38.0,3,2023,8,5
12.553539276123049,1.999999761581421,39.0,3,2023,8,5
16.30807113647461,0.2000000178813934,44.0,3,2023,8,5
15.965421676635742,5.999999523162842,5.0,4,2023,8,5
19.88453865051269,19.0,9.0,4,2023,8,5
23.10163307189941,206.00001525878903,11.0,4,2023,8,5
24.33185195922852,14.000000953674316,13.0,4,2023,8,5
16.511972427368164,18.000003814697266,25.0,4,2023,8,5
16.13108253479004,35.999996185302734,29.0,4,2023,8,5
10.079296112060549,9.0,30.0,4,2023,8,5
8.731729507446289,1.999999761581421,32.0,4,2023,8,5
9.062164306640623,18.000003814697266,37.0,4,2023,8,5
8.436206817626953,16.0,38.0,4,2023,8,5
8.903026580810547,0.0,39.0,4,2023,8,5
7.769252300262451,0.0999999120831489,44.0,4,2023,8,5
17.911211013793945,0.0,5.0,5,2023,8,5
17.760473251342773,18.000003814697266,9.0,5,2023,8,5
22.18364715576172,28.9999942779541,11.0,5,2023,8,5
21.962692260742188,30.99999237060547,13.0,5,2023,8,5
21.71942901611328,2.1000001430511475,25.0,5,2023,8,5
19.921586990356445,0.0999999120831489,29.0,5,2023,8,5
17.238210678100586,0.0999999120831489,30.0,5,2023,8,5
15.486879348754885,0.0,32.0,5,2023,8,5
14.363134384155272,0.0,37.0,5,2023,8,5
14.404309272766112,0.0,38.0,5,2023,8,5
13.336212158203123,0.0,39.0,5,2023,8,5
12.671380996704102,0.0,44.0,5,2023,8,5
16.28008270263672,0.0,5.0,6,2023,8,5
16.514711380004883,8.199999809265137,9.0,6,2023,8,5
20.02605438232422,35.999996185302734,11.0,6,2023,8,5
21.154809951782227,1.499999761581421,13.0,6,2023,8,5
18.266429901123047,0.3000000715255737,25.0,6,2023,8,5
16.70748519897461,0.0,29.0,6,2023,8,5
11.530964851379396,0.0,30.0,6,2023,8,5
10.97378158569336,10.000000953674316,32.0,6,2023,8,5
10.06484603881836,0.3000000715255737,37.0,6,2023,8,5
10.511093139648438,0.3000000715255737,38.0,6,2023,8,5
9.40947723388672,1.999999761581421,39.0,6,2023,8,5
11.159303665161133,0.0,44.0,6,2023,8,5
11.684944152832031,10.000000953674316,5.0,7,2023,8,5
12.865653038024902,0.0,9.0,7,2023,8,5
15.30723762512207,18.000003814697266,11.0,7,2023,8,5
18.30772399902344,52.50000381469727,13.0,7,2023,8,5
14.845046997070312,12.700000762939451,25.0,7,2023,8,5
13.055777549743652,3.0,29.0,7,2023,8,5
10.032135009765623,29.10000228881836,30.0,7,2023,8,5
8.963336944580078,10.000000953674316,32.0,7,2023,8,5
7.859289646148682,2.6000001430511475,37.0,7,2023,8,5
8.015044212341309,8.700000762939453,38.0,7,2023,8,5
8.447124481201172,0.9999998807907104,39.0,7,2023,8,5
8.226917266845703,2.6000001430511475,44.0,7,2023,8,5
22.26209259033203,5.999999523162842,5.0,1,2023,8,8
16.942543029785156,19.0,9.0,1,2023,8,8
23.034482955932617,206.00001525878903,11.0,1,2023,8,8
21.661273956298828,14.000000953674316,13.0,1,2023,8,8
23.43952751159668,18.000003814697266,25.0,1,2023,8,8
24.215314865112305,35.999996185302734,29.0,1,2023,8,8
18.366458892822266,9.0,30.0,1,2023,8,8
11.203899383544922,1.999999761581421,32.0,1,2023,8,8
14.60533332824707,18.000003814697266,37.0,1,2023,8,8
16.621448516845703,16.0,38.0,1,2023,8,8
11.058164596557615,0.0,39.0,1,2023,8,8
10.247294425964355,0.0999999120831489,44.0,1,2023,8,8
11.90531063079834,0.0,5.0,2,2023,8,8
16.443113327026367,18.000003814697266,9.0,2,2023,8,8
14.46455192565918,28.9999942779541,11.0,2,2023,8,8
16.515687942504883,30.99999237060547,13.0,2,2023,8,8
13.095595359802246,2.1000001430511475,25.0,2,2023,8,8
11.56578254699707,0.0999999120831489,29.0,2,2023,8,8
8.914581298828125,0.0999999120831489,30.0,2,2023,8,8
5.685877799987793,0.0,32.0,2,2023,8,8
8.06798267364502,0.0,37.0,2,2023,8,8
7.620522499084473,0.0,38.0,2,2023,8,8
6.091911792755127,0.0,39.0,2,2023,8,8
4.711522102355957,0.0,44.0,2,2023,8,8
9.859021186828612,0.0,5.0,3,2023,8,8
13.111382484436035,8.199999809265137,9.0,3,2023,8,8
15.984698295593262,35.999996185302734,11.0,3,2023,8,8
16.89340591430664,1.499999761581421,13.0,3,2023,8,8
13.212571144104004,0.3000000715255737,25.0,3,2023,8,8
13.289413452148438,0.0,29.0,3,2023,8,8
10.02406883239746,0.0,30.0,3,2023,8,8
8.283729553222656,10.000000953674316,32.0,3,2023,8,8
7.755578994750977,0.3000000715255737,37.0,3,2023,8,8
7.56079626083374,0.3000000715255737,38.0,3,2023,8,8
7.449740409851074,1.999999761581421,39.0,3,2023,8,8
6.989750862121582,0.0,44.0,3,2023,8,8
9.985958099365234,10.000000953674316,5.0,4,2023,8,8
15.439926147460938,0.0,9.0,4,2023,8,8
16.81959342956543,18.000003814697266,11.0,4,2023,8,8
19.41033172607422,52.50000381469727,13.0,4,2023,8,8
14.481724739074709,12.700000762939451,25.0,4,2023,8,8
14.135791778564451,3.0,29.0,4,2023,8,8
10.662184715270996,29.10000228881836,30.0,4,2023,8,8
11.250221252441406,10.000000953674316,32.0,4,2023,8,8
8.13404369354248,2.6000001430511475,37.0,4,2023,8,8
7.322022438049316,8.700000762939453,38.0,4,2023,8,8
10.31719970703125,0.9999998807907104,39.0,4,2023,8,8
11.491009712219238,2.6000001430511475,44.0,4,2023,8,8
13.129844665527344,7.0,5.0,5,2023,8,8
13.011377334594728,0.0,9.0,5,2023,8,8
15.156900405883787,10.200000762939451,11.0,5,2023,8,8
15.349348068237305,24.999998092651367,13.0,5,2023,8,8
13.876940727233888,7.0,25.0,5,2023,8,8
14.69478988647461,2.3000001907348637,29.0,5,2023,8,8
12.739678382873535,1.899999976158142,30.0,5,2023,8,8
12.330571174621582,8.09999942779541,32.0,5,2023,8,8
12.070687294006348,67.0999755859375,37.0,5,2023,8,8
10.515899658203123,1.899999976158142,38.0,5,2023,8,8
11.434067726135254,19.20000267028809,39.0,5,2023,8,8
13.162948608398438,25.599992752075195,44.0,5,2023,8,8
3.556688070297241,0.0,5.0,6,2023,8,8
3.1957147121429443,0.0,9.0,6,2023,8,8
3.9227235317230233,0.0,11.0,6,2023,8,8
4.454134464263916,0.0,13.0,6,2023,8,8
5.0628743171691895,0.0,25.0,6,2023,8,8
3.610783576965332,0.0,29.0,6,2023,8,8
5.731212615966797,0.0,30.0,6,2023,8,8
4.298379898071289,0.0,32.0,6,2023,8,8
4.674860954284668,0.0,37.0,6,2023,8,8
3.424846887588501,0.0,38.0,6,2023,8,8
4.964859008789063,0.0,39.0,6,2023,8,8
5.655672073364258,0.0,44.0,6,2023,8,8
4.950785636901856,26.00000762939453,5.0,7,2023,8,8
7.015175819396973,22.0000057220459,9.0,7,2023,8,8
7.81943941116333,3.0,11.0,7,2023,8,8
9.00954818725586,10.000000953674316,13.0,7,2023,8,8
8.051900863647461,29.10000228881836,25.0,7,2023,8,8
5.127987861633301,12.000001907348633,29.0,7,2023,8,8
6.08220100402832,20.99999618530273,30.0,7,2023,8,8
4.903802394866943,0.5999999046325684,32.0,7,2023,8,8
5.421998023986816,17.0,37.0,7,2023,8,8
4.067936897277832,6.399999141693115,38.0,7,2023,8,8
6.074581623077393,18.000003814697266,39.0,7,2023,8,8
7.644598960876465,35.0,44.0,7,2023,8,8
13.989507675170898,7.0,5.0,1,2023,8,12
11.975128173828123,0.0,9.0,1,2023,8,12
17.14153480529785,10.200000762939451,11.0,1,2023,8,12
16.104326248168945,24.999998092651367,13.0,1,2023,8,12
14.81504249572754,7.0,25.0,1,2023,8,12
16.030311584472656,2.3000001907348637,29.0,1,2023,8,12
11.64240264892578,1.899999976158142,30.0,1,2023,8,12
11.567115783691406,8.09999942779541,32.0,1,2023,8,12
10.85902214050293,67.0999755859375,37.0,1,2023,8,12
10.263545989990234,1.899999976158142,38.0,1,2023,8,12
10.833179473876951,19.20000267028809,39.0,1,2023,8,12
14.946565628051758,25.599992752075195,44.0,1,2023,8,12
7.077396392822266,0.0,5.0,2,2023,8,12
8.356179237365723,0.0,9.0,2,2023,8,12
10.29627799987793,0.0,11.0,2,2023,8,12
9.624987602233888,0.0,13.0,2,2023,8,12
9.776927947998049,0.0,25.0,2,2023,8,12
8.720051765441895,0.0,29.0,2,2023,8,12
7.42736005783081,0.0,30.0,2,2023,8,12
7.073386192321777,0.0,32.0,2,2023,8,12
6.692822456359863,0.0,37.0,2,2023,8,12
5.990530014038086,0.0,38.0,2,2023,8,12
7.423794269561768,0.0,39.0,2,2023,8,12
8.647928237915039,0.0,44.0,2,2023,8,12
12.250561714172363,26.00000762939453,5.0,3,2023,8,12
15.25049877166748,22.0000057220459,9.0,3,2023,8,12
17.042055130004883,3.0,11.0,3,2023,8,12
18.93630599975586,10.000000953674316,13.0,3,2023,8,12
14.207194328308104,29.10000228881836,25.0,3,2023,8,12
12.004853248596191,12.000001907348633,29.0,3,2023,8,12
9.19780158996582,20.99999618530273,30.0,3,2023,8,12
8.6410551071167,0.5999999046325684,32.0,3,2023,8,12
7.9004950523376465,17.0,37.0,3,2023,8,12
7.204606533050537,6.399999141693115,38.0,3,2023,8,12
8.3663969039917,18.000003814697266,39.0,3,2023,8,12
8.459786415100098,35.0,44.0,3,2023,8,12
11.767420768737791,14.000000953674316,5.0,4,2023,8,12
24.438596725463867,0.0999999120831489,9.0,4,2023,8,12
19.558900833129883,118.00003051757812,11.0,4,2023,8,12
24.16660690307617,65.99998474121094,13.0,4,2023,8,12
13.414214134216309,41.00000381469727,25.0,4,2023,8,12
12.121719360351562,0.800000011920929,29.0,4,2023,8,12
9.828287124633787,0.0,30.0,4,2023,8,12
8.885575294494629,0.9999998807907104,32.0,4,2023,8,12
7.500155925750732,16.0,37.0,4,2023,8,12
6.132757663726807,0.0999999120831489,38.0,4,2023,8,12
7.157630443572998,2.1000001430511475,39.0,4,2023,8,12
8.030664443969727,9.0,44.0,4,2023,8,12
6.67246150970459,8.0,5.0,5,2023,8,12
13.460576057434082,0.8999999761581421,9.0,5,2023,8,12
13.696136474609377,7.0,11.0,5,2023,8,12
14.768449783325195,1.1000001430511477,13.0,5,2023,8,12
8.01860237121582,4.0,25.0,5,2023,8,12
7.139083385467529,12.199997901916504,29.0,5,2023,8,12
5.938916206359863,0.0999999120831489,30.0,5,2023,8,12
4.649607658386231,0.0,32.0,5,2023,8,12
4.342551231384277,0.0,37.0,5,2023,8,12
3.639157056808472,2.200000286102295,38.0,5,2023,8,12
4.476139068603516,0.0,39.0,5,2023,8,12
5.7069501876831055,0.0,44.0,5,2023,8,12
8.94370174407959,0.0,5.0,6,2023,8,12
11.341796875,13.000000953674316,9.0,6,2023,8,12
13.83196258544922,9.099998474121094,11.0,6,2023,8,12
14.65851593017578,3.0,13.0,6,2023,8,12
10.869855880737305,0.0,25.0,6,2023,8,12
10.253914833068848,0.0,29.0,6,2023,8,12
8.019908905029297,0.0,30.0,6,2023,8,12
6.971473217010498,0.0,32.0,6,2023,8,12
6.966081142425537,0.0,37.0,6,2023,8,12
6.0471696853637695,0.0,38.0,6,2023,8,12
7.557757377624512,0.0,39.0,6,2023,8,12
7.40749979019165,0.0,44.0,6,2023,8,12
8.868542671203613,0.0,5.0,7,2023,8,12
11.008827209472656,4.0,9.0,7,2023,8,12
10.558626174926758,1.3000000715255735,11.0,7,2023,8,12
10.300081253051758,1.999999761581421,13.0,7,2023,8,12
9.328295707702637,0.0,25.0,7,2023,8,12
7.864364624023437,0.0,29.0,7,2023,8,12
8.031678199768066,0.0,30.0,7,2023,8,12
10.199140548706056,0.0,32.0,7,2023,8,12
7.78455114364624,0.0,37.0,7,2023,8,12
5.182445526123047,0.0,38.0,7,2023,8,12
7.830132007598877,0.0,39.0,7,2023,8,12
12.926414489746094,0.0,44.0,7,2023,8,12
7.046930313110352,14.000000953674316,5.0,1,2023,8,15
13.7392578125,0.0999999120831489,9.0,1,2023,8,15
10.538515090942385,118.00003051757812,11.0,1,2023,8,15
13.235544204711914,65.99998474121094,13.0,1,2023,8,15
8.403892517089844,41.00000381469727,25.0,1,2023,8,15
6.334122180938721,0.800000011920929,29.0,1,2023,8,15
6.046812057495117,0.0,30.0,1,2023,8,15
5.304779529571533,0.9999998807907104,32.0,1,2023,8,15
5.124488830566406,16.0,37.0,1,2023,8,15
4.381977081298828,0.0999999120831489,38.0,1,2023,8,15
4.581628799438477,2.1000001430511475,39.0,1,2023,8,15
5.349132537841797,9.0,44.0,1,2023,8,15
5.124042987823486,8.0,5.0,2,2023,8,15
8.89217472076416,0.8999999761581421,9.0,2,2023,8,15
8.507186889648438,7.0,11.0,2,2023,8,15
9.224035263061523,1.1000001430511477,13.0,2,2023,8,15
6.326780319213867,4.0,25.0,2,2023,8,15
5.061290740966797,12.199997901916504,29.0,2,2023,8,15
4.42043924331665,0.0999999120831489,30.0,2,2023,8,15
4.337457656860352,0.0,32.0,2,2023,8,15
3.970982074737549,0.0,37.0,2,2023,8,15
3.5044424533843994,2.200000286102295,38.0,2,2023,8,15
4.872735977172852,0.0,39.0,2,2023,8,15
4.621466159820557,0.0,44.0,2,2023,8,15
4.2848005294799805,0.0,5.0,3,2023,8,15
6.9830827713012695,13.000000953674316,9.0,3,2023,8,15
7.372697830200195,9.099998474121094,11.0,3,2023,8,15
8.3444242477417,3.0,13.0,3,2023,8,15
5.203444480895996,0.0,25.0,3,2023,8,15
4.182132244110107,0.0,29.0,3,2023,8,15
3.469292163848877,0.0,30.0,3,2023,8,15
3.231050491333008,0.0,32.0,3,2023,8,15
3.5325965881347656,0.0,37.0,3,2023,8,15
2.6842944622039795,0.0,38.0,3,2023,8,15
4.088525772094727,0.0,39.0,3,2023,8,15
4.271880149841309,0.0,44.0,3,2023,8,15
10.166732788085938,0.0,5.0,4,2023,8,15
17.982643127441406,4.0,9.0,4,2023,8,15
21.137592315673828,1.3000000715255735,11.0,4,2023,8,15
24.09569549560547,1.999999761581421,13.0,4,2023,8,15
13.556680679321287,0.0,25.0,4,2023,8,15
9.985052108764648,0.0,29.0,4,2023,8,15
8.902261734008789,0.0,30.0,4,2023,8,15
9.580696105957031,0.0,32.0,4,2023,8,15
8.694135665893555,0.0,37.0,4,2023,8,15
7.235469818115234,0.0,38.0,4,2023,8,15
10.353443145751951,0.0,39.0,4,2023,8,15
11.086570739746094,0.0,44.0,4,2023,8,15
13.935548782348633,15.0,5.0,5,2023,8,15
20.975021362304688,0.5999999046325684,9.0,5,2023,8,15
20.71723937988281,9.299999237060549,11.0,5,2023,8,15
22.95113754272461,0.9999998807907104,13.0,5,2023,8,15
15.283332824707031,16.0,25.0,5,2023,8,15
13.366071701049805,8.0,29.0,5,2023,8,15
12.919563293457031,14.000000953674316,30.0,5,2023,8,15
10.600560188293455,22.0000057220459,32.0,5,2023,8,15
10.34340000152588,19.0,37.0,5,2023,8,15
9.719393730163574,24.000001907348636,38.0,5,2023,8,15
8.293546676635742,23.0,39.0,5,2023,8,15
8.54963207244873,0.0,44.0,5,2023,8,15
6.875089168548584,0.9999998807907104,5.0,6,2023,8,15
13.724955558776855,14.499999046325684,9.0,6,2023,8,15
11.694053649902344,16.099998474121094,11.0,6,2023,8,15
15.13098430633545,35.999996185302734,13.0,6,2023,8,15
8.435094833374023,1.3999998569488523,25.0,6,2023,8,15
6.160114765167236,0.8999999761581421,29.0,6,2023,8,15
6.538551330566406,13.000000953674316,30.0,6,2023,8,15
5.882730007171631,8.0,32.0,6,2023,8,15
5.420580387115479,5.999999523162842,37.0,6,2023,8,15
4.656264305114746,5.0,38.0,6,2023,8,15
4.531224727630615,3.0,39.0,6,2023,8,15
6.32294511795044,5.0,44.0,6,2023,8,15
4.474453449249268,0.0,5.0,7,2023,8,15
12.115022659301758,33.0,9.0,7,2023,8,15
12.878647804260254,48.900001525878906,11.0,7,2023,8,15
14.1948823928833,15.0,13.0,7,2023,8,15
5.910281181335449,0.0,25.0,7,2023,8,15
4.521839141845703,17.099994659423828,29.0,7,2023,8,15
3.5027551651000977,0.2000000178813934,30.0,7,2023,8,15
3.031686305999756,0.0999999120831489,32.0,7,2023,8,15
3.1503093242645264,0.0,37.0,7,2023,8,15
2.542188882827759,1.3000000715255735,38.0,7,2023,8,15
2.6453123092651367,3.0,39.0,7,2023,8,15
3.878765106201172,27.000001907348636,44.0,7,2023,8,15
7.629848480224609,15.0,5.0,1,2023,8,19
14.87172508239746,0.5999999046325684,9.0,1,2023,8,19
12.556373596191406,9.299999237060549,11.0,1,2023,8,19
14.955662727355955,0.9999998807907104,13.0,1,2023,8,19
9.5492525100708,16.0,25.0,1,2023,8,19
7.018352508544922,8.0,29.0,1,2023,8,19
8.725936889648438,14.000000953674316,30.0,1,2023,8,19
8.094307899475098,22.0000057220459,32.0,1,2023,8,19
6.928192138671875,19.0,37.0,1,2023,8,19
5.565471649169922,24.000001907348636,38.0,1,2023,8,19
5.804926872253418,23.0,39.0,1,2023,8,19
8.079859733581543,0.0,44.0,1,2023,8,19
9.398109436035156,0.9999998807907104,5.0,2,2023,8,19
15.98329734802246,14.499999046325684,9.0,2,2023,8,19
15.990140914916992,16.099998474121094,11.0,2,2023,8,19
17.020715713500977,35.999996185302734,13.0,2,2023,8,19
10.844343185424805,1.3999998569488523,25.0,2,2023,8,19
9.35074520111084,0.8999999761581421,29.0,2,2023,8,19
9.113289833068848,13.000000953674316,30.0,2,2023,8,19
10.432113647460938,8.0,32.0,2,2023,8,19
8.387714385986328,5.999999523162842,37.0,2,2023,8,19
6.186474800109863,5.0,38.0,2,2023,8,19
8.579550743103027,3.0,39.0,2,2023,8,19
11.326499938964844,5.0,44.0,2,2023,8,19
10.485107421875,0.0,5.0,3,2023,8,19
18.44676971435547,33.0,9.0,3,2023,8,19
14.896727561950684,48.900001525878906,11.0,3,2023,8,19
18.48660469055176,15.0,13.0,3,2023,8,19
12.689395904541016,0.0,25.0,3,2023,8,19
9.316642761230469,17.099994659423828,29.0,3,2023,8,19
6.062259674072266,0.2000000178813934,30.0,3,2023,8,19
6.2713303565979,0.0999999120831489,32.0,3,2023,8,19
6.884274005889893,0.0,37.0,3,2023,8,19
4.761229515075684,1.3000000715255735,38.0,3,2023,8,19
6.152711391448975,3.0,39.0,3,2023,8,19
6.014530181884766,27.000001907348636,44.0,3,2023,8,19
10.55397605895996,0.0,5.0,4,2023,8,19
19.65123748779297,9.0,9.0,4,2023,8,19
20.418285369873047,12.100000381469728,11.0,4,2023,8,19
23.397296905517575,10.000000953674316,13.0,4,2023,8,19
12.348817825317385,0.0,25.0,4,2023,8,19
10.775505065917969,0.0,29.0,4,2023,8,19
9.473751068115234,0.0,30.0,4,2023,8,19
6.799395084381104,0.0999999120831489,32.0,4,2023,8,19
7.094170093536377,0.0,37.0,4,2023,8,19
6.224501609802246,4.700000286102295,38.0,4,2023,8,19
5.428535461425781,3.0,39.0,4,2023,8,19
5.901100158691406,0.0,44.0,4,2023,8,19
14.98067855834961,10.000000953674316,5.0,5,2023,8,19
23.02831268310547,22.0000057220459,9.0,5,2023,8,19
21.24407768249512,1.3000000715255735,11.0,5,2023,8,19
24.380571365356445,1.2000000476837158,13.0,5,2023,8,19
17.690719604492188,3.0,25.0,5,2023,8,19
15.420069694519045,3.899999856948853,29.0,5,2023,8,19
14.131638526916504,3.0,30.0,5,2023,8,19
12.644051551818848,0.0,32.0,5,2023,8,19
12.002984046936035,0.6999999284744263,37.0,5,2023,8,19
10.542004585266112,0.0,38.0,5,2023,8,19
10.785388946533203,0.0,39.0,5,2023,8,19
10.18899917602539,0.0,44.0,5,2023,8,19
15.944631576538086,9.0,5.0,6,2023,8,19
20.05132293701172,37.0,9.0,6,2023,8,19
17.45536231994629,62.70001602172852,11.0,6,2023,8,19
20.978784561157227,25.799999237060547,13.0,6,2023,8,19
17.37692642211914,5.999999523162842,25.0,6,2023,8,19
12.877877235412598,1.1000001430511477,29.0,6,2023,8,19
11.909178733825684,42.00000381469727,30.0,6,2023,8,19
13.009587287902832,28.000003814697266,32.0,6,2023,8,19
10.664058685302734,29.29999542236328,37.0,6,2023,8,19
10.674619674682615,26.00000762939453,38.0,6,2023,8,19
9.501358032226562,4.0,39.0,6,2023,8,19
9.80938720703125,1.1000001430511477,44.0,6,2023,8,19
10.673882484436035,41.00000381469727,5.0,7,2023,8,19
11.245638847351074,5.0,9.0,7,2023,8,19
14.479362487792969,42.00000381469727,11.0,7,2023,8,19
15.431391716003418,0.2000000178813934,13.0,7,2023,8,19
12.265295028686523,12.000001907348633,25.0,7,2023,8,19
8.999561309814453,0.9999998807907104,29.0,7,2023,8,19
8.079277038574219,1.999999761581421,30.0,7,2023,8,19
8.010211944580078,11.0,32.0,7,2023,8,19
7.451578140258789,4.0,37.0,7,2023,8,19
7.094095230102539,8.0,38.0,7,2023,8,19
5.462599754333496,3.0,39.0,7,2023,8,19
7.47831916809082,3.0,44.0,7,2023,8,19
4.065123558044434,0.0,5.0,1,2023,8,22
8.485987663269043,9.0,9.0,1,2023,8,22
11.434391021728516,12.100000381469728,11.0,1,2023,8,22
10.738859176635742,10.000000953674316,13.0,1,2023,8,22
4.833868980407715,0.0,25.0,1,2023,8,22
4.520552158355713,0.0,29.0,1,2023,8,22
4.012026786804199,0.0,30.0,1,2023,8,22
3.542372941970825,0.0999999120831489,32.0,1,2023,8,22
3.321551322937012,0.0,37.0,1,2023,8,22
2.201462745666504,4.700000286102295,38.0,1,2023,8,22
3.2691192626953125,3.0,39.0,1,2023,8,22
4.136265754699707,0.0,44.0,1,2023,8,22
11.808358192443848,10.000000953674316,5.0,2,2023,8,22
23.17023086547852,22.0000057220459,9.0,2,2023,8,22
20.99862289428711,1.3000000715255735,11.0,2,2023,8,22
23.442522048950195,1.2000000476837158,13.0,2,2023,8,22
13.899295806884766,3.0,25.0,2,2023,8,22
10.084344863891602,3.899999856948853,29.0,2,2023,8,22
11.175847053527832,3.0,30.0,2,2023,8,22
8.454934120178223,0.0,32.0,2,2023,8,22
9.329150199890137,0.6999999284744263,37.0,2,2023,8,22
6.9893012046813965,0.0,38.0,2,2023,8,22
6.403736591339111,0.0,39.0,2,2023,8,22
5.760668277740479,0.0,44.0,2,2023,8,22
20.10405921936035,9.0,5.0,3,2023,8,22
21.184097290039062,37.0,9.0,3,2023,8,22
22.42740249633789,62.70001602172852,11.0,3,2023,8,22
23.695816040039062,25.799999237060547,13.0,3,2023,8,22
21.14856719970703,5.999999523162842,25.0,3,2023,8,22
16.532651901245117,1.1000001430511477,29.0,3,2023,8,22
14.456520080566406,42.00000381469727,30.0,3,2023,8,22
16.133291244506836,28.000003814697266,32.0,3,2023,8,22
11.567577362060549,29.29999542236328,37.0,3,2023,8,22
12.683984756469728,26.00000762939453,38.0,3,2023,8,22
11.745616912841797,4.0,39.0,3,2023,8,22
14.417525291442873,1.1000001430511477,44.0,3,2023,8,22
13.83224868774414,41.00000381469727,5.0,4,2023,8,22
24.536643981933597,5.0,9.0,4,2023,8,22
18.968063354492188,42.00000381469727,11.0,4,2023,8,22
23.813495635986328,0.2000000178813934,13.0,4,2023,8,22
15.494081497192385,12.000001907348633,25.0,4,2023,8,22
12.353200912475586,0.9999998807907104,29.0,4,2023,8,22
11.396490097045898,1.999999761581421,30.0,4,2023,8,22
9.94543170928955,11.0,32.0,4,2023,8,22
9.229119300842283,4.0,37.0,4,2023,8,22
8.17518138885498,8.0,38.0,4,2023,8,22
8.170479774475098,3.0,39.0,4,2023,8,22
8.42615795135498,3.0,44.0,4,2023,8,22
8.09156608581543,0.0999999120831489,5.0,5,2023,8,22
14.39433765411377,2.499999761581421,9.0,5,2023,8,22
14.711359977722168,4.3000006675720215,11.0,5,2023,8,22
15.419917106628418,48.80000305175781,13.0,5,2023,8,22
9.927789688110352,0.0,25.0,5,2023,8,22
8.581201553344727,3.0,29.0,5,2023,8,22
6.492186546325684,0.0,30.0,5,2023,8,22
5.672666549682617,0.0,32.0,5,2023,8,22
5.233644485473633,14.000000953674316,37.0,5,2023,8,22
5.118305206298828,10.000000953674316,38.0,5,2023,8,22
5.609119415283203,0.0,39.0,5,2023,8,22
5.447640419006348,0.0,44.0,5,2023,8,22
12.685920715332031,1.7000000476837158,5.0,6,2023,8,22
21.147823333740234,29.500001907348636,9.0,6,2023,8,22
18.062461853027344,17.299997329711914,11.0,6,2023,8,22
22.197967529296875,23.0,13.0,6,2023,8,22
14.954019546508787,3.0,25.0,6,2023,8,22
12.273868560791016,1.999999761581421,29.0,6,2023,8,22
9.83609676361084,5.0,30.0,6,2023,8,22
8.051068305969238,5.0,32.0,6,2023,8,22
8.138367652893066,37.0,37.0,6,2023,8,22
7.524660110473633,0.0,38.0,6,2023,8,22
7.607641696929932,33.0,39.0,6,2023,8,22
7.222348690032959,19.0,44.0,6,2023,8,22
11.65158462524414,42.00000381469727,5.0,7,2023,8,22
10.530744552612305,5.999999523162842,9.0,7,2023,8,22
12.70488739013672,22.0000057220459,11.0,7,2023,8,22
13.676097869873049,0.0,13.0,7,2023,8,22
13.415437698364258,12.000001907348633,25.0,7,2023,8,22
10.045157432556152,15.0,29.0,7,2023,8,22
9.55535125732422,56.999996185302734,30.0,7,2023,8,22
8.74229907989502,5.0,32.0,7,2023,8,22
7.484353065490723,75.0,37.0,7,2023,8,22
7.05681848526001,26.00000762939453,38.0,7,2023,8,22
6.3004961013793945,24.000001907348636,39.0,7,2023,8,22
9.6091947555542,10.000000953674316,44.0,7,2023,8,22
6.552050590515137,0.0999999120831489,5.0,1,2023,8,26
11.509492874145508,2.499999761581421,9.0,1,2023,8,26
14.264071464538574,4.3000006675720215,11.0,1,2023,8,26
14.79497241973877,48.80000305175781,13.0,1,2023,8,26
7.037456035614014,0.0,25.0,1,2023,8,26
6.385502815246582,3.0,29.0,1,2023,8,26
3.934047222137451,0.0,30.0,1,2023,8,26
4.0309600830078125,0.0,32.0,1,2023,8,26
3.798113822937012,14.000000953674316,37.0,1,2023,8,26
3.2095625400543213,10.000000953674316,38.0,1,2023,8,26
4.588458061218262,0.0,39.0,1,2023,8,26
5.354305744171143,0.0,44.0,1,2023,8,26
18.45882225036621,1.7000000476837158,5.0,2,2023,8,26
31.535505294799805,29.500001907348636,9.0,2,2023,8,26
33.90144348144531,17.299997329711914,11.0,2,2023,8,26
36.28351593017578,23.0,13.0,2,2023,8,26
20.06018829345703,3.0,25.0,2,2023,8,26
13.761723518371582,1.999999761581421,29.0,2,2023,8,26
10.709550857543944,5.0,30.0,2,2023,8,26
12.91205596923828,5.0,32.0,2,2023,8,26
11.080656051635742,37.0,37.0,2,2023,8,26
8.513586044311523,0.0,38.0,2,2023,8,26
11.105711936950684,33.0,39.0,2,2023,8,26
14.547061920166016,19.0,44.0,2,2023,8,26
7.134113311767578,42.00000381469727,5.0,3,2023,8,26
6.559792995452881,5.999999523162842,9.0,3,2023,8,26
12.070213317871094,22.0000057220459,11.0,3,2023,8,26
10.172639846801758,0.0,13.0,3,2023,8,26
9.090821266174316,12.000001907348633,25.0,3,2023,8,26
7.070328235626221,15.0,29.0,3,2023,8,26
5.159086227416992,56.999996185302734,30.0,3,2023,8,26
5.853431701660156,5.0,32.0,3,2023,8,26
6.499347686767578,75.0,37.0,3,2023,8,26
4.221449851989746,26.00000762939453,38.0,3,2023,8,26
5.419761657714844,24.000001907348636,39.0,3,2023,8,26
7.162672996520996,10.000000953674316,44.0,3,2023,8,26
1.8875823020935056,0.0,5.0,4,2023,8,26
0.9945988059043884,0.0,9.0,4,2023,8,26
1.8594621419906616,10.000000953674316,11.0,4,2023,8,26
1.7858762741088867,0.0,13.0,4,2023,8,26
2.2729742527008057,0.0,25.0,4,2023,8,26
3.196535587310791,0.0999999120831489,29.0,4,2023,8,26
2.277288913726806,0.0,30.0,4,2023,8,26
1.474496841430664,0.0,32.0,4,2023,8,26
1.9711146354675293,0.0,37.0,4,2023,8,26
1.7096316814422607,0.0,38.0,4,2023,8,26
1.780068278312683,0.0,39.0,4,2023,8,26
1.9207979440689087,0.0999999120831489,44.0,4,2023,8,26
0.268119752407074,0.0,5.0,5,2023,8,26
0.3360414803028106,0.0,9.0,5,2023,8,26
0.5838900208473206,0.0,11.0,5,2023,8,26
0.5389683246612549,0.0,13.0,5,2023,8,26
0.6932226419448853,0.0,25.0,5,2023,8,26
0.365800529718399,0.6999999284744263,29.0,5,2023,8,26
0.8019083738327026,0.0,30.0,5,2023,8,26
0.6898277997970581,0.0,32.0,5,2023,8,26
0.5651930570602417,0.0,37.0,5,2023,8,26
0.3102901875972748,0.0,38.0,5,2023,8,26
0.6988319158554077,0.0,39.0,5,2023,8,26
1.6464245319366455,0.0,44.0,5,2023,8,26
0.1631684303283691,0.0,5.0,6,2023,8,26
0.1419119536876678,0.0,9.0,6,2023,8,26
0.1597015559673309,0.0,11.0,6,2023,8,26
0.3221693634986877,0.0,13.0,6,2023,8,26
0.5420034527778625,0.0,25.0,6,2023,8,26
0.0569740608334541,0.0,29.0,6,2023,8,26
0.815540075302124,0.0,30.0,6,2023,8,26
0.645639181137085,0.0,32.0,6,2023,8,26
0.6940464973449707,0.0,37.0,6,2023,8,26
0.3122934401035309,0.0,38.0,6,2023,8,26
0.7296435236930847,0.0,39.0,6,2023,8,26
1.0694446563720703,0.0,44.0,6,2023,8,26
0.1517532020807266,0.0,5.0,7,2023,8,26
0.2220303565263748,0.0,9.0,7,2023,8,26
0.1491558104753494,0.0,11.0,7,2023,8,26
0.3262820839881897,0.0,13.0,7,2023,8,26
0.5478492975234985,0.0,25.0,7,2023,8,26
0.0745680853724479,0.0,29.0,7,2023,8,26
0.4091255664825439,0.0,30.0,7,2023,8,26
0.5196202397346497,0.0,32.0,7,2023,8,26
0.5348177552223206,0.0,37.0,7,2023,8,26
0.2013321220874786,0.0,38.0,7,2023,8,26
0.5913309454917908,0.0,39.0,7,2023,8,26
0.964563250541687,0.0,44.0,7,2023,8,26
2.533266305923462,0.0,5.0,1,2023,8,29
2.040736198425293,0.0,9.0,1,2023,8,29
6.463123321533203,10.000000953674316,11.0,1,2023,8,29
3.817562103271485,0.0,13.0,1,2023,8,29
1.980427861213684,0.0,25.0,1,2023,8,29
4.752664566040039,0.0999999120831489,29.0,1,2023,8,29
1.818197250366211,0.0,30.0,1,2023,8,29
2.2973475456237797,0.0,32.0,1,2023,8,29
1.9921343326568604,0.0,37.0,1,2023,8,29
1.8630926609039309,0.0,38.0,1,2023,8,29
2.2544045448303223,0.0,39.0,1,2023,8,29
2.6199381351470947,0.0999999120831489,44.0,1,2023,8,29
0.5033088326454163,0.0,5.0,2,2023,8,29
0.3754166960716247,0.0,9.0,2,2023,8,29
0.8019555807113647,0.0,11.0,2,2023,8,29
0.6671369075775146,0.0,13.0,2,2023,8,29
0.7964848279953003,0.0,25.0,2,2023,8,29
0.6628788709640503,0.6999999284744263,29.0,2,2023,8,29
0.7186363935470581,0.0,30.0,2,2023,8,29
0.3833754956722259,0.0,32.0,2,2023,8,29
0.6055433750152588,0.0,37.0,2,2023,8,29
0.5865218043327332,0.0,38.0,2,2023,8,29
0.6505593061447144,0.0,39.0,2,2023,8,29
0.8374659419059753,0.0,44.0,2,2023,8,29
0.4755404591560364,0.0,5.0,3,2023,8,29
0.6657588481903076,0.0,9.0,3,2023,8,29
1.277558207511902,0.0,11.0,3,2023,8,29
1.1459031105041504,0.0,13.0,3,2023,8,29
0.8021977543830872,0.0,25.0,3,2023,8,29
0.5814963579177856,0.0,29.0,3,2023,8,29
0.5398975610733032,0.0,30.0,3,2023,8,29
0.2079145461320877,0.0,32.0,3,2023,8,29
0.4362688660621643,0.0,37.0,3,2023,8,29
0.3528204262256622,0.0,38.0,3,2023,8,29
0.4450953304767608,0.0,39.0,3,2023,8,29
0.6362510919570923,0.0,44.0,3,2023,8,29
0.2126530408859253,0.0,5.0,4,2023,8,29
0.4266721904277801,0.0,9.0,4,2023,8,29
0.7002784013748169,0.0,11.0,4,2023,8,29
0.734734833240509,0.0,13.0,4,2023,8,29
0.4691718816757202,0.0,25.0,4,2023,8,29
0.356639415025711,0.0,29.0,4,2023,8,29
0.2935490906238556,0.0,30.0,4,2023,8,29
0.2910488545894623,0.0,32.0,4,2023,8,29
0.3145456910133362,0.0,37.0,4,2023,8,29
0.094685859978199,0.0,38.0,4,2023,8,29
0.4658701419830322,0.0,39.0,4,2023,8,29
0.7002995610237122,0.0,44.0,4,2023,8,29
0.5336859822273254,0.0,5.0,5,2023,8,29
0.5543050765991211,0.0,9.0,5,2023,8,29
0.8496206998825073,0.0,11.0,5,2023,8,29
0.8363167643547058,0.0,13.0,5,2023,8,29
1.0069855451583862,0.0,25.0,5,2023,8,29
0.4736614227294922,0.0,29.0,5,2023,8,29
0.9489977359771729,0.0,30.0,5,2023,8,29
0.8602105379104614,0.0,32.0,5,2023,8,29
0.8542339205741882,0.0,37.0,5,2023,8,29
0.4970785975456238,0.0,38.0,5,2023,8,29
1.0965800285339355,0.0,39.0,5,2023,8,29
1.6216193437576294,0.0,44.0,5,2023,8,29
0.5327305197715759,0.0,5.0,6,2023,8,29
0.4705314040184021,0.2000000178813934,9.0,6,2023,8,29
0.416050374507904,0.0,11.0,6,2023,8,29
0.7206300497055054,4.0,13.0,6,2023,8,29
1.0870275497436523,0.3000000715255737,25.0,6,2023,8,29
0.3820443749427795,0.8999999761581421,29.0,6,2023,8,29
1.24385404586792,0.0,30.0,6,2023,8,29
0.8006768226623535,0.800000011920929,32.0,6,2023,8,29
1.072121500968933,0.0,37.0,6,2023,8,29
0.6514488458633423,0.0,38.0,6,2023,8,29
1.143922209739685,0.3000000715255737,39.0,6,2023,8,29
1.4094798564910889,0.4000000953674316,44.0,6,2023,8,29
1.3348331451416016,0.0,5.0,7,2023,8,29
1.255573868751526,1.3000000715255735,9.0,7,2023,8,29
1.6843492984771729,0.800000011920929,11.0,7,2023,8,29
1.7949970960617063,0.5,13.0,7,2023,8,29
1.7885916233062744,0.4000000953674316,25.0,7,2023,8,29
1.3822801113128662,0.2000000178813934,29.0,7,2023,8,29
1.6902306079864502,0.0,30.0,7,2023,8,29
1.5048894882202148,2.3000001907348637,32.0,7,2023,8,29
1.9742202758789065,0.0,37.0,7,2023,8,29
1.0602412223815918,0.0,38.0,7,2023,8,29
1.9772177934646609,0.6999999284744263,39.0,7,2023,8,29
2.614696264266968,6.59999942779541,44.0,7,2023,8,29
0.6743203401565552,0.0,5.0,1,2023,9,2
0.375574380159378,0.0,9.0,1,2023,9,2
0.6999964714050293,0.0,11.0,1,2023,9,2
0.6225691437721252,0.0,13.0,1,2023,9,2
0.8856635689735413,0.0,25.0,1,2023,9,2
0.664159893989563,0.0,29.0,1,2023,9,2
0.8734844923019409,0.0,30.0,1,2023,9,2
0.6743818521499634,0.0,32.0,1,2023,9,2
0.9268431663513184,0.0,37.0,1,2023,9,2
0.69068443775177,0.0,38.0,1,2023,9,2
1.1310712099075315,0.0,39.0,1,2023,9,2
1.2580037117004397,0.0,44.0,1,2023,9,2
2.092015266418457,0.0,5.0,2,2023,9,2
1.1589937210083008,0.2000000178813934,9.0,2,2023,9,2
1.0551254749298096,0.0,11.0,2,2023,9,2
1.2551465034484863,4.0,13.0,2,2023,9,2
2.7871341705322266,0.3000000715255737,25.0,2,2023,9,2
2.0319583415985107,0.8999999761581421,29.0,2,2023,9,2
3.2782773971557617,0.0,30.0,2,2023,9,2
8.706661224365234,0.800000011920929,32.0,2,2023,9,2
5.66013240814209,0.0,37.0,2,2023,9,2
3.113232135772705,0.0,38.0,2,2023,9,2
8.992616653442383,0.3000000715255737,39.0,2,2023,9,2
15.235523223876951,0.4000000953674316,44.0,2,2023,9,2
0.3590148985385895,0.0,5.0,3,2023,9,2
0.7193012833595276,1.3000000715255735,9.0,3,2023,9,2
0.5399873852729797,0.800000011920929,11.0,3,2023,9,2
0.8303220868110657,0.5,13.0,3,2023,9,2
0.9832668900489808,0.4000000953674316,25.0,3,2023,9,2
0.4516236782073974,0.2000000178813934,29.0,3,2023,9,2
1.1000962257385254,0.0,30.0,3,2023,9,2
4.0587334632873535,2.3000001907348637,32.0,3,2023,9,2
2.236304759979248,0.0,37.0,3,2023,9,2
0.7534264326095581,0.0,38.0,3,2023,9,2
3.9960741996765137,0.6999999284744263,39.0,3,2023,9,2
7.940850257873535,6.59999942779541,44.0,3,2023,9,2
3.299161195755005,0.0,5.0,4,2023,9,2
5.2649993896484375,0.0,9.0,4,2023,9,2
4.938745498657227,0.0,11.0,4,2023,9,2
5.02543830871582,0.0,13.0,4,2023,9,2
3.824620723724365,0.0,25.0,4,2023,9,2
3.253669500350952,0.0,29.0,4,2023,9,2
3.621062994003296,0.0,30.0,4,2023,9,2
6.340585231781006,0.0,32.0,4,2023,9,2
3.8754570484161377,0.0,37.0,4,2023,9,2
2.7237274646759038,0.0,38.0,4,2023,9,2
5.410168647766113,0.0,39.0,4,2023,9,2
8.835376739501953,0.0,44.0,4,2023,9,2
2.2785611152648926,0.0,5.0,5,2023,9,2
3.6841073036193848,0.0,9.0,5,2023,9,2
3.9324464797973633,0.0,11.0,5,2023,9,2
3.233928918838501,0.0,13.0,5,2023,9,2
2.8355064392089844,0.0,25.0,5,2023,9,2
2.5634212493896484,0.0,29.0,5,2023,9,2
2.6764626502990723,0.0,30.0,5,2023,9,2
2.983602285385132,0.0,32.0,5,2023,9,2
2.448981285095215,0.0,37.0,5,2023,9,2
1.9268808364868164,0.0,38.0,5,2023,9,2
2.89698338508606,0.0,39.0,5,2023,9,2
5.179004192352295,0.3000000715255737,44.0,5,2023,9,2
1.7105530500411987,0.0,5.0,6,2023,9,2
2.1717114448547363,0.0,9.0,6,2023,9,2
2.397003173828125,0.0999999120831489,11.0,6,2023,9,2
2.859459161758423,0.0,13.0,6,2023,9,2
2.7138986587524414,0.0,25.0,6,2023,9,2
1.7555919885635376,0.0999999120831489,29.0,6,2023,9,2
3.4731767177581787,0.0,30.0,6,2023,9,2
2.807506561279297,16.0,32.0,6,2023,9,2
2.3045811653137207,0.0,37.0,6,2023,9,2
1.8645955324172971,0.0,38.0,6,2023,9,2
2.6192870140075684,0.0,39.0,6,2023,9,2
3.540534496307373,0.0,44.0,6,2023,9,2
2.2410998344421387,0.0,5.0,7,2023,9,2
3.817624568939209,5.0,9.0,7,2023,9,2
3.900416851043701,0.0,11.0,7,2023,9,2
4.479612827301025,9.0,13.0,7,2023,9,2
3.7741103172302246,0.0999999120831489,25.0,7,2023,9,2
2.0702438354492188,0.0,29.0,7,2023,9,2
2.9530720710754395,4.0,30.0,7,2023,9,2
3.326890230178833,1.999999761581421,32.0,7,2023,9,2
2.696250438690185,1.999999761581421,37.0,7,2023,9,2
2.298214912414551,0.2000000178813934,38.0,7,2023,9,2
2.9761219024658203,0.0,39.0,7,2023,9,2
4.846577167510986,0.0999999120831489,44.0,7,2023,9,2
1.026622295379639,0.0,5.0,1,2023,9,5
1.1327155828475952,0.0,9.0,1,2023,9,5
1.4464619159698486,0.0,11.0,1,2023,9,5
1.5795186758041382,0.0,13.0,1,2023,9,5
1.3683640956878662,0.0,25.0,1,2023,9,5
0.8712878227233887,0.0,29.0,1,2023,9,5
1.761374592781067,0.0,30.0,1,2023,9,5
1.666836857795715,0.0,32.0,1,2023,9,5
1.5964571237564087,0.0,37.0,1,2023,9,5
1.1496400833129885,0.0,38.0,1,2023,9,5
1.4074759483337402,0.0,39.0,1,2023,9,5
2.448850154876709,0.0,44.0,1,2023,9,5
2.9504315853118896,0.0,5.0,2,2023,9,5
5.505412578582764,0.0,9.0,2,2023,9,5
6.221079349517822,0.0,11.0,2,2023,9,5
6.281725883483887,0.0,13.0,2,2023,9,5
4.205437660217285,0.0,25.0,2,2023,9,5
3.81014895439148,0.0,29.0,2,2023,9,5
4.84661340713501,0.0,30.0,2,2023,9,5
3.592811584472656,0.0,32.0,2,2023,9,5
3.1382226943969727,0.0,37.0,2,2023,9,5
2.767491340637207,0.0,38.0,2,2023,9,5
1.9472395181655884,0.0,39.0,2,2023,9,5
3.4387526512146,0.3000000715255737,44.0,2,2023,9,5
2.133920192718506,0.0,5.0,3,2023,9,5
3.361962080001831,0.0,9.0,3,2023,9,5
3.6023201942443848,0.0999999120831489,11.0,3,2023,9,5
4.119393825531006,0.0,13.0,3,2023,9,5
2.863914728164673,0.0,25.0,3,2023,9,5
2.000922918319702,0.0999999120831489,29.0,3,2023,9,5
2.655066967010498,0.0,30.0,3,2023,9,5
1.9086763858795168,16.0,32.0,3,2023,9,5
2.180746555328369,0.0,37.0,3,2023,9,5
1.6768518686294556,0.0,38.0,3,2023,9,5
2.1644539833068848,0.0,39.0,3,2023,9,5
3.1301825046539307,0.0,44.0,3,2023,9,5
3.208146572113037,0.0,5.0,4,2023,9,5
4.521020412445068,5.0,9.0,4,2023,9,5
6.019488334655762,0.0,11.0,4,2023,9,5
6.939473628997803,9.0,13.0,4,2023,9,5
4.940911769866943,0.0999999120831489,25.0,4,2023,9,5
3.623763084411621,0.0,29.0,4,2023,9,5
4.655749320983887,4.0,30.0,4,2023,9,5
3.3150784969329834,1.999999761581421,32.0,4,2023,9,5
3.2167890071868896,1.999999761581421,37.0,4,2023,9,5
3.3948676586151123,0.2000000178813934,38.0,4,2023,9,5
2.856956243515014,0.0,39.0,4,2023,9,5
4.392941474914551,0.0999999120831489,44.0,4,2023,9,5
9.348228454589844,0.9999998807907104,5.0,5,2023,9,5
15.446465492248535,0.0,9.0,5,2023,9,5
17.591981887817383,0.0,11.0,5,2023,9,5
17.890758514404297,0.0,13.0,5,2023,9,5
12.115926742553713,5.999999523162842,25.0,5,2023,9,5
10.665763854980469,4.0,29.0,5,2023,9,5
12.236339569091797,0.5,30.0,5,2023,9,5
12.091093063354492,20.099998474121094,32.0,5,2023,9,5
10.953603744506836,24.000001907348636,37.0,5,2023,9,5
8.521452903747559,3.899999856948853,38.0,5,2023,9,5
9.76485824584961,26.09999656677246,39.0,5,2023,9,5
12.183300018310549,22.0000057220459,44.0,5,2023,9,5
21.60584259033203,4.0,5.0,6,2023,9,5
39.587921142578125,0.0,9.0,6,2023,9,5
28.357332229614254,41.00000381469727,11.0,6,2023,9,5
35.70856857299805,14.000000953674316,13.0,6,2023,9,5
24.38628387451172,15.0,25.0,6,2023,9,5
16.755624771118164,5.0,29.0,6,2023,9,5
20.330480575561523,5.999999523162842,30.0,6,2023,9,5
17.88990592956543,3.899999856948853,32.0,6,2023,9,5
15.593111038208008,3.0,37.0,6,2023,9,5
12.048521041870115,2.1000001430511475,38.0,6,2023,9,5
11.660636901855469,2.900000095367432,39.0,6,2023,9,5
13.543855667114258,0.0,44.0,6,2023,9,5
13.612340927124023,1.999999761581421,5.0,7,2023,9,5
12.807737350463867,0.0,9.0,7,2023,9,5
15.687506675720217,56.999996185302734,11.0,7,2023,9,5
16.296615600585938,15.0,13.0,7,2023,9,5
16.087703704833984,7.1999993324279785,25.0,7,2023,9,5
11.111886978149414,0.4000000953674316,29.0,7,2023,9,5
12.170969009399414,42.00000381469727,30.0,7,2023,9,5
12.185405731201172,35.0,32.0,7,2023,9,5
10.81085968017578,61.99999237060547,37.0,7,2023,9,5
9.184566497802734,19.99999618530273,38.0,7,2023,9,5
8.179326057434082,32.000003814697266,39.0,7,2023,9,5
11.610702514648438,45.99999237060547,44.0,7,2023,9,5
8.536128997802734,0.9999998807907104,5.0,1,2023,9,9
8.384809494018555,0.0,9.0,1,2023,9,9
9.178442001342772,0.0,11.0,1,2023,9,9
10.167224884033203,0.0,13.0,1,2023,9,9
10.570107460021973,5.999999523162842,25.0,1,2023,9,9
8.376298904418945,4.0,29.0,1,2023,9,9
9.89643669128418,0.5,30.0,1,2023,9,9
8.727910995483398,20.099998474121094,32.0,1,2023,9,9
7.966937065124512,24.000001907348636,37.0,1,2023,9,9
6.910255432128906,3.899999856948853,38.0,1,2023,9,9
6.498319625854492,26.09999656677246,39.0,1,2023,9,9
10.041500091552734,22.0000057220459,44.0,1,2023,9,9
10.324911117553713,4.0,5.0,2,2023,9,9
17.61930274963379,0.0,9.0,2,2023,9,9
13.403345108032228,41.00000381469727,11.0,2,2023,9,9
16.949846267700195,14.000000953674316,13.0,2,2023,9,9
12.424708366394045,15.0,25.0,2,2023,9,9
8.944502830505371,5.0,29.0,2,2023,9,9
11.532413482666016,5.999999523162842,30.0,2,2023,9,9
10.396032333374023,3.899999856948853,32.0,2,2023,9,9
9.120811462402344,3.0,37.0,2,2023,9,9
7.627346992492676,2.1000001430511475,38.0,2,2023,9,9
7.792699813842773,2.900000095367432,39.0,2,2023,9,9
9.99118423461914,0.0,44.0,2,2023,9,9
6.310540199279785,1.999999761581421,5.0,3,2023,9,9
11.283432960510254,0.0,9.0,3,2023,9,9
10.800079345703123,56.999996185302734,11.0,3,2023,9,9
13.154927253723145,15.0,13.0,3,2023,9,9
10.589618682861328,7.1999993324279785,25.0,3,2023,9,9
9.333389282226562,0.4000000953674316,29.0,3,2023,9,9
7.884742259979248,42.00000381469727,30.0,3,2023,9,9
9.521251678466797,35.0,32.0,3,2023,9,9
6.688584804534912,61.99999237060547,37.0,3,2023,9,9
5.14122200012207,19.99999618530273,38.0,3,2023,9,9
8.550993919372559,32.000003814697266,39.0,3,2023,9,9
10.974592208862305,45.99999237060547,44.0,3,2023,9,9
17.784446716308594,32.000003814697266,5.0,4,2023,9,9
19.478626251220703,30.99999237060547,9.0,4,2023,9,9
19.376996994018555,18.000003814697266,11.0,4,2023,9,9
21.26529693603516,35.999996185302734,13.0,4,2023,9,9
19.41407966613769,56.0,25.0,4,2023,9,9
18.91984748840332,0.3000000715255737,29.0,4,2023,9,9
19.15367126464844,18.000003814697266,30.0,4,2023,9,9
20.82819175720215,40.00000762939453,32.0,4,2023,9,9
16.426103591918945,81.99998474121094,37.0,4,2023,9,9
15.334375381469728,11.0,38.0,4,2023,9,9
16.849782943725586,24.000001907348636,39.0,4,2023,9,9
18.364992141723636,33.0,44.0,4,2023,9,9
4.108185291290283,0.4000000953674316,5.0,5,2023,9,9
1.6496150493621826,0.6999999284744263,9.0,5,2023,9,9
3.349193334579468,1.999999761581421,11.0,5,2023,9,9
3.3951027393341064,4.0,13.0,5,2023,9,9
5.11076021194458,0.0999999120831489,25.0,5,2023,9,9
4.668956756591797,0.6999999284744263,29.0,5,2023,9,9
5.018855094909668,0.0,30.0,5,2023,9,9
9.529876708984377,12.000001907348633,32.0,5,2023,9,9
6.5292792320251465,7.1999993324279785,37.0,5,2023,9,9
4.553256034851074,1.999999761581421,38.0,5,2023,9,9
6.15662956237793,12.000001907348633,39.0,5,2023,9,9
12.17494773864746,5.999999523162842,44.0,5,2023,9,9
1.6634140014648438,0.3000000715255737,5.0,6,2023,9,9
0.9719882011413574,0.0,9.0,6,2023,9,9
1.0481051206588743,0.0,11.0,6,2023,9,9
1.548944115638733,0.0,13.0,6,2023,9,9
2.1158180236816406,3.0,25.0,6,2023,9,9
1.6239122152328491,1.2000000476837158,29.0,6,2023,9,9
2.300478219985962,0.5,30.0,6,2023,9,9
4.847075462341309,0.9999998807907104,32.0,6,2023,9,9
3.0490400791168213,0.0,37.0,6,2023,9,9
0.9682577252388,1.499999761581421,38.0,6,2023,9,9
3.9141578674316406,0.0,39.0,6,2023,9,9
9.554136276245115,10.000000953674316,44.0,6,2023,9,9
0.9733229875564576,0.0,5.0,7,2023,9,9
0.7322484254837036,0.0,9.0,7,2023,9,9
0.6286945939064026,0.0,11.0,7,2023,9,9
0.8405991792678833,0.0,13.0,7,2023,9,9
1.3148524761199951,0.0,25.0,7,2023,9,9
1.0230087041854858,0.0,29.0,7,2023,9,9
1.765263557434082,0.0999999120831489,30.0,7,2023,9,9
2.9646129608154297,0.0999999120831489,32.0,7,2023,9,9
2.152848720550537,0.5999999046325684,37.0,7,2023,9,9
1.0567378997802734,0.0,38.0,7,2023,9,9
2.43542742729187,0.2000000178813934,39.0,7,2023,9,9
6.627642631530762,10.200000762939451,44.0,7,2023,9,9
24.02081298828125,32.000003814697266,5.0,1,2023,9,12
20.107833862304688,30.99999237060547,9.0,1,2023,9,12
25.91181945800781,18.000003814697266,11.0,1,2023,9,12
25.408676147460938,35.999996185302734,13.0,1,2023,9,12
26.3470401763916,56.0,25.0,1,2023,9,12
24.526893615722656,0.3000000715255737,29.0,1,2023,9,12
26.95219039916992,18.000003814697266,30.0,1,2023,9,12
27.90884017944336,40.00000762939453,32.0,1,2023,9,12
26.215347290039062,81.99998474121094,37.0,1,2023,9,12
20.285667419433597,11.0,38.0,1,2023,9,12
22.57784843444824,24.000001907348636,39.0,1,2023,9,12
30.616724014282227,33.0,44.0,1,2023,9,12
9.932454109191896,0.4000000953674316,5.0,2,2023,9,12
3.69417667388916,0.6999999284744263,9.0,2,2023,9,12
8.585789680480957,1.999999761581421,11.0,2,2023,9,12
6.347222328186035,4.0,13.0,2,2023,9,12
10.019325256347656,0.0999999120831489,25.0,2,2023,9,12
10.246219635009766,0.6999999284744263,29.0,2,2023,9,12
12.60837745666504,0.0,30.0,2,2023,9,12
29.08672332763672,12.000001907348633,32.0,2,2023,9,12
16.33724594116211,7.1999993324279785,37.0,2,2023,9,12
11.514738082885742,1.999999761581421,38.0,2,2023,9,12
19.80375289916992,12.000001907348633,39.0,2,2023,9,12
38.178001403808594,5.999999523162842,44.0,2,2023,9,12
2.8234453201293945,0.3000000715255737,5.0,3,2023,9,12
1.1628811359405518,0.0,9.0,3,2023,9,12
1.7199923992156982,0.0,11.0,3,2023,9,12
2.1368465423583984,0.0,13.0,3,2023,9,12
3.630873918533325,3.0,25.0,3,2023,9,12
3.350949048995972,1.2000000476837158,29.0,3,2023,9,12
4.223970890045166,0.5,30.0,3,2023,9,12
5.989421844482422,0.9999998807907104,32.0,3,2023,9,12
3.2141480445861816,0.0,37.0,3,2023,9,12
2.318718910217285,1.499999761581421,38.0,3,2023,9,12
3.5870461463928223,0.0,39.0,3,2023,9,12
10.888866424560549,10.000000953674316,44.0,3,2023,9,12
1.507830023765564,0.0,5.0,4,2023,9,12
1.3597362041473389,0.0,9.0,4,2023,9,12
1.611616134643555,0.0,11.0,4,2023,9,12
1.8448044061660769,0.0,13.0,4,2023,9,12
1.8700884580612185,0.0,25.0,4,2023,9,12
1.434075951576233,0.0,29.0,4,2023,9,12
2.056434631347656,0.0999999120831489,30.0,4,2023,9,12
2.539520263671875,0.0999999120831489,32.0,4,2023,9,12
1.9438738822937007,0.5999999046325684,37.0,4,2023,9,12
1.6523983478546145,0.0,38.0,4,2023,9,12
2.58837890625,0.2000000178813934,39.0,4,2023,9,12
3.823380947113037,10.200000762939451,44.0,4,2023,9,12
1.579321265220642,0.0,5.0,5,2023,9,12
2.06138277053833,0.0,9.0,5,2023,9,12
2.844418525695801,0.0,11.0,5,2023,9,12
2.71931266784668,0.0,13.0,5,2023,9,12
2.2632577419281006,0.0,25.0,5,2023,9,12
1.810313701629639,0.0,29.0,5,2023,9,12
2.6021339893341064,0.0,30.0,5,2023,9,12
3.8821401596069336,0.0,32.0,5,2023,9,12
2.602677583694458,0.0,37.0,5,2023,9,12
1.7260444164276123,1.999999761581421,38.0,5,2023,9,12
3.739893913269043,0.0,39.0,5,2023,9,12
6.002838134765625,0.800000011920929,44.0,5,2023,9,12
3.689413070678711,0.0,5.0,6,2023,9,12
4.844577789306641,0.4000000953674316,9.0,6,2023,9,12
5.664839744567871,0.0,11.0,6,2023,9,12
6.817663669586182,1.999999761581421,13.0,6,2023,9,12
4.352625370025635,0.0,25.0,6,2023,9,12
3.3810665607452397,0.0,29.0,6,2023,9,12
4.232541084289551,0.0,30.0,6,2023,9,12
5.262206077575684,5.999999523162842,32.0,6,2023,9,12
4.548937797546387,0.0,37.0,6,2023,9,12
2.551323652267456,0.0,38.0,6,2023,9,12
4.98448657989502,0.0,39.0,6,2023,9,12
6.356161117553711,5.999999523162842,44.0,6,2023,9,12
4.3091654777526855,5.0,5.0,7,2023,9,12
8.829933166503906,65.00000762939453,9.0,7,2023,9,12
7.934142112731934,17.0,11.0,7,2023,9,12
10.197333335876465,30.0000057220459,13.0,7,2023,9,12
5.5874738693237305,0.0,25.0,7,2023,9,12
3.347238063812256,3.0,29.0,7,2023,9,12
3.8514482975006095,0.0,30.0,7,2023,9,12
4.669408798217773,10.000000953674316,32.0,7,2023,9,12
3.3454267978668213,0.0,37.0,7,2023,9,12
2.7710139751434326,1.899999976158142,38.0,7,2023,9,12
3.8375182151794434,0.2000000178813934,39.0,7,2023,9,12
5.273120403289795,11.0,44.0,7,2023,9,12
1.9156935214996336,0.0,5.0,1,2023,9,16
2.8911566734313965,0.0,9.0,1,2023,9,16
3.3551034927368164,0.0,11.0,1,2023,9,16
3.320915699005127,0.0,13.0,1,2023,9,16
2.236565589904785,0.0,25.0,1,2023,9,16
1.934463381767273,0.0,29.0,1,2023,9,16
2.7109215259552,0.0,30.0,1,2023,9,16
3.6191797256469727,0.0,32.0,1,2023,9,16
2.582014322280884,0.0,37.0,1,2023,9,16
1.5515527725219729,1.999999761581421,38.0,1,2023,9,16
2.567148208618164,0.0,39.0,1,2023,9,16
5.63327693939209,0.800000011920929,44.0,1,2023,9,16
3.869104623794556,0.0,5.0,2,2023,9,16
6.1066718101501465,0.4000000953674316,9.0,2,2023,9,16
6.9859724044799805,0.0,11.0,2,2023,9,16
6.750263690948486,1.999999761581421,13.0,2,2023,9,16
3.951472759246826,0.0,25.0,2,2023,9,16
3.531233549118042,0.0,29.0,2,2023,9,16
3.2560906410217285,0.0,30.0,2,2023,9,16
3.160159111022949,5.999999523162842,32.0,2,2023,9,16
3.0051913261413574,0.0,37.0,2,2023,9,16
2.476241111755371,0.0,38.0,2,2023,9,16
2.444561004638672,0.0,39.0,2,2023,9,16
3.1080896854400635,5.999999523162842,44.0,2,2023,9,16
4.114099502563477,5.0,5.0,3,2023,9,16
7.550246238708496,65.00000762939453,9.0,3,2023,9,16
7.383944034576416,17.0,11.0,3,2023,9,16
8.683144569396973,30.0000057220459,13.0,3,2023,9,16
5.027773380279541,0.0,25.0,3,2023,9,16
3.6200242042541504,3.0,29.0,3,2023,9,16
3.571056604385376,0.0,30.0,3,2023,9,16
3.260695457458496,10.000000953674316,32.0,3,2023,9,16
3.084246635437012,0.0,37.0,3,2023,9,16
2.422886371612549,1.899999976158142,38.0,3,2023,9,16
3.055134057998657,0.2000000178813934,39.0,3,2023,9,16
3.880242109298706,11.0,44.0,3,2023,9,16
3.138643980026245,0.0,5.0,4,2023,9,16
5.239398002624512,3.0,9.0,4,2023,9,16
4.975380897521973,27.000001907348636,11.0,4,2023,9,16
6.665832996368408,9.0,13.0,4,2023,9,16
3.91414213180542,5.999999523162842,25.0,4,2023,9,16
2.6832823753356934,12.000001907348633,29.0,4,2023,9,16
3.020416736602783,0.0999999120831489,30.0,4,2023,9,16
2.9611258506774902,11.0,32.0,4,2023,9,16
2.782557964324951,0.2000000178813934,37.0,4,2023,9,16
2.192311763763428,2.1000001430511475,38.0,4,2023,9,16
3.205159902572632,3.8000006675720215,39.0,4,2023,9,16
3.576902389526367,2.200000286102295,44.0,4,2023,9,16
5.8363776206970215,0.0,5.0,5,2023,9,16
10.153051376342772,7.0,9.0,5,2023,9,16
10.261590957641602,0.0,11.0,5,2023,9,16
10.79078769683838,1.999999761581421,13.0,5,2023,9,16
6.306900024414063,0.0,25.0,5,2023,9,16
5.139730453491211,0.0,29.0,5,2023,9,16
4.275071144104004,0.0,30.0,5,2023,9,16
4.052016258239746,0.0,32.0,5,2023,9,16
4.327078819274902,0.0,37.0,5,2023,9,16
3.7325615882873535,0.0,38.0,5,2023,9,16
3.963503360748291,0.0,39.0,5,2023,9,16
3.994639158248901,0.0,44.0,5,2023,9,16
2.4635438919067383,0.0,5.0,6,2023,9,16
4.456313133239746,35.0,9.0,6,2023,9,16
3.997475862503052,0.4000000953674316,11.0,6,2023,9,16
5.487124443054199,3.0,13.0,6,2023,9,16
3.155811071395874,0.8999999761581421,25.0,6,2023,9,16
1.6625851392745972,5.999999523162842,29.0,6,2023,9,16
1.4495402574539185,8.0,30.0,6,2023,9,16
1.9458794593811035,0.0,32.0,6,2023,9,16
1.8763493299484253,0.0,37.0,6,2023,9,16
0.8716133832931519,0.0,38.0,6,2023,9,16
2.218100547790528,0.0,39.0,6,2023,9,16
2.8320279121398926,0.0,44.0,6,2023,9,16
1.0785578489303589,0.0,5.0,7,2023,9,16
3.079592227935791,0.9999998807907104,9.0,7,2023,9,16
3.720496416091919,6.799999237060547,11.0,7,2023,9,16
4.075096130371094,81.0,13.0,7,2023,9,16
1.5256303548812866,16.0,25.0,7,2023,9,16
1.1669341325759888,0.0,29.0,7,2023,9,16
1.2143089771270752,8.0,30.0,7,2023,9,16
0.965615451335907,0.0999999120831489,32.0,7,2023,9,16
0.7862030863761902,0.0,37.0,7,2023,9,16
0.6931262016296387,0.0,38.0,7,2023,9,16
0.7971962690353394,0.0,39.0,7,2023,9,16
1.4512224197387695,0.0,44.0,7,2023,9,16
4.787461280822754,0.0,5.0,1,2023,9,19
8.396882057189941,3.0,9.0,1,2023,9,19
8.18871021270752,27.000001907348636,11.0,1,2023,9,19
9.13858413696289,9.0,13.0,1,2023,9,19
5.2329535484313965,5.999999523162842,25.0,1,2023,9,19
4.714693546295166,12.000001907348633,29.0,1,2023,9,19
3.687746286392212,0.0999999120831489,30.0,1,2023,9,19
2.8867993354797363,11.0,32.0,1,2023,9,19
3.3801469802856445,0.2000000178813934,37.0,1,2023,9,19
2.6511054039001465,2.1000001430511475,38.0,1,2023,9,19
2.887208938598633,3.8000006675720215,39.0,1,2023,9,19
3.011044502258301,2.200000286102295,44.0,1,2023,9,19
5.14442253112793,0.0,5.0,2,2023,9,19
7.1944098472595215,7.0,9.0,2,2023,9,19
7.7921319007873535,0.0,11.0,2,2023,9,19
7.8886027336120605,1.999999761581421,13.0,2,2023,9,19
5.808207511901856,0.0,25.0,2,2023,9,19
4.611422061920166,0.0,29.0,2,2023,9,19
3.851243019104004,0.0,30.0,2,2023,9,19
3.265584707260132,0.0,32.0,2,2023,9,19
3.304187536239624,0.0,37.0,2,2023,9,19
3.345530271530152,0.0,38.0,2,2023,9,19
2.741166114807129,0.0,39.0,2,2023,9,19
3.6772944927215576,0.0,44.0,2,2023,9,19
1.9804009199142456,0.0,5.0,3,2023,9,19
5.313694953918457,35.0,9.0,3,2023,9,19
4.920416831970215,0.4000000953674316,11.0,3,2023,9,19
5.584787368774414,3.0,13.0,3,2023,9,19
3.130276679992676,0.8999999761581421,25.0,3,2023,9,19
1.7941672801971436,5.999999523162842,29.0,3,2023,9,19
1.5011825561523438,8.0,30.0,3,2023,9,19
1.4811596870422363,0.0,32.0,3,2023,9,19
1.3859556913375854,0.0,37.0,3,2023,9,19
0.9719650745391846,0.0,38.0,3,2023,9,19
1.4412658214569092,0.0,39.0,3,2023,9,19
1.607879400253296,0.0,44.0,3,2023,9,19
0.832195520401001,0.0,5.0,4,2023,9,19
2.6230218410491943,0.9999998807907104,9.0,4,2023,9,19
2.0793113708496094,6.799999237060547,11.0,4,2023,9,19
3.0098636150360107,81.0,13.0,4,2023,9,19
1.3843138217926023,16.0,25.0,4,2023,9,19
0.6070969104766846,0.0,29.0,4,2023,9,19
0.9860408902168274,8.0,30.0,4,2023,9,19
0.6926870346069336,0.0999999120831489,32.0,4,2023,9,19
0.8019341826438904,0.0,37.0,4,2023,9,19
0.4062452912330627,0.0,38.0,4,2023,9,19
0.6767860651016235,0.0,39.0,4,2023,9,19
1.3017990589141846,0.0,44.0,4,2023,9,19
1.8004109859466553,0.0,5.0,5,2023,9,19
3.0765140056610107,11.0,9.0,5,2023,9,19
3.405128240585327,27.000001907348636,11.0,5,2023,9,19
3.452296257019043,7.0,13.0,5,2023,9,19
2.557433605194092,3.0,25.0,5,2023,9,19
2.0228888988494877,33.0,29.0,5,2023,9,19
2.217963933944702,0.0,30.0,5,2023,9,19
1.9779025316238403,8.199999809265137,32.0,5,2023,9,19
1.7159953117370603,0.0,37.0,5,2023,9,19
1.4121029376983645,7.0,38.0,5,2023,9,19
1.7359168529510498,0.0,39.0,5,2023,9,19
2.2729005813598637,0.0,44.0,5,2023,9,19
1.863185167312622,0.0,5.0,6,2023,9,19
5.057681083679199,3.0,9.0,6,2023,9,19
6.001637935638428,23.0,11.0,6,2023,9,19
6.204567909240723,14.000000953674316,13.0,6,2023,9,19
2.204505205154419,0.0,25.0,6,2023,9,19
1.864014744758606,0.0,29.0,6,2023,9,19
1.8513363599777224,1.999999761581421,30.0,6,2023,9,19
1.6022236347198486,0.0,32.0,6,2023,9,19
1.1694927215576172,0.0,37.0,6,2023,9,19
0.9515403509140016,0.0,38.0,6,2023,9,19
0.9445673823356628,0.0,39.0,6,2023,9,19
1.8470401763916016,0.0,44.0,6,2023,9,19
0.5250331163406372,0.0,5.0,7,2023,9,19
1.307161808013916,3.0,9.0,7,2023,9,19
1.2539836168289185,0.0,11.0,7,2023,9,19
1.7622259855270386,0.4000000953674316,13.0,7,2023,9,19
1.1444439888000488,0.0,25.0,7,2023,9,19
0.5394769906997681,0.0,29.0,7,2023,9,19
1.3139760494232178,0.0,30.0,7,2023,9,19
2.043581962585449,0.0,32.0,7,2023,9,19
1.261938214302063,0.0,37.0,7,2023,9,19
0.6981995701789856,0.0,38.0,7,2023,9,19
1.552557110786438,0.3000000715255737,39.0,7,2023,9,19
3.7215421199798575,0.4000000953674316,44.0,7,2023,9,19
2.737093210220337,0.0,5.0,1,2023,9,23
6.857538223266602,11.0,9.0,1,2023,9,23
7.080249309539795,27.000001907348636,11.0,1,2023,9,23
7.469898223876953,7.0,13.0,1,2023,9,23
3.430570602416992,3.0,25.0,1,2023,9,23
2.7033028602600098,33.0,29.0,1,2023,9,23
1.9763615131378172,0.0,30.0,1,2023,9,23
1.3219804763793943,8.199999809265137,32.0,1,2023,9,23
1.452579379081726,0.0,37.0,1,2023,9,23
1.351745367050171,7.0,38.0,1,2023,9,23
1.0845208168029783,0.0,39.0,1,2023,9,23
1.293330430984497,0.0,44.0,1,2023,9,23
1.0825814008712769,0.0,5.0,2,2023,9,23
2.1968250274658203,3.0,9.0,2,2023,9,23
2.7860658168792725,23.0,11.0,2,2023,9,23
2.657740831375122,14.000000953674316,13.0,2,2023,9,23
1.3398537635803225,0.0,25.0,2,2023,9,23
1.0191679000854492,0.0,29.0,2,2023,9,23
1.0752029418945312,1.999999761581421,30.0,2,2023,9,23
1.3566570281982422,0.0,32.0,2,2023,9,23
1.0068479776382446,0.0,37.0,2,2023,9,23
0.6138390302658081,0.0,38.0,2,2023,9,23
1.2903655767440796,0.0,39.0,2,2023,9,23
2.0713601112365723,0.0,44.0,2,2023,9,23
0.576820969581604,0.0,5.0,3,2023,9,23
1.0586092472076416,3.0,9.0,3,2023,9,23
1.1438177824020386,0.0,11.0,3,2023,9,23
1.3481485843658447,0.4000000953674316,13.0,3,2023,9,23
0.9969430565834044,0.0,25.0,3,2023,9,23
0.4840314388275146,0.0,29.0,3,2023,9,23
1.1761038303375244,0.0,30.0,3,2023,9,23
1.9454264640808103,0.0,32.0,3,2023,9,23
1.274688720703125,0.0,37.0,3,2023,9,23
0.552388072013855,0.0,38.0,3,2023,9,23
1.9068361520767207,0.3000000715255737,39.0,3,2023,9,23
3.653449296951294,0.4000000953674316,44.0,3,2023,9,23
0.6560080051422119,0.0,5.0,4,2023,9,23
0.7730742692947388,0.6999999284744263,9.0,4,2023,9,23
1.0606435537338257,0.4000000953674316,11.0,4,2023,9,23
1.2386677265167236,0.0,13.0,4,2023,9,23
1.0039525032043457,0.6999999284744263,25.0,4,2023,9,23
0.589411735534668,0.0,29.0,4,2023,9,23
1.1722908020019531,3.0,30.0,4,2023,9,23
1.7138993740081787,18.000003814697266,32.0,4,2023,9,23
1.3564453125,5.999999523162842,37.0,4,2023,9,23
0.7147617340087891,0.9999998807907104,38.0,4,2023,9,23
1.9234275817871092,13.699997901916504,39.0,4,2023,9,23
3.5710790157318115,79.99996948242188,44.0,4,2023,9,23
0.945972204208374,4.0,5.0,5,2023,9,23
1.053515076637268,3.0,9.0,5,2023,9,23
1.079572081565857,0.0,11.0,5,2023,9,23
1.2672810554504397,0.2000000178813934,13.0,5,2023,9,23
1.648143649101257,9.400001525878906,25.0,5,2023,9,23
0.942007839679718,0.4000000953674316,29.0,5,2023,9,23
1.9747645854949951,26.00000762939453,30.0,5,2023,9,23
3.318036794662476,64.00001525878906,32.0,5,2023,9,23
2.361276388168335,53.00000381469727,37.0,5,2023,9,23
1.3155535459518433,3.399999618530273,38.0,5,2023,9,23
3.3291852474212646,35.0,39.0,5,2023,9,23
6.705710411071777,35.0,44.0,5,2023,9,23
1.2385351657867432,5.0,5.0,6,2023,9,23
1.8373134136199951,8.0,9.0,6,2023,9,23
1.9261248111724851,1.1000001430511477,11.0,6,2023,9,23
2.7628793716430664,2.799999713897705,13.0,6,2023,9,23
2.454723358154297,8.199999809265137,25.0,6,2023,9,23
1.369589924812317,3.0,29.0,6,2023,9,23
2.9420621395111084,3.399999618530273,30.0,6,2023,9,23
4.906274795532227,15.0,32.0,6,2023,9,23
2.714534044265747,0.0,37.0,6,2023,9,23
2.0549416542053223,0.0,38.0,6,2023,9,23
3.730615615844727,15.100000381469728,39.0,6,2023,9,23
8.739265441894531,5.999999523162842,44.0,6,2023,9,23
2.433025598526001,0.0,5.0,7,2023,9,23
4.1986403465271,4.0,9.0,7,2023,9,23
4.088138103485107,0.0,11.0,7,2023,9,23
4.93321418762207,0.0,13.0,7,2023,9,23
4.263879299163818,1.8000000715255735,25.0,7,2023,9,23
2.5307846069335938,18.09999656677246,29.0,7,2023,9,23
3.906058788299561,0.3000000715255737,30.0,7,2023,9,23
5.3702473640441895,0.0,32.0,7,2023,9,23
3.620652675628662,0.3000000715255737,37.0,7,2023,9,23
2.8723504543304443,4.0,38.0,7,2023,9,23
4.137304782867432,0.0,39.0,7,2023,9,23
7.697947978973389,0.9999998807907104,44.0,7,2023,9,23
5.694636344909668,0.0,5.0,1,2023,9,26
4.424874305725098,0.6999999284744263,9.0,1,2023,9,26
4.534231662750244,0.4000000953674316,11.0,1,2023,9,26
5.201442241668701,0.0,13.0,1,2023,9,26
7.480870246887207,0.6999999284744263,25.0,1,2023,9,26
6.085953235626221,0.0,29.0,1,2023,9,26
9.88951587677002,3.0,30.0,1,2023,9,26
17.142915725708008,18.000003814697266,32.0,1,2023,9,26
8.989424705505371,5.999999523162842,37.0,1,2023,9,26
6.48237943649292,0.9999998807907104,38.0,1,2023,9,26
9.91525650024414,13.699997901916504,39.0,1,2023,9,26
26.875383377075195,79.99996948242188,44.0,1,2023,9,26
4.649163722991943,4.0,5.0,2,2023,9,26
4.354128837585449,3.0,9.0,2,2023,9,26
3.4614953994750977,0.0,11.0,2,2023,9,26
4.5874857902526855,0.2000000178813934,13.0,2,2023,9,26
5.535043716430664,9.400001525878906,25.0,2,2023,9,26
3.0921952724456787,0.4000000953674316,29.0,2,2023,9,26
4.456625938415527,26.00000762939453,30.0,2,2023,9,26
8.90357780456543,64.00001525878906,32.0,2,2023,9,26
5.445413112640381,53.00000381469727,37.0,2,2023,9,26
3.8356473445892334,3.399999618530273,38.0,2,2023,9,26
5.478848457336426,35.0,39.0,2,2023,9,26
13.452238082885742,35.0,44.0,2,2023,9,26
2.363787651062012,5.0,5.0,3,2023,9,26
3.7436230182647705,8.0,9.0,3,2023,9,26
5.070610523223877,1.1000001430511477,11.0,3,2023,9,26
4.683096885681152,2.799999713897705,13.0,3,2023,9,26
2.9921257495880127,8.199999809265137,25.0,3,2023,9,26
3.024161100387573,3.0,29.0,3,2023,9,26
3.3643524646759038,3.399999618530273,30.0,3,2023,9,26
5.705284118652344,15.0,32.0,3,2023,9,26
2.7191030979156494,0.0,37.0,3,2023,9,26
2.1302080154418945,0.0,38.0,3,2023,9,26
3.337373733520508,15.100000381469728,39.0,3,2023,9,26
7.845374584197998,5.999999523162842,44.0,3,2023,9,26
1.5291681289672852,0.0,5.0,4,2023,9,26
3.017864942550659,4.0,9.0,4,2023,9,26
3.454708337783813,0.0,11.0,4,2023,9,26
3.871346235275269,0.0,13.0,4,2023,9,26
2.1235156059265137,1.8000000715255735,25.0,4,2023,9,26
1.6271673440933228,18.09999656677246,29.0,4,2023,9,26
2.0491085052490234,0.3000000715255737,30.0,4,2023,9,26
2.8090410232543945,0.0,32.0,4,2023,9,26
1.862553834915161,0.3000000715255737,37.0,4,2023,9,26
1.275041580200195,4.0,38.0,4,2023,9,26
2.21425199508667,0.0,39.0,4,2023,9,26
4.120447635650635,0.9999998807907104,44.0,4,2023,9,26
1.9376229047775269,0.5,5.0,5,2023,9,26
3.040895700454712,22.0000057220459,9.0,5,2023,9,26
3.5002827644348145,0.2000000178813934,11.0,5,2023,9,26
3.521668672561645,0.0,13.0,5,2023,9,26
2.2278201580047607,3.399999618530273,25.0,5,2023,9,26
1.71520733833313,0.0,29.0,5,2023,9,26
1.9253342151641848,0.0,30.0,5,2023,9,26
1.7204725742340088,0.6999999284744263,32.0,5,2023,9,26
1.74406898021698,0.3000000715255737,37.0,5,2023,9,26
1.414857029914856,0.0,38.0,5,2023,9,26
1.6577719449996948,0.0,39.0,5,2023,9,26
3.015974521636963,0.0,44.0,5,2023,9,26
1.168224573135376,12.000001907348633,5.0,6,2023,9,26
2.380934953689575,0.0,9.0,6,2023,9,26
2.3763246536254883,0.3000000715255737,11.0,6,2023,9,26
3.365173578262329,13.19999885559082,13.0,6,2023,9,26
1.8974125385284424,20.599994659423828,25.0,6,2023,9,26
1.037438154220581,0.0,29.0,6,2023,9,26
1.6537723541259766,0.0999999120831489,30.0,6,2023,9,26
1.5096417665481567,0.0,32.0,6,2023,9,26
1.344271898269653,0.0,37.0,6,2023,9,26
1.015496850013733,9.099998474121094,38.0,6,2023,9,26
1.2577006816864014,0.0,39.0,6,2023,9,26
2.592418909072876,0.0,44.0,6,2023,9,26
1.288522481918335,0.0,5.0,7,2023,9,26
4.170452117919922,0.0,9.0,7,2023,9,26
3.127551794052124,0.6999999284744263,11.0,7,2023,9,26
4.48881721496582,1.3999998569488523,13.0,7,2023,9,26
2.0066030025482178,0.0999999120831489,25.0,7,2023,9,26
1.4354095458984375,0.0,29.0,7,2023,9,26
2.076756477355957,0.0,30.0,7,2023,9,26
2.972764253616333,0.0,32.0,7,2023,9,26
2.0835494995117188,0.0,37.0,7,2023,9,26
0.8698766827583313,0.0,38.0,7,2023,9,26
2.1432461738586426,0.0,39.0,7,2023,9,26
4.453869819641113,0.0,44.0,7,2023,9,26
6.329586982727051,0.5,5.0,1,2023,9,30
13.092164039611816,22.0000057220459,9.0,1,2023,9,30
11.059335708618164,0.2000000178813934,11.0,1,2023,9,30
12.906454086303713,0.0,13.0,1,2023,9,30
9.126867294311523,3.399999618530273,25.0,1,2023,9,30
7.180522918701172,0.0,29.0,1,2023,9,30
5.949998378753662,0.0,30.0,1,2023,9,30
5.408631324768066,0.6999999284744263,32.0,1,2023,9,30
5.5668792724609375,0.3000000715255737,37.0,1,2023,9,30
4.363116264343262,0.0,38.0,1,2023,9,30
4.4257493019104,0.0,39.0,1,2023,9,30
5.732696533203125,0.0,44.0,1,2023,9,30
3.199068069458008,12.000001907348633,5.0,2,2023,9,30
5.725892543792725,0.0,9.0,2,2023,9,30
5.082776546478272,0.3000000715255737,11.0,2,2023,9,30
6.048744201660156,13.19999885559082,13.0,2,2023,9,30
3.7217087745666495,20.599994659423828,25.0,2,2023,9,30
2.7523515224456787,0.0,29.0,2,2023,9,30
2.224275588989258,0.0999999120831489,30.0,2,2023,9,30
1.9674489498138428,0.0,32.0,2,2023,9,30
2.211907386779785,0.0,37.0,2,2023,9,30
1.5634018182754517,9.099998474121094,38.0,2,2023,9,30
1.7676668167114258,0.0,39.0,2,2023,9,30
2.33480167388916,0.0,44.0,2,2023,9,30
2.133711338043213,0.0,5.0,3,2023,9,30
6.239458560943604,0.0,9.0,3,2023,9,30
5.754182815551758,0.6999999284744263,11.0,3,2023,9,30
6.461808681488037,1.3999998569488523,13.0,3,2023,9,30
3.1878557205200195,0.0999999120831489,25.0,3,2023,9,30
2.1292834281921387,0.0,29.0,3,2023,9,30
1.809657096862793,0.0,30.0,3,2023,9,30
1.3723942041397097,0.0,32.0,3,2023,9,30
1.492623805999756,0.0,37.0,3,2023,9,30
1.067331075668335,0.0,38.0,3,2023,9,30
1.3054813146591189,0.0,39.0,3,2023,9,30
1.349998950958252,0.0,44.0,3,2023,9,30
1.4572558403015137,0.0,5.0,4,2023,9,30
2.5864219665527344,0.0,9.0,4,2023,9,30
2.3891515731811523,0.0,11.0,4,2023,9,30
3.0736045837402344,0.0,13.0,4,2023,9,30
1.9562366008758545,0.0,25.0,4,2023,9,30
1.3655340671539309,0.0,29.0,4,2023,9,30
1.3888320922851562,0.0,30.0,4,2023,9,30
0.8226175308227539,0.0,32.0,4,2023,9,30
0.988222599029541,0.0,37.0,4,2023,9,30
1.0252354145050049,0.0,38.0,4,2023,9,30
0.9418882727622986,0.0,39.0,4,2023,9,30
1.0228848457336426,0.0,44.0,4,2023,9,30
1.279216766357422,0.0,5.0,5,2023,9,30
2.798029661178589,0.0,9.0,5,2023,9,30
2.500544786453247,4.0,11.0,5,2023,9,30
2.975456953048706,0.0,13.0,5,2023,9,30
1.610321044921875,0.0,25.0,5,2023,9,30
0.9507495164871216,0.0,29.0,5,2023,9,30
0.955083191394806,0.0,30.0,5,2023,9,30
0.5453600287437439,0.0,32.0,5,2023,9,30
0.8120887875556946,0.0,37.0,5,2023,9,30
0.6669137477874756,0.0,38.0,5,2023,9,30
0.7277588844299316,0.0,39.0,5,2023,9,30
1.1763118505477903,0.0,44.0,5,2023,9,30
1.720644235610962,0.0,5.0,6,2023,9,30
4.71484899520874,8.199999809265137,9.0,6,2023,9,30
4.349070549011231,24.999998092651367,11.0,6,2023,9,30
5.283494472503662,40.00000762939453,13.0,6,2023,9,30
2.348564863204956,0.3000000715255737,25.0,6,2023,9,30
1.455512762069702,0.0,29.0,6,2023,9,30
1.941760540008545,0.0,30.0,6,2023,9,30
1.426721215248108,0.0,32.0,6,2023,9,30
1.438489556312561,0.0,37.0,6,2023,9,30
1.0367074012756348,0.0,38.0,6,2023,9,30
1.2648112773895264,0.0,39.0,6,2023,9,30
1.997929096221924,1.999999761581421,44.0,6,2023,9,30
4.148754596710205,33.0,5.0,7,2023,9,30
8.205412864685059,0.0,9.0,7,2023,9,30
7.069177627563477,0.9999998807907104,11.0,7,2023,9,30
8.6704740524292,0.0,13.0,7,2023,9,30
5.078450202941895,5.999999523162842,25.0,7,2023,9,30
3.690394639968872,1.999999761581421,29.0,7,2023,9,30
3.430205106735229,9.0,30.0,7,2023,9,30
2.8336610794067383,19.0,32.0,7,2023,9,30
2.614897966384888,65.99998474121094,37.0,7,2023,9,30
2.698221445083618,15.0,38.0,7,2023,9,30
1.9461870193481443,26.00000762939453,39.0,7,2023,9,30
2.823647737503052,0.9999998807907104,44.0,7,2023,9,30
1.0297245979309082,0.0,5.0,1,2023,10,3
1.6336665153503418,0.0,9.0,1,2023,10,3
2.0781617164611816,0.0,11.0,1,2023,10,3
2.050621509552002,0.0,13.0,1,2023,10,3
1.2830111980438232,0.0,25.0,1,2023,10,3
1.031909704208374,0.0,29.0,1,2023,10,3
0.7595618963241577,0.0,30.0,1,2023,10,3
0.3097545206546783,0.0,32.0,1,2023,10,3
0.5977259278297424,0.0,37.0,1,2023,10,3
0.5996320247650146,0.0,38.0,1,2023,10,3
0.5682588815689087,0.0,39.0,1,2023,10,3
0.5215853452682495,0.0,44.0,1,2023,10,3
1.4155306816101074,0.0,5.0,2,2023,10,3
3.381844282150269,0.0,9.0,2,2023,10,3
3.396108388900757,4.0,11.0,2,2023,10,3
3.585338592529297,0.0,13.0,2,2023,10,3
1.6133548021316528,0.0,25.0,2,2023,10,3
1.2144775390625,0.0,29.0,2,2023,10,3
0.8403289914131165,0.0,30.0,2,2023,10,3
0.5130258798599243,0.0,32.0,2,2023,10,3
0.6042729616165161,0.0,37.0,2,2023,10,3
0.5299118757247925,0.0,38.0,2,2023,10,3
0.5154303908348083,0.0,39.0,2,2023,10,3
0.6515985727310181,0.0,44.0,2,2023,10,3
1.8547133207321167,0.0,5.0,3,2023,10,3
3.58401107788086,8.199999809265137,9.0,3,2023,10,3
3.110174655914306,24.999998092651367,11.0,3,2023,10,3
4.000903129577637,40.00000762939453,13.0,3,2023,10,3
2.524563789367676,0.3000000715255737,25.0,3,2023,10,3
1.623028039932251,0.0,29.0,3,2023,10,3
1.7328815460205078,0.0,30.0,3,2023,10,3
1.326051950454712,0.0,32.0,3,2023,10,3
1.3731783628463743,0.0,37.0,3,2023,10,3
1.1366350650787354,0.0,38.0,3,2023,10,3
1.173028826713562,0.0,39.0,3,2023,10,3
1.5376391410827637,1.999999761581421,44.0,3,2023,10,3
2.0245604515075684,33.0,5.0,4,2023,10,3
5.315398693084717,0.0,9.0,4,2023,10,3
4.72579288482666,0.9999998807907104,11.0,4,2023,10,3
5.727375030517578,0.0,13.0,4,2023,10,3
2.84634017944336,5.999999523162842,25.0,4,2023,10,3
2.308683395385742,1.999999761581421,29.0,4,2023,10,3
3.2464842796325684,9.0,30.0,4,2023,10,3
2.4741854667663574,19.0,32.0,4,2023,10,3
1.6612350940704346,65.99998474121094,37.0,4,2023,10,3
1.7880311012268066,15.0,38.0,4,2023,10,3
0.978913426399231,26.00000762939453,39.0,4,2023,10,3
2.0743837356567383,0.9999998807907104,44.0,4,2023,10,3
5.352325916290283,0.9999998807907104,5.0,5,2023,10,3
6.979640483856201,3.399999618530273,9.0,5,2023,10,3
7.095953464508057,5.0,11.0,5,2023,10,3
7.38582706451416,0.4000000953674316,13.0,5,2023,10,3
5.199382781982422,18.000003814697266,25.0,5,2023,10,3
5.833402156829834,7.0,29.0,5,2023,10,3
3.28247332572937,0.0,30.0,5,2023,10,3
4.977447032928467,0.0,32.0,5,2023,10,3
3.689822673797608,0.0,37.0,5,2023,10,3
3.7531564235687256,5.999999523162842,38.0,5,2023,10,3
3.177775621414185,0.0,39.0,5,2023,10,3
6.311403274536133,5.0,44.0,5,2023,10,3
1.4861056804656982,0.0,5.0,6,2023,10,3
4.466207981109619,0.0,9.0,6,2023,10,3
5.958639144897461,0.0,11.0,6,2023,10,3
5.813639163970947,0.9999998807907104,13.0,6,2023,10,3
1.3586511611938477,0.3000000715255737,25.0,6,2023,10,3
1.8254666328430176,0.2000000178813934,29.0,6,2023,10,3
0.913828670978546,0.0,30.0,6,2023,10,3
1.0764639377593994,0.0,32.0,6,2023,10,3
0.8272610306739807,0.0,37.0,6,2023,10,3
0.5391454696655273,0.0,38.0,6,2023,10,3
0.5691908597946167,0.0,39.0,6,2023,10,3
0.9516103863716124,0.9999998807907104,44.0,6,2023,10,3
0.5790214538574219,0.0,5.0,7,2023,10,3
2.733980178833008,0.0,9.0,7,2023,10,3
2.736426830291748,0.0,11.0,7,2023,10,3
3.193763971328736,0.0,13.0,7,2023,10,3
0.7959667444229126,0.0,25.0,7,2023,10,3
0.3383221924304962,0.0,29.0,7,2023,10,3
0.4494565725326538,0.0,30.0,7,2023,10,3
0.8940057754516602,0.0,32.0,7,2023,10,3
0.5198661088943481,0.0,37.0,7,2023,10,3
0.211757406592369,0.0,38.0,7,2023,10,3
0.4215574860572815,0.0,39.0,7,2023,10,3
1.3133065700531006,0.0,44.0,7,2023,10,3
5.279196262359619,0.9999998807907104,5.0,1,2023,10,7
6.339232444763184,3.399999618530273,9.0,1,2023,10,7
8.26080322265625,5.0,11.0,1,2023,10,7
7.821121692657471,0.4000000953674316,13.0,1,2023,10,7
5.90175724029541,18.000003814697266,25.0,1,2023,10,7
6.327192306518555,7.0,29.0,1,2023,10,7
4.805206298828125,0.0,30.0,1,2023,10,7
6.074418544769287,0.0,32.0,1,2023,10,7
3.4858410358428955,0.0,37.0,1,2023,10,7
4.394199371337891,5.999999523162842,38.0,1,2023,10,7
3.179449319839477,0.0,39.0,1,2023,10,7
7.607881546020508,5.0,44.0,1,2023,10,7
1.1363141536712646,0.0,5.0,2,2023,10,7
2.366644859313965,0.0,9.0,2,2023,10,7
2.970801591873169,0.0,11.0,2,2023,10,7
2.698453426361084,0.9999998807907104,13.0,2,2023,10,7
1.1764554977416992,0.3000000715255737,25.0,2,2023,10,7
1.3568180799484253,0.2000000178813934,29.0,2,2023,10,7
0.8011643886566162,0.0,30.0,2,2023,10,7
0.6539293527603149,0.0,32.0,2,2023,10,7
0.6940346956253052,0.0,37.0,2,2023,10,7
0.5772294998168945,0.0,38.0,2,2023,10,7
0.5081440210342407,0.0,39.0,2,2023,10,7
0.6828752160072327,0.9999998807907104,44.0,2,2023,10,7
0.645199179649353,0.0,5.0,3,2023,10,7
3.175081491470337,0.0,9.0,3,2023,10,7
4.283926963806152,0.0,11.0,3,2023,10,7
4.151035308837891,0.0,13.0,3,2023,10,7
0.8496357798576355,0.0,25.0,3,2023,10,7
0.6924135684967041,0.0,29.0,3,2023,10,7
0.3483795821666717,0.0,30.0,3,2023,10,7
0.3147498369216919,0.0,32.0,3,2023,10,7
0.2151649296283722,0.0,37.0,3,2023,10,7
0.0607629567384719,0.0,38.0,3,2023,10,7
0.125636875629425,0.0,39.0,3,2023,10,7
0.5620615482330322,0.0,44.0,3,2023,10,7
0.1597800701856613,0.0,5.0,4,2023,10,7
0.927904725074768,0.0,9.0,4,2023,10,7
1.8368825912475584,0.0,11.0,4,2023,10,7
1.365911841392517,0.0,13.0,4,2023,10,7
0.1968774497509002,0.0,25.0,4,2023,10,7
0.2725315690040588,0.0,29.0,4,2023,10,7
0.0665969401597976,0.0,30.0,4,2023,10,7
0.1113867759704589,0.0,32.0,4,2023,10,7
0.0042767254635691,0.0,37.0,4,2023,10,7
0.0,0.0,38.0,4,2023,10,7
0.0689971894025802,0.0,39.0,4,2023,10,7
0.3867209255695343,1.999999761581421,44.0,4,2023,10,7
0.0,0.0,5.0,5,2023,10,7
0.0639022067189216,0.0,9.0,5,2023,10,7
0.1068359538912773,0.0,11.0,5,2023,10,7
0.1455446183681488,0.0,13.0,5,2023,10,7
0.0268835313618183,0.0,25.0,5,2023,10,7
0.0,0.0,29.0,5,2023,10,7
0.0645216181874275,0.0,30.0,5,2023,10,7
0.1450872123241424,0.0,32.0,5,2023,10,7
0.0,0.0,37.0,5,2023,10,7
0.0,0.0,38.0,5,2023,10,7
0.0222662165760993,0.0,39.0,5,2023,10,7
1.045262098312378,0.0,44.0,5,2023,10,7
0.5821778774261475,0.0,5.0,6,2023,10,7
0.819264829158783,0.0,9.0,6,2023,10,7
0.9281288981437684,0.0,11.0,6,2023,10,7
1.0940496921539309,0.0,13.0,6,2023,10,7
0.7799081206321716,0.0,25.0,6,2023,10,7
0.4337314367294311,0.0,29.0,6,2023,10,7
0.8608728647232056,0.0,30.0,6,2023,10,7
1.8995161056518557,0.0,32.0,6,2023,10,7
1.0186668634414673,0.0,37.0,6,2023,10,7
0.2031113058328628,0.0999999120831489,38.0,6,2023,10,7
1.675900936126709,0.0,39.0,6,2023,10,7
3.7342939376831055,0.0,44.0,6,2023,10,7
1.921465516090393,0.0,5.0,7,2023,10,7
7.166131973266602,0.9999998807907104,9.0,7,2023,10,7
5.446419715881348,0.5999999046325684,11.0,7,2023,10,7
6.8059282302856445,0.0999999120831489,13.0,7,2023,10,7
2.354422092437744,0.0,25.0,7,2023,10,7
1.820419788360596,0.0,29.0,7,2023,10,7
1.578579068183899,0.0,30.0,7,2023,10,7
1.7557470798492432,0.0,32.0,7,2023,10,7
1.3245298862457275,0.0,37.0,7,2023,10,7
1.0931602716445925,0.0,38.0,7,2023,10,7
1.1630386114120483,0.0,39.0,7,2023,10,7
2.159909725189209,0.0,44.0,7,2023,10,7
0.0069879284128546,0.0,5.0,1,2023,10,10
0.938323438167572,0.0,9.0,1,2023,10,10
1.0847060680389404,0.0,11.0,1,2023,10,10
1.16033673286438,0.0,13.0,1,2023,10,10
0.220216765999794,0.0,25.0,1,2023,10,10
0.0,0.0,29.0,1,2023,10,10
0.0,0.0,30.0,1,2023,10,10
0.0,0.0,32.0,1,2023,10,10
0.0,0.0,37.0,1,2023,10,10
0.0,0.0,38.0,1,2023,10,10
0.0,0.0,39.0,1,2023,10,10
0.0898739621043205,1.999999761581421,44.0,1,2023,10,10
0.0189149416983127,0.0,5.0,2,2023,10,10
0.2877714931964874,0.0,9.0,2,2023,10,10
0.6202330589294434,0.0,11.0,2,2023,10,10
0.5205006003379822,0.0,13.0,2,2023,10,10
0.1214787140488624,0.0,25.0,2,2023,10,10
0.0041252258233726,0.0,29.0,2,2023,10,10
0.0913516357541084,0.0,30.0,2,2023,10,10
0.0294697973877191,0.0,32.0,2,2023,10,10
0.0,0.0,37.0,2,2023,10,10
0.0,0.0,38.0,2,2023,10,10
0.0,0.0,39.0,2,2023,10,10
0.3791854381561279,0.0,44.0,2,2023,10,10
0.3727005422115326,0.0,5.0,3,2023,10,10
0.4768875539302826,0.0,9.0,3,2023,10,10
0.4609369039535522,0.0,11.0,3,2023,10,10
0.5990102291107178,0.0,13.0,3,2023,10,10
0.8575743436813354,0.0,25.0,3,2023,10,10
0.5991989374160767,0.0,29.0,3,2023,10,10
1.3534469604492188,0.0,30.0,3,2023,10,10
3.964643716812134,0.0,32.0,3,2023,10,10
1.6506292819976809,0.0,37.0,3,2023,10,10
0.9161145091056824,0.0999999120831489,38.0,3,2023,10,10
3.1435019969940186,0.0,39.0,3,2023,10,10
8.142529487609863,0.0,44.0,3,2023,10,10
5.777621269226074,0.0,5.0,4,2023,10,10
13.963384628295898,0.9999998807907104,9.0,4,2023,10,10
11.552988052368164,0.5999999046325684,11.0,4,2023,10,10
13.787565231323242,0.0999999120831489,13.0,4,2023,10,10
5.564894199371338,0.0,25.0,4,2023,10,10
5.97960090637207,0.0,29.0,4,2023,10,10
3.906343460083008,0.0,30.0,4,2023,10,10
4.629369735717773,0.0,32.0,4,2023,10,10
4.012457370758057,0.0,37.0,4,2023,10,10
3.4149370193481445,0.0,38.0,4,2023,10,10
3.7388105392456055,0.0,39.0,4,2023,10,10
5.256948947906494,0.0,44.0,4,2023,10,10
4.895247459411621,0.3000000715255737,5.0,5,2023,10,10
6.675657749176025,5.999999523162842,9.0,5,2023,10,10
6.10289478302002,9.899999618530272,11.0,5,2023,10,10
6.8899922370910645,22.899999618530277,13.0,5,2023,10,10
5.845513820648193,1.8000000715255735,25.0,5,2023,10,10
4.975311279296875,0.800000011920929,29.0,5,2023,10,10
4.994232177734375,0.0,30.0,5,2023,10,10
4.565118789672852,0.0,32.0,5,2023,10,10
3.237687587738037,0.0,37.0,5,2023,10,10
4.768562316894531,0.0,38.0,5,2023,10,10
2.410081148147583,0.0,39.0,5,2023,10,10
4.678548812866211,4.0,44.0,5,2023,10,10
1.3961820602416992,0.0,5.0,6,2023,10,10
4.448748588562012,1.999999761581421,9.0,6,2023,10,10
2.8133347034454346,0.0,11.0,6,2023,10,10
3.633471965789795,0.9999998807907104,13.0,6,2023,10,10
2.180205821990967,0.0,25.0,6,2023,10,10
1.826199650764465,0.0,29.0,6,2023,10,10
2.340304374694824,0.0,30.0,6,2023,10,10
2.087197780609131,0.0,32.0,6,2023,10,10
1.048787236213684,0.0,37.0,6,2023,10,10
1.6303045749664309,0.0,38.0,6,2023,10,10
0.4869347214698791,0.0,39.0,6,2023,10,10
2.97530198097229,0.0,44.0,6,2023,10,10
0.0748411789536476,0.0,5.0,7,2023,10,10
0.4041540324687958,0.0,9.0,7,2023,10,10
0.9109653234481812,0.0,11.0,7,2023,10,10
0.8540311455726624,0.0,13.0,7,2023,10,10
0.2642703950405121,0.0,25.0,7,2023,10,10
0.1020459979772567,0.0,29.0,7,2023,10,10
0.1847303211688995,0.0,30.0,7,2023,10,10
0.2669098973274231,0.0,32.0,7,2023,10,10
0.2208341509103775,0.0,37.0,7,2023,10,10
0.0,0.0,38.0,7,2023,10,10
0.1831622570753097,0.0,39.0,7,2023,10,10
0.7720438241958618,0.0,44.0,7,2023,10,10
6.059176445007324,0.3000000715255737,5.0,1,2023,10,14
10.796464920043944,5.999999523162842,9.0,1,2023,10,14
12.184088706970217,9.899999618530272,11.0,1,2023,10,14
12.145185470581056,22.899999618530277,13.0,1,2023,10,14
5.792715072631836,1.8000000715255735,25.0,1,2023,10,14
8.08608341217041,0.800000011920929,29.0,1,2023,10,14
4.28747034072876,0.0,30.0,1,2023,10,14
5.345946311950684,0.0,32.0,1,2023,10,14
3.56209659576416,0.0,37.0,1,2023,10,14
2.9348652362823486,0.0,38.0,1,2023,10,14
2.95167088508606,0.0,39.0,1,2023,10,14
3.692415237426758,4.0,44.0,1,2023,10,14
0.3860128223896026,0.0,5.0,2,2023,10,14
0.799963653087616,1.999999761581421,9.0,2,2023,10,14
1.3491486310958862,0.0,11.0,2,2023,10,14
1.1581488847732544,0.9999998807907104,13.0,2,2023,10,14
0.4291808009147644,0.0,25.0,2,2023,10,14
0.567479133605957,0.0,29.0,2,2023,10,14
0.3032041490077972,0.0,30.0,2,2023,10,14
0.2558879256248474,0.0,32.0,2,2023,10,14
0.2272242903709411,0.0,37.0,2,2023,10,14
0.1156871989369392,0.0,38.0,2,2023,10,14
0.1308278292417526,0.0,39.0,2,2023,10,14
0.5238040685653687,0.0,44.0,2,2023,10,14
0.0,0.0,5.0,3,2023,10,14
0.0,0.0,9.0,3,2023,10,14
0.0754354894161224,0.0,11.0,3,2023,10,14
0.0233223401010036,0.0,13.0,3,2023,10,14
0.0,0.0,25.0,3,2023,10,14
0.0,0.0,29.0,3,2023,10,14
0.0,0.0,30.0,3,2023,10,14
0.0,0.0,32.0,3,2023,10,14
0.0,0.0,37.0,3,2023,10,14
0.0,0.0,38.0,3,2023,10,14
0.0,0.0,39.0,3,2023,10,14
0.1457160860300064,0.0,44.0,3,2023,10,14
0.0,0.0,5.0,4,2023,10,14
0.0,0.0,9.0,4,2023,10,14
0.0701547339558601,0.0,11.0,4,2023,10,14
0.0999550074338913,0.0,13.0,4,2023,10,14
0.0302617158740758,0.0,25.0,4,2023,10,14
0.0,0.0,29.0,4,2023,10,14
0.0527527518570423,0.0,30.0,4,2023,10,14
0.0519610792398452,0.0,32.0,4,2023,10,14
0.0,0.0,37.0,4,2023,10,14
0.0,0.0,38.0,4,2023,10,14
0.0426282361149787,0.0,39.0,4,2023,10,14
0.3948177397251129,0.0,44.0,4,2023,10,14
0.2516472935676574,0.0,5.0,5,2023,10,14
0.2470478266477584,0.0,9.0,5,2023,10,14
0.0908245965838432,0.0,11.0,5,2023,10,14
0.1907923519611358,0.0,13.0,5,2023,10,14
0.7460818290710449,0.0,25.0,5,2023,10,14
0.2669247686862945,0.0,29.0,5,2023,10,14
0.9743868708610536,0.0,30.0,5,2023,10,14
3.1139941215515137,0.0,32.0,5,2023,10,14
1.8562875986099243,0.0,37.0,5,2023,10,14
0.6706510782241821,0.0,38.0,5,2023,10,14
3.567034244537353,0.0,39.0,5,2023,10,14
5.968041896820068,0.0,44.0,5,2023,10,14
0.6545809507369995,0.0,5.0,6,2023,10,14
0.528505802154541,0.0,9.0,6,2023,10,14
0.7389772534370422,0.0,11.0,6,2023,10,14
1.113190531730652,0.0,13.0,6,2023,10,14
1.6529808044433594,0.0,25.0,6,2023,10,14
0.9579704403877258,0.0,29.0,6,2023,10,14
2.8080062866210938,0.0,30.0,6,2023,10,14
3.308297872543335,0.0,32.0,6,2023,10,14
2.407411813735962,0.0,37.0,6,2023,10,14
1.3631067276000977,0.0,38.0,6,2023,10,14
2.727944612503052,0.0,39.0,6,2023,10,14
5.485567569732666,0.0,44.0,6,2023,10,14
2.0282156467437744,0.0,5.0,7,2023,10,14
2.333646535873413,0.0,9.0,7,2023,10,14
3.354669570922852,0.0,11.0,7,2023,10,14
2.8829188346862797,0.0,13.0,7,2023,10,14
2.3919246196746826,0.0,25.0,7,2023,10,14
2.979044198989868,0.0,29.0,7,2023,10,14
2.6723203659057617,0.0,30.0,7,2023,10,14
3.257841825485229,0.0,32.0,7,2023,10,14
1.7366611957550049,0.0,37.0,7,2023,10,14
2.3745126724243164,0.4000000953674316,38.0,7,2023,10,14
2.198019504547119,0.0,39.0,7,2023,10,14
6.124617576599121,0.0,44.0,7,2023,10,14
0.0,0.0,5.0,1,2023,10,17
0.0,0.0,9.0,1,2023,10,17
0.0437428541481494,0.0,11.0,1,2023,10,17
0.0441471561789512,0.0,13.0,1,2023,10,17
0.0,0.0,25.0,1,2023,10,17
0.0,0.0,29.0,1,2023,10,17
0.0,0.0,30.0,1,2023,10,17
0.0,0.0,32.0,1,2023,10,17
0.0,0.0,37.0,1,2023,10,17
0.0,0.0,38.0,1,2023,10,17
0.0,0.0,39.0,1,2023,10,17
0.0009439074201509,0.0,44.0,1,2023,10,17
0.0,0.0,5.0,2,2023,10,17
0.0001064789685187,0.0,9.0,2,2023,10,17
0.2151194661855697,0.0,11.0,2,2023,10,17
0.1652896106243133,0.0,13.0,2,2023,10,17
0.1344734877347946,0.0,25.0,2,2023,10,17
0.0220482032746076,0.0,29.0,2,2023,10,17
0.0650248974561691,0.0,30.0,2,2023,10,17
0.0,0.0,32.0,2,2023,10,17
0.0,0.0,37.0,2,2023,10,17
0.0,0.0,38.0,2,2023,10,17
0.0,0.0,39.0,2,2023,10,17
0.1506659090518951,0.0,44.0,2,2023,10,17
1.7088823318481443,0.0,5.0,3,2023,10,17
2.5427050590515137,0.0,9.0,3,2023,10,17
2.138415813446045,0.0,11.0,3,2023,10,17
2.726853847503662,0.0,13.0,3,2023,10,17
2.3437604904174805,0.0,25.0,3,2023,10,17
1.8408366441726685,0.0,29.0,3,2023,10,17
1.6224782466888428,0.0,30.0,3,2023,10,17
0.9159600734710692,0.0,32.0,3,2023,10,17
1.3600034713745115,0.0,37.0,3,2023,10,17
1.0650805234909058,0.0,38.0,3,2023,10,17
1.2171244621276855,0.0,39.0,3,2023,10,17
1.2463349103927612,0.0,44.0,3,2023,10,17
2.113408088684082,0.0,5.0,4,2023,10,17
2.911381483078003,0.0,9.0,4,2023,10,17
5.332233905792236,0.0,11.0,4,2023,10,17
4.059621334075928,0.0,13.0,4,2023,10,17
2.8974103927612305,0.0,25.0,4,2023,10,17
3.2779653072357178,0.0,29.0,4,2023,10,17
1.5713781118392944,0.0,30.0,4,2023,10,17
0.9512094259262084,0.0,32.0,4,2023,10,17
1.2700990438461304,0.0,37.0,4,2023,10,17
1.0293445587158203,0.4000000953674316,38.0,4,2023,10,17
0.6219590902328491,0.0,39.0,4,2023,10,17
1.0057741403579712,0.0,44.0,4,2023,10,17
0.0,0.0,5.0,5,2023,10,17
0.2895302176475525,0.0,9.0,5,2023,10,17
0.4008628129959106,0.0,11.0,5,2023,10,17
0.3473062217235565,0.0,13.0,5,2023,10,17
0.2638952136039734,0.0,25.0,5,2023,10,17
0.0,0.0,29.0,5,2023,10,17
0.1711670905351638,0.0,30.0,5,2023,10,17
0.0200973767787218,0.0,32.0,5,2023,10,17
0.0078455181792378,0.0,37.0,5,2023,10,17
0.0,0.0,38.0,5,2023,10,17
0.0571786649525165,0.0,39.0,5,2023,10,17
0.3003992438316345,0.0,44.0,5,2023,10,17
0.0,0.0,5.0,6,2023,10,17
0.0,0.0,9.0,6,2023,10,17
0.0604420341551303,0.0,11.0,6,2023,10,17
0.1346180140972137,0.0,13.0,6,2023,10,17
0.1669588387012481,0.0,25.0,6,2023,10,17
0.0,0.0,29.0,6,2023,10,17
0.268243134021759,0.0,30.0,6,2023,10,17
0.1549937576055526,0.0,32.0,6,2023,10,17
0.1161637902259826,0.0,37.0,6,2023,10,17
0.0,0.0,38.0,6,2023,10,17
0.1335740685462951,0.0,39.0,6,2023,10,17
0.4963747262954712,0.0,44.0,6,2023,10,17
0.0838309824466705,0.0,5.0,7,2023,10,17
0.3324540853500366,0.0,9.0,7,2023,10,17
0.1386433988809585,0.0,11.0,7,2023,10,17
0.4140296578407287,0.0,13.0,7,2023,10,17
0.3874005973339081,0.0,25.0,7,2023,10,17
0.0,0.0,29.0,7,2023,10,17
0.3097500801086426,0.0,30.0,7,2023,10,17
0.4294005632400512,0.0,32.0,7,2023,10,17
0.2152703404426574,0.0,37.0,7,2023,10,17
0.0,0.0,38.0,7,2023,10,17
0.2500046789646148,0.0,39.0,7,2023,10,17
0.7543177604675293,0.0,44.0,7,2023,10,17
0.005861235782504,0.0,5.0,1,2023,10,21
0.1068956330418586,0.0,9.0,1,2023,10,21
0.5708627700805664,0.0,11.0,1,2023,10,21
0.3715189695358276,0.0,13.0,1,2023,10,21
0.1044078543782234,0.0,25.0,1,2023,10,21
0.0925934165716171,0.0,29.0,1,2023,10,21
0.0,0.0,30.0,1,2023,10,21
0.0,0.0,32.0,1,2023,10,21
0.0,0.0,37.0,1,2023,10,21
0.0,0.0,38.0,1,2023,10,21
0.0362023264169693,0.0,39.0,1,2023,10,21
0.1659206300973892,0.0,44.0,1,2023,10,21
0.0,0.0,5.0,2,2023,10,21
0.0068928757682442,0.0,9.0,2,2023,10,21
0.0579722858965396,0.0,11.0,2,2023,10,21
0.0714979544281959,0.0,13.0,2,2023,10,21
0.1054029315710067,0.0,25.0,2,2023,10,21
0.0,0.0,29.0,2,2023,10,21
0.1364621073007583,0.0,30.0,2,2023,10,21
0.0954010635614395,0.0,32.0,2,2023,10,21
0.076408676803112,0.0,37.0,2,2023,10,21
0.0,0.0,38.0,2,2023,10,21
0.1039441674947738,0.0,39.0,2,2023,10,21
0.4044566750526428,0.0,44.0,2,2023,10,21
0.0,0.0,5.0,3,2023,10,21
0.0,0.0,9.0,3,2023,10,21
0.0,0.0,11.0,3,2023,10,21
0.089457519352436,0.0,13.0,3,2023,10,21
0.0844195783138275,0.0,25.0,3,2023,10,21
0.0,0.0,29.0,3,2023,10,21
0.0936779230833053,0.0,30.0,3,2023,10,21
0.0833188146352768,0.0,32.0,3,2023,10,21
0.0387691259384155,0.0,37.0,3,2023,10,21
0.0,0.0,38.0,3,2023,10,21
0.080293133854866,0.0,39.0,3,2023,10,21
0.6902835965156555,0.0,44.0,3,2023,10,21
0.60394287109375,0.0,5.0,4,2023,10,21
0.5922143459320068,0.0,9.0,4,2023,10,21
0.4222593307495117,0.0,11.0,4,2023,10,21
0.8866620063781738,0.0,13.0,4,2023,10,21
1.2314574718475342,0.0,25.0,4,2023,10,21
0.7055661678314209,0.0,29.0,4,2023,10,21
2.181502342224121,0.0,30.0,4,2023,10,21
3.385422706604004,0.0,32.0,4,2023,10,21
2.2478339672088623,0.0,37.0,4,2023,10,21
1.1249454021453855,0.0,38.0,4,2023,10,21
2.687885046005249,0.0,39.0,4,2023,10,21
6.276796817779541,0.0,44.0,4,2023,10,21
4.052066326141357,0.0,5.0,5,2023,10,21
5.49113655090332,0.0,9.0,5,2023,10,21
4.24721097946167,0.0,11.0,5,2023,10,21
5.061399459838867,0.0,13.0,5,2023,10,21
4.573006629943848,0.0,25.0,5,2023,10,21
3.64581298828125,0.0,29.0,5,2023,10,21
4.989109039306641,0.0,30.0,5,2023,10,21
8.066411018371582,0.0,32.0,5,2023,10,21
4.85223913192749,0.0,37.0,5,2023,10,21
3.8994507789611816,0.0,38.0,5,2023,10,21
4.998112678527832,0.0,39.0,5,2023,10,21
11.348675727844238,0.0,44.0,5,2023,10,21
6.77298641204834,0.0,5.0,6,2023,10,21
15.18342399597168,0.0,9.0,6,2023,10,21
12.275181770324709,0.0,11.0,6,2023,10,21
14.201955795288086,0.0,13.0,6,2023,10,21
6.614077091217041,0.0,25.0,6,2023,10,21
7.384501934051514,0.0,29.0,6,2023,10,21
6.790338516235352,0.0,30.0,6,2023,10,21
7.542281150817871,0.0,32.0,6,2023,10,21
4.825376510620117,0.0,37.0,6,2023,10,21
4.4257097244262695,0.0,38.0,6,2023,10,21
3.4349822998046875,0.0,39.0,6,2023,10,21
6.185225963592529,0.0,44.0,6,2023,10,21
9.766550064086914,0.0999999120831489,5.0,7,2023,10,21
15.842741012573242,0.0,9.0,7,2023,10,21
13.46476936340332,28.9999942779541,11.0,7,2023,10,21
16.184133529663086,0.0,13.0,7,2023,10,21
10.377307891845703,5.399999618530273,25.0,7,2023,10,21
9.477497100830078,0.800000011920929,29.0,7,2023,10,21
9.751402854919434,0.0,30.0,7,2023,10,21
12.21663761138916,0.0,32.0,7,2023,10,21
8.635374069213867,0.0,37.0,7,2023,10,21
7.387734889984131,4.499999523162842,38.0,7,2023,10,21
7.744866371154785,0.0,39.0,7,2023,10,21
7.646414756774902,0.0,44.0,7,2023,10,21
0.0310405660420656,0.0,5.0,1,2023,10,24
0.0031721761915832,0.0,9.0,1,2023,10,24
0.0141090285032987,0.0,11.0,1,2023,10,24
0.0822493657469749,0.0,13.0,1,2023,10,24
0.1695278286933899,0.0,25.0,1,2023,10,24
0.0051468797028064,0.0,29.0,1,2023,10,24
0.1531525403261184,0.0,30.0,1,2023,10,24
0.2165490388870239,0.0,32.0,1,2023,10,24
0.1957876235246658,0.0,37.0,1,2023,10,24
0.0317391082644462,0.0,38.0,1,2023,10,24
0.3031487464904785,0.0,39.0,1,2023,10,24
0.9452541470527648,0.0,44.0,1,2023,10,24
0.2317135632038116,0.0,5.0,2,2023,10,24
0.3300797343254089,0.0,9.0,2,2023,10,24
0.5199110507965088,0.0,11.0,2,2023,10,24
0.4941999614238739,0.0,13.0,2,2023,10,24
0.5112355947494507,0.0,25.0,2,2023,10,24
0.3375509977340698,0.0,29.0,2,2023,10,24
0.7237563133239746,0.0,30.0,2,2023,10,24
0.8477831482887268,0.0,32.0,2,2023,10,24
0.5930500030517578,0.0,37.0,2,2023,10,24
0.2669124603271484,0.0,38.0,2,2023,10,24
0.7388081550598145,0.0,39.0,2,2023,10,24
1.626054048538208,0.0,44.0,2,2023,10,24
3.4424595832824707,0.0,5.0,3,2023,10,24
4.644906044006348,0.0,9.0,3,2023,10,24
4.848173141479492,0.0,11.0,3,2023,10,24
5.403314113616943,0.0,13.0,3,2023,10,24
4.359722137451172,0.0,25.0,3,2023,10,24
3.6004385948181152,0.0,29.0,3,2023,10,24
3.861319065093994,0.0,30.0,3,2023,10,24
3.691591262817383,0.0,32.0,3,2023,10,24
3.316248893737793,0.0,37.0,3,2023,10,24
3.000651836395264,0.0,38.0,3,2023,10,24
3.5971903800964355,0.0,39.0,3,2023,10,24
4.681886672973633,0.0,44.0,3,2023,10,24
12.707515716552734,0.0999999120831489,5.0,4,2023,10,24
16.93842887878418,0.0,9.0,4,2023,10,24
14.963539123535156,28.9999942779541,11.0,4,2023,10,24
17.570297241210938,0.0,13.0,4,2023,10,24
13.412433624267578,5.399999618530273,25.0,4,2023,10,24
12.90516757965088,0.800000011920929,29.0,4,2023,10,24
11.72604751586914,0.0,30.0,4,2023,10,24
9.110837936401367,0.0,32.0,4,2023,10,24
9.35849952697754,0.0,37.0,4,2023,10,24
9.68691635131836,4.499999523162842,38.0,4,2023,10,24
6.453896045684815,0.0,39.0,4,2023,10,24
7.630006790161133,0.0,44.0,4,2023,10,24
10.037249565124512,14.000000953674316,5.0,5,2023,10,24
13.6061372756958,22.0000057220459,9.0,5,2023,10,24
10.928903579711914,16.099998474121094,11.0,5,2023,10,24
12.82121467590332,15.0,13.0,5,2023,10,24
10.184142112731934,2.200000286102295,25.0,5,2023,10,24
9.377107620239258,3.0,29.0,5,2023,10,24
8.774347305297852,35.999996185302734,30.0,5,2023,10,24
9.760640144348145,3.0,32.0,5,2023,10,24
7.324657917022705,8.0,37.0,5,2023,10,24
8.338144302368164,6.500000476837158,38.0,5,2023,10,24
6.992780208587647,4.0,39.0,5,2023,10,24
8.01705551147461,8.0,44.0,5,2023,10,24
1.5695877075195312,1.999999761581421,5.0,6,2023,10,24
3.2450356483459477,0.0,9.0,6,2023,10,24
2.09668517112732,0.0,11.0,6,2023,10,24
2.875929355621338,0.0,13.0,6,2023,10,24
2.229982614517212,3.0,25.0,6,2023,10,24
1.6813488006591797,0.0,29.0,6,2023,10,24
1.6336737871170044,0.0,30.0,6,2023,10,24
1.931856393814087,0.0,32.0,6,2023,10,24
1.3985528945922852,0.0,37.0,6,2023,10,24
0.6218994855880737,1.3000000715255735,38.0,6,2023,10,24
1.1111712455749512,0.0,39.0,6,2023,10,24
2.555640697479248,0.8999999761581421,44.0,6,2023,10,24
0.3574003577232361,0.0,5.0,7,2023,10,24
0.7008317112922668,3.0,9.0,7,2023,10,24
1.0949934720993042,0.0,11.0,7,2023,10,24
1.1567541360855105,0.0,13.0,7,2023,10,24
0.6920270323753357,0.0,25.0,7,2023,10,24
0.4971893429756164,0.0,29.0,7,2023,10,24
0.5929310321807861,0.0,30.0,7,2023,10,24
0.7905373573303223,0.0,32.0,7,2023,10,24
0.5414968729019165,0.0,37.0,7,2023,10,24
0.2456237077713012,0.0,38.0,7,2023,10,24
0.5643055438995361,0.0,39.0,7,2023,10,24
1.1526217460632324,0.0,44.0,7,2023,10,24
8.666679382324219,14.000000953674316,5.0,1,2023,10,28
13.476033210754396,22.0000057220459,9.0,1,2023,10,28
11.584074020385742,16.099998474121094,11.0,1,2023,10,28
13.576160430908203,15.0,13.0,1,2023,10,28
9.321203231811523,2.200000286102295,25.0,1,2023,10,28
8.274479866027832,3.0,29.0,1,2023,10,28
8.010370254516602,35.999996185302734,30.0,1,2023,10,28
7.71025800704956,3.0,32.0,1,2023,10,28
6.600348949432373,8.0,37.0,1,2023,10,28
7.674715518951416,6.500000476837158,38.0,1,2023,10,28
6.006595611572266,4.0,39.0,1,2023,10,28
7.6322150230407715,8.0,44.0,1,2023,10,28
3.3683459758758545,1.999999761581421,5.0,2,2023,10,28
3.234166145324707,0.0,9.0,2,2023,10,28
3.098933458328247,0.0,11.0,2,2023,10,28
3.414985418319702,0.0,13.0,2,2023,10,28
3.549870729446411,3.0,25.0,2,2023,10,28
2.896921157836914,0.0,29.0,2,2023,10,28
2.462851524353028,0.0,30.0,2,2023,10,28
7.65239953994751,0.0,32.0,2,2023,10,28
4.160357475280762,0.0,37.0,2,2023,10,28
2.665886163711548,1.3000000715255735,38.0,2,2023,10,28
5.6772284507751465,0.0,39.0,2,2023,10,28
14.094470977783203,0.8999999761581421,44.0,2,2023,10,28
3.523775577545166,0.0,5.0,3,2023,10,28
3.9049599170684814,3.0,9.0,3,2023,10,28
5.204942226409912,0.0,11.0,3,2023,10,28
5.2352495193481445,0.0,13.0,3,2023,10,28
4.069986343383789,0.0,25.0,3,2023,10,28
2.435131311416626,0.0,29.0,3,2023,10,28
2.3425419330596924,0.0,30.0,3,2023,10,28
8.191241264343262,0.0,32.0,3,2023,10,28
3.9291839599609375,0.0,37.0,3,2023,10,28
1.6122406721115112,0.0,38.0,3,2023,10,28
5.673331260681152,0.0,39.0,3,2023,10,28
16.32398223876953,0.0,44.0,3,2023,10,28
0.6432598233222961,0.0,5.0,4,2023,10,28
2.3726136684417725,0.0,9.0,4,2023,10,28
2.593148708343506,0.0,11.0,4,2023,10,28
2.4612765312194824,0.0,13.0,4,2023,10,28
0.6627497673034668,0.0,25.0,4,2023,10,28
0.6599023938179016,0.0,29.0,4,2023,10,28
0.4786844253540039,0.0,30.0,4,2023,10,28
0.6020051836967468,0.0,32.0,4,2023,10,28
0.4069187343120575,0.0,37.0,4,2023,10,28
0.1382712423801422,0.0,38.0,4,2023,10,28
0.2850408852100372,0.0,39.0,4,2023,10,28
0.947395920753479,0.0,44.0,4,2023,10,28
0.1178381294012069,0.0,5.0,5,2023,10,28
0.8155313730239868,0.0,9.0,5,2023,10,28
0.82990562915802,0.0999999120831489,11.0,5,2023,10,28
0.98214453458786,0.0,13.0,5,2023,10,28
0.3900812864303589,0.0,25.0,5,2023,10,28
0.0423658117651939,0.0,29.0,5,2023,10,28
0.2144680023193359,0.0,30.0,5,2023,10,28
0.1627461165189743,0.0,32.0,5,2023,10,28
0.1105443984270095,0.0,37.0,5,2023,10,28
0.0,0.0,38.0,5,2023,10,28
0.1342625916004181,0.0,39.0,5,2023,10,28
0.6819671392440796,0.0,44.0,5,2023,10,28
0.5854252576828003,0.0,5.0,6,2023,10,28
1.2810096740722656,0.0,9.0,6,2023,10,28
0.9580575823783876,0.0,11.0,6,2023,10,28
1.568892002105713,0.0,13.0,6,2023,10,28
1.1965075731277466,0.0,25.0,6,2023,10,28
0.5957927703857422,0.0,29.0,6,2023,10,28
1.0313671827316284,0.0,30.0,6,2023,10,28
0.3744237720966339,0.0,32.0,6,2023,10,28
0.4800509512424469,0.0,37.0,6,2023,10,28
0.509698748588562,0.0,38.0,6,2023,10,28
0.2849683165550232,0.0,39.0,6,2023,10,28
0.5402964949607849,0.0,44.0,6,2023,10,28
1.1244192123413086,0.0,5.0,7,2023,10,28
0.7159311175346375,0.0,9.0,7,2023,10,28
0.5262867212295532,0.0,11.0,7,2023,10,28
0.9817322492599488,0.0,13.0,7,2023,10,28
1.9248299598693848,0.0,25.0,7,2023,10,28
1.1857357025146484,0.0,29.0,7,2023,10,28
2.069112777709961,0.0,30.0,7,2023,10,28
1.2079216241836548,0.0,32.0,7,2023,10,28
1.3960704803466797,0.0,37.0,7,2023,10,28
1.2326428890228271,0.0,38.0,7,2023,10,28
1.250461220741272,0.0,39.0,7,2023,10,28
1.323954701423645,0.0,44.0,7,2023,10,28
0.0036071927752345,0.0,5.0,1,2023,10,31
0.1152544319629669,0.0,9.0,1,2023,10,31
0.5935096144676208,0.0,11.0,1,2023,10,31
0.3802677392959595,0.0,13.0,1,2023,10,31
0.0894638150930404,0.0,25.0,1,2023,10,31
0.0790005549788475,0.0,29.0,1,2023,10,31
0.0182903800159692,0.0,30.0,1,2023,10,31
0.0,0.0,32.0,1,2023,10,31
0.0325635075569152,0.0,37.0,1,2023,10,31
0.0,0.0,38.0,1,2023,10,31
0.0654452368617057,0.0,39.0,1,2023,10,31
0.2427715063095092,0.0,44.0,1,2023,10,31
0.0,0.0,5.0,2,2023,10,31
0.0,0.0,9.0,2,2023,10,31
0.0168549045920372,0.0999999120831489,11.0,2,2023,10,31
0.0344056859612464,0.0,13.0,2,2023,10,31
0.0834726840257644,0.0,25.0,2,2023,10,31
0.0,0.0,29.0,2,2023,10,31
0.0175111219286918,0.0,30.0,2,2023,10,31
0.0,0.0,32.0,2,2023,10,31
0.0,0.0,37.0,2,2023,10,31
0.0,0.0,38.0,2,2023,10,31
0.0128856422379612,0.0,39.0,2,2023,10,31
0.2497344613075256,0.0,44.0,2,2023,10,31
0.0406016670167446,0.0,5.0,3,2023,10,31
0.1506165862083435,0.0,9.0,3,2023,10,31
0.1080167591571807,0.0,11.0,3,2023,10,31
0.2502449452877044,0.0,13.0,3,2023,10,31
0.3660490810871124,0.0,25.0,3,2023,10,31
0.0336276330053806,0.0,29.0,3,2023,10,31
0.1548778563737869,0.0,30.0,3,2023,10,31
0.0,0.0,32.0,3,2023,10,31
0.0193874761462211,0.0,37.0,3,2023,10,31
0.0,0.0,38.0,3,2023,10,31
0.0531105734407901,0.0,39.0,3,2023,10,31
0.1588676869869232,0.0,44.0,3,2023,10,31
0.4977084100246429,0.0,5.0,4,2023,10,31
0.8095662593841553,0.0,9.0,4,2023,10,31
0.7115358114242554,0.0,11.0,4,2023,10,31
1.0294805765151978,0.0,13.0,4,2023,10,31
0.8352027535438538,0.0,25.0,4,2023,10,31
0.4610934257507324,0.0,29.0,4,2023,10,31
0.5692357420921326,0.0,30.0,4,2023,10,31
0.2766475081443786,0.0,32.0,4,2023,10,31
0.2874379754066467,0.0,37.0,4,2023,10,31
0.2865288555622101,0.0,38.0,4,2023,10,31
0.2968215048313141,0.0,39.0,4,2023,10,31
0.4847045242786407,0.0,44.0,4,2023,10,31
2.8502063751220703,0.0,5.0,5,2023,10,31
3.9727566242218018,0.0,9.0,5,2023,10,31
3.0338947772979736,0.0,11.0,5,2023,10,31
3.750626564025879,0.0,13.0,5,2023,10,31
3.5291640758514404,0.0,25.0,5,2023,10,31
2.6707510948181152,0.0,29.0,5,2023,10,31
3.043823719024658,0.0,30.0,5,2023,10,31
2.0246098041534424,0.0,32.0,5,2023,10,31
2.7338194847106934,0.0,37.0,5,2023,10,31
2.432644844055176,0.0,38.0,5,2023,10,31
2.441413402557373,0.0,39.0,5,2023,10,31
2.4466323852539062,0.0,44.0,5,2023,10,31
4.301817893981934,0.0,5.0,6,2023,10,31
6.504400253295898,0.0,9.0,6,2023,10,31
4.418790340423584,0.0,11.0,6,2023,10,31
6.118704319000244,0.0,13.0,6,2023,10,31
5.334414005279541,0.0,25.0,6,2023,10,31
4.187024116516113,0.0,29.0,6,2023,10,31
4.958373546600342,0.0,30.0,6,2023,10,31
4.84536075592041,0.0,32.0,6,2023,10,31
3.276437759399414,0.0,37.0,6,2023,10,31
3.416260242462158,0.0,38.0,6,2023,10,31
3.940676212310791,0.0,39.0,6,2023,10,31
7.042081356048584,0.0,44.0,6,2023,10,31
2.9617369174957275,10.000000953674316,5.0,7,2023,10,31
5.922072887420654,45.99999237060547,9.0,7,2023,10,31
6.094715595245361,17.0,11.0,7,2023,10,31
5.750442028045654,11.0,13.0,7,2023,10,31
2.847712278366089,5.999999523162842,25.0,7,2023,10,31
3.6123178005218506,3.0,29.0,7,2023,10,31
2.17004942893982,3.0,30.0,7,2023,10,31
4.481295108795166,10.000000953674316,32.0,7,2023,10,31
2.019086599349976,0.8999999761581421,37.0,7,2023,10,31
2.109804153442383,0.2000000178813934,38.0,7,2023,10,31
2.064072132110596,59.9999885559082,39.0,7,2023,10,31
3.923849821090698,19.0,44.0,7,2023,10,31
1.007129192352295,0.0,5.0,1,2023,11,4
2.086750268936157,0.0,9.0,1,2023,11,4
1.7213497161865234,0.0,11.0,1,2023,11,4
2.1553640365600586,0.0,13.0,1,2023,11,4
1.4306302070617676,0.0,25.0,1,2023,11,4
0.8552528619766235,0.0,29.0,1,2023,11,4
1.1637672185897827,0.0,30.0,1,2023,11,4
0.7103962898254395,0.0,32.0,1,2023,11,4
0.9063249826431274,0.0,37.0,1,2023,11,4
0.6459414958953857,0.0,38.0,1,2023,11,4
0.7131752967834473,0.0,39.0,1,2023,11,4
0.8754640817642212,0.0,44.0,1,2023,11,4
1.8414825201034544,0.0,5.0,2,2023,11,4
1.3824952840805054,0.0,9.0,2,2023,11,4
1.5879440307617188,0.0,11.0,2,2023,11,4
1.7722437381744385,0.0,13.0,2,2023,11,4
3.604605674743652,0.0,25.0,2,2023,11,4
2.6289479732513428,0.0,29.0,2,2023,11,4
5.879166126251221,0.0,30.0,2,2023,11,4
4.484187126159668,0.0,32.0,2,2023,11,4
4.226353645324707,0.0,37.0,2,2023,11,4
3.596525192260742,0.0,38.0,2,2023,11,4
3.5709924697875977,0.0,39.0,2,2023,11,4
4.396087169647217,0.0,44.0,2,2023,11,4
8.091230392456055,10.000000953674316,5.0,3,2023,11,4
12.119892120361328,45.99999237060547,9.0,3,2023,11,4
11.912220001220703,17.0,11.0,3,2023,11,4
13.397168159484863,11.0,13.0,3,2023,11,4
7.659866333007812,5.999999523162842,25.0,3,2023,11,4
9.793572425842283,3.0,29.0,3,2023,11,4
5.024317741394043,3.0,30.0,3,2023,11,4
10.063300132751465,10.000000953674316,32.0,3,2023,11,4
4.843018054962158,0.8999999761581421,37.0,3,2023,11,4
5.944127559661865,0.2000000178813934,38.0,3,2023,11,4
5.386353492736816,59.9999885559082,39.0,3,2023,11,4
10.079024314880373,19.0,44.0,3,2023,11,4
0.883449375629425,0.0,5.0,4,2023,11,4
2.450375556945801,68.0,9.0,4,2023,11,4
2.159974813461304,1.1000001430511477,11.0,4,2023,11,4
2.5098307132720947,35.999996185302734,13.0,4,2023,11,4
1.2134617567062378,3.0,25.0,4,2023,11,4
1.1443805694580078,0.0,29.0,4,2023,11,4
0.8202974200248718,0.0,30.0,4,2023,11,4
0.6965057849884033,0.0,32.0,4,2023,11,4
0.5636950135231018,0.3000000715255737,37.0,4,2023,11,4
0.4633563756942749,0.0,38.0,4,2023,11,4
0.5275142788887024,0.0,39.0,4,2023,11,4
0.8709109425544739,0.0999999120831489,44.0,4,2023,11,4
0.4995967149734497,14.100000381469728,5.0,5,2023,11,4
0.8937915563583374,19.99999618530273,9.0,5,2023,11,4
0.6704901456832886,10.899999618530272,11.0,5,2023,11,4
0.914437472820282,14.000000953674316,13.0,5,2023,11,4
0.6962364912033081,1.999999761581421,25.0,5,2023,11,4
0.4497657418251037,0.0,29.0,5,2023,11,4
0.6622066497802734,0.0,30.0,5,2023,11,4
0.4304169118404388,0.0,32.0,5,2023,11,4
0.4863243401050567,0.0,37.0,5,2023,11,4
0.2992710769176483,0.2000000178813934,38.0,5,2023,11,4
0.4138731062412262,0.0,39.0,5,2023,11,4
0.7360107898712158,0.0,44.0,5,2023,11,4
0.3231803774833679,0.0,5.0,6,2023,11,4
0.5877538323402405,8.199999809265137,9.0,6,2023,11,4
0.4466655552387237,0.0,11.0,6,2023,11,4
0.6662113666534424,0.0,13.0,6,2023,11,4
0.5708187818527222,0.0,25.0,6,2023,11,4
0.3365415036678314,0.0,29.0,6,2023,11,4
0.61635422706604,0.0,30.0,6,2023,11,4
0.3573121726512909,0.0,32.0,6,2023,11,4
0.3978652954101562,0.0,37.0,6,2023,11,4
0.1964630484580993,0.0,38.0,6,2023,11,4
0.3158921301364898,0.0,39.0,6,2023,11,4
0.7250796556472778,0.0,44.0,6,2023,11,4
0.2518446445465088,0.0,5.0,7,2023,11,4
0.4923103451728821,0.0,9.0,7,2023,11,4
0.2536075711250305,0.0,11.0,7,2023,11,4
0.5224745869636536,0.0,13.0,7,2023,11,4
0.713961660861969,0.0,25.0,7,2023,11,4
0.3027846217155456,0.0,29.0,7,2023,11,4
0.5870939493179321,0.0,30.0,7,2023,11,4
0.3031851053237915,0.0,32.0,7,2023,11,4
0.2596217691898346,0.0,37.0,7,2023,11,4
0.2816545367240906,0.0,38.0,7,2023,11,4
0.1660384237766266,0.0,39.0,7,2023,11,4
0.5295101404190063,0.0,44.0,7,2023,11,4
2.524726390838623,0.0,5.0,1,2023,11,7
6.3903632164001465,68.0,9.0,1,2023,11,7
5.61868143081665,1.1000001430511477,11.0,1,2023,11,7
6.566766262054443,35.999996185302734,13.0,1,2023,11,7
2.8037846088409424,3.0,25.0,1,2023,11,7
2.761950969696045,0.0,29.0,1,2023,11,7
1.9335585832595823,0.0,30.0,1,2023,11,7
1.1763789653778076,0.0,32.0,1,2023,11,7
1.2250782251358032,0.3000000715255737,37.0,1,2023,11,7
1.478463888168335,0.0,38.0,1,2023,11,7
0.5904263257980347,0.0,39.0,1,2023,11,7
1.0478991270065308,0.0999999120831489,44.0,1,2023,11,7
1.164973258972168,14.100000381469728,5.0,2,2023,11,7
1.434577465057373,19.99999618530273,9.0,2,2023,11,7
1.2942113876342771,10.899999618530272,11.0,2,2023,11,7
1.5592166185379028,14.000000953674316,13.0,2,2023,11,7
1.5891973972320557,1.999999761581421,25.0,2,2023,11,7
1.0785906314849854,0.0,29.0,2,2023,11,7
1.4591326713562012,0.0,30.0,2,2023,11,7
0.717144250869751,0.0,32.0,2,2023,11,7
0.991029679775238,0.0,37.0,2,2023,11,7
1.0320008993148804,0.2000000178813934,38.0,2,2023,11,7
0.7748300433158875,0.0,39.0,2,2023,11,7
0.7944708466529846,0.0,44.0,2,2023,11,7
0.5039175152778625,0.0,5.0,3,2023,11,7
0.4191515743732452,8.199999809265137,9.0,3,2023,11,7
0.3888623118400574,0.0,11.0,3,2023,11,7
0.5430875420570374,0.0,13.0,3,2023,11,7
0.9410796165466307,0.0,25.0,3,2023,11,7
0.6346502304077148,0.0,29.0,3,2023,11,7
0.9539113640785216,0.0,30.0,3,2023,11,7
0.4867610335350036,0.0,32.0,3,2023,11,7
0.5836418867111206,0.0,37.0,3,2023,11,7
0.5283638834953308,0.0,38.0,3,2023,11,7
0.4664514362812042,0.0,39.0,3,2023,11,7
0.661805272102356,0.0,44.0,3,2023,11,7
0.3725543916225433,0.0,5.0,4,2023,11,7
0.3692701756954193,0.0,9.0,4,2023,11,7
0.2100629806518554,0.0,11.0,4,2023,11,7
0.48683762550354,0.0,13.0,4,2023,11,7
0.8128360509872437,0.0,25.0,4,2023,11,7
0.471022218465805,0.0,29.0,4,2023,11,7
1.0749666690826416,0.0,30.0,4,2023,11,7
0.8599548935890198,0.0,32.0,4,2023,11,7
0.7531962394714355,0.0,37.0,4,2023,11,7
0.5406090617179871,0.0,38.0,4,2023,11,7
0.7135164737701416,0.0,39.0,4,2023,11,7
1.3774640560150146,0.0,44.0,4,2023,11,7
0.6317288279533386,0.0,5.0,5,2023,11,7
1.1539605855941772,4.0,9.0,5,2023,11,7
0.6505921483039856,0.0,11.0,5,2023,11,7
1.0133202075958252,0.0,13.0,5,2023,11,7
1.256081223487854,0.0,25.0,5,2023,11,7
0.8961546421051025,0.0,29.0,5,2023,11,7
1.7378523349761963,0.0,30.0,5,2023,11,7
1.29315185546875,0.0,32.0,5,2023,11,7
0.9899193048477172,0.0,37.0,5,2023,11,7
1.0216410160064695,0.0,38.0,5,2023,11,7
0.6947087049484253,0.0,39.0,5,2023,11,7
1.9195820093154907,0.0,44.0,5,2023,11,7
9.503080368041992,0.0,5.0,6,2023,11,7
20.503610610961918,10.000000953674316,9.0,6,2023,11,7
11.828981399536133,0.2000000178813934,11.0,6,2023,11,7
16.361194610595703,0.0,13.0,6,2023,11,7
10.5540771484375,0.0999999120831489,25.0,6,2023,11,7
10.467276573181152,0.0,29.0,6,2023,11,7
6.7838053703308105,0.0,30.0,6,2023,11,7
7.985609531402588,4.0,32.0,6,2023,11,7
4.089441776275635,0.0,37.0,6,2023,11,7
7.080981254577637,0.0,38.0,6,2023,11,7
3.592383861541748,0.3000000715255737,39.0,6,2023,11,7
5.450027942657471,5.999999523162842,44.0,6,2023,11,7
9.775876998901367,0.0,5.0,7,2023,11,7
25.76617431640625,4.0,9.0,7,2023,11,7
17.097902297973633,0.0,11.0,7,2023,11,7
21.21815490722656,0.0999999120831489,13.0,7,2023,11,7
9.456628799438477,0.9999998807907104,25.0,7,2023,11,7
10.8656005859375,0.0,29.0,7,2023,11,7
6.262380123138428,1.999999761581421,30.0,7,2023,11,7
7.757217884063721,1.999999761581421,32.0,7,2023,11,7
5.557124614715576,1.999999761581421,37.0,7,2023,11,7
5.364280700683594,0.9999998807907104,38.0,7,2023,11,7
3.299168348312378,1.7000000476837158,39.0,7,2023,11,7
4.2575554847717285,2.200000286102295,44.0,7,2023,11,7
0.5798013210296631,0.0,5.0,1,2023,11,11
0.9799338579177856,4.0,9.0,1,2023,11,11
0.8943656086921692,0.0,11.0,1,2023,11,11
1.13786780834198,0.0,13.0,1,2023,11,11
0.934202253818512,0.0,25.0,1,2023,11,11
0.710521399974823,0.0,29.0,1,2023,11,11
1.1604431867599487,0.0,30.0,1,2023,11,11
0.6236797571182251,0.0,32.0,1,2023,11,11
0.5731796622276306,0.0,37.0,1,2023,11,11
0.6297298669815063,0.0,38.0,1,2023,11,11
0.2525470554828644,0.0,39.0,1,2023,11,11
0.8273355960845947,0.0,44.0,1,2023,11,11
3.2051093578338623,0.0,5.0,2,2023,11,11
10.10742473602295,10.000000953674316,9.0,2,2023,11,11
6.82601261138916,0.2000000178813934,11.0,2,2023,11,11
8.537477493286133,0.0,13.0,2,2023,11,11
3.7180352210998535,0.0999999120831489,25.0,2,2023,11,11
2.9940359592437744,0.0,29.0,2,2023,11,11
3.008012294769287,0.0,30.0,2,2023,11,11
4.200647830963135,4.0,32.0,2,2023,11,11
2.0839240550994877,0.0,37.0,2,2023,11,11
2.1713762283325195,0.0,38.0,2,2023,11,11
2.3090505599975586,0.3000000715255737,39.0,2,2023,11,11
6.195605278015137,5.999999523162842,44.0,2,2023,11,11
2.6262574195861816,0.0,5.0,3,2023,11,11
6.081295967102051,4.0,9.0,3,2023,11,11
7.009227275848389,0.0,11.0,3,2023,11,11
7.311140537261963,0.0999999120831489,13.0,3,2023,11,11
2.9292726516723637,0.9999998807907104,25.0,3,2023,11,11
3.0514705181121826,0.0,29.0,3,2023,11,11
1.9137837886810305,1.999999761581421,30.0,3,2023,11,11
2.131615400314331,1.999999761581421,32.0,3,2023,11,11
1.6350160837173462,1.999999761581421,37.0,3,2023,11,11
1.9340027570724487,0.9999998807907104,38.0,3,2023,11,11
1.1136711835861206,1.7000000476837158,39.0,3,2023,11,11
1.9358993768692017,2.200000286102295,44.0,3,2023,11,11
0.2762362957000732,0.0,5.0,4,2023,11,11
1.170937180519104,0.2000000178813934,9.0,4,2023,11,11
1.229851484298706,0.0,11.0,4,2023,11,11
1.425484538078308,0.5,13.0,4,2023,11,11
0.4282117187976837,0.0999999120831489,25.0,4,2023,11,11
0.2802501320838928,0.0,29.0,4,2023,11,11
0.1041253730654716,0.0,30.0,4,2023,11,11
0.014100749976933,0.0,32.0,4,2023,11,11
0.0,0.0,37.0,4,2023,11,11
0.0569621957838535,0.0,38.0,4,2023,11,11
0.0,0.0,39.0,4,2023,11,11
0.0702581256628036,0.0,44.0,4,2023,11,11
1.052303433418274,0.0,5.0,5,2023,11,11
2.759887218475342,0.0,9.0,5,2023,11,11
2.4670000076293945,0.0,11.0,5,2023,11,11
2.8616809844970703,0.6999999284744263,13.0,5,2023,11,11
1.2924833297729492,0.5,25.0,5,2023,11,11
1.3057100772857666,0.0,29.0,5,2023,11,11
1.0834894180297852,0.0,30.0,5,2023,11,11
0.9109039306640624,0.0,32.0,5,2023,11,11
0.6213563680648804,0.0,37.0,5,2023,11,11
0.5867096185684204,0.0,38.0,5,2023,11,11
0.54942786693573,0.0,39.0,5,2023,11,11
0.971319317817688,1.999999761581421,44.0,5,2023,11,11
0.6206949949264526,0.0,5.0,6,2023,11,11
1.6340469121932983,0.0,9.0,6,2023,11,11
1.733809471130371,0.0,11.0,6,2023,11,11
1.6840254068374634,0.0,13.0,6,2023,11,11
0.6253920197486877,1.499999761581421,25.0,6,2023,11,11
0.5609354376792908,0.0,29.0,6,2023,11,11
0.2593235671520233,0.0,30.0,6,2023,11,11
0.4270728826522827,0.0,32.0,6,2023,11,11
0.2268803715705871,0.0,37.0,6,2023,11,11
0.089645616710186,0.0,38.0,6,2023,11,11
0.1780698299407959,0.0,39.0,6,2023,11,11
0.5483753681182861,0.9999998807907104,44.0,6,2023,11,11
0.1306339651346206,0.0,5.0,7,2023,11,11
0.1947209239006042,0.0,9.0,7,2023,11,11
0.1033556833863258,0.0,11.0,7,2023,11,11
0.2688813507556915,0.0,13.0,7,2023,11,11
0.4319270849227905,0.0,25.0,7,2023,11,11
0.1240726262331008,0.0,29.0,7,2023,11,11
0.2110486179590225,0.0,30.0,7,2023,11,11
0.1737098097801208,0.0,32.0,7,2023,11,11
0.1913689076900482,0.0,37.0,7,2023,11,11
0.1676297038793563,0.0,38.0,7,2023,11,11
0.1395799666643142,0.0,39.0,7,2023,11,11
0.3390890955924988,0.0,44.0,7,2023,11,11
3.0303609371185303,0.0,5.0,1,2023,11,13
7.363446712493896,4.0,9.0,1,2023,11,13
6.724363803863525,0.0,11.0,1,2023,11,13
7.577070713043213,0.0999999120831489,13.0,1,2023,11,13
3.113070249557495,0.9999998807907104,25.0,1,2023,11,13
3.2228400707244877,0.0,29.0,1,2023,11,13
2.265674114227295,1.999999761581421,30.0,1,2023,11,13
4.159523963928223,1.999999761581421,32.0,1,2023,11,13
2.401228427886963,1.999999761581421,37.0,1,2023,11,13
2.2647488117218018,0.9999998807907104,38.0,1,2023,11,13
2.3822813034057617,1.7000000476837158,39.0,1,2023,11,13
4.94329833984375,2.200000286102295,44.0,1,2023,11,13
0.0,0.0,5.0,2,2023,11,13
0.1365094482898712,0.2000000178813934,9.0,2,2023,11,13
0.3166671991348266,0.0,11.0,2,2023,11,13
0.2760921716690063,0.5,13.0,2,2023,11,13
0.011475677601993,0.0999999120831489,25.0,2,2023,11,13
0.0,0.0,29.0,2,2023,11,13
0.0,0.0,30.0,2,2023,11,13
0.0,0.0,32.0,2,2023,11,13
0.0,0.0,37.0,2,2023,11,13
0.0,0.0,38.0,2,2023,11,13
0.0,0.0,39.0,2,2023,11,13
0.0,0.0,44.0,2,2023,11,13
1.2180991172790527,0.0,5.0,3,2023,11,13
3.9351682662963863,0.0,9.0,3,2023,11,13
3.355548620223999,0.0,11.0,3,2023,11,13
3.937958240509033,0.6999999284744263,13.0,3,2023,11,13
1.6882858276367188,0.5,25.0,3,2023,11,13
1.5463342666625977,0.0,29.0,3,2023,11,13
1.4735084772109983,0.0,30.0,3,2023,11,13
1.193753719329834,0.0,32.0,3,2023,11,13
0.6007078886032104,0.0,37.0,3,2023,11,13
0.934555172920227,0.0,38.0,3,2023,11,13
0.522201418876648,0.0,39.0,3,2023,11,13
1.682880401611328,1.999999761581421,44.0,3,2023,11,13
1.2015411853790283,0.0,5.0,4,2023,11,13
3.0061492919921875,0.0,9.0,4,2023,11,13
3.232905864715576,0.0,11.0,4,2023,11,13
3.1167562007904053,0.0,13.0,4,2023,11,13
1.0007779598236084,1.499999761581421,25.0,4,2023,11,13
1.1597124338150024,0.0,29.0,4,2023,11,13
0.4342512190341949,0.0,30.0,4,2023,11,13
0.6299070119857788,0.0,32.0,4,2023,11,13
0.4028420448303222,0.0,37.0,4,2023,11,13
0.3426032066345215,0.0,38.0,4,2023,11,13
0.3104840815067291,0.0,39.0,4,2023,11,13
0.6701635122299194,0.9999998807907104,44.0,4,2023,11,13
0.0272605139762163,0.0,5.0,5,2023,11,13
0.23155477643013,0.0,9.0,5,2023,11,13
0.2488507330417633,0.0,11.0,5,2023,11,13
0.3206772208213806,0.0,13.0,5,2023,11,13
0.3329280614852905,0.0,25.0,5,2023,11,13
0.0,0.0,29.0,5,2023,11,13
0.1457135528326034,0.0,30.0,5,2023,11,13
0.0,0.0,32.0,5,2023,11,13
0.0138486102223396,0.0,37.0,5,2023,11,13
0.0087057258933782,0.0,38.0,5,2023,11,13
0.0261378400027751,0.0,39.0,5,2023,11,13
0.2111349403858184,0.0,44.0,5,2023,11,13
0.169507548213005,0.0,5.0,6,2023,11,13
0.7669716477394104,3.0,9.0,6,2023,11,13
0.5912507772445679,0.5999999046325684,11.0,6,2023,11,13
0.939261555671692,0.6999999284744263,13.0,6,2023,11,13
0.5368882417678833,0.0999999120831489,25.0,6,2023,11,13
0.0172062292695045,0.0,29.0,6,2023,11,13
0.3600665926933288,0.0,30.0,6,2023,11,13
0.067336268723011,0.0,32.0,6,2023,11,13
0.1731136739253997,0.0,37.0,6,2023,11,13
0.121236115694046,0.0,38.0,6,2023,11,13
0.1608266234397888,0.0,39.0,6,2023,11,13
0.3139689564704895,0.0,44.0,6,2023,11,13
0.0,0.0,5.0,7,2023,11,13
0.1136405989527702,0.0,9.0,7,2023,11,13
0.0183839108794927,0.0,11.0,7,2023,11,13
0.1862260401248932,0.0,13.0,7,2023,11,13
0.1941870301961898,0.0,25.0,7,2023,11,13
0.0,0.0,29.0,7,2023,11,13
0.0079662045463919,0.0,30.0,7,2023,11,13
0.0029181481804698,0.0,32.0,7,2023,11,13
0.0,0.0,37.0,7,2023,11,13
0.0,0.0,38.0,7,2023,11,13
0.0,0.0,39.0,7,2023,11,13
0.147520050406456,0.0,44.0,7,2023,11,13
1.5948691368103027,0.0,5.0,1,2023,11,15
3.4804186820983887,0.0,9.0,1,2023,11,15
4.05311393737793,0.0,11.0,1,2023,11,15
4.115542411804199,0.6999999284744263,13.0,1,2023,11,15
1.8242323398590088,0.5,25.0,1,2023,11,15
1.6777210235595703,0.0,29.0,1,2023,11,15
1.1815907955169678,0.0,30.0,1,2023,11,15
1.727895736694336,0.0,32.0,1,2023,11,15
1.04533052444458,0.0,37.0,1,2023,11,15
1.0090385675430298,0.0,38.0,1,2023,11,15
1.2239567041397097,0.0,39.0,1,2023,11,15
2.2814526557922363,1.999999761581421,44.0,1,2023,11,15
1.1655256748199463,0.0,5.0,2,2023,11,15
2.169475555419922,0.0,9.0,2,2023,11,15
4.162581443786621,0.0,11.0,2,2023,11,15
2.802248954772949,0.0,13.0,2,2023,11,15
0.8507328629493713,1.499999761581421,25.0,2,2023,11,15
1.6643147468566897,0.0,29.0,2,2023,11,15
0.4145696759223938,0.0,30.0,2,2023,11,15
0.5290188193321228,0.0,32.0,2,2023,11,15
0.336295336484909,0.0,37.0,2,2023,11,15
0.1856384724378585,0.0,38.0,2,2023,11,15
0.2549885213375091,0.0,39.0,2,2023,11,15
0.5397933125495911,0.9999998807907104,44.0,2,2023,11,15
0.0,0.0,5.0,3,2023,11,15
0.1178491562604904,0.0,9.0,3,2023,11,15
0.1846446990966797,0.0,11.0,3,2023,11,15
0.2768472731113434,0.0,13.0,3,2023,11,15
0.2149985581636428,0.0,25.0,3,2023,11,15
0.0,0.0,29.0,3,2023,11,15
0.0694729313254356,0.0,30.0,3,2023,11,15
0.0,0.0,32.0,3,2023,11,15
0.0,0.0,37.0,3,2023,11,15
0.0,0.0,38.0,3,2023,11,15
0.0019115406321361,0.0,39.0,3,2023,11,15
0.1474909633398056,0.0,44.0,3,2023,11,15
0.0608757212758064,0.0,5.0,4,2023,11,15
0.3095500469207763,3.0,9.0,4,2023,11,15
0.2654732167720794,0.5999999046325684,11.0,4,2023,11,15
0.5226348638534546,0.6999999284744263,13.0,4,2023,11,15
0.2436978965997696,0.0999999120831489,25.0,4,2023,11,15
0.0,0.0,29.0,4,2023,11,15
0.1198566332459449,0.0,30.0,4,2023,11,15
0.0,0.0,32.0,4,2023,11,15
0.0120996767655015,0.0,37.0,4,2023,11,15
0.0568717755377292,0.0,38.0,4,2023,11,15
0.0581225529313087,0.0,39.0,4,2023,11,15
0.173113077878952,0.0,44.0,4,2023,11,15
0.0,0.0,5.0,5,2023,11,15
0.0410435311496257,0.0,9.0,5,2023,11,15
0.0225992370396852,0.0,11.0,5,2023,11,15
0.100589595735073,0.0,13.0,5,2023,11,15
0.1424642503261566,0.0,25.0,5,2023,11,15
0.0,0.0,29.0,5,2023,11,15
0.0191943440586328,0.0,30.0,5,2023,11,15
0.0,0.0,32.0,5,2023,11,15
0.0,0.0,37.0,5,2023,11,15
0.0,0.0,38.0,5,2023,11,15
0.0,0.0,39.0,5,2023,11,15
0.0746366307139396,0.0,44.0,5,2023,11,15
0.0,0.0,5.0,6,2023,11,15
0.0557553470134735,0.0,9.0,6,2023,11,15
0.0,0.0,11.0,6,2023,11,15
0.1144470423460006,0.0,13.0,6,2023,11,15
0.1705955266952514,0.0,25.0,6,2023,11,15
0.0,0.0,29.0,6,2023,11,15
0.0304699130356311,0.0,30.0,6,2023,11,15
0.0,0.0,32.0,6,2023,11,15
0.0,0.0,37.0,6,2023,11,15
0.0,0.0,38.0,6,2023,11,15
0.0,0.0,39.0,6,2023,11,15
0.0655487179756164,0.0,44.0,6,2023,11,15
0.0107389399781823,0.0,5.0,7,2023,11,15
0.1756958365440368,0.0,9.0,7,2023,11,15
0.0,0.0,11.0,7,2023,11,15
0.1759312003850937,0.0,13.0,7,2023,11,15
0.2258657813072204,0.0,25.0,7,2023,11,15
0.0,0.0,29.0,7,2023,11,15
0.0,0.0,30.0,7,2023,11,15
0.0,0.0,32.0,7,2023,11,15
0.0,0.0,37.0,7,2023,11,15
0.0,0.0,38.0,7,2023,11,15
0.0,0.0,39.0,7,2023,11,15
0.0614092350006103,0.0,44.0,7,2023,11,15
0.0,0.0,5.0,1,2023,11,17
0.1009247303009033,0.0,9.0,1,2023,11,17
0.1445840746164322,0.0,11.0,1,2023,11,17
0.2251520901918411,0.0,13.0,1,2023,11,17
0.1015364602208137,0.0,25.0,1,2023,11,17
0.0,0.0,29.0,1,2023,11,17
0.0,0.0,30.0,1,2023,11,17
0.0,0.0,32.0,1,2023,11,17
0.0,0.0,37.0,1,2023,11,17
0.0,0.0,38.0,1,2023,11,17
0.0190097447484731,0.0,39.0,1,2023,11,17
0.0957845598459243,0.0,44.0,1,2023,11,17
0.3192601501941681,0.0,5.0,2,2023,11,17
0.9604809284210204,3.0,9.0,2,2023,11,17
1.1853584051132202,0.5999999046325684,11.0,2,2023,11,17
0.9723354578018188,0.6999999284744263,13.0,2,2023,11,17
0.6157187223434448,0.0999999120831489,25.0,2,2023,11,17
0.3439516425132751,0.0,29.0,2,2023,11,17
0.3603382110595703,0.0,30.0,2,2023,11,17
0.0996622592210769,0.0,32.0,2,2023,11,17
0.1868480294942855,0.0,37.0,2,2023,11,17
0.1760654151439666,0.0,38.0,2,2023,11,17
0.1371589601039886,0.0,39.0,2,2023,11,17
0.319429337978363,0.0,44.0,2,2023,11,17
0.0,0.0,5.0,3,2023,11,17
0.0,0.0,9.0,3,2023,11,17
0.0,0.0,11.0,3,2023,11,17
0.0,0.0,13.0,3,2023,11,17
0.0599429011344909,0.0,25.0,3,2023,11,17
0.0,0.0,29.0,3,2023,11,17
0.0,0.0,30.0,3,2023,11,17
0.0,0.0,32.0,3,2023,11,17
0.0,0.0,37.0,3,2023,11,17
0.0,0.0,38.0,3,2023,11,17
0.0,0.0,39.0,3,2023,11,17
0.0136801498010754,0.0,44.0,3,2023,11,17
0.0,0.0,5.0,4,2023,11,17
0.0703473314642906,0.0,9.0,4,2023,11,17
0.0,0.0,11.0,4,2023,11,17
0.1034470796585083,0.0,13.0,4,2023,11,17
0.1220373660326004,0.0,25.0,4,2023,11,17
0.0,0.0,29.0,4,2023,11,17
0.0,0.0,30.0,4,2023,11,17
0.0,0.0,32.0,4,2023,11,17
0.0,0.0,37.0,4,2023,11,17
0.0,0.0,38.0,4,2023,11,17
0.0,0.0,39.0,4,2023,11,17
0.0,0.0,44.0,4,2023,11,17
0.0,0.0,5.0,5,2023,11,17
0.1679119318723678,0.0,9.0,5,2023,11,17
0.0252802073955535,0.0,11.0,5,2023,11,17
0.1486440300941467,0.0,13.0,5,2023,11,17
0.276292085647583,0.0,25.0,5,2023,11,17
0.0,0.0,29.0,5,2023,11,17
0.0401000194251537,0.0,30.0,5,2023,11,17
0.0,0.0,32.0,5,2023,11,17
0.0,0.0,37.0,5,2023,11,17
0.0,0.0,38.0,5,2023,11,17
0.0,0.0,39.0,5,2023,11,17
0.0451035797595977,0.0,44.0,5,2023,11,17
4.42231139459e-05,0.0,5.0,6,2023,11,17
0.1077326014637947,0.0,9.0,6,2023,11,17
0.0124071706086397,0.0,11.0,6,2023,11,17
0.1852936744689941,0.0,13.0,6,2023,11,17
0.2589755654335022,0.0,25.0,6,2023,11,17
0.0,0.0,29.0,6,2023,11,17
0.1023920699954032,0.0,30.0,6,2023,11,17
0.0,0.0,32.0,6,2023,11,17
0.0,0.0,37.0,6,2023,11,17
0.0,0.0,38.0,6,2023,11,17
0.0,0.0,39.0,6,2023,11,17
0.1016874834895134,0.0,44.0,6,2023,11,17
0.180995687842369,0.0,5.0,7,2023,11,17
0.7284331321716309,0.0,9.0,7,2023,11,17
0.4488908648490906,0.0,11.0,7,2023,11,17
0.6565275192260742,0.0,13.0,7,2023,11,17
0.4248229265213012,0.0,25.0,7,2023,11,17
0.1169070899486541,0.0,29.0,7,2023,11,17
0.1517706364393234,0.0,30.0,7,2023,11,17
0.1815657019615173,0.0,32.0,7,2023,11,17
0.1794076859951019,0.0,37.0,7,2023,11,17
0.0398346967995166,0.0,38.0,7,2023,11,17
0.07619009912014,0.0,39.0,7,2023,11,17
0.4374154806137085,0.0,44.0,7,2023,11,17
0.0,0.0,5.0,1,2023,11,19
0.0,0.0,9.0,1,2023,11,19
0.0,0.0,11.0,1,2023,11,19
0.0360460095107555,0.0,13.0,1,2023,11,19
0.0403533801436424,0.0,25.0,1,2023,11,19
0.0,0.0,29.0,1,2023,11,19
0.0,0.0,30.0,1,2023,11,19
0.0,0.0,32.0,1,2023,11,19
0.0,0.0,37.0,1,2023,11,19
0.0,0.0,38.0,1,2023,11,19
0.0,0.0,39.0,1,2023,11,19
0.0,0.0,44.0,1,2023,11,19
0.0,0.0,5.0,2,2023,11,19
0.0,0.0,9.0,2,2023,11,19
0.0,0.0,11.0,2,2023,11,19
0.0,0.0,13.0,2,2023,11,19
0.0102274604141712,0.0,25.0,2,2023,11,19
0.0,0.0,29.0,2,2023,11,19
0.0,0.0,30.0,2,2023,11,19
0.0,0.0,32.0,2,2023,11,19
0.0,0.0,37.0,2,2023,11,19
0.0,0.0,38.0,2,2023,11,19
0.0,0.0,39.0,2,2023,11,19
0.0,0.0,44.0,2,2023,11,19
0.0,0.0,5.0,3,2023,11,19
0.0,0.0,9.0,3,2023,11,19
0.0,0.0,11.0,3,2023,11,19
0.0,0.0,13.0,3,2023,11,19
0.0949422717094421,0.0,25.0,3,2023,11,19
0.0,0.0,29.0,3,2023,11,19
0.0,0.0,30.0,3,2023,11,19
0.0,0.0,32.0,3,2023,11,19
0.0,0.0,37.0,3,2023,11,19
0.0,0.0,38.0,3,2023,11,19
0.0,0.0,39.0,3,2023,11,19
0.0,0.0,44.0,3,2023,11,19
0.0222142301499843,0.0,5.0,4,2023,11,19
0.1337030678987503,0.0,9.0,4,2023,11,19
0.0,0.0,11.0,4,2023,11,19
0.1910961866378784,0.0,13.0,4,2023,11,19
0.2123166918754577,0.0,25.0,4,2023,11,19
0.0,0.0,29.0,4,2023,11,19
0.0104209529235959,0.0,30.0,4,2023,11,19
0.0,0.0,32.0,4,2023,11,19
0.0,0.0,37.0,4,2023,11,19
0.0,0.0,38.0,4,2023,11,19
0.0,0.0,39.0,4,2023,11,19
0.0576559901237487,0.0,44.0,4,2023,11,19
0.0508923791348934,0.0,5.0,5,2023,11,19
0.2158645391464233,0.0,9.0,5,2023,11,19
0.1494537144899368,0.0,11.0,5,2023,11,19
0.2568942010402679,0.0,13.0,5,2023,11,19
0.3647968769073486,0.0,25.0,5,2023,11,19
0.0287678949534893,0.0,29.0,5,2023,11,19
0.265609472990036,0.0,30.0,5,2023,11,19
0.2441995441913604,0.0,32.0,5,2023,11,19
0.1713154911994934,0.0,37.0,5,2023,11,19
0.0052667302079498,0.0,38.0,5,2023,11,19
0.1189494132995605,0.0,39.0,5,2023,11,19
0.7438234686851501,0.0,44.0,5,2023,11,19
0.0,0.0,5.0,6,2023,11,19
0.1011719331145286,0.0,9.0,6,2023,11,19
0.0689808204770088,0.0,11.0,6,2023,11,19
0.2369314134120941,0.0,13.0,6,2023,11,19
0.0991639196872711,0.0,25.0,6,2023,11,19
0.0,0.0,29.0,6,2023,11,19
0.0248031988739967,0.0,30.0,6,2023,11,19
0.0,0.0,32.0,6,2023,11,19
0.0,0.0,37.0,6,2023,11,19
0.0,0.0,38.0,6,2023,11,19
0.0,0.0,39.0,6,2023,11,19
0.3126791715621948,0.0,44.0,6,2023,11,19
0.0407425612211227,0.0,5.0,7,2023,11,19
0.1944444179534912,0.0,9.0,7,2023,11,19
0.0433433204889297,0.0,11.0,7,2023,11,19
0.2432436048984527,0.0,13.0,7,2023,11,19
0.2284345030784607,0.0,25.0,7,2023,11,19
0.0223722830414772,0.0,29.0,7,2023,11,19
0.1129487007856369,0.0,30.0,7,2023,11,19
0.1692410260438919,0.0,32.0,7,2023,11,19
0.1058213412761688,0.0,37.0,7,2023,11,19
0.0389078296720981,0.0,38.0,7,2023,11,19
0.0554583817720413,0.0,39.0,7,2023,11,19
0.336448073387146,0.0,44.0,7,2023,11,19
0.0,0.0,5.0,1,2023,11,21
0.0,0.0,9.0,1,2023,11,21
0.0,0.0,11.0,1,2023,11,21
0.0,0.0,13.0,1,2023,11,21
0.0607115365564823,0.0,25.0,1,2023,11,21
0.0,0.0,29.0,1,2023,11,21
0.0,0.0,30.0,1,2023,11,21
0.0,0.0,32.0,1,2023,11,21
0.0,0.0,37.0,1,2023,11,21
0.0,0.0,38.0,1,2023,11,21
0.0,0.0,39.0,1,2023,11,21
0.0,0.0,44.0,1,2023,11,21
0.0,0.0,5.0,2,2023,11,21
0.0,0.0,9.0,2,2023,11,21
0.0,0.0,11.0,2,2023,11,21
0.0,0.0,13.0,2,2023,11,21
0.0235159043222665,0.0,25.0,2,2023,11,21
0.0,0.0,29.0,2,2023,11,21
0.0,0.0,30.0,2,2023,11,21
0.0,0.0,32.0,2,2023,11,21
0.0,0.0,37.0,2,2023,11,21
0.0,0.0,38.0,2,2023,11,21
0.0,0.0,39.0,2,2023,11,21
0.0,0.0,44.0,2,2023,11,21
0.0165043920278549,0.0,5.0,3,2023,11,21
0.2389337718486786,0.0,9.0,3,2023,11,21
0.1417913287878036,0.0,11.0,3,2023,11,21
0.3003368973731994,0.0,13.0,3,2023,11,21
0.24732506275177,0.0,25.0,3,2023,11,21
0.0,0.0,29.0,3,2023,11,21
0.1000326573848724,0.0,30.0,3,2023,11,21
0.1067476570606231,0.0,32.0,3,2023,11,21
0.0517921894788742,0.0,37.0,3,2023,11,21
0.0,0.0,38.0,3,2023,11,21
0.0544304251670837,0.0,39.0,3,2023,11,21
0.3582333922386169,0.0,44.0,3,2023,11,21
0.0,0.0,5.0,4,2023,11,21
0.1862538754940033,0.0,9.0,4,2023,11,21
0.0669580176472663,0.0,11.0,4,2023,11,21
0.2673525810241699,0.0,13.0,4,2023,11,21
0.1433425098657608,0.0,25.0,4,2023,11,21
0.0,0.0,29.0,4,2023,11,21
0.1884434223175048,0.0,30.0,4,2023,11,21
0.1769857257604599,0.0,32.0,4,2023,11,21
0.1006221771240234,0.0,37.0,4,2023,11,21
0.0,0.0,38.0,4,2023,11,21
0.0695067644119262,0.0,39.0,4,2023,11,21
0.6356128454208374,0.0,44.0,4,2023,11,21
0.0,0.0,5.0,5,2023,11,21
0.205589473247528,0.0,9.0,5,2023,11,21
0.0633025169372558,0.0,11.0,5,2023,11,21
0.2024071663618087,0.0,13.0,5,2023,11,21
0.1268967688083648,0.0,25.0,5,2023,11,21
0.0,0.0,29.0,5,2023,11,21
0.0598720535635948,0.0,30.0,5,2023,11,21
0.0,0.0,32.0,5,2023,11,21
0.0,0.0,37.0,5,2023,11,21
0.0,0.0,38.0,5,2023,11,21
0.0,0.0,39.0,5,2023,11,21
0.1696682870388031,0.0,44.0,5,2023,11,21
0.1206839755177497,0.0,5.0,6,2023,11,21
0.1801272630691528,0.0,9.0,6,2023,11,21
0.0226841177791357,0.0,11.0,6,2023,11,21
0.2491398602724075,0.0,13.0,6,2023,11,21
0.3972919583320617,0.0,25.0,6,2023,11,21
0.0,0.0,29.0,6,2023,11,21
0.2380446195602417,0.0,30.0,6,2023,11,21
0.8888860940933228,0.0,32.0,6,2023,11,21
0.4158068895339966,0.0,37.0,6,2023,11,21
0.1273731589317321,0.0,38.0,6,2023,11,21
0.9548218250274658,0.0,39.0,6,2023,11,21
2.4480929374694824,0.0,44.0,6,2023,11,21
0.0300900042057037,0.0,5.0,7,2023,11,21
0.1544141769409179,0.0,9.0,7,2023,11,21
0.0,0.0,11.0,7,2023,11,21
0.1670322716236114,0.0,13.0,7,2023,11,21
0.2436342239379882,0.0,25.0,7,2023,11,21
0.0,0.0,29.0,7,2023,11,21
0.0368999540805816,0.0,30.0,7,2023,11,21
0.0585439465939998,0.0,32.0,7,2023,11,21
0.0081102242693305,0.0,37.0,7,2023,11,21
0.0,0.0,38.0,7,2023,11,21
0.0085382908582687,0.0,39.0,7,2023,11,21
0.205534741282463,0.0,44.0,7,2023,11,21
0.0,0.0,5.0,1,2023,11,23
0.0136465299874544,0.0,9.0,1,2023,11,23
0.0494255796074867,0.0,11.0,1,2023,11,23
0.099734827876091,0.0,13.0,1,2023,11,23
0.090596780180931,0.0,25.0,1,2023,11,23
0.0,0.0,29.0,1,2023,11,23
0.0735686272382736,0.0,30.0,1,2023,11,23
0.0947355777025222,0.0,32.0,1,2023,11,23
0.0572024025022983,0.0,37.0,1,2023,11,23
0.0,0.0,38.0,1,2023,11,23
0.045188020914793,0.0,39.0,1,2023,11,23
0.3862117826938629,0.0,44.0,1,2023,11,23
0.0,0.0,5.0,2,2023,11,23
0.0216145776212215,0.0,9.0,2,2023,11,23
0.007880488410592,0.0,11.0,2,2023,11,23
0.0823671892285347,0.0,13.0,2,2023,11,23
0.0955039113759994,0.0,25.0,2,2023,11,23
0.0,0.0,29.0,2,2023,11,23
0.2841446697711944,0.0,30.0,2,2023,11,23
0.192348837852478,0.0,32.0,2,2023,11,23
0.1295527815818786,0.0,37.0,2,2023,11,23
0.0,0.0,38.0,2,2023,11,23
0.032748807221651,0.0,39.0,2,2023,11,23
0.6124929785728455,0.0,44.0,2,2023,11,23
0.0,0.0,5.0,3,2023,11,23
0.2785225510597229,0.0,9.0,3,2023,11,23
0.143577829003334,0.0,11.0,3,2023,11,23
0.3345321118831634,0.0,13.0,3,2023,11,23
0.096111886203289,0.0,25.0,3,2023,11,23
0.0,0.0,29.0,3,2023,11,23
0.0,0.0,30.0,3,2023,11,23
0.0,0.0,32.0,3,2023,11,23
0.0,0.0,37.0,3,2023,11,23
0.0,0.0,38.0,3,2023,11,23
0.0,0.0,39.0,3,2023,11,23
0.1477091908454895,0.0,44.0,3,2023,11,23
0.0,0.0,5.0,4,2023,11,23
0.0041983257979154,0.0,9.0,4,2023,11,23
0.0,0.0,11.0,4,2023,11,23
0.0639832764863967,0.0,13.0,4,2023,11,23
0.1802503168582916,0.0,25.0,4,2023,11,23
0.0,0.0,29.0,4,2023,11,23
0.0432801470160484,0.0,30.0,4,2023,11,23
0.0,0.0,32.0,4,2023,11,23
0.0,0.0,37.0,4,2023,11,23
0.0,0.0,38.0,4,2023,11,23
0.0,0.0,39.0,4,2023,11,23
0.479114830493927,0.0,44.0,4,2023,11,23
0.0,0.0,5.0,5,2023,11,23
0.1650252342224121,0.0,9.0,5,2023,11,23
0.0323733203113079,0.0,11.0,5,2023,11,23
0.1583543419837951,0.0,13.0,5,2023,11,23
0.2530367076396942,0.0,25.0,5,2023,11,23
0.0,0.0,29.0,5,2023,11,23
0.1025124564766883,0.0,30.0,5,2023,11,23
0.0,0.0,32.0,5,2023,11,23
0.0,0.0,37.0,5,2023,11,23
0.0,0.0,38.0,5,2023,11,23
0.0,0.0,39.0,5,2023,11,23
0.1581951677799224,0.0,44.0,5,2023,11,23
0.0,0.0,5.0,6,2023,11,23
0.2801440954208374,0.0,9.0,6,2023,11,23
0.0355683974921703,0.0,11.0,6,2023,11,23
0.2956860959529876,0.0,13.0,6,2023,11,23
0.169138416647911,0.0,25.0,6,2023,11,23
0.0,0.0,29.0,6,2023,11,23
0.0,0.0,30.0,6,2023,11,23
0.0,0.0,32.0,6,2023,11,23
0.0,0.0,37.0,6,2023,11,23
0.0,0.0,38.0,6,2023,11,23
0.0,0.0,39.0,6,2023,11,23
0.0681476965546608,0.0,44.0,6,2023,11,23
0.0381138548254966,0.0,5.0,7,2023,11,23
0.1464973837137222,0.0,9.0,7,2023,11,23
0.0541189536452293,0.0,11.0,7,2023,11,23
0.1903970539569854,0.0,13.0,7,2023,11,23
0.2454116642475128,0.0,25.0,7,2023,11,23
0.0,0.0,29.0,7,2023,11,23
0.1244843304157257,0.0,30.0,7,2023,11,23
0.3650715053081512,0.0,32.0,7,2023,11,23
0.186524897813797,0.0,37.0,7,2023,11,23
0.0229643769562244,0.0,38.0,7,2023,11,23
0.1557438373565673,0.0,39.0,7,2023,11,23
0.5367990732192993,0.0,44.0,7,2023,11,23
0.0,0.0,5.0,1,2023,11,25
0.1386794298887252,0.0,9.0,1,2023,11,25
0.0950499176979065,0.0,11.0,1,2023,11,25
0.2057582437992096,0.0,13.0,1,2023,11,25
0.0986658036708831,0.0,25.0,1,2023,11,25
0.0,0.0,29.0,1,2023,11,25
0.0955894365906715,0.0,30.0,1,2023,11,25
0.0034689363092184,0.0,32.0,1,2023,11,25
0.0,0.0,37.0,1,2023,11,25
0.0,0.0,38.0,1,2023,11,25
0.0,0.0,39.0,1,2023,11,25
0.3102043867111206,0.0,44.0,1,2023,11,25
0.0,0.0,5.0,2,2023,11,25
0.054872240871191,0.0,9.0,2,2023,11,25
0.0,0.0,11.0,2,2023,11,25
0.0679931044578552,0.0,13.0,2,2023,11,25
0.1040528863668441,0.0,25.0,2,2023,11,25
0.0,0.0,29.0,2,2023,11,25
0.0118466569110751,0.0,30.0,2,2023,11,25
0.0160802025347948,0.0,32.0,2,2023,11,25
0.0,0.0,37.0,2,2023,11,25
0.0,0.0,38.0,2,2023,11,25
0.0,0.0,39.0,2,2023,11,25
0.6059847474098206,0.0,44.0,2,2023,11,25
0.0,0.0,5.0,3,2023,11,25
0.0,0.0,9.0,3,2023,11,25
0.0,0.0,11.0,3,2023,11,25
0.0197450537234544,0.0,13.0,3,2023,11,25
0.121529072523117,0.0,25.0,3,2023,11,25
0.0,0.0,29.0,3,2023,11,25
0.0410244092345237,0.0,30.0,3,2023,11,25
0.0,0.0,32.0,3,2023,11,25
0.0,0.0,37.0,3,2023,11,25
0.0,0.0,38.0,3,2023,11,25
0.0,0.0,39.0,3,2023,11,25
0.1450554728507995,0.0,44.0,3,2023,11,25
0.0295209251344203,0.0,5.0,4,2023,11,25
0.2812630832195282,0.0,9.0,4,2023,11,25
0.0284956637769937,0.0,11.0,4,2023,11,25
0.3191345036029815,0.0,13.0,4,2023,11,25
0.2340078055858612,0.0,25.0,4,2023,11,25
0.0,0.0,29.0,4,2023,11,25
0.0544347316026687,0.0,30.0,4,2023,11,25
0.0741845220327377,0.0,32.0,4,2023,11,25
0.0003097729932051,0.0,37.0,4,2023,11,25
0.0,0.0,38.0,4,2023,11,25
0.0288947615772485,0.0,39.0,4,2023,11,25
0.2532617747783661,0.0,44.0,4,2023,11,25
0.1007163375616073,0.0,5.0,5,2023,11,25
0.2291624546051025,0.0,9.0,5,2023,11,25
0.1029622182250022,0.0,11.0,5,2023,11,25
0.2369122505187988,0.0,13.0,5,2023,11,25
0.4410285949707031,0.0,25.0,5,2023,11,25
0.0774919614195823,0.0,29.0,5,2023,11,25
0.2315595895051956,0.0,30.0,5,2023,11,25
0.5610017776489258,0.0,32.0,5,2023,11,25
0.2972002625465393,0.0,37.0,5,2023,11,25
0.1276663988828659,0.0,38.0,5,2023,11,25
0.5112687349319458,0.0,39.0,5,2023,11,25
1.193835735321045,0.0,44.0,5,2023,11,25
0.053717240691185,0.0,5.0,6,2023,11,25
0.4459696412086487,0.0,9.0,6,2023,11,25
0.2136577069759369,0.0,11.0,6,2023,11,25
0.6187516450881958,0.0,13.0,6,2023,11,25
0.4068204164505005,0.0,25.0,6,2023,11,25
0.0,0.0,29.0,6,2023,11,25
0.4602594375610351,0.0,30.0,6,2023,11,25
0.5010154843330383,0.3000000715255737,32.0,6,2023,11,25
0.1856570243835449,0.0,37.0,6,2023,11,25
0.0929169952869415,0.0999999120831489,38.0,6,2023,11,25
0.4202181100845337,0.0,39.0,6,2023,11,25
1.7078518867492676,0.9999998807907104,44.0,6,2023,11,25
0.0,0.0,5.0,7,2023,11,25
0.2472105175256729,0.5,9.0,7,2023,11,25
0.1531374454498291,0.0,11.0,7,2023,11,25
0.3507663309574127,0.5,13.0,7,2023,11,25
0.0707726776599884,3.1000001430511475,25.0,7,2023,11,25
0.0,0.0,29.0,7,2023,11,25
0.0,0.0,30.0,7,2023,11,25
0.0,0.0,32.0,7,2023,11,25
0.0,0.0,37.0,7,2023,11,25
0.0,0.0,38.0,7,2023,11,25
0.0,0.0,39.0,7,2023,11,25
0.0,1.3999998569488523,44.0,7,2023,11,25
0.0,0.0,5.0,1,2023,11,27
0.019390769302845,0.0,9.0,1,2023,11,27
0.0285738632082939,0.0,11.0,1,2023,11,27
0.0931551456451416,0.0,13.0,1,2023,11,27
0.0842192843556404,0.0,25.0,1,2023,11,27
0.0,0.0,29.0,1,2023,11,27
0.075792595744133,0.0,30.0,1,2023,11,27
0.0389656126499176,0.0,32.0,1,2023,11,27
0.0307850930839777,0.0,37.0,1,2023,11,27
0.0,0.0,38.0,1,2023,11,27
0.0037463218905031,0.0,39.0,1,2023,11,27
0.236764371395111,0.0,44.0,1,2023,11,27
0.0,0.0,5.0,2,2023,11,27
0.0427864305675029,0.0,9.0,2,2023,11,27
0.0,0.0,11.0,2,2023,11,27
0.0618819706141948,0.0,13.0,2,2023,11,27
0.1491356790065765,0.0,25.0,2,2023,11,27
0.0,0.0,29.0,2,2023,11,27
0.0957321897149086,0.0,30.0,2,2023,11,27
0.0342974886298179,0.0,32.0,2,2023,11,27
0.0553059838712215,0.0,37.0,2,2023,11,27
0.0,0.0,38.0,2,2023,11,27
0.0344267971813678,0.0,39.0,2,2023,11,27
0.2240760624408722,0.0,44.0,2,2023,11,27
0.0010761971352621,0.0,5.0,3,2023,11,27
0.0300542619079351,0.0,9.0,3,2023,11,27
0.0,0.0,11.0,3,2023,11,27
0.0956321135163307,0.0,13.0,3,2023,11,27
0.2426947802305221,0.0,25.0,3,2023,11,27
0.0,0.0,29.0,3,2023,11,27
0.0940915122628212,0.0,30.0,3,2023,11,27
0.0165073294192552,0.0,32.0,3,2023,11,27
0.0693517923355102,0.0,37.0,3,2023,11,27
0.0,0.0,38.0,3,2023,11,27
0.0167354010045528,0.0,39.0,3,2023,11,27
0.2362303882837295,0.0,44.0,3,2023,11,27
0.080954261124134,0.0,5.0,4,2023,11,27
0.2516074776649475,0.0,9.0,4,2023,11,27
0.0716705620288848,0.0,11.0,4,2023,11,27
0.3342520296573639,0.0,13.0,4,2023,11,27
0.3147777915000915,0.0,25.0,4,2023,11,27
0.0,0.0,29.0,4,2023,11,27
0.1974826157093048,0.0,30.0,4,2023,11,27
0.4672685265541076,0.3000000715255737,32.0,4,2023,11,27
0.201847955584526,0.0,37.0,4,2023,11,27
0.0198177266865968,0.0999999120831489,38.0,4,2023,11,27
0.4144012629985809,0.0,39.0,4,2023,11,27
1.0214794874191284,0.9999998807907104,44.0,4,2023,11,27
0.0,0.0,5.0,5,2023,11,27
0.1406373977661132,0.5,9.0,5,2023,11,27
0.1064751222729682,0.0,11.0,5,2023,11,27
0.2053828090429306,0.5,13.0,5,2023,11,27
0.032069943845272,3.1000001430511475,25.0,5,2023,11,27
0.0,0.0,29.0,5,2023,11,27
0.0336119830608367,0.0,30.0,5,2023,11,27
0.1290391534566879,0.0,32.0,5,2023,11,27
0.0,0.0,37.0,5,2023,11,27
0.0,0.0,38.0,5,2023,11,27
0.0,0.0,39.0,5,2023,11,27
0.497262954711914,1.3999998569488523,44.0,5,2023,11,27
0.0,0.0,5.0,6,2023,11,27
0.0657285153865814,0.0,9.0,6,2023,11,27
0.0618402473628521,0.0,11.0,6,2023,11,27
0.195073127746582,0.0,13.0,6,2023,11,27
0.0554968006908893,0.0,25.0,6,2023,11,27
0.0,0.0,29.0,6,2023,11,27
0.0,0.0,30.0,6,2023,11,27
0.0,0.0,32.0,6,2023,11,27
0.0,0.0,37.0,6,2023,11,27
0.0,0.0,38.0,6,2023,11,27
0.0,0.0,39.0,6,2023,11,27
0.0,0.3000000715255737,44.0,6,2023,11,27
0.2356167733669281,0.0,5.0,7,2023,11,27
0.611548662185669,3.0,9.0,7,2023,11,27
0.2543485164642334,0.800000011920929,11.0,7,2023,11,27
0.6316536068916321,9.0,13.0,7,2023,11,27
0.627611517906189,0.0,25.0,7,2023,11,27
0.2063555866479873,0.0,29.0,7,2023,11,27
0.1531525403261184,0.0,30.0,7,2023,11,27
0.0150187779217958,0.0,32.0,7,2023,11,27
0.0455686971545219,0.0,37.0,7,2023,11,27
0.148140087723732,0.0,38.0,7,2023,11,27
0.0300476048141717,0.0,39.0,7,2023,11,27
0.1389742195606231,0.0,44.0,7,2023,11,27
0.0339080765843391,0.0,5.0,1,2023,11,29
0.0,0.0,9.0,1,2023,11,29
0.0,0.0,11.0,1,2023,11,29
0.0459285229444503,0.0,13.0,1,2023,11,29
0.1436754763126373,0.0,25.0,1,2023,11,29
0.0,0.0,29.0,1,2023,11,29
0.0206176731735467,0.0,30.0,1,2023,11,29
0.0105065423995256,0.0,32.0,1,2023,11,29
0.0461345463991165,0.0,37.0,1,2023,11,29
0.0,0.0,38.0,1,2023,11,29
0.073264829814434,0.0,39.0,1,2023,11,29
0.1975940316915512,0.0,44.0,1,2023,11,29
0.6951025128364563,0.0,5.0,2,2023,11,29
1.168884038925171,0.0,9.0,2,2023,11,29
1.297226905822754,0.0,11.0,2,2023,11,29
1.2538589239120483,0.0,13.0,2,2023,11,29
1.2030503749847412,0.0,25.0,2,2023,11,29
0.911282241344452,0.0,29.0,2,2023,11,29
1.5393381118774414,0.0,30.0,2,2023,11,29
2.5113987922668457,0.3000000715255737,32.0,2,2023,11,29
1.6643959283828735,0.0,37.0,2,2023,11,29
0.926874339580536,0.0999999120831489,38.0,2,2023,11,29
2.052107334136963,0.0,39.0,2,2023,11,29
4.789839744567871,0.9999998807907104,44.0,2,2023,11,29
0.0,0.0,5.0,3,2023,11,29
0.2630951404571533,0.5,9.0,3,2023,11,29
0.179057702422142,0.0,11.0,3,2023,11,29
0.3463230431079864,0.5,13.0,3,2023,11,29
0.1119419112801551,3.1000001430511475,25.0,3,2023,11,29
0.0,0.0,29.0,3,2023,11,29
0.09210254997015,0.0,30.0,3,2023,11,29
0.1036098077893257,0.0,32.0,3,2023,11,29
0.0,0.0,37.0,3,2023,11,29
0.0,0.0,38.0,3,2023,11,29
0.0,0.0,39.0,3,2023,11,29
0.8733704686164856,1.3999998569488523,44.0,3,2023,11,29
0.0,0.0,5.0,4,2023,11,29
0.4586823880672455,0.0,9.0,4,2023,11,29
0.3551816344261169,0.0,11.0,4,2023,11,29
0.6240537166595459,0.0,13.0,4,2023,11,29
0.1284194439649582,0.0,25.0,4,2023,11,29
0.0,0.0,29.0,4,2023,11,29
0.0,0.0,30.0,4,2023,11,29
0.0,0.0,32.0,4,2023,11,29
0.0,0.0,37.0,4,2023,11,29
0.0,0.0,38.0,4,2023,11,29
0.0,0.0,39.0,4,2023,11,29
0.0127628166228532,0.3000000715255737,44.0,4,2023,11,29
0.1848050951957702,0.0,5.0,5,2023,11,29
0.7236530780792236,3.0,9.0,5,2023,11,29
0.7523924112319946,0.800000011920929,11.0,5,2023,11,29
0.8472316265106201,9.0,13.0,5,2023,11,29
0.5394029021263123,0.0,25.0,5,2023,11,29
0.3296185731887817,0.0,29.0,5,2023,11,29
0.1189083009958267,0.0,30.0,5,2023,11,29
0.0,0.0,32.0,5,2023,11,29
0.0,0.0,37.0,5,2023,11,29
0.0569735206663608,0.0,38.0,5,2023,11,29
0.0,0.0,39.0,5,2023,11,29
0.0,0.0,44.0,5,2023,11,29
0.7511761784553528,0.0,5.0,6,2023,11,29
1.1436209678649902,0.0,9.0,6,2023,11,29
0.8717060089111328,0.0,11.0,6,2023,11,29
1.3767117261886597,0.0,13.0,6,2023,11,29
1.2024919986724854,0.0,25.0,6,2023,11,29
0.976367175579071,0.0,29.0,6,2023,11,29
0.8243366479873657,0.0,30.0,6,2023,11,29
0.4417915642261505,0.0,32.0,6,2023,11,29
0.4439150393009186,0.0,37.0,6,2023,11,29
0.6855627298355103,0.0,38.0,6,2023,11,29
0.341355562210083,0.0,39.0,6,2023,11,29
0.6326610445976257,0.4000000953674316,44.0,6,2023,11,29
0.4148391485214233,4.0,5.0,7,2023,11,29
0.881127655506134,3.0,9.0,7,2023,11,29
0.906711220741272,5.0,11.0,7,2023,11,29
1.1277529001235962,5.999999523162842,13.0,7,2023,11,29
0.6774508953094482,4.3000006675720215,25.0,7,2023,11,29
0.5192408561706543,24.000001907348636,29.0,7,2023,11,29
0.3205936551094055,2.6000001430511475,30.0,7,2023,11,29
0.1973814070224762,0.5,32.0,7,2023,11,29
0.1065293177962303,0.2000000178813934,37.0,7,2023,11,29
0.1099250242114067,6.700000762939453,38.0,7,2023,11,29
0.0490629486739635,0.0999999120831489,39.0,7,2023,11,29
0.2893832623958587,0.5,44.0,7,2023,11,29
0.040615826845169,0.0,5.0,1,2023,12,1
0.7177205681800842,0.5,9.0,1,2023,12,1
0.6867715120315552,0.0,11.0,1,2023,12,1
0.8425856232643127,0.5,13.0,1,2023,12,1
0.3879014253616333,3.1000001430511475,25.0,1,2023,12,1
0.13666333258152,0.0,29.0,1,2023,12,1
0.626531183719635,0.0,30.0,1,2023,12,1
0.517931342124939,0.0,32.0,1,2023,12,1
0.0886910110712051,0.0,37.0,1,2023,12,1
0.180370956659317,0.0,38.0,1,2023,12,1
0.0,0.0,39.0,1,2023,12,1
1.719441533088684,1.3999998569488523,44.0,1,2023,12,1
1.0669070482254028,0.0,5.0,2,2023,12,1
2.668161153793335,0.0,9.0,2,2023,12,1
3.976352691650391,0.0,11.0,2,2023,12,1
3.260464668273926,0.0,13.0,2,2023,12,1
1.4179171323776243,0.0,25.0,2,2023,12,1
2.066894292831421,0.0,29.0,2,2023,12,1
0.7516814470291138,0.0,30.0,2,2023,12,1
0.663516640663147,0.0,32.0,2,2023,12,1
0.3674720525741577,0.0,37.0,2,2023,12,1
0.4441063702106476,0.0,38.0,2,2023,12,1
0.1577638387680053,0.0,39.0,2,2023,12,1
0.544396162033081,0.3000000715255737,44.0,2,2023,12,1
1.6017075777053833,0.0,5.0,3,2023,12,1
4.731418609619141,3.0,9.0,3,2023,12,1
5.668266773223877,0.800000011920929,11.0,3,2023,12,1
5.992505073547363,9.0,13.0,3,2023,12,1
1.667279601097107,0.0,25.0,3,2023,12,1
1.901965618133545,0.0,29.0,3,2023,12,1
0.7886501550674438,0.0,30.0,3,2023,12,1
0.4891630113124847,0.0,32.0,3,2023,12,1
0.4194588661193847,0.0,37.0,3,2023,12,1
0.4747353494167328,0.0,38.0,3,2023,12,1
0.0576129965484142,0.0,39.0,3,2023,12,1
0.2687715291976928,0.0,44.0,3,2023,12,1
1.135128140449524,0.0,5.0,4,2023,12,1
2.289402723312378,0.0,9.0,4,2023,12,1
2.152044773101806,0.0,11.0,4,2023,12,1
2.774484634399414,0.0,13.0,4,2023,12,1
1.5479350090026855,0.0,25.0,4,2023,12,1
1.683401584625244,0.0,29.0,4,2023,12,1
0.8783358931541443,0.0,30.0,4,2023,12,1
0.4675662517547607,0.0,32.0,4,2023,12,1
0.3551604449748993,0.0,37.0,4,2023,12,1
0.7911388874053955,0.0,38.0,4,2023,12,1
0.1434770822525024,0.0,39.0,4,2023,12,1
0.3762675523757934,0.4000000953674316,44.0,4,2023,12,1
0.6480035185813904,4.0,5.0,5,2023,12,1
0.7211904525756836,3.0,9.0,5,2023,12,1
0.7623113989830017,5.0,11.0,5,2023,12,1
0.9778202176094056,5.999999523162842,13.0,5,2023,12,1
0.8834519386291504,4.3000006675720215,25.0,5,2023,12,1
0.7307661771774292,24.000001907348636,29.0,5,2023,12,1
0.5277634859085083,2.6000001430511475,30.0,5,2023,12,1
0.1326239556074142,0.5,32.0,5,2023,12,1
0.2185928076505661,0.2000000178813934,37.0,5,2023,12,1
0.4486486613750458,6.700000762939453,38.0,5,2023,12,1
0.1560513377189636,0.0999999120831489,39.0,5,2023,12,1
0.214003100991249,0.5,44.0,5,2023,12,1
1.816856384277344,0.0,5.0,6,2023,12,1
4.534470558166504,0.0,9.0,6,2023,12,1
5.614302158355713,0.0,11.0,6,2023,12,1
5.900718688964844,0.8999999761581421,13.0,6,2023,12,1
2.267161130905152,0.0,25.0,6,2023,12,1
2.8095736503601074,0.0,29.0,6,2023,12,1
2.17225980758667,0.0,30.0,6,2023,12,1
3.1994755268096924,0.0,32.0,6,2023,12,1
2.0596518516540527,0.3000000715255737,37.0,6,2023,12,1
1.8180501461029053,0.0,38.0,6,2023,12,1
2.0205774307250977,0.0,39.0,6,2023,12,1
2.812202453613281,0.5,44.0,6,2023,12,1
0.8395597338676453,0.0,5.0,7,2023,12,1
1.346076726913452,0.0,9.0,7,2023,12,1
1.5892603397369385,0.0,11.0,7,2023,12,1
1.7354059219360352,0.0,13.0,7,2023,12,1
1.1784553527832031,0.0,25.0,7,2023,12,1
1.1834651231765747,0.0,29.0,7,2023,12,1
0.6112244725227356,0.0,30.0,7,2023,12,1
0.3166698813438415,0.0,32.0,7,2023,12,1
0.2277685850858688,0.0,37.0,7,2023,12,1
0.4394449293613434,0.0,38.0,7,2023,12,1
0.070691280066967,0.0,39.0,7,2023,12,1
0.2076440155506134,0.0,44.0,7,2023,12,1
2.868258476257324,0.0,5.0,1,2023,12,3
6.5084147453308105,3.0,9.0,1,2023,12,3
8.760093688964844,0.800000011920929,11.0,1,2023,12,3
7.911007881164551,9.0,13.0,1,2023,12,3
2.2720847129821777,0.0,25.0,1,2023,12,3
3.527998447418213,0.0,29.0,1,2023,12,3
1.0734491348266602,0.0,30.0,1,2023,12,3
1.042778730392456,0.0,32.0,1,2023,12,3
0.831518828868866,0.0,37.0,1,2023,12,3
0.9728205800056458,0.0,38.0,1,2023,12,3
0.4349266290664673,0.0,39.0,1,2023,12,3
0.6137816905975342,0.0,44.0,1,2023,12,3
0.6658953428268433,0.0,5.0,2,2023,12,3
0.8868442177772522,0.0,9.0,2,2023,12,3
1.147487759590149,0.0,11.0,2,2023,12,3
1.160884141921997,0.0,13.0,2,2023,12,3
0.9954712390899658,0.0,25.0,2,2023,12,3
1.3541090488433838,0.0,29.0,2,2023,12,3
0.7913768291473389,0.0,30.0,2,2023,12,3
0.3412885069847107,0.0,32.0,2,2023,12,3
0.3924696445465088,0.0,37.0,2,2023,12,3
0.6086685657501221,0.0,38.0,2,2023,12,3
0.1781481802463531,0.0,39.0,2,2023,12,3
0.3667161166667938,0.4000000953674316,44.0,2,2023,12,3
0.547379732131958,4.0,5.0,3,2023,12,3
0.4867526590824127,3.0,9.0,3,2023,12,3
0.521339476108551,5.0,11.0,3,2023,12,3
0.6526010036468506,5.999999523162842,13.0,3,2023,12,3
0.8292884826660156,4.3000006675720215,25.0,3,2023,12,3
0.664875328540802,24.000001907348636,29.0,3,2023,12,3
0.4883486628532409,2.6000001430511475,30.0,3,2023,12,3
0.0920817479491233,0.5,32.0,3,2023,12,3
0.1589950323104858,0.2000000178813934,37.0,3,2023,12,3
0.4107188582420349,6.700000762939453,38.0,3,2023,12,3
0.1633694618940353,0.0999999120831489,39.0,3,2023,12,3
0.2584653794765472,0.5,44.0,3,2023,12,3
1.7733160257339478,0.0,5.0,4,2023,12,3
5.801502704620361,0.0,9.0,4,2023,12,3
6.242283821105957,0.0,11.0,4,2023,12,3
6.8177642822265625,0.8999999761581421,13.0,4,2023,12,3
2.160804748535156,0.0,25.0,4,2023,12,3
2.6271626949310303,0.0,29.0,4,2023,12,3
1.293959379196167,0.0,30.0,4,2023,12,3
2.3766589164733887,0.0,32.0,4,2023,12,3
1.426872730255127,0.3000000715255737,37.0,4,2023,12,3
1.355283260345459,0.0,38.0,4,2023,12,3
1.6734883785247805,0.0,39.0,4,2023,12,3
2.782153844833374,0.5,44.0,4,2023,12,3
0.3724927902221679,0.0,5.0,5,2023,12,3
0.987831711769104,0.0,9.0,5,2023,12,3
1.100887894630432,0.0,11.0,5,2023,12,3
1.0570762157440186,0.0,13.0,5,2023,12,3
0.8428153991699219,0.0,25.0,5,2023,12,3
0.5656577348709106,0.0,29.0,5,2023,12,3
0.3731213212013244,0.0,30.0,5,2023,12,3
0.0587751492857933,0.0,32.0,5,2023,12,3
0.125790998339653,0.0,37.0,5,2023,12,3
0.2133330553770065,0.0,38.0,5,2023,12,3
0.1334990859031677,0.0,39.0,5,2023,12,3
0.2833524942398071,0.0,44.0,5,2023,12,3
1.4063615798950195,0.8999999761581421,5.0,6,2023,12,3
3.349520444869995,0.0,9.0,6,2023,12,3
4.11781120300293,0.0,11.0,6,2023,12,3
4.381119728088379,0.2000000178813934,13.0,6,2023,12,3
1.954025626182556,0.0999999120831489,25.0,6,2023,12,3
1.7381489276885986,0.0,29.0,6,2023,12,3
1.1627273559570312,0.0,30.0,6,2023,12,3
0.374232530593872,0.0,32.0,6,2023,12,3
0.5621699094772339,0.0,37.0,6,2023,12,3
0.4156024754047394,0.0,38.0,6,2023,12,3
0.430743932723999,0.0,39.0,6,2023,12,3
0.4244391024112701,0.0,44.0,6,2023,12,3
0.4514518678188324,1.1000001430511477,5.0,7,2023,12,3
0.9163296818733216,0.0,9.0,7,2023,12,3
0.5879323482513428,0.0,11.0,7,2023,12,3
1.025126576423645,0.5,13.0,7,2023,12,3
1.02631938457489,0.0,25.0,7,2023,12,3
0.4344717264175415,0.0,29.0,7,2023,12,3
0.6112452745437622,0.0,30.0,7,2023,12,3
0.1808817982673645,0.0,32.0,7,2023,12,3
0.2648151814937591,0.0,37.0,7,2023,12,3
0.2607120871543884,0.0,38.0,7,2023,12,3
0.107272982597351,0.0,39.0,7,2023,12,3
0.254863440990448,0.0,44.0,7,2023,12,3
1.8556499481201167,4.0,5.0,1,2023,12,5
2.184804916381836,3.0,9.0,1,2023,12,5
2.283127784729004,5.0,11.0,1,2023,12,5
2.598290205001831,5.999999523162842,13.0,1,2023,12,5
2.1932802200317383,4.3000006675720215,25.0,1,2023,12,5
1.8715159893035889,24.000001907348636,29.0,1,2023,12,5
1.39792799949646,2.6000001430511475,30.0,1,2023,12,5
0.9261032342910768,0.5,32.0,1,2023,12,5
0.9527801275253296,0.2000000178813934,37.0,1,2023,12,5
1.3836358785629272,6.700000762939453,38.0,1,2023,12,5
0.9075451493263244,0.0999999120831489,39.0,1,2023,12,5
1.167479395866394,0.5,44.0,1,2023,12,5
1.3951780796051023,0.0,5.0,2,2023,12,5
2.3010385036468506,0.0,9.0,2,2023,12,5
2.2782039642333984,0.0,11.0,2,2023,12,5
2.5575039386749268,0.8999999761581421,13.0,2,2023,12,5
1.4916146993637085,0.0,25.0,2,2023,12,5
0.6706876754760742,0.0,29.0,2,2023,12,5
0.3781951665878296,0.0,30.0,2,2023,12,5
1.1614271402359009,0.0,32.0,2,2023,12,5
0.7830175161361694,0.3000000715255737,37.0,2,2023,12,5
0.5259155035018921,0.0,38.0,2,2023,12,5
0.7490698099136353,0.0,39.0,2,2023,12,5
2.607777833938598,0.5,44.0,2,2023,12,5
0.273820012807846,0.0,5.0,3,2023,12,5
0.8039494752883911,0.0,9.0,3,2023,12,5
0.7544275522232056,0.0,11.0,3,2023,12,5
1.0519484281539917,0.0,13.0,3,2023,12,5
0.7458863258361816,0.0,25.0,3,2023,12,5
0.3020029067993164,0.0,29.0,3,2023,12,5
0.267247587442398,0.0,30.0,3,2023,12,5
0.0,0.0,32.0,3,2023,12,5
0.0541420839726924,0.0,37.0,3,2023,12,5
0.1980880796909332,0.0,38.0,3,2023,12,5
0.0553618073463439,0.0,39.0,3,2023,12,5
0.1251319199800491,0.0,44.0,3,2023,12,5
1.765264630317688,0.8999999761581421,5.0,4,2023,12,5
5.728429794311523,0.0,9.0,4,2023,12,5
5.14031982421875,0.0,11.0,4,2023,12,5
6.811528205871582,0.2000000178813934,13.0,4,2023,12,5
2.1956982612609863,0.0999999120831489,25.0,4,2023,12,5
1.486569881439209,0.0,29.0,4,2023,12,5
0.5382617115974426,0.0,30.0,4,2023,12,5
0.1392888724803924,0.0,32.0,4,2023,12,5
0.2009417116641998,0.0,37.0,4,2023,12,5
0.4029563367366791,0.0,38.0,4,2023,12,5
0.1973001360893249,0.0,39.0,4,2023,12,5
0.1927210390567779,0.0,44.0,4,2023,12,5
0.4456897974014282,1.1000001430511477,5.0,5,2023,12,5
0.797711193561554,0.0,9.0,5,2023,12,5
0.5855646729469299,0.0,11.0,5,2023,12,5
0.8147425651550293,0.5,13.0,5,2023,12,5
0.838502824306488,0.0,25.0,5,2023,12,5
0.5314609408378601,0.0,29.0,5,2023,12,5
0.6560613512992859,0.0,30.0,5,2023,12,5
0.1640154868364334,0.0,32.0,5,2023,12,5
0.2000655382871627,0.0,37.0,5,2023,12,5
0.169780284166336,0.0,38.0,5,2023,12,5
0.0791506916284561,0.0,39.0,5,2023,12,5
0.2368985712528228,0.0,44.0,5,2023,12,5
0.6469434499740601,0.0,5.0,6,2023,12,5
0.4032396078109741,0.0,9.0,6,2023,12,5
0.3052889406681061,0.0,11.0,6,2023,12,5
0.4944589734077453,0.0,13.0,6,2023,12,5
1.0478085279464722,0.0,25.0,6,2023,12,5
0.8357253670692444,0.0,29.0,6,2023,12,5
1.0213581323623655,0.0,30.0,6,2023,12,5
0.318838357925415,0.0,32.0,6,2023,12,5
0.4940426349639892,0.0,37.0,6,2023,12,5
0.6094967126846313,0.0,38.0,6,2023,12,5
0.3665977716445923,0.0,39.0,6,2023,12,5
0.3190077245235443,0.0,44.0,6,2023,12,5
1.0134493112564087,0.0,5.0,7,2023,12,5
0.7600293755531311,0.0,9.0,7,2023,12,5
0.4042490720748901,0.0,11.0,7,2023,12,5
0.7684496641159058,0.0,13.0,7,2023,12,5
1.5926162004470823,0.0,25.0,7,2023,12,5
1.3460484743118286,0.0,29.0,7,2023,12,5
1.824120044708252,0.0,30.0,7,2023,12,5
0.9116938710212708,0.0,32.0,7,2023,12,5
1.0256577730178833,0.0,37.0,7,2023,12,5
1.2522804737091064,0.0,38.0,7,2023,12,5
0.6522884368896484,0.0,39.0,7,2023,12,5
0.9904788732528688,0.0,44.0,7,2023,12,5
0.0849359557032585,0.0,5.0,1,2023,12,7
0.2242022454738617,0.0,9.0,1,2023,12,7
0.376248836517334,0.0,11.0,1,2023,12,7
0.4485781788825989,0.0,13.0,1,2023,12,7
0.2406698763370514,0.0,25.0,1,2023,12,7
0.0014055499341338,0.0,29.0,1,2023,12,7
0.0,0.0,30.0,1,2023,12,7
0.0,0.0,32.0,1,2023,12,7
0.0,0.0,37.0,1,2023,12,7
0.0,0.0,38.0,1,2023,12,7
0.0,0.0,39.0,1,2023,12,7
0.0422395877540111,0.0,44.0,1,2023,12,7
0.7047961354255676,0.8999999761581421,5.0,2,2023,12,7
2.2464160919189453,0.0,9.0,2,2023,12,7
2.5237507820129395,0.0,11.0,2,2023,12,7
2.4506490230560303,0.2000000178813934,13.0,2,2023,12,7
1.0562944412231443,0.0999999120831489,25.0,2,2023,12,7
0.6582421064376831,0.0,29.0,2,2023,12,7
0.2135152816772461,0.0,30.0,2,2023,12,7
0.0,0.0,32.0,2,2023,12,7
0.0151815889403224,0.0,37.0,2,2023,12,7
0.0355654060840606,0.0,38.0,2,2023,12,7
0.0,0.0,39.0,2,2023,12,7
0.0352917276322841,0.0,44.0,2,2023,12,7
0.3930734395980835,1.1000001430511477,5.0,3,2023,12,7
0.5796637535095215,0.0,9.0,3,2023,12,7
0.4076562225818634,0.0,11.0,3,2023,12,7
0.6341263055801392,0.5,13.0,3,2023,12,7
0.8019719123840332,0.0,25.0,3,2023,12,7
0.4186478853225708,0.0,29.0,3,2023,12,7
0.4113363921642303,0.0,30.0,3,2023,12,7
0.0482687018811702,0.0,32.0,3,2023,12,7
0.1457944363355636,0.0,37.0,3,2023,12,7
0.2033140957355499,0.0,38.0,3,2023,12,7
0.0803530365228653,0.0,39.0,3,2023,12,7
0.1387584507465362,0.0,44.0,3,2023,12,7
0.7704965472221375,0.0,5.0,4,2023,12,7
0.6959446668624878,0.0,9.0,4,2023,12,7
0.4184377491474151,0.0,11.0,4,2023,12,7
0.7072631120681763,0.0,13.0,4,2023,12,7
1.111994743347168,0.0,25.0,4,2023,12,7
0.7822880744934082,0.0,29.0,4,2023,12,7
0.9725376963615416,0.0,30.0,4,2023,12,7
0.3655742704868316,0.0,32.0,4,2023,12,7
0.5669113993644714,0.0,37.0,4,2023,12,7
0.6186753511428833,0.0,38.0,4,2023,12,7
0.4106025099754333,0.0,39.0,4,2023,12,7
0.3220362663269043,0.0,44.0,4,2023,12,7
1.5567327737808228,0.0,5.0,5,2023,12,7
0.8072566986083984,0.0,9.0,5,2023,12,7
0.7029080986976624,0.0,11.0,5,2023,12,7
1.1744811534881592,0.0,13.0,5,2023,12,7
2.999722480773926,0.0,25.0,5,2023,12,7
2.2247207164764404,0.0,29.0,5,2023,12,7
3.73696517944336,0.0,30.0,5,2023,12,7
2.5280978679656982,0.0,32.0,5,2023,12,7
2.437908172607422,0.0,37.0,5,2023,12,7
2.854658842086792,0.0,38.0,5,2023,12,7
1.8061890602111816,0.0,39.0,5,2023,12,7
2.7827937602996826,0.0,44.0,5,2023,12,7
4.660397529602051,0.0,5.0,6,2023,12,7
11.097076416015623,0.0,9.0,6,2023,12,7
7.704970359802246,1.999999761581421,11.0,6,2023,12,7
9.98565673828125,0.0,13.0,6,2023,12,7
5.628465175628662,0.2000000178813934,25.0,6,2023,12,7
4.652017116546631,0.0,29.0,6,2023,12,7
5.010834693908691,0.0,30.0,6,2023,12,7
4.352492332458496,0.0,32.0,6,2023,12,7
2.8381171226501465,0.0,37.0,6,2023,12,7
2.9226293563842773,0.0,38.0,6,2023,12,7
1.141270637512207,0.0,39.0,6,2023,12,7
2.9447853565216064,0.0,44.0,6,2023,12,7
0.4603962898254394,0.0,5.0,7,2023,12,7
2.508561849594116,0.0,9.0,7,2023,12,7
2.3549485206604004,0.0,11.0,7,2023,12,7
2.913104772567749,0.0,13.0,7,2023,12,7
0.7218993902206421,0.0,25.0,7,2023,12,7
0.9113442897796632,0.0,29.0,7,2023,12,7
0.6487279534339905,0.0,30.0,7,2023,12,7
0.26613849401474,0.0,32.0,7,2023,12,7
0.1044608280062675,0.0,37.0,7,2023,12,7
0.3651309609413147,0.0,38.0,7,2023,12,7
0.0,0.0,39.0,7,2023,12,7
0.4228460788726806,0.0,44.0,7,2023,12,7
0.6461156010627747,1.1000001430511477,5.0,1,2023,12,9
1.0835474729537964,0.0,9.0,1,2023,12,9
0.9856106638908386,0.0,11.0,1,2023,12,9
1.2516523599624634,0.5,13.0,1,2023,12,9
0.8692874312400818,0.0,25.0,1,2023,12,9
0.523212730884552,0.0,29.0,1,2023,12,9
0.3334044516086578,0.0,30.0,1,2023,12,9
0.0235510692000389,0.0,32.0,1,2023,12,9
0.182731881737709,0.0,37.0,1,2023,12,9
0.1781145334243774,0.0,38.0,1,2023,12,9
0.1362638026475906,0.0,39.0,1,2023,12,9
0.112391360104084,0.0,44.0,1,2023,12,9
0.8533019423484802,0.0,5.0,2,2023,12,9
0.4712498784065246,0.0,9.0,2,2023,12,9
0.2888118624687195,0.0,11.0,2,2023,12,9
0.5085406303405762,0.0,13.0,2,2023,12,9
1.141637086868286,0.0,25.0,2,2023,12,9
0.9179525375366212,0.0,29.0,2,2023,12,9
1.177337408065796,0.0,30.0,2,2023,12,9
0.4108160734176636,0.0,32.0,2,2023,12,9
0.7696194648742676,0.0,37.0,2,2023,12,9
0.8253765106201172,0.0,38.0,2,2023,12,9
0.5333430171012878,0.0,39.0,2,2023,12,9
0.4476767182350158,0.0,44.0,2,2023,12,9
0.2654794752597809,0.0,5.0,3,2023,12,9
0.1377830803394317,0.0,9.0,3,2023,12,9
0.0,0.0,11.0,3,2023,12,9
0.2188133597373962,0.0,13.0,3,2023,12,9
0.927191197872162,0.0,25.0,3,2023,12,9
0.5057170391082764,0.0,29.0,3,2023,12,9
1.4141054153442385,0.0,30.0,3,2023,12,9
0.7318342328071594,0.0,32.0,3,2023,12,9
0.5461668968200684,0.0,37.0,3,2023,12,9
0.6706688404083252,0.0,38.0,3,2023,12,9
0.5094476938247681,0.0,39.0,3,2023,12,9
1.0737122297286987,0.0,44.0,3,2023,12,9
4.427401065826416,0.0,5.0,4,2023,12,9
10.439813613891602,0.0,9.0,4,2023,12,9
4.835125923156738,1.999999761581421,11.0,4,2023,12,9
6.391418933868408,0.0,13.0,4,2023,12,9
5.511826038360596,0.2000000178813934,25.0,4,2023,12,9
4.570905685424805,0.0,29.0,4,2023,12,9
5.104751586914063,0.0,30.0,4,2023,12,9
4.431425094604492,0.0,32.0,4,2023,12,9
2.684872627258301,0.0,37.0,4,2023,12,9
3.186793565750122,0.0,38.0,4,2023,12,9
1.4496543407440186,0.0,39.0,4,2023,12,9
3.7797210216522217,0.0,44.0,4,2023,12,9
1.149724364280701,0.0,5.0,5,2023,12,9
3.372515916824341,0.0,9.0,5,2023,12,9
2.7300851345062256,0.0,11.0,5,2023,12,9
3.262786388397217,0.0,13.0,5,2023,12,9
1.06284499168396,0.0,25.0,5,2023,12,9
1.2244541645050049,0.0,29.0,5,2023,12,9
0.7843554019927979,0.0,30.0,5,2023,12,9
0.5357264876365662,0.0,32.0,5,2023,12,9
0.4012312293052673,0.0,37.0,5,2023,12,9
0.4674507081508636,0.0,38.0,5,2023,12,9
0.0686545073986053,0.0,39.0,5,2023,12,9
0.3693803250789642,0.0,44.0,5,2023,12,9
0.2261729538440704,0.0,5.0,6,2023,12,9
0.4191851019859314,0.0,9.0,6,2023,12,9
0.2441293001174926,0.0,11.0,6,2023,12,9
0.4365984201431274,0.0,13.0,6,2023,12,9
0.4496957063674927,0.0,25.0,6,2023,12,9
0.2545828223228454,0.0,29.0,6,2023,12,9
0.219534158706665,0.0,30.0,6,2023,12,9
0.0,0.0,32.0,6,2023,12,9
0.0,0.0,37.0,6,2023,12,9
0.0,0.0,38.0,6,2023,12,9
0.0,0.0,39.0,6,2023,12,9
0.0,0.0,44.0,6,2023,12,9
0.0,0.0,5.0,7,2023,12,9
0.1134472265839576,0.0,9.0,7,2023,12,9
0.0,0.0,11.0,7,2023,12,9
0.0989089459180831,0.0,13.0,7,2023,12,9
0.2428051233291626,0.0,25.0,7,2023,12,9
0.0030252791475504,0.0,29.0,7,2023,12,9
0.0,0.0,30.0,7,2023,12,9
0.0,0.0,32.0,7,2023,12,9
0.0,0.0,37.0,7,2023,12,9
0.0,0.0,38.0,7,2023,12,9
0.0,0.0,39.0,7,2023,12,9
0.010670349933207,0.0,44.0,7,2023,12,9
0.6881428956985474,0.0,5.0,1,2023,12,11
0.2401656359434127,0.0,9.0,1,2023,12,11
0.1849453598260879,0.0,11.0,1,2023,12,11
0.3418973088264465,0.0,13.0,1,2023,12,11
1.0179628133773804,0.0,25.0,1,2023,12,11
0.761615514755249,0.0,29.0,1,2023,12,11
1.4265292882919312,0.0,30.0,1,2023,12,11
1.066840648651123,0.0,32.0,1,2023,12,11
0.9176148772239684,0.0,37.0,1,2023,12,11
0.9174635410308838,0.0,38.0,1,2023,12,11
0.8363586664199829,0.0,39.0,1,2023,12,11
1.69354510307312,0.0,44.0,1,2023,12,11
5.083920955657959,0.0,5.0,2,2023,12,11
11.683924674987791,0.0,9.0,2,2023,12,11
7.007572174072266,1.999999761581421,11.0,2,2023,12,11
10.560026168823242,0.0,13.0,2,2023,12,11
5.100022792816162,0.2000000178813934,25.0,2,2023,12,11
4.152397155761719,0.0,29.0,2,2023,12,11
3.6930530071258554,0.0,30.0,2,2023,12,11
2.6025583744049072,0.0,32.0,2,2023,12,11
2.119048357009888,0.0,37.0,2,2023,12,11
2.35156774520874,0.0,38.0,2,2023,12,11
0.920087456703186,0.0,39.0,2,2023,12,11
1.7803741693496704,0.0,44.0,2,2023,12,11
0.585944414138794,0.0,5.0,3,2023,12,11
2.1426801681518555,0.0,9.0,3,2023,12,11
1.8793638944625852,0.0,11.0,3,2023,12,11
2.0925633907318115,0.0,13.0,3,2023,12,11
0.6985810995101929,0.0,25.0,3,2023,12,11
0.6358484625816345,0.0,29.0,3,2023,12,11
0.2970059514045715,0.0,30.0,3,2023,12,11
0.0181358996778726,0.0,32.0,3,2023,12,11
0.0,0.0,37.0,3,2023,12,11
0.2272163778543472,0.0,38.0,3,2023,12,11
0.0,0.0,39.0,3,2023,12,11
0.3812440037727356,0.0,44.0,3,2023,12,11
0.1322048306465149,0.0,5.0,4,2023,12,11
0.5449303388595581,0.0,9.0,4,2023,12,11
0.3443693518638611,0.0,11.0,4,2023,12,11
0.5288058519363403,0.0,13.0,4,2023,12,11
0.3435569405555725,0.0,25.0,4,2023,12,11
0.0961596146225929,0.0,29.0,4,2023,12,11
0.1202869936823844,0.0,30.0,4,2023,12,11
0.0,0.0,32.0,4,2023,12,11
0.0,0.0,37.0,4,2023,12,11
0.0,0.0,38.0,4,2023,12,11
0.0,0.0,39.0,4,2023,12,11
0.0,0.0,44.0,4,2023,12,11
0.2105397582054138,0.0,5.0,5,2023,12,11
0.4561581909656524,0.0,9.0,5,2023,12,11
0.2008120119571685,0.0,11.0,5,2023,12,11
0.4131902754306793,0.0,13.0,5,2023,12,11
0.6865681409835815,0.0,25.0,5,2023,12,11
0.3014383316040039,0.0,29.0,5,2023,12,11
0.5216991901397705,0.0,30.0,5,2023,12,11
0.156081810593605,0.0,32.0,5,2023,12,11
0.2389434576034546,0.0,37.0,5,2023,12,11
0.1590545624494552,0.0,38.0,5,2023,12,11
0.1348588764667511,0.0,39.0,5,2023,12,11
0.4660970270633697,0.0,44.0,5,2023,12,11
0.2531377375125885,0.0,5.0,6,2023,12,11
1.0960954427719116,0.0,9.0,6,2023,12,11
0.7026019096374512,0.0,11.0,6,2023,12,11
1.041256070137024,0.0,13.0,6,2023,12,11
0.4220631122589111,0.0,25.0,6,2023,12,11
0.0597352385520935,0.0,29.0,6,2023,12,11
0.1661697477102279,0.0,30.0,6,2023,12,11
0.9144274592399596,0.0,32.0,6,2023,12,11
0.2772391140460968,0.0,37.0,6,2023,12,11
0.0981380417943,0.0,38.0,6,2023,12,11
0.5992890000343323,0.0,39.0,6,2023,12,11
1.162704586982727,0.0,44.0,6,2023,12,11
0.0,0.0,5.0,7,2023,12,11
0.1210909932851791,0.0,9.0,7,2023,12,11
0.0,0.5999999046325684,11.0,7,2023,12,11
0.1083434000611305,0.0999999120831489,13.0,7,2023,12,11
0.1433716863393783,0.0,25.0,7,2023,12,11
0.0,0.0,29.0,7,2023,12,11
0.0,0.0,30.0,7,2023,12,11
0.0,0.0,32.0,7,2023,12,11
0.0,0.0,37.0,7,2023,12,11
0.0,0.0,38.0,7,2023,12,11
0.0,0.0,39.0,7,2023,12,11
0.0,0.0,44.0,7,2023,12,11
0.6602237224578857,0.0,5.0,1,2023,12,13
2.3186557292938232,0.0,9.0,1,2023,12,13
1.7171958684921265,0.0,11.0,1,2023,12,13
2.198843002319336,0.0,13.0,1,2023,12,13
0.8932594656944275,0.0,25.0,1,2023,12,13
0.7607183456420898,0.0,29.0,1,2023,12,13
0.6967692375183105,0.0,30.0,1,2023,12,13
0.1659809201955795,0.0,32.0,1,2023,12,13
0.2672228217124939,0.0,37.0,1,2023,12,13
0.3556577265262604,0.0,38.0,1,2023,12,13
0.0,0.0,39.0,1,2023,12,13
0.2971449196338653,0.0,44.0,1,2023,12,13
0.3360950946807861,0.0,5.0,2,2023,12,13
1.0182480812072754,0.0,9.0,2,2023,12,13
0.6676095724105835,0.0,11.0,2,2023,12,13
1.03272545337677,0.0,13.0,2,2023,12,13
0.4721172451972961,0.0,25.0,2,2023,12,13
0.2140101194381714,0.0,29.0,2,2023,12,13
0.0659106969833374,0.0,30.0,2,2023,12,13
0.0,0.0,32.0,2,2023,12,13
0.0,0.0,37.0,2,2023,12,13
0.0,0.0,38.0,2,2023,12,13
0.0,0.0,39.0,2,2023,12,13
0.0,0.0,44.0,2,2023,12,13
0.2468819618225097,0.0,5.0,3,2023,12,13
0.3722906112670898,0.0,9.0,3,2023,12,13
0.1964771002531051,0.0,11.0,3,2023,12,13
0.4291766583919525,0.0,13.0,3,2023,12,13
0.7703938484191895,0.0,25.0,3,2023,12,13
0.336349219083786,0.0,29.0,3,2023,12,13
0.7798887491226196,0.0,30.0,3,2023,12,13
0.5715662240982056,0.0,32.0,3,2023,12,13
0.1270112097263336,0.0,37.0,3,2023,12,13
0.4132515788078308,0.0,38.0,3,2023,12,13
0.4536551237106323,0.0,39.0,3,2023,12,13
1.4419435262680054,0.0,44.0,3,2023,12,13
0.1319333463907241,0.0,5.0,4,2023,12,13
1.0510947704315186,0.0,9.0,4,2023,12,13
0.8157281279563904,0.0,11.0,4,2023,12,13
1.1290265321731567,0.0,13.0,4,2023,12,13
0.4805223047733307,0.0,25.0,4,2023,12,13
0.0,0.0,29.0,4,2023,12,13
0.0674406662583351,0.0,30.0,4,2023,12,13
0.2368916571140289,0.0,32.0,4,2023,12,13
0.0881184265017509,0.0,37.0,4,2023,12,13
0.0,0.0,38.0,4,2023,12,13
0.0265190880745649,0.0,39.0,4,2023,12,13
0.5097187757492065,0.0,44.0,4,2023,12,13
0.0,0.0,5.0,5,2023,12,13
0.2209373563528061,0.0,9.0,5,2023,12,13
0.0,0.5999999046325684,11.0,5,2023,12,13
0.131360724568367,0.0999999120831489,13.0,5,2023,12,13
0.1527464240789413,0.0,25.0,5,2023,12,13
0.0,0.0,29.0,5,2023,12,13
0.0,0.0,30.0,5,2023,12,13
0.0,0.0,32.0,5,2023,12,13
0.0,0.0,37.0,5,2023,12,13
0.0,0.0,38.0,5,2023,12,13
0.0,0.0,39.0,5,2023,12,13
0.0,0.0,44.0,5,2023,12,13
0.0,0.0,5.0,6,2023,12,13
0.1431056708097458,0.0,9.0,6,2023,12,13
0.0832712799310684,0.0,11.0,6,2023,12,13
0.2084837853908538,0.0,13.0,6,2023,12,13
0.1671803593635559,0.0,25.0,6,2023,12,13
0.0,0.0,29.0,6,2023,12,13
0.0065937330946326,0.0,30.0,6,2023,12,13
0.0,0.0,32.0,6,2023,12,13
0.0,0.0,37.0,6,2023,12,13
0.0,0.0,38.0,6,2023,12,13
0.0,0.0,39.0,6,2023,12,13
0.1065161451697349,0.0,44.0,6,2023,12,13
0.2419490963220596,0.0,5.0,7,2023,12,13
0.8066601157188416,0.0,9.0,7,2023,12,13
0.7089841961860657,0.0,11.0,7,2023,12,13
1.033968448638916,0.0,13.0,7,2023,12,13
0.4793145656585693,0.0,25.0,7,2023,12,13
0.0564267858862876,0.0,29.0,7,2023,12,13
0.0253536254167556,0.0,30.0,7,2023,12,13
0.1748770326375961,0.3000000715255737,32.0,7,2023,12,13
0.0,0.0,37.0,7,2023,12,13
0.0,0.0,38.0,7,2023,12,13
0.0,0.0,39.0,7,2023,12,13
0.0996729210019111,0.5999999046325684,44.0,7,2023,12,13
0.616529643535614,0.0,5.0,1,2023,12,15
1.0151047706604004,0.0,9.0,1,2023,12,15
0.8231606483459473,0.0,11.0,1,2023,12,15
1.0827970504760742,0.0,13.0,1,2023,12,15
0.9905553460121156,0.0,25.0,1,2023,12,15
0.5045282244682312,0.0,29.0,1,2023,12,15
1.2636479139328003,0.0,30.0,1,2023,12,15
1.1147500276565552,0.0,32.0,1,2023,12,15
0.7635452747344971,0.0,37.0,1,2023,12,15
0.5756566524505615,0.0,38.0,1,2023,12,15
0.8021867275238037,0.0,39.0,1,2023,12,15
1.8222975730896,0.0,44.0,1,2023,12,15
0.1685457974672317,0.0,5.0,2,2023,12,15
0.7630870342254639,0.0,9.0,2,2023,12,15
0.5336536169052124,0.0,11.0,2,2023,12,15
0.7684634923934937,0.0,13.0,2,2023,12,15
0.2902118563652038,0.0,25.0,2,2023,12,15
0.0,0.0,29.0,2,2023,12,15
0.0,0.0,30.0,2,2023,12,15
0.0540739521384239,0.0,32.0,2,2023,12,15
0.0,0.0,37.0,2,2023,12,15
0.0,0.0,38.0,2,2023,12,15
0.0,0.0,39.0,2,2023,12,15
0.3378123939037323,0.0,44.0,2,2023,12,15
0.0,0.0,5.0,3,2023,12,15
0.0,0.0,9.0,3,2023,12,15
0.0,0.5999999046325684,11.0,3,2023,12,15
0.0,0.0999999120831489,13.0,3,2023,12,15
0.0,0.0,25.0,3,2023,12,15
0.0,0.0,29.0,3,2023,12,15
0.0,0.0,30.0,3,2023,12,15
0.0,0.0,32.0,3,2023,12,15
0.0,0.0,37.0,3,2023,12,15
0.0,0.0,38.0,3,2023,12,15
0.0,0.0,39.0,3,2023,12,15
0.0,0.0,44.0,3,2023,12,15
0.0008645761408843,0.0,5.0,4,2023,12,15
0.176908254623413,0.0,9.0,4,2023,12,15
0.0853493809700012,0.0,11.0,4,2023,12,15
0.2300870716571808,0.0,13.0,4,2023,12,15
0.1907716989517212,0.0,25.0,4,2023,12,15
0.0,0.0,29.0,4,2023,12,15
0.0257883165031671,0.0,30.0,4,2023,12,15
0.0,0.0,32.0,4,2023,12,15
0.0,0.0,37.0,4,2023,12,15
0.0,0.0,38.0,4,2023,12,15
0.0,0.0,39.0,4,2023,12,15
0.0480843596160411,0.0,44.0,4,2023,12,15
0.1050190776586532,0.0,5.0,5,2023,12,15
0.7362086772918701,0.0,9.0,5,2023,12,15
0.3588399589061737,0.0,11.0,5,2023,12,15
0.675765335559845,0.0,13.0,5,2023,12,15
0.3523860573768616,0.0,25.0,5,2023,12,15
0.0273442082107067,0.0,29.0,5,2023,12,15
0.1031012386083602,0.0,30.0,5,2023,12,15
0.0980375558137893,0.3000000715255737,32.0,5,2023,12,15
0.0,0.0,37.0,5,2023,12,15
0.0,0.0,38.0,5,2023,12,15
0.0,0.0,39.0,5,2023,12,15
0.3056201934814453,0.5999999046325684,44.0,5,2023,12,15
0.1221845149993896,0.0,5.0,6,2023,12,15
0.4155848920345306,0.0,9.0,6,2023,12,15
0.4673137068748474,0.0,11.0,6,2023,12,15
0.5454540848731995,0.5999999046325684,13.0,6,2023,12,15
0.2460858821868896,0.3000000715255737,25.0,6,2023,12,15
0.0558844655752182,0.0,29.0,6,2023,12,15
0.029488181695342,0.0,30.0,6,2023,12,15
0.0,0.0,32.0,6,2023,12,15
0.0,0.0,37.0,6,2023,12,15
0.0,0.0,38.0,6,2023,12,15
0.0,0.0,39.0,6,2023,12,15
0.0268877241760492,0.0999999120831489,44.0,6,2023,12,15
0.0186584871262311,0.0,5.0,7,2023,12,15
0.1783608198165893,0.0,9.0,7,2023,12,15
0.0143262101337313,0.0,11.0,7,2023,12,15
0.2170130312442779,0.0,13.0,7,2023,12,15
0.2491107583045959,0.0,25.0,7,2023,12,15
0.0,0.0,29.0,7,2023,12,15
0.0079017449170351,0.0,30.0,7,2023,12,15
0.0,0.0,32.0,7,2023,12,15
0.0256937574595212,0.0,37.0,7,2023,12,15
0.0009231377043761,0.0,38.0,7,2023,12,15
0.0,0.0,39.0,7,2023,12,15
0.1479946225881576,0.0,44.0,7,2023,12,15
0.0,0.0,5.0,1,2023,12,17
0.0139765692874789,0.0,9.0,1,2023,12,17
0.0,0.5999999046325684,11.0,1,2023,12,17
0.0398017987608909,0.0999999120831489,13.0,1,2023,12,17
0.0,0.0,25.0,1,2023,12,17
0.0,0.0,29.0,1,2023,12,17
0.0,0.0,30.0,1,2023,12,17
0.0,0.0,32.0,1,2023,12,17
0.0,0.0,37.0,1,2023,12,17
0.0,0.0,38.0,1,2023,12,17
0.0,0.0,39.0,1,2023,12,17
0.0,0.0,44.0,1,2023,12,17
0.0,0.0,5.0,2,2023,12,17
0.0480257123708725,0.0,9.0,2,2023,12,17
0.0206714887171983,0.0,11.0,2,2023,12,17
0.079462394118309,0.0,13.0,2,2023,12,17
0.0953824296593666,0.0,25.0,2,2023,12,17
0.0,0.0,29.0,2,2023,12,17
0.0032479362562298,0.0,30.0,2,2023,12,17
0.0,0.0,32.0,2,2023,12,17
0.0,0.0,37.0,2,2023,12,17
0.0,0.0,38.0,2,2023,12,17
0.0,0.0,39.0,2,2023,12,17
0.0679028257727623,0.0,44.0,2,2023,12,17
0.0,0.0,5.0,3,2023,12,17
0.1620148122310638,0.0,9.0,3,2023,12,17
0.026517691090703,0.0,11.0,3,2023,12,17
0.201318621635437,0.0,13.0,3,2023,12,17
0.1481242775917053,0.0,25.0,3,2023,12,17
0.0,0.0,29.0,3,2023,12,17
0.0,0.0,30.0,3,2023,12,17
0.0,0.3000000715255737,32.0,3,2023,12,17
0.0,0.0,37.0,3,2023,12,17
0.0,0.0,38.0,3,2023,12,17
0.0,0.0,39.0,3,2023,12,17
0.3289337456226349,0.5999999046325684,44.0,3,2023,12,17
0.0,0.0,5.0,4,2023,12,17
0.4494864046573639,0.0,9.0,4,2023,12,17
0.3888800144195556,0.0,11.0,4,2023,12,17
0.589684247970581,0.5999999046325684,13.0,4,2023,12,17
0.1356012821197509,0.3000000715255737,25.0,4,2023,12,17
0.0,0.0,29.0,4,2023,12,17
0.0,0.0,30.0,4,2023,12,17
0.0,0.0,32.0,4,2023,12,17
0.0,0.0,37.0,4,2023,12,17
0.0,0.0,38.0,4,2023,12,17
0.0,0.0,39.0,4,2023,12,17
0.0,0.0999999120831489,44.0,4,2023,12,17
0.0,0.0,5.0,5,2023,12,17
0.3657062351703644,0.0,9.0,5,2023,12,17
0.3142897188663482,0.0,11.0,5,2023,12,17
0.3784666359424591,0.0,13.0,5,2023,12,17
0.1877747625112533,0.0,25.0,5,2023,12,17
0.0,0.0,29.0,5,2023,12,17
0.0,0.0,30.0,5,2023,12,17
0.0,0.0,32.0,5,2023,12,17
0.0,0.0,37.0,5,2023,12,17
0.0,0.0,38.0,5,2023,12,17
0.0,0.0,39.0,5,2023,12,17
0.1030522659420967,0.0,44.0,5,2023,12,17
0.0,0.0,5.0,6,2023,12,17
0.1079509854316711,0.0,9.0,6,2023,12,17
0.0218072980642318,0.0,11.0,6,2023,12,17
0.1708856523036956,0.0,13.0,6,2023,12,17
0.207167774438858,0.0,25.0,6,2023,12,17
0.0,0.0,29.0,6,2023,12,17
0.0771852135658264,0.0,30.0,6,2023,12,17
0.0007229529437609,0.0,32.0,6,2023,12,17
0.0725182890892028,0.0,37.0,6,2023,12,17
0.0,0.0,38.0,6,2023,12,17
0.0,0.0,39.0,6,2023,12,17
0.2320659905672073,0.0,44.0,6,2023,12,17
0.0287787429988384,0.0,5.0,7,2023,12,17
0.100939892232418,0.0,9.0,7,2023,12,17
0.0125296087935566,0.0,11.0,7,2023,12,17
0.1940521746873855,0.0,13.0,7,2023,12,17
0.263463407754898,0.0,25.0,7,2023,12,17
0.0,0.0,29.0,7,2023,12,17
0.0256529338657856,0.0,30.0,7,2023,12,17
0.211412027478218,0.0,32.0,7,2023,12,17
0.0700127705931663,0.0,37.0,7,2023,12,17
0.0097383940592408,0.0,38.0,7,2023,12,17
0.0465784035623073,0.0,39.0,7,2023,12,17
0.2578989267349243,0.0,44.0,7,2023,12,17
0.0056046452373266,0.0,5.0,1,2023,12,19
0.5551531314849854,0.0,9.0,1,2023,12,19
0.4175114035606384,0.0,11.0,1,2023,12,19
0.5915507078170776,0.0,13.0,1,2023,12,19
0.2383304089307785,0.0,25.0,1,2023,12,19
0.0885014086961746,0.0,29.0,1,2023,12,19
0.0872923880815506,0.0,30.0,1,2023,12,19
0.1004048585891723,0.3000000715255737,32.0,1,2023,12,19
0.0,0.0,37.0,1,2023,12,19
0.0,0.0,38.0,1,2023,12,19
0.0,0.0,39.0,1,2023,12,19
0.3780395090579986,0.5999999046325684,44.0,1,2023,12,19
0.2728540897369385,0.0,5.0,2,2023,12,19
0.8679218292236328,0.0,9.0,2,2023,12,19
0.960074543952942,0.0,11.0,2,2023,12,19
1.2539474964141846,0.5999999046325684,13.0,2,2023,12,19
0.4030959606170654,0.3000000715255737,25.0,2,2023,12,19
0.0145962443202734,0.0,29.0,2,2023,12,19
0.0,0.0,30.0,2,2023,12,19
0.0,0.0,32.0,2,2023,12,19
0.0,0.0,37.0,2,2023,12,19
0.0,0.0,38.0,2,2023,12,19
0.0,0.0,39.0,2,2023,12,19
0.0,0.0999999120831489,44.0,2,2023,12,19
0.0346727892756462,0.0,5.0,3,2023,12,19
0.4284143447875976,0.0,9.0,3,2023,12,19
0.6416378021240234,0.0,11.0,3,2023,12,19
0.6127889156341553,0.0,13.0,3,2023,12,19
0.2122014313936233,0.0,25.0,3,2023,12,19
0.0747607424855232,0.0,29.0,3,2023,12,19
0.0148489139974117,0.0,30.0,3,2023,12,19
0.0,0.0,32.0,3,2023,12,19
0.0,0.0,37.0,3,2023,12,19
0.0,0.0,38.0,3,2023,12,19
0.0,0.0,39.0,3,2023,12,19
0.0792053788900375,0.0,44.0,3,2023,12,19
0.0624121911823749,0.0,5.0,4,2023,12,19
0.3557813167572021,0.0,9.0,4,2023,12,19
0.1063680425286293,0.0,11.0,4,2023,12,19
0.3596668839454651,0.0,13.0,4,2023,12,19
0.2388395816087722,0.0,25.0,4,2023,12,19
0.0,0.0,29.0,4,2023,12,19
0.0486754737794399,0.0,30.0,4,2023,12,19
0.0,0.0,32.0,4,2023,12,19
0.0126479286700487,0.0,37.0,4,2023,12,19
0.0,0.0,38.0,4,2023,12,19
0.0,0.0,39.0,4,2023,12,19
0.1673818826675415,0.0,44.0,4,2023,12,19
0.0,0.0,5.0,5,2023,12,19
0.1195349767804145,0.0,9.0,5,2023,12,19
0.0414350964128971,0.0,11.0,5,2023,12,19
0.1528866291046142,0.0,13.0,5,2023,12,19
0.2834376096725464,0.0,25.0,5,2023,12,19
0.0,0.0,29.0,5,2023,12,19
0.1018630713224411,0.0,30.0,5,2023,12,19
0.101756252348423,0.0,32.0,5,2023,12,19
0.0708755850791931,0.0,37.0,5,2023,12,19
0.0,0.0,38.0,5,2023,12,19
0.0249677561223506,0.0,39.0,5,2023,12,19
0.3152394294738769,0.0,44.0,5,2023,12,19
0.0,0.0,5.0,6,2023,12,19
0.0799036771059036,0.0,9.0,6,2023,12,19
0.0551421195268631,0.0,11.0,6,2023,12,19
0.2590742707252502,0.0,13.0,6,2023,12,19
0.2008428573608398,0.0,25.0,6,2023,12,19
0.0,0.0,29.0,6,2023,12,19
0.000674104434438,0.0,30.0,6,2023,12,19
0.0933561623096466,0.0,32.0,6,2023,12,19
0.0,0.0,37.0,6,2023,12,19
0.0,0.0,38.0,6,2023,12,19
0.0,0.0,39.0,6,2023,12,19
0.1474148333072662,0.0,44.0,6,2023,12,19
1.2084155082702637,0.0,5.0,7,2023,12,19
1.8339189291000368,0.0,9.0,7,2023,12,19
1.3111753463745115,0.0,11.0,7,2023,12,19
1.768085241317749,0.0,13.0,7,2023,12,19
1.929834485054016,0.0,25.0,7,2023,12,19
1.468425989151001,0.0,29.0,7,2023,12,19
1.2436139583587646,0.0,30.0,7,2023,12,19
2.1835567951202397,0.0,32.0,7,2023,12,19
1.6375863552093506,0.0,37.0,7,2023,12,19
1.1656051874160769,0.0,38.0,7,2023,12,19
1.560151219367981,0.0,39.0,7,2023,12,19
2.2167739868164062,0.0,44.0,7,2023,12,19
0.2015863358974456,0.0,5.0,1,2023,12,21
0.5476868748664856,0.0,9.0,1,2023,12,21
0.658225953578949,0.0,11.0,1,2023,12,21
0.7788891196250916,0.0,13.0,1,2023,12,21
0.3401508629322052,0.0,25.0,1,2023,12,21
0.0355865433812141,0.0,29.0,1,2023,12,21
0.1615301072597503,0.0,30.0,1,2023,12,21
0.0355402193963527,0.0,32.0,1,2023,12,21
0.1611479073762893,0.0,37.0,1,2023,12,21
0.0437891893088817,0.0,38.0,1,2023,12,21
0.0834358260035514,0.0,39.0,1,2023,12,21
0.1718194484710693,0.0,44.0,1,2023,12,21
0.0,0.0,5.0,2,2023,12,21
0.1299949288368225,0.0,9.0,2,2023,12,21
0.0415203012526035,0.0,11.0,2,2023,12,21
0.117016889154911,0.0,13.0,2,2023,12,21
0.1066467687487602,0.0,25.0,2,2023,12,21
0.0,0.0,29.0,2,2023,12,21
0.0,0.0,30.0,2,2023,12,21
0.0,0.0,32.0,2,2023,12,21
0.0,0.0,37.0,2,2023,12,21
0.0,0.0,38.0,2,2023,12,21
0.0,0.0,39.0,2,2023,12,21
0.0490554571151733,0.0,44.0,2,2023,12,21
0.0,0.0,5.0,3,2023,12,21
0.0060908538289368,0.0,9.0,3,2023,12,21
0.0,0.0,11.0,3,2023,12,21
0.0805000513792038,0.0,13.0,3,2023,12,21
0.1700980812311172,0.0,25.0,3,2023,12,21
0.0,0.0,29.0,3,2023,12,21
0.0322054699063301,0.0,30.0,3,2023,12,21
0.0,0.0,32.0,3,2023,12,21
0.0080839907750487,0.0,37.0,3,2023,12,21
0.0,0.0,38.0,3,2023,12,21
0.0,0.0,39.0,3,2023,12,21
0.1145628616213798,0.0,44.0,3,2023,12,21
0.0,0.0,5.0,4,2023,12,21
0.0733513608574867,0.0,9.0,4,2023,12,21
0.0,0.0,11.0,4,2023,12,21
0.1719450205564499,0.0,13.0,4,2023,12,21
0.1735221743583679,0.0,25.0,4,2023,12,21
0.0,0.0,29.0,4,2023,12,21
0.0,0.0,30.0,4,2023,12,21
0.0,0.0,32.0,4,2023,12,21
0.0,0.0,37.0,4,2023,12,21
0.0,0.0,38.0,4,2023,12,21
0.0,0.0,39.0,4,2023,12,21
0.0790860801935195,0.0,44.0,4,2023,12,21
0.0,0.0,5.0,5,2023,12,21
0.1025426387786865,0.0,9.0,5,2023,12,21
0.0079087745398283,0.0,11.0,5,2023,12,21
0.1119602546095848,0.0,13.0,5,2023,12,21
0.2294967919588089,0.0,25.0,5,2023,12,21
0.0,0.0,29.0,5,2023,12,21
0.067222274839878,0.0,30.0,5,2023,12,21
0.0,0.0,32.0,5,2023,12,21
0.0,0.0,37.0,5,2023,12,21
0.0,0.0,38.0,5,2023,12,21
0.0,0.0,39.0,5,2023,12,21
0.1367182433605194,0.0,44.0,5,2023,12,21
0.0,0.0,5.0,6,2023,12,21
0.019530352205038,0.0,9.0,6,2023,12,21
0.0,0.0,11.0,6,2023,12,21
0.118708498775959,0.0,13.0,6,2023,12,21
0.2063933461904525,0.0,25.0,6,2023,12,21
0.0,0.0,29.0,6,2023,12,21
0.0514071024954319,0.0,30.0,6,2023,12,21
0.0,0.0,32.0,6,2023,12,21
0.0334003381431102,0.0,37.0,6,2023,12,21
0.0,0.0,38.0,6,2023,12,21
0.0,0.0,39.0,6,2023,12,21
0.2007572799921035,0.0,44.0,6,2023,12,21
0.0102839916944503,0.0,5.0,7,2023,12,21
0.0522182248532772,0.0,9.0,7,2023,12,21
0.0,0.0,11.0,7,2023,12,21
0.1132343858480453,0.0,13.0,7,2023,12,21
0.2084206938743591,0.0,25.0,7,2023,12,21
0.0,0.0,29.0,7,2023,12,21
0.0,0.0,30.0,7,2023,12,21
0.1397210955619812,0.0,32.0,7,2023,12,21
0.0180318318307399,0.0,37.0,7,2023,12,21
0.0,0.0,38.0,7,2023,12,21
0.0,0.0,39.0,7,2023,12,21
0.1605806350708007,0.0,44.0,7,2023,12,21
0.0,0.0,5.0,1,2023,12,23
0.0113788256421685,0.0,9.0,1,2023,12,23
0.0,0.0,11.0,1,2023,12,23
0.0497401282191276,0.0,13.0,1,2023,12,23
0.071585439145565,0.0,25.0,1,2023,12,23
0.0,0.0,29.0,1,2023,12,23
0.0,0.0,30.0,1,2023,12,23
0.0,0.0,32.0,1,2023,12,23
0.0,0.0,37.0,1,2023,12,23
0.0,0.0,38.0,1,2023,12,23
0.0,0.0,39.0,1,2023,12,23
0.0369429849088192,0.0,44.0,1,2023,12,23
0.0,0.0,5.0,2,2023,12,23
0.0,0.0,9.0,2,2023,12,23
0.0,0.0,11.0,2,2023,12,23
0.0,0.0,13.0,2,2023,12,23
0.0592524744570255,0.0,25.0,2,2023,12,23
0.0,0.0,29.0,2,2023,12,23
0.0,0.0,30.0,2,2023,12,23
0.0,0.0,32.0,2,2023,12,23
0.0,0.0,37.0,2,2023,12,23
0.0,0.0,38.0,2,2023,12,23
0.0,0.0,39.0,2,2023,12,23
0.0221017468720674,0.0,44.0,2,2023,12,23
0.0,0.0,5.0,3,2023,12,23
0.0,0.0,9.0,3,2023,12,23
0.0,0.0,11.0,3,2023,12,23
0.0302094984799623,0.0,13.0,3,2023,12,23
0.1052053496241569,0.0,25.0,3,2023,12,23
0.0,0.0,29.0,3,2023,12,23
0.0,0.0,30.0,3,2023,12,23
0.0,0.0,32.0,3,2023,12,23
0.0,0.0,37.0,3,2023,12,23
0.0,0.0,38.0,3,2023,12,23
0.0,0.0,39.0,3,2023,12,23
0.0155857112258672,0.0,44.0,3,2023,12,23
0.0,0.0,5.0,4,2023,12,23
0.0473856218159198,0.0,9.0,4,2023,12,23
0.0,0.0,11.0,4,2023,12,23
0.0948346406221389,0.0,13.0,4,2023,12,23
0.1465338617563247,0.0,25.0,4,2023,12,23
0.0,0.0,29.0,4,2023,12,23
0.0,0.0,30.0,4,2023,12,23
0.0,0.0,32.0,4,2023,12,23
0.0,0.0,37.0,4,2023,12,23
0.0,0.0,38.0,4,2023,12,23
0.0,0.0,39.0,4,2023,12,23
0.039734948426485,0.0,44.0,4,2023,12,23
0.0,0.0,5.0,5,2023,12,23
0.0532732233405113,0.0,9.0,5,2023,12,23
0.0,0.0,11.0,5,2023,12,23
0.0606133975088596,0.0,13.0,5,2023,12,23
0.1936401724815368,0.0,25.0,5,2023,12,23
0.0,0.0,29.0,5,2023,12,23
0.0085516711696982,0.0,30.0,5,2023,12,23
0.0,0.0,32.0,5,2023,12,23
0.0,0.0,37.0,5,2023,12,23
0.0,0.0,38.0,5,2023,12,23
0.0,0.0,39.0,5,2023,12,23
0.0880588367581367,0.0,44.0,5,2023,12,23
0.0,0.0,5.0,6,2023,12,23
0.0510053522884845,0.0,9.0,6,2023,12,23
0.0,0.0,11.0,6,2023,12,23
0.1069379895925521,0.0,13.0,6,2023,12,23
0.2011267840862274,0.0,25.0,6,2023,12,23
0.0,0.0,29.0,6,2023,12,23
0.0079307174310088,0.0,30.0,6,2023,12,23
0.1171259507536888,0.0,32.0,6,2023,12,23
0.0,0.0,37.0,6,2023,12,23
0.0,0.0,38.0,6,2023,12,23
0.0254866983741521,0.0,39.0,6,2023,12,23
0.2510998547077179,0.0,44.0,6,2023,12,23
0.0,0.0,5.0,7,2023,12,23
0.024026796221733,0.0,9.0,7,2023,12,23
0.0,0.0,11.0,7,2023,12,23
0.0951749011874198,0.0,13.0,7,2023,12,23
0.0975113958120346,0.0,25.0,7,2023,12,23
0.0,0.0,29.0,7,2023,12,23
0.0,0.0,30.0,7,2023,12,23
0.0960188582539558,0.0,32.0,7,2023,12,23
0.0,0.0,37.0,7,2023,12,23
0.0,0.0,38.0,7,2023,12,23
0.0,0.0,39.0,7,2023,12,23
0.2012320011854171,0.0,44.0,7,2023,12,23
0.0,0.0,5.0,1,2023,12,25
0.0,0.0,9.0,1,2023,12,25
0.0,0.0,11.0,1,2023,12,25
0.0094550605863332,0.0,13.0,1,2023,12,25
0.0232741292566061,0.0,25.0,1,2023,12,25
0.0,0.0,29.0,1,2023,12,25
0.0,0.0,30.0,1,2023,12,25
0.0,0.0,32.0,1,2023,12,25
0.0,0.0,37.0,1,2023,12,25
0.0,0.0,38.0,1,2023,12,25
0.0,0.0,39.0,1,2023,12,25
0.0,0.0,44.0,1,2023,12,25
0.0,0.0,5.0,2,2023,12,25
0.0,0.0,9.0,2,2023,12,25
0.0,0.0,11.0,2,2023,12,25
0.0,0.0,13.0,2,2023,12,25
0.0188671126961708,0.0,25.0,2,2023,12,25
0.0,0.0,29.0,2,2023,12,25
0.0,0.0,30.0,2,2023,12,25
0.0,0.0,32.0,2,2023,12,25
0.0,0.0,37.0,2,2023,12,25
0.0,0.0,38.0,2,2023,12,25
0.0,0.0,39.0,2,2023,12,25
0.0,0.0,44.0,2,2023,12,25
0.0,0.0,5.0,3,2023,12,25
0.0,0.0,9.0,3,2023,12,25
0.0,0.0,11.0,3,2023,12,25
0.0187775250524282,0.0,13.0,3,2023,12,25
0.1093667447566986,0.0,25.0,3,2023,12,25
0.0,0.0,29.0,3,2023,12,25
0.0,0.0,30.0,3,2023,12,25
0.0,0.0,32.0,3,2023,12,25
0.0,0.0,37.0,3,2023,12,25
0.0,0.0,38.0,3,2023,12,25
0.0,0.0,39.0,3,2023,12,25
0.0,0.0,44.0,3,2023,12,25
0.0,0.0,5.0,4,2023,12,25
0.0326736271381378,0.0,9.0,4,2023,12,25
0.0,0.0,11.0,4,2023,12,25
0.0518521219491958,0.0,13.0,4,2023,12,25
0.1211718544363975,0.0,25.0,4,2023,12,25
0.0,0.0,29.0,4,2023,12,25
0.0,0.0,30.0,4,2023,12,25
0.0,0.0,32.0,4,2023,12,25
0.0,0.0,37.0,4,2023,12,25
0.0,0.0,38.0,4,2023,12,25
0.0,0.0,39.0,4,2023,12,25
0.0509436801075935,0.0,44.0,4,2023,12,25
0.0,0.0,5.0,5,2023,12,25
0.0,0.0,9.0,5,2023,12,25
0.0,0.0,11.0,5,2023,12,25
0.0144028132781386,0.0,13.0,5,2023,12,25
0.2322007417678833,0.0,25.0,5,2023,12,25
0.0,0.0,29.0,5,2023,12,25
0.0010765376500785,0.0,30.0,5,2023,12,25
0.0607959702610969,0.0,32.0,5,2023,12,25
0.0,0.0,37.0,5,2023,12,25
0.0,0.0,38.0,5,2023,12,25
0.0,0.0,39.0,5,2023,12,25
0.151500716805458,0.0,44.0,5,2023,12,25
0.0551625788211822,0.0,5.0,6,2023,12,25
0.1148288547992706,0.0,9.0,6,2023,12,25
0.0024312562309205,0.0,11.0,6,2023,12,25
0.1913107633590698,0.0,13.0,6,2023,12,25
0.3074818253517151,0.0,25.0,6,2023,12,25
0.0,0.0,29.0,6,2023,12,25
0.0980149582028389,0.0,30.0,6,2023,12,25
0.0809562802314758,0.0,32.0,6,2023,12,25
0.0099403820931911,0.0,37.0,6,2023,12,25
0.0154521949589252,0.0,38.0,6,2023,12,25
0.0287022795528173,0.0,39.0,6,2023,12,25
0.2128867506980896,0.0,44.0,6,2023,12,25
0.1702543199062347,0.0,5.0,7,2023,12,25
0.4004523158073425,0.0,9.0,7,2023,12,25
0.1981938481330871,0.0,11.0,7,2023,12,25
0.4229121208190918,0.0,13.0,7,2023,12,25
0.4138497710227966,0.0,25.0,7,2023,12,25
0.1021532118320465,0.0,29.0,7,2023,12,25
0.1484097987413406,0.0,30.0,7,2023,12,25
0.2023995965719223,0.0,32.0,7,2023,12,25
0.0802172571420669,0.0,37.0,7,2023,12,25
0.0865617841482162,0.0,38.0,7,2023,12,25
0.1363639086484909,0.0,39.0,7,2023,12,25
0.3347046077251434,0.0,44.0,7,2023,12,25
0.0,0.0,5.0,1,2023,12,27
0.028872886672616,0.0,9.0,1,2023,12,27
0.0430973954498767,0.0,11.0,1,2023,12,27
0.0975341722369194,0.0,13.0,1,2023,12,27
0.0659349933266639,0.0,25.0,1,2023,12,27
0.0,0.0,29.0,1,2023,12,27
0.0,0.0,30.0,1,2023,12,27
0.0,0.0,32.0,1,2023,12,27
0.0,0.0,37.0,1,2023,12,27
0.0,0.0,38.0,1,2023,12,27
0.0,0.0,39.0,1,2023,12,27
0.0,0.0,44.0,1,2023,12,27
0.0,0.0,5.0,2,2023,12,27
0.0004729485081043,0.0,9.0,2,2023,12,27
0.0,0.0,11.0,2,2023,12,27
0.0109431920573115,0.0,13.0,2,2023,12,27
0.0603760257363319,0.0,25.0,2,2023,12,27
0.0,0.0,29.0,2,2023,12,27
0.0,0.0,30.0,2,2023,12,27
0.0,0.0,32.0,2,2023,12,27
0.0,0.0,37.0,2,2023,12,27
0.0,0.0,38.0,2,2023,12,27
0.0,0.0,39.0,2,2023,12,27
0.0,0.0,44.0,2,2023,12,27
0.0473371669650077,0.0,5.0,3,2023,12,27
0.3137059509754181,0.0,9.0,3,2023,12,27
0.1761710494756698,0.0,11.0,3,2023,12,27
0.328559011220932,0.0,13.0,3,2023,12,27
0.2308695912361145,0.0,25.0,3,2023,12,27
0.0,0.0,29.0,3,2023,12,27
0.0,0.0,30.0,3,2023,12,27
0.0,0.0,32.0,3,2023,12,27
0.0,0.0,37.0,3,2023,12,27
0.0,0.0,38.0,3,2023,12,27
0.0,0.0,39.0,3,2023,12,27
0.0,0.0,44.0,3,2023,12,27
0.1888030767440796,0.0,5.0,4,2023,12,27
0.4432764053344726,0.0,9.0,4,2023,12,27
0.2389679104089737,0.0,11.0,4,2023,12,27
0.445668876171112,0.0,13.0,4,2023,12,27
0.3948606848716736,0.0,25.0,4,2023,12,27
0.0854309871792793,0.0,29.0,4,2023,12,27
0.0827300995588302,0.0,30.0,4,2023,12,27
0.0,0.0,32.0,4,2023,12,27
0.0,0.0,37.0,4,2023,12,27
0.0197787024080753,0.0,38.0,4,2023,12,27
0.0,0.0,39.0,4,2023,12,27
0.1382224410772323,0.0,44.0,4,2023,12,27
0.0429301038384437,0.0,5.0,5,2023,12,27
0.2715436816215515,0.0,9.0,5,2023,12,27
0.0700260624289512,0.0,11.0,5,2023,12,27
0.2382587939500808,0.0,13.0,5,2023,12,27
0.3079773485660553,0.0,25.0,5,2023,12,27
0.0,0.0,29.0,5,2023,12,27
0.0680942833423614,0.0,30.0,5,2023,12,27
0.0148901687934994,0.0,32.0,5,2023,12,27
0.0,0.0,37.0,5,2023,12,27
0.0,0.0,38.0,5,2023,12,27
0.0,0.0,39.0,5,2023,12,27
0.0804671570658683,0.0,44.0,5,2023,12,27
0.0194993130862712,0.0,5.0,6,2023,12,27
0.1892237365245819,0.0,9.0,6,2023,12,27
0.0661766976118087,0.0,11.0,6,2023,12,27
0.2259458601474762,0.0,13.0,6,2023,12,27
0.2379732429981231,0.0,25.0,6,2023,12,27
0.0,0.0,29.0,6,2023,12,27
0.2060905247926712,0.0,30.0,6,2023,12,27
0.0192179214209318,0.0,32.0,6,2023,12,27
0.0,0.0,37.0,6,2023,12,27
0.0,0.0,38.0,6,2023,12,27
0.0,0.0,39.0,6,2023,12,27
0.0219654608517885,0.0,44.0,6,2023,12,27
0.0888784155249595,0.0,5.0,7,2023,12,27
0.2008577585220337,0.0,9.0,7,2023,12,27
0.0331374295055866,0.0,11.0,7,2023,12,27
0.227525532245636,0.0,13.0,7,2023,12,27
0.3721076548099518,0.0,25.0,7,2023,12,27
0.0744068920612335,0.0,29.0,7,2023,12,27
0.2007558345794677,0.0,30.0,7,2023,12,27
0.0844291672110557,0.0,32.0,7,2023,12,27
0.0672745555639267,0.0,37.0,7,2023,12,27
0.0780281424522399,0.0,38.0,7,2023,12,27
0.0250111669301986,0.0,39.0,7,2023,12,27
0.2814716398715973,0.0,44.0,7,2023,12,27
0.0187009368091821,0.0,5.0,1,2023,12,29
0.0383948124945163,0.0,9.0,1,2023,12,29
0.1178339496254921,0.0,11.0,1,2023,12,29
0.1308620572090149,0.0,13.0,1,2023,12,29
0.096698373556137,0.0,25.0,1,2023,12,29
0.0453538931906223,0.0,29.0,1,2023,12,29
0.0,0.0,30.0,1,2023,12,29
0.0,0.0,32.0,1,2023,12,29
0.0,0.0,37.0,1,2023,12,29
0.0,0.0,38.0,1,2023,12,29
0.0,0.0,39.0,1,2023,12,29
0.0067012570798397,0.0,44.0,1,2023,12,29
0.2031771838665008,0.0,5.0,2,2023,12,29
0.4631702005863189,0.0,9.0,2,2023,12,29
0.2930690944194793,0.0,11.0,2,2023,12,29
0.4330503046512604,0.0,13.0,2,2023,12,29
0.360605239868164,0.0,25.0,2,2023,12,29
0.1589554101228714,0.0,29.0,2,2023,12,29
0.0700879320502281,0.0,30.0,2,2023,12,29
0.1193586662411689,0.0,32.0,2,2023,12,29
0.0343530774116516,0.0,37.0,2,2023,12,29
0.0483377017080783,0.0,38.0,2,2023,12,29
0.1089677438139915,0.0,39.0,2,2023,12,29
0.3348369598388672,0.0,44.0,2,2023,12,29
0.0763976871967315,0.0,5.0,3,2023,12,29
0.3538122773170471,0.0,9.0,3,2023,12,29
0.1730488240718841,0.0,11.0,3,2023,12,29
0.3375382423400879,0.0,13.0,3,2023,12,29
0.2733042538166046,0.0,25.0,3,2023,12,29
0.0571678802371025,0.0,29.0,3,2023,12,29
0.1433090567588806,0.0,30.0,3,2023,12,29
0.0793856531381607,0.0,32.0,3,2023,12,29
0.0,0.0,37.0,3,2023,12,29
0.0014155991375446,0.0,38.0,3,2023,12,29
0.0009275640477426,0.0,39.0,3,2023,12,29
0.1677526384592056,0.0,44.0,3,2023,12,29
0.1136756390333175,0.0,5.0,4,2023,12,29
0.3357238471508026,0.0,9.0,4,2023,12,29
0.1982947289943695,0.0,11.0,4,2023,12,29
0.3247030675411224,0.0,13.0,4,2023,12,29
0.2909796833992004,0.0,25.0,4,2023,12,29
0.0899968668818473,0.0,29.0,4,2023,12,29
0.2225253582000732,0.0,30.0,4,2023,12,29
0.0500274486839771,0.0,32.0,4,2023,12,29
0.038585927337408,0.0,37.0,4,2023,12,29
0.0416513979434967,0.0,38.0,4,2023,12,29
0.0,0.0,39.0,4,2023,12,29
0.0304648298770189,0.0,44.0,4,2023,12,29
0.5034133791923523,0.0,5.0,5,2023,12,29
0.9559116959571838,0.0,9.0,5,2023,12,29
0.3652240633964538,0.0,11.0,5,2023,12,29
0.7046879529953003,0.0,13.0,5,2023,12,29
1.1676714420318604,0.0,25.0,5,2023,12,29
0.6236604452133179,0.0,29.0,5,2023,12,29
1.3736070394515991,0.0,30.0,5,2023,12,29
1.0590883493423462,0.0,32.0,5,2023,12,29
0.9907178282737732,0.0,37.0,5,2023,12,29
0.7752007246017456,0.0,38.0,5,2023,12,29
0.7039687037467957,0.0,39.0,5,2023,12,29
1.6638896465301514,0.0,44.0,5,2023,12,29
0.4636272192001343,0.0,5.0,6,2023,12,29
1.3469352722167969,1.999999761581421,9.0,6,2023,12,29
1.2860937118530271,0.0,11.0,6,2023,12,29
1.5529578924179075,0.9999998807907104,13.0,6,2023,12,29
0.7149600982666016,0.0,25.0,6,2023,12,29
1.008241057395935,0.0,29.0,6,2023,12,29
0.6978148818016052,0.0,30.0,6,2023,12,29
1.3055047988891602,0.0,32.0,6,2023,12,29
0.7588824033737183,0.0,37.0,6,2023,12,29
0.4708765745162964,0.0,38.0,6,2023,12,29
0.8943263292312622,0.0,39.0,6,2023,12,29
1.465343713760376,0.0,44.0,6,2023,12,29
0.3065367937088012,0.0,5.0,7,2023,12,29
0.6183483600616455,11.0,9.0,7,2023,12,29
0.6153923273086548,5.999999523162842,11.0,7,2023,12,29
0.7699539661407471,12.399999618530272,13.0,7,2023,12,29
0.3666844964027405,0.0,25.0,7,2023,12,29
0.4076935648918152,0.0,29.0,7,2023,12,29
0.0,0.0,30.0,7,2023,12,29
0.016802329570055,0.0,32.0,7,2023,12,29
0.0,0.0,37.0,7,2023,12,29
0.0108993463218212,0.0,38.0,7,2023,12,29
0.0,0.0,39.0,7,2023,12,29
0.0,0.0,44.0,7,2023,12,29
0.200739100575447,0.0,5.0,1,2023,12,31
0.4366917908191681,0.0,9.0,1,2023,12,31
0.2486878335475921,0.0,11.0,1,2023,12,31
0.4427303373813629,0.0,13.0,1,2023,12,31
0.3849467635154724,0.0,25.0,1,2023,12,31
0.1365995407104492,0.0,29.0,1,2023,12,31
0.2999392747879028,0.0,30.0,1,2023,12,31
0.0373132489621639,0.0,32.0,1,2023,12,31
0.0550934858620166,0.0,37.0,1,2023,12,31
0.0810917913913726,0.0,38.0,1,2023,12,31
0.0,0.0,39.0,1,2023,12,31
0.1803289949893951,0.0,44.0,1,2023,12,31
0.229997307062149,0.0,5.0,2,2023,12,31
0.637071967124939,0.0,9.0,2,2023,12,31
0.3318769633769989,0.0,11.0,2,2023,12,31
0.5705157518386841,0.0,13.0,2,2023,12,31
0.4168244302272796,0.0,25.0,2,2023,12,31
0.126892939209938,0.0,29.0,2,2023,12,31
0.3481195271015167,0.0,30.0,2,2023,12,31
0.0909637510776519,0.0,32.0,2,2023,12,31
0.1292725056409835,0.0,37.0,2,2023,12,31
0.0851799324154853,0.0,38.0,2,2023,12,31
0.0,0.0,39.0,2,2023,12,31
0.3049120306968689,0.0,44.0,2,2023,12,31
0.4499428272247314,0.0,5.0,3,2023,12,31
1.122370362281799,0.0,9.0,3,2023,12,31
0.3833754956722259,0.0,11.0,3,2023,12,31
0.7608039379119873,0.0,13.0,3,2023,12,31
0.8536070585250854,0.0,25.0,3,2023,12,31
0.3704062402248382,0.0,29.0,3,2023,12,31
1.0164220333099363,0.0,30.0,3,2023,12,31
0.6922259330749512,0.0,32.0,3,2023,12,31
0.1825381815433502,0.0,37.0,3,2023,12,31
0.619848906993866,0.0,38.0,3,2023,12,31
0.2533837258815765,0.0,39.0,3,2023,12,31
1.6514025926589966,0.0,44.0,3,2023,12,31
1.0655287504196167,0.0,5.0,4,2023,12,31
2.878948926925659,1.999999761581421,9.0,4,2023,12,31
2.8453731536865234,0.0,11.0,4,2023,12,31
3.271678924560547,0.9999998807907104,13.0,4,2023,12,31
1.871122360229492,0.0,25.0,4,2023,12,31
1.8551265001297,0.0,29.0,4,2023,12,31
0.9926944971084596,0.0,30.0,4,2023,12,31
1.5235215425491333,0.0,32.0,4,2023,12,31
0.9454782009124756,0.0,37.0,4,2023,12,31
0.7127070426940918,0.0,38.0,4,2023,12,31
1.0249426364898682,0.0,39.0,4,2023,12,31
1.5857268571853638,0.0,44.0,4,2023,12,31
0.6329423785209656,0.0,5.0,5,2023,12,31
0.7030038833618164,11.0,9.0,5,2023,12,31
0.5674951076507568,5.999999523162842,11.0,5,2023,12,31
1.1458903551101685,12.399999618530272,13.0,5,2023,12,31
0.5998575687408447,0.0,25.0,5,2023,12,31
0.5587912201881409,0.0,29.0,5,2023,12,31
0.22673200070858,0.0,30.0,5,2023,12,31
0.0830947905778884,0.0,32.0,5,2023,12,31
0.0445013381540775,0.0,37.0,5,2023,12,31
0.140688419342041,0.0,38.0,5,2023,12,31
0.0,0.0,39.0,5,2023,12,31
0.0,0.0,44.0,5,2023,12,31
0.4548233449459076,0.0,5.0,6,2023,12,31
0.3904870748519897,0.0,9.0,6,2023,12,31
0.3132196068763733,0.2000000178813934,11.0,6,2023,12,31
0.4448670148849487,0.0,13.0,6,2023,12,31
0.6760318279266357,0.0,25.0,6,2023,12,31
0.5581730604171753,0.0,29.0,6,2023,12,31
0.388161152601242,0.0,30.0,6,2023,12,31
0.1584591716527938,0.0,32.0,6,2023,12,31
0.1990372538566589,0.0,37.0,6,2023,12,31
0.3138223588466644,0.0,38.0,6,2023,12,31
0.0732370764017105,0.0,39.0,6,2023,12,31
0.2269788533449173,0.0,44.0,6,2023,12,31
0.6604640483856201,0.0,5.0,7,2023,12,31
1.3027949333190918,0.0,9.0,7,2023,12,31
0.3833270370960235,1.1000001430511477,11.0,7,2023,12,31
0.8732757568359375,0.0,13.0,7,2023,12,31
1.0643043518066406,0.0,25.0,7,2023,12,31
0.5588736534118652,0.0,29.0,7,2023,12,31
1.0356528759002686,0.0,30.0,7,2023,12,31
0.6882627010345459,0.0,32.0,7,2023,12,31
0.425477385520935,0.0,37.0,7,2023,12,31
0.8984058499336243,0.0,38.0,7,2023,12,31
0.4652833342552185,0.0,39.0,7,2023,12,31
2.113266706466675,0.0,44.0,7,2023,12,31
