Prediction,Groundtruth,station,lead_time,year,month,day
0.0,1.1999998092651367,5.0,7,2020,6,3
3.910760164260864,40.49999237060547,9.0,7,2020,6,3
3.341632843017578,33.19999694824219,11.0,7,2020,6,3
6.775156497955322,35.09999465942383,13.0,7,2020,6,3
1.889044523239136,14.19999885559082,25.0,7,2020,6,3
1.316084861755371,0.0,29.0,7,2020,6,3
0.1219815835356712,0.0,30.0,7,2020,6,3
0.0,8.199999809265137,32.0,7,2020,6,3
0.0,0.0,37.0,7,2020,6,3
0.1345765739679336,0.0,38.0,7,2020,6,3
0.0,6.59999942779541,39.0,7,2020,6,3
0.4358002543449402,0.0,44.0,7,2020,6,3
0.0,15.699995994567873,5.0,8,2020,6,3
5.55828857421875,0.0,9.0,8,2020,6,3
2.513556480407715,8.90000057220459,11.0,8,2020,6,3
6.00072717666626,16.0,13.0,8,2020,6,3
4.130702018737793,21.599994659423828,25.0,8,2020,6,3
2.5121138095855717,1.1999998092651367,29.0,8,2020,6,3
0.0,0.0999999865889549,30.0,8,2020,6,3
0.0,0.0,32.0,8,2020,6,3
0.0,2.5999996662139893,37.0,8,2020,6,3
0.0,0.0,38.0,8,2020,6,3
0.0,3.799999952316284,39.0,8,2020,6,3
0.7553291916847229,0.0,44.0,8,2020,6,3
0.0,0.0,5.0,9,2020,6,3
4.686800956726074,0.0,9.0,9,2020,6,3
1.265717387199402,0.0,11.0,9,2020,6,3
4.413723945617676,0.0,13.0,9,2020,6,3
2.245066404342652,0.0,25.0,9,2020,6,3
0.3598994016647339,0.0,29.0,9,2020,6,3
0.0,0.0,30.0,9,2020,6,3
0.0,0.0,32.0,9,2020,6,3
0.0,0.0,37.0,9,2020,6,3
0.0,0.0,38.0,9,2020,6,3
0.0,0.0,39.0,9,2020,6,3
0.0856444463133812,4.800000190734863,44.0,9,2020,6,3
0.0,0.0,5.0,10,2020,6,3
4.993705749511719,0.0,9.0,10,2020,6,3
3.150385856628418,0.0,11.0,10,2020,6,3
4.961033821105957,0.0,13.0,10,2020,6,3
1.6861295700073242,0.0,25.0,10,2020,6,3
0.3936325013637543,0.0,29.0,10,2020,6,3
0.0,0.0,30.0,10,2020,6,3
0.0,0.0,32.0,10,2020,6,3
0.0,0.0,37.0,10,2020,6,3
0.0,0.0,38.0,10,2020,6,3
0.0,0.0,39.0,10,2020,6,3
0.0,0.0,44.0,10,2020,6,3
0.0,39.100006103515625,5.0,11,2020,6,3
3.550146102905273,21.199996948242188,9.0,11,2020,6,3
2.054112911224365,71.89997100830078,11.0,11,2020,6,3
3.662529230117798,17.80000114440918,13.0,11,2020,6,3
1.2660404443740845,38.20000457763672,25.0,11,2020,6,3
0.7877018451690674,2.299999713897705,29.0,11,2020,6,3
0.0,9.899999618530272,30.0,11,2020,6,3
0.0,0.0,32.0,11,2020,6,3
0.0,0.0,37.0,11,2020,6,3
0.0,0.0,38.0,11,2020,6,3
0.0,0.0,39.0,11,2020,6,3
0.0,0.0,44.0,11,2020,6,3
0.0,0.0,5.0,12,2020,6,3
5.439425945281982,0.0,9.0,12,2020,6,3
2.473649501800537,1.2999999523162842,11.0,12,2020,6,3
6.6705498695373535,0.0,13.0,12,2020,6,3
1.8423874378204343,0.0,25.0,12,2020,6,3
1.1700568199157717,32.000003814697266,29.0,12,2020,6,3
0.3983315825462341,0.0,30.0,12,2020,6,3
0.0,0.0,32.0,12,2020,6,3
0.0,0.800000011920929,37.0,12,2020,6,3
0.0,4.500000476837158,38.0,12,2020,6,3
0.0,0.4000000953674316,39.0,12,2020,6,3
0.0,0.0,44.0,12,2020,6,3
0.0,7.899998664855957,5.0,13,2020,6,3
2.96821928024292,31.5000057220459,9.0,13,2020,6,3
2.797279119491577,17.399999618530273,11.0,13,2020,6,3
6.01921272277832,58.80000686645508,13.0,13,2020,6,3
1.058184027671814,10.000000953674316,25.0,13,2020,6,3
0.3938140273094177,1.1000001430511477,29.0,13,2020,6,3
0.0,6.299999237060547,30.0,13,2020,6,3
0.0,2.299999713897705,32.0,13,2020,6,3
0.0,6.90000057220459,37.0,13,2020,6,3
0.0,0.0,38.0,13,2020,6,3
0.0,1.3999998569488523,39.0,13,2020,6,3
0.0059995162300765,0.0,44.0,13,2020,6,3
0.0,2.1000001430511475,5.0,14,2020,6,3
6.34425687789917,3.200000286102295,9.0,14,2020,6,3
4.3610382080078125,9.899999618530272,11.0,14,2020,6,3
6.263524055480957,11.599998474121094,13.0,14,2020,6,3
2.8248603343963623,0.9999998807907104,25.0,14,2020,6,3
1.8571022748947144,0.0,29.0,14,2020,6,3
0.0315993912518024,1.600000023841858,30.0,14,2020,6,3
0.0,0.0,32.0,14,2020,6,3
0.0,0.0,37.0,14,2020,6,3
0.0,0.0,38.0,14,2020,6,3
0.0,0.0,39.0,14,2020,6,3
1.8417423963546755,0.0,44.0,14,2020,6,3
0.0,0.0,5.0,15,2020,6,3
3.616065263748169,11.799999237060549,9.0,15,2020,6,3
3.0611822605133057,6.90000057220459,11.0,15,2020,6,3
5.148040294647217,12.399999618530272,13.0,15,2020,6,3
1.473231315612793,48.69999694824219,25.0,15,2020,6,3
1.051353096961975,0.0,29.0,15,2020,6,3
0.6019148826599121,10.000000953674316,30.0,15,2020,6,3
0.2004159986972808,0.0,32.0,15,2020,6,3
0.084391213953495,0.0,37.0,15,2020,6,3
0.0,0.0,38.0,15,2020,6,3
0.0,0.0,39.0,15,2020,6,3
1.281768798828125,0.0,44.0,15,2020,6,3
0.0,18.299997329711918,5.0,16,2020,6,3
3.9224565029144287,15.799997329711914,9.0,16,2020,6,3
3.01209044456482,0.0,11.0,16,2020,6,3
6.572882652282715,30.299999237060547,13.0,16,2020,6,3
1.935596704483032,11.69999885559082,25.0,16,2020,6,3
2.200671672821045,2.900000095367432,29.0,16,2020,6,3
0.3747309446334839,20.199996948242188,30.0,16,2020,6,3
0.0,0.0,32.0,16,2020,6,3
0.0,0.0,37.0,16,2020,6,3
0.6161198019981384,0.0,38.0,16,2020,6,3
0.0,0.9999998807907104,39.0,16,2020,6,3
1.6513111591339111,13.000000953674316,44.0,16,2020,6,3
0.0,0.0,5.0,17,2020,6,3
4.509942531585693,0.6999999284744263,9.0,17,2020,6,3
3.2702629566192627,15.0,11.0,17,2020,6,3
7.586867332458496,4.399999618530273,13.0,17,2020,6,3
2.893498182296753,12.100000381469728,25.0,17,2020,6,3
2.569643497467041,0.0,29.0,17,2020,6,3
0.0,4.600000858306885,30.0,17,2020,6,3
0.0,0.0,32.0,17,2020,6,3
0.0,0.0,37.0,17,2020,6,3
0.0,0.9999998807907104,38.0,17,2020,6,3
0.0,0.0,39.0,17,2020,6,3
0.1847056150436401,0.0,44.0,17,2020,6,3
0.0,0.0,5.0,18,2020,6,3
3.490618944168091,9.0,9.0,18,2020,6,3
4.708341121673584,0.0,11.0,18,2020,6,3
6.53199577331543,8.90000057220459,13.0,18,2020,6,3
2.5412745475769043,0.0,25.0,18,2020,6,3
1.7754716873168943,0.0,29.0,18,2020,6,3
0.0,0.0,30.0,18,2020,6,3
0.0,0.0,32.0,18,2020,6,3
0.0,0.0,37.0,18,2020,6,3
0.0,0.0,38.0,18,2020,6,3
0.0,0.0,39.0,18,2020,6,3
0.0,0.0,44.0,18,2020,6,3
0.0,0.0,5.0,19,2020,6,3
3.3500280380249023,0.0,9.0,19,2020,6,3
4.278232574462891,3.5000007152557373,11.0,19,2020,6,3
3.745225429534912,1.9000003337860107,13.0,19,2020,6,3
2.5727379322052,0.0,25.0,19,2020,6,3
0.7754716277122498,0.0,29.0,19,2020,6,3
0.4337021708488464,0.0,30.0,19,2020,6,3
0.0794544890522956,0.0,32.0,19,2020,6,3
0.0985431671142578,0.0,37.0,19,2020,6,3
0.1225899830460548,0.0,38.0,19,2020,6,3
0.0,0.0,39.0,19,2020,6,3
0.5148102641105652,0.0,44.0,19,2020,6,3
0.0,0.0,5.0,20,2020,6,3
2.7670483589172363,5.1999993324279785,9.0,20,2020,6,3
2.89064884185791,0.0,11.0,20,2020,6,3
2.92594838142395,0.0,13.0,20,2020,6,3
1.216277837753296,0.0,25.0,20,2020,6,3
0.3980734646320343,0.0,29.0,20,2020,6,3
0.0,0.0,30.0,20,2020,6,3
0.0,0.0,32.0,20,2020,6,3
0.0,0.0,37.0,20,2020,6,3
0.0,0.0,38.0,20,2020,6,3
0.0,0.0,39.0,20,2020,6,3
0.434089720249176,0.0,44.0,20,2020,6,3
0.0,1.600000023841858,5.0,7,2021,6,3
2.143540859222412,1.1000001430511477,9.0,7,2021,6,3
3.9659032821655273,0.3000000715255737,11.0,7,2021,6,3
10.05105972290039,9.599998474121094,13.0,7,2021,6,3
1.1608543395996094,31.70000648498535,25.0,7,2021,6,3
1.1758698225021362,23.199996948242188,29.0,7,2021,6,3
0.0197732336819171,0.3000000715255737,30.0,7,2021,6,3
0.0,0.0,32.0,7,2021,6,3
0.0,17.700000762939453,37.0,7,2021,6,3
0.1993684023618698,0.0,38.0,7,2021,6,3
0.0,0.0,39.0,7,2021,6,3
2.032753229141236,0.0,44.0,7,2021,6,3
0.0,8.80000114440918,5.0,8,2021,6,3
2.6035001277923584,17.0,9.0,8,2021,6,3
2.430793285369873,0.0,11.0,8,2021,6,3
4.561445236206055,36.79999542236328,13.0,8,2021,6,3
1.6808967590332031,18.900001525878903,25.0,8,2021,6,3
1.269076585769653,78.4000015258789,29.0,8,2021,6,3
0.0,0.0,30.0,8,2021,6,3
0.0086286561563611,0.0,32.0,8,2021,6,3
0.0,0.0,37.0,8,2021,6,3
0.088541604578495,35.5,38.0,8,2021,6,3
0.0,0.0,39.0,8,2021,6,3
1.1861324310302734,19.299999237060547,44.0,8,2021,6,3
0.0,0.0,5.0,9,2021,6,3
1.953942894935608,0.0,9.0,9,2021,6,3
0.8972528576850891,0.0,11.0,9,2021,6,3
3.684460878372192,0.0,13.0,9,2021,6,3
1.3986968994140625,0.0,25.0,9,2021,6,3
0.7780535817146301,0.0,29.0,9,2021,6,3
0.0,0.9999998807907104,30.0,9,2021,6,3
0.0,11.500000953674316,32.0,9,2021,6,3
0.0,1.7000000476837158,37.0,9,2021,6,3
0.1450629830360412,1.4999998807907104,38.0,9,2021,6,3
0.0,0.0,39.0,9,2021,6,3
1.0211822986602783,10.599998474121094,44.0,9,2021,6,3
0.0,0.0,5.0,10,2021,6,3
3.251483678817749,0.0,9.0,10,2021,6,3
2.6966800689697266,0.0,11.0,10,2021,6,3
5.692124366760254,0.0,13.0,10,2021,6,3
1.0021597146987915,4.300000190734863,25.0,10,2021,6,3
0.9248495101928712,0.0,29.0,10,2021,6,3
0.0,22.299997329711918,30.0,10,2021,6,3
0.0,35.5,32.0,10,2021,6,3
0.0,12.500000953674316,37.0,10,2021,6,3
0.0,8.80000114440918,38.0,10,2021,6,3
0.0,14.100000381469728,39.0,10,2021,6,3
0.1608907878398895,74.90000915527344,44.0,10,2021,6,3
0.0,21.700000762939453,5.0,11,2021,6,3
1.6719889640808103,0.0,9.0,11,2021,6,3
2.961110591888428,0.0,11.0,11,2021,6,3
3.9165005683898926,3.5000007152557373,13.0,11,2021,6,3
1.0775837898254397,10.899999618530272,25.0,11,2021,6,3
0.6702718734741211,25.500003814697266,29.0,11,2021,6,3
0.0,5.1999993324279785,30.0,11,2021,6,3
0.0,13.19999885559082,32.0,11,2021,6,3
0.0,5.999999523162842,37.0,11,2021,6,3
0.0,1.9000003337860107,38.0,11,2021,6,3
0.0,2.5999996662139893,39.0,11,2021,6,3
0.2125507444143295,11.500000953674316,44.0,11,2021,6,3
0.0,0.0,5.0,12,2021,6,3
2.6320135593414307,0.0,9.0,12,2021,6,3
4.134706497192383,14.799997329711914,11.0,12,2021,6,3
5.586886882781982,4.399999618530273,13.0,12,2021,6,3
1.0025641918182373,0.0,25.0,12,2021,6,3
0.6123622059822083,2.5999996662139893,29.0,12,2021,6,3
0.7592898607254028,0.0,30.0,12,2021,6,3
0.0,0.0,32.0,12,2021,6,3
0.0,0.0,37.0,12,2021,6,3
0.1105457246303558,5.8000006675720215,38.0,12,2021,6,3
0.0,0.0,39.0,12,2021,6,3
0.2207535505294799,0.0,44.0,12,2021,6,3
0.0,0.0,5.0,13,2021,6,3
1.8607151508331297,7.899998664855957,9.0,13,2021,6,3
3.680199861526489,2.6999998092651367,11.0,13,2021,6,3
4.306692600250244,7.599998474121094,13.0,13,2021,6,3
1.4358737468719482,1.2999999523162842,25.0,13,2021,6,3
0.1101929768919944,0.0,29.0,13,2021,6,3
0.0215816162526607,0.0,30.0,13,2021,6,3
0.0,0.0,32.0,13,2021,6,3
0.0,0.0,37.0,13,2021,6,3
0.0,0.0,38.0,13,2021,6,3
0.0,0.0,39.0,13,2021,6,3
0.116429679095745,0.0,44.0,13,2021,6,3
0.0,0.0,5.0,14,2021,6,3
3.372439384460449,0.0,9.0,14,2021,6,3
3.771167755126953,0.0,11.0,14,2021,6,3
9.919416427612305,0.0,13.0,14,2021,6,3
2.383683681488037,0.0,25.0,14,2021,6,3
0.8493994474411011,0.0,29.0,14,2021,6,3
0.0521979853510856,0.0,30.0,14,2021,6,3
0.0,0.0,32.0,14,2021,6,3
0.0,0.0,37.0,14,2021,6,3
0.0,0.0,38.0,14,2021,6,3
0.0,0.0,39.0,14,2021,6,3
1.3321760892868042,0.0,44.0,14,2021,6,3
0.0,0.0,5.0,15,2021,6,3
4.131723403930664,0.0,9.0,15,2021,6,3
4.202260494232178,0.0,11.0,15,2021,6,3
6.928315162658691,1.3999998569488523,13.0,15,2021,6,3
1.148585557937622,0.0,25.0,15,2021,6,3
0.903573751449585,0.0,29.0,15,2021,6,3
0.1712719649076461,0.0,30.0,15,2021,6,3
0.2980258464813232,0.0,32.0,15,2021,6,3
0.0385498329997062,0.0,37.0,15,2021,6,3
0.0,0.0,38.0,15,2021,6,3
0.0,0.0,39.0,15,2021,6,3
1.5129985809326172,0.0,44.0,15,2021,6,3
0.0,0.0,5.0,16,2021,6,3
5.8180365562438965,0.0,9.0,16,2021,6,3
2.6478395462036133,0.0,11.0,16,2021,6,3
6.727399349212647,0.0,13.0,16,2021,6,3
2.0503530502319336,0.0,25.0,16,2021,6,3
0.9441365003585817,0.0,29.0,16,2021,6,3
0.1860631555318832,0.0,30.0,16,2021,6,3
0.0,0.0,32.0,16,2021,6,3
0.0,0.0,37.0,16,2021,6,3
0.096815213561058,0.0,38.0,16,2021,6,3
0.0,0.0,39.0,16,2021,6,3
0.8435794711112976,0.0,44.0,16,2021,6,3
0.0,0.0,5.0,17,2021,6,3
2.825110673904419,0.0,9.0,17,2021,6,3
1.779544711112976,0.0,11.0,17,2021,6,3
7.643817901611328,0.0,13.0,17,2021,6,3
1.272783637046814,0.0,25.0,17,2021,6,3
0.5293828248977661,0.0,29.0,17,2021,6,3
0.0,0.0,30.0,17,2021,6,3
0.0,0.0,32.0,17,2021,6,3
0.0,0.0,37.0,17,2021,6,3
0.0,0.0,38.0,17,2021,6,3
0.0,0.0,39.0,17,2021,6,3
0.0,0.0,44.0,17,2021,6,3
0.0,0.0,5.0,18,2021,6,3
4.057562828063965,0.0,9.0,18,2021,6,3
1.9159705638885496,0.0,11.0,18,2021,6,3
5.933887958526611,0.0,13.0,18,2021,6,3
1.5278139114379885,0.0,25.0,18,2021,6,3
0.4272920787334442,0.0,29.0,18,2021,6,3
0.0,0.0,30.0,18,2021,6,3
0.0,0.0,32.0,18,2021,6,3
0.0,0.0,37.0,18,2021,6,3
0.0,0.0,38.0,18,2021,6,3
0.0,0.0,39.0,18,2021,6,3
0.0,0.0,44.0,18,2021,6,3
0.0,0.0,5.0,19,2021,6,3
1.5425825119018557,0.0,9.0,19,2021,6,3
1.6700613498687744,0.0,11.0,19,2021,6,3
4.109417915344238,0.0,13.0,19,2021,6,3
1.1722344160079956,0.0,25.0,19,2021,6,3
0.9612812995910645,0.0,29.0,19,2021,6,3
0.0,0.0,30.0,19,2021,6,3
0.0,0.0,32.0,19,2021,6,3
0.0,0.0,37.0,19,2021,6,3
0.0579617321491241,0.0,38.0,19,2021,6,3
0.0,0.0,39.0,19,2021,6,3
0.0,0.0,44.0,19,2021,6,3
0.0,0.0,5.0,20,2021,6,3
1.1210250854492188,51.30001831054688,9.0,20,2021,6,3
1.4279067516326904,66.70001983642578,11.0,20,2021,6,3
1.37214457988739,54.60000228881836,13.0,20,2021,6,3
0.6519625186920166,0.0,25.0,20,2021,6,3
0.6210939884185791,0.0,29.0,20,2021,6,3
0.0,20.000001907348636,30.0,20,2021,6,3
0.0,69.29997253417969,32.0,20,2021,6,3
0.0,25.099998474121094,37.0,20,2021,6,3
0.0,1.8000000715255735,38.0,20,2021,6,3
0.0,25.399995803833008,39.0,20,2021,6,3
0.0,0.0,44.0,20,2021,6,3
0.0,0.0,5.0,7,2022,6,3
1.352237105369568,23.0,9.0,7,2022,6,3
1.180407166481018,14.000000953674316,11.0,7,2022,6,3
4.833635330200195,90.0,13.0,7,2022,6,3
0.7408992052078247,0.2000000029802322,25.0,7,2022,6,3
0.7358728647232056,0.3000000715255737,29.0,7,2022,6,3
0.0,19.0,30.0,7,2022,6,3
0.0,0.0,32.0,7,2022,6,3
0.0,9.100001335144045,37.0,7,2022,6,3
0.0,0.9000000953674316,38.0,7,2022,6,3
0.0,0.3000000715255737,39.0,7,2022,6,3
0.4377177059650421,0.9999998807907104,44.0,7,2022,6,3
0.0,17.0,5.0,8,2022,6,3
0.9567471742630004,8.0,9.0,8,2022,6,3
2.590477228164673,24.999998092651367,11.0,8,2022,6,3
7.5737810134887695,15.0,13.0,8,2022,6,3
1.4752037525177002,19.799997329711918,25.0,8,2022,6,3
0.4789609313011169,6.700000762939453,29.0,8,2022,6,3
0.2905580401420593,2.999999523162842,30.0,8,2022,6,3
0.0,2.1000001430511475,32.0,8,2022,6,3
0.0,10.5,37.0,8,2022,6,3
0.0,4.0,38.0,8,2022,6,3
0.0,0.4000000953674316,39.0,8,2022,6,3
0.5226974487304688,0.0999999865889549,44.0,8,2022,6,3
0.0,11.0,5.0,9,2022,6,3
3.5084457397460938,37.999996185302734,9.0,9,2022,6,3
3.14617657661438,7.0,11.0,9,2022,6,3
5.630361557006836,24.000001907348636,13.0,9,2022,6,3
1.4745278358459473,19.0,25.0,9,2022,6,3
0.6181323528289795,5.100000381469727,29.0,9,2022,6,3
0.0969292894005775,8.0,30.0,9,2022,6,3
0.0,2.299999713897705,32.0,9,2022,6,3
0.0892702862620353,3.6000003814697266,37.0,9,2022,6,3
0.0,4.999999523162842,38.0,9,2022,6,3
0.0,2.900000095367432,39.0,9,2022,6,3
0.9168941378593444,0.9000000953674316,44.0,9,2022,6,3
0.0,22.099998474121094,5.0,10,2022,6,3
2.1787238121032715,7.0,9.0,10,2022,6,3
4.930683135986328,9.599998474121094,11.0,10,2022,6,3
7.1175642013549805,3.400000095367432,13.0,10,2022,6,3
0.6530590057373047,11.0,25.0,10,2022,6,3
0.7235482931137085,0.3000000715255737,29.0,10,2022,6,3
0.0374027751386165,2.999999523162842,30.0,10,2022,6,3
0.0,0.0,32.0,10,2022,6,3
0.0,0.0,37.0,10,2022,6,3
0.0,1.999999761581421,38.0,10,2022,6,3
0.0,0.0,39.0,10,2022,6,3
0.2636531591415405,0.0999999865889549,44.0,10,2022,6,3
0.0,40.99999237060547,5.0,11,2022,6,3
2.1821069717407227,48.99999237060547,9.0,11,2022,6,3
3.488077402114868,5.999999523162842,11.0,11,2022,6,3
4.111080646514893,30.99999237060547,13.0,11,2022,6,3
0.3585653007030487,39.0,25.0,11,2022,6,3
0.3590072393417358,69.70001220703125,29.0,11,2022,6,3
0.0,72.00001525878906,30.0,11,2022,6,3
0.0,44.99999237060547,32.0,11,2022,6,3
0.0,20.000001907348636,37.0,11,2022,6,3
0.0,1.999999761581421,38.0,11,2022,6,3
0.0,18.0,39.0,11,2022,6,3
0.0819677487015724,7.0,44.0,11,2022,6,3
0.0,29.000001907348636,5.0,12,2022,6,3
3.707839727401733,47.999996185302734,9.0,12,2022,6,3
4.044533729553223,75.0,11.0,12,2022,6,3
7.495019912719727,0.0,13.0,12,2022,6,3
1.2860455513000488,32.000003814697266,25.0,12,2022,6,3
1.46508526802063,37.999996185302734,29.0,12,2022,6,3
0.5751156806945801,2.500000238418579,30.0,12,2022,6,3
0.0217757131904363,20.000001907348636,32.0,12,2022,6,3
0.0,0.0,37.0,12,2022,6,3
0.0467958152294158,7.0,38.0,12,2022,6,3
0.0,12.000001907348633,39.0,12,2022,6,3
0.5131199359893799,10.000000953674316,44.0,12,2022,6,3
0.0,15.0,5.0,13,2022,6,3
2.7536354064941406,23.0,9.0,13,2022,6,3
2.891465663909912,33.0,11.0,13,2022,6,3
8.158466339111328,13.000000953674316,13.0,13,2022,6,3
1.61327862739563,13.000000953674316,25.0,13,2022,6,3
0.7175711989402771,16.0,29.0,13,2022,6,3
0.0855390951037406,0.0999999865889549,30.0,13,2022,6,3
0.0,0.9999998807907104,32.0,13,2022,6,3
0.0,0.0,37.0,13,2022,6,3
0.0,0.0,38.0,13,2022,6,3
0.0,2.999999523162842,39.0,13,2022,6,3
1.1263034343719482,9.0,44.0,13,2022,6,3
0.0,9.0,5.0,14,2022,6,3
7.628139019012451,7.300000190734863,9.0,14,2022,6,3
3.7248055934906006,23.500003814697266,11.0,14,2022,6,3
7.278679370880127,10.000000953674316,13.0,14,2022,6,3
2.563502788543701,7.0,25.0,14,2022,6,3
0.8271090984344482,0.9999998807907104,29.0,14,2022,6,3
0.048880536109209,0.0,30.0,14,2022,6,3
0.0,0.9000000953674316,32.0,14,2022,6,3
0.0,0.0,37.0,14,2022,6,3
0.4120723903179168,0.0,38.0,14,2022,6,3
0.0,0.2000000029802322,39.0,14,2022,6,3
2.695297956466675,5.999999523162842,44.0,14,2022,6,3
0.0,1.999999761581421,5.0,15,2022,6,3
2.493229627609253,28.49999618530273,9.0,15,2022,6,3
2.28863787651062,8.5,11.0,15,2022,6,3
6.288487434387207,1.999999761581421,13.0,15,2022,6,3
1.0743532180786133,1.2999999523162842,25.0,15,2022,6,3
1.8211256265640257,0.0999999865889549,29.0,15,2022,6,3
0.586968183517456,0.0,30.0,15,2022,6,3
0.0,0.0,32.0,15,2022,6,3
0.0,0.0,37.0,15,2022,6,3
0.0312189124524593,0.0,38.0,15,2022,6,3
0.0,0.0,39.0,15,2022,6,3
1.615193247795105,0.0,44.0,15,2022,6,3
0.0,2.1000001430511475,5.0,16,2022,6,3
2.491570234298706,0.5999999046325684,9.0,16,2022,6,3
1.534412145614624,2.999999523162842,11.0,16,2022,6,3
3.648656845092773,2.999999523162842,13.0,16,2022,6,3
0.8256721496582031,0.6999999284744263,25.0,16,2022,6,3
1.1249274015426636,1.999999761581421,29.0,16,2022,6,3
0.0913057476282119,0.0,30.0,16,2022,6,3
0.0,0.0,32.0,16,2022,6,3
0.0,0.0,37.0,16,2022,6,3
0.0,0.0,38.0,16,2022,6,3
0.0,0.0,39.0,16,2022,6,3
0.8613913059234619,0.0,44.0,16,2022,6,3
0.0,1.1000001430511477,5.0,17,2022,6,3
1.995817303657532,5.999999523162842,9.0,17,2022,6,3
0.6375030279159546,2.999999523162842,11.0,17,2022,6,3
2.554765462875366,12.000001907348633,13.0,17,2022,6,3
0.7379971146583557,1.1999998092651367,25.0,17,2022,6,3
0.7159832715988159,0.0,29.0,17,2022,6,3
0.0,0.0,30.0,17,2022,6,3
0.0,0.0,32.0,17,2022,6,3
0.0,0.0,37.0,17,2022,6,3
0.0,0.0,38.0,17,2022,6,3
0.0,0.0,39.0,17,2022,6,3
1.0990700721740725,0.0,44.0,17,2022,6,3
0.0,0.0,5.0,18,2022,6,3
1.6219425201416016,0.0,9.0,18,2022,6,3
1.8108446598052976,0.0,11.0,18,2022,6,3
3.0179033279418945,0.0,13.0,18,2022,6,3
1.6212563514709473,0.0,25.0,18,2022,6,3
1.0878956317901611,0.0,29.0,18,2022,6,3
0.0,0.0,30.0,18,2022,6,3
0.0,0.0,32.0,18,2022,6,3
0.0,0.0,37.0,18,2022,6,3
0.0,0.0,38.0,18,2022,6,3
0.0,0.0,39.0,18,2022,6,3
1.0843136310577393,0.0,44.0,18,2022,6,3
0.0,8.0,5.0,19,2022,6,3
1.543534278869629,12.000001907348633,9.0,19,2022,6,3
2.9386990070343018,7.100000381469727,11.0,19,2022,6,3
1.680195927619934,22.0,13.0,19,2022,6,3
1.765944480895996,7.0,25.0,19,2022,6,3
1.561483383178711,0.0,29.0,19,2022,6,3
0.0600335076451301,0.0,30.0,19,2022,6,3
0.0,0.0,32.0,19,2022,6,3
0.1157974451780319,0.0,37.0,19,2022,6,3
0.0878990367054939,0.0,38.0,19,2022,6,3
0.0,0.5,39.0,19,2022,6,3
0.4448321461677551,0.6999999284744263,44.0,19,2022,6,3
0.0,4.0,5.0,20,2022,6,3
0.7568563222885132,14.000000953674316,9.0,20,2022,6,3
1.982518196105957,8.0,11.0,20,2022,6,3
2.326170921325684,5.999999523162842,13.0,20,2022,6,3
1.336169958114624,0.2000000029802322,25.0,20,2022,6,3
0.4905449748039245,0.6999999284744263,29.0,20,2022,6,3
0.0,13.40000343322754,30.0,20,2022,6,3
0.0,14.499999046325684,32.0,20,2022,6,3
0.0,2.999999523162842,37.0,20,2022,6,3
0.0776897892355918,14.000000953674316,38.0,20,2022,6,3
0.0,3.1000001430511475,39.0,20,2022,6,3
0.6662124395370483,42.99999237060547,44.0,20,2022,6,3
0.0,0.0,5.0,7,2023,6,3
1.667088747024536,9.0,9.0,7,2023,6,3
1.8871692419052124,4.0,11.0,7,2023,6,3
3.242529392242432,4.999999523162842,13.0,7,2023,6,3
1.0557684898376465,5.999999523162842,25.0,7,2023,6,3
0.0882299095392227,12.000001907348633,29.0,7,2023,6,3
0.0,4.0,30.0,7,2023,6,3
0.0,13.000000953674316,32.0,7,2023,6,3
0.0,4.999999523162842,37.0,7,2023,6,3
0.0,37.0,38.0,7,2023,6,3
0.0,2.999999523162842,39.0,7,2023,6,3
0.0,0.9999998807907104,44.0,7,2023,6,3
0.0,0.0,5.0,8,2023,6,3
2.096106767654419,0.0,9.0,8,2023,6,3
2.9151456356048584,0.0,11.0,8,2023,6,3
2.8417012691497803,0.0,13.0,8,2023,6,3
0.5289550423622131,40.0,25.0,8,2023,6,3
0.1590130925178527,0.0,29.0,8,2023,6,3
0.1322817951440811,0.0,30.0,8,2023,6,3
0.0,0.0,32.0,8,2023,6,3
0.0,13.000000953674316,37.0,8,2023,6,3
0.0,0.0,38.0,8,2023,6,3
0.0,0.0,39.0,8,2023,6,3
0.2822055220603943,0.0,44.0,8,2023,6,3
0.0,9.100001335144045,5.0,9,2023,6,3
2.203941345214844,1.999999761581421,9.0,9,2023,6,3
2.573152780532837,1.999999761581421,11.0,9,2023,6,3
2.042277812957764,13.000000953674316,13.0,9,2023,6,3
0.7933260202407837,11.099998474121094,25.0,9,2023,6,3
0.5762523412704468,1.999999761581421,29.0,9,2023,6,3
0.0,0.9000000953674316,30.0,9,2023,6,3
0.0,0.0,32.0,9,2023,6,3
0.0,0.2000000029802322,37.0,9,2023,6,3
0.0,27.999998092651367,38.0,9,2023,6,3
0.0,0.5,39.0,9,2023,6,3
0.2839134037494659,0.0,44.0,9,2023,6,3
0.0,4.0,5.0,10,2023,6,3
1.793928861618042,8.0,9.0,10,2023,6,3
2.340054512023926,2.999999523162842,11.0,10,2023,6,3
4.872942924499512,4.0,13.0,10,2023,6,3
0.8207969069480896,8.0,25.0,10,2023,6,3
0.6898543834686279,0.0,29.0,10,2023,6,3
0.0,5.100000381469727,30.0,10,2023,6,3
0.0,2.999999523162842,32.0,10,2023,6,3
0.0,0.9999998807907104,37.0,10,2023,6,3
0.0,0.9999998807907104,38.0,10,2023,6,3
0.0,3.6999998092651367,39.0,10,2023,6,3
0.9464054703712464,70.00001525878906,44.0,10,2023,6,3
0.0,35.999996185302734,5.0,11,2023,6,3
1.9812175035476685,35.999996185302734,9.0,11,2023,6,3
2.1481213569641118,21.000001907348636,11.0,11,2023,6,3
5.936957836151123,20.000001907348636,13.0,11,2023,6,3
0.9194995760917664,45.99999237060547,25.0,11,2023,6,3
0.5444163084030151,8.199999809265137,29.0,11,2023,6,3
0.0,2.999999523162842,30.0,11,2023,6,3
0.0,30.99999237060547,32.0,11,2023,6,3
0.0,8.0,37.0,11,2023,6,3
0.0,17.0,38.0,11,2023,6,3
0.000575786747504,20.80000305175781,39.0,11,2023,6,3
0.6432592272758484,9.0,44.0,11,2023,6,3
0.0,0.5999999046325684,5.0,12,2023,6,3
3.816999912261963,41.99999237060547,9.0,12,2023,6,3
3.2173891067504883,26.000001907348636,11.0,12,2023,6,3
13.50740909576416,27.999998092651367,13.0,12,2023,6,3
1.886733889579773,2.200000286102295,25.0,12,2023,6,3
1.1091431379318235,0.0999999865889549,29.0,12,2023,6,3
0.3618446290493011,0.9999998807907104,30.0,12,2023,6,3
0.0,15.0,32.0,12,2023,6,3
0.0,13.000000953674316,37.0,12,2023,6,3
0.0801279246807098,0.0,38.0,12,2023,6,3
0.2025317996740341,4.999999523162842,39.0,12,2023,6,3
0.6704007387161255,37.999996185302734,44.0,12,2023,6,3
0.0,1.3999998569488523,5.0,13,2023,6,3
1.8546513319015503,15.0,9.0,13,2023,6,3
3.2859389781951904,13.000000953674316,11.0,13,2023,6,3
9.60479736328125,8.0,13.0,13,2023,6,3
1.6779060363769531,1.8000000715255735,25.0,13,2023,6,3
0.6176684498786926,4.899999618530273,29.0,13,2023,6,3
0.0,0.0,30.0,13,2023,6,3
0.0,0.9999998807907104,32.0,13,2023,6,3
0.0,0.0,37.0,13,2023,6,3
0.0,0.0,38.0,13,2023,6,3
0.0,0.9999998807907104,39.0,13,2023,6,3
0.4381658732891083,0.0,44.0,13,2023,6,3
0.0,0.0,5.0,14,2023,6,3
3.988490104675293,37.0,9.0,14,2023,6,3
4.259026527404785,4.700000286102295,11.0,14,2023,6,3
6.496698379516602,37.0,13.0,14,2023,6,3
1.740776300430298,0.0,25.0,14,2023,6,3
0.7717893123626709,0.0,29.0,14,2023,6,3
0.0,0.3000000715255737,30.0,14,2023,6,3
0.0,0.0,32.0,14,2023,6,3
0.0,0.0,37.0,14,2023,6,3
0.3128684163093567,0.0,38.0,14,2023,6,3
0.0,0.0,39.0,14,2023,6,3
1.0332962274551392,0.0,44.0,14,2023,6,3
0.0,0.0,5.0,15,2023,6,3
3.923734188079834,4.999999523162842,9.0,15,2023,6,3
4.073653221130371,0.0,11.0,15,2023,6,3
8.359981536865234,46.99999237060547,13.0,15,2023,6,3
0.7511040568351746,0.3000000715255737,25.0,15,2023,6,3
1.5006794929504397,0.5999999046325684,29.0,15,2023,6,3
0.1343958228826522,0.0,30.0,15,2023,6,3
0.0,0.0,32.0,15,2023,6,3
0.0,0.0,37.0,15,2023,6,3
0.0,0.9000000953674316,38.0,15,2023,6,3
0.0,0.5,39.0,15,2023,6,3
0.8080316781997681,31.5000057220459,44.0,15,2023,6,3
0.0,0.0999999865889549,5.0,16,2023,6,3
3.897770166397095,0.0,9.0,16,2023,6,3
3.4548897743225098,0.0,11.0,16,2023,6,3
6.810703277587891,4.0,13.0,16,2023,6,3
1.619457483291626,2.900000095367432,25.0,16,2023,6,3
1.2005096673965454,14.000000953674316,29.0,16,2023,6,3
0.142863318324089,20.000001907348636,30.0,16,2023,6,3
0.0,0.4000000953674316,32.0,16,2023,6,3
0.0,9.0,37.0,16,2023,6,3
0.0,12.000001907348633,38.0,16,2023,6,3
0.0,0.0,39.0,16,2023,6,3
0.5710238218307495,65.99998474121094,44.0,16,2023,6,3
0.0,9.400001525878906,5.0,17,2023,6,3
2.9081642627716064,73.00000762939453,9.0,17,2023,6,3
2.642645359039306,2.999999523162842,11.0,17,2023,6,3
5.910624027252197,68.0,13.0,17,2023,6,3
1.6302844285964966,7.0,25.0,17,2023,6,3
0.9248287677764891,9.0,29.0,17,2023,6,3
0.3987833857536316,4.999999523162842,30.0,17,2023,6,3
0.0,2.8000001907348637,32.0,17,2023,6,3
0.0,0.9999998807907104,37.0,17,2023,6,3
0.0,4.999999523162842,38.0,17,2023,6,3
0.0,0.0999999865889549,39.0,17,2023,6,3
0.3531701862812042,0.0,44.0,17,2023,6,3
0.0,0.0,5.0,18,2023,6,3
6.149087905883789,16.0,9.0,18,2023,6,3
2.5111258029937744,5.999999523162842,11.0,18,2023,6,3
8.596622467041016,19.0,13.0,18,2023,6,3
1.910478591918945,0.5999999046325684,25.0,18,2023,6,3
1.071000099182129,0.0,29.0,18,2023,6,3
0.0,0.0,30.0,18,2023,6,3
0.0,0.0,32.0,18,2023,6,3
0.0,0.0,37.0,18,2023,6,3
0.0,0.0,38.0,18,2023,6,3
0.0,0.0,39.0,18,2023,6,3
1.83452308177948,5.999999523162842,44.0,18,2023,6,3
0.0,20.30000305175781,5.0,19,2023,6,3
7.207752704620361,0.0,9.0,19,2023,6,3
3.836672306060791,23.0,11.0,19,2023,6,3
6.726548194885254,8.0,13.0,19,2023,6,3
2.228297233581543,7.40000057220459,25.0,19,2023,6,3
1.9450201988220213,4.300000190734863,29.0,19,2023,6,3
0.4488646388053894,0.0,30.0,19,2023,6,3
0.003017624374479,0.0,32.0,19,2023,6,3
0.028049498796463,0.0,37.0,19,2023,6,3
0.4499733746051788,0.0,38.0,19,2023,6,3
0.0,0.0,39.0,19,2023,6,3
0.8621953129768372,29.000001907348636,44.0,19,2023,6,3
0.0,0.5999999046325684,5.0,20,2023,6,3
1.6945428848266602,5.999999523162842,9.0,20,2023,6,3
2.198774576187134,15.0,11.0,20,2023,6,3
3.6335058212280273,8.0,13.0,20,2023,6,3
1.3611690998077393,1.8000000715255735,25.0,20,2023,6,3
1.520592212677002,0.0,29.0,20,2023,6,3
0.0,0.2000000029802322,30.0,20,2023,6,3
0.0,2.999999523162842,32.0,20,2023,6,3
0.0,0.5999999046325684,37.0,20,2023,6,3
0.3263545632362366,0.5,38.0,20,2023,6,3
0.0,0.9999998807907104,39.0,20,2023,6,3
0.6910037994384766,0.9000000953674316,44.0,20,2023,6,3
0.0,0.0,5.0,7,2020,6,6
4.111248970031738,0.0,9.0,7,2020,6,6
2.666367053985596,0.0,11.0,7,2020,6,6
9.104389190673828,0.0,13.0,7,2020,6,6
1.1897413730621338,0.0,25.0,7,2020,6,6
0.6754636168479919,0.0,29.0,7,2020,6,6
0.0,0.0,30.0,7,2020,6,6
0.0,0.0,32.0,7,2020,6,6
0.0,0.0,37.0,7,2020,6,6
0.0189615506678819,0.0,38.0,7,2020,6,6
0.0,0.0,39.0,7,2020,6,6
0.2529616355895996,0.0,44.0,7,2020,6,6
0.0,39.100006103515625,5.0,8,2020,6,6
5.199860572814941,21.199996948242188,9.0,8,2020,6,6
3.5313620567321777,71.89997100830078,11.0,8,2020,6,6
5.721710205078125,17.80000114440918,13.0,8,2020,6,6
2.726735591888428,38.20000457763672,25.0,8,2020,6,6
1.224020004272461,2.299999713897705,29.0,8,2020,6,6
0.0431283451616764,9.899999618530272,30.0,8,2020,6,6
0.0,0.0,32.0,8,2020,6,6
0.0,0.0,37.0,8,2020,6,6
0.1469057500362396,0.0,38.0,8,2020,6,6
0.0,0.0,39.0,8,2020,6,6
0.9738041162490844,0.0,44.0,8,2020,6,6
0.0,0.0,5.0,9,2020,6,6
3.818898677825928,0.0,9.0,9,2020,6,6
3.18112850189209,1.2999999523162842,11.0,9,2020,6,6
6.000468730926514,0.0,13.0,9,2020,6,6
2.358611583709717,0.0,25.0,9,2020,6,6
1.9100581407547,32.000003814697266,29.0,9,2020,6,6
0.3121390342712402,0.0,30.0,9,2020,6,6
0.0,0.0,32.0,9,2020,6,6
0.0,0.800000011920929,37.0,9,2020,6,6
0.0,4.500000476837158,38.0,9,2020,6,6
0.0,0.4000000953674316,39.0,9,2020,6,6
1.6567339897155762,0.0,44.0,9,2020,6,6
0.0,7.899998664855957,5.0,10,2020,6,6
5.392047882080078,31.5000057220459,9.0,10,2020,6,6
2.5403647422790527,17.399999618530273,11.0,10,2020,6,6
4.548854827880859,58.80000686645508,13.0,10,2020,6,6
1.497794508934021,10.000000953674316,25.0,10,2020,6,6
0.8324904441833496,1.1000001430511477,29.0,10,2020,6,6
0.3328821361064911,6.299999237060547,30.0,10,2020,6,6
0.0,2.299999713897705,32.0,10,2020,6,6
0.0,6.90000057220459,37.0,10,2020,6,6
0.0,0.0,38.0,10,2020,6,6
0.0,1.3999998569488523,39.0,10,2020,6,6
0.6377096176147461,0.0,44.0,10,2020,6,6
0.0,2.1000001430511475,5.0,11,2020,6,6
4.888501167297363,3.200000286102295,9.0,11,2020,6,6
2.742696523666382,9.899999618530272,11.0,11,2020,6,6
5.579438209533691,11.599998474121094,13.0,11,2020,6,6
2.034945249557495,0.9999998807907104,25.0,11,2020,6,6
0.8325889706611633,0.0,29.0,11,2020,6,6
0.1133354604244232,1.600000023841858,30.0,11,2020,6,6
0.0,0.0,32.0,11,2020,6,6
0.0,0.0,37.0,11,2020,6,6
0.0,0.0,38.0,11,2020,6,6
0.0,0.0,39.0,11,2020,6,6
0.6854590773582458,0.0,44.0,11,2020,6,6
0.0,0.0,5.0,12,2020,6,6
8.482019424438477,11.799999237060549,9.0,12,2020,6,6
3.4041147232055664,6.90000057220459,11.0,12,2020,6,6
8.733125686645508,12.399999618530272,13.0,12,2020,6,6
2.0208356380462646,48.69999694824219,25.0,12,2020,6,6
0.8022969961166382,0.0,29.0,12,2020,6,6
0.8859506249427795,10.000000953674316,30.0,12,2020,6,6
0.0,0.0,32.0,12,2020,6,6
0.109548844397068,0.0,37.0,12,2020,6,6
0.28755784034729,0.0,38.0,12,2020,6,6
0.0,0.0,39.0,12,2020,6,6
0.2162166982889175,0.0,44.0,12,2020,6,6
0.0,18.299997329711918,5.0,13,2020,6,6
2.414196729660034,15.799997329711914,9.0,13,2020,6,6
3.3747615814208984,0.0,11.0,13,2020,6,6
4.584306716918945,30.299999237060547,13.0,13,2020,6,6
1.5939241647720337,11.69999885559082,25.0,13,2020,6,6
0.1624646335840225,2.900000095367432,29.0,13,2020,6,6
0.0,20.199996948242188,30.0,13,2020,6,6
0.0,0.0,32.0,13,2020,6,6
0.0,0.0,37.0,13,2020,6,6
0.0,0.0,38.0,13,2020,6,6
0.0,0.9999998807907104,39.0,13,2020,6,6
0.4446842074394226,13.000000953674316,44.0,13,2020,6,6
0.0,0.0,5.0,14,2020,6,6
3.963042974472046,0.6999999284744263,9.0,14,2020,6,6
4.146435737609863,15.0,11.0,14,2020,6,6
6.805673122406006,4.399999618530273,13.0,14,2020,6,6
1.7880184650421145,12.100000381469728,25.0,14,2020,6,6
1.0393797159194946,0.0,29.0,14,2020,6,6
0.0,4.600000858306885,30.0,14,2020,6,6
0.0,0.0,32.0,14,2020,6,6
0.0,0.0,37.0,14,2020,6,6
0.1519499272108078,0.9999998807907104,38.0,14,2020,6,6
0.0,0.0,39.0,14,2020,6,6
0.7370287775993347,0.0,44.0,14,2020,6,6
0.0,0.0,5.0,15,2020,6,6
6.024915218353272,9.0,9.0,15,2020,6,6
3.042095422744751,0.0,11.0,15,2020,6,6
4.816107273101807,8.90000057220459,13.0,15,2020,6,6
1.33712637424469,0.0,25.0,15,2020,6,6
1.075713038444519,0.0,29.0,15,2020,6,6
0.0,0.0,30.0,15,2020,6,6
0.0343294367194175,0.0,32.0,15,2020,6,6
0.0,0.0,37.0,15,2020,6,6
0.0,0.0,38.0,15,2020,6,6
0.0,0.0,39.0,15,2020,6,6
0.908705472946167,0.0,44.0,15,2020,6,6
0.0,0.0,5.0,16,2020,6,6
2.841338634490967,0.0,9.0,16,2020,6,6
1.53538179397583,3.5000007152557373,11.0,16,2020,6,6
4.019728183746338,1.9000003337860107,13.0,16,2020,6,6
0.7230019569396973,0.0,25.0,16,2020,6,6
0.2265342026948928,0.0,29.0,16,2020,6,6
0.0,0.0,30.0,16,2020,6,6
0.0,0.0,32.0,16,2020,6,6
0.0,0.0,37.0,16,2020,6,6
0.0,0.0,38.0,16,2020,6,6
0.0,0.0,39.0,16,2020,6,6
0.6002361178398132,0.0,44.0,16,2020,6,6
0.0,0.0,5.0,17,2020,6,6
4.160193920135498,5.1999993324279785,9.0,17,2020,6,6
1.3605235815048218,0.0,11.0,17,2020,6,6
3.5271942615509038,0.0,13.0,17,2020,6,6
1.1657724380493164,0.0,25.0,17,2020,6,6
0.0,0.0,29.0,17,2020,6,6
0.0,0.0,30.0,17,2020,6,6
0.0,0.0,32.0,17,2020,6,6
0.0,0.0,37.0,17,2020,6,6
0.0,0.0,38.0,17,2020,6,6
0.0,0.0,39.0,17,2020,6,6
0.0,0.0,44.0,17,2020,6,6
0.0,0.0,5.0,18,2020,6,6
2.8195347785949707,0.0,9.0,18,2020,6,6
1.710161209106445,39.0,11.0,18,2020,6,6
5.005671501159668,28.49999618530273,13.0,18,2020,6,6
1.1336902379989624,0.0,25.0,18,2020,6,6
0.0,0.0,29.0,18,2020,6,6
0.0,0.0,30.0,18,2020,6,6
0.0,0.0,32.0,18,2020,6,6
0.0,0.0,37.0,18,2020,6,6
0.0,0.0,38.0,18,2020,6,6
0.0,0.0,39.0,18,2020,6,6
0.0,0.0,44.0,18,2020,6,6
0.0,0.0,5.0,19,2020,6,6
1.1406221389770508,0.0,9.0,19,2020,6,6
1.7901504039764404,0.0,11.0,19,2020,6,6
3.787886142730713,32.29999542236328,13.0,19,2020,6,6
1.568474054336548,0.0,25.0,19,2020,6,6
0.2464573681354522,0.0,29.0,19,2020,6,6
0.0,0.0,30.0,19,2020,6,6
0.0,0.0,32.0,19,2020,6,6
0.0,0.0,37.0,19,2020,6,6
0.0,0.0,38.0,19,2020,6,6
0.0,0.0,39.0,19,2020,6,6
0.0,0.0,44.0,19,2020,6,6
0.0,1.8000000715255735,5.0,20,2020,6,6
1.7026550769805908,119.8000259399414,9.0,20,2020,6,6
1.185286045074463,20.400001525878903,11.0,20,2020,6,6
2.373787403106689,95.89999389648438,13.0,20,2020,6,6
0.123610645532608,0.800000011920929,25.0,20,2020,6,6
0.3930207192897796,0.5,29.0,20,2020,6,6
0.0,0.0,30.0,20,2020,6,6
0.0,0.0,32.0,20,2020,6,6
0.0,0.0,37.0,20,2020,6,6
0.0,0.0,38.0,20,2020,6,6
0.0,0.0,39.0,20,2020,6,6
0.0,0.0,44.0,20,2020,6,6
0.0,0.0,5.0,7,2021,6,6
1.4031602144241333,0.0,9.0,7,2021,6,6
2.387977361679077,0.0,11.0,7,2021,6,6
4.881224632263184,0.0,13.0,7,2021,6,6
1.09028422832489,4.300000190734863,25.0,7,2021,6,6
0.5249382257461548,0.0,29.0,7,2021,6,6
0.0,22.299997329711918,30.0,7,2021,6,6
0.0,35.5,32.0,7,2021,6,6
0.0,12.500000953674316,37.0,7,2021,6,6
0.0,8.80000114440918,38.0,7,2021,6,6
0.0,14.100000381469728,39.0,7,2021,6,6
0.4853871464729309,74.90000915527344,44.0,7,2021,6,6
0.0,21.700000762939453,5.0,8,2021,6,6
1.4739350080490112,0.0,9.0,8,2021,6,6
2.183382511138916,0.0,11.0,8,2021,6,6
4.432223796844482,3.5000007152557373,13.0,8,2021,6,6
1.3003685474395752,10.899999618530272,25.0,8,2021,6,6
0.3861197829246521,25.500003814697266,29.0,8,2021,6,6
0.0,5.1999993324279785,30.0,8,2021,6,6
0.0530451275408268,13.19999885559082,32.0,8,2021,6,6
0.0,5.999999523162842,37.0,8,2021,6,6
0.0,1.9000003337860107,38.0,8,2021,6,6
0.0,2.5999996662139893,39.0,8,2021,6,6
0.7510696649551392,11.500000953674316,44.0,8,2021,6,6
0.0,0.0,5.0,9,2021,6,6
1.5191950798034668,0.0,9.0,9,2021,6,6
1.4297678470611572,14.799997329711914,11.0,9,2021,6,6
3.4824514389038086,4.399999618530273,13.0,9,2021,6,6
1.4850866794586182,0.0,25.0,9,2021,6,6
0.0474038459360599,2.5999996662139893,29.0,9,2021,6,6
0.0601662024855613,0.0,30.0,9,2021,6,6
0.0,0.0,32.0,9,2021,6,6
0.0,0.0,37.0,9,2021,6,6
0.0,5.8000006675720215,38.0,9,2021,6,6
0.0,0.0,39.0,9,2021,6,6
0.3414710760116577,0.0,44.0,9,2021,6,6
0.0,0.0,5.0,10,2021,6,6
0.6726606488227844,7.899998664855957,9.0,10,2021,6,6
2.234764575958252,2.6999998092651367,11.0,10,2021,6,6
4.249602317810059,7.599998474121094,13.0,10,2021,6,6
0.8119617700576782,1.2999999523162842,25.0,10,2021,6,6
0.0,0.0,29.0,10,2021,6,6
0.0394093170762062,0.0,30.0,10,2021,6,6
0.0,0.0,32.0,10,2021,6,6
0.0,0.0,37.0,10,2021,6,6
0.0,0.0,38.0,10,2021,6,6
0.0,0.0,39.0,10,2021,6,6
0.0,0.0,44.0,10,2021,6,6
0.0,0.0,5.0,11,2021,6,6
0.8007258772850037,0.0,9.0,11,2021,6,6
2.0146472454071045,0.0,11.0,11,2021,6,6
2.881263017654419,0.0,13.0,11,2021,6,6
0.6313157677650452,0.0,25.0,11,2021,6,6
0.4570660293102264,0.0,29.0,11,2021,6,6
0.0,0.0,30.0,11,2021,6,6
0.0,0.0,32.0,11,2021,6,6
0.0,0.0,37.0,11,2021,6,6
0.0,0.0,38.0,11,2021,6,6
0.0,0.0,39.0,11,2021,6,6
0.0,0.0,44.0,11,2021,6,6
0.0,0.0,5.0,12,2021,6,6
5.605944633483887,0.0,9.0,12,2021,6,6
5.080143928527832,0.0,11.0,12,2021,6,6
7.078161239624023,1.3999998569488523,13.0,12,2021,6,6
1.2333593368530271,0.0,25.0,12,2021,6,6
1.7088972330093384,0.0,29.0,12,2021,6,6
0.8850793242454529,0.0,30.0,12,2021,6,6
0.0,0.0,32.0,12,2021,6,6
0.0,0.0,37.0,12,2021,6,6
0.0,0.0,38.0,12,2021,6,6
0.0,0.0,39.0,12,2021,6,6
0.0,0.0,44.0,12,2021,6,6
0.0,0.0,5.0,13,2021,6,6
1.9184510707855225,0.0,9.0,13,2021,6,6
5.853941440582275,0.0,11.0,13,2021,6,6
11.59273910522461,0.0,13.0,13,2021,6,6
1.6207361221313477,0.0,25.0,13,2021,6,6
0.8902371525764465,0.0,29.0,13,2021,6,6
0.0,0.0,30.0,13,2021,6,6
0.0,0.0,32.0,13,2021,6,6
0.0,0.0,37.0,13,2021,6,6
0.0,0.0,38.0,13,2021,6,6
0.0,0.0,39.0,13,2021,6,6
0.1646755188703537,0.0,44.0,13,2021,6,6
0.0,0.0,5.0,14,2021,6,6
5.013718605041504,0.0,9.0,14,2021,6,6
4.031225204467773,0.0,11.0,14,2021,6,6
9.91116714477539,0.0,13.0,14,2021,6,6
2.508440494537353,0.0,25.0,14,2021,6,6
1.9793174266815183,0.0,29.0,14,2021,6,6
0.0,0.0,30.0,14,2021,6,6
0.0,0.0,32.0,14,2021,6,6
0.0,0.0,37.0,14,2021,6,6
0.183551624417305,0.0,38.0,14,2021,6,6
0.0,0.0,39.0,14,2021,6,6
0.7297999262809753,0.0,44.0,14,2021,6,6
0.0,0.0,5.0,15,2021,6,6
3.941847801208496,0.0,9.0,15,2021,6,6
2.211886405944824,0.0,11.0,15,2021,6,6
6.413424968719482,0.0,13.0,15,2021,6,6
1.140605926513672,0.0,25.0,15,2021,6,6
2.0503270626068115,0.0,29.0,15,2021,6,6
0.0,0.0,30.0,15,2021,6,6
0.2175376117229461,0.0,32.0,15,2021,6,6
0.1333861500024795,0.0,37.0,15,2021,6,6
0.0646212473511695,0.0,38.0,15,2021,6,6
0.0,0.0,39.0,15,2021,6,6
0.646420955657959,0.0,44.0,15,2021,6,6
0.0,0.0,5.0,16,2021,6,6
3.5649805068969727,0.0,9.0,16,2021,6,6
1.2054232358932495,0.0,11.0,16,2021,6,6
4.783853054046631,0.0,13.0,16,2021,6,6
1.5616834163665771,0.0,25.0,16,2021,6,6
0.9189590215682985,0.0,29.0,16,2021,6,6
0.2292562276124954,0.0,30.0,16,2021,6,6
0.0,0.0,32.0,16,2021,6,6
0.1829210221767425,0.0,37.0,16,2021,6,6
0.0,0.0,38.0,16,2021,6,6
0.0,0.0,39.0,16,2021,6,6
0.3216128051280975,0.0,44.0,16,2021,6,6
0.0,0.0,5.0,17,2021,6,6
3.2575130462646484,51.30001831054688,9.0,17,2021,6,6
1.6855531930923462,66.70001983642578,11.0,17,2021,6,6
3.886561870574951,54.60000228881836,13.0,17,2021,6,6
1.8776636123657229,0.0,25.0,17,2021,6,6
0.8388186693191528,0.0,29.0,17,2021,6,6
0.1498595178127288,20.000001907348636,30.0,17,2021,6,6
0.0,69.29997253417969,32.0,17,2021,6,6
0.0,25.099998474121094,37.0,17,2021,6,6
0.0,1.8000000715255735,38.0,17,2021,6,6
0.0,25.399995803833008,39.0,17,2021,6,6
0.2947147488594055,0.0,44.0,17,2021,6,6
0.0,0.0,5.0,18,2021,6,6
5.175065994262695,0.0,9.0,18,2021,6,6
3.266732215881348,47.09999847412109,11.0,18,2021,6,6
4.794620513916016,37.29999923706055,13.0,18,2021,6,6
1.874981164932251,0.0,25.0,18,2021,6,6
1.0143404006958008,0.0,29.0,18,2021,6,6
0.0,0.0,30.0,18,2021,6,6
0.0,0.0,32.0,18,2021,6,6
0.0,0.0,37.0,18,2021,6,6
0.0,0.0,38.0,18,2021,6,6
0.0,0.0,39.0,18,2021,6,6
0.7374824285507202,0.0,44.0,18,2021,6,6
0.0,0.0,5.0,19,2021,6,6
2.350536584854126,36.50000381469727,9.0,19,2021,6,6
1.4804177284240725,113.9000244140625,11.0,19,2021,6,6
2.678640127182007,38.399993896484375,13.0,19,2021,6,6
1.120571851730347,0.0,25.0,19,2021,6,6
0.6713181734085083,0.0,29.0,19,2021,6,6
0.0299119502305984,0.0,30.0,19,2021,6,6
0.0,0.0,32.0,19,2021,6,6
0.0,0.0,37.0,19,2021,6,6
0.0,0.0,38.0,19,2021,6,6
0.0,0.0,39.0,19,2021,6,6
0.6174675226211548,0.0,44.0,19,2021,6,6
0.0,1.8000000715255735,5.0,20,2021,6,6
0.8892449140548706,7.800000190734863,9.0,20,2021,6,6
0.0,5.600000381469727,11.0,20,2021,6,6
0.9736656546592712,3.799999952316284,13.0,20,2021,6,6
0.0809220373630523,5.500000953674316,25.0,20,2021,6,6
0.014262419193983,3.6999998092651367,29.0,20,2021,6,6
0.0,15.0,30.0,20,2021,6,6
0.0,0.0,32.0,20,2021,6,6
0.0,15.400002479553224,37.0,20,2021,6,6
0.0,24.10000228881836,38.0,20,2021,6,6
0.0,3.1000001430511475,39.0,20,2021,6,6
0.0,0.0,44.0,20,2021,6,6
0.0,22.099998474121094,5.0,7,2022,6,6
1.84342622756958,7.0,9.0,7,2022,6,6
6.601190090179443,9.599998474121094,11.0,7,2022,6,6
7.68946647644043,3.400000095367432,13.0,7,2022,6,6
0.909113347530365,11.0,25.0,7,2022,6,6
0.9134258031845092,0.3000000715255737,29.0,7,2022,6,6
0.0,2.999999523162842,30.0,7,2022,6,6
0.0,0.0,32.0,7,2022,6,6
0.0,0.0,37.0,7,2022,6,6
0.0,1.999999761581421,38.0,7,2022,6,6
0.0,0.0,39.0,7,2022,6,6
0.9188025593757628,0.0999999865889549,44.0,7,2022,6,6
0.0,40.99999237060547,5.0,8,2022,6,6
6.56236743927002,48.99999237060547,9.0,8,2022,6,6
3.6164214611053462,5.999999523162842,11.0,8,2022,6,6
6.295371055603027,30.99999237060547,13.0,8,2022,6,6
0.9261690378189088,39.0,25.0,8,2022,6,6
0.565523624420166,69.70001220703125,29.0,8,2022,6,6
0.0750797614455223,72.00001525878906,30.0,8,2022,6,6
0.0,44.99999237060547,32.0,8,2022,6,6
0.0,20.000001907348636,37.0,8,2022,6,6
0.0,1.999999761581421,38.0,8,2022,6,6
0.0,18.0,39.0,8,2022,6,6
0.9623212218284608,7.0,44.0,8,2022,6,6
0.0,29.000001907348636,5.0,9,2022,6,6
4.612499713897705,47.999996185302734,9.0,9,2022,6,6
1.4900104999542236,75.0,11.0,9,2022,6,6
2.9948201179504395,0.0,13.0,9,2022,6,6
0.741134762763977,32.000003814697266,25.0,9,2022,6,6
0.4432185590267181,37.999996185302734,29.0,9,2022,6,6
0.2005970180034637,2.500000238418579,30.0,9,2022,6,6
0.0,20.000001907348636,32.0,9,2022,6,6
0.0,0.0,37.0,9,2022,6,6
0.0,7.0,38.0,9,2022,6,6
0.0,12.000001907348633,39.0,9,2022,6,6
0.4775376617908478,10.000000953674316,44.0,9,2022,6,6
0.0,15.0,5.0,10,2022,6,6
2.738595724105835,23.0,9.0,10,2022,6,6
1.8543171882629397,33.0,11.0,10,2022,6,6
5.678986072540283,13.000000953674316,13.0,10,2022,6,6
0.8768498301506042,13.000000953674316,25.0,10,2022,6,6
0.1049326956272125,16.0,29.0,10,2022,6,6
0.2424736469984054,0.0999999865889549,30.0,10,2022,6,6
0.0,0.9999998807907104,32.0,10,2022,6,6
0.0,0.0,37.0,10,2022,6,6
0.0,0.0,38.0,10,2022,6,6
0.0,2.999999523162842,39.0,10,2022,6,6
1.2504204511642456,9.0,44.0,10,2022,6,6
0.0,9.0,5.0,11,2022,6,6
0.9558981657028198,7.300000190734863,9.0,11,2022,6,6
1.260910987854004,23.500003814697266,11.0,11,2022,6,6
2.4762990474700928,10.000000953674316,13.0,11,2022,6,6
0.4741227626800537,7.0,25.0,11,2022,6,6
0.7633770704269409,0.9999998807907104,29.0,11,2022,6,6
0.0,0.0,30.0,11,2022,6,6
0.0,0.9000000953674316,32.0,11,2022,6,6
0.0,0.0,37.0,11,2022,6,6
0.0,0.0,38.0,11,2022,6,6
0.0,0.2000000029802322,39.0,11,2022,6,6
0.3507897555828094,5.999999523162842,44.0,11,2022,6,6
0.0,1.999999761581421,5.0,12,2022,6,6
3.649752378463745,28.49999618530273,9.0,12,2022,6,6
1.6701407432556152,8.5,11.0,12,2022,6,6
4.61765718460083,1.999999761581421,13.0,12,2022,6,6
1.7062244415283203,1.2999999523162842,25.0,12,2022,6,6
0.4130467176437378,0.0999999865889549,29.0,12,2022,6,6
0.4838164448738098,0.0,30.0,12,2022,6,6
0.0,0.0,32.0,12,2022,6,6
0.0,0.0,37.0,12,2022,6,6
0.0913250669836998,0.0,38.0,12,2022,6,6
0.0641206055879592,0.0,39.0,12,2022,6,6
0.7167466878890991,0.0,44.0,12,2022,6,6
0.0,2.1000001430511475,5.0,13,2022,6,6
0.6562405824661255,0.5999999046325684,9.0,13,2022,6,6
1.2337419986724854,2.999999523162842,11.0,13,2022,6,6
5.009979248046875,2.999999523162842,13.0,13,2022,6,6
0.7906002998352051,0.6999999284744263,25.0,13,2022,6,6
0.6947764158248901,1.999999761581421,29.0,13,2022,6,6
0.0,0.0,30.0,13,2022,6,6
0.0,0.0,32.0,13,2022,6,6
0.0,0.0,37.0,13,2022,6,6
0.0,0.0,38.0,13,2022,6,6
0.0,0.0,39.0,13,2022,6,6
0.2061030119657516,0.0,44.0,13,2022,6,6
0.0,1.1000001430511477,5.0,14,2022,6,6
1.7020145654678345,5.999999523162842,9.0,14,2022,6,6
2.694516658782959,2.999999523162842,11.0,14,2022,6,6
7.055708408355713,12.000001907348633,13.0,14,2022,6,6
2.4952962398529053,1.1999998092651367,25.0,14,2022,6,6
0.2923444509506225,0.0,29.0,14,2022,6,6
0.0,0.0,30.0,14,2022,6,6
0.0,0.0,32.0,14,2022,6,6
0.0,0.0,37.0,14,2022,6,6
0.0,0.0,38.0,14,2022,6,6
0.0,0.0,39.0,14,2022,6,6
0.4980397224426269,0.0,44.0,14,2022,6,6
0.0,0.0,5.0,15,2022,6,6
1.71995210647583,0.0,9.0,15,2022,6,6
1.2081059217453003,0.0,11.0,15,2022,6,6
3.197512626647949,0.0,13.0,15,2022,6,6
0.6898287534713745,0.0,25.0,15,2022,6,6
0.1088490113615989,0.0,29.0,15,2022,6,6
0.4168847203254699,0.0,30.0,15,2022,6,6
0.0,0.0,32.0,15,2022,6,6
0.0,0.0,37.0,15,2022,6,6
0.0,0.0,38.0,15,2022,6,6
0.0,0.0,39.0,15,2022,6,6
0.1231401413679122,0.0,44.0,15,2022,6,6
0.0,8.0,5.0,16,2022,6,6
1.685370683670044,12.000001907348633,9.0,16,2022,6,6
2.7061281204223637,7.100000381469727,11.0,16,2022,6,6
3.357973575592041,22.0,13.0,16,2022,6,6
0.6151331663131714,7.0,25.0,16,2022,6,6
1.2687546014785769,0.0,29.0,16,2022,6,6
0.0,0.0,30.0,16,2022,6,6
0.0,0.0,32.0,16,2022,6,6
0.0,0.0,37.0,16,2022,6,6
0.0,0.0,38.0,16,2022,6,6
0.0,0.5,39.0,16,2022,6,6
0.2021889686584472,0.6999999284744263,44.0,16,2022,6,6
0.0,4.0,5.0,17,2022,6,6
1.834242582321167,14.000000953674316,9.0,17,2022,6,6
2.2253780364990234,8.0,11.0,17,2022,6,6
2.600221872329712,5.999999523162842,13.0,17,2022,6,6
0.8750103712081909,0.2000000029802322,25.0,17,2022,6,6
0.2658939957618713,0.6999999284744263,29.0,17,2022,6,6
0.0,13.40000343322754,30.0,17,2022,6,6
0.0,14.499999046325684,32.0,17,2022,6,6
0.0,2.999999523162842,37.0,17,2022,6,6
0.0,14.000000953674316,38.0,17,2022,6,6
0.0,3.1000001430511475,39.0,17,2022,6,6
0.0743493661284446,42.99999237060547,44.0,17,2022,6,6
0.0,4.099999904632568,5.0,18,2022,6,6
3.7549898624420166,19.0,9.0,18,2022,6,6
2.255310535430908,50.199989318847656,11.0,18,2022,6,6
3.4788658618927,21.000001907348636,13.0,18,2022,6,6
2.267729520797729,4.800000190734863,25.0,18,2022,6,6
0.9985081553459167,1.1999998092651367,29.0,18,2022,6,6
0.0167540498077869,15.600000381469728,30.0,18,2022,6,6
0.0,1.2999999523162842,32.0,18,2022,6,6
0.0,1.999999761581421,37.0,18,2022,6,6
0.0,39.19999694824219,38.0,18,2022,6,6
0.0,0.0999999865889549,39.0,18,2022,6,6
0.5628759264945984,4.0,44.0,18,2022,6,6
0.0,0.0,5.0,19,2022,6,6
2.2321457862854004,0.9999998807907104,9.0,19,2022,6,6
1.6245911121368408,15.0,11.0,19,2022,6,6
3.656560897827149,4.999999523162842,13.0,19,2022,6,6
1.8648550510406492,4.0,25.0,19,2022,6,6
0.7255821228027344,3.5000007152557373,29.0,19,2022,6,6
0.0,8.0,30.0,19,2022,6,6
0.0,2.999999523162842,32.0,19,2022,6,6
0.0,2.999999523162842,37.0,19,2022,6,6
0.0090250382199883,0.0,38.0,19,2022,6,6
0.0,10.000000953674316,39.0,19,2022,6,6
0.3153100311756134,51.999996185302734,44.0,19,2022,6,6
0.0,30.99999237060547,5.0,20,2022,6,6
2.0894596576690674,13.000000953674316,9.0,20,2022,6,6
1.4332095384597778,22.20000267028809,11.0,20,2022,6,6
2.363917827606201,10.000000953674316,13.0,20,2022,6,6
0.937349021434784,24.000001907348636,25.0,20,2022,6,6
0.5140562653541565,16.299997329711914,29.0,20,2022,6,6
0.0,8.199999809265137,30.0,20,2022,6,6
0.0,0.0,32.0,20,2022,6,6
0.0,1.999999761581421,37.0,20,2022,6,6
0.0,4.0,38.0,20,2022,6,6
0.0,0.0,39.0,20,2022,6,6
0.2500578761100769,0.0,44.0,20,2022,6,6
0.0,4.0,5.0,7,2023,6,6
2.0903749465942383,8.0,9.0,7,2023,6,6
3.3188042640686035,2.999999523162842,11.0,7,2023,6,6
6.598307132720947,4.0,13.0,7,2023,6,6
1.9981110095977783,8.0,25.0,7,2023,6,6
0.8346089124679565,0.0,29.0,7,2023,6,6
0.0,5.100000381469727,30.0,7,2023,6,6
0.0,2.999999523162842,32.0,7,2023,6,6
0.0,0.9999998807907104,37.0,7,2023,6,6
0.0,0.9999998807907104,38.0,7,2023,6,6
0.0,3.6999998092651367,39.0,7,2023,6,6
0.8996317386627197,70.00001525878906,44.0,7,2023,6,6
0.0,35.999996185302734,5.0,8,2023,6,6
2.011312961578369,35.999996185302734,9.0,8,2023,6,6
2.613891363143921,21.000001907348636,11.0,8,2023,6,6
6.122503757476807,20.000001907348636,13.0,8,2023,6,6
2.13960862159729,45.99999237060547,25.0,8,2023,6,6
0.7113659381866455,8.199999809265137,29.0,8,2023,6,6
0.1589446067810058,2.999999523162842,30.0,8,2023,6,6
0.0,30.99999237060547,32.0,8,2023,6,6
0.0,8.0,37.0,8,2023,6,6
0.0168244373053312,17.0,38.0,8,2023,6,6
0.0,20.80000305175781,39.0,8,2023,6,6
0.672210693359375,9.0,44.0,8,2023,6,6
0.0,0.5999999046325684,5.0,9,2023,6,6
3.6561412811279297,41.99999237060547,9.0,9,2023,6,6
3.912778377532959,26.000001907348636,11.0,9,2023,6,6
5.755200386047363,27.999998092651367,13.0,9,2023,6,6
2.288323879241944,2.200000286102295,25.0,9,2023,6,6
1.0752111673355105,0.0999999865889549,29.0,9,2023,6,6
0.0016859250608831,0.9999998807907104,30.0,9,2023,6,6
0.0,15.0,32.0,9,2023,6,6
0.0,13.000000953674316,37.0,9,2023,6,6
0.0,0.0,38.0,9,2023,6,6
0.0,4.999999523162842,39.0,9,2023,6,6
1.145227551460266,37.999996185302734,44.0,9,2023,6,6
0.0,1.3999998569488523,5.0,10,2023,6,6
3.73195743560791,15.0,9.0,10,2023,6,6
4.814371109008789,13.000000953674316,11.0,10,2023,6,6
6.936051845550537,8.0,13.0,10,2023,6,6
2.01220703125,1.8000000715255735,25.0,10,2023,6,6
0.546049177646637,4.899999618530273,29.0,10,2023,6,6
0.1766784489154815,0.0,30.0,10,2023,6,6
0.0,0.9999998807907104,32.0,10,2023,6,6
0.0,0.0,37.0,10,2023,6,6
0.0,0.0,38.0,10,2023,6,6
0.0,0.9999998807907104,39.0,10,2023,6,6
1.237584352493286,0.0,44.0,10,2023,6,6
0.0,0.0,5.0,11,2023,6,6
2.6898317337036133,37.0,9.0,11,2023,6,6
5.249848365783691,4.700000286102295,11.0,11,2023,6,6
6.745294570922852,37.0,13.0,11,2023,6,6
2.2829253673553467,0.0,25.0,11,2023,6,6
0.6054816246032715,0.0,29.0,11,2023,6,6
0.0,0.3000000715255737,30.0,11,2023,6,6
0.0,0.0,32.0,11,2023,6,6
0.0,0.0,37.0,11,2023,6,6
0.0315674357116222,0.0,38.0,11,2023,6,6
0.0,0.0,39.0,11,2023,6,6
0.3562234044075012,0.0,44.0,11,2023,6,6
0.0,0.0,5.0,12,2023,6,6
3.7849009037017822,4.999999523162842,9.0,12,2023,6,6
4.870051860809326,0.0,11.0,12,2023,6,6
7.154107093811035,46.99999237060547,13.0,12,2023,6,6
1.6134066581726074,0.3000000715255737,25.0,12,2023,6,6
1.386224627494812,0.5999999046325684,29.0,12,2023,6,6
0.5406671166419983,0.0,30.0,12,2023,6,6
0.2118319123983383,0.0,32.0,12,2023,6,6
0.0,0.0,37.0,12,2023,6,6
0.1314252614974975,0.9000000953674316,38.0,12,2023,6,6
0.0,0.5,39.0,12,2023,6,6
0.013339483179152,31.5000057220459,44.0,12,2023,6,6
0.0,0.0999999865889549,5.0,13,2023,6,6
1.4546912908554075,0.0,9.0,13,2023,6,6
3.670314311981201,0.0,11.0,13,2023,6,6
6.300893306732178,4.0,13.0,13,2023,6,6
0.9769811630249025,2.900000095367432,25.0,13,2023,6,6
0.366464614868164,14.000000953674316,29.0,13,2023,6,6
0.0,20.000001907348636,30.0,13,2023,6,6
0.0,0.4000000953674316,32.0,13,2023,6,6
0.0,9.0,37.0,13,2023,6,6
0.0,12.000001907348633,38.0,13,2023,6,6
0.0,0.0,39.0,13,2023,6,6
0.5652608871459961,65.99998474121094,44.0,13,2023,6,6
0.0,9.400001525878906,5.0,14,2023,6,6
3.709883689880371,73.00000762939453,9.0,14,2023,6,6
4.21007251739502,2.999999523162842,11.0,14,2023,6,6
7.107614994049072,68.0,13.0,14,2023,6,6
1.0633320808410645,7.0,25.0,14,2023,6,6
0.8969062566757202,9.0,29.0,14,2023,6,6
0.0,4.999999523162842,30.0,14,2023,6,6
0.0,2.8000001907348637,32.0,14,2023,6,6
0.0,0.9999998807907104,37.0,14,2023,6,6
0.0852512419223785,4.999999523162842,38.0,14,2023,6,6
0.0,0.0999999865889549,39.0,14,2023,6,6
0.7032970190048218,0.0,44.0,14,2023,6,6
0.0,0.0,5.0,15,2023,6,6
7.12668514251709,16.0,9.0,15,2023,6,6
2.64121675491333,5.999999523162842,11.0,15,2023,6,6
8.151674270629883,19.0,13.0,15,2023,6,6
1.0785659551620483,0.5999999046325684,25.0,15,2023,6,6
1.7298895120620728,0.0,29.0,15,2023,6,6
0.3403384983539581,0.0,30.0,15,2023,6,6
0.072892777621746,0.0,32.0,15,2023,6,6
0.0105632515624165,0.0,37.0,15,2023,6,6
0.0,0.0,38.0,15,2023,6,6
0.0,0.0,39.0,15,2023,6,6
1.555030345916748,5.999999523162842,44.0,15,2023,6,6
0.0,20.30000305175781,5.0,16,2023,6,6
5.139512062072754,0.0,9.0,16,2023,6,6
1.808210611343384,23.0,11.0,16,2023,6,6
5.168165683746338,8.0,13.0,16,2023,6,6
1.350474834442139,7.40000057220459,25.0,16,2023,6,6
2.3488786220550537,4.300000190734863,29.0,16,2023,6,6
0.1091729253530502,0.0,30.0,16,2023,6,6
0.0,0.0,32.0,16,2023,6,6
0.0,0.0,37.0,16,2023,6,6
0.5812647342681885,0.0,38.0,16,2023,6,6
0.0,0.0,39.0,16,2023,6,6
0.7033982276916504,29.000001907348636,44.0,16,2023,6,6
0.0,0.5999999046325684,5.0,17,2023,6,6
5.124048233032227,5.999999523162842,9.0,17,2023,6,6
1.5102800130844116,15.0,11.0,17,2023,6,6
5.153102397918701,8.0,13.0,17,2023,6,6
1.503093957901001,1.8000000715255735,25.0,17,2023,6,6
2.373332977294922,0.0,29.0,17,2023,6,6
0.198096364736557,0.2000000029802322,30.0,17,2023,6,6
0.0,2.999999523162842,32.0,17,2023,6,6
0.0,0.5999999046325684,37.0,17,2023,6,6
0.1479604989290237,0.5,38.0,17,2023,6,6
0.0,0.9999998807907104,39.0,17,2023,6,6
0.8880521059036255,0.9000000953674316,44.0,17,2023,6,6
0.0,35.999996185302734,5.0,18,2023,6,6
2.0993380546569824,79.0,9.0,18,2023,6,6
1.6029435396194458,19.0,11.0,18,2023,6,6
7.111520290374756,63.0,13.0,18,2023,6,6
1.8061866760253904,16.80000114440918,25.0,18,2023,6,6
1.6368460655212402,16.100004196166992,29.0,18,2023,6,6
0.0,24.5,30.0,18,2023,6,6
0.0,9.0,32.0,18,2023,6,6
0.0,19.40000534057617,37.0,18,2023,6,6
0.0,1.3999998569488523,38.0,18,2023,6,6
0.0,13.000000953674316,39.0,18,2023,6,6
0.823247492313385,4.099999904632568,44.0,18,2023,6,6
0.0,84.99998474121094,5.0,19,2023,6,6
2.226320743560791,19.0,9.0,19,2023,6,6
2.621159553527832,8.199999809265137,11.0,19,2023,6,6
3.872957229614258,43.99999237060547,13.0,19,2023,6,6
0.8038490414619446,65.99998474121094,25.0,19,2023,6,6
1.6143369674682615,22.899999618530277,29.0,19,2023,6,6
0.3567846715450287,58.299991607666016,30.0,19,2023,6,6
0.0,58.00000381469727,32.0,19,2023,6,6
0.311700701713562,70.00001525878906,37.0,19,2023,6,6
0.0277430992573499,73.00000762939453,38.0,19,2023,6,6
0.0,99.00000762939452,39.0,19,2023,6,6
0.413350909948349,24.000001907348636,44.0,19,2023,6,6
0.0,2.999999523162842,5.0,20,2023,6,6
1.0040547847747805,0.0,9.0,20,2023,6,6
1.3642663955688477,0.0,11.0,20,2023,6,6
2.4426965713500977,0.0,13.0,20,2023,6,6
0.93605375289917,4.0,25.0,20,2023,6,6
0.9088351726531982,8.0,29.0,20,2023,6,6
0.0,2.999999523162842,30.0,20,2023,6,6
0.0,1.999999761581421,32.0,20,2023,6,6
0.0,19.0,37.0,20,2023,6,6
0.0,9.0,38.0,20,2023,6,6
0.0,11.0,39.0,20,2023,6,6
0.098414346575737,16.0,44.0,20,2023,6,6
0.0,2.1000001430511475,5.0,7,2020,6,10
3.0311105251312256,3.200000286102295,9.0,7,2020,6,10
2.533178329467773,9.899999618530272,11.0,7,2020,6,10
6.361138820648193,11.599998474121094,13.0,7,2020,6,10
0.7137396931648254,0.9999998807907104,25.0,7,2020,6,10
1.5225234031677246,0.0,29.0,7,2020,6,10
0.1909448355436325,1.600000023841858,30.0,7,2020,6,10
0.0,0.0,32.0,7,2020,6,10
0.0,0.0,37.0,7,2020,6,10
0.1762864887714386,0.0,38.0,7,2020,6,10
0.0,0.0,39.0,7,2020,6,10
0.3337777554988861,0.0,44.0,7,2020,6,10
0.0,0.0,5.0,8,2020,6,10
5.929878234863281,11.799999237060549,9.0,8,2020,6,10
3.2377402782440186,6.90000057220459,11.0,8,2020,6,10
8.355574607849121,12.399999618530272,13.0,8,2020,6,10
2.2308619022369385,48.69999694824219,25.0,8,2020,6,10
1.7685320377349854,0.0,29.0,8,2020,6,10
0.1934788525104522,10.000000953674316,30.0,8,2020,6,10
0.0,0.0,32.0,8,2020,6,10
0.0,0.0,37.0,8,2020,6,10
0.0,0.0,38.0,8,2020,6,10
0.0,0.0,39.0,8,2020,6,10
0.2443225085735321,0.0,44.0,8,2020,6,10
0.0,18.299997329711918,5.0,9,2020,6,10
3.894781827926636,15.799997329711914,9.0,9,2020,6,10
1.5872215032577517,0.0,11.0,9,2020,6,10
5.206246376037598,30.299999237060547,13.0,9,2020,6,10
1.1079813241958618,11.69999885559082,25.0,9,2020,6,10
0.6498823761940002,2.900000095367432,29.0,9,2020,6,10
0.0,20.199996948242188,30.0,9,2020,6,10
0.0,0.0,32.0,9,2020,6,10
0.0,0.0,37.0,9,2020,6,10
0.0,0.0,38.0,9,2020,6,10
0.0,0.9999998807907104,39.0,9,2020,6,10
0.2257818877696991,13.000000953674316,44.0,9,2020,6,10
0.0,0.0,5.0,10,2020,6,10
2.6285760402679443,0.6999999284744263,9.0,10,2020,6,10
2.16743278503418,15.0,11.0,10,2020,6,10
4.593371868133545,4.399999618530273,13.0,10,2020,6,10
1.4655745029449463,12.100000381469728,25.0,10,2020,6,10
0.0,0.0,29.0,10,2020,6,10
0.2719688415527344,4.600000858306885,30.0,10,2020,6,10
0.0,0.0,32.0,10,2020,6,10
0.0,0.0,37.0,10,2020,6,10
0.0,0.9999998807907104,38.0,10,2020,6,10
0.0,0.0,39.0,10,2020,6,10
0.0,0.0,44.0,10,2020,6,10
0.0,0.0,5.0,11,2020,6,10
2.3191232681274414,9.0,9.0,11,2020,6,10
2.75369930267334,0.0,11.0,11,2020,6,10
4.660872459411621,8.90000057220459,13.0,11,2020,6,10
1.5073258876800537,0.0,25.0,11,2020,6,10
0.8798708319664001,0.0,29.0,11,2020,6,10
0.0,0.0,30.0,11,2020,6,10
0.0,0.0,32.0,11,2020,6,10
0.0,0.0,37.0,11,2020,6,10
0.0,0.0,38.0,11,2020,6,10
0.0,0.0,39.0,11,2020,6,10
0.1480363458395004,0.0,44.0,11,2020,6,10
0.0,0.0,5.0,12,2020,6,10
7.748697280883789,0.0,9.0,12,2020,6,10
5.4839348793029785,3.5000007152557373,11.0,12,2020,6,10
9.824459075927734,1.9000003337860107,13.0,12,2020,6,10
2.014842748641968,0.0,25.0,12,2020,6,10
1.107840657234192,0.0,29.0,12,2020,6,10
0.6316742300987244,0.0,30.0,12,2020,6,10
0.1742614060640335,0.0,32.0,12,2020,6,10
0.0,0.0,37.0,12,2020,6,10
0.1214117780327797,0.0,38.0,12,2020,6,10
0.0,0.0,39.0,12,2020,6,10
0.0,0.0,44.0,12,2020,6,10
0.0,0.0,5.0,13,2020,6,10
3.6600441932678223,5.1999993324279785,9.0,13,2020,6,10
2.392973661422729,0.0,11.0,13,2020,6,10
6.97791862487793,0.0,13.0,13,2020,6,10
1.6477148532867432,0.0,25.0,13,2020,6,10
0.8426205515861511,0.0,29.0,13,2020,6,10
0.0,0.0,30.0,13,2020,6,10
0.0,0.0,32.0,13,2020,6,10
0.0,0.0,37.0,13,2020,6,10
0.0,0.0,38.0,13,2020,6,10
0.0,0.0,39.0,13,2020,6,10
0.3654944002628326,0.0,44.0,13,2020,6,10
0.0,0.0,5.0,14,2020,6,10
5.991341590881348,0.0,9.0,14,2020,6,10
2.968404769897461,39.0,11.0,14,2020,6,10
5.884638786315918,28.49999618530273,13.0,14,2020,6,10
2.039836883544922,0.0,25.0,14,2020,6,10
2.200479507446289,0.0,29.0,14,2020,6,10
0.0636995583772659,0.0,30.0,14,2020,6,10
0.0,0.0,32.0,14,2020,6,10
0.0,0.0,37.0,14,2020,6,10
0.0119889611378312,0.0,38.0,14,2020,6,10
0.0,0.0,39.0,14,2020,6,10
1.2861684560775757,0.0,44.0,14,2020,6,10
0.0,0.0,5.0,15,2020,6,10
2.679705619812012,0.0,9.0,15,2020,6,10
2.988448143005371,0.0,11.0,15,2020,6,10
6.049897193908691,32.29999542236328,13.0,15,2020,6,10
1.0599550008773804,0.0,25.0,15,2020,6,10
1.528223752975464,0.0,29.0,15,2020,6,10
0.4890535771846771,0.0,30.0,15,2020,6,10
0.1406545639038086,0.0,32.0,15,2020,6,10
0.0140325678512454,0.0,37.0,15,2020,6,10
0.0566966980695724,0.0,38.0,15,2020,6,10
0.0,0.0,39.0,15,2020,6,10
0.5103025436401367,0.0,44.0,15,2020,6,10
0.0,1.8000000715255735,5.0,16,2020,6,10
3.828789472579956,119.8000259399414,9.0,16,2020,6,10
2.520026445388794,20.400001525878903,11.0,16,2020,6,10
5.316104888916016,95.89999389648438,13.0,16,2020,6,10
1.321268916130066,0.800000011920929,25.0,16,2020,6,10
1.1155732870101929,0.5,29.0,16,2020,6,10
0.3163786232471466,0.0,30.0,16,2020,6,10
0.0,0.0,32.0,16,2020,6,10
0.0014665212947875,0.0,37.0,16,2020,6,10
0.2805262207984924,0.0,38.0,16,2020,6,10
0.0,0.0,39.0,16,2020,6,10
1.2763237953186035,0.0,44.0,16,2020,6,10
0.0,2.1000001430511475,5.0,17,2020,6,10
3.1369433403015137,1.999999761581421,9.0,17,2020,6,10
2.149540662765503,11.200000762939451,11.0,17,2020,6,10
5.9687604904174805,15.799997329711914,13.0,17,2020,6,10
1.532994508743286,0.800000011920929,25.0,17,2020,6,10
0.60713130235672,1.1000001430511477,29.0,17,2020,6,10
0.0,0.0,30.0,17,2020,6,10
0.0,0.0,32.0,17,2020,6,10
0.0,0.0,37.0,17,2020,6,10
0.1790132671594619,0.0,38.0,17,2020,6,10
0.0,0.0,39.0,17,2020,6,10
1.2534115314483645,0.0,44.0,17,2020,6,10
0.0,0.0,5.0,18,2020,6,10
2.8291571140289307,0.0,9.0,18,2020,6,10
2.639091968536377,0.0,11.0,18,2020,6,10
4.431347846984863,0.0,13.0,18,2020,6,10
1.2661828994750977,0.0,25.0,18,2020,6,10
1.2027533054351809,0.0,29.0,18,2020,6,10
0.0,0.0,30.0,18,2020,6,10
0.0,0.0,32.0,18,2020,6,10
0.0,0.0,37.0,18,2020,6,10
0.0,0.0,38.0,18,2020,6,10
0.0,0.0,39.0,18,2020,6,10
0.8275197148323059,0.0,44.0,18,2020,6,10
0.0,0.0,5.0,19,2020,6,10
3.123626232147217,0.0,9.0,19,2020,6,10
1.46609365940094,0.0,11.0,19,2020,6,10
3.358609914779663,0.0,13.0,19,2020,6,10
1.3056960105895996,0.0,25.0,19,2020,6,10
0.8274890780448914,0.0,29.0,19,2020,6,10
0.0,0.0,30.0,19,2020,6,10
0.0,0.0,32.0,19,2020,6,10
0.0,0.0,37.0,19,2020,6,10
0.0,3.200000286102295,38.0,19,2020,6,10
0.0,0.0,39.0,19,2020,6,10
0.7504023313522339,0.0,44.0,19,2020,6,10
0.0,0.0,5.0,20,2020,6,10
1.5087029933929443,22.0,9.0,20,2020,6,10
1.31225323677063,0.0,11.0,20,2020,6,10
2.682027578353882,22.40000343322754,13.0,20,2020,6,10
0.8006769418716431,0.0,25.0,20,2020,6,10
0.21770079433918,0.0,29.0,20,2020,6,10
0.0,0.0,30.0,20,2020,6,10
0.0,0.0,32.0,20,2020,6,10
0.0,0.0,37.0,20,2020,6,10
0.0,0.0,38.0,20,2020,6,10
0.0,0.0,39.0,20,2020,6,10
0.5074098110198975,0.0,44.0,20,2020,6,10
0.0,0.0,5.0,7,2021,6,10
2.299082040786743,0.0,9.0,7,2021,6,10
3.5105090141296387,0.0,11.0,7,2021,6,10
6.683793067932129,0.0,13.0,7,2021,6,10
1.3242475986480713,0.0,25.0,7,2021,6,10
0.5636418461799622,0.0,29.0,7,2021,6,10
0.111237846314907,0.0,30.0,7,2021,6,10
0.0,0.0,32.0,7,2021,6,10
0.0,0.0,37.0,7,2021,6,10
0.0,0.0,38.0,7,2021,6,10
0.0,0.0,39.0,7,2021,6,10
0.10737294703722,0.0,44.0,7,2021,6,10
0.0,0.0,5.0,8,2021,6,10
5.068621635437012,0.0,9.0,8,2021,6,10
3.378767490386963,0.0,11.0,8,2021,6,10
6.783352375030518,1.3999998569488523,13.0,8,2021,6,10
2.821943759918213,0.0,25.0,8,2021,6,10
1.033957600593567,0.0,29.0,8,2021,6,10
0.4839435815811157,0.0,30.0,8,2021,6,10
0.0163411386311054,0.0,32.0,8,2021,6,10
0.0,0.0,37.0,8,2021,6,10
0.0,0.0,38.0,8,2021,6,10
0.0,0.0,39.0,8,2021,6,10
0.6162500977516174,0.0,44.0,8,2021,6,10
0.0,0.0,5.0,9,2021,6,10
2.982548236846924,0.0,9.0,9,2021,6,10
4.063084125518799,0.0,11.0,9,2021,6,10
6.932507038116455,0.0,13.0,9,2021,6,10
1.1077394485473633,0.0,25.0,9,2021,6,10
1.1837103366851809,0.0,29.0,9,2021,6,10
0.1417714059352874,0.0,30.0,9,2021,6,10
0.0,0.0,32.0,9,2021,6,10
0.0,0.0,37.0,9,2021,6,10
0.1308252960443496,0.0,38.0,9,2021,6,10
0.0,0.0,39.0,9,2021,6,10
0.0522056333720684,0.0,44.0,9,2021,6,10
0.0,0.0,5.0,10,2021,6,10
7.675325870513916,0.0,9.0,10,2021,6,10
4.255476474761963,0.0,11.0,10,2021,6,10
6.96025276184082,0.0,13.0,10,2021,6,10
2.3474953174591064,0.0,25.0,10,2021,6,10
1.6817162036895752,0.0,29.0,10,2021,6,10
0.1675148755311966,0.0,30.0,10,2021,6,10
0.0,0.0,32.0,10,2021,6,10
0.0,0.0,37.0,10,2021,6,10
0.0,0.0,38.0,10,2021,6,10
0.0,0.0,39.0,10,2021,6,10
0.0591077506542205,0.0,44.0,10,2021,6,10
0.0,0.0,5.0,11,2021,6,10
7.566545486450195,0.0,9.0,11,2021,6,10
2.982551097869873,0.0,11.0,11,2021,6,10
9.607219696044922,0.0,13.0,11,2021,6,10
2.595942974090576,0.0,25.0,11,2021,6,10
0.7696617841720581,0.0,29.0,11,2021,6,10
0.0353984721004962,0.0,30.0,11,2021,6,10
0.0,0.0,32.0,11,2021,6,10
0.0,0.0,37.0,11,2021,6,10
0.0,0.0,38.0,11,2021,6,10
0.0,0.0,39.0,11,2021,6,10
0.0,0.0,44.0,11,2021,6,10
0.0168369747698307,0.0,5.0,12,2021,6,10
8.732696533203125,0.0,9.0,12,2021,6,10
2.331584930419922,0.0,11.0,12,2021,6,10
10.651473999023438,0.0,13.0,12,2021,6,10
2.3589863777160645,0.0,25.0,12,2021,6,10
2.8194429874420166,0.0,29.0,12,2021,6,10
0.5658997893333435,0.0,30.0,12,2021,6,10
0.0,0.0,32.0,12,2021,6,10
0.0707305446267128,0.0,37.0,12,2021,6,10
0.1171166375279426,0.0,38.0,12,2021,6,10
0.0,0.0,39.0,12,2021,6,10
0.0,0.0,44.0,12,2021,6,10
0.0,0.0,5.0,13,2021,6,10
3.801342010498047,51.30001831054688,9.0,13,2021,6,10
3.035647392272949,66.70001983642578,11.0,13,2021,6,10
11.359827041625977,54.60000228881836,13.0,13,2021,6,10
2.0272228717803955,0.0,25.0,13,2021,6,10
1.0341068506240845,0.0,29.0,13,2021,6,10
0.0,20.000001907348636,30.0,13,2021,6,10
0.0,69.29997253417969,32.0,13,2021,6,10
0.0,25.099998474121094,37.0,13,2021,6,10
0.0,1.8000000715255735,38.0,13,2021,6,10
0.0,25.399995803833008,39.0,13,2021,6,10
0.0,0.0,44.0,13,2021,6,10
0.0,0.0,5.0,14,2021,6,10
8.29366683959961,0.0,9.0,14,2021,6,10
7.2724385261535645,47.09999847412109,11.0,14,2021,6,10
11.073863983154297,37.29999923706055,13.0,14,2021,6,10
3.1385610103607178,0.0,25.0,14,2021,6,10
1.954980492591858,0.0,29.0,14,2021,6,10
0.0885946005582809,0.0,30.0,14,2021,6,10
0.0,0.0,32.0,14,2021,6,10
0.0257474053651094,0.0,37.0,14,2021,6,10
0.5662844777107239,0.0,38.0,14,2021,6,10
0.0,0.0,39.0,14,2021,6,10
0.287858635187149,0.0,44.0,14,2021,6,10
0.0359527207911014,0.0,5.0,15,2021,6,10
5.64256763458252,36.50000381469727,9.0,15,2021,6,10
3.669895648956299,113.9000244140625,11.0,15,2021,6,10
8.927241325378418,38.399993896484375,13.0,15,2021,6,10
1.2763713598251345,0.0,25.0,15,2021,6,10
1.927907466888428,0.0,29.0,15,2021,6,10
0.4892277121543884,0.0,30.0,15,2021,6,10
0.0453627072274684,0.0,32.0,15,2021,6,10
0.1358371824026107,0.0,37.0,15,2021,6,10
0.0738943964242935,0.0,38.0,15,2021,6,10
0.0,0.0,39.0,15,2021,6,10
0.9567224383354188,0.0,44.0,15,2021,6,10
0.0,1.8000000715255735,5.0,16,2021,6,10
5.283465385437012,7.800000190734863,9.0,16,2021,6,10
2.072857618331909,5.600000381469727,11.0,16,2021,6,10
4.422488689422607,3.799999952316284,13.0,16,2021,6,10
1.3503974676132202,5.500000953674316,25.0,16,2021,6,10
0.9896173477172852,3.6999998092651367,29.0,16,2021,6,10
0.7060661315917969,15.0,30.0,16,2021,6,10
0.0,0.0,32.0,16,2021,6,10
0.0,15.400002479553224,37.0,16,2021,6,10
0.0,24.10000228881836,38.0,16,2021,6,10
0.0,3.1000001430511475,39.0,16,2021,6,10
0.4935639500617981,0.0,44.0,16,2021,6,10
0.0,0.0,5.0,17,2021,6,10
3.536597728729248,0.0,9.0,17,2021,6,10
0.937617301940918,1.1999998092651367,11.0,17,2021,6,10
5.670177936553955,8.299999237060547,13.0,17,2021,6,10
2.0712265968322754,5.900000095367432,25.0,17,2021,6,10
0.9184150099754332,1.4999998807907104,29.0,17,2021,6,10
0.0,1.1999998092651367,30.0,17,2021,6,10
0.0,0.0,32.0,17,2021,6,10
0.0,0.0,37.0,17,2021,6,10
0.0793893188238143,4.999999523162842,38.0,17,2021,6,10
0.0,0.5999999046325684,39.0,17,2021,6,10
0.6389001607894897,0.0,44.0,17,2021,6,10
0.0,0.0,5.0,18,2021,6,10
3.340808391571045,25.299999237060547,9.0,18,2021,6,10
1.5724433660507202,0.0,11.0,18,2021,6,10
4.565530776977539,21.899999618530277,13.0,18,2021,6,10
2.599433183670044,0.0,25.0,18,2021,6,10
2.571319580078125,0.0,29.0,18,2021,6,10
0.1353317648172378,0.0,30.0,18,2021,6,10
0.0,0.0,32.0,18,2021,6,10
0.0,0.0,37.0,18,2021,6,10
0.0,0.0,38.0,18,2021,6,10
0.0,0.0,39.0,18,2021,6,10
0.5768438577651978,0.0,44.0,18,2021,6,10
0.0,0.0,5.0,19,2021,6,10
3.0732316970825195,14.799997329711914,9.0,19,2021,6,10
2.1160240173339844,0.0,11.0,19,2021,6,10
2.7379608154296875,18.900001525878903,13.0,19,2021,6,10
1.4222701787948608,5.1999993324279785,25.0,19,2021,6,10
1.5054125785827637,0.0,29.0,19,2021,6,10
0.0,0.0,30.0,19,2021,6,10
0.0,0.0,32.0,19,2021,6,10
0.3747092485427856,0.0,37.0,19,2021,6,10
0.0,0.4000000953674316,38.0,19,2021,6,10
0.0,0.0,39.0,19,2021,6,10
0.0884652212262153,0.0,44.0,19,2021,6,10
0.0,6.700000762939453,5.0,20,2021,6,10
1.3922250270843506,15.0,9.0,20,2021,6,10
1.459859013557434,7.800000190734863,11.0,20,2021,6,10
2.024689197540283,12.399999618530272,13.0,20,2021,6,10
0.6607880592346191,15.600000381469728,25.0,20,2021,6,10
0.2306313663721084,2.8000001907348637,29.0,20,2021,6,10
0.0,0.0,30.0,20,2021,6,10
0.0,0.0,32.0,20,2021,6,10
0.0,0.0,37.0,20,2021,6,10
0.0352351665496826,0.0,38.0,20,2021,6,10
0.0,0.0,39.0,20,2021,6,10
0.0982088148593902,0.0,44.0,20,2021,6,10
0.0,9.0,5.0,7,2022,6,10
0.6637041568756104,7.300000190734863,9.0,7,2022,6,10
0.4966737031936645,23.500003814697266,11.0,7,2022,6,10
3.480298519134521,10.000000953674316,13.0,7,2022,6,10
0.5538269281387329,7.0,25.0,7,2022,6,10
0.1820564568042755,0.9999998807907104,29.0,7,2022,6,10
0.0,0.0,30.0,7,2022,6,10
0.0,0.9000000953674316,32.0,7,2022,6,10
0.0,0.0,37.0,7,2022,6,10
0.0,0.0,38.0,7,2022,6,10
0.0,0.2000000029802322,39.0,7,2022,6,10
0.2186330258846283,5.999999523162842,44.0,7,2022,6,10
0.0,1.999999761581421,5.0,8,2022,6,10
1.5463402271270752,28.49999618530273,9.0,8,2022,6,10
0.6117140650749207,8.5,11.0,8,2022,6,10
3.479999542236328,1.999999761581421,13.0,8,2022,6,10
0.7902516722679138,1.2999999523162842,25.0,8,2022,6,10
0.0064082266762852,0.0999999865889549,29.0,8,2022,6,10
0.0,0.0,30.0,8,2022,6,10
0.0,0.0,32.0,8,2022,6,10
0.0,0.0,37.0,8,2022,6,10
0.0,0.0,38.0,8,2022,6,10
0.0,0.0,39.0,8,2022,6,10
0.0,0.0,44.0,8,2022,6,10
0.0,2.1000001430511475,5.0,9,2022,6,10
1.7729567289352417,0.5999999046325684,9.0,9,2022,6,10
0.8521144390106201,2.999999523162842,11.0,9,2022,6,10
2.8179471492767334,2.999999523162842,13.0,9,2022,6,10
0.6887308359146118,0.6999999284744263,25.0,9,2022,6,10
0.0,1.999999761581421,29.0,9,2022,6,10
0.0,0.0,30.0,9,2022,6,10
0.0,0.0,32.0,9,2022,6,10
0.0,0.0,37.0,9,2022,6,10
0.0,0.0,38.0,9,2022,6,10
0.0,0.0,39.0,9,2022,6,10
0.0,0.0,44.0,9,2022,6,10
0.0,1.1000001430511477,5.0,10,2022,6,10
0.4824231266975403,5.999999523162842,9.0,10,2022,6,10
1.2088521718978882,2.999999523162842,11.0,10,2022,6,10
2.708093643188477,12.000001907348633,13.0,10,2022,6,10
0.0257409196346998,1.1999998092651367,25.0,10,2022,6,10
0.0,0.0,29.0,10,2022,6,10
0.2023379504680633,0.0,30.0,10,2022,6,10
0.0,0.0,32.0,10,2022,6,10
0.0,0.0,37.0,10,2022,6,10
0.0,0.0,38.0,10,2022,6,10
0.0,0.0,39.0,10,2022,6,10
0.012814937159419,0.0,44.0,10,2022,6,10
0.0,0.0,5.0,11,2022,6,10
0.1679212749004364,0.0,9.0,11,2022,6,10
1.7252769470214844,0.0,11.0,11,2022,6,10
0.9222008585929872,0.0,13.0,11,2022,6,10
0.528600811958313,0.0,25.0,11,2022,6,10
0.200044572353363,0.0,29.0,11,2022,6,10
0.0,0.0,30.0,11,2022,6,10
0.0,0.0,32.0,11,2022,6,10
0.0,0.0,37.0,11,2022,6,10
0.0,0.0,38.0,11,2022,6,10
0.0,0.0,39.0,11,2022,6,10
0.170082613825798,0.0,44.0,11,2022,6,10
0.0,8.0,5.0,12,2022,6,10
1.793412208557129,12.000001907348633,9.0,12,2022,6,10
2.09223747253418,7.100000381469727,11.0,12,2022,6,10
4.227851390838623,22.0,13.0,12,2022,6,10
2.513798475265503,7.0,25.0,12,2022,6,10
1.333287239074707,0.0,29.0,12,2022,6,10
0.7774354219436646,0.0,30.0,12,2022,6,10
0.0,0.0,32.0,12,2022,6,10
0.0,0.0,37.0,12,2022,6,10
0.01601542532444,0.0,38.0,12,2022,6,10
0.1304207295179367,0.5,39.0,12,2022,6,10
0.8394983410835266,0.6999999284744263,44.0,12,2022,6,10
0.0,4.0,5.0,13,2022,6,10
1.3141652345657349,14.000000953674316,9.0,13,2022,6,10
1.856244444847107,8.0,11.0,13,2022,6,10
3.309800863265991,5.999999523162842,13.0,13,2022,6,10
1.1978381872177124,0.2000000029802322,25.0,13,2022,6,10
0.8072974681854248,0.6999999284744263,29.0,13,2022,6,10
0.0,13.40000343322754,30.0,13,2022,6,10
0.0,14.499999046325684,32.0,13,2022,6,10
0.0,2.999999523162842,37.0,13,2022,6,10
0.0,14.000000953674316,38.0,13,2022,6,10
0.0,3.1000001430511475,39.0,13,2022,6,10
0.4637051820755005,42.99999237060547,44.0,13,2022,6,10
0.0,4.099999904632568,5.0,14,2022,6,10
1.470780849456787,19.0,9.0,14,2022,6,10
2.14809250831604,50.199989318847656,11.0,14,2022,6,10
5.136569499969482,21.000001907348636,13.0,14,2022,6,10
1.4200820922851562,4.800000190734863,25.0,14,2022,6,10
0.6366848945617676,1.1999998092651367,29.0,14,2022,6,10
0.0,15.600000381469728,30.0,14,2022,6,10
0.0,1.2999999523162842,32.0,14,2022,6,10
0.0,1.999999761581421,37.0,14,2022,6,10
0.0,39.19999694824219,38.0,14,2022,6,10
0.0,0.0999999865889549,39.0,14,2022,6,10
0.6024309396743774,4.0,44.0,14,2022,6,10
0.0,0.0,5.0,15,2022,6,10
3.0634641647338867,0.9999998807907104,9.0,15,2022,6,10
1.6759083271026611,15.0,11.0,15,2022,6,10
2.968095541000366,4.999999523162842,13.0,15,2022,6,10
0.8696907758712769,4.0,25.0,15,2022,6,10
0.1687869727611541,3.5000007152557373,29.0,15,2022,6,10
0.040668461471796,8.0,30.0,15,2022,6,10
0.0,2.999999523162842,32.0,15,2022,6,10
0.0,2.999999523162842,37.0,15,2022,6,10
0.0,0.0,38.0,15,2022,6,10
0.0,10.000000953674316,39.0,15,2022,6,10
0.8853242993354797,51.999996185302734,44.0,15,2022,6,10
0.0,30.99999237060547,5.0,16,2022,6,10
2.1504757404327397,13.000000953674316,9.0,16,2022,6,10
2.800404787063598,22.20000267028809,11.0,16,2022,6,10
2.714052200317383,10.000000953674316,13.0,16,2022,6,10
0.2538269162178039,24.000001907348636,25.0,16,2022,6,10
0.0675223618745803,16.299997329711914,29.0,16,2022,6,10
0.0,8.199999809265137,30.0,16,2022,6,10
0.0,0.0,32.0,16,2022,6,10
0.0,1.999999761581421,37.0,16,2022,6,10
0.0,4.0,38.0,16,2022,6,10
0.0,0.0,39.0,16,2022,6,10
0.6826043128967285,0.0,44.0,16,2022,6,10
0.0,2.999999523162842,5.0,17,2022,6,10
1.6177315711975098,0.0,9.0,17,2022,6,10
1.4279520511627195,0.0,11.0,17,2022,6,10
2.581885814666748,0.0,13.0,17,2022,6,10
0.4056994318962097,4.0,25.0,17,2022,6,10
0.357491672039032,0.0,29.0,17,2022,6,10
0.0532891489565372,1.999999761581421,30.0,17,2022,6,10
0.0,87.00000762939453,32.0,17,2022,6,10
0.0,22.0,37.0,17,2022,6,10
0.0,7.0,38.0,17,2022,6,10
0.0,0.0,39.0,17,2022,6,10
0.0,0.800000011920929,44.0,17,2022,6,10
0.0,0.0,5.0,18,2022,6,10
3.090885639190674,4.0,9.0,18,2022,6,10
2.606119394302368,26.000001907348636,11.0,18,2022,6,10
3.79597282409668,3.799999952316284,13.0,18,2022,6,10
1.2184393405914309,0.0,25.0,18,2022,6,10
2.001016139984131,0.0,29.0,18,2022,6,10
0.0236976630985736,0.0,30.0,18,2022,6,10
0.0,0.0,32.0,18,2022,6,10
0.0,0.0,37.0,18,2022,6,10
0.0,0.0,38.0,18,2022,6,10
0.0,0.0,39.0,18,2022,6,10
0.0960121899843216,0.0,44.0,18,2022,6,10
0.0,19.0,5.0,19,2022,6,10
3.155290365219116,33.0,9.0,19,2022,6,10
3.138702630996704,39.0,11.0,19,2022,6,10
6.9842705726623535,30.99999237060547,13.0,19,2022,6,10
1.2126859426498413,9.0,25.0,19,2022,6,10
1.6735442876815796,0.0,29.0,19,2022,6,10
0.2838606834411621,4.0,30.0,19,2022,6,10
0.0,0.0,32.0,19,2022,6,10
0.0465539619326591,0.0,37.0,19,2022,6,10
0.0697633251547813,0.0,38.0,19,2022,6,10
0.0,0.0,39.0,19,2022,6,10
2.5183866024017334,0.0,44.0,19,2022,6,10
0.0,18.0,5.0,20,2022,6,10
2.6407604217529297,5.999999523162842,9.0,20,2022,6,10
2.8091557025909424,20.000001907348636,11.0,20,2022,6,10
3.3587570190429688,14.000000953674316,13.0,20,2022,6,10
1.22383713722229,23.0,25.0,20,2022,6,10
0.2150792479515075,27.000001907348636,29.0,20,2022,6,10
0.0,2.999999523162842,30.0,20,2022,6,10
0.0,7.0,32.0,20,2022,6,10
0.0,6.299999237060547,37.0,20,2022,6,10
0.0,9.700000762939451,38.0,20,2022,6,10
0.0,4.999999523162842,39.0,20,2022,6,10
2.114420890808105,4.0,44.0,20,2022,6,10
0.0,0.0,5.0,7,2023,6,10
1.196007490158081,37.0,9.0,7,2023,6,10
2.3105835914611816,4.700000286102295,11.0,7,2023,6,10
4.900092601776123,37.0,13.0,7,2023,6,10
0.4838840067386627,0.0,25.0,7,2023,6,10
0.7804263830184937,0.0,29.0,7,2023,6,10
0.0,0.3000000715255737,30.0,7,2023,6,10
0.0,0.0,32.0,7,2023,6,10
0.0,0.0,37.0,7,2023,6,10
0.1462816298007965,0.0,38.0,7,2023,6,10
0.0,0.0,39.0,7,2023,6,10
0.5853617191314697,0.0,44.0,7,2023,6,10
0.0,0.0,5.0,8,2023,6,10
2.1491096019744877,4.999999523162842,9.0,8,2023,6,10
2.179157018661499,0.0,11.0,8,2023,6,10
5.179602146148682,46.99999237060547,13.0,8,2023,6,10
1.2360599040985107,0.3000000715255737,25.0,8,2023,6,10
0.4721935093402862,0.5999999046325684,29.0,8,2023,6,10
0.0,0.0,30.0,8,2023,6,10
0.0,0.0,32.0,8,2023,6,10
0.0,0.0,37.0,8,2023,6,10
0.0,0.9000000953674316,38.0,8,2023,6,10
0.0,0.5,39.0,8,2023,6,10
0.4120764136314392,31.5000057220459,44.0,8,2023,6,10
0.0,0.0999999865889549,5.0,9,2023,6,10
4.637187480926514,0.0,9.0,9,2023,6,10
1.064893364906311,0.0,11.0,9,2023,6,10
6.68626070022583,4.0,13.0,9,2023,6,10
1.3215880393981934,2.900000095367432,25.0,9,2023,6,10
0.625783383846283,14.000000953674316,29.0,9,2023,6,10
0.0989460572600364,20.000001907348636,30.0,9,2023,6,10
0.0,0.4000000953674316,32.0,9,2023,6,10
0.0,9.0,37.0,9,2023,6,10
0.0,12.000001907348633,38.0,9,2023,6,10
0.0,0.0,39.0,9,2023,6,10
0.2793411910533905,65.99998474121094,44.0,9,2023,6,10
0.0,9.400001525878906,5.0,10,2023,6,10
3.5747854709625244,73.00000762939453,9.0,10,2023,6,10
2.518684864044189,2.999999523162842,11.0,10,2023,6,10
2.7324535846710205,68.0,13.0,10,2023,6,10
0.9686018824577332,7.0,25.0,10,2023,6,10
0.5249025821685791,9.0,29.0,10,2023,6,10
0.1452599167823791,4.999999523162842,30.0,10,2023,6,10
0.0,2.8000001907348637,32.0,10,2023,6,10
0.0,0.9999998807907104,37.0,10,2023,6,10
0.0,4.999999523162842,38.0,10,2023,6,10
0.0,0.0999999865889549,39.0,10,2023,6,10
0.0,0.0,44.0,10,2023,6,10
0.0,0.0,5.0,11,2023,6,10
1.196410894393921,16.0,9.0,11,2023,6,10
4.302659511566162,5.999999523162842,11.0,11,2023,6,10
4.078274250030518,19.0,13.0,11,2023,6,10
0.3492632806301117,0.5999999046325684,25.0,11,2023,6,10
0.1655668020248413,0.0,29.0,11,2023,6,10
0.0,0.0,30.0,11,2023,6,10
0.0,0.0,32.0,11,2023,6,10
0.0,0.0,37.0,11,2023,6,10
0.0,0.0,38.0,11,2023,6,10
0.0,0.0,39.0,11,2023,6,10
0.3648298382759094,5.999999523162842,44.0,11,2023,6,10
0.0,20.30000305175781,5.0,12,2023,6,10
3.35953950881958,0.0,9.0,12,2023,6,10
6.272797107696533,23.0,11.0,12,2023,6,10
4.921446800231934,8.0,13.0,12,2023,6,10
1.7230101823806765,7.40000057220459,25.0,12,2023,6,10
0.3918569684028625,4.300000190734863,29.0,12,2023,6,10
0.7791695594787598,0.0,30.0,12,2023,6,10
0.0,0.0,32.0,12,2023,6,10
0.0,0.0,37.0,12,2023,6,10
0.6642796397209167,0.0,38.0,12,2023,6,10
0.008824435994029,0.0,39.0,12,2023,6,10
1.3012683391571045,29.000001907348636,44.0,12,2023,6,10
0.0,0.5999999046325684,5.0,13,2023,6,10
1.9481161832809448,5.999999523162842,9.0,13,2023,6,10
3.1054725646972656,15.0,11.0,13,2023,6,10
4.722227096557617,8.0,13.0,13,2023,6,10
1.423595905303955,1.8000000715255735,25.0,13,2023,6,10
0.5586591362953186,0.0,29.0,13,2023,6,10
0.0,0.2000000029802322,30.0,13,2023,6,10
0.0,2.999999523162842,32.0,13,2023,6,10
0.0,0.5999999046325684,37.0,13,2023,6,10
0.0,0.5,38.0,13,2023,6,10
0.0,0.9999998807907104,39.0,13,2023,6,10
1.4406671524047852,0.9000000953674316,44.0,13,2023,6,10
0.0,35.999996185302734,5.0,14,2023,6,10
3.1837117671966557,79.0,9.0,14,2023,6,10
1.8819637298583984,19.0,11.0,14,2023,6,10
4.448478698730469,63.0,13.0,14,2023,6,10
2.134793996810913,16.80000114440918,25.0,14,2023,6,10
2.2018303871154785,16.100004196166992,29.0,14,2023,6,10
0.0,24.5,30.0,14,2023,6,10
0.0,9.0,32.0,14,2023,6,10
0.0157020166516304,19.40000534057617,37.0,14,2023,6,10
0.3353660702705383,1.3999998569488523,38.0,14,2023,6,10
0.0327844284474849,13.000000953674316,39.0,14,2023,6,10
2.0383808612823486,4.099999904632568,44.0,14,2023,6,10
0.0,84.99998474121094,5.0,15,2023,6,10
2.234364748001098,19.0,9.0,15,2023,6,10
1.050368309020996,8.199999809265137,11.0,15,2023,6,10
5.962299346923828,43.99999237060547,13.0,15,2023,6,10
1.055686593055725,65.99998474121094,25.0,15,2023,6,10
2.1979787349700928,22.899999618530277,29.0,15,2023,6,10
0.4683987200260162,58.299991607666016,30.0,15,2023,6,10
0.2255242466926574,58.00000381469727,32.0,15,2023,6,10
0.0,70.00001525878906,37.0,15,2023,6,10
0.0509963147342205,73.00000762939453,38.0,15,2023,6,10
0.0,99.00000762939452,39.0,15,2023,6,10
1.069358229637146,24.000001907348636,44.0,15,2023,6,10
0.0,2.999999523162842,5.0,16,2023,6,10
3.903652667999268,0.0,9.0,16,2023,6,10
1.7376244068145752,0.0,11.0,16,2023,6,10
7.519597053527832,0.0,13.0,16,2023,6,10
0.8731040358543396,4.0,25.0,16,2023,6,10
0.8258405923843384,8.0,29.0,16,2023,6,10
0.0,2.999999523162842,30.0,16,2023,6,10
0.0,1.999999761581421,32.0,16,2023,6,10
0.0,19.0,37.0,16,2023,6,10
0.0,9.0,38.0,16,2023,6,10
0.0,11.0,39.0,16,2023,6,10
0.2788187861442566,16.0,44.0,16,2023,6,10
0.0,0.0,5.0,17,2023,6,10
3.827414035797119,0.0,9.0,17,2023,6,10
2.8498902320861816,4.999999523162842,11.0,17,2023,6,10
6.919788837432861,0.0,13.0,17,2023,6,10
0.9022233486175536,0.0,25.0,17,2023,6,10
0.374283879995346,0.0,29.0,17,2023,6,10
0.0659196898341178,0.0,30.0,17,2023,6,10
0.0,10.000000953674316,32.0,17,2023,6,10
0.0,0.0,37.0,17,2023,6,10
0.0,0.0,38.0,17,2023,6,10
0.0,0.0,39.0,17,2023,6,10
0.0,1.999999761581421,44.0,17,2023,6,10
0.0,0.2000000029802322,5.0,18,2023,6,10
2.27541446685791,4.0,9.0,18,2023,6,10
2.551185131072998,0.0,11.0,18,2023,6,10
5.315634250640869,2.999999523162842,13.0,18,2023,6,10
1.2057216167449951,4.999999523162842,25.0,18,2023,6,10
0.3611263036727905,1.999999761581421,29.0,18,2023,6,10
0.0,9.0,30.0,18,2023,6,10
0.0,7.0,32.0,18,2023,6,10
0.0,2.299999713897705,37.0,18,2023,6,10
0.0,0.0,38.0,18,2023,6,10
0.0,9.0,39.0,18,2023,6,10
0.1066132634878158,2.200000286102295,44.0,18,2023,6,10
0.0,0.0,5.0,19,2023,6,10
1.8958852291107176,14.499999046325684,9.0,19,2023,6,10
1.9814811944961548,0.5,11.0,19,2023,6,10
2.608827352523804,0.0,13.0,19,2023,6,10
1.140559196472168,2.999999523162842,25.0,19,2023,6,10
0.6671966314315796,0.0,29.0,19,2023,6,10
0.0,4.0,30.0,19,2023,6,10
0.0,0.9999998807907104,32.0,19,2023,6,10
0.0608282759785652,2.5999996662139893,37.0,19,2023,6,10
0.109199583530426,0.5999999046325684,38.0,19,2023,6,10
0.0,0.0999999865889549,39.0,19,2023,6,10
0.2271903753280639,0.0,44.0,19,2023,6,10
0.0,0.0,5.0,20,2023,6,10
1.208367109298706,4.0,9.0,20,2023,6,10
1.0305016040802002,3.1000001430511475,11.0,20,2023,6,10
2.415014743804932,0.800000011920929,13.0,20,2023,6,10
1.020033836364746,0.0,25.0,20,2023,6,10
0.4933713376522064,0.0,29.0,20,2023,6,10
0.1008687391877174,0.0,30.0,20,2023,6,10
0.0,0.0,32.0,20,2023,6,10
0.01079838629812,0.0,37.0,20,2023,6,10
0.0,0.0,38.0,20,2023,6,10
0.0,0.0,39.0,20,2023,6,10
0.0,0.0,44.0,20,2023,6,10
0.0,0.0,5.0,7,2020,6,13
3.412043333053589,0.6999999284744263,9.0,7,2020,6,13
2.9734671115875244,15.0,11.0,7,2020,6,13
5.5506367683410645,4.399999618530273,13.0,7,2020,6,13
1.942217469215393,12.100000381469728,25.0,7,2020,6,13
0.8803664445877075,0.0,29.0,7,2020,6,13
0.0797121375799179,4.600000858306885,30.0,7,2020,6,13
0.0,0.0,32.0,7,2020,6,13
0.0,0.0,37.0,7,2020,6,13
0.0,0.9999998807907104,38.0,7,2020,6,13
0.0,0.0,39.0,7,2020,6,13
0.3925681114196777,0.0,44.0,7,2020,6,13
0.0,0.0,5.0,8,2020,6,13
4.183591365814209,9.0,9.0,8,2020,6,13
2.663292646408081,0.0,11.0,8,2020,6,13
6.658940315246582,8.90000057220459,13.0,8,2020,6,13
2.438600778579712,0.0,25.0,8,2020,6,13
0.5533697009086609,0.0,29.0,8,2020,6,13
0.2110200822353363,0.0,30.0,8,2020,6,13
0.0,0.0,32.0,8,2020,6,13
0.0,0.0,37.0,8,2020,6,13
0.0,0.0,38.0,8,2020,6,13
0.0,0.0,39.0,8,2020,6,13
0.6872571110725403,0.0,44.0,8,2020,6,13
0.0,0.0,5.0,9,2020,6,13
4.938605308532715,0.0,9.0,9,2020,6,13
2.1051230430603027,3.5000007152557373,11.0,9,2020,6,13
6.063843727111816,1.9000003337860107,13.0,9,2020,6,13
2.042822360992432,0.0,25.0,9,2020,6,13
1.0575965642929075,0.0,29.0,9,2020,6,13
0.0,0.0,30.0,9,2020,6,13
0.0,0.0,32.0,9,2020,6,13
0.0,0.0,37.0,9,2020,6,13
0.0,0.0,38.0,9,2020,6,13
0.0,0.0,39.0,9,2020,6,13
0.0,0.0,44.0,9,2020,6,13
0.0,0.0,5.0,10,2020,6,13
5.692540645599365,5.1999993324279785,9.0,10,2020,6,13
3.581533193588257,0.0,11.0,10,2020,6,13
6.5012054443359375,0.0,13.0,10,2020,6,13
1.980962991714477,0.0,25.0,10,2020,6,13
0.8161759376525879,0.0,29.0,10,2020,6,13
0.0,0.0,30.0,10,2020,6,13
0.0,0.0,32.0,10,2020,6,13
0.0,0.0,37.0,10,2020,6,13
0.0,0.0,38.0,10,2020,6,13
0.0,0.0,39.0,10,2020,6,13
0.0,0.0,44.0,10,2020,6,13
0.0,0.0,5.0,11,2020,6,13
4.95457124710083,0.0,9.0,11,2020,6,13
2.3815717697143555,39.0,11.0,11,2020,6,13
4.0074663162231445,28.49999618530273,13.0,11,2020,6,13
1.036762833595276,0.0,25.0,11,2020,6,13
1.8001710176467896,0.0,29.0,11,2020,6,13
0.0018369710305705,0.0,30.0,11,2020,6,13
0.0,0.0,32.0,11,2020,6,13
0.0,0.0,37.0,11,2020,6,13
0.0,0.0,38.0,11,2020,6,13
0.0,0.0,39.0,11,2020,6,13
0.0459417961537838,0.0,44.0,11,2020,6,13
0.0,0.0,5.0,12,2020,6,13
7.768838405609131,0.0,9.0,12,2020,6,13
2.4036450386047363,0.0,11.0,12,2020,6,13
5.558221817016602,32.29999542236328,13.0,12,2020,6,13
1.9267723560333248,0.0,25.0,12,2020,6,13
2.914074182510376,0.0,29.0,12,2020,6,13
0.5150573253631592,0.0,30.0,12,2020,6,13
0.0487091355025768,0.0,32.0,12,2020,6,13
0.0,0.0,37.0,12,2020,6,13
0.1296841651201248,0.0,38.0,12,2020,6,13
0.0,0.0,39.0,12,2020,6,13
0.0,0.0,44.0,12,2020,6,13
0.0,1.8000000715255735,5.0,13,2020,6,13
2.1795568466186523,119.8000259399414,9.0,13,2020,6,13
1.94099223613739,20.400001525878903,11.0,13,2020,6,13
6.659108638763428,95.89999389648438,13.0,13,2020,6,13
1.5041149854660034,0.800000011920929,25.0,13,2020,6,13
0.910189151763916,0.5,29.0,13,2020,6,13
0.0,0.0,30.0,13,2020,6,13
0.0,0.0,32.0,13,2020,6,13
0.0,0.0,37.0,13,2020,6,13
0.0,0.0,38.0,13,2020,6,13
0.0,0.0,39.0,13,2020,6,13
0.0,0.0,44.0,13,2020,6,13
0.0,2.1000001430511475,5.0,14,2020,6,13
4.232147216796875,1.999999761581421,9.0,14,2020,6,13
2.632174015045166,11.200000762939451,11.0,14,2020,6,13
4.64092493057251,15.799997329711914,13.0,14,2020,6,13
2.011260747909546,0.800000011920929,25.0,14,2020,6,13
1.3672645092010498,1.1000001430511477,29.0,14,2020,6,13
0.0,0.0,30.0,14,2020,6,13
0.0,0.0,32.0,14,2020,6,13
0.0,0.0,37.0,14,2020,6,13
0.0,0.0,38.0,14,2020,6,13
0.0,0.0,39.0,14,2020,6,13
0.3750490844249725,0.0,44.0,14,2020,6,13
0.0,0.0,5.0,15,2020,6,13
4.70985746383667,0.0,9.0,15,2020,6,13
2.5536811351776123,0.0,11.0,15,2020,6,13
6.458230018615723,0.0,13.0,15,2020,6,13
0.952142596244812,0.0,25.0,15,2020,6,13
1.5760798454284668,0.0,29.0,15,2020,6,13
0.2878232002258301,0.0,30.0,15,2020,6,13
0.0263769496232271,0.0,32.0,15,2020,6,13
0.0,0.0,37.0,15,2020,6,13
0.0,0.0,38.0,15,2020,6,13
0.0,0.0,39.0,15,2020,6,13
0.2135519385337829,0.0,44.0,15,2020,6,13
0.0,0.0,5.0,16,2020,6,13
4.511196613311768,0.0,9.0,16,2020,6,13
2.969003200531006,0.0,11.0,16,2020,6,13
10.763946533203123,0.0,13.0,16,2020,6,13
1.509746789932251,0.0,25.0,16,2020,6,13
1.2239861488342283,0.0,29.0,16,2020,6,13
0.2300876528024673,0.0,30.0,16,2020,6,13
0.0,0.0,32.0,16,2020,6,13
0.0891580432653427,0.0,37.0,16,2020,6,13
0.2106323689222335,3.200000286102295,38.0,16,2020,6,13
0.0,0.0,39.0,16,2020,6,13
0.0,0.0,44.0,16,2020,6,13
0.0,0.0,5.0,17,2020,6,13
10.783927917480469,22.0,9.0,17,2020,6,13
2.3233721256256104,0.0,11.0,17,2020,6,13
7.261633396148682,22.40000343322754,13.0,17,2020,6,13
2.2915735244750977,0.0,25.0,17,2020,6,13
1.0587624311447144,0.0,29.0,17,2020,6,13
0.2995990812778473,0.0,30.0,17,2020,6,13
0.0,0.0,32.0,17,2020,6,13
0.0,0.0,37.0,17,2020,6,13
0.0488374345004558,0.0,38.0,17,2020,6,13
0.0,0.0,39.0,17,2020,6,13
0.5112074613571167,0.0,44.0,17,2020,6,13
0.0,0.0,5.0,18,2020,6,13
5.249290466308594,15.400002479553224,9.0,18,2020,6,13
4.000036239624023,0.0,11.0,18,2020,6,13
9.57323932647705,25.399995803833008,13.0,18,2020,6,13
4.334371566772461,0.0,25.0,18,2020,6,13
1.9853392839431765,0.0,29.0,18,2020,6,13
0.0,0.0,30.0,18,2020,6,13
0.0,2.1000001430511475,32.0,18,2020,6,13
0.0,0.0,37.0,18,2020,6,13
0.0,0.0,38.0,18,2020,6,13
0.0,0.0,39.0,18,2020,6,13
0.6951841115951538,24.89999771118164,44.0,18,2020,6,13
0.0,0.0,5.0,19,2020,6,13
4.605880737304688,48.100006103515625,9.0,19,2020,6,13
2.974733352661133,0.0,11.0,19,2020,6,13
4.7547287940979,0.0,13.0,19,2020,6,13
2.2789149284362797,0.0,25.0,19,2020,6,13
1.6514133214950562,0.0,29.0,19,2020,6,13
0.3893878757953644,0.0,30.0,19,2020,6,13
0.0,0.0,32.0,19,2020,6,13
0.0,0.0,37.0,19,2020,6,13
0.0375011563301086,0.0,38.0,19,2020,6,13
0.0,0.0,39.0,19,2020,6,13
0.8249802589416504,0.0,44.0,19,2020,6,13
0.0,32.29999542236328,5.0,20,2020,6,13
2.03065824508667,25.799999237060547,9.0,20,2020,6,13
1.5005548000335691,0.0,11.0,20,2020,6,13
2.7575604915618896,0.0,13.0,20,2020,6,13
1.0983529090881348,90.90003967285156,25.0,20,2020,6,13
0.596562385559082,12.59999942779541,29.0,20,2020,6,13
0.0,0.0,30.0,20,2020,6,13
0.0,0.0,32.0,20,2020,6,13
0.0,31.39999389648437,37.0,20,2020,6,13
0.0,0.0,38.0,20,2020,6,13
0.0,15.0,39.0,20,2020,6,13
0.0444263257086277,0.0,44.0,20,2020,6,13
0.0,0.0,5.0,7,2021,6,13
0.8286823034286499,0.0,9.0,7,2021,6,13
1.7362055778503418,0.0,11.0,7,2021,6,13
3.34521222114563,0.0,13.0,7,2021,6,13
0.8230102062225342,0.0,25.0,7,2021,6,13
0.0712461471557617,0.0,29.0,7,2021,6,13
0.0,0.0,30.0,7,2021,6,13
0.0,0.0,32.0,7,2021,6,13
0.0,0.0,37.0,7,2021,6,13
0.0,0.0,38.0,7,2021,6,13
0.0,0.0,39.0,7,2021,6,13
0.0,0.0,44.0,7,2021,6,13
0.0,0.0,5.0,8,2021,6,13
3.341967821121216,0.0,9.0,8,2021,6,13
2.56879997253418,0.0,11.0,8,2021,6,13
4.588292121887207,0.0,13.0,8,2021,6,13
2.655437469482422,0.0,25.0,8,2021,6,13
0.4744923114776611,0.0,29.0,8,2021,6,13
0.0,0.0,30.0,8,2021,6,13
0.0,0.0,32.0,8,2021,6,13
0.0,0.0,37.0,8,2021,6,13
0.0,0.0,38.0,8,2021,6,13
0.0,0.0,39.0,8,2021,6,13
0.2617839574813843,0.0,44.0,8,2021,6,13
0.0,0.0,5.0,9,2021,6,13
4.251590728759766,0.0,9.0,9,2021,6,13
1.5783331394195557,0.0,11.0,9,2021,6,13
3.855655670166016,0.0,13.0,9,2021,6,13
1.4771926403045654,0.0,25.0,9,2021,6,13
1.3019601106643677,0.0,29.0,9,2021,6,13
0.0,0.0,30.0,9,2021,6,13
0.0,0.0,32.0,9,2021,6,13
0.0918971747159957,0.0,37.0,9,2021,6,13
0.0,0.0,38.0,9,2021,6,13
0.0,0.0,39.0,9,2021,6,13
0.0314888507127761,0.0,44.0,9,2021,6,13
0.0,0.0,5.0,10,2021,6,13
3.249526262283325,51.30001831054688,9.0,10,2021,6,13
1.5054134130477903,66.70001983642578,11.0,10,2021,6,13
3.1015005111694336,54.60000228881836,13.0,10,2021,6,13
1.4295443296432495,0.0,25.0,10,2021,6,13
2.018479585647583,0.0,29.0,10,2021,6,13
0.0905446782708168,20.000001907348636,30.0,10,2021,6,13
0.0,69.29997253417969,32.0,10,2021,6,13
0.0,25.099998474121094,37.0,10,2021,6,13
0.0,1.8000000715255735,38.0,10,2021,6,13
0.0,25.399995803833008,39.0,10,2021,6,13
0.7680040001869202,0.0,44.0,10,2021,6,13
0.0,0.0,5.0,11,2021,6,13
3.1093897819519043,0.0,9.0,11,2021,6,13
1.6635501384735107,47.09999847412109,11.0,11,2021,6,13
2.774399280548096,37.29999923706055,13.0,11,2021,6,13
1.4340364933013916,0.0,25.0,11,2021,6,13
2.127950429916382,0.0,29.0,11,2021,6,13
0.0678855180740356,0.0,30.0,11,2021,6,13
0.0,0.0,32.0,11,2021,6,13
0.0,0.0,37.0,11,2021,6,13
0.0619871355593204,0.0,38.0,11,2021,6,13
0.0,0.0,39.0,11,2021,6,13
0.5150147080421448,0.0,44.0,11,2021,6,13
0.0,0.0,5.0,12,2021,6,13
4.470224380493164,36.50000381469727,9.0,12,2021,6,13
2.5043976306915283,113.9000244140625,11.0,12,2021,6,13
4.387586116790772,38.399993896484375,13.0,12,2021,6,13
1.795253038406372,0.0,25.0,12,2021,6,13
2.2610769271850586,0.0,29.0,12,2021,6,13
0.9463316798210144,0.0,30.0,12,2021,6,13
0.0,0.0,32.0,12,2021,6,13
0.0436702370643615,0.0,37.0,12,2021,6,13
0.2248902469873428,0.0,38.0,12,2021,6,13
0.0,0.0,39.0,12,2021,6,13
0.6951166391372681,0.0,44.0,12,2021,6,13
0.0,1.8000000715255735,5.0,13,2021,6,13
1.184126615524292,7.800000190734863,9.0,13,2021,6,13
1.979926586151123,5.600000381469727,11.0,13,2021,6,13
7.075524806976318,3.799999952316284,13.0,13,2021,6,13
1.6618576049804688,5.500000953674316,25.0,13,2021,6,13
0.5059809684753418,3.6999998092651367,29.0,13,2021,6,13
0.0,15.0,30.0,13,2021,6,13
0.0,0.0,32.0,13,2021,6,13
0.0,15.400002479553224,37.0,13,2021,6,13
0.0,24.10000228881836,38.0,13,2021,6,13
0.0,3.1000001430511475,39.0,13,2021,6,13
0.86264568567276,0.0,44.0,13,2021,6,13
0.0,0.0,5.0,14,2021,6,13
4.381973743438721,0.0,9.0,14,2021,6,13
2.487916946411133,1.1999998092651367,11.0,14,2021,6,13
5.332543849945068,8.299999237060547,13.0,14,2021,6,13
3.3119444847106934,5.900000095367432,25.0,14,2021,6,13
1.331881046295166,1.4999998807907104,29.0,14,2021,6,13
0.0,1.1999998092651367,30.0,14,2021,6,13
0.0,0.0,32.0,14,2021,6,13
0.0,0.0,37.0,14,2021,6,13
0.2913325428962707,4.999999523162842,38.0,14,2021,6,13
0.0,0.5999999046325684,39.0,14,2021,6,13
0.4289212524890899,0.0,44.0,14,2021,6,13
0.0,0.0,5.0,15,2021,6,13
2.553504943847656,25.299999237060547,9.0,15,2021,6,13
2.747447967529297,0.0,11.0,15,2021,6,13
3.085925579071045,21.899999618530277,13.0,15,2021,6,13
1.4248878955841064,0.0,25.0,15,2021,6,13
1.4122397899627686,0.0,29.0,15,2021,6,13
0.3906190097332001,0.0,30.0,15,2021,6,13
0.0,0.0,32.0,15,2021,6,13
0.0762572512030601,0.0,37.0,15,2021,6,13
0.0,0.0,38.0,15,2021,6,13
0.0,0.0,39.0,15,2021,6,13
0.4347907304763794,0.0,44.0,15,2021,6,13
0.0,0.0,5.0,16,2021,6,13
3.739481449127197,14.799997329711914,9.0,16,2021,6,13
2.1416149139404297,0.0,11.0,16,2021,6,13
4.175468444824219,18.900001525878903,13.0,16,2021,6,13
0.6665206551551819,5.1999993324279785,25.0,16,2021,6,13
0.4663105309009552,0.0,29.0,16,2021,6,13
0.173011913895607,0.0,30.0,16,2021,6,13
0.0,0.0,32.0,16,2021,6,13
0.0,0.0,37.0,16,2021,6,13
0.0,0.4000000953674316,38.0,16,2021,6,13
0.0,0.0,39.0,16,2021,6,13
0.1315593868494033,0.0,44.0,16,2021,6,13
0.0,6.700000762939453,5.0,17,2021,6,13
5.12345027923584,15.0,9.0,17,2021,6,13
2.20034408569336,7.800000190734863,11.0,17,2021,6,13
5.767171859741211,12.399999618530272,13.0,17,2021,6,13
1.2285314798355105,15.600000381469728,25.0,17,2021,6,13
0.328251838684082,2.8000001907348637,29.0,17,2021,6,13
0.0,0.0,30.0,17,2021,6,13
0.0,0.0,32.0,17,2021,6,13
0.0,0.0,37.0,17,2021,6,13
0.4089664816856384,0.0,38.0,17,2021,6,13
0.0,0.0,39.0,17,2021,6,13
1.7745848894119265,0.0,44.0,17,2021,6,13
0.0,0.0,5.0,18,2021,6,13
4.908583641052246,10.099998474121094,9.0,18,2021,6,13
1.9996578693389893,27.70000648498535,11.0,18,2021,6,13
3.585543155670166,15.699995994567873,13.0,18,2021,6,13
2.203036308288574,2.200000286102295,25.0,18,2021,6,13
1.9566975831985476,4.199999809265137,29.0,18,2021,6,13
0.1435806602239608,0.0,30.0,18,2021,6,13
0.0,0.0,32.0,18,2021,6,13
0.0,0.0,37.0,18,2021,6,13
0.0,0.0,38.0,18,2021,6,13
0.0,0.0,39.0,18,2021,6,13
1.168300747871399,0.0,44.0,18,2021,6,13
0.0,8.80000114440918,5.0,19,2021,6,13
1.8400764465332031,17.700000762939453,9.0,19,2021,6,13
1.254126787185669,8.0,11.0,19,2021,6,13
4.279433727264404,24.599998474121094,13.0,19,2021,6,13
1.215410590171814,13.699997901916504,25.0,19,2021,6,13
0.9922197461128236,1.1999998092651367,29.0,19,2021,6,13
0.1983020305633545,0.0,30.0,19,2021,6,13
0.0,0.0,32.0,19,2021,6,13
0.0,0.0,37.0,19,2021,6,13
0.1096523180603981,0.0,38.0,19,2021,6,13
0.0,0.0,39.0,19,2021,6,13
2.2126924991607666,0.0,44.0,19,2021,6,13
0.0,0.5,5.0,20,2021,6,13
1.5875552892684937,3.6000003814697266,9.0,20,2021,6,13
1.204064965248108,1.8000000715255735,11.0,20,2021,6,13
1.630099892616272,5.299999713897705,13.0,20,2021,6,13
1.3690370321273804,1.999999761581421,25.0,20,2021,6,13
0.4934076964855194,0.0,29.0,20,2021,6,13
0.0,0.0,30.0,20,2021,6,13
0.0,0.0,32.0,20,2021,6,13
0.0,0.0,37.0,20,2021,6,13
0.0,0.0,38.0,20,2021,6,13
0.0,0.0,39.0,20,2021,6,13
0.1943204253911972,0.0,44.0,20,2021,6,13
0.0,1.1000001430511477,5.0,7,2022,6,13
1.5636396408081057,5.999999523162842,9.0,7,2022,6,13
2.379997730255127,2.999999523162842,11.0,7,2022,6,13
2.591975688934326,12.000001907348633,13.0,7,2022,6,13
1.1743111610412598,1.1999998092651367,25.0,7,2022,6,13
0.554972767829895,0.0,29.0,7,2022,6,13
0.0244897995144128,0.0,30.0,7,2022,6,13
0.0,0.0,32.0,7,2022,6,13
0.0,0.0,37.0,7,2022,6,13
0.0,0.0,38.0,7,2022,6,13
0.0,0.0,39.0,7,2022,6,13
0.6234436631202698,0.0,44.0,7,2022,6,13
0.0,0.0,5.0,8,2022,6,13
0.7201775312423706,0.0,9.0,8,2022,6,13
2.716472625732422,0.0,11.0,8,2022,6,13
3.471397638320923,0.0,13.0,8,2022,6,13
2.45407772064209,0.0,25.0,8,2022,6,13
0.4865247905254364,0.0,29.0,8,2022,6,13
0.0430940501391887,0.0,30.0,8,2022,6,13
0.1198368668556213,0.0,32.0,8,2022,6,13
0.0,0.0,37.0,8,2022,6,13
0.0,0.0,38.0,8,2022,6,13
0.0,0.0,39.0,8,2022,6,13
1.5567721128463743,0.0,44.0,8,2022,6,13
0.0,8.0,5.0,9,2022,6,13
1.4304413795471191,12.000001907348633,9.0,9,2022,6,13
1.830289959907532,7.100000381469727,11.0,9,2022,6,13
2.501948833465576,22.0,13.0,9,2022,6,13
0.9719350934028624,7.0,25.0,9,2022,6,13
1.1342095136642456,0.0,29.0,9,2022,6,13
0.1864287555217743,0.0,30.0,9,2022,6,13
0.0,0.0,32.0,9,2022,6,13
0.0,0.0,37.0,9,2022,6,13
0.0,0.0,38.0,9,2022,6,13
0.2065369635820388,0.5,39.0,9,2022,6,13
1.353869080543518,0.6999999284744263,44.0,9,2022,6,13
0.0,4.0,5.0,10,2022,6,13
2.570209503173828,14.000000953674316,9.0,10,2022,6,13
1.548583745956421,8.0,11.0,10,2022,6,13
3.7978203296661377,5.999999523162842,13.0,10,2022,6,13
2.3245890140533447,0.2000000029802322,25.0,10,2022,6,13
1.6281335353851318,0.6999999284744263,29.0,10,2022,6,13
0.0899488106369972,13.40000343322754,30.0,10,2022,6,13
0.0,14.499999046325684,32.0,10,2022,6,13
0.0176620818674564,2.999999523162842,37.0,10,2022,6,13
0.0,14.000000953674316,38.0,10,2022,6,13
0.064845398068428,3.1000001430511475,39.0,10,2022,6,13
1.7655844688415527,42.99999237060547,44.0,10,2022,6,13
0.0,4.099999904632568,5.0,11,2022,6,13
1.5235497951507568,19.0,9.0,11,2022,6,13
1.4848275184631348,50.199989318847656,11.0,11,2022,6,13
3.333536386489868,21.000001907348636,13.0,11,2022,6,13
1.7944416999816897,4.800000190734863,25.0,11,2022,6,13
2.0535202026367188,1.1999998092651367,29.0,11,2022,6,13
0.0,15.600000381469728,30.0,11,2022,6,13
0.0,1.2999999523162842,32.0,11,2022,6,13
0.0,1.999999761581421,37.0,11,2022,6,13
0.0,39.19999694824219,38.0,11,2022,6,13
0.0,0.0999999865889549,39.0,11,2022,6,13
1.4078487157821655,4.0,44.0,11,2022,6,13
0.0,0.0,5.0,12,2022,6,13
0.8571838736534119,0.9999998807907104,9.0,12,2022,6,13
1.9570845365524288,15.0,11.0,12,2022,6,13
3.7060704231262207,4.999999523162842,13.0,12,2022,6,13
1.7729567289352417,4.0,25.0,12,2022,6,13
1.194186091423035,3.5000007152557373,29.0,12,2022,6,13
0.1880023032426834,8.0,30.0,12,2022,6,13
0.0,2.999999523162842,32.0,12,2022,6,13
0.0,2.999999523162842,37.0,12,2022,6,13
0.0,0.0,38.0,12,2022,6,13
0.0,10.000000953674316,39.0,12,2022,6,13
0.5102404356002808,51.999996185302734,44.0,12,2022,6,13
0.0,30.99999237060547,5.0,13,2022,6,13
0.7909314632415771,13.000000953674316,9.0,13,2022,6,13
1.5949246883392334,22.20000267028809,11.0,13,2022,6,13
3.290568351745605,10.000000953674316,13.0,13,2022,6,13
1.1566617488861084,24.000001907348636,25.0,13,2022,6,13
0.3816957771778106,16.299997329711914,29.0,13,2022,6,13
0.0,8.199999809265137,30.0,13,2022,6,13
0.0,0.0,32.0,13,2022,6,13
0.0,1.999999761581421,37.0,13,2022,6,13
0.0,4.0,38.0,13,2022,6,13
0.0,0.0,39.0,13,2022,6,13
0.2497062534093856,0.0,44.0,13,2022,6,13
0.0,2.999999523162842,5.0,14,2022,6,13
1.5082764625549316,0.0,9.0,14,2022,6,13
2.296249866485596,0.0,11.0,14,2022,6,13
2.571830987930298,0.0,13.0,14,2022,6,13
1.248180627822876,4.0,25.0,14,2022,6,13
0.573574960231781,0.0,29.0,14,2022,6,13
0.0,1.999999761581421,30.0,14,2022,6,13
0.0,87.00000762939453,32.0,14,2022,6,13
0.0,22.0,37.0,14,2022,6,13
0.0,7.0,38.0,14,2022,6,13
0.0,0.0,39.0,14,2022,6,13
0.0,0.800000011920929,44.0,14,2022,6,13
0.0,0.0,5.0,15,2022,6,13
1.0071436166763306,4.0,9.0,15,2022,6,13
2.43379545211792,26.000001907348636,11.0,15,2022,6,13
2.264688014984131,3.799999952316284,13.0,15,2022,6,13
0.6664527058601379,0.0,25.0,15,2022,6,13
0.116111047565937,0.0,29.0,15,2022,6,13
0.4274499714374542,0.0,30.0,15,2022,6,13
0.001489314250648,0.0,32.0,15,2022,6,13
0.0,0.0,37.0,15,2022,6,13
0.0,0.0,38.0,15,2022,6,13
0.0,0.0,39.0,15,2022,6,13
0.7014678716659546,0.0,44.0,15,2022,6,13
0.0,19.0,5.0,16,2022,6,13
0.9548924565315248,33.0,9.0,16,2022,6,13
2.076993465423584,39.0,11.0,16,2022,6,13
2.2769947052001958,30.99999237060547,13.0,16,2022,6,13
0.3705950379371643,9.0,25.0,16,2022,6,13
0.2072511315345764,0.0,29.0,16,2022,6,13
0.0,4.0,30.0,16,2022,6,13
0.0,0.0,32.0,16,2022,6,13
0.0,0.0,37.0,16,2022,6,13
0.0,0.0,38.0,16,2022,6,13
0.0,0.0,39.0,16,2022,6,13
1.0921860933303833,0.0,44.0,16,2022,6,13
0.0,18.0,5.0,17,2022,6,13
1.1532435417175293,5.999999523162842,9.0,17,2022,6,13
1.3827544450759888,20.000001907348636,11.0,17,2022,6,13
3.167999267578125,14.000000953674316,13.0,17,2022,6,13
1.300732135772705,23.0,25.0,17,2022,6,13
0.4062132239341736,27.000001907348636,29.0,17,2022,6,13
0.005720988381654,2.999999523162842,30.0,17,2022,6,13
0.0,7.0,32.0,17,2022,6,13
0.0,6.299999237060547,37.0,17,2022,6,13
0.0,9.700000762939451,38.0,17,2022,6,13
0.0,4.999999523162842,39.0,17,2022,6,13
0.2104234546422958,4.0,44.0,17,2022,6,13
0.0,9.0,5.0,18,2022,6,13
4.8272857666015625,0.0,9.0,18,2022,6,13
5.572012901306152,0.0999999865889549,11.0,18,2022,6,13
8.318378448486328,3.1000001430511475,13.0,18,2022,6,13
3.344719171524048,27.000001907348636,25.0,18,2022,6,13
0.9884158968925476,39.0,29.0,18,2022,6,13
0.0,12.000001907348633,30.0,18,2022,6,13
0.0,0.0,32.0,18,2022,6,13
0.0,11.69999885559082,37.0,18,2022,6,13
0.0,4.999999523162842,38.0,18,2022,6,13
0.0,9.0,39.0,18,2022,6,13
0.4475548863410949,0.9999998807907104,44.0,18,2022,6,13
0.0,0.0,5.0,19,2022,6,13
3.272684097290039,8.0,9.0,19,2022,6,13
5.653104305267334,0.0,11.0,19,2022,6,13
11.359217643737791,5.900000095367432,13.0,19,2022,6,13
1.7264200448989868,0.0,25.0,19,2022,6,13
1.6433228254318235,0.0,29.0,19,2022,6,13
0.1493878215551376,0.0,30.0,19,2022,6,13
0.0,0.0,32.0,19,2022,6,13
0.1434378772974014,0.0,37.0,19,2022,6,13
0.0169253684580326,0.0,38.0,19,2022,6,13
0.0,0.0,39.0,19,2022,6,13
0.8681790232658386,0.0,44.0,19,2022,6,13
0.0,42.30000305175781,5.0,20,2022,6,13
1.9642460346221924,0.0,9.0,20,2022,6,13
3.376462459564209,20.000001907348636,11.0,20,2022,6,13
4.605409622192383,29.999998092651367,13.0,20,2022,6,13
1.6037706136703491,26.000001907348636,25.0,20,2022,6,13
0.6464407444000244,1.999999761581421,29.0,20,2022,6,13
0.140507087111473,0.0,30.0,20,2022,6,13
0.0,0.0,32.0,20,2022,6,13
0.0,0.5999999046325684,37.0,20,2022,6,13
0.3092893660068512,0.0,38.0,20,2022,6,13
0.0,0.3000000715255737,39.0,20,2022,6,13
1.5983768701553345,0.0,44.0,20,2022,6,13
0.0,9.400001525878906,5.0,7,2023,6,13
2.362607955932617,73.00000762939453,9.0,7,2023,6,13
3.810390949249268,2.999999523162842,11.0,7,2023,6,13
9.77316665649414,68.0,13.0,7,2023,6,13
2.022949457168579,7.0,25.0,7,2023,6,13
1.1205999851226809,9.0,29.0,7,2023,6,13
0.1861876249313354,4.999999523162842,30.0,7,2023,6,13
0.0,2.8000001907348637,32.0,7,2023,6,13
0.0,0.9999998807907104,37.0,7,2023,6,13
0.0702453032135963,4.999999523162842,38.0,7,2023,6,13
0.0,0.0999999865889549,39.0,7,2023,6,13
0.4428025782108307,0.0,44.0,7,2023,6,13
0.0,0.0,5.0,8,2023,6,13
4.885501861572266,16.0,9.0,8,2023,6,13
3.588620185852051,5.999999523162842,11.0,8,2023,6,13
8.116986274719238,19.0,13.0,8,2023,6,13
1.763874888420105,0.5999999046325684,25.0,8,2023,6,13
0.5394919514656067,0.0,29.0,8,2023,6,13
0.0,0.0,30.0,8,2023,6,13
0.0,0.0,32.0,8,2023,6,13
0.0,0.0,37.0,8,2023,6,13
0.0,0.0,38.0,8,2023,6,13
0.0,0.0,39.0,8,2023,6,13
0.25300994515419,5.999999523162842,44.0,8,2023,6,13
0.0,20.30000305175781,5.0,9,2023,6,13
3.984546661376953,0.0,9.0,9,2023,6,13
2.999632835388184,23.0,11.0,9,2023,6,13
5.893559455871582,8.0,13.0,9,2023,6,13
2.433807373046875,7.40000057220459,25.0,9,2023,6,13
1.028301239013672,4.300000190734863,29.0,9,2023,6,13
0.0194257963448762,0.0,30.0,9,2023,6,13
0.0,0.0,32.0,9,2023,6,13
0.0,0.0,37.0,9,2023,6,13
0.0,0.0,38.0,9,2023,6,13
0.0,0.0,39.0,9,2023,6,13
0.0101835066452622,29.000001907348636,44.0,9,2023,6,13
0.0,0.5999999046325684,5.0,10,2023,6,13
5.6923508644104,5.999999523162842,9.0,10,2023,6,13
2.6464922428131104,15.0,11.0,10,2023,6,13
6.184536457061768,8.0,13.0,10,2023,6,13
2.7399115562438965,1.8000000715255735,25.0,10,2023,6,13
1.1669728755950928,0.0,29.0,10,2023,6,13
0.5197190642356873,0.2000000029802322,30.0,10,2023,6,13
0.0,2.999999523162842,32.0,10,2023,6,13
0.0475624501705169,0.5999999046325684,37.0,10,2023,6,13
0.0181534122675657,0.5,38.0,10,2023,6,13
0.0,0.9999998807907104,39.0,10,2023,6,13
0.7570806741714478,0.9000000953674316,44.0,10,2023,6,13
0.0,35.999996185302734,5.0,11,2023,6,13
5.870903968811035,79.0,9.0,11,2023,6,13
3.0006103515625,19.0,11.0,11,2023,6,13
7.835556983947754,63.0,13.0,11,2023,6,13
1.6673535108566284,16.80000114440918,25.0,11,2023,6,13
1.4297370910644531,16.100004196166992,29.0,11,2023,6,13
0.2838342785835266,24.5,30.0,11,2023,6,13
0.0,9.0,32.0,11,2023,6,13
0.0,19.40000534057617,37.0,11,2023,6,13
0.1947376728057861,1.3999998569488523,38.0,11,2023,6,13
0.0099108442664146,13.000000953674316,39.0,11,2023,6,13
1.3073766231536863,4.099999904632568,44.0,11,2023,6,13
0.0,84.99998474121094,5.0,12,2023,6,13
4.776642799377441,19.0,9.0,12,2023,6,13
3.990450382232666,8.199999809265137,11.0,12,2023,6,13
9.14423942565918,43.99999237060547,13.0,12,2023,6,13
2.160761833190918,65.99998474121094,25.0,12,2023,6,13
2.3106369972229004,22.899999618530277,29.0,12,2023,6,13
0.5082696676254272,58.299991607666016,30.0,12,2023,6,13
0.1204997226595878,58.00000381469727,32.0,12,2023,6,13
0.0,70.00001525878906,37.0,12,2023,6,13
0.2104796916246414,73.00000762939453,38.0,12,2023,6,13
0.0851788595318794,99.00000762939452,39.0,12,2023,6,13
3.82067346572876,24.000001907348636,44.0,12,2023,6,13
0.0,2.999999523162842,5.0,13,2023,6,13
1.4132847785949707,0.0,9.0,13,2023,6,13
1.5230872631072998,0.0,11.0,13,2023,6,13
4.771979808807373,0.0,13.0,13,2023,6,13
0.8049229979515076,4.0,25.0,13,2023,6,13
0.5017444491386414,8.0,29.0,13,2023,6,13
0.0,2.999999523162842,30.0,13,2023,6,13
0.0,1.999999761581421,32.0,13,2023,6,13
0.0,19.0,37.0,13,2023,6,13
0.0,9.0,38.0,13,2023,6,13
0.0,11.0,39.0,13,2023,6,13
1.1053537130355835,16.0,44.0,13,2023,6,13
0.0,0.0,5.0,14,2023,6,13
2.7049601078033447,0.0,9.0,14,2023,6,13
2.2971513271331787,4.999999523162842,11.0,14,2023,6,13
6.96529483795166,0.0,13.0,14,2023,6,13
1.9505646228790283,0.0,25.0,14,2023,6,13
1.3862261772155762,0.0,29.0,14,2023,6,13
0.0,0.0,30.0,14,2023,6,13
0.0,10.000000953674316,32.0,14,2023,6,13
0.0,0.0,37.0,14,2023,6,13
0.0,0.0,38.0,14,2023,6,13
0.0,0.0,39.0,14,2023,6,13
1.9943394660949707,1.999999761581421,44.0,14,2023,6,13
0.0,0.2000000029802322,5.0,15,2023,6,13
2.0042355060577397,4.0,9.0,15,2023,6,13
1.4582889080047607,0.0,11.0,15,2023,6,13
5.229626655578613,2.999999523162842,13.0,15,2023,6,13
1.4029018878936768,4.999999523162842,25.0,15,2023,6,13
1.608905792236328,1.999999761581421,29.0,15,2023,6,13
0.2889089286327362,9.0,30.0,15,2023,6,13
0.0,7.0,32.0,15,2023,6,13
0.0005798984202556,2.299999713897705,37.0,15,2023,6,13
0.1130803450942039,0.0,38.0,15,2023,6,13
0.0,9.0,39.0,15,2023,6,13
1.1969956159591677,2.200000286102295,44.0,15,2023,6,13
0.0,0.0,5.0,16,2023,6,13
2.5570077896118164,14.499999046325684,9.0,16,2023,6,13
1.1431509256362915,0.5,11.0,16,2023,6,13
3.518244981765747,0.0,13.0,16,2023,6,13
0.8535552024841309,2.999999523162842,25.0,16,2023,6,13
1.3709803819656372,0.0,29.0,16,2023,6,13
0.0,4.0,30.0,16,2023,6,13
0.0,0.9999998807907104,32.0,16,2023,6,13
0.0,2.5999996662139893,37.0,16,2023,6,13
0.0,0.5999999046325684,38.0,16,2023,6,13
0.0,0.0999999865889549,39.0,16,2023,6,13
0.5360188484191895,0.0,44.0,16,2023,6,13
0.0,0.0,5.0,17,2023,6,13
1.908972144126892,4.0,9.0,17,2023,6,13
1.7329277992248535,3.1000001430511475,11.0,17,2023,6,13
5.385295867919922,0.800000011920929,13.0,17,2023,6,13
0.3248598873615265,0.0,25.0,17,2023,6,13
0.420352429151535,0.0,29.0,17,2023,6,13
0.0,0.0,30.0,17,2023,6,13
0.0,0.0,32.0,17,2023,6,13
0.0,0.0,37.0,17,2023,6,13
0.0,0.0,38.0,17,2023,6,13
0.0,0.0,39.0,17,2023,6,13
0.1682295799255371,0.0,44.0,17,2023,6,13
0.0,0.0,5.0,18,2023,6,13
3.4238815307617188,8.0,9.0,18,2023,6,13
2.31693959236145,0.9999998807907104,11.0,18,2023,6,13
5.106759548187256,0.800000011920929,13.0,18,2023,6,13
1.2287611961364746,0.0,25.0,18,2023,6,13
1.1459431648254397,0.0,29.0,18,2023,6,13
0.0,0.0,30.0,18,2023,6,13
0.0,0.0,32.0,18,2023,6,13
0.0,0.0,37.0,18,2023,6,13
0.0,0.0,38.0,18,2023,6,13
0.0,0.0,39.0,18,2023,6,13
1.6202481985092163,0.0,44.0,18,2023,6,13
0.0,0.0,5.0,19,2023,6,13
3.016359806060791,0.5999999046325684,9.0,19,2023,6,13
2.5580086708068848,0.4000000953674316,11.0,19,2023,6,13
3.9765141010284415,1.3999998569488523,13.0,19,2023,6,13
1.856578469276428,4.0,25.0,19,2023,6,13
1.1741859912872314,0.9999998807907104,29.0,19,2023,6,13
0.0491511188447475,0.0,30.0,19,2023,6,13
0.0299493912607431,0.0,32.0,19,2023,6,13
0.0,0.0,37.0,19,2023,6,13
0.3156552016735077,0.2000000029802322,38.0,19,2023,6,13
0.0,0.0,39.0,19,2023,6,13
1.4985051155090332,1.999999761581421,44.0,19,2023,6,13
0.0,12.000001907348633,5.0,20,2023,6,13
1.2176190614700315,34.400001525878906,9.0,20,2023,6,13
1.8400764465332031,29.600008010864254,11.0,20,2023,6,13
3.8720738887786874,4.999999523162842,13.0,20,2023,6,13
1.1523010730743408,24.000001907348636,25.0,20,2023,6,13
1.1649415493011477,0.0,29.0,20,2023,6,13
0.0,0.0,30.0,20,2023,6,13
0.0,26.000001907348636,32.0,20,2023,6,13
0.0,37.999996185302734,37.0,20,2023,6,13
0.0,0.0,38.0,20,2023,6,13
0.0,39.0,39.0,20,2023,6,13
0.7285515069961548,0.0,44.0,20,2023,6,13
0.0,0.0,5.0,7,2020,6,17
2.444674491882324,0.0,9.0,7,2020,6,17
2.5027453899383545,39.0,11.0,7,2020,6,17
3.832730770111084,28.49999618530273,13.0,7,2020,6,17
2.199111223220825,0.0,25.0,7,2020,6,17
0.8646780848503113,0.0,29.0,7,2020,6,17
0.0,0.0,30.0,7,2020,6,17
0.0,0.0,32.0,7,2020,6,17
0.0,0.0,37.0,7,2020,6,17
0.0,0.0,38.0,7,2020,6,17
0.0,0.0,39.0,7,2020,6,17
0.0247327126562595,0.0,44.0,7,2020,6,17
0.0,0.0,5.0,8,2020,6,17
3.581150770187378,0.0,9.0,8,2020,6,17
1.7680175304412842,0.0,11.0,8,2020,6,17
3.8582873344421382,32.29999542236328,13.0,8,2020,6,17
1.5775761604309082,0.0,25.0,8,2020,6,17
0.4745203256607055,0.0,29.0,8,2020,6,17
0.0,0.0,30.0,8,2020,6,17
0.0432882755994796,0.0,32.0,8,2020,6,17
0.0,0.0,37.0,8,2020,6,17
0.0,0.0,38.0,8,2020,6,17
0.0,0.0,39.0,8,2020,6,17
0.4621971547603607,0.0,44.0,8,2020,6,17
0.0,1.8000000715255735,5.0,9,2020,6,17
5.736037254333496,119.8000259399414,9.0,9,2020,6,17
4.204782485961914,20.400001525878903,11.0,9,2020,6,17
4.557336807250977,95.89999389648438,13.0,9,2020,6,17
2.1379735469818115,0.800000011920929,25.0,9,2020,6,17
1.412569284439087,0.5,29.0,9,2020,6,17
0.0,0.0,30.0,9,2020,6,17
0.0,0.0,32.0,9,2020,6,17
0.0,0.0,37.0,9,2020,6,17
0.078154556453228,0.0,38.0,9,2020,6,17
0.0,0.0,39.0,9,2020,6,17
0.2139156460762024,0.0,44.0,9,2020,6,17
0.0,2.1000001430511475,5.0,10,2020,6,17
5.918280601501465,1.999999761581421,9.0,10,2020,6,17
2.4298651218414307,11.200000762939451,11.0,10,2020,6,17
6.052684783935547,15.799997329711914,13.0,10,2020,6,17
1.7417120933532717,0.800000011920929,25.0,10,2020,6,17
2.0543274879455566,1.1000001430511477,29.0,10,2020,6,17
0.3246463537216186,0.0,30.0,10,2020,6,17
0.0,0.0,32.0,10,2020,6,17
0.0,0.0,37.0,10,2020,6,17
0.0374398343265056,0.0,38.0,10,2020,6,17
0.0,0.0,39.0,10,2020,6,17
1.1743379831314087,0.0,44.0,10,2020,6,17
0.0,0.0,5.0,11,2020,6,17
6.661608695983887,0.0,9.0,11,2020,6,17
2.2132318019866943,0.0,11.0,11,2020,6,17
5.386456489562988,0.0,13.0,11,2020,6,17
1.917343616485596,0.0,25.0,11,2020,6,17
1.41188383102417,0.0,29.0,11,2020,6,17
0.0951180234551429,0.0,30.0,11,2020,6,17
0.0,0.0,32.0,11,2020,6,17
0.0,0.0,37.0,11,2020,6,17
0.3007494211196899,0.0,38.0,11,2020,6,17
0.0,0.0,39.0,11,2020,6,17
1.4393188953399658,0.0,44.0,11,2020,6,17
0.0,0.0,5.0,12,2020,6,17
5.207423210144043,0.0,9.0,12,2020,6,17
2.8928558826446533,0.0,11.0,12,2020,6,17
10.2892427444458,0.0,13.0,12,2020,6,17
1.9067182540893557,0.0,25.0,12,2020,6,17
0.7455145716667175,0.0,29.0,12,2020,6,17
0.6802051067352295,0.0,30.0,12,2020,6,17
0.0421300530433654,0.0,32.0,12,2020,6,17
0.0,0.0,37.0,12,2020,6,17
0.0,3.200000286102295,38.0,12,2020,6,17
0.2269231379032135,0.0,39.0,12,2020,6,17
0.5182943940162659,0.0,44.0,12,2020,6,17
0.0,0.0,5.0,13,2020,6,17
1.3561036586761477,22.0,9.0,13,2020,6,17
1.4685981273651123,0.0,11.0,13,2020,6,17
2.647969961166382,22.40000343322754,13.0,13,2020,6,17
1.2502894401550293,0.0,25.0,13,2020,6,17
0.3233309388160705,0.0,29.0,13,2020,6,17
0.0,0.0,30.0,13,2020,6,17
0.0,0.0,32.0,13,2020,6,17
0.0,0.0,37.0,13,2020,6,17
0.0,0.0,38.0,13,2020,6,17
0.0,0.0,39.0,13,2020,6,17
0.3020444512367248,0.0,44.0,13,2020,6,17
0.0,0.0,5.0,14,2020,6,17
2.7092125415802,15.400002479553224,9.0,14,2020,6,17
1.1314514875411987,0.0,11.0,14,2020,6,17
4.618825435638428,25.399995803833008,13.0,14,2020,6,17
0.9047395586967468,0.0,25.0,14,2020,6,17
0.5056872963905334,0.0,29.0,14,2020,6,17
0.0,0.0,30.0,14,2020,6,17
0.0,2.1000001430511475,32.0,14,2020,6,17
0.0,0.0,37.0,14,2020,6,17
0.0,0.0,38.0,14,2020,6,17
0.0,0.0,39.0,14,2020,6,17
0.0073834410868585,24.89999771118164,44.0,14,2020,6,17
0.0,0.0,5.0,15,2020,6,17
2.163146734237671,48.100006103515625,9.0,15,2020,6,17
0.9721637964248656,0.0,11.0,15,2020,6,17
2.4812417030334477,0.0,13.0,15,2020,6,17
0.4282055497169494,0.0,25.0,15,2020,6,17
0.4404265880584717,0.0,29.0,15,2020,6,17
0.330269992351532,0.0,30.0,15,2020,6,17
0.0,0.0,32.0,15,2020,6,17
0.235229417681694,0.0,37.0,15,2020,6,17
0.0,0.0,38.0,15,2020,6,17
0.0,0.0,39.0,15,2020,6,17
0.5326616168022156,0.0,44.0,15,2020,6,17
0.0,32.29999542236328,5.0,16,2020,6,17
2.4640495777130127,25.799999237060547,9.0,16,2020,6,17
1.4535510540008545,0.0,11.0,16,2020,6,17
2.3746883869171143,0.0,13.0,16,2020,6,17
1.168429613113403,90.90003967285156,25.0,16,2020,6,17
0.1758039444684982,12.59999942779541,29.0,16,2020,6,17
0.0234219990670681,0.0,30.0,16,2020,6,17
0.0,0.0,32.0,16,2020,6,17
0.0,31.39999389648437,37.0,16,2020,6,17
0.0,0.0,38.0,16,2020,6,17
0.0,15.0,39.0,16,2020,6,17
0.5008959174156189,0.0,44.0,16,2020,6,17
0.0,42.899993896484375,5.0,17,2020,6,17
3.0191593170166016,8.09999942779541,9.0,17,2020,6,17
1.4881229400634766,4.500000476837158,11.0,17,2020,6,17
3.0782928466796875,83.09998321533203,13.0,17,2020,6,17
1.4464415311813354,69.0000228881836,25.0,17,2020,6,17
0.8904784917831421,13.19999885559082,29.0,17,2020,6,17
0.1884436309337616,11.299999237060549,30.0,17,2020,6,17
0.0,0.0,32.0,17,2020,6,17
0.0,0.0,37.0,17,2020,6,17
0.0737263709306716,0.0,38.0,17,2020,6,17
0.0,0.0,39.0,17,2020,6,17
1.234654426574707,0.0,44.0,17,2020,6,17
0.0,0.0,5.0,18,2020,6,17
2.6210827827453613,0.0999999865889549,9.0,18,2020,6,17
2.0045149326324463,22.79999542236328,11.0,18,2020,6,17
3.8384757041931152,1.3999998569488523,13.0,18,2020,6,17
1.2879750728607178,0.0,25.0,18,2020,6,17
1.2127546072006226,0.0,29.0,18,2020,6,17
0.0,5.299999713897705,30.0,18,2020,6,17
0.0,0.0,32.0,18,2020,6,17
0.0,4.500000476837158,37.0,18,2020,6,17
0.0,0.0,38.0,18,2020,6,17
0.0,0.0,39.0,18,2020,6,17
0.2500859498977661,2.5999996662139893,44.0,18,2020,6,17
0.0,0.0,5.0,19,2020,6,17
1.4903591871261597,9.0,9.0,19,2020,6,17
1.2806553840637207,28.699995040893555,11.0,19,2020,6,17
3.081381797790528,2.6999998092651367,13.0,19,2020,6,17
0.7346178889274597,0.0,25.0,19,2020,6,17
0.5542095899581909,0.0,29.0,19,2020,6,17
0.0639584884047508,0.0,30.0,19,2020,6,17
0.0,0.0,32.0,19,2020,6,17
0.0997098535299301,0.0,37.0,19,2020,6,17
0.0,0.0,38.0,19,2020,6,17
0.0,0.0,39.0,19,2020,6,17
0.5731671452522278,0.0,44.0,19,2020,6,17
0.0,0.0,5.0,20,2020,6,17
1.603343486785889,29.30000305175781,9.0,20,2020,6,17
1.1573702096939087,0.0,11.0,20,2020,6,17
1.7194654941558838,0.0,13.0,20,2020,6,17
0.5614206790924072,1.4999998807907104,25.0,20,2020,6,17
0.0,0.0,29.0,20,2020,6,17
0.0,0.0,30.0,20,2020,6,17
0.0,0.0,32.0,20,2020,6,17
0.0,0.0,37.0,20,2020,6,17
0.0,26.39999389648437,38.0,20,2020,6,17
0.0,0.0,39.0,20,2020,6,17
0.0,0.0,44.0,20,2020,6,17
0.0,0.0,5.0,7,2021,6,17
1.5737242698669434,0.0,9.0,7,2021,6,17
0.9951545596122742,47.09999847412109,11.0,7,2021,6,17
2.116994380950928,37.29999923706055,13.0,7,2021,6,17
0.7570267915725708,0.0,25.0,7,2021,6,17
0.667831301689148,0.0,29.0,7,2021,6,17
0.0,0.0,30.0,7,2021,6,17
0.1339390873908996,0.0,32.0,7,2021,6,17
0.0,0.0,37.0,7,2021,6,17
0.0,0.0,38.0,7,2021,6,17
0.0,0.0,39.0,7,2021,6,17
0.9257550835609436,0.0,44.0,7,2021,6,17
0.0,0.0,5.0,8,2021,6,17
1.8173534870147705,36.50000381469727,9.0,8,2021,6,17
1.3170902729034424,113.9000244140625,11.0,8,2021,6,17
2.227270126342773,38.399993896484375,13.0,8,2021,6,17
0.860472559928894,0.0,25.0,8,2021,6,17
1.635588526725769,0.0,29.0,8,2021,6,17
0.2658411860466003,0.0,30.0,8,2021,6,17
0.2381417453289032,0.0,32.0,8,2021,6,17
0.0,0.0,37.0,8,2021,6,17
0.33005091547966,0.0,38.0,8,2021,6,17
0.0,0.0,39.0,8,2021,6,17
0.8348367810249329,0.0,44.0,8,2021,6,17
0.0,1.8000000715255735,5.0,9,2021,6,17
1.2099292278289795,7.800000190734863,9.0,9,2021,6,17
1.916755199432373,5.600000381469727,11.0,9,2021,6,17
2.47481369972229,3.799999952316284,13.0,9,2021,6,17
1.7616856098175049,5.500000953674316,25.0,9,2021,6,17
1.94050395488739,3.6999998092651367,29.0,9,2021,6,17
0.0413874797523021,15.0,30.0,9,2021,6,17
0.0,0.0,32.0,9,2021,6,17
0.0,15.400002479553224,37.0,9,2021,6,17
0.2686035335063934,24.10000228881836,38.0,9,2021,6,17
0.0,3.1000001430511475,39.0,9,2021,6,17
0.8517556190490723,0.0,44.0,9,2021,6,17
0.0,0.0,5.0,10,2021,6,17
1.997403025627136,0.0,9.0,10,2021,6,17
1.6831891536712646,1.1999998092651367,11.0,10,2021,6,17
6.598220348358154,8.299999237060547,13.0,10,2021,6,17
2.5648882389068604,5.900000095367432,25.0,10,2021,6,17
0.9527962803840636,1.4999998807907104,29.0,10,2021,6,17
0.1497748345136642,1.1999998092651367,30.0,10,2021,6,17
0.0,0.0,32.0,10,2021,6,17
0.0,0.0,37.0,10,2021,6,17
0.0,4.999999523162842,38.0,10,2021,6,17
0.0,0.5999999046325684,39.0,10,2021,6,17
0.0116659216582775,0.0,44.0,10,2021,6,17
0.0,0.0,5.0,11,2021,6,17
3.8534648418426514,25.299999237060547,9.0,11,2021,6,17
2.8645386695861816,0.0,11.0,11,2021,6,17
4.161381244659424,21.899999618530277,13.0,11,2021,6,17
2.3074562549591064,0.0,25.0,11,2021,6,17
0.4295415580272674,0.0,29.0,11,2021,6,17
0.0,0.0,30.0,11,2021,6,17
0.0,0.0,32.0,11,2021,6,17
0.0,0.0,37.0,11,2021,6,17
0.0,0.0,38.0,11,2021,6,17
0.0,0.0,39.0,11,2021,6,17
0.192180261015892,0.0,44.0,11,2021,6,17
0.0,0.0,5.0,12,2021,6,17
3.442560195922852,14.799997329711914,9.0,12,2021,6,17
4.67829704284668,0.0,11.0,12,2021,6,17
7.219668865203857,18.900001525878903,13.0,12,2021,6,17
2.303074359893799,5.1999993324279785,25.0,12,2021,6,17
1.2227555513381958,0.0,29.0,12,2021,6,17
1.126872181892395,0.0,30.0,12,2021,6,17
0.0,0.0,32.0,12,2021,6,17
0.0502099096775054,0.0,37.0,12,2021,6,17
0.2618597149848938,0.4000000953674316,38.0,12,2021,6,17
0.0,0.0,39.0,12,2021,6,17
0.3663799464702606,0.0,44.0,12,2021,6,17
0.0,6.700000762939453,5.0,13,2021,6,17
2.5236589908599854,15.0,9.0,13,2021,6,17
7.548964023590088,7.800000190734863,11.0,13,2021,6,17
9.185928344726562,12.399999618530272,13.0,13,2021,6,17
2.119313716888428,15.600000381469728,25.0,13,2021,6,17
0.93600594997406,2.8000001907348637,29.0,13,2021,6,17
0.0596428737044334,0.0,30.0,13,2021,6,17
0.0,0.0,32.0,13,2021,6,17
0.0,0.0,37.0,13,2021,6,17
0.0,0.0,38.0,13,2021,6,17
0.0,0.0,39.0,13,2021,6,17
0.6185733079910278,0.0,44.0,13,2021,6,17
0.0,0.0,5.0,14,2021,6,17
4.127652645111084,10.099998474121094,9.0,14,2021,6,17
4.469222545623779,27.70000648498535,11.0,14,2021,6,17
7.95344877243042,15.699995994567873,13.0,14,2021,6,17
3.613749265670776,2.200000286102295,25.0,14,2021,6,17
1.8579739332199097,4.199999809265137,29.0,14,2021,6,17
0.103132277727127,0.0,30.0,14,2021,6,17
0.0,0.0,32.0,14,2021,6,17
0.023949772119522,0.0,37.0,14,2021,6,17
0.0,0.0,38.0,14,2021,6,17
0.0,0.0,39.0,14,2021,6,17
1.5917069911956787,0.0,44.0,14,2021,6,17
0.0,8.80000114440918,5.0,15,2021,6,17
2.9059150218963623,17.700000762939453,9.0,15,2021,6,17
2.312617301940918,8.0,11.0,15,2021,6,17
8.474767684936523,24.599998474121094,13.0,15,2021,6,17
1.7702722549438477,13.699997901916504,25.0,15,2021,6,17
1.3469452857971191,1.1999998092651367,29.0,15,2021,6,17
0.6884453296661377,0.0,30.0,15,2021,6,17
0.0,0.0,32.0,15,2021,6,17
0.0,0.0,37.0,15,2021,6,17
0.0,0.0,38.0,15,2021,6,17
0.0,0.0,39.0,15,2021,6,17
1.497628688812256,0.0,44.0,15,2021,6,17
0.0,0.5,5.0,16,2021,6,17
4.233949661254883,3.6000003814697266,9.0,16,2021,6,17
1.5316674709320068,1.8000000715255735,11.0,16,2021,6,17
4.619484901428223,5.299999713897705,13.0,16,2021,6,17
1.4827451705932615,1.999999761581421,25.0,16,2021,6,17
1.8065218925476076,0.0,29.0,16,2021,6,17
0.4931494891643524,0.0,30.0,16,2021,6,17
0.0,0.0,32.0,16,2021,6,17
0.0,0.0,37.0,16,2021,6,17
0.2927550673484802,0.0,38.0,16,2021,6,17
0.0,0.0,39.0,16,2021,6,17
1.131482481956482,0.0,44.0,16,2021,6,17
0.0,0.0,5.0,17,2021,6,17
2.421350717544556,0.0,9.0,17,2021,6,17
1.5950042009353638,0.0,11.0,17,2021,6,17
2.6857872009277344,0.0,13.0,17,2021,6,17
1.8274009227752688,0.0,25.0,17,2021,6,17
1.2763419151306152,0.0,29.0,17,2021,6,17
0.0,0.0,30.0,17,2021,6,17
0.0,0.0,32.0,17,2021,6,17
0.0,0.0,37.0,17,2021,6,17
0.0,0.0,38.0,17,2021,6,17
0.0,0.0,39.0,17,2021,6,17
0.2489124983549118,0.0,44.0,17,2021,6,17
0.0,0.0,5.0,18,2021,6,17
3.218964099884033,21.500001907348636,9.0,18,2021,6,17
2.660214900970459,31.90000534057617,11.0,18,2021,6,17
3.171742677688598,9.599998474121094,13.0,18,2021,6,17
1.885309219360352,0.0,25.0,18,2021,6,17
1.0472803115844729,0.0,29.0,18,2021,6,17
0.057052157819271,0.0,30.0,18,2021,6,17
0.0,0.0,32.0,18,2021,6,17
0.0,0.0,37.0,18,2021,6,17
0.0,0.0,38.0,18,2021,6,17
0.0,0.0,39.0,18,2021,6,17
0.3027591407299042,0.0,44.0,18,2021,6,17
0.0,0.0,5.0,19,2021,6,17
1.780422568321228,10.5,9.0,19,2021,6,17
2.6391077041625977,71.40001678466797,11.0,19,2021,6,17
1.6084810495376587,75.30000305175781,13.0,19,2021,6,17
1.6183630228042605,26.600000381469727,25.0,19,2021,6,17
0.5101721882820129,50.90000534057617,29.0,19,2021,6,17
0.1063128262758255,0.0,30.0,19,2021,6,17
0.0,0.0,32.0,19,2021,6,17
0.0,0.0,37.0,19,2021,6,17
0.0291491262614727,0.0,38.0,19,2021,6,17
0.0,0.0,39.0,19,2021,6,17
0.5266982316970825,0.0,44.0,19,2021,6,17
0.0,0.0,5.0,20,2021,6,17
1.798703670501709,0.0,9.0,20,2021,6,17
2.2667713165283203,0.0,11.0,20,2021,6,17
1.6668063402175903,0.0,13.0,20,2021,6,17
1.4752976894378662,0.0,25.0,20,2021,6,17
0.6083896160125732,0.0,29.0,20,2021,6,17
0.0670372247695922,0.0,30.0,20,2021,6,17
0.0,14.499999046325684,32.0,20,2021,6,17
0.0168144740164279,0.0,37.0,20,2021,6,17
0.0166357830166816,0.0,38.0,20,2021,6,17
0.0,0.0,39.0,20,2021,6,17
0.3273431658744812,5.900000095367432,44.0,20,2021,6,17
0.0,4.099999904632568,5.0,7,2022,6,17
1.6401896476745603,19.0,9.0,7,2022,6,17
1.954556345939636,50.199989318847656,11.0,7,2022,6,17
4.299460411071777,21.000001907348636,13.0,7,2022,6,17
1.4832655191421509,4.800000190734863,25.0,7,2022,6,17
1.6141600608825684,1.1999998092651367,29.0,7,2022,6,17
0.2410150617361068,15.600000381469728,30.0,7,2022,6,17
0.0,1.2999999523162842,32.0,7,2022,6,17
0.0,1.999999761581421,37.0,7,2022,6,17
0.1941335648298263,39.19999694824219,38.0,7,2022,6,17
0.0,0.0999999865889549,39.0,7,2022,6,17
1.097820281982422,4.0,44.0,7,2022,6,17
0.0,0.0,5.0,8,2022,6,17
1.863157868385315,0.9999998807907104,9.0,8,2022,6,17
1.4007123708724976,15.0,11.0,8,2022,6,17
3.384960174560547,4.999999523162842,13.0,8,2022,6,17
0.8389919996261597,4.0,25.0,8,2022,6,17
1.18704354763031,3.5000007152557373,29.0,8,2022,6,17
0.52413010597229,8.0,30.0,8,2022,6,17
0.0,2.999999523162842,32.0,8,2022,6,17
0.0,2.999999523162842,37.0,8,2022,6,17
0.0,0.0,38.0,8,2022,6,17
0.0,10.000000953674316,39.0,8,2022,6,17
0.4368717074394226,51.999996185302734,44.0,8,2022,6,17
0.0,30.99999237060547,5.0,9,2022,6,17
1.310615062713623,13.000000953674316,9.0,9,2022,6,17
1.857044339179993,22.20000267028809,11.0,9,2022,6,17
3.5873918533325195,10.000000953674316,13.0,9,2022,6,17
1.224935531616211,24.000001907348636,25.0,9,2022,6,17
0.9260770678520204,16.299997329711914,29.0,9,2022,6,17
0.1032058596611023,8.199999809265137,30.0,9,2022,6,17
0.0,0.0,32.0,9,2022,6,17
0.0,1.999999761581421,37.0,9,2022,6,17
0.0,4.0,38.0,9,2022,6,17
0.0,0.0,39.0,9,2022,6,17
0.3916730880737304,0.0,44.0,9,2022,6,17
0.0,2.999999523162842,5.0,10,2022,6,17
1.655890941619873,0.0,9.0,10,2022,6,17
1.885303735733032,0.0,11.0,10,2022,6,17
2.8194875717163086,0.0,13.0,10,2022,6,17
1.204270362854004,4.0,25.0,10,2022,6,17
0.3545456528663635,0.0,29.0,10,2022,6,17
0.0,1.999999761581421,30.0,10,2022,6,17
0.0,87.00000762939453,32.0,10,2022,6,17
0.0,22.0,37.0,10,2022,6,17
0.0,7.0,38.0,10,2022,6,17
0.0,0.0,39.0,10,2022,6,17
0.2215572148561477,0.800000011920929,44.0,10,2022,6,17
0.0,0.0,5.0,11,2022,6,17
0.7148862481117249,4.0,9.0,11,2022,6,17
1.1640554666519165,26.000001907348636,11.0,11,2022,6,17
1.212453842163086,3.799999952316284,13.0,11,2022,6,17
0.2420601695775985,0.0,25.0,11,2022,6,17
0.3205232918262481,0.0,29.0,11,2022,6,17
0.0,0.0,30.0,11,2022,6,17
0.0,0.0,32.0,11,2022,6,17
0.0,0.0,37.0,11,2022,6,17
0.0,0.0,38.0,11,2022,6,17
0.0,0.0,39.0,11,2022,6,17
0.3926834464073181,0.0,44.0,11,2022,6,17
0.0,19.0,5.0,12,2022,6,17
1.6248266696929932,33.0,9.0,12,2022,6,17
1.9277095794677732,39.0,11.0,12,2022,6,17
3.681522846221924,30.99999237060547,13.0,12,2022,6,17
0.3449892699718475,9.0,25.0,12,2022,6,17
0.6874070167541504,0.0,29.0,12,2022,6,17
0.2355793118476867,4.0,30.0,12,2022,6,17
0.0582778081297874,0.0,32.0,12,2022,6,17
0.0,0.0,37.0,12,2022,6,17
0.0,0.0,38.0,12,2022,6,17
0.0,0.0,39.0,12,2022,6,17
0.3785141706466675,0.0,44.0,12,2022,6,17
0.0,18.0,5.0,13,2022,6,17
0.8334053158760071,5.999999523162842,9.0,13,2022,6,17
1.5943233966827393,20.000001907348636,11.0,13,2022,6,17
1.3941307067871094,14.000000953674316,13.0,13,2022,6,17
1.5873286724090576,23.0,25.0,13,2022,6,17
0.0,27.000001907348636,29.0,13,2022,6,17
0.0,2.999999523162842,30.0,13,2022,6,17
0.0,7.0,32.0,13,2022,6,17
0.0,6.299999237060547,37.0,13,2022,6,17
0.0,9.700000762939451,38.0,13,2022,6,17
0.0,4.999999523162842,39.0,13,2022,6,17
0.0532155744731426,4.0,44.0,13,2022,6,17
0.0,9.0,5.0,14,2022,6,17
2.237643241882324,0.0,9.0,14,2022,6,17
3.892020702362061,0.0999999865889549,11.0,14,2022,6,17
5.941486835479736,3.1000001430511475,13.0,14,2022,6,17
1.9005794525146484,27.000001907348636,25.0,14,2022,6,17
0.6688528060913086,39.0,29.0,14,2022,6,17
0.0,12.000001907348633,30.0,14,2022,6,17
0.0,0.0,32.0,14,2022,6,17
0.0,11.69999885559082,37.0,14,2022,6,17
0.0,4.999999523162842,38.0,14,2022,6,17
0.0,9.0,39.0,14,2022,6,17
0.2301976978778839,0.9999998807907104,44.0,14,2022,6,17
0.0,0.0,5.0,15,2022,6,17
3.1556074619293213,8.0,9.0,15,2022,6,17
4.130579471588135,0.0,11.0,15,2022,6,17
4.826181888580322,5.900000095367432,13.0,15,2022,6,17
1.315571665763855,0.0,25.0,15,2022,6,17
0.963093638420105,0.0,29.0,15,2022,6,17
0.3263117969036102,0.0,30.0,15,2022,6,17
0.0,0.0,32.0,15,2022,6,17
0.0,0.0,37.0,15,2022,6,17
0.0,0.0,38.0,15,2022,6,17
0.0,0.0,39.0,15,2022,6,17
1.469825029373169,0.0,44.0,15,2022,6,17
0.0,42.30000305175781,5.0,16,2022,6,17
3.4491734504699707,0.0,9.0,16,2022,6,17
2.671766519546509,20.000001907348636,11.0,16,2022,6,17
3.63826847076416,29.999998092651367,13.0,16,2022,6,17
1.2295575141906738,26.000001907348636,25.0,16,2022,6,17
0.4601893424987793,1.999999761581421,29.0,16,2022,6,17
0.1957305669784546,0.0,30.0,16,2022,6,17
0.0,0.0,32.0,16,2022,6,17
0.0,0.5999999046325684,37.0,16,2022,6,17
0.0,0.0,38.0,16,2022,6,17
0.0,0.3000000715255737,39.0,16,2022,6,17
1.207210659980774,0.0,44.0,16,2022,6,17
0.0,2.999999523162842,5.0,17,2022,6,17
1.3362150192260742,0.0,9.0,17,2022,6,17
1.633504867553711,18.0,11.0,17,2022,6,17
1.9172197580337524,0.0,13.0,17,2022,6,17
0.5620486736297607,11.0,25.0,17,2022,6,17
0.7090575695037842,4.999999523162842,29.0,17,2022,6,17
0.0,0.0,30.0,17,2022,6,17
0.0,0.0,32.0,17,2022,6,17
0.0,0.0,37.0,17,2022,6,17
0.0596475638449192,0.0,38.0,17,2022,6,17
0.0,0.0,39.0,17,2022,6,17
0.0,0.0,44.0,17,2022,6,17
0.0,0.0,5.0,18,2022,6,17
1.4344767332077026,5.999999523162842,9.0,18,2022,6,17
1.562467336654663,43.99999237060547,11.0,18,2022,6,17
4.118569374084473,1.8000000715255735,13.0,18,2022,6,17
0.5756295919418335,0.5,25.0,18,2022,6,17
0.5786707401275635,0.0,29.0,18,2022,6,17
0.0,0.0,30.0,18,2022,6,17
0.0,0.0,32.0,18,2022,6,17
0.0,0.0,37.0,18,2022,6,17
0.0,2.999999523162842,38.0,18,2022,6,17
0.0,0.0,39.0,18,2022,6,17
0.0,0.5999999046325684,44.0,18,2022,6,17
0.0,2.999999523162842,5.0,19,2022,6,17
1.2772659063339231,15.0,9.0,19,2022,6,17
1.6237682104110718,30.99999237060547,11.0,19,2022,6,17
2.99814510345459,13.19999885559082,13.0,19,2022,6,17
1.133926272392273,4.999999523162842,25.0,19,2022,6,17
0.1804933845996856,4.999999523162842,29.0,19,2022,6,17
0.0,7.0,30.0,19,2022,6,17
0.0,2.999999523162842,32.0,19,2022,6,17
0.0,4.0,37.0,19,2022,6,17
0.0,0.4000000953674316,38.0,19,2022,6,17
0.0,0.5,39.0,19,2022,6,17
0.2515310645103454,1.999999761581421,44.0,19,2022,6,17
0.0,0.0,5.0,20,2022,6,17
0.6446290016174316,0.9999998807907104,9.0,20,2022,6,17
0.5714614391326904,0.0,11.0,20,2022,6,17
1.0591243505477903,0.0,13.0,20,2022,6,17
0.5331999659538269,0.9999998807907104,25.0,20,2022,6,17
0.0,4.0,29.0,20,2022,6,17
0.0,34.000003814697266,30.0,20,2022,6,17
0.0,0.0,32.0,20,2022,6,17
0.0,19.099994659423828,37.0,20,2022,6,17
0.0,14.699999809265137,38.0,20,2022,6,17
0.0,13.599998474121094,39.0,20,2022,6,17
0.1606992483139038,17.0,44.0,20,2022,6,17
0.0,35.999996185302734,5.0,7,2023,6,17
2.419882297515869,79.0,9.0,7,2023,6,17
2.5479869842529297,19.0,11.0,7,2023,6,17
6.713798522949219,63.0,13.0,7,2023,6,17
1.9654548168182373,16.80000114440918,25.0,7,2023,6,17
1.752666711807251,16.100004196166992,29.0,7,2023,6,17
0.0,24.5,30.0,7,2023,6,17
0.0,9.0,32.0,7,2023,6,17
0.0,19.40000534057617,37.0,7,2023,6,17
0.2952162027359009,1.3999998569488523,38.0,7,2023,6,17
0.0,13.000000953674316,39.0,7,2023,6,17
1.4485938549041748,4.099999904632568,44.0,7,2023,6,17
0.0,84.99998474121094,5.0,8,2023,6,17
4.177593231201172,19.0,9.0,8,2023,6,17
2.2030129432678223,8.199999809265137,11.0,8,2023,6,17
7.1324782371521,43.99999237060547,13.0,8,2023,6,17
1.1893171072006226,65.99998474121094,25.0,8,2023,6,17
0.3194926977157593,22.899999618530277,29.0,8,2023,6,17
0.0,58.299991607666016,30.0,8,2023,6,17
0.015305258333683,58.00000381469727,32.0,8,2023,6,17
0.0,70.00001525878906,37.0,8,2023,6,17
0.2359453290700912,73.00000762939453,38.0,8,2023,6,17
0.0,99.00000762939452,39.0,8,2023,6,17
1.6695127487182615,24.000001907348636,44.0,8,2023,6,17
0.0,2.999999523162842,5.0,9,2023,6,17
2.58841872215271,0.0,9.0,9,2023,6,17
2.0712718963623047,0.0,11.0,9,2023,6,17
3.641910314559937,0.0,13.0,9,2023,6,17
0.8341473340988159,4.0,25.0,9,2023,6,17
1.0471042394638062,8.0,29.0,9,2023,6,17
0.0,2.999999523162842,30.0,9,2023,6,17
0.0,1.999999761581421,32.0,9,2023,6,17
0.0,19.0,37.0,9,2023,6,17
0.0,9.0,38.0,9,2023,6,17
0.0,11.0,39.0,9,2023,6,17
1.2272744178771973,16.0,44.0,9,2023,6,17
0.0,0.0,5.0,10,2023,6,17
1.3588699102401731,0.0,9.0,10,2023,6,17
1.325090408325195,4.999999523162842,11.0,10,2023,6,17
3.992594957351685,0.0,13.0,10,2023,6,17
0.697858452796936,0.0,25.0,10,2023,6,17
0.5805420875549316,0.0,29.0,10,2023,6,17
0.0,0.0,30.0,10,2023,6,17
0.0,10.000000953674316,32.0,10,2023,6,17
0.0,0.0,37.0,10,2023,6,17
0.0,0.0,38.0,10,2023,6,17
0.0,0.0,39.0,10,2023,6,17
0.2752346098423004,1.999999761581421,44.0,10,2023,6,17
0.0,0.2000000029802322,5.0,11,2023,6,17
0.816484808921814,4.0,9.0,11,2023,6,17
0.82874596118927,0.0,11.0,11,2023,6,17
2.175487279891968,2.999999523162842,13.0,11,2023,6,17
0.3668793439865112,4.999999523162842,25.0,11,2023,6,17
0.0906008630990982,1.999999761581421,29.0,11,2023,6,17
0.0,9.0,30.0,11,2023,6,17
0.0,7.0,32.0,11,2023,6,17
0.0,2.299999713897705,37.0,11,2023,6,17
0.0,0.0,38.0,11,2023,6,17
0.0,9.0,39.0,11,2023,6,17
0.0,2.200000286102295,44.0,11,2023,6,17
0.0,0.0,5.0,12,2023,6,17
1.1296937465667725,14.499999046325684,9.0,12,2023,6,17
0.709020733833313,0.5,11.0,12,2023,6,17
3.345701217651367,0.0,13.0,12,2023,6,17
0.0922057777643203,2.999999523162842,25.0,12,2023,6,17
0.0,0.0,29.0,12,2023,6,17
0.0,4.0,30.0,12,2023,6,17
0.0,0.9999998807907104,32.0,12,2023,6,17
0.0,2.5999996662139893,37.0,12,2023,6,17
0.0,0.5999999046325684,38.0,12,2023,6,17
0.0,0.0999999865889549,39.0,12,2023,6,17
0.0,0.0,44.0,12,2023,6,17
0.0,0.0,5.0,13,2023,6,17
0.3854022324085235,4.0,9.0,13,2023,6,17
0.7925580739974976,3.1000001430511475,11.0,13,2023,6,17
1.4890904426574707,0.800000011920929,13.0,13,2023,6,17
0.2374691516160965,0.0,25.0,13,2023,6,17
0.0,0.0,29.0,13,2023,6,17
0.0,0.0,30.0,13,2023,6,17
0.0,0.0,32.0,13,2023,6,17
0.0,0.0,37.0,13,2023,6,17
0.0,0.0,38.0,13,2023,6,17
0.0,0.0,39.0,13,2023,6,17
0.0131425065919756,0.0,44.0,13,2023,6,17
0.0,0.0,5.0,14,2023,6,17
0.4188016057014465,8.0,9.0,14,2023,6,17
0.5128827095031738,0.9999998807907104,11.0,14,2023,6,17
2.186032056808472,0.800000011920929,13.0,14,2023,6,17
0.2132562100887298,0.0,25.0,14,2023,6,17
0.0,0.0,29.0,14,2023,6,17
0.0,0.0,30.0,14,2023,6,17
0.0,0.0,32.0,14,2023,6,17
0.0,0.0,37.0,14,2023,6,17
0.0,0.0,38.0,14,2023,6,17
0.0,0.0,39.0,14,2023,6,17
0.2462194263935089,0.0,44.0,14,2023,6,17
0.0,0.0,5.0,15,2023,6,17
0.1483266800642013,0.5999999046325684,9.0,15,2023,6,17
0.5311532020568848,0.4000000953674316,11.0,15,2023,6,17
0.6842240691184998,1.3999998569488523,13.0,15,2023,6,17
0.2069844156503677,4.0,25.0,15,2023,6,17
0.0,0.9999998807907104,29.0,15,2023,6,17
0.0,0.0,30.0,15,2023,6,17
0.0,0.0,32.0,15,2023,6,17
0.0,0.0,37.0,15,2023,6,17
0.0,0.2000000029802322,38.0,15,2023,6,17
0.0,0.0,39.0,15,2023,6,17
0.0,1.999999761581421,44.0,15,2023,6,17
0.0,12.000001907348633,5.0,16,2023,6,17
0.5904921293258667,34.400001525878906,9.0,16,2023,6,17
0.5395382046699524,29.600008010864254,11.0,16,2023,6,17
0.919258713722229,4.999999523162842,13.0,16,2023,6,17
0.0,24.000001907348636,25.0,16,2023,6,17
0.0,0.0,29.0,16,2023,6,17
0.0,0.0,30.0,16,2023,6,17
0.0,26.000001907348636,32.0,16,2023,6,17
0.0,37.999996185302734,37.0,16,2023,6,17
0.0,0.0,38.0,16,2023,6,17
0.0,39.0,39.0,16,2023,6,17
0.0,0.0,44.0,16,2023,6,17
0.0,3.1000001430511475,5.0,17,2023,6,17
1.4676635265350342,0.9999998807907104,9.0,17,2023,6,17
1.0348610877990725,14.000000953674316,11.0,17,2023,6,17
1.6410369873046875,11.69999885559082,13.0,17,2023,6,17
0.0183645598590374,1.2999999523162842,25.0,17,2023,6,17
0.2302995771169662,0.5999999046325684,29.0,17,2023,6,17
0.0,8.199999809265137,30.0,17,2023,6,17
0.0,0.0,32.0,17,2023,6,17
0.0,0.0,37.0,17,2023,6,17
0.0,0.0,38.0,17,2023,6,17
0.0,7.0,39.0,17,2023,6,17
0.0,0.0,44.0,17,2023,6,17
0.0,11.90000057220459,5.0,18,2023,6,17
1.1017650365829468,14.000000953674316,9.0,18,2023,6,17
1.1622557640075684,16.600000381469727,11.0,18,2023,6,17
2.591438770294189,18.299997329711918,13.0,18,2023,6,17
0.9169589281082152,4.700000286102295,25.0,18,2023,6,17
0.3866820335388183,11.0,29.0,18,2023,6,17
0.0,41.80000305175781,30.0,18,2023,6,17
0.0,29.000001907348636,32.0,18,2023,6,17
0.0,16.0,37.0,18,2023,6,17
0.0,54.99999237060547,38.0,18,2023,6,17
0.0,15.0,39.0,18,2023,6,17
0.0,0.0,44.0,18,2023,6,17
0.0,2.1000001430511475,5.0,19,2023,6,17
1.480128526687622,13.000000953674316,9.0,19,2023,6,17
0.3905258178710937,4.199999809265137,11.0,19,2023,6,17
1.932228207588196,4.0,13.0,19,2023,6,17
0.8849440813064575,0.0,25.0,19,2023,6,17
1.0178582668304443,0.0,29.0,19,2023,6,17
0.0,0.0,30.0,19,2023,6,17
0.0240996442735195,0.0,32.0,19,2023,6,17
0.0,8.0,37.0,19,2023,6,17
0.0,12.000001907348633,38.0,19,2023,6,17
0.0,8.199999809265137,39.0,19,2023,6,17
0.1083212718367576,0.0,44.0,19,2023,6,17
0.0,0.0,5.0,20,2023,6,17
1.3051764965057373,14.000000953674316,9.0,20,2023,6,17
1.1695855855941772,9.0,11.0,20,2023,6,17
2.1234006881713867,1.999999761581421,13.0,20,2023,6,17
0.7588772773742676,0.2000000029802322,25.0,20,2023,6,17
0.9338817596435548,0.0,29.0,20,2023,6,17
0.4315004348754883,0.0,30.0,20,2023,6,17
0.0,0.0,32.0,20,2023,6,17
0.0,0.0,37.0,20,2023,6,17
0.0,0.0,38.0,20,2023,6,17
0.0,0.0999999865889549,39.0,20,2023,6,17
0.0644402056932449,0.0,44.0,20,2023,6,17
0.0,2.1000001430511475,5.0,7,2020,6,20
2.9276552200317383,1.999999761581421,9.0,7,2020,6,20
2.083591938018799,11.200000762939451,11.0,7,2020,6,20
4.57860279083252,15.799997329711914,13.0,7,2020,6,20
1.398323893547058,0.800000011920929,25.0,7,2020,6,20
2.003245115280152,1.1000001430511477,29.0,7,2020,6,20
0.0,0.0,30.0,7,2020,6,20
0.0,0.0,32.0,7,2020,6,20
0.0,0.0,37.0,7,2020,6,20
0.0781869292259216,0.0,38.0,7,2020,6,20
0.0,0.0,39.0,7,2020,6,20
0.713660478591919,0.0,44.0,7,2020,6,20
0.0,0.0,5.0,8,2020,6,20
4.271639347076416,0.0,9.0,8,2020,6,20
2.0676255226135254,0.0,11.0,8,2020,6,20
5.433310031890869,0.0,13.0,8,2020,6,20
1.7777807712554932,0.0,25.0,8,2020,6,20
1.5348994731903076,0.0,29.0,8,2020,6,20
0.2785928547382355,0.0,30.0,8,2020,6,20
0.1460193246603012,0.0,32.0,8,2020,6,20
0.0,0.0,37.0,8,2020,6,20
0.2080775946378708,0.0,38.0,8,2020,6,20
0.0,0.0,39.0,8,2020,6,20
0.7716453671455383,0.0,44.0,8,2020,6,20
0.0,0.0,5.0,9,2020,6,20
3.202067613601685,0.0,9.0,9,2020,6,20
2.409086227416992,0.0,11.0,9,2020,6,20
4.17872428894043,0.0,13.0,9,2020,6,20
2.8213675022125244,0.0,25.0,9,2020,6,20
1.9642269611358645,0.0,29.0,9,2020,6,20
0.1437053680419922,0.0,30.0,9,2020,6,20
0.0,0.0,32.0,9,2020,6,20
0.0776993334293365,0.0,37.0,9,2020,6,20
0.0,3.200000286102295,38.0,9,2020,6,20
0.0,0.0,39.0,9,2020,6,20
1.4475245475769043,0.0,44.0,9,2020,6,20
0.0,0.0,5.0,10,2020,6,20
2.7721309661865234,22.0,9.0,10,2020,6,20
3.5638911724090576,0.0,11.0,10,2020,6,20
6.843768119812012,22.40000343322754,13.0,10,2020,6,20
2.117574691772461,0.0,25.0,10,2020,6,20
1.3195562362670898,0.0,29.0,10,2020,6,20
0.4096930921077728,0.0,30.0,10,2020,6,20
0.0,0.0,32.0,10,2020,6,20
0.0,0.0,37.0,10,2020,6,20
0.0,0.0,38.0,10,2020,6,20
0.0,0.0,39.0,10,2020,6,20
0.4576059579849243,0.0,44.0,10,2020,6,20
0.0,0.0,5.0,11,2020,6,20
4.495682716369629,15.400002479553224,9.0,11,2020,6,20
3.007317066192627,0.0,11.0,11,2020,6,20
3.60861611366272,25.399995803833008,13.0,11,2020,6,20
0.9437248706817628,0.0,25.0,11,2020,6,20
0.9971137642860411,0.0,29.0,11,2020,6,20
0.0,0.0,30.0,11,2020,6,20
0.0,2.1000001430511475,32.0,11,2020,6,20
0.0,0.0,37.0,11,2020,6,20
0.0,0.0,38.0,11,2020,6,20
0.0,0.0,39.0,11,2020,6,20
0.2534615397453308,24.89999771118164,44.0,11,2020,6,20
0.0,0.0,5.0,12,2020,6,20
7.320318222045898,48.100006103515625,9.0,12,2020,6,20
5.271031379699707,0.0,11.0,12,2020,6,20
11.073627471923828,0.0,13.0,12,2020,6,20
1.8576757907867432,0.0,25.0,12,2020,6,20
0.3266518712043762,0.0,29.0,12,2020,6,20
0.8055793046951294,0.0,30.0,12,2020,6,20
0.0,0.0,32.0,12,2020,6,20
0.0,0.0,37.0,12,2020,6,20
0.02471424639225,0.0,38.0,12,2020,6,20
0.0,0.0,39.0,12,2020,6,20
0.7947596311569214,0.0,44.0,12,2020,6,20
0.0,32.29999542236328,5.0,13,2020,6,20
3.714910745620728,25.799999237060547,9.0,13,2020,6,20
3.726251602172852,0.0,11.0,13,2020,6,20
5.710046768188477,0.0,13.0,13,2020,6,20
2.1385092735290527,90.90003967285156,25.0,13,2020,6,20
0.3879849314689636,12.59999942779541,29.0,13,2020,6,20
0.0,0.0,30.0,13,2020,6,20
0.0,0.0,32.0,13,2020,6,20
0.0,31.39999389648437,37.0,13,2020,6,20
0.0,0.0,38.0,13,2020,6,20
0.0,15.0,39.0,13,2020,6,20
1.0227699279785156,0.0,44.0,13,2020,6,20
0.0,42.899993896484375,5.0,14,2020,6,20
7.607682704925537,8.09999942779541,9.0,14,2020,6,20
3.196032285690308,4.500000476837158,11.0,14,2020,6,20
4.937655448913574,83.09998321533203,13.0,14,2020,6,20
2.5237579345703125,69.0000228881836,25.0,14,2020,6,20
1.2504581212997437,13.19999885559082,29.0,14,2020,6,20
0.0431197695434093,11.299999237060549,30.0,14,2020,6,20
0.0,0.0,32.0,14,2020,6,20
0.1299084424972534,0.0,37.0,14,2020,6,20
0.2141788899898529,0.0,38.0,14,2020,6,20
0.0,0.0,39.0,14,2020,6,20
1.5587408542633057,0.0,44.0,14,2020,6,20
0.0,0.0,5.0,15,2020,6,20
4.793409824371338,0.0999999865889549,9.0,15,2020,6,20
1.638549566268921,22.79999542236328,11.0,15,2020,6,20
5.070850849151611,1.3999998569488523,13.0,15,2020,6,20
1.2011107206344604,0.0,25.0,15,2020,6,20
2.298099994659424,0.0,29.0,15,2020,6,20
0.8125746846199036,5.299999713897705,30.0,15,2020,6,20
0.0713331699371337,0.0,32.0,15,2020,6,20
0.0,4.500000476837158,37.0,15,2020,6,20
0.0,0.0,38.0,15,2020,6,20
0.0,0.0,39.0,15,2020,6,20
0.9502134323120116,2.5999996662139893,44.0,15,2020,6,20
0.0,0.0,5.0,16,2020,6,20
3.901511192321777,9.0,9.0,16,2020,6,20
1.185541749000549,28.699995040893555,11.0,16,2020,6,20
5.615129470825195,2.6999998092651367,13.0,16,2020,6,20
1.93316662311554,0.0,25.0,16,2020,6,20
0.986680030822754,0.0,29.0,16,2020,6,20
0.0,0.0,30.0,16,2020,6,20
0.0,0.0,32.0,16,2020,6,20
0.0,0.0,37.0,16,2020,6,20
0.0,0.0,38.0,16,2020,6,20
0.0,0.0,39.0,16,2020,6,20
0.712901771068573,0.0,44.0,16,2020,6,20
0.0,0.0,5.0,17,2020,6,20
3.8727059364318848,29.30000305175781,9.0,17,2020,6,20
1.7329795360565186,0.0,11.0,17,2020,6,20
4.609209537506104,0.0,13.0,17,2020,6,20
1.543473243713379,1.4999998807907104,25.0,17,2020,6,20
0.2425824403762817,0.0,29.0,17,2020,6,20
0.0,0.0,30.0,17,2020,6,20
0.0,0.0,32.0,17,2020,6,20
0.0,0.0,37.0,17,2020,6,20
0.0,26.39999389648437,38.0,17,2020,6,20
0.0,0.0,39.0,17,2020,6,20
0.0,0.0,44.0,17,2020,6,20
0.0,2.200000286102295,5.0,18,2020,6,20
3.1115880012512207,9.0,9.0,18,2020,6,20
2.8353545665740967,0.0,11.0,18,2020,6,20
3.972419261932373,21.700000762939453,13.0,18,2020,6,20
1.7983860969543457,4.800000190734863,25.0,18,2020,6,20
0.2025546133518219,0.0,29.0,18,2020,6,20
0.0,0.0,30.0,18,2020,6,20
0.0,0.0,32.0,18,2020,6,20
0.0,0.0,37.0,18,2020,6,20
0.0,0.0,38.0,18,2020,6,20
0.0,0.0,39.0,18,2020,6,20
0.0,0.0,44.0,18,2020,6,20
0.0,0.0,5.0,19,2020,6,20
1.7939651012420654,0.0,9.0,19,2020,6,20
3.133305788040161,0.0,11.0,19,2020,6,20
3.918936252593994,5.900000095367432,13.0,19,2020,6,20
1.6967592239379885,0.0,25.0,19,2020,6,20
0.4267300367355346,0.0,29.0,19,2020,6,20
0.0,0.0,30.0,19,2020,6,20
0.0,0.0,32.0,19,2020,6,20
0.0,0.0,37.0,19,2020,6,20
0.0,0.0,38.0,19,2020,6,20
0.0,0.0,39.0,19,2020,6,20
0.0,0.0,44.0,19,2020,6,20
0.0,20.099994659423828,5.0,20,2020,6,20
1.7669248580932615,50.09999847412109,9.0,20,2020,6,20
1.6556944847106934,42.30000305175781,11.0,20,2020,6,20
2.1719717979431152,54.79999542236328,13.0,20,2020,6,20
0.5980685949325562,27.29999542236328,25.0,20,2020,6,20
0.1335473805665969,0.0,29.0,20,2020,6,20
0.0,0.0,30.0,20,2020,6,20
0.0,0.0,32.0,20,2020,6,20
0.0,0.0,37.0,20,2020,6,20
0.0,0.0,38.0,20,2020,6,20
0.0,0.0,39.0,20,2020,6,20
0.2910652160644531,0.0,44.0,20,2020,6,20
0.0,0.0,5.0,7,2021,6,20
1.482662796974182,0.0,9.0,7,2021,6,20
1.6565375328063965,1.1999998092651367,11.0,7,2021,6,20
3.0136609077453613,8.299999237060547,13.0,7,2021,6,20
1.6421825885772705,5.900000095367432,25.0,7,2021,6,20
1.2748398780822754,1.4999998807907104,29.0,7,2021,6,20
0.0,1.1999998092651367,30.0,7,2021,6,20
0.0,0.0,32.0,7,2021,6,20
0.0,0.0,37.0,7,2021,6,20
0.0,4.999999523162842,38.0,7,2021,6,20
0.0,0.5999999046325684,39.0,7,2021,6,20
0.8476977944374084,0.0,44.0,7,2021,6,20
0.0,0.0,5.0,8,2021,6,20
1.7315458059310913,25.299999237060547,9.0,8,2021,6,20
2.527617692947388,0.0,11.0,8,2021,6,20
6.135056495666504,21.899999618530277,13.0,8,2021,6,20
2.508368730545044,0.0,25.0,8,2021,6,20
0.796899139881134,0.0,29.0,8,2021,6,20
0.210137277841568,0.0,30.0,8,2021,6,20
0.0,0.0,32.0,8,2021,6,20
0.0,0.0,37.0,8,2021,6,20
0.0,0.0,38.0,8,2021,6,20
0.0,0.0,39.0,8,2021,6,20
0.5605926513671875,0.0,44.0,8,2021,6,20
0.0,0.0,5.0,9,2021,6,20
2.962398052215576,14.799997329711914,9.0,9,2021,6,20
3.5897789001464844,0.0,11.0,9,2021,6,20
3.871222972869873,18.900001525878903,13.0,9,2021,6,20
1.4874489307403564,5.1999993324279785,25.0,9,2021,6,20
0.639319896697998,0.0,29.0,9,2021,6,20
0.1418601870536804,0.0,30.0,9,2021,6,20
0.0,0.0,32.0,9,2021,6,20
0.0584286898374557,0.0,37.0,9,2021,6,20
0.0,0.4000000953674316,38.0,9,2021,6,20
0.0,0.0,39.0,9,2021,6,20
0.4042427539825439,0.0,44.0,9,2021,6,20
0.0,6.700000762939453,5.0,10,2021,6,20
2.792709827423096,15.0,9.0,10,2021,6,20
3.7559502124786377,7.800000190734863,11.0,10,2021,6,20
6.355930805206299,12.399999618530272,13.0,10,2021,6,20
1.4998812675476074,15.600000381469728,25.0,10,2021,6,20
0.2204529792070388,2.8000001907348637,29.0,10,2021,6,20
0.2198702096939087,0.0,30.0,10,2021,6,20
0.0,0.0,32.0,10,2021,6,20
0.0,0.0,37.0,10,2021,6,20
0.0,0.0,38.0,10,2021,6,20
0.0,0.0,39.0,10,2021,6,20
0.5340521931648254,0.0,44.0,10,2021,6,20
0.0,0.0,5.0,11,2021,6,20
3.951605081558228,10.099998474121094,9.0,11,2021,6,20
5.305146217346191,27.70000648498535,11.0,11,2021,6,20
4.630536079406738,15.699995994567873,13.0,11,2021,6,20
1.4978686571121216,2.200000286102295,25.0,11,2021,6,20
1.0747586488723757,4.199999809265137,29.0,11,2021,6,20
0.0,0.0,30.0,11,2021,6,20
0.0,0.0,32.0,11,2021,6,20
0.0,0.0,37.0,11,2021,6,20
0.0,0.0,38.0,11,2021,6,20
0.0,0.0,39.0,11,2021,6,20
0.9239199757575988,0.0,44.0,11,2021,6,20
0.0,8.80000114440918,5.0,12,2021,6,20
7.099757194519043,17.700000762939453,9.0,12,2021,6,20
5.871087551116943,8.0,11.0,12,2021,6,20
7.386949062347412,24.599998474121094,13.0,12,2021,6,20
4.326991081237793,13.699997901916504,25.0,12,2021,6,20
1.7648054361343384,1.1999998092651367,29.0,12,2021,6,20
1.5832335948944092,0.0,30.0,12,2021,6,20
0.017854144796729,0.0,32.0,12,2021,6,20
0.0251389872282743,0.0,37.0,12,2021,6,20
0.3485064804553985,0.0,38.0,12,2021,6,20
0.0,0.0,39.0,12,2021,6,20
1.3338301181793213,0.0,44.0,12,2021,6,20
0.0,0.5,5.0,13,2021,6,20
1.875710248947144,3.6000003814697266,9.0,13,2021,6,20
2.209014415740967,1.8000000715255735,11.0,13,2021,6,20
6.799325942993164,5.299999713897705,13.0,13,2021,6,20
1.7028961181640625,1.999999761581421,25.0,13,2021,6,20
1.1418871879577637,0.0,29.0,13,2021,6,20
0.0,0.0,30.0,13,2021,6,20
0.0,0.0,32.0,13,2021,6,20
0.0,0.0,37.0,13,2021,6,20
0.0,0.0,38.0,13,2021,6,20
0.0,0.0,39.0,13,2021,6,20
1.7173867225646973,0.0,44.0,13,2021,6,20
0.0,0.0,5.0,14,2021,6,20
4.60372257232666,0.0,9.0,14,2021,6,20
2.381844282150269,0.0,11.0,14,2021,6,20
7.190946578979492,0.0,13.0,14,2021,6,20
2.59761905670166,0.0,25.0,14,2021,6,20
2.73360538482666,0.0,29.0,14,2021,6,20
0.0,0.0,30.0,14,2021,6,20
0.0,0.0,32.0,14,2021,6,20
0.0,0.0,37.0,14,2021,6,20
0.0,0.0,38.0,14,2021,6,20
0.0,0.0,39.0,14,2021,6,20
1.040786862373352,0.0,44.0,14,2021,6,20
0.0,0.0,5.0,15,2021,6,20
4.549972057342529,21.500001907348636,9.0,15,2021,6,20
2.01021671295166,31.90000534057617,11.0,15,2021,6,20
4.647006988525391,9.599998474121094,13.0,15,2021,6,20
1.1721898317337036,0.0,25.0,15,2021,6,20
1.3101731538772583,0.0,29.0,15,2021,6,20
0.2289881408214569,0.0,30.0,15,2021,6,20
0.1682284772396087,0.0,32.0,15,2021,6,20
0.0,0.0,37.0,15,2021,6,20
0.0,0.0,38.0,15,2021,6,20
0.0,0.0,39.0,15,2021,6,20
0.7789811491966248,0.0,44.0,15,2021,6,20
0.0,0.0,5.0,16,2021,6,20
4.830889225006104,10.5,9.0,16,2021,6,20
0.9490123391151428,71.40001678466797,11.0,16,2021,6,20
7.212703227996826,75.30000305175781,13.0,16,2021,6,20
0.8989592790603638,26.600000381469727,25.0,16,2021,6,20
1.417369365692139,50.90000534057617,29.0,16,2021,6,20
0.2634031176567077,0.0,30.0,16,2021,6,20
0.0,0.0,32.0,16,2021,6,20
0.0,0.0,37.0,16,2021,6,20
0.0684223696589469,0.0,38.0,16,2021,6,20
0.0,0.0,39.0,16,2021,6,20
1.5545682907104492,0.0,44.0,16,2021,6,20
0.0,0.0,5.0,17,2021,6,20
4.363824844360352,0.0,9.0,17,2021,6,20
2.9392991065979004,0.0,11.0,17,2021,6,20
6.22997522354126,0.0,13.0,17,2021,6,20
1.9593820571899412,0.0,25.0,17,2021,6,20
1.3630529642105105,0.0,29.0,17,2021,6,20
0.0,0.0,30.0,17,2021,6,20
0.0,14.499999046325684,32.0,17,2021,6,20
0.0,0.0,37.0,17,2021,6,20
0.0,0.0,38.0,17,2021,6,20
0.0,0.0,39.0,17,2021,6,20
0.757892370223999,5.900000095367432,44.0,17,2021,6,20
0.0,10.000000953674316,5.0,18,2021,6,20
3.771721124649048,7.899998664855957,9.0,18,2021,6,20
2.2539877891540527,0.0,11.0,18,2021,6,20
6.566228866577148,7.5,13.0,18,2021,6,20
2.258529663085937,14.300000190734863,25.0,18,2021,6,20
1.3893404006958008,14.39999771118164,29.0,18,2021,6,20
0.0,18.80000114440918,30.0,18,2021,6,20
0.0,112.4999542236328,32.0,18,2021,6,20
0.0,27.39999771118164,37.0,18,2021,6,20
0.0,29.20000648498535,38.0,18,2021,6,20
0.0,32.60000228881836,39.0,18,2021,6,20
0.2962028980255127,14.100000381469728,44.0,18,2021,6,20
0.0,0.9999998807907104,5.0,19,2021,6,20
2.854509115219116,0.0,9.0,19,2021,6,20
4.0024094581604,0.0,11.0,19,2021,6,20
5.177023887634277,0.0,13.0,19,2021,6,20
1.4342281818389893,9.100001335144045,25.0,19,2021,6,20
1.1234723329544067,0.0,29.0,19,2021,6,20
0.1986952722072601,0.5999999046325684,30.0,19,2021,6,20
0.0,8.09999942779541,32.0,19,2021,6,20
0.039878275245428,0.0,37.0,19,2021,6,20
0.0,0.5,38.0,19,2021,6,20
0.0,0.0,39.0,19,2021,6,20
0.8695342540740967,13.500001907348633,44.0,19,2021,6,20
0.0,0.0,5.0,20,2021,6,20
2.556894302368164,0.0,9.0,20,2021,6,20
2.361189126968384,0.0,11.0,20,2021,6,20
3.7327613830566406,0.0,13.0,20,2021,6,20
1.3688985109329224,0.0,25.0,20,2021,6,20
0.5019130110740662,0.2000000029802322,29.0,20,2021,6,20
0.102388747036457,2.200000286102295,30.0,20,2021,6,20
0.0,0.0,32.0,20,2021,6,20
0.0,0.0,37.0,20,2021,6,20
0.0,0.0,38.0,20,2021,6,20
0.0,2.4000003337860107,39.0,20,2021,6,20
0.3061679899692535,0.0,44.0,20,2021,6,20
0.0,2.999999523162842,5.0,7,2022,6,20
1.938339114189148,0.0,9.0,7,2022,6,20
2.3213653564453125,0.0,11.0,7,2022,6,20
3.167609214782715,0.0,13.0,7,2022,6,20
0.4730677008628845,4.0,25.0,7,2022,6,20
0.344186395406723,0.0,29.0,7,2022,6,20
0.0,1.999999761581421,30.0,7,2022,6,20
0.0,87.00000762939453,32.0,7,2022,6,20
0.0,22.0,37.0,7,2022,6,20
0.0,7.0,38.0,7,2022,6,20
0.0,0.0,39.0,7,2022,6,20
0.0484356880187988,0.800000011920929,44.0,7,2022,6,20
0.0,0.0,5.0,8,2022,6,20
2.1286959648132324,4.0,9.0,8,2022,6,20
1.9171324968338013,26.000001907348636,11.0,8,2022,6,20
3.675019025802612,3.799999952316284,13.0,8,2022,6,20
0.4062767326831817,0.0,25.0,8,2022,6,20
0.1715989410877227,0.0,29.0,8,2022,6,20
0.0,0.0,30.0,8,2022,6,20
0.0,0.0,32.0,8,2022,6,20
0.0,0.0,37.0,8,2022,6,20
0.0,0.0,38.0,8,2022,6,20
0.0,0.0,39.0,8,2022,6,20
0.3133544623851776,0.0,44.0,8,2022,6,20
0.0,19.0,5.0,9,2022,6,20
1.201946496963501,33.0,9.0,9,2022,6,20
1.4416192770004272,39.0,11.0,9,2022,6,20
2.639505386352539,30.99999237060547,13.0,9,2022,6,20
1.549161434173584,9.0,25.0,9,2022,6,20
0.2992043495178222,0.0,29.0,9,2022,6,20
0.0,4.0,30.0,9,2022,6,20
0.0,0.0,32.0,9,2022,6,20
0.0,0.0,37.0,9,2022,6,20
0.0,0.0,38.0,9,2022,6,20
0.0,0.0,39.0,9,2022,6,20
0.0,0.0,44.0,9,2022,6,20
0.0,18.0,5.0,10,2022,6,20
3.116838216781616,5.999999523162842,9.0,10,2022,6,20
3.798598289489746,20.000001907348636,11.0,10,2022,6,20
4.0575480461120605,14.000000953674316,13.0,10,2022,6,20
1.7236205339431765,23.0,25.0,10,2022,6,20
0.1692788153886795,27.000001907348636,29.0,10,2022,6,20
0.0,2.999999523162842,30.0,10,2022,6,20
0.0,7.0,32.0,10,2022,6,20
0.0,6.299999237060547,37.0,10,2022,6,20
0.0,9.700000762939451,38.0,10,2022,6,20
0.0,4.999999523162842,39.0,10,2022,6,20
0.0571654327213764,4.0,44.0,10,2022,6,20
0.0,9.0,5.0,11,2022,6,20
4.0591654777526855,0.0,9.0,11,2022,6,20
2.507826566696167,0.0999999865889549,11.0,11,2022,6,20
3.4367544651031494,3.1000001430511475,13.0,11,2022,6,20
1.0943496227264404,27.000001907348636,25.0,11,2022,6,20
0.8787842392921448,39.0,29.0,11,2022,6,20
0.0,12.000001907348633,30.0,11,2022,6,20
0.0,0.0,32.0,11,2022,6,20
0.0,11.69999885559082,37.0,11,2022,6,20
0.0,4.999999523162842,38.0,11,2022,6,20
0.0,9.0,39.0,11,2022,6,20
1.233105182647705,0.9999998807907104,44.0,11,2022,6,20
0.0,0.0,5.0,12,2022,6,20
3.4139809608459477,8.0,9.0,12,2022,6,20
4.363018989562988,0.0,11.0,12,2022,6,20
7.912771224975586,5.900000095367432,13.0,12,2022,6,20
2.491052865982056,0.0,25.0,12,2022,6,20
1.2255516052246094,0.0,29.0,12,2022,6,20
0.8174048662185669,0.0,30.0,12,2022,6,20
0.1376593261957168,0.0,32.0,12,2022,6,20
0.035451166331768,0.0,37.0,12,2022,6,20
0.2409946620464325,0.0,38.0,12,2022,6,20
0.0,0.0,39.0,12,2022,6,20
1.6731319427490234,0.0,44.0,12,2022,6,20
0.0,42.30000305175781,5.0,13,2022,6,20
1.777545690536499,0.0,9.0,13,2022,6,20
1.8295905590057373,20.000001907348636,11.0,13,2022,6,20
6.261636734008789,29.999998092651367,13.0,13,2022,6,20
1.155452013015747,26.000001907348636,25.0,13,2022,6,20
0.2838951647281647,1.999999761581421,29.0,13,2022,6,20
0.0,0.0,30.0,13,2022,6,20
0.0,0.0,32.0,13,2022,6,20
0.0,0.5999999046325684,37.0,13,2022,6,20
0.0,0.0,38.0,13,2022,6,20
0.0,0.3000000715255737,39.0,13,2022,6,20
0.4952825307846069,0.0,44.0,13,2022,6,20
0.0,2.999999523162842,5.0,14,2022,6,20
1.506214261054993,0.0,9.0,14,2022,6,20
2.71343731880188,18.0,11.0,14,2022,6,20
6.340092658996582,0.0,13.0,14,2022,6,20
0.7564792633056641,11.0,25.0,14,2022,6,20
0.0977447777986526,4.999999523162842,29.0,14,2022,6,20
0.0,0.0,30.0,14,2022,6,20
0.0,0.0,32.0,14,2022,6,20
0.0,0.0,37.0,14,2022,6,20
0.0,0.0,38.0,14,2022,6,20
0.0,0.0,39.0,14,2022,6,20
0.1635171473026275,0.0,44.0,14,2022,6,20
0.0,0.0,5.0,15,2022,6,20
1.0724002122879028,5.999999523162842,9.0,15,2022,6,20
1.0496989488601685,43.99999237060547,11.0,15,2022,6,20
2.356709718704224,1.8000000715255735,13.0,15,2022,6,20
0.3055273294448852,0.5,25.0,15,2022,6,20
0.0018645228119567,0.0,29.0,15,2022,6,20
0.0,0.0,30.0,15,2022,6,20
0.0,0.0,32.0,15,2022,6,20
0.0,0.0,37.0,15,2022,6,20
0.0,2.999999523162842,38.0,15,2022,6,20
0.0,0.0,39.0,15,2022,6,20
0.0588175356388092,0.5999999046325684,44.0,15,2022,6,20
0.0,2.999999523162842,5.0,16,2022,6,20
0.5328903198242188,15.0,9.0,16,2022,6,20
0.0,30.99999237060547,11.0,16,2022,6,20
1.0794649124145508,13.19999885559082,13.0,16,2022,6,20
0.0,4.999999523162842,25.0,16,2022,6,20
0.0,4.999999523162842,29.0,16,2022,6,20
0.0,7.0,30.0,16,2022,6,20
0.0,2.999999523162842,32.0,16,2022,6,20
0.0,4.0,37.0,16,2022,6,20
0.0,0.4000000953674316,38.0,16,2022,6,20
0.0,0.5,39.0,16,2022,6,20
0.0,1.999999761581421,44.0,16,2022,6,20
0.0,0.0,5.0,17,2022,6,20
0.319943219423294,0.9999998807907104,9.0,17,2022,6,20
0.0,0.0,11.0,17,2022,6,20
0.8741624355316162,0.0,13.0,17,2022,6,20
0.0,0.9999998807907104,25.0,17,2022,6,20
0.0,4.0,29.0,17,2022,6,20
0.0,34.000003814697266,30.0,17,2022,6,20
0.0,0.0,32.0,17,2022,6,20
0.0,19.099994659423828,37.0,17,2022,6,20
0.0,14.699999809265137,38.0,17,2022,6,20
0.0,13.599998474121094,39.0,17,2022,6,20
0.0,17.0,44.0,17,2022,6,20
0.0,13.000000953674316,5.0,18,2022,6,20
0.1766189485788345,4.099999904632568,9.0,18,2022,6,20
0.0,3.1000001430511475,11.0,18,2022,6,20
0.7629038095474243,16.0,13.0,18,2022,6,20
0.0107654770836234,0.0,25.0,18,2022,6,20
0.0,37.999996185302734,29.0,18,2022,6,20
0.0,0.0,30.0,18,2022,6,20
0.0,0.0999999865889549,32.0,18,2022,6,20
0.0,0.0,37.0,18,2022,6,20
0.0,2.900000095367432,38.0,18,2022,6,20
0.0,0.0,39.0,18,2022,6,20
0.0,5.999999523162842,44.0,18,2022,6,20
0.0,4.0,5.0,19,2022,6,20
0.3579749464988708,8.0,9.0,19,2022,6,20
0.2261496484279632,0.0,11.0,19,2022,6,20
0.6817986369132996,10.000000953674316,13.0,19,2022,6,20
0.0,20.000001907348636,25.0,19,2022,6,20
0.0,0.0,29.0,19,2022,6,20
0.0,8.0,30.0,19,2022,6,20
0.0,0.6999999284744263,32.0,19,2022,6,20
0.0,4.0,37.0,19,2022,6,20
0.0,9.0,38.0,19,2022,6,20
0.0,0.0999999865889549,39.0,19,2022,6,20
0.0,0.2000000029802322,44.0,19,2022,6,20
0.0,4.999999523162842,5.0,20,2022,6,20
0.0,0.0,9.0,20,2022,6,20
0.0,0.4000000953674316,11.0,20,2022,6,20
0.2404236197471618,0.0,13.0,20,2022,6,20
0.0,10.099998474121094,25.0,20,2022,6,20
0.0,0.6999999284744263,29.0,20,2022,6,20
0.0,0.9999998807907104,30.0,20,2022,6,20
0.0,0.0,32.0,20,2022,6,20
0.0,0.0,37.0,20,2022,6,20
0.0,4.999999523162842,38.0,20,2022,6,20
0.0,0.0,39.0,20,2022,6,20
0.0,1.1999998092651367,44.0,20,2022,6,20
0.0,0.0,5.0,7,2023,6,20
0.4693705439567566,0.0,9.0,7,2023,6,20
1.1598156690597534,4.999999523162842,11.0,7,2023,6,20
1.5348730087280271,0.0,13.0,7,2023,6,20
0.0386542342603206,0.0,25.0,7,2023,6,20
0.6667144298553467,0.0,29.0,7,2023,6,20
0.0,0.0,30.0,7,2023,6,20
0.0,10.000000953674316,32.0,7,2023,6,20
0.0,0.0,37.0,7,2023,6,20
0.0,0.0,38.0,7,2023,6,20
0.0,0.0,39.0,7,2023,6,20
0.3078391551971435,1.999999761581421,44.0,7,2023,6,20
0.0,0.2000000029802322,5.0,8,2023,6,20
0.9774574041366576,4.0,9.0,8,2023,6,20
0.5371947884559631,0.0,11.0,8,2023,6,20
1.8833014965057373,2.999999523162842,13.0,8,2023,6,20
0.2581850588321686,4.999999523162842,25.0,8,2023,6,20
0.0,1.999999761581421,29.0,8,2023,6,20
0.0,9.0,30.0,8,2023,6,20
0.0,7.0,32.0,8,2023,6,20
0.0,2.299999713897705,37.0,8,2023,6,20
0.0,0.0,38.0,8,2023,6,20
0.0,9.0,39.0,8,2023,6,20
0.2062658220529556,2.200000286102295,44.0,8,2023,6,20
0.0,0.0,5.0,9,2023,6,20
1.0923566818237305,14.499999046325684,9.0,9,2023,6,20
0.2118372768163681,0.5,11.0,9,2023,6,20
1.6090863943099976,0.0,13.0,9,2023,6,20
0.1088300868868827,2.999999523162842,25.0,9,2023,6,20
0.0,0.0,29.0,9,2023,6,20
0.0,4.0,30.0,9,2023,6,20
0.0,0.9999998807907104,32.0,9,2023,6,20
0.0,2.5999996662139893,37.0,9,2023,6,20
0.0,0.5999999046325684,38.0,9,2023,6,20
0.0,0.0999999865889549,39.0,9,2023,6,20
0.0,0.0,44.0,9,2023,6,20
0.0,0.0,5.0,10,2023,6,20
0.5332513451576233,4.0,9.0,10,2023,6,20
0.5083259344100952,3.1000001430511475,11.0,10,2023,6,20
1.7894184589385986,0.800000011920929,13.0,10,2023,6,20
0.2802979648113251,0.0,25.0,10,2023,6,20
0.0,0.0,29.0,10,2023,6,20
0.0,0.0,30.0,10,2023,6,20
0.0,0.0,32.0,10,2023,6,20
0.0,0.0,37.0,10,2023,6,20
0.0,0.0,38.0,10,2023,6,20
0.0,0.0,39.0,10,2023,6,20
0.0,0.0,44.0,10,2023,6,20
0.0,0.0,5.0,11,2023,6,20
0.3031709790229797,8.0,9.0,11,2023,6,20
0.860429584980011,0.9999998807907104,11.0,11,2023,6,20
1.252950668334961,0.800000011920929,13.0,11,2023,6,20
1.2067335844039917,0.0,25.0,11,2023,6,20
0.3437603116035461,0.0,29.0,11,2023,6,20
0.0,0.0,30.0,11,2023,6,20
0.0,0.0,32.0,11,2023,6,20
0.0,0.0,37.0,11,2023,6,20
0.0,0.0,38.0,11,2023,6,20
0.0,0.0,39.0,11,2023,6,20
0.0,0.0,44.0,11,2023,6,20
0.0,0.0,5.0,12,2023,6,20
2.4675159454345703,0.5999999046325684,9.0,12,2023,6,20
2.429417371749878,0.4000000953674316,11.0,12,2023,6,20
3.272591114044189,1.3999998569488523,13.0,12,2023,6,20
0.213829681277275,4.0,25.0,12,2023,6,20
0.0,0.9999998807907104,29.0,12,2023,6,20
0.0,0.0,30.0,12,2023,6,20
0.0,0.0,32.0,12,2023,6,20
0.0,0.0,37.0,12,2023,6,20
0.0005454239435493,0.2000000029802322,38.0,12,2023,6,20
0.0,0.0,39.0,12,2023,6,20
0.0,1.999999761581421,44.0,12,2023,6,20
0.0,12.000001907348633,5.0,13,2023,6,20
0.8546653389930725,34.400001525878906,9.0,13,2023,6,20
2.5309085845947266,29.600008010864254,11.0,13,2023,6,20
5.21324634552002,4.999999523162842,13.0,13,2023,6,20
1.0297091007232666,24.000001907348636,25.0,13,2023,6,20
0.0,0.0,29.0,13,2023,6,20
0.0,0.0,30.0,13,2023,6,20
0.0,26.000001907348636,32.0,13,2023,6,20
0.0,37.999996185302734,37.0,13,2023,6,20
0.0,0.0,38.0,13,2023,6,20
0.0,39.0,39.0,13,2023,6,20
0.0,0.0,44.0,13,2023,6,20
0.0,3.1000001430511475,5.0,14,2023,6,20
1.9355196952819824,0.9999998807907104,9.0,14,2023,6,20
3.374863147735596,14.000000953674316,11.0,14,2023,6,20
6.843184471130371,11.69999885559082,13.0,14,2023,6,20
3.471136569976806,1.2999999523162842,25.0,14,2023,6,20
0.8853093385696411,0.5999999046325684,29.0,14,2023,6,20
0.0,8.199999809265137,30.0,14,2023,6,20
0.0,0.0,32.0,14,2023,6,20
0.0,0.0,37.0,14,2023,6,20
0.0,0.0,38.0,14,2023,6,20
0.0,7.0,39.0,14,2023,6,20
0.4569596648216247,0.0,44.0,14,2023,6,20
0.0411860384047031,11.90000057220459,5.0,15,2023,6,20
3.0605673789978027,14.000000953674316,9.0,15,2023,6,20
3.491353988647461,16.600000381469727,11.0,15,2023,6,20
7.851401805877685,18.299997329711918,13.0,15,2023,6,20
0.985602617263794,4.700000286102295,25.0,15,2023,6,20
0.8580564856529236,11.0,29.0,15,2023,6,20
0.2095319032669067,41.80000305175781,30.0,15,2023,6,20
0.0,29.000001907348636,32.0,15,2023,6,20
0.0038603947032243,16.0,37.0,15,2023,6,20
0.3916712999343872,54.99999237060547,38.0,15,2023,6,20
0.0,15.0,39.0,15,2023,6,20
0.801234245300293,0.0,44.0,15,2023,6,20
0.0,2.1000001430511475,5.0,16,2023,6,20
3.8282437324523926,13.000000953674316,9.0,16,2023,6,20
1.7294063568115234,4.199999809265137,11.0,16,2023,6,20
7.674802780151367,4.0,13.0,16,2023,6,20
1.2225356101989746,0.0,25.0,16,2023,6,20
1.1803326606750488,0.0,29.0,16,2023,6,20
0.0,0.0,30.0,16,2023,6,20
0.0,0.0,32.0,16,2023,6,20
0.0,8.0,37.0,16,2023,6,20
0.0,12.000001907348633,38.0,16,2023,6,20
0.0,8.199999809265137,39.0,16,2023,6,20
0.9568053483963012,0.0,44.0,16,2023,6,20
0.0,0.0,5.0,17,2023,6,20
3.176600933074951,14.000000953674316,9.0,17,2023,6,20
1.1245392560958862,9.0,11.0,17,2023,6,20
5.894789695739746,1.999999761581421,13.0,17,2023,6,20
1.0268566608428955,0.2000000029802322,25.0,17,2023,6,20
1.2777807712554932,0.0,29.0,17,2023,6,20
0.5939523577690125,0.0,30.0,17,2023,6,20
0.0,0.0,32.0,17,2023,6,20
0.0,0.0,37.0,17,2023,6,20
0.0,0.0,38.0,17,2023,6,20
0.0,0.0999999865889549,39.0,17,2023,6,20
1.6300358772277832,0.0,44.0,17,2023,6,20
0.0,0.0,5.0,18,2023,6,20
3.687189102172852,0.5999999046325684,9.0,18,2023,6,20
3.530537843704224,0.0999999865889549,11.0,18,2023,6,20
10.590256690979004,1.999999761581421,13.0,18,2023,6,20
1.8592876195907595,0.0,25.0,18,2023,6,20
1.5224547386169434,0.0,29.0,18,2023,6,20
0.032090924680233,0.0,30.0,18,2023,6,20
0.0,0.0,32.0,18,2023,6,20
0.0,0.0,37.0,18,2023,6,20
0.0,0.0,38.0,18,2023,6,20
0.0,0.0,39.0,18,2023,6,20
1.7285878658294678,0.0,44.0,18,2023,6,20
0.0,13.000000953674316,5.0,19,2023,6,20
3.28909969329834,5.8000006675720215,9.0,19,2023,6,20
3.198477506637573,26.89999771118164,11.0,19,2023,6,20
5.060544490814209,10.000000953674316,13.0,19,2023,6,20
1.8473687171936035,15.0,25.0,19,2023,6,20
0.9055309295654296,5.999999523162842,29.0,19,2023,6,20
0.0,24.89999771118164,30.0,19,2023,6,20
0.0132898343726992,34.000003814697266,32.0,19,2023,6,20
0.0,35.0,37.0,19,2023,6,20
0.0,29.999998092651367,38.0,19,2023,6,20
0.0,19.0,39.0,19,2023,6,20
1.2699733972549438,36.79999542236328,44.0,19,2023,6,20
0.0,4.0,5.0,20,2023,6,20
1.826519012451172,5.600000381469727,9.0,20,2023,6,20
1.0820773839950562,30.100004196166992,11.0,20,2023,6,20
2.343332052230835,30.99999237060547,13.0,20,2023,6,20
1.078636884689331,4.0,25.0,20,2023,6,20
0.3311533331871032,13.000000953674316,29.0,20,2023,6,20
0.0,2.1000001430511475,30.0,20,2023,6,20
0.0,7.0,32.0,20,2023,6,20
0.0,5.999999523162842,37.0,20,2023,6,20
0.0,7.0,38.0,20,2023,6,20
0.0,0.0,39.0,20,2023,6,20
0.0,0.0,44.0,20,2023,6,20
0.0,0.0,5.0,7,2020,6,24
4.900369644165039,15.400002479553224,9.0,7,2020,6,24
3.2211408615112305,0.0,11.0,7,2020,6,24
4.841748237609863,25.399995803833008,13.0,7,2020,6,24
3.4371707439422607,0.0,25.0,7,2020,6,24
0.7739878296852112,0.0,29.0,7,2020,6,24
0.0,0.0,30.0,7,2020,6,24
0.0359432287514209,2.1000001430511475,32.0,7,2020,6,24
0.0,0.0,37.0,7,2020,6,24
0.0,0.0,38.0,7,2020,6,24
0.0,0.0,39.0,7,2020,6,24
1.0821661949157717,24.89999771118164,44.0,7,2020,6,24
0.0,0.0,5.0,8,2020,6,24
7.588265895843506,48.100006103515625,9.0,8,2020,6,24
4.735748291015625,0.0,11.0,8,2020,6,24
5.986145973205566,0.0,13.0,8,2020,6,24
2.4831912517547607,0.0,25.0,8,2020,6,24
2.3199880123138428,0.0,29.0,8,2020,6,24
0.4348524212837219,0.0,30.0,8,2020,6,24
0.0529552586376667,0.0,32.0,8,2020,6,24
0.0,0.0,37.0,8,2020,6,24
0.0,0.0,38.0,8,2020,6,24
0.0,0.0,39.0,8,2020,6,24
0.9903445243835448,0.0,44.0,8,2020,6,24
0.0,32.29999542236328,5.0,9,2020,6,24
5.551599025726318,25.799999237060547,9.0,9,2020,6,24
4.456021785736084,0.0,11.0,9,2020,6,24
6.313384532928467,0.0,13.0,9,2020,6,24
2.7985851764678955,90.90003967285156,25.0,9,2020,6,24
1.609624981880188,12.59999942779541,29.0,9,2020,6,24
0.2654515504837036,0.0,30.0,9,2020,6,24
0.0,0.0,32.0,9,2020,6,24
0.0229281261563301,31.39999389648437,37.0,9,2020,6,24
0.3102855384349823,0.0,38.0,9,2020,6,24
0.0,15.0,39.0,9,2020,6,24
1.6323639154434204,0.0,44.0,9,2020,6,24
0.0,42.899993896484375,5.0,10,2020,6,24
5.776544570922852,8.09999942779541,9.0,10,2020,6,24
2.8130815029144287,4.500000476837158,11.0,10,2020,6,24
7.959295272827148,83.09998321533203,13.0,10,2020,6,24
2.3442940711975098,69.0000228881836,25.0,10,2020,6,24
1.2545065879821775,13.19999885559082,29.0,10,2020,6,24
0.2397070676088333,11.299999237060549,30.0,10,2020,6,24
0.0,0.0,32.0,10,2020,6,24
0.0,0.0,37.0,10,2020,6,24
0.0,0.0,38.0,10,2020,6,24
0.0,0.0,39.0,10,2020,6,24
0.8243550062179565,0.0,44.0,10,2020,6,24
0.0,0.0,5.0,11,2020,6,24
7.263686180114746,0.0999999865889549,9.0,11,2020,6,24
2.034837007522583,22.79999542236328,11.0,11,2020,6,24
8.080599784851074,1.3999998569488523,13.0,11,2020,6,24
2.8407645225524902,0.0,25.0,11,2020,6,24
2.339844226837158,0.0,29.0,11,2020,6,24
0.1297670006752014,5.299999713897705,30.0,11,2020,6,24
0.0,0.0,32.0,11,2020,6,24
0.0,4.500000476837158,37.0,11,2020,6,24
0.0,0.0,38.0,11,2020,6,24
0.0,0.0,39.0,11,2020,6,24
0.4115841388702392,2.5999996662139893,44.0,11,2020,6,24
0.0,0.0,5.0,12,2020,6,24
7.931465148925781,9.0,9.0,12,2020,6,24
2.63520884513855,28.699995040893555,11.0,12,2020,6,24
22.61648750305176,2.6999998092651367,13.0,12,2020,6,24
3.8099637031555176,0.0,25.0,12,2020,6,24
1.5346028804779053,0.0,29.0,12,2020,6,24
1.0999739170074463,0.0,30.0,12,2020,6,24
0.0887298434972763,0.0,32.0,12,2020,6,24
0.0288641899824142,0.0,37.0,12,2020,6,24
0.0,0.0,38.0,12,2020,6,24
0.0,0.0,39.0,12,2020,6,24
0.0,0.0,44.0,12,2020,6,24
0.0,0.0,5.0,13,2020,6,24
3.352654933929444,29.30000305175781,9.0,13,2020,6,24
3.7402024269104,0.0,11.0,13,2020,6,24
7.176517963409424,0.0,13.0,13,2020,6,24
1.3668947219848633,1.4999998807907104,25.0,13,2020,6,24
0.1734083592891693,0.0,29.0,13,2020,6,24
0.0,0.0,30.0,13,2020,6,24
0.0,0.0,32.0,13,2020,6,24
0.0,0.0,37.0,13,2020,6,24
0.0,26.39999389648437,38.0,13,2020,6,24
0.0,0.0,39.0,13,2020,6,24
0.0643335506319999,0.0,44.0,13,2020,6,24
0.0,2.200000286102295,5.0,14,2020,6,24
5.726419925689697,9.0,9.0,14,2020,6,24
5.82386589050293,0.0,11.0,14,2020,6,24
6.4290289878845215,21.700000762939453,13.0,14,2020,6,24
2.971788167953491,4.800000190734863,25.0,14,2020,6,24
1.79212749004364,0.0,29.0,14,2020,6,24
0.0889652594923973,0.0,30.0,14,2020,6,24
0.0,0.0,32.0,14,2020,6,24
0.0,0.0,37.0,14,2020,6,24
0.0132674137130379,0.0,38.0,14,2020,6,24
0.0,0.0,39.0,14,2020,6,24
0.8227151036262512,0.0,44.0,14,2020,6,24
0.0,0.0,5.0,15,2020,6,24
2.761616945266724,0.0,9.0,15,2020,6,24
2.857703924179077,0.0,11.0,15,2020,6,24
5.464856624603272,5.900000095367432,13.0,15,2020,6,24
1.3996456861495972,0.0,25.0,15,2020,6,24
0.943967580795288,0.0,29.0,15,2020,6,24
0.3761278986930847,0.0,30.0,15,2020,6,24
0.0,0.0,32.0,15,2020,6,24
0.1724910736083984,0.0,37.0,15,2020,6,24
0.0,0.0,38.0,15,2020,6,24
0.0,0.0,39.0,15,2020,6,24
1.1393266916275024,0.0,44.0,15,2020,6,24
0.0,20.099994659423828,5.0,16,2020,6,24
2.705275058746338,50.09999847412109,9.0,16,2020,6,24
2.51032829284668,42.30000305175781,11.0,16,2020,6,24
4.165729522705078,54.79999542236328,13.0,16,2020,6,24
1.6298797130584717,27.29999542236328,25.0,16,2020,6,24
0.8862094283103943,0.0,29.0,16,2020,6,24
0.275761991739273,0.0,30.0,16,2020,6,24
0.0,0.0,32.0,16,2020,6,24
0.0,0.0,37.0,16,2020,6,24
0.0481871552765369,0.0,38.0,16,2020,6,24
0.0,0.0,39.0,16,2020,6,24
1.342333197593689,0.0,44.0,16,2020,6,24
0.0,8.700000762939453,5.0,17,2020,6,24
2.1464576721191406,15.09999656677246,9.0,17,2020,6,24
1.0552375316619873,15.699995994567873,11.0,17,2020,6,24
5.899245738983154,30.20000457763672,13.0,17,2020,6,24
1.1073217391967771,9.400001525878906,25.0,17,2020,6,24
0.6746603846549988,0.5,29.0,17,2020,6,24
0.0,13.099998474121094,30.0,17,2020,6,24
0.0,26.39999389648437,32.0,17,2020,6,24
0.0,12.000001907348633,37.0,17,2020,6,24
0.0,12.800000190734863,38.0,17,2020,6,24
0.0,12.90000057220459,39.0,17,2020,6,24
0.7441258430480957,4.300000190734863,44.0,17,2020,6,24
0.0,34.400001525878906,5.0,18,2020,6,24
2.468663692474365,84.40000915527344,9.0,18,2020,6,24
2.590639591217041,129.1000518798828,11.0,18,2020,6,24
6.191506385803223,94.09998321533205,13.0,18,2020,6,24
1.1070467233657837,42.499996185302734,25.0,18,2020,6,24
1.0404869318008425,36.19999694824219,29.0,18,2020,6,24
0.0,21.799999237060547,30.0,18,2020,6,24
0.0,16.100004196166992,32.0,18,2020,6,24
0.0,12.700000762939451,37.0,18,2020,6,24
0.0,13.299999237060549,38.0,18,2020,6,24
0.0,11.299999237060549,39.0,18,2020,6,24
0.8675017952919006,9.400001525878906,44.0,18,2020,6,24
0.0,1.3999998569488523,5.0,19,2020,6,24
3.7209105491638175,10.099998474121094,9.0,19,2020,6,24
3.0093114376068115,56.700008392333984,11.0,19,2020,6,24
2.739626884460449,15.300000190734863,13.0,19,2020,6,24
0.9489014148712158,2.299999713897705,25.0,19,2020,6,24
1.0407674312591553,12.700000762939451,29.0,19,2020,6,24
0.0063904118724167,0.5999999046325684,30.0,19,2020,6,24
0.0,0.0,32.0,19,2020,6,24
0.0,0.0,37.0,19,2020,6,24
0.0,0.6999999284744263,38.0,19,2020,6,24
0.0,5.100000381469727,39.0,19,2020,6,24
0.5038056373596191,5.1999993324279785,44.0,19,2020,6,24
0.0,0.0,5.0,20,2020,6,24
1.8105683326721191,0.0,9.0,20,2020,6,24
1.9226341247558596,0.0,11.0,20,2020,6,24
2.8609628677368164,0.0,13.0,20,2020,6,24
1.3269977569580078,0.0,25.0,20,2020,6,24
0.2994943261146545,0.0,29.0,20,2020,6,24
0.0040739751420915,0.800000011920929,30.0,20,2020,6,24
0.0,0.0,32.0,20,2020,6,24
0.0,0.0,37.0,20,2020,6,24
0.0,0.0,38.0,20,2020,6,24
0.0,0.0,39.0,20,2020,6,24
0.4858685135841369,0.0,44.0,20,2020,6,24
0.0,0.0,5.0,7,2021,6,24
3.7776269912719727,10.099998474121094,9.0,7,2021,6,24
6.189596176147461,27.70000648498535,11.0,7,2021,6,24
7.396780967712402,15.699995994567873,13.0,7,2021,6,24
2.3017358779907227,2.200000286102295,25.0,7,2021,6,24
1.054347038269043,4.199999809265137,29.0,7,2021,6,24
0.1008189767599105,0.0,30.0,7,2021,6,24
0.0,0.0,32.0,7,2021,6,24
0.0,0.0,37.0,7,2021,6,24
0.1465494185686111,0.0,38.0,7,2021,6,24
0.0,0.0,39.0,7,2021,6,24
0.6207107305526733,0.0,44.0,7,2021,6,24
0.0,8.80000114440918,5.0,8,2021,6,24
10.960049629211426,17.700000762939453,9.0,8,2021,6,24
2.185098648071289,8.0,11.0,8,2021,6,24
6.293102741241455,24.599998474121094,13.0,8,2021,6,24
2.923381328582764,13.699997901916504,25.0,8,2021,6,24
1.3368486166000366,1.1999998092651367,29.0,8,2021,6,24
0.5064723491668701,0.0,30.0,8,2021,6,24
0.1194889619946479,0.0,32.0,8,2021,6,24
0.0,0.0,37.0,8,2021,6,24
0.1917914152145385,0.0,38.0,8,2021,6,24
0.0,0.0,39.0,8,2021,6,24
0.7707501649856567,0.0,44.0,8,2021,6,24
0.0,0.5,5.0,9,2021,6,24
4.141939163208008,3.6000003814697266,9.0,9,2021,6,24
2.3642125129699707,1.8000000715255735,11.0,9,2021,6,24
4.597754955291748,5.299999713897705,13.0,9,2021,6,24
2.6132302284240723,1.999999761581421,25.0,9,2021,6,24
1.4805283546447754,0.0,29.0,9,2021,6,24
0.6348121166229248,0.0,30.0,9,2021,6,24
0.0,0.0,32.0,9,2021,6,24
0.1304596811532974,0.0,37.0,9,2021,6,24
0.1340620368719101,0.0,38.0,9,2021,6,24
0.0,0.0,39.0,9,2021,6,24
1.1219619512557983,0.0,44.0,9,2021,6,24
0.0,0.0,5.0,10,2021,6,24
4.577119827270508,0.0,9.0,10,2021,6,24
1.7334797382354736,0.0,11.0,10,2021,6,24
6.308813095092773,0.0,13.0,10,2021,6,24
1.7887970209121704,0.0,25.0,10,2021,6,24
1.1468244791030884,0.0,29.0,10,2021,6,24
0.5181811451911926,0.0,30.0,10,2021,6,24
0.0,0.0,32.0,10,2021,6,24
0.0,0.0,37.0,10,2021,6,24
0.1548385918140411,0.0,38.0,10,2021,6,24
0.0,0.0,39.0,10,2021,6,24
0.9444935917854308,0.0,44.0,10,2021,6,24
0.0,0.0,5.0,11,2021,6,24
4.659083366394043,21.500001907348636,9.0,11,2021,6,24
1.8286077976226809,31.90000534057617,11.0,11,2021,6,24
3.0301413536071777,9.599998474121094,13.0,11,2021,6,24
1.7153449058532717,0.0,25.0,11,2021,6,24
0.8137725591659546,0.0,29.0,11,2021,6,24
0.0,0.0,30.0,11,2021,6,24
0.0,0.0,32.0,11,2021,6,24
0.0,0.0,37.0,11,2021,6,24
0.0,0.0,38.0,11,2021,6,24
0.0,0.0,39.0,11,2021,6,24
0.6668045520782471,0.0,44.0,11,2021,6,24
0.0,0.0,5.0,12,2021,6,24
4.303016662597656,10.5,9.0,12,2021,6,24
2.870009422302246,71.40001678466797,11.0,12,2021,6,24
4.792197227478027,75.30000305175781,13.0,12,2021,6,24
2.6114909648895264,26.600000381469727,25.0,12,2021,6,24
1.585300326347351,50.90000534057617,29.0,12,2021,6,24
1.0539659261703491,0.0,30.0,12,2021,6,24
0.0,0.0,32.0,12,2021,6,24
0.0,0.0,37.0,12,2021,6,24
0.0,0.0,38.0,12,2021,6,24
0.0,0.0,39.0,12,2021,6,24
0.2875574231147766,0.0,44.0,12,2021,6,24
0.0,0.0,5.0,13,2021,6,24
1.5300185680389404,0.0,9.0,13,2021,6,24
2.7295827865600586,0.0,11.0,13,2021,6,24
3.4574313163757324,0.0,13.0,13,2021,6,24
1.2450745105743408,0.0,25.0,13,2021,6,24
0.5357323884963989,0.0,29.0,13,2021,6,24
0.0057988795451819,0.0,30.0,13,2021,6,24
0.0,14.499999046325684,32.0,13,2021,6,24
0.0,0.0,37.0,13,2021,6,24
0.0,0.0,38.0,13,2021,6,24
0.0,0.0,39.0,13,2021,6,24
0.0971120297908783,5.900000095367432,44.0,13,2021,6,24
0.0,10.000000953674316,5.0,14,2021,6,24
4.62470006942749,7.899998664855957,9.0,14,2021,6,24
4.563099384307861,0.0,11.0,14,2021,6,24
4.358253002166748,7.5,13.0,14,2021,6,24
2.706908226013184,14.300000190734863,25.0,14,2021,6,24
1.458927035331726,14.39999771118164,29.0,14,2021,6,24
0.0,18.80000114440918,30.0,14,2021,6,24
0.0,112.4999542236328,32.0,14,2021,6,24
0.0,27.39999771118164,37.0,14,2021,6,24
0.0970721542835235,29.20000648498535,38.0,14,2021,6,24
0.0,32.60000228881836,39.0,14,2021,6,24
0.4574838280677795,14.100000381469728,44.0,14,2021,6,24
0.0,0.9999998807907104,5.0,15,2021,6,24
4.221295833587647,0.0,9.0,15,2021,6,24
2.9772322177886963,0.0,11.0,15,2021,6,24
4.054720878601074,0.0,13.0,15,2021,6,24
1.7790457010269165,9.100001335144045,25.0,15,2021,6,24
0.4564015865325928,0.0,29.0,15,2021,6,24
0.002529477700591,0.5999999046325684,30.0,15,2021,6,24
0.0,8.09999942779541,32.0,15,2021,6,24
0.0,0.0,37.0,15,2021,6,24
0.0,0.5,38.0,15,2021,6,24
0.0,0.0,39.0,15,2021,6,24
0.1486890017986297,13.500001907348633,44.0,15,2021,6,24
0.0,0.0,5.0,16,2021,6,24
1.4983447790145874,0.0,9.0,16,2021,6,24
0.7368499040603638,0.0,11.0,16,2021,6,24
3.2075297832489014,0.0,13.0,16,2021,6,24
0.936020016670227,0.0,25.0,16,2021,6,24
0.0,0.2000000029802322,29.0,16,2021,6,24
0.0,2.200000286102295,30.0,16,2021,6,24
0.0,0.0,32.0,16,2021,6,24
0.0,0.0,37.0,16,2021,6,24
0.0,0.0,38.0,16,2021,6,24
0.0,2.4000003337860107,39.0,16,2021,6,24
0.2518986463546753,0.0,44.0,16,2021,6,24
0.0,0.0,5.0,17,2021,6,24
1.5246293544769287,0.0,9.0,17,2021,6,24
0.3390354514122009,0.0,11.0,17,2021,6,24
2.142475128173828,2.299999713897705,13.0,17,2021,6,24
0.1632310450077057,0.0,25.0,17,2021,6,24
0.0,0.0,29.0,17,2021,6,24
0.0,0.0,30.0,17,2021,6,24
0.0,0.0,32.0,17,2021,6,24
0.0,0.0,37.0,17,2021,6,24
0.0,0.0,38.0,17,2021,6,24
0.0,0.0,39.0,17,2021,6,24
0.0,0.0,44.0,17,2021,6,24
0.0,0.0,5.0,18,2021,6,24
1.9037398099899288,0.0,9.0,18,2021,6,24
1.9876723289489744,0.0,11.0,18,2021,6,24
3.0121257305145264,0.0,13.0,18,2021,6,24
0.3032933473587036,0.0,25.0,18,2021,6,24
0.0029060270171612,0.0,29.0,18,2021,6,24
0.0,0.0,30.0,18,2021,6,24
0.0,0.0,32.0,18,2021,6,24
0.0,0.0,37.0,18,2021,6,24
0.0,0.0,38.0,18,2021,6,24
0.0,0.0,39.0,18,2021,6,24
0.0,0.0,44.0,18,2021,6,24
0.0,0.0,5.0,19,2021,6,24
0.3877536952495575,0.0,9.0,19,2021,6,24
0.679975152015686,0.0,11.0,19,2021,6,24
1.1951748132705688,0.0,13.0,19,2021,6,24
0.2707511484622955,0.0,25.0,19,2021,6,24
0.0,0.0,29.0,19,2021,6,24
0.0,0.0,30.0,19,2021,6,24
0.0,0.0,32.0,19,2021,6,24
0.0,0.0,37.0,19,2021,6,24
0.0,0.0,38.0,19,2021,6,24
0.0,0.0,39.0,19,2021,6,24
0.0,0.0,44.0,19,2021,6,24
0.0,0.0,5.0,20,2021,6,24
0.6358237266540527,0.0,9.0,20,2021,6,24
0.0579420030117034,0.0,11.0,20,2021,6,24
0.2894171178340912,0.0,13.0,20,2021,6,24
0.0,0.0,25.0,20,2021,6,24
0.0,0.0,29.0,20,2021,6,24
0.0,0.0,30.0,20,2021,6,24
0.0,0.0,32.0,20,2021,6,24
0.0,0.0,37.0,20,2021,6,24
0.0,0.0,38.0,20,2021,6,24
0.0,0.0,39.0,20,2021,6,24
0.0,0.0,44.0,20,2021,6,24
0.0,9.0,5.0,7,2022,6,24
3.027127265930176,0.0,9.0,7,2022,6,24
5.640972137451172,0.0999999865889549,11.0,7,2022,6,24
6.684388160705566,3.1000001430511475,13.0,7,2022,6,24
3.407355308532715,27.000001907348636,25.0,7,2022,6,24
1.2775540351867676,39.0,29.0,7,2022,6,24
0.0,12.000001907348633,30.0,7,2022,6,24
0.0,0.0,32.0,7,2022,6,24
0.0,11.69999885559082,37.0,7,2022,6,24
0.3547190427780151,4.999999523162842,38.0,7,2022,6,24
0.0,9.0,39.0,7,2022,6,24
1.2532191276550293,0.9999998807907104,44.0,7,2022,6,24
0.0,0.0,5.0,8,2022,6,24
2.686239719390869,8.0,9.0,8,2022,6,24
2.4063756465911865,0.0,11.0,8,2022,6,24
3.6652441024780273,5.900000095367432,13.0,8,2022,6,24
2.34348201751709,0.0,25.0,8,2022,6,24
0.9510045051574708,0.0,29.0,8,2022,6,24
0.0,0.0,30.0,8,2022,6,24
0.1405673027038574,0.0,32.0,8,2022,6,24
0.0,0.0,37.0,8,2022,6,24
0.1914784014225006,0.0,38.0,8,2022,6,24
0.0,0.0,39.0,8,2022,6,24
1.6241631507873535,0.0,44.0,8,2022,6,24
0.0,42.30000305175781,5.0,9,2022,6,24
1.5100657939910889,0.0,9.0,9,2022,6,24
2.086975336074829,20.000001907348636,11.0,9,2022,6,24
4.178991794586182,29.999998092651367,13.0,9,2022,6,24
2.1791863441467285,26.000001907348636,25.0,9,2022,6,24
1.0332975387573242,1.999999761581421,29.0,9,2022,6,24
0.0,0.0,30.0,9,2022,6,24
0.0,0.0,32.0,9,2022,6,24
0.0,0.5999999046325684,37.0,9,2022,6,24
0.0,0.0,38.0,9,2022,6,24
0.0,0.3000000715255737,39.0,9,2022,6,24
1.273742914199829,0.0,44.0,9,2022,6,24
0.0,2.999999523162842,5.0,10,2022,6,24
2.9944968223571777,0.0,9.0,10,2022,6,24
1.905422925949097,18.0,11.0,10,2022,6,24
6.169332981109619,0.0,13.0,10,2022,6,24
1.9284398555755613,11.0,25.0,10,2022,6,24
1.2577857971191406,4.999999523162842,29.0,10,2022,6,24
0.0,0.0,30.0,10,2022,6,24
0.0,0.0,32.0,10,2022,6,24
0.0,0.0,37.0,10,2022,6,24
0.0,0.0,38.0,10,2022,6,24
0.0,0.0,39.0,10,2022,6,24
0.4735669791698456,0.0,44.0,10,2022,6,24
0.0,0.0,5.0,11,2022,6,24
1.6345806121826172,5.999999523162842,9.0,11,2022,6,24
1.855044722557068,43.99999237060547,11.0,11,2022,6,24
5.5629472732543945,1.8000000715255735,13.0,11,2022,6,24
1.3011059761047363,0.5,25.0,11,2022,6,24
0.3326988816261291,0.0,29.0,11,2022,6,24
0.0,0.0,30.0,11,2022,6,24
0.0,0.0,32.0,11,2022,6,24
0.0,0.0,37.0,11,2022,6,24
0.0,2.999999523162842,38.0,11,2022,6,24
0.0,0.0,39.0,11,2022,6,24
0.1465262323617935,0.5999999046325684,44.0,11,2022,6,24
0.0,2.999999523162842,5.0,12,2022,6,24
5.488447189331055,15.0,9.0,12,2022,6,24
4.391855239868164,30.99999237060547,11.0,12,2022,6,24
7.349947929382324,13.19999885559082,13.0,12,2022,6,24
2.3915486335754395,4.999999523162842,25.0,12,2022,6,24
0.4698606431484222,4.999999523162842,29.0,12,2022,6,24
1.3045103549957275,7.0,30.0,12,2022,6,24
0.0,2.999999523162842,32.0,12,2022,6,24
0.0,4.0,37.0,12,2022,6,24
0.0,0.4000000953674316,38.0,12,2022,6,24
0.1414170265197754,0.5,39.0,12,2022,6,24
0.4380640387535095,1.999999761581421,44.0,12,2022,6,24
0.0,0.0,5.0,13,2022,6,24
2.4078643321990967,0.9999998807907104,9.0,13,2022,6,24
5.804240703582764,0.0,11.0,13,2022,6,24
9.961426734924316,0.0,13.0,13,2022,6,24
1.5161103010177612,0.9999998807907104,25.0,13,2022,6,24
0.1077135950326919,4.0,29.0,13,2022,6,24
0.0,34.000003814697266,30.0,13,2022,6,24
0.0,0.0,32.0,13,2022,6,24
0.0,19.099994659423828,37.0,13,2022,6,24
0.0,14.699999809265137,38.0,13,2022,6,24
0.0,13.599998474121094,39.0,13,2022,6,24
0.6055019497871399,17.0,44.0,13,2022,6,24
0.0,13.000000953674316,5.0,14,2022,6,24
6.742100715637207,4.099999904632568,9.0,14,2022,6,24
7.600634098052978,3.1000001430511475,11.0,14,2022,6,24
8.802353858947754,16.0,13.0,14,2022,6,24
2.071244716644287,0.0,25.0,14,2022,6,24
1.198249578475952,37.999996185302734,29.0,14,2022,6,24
0.0,0.0,30.0,14,2022,6,24
0.0,0.0999999865889549,32.0,14,2022,6,24
0.0,0.0,37.0,14,2022,6,24
0.0,2.900000095367432,38.0,14,2022,6,24
0.0,0.0,39.0,14,2022,6,24
1.5197181701660156,5.999999523162842,44.0,14,2022,6,24
0.0,4.0,5.0,15,2022,6,24
4.23233699798584,8.0,9.0,15,2022,6,24
6.167636871337891,0.0,11.0,15,2022,6,24
9.042104721069336,10.000000953674316,13.0,15,2022,6,24
1.507740497589111,20.000001907348636,25.0,15,2022,6,24
1.828341126441956,0.0,29.0,15,2022,6,24
0.473276823759079,8.0,30.0,15,2022,6,24
0.0239064022898674,0.6999999284744263,32.0,15,2022,6,24
0.117545410990715,4.0,37.0,15,2022,6,24
0.2472480088472366,9.0,38.0,15,2022,6,24
0.0,0.0999999865889549,39.0,15,2022,6,24
2.969856023788452,0.2000000029802322,44.0,15,2022,6,24
0.0,4.999999523162842,5.0,16,2022,6,24
3.193444013595581,0.0,9.0,16,2022,6,24
2.722959518432617,0.4000000953674316,11.0,16,2022,6,24
5.091432094573975,0.0,13.0,16,2022,6,24
1.7003026008605957,10.099998474121094,25.0,16,2022,6,24
1.3637402057647705,0.6999999284744263,29.0,16,2022,6,24
0.4030523002147674,0.9999998807907104,30.0,16,2022,6,24
0.0,0.0,32.0,16,2022,6,24
0.0,0.0,37.0,16,2022,6,24
0.1815984398126602,4.999999523162842,38.0,16,2022,6,24
0.0,0.0,39.0,16,2022,6,24
1.4313981533050537,1.1999998092651367,44.0,16,2022,6,24
0.0,0.0,5.0,17,2022,6,24
3.18349027633667,0.0,9.0,17,2022,6,24
1.2140558958053589,1.1000001430511477,11.0,17,2022,6,24
5.710597991943359,0.9999998807907104,13.0,17,2022,6,24
1.5316073894500732,0.0,25.0,17,2022,6,24
1.2957056760787964,0.0,29.0,17,2022,6,24
0.0,0.0,30.0,17,2022,6,24
0.0,0.0,32.0,17,2022,6,24
0.0,0.0,37.0,17,2022,6,24
0.0,0.0,38.0,17,2022,6,24
0.0,0.0999999865889549,39.0,17,2022,6,24
0.3774352371692657,0.0,44.0,17,2022,6,24
0.0,0.2000000029802322,5.0,18,2022,6,24
2.2683629989624023,0.0,9.0,18,2022,6,24
1.0626558065414429,1.999999761581421,11.0,18,2022,6,24
3.75536584854126,0.0,13.0,18,2022,6,24
1.619327425956726,0.0,25.0,18,2022,6,24
1.0755188465118408,0.0,29.0,18,2022,6,24
0.0,4.999999523162842,30.0,18,2022,6,24
0.0,0.2000000029802322,32.0,18,2022,6,24
0.0,1.999999761581421,37.0,18,2022,6,24
0.0,0.0,38.0,18,2022,6,24
0.0,7.899998664855957,39.0,18,2022,6,24
0.0,2.500000238418579,44.0,18,2022,6,24
0.0,0.0,5.0,19,2022,6,24
2.040261030197144,0.0,9.0,19,2022,6,24
2.197965383529663,0.0,11.0,19,2022,6,24
1.6847586631774902,0.0,13.0,19,2022,6,24
0.6972205638885498,0.0,25.0,19,2022,6,24
0.5990291237831116,0.4000000953674316,29.0,19,2022,6,24
0.0,0.0,30.0,19,2022,6,24
0.0,0.0,32.0,19,2022,6,24
0.0435300394892692,0.5999999046325684,37.0,19,2022,6,24
0.0,0.0,38.0,19,2022,6,24
0.0,1.999999761581421,39.0,19,2022,6,24
0.0,6.500000476837158,44.0,19,2022,6,24
0.0,0.0,5.0,20,2022,6,24
0.7495940923690796,37.999996185302734,9.0,20,2022,6,24
1.552610993385315,1.999999761581421,11.0,20,2022,6,24
1.5350877046585083,0.0,13.0,20,2022,6,24
0.4582340717315674,0.0,25.0,20,2022,6,24
0.056356381624937,0.0,29.0,20,2022,6,24
0.0,0.0,30.0,20,2022,6,24
0.0,0.0,32.0,20,2022,6,24
0.0,0.0,37.0,20,2022,6,24
0.0,0.2000000029802322,38.0,20,2022,6,24
0.0,0.0,39.0,20,2022,6,24
0.0,0.9999998807907104,44.0,20,2022,6,24
0.0,0.0,5.0,7,2023,6,24
1.1382558345794678,8.0,9.0,7,2023,6,24
1.182829737663269,0.9999998807907104,11.0,7,2023,6,24
2.5879712104797363,0.800000011920929,13.0,7,2023,6,24
0.2494680881500244,0.0,25.0,7,2023,6,24
0.0,0.0,29.0,7,2023,6,24
0.0,0.0,30.0,7,2023,6,24
0.0,0.0,32.0,7,2023,6,24
0.0,0.0,37.0,7,2023,6,24
0.0,0.0,38.0,7,2023,6,24
0.0,0.0,39.0,7,2023,6,24
0.0829073190689086,0.0,44.0,7,2023,6,24
0.0,0.0,5.0,8,2023,6,24
1.04772686958313,0.5999999046325684,9.0,8,2023,6,24
2.185978889465332,0.4000000953674316,11.0,8,2023,6,24
3.040696859359741,1.3999998569488523,13.0,8,2023,6,24
0.4050095081329345,4.0,25.0,8,2023,6,24
0.0281443931162357,0.9999998807907104,29.0,8,2023,6,24
0.0,0.0,30.0,8,2023,6,24
0.0051533612422645,0.0,32.0,8,2023,6,24
0.0,0.0,37.0,8,2023,6,24
0.0,0.2000000029802322,38.0,8,2023,6,24
0.0,0.0,39.0,8,2023,6,24
0.3122120499610901,1.999999761581421,44.0,8,2023,6,24
0.0,12.000001907348633,5.0,9,2023,6,24
1.9723243713378904,34.400001525878906,9.0,9,2023,6,24
4.564391613006592,29.600008010864254,11.0,9,2023,6,24
5.70188570022583,4.999999523162842,13.0,9,2023,6,24
2.6083438396453857,24.000001907348636,25.0,9,2023,6,24
1.2789849042892456,0.0,29.0,9,2023,6,24
0.1688390672206878,0.0,30.0,9,2023,6,24
0.0,26.000001907348636,32.0,9,2023,6,24
0.0,37.999996185302734,37.0,9,2023,6,24
0.0,0.0,38.0,9,2023,6,24
0.0358142144978046,39.0,39.0,9,2023,6,24
0.2339938431978225,0.0,44.0,9,2023,6,24
0.0,3.1000001430511475,5.0,10,2023,6,24
6.269357204437256,0.9999998807907104,9.0,10,2023,6,24
4.62869930267334,14.000000953674316,11.0,10,2023,6,24
8.273810386657715,11.69999885559082,13.0,10,2023,6,24
3.296875476837158,1.2999999523162842,25.0,10,2023,6,24
1.5493981838226318,0.5999999046325684,29.0,10,2023,6,24
0.4015629291534424,8.199999809265137,30.0,10,2023,6,24
0.0,0.0,32.0,10,2023,6,24
0.0,0.0,37.0,10,2023,6,24
0.2262081801891327,0.0,38.0,10,2023,6,24
0.0,7.0,39.0,10,2023,6,24
0.1340735107660293,0.0,44.0,10,2023,6,24
0.0,11.90000057220459,5.0,11,2023,6,24
6.035599708557129,14.000000953674316,9.0,11,2023,6,24
3.801934957504273,16.600000381469727,11.0,11,2023,6,24
10.997520446777344,18.299997329711918,13.0,11,2023,6,24
3.825930595397949,4.700000286102295,25.0,11,2023,6,24
1.2985252141952517,11.0,29.0,11,2023,6,24
0.0900983437895774,41.80000305175781,30.0,11,2023,6,24
0.0,29.000001907348636,32.0,11,2023,6,24
0.0,16.0,37.0,11,2023,6,24
0.0,54.99999237060547,38.0,11,2023,6,24
0.0,15.0,39.0,11,2023,6,24
0.1296713054180145,0.0,44.0,11,2023,6,24
0.0,2.1000001430511475,5.0,12,2023,6,24
9.557920455932615,13.000000953674316,9.0,12,2023,6,24
5.898336410522461,4.199999809265137,11.0,12,2023,6,24
15.424063682556152,4.0,13.0,12,2023,6,24
3.360360860824585,0.0,25.0,12,2023,6,24
1.5444599390029907,0.0,29.0,12,2023,6,24
1.0517804622650146,0.0,30.0,12,2023,6,24
0.1057485491037368,0.0,32.0,12,2023,6,24
0.0287074446678161,8.0,37.0,12,2023,6,24
0.1678212285041809,12.000001907348633,38.0,12,2023,6,24
0.0,8.199999809265137,39.0,12,2023,6,24
0.2588323056697845,0.0,44.0,12,2023,6,24
0.0,0.0,5.0,13,2023,6,24
3.2117741107940674,14.000000953674316,9.0,13,2023,6,24
3.0871732234954834,9.0,11.0,13,2023,6,24
7.469199180603027,1.999999761581421,13.0,13,2023,6,24
1.9860813617706297,0.2000000029802322,25.0,13,2023,6,24
0.9374391436576844,0.0,29.0,13,2023,6,24
0.200929507613182,0.0,30.0,13,2023,6,24
0.0,0.0,32.0,13,2023,6,24
0.0,0.0,37.0,13,2023,6,24
0.0,0.0,38.0,13,2023,6,24
0.0,0.0999999865889549,39.0,13,2023,6,24
0.4678970277309418,0.0,44.0,13,2023,6,24
0.0,0.0,5.0,14,2023,6,24
5.383643627166748,0.5999999046325684,9.0,14,2023,6,24
4.219943523406982,0.0999999865889549,11.0,14,2023,6,24
7.774871826171875,1.999999761581421,13.0,14,2023,6,24
3.673594236373901,0.0,25.0,14,2023,6,24
1.457944631576538,0.0,29.0,14,2023,6,24
0.4157037138938904,0.0,30.0,14,2023,6,24
0.0,0.0,32.0,14,2023,6,24
0.1195845082402229,0.0,37.0,14,2023,6,24
0.351160854101181,0.0,38.0,14,2023,6,24
0.0,0.0,39.0,14,2023,6,24
1.6560027599334717,0.0,44.0,14,2023,6,24
0.0,13.000000953674316,5.0,15,2023,6,24
5.031581401824951,5.8000006675720215,9.0,15,2023,6,24
2.896535634994507,26.89999771118164,11.0,15,2023,6,24
8.375699996948242,10.000000953674316,13.0,15,2023,6,24
1.585300326347351,15.0,25.0,15,2023,6,24
1.3781756162643433,5.999999523162842,29.0,15,2023,6,24
0.2702679932117462,24.89999771118164,30.0,15,2023,6,24
0.0895444080233573,34.000003814697266,32.0,15,2023,6,24
0.0,35.0,37.0,15,2023,6,24
0.0,29.999998092651367,38.0,15,2023,6,24
0.0,19.0,39.0,15,2023,6,24
2.228931427001953,36.79999542236328,44.0,15,2023,6,24
0.0,4.0,5.0,16,2023,6,24
4.727536201477051,5.600000381469727,9.0,16,2023,6,24
1.7882537841796875,30.100004196166992,11.0,16,2023,6,24
5.712153434753418,30.99999237060547,13.0,16,2023,6,24
1.0656369924545288,4.0,25.0,16,2023,6,24
1.262296438217163,13.000000953674316,29.0,16,2023,6,24
0.1539708375930786,2.1000001430511475,30.0,16,2023,6,24
0.0,7.0,32.0,16,2023,6,24
0.0,5.999999523162842,37.0,16,2023,6,24
0.0,7.0,38.0,16,2023,6,24
0.0,0.0,39.0,16,2023,6,24
1.334632158279419,0.0,44.0,16,2023,6,24
0.0,0.5,5.0,17,2023,6,24
4.540944576263428,0.5,9.0,17,2023,6,24
1.5657719373703003,1.9000003337860107,11.0,17,2023,6,24
5.120054244995117,2.999999523162842,13.0,17,2023,6,24
2.279238224029541,0.0,25.0,17,2023,6,24
0.8757027387619019,0.0,29.0,17,2023,6,24
0.1116966903209686,0.0,30.0,17,2023,6,24
0.0,0.5,32.0,17,2023,6,24
0.0,0.0,37.0,17,2023,6,24
0.0,0.0999999865889549,38.0,17,2023,6,24
0.0,0.0,39.0,17,2023,6,24
0.5392705202102661,2.999999523162842,44.0,17,2023,6,24
0.0,9.0,5.0,18,2023,6,24
4.161569118499756,0.2000000029802322,9.0,18,2023,6,24
1.8191182613372805,0.0999999865889549,11.0,18,2023,6,24
5.134927749633789,1.9000003337860107,13.0,18,2023,6,24
1.8085159063339236,16.0,25.0,18,2023,6,24
0.5914501547813416,0.0,29.0,18,2023,6,24
0.0,9.0,30.0,18,2023,6,24
0.0,0.5,32.0,18,2023,6,24
0.0,10.099998474121094,37.0,18,2023,6,24
0.0,11.0,38.0,18,2023,6,24
0.0,22.0,39.0,18,2023,6,24
0.6488037109375,2.999999523162842,44.0,18,2023,6,24
0.0,51.999996185302734,5.0,19,2023,6,24
1.733428955078125,4.800000190734863,9.0,19,2023,6,24
1.793982744216919,7.0,11.0,19,2023,6,24
3.821020603179932,16.100004196166992,13.0,19,2023,6,24
0.8953077793121338,59.9999885559082,25.0,19,2023,6,24
0.3929339945316314,5.999999523162842,29.0,19,2023,6,24
0.0274348426610231,0.0,30.0,19,2023,6,24
0.0,0.0999999865889549,32.0,19,2023,6,24
0.0,0.0,37.0,19,2023,6,24
0.0301372595131397,0.0,38.0,19,2023,6,24
0.0,0.0,39.0,19,2023,6,24
1.6478337049484253,17.0,44.0,19,2023,6,24
0.0,0.9999998807907104,5.0,20,2023,6,24
1.2898026704788208,0.2000000029802322,9.0,20,2023,6,24
0.7797826528549194,0.9999998807907104,11.0,20,2023,6,24
1.5871422290802002,2.8000001907348637,13.0,20,2023,6,24
0.7536687254905701,4.0,25.0,20,2023,6,24
0.3137094974517822,9.0,29.0,20,2023,6,24
0.0,0.0,30.0,20,2023,6,24
0.0,0.800000011920929,32.0,20,2023,6,24
0.0,0.0,37.0,20,2023,6,24
0.0,0.0,38.0,20,2023,6,24
0.0,0.0,39.0,20,2023,6,24
0.3474216163158417,4.0,44.0,20,2023,6,24
0.0,42.899993896484375,5.0,7,2020,6,27
2.5594520568847656,8.09999942779541,9.0,7,2020,6,27
3.808928966522217,4.500000476837158,11.0,7,2020,6,27
4.361005783081055,83.09998321533203,13.0,7,2020,6,27
1.0749081373214722,69.0000228881836,25.0,7,2020,6,27
1.2487571239471436,13.19999885559082,29.0,7,2020,6,27
0.0,11.299999237060549,30.0,7,2020,6,27
0.1108999848365783,0.0,32.0,7,2020,6,27
0.0,0.0,37.0,7,2020,6,27
0.2720753848552704,0.0,38.0,7,2020,6,27
0.0,0.0,39.0,7,2020,6,27
1.11566960811615,0.0,44.0,7,2020,6,27
0.0,0.0,5.0,8,2020,6,27
2.3312950134277344,0.0999999865889549,9.0,8,2020,6,27
2.586313486099243,22.79999542236328,11.0,8,2020,6,27
7.106215476989746,1.3999998569488523,13.0,8,2020,6,27
1.8683645725250244,0.0,25.0,8,2020,6,27
0.6531399488449097,0.0,29.0,8,2020,6,27
0.0,5.299999713897705,30.0,8,2020,6,27
0.0130505971610546,0.0,32.0,8,2020,6,27
0.0,4.500000476837158,37.0,8,2020,6,27
0.0,0.0,38.0,8,2020,6,27
0.0,0.0,39.0,8,2020,6,27
0.901028335094452,2.5999996662139893,44.0,8,2020,6,27
0.0,0.0,5.0,9,2020,6,27
3.8911285400390634,9.0,9.0,9,2020,6,27
2.2880959510803223,28.699995040893555,11.0,9,2020,6,27
5.167192935943604,2.6999998092651367,13.0,9,2020,6,27
2.6962790489196777,0.0,25.0,9,2020,6,27
0.9261428713798524,0.0,29.0,9,2020,6,27
0.0,0.0,30.0,9,2020,6,27
0.0,0.0,32.0,9,2020,6,27
0.0,0.0,37.0,9,2020,6,27
0.0,0.0,38.0,9,2020,6,27
0.0,0.0,39.0,9,2020,6,27
0.777515709400177,0.0,44.0,9,2020,6,27
0.0,0.0,5.0,10,2020,6,27
4.545005798339844,29.30000305175781,9.0,10,2020,6,27
2.373293399810791,0.0,11.0,10,2020,6,27
6.76586389541626,0.0,13.0,10,2020,6,27
1.835902452468872,1.4999998807907104,25.0,10,2020,6,27
0.1793058514595031,0.0,29.0,10,2020,6,27
0.1204221546649932,0.0,30.0,10,2020,6,27
0.0,0.0,32.0,10,2020,6,27
0.0,0.0,37.0,10,2020,6,27
0.0,26.39999389648437,38.0,10,2020,6,27
0.0,0.0,39.0,10,2020,6,27
0.1157360821962356,0.0,44.0,10,2020,6,27
0.0,2.200000286102295,5.0,11,2020,6,27
3.346482992172241,9.0,9.0,11,2020,6,27
3.0531318187713623,0.0,11.0,11,2020,6,27
5.419107437133789,21.700000762939453,13.0,11,2020,6,27
1.5852218866348269,4.800000190734863,25.0,11,2020,6,27
0.3555955290794372,0.0,29.0,11,2020,6,27
0.0,0.0,30.0,11,2020,6,27
0.0,0.0,32.0,11,2020,6,27
0.0,0.0,37.0,11,2020,6,27
0.0,0.0,38.0,11,2020,6,27
0.0,0.0,39.0,11,2020,6,27
0.2587829828262329,0.0,44.0,11,2020,6,27
0.0,0.0,5.0,12,2020,6,27
4.529837131500244,0.0,9.0,12,2020,6,27
3.844367742538452,0.0,11.0,12,2020,6,27
8.9782133102417,5.900000095367432,13.0,12,2020,6,27
1.6955907344818115,0.0,25.0,12,2020,6,27
0.3624797463417053,0.0,29.0,12,2020,6,27
0.5942456126213074,0.0,30.0,12,2020,6,27
0.0051873587071895,0.0,32.0,12,2020,6,27
0.0,0.0,37.0,12,2020,6,27
0.0,0.0,38.0,12,2020,6,27
0.0,0.0,39.0,12,2020,6,27
0.2664983868598938,0.0,44.0,12,2020,6,27
0.0,20.099994659423828,5.0,13,2020,6,27
2.45749568939209,50.09999847412109,9.0,13,2020,6,27
4.400325775146484,42.30000305175781,11.0,13,2020,6,27
6.963511943817139,54.79999542236328,13.0,13,2020,6,27
0.8498279452323914,27.29999542236328,25.0,13,2020,6,27
0.1099098101258277,0.0,29.0,13,2020,6,27
0.0,0.0,30.0,13,2020,6,27
0.0,0.0,32.0,13,2020,6,27
0.0,0.0,37.0,13,2020,6,27
0.0,0.0,38.0,13,2020,6,27
0.0,0.0,39.0,13,2020,6,27
0.4765291213989258,0.0,44.0,13,2020,6,27
0.0,8.700000762939453,5.0,14,2020,6,27
4.5850677490234375,15.09999656677246,9.0,14,2020,6,27
4.392407417297363,15.699995994567873,11.0,14,2020,6,27
5.174773216247559,30.20000457763672,13.0,14,2020,6,27
1.362846851348877,9.400001525878906,25.0,14,2020,6,27
0.8450264930725098,0.5,29.0,14,2020,6,27
0.0,13.099998474121094,30.0,14,2020,6,27
0.0,26.39999389648437,32.0,14,2020,6,27
0.0,12.000001907348633,37.0,14,2020,6,27
0.0,12.800000190734863,38.0,14,2020,6,27
0.0,12.90000057220459,39.0,14,2020,6,27
0.7041656374931335,4.300000190734863,44.0,14,2020,6,27
0.0,34.400001525878906,5.0,15,2020,6,27
1.9972078800201416,84.40000915527344,9.0,15,2020,6,27
1.358737230300903,129.1000518798828,11.0,15,2020,6,27
5.939113140106201,94.09998321533205,13.0,15,2020,6,27
0.5302924513816833,42.499996185302734,25.0,15,2020,6,27
0.5505317449569702,36.19999694824219,29.0,15,2020,6,27
0.0,21.799999237060547,30.0,15,2020,6,27
0.0,16.100004196166992,32.0,15,2020,6,27
0.0,12.700000762939451,37.0,15,2020,6,27
0.0,13.299999237060549,38.0,15,2020,6,27
0.0,11.299999237060549,39.0,15,2020,6,27
0.6840505003929138,9.400001525878906,44.0,15,2020,6,27
0.0,1.3999998569488523,5.0,16,2020,6,27
3.8596792221069336,10.099998474121094,9.0,16,2020,6,27
1.9348528385162356,56.700008392333984,11.0,16,2020,6,27
3.672396421432495,15.300000190734863,13.0,16,2020,6,27
0.5892934799194336,2.299999713897705,25.0,16,2020,6,27
0.227397546172142,12.700000762939451,29.0,16,2020,6,27
0.0,0.5999999046325684,30.0,16,2020,6,27
0.0,0.0,32.0,16,2020,6,27
0.0,0.0,37.0,16,2020,6,27
0.0,0.6999999284744263,38.0,16,2020,6,27
0.0,5.100000381469727,39.0,16,2020,6,27
0.6334251761436462,5.1999993324279785,44.0,16,2020,6,27
0.0,0.0,5.0,17,2020,6,27
1.8998078107833865,0.0,9.0,17,2020,6,27
1.057121753692627,0.0,11.0,17,2020,6,27
3.8477437496185294,0.0,13.0,17,2020,6,27
0.4182384014129638,0.0,25.0,17,2020,6,27
0.3936351239681244,0.0,29.0,17,2020,6,27
0.0,0.800000011920929,30.0,17,2020,6,27
0.0,0.0,32.0,17,2020,6,27
0.0,0.0,37.0,17,2020,6,27
0.0,0.0,38.0,17,2020,6,27
0.0,0.0,39.0,17,2020,6,27
0.285654067993164,0.0,44.0,17,2020,6,27
0.0,0.0,5.0,18,2020,6,27
3.3504860401153564,0.0,9.0,18,2020,6,27
1.2318187952041626,0.0,11.0,18,2020,6,27
4.2956390380859375,0.0,13.0,18,2020,6,27
0.5994400978088379,0.0,25.0,18,2020,6,27
0.086167573928833,0.0,29.0,18,2020,6,27
0.0,5.399999618530273,30.0,18,2020,6,27
0.0,0.0,32.0,18,2020,6,27
0.0,0.0,37.0,18,2020,6,27
0.0,0.0,38.0,18,2020,6,27
0.0,3.200000286102295,39.0,18,2020,6,27
0.0,0.0,44.0,18,2020,6,27
0.0,0.0,5.0,19,2020,6,27
2.845959186553955,2.6999998092651367,9.0,19,2020,6,27
2.0463733673095703,0.0,11.0,19,2020,6,27
3.0437581539154053,0.0,13.0,19,2020,6,27
1.7040438652038574,0.0,25.0,19,2020,6,27
0.5371184945106506,0.0,29.0,19,2020,6,27
0.1774464100599289,0.3000000715255737,30.0,19,2020,6,27
0.0,0.0,32.0,19,2020,6,27
0.0,31.70000648498535,37.0,19,2020,6,27
0.0,0.0,38.0,19,2020,6,27
0.0,0.0,39.0,19,2020,6,27
0.1235772669315338,0.0,44.0,19,2020,6,27
0.0,0.0,5.0,20,2020,6,27
2.2389707565307617,27.70000648498535,9.0,20,2020,6,27
3.155344009399414,44.5,11.0,20,2020,6,27
2.3721718788146973,11.90000057220459,13.0,20,2020,6,27
0.63157057762146,0.0,25.0,20,2020,6,27
0.5800031423568726,0.0,29.0,20,2020,6,27
0.0784081444144249,0.0,30.0,20,2020,6,27
0.0,0.0,32.0,20,2020,6,27
0.0,0.0,37.0,20,2020,6,27
0.0,0.0,38.0,20,2020,6,27
0.0,0.0,39.0,20,2020,6,27
0.0,8.299999237060547,44.0,20,2020,6,27
0.0,0.0,5.0,7,2021,6,27
2.186277151107788,0.0,9.0,7,2021,6,27
2.2591676712036133,0.0,11.0,7,2021,6,27
4.233972549438477,0.0,13.0,7,2021,6,27
2.600491523742676,0.0,25.0,7,2021,6,27
1.0191912651062012,0.0,29.0,7,2021,6,27
0.184983879327774,0.0,30.0,7,2021,6,27
0.0,0.0,32.0,7,2021,6,27
0.0,0.0,37.0,7,2021,6,27
0.0,0.0,38.0,7,2021,6,27
0.0,0.0,39.0,7,2021,6,27
0.6503742337226868,0.0,44.0,7,2021,6,27
0.0,0.0,5.0,8,2021,6,27
4.493420600891113,21.500001907348636,9.0,8,2021,6,27
2.540091753005981,31.90000534057617,11.0,8,2021,6,27
3.754399299621582,9.599998474121094,13.0,8,2021,6,27
2.3707022666931152,0.0,25.0,8,2021,6,27
0.3144534230232239,0.0,29.0,8,2021,6,27
0.0485308095812797,0.0,30.0,8,2021,6,27
0.0,0.0,32.0,8,2021,6,27
0.0,0.0,37.0,8,2021,6,27
0.0567888915538787,0.0,38.0,8,2021,6,27
0.0,0.0,39.0,8,2021,6,27
0.933673858642578,0.0,44.0,8,2021,6,27
0.0,0.0,5.0,9,2021,6,27
3.360485076904297,10.5,9.0,9,2021,6,27
2.610809326171875,71.40001678466797,11.0,9,2021,6,27
3.730400562286377,75.30000305175781,13.0,9,2021,6,27
2.2414135932922363,26.600000381469727,25.0,9,2021,6,27
1.2146459817886353,50.90000534057617,29.0,9,2021,6,27
0.1767967492341995,0.0,30.0,9,2021,6,27
0.0,0.0,32.0,9,2021,6,27
0.0,0.0,37.0,9,2021,6,27
0.0,0.0,38.0,9,2021,6,27
0.0,0.0,39.0,9,2021,6,27
0.6527067422866821,0.0,44.0,9,2021,6,27
0.0,0.0,5.0,10,2021,6,27
2.619685649871826,0.0,9.0,10,2021,6,27
1.791862964630127,0.0,11.0,10,2021,6,27
2.991234302520752,0.0,13.0,10,2021,6,27
1.153476357460022,0.0,25.0,10,2021,6,27
0.5252954959869385,0.0,29.0,10,2021,6,27
0.0,0.0,30.0,10,2021,6,27
0.0,14.499999046325684,32.0,10,2021,6,27
0.0,0.0,37.0,10,2021,6,27
0.0452582910656929,0.0,38.0,10,2021,6,27
0.0,0.0,39.0,10,2021,6,27
0.2976980209350586,5.900000095367432,44.0,10,2021,6,27
0.0,10.000000953674316,5.0,11,2021,6,27
1.636913537979126,7.899998664855957,9.0,11,2021,6,27
2.902874231338501,0.0,11.0,11,2021,6,27
2.6277196407318115,7.5,13.0,11,2021,6,27
1.7016916275024414,14.300000190734863,25.0,11,2021,6,27
2.381988525390625,14.39999771118164,29.0,11,2021,6,27
0.193556547164917,18.80000114440918,30.0,11,2021,6,27
0.0,112.4999542236328,32.0,11,2021,6,27
0.0,27.39999771118164,37.0,11,2021,6,27
0.0,29.20000648498535,38.0,11,2021,6,27
0.0,32.60000228881836,39.0,11,2021,6,27
1.2418655157089231,14.100000381469728,44.0,11,2021,6,27
0.0,0.9999998807907104,5.0,12,2021,6,27
4.011800765991211,0.0,9.0,12,2021,6,27
2.3564372062683105,0.0,11.0,12,2021,6,27
5.951594352722168,0.0,13.0,12,2021,6,27
2.0005011558532715,9.100001335144045,25.0,12,2021,6,27
0.3198489546775818,0.0,29.0,12,2021,6,27
0.7644023895263672,0.5999999046325684,30.0,12,2021,6,27
0.0452989302575588,8.09999942779541,32.0,12,2021,6,27
0.0,0.0,37.0,12,2021,6,27
0.0333055965602397,0.5,38.0,12,2021,6,27
0.0,0.0,39.0,12,2021,6,27
0.9932885766029358,13.500001907348633,44.0,12,2021,6,27
0.0,0.0,5.0,13,2021,6,27
1.0437408685684204,0.0,9.0,13,2021,6,27
2.309569835662842,0.0,11.0,13,2021,6,27
3.744343519210816,0.0,13.0,13,2021,6,27
1.6152634620666504,0.0,25.0,13,2021,6,27
0.3436252176761627,0.2000000029802322,29.0,13,2021,6,27
0.0,2.200000286102295,30.0,13,2021,6,27
0.0,0.0,32.0,13,2021,6,27
0.0,0.0,37.0,13,2021,6,27
0.0,0.0,38.0,13,2021,6,27
0.0,2.4000003337860107,39.0,13,2021,6,27
0.4136265814304352,0.0,44.0,13,2021,6,27
0.0,0.0,5.0,14,2021,6,27
2.0821266174316406,0.0,9.0,14,2021,6,27
1.255476713180542,0.0,11.0,14,2021,6,27
3.1180014610290527,2.299999713897705,13.0,14,2021,6,27
0.8754833936691284,0.0,25.0,14,2021,6,27
0.670168936252594,0.0,29.0,14,2021,6,27
0.0,0.0,30.0,14,2021,6,27
0.0,0.0,32.0,14,2021,6,27
0.0,0.0,37.0,14,2021,6,27
0.0,0.0,38.0,14,2021,6,27
0.0,0.0,39.0,14,2021,6,27
0.3424967527389526,0.0,44.0,14,2021,6,27
0.0,0.0,5.0,15,2021,6,27
1.6847561597824097,0.0,9.0,15,2021,6,27
0.9293914437294006,0.0,11.0,15,2021,6,27
2.7496135234832764,0.0,13.0,15,2021,6,27
0.5058515071868896,0.0,25.0,15,2021,6,27
0.0,0.0,29.0,15,2021,6,27
0.0,0.0,30.0,15,2021,6,27
0.0,0.0,32.0,15,2021,6,27
0.0,0.0,37.0,15,2021,6,27
0.0,0.0,38.0,15,2021,6,27
0.0,0.0,39.0,15,2021,6,27
0.2517696321010589,0.0,44.0,15,2021,6,27
0.0,0.0,5.0,16,2021,6,27
1.548614263534546,0.0,9.0,16,2021,6,27
0.8560987114906311,0.0,11.0,16,2021,6,27
1.7779347896575928,0.0,13.0,16,2021,6,27
0.3082931339740753,0.0,25.0,16,2021,6,27
0.0,0.0,29.0,16,2021,6,27
0.0,0.0,30.0,16,2021,6,27
0.0,0.0,32.0,16,2021,6,27
0.0,0.0,37.0,16,2021,6,27
0.0,0.0,38.0,16,2021,6,27
0.0,0.0,39.0,16,2021,6,27
0.0630249381065368,0.0,44.0,16,2021,6,27
0.0,0.0,5.0,17,2021,6,27
1.5065183639526367,0.0,9.0,17,2021,6,27
0.157630905508995,0.0,11.0,17,2021,6,27
1.189195156097412,0.0,13.0,17,2021,6,27
0.0,0.0,25.0,17,2021,6,27
0.0,0.0,29.0,17,2021,6,27
0.0,0.0,30.0,17,2021,6,27
0.0,0.0,32.0,17,2021,6,27
0.0,0.0,37.0,17,2021,6,27
0.0,0.0,38.0,17,2021,6,27
0.0,0.0,39.0,17,2021,6,27
0.0,0.0,44.0,17,2021,6,27
0.0,0.0,5.0,18,2021,6,27
0.263944000005722,42.20000076293945,9.0,18,2021,6,27
0.3111692368984222,0.0,11.0,18,2021,6,27
1.921583890914917,6.59999942779541,13.0,18,2021,6,27
0.5028765797615051,0.0,25.0,18,2021,6,27
0.0,0.0,29.0,18,2021,6,27
0.0,0.0,30.0,18,2021,6,27
0.0,0.0,32.0,18,2021,6,27
0.0,0.0,37.0,18,2021,6,27
0.0,0.0,38.0,18,2021,6,27
0.0,0.0,39.0,18,2021,6,27
0.1410072296857834,0.0,44.0,18,2021,6,27
0.0,0.0,5.0,19,2021,6,27
0.3469336032867431,0.0,9.0,19,2021,6,27
0.6205939650535583,48.19999694824219,11.0,19,2021,6,27
1.9894065856933596,51.09999084472656,13.0,19,2021,6,27
0.3352917730808258,3.200000286102295,25.0,19,2021,6,27
0.0,0.0,29.0,19,2021,6,27
0.0,0.0,30.0,19,2021,6,27
0.0,0.0,32.0,19,2021,6,27
0.0,0.0,37.0,19,2021,6,27
0.0,0.0,38.0,19,2021,6,27
0.0,0.0,39.0,19,2021,6,27
0.0,0.0,44.0,19,2021,6,27
0.0,0.0,5.0,20,2021,6,27
0.4817616045475006,0.0,9.0,20,2021,6,27
0.520101010799408,0.0,11.0,20,2021,6,27
1.4561095237731934,0.0,13.0,20,2021,6,27
0.00036737753544,0.0,25.0,20,2021,6,27
0.0,0.0,29.0,20,2021,6,27
0.0,0.0,30.0,20,2021,6,27
0.0,0.0,32.0,20,2021,6,27
0.0,0.0,37.0,20,2021,6,27
0.0,0.0,38.0,20,2021,6,27
0.0,0.0,39.0,20,2021,6,27
0.0,0.0,44.0,20,2021,6,27
0.0,2.999999523162842,5.0,7,2022,6,27
0.6166537404060364,0.0,9.0,7,2022,6,27
1.1957396268844604,18.0,11.0,7,2022,6,27
2.5349600315093994,0.0,13.0,7,2022,6,27
0.2436155080795288,11.0,25.0,7,2022,6,27
0.0,4.999999523162842,29.0,7,2022,6,27
0.0,0.0,30.0,7,2022,6,27
0.0,0.0,32.0,7,2022,6,27
0.0,0.0,37.0,7,2022,6,27
0.0,0.0,38.0,7,2022,6,27
0.0,0.0,39.0,7,2022,6,27
0.0063865943811833,0.0,44.0,7,2022,6,27
0.0,0.0,5.0,8,2022,6,27
1.554809808731079,5.999999523162842,9.0,8,2022,6,27
1.7510383129119873,43.99999237060547,11.0,8,2022,6,27
2.9182403087615967,1.8000000715255735,13.0,8,2022,6,27
0.0979432836174964,0.5,25.0,8,2022,6,27
0.0834404304623603,0.0,29.0,8,2022,6,27
0.0,0.0,30.0,8,2022,6,27
0.0,0.0,32.0,8,2022,6,27
0.0,0.0,37.0,8,2022,6,27
0.0,2.999999523162842,38.0,8,2022,6,27
0.0,0.0,39.0,8,2022,6,27
0.2221072018146515,0.5999999046325684,44.0,8,2022,6,27
0.0,2.999999523162842,5.0,9,2022,6,27
1.4569557905197144,15.0,9.0,9,2022,6,27
0.9000298976898193,30.99999237060547,11.0,9,2022,6,27
4.108731746673584,13.19999885559082,13.0,9,2022,6,27
0.0532601848244667,4.999999523162842,25.0,9,2022,6,27
0.4029343426227569,4.999999523162842,29.0,9,2022,6,27
0.0,7.0,30.0,9,2022,6,27
0.0,2.999999523162842,32.0,9,2022,6,27
0.0,4.0,37.0,9,2022,6,27
0.0,0.4000000953674316,38.0,9,2022,6,27
0.0,0.5,39.0,9,2022,6,27
0.036473199725151,1.999999761581421,44.0,9,2022,6,27
0.0,0.0,5.0,10,2022,6,27
1.112240195274353,0.9999998807907104,9.0,10,2022,6,27
2.244753360748291,0.0,11.0,10,2022,6,27
3.793830394744873,0.0,13.0,10,2022,6,27
0.4608731269836426,0.9999998807907104,25.0,10,2022,6,27
0.2601258158683777,4.0,29.0,10,2022,6,27
0.0,34.000003814697266,30.0,10,2022,6,27
0.0,0.0,32.0,10,2022,6,27
0.0,19.099994659423828,37.0,10,2022,6,27
0.0,14.699999809265137,38.0,10,2022,6,27
0.0,13.599998474121094,39.0,10,2022,6,27
0.2986336350440979,17.0,44.0,10,2022,6,27
0.0,13.000000953674316,5.0,11,2022,6,27
2.485236406326294,4.099999904632568,9.0,11,2022,6,27
4.568933486938477,3.1000001430511475,11.0,11,2022,6,27
5.651741027832031,16.0,13.0,11,2022,6,27
1.1356815099716189,0.0,25.0,11,2022,6,27
0.5739316344261169,37.999996185302734,29.0,11,2022,6,27
0.0,0.0,30.0,11,2022,6,27
0.0,0.0999999865889549,32.0,11,2022,6,27
0.0,0.0,37.0,11,2022,6,27
0.0,2.900000095367432,38.0,11,2022,6,27
0.0,0.0,39.0,11,2022,6,27
0.5058791041374207,5.999999523162842,44.0,11,2022,6,27
0.0,4.0,5.0,12,2022,6,27
4.005273818969727,8.0,9.0,12,2022,6,27
5.7248053550720215,0.0,11.0,12,2022,6,27
14.001309394836426,10.000000953674316,13.0,12,2022,6,27
1.0407261848449707,20.000001907348636,25.0,12,2022,6,27
1.582099676132202,0.0,29.0,12,2022,6,27
0.8782082796096802,8.0,30.0,12,2022,6,27
0.0729199051856994,0.6999999284744263,32.0,12,2022,6,27
0.0448050685226917,4.0,37.0,12,2022,6,27
0.0,9.0,38.0,12,2022,6,27
0.0,0.0999999865889549,39.0,12,2022,6,27
0.155938982963562,0.2000000029802322,44.0,12,2022,6,27
0.0,4.999999523162842,5.0,13,2022,6,27
1.7344796657562256,0.0,9.0,13,2022,6,27
3.212341070175171,0.4000000953674316,11.0,13,2022,6,27
7.452260971069336,0.0,13.0,13,2022,6,27
1.4954237937927246,10.099998474121094,25.0,13,2022,6,27
0.3492825031280517,0.6999999284744263,29.0,13,2022,6,27
0.0,0.9999998807907104,30.0,13,2022,6,27
0.0,0.0,32.0,13,2022,6,27
0.0,0.0,37.0,13,2022,6,27
0.0,4.999999523162842,38.0,13,2022,6,27
0.0,0.0,39.0,13,2022,6,27
1.2260349988937378,1.1999998092651367,44.0,13,2022,6,27
0.0,0.0,5.0,14,2022,6,27
3.514249086380005,0.0,9.0,14,2022,6,27
3.561896085739136,1.1000001430511477,11.0,14,2022,6,27
6.941669464111328,0.9999998807907104,13.0,14,2022,6,27
2.687905550003052,0.0,25.0,14,2022,6,27
0.9440708160400392,0.0,29.0,14,2022,6,27
0.0,0.0,30.0,14,2022,6,27
0.0,0.0,32.0,14,2022,6,27
0.0720076337456703,0.0,37.0,14,2022,6,27
0.2278046011924743,0.0,38.0,14,2022,6,27
0.0,0.0999999865889549,39.0,14,2022,6,27
1.83408522605896,0.0,44.0,14,2022,6,27
0.0,0.2000000029802322,5.0,15,2022,6,27
2.2494380474090576,0.0,9.0,15,2022,6,27
1.354304313659668,1.999999761581421,11.0,15,2022,6,27
4.967281341552734,0.0,13.0,15,2022,6,27
1.2630674839019775,0.0,25.0,15,2022,6,27
1.330541491508484,0.0,29.0,15,2022,6,27
0.3466185927391052,4.999999523162842,30.0,15,2022,6,27
0.0,0.2000000029802322,32.0,15,2022,6,27
0.0523110777139663,1.999999761581421,37.0,15,2022,6,27
0.0,0.0,38.0,15,2022,6,27
0.0,7.899998664855957,39.0,15,2022,6,27
0.4683592915534973,2.500000238418579,44.0,15,2022,6,27
0.0,0.0,5.0,16,2022,6,27
2.0230908393859863,0.0,9.0,16,2022,6,27
1.1560142040252686,0.0,11.0,16,2022,6,27
3.622928142547608,0.0,13.0,16,2022,6,27
1.6979690790176392,0.0,25.0,16,2022,6,27
0.3577967882156372,0.4000000953674316,29.0,16,2022,6,27
0.0,0.0,30.0,16,2022,6,27
0.0,0.0,32.0,16,2022,6,27
0.0,0.5999999046325684,37.0,16,2022,6,27
0.0,0.0,38.0,16,2022,6,27
0.0,1.999999761581421,39.0,16,2022,6,27
0.2562206983566284,6.500000476837158,44.0,16,2022,6,27
0.0,0.0,5.0,17,2022,6,27
1.6008988618850708,37.999996185302734,9.0,17,2022,6,27
1.254939079284668,1.999999761581421,11.0,17,2022,6,27
2.814337730407715,0.0,13.0,17,2022,6,27
0.5478041768074036,0.0,25.0,17,2022,6,27
0.7837499976158142,0.0,29.0,17,2022,6,27
0.0,0.0,30.0,17,2022,6,27
0.0,0.0,32.0,17,2022,6,27
0.0,0.0,37.0,17,2022,6,27
0.0,0.2000000029802322,38.0,17,2022,6,27
0.0,0.0,39.0,17,2022,6,27
0.0,0.9999998807907104,44.0,17,2022,6,27
0.0,0.0,5.0,18,2022,6,27
1.0509322881698608,0.0,9.0,18,2022,6,27
1.180355429649353,0.0,11.0,18,2022,6,27
2.957672595977783,0.0,13.0,18,2022,6,27
0.8053726553916931,0.0,25.0,18,2022,6,27
0.0633274093270301,0.0,29.0,18,2022,6,27
0.0,0.0,30.0,18,2022,6,27
0.0,0.0,32.0,18,2022,6,27
0.0,0.0,37.0,18,2022,6,27
0.0,0.0,38.0,18,2022,6,27
0.0,0.0,39.0,18,2022,6,27
0.0,16.299997329711914,44.0,18,2022,6,27
0.0,0.0999999865889549,5.0,19,2022,6,27
0.699437141418457,0.0,9.0,19,2022,6,27
1.5091843605041504,2.999999523162842,11.0,19,2022,6,27
2.032032966613769,0.0,13.0,19,2022,6,27
0.244656890630722,0.0,25.0,19,2022,6,27
0.232921227812767,0.0999999865889549,29.0,19,2022,6,27
0.0,0.0,30.0,19,2022,6,27
0.0,0.0,32.0,19,2022,6,27
0.0,0.0,37.0,19,2022,6,27
0.0,0.0,38.0,19,2022,6,27
0.0,0.0,39.0,19,2022,6,27
0.0,0.0,44.0,19,2022,6,27
0.0,0.0,5.0,20,2022,6,27
0.9902721643447876,1.2999999523162842,9.0,20,2022,6,27
0.499079942703247,8.0,11.0,20,2022,6,27
0.8935065269470215,2.999999523162842,13.0,20,2022,6,27
0.0,0.5999999046325684,25.0,20,2022,6,27
0.0569669567048549,0.0,29.0,20,2022,6,27
0.0,1.999999761581421,30.0,20,2022,6,27
0.0,0.0,32.0,20,2022,6,27
0.0,0.0,37.0,20,2022,6,27
0.0,0.0,38.0,20,2022,6,27
0.0,0.0,39.0,20,2022,6,27
0.0,0.9000000953674316,44.0,20,2022,6,27
0.0,3.1000001430511475,5.0,7,2023,6,27
4.550220966339111,0.9999998807907104,9.0,7,2023,6,27
3.919814825057984,14.000000953674316,11.0,7,2023,6,27
5.89907169342041,11.69999885559082,13.0,7,2023,6,27
1.2065891027450562,1.2999999523162842,25.0,7,2023,6,27
0.1756259351968765,0.5999999046325684,29.0,7,2023,6,27
0.0,8.199999809265137,30.0,7,2023,6,27
0.0,0.0,32.0,7,2023,6,27
0.0,0.0,37.0,7,2023,6,27
0.06148337200284,0.0,38.0,7,2023,6,27
0.0,7.0,39.0,7,2023,6,27
0.0,0.0,44.0,7,2023,6,27
0.0,11.90000057220459,5.0,8,2023,6,27
2.6766467094421387,14.000000953674316,9.0,8,2023,6,27
2.8495757579803467,16.600000381469727,11.0,8,2023,6,27
8.002730369567871,18.299997329711918,13.0,8,2023,6,27
1.7393990755081177,4.700000286102295,25.0,8,2023,6,27
0.7719361186027527,11.0,29.0,8,2023,6,27
0.0,41.80000305175781,30.0,8,2023,6,27
0.0,29.000001907348636,32.0,8,2023,6,27
0.0,16.0,37.0,8,2023,6,27
0.0,54.99999237060547,38.0,8,2023,6,27
0.0,15.0,39.0,8,2023,6,27
0.1712123602628708,0.0,44.0,8,2023,6,27
0.0,2.1000001430511475,5.0,9,2023,6,27
5.974577903747559,13.000000953674316,9.0,9,2023,6,27
1.9220402240753172,4.199999809265137,11.0,9,2023,6,27
7.258793830871582,4.0,13.0,9,2023,6,27
2.6611690521240234,0.0,25.0,9,2023,6,27
1.1704814434051514,0.0,29.0,9,2023,6,27
0.0765502080321312,0.0,30.0,9,2023,6,27
0.0,0.0,32.0,9,2023,6,27
0.2284168004989624,8.0,37.0,9,2023,6,27
0.0271974597126245,12.000001907348633,38.0,9,2023,6,27
0.0,8.199999809265137,39.0,9,2023,6,27
0.207957312464714,0.0,44.0,9,2023,6,27
0.0,0.0,5.0,10,2023,6,27
6.72708797454834,14.000000953674316,9.0,10,2023,6,27
2.7200927734375,9.0,11.0,10,2023,6,27
8.019298553466797,1.999999761581421,13.0,10,2023,6,27
2.442448139190674,0.2000000029802322,25.0,10,2023,6,27
0.898028552532196,0.0,29.0,10,2023,6,27
0.2332958132028579,0.0,30.0,10,2023,6,27
0.0,0.0,32.0,10,2023,6,27
0.0,0.0,37.0,10,2023,6,27
0.1659135669469833,0.0,38.0,10,2023,6,27
0.0,0.0999999865889549,39.0,10,2023,6,27
0.6368592381477356,0.0,44.0,10,2023,6,27
0.0,0.0,5.0,11,2023,6,27
7.294081211090088,0.5999999046325684,9.0,11,2023,6,27
3.084099531173706,0.0999999865889549,11.0,11,2023,6,27
6.355388641357422,1.999999761581421,13.0,11,2023,6,27
2.8209338188171387,0.0,25.0,11,2023,6,27
2.3007614612579346,0.0,29.0,11,2023,6,27
0.2178312987089157,0.0,30.0,11,2023,6,27
0.0,0.0,32.0,11,2023,6,27
0.0,0.0,37.0,11,2023,6,27
0.2670193314552307,0.0,38.0,11,2023,6,27
0.0,0.0,39.0,11,2023,6,27
1.352301836013794,0.0,44.0,11,2023,6,27
0.0,13.000000953674316,5.0,12,2023,6,27
7.296524047851562,5.8000006675720215,9.0,12,2023,6,27
2.925701379776001,26.89999771118164,11.0,12,2023,6,27
12.08049774169922,10.000000953674316,13.0,12,2023,6,27
3.394469976425171,15.0,25.0,12,2023,6,27
1.9347978830337524,5.999999523162842,29.0,12,2023,6,27
1.0068447589874268,24.89999771118164,30.0,12,2023,6,27
0.0,34.000003814697266,32.0,12,2023,6,27
0.0893945917487144,35.0,37.0,12,2023,6,27
0.4787557423114776,29.999998092651367,38.0,12,2023,6,27
0.0,19.0,39.0,12,2023,6,27
2.027405261993408,36.79999542236328,44.0,12,2023,6,27
0.0,4.0,5.0,13,2023,6,27
2.697659492492676,5.600000381469727,9.0,13,2023,6,27
2.9781672954559326,30.100004196166992,11.0,13,2023,6,27
8.484013557434082,30.99999237060547,13.0,13,2023,6,27
1.8439997434616089,4.0,25.0,13,2023,6,27
0.7475677728652954,13.000000953674316,29.0,13,2023,6,27
0.0,2.1000001430511475,30.0,13,2023,6,27
0.0,7.0,32.0,13,2023,6,27
0.0,5.999999523162842,37.0,13,2023,6,27
0.0,7.0,38.0,13,2023,6,27
0.0,0.0,39.0,13,2023,6,27
0.7040363550186157,0.0,44.0,13,2023,6,27
0.0,0.5,5.0,14,2023,6,27
5.654908657073975,0.5,9.0,14,2023,6,27
3.2650580406188965,1.9000003337860107,11.0,14,2023,6,27
8.5762939453125,2.999999523162842,13.0,14,2023,6,27
3.217270612716675,0.0,25.0,14,2023,6,27
1.0476667881011963,0.0,29.0,14,2023,6,27
0.0,0.0,30.0,14,2023,6,27
0.0,0.5,32.0,14,2023,6,27
0.0,0.0,37.0,14,2023,6,27
0.0,0.0999999865889549,38.0,14,2023,6,27
0.0,0.0,39.0,14,2023,6,27
0.6612768173217773,2.999999523162842,44.0,14,2023,6,27
0.0,9.0,5.0,15,2023,6,27
3.9606101512908936,0.2000000029802322,9.0,15,2023,6,27
1.719865322113037,0.0999999865889549,11.0,15,2023,6,27
7.540302276611328,1.9000003337860107,13.0,15,2023,6,27
2.569715738296509,16.0,25.0,15,2023,6,27
0.5987541675567627,0.0,29.0,15,2023,6,27
0.0258174445480108,9.0,30.0,15,2023,6,27
0.0,0.5,32.0,15,2023,6,27
0.0297482088208198,10.099998474121094,37.0,15,2023,6,27
0.0,11.0,38.0,15,2023,6,27
0.0,22.0,39.0,15,2023,6,27
0.6884810924530029,2.999999523162842,44.0,15,2023,6,27
0.0,51.999996185302734,5.0,16,2023,6,27
2.3834011554718018,4.800000190734863,9.0,16,2023,6,27
1.532494306564331,7.0,11.0,16,2023,6,27
3.0855298042297363,16.100004196166992,13.0,16,2023,6,27
0.8273787498474121,59.9999885559082,25.0,16,2023,6,27
0.1154715940356254,5.999999523162842,29.0,16,2023,6,27
0.0,0.0,30.0,16,2023,6,27
0.0,0.0999999865889549,32.0,16,2023,6,27
0.0,0.0,37.0,16,2023,6,27
0.0,0.0,38.0,16,2023,6,27
0.0,0.0,39.0,16,2023,6,27
0.352605253458023,17.0,44.0,16,2023,6,27
0.0,0.9999998807907104,5.0,17,2023,6,27
3.847527503967285,0.2000000029802322,9.0,17,2023,6,27
1.167905330657959,0.9999998807907104,11.0,17,2023,6,27
2.338433027267456,2.8000001907348637,13.0,17,2023,6,27
0.3607275485992431,4.0,25.0,17,2023,6,27
0.2824483215808868,9.0,29.0,17,2023,6,27
0.0,0.0,30.0,17,2023,6,27
0.0182435307651758,0.800000011920929,32.0,17,2023,6,27
0.0,0.0,37.0,17,2023,6,27
0.0,0.0,38.0,17,2023,6,27
0.0,0.0,39.0,17,2023,6,27
0.4307196736335754,4.0,44.0,17,2023,6,27
0.0,27.10000228881836,5.0,18,2023,6,27
2.010248899459839,4.999999523162842,9.0,18,2023,6,27
1.9303909540176392,15.0,11.0,18,2023,6,27
5.586264133453369,29.20000648498535,13.0,18,2023,6,27
0.98995703458786,17.0,25.0,18,2023,6,27
0.9751340746879578,13.000000953674316,29.0,18,2023,6,27
0.0,34.000003814697266,30.0,18,2023,6,27
0.0,14.000000953674316,32.0,18,2023,6,27
0.0,27.000001907348636,37.0,18,2023,6,27
0.01242954749614,5.999999523162842,38.0,18,2023,6,27
0.0,1.999999761581421,39.0,18,2023,6,27
1.418956279754639,10.000000953674316,44.0,18,2023,6,27
0.0,5.999999523162842,5.0,19,2023,6,27
0.9231921434402466,4.999999523162842,9.0,19,2023,6,27
1.0025370121002195,1.999999761581421,11.0,19,2023,6,27
5.733163833618164,2.999999523162842,13.0,19,2023,6,27
1.20697283744812,5.999999523162842,25.0,19,2023,6,27
0.6121135354042053,2.999999523162842,29.0,19,2023,6,27
0.1662692576646804,7.0,30.0,19,2023,6,27
0.0,0.0,32.0,19,2023,6,27
0.0,0.0,37.0,19,2023,6,27
0.0,7.0,38.0,19,2023,6,27
0.0,0.9999998807907104,39.0,19,2023,6,27
0.3686913847923279,0.0,44.0,19,2023,6,27
0.0,0.0,5.0,20,2023,6,27
1.3280924558639526,0.0,9.0,20,2023,6,27
1.0263878107070925,0.0,11.0,20,2023,6,27
3.3635144233703613,0.0,13.0,20,2023,6,27
0.7879555225372314,0.0,25.0,20,2023,6,27
0.0,0.0,29.0,20,2023,6,27
0.0603351183235645,0.0,30.0,20,2023,6,27
0.0,0.2000000029802322,32.0,20,2023,6,27
0.0,0.0,37.0,20,2023,6,27
0.0,0.0,38.0,20,2023,6,27
0.0,0.0,39.0,20,2023,6,27
0.0,0.0,44.0,20,2023,6,27
0.0,2.200000286102295,5.0,7,2020,7,1
5.883299827575684,9.0,9.0,7,2020,7,1
5.001999855041504,0.0,11.0,7,2020,7,1
7.446896553039551,21.700000762939453,13.0,7,2020,7,1
3.986027479171753,4.800000190734863,25.0,7,2020,7,1
1.475892424583435,0.0,29.0,7,2020,7,1
0.0158879309892654,0.0,30.0,7,2020,7,1
0.0,0.0,32.0,7,2020,7,1
0.0,0.0,37.0,7,2020,7,1
0.0,0.0,38.0,7,2020,7,1
0.0,0.0,39.0,7,2020,7,1
0.3905890882015228,0.0,44.0,7,2020,7,1
0.0,0.0,5.0,8,2020,7,1
4.407527923583984,0.0,9.0,8,2020,7,1
3.879508018493652,0.0,11.0,8,2020,7,1
7.382143020629883,5.900000095367432,13.0,8,2020,7,1
3.106323719024658,0.0,25.0,8,2020,7,1
1.1302517652511597,0.0,29.0,8,2020,7,1
0.2278605103492736,0.0,30.0,8,2020,7,1
0.0,0.0,32.0,8,2020,7,1
0.0,0.0,37.0,8,2020,7,1
0.0,0.0,38.0,8,2020,7,1
0.0,0.0,39.0,8,2020,7,1
0.6992281675338745,0.0,44.0,8,2020,7,1
0.0,20.099994659423828,5.0,9,2020,7,1
4.865440845489502,50.09999847412109,9.0,9,2020,7,1
4.163899421691895,42.30000305175781,11.0,9,2020,7,1
4.71583890914917,54.79999542236328,13.0,9,2020,7,1
1.8023138046264648,27.29999542236328,25.0,9,2020,7,1
0.5246138572692871,0.0,29.0,9,2020,7,1
0.0,0.0,30.0,9,2020,7,1
0.0,0.0,32.0,9,2020,7,1
0.1629244238138198,0.0,37.0,9,2020,7,1
0.0,0.0,38.0,9,2020,7,1
0.0,0.0,39.0,9,2020,7,1
0.0,0.0,44.0,9,2020,7,1
0.0,8.700000762939453,5.0,10,2020,7,1
4.756993770599365,15.09999656677246,9.0,10,2020,7,1
4.6133246421813965,15.699995994567873,11.0,10,2020,7,1
6.529137134552002,30.20000457763672,13.0,10,2020,7,1
1.8000742197036743,9.400001525878906,25.0,10,2020,7,1
0.4457066059112549,0.5,29.0,10,2020,7,1
0.0030011376366019,13.099998474121094,30.0,10,2020,7,1
0.0,26.39999389648437,32.0,10,2020,7,1
0.0,12.000001907348633,37.0,10,2020,7,1
0.0,12.800000190734863,38.0,10,2020,7,1
0.0,12.90000057220459,39.0,10,2020,7,1
0.0,4.300000190734863,44.0,10,2020,7,1
0.0,34.400001525878906,5.0,11,2020,7,1
5.029162406921387,84.40000915527344,9.0,11,2020,7,1
1.87927770614624,129.1000518798828,11.0,11,2020,7,1
5.181041717529297,94.09998321533205,13.0,11,2020,7,1
1.6473617553710938,42.499996185302734,25.0,11,2020,7,1
0.8119680881500244,36.19999694824219,29.0,11,2020,7,1
0.0,21.799999237060547,30.0,11,2020,7,1
0.0,16.100004196166992,32.0,11,2020,7,1
0.0,12.700000762939451,37.0,11,2020,7,1
0.0,13.299999237060549,38.0,11,2020,7,1
0.0,11.299999237060549,39.0,11,2020,7,1
0.0,9.400001525878906,44.0,11,2020,7,1
0.0,1.3999998569488523,5.0,12,2020,7,1
7.398496627807617,10.099998474121094,9.0,12,2020,7,1
2.984186172485352,56.700008392333984,11.0,12,2020,7,1
7.654253959655762,15.300000190734863,13.0,12,2020,7,1
2.561287641525269,2.299999713897705,25.0,12,2020,7,1
1.4157729148864746,12.700000762939451,29.0,12,2020,7,1
0.6656095385551453,0.5999999046325684,30.0,12,2020,7,1
0.1888482868671417,0.0,32.0,12,2020,7,1
0.1518093943595886,0.0,37.0,12,2020,7,1
0.1366492658853531,0.6999999284744263,38.0,12,2020,7,1
0.0,5.100000381469727,39.0,12,2020,7,1
0.2741821408271789,5.1999993324279785,44.0,12,2020,7,1
0.0,0.0,5.0,13,2020,7,1
3.468139886856079,0.0,9.0,13,2020,7,1
2.596040725708008,0.0,11.0,13,2020,7,1
4.927093029022217,0.0,13.0,13,2020,7,1
1.9812607765197756,0.0,25.0,13,2020,7,1
0.7214252948760986,0.0,29.0,13,2020,7,1
0.1645886451005935,0.800000011920929,30.0,13,2020,7,1
0.0,0.0,32.0,13,2020,7,1
0.0,0.0,37.0,13,2020,7,1
0.0,0.0,38.0,13,2020,7,1
0.0,0.0,39.0,13,2020,7,1
1.0777394771575928,0.0,44.0,13,2020,7,1
0.0,0.0,5.0,14,2020,7,1
2.6144027709960938,0.0,9.0,14,2020,7,1
2.7694406509399414,0.0,11.0,14,2020,7,1
5.961855411529541,0.0,13.0,14,2020,7,1
1.5820612907409668,0.0,25.0,14,2020,7,1
0.8077739477157593,0.0,29.0,14,2020,7,1
0.0,5.399999618530273,30.0,14,2020,7,1
0.0,0.0,32.0,14,2020,7,1
0.0,0.0,37.0,14,2020,7,1
0.0,0.0,38.0,14,2020,7,1
0.0,3.200000286102295,39.0,14,2020,7,1
1.4889968633651731,0.0,44.0,14,2020,7,1
0.0,0.0,5.0,15,2020,7,1
4.000751495361328,2.6999998092651367,9.0,15,2020,7,1
1.9632387161254885,0.0,11.0,15,2020,7,1
2.2485673427581787,0.0,13.0,15,2020,7,1
1.2602379322052002,0.0,25.0,15,2020,7,1
0.7949820756912231,0.0,29.0,15,2020,7,1
0.0,0.3000000715255737,30.0,15,2020,7,1
0.0,0.0,32.0,15,2020,7,1
0.0852392390370369,31.70000648498535,37.0,15,2020,7,1
0.0,0.0,38.0,15,2020,7,1
0.0,0.0,39.0,15,2020,7,1
0.152267500758171,0.0,44.0,15,2020,7,1
0.0,0.0,5.0,16,2020,7,1
2.7461907863616943,27.70000648498535,9.0,16,2020,7,1
0.954017698764801,44.5,11.0,16,2020,7,1
2.544441699981689,11.90000057220459,13.0,16,2020,7,1
0.9400689005851746,0.0,25.0,16,2020,7,1
0.5534443855285645,0.0,29.0,16,2020,7,1
0.0,0.0,30.0,16,2020,7,1
0.0,0.0,32.0,16,2020,7,1
0.0164102129638195,0.0,37.0,16,2020,7,1
0.0,0.0,38.0,16,2020,7,1
0.0,0.0,39.0,16,2020,7,1
0.3525381684303283,8.299999237060547,44.0,16,2020,7,1
0.0,0.0,5.0,17,2020,7,1
1.8892563581466677,17.700000762939453,9.0,17,2020,7,1
0.7263165712356567,31.300004959106445,11.0,17,2020,7,1
4.088672637939453,27.70000648498535,13.0,17,2020,7,1
1.1663687229156494,0.0,25.0,17,2020,7,1
0.5248037576675415,0.0,29.0,17,2020,7,1
0.0,0.0,30.0,17,2020,7,1
0.0,0.0,32.0,17,2020,7,1
0.0,0.0,37.0,17,2020,7,1
0.0,0.0,38.0,17,2020,7,1
0.0,0.0,39.0,17,2020,7,1
0.0,0.0,44.0,17,2020,7,1
0.0,3.6000003814697266,5.0,18,2020,7,1
2.867936134338379,33.19999694824219,9.0,18,2020,7,1
1.4449139833450315,32.50000762939453,11.0,18,2020,7,1
3.158674955368042,41.80000305175781,13.0,18,2020,7,1
1.0348708629608154,5.100000381469727,25.0,18,2020,7,1
1.281186819076538,0.0,29.0,18,2020,7,1
0.0,2.999999523162842,30.0,18,2020,7,1
0.0,0.0,32.0,18,2020,7,1
0.0,0.0,37.0,18,2020,7,1
0.0,0.0,38.0,18,2020,7,1
0.0,0.0,39.0,18,2020,7,1
0.0,0.0,44.0,18,2020,7,1
0.0,16.499998092651367,5.0,19,2020,7,1
2.290337085723877,8.09999942779541,9.0,19,2020,7,1
1.668535828590393,10.399999618530272,11.0,19,2020,7,1
2.8860385417938232,19.5,13.0,19,2020,7,1
0.432161271572113,14.300000190734863,25.0,19,2020,7,1
1.1825621128082275,20.400001525878903,29.0,19,2020,7,1
0.0,31.70000648498535,30.0,19,2020,7,1
0.0,0.0,32.0,19,2020,7,1
0.0,0.0,37.0,19,2020,7,1
0.0,18.59999656677246,38.0,19,2020,7,1
0.0,10.5,39.0,19,2020,7,1
0.0307323560118675,2.900000095367432,44.0,19,2020,7,1
0.0,0.800000011920929,5.0,20,2020,7,1
1.6961463689804075,28.199996948242188,9.0,20,2020,7,1
1.1496167182922363,20.69999885559082,11.0,20,2020,7,1
1.7325475215911863,21.899999618530277,13.0,20,2020,7,1
0.1624462753534317,2.6999998092651367,25.0,20,2020,7,1
0.9816279411315918,14.000000953674316,29.0,20,2020,7,1
0.0994012132287025,3.400000095367432,30.0,20,2020,7,1
0.0,0.0,32.0,20,2020,7,1
0.0,0.0,37.0,20,2020,7,1
0.0,0.0,38.0,20,2020,7,1
0.0,0.0,39.0,20,2020,7,1
0.0,0.3000000715255737,44.0,20,2020,7,1
0.0,10.000000953674316,5.0,7,2021,7,1
0.7351119518280029,7.899998664855957,9.0,7,2021,7,1
2.3251585960388184,0.0,11.0,7,2021,7,1
2.5777626037597656,7.5,13.0,7,2021,7,1
0.4897215962409973,14.300000190734863,25.0,7,2021,7,1
0.3937946259975433,14.39999771118164,29.0,7,2021,7,1
0.0,18.80000114440918,30.0,7,2021,7,1
0.0,112.4999542236328,32.0,7,2021,7,1
0.0,27.39999771118164,37.0,7,2021,7,1
0.0,29.20000648498535,38.0,7,2021,7,1
0.0,32.60000228881836,39.0,7,2021,7,1
0.6592457890510559,14.100000381469728,44.0,7,2021,7,1
0.0,0.9999998807907104,5.0,8,2021,7,1
1.1899163722991943,0.0,9.0,8,2021,7,1
0.8201466202735901,0.0,11.0,8,2021,7,1
1.7361648082733154,0.0,13.0,8,2021,7,1
0.2237655818462371,9.100001335144045,25.0,8,2021,7,1
0.0,0.0,29.0,8,2021,7,1
0.0,0.5999999046325684,30.0,8,2021,7,1
0.0,8.09999942779541,32.0,8,2021,7,1
0.0,0.0,37.0,8,2021,7,1
0.0,0.5,38.0,8,2021,7,1
0.0,0.0,39.0,8,2021,7,1
0.1088854596018791,13.500001907348633,44.0,8,2021,7,1
0.0,0.0,5.0,9,2021,7,1
0.5744277238845825,0.0,9.0,9,2021,7,1
0.08862866461277,0.0,11.0,9,2021,7,1
0.4950258731842041,0.0,13.0,9,2021,7,1
0.0,0.0,25.0,9,2021,7,1
0.0372899770736694,0.2000000029802322,29.0,9,2021,7,1
0.0,2.200000286102295,30.0,9,2021,7,1
0.0,0.0,32.0,9,2021,7,1
0.0,0.0,37.0,9,2021,7,1
0.0,0.0,38.0,9,2021,7,1
0.0,2.4000003337860107,39.0,9,2021,7,1
0.0631728023290634,0.0,44.0,9,2021,7,1
0.0,0.0,5.0,10,2021,7,1
0.0,0.0,9.0,10,2021,7,1
0.064699999988079,0.0,11.0,10,2021,7,1
0.9811983108520508,2.299999713897705,13.0,10,2021,7,1
0.124007448554039,0.0,25.0,10,2021,7,1
0.0,0.0,29.0,10,2021,7,1
0.0,0.0,30.0,10,2021,7,1
0.0,0.0,32.0,10,2021,7,1
0.0,0.0,37.0,10,2021,7,1
0.0,0.0,38.0,10,2021,7,1
0.0,0.0,39.0,10,2021,7,1
0.0,0.0,44.0,10,2021,7,1
0.0,0.0,5.0,11,2021,7,1
0.1032923460006713,0.0,9.0,11,2021,7,1
0.1248114258050918,0.0,11.0,11,2021,7,1
1.4849939346313477,0.0,13.0,11,2021,7,1
0.2946799993515014,0.0,25.0,11,2021,7,1
0.0,0.0,29.0,11,2021,7,1
0.0,0.0,30.0,11,2021,7,1
0.0,0.0,32.0,11,2021,7,1
0.0,0.0,37.0,11,2021,7,1
0.0,0.0,38.0,11,2021,7,1
0.0,0.0,39.0,11,2021,7,1
0.0,0.0,44.0,11,2021,7,1
0.0,0.0,5.0,12,2021,7,1
0.657056450843811,0.0,9.0,12,2021,7,1
0.0112848058342933,0.0,11.0,12,2021,7,1
1.5229332447052002,0.0,13.0,12,2021,7,1
0.1458204537630081,0.0,25.0,12,2021,7,1
0.0,0.0,29.0,12,2021,7,1
0.0,0.0,30.0,12,2021,7,1
0.0,0.0,32.0,12,2021,7,1
0.0,0.0,37.0,12,2021,7,1
0.0,0.0,38.0,12,2021,7,1
0.0,0.0,39.0,12,2021,7,1
0.0,0.0,44.0,12,2021,7,1
0.0,0.0,5.0,13,2021,7,1
0.0,0.0,9.0,13,2021,7,1
0.6739099025726318,0.0,11.0,13,2021,7,1
1.8284666538238523,0.0,13.0,13,2021,7,1
0.0,0.0,25.0,13,2021,7,1
0.0,0.0,29.0,13,2021,7,1
0.0,0.0,30.0,13,2021,7,1
0.0,0.0,32.0,13,2021,7,1
0.0,0.0,37.0,13,2021,7,1
0.0,0.0,38.0,13,2021,7,1
0.0,0.0,39.0,13,2021,7,1
0.0,0.0,44.0,13,2021,7,1
0.0,0.0,5.0,14,2021,7,1
1.3680157661437988,42.20000076293945,9.0,14,2021,7,1
2.0180046558380127,0.0,11.0,14,2021,7,1
1.7753427028656006,6.59999942779541,13.0,14,2021,7,1
0.8286887407302856,0.0,25.0,14,2021,7,1
0.0193097963929176,0.0,29.0,14,2021,7,1
0.0,0.0,30.0,14,2021,7,1
0.0,0.0,32.0,14,2021,7,1
0.0,0.0,37.0,14,2021,7,1
0.0,0.0,38.0,14,2021,7,1
0.0,0.0,39.0,14,2021,7,1
0.0,0.0,44.0,14,2021,7,1
0.0,0.0,5.0,15,2021,7,1
0.8462038040161133,0.0,9.0,15,2021,7,1
1.6405770778656006,48.19999694824219,11.0,15,2021,7,1
2.6220855712890625,51.09999084472656,13.0,15,2021,7,1
1.2206830978393557,3.200000286102295,25.0,15,2021,7,1
0.3051576614379883,0.0,29.0,15,2021,7,1
0.0,0.0,30.0,15,2021,7,1
0.0,0.0,32.0,15,2021,7,1
0.0,0.0,37.0,15,2021,7,1
0.0,0.0,38.0,15,2021,7,1
0.0,0.0,39.0,15,2021,7,1
0.1168158203363418,0.0,44.0,15,2021,7,1
0.0,0.0,5.0,16,2021,7,1
1.4092198610305786,0.0,9.0,16,2021,7,1
1.1703745126724243,0.0,11.0,16,2021,7,1
2.7849371433258057,0.0,13.0,16,2021,7,1
0.4972467720508575,0.0,25.0,16,2021,7,1
0.2079076915979385,0.0,29.0,16,2021,7,1
0.0,0.0,30.0,16,2021,7,1
0.0,0.0,32.0,16,2021,7,1
0.0,0.0,37.0,16,2021,7,1
0.0,0.0,38.0,16,2021,7,1
0.0,0.0,39.0,16,2021,7,1
0.396008551120758,0.0,44.0,16,2021,7,1
0.0,0.0,5.0,17,2021,7,1
0.6509273648262024,9.499998092651367,9.0,17,2021,7,1
1.1131277084350586,25.200000762939453,11.0,17,2021,7,1
2.7484898567199707,8.700000762939453,13.0,17,2021,7,1
0.7974695563316345,0.0,25.0,17,2021,7,1
0.0655390098690986,0.0,29.0,17,2021,7,1
0.0,0.0,30.0,17,2021,7,1
0.0,0.0,32.0,17,2021,7,1
0.0,0.0,37.0,17,2021,7,1
0.0,0.0,38.0,17,2021,7,1
0.0,0.0,39.0,17,2021,7,1
0.0,0.0,44.0,17,2021,7,1
0.0,29.80000305175781,5.0,18,2021,7,1
1.212493658065796,15.799997329711914,9.0,18,2021,7,1
0.7813073992729187,63.69999694824219,11.0,18,2021,7,1
2.92786717414856,61.70000076293945,13.0,18,2021,7,1
0.7218977808952332,21.500001907348636,25.0,18,2021,7,1
0.0003420804277993,11.0,29.0,18,2021,7,1
0.0,10.69999885559082,30.0,18,2021,7,1
0.0,0.0,32.0,18,2021,7,1
0.0,21.299999237060547,37.0,18,2021,7,1
0.0,61.10000228881836,38.0,18,2021,7,1
0.0,24.69999885559082,39.0,18,2021,7,1
0.0988793596625328,0.0,44.0,18,2021,7,1
0.0,19.699995040893555,5.0,19,2021,7,1
0.7321615219116211,17.399999618530273,9.0,19,2021,7,1
1.2704334259033203,2.6999998092651367,11.0,19,2021,7,1
2.143566846847534,3.300000667572021,13.0,19,2021,7,1
0.5048498511314392,34.50000762939453,25.0,19,2021,7,1
0.115813672542572,30.89999771118164,29.0,19,2021,7,1
0.0,9.30000114440918,30.0,19,2021,7,1
0.0,14.799997329711914,32.0,19,2021,7,1
0.0,0.0,37.0,19,2021,7,1
0.0,26.70000457763672,38.0,19,2021,7,1
0.0,6.200000286102295,39.0,19,2021,7,1
0.0,56.09999847412109,44.0,19,2021,7,1
0.0,12.399999618530272,5.0,20,2021,7,1
0.9797051548957824,3.5000007152557373,9.0,20,2021,7,1
0.576077938079834,0.9000000953674316,11.0,20,2021,7,1
1.316064953804016,0.0,13.0,20,2021,7,1
0.5738241672515869,15.0,25.0,20,2021,7,1
0.215499147772789,15.799997329711914,29.0,20,2021,7,1
0.0,8.399998664855957,30.0,20,2021,7,1
0.0,0.0,32.0,20,2021,7,1
0.0,4.399999618530273,37.0,20,2021,7,1
0.0,8.80000114440918,38.0,20,2021,7,1
0.0,2.500000238418579,39.0,20,2021,7,1
0.118939533829689,2.200000286102295,44.0,20,2021,7,1
0.0,13.000000953674316,5.0,7,2022,7,1
3.771510124206543,4.099999904632568,9.0,7,2022,7,1
3.1031739711761475,3.1000001430511475,11.0,7,2022,7,1
8.828299522399902,16.0,13.0,7,2022,7,1
1.9501253366470337,0.0,25.0,7,2022,7,1
1.628377914428711,37.999996185302734,29.0,7,2022,7,1
0.0,0.0,30.0,7,2022,7,1
0.0,0.0999999865889549,32.0,7,2022,7,1
0.0,0.0,37.0,7,2022,7,1
0.0076930075883865,2.900000095367432,38.0,7,2022,7,1
0.0,0.0,39.0,7,2022,7,1
1.0084288120269775,5.999999523162842,44.0,7,2022,7,1
0.0,4.0,5.0,8,2022,7,1
3.2278764247894287,8.0,9.0,8,2022,7,1
1.7716693878173828,0.0,11.0,8,2022,7,1
6.7148118019104,10.000000953674316,13.0,8,2022,7,1
2.245134115219116,20.000001907348636,25.0,8,2022,7,1
0.7363761067390442,0.0,29.0,8,2022,7,1
0.3190531730651855,8.0,30.0,8,2022,7,1
0.0449285954236984,0.6999999284744263,32.0,8,2022,7,1
0.0,4.0,37.0,8,2022,7,1
0.0,9.0,38.0,8,2022,7,1
0.0,0.0999999865889549,39.0,8,2022,7,1
1.4271278381347656,0.2000000029802322,44.0,8,2022,7,1
0.0,4.999999523162842,5.0,9,2022,7,1
5.089418888092041,0.0,9.0,9,2022,7,1
1.4999769926071167,0.4000000953674316,11.0,9,2022,7,1
4.198484420776367,0.0,13.0,9,2022,7,1
1.5158216953277588,10.099998474121094,25.0,9,2022,7,1
0.7373286485671997,0.6999999284744263,29.0,9,2022,7,1
0.1265211701393127,0.9999998807907104,30.0,9,2022,7,1
0.0,0.0,32.0,9,2022,7,1
0.0,0.0,37.0,9,2022,7,1
0.0,4.999999523162842,38.0,9,2022,7,1
0.0,0.0,39.0,9,2022,7,1
1.813145995140076,1.1999998092651367,44.0,9,2022,7,1
0.0,0.0,5.0,10,2022,7,1
3.0714316368103027,0.0,9.0,10,2022,7,1
2.6687450408935547,1.1000001430511477,11.0,10,2022,7,1
7.08359432220459,0.9999998807907104,13.0,10,2022,7,1
1.7803512811660769,0.0,25.0,10,2022,7,1
0.1179008483886718,0.0,29.0,10,2022,7,1
0.030296504497528,0.0,30.0,10,2022,7,1
0.0,0.0,32.0,10,2022,7,1
0.0,0.0,37.0,10,2022,7,1
0.0,0.0,38.0,10,2022,7,1
0.0,0.0999999865889549,39.0,10,2022,7,1
0.8094776272773743,0.0,44.0,10,2022,7,1
0.0,0.2000000029802322,5.0,11,2022,7,1
2.305518627166748,0.0,9.0,11,2022,7,1
2.375820636749268,1.999999761581421,11.0,11,2022,7,1
3.838604211807251,0.0,13.0,11,2022,7,1
1.2610753774642944,0.0,25.0,11,2022,7,1
0.5660190582275391,0.0,29.0,11,2022,7,1
0.0,4.999999523162842,30.0,11,2022,7,1
0.0,0.2000000029802322,32.0,11,2022,7,1
0.0,1.999999761581421,37.0,11,2022,7,1
0.0,0.0,38.0,11,2022,7,1
0.0,7.899998664855957,39.0,11,2022,7,1
0.1921945810317993,2.500000238418579,44.0,11,2022,7,1
0.0,0.0,5.0,12,2022,7,1
1.9933041334152224,0.0,9.0,12,2022,7,1
1.9006016254425049,0.0,11.0,12,2022,7,1
5.83307695388794,0.0,13.0,12,2022,7,1
0.4889184832572937,0.0,25.0,12,2022,7,1
0.5045749545097351,0.4000000953674316,29.0,12,2022,7,1
0.1577893644571304,0.0,30.0,12,2022,7,1
0.0,0.0,32.0,12,2022,7,1
0.0,0.5999999046325684,37.0,12,2022,7,1
0.0,0.0,38.0,12,2022,7,1
0.0,1.999999761581421,39.0,12,2022,7,1
0.0,6.500000476837158,44.0,12,2022,7,1
0.0,0.0,5.0,13,2022,7,1
1.8152588605880735,37.999996185302734,9.0,13,2022,7,1
2.193966865539551,1.999999761581421,11.0,13,2022,7,1
2.405954599380493,0.0,13.0,13,2022,7,1
0.6450106501579285,0.0,25.0,13,2022,7,1
0.0,0.0,29.0,13,2022,7,1
0.0,0.0,30.0,13,2022,7,1
0.0,0.0,32.0,13,2022,7,1
0.0,0.0,37.0,13,2022,7,1
0.0,0.2000000029802322,38.0,13,2022,7,1
0.0,0.0,39.0,13,2022,7,1
0.1231728047132492,0.9999998807907104,44.0,13,2022,7,1
0.0,0.0,5.0,14,2022,7,1
1.1800060272216797,0.0,9.0,14,2022,7,1
1.43684720993042,0.0,11.0,14,2022,7,1
4.174370288848877,0.0,13.0,14,2022,7,1
0.7095556259155273,0.0,25.0,14,2022,7,1
0.0,0.0,29.0,14,2022,7,1
0.0,0.0,30.0,14,2022,7,1
0.0,0.0,32.0,14,2022,7,1
0.0,0.0,37.0,14,2022,7,1
0.0,0.0,38.0,14,2022,7,1
0.0,0.0,39.0,14,2022,7,1
0.0,16.299997329711914,44.0,14,2022,7,1
0.0,0.0999999865889549,5.0,15,2022,7,1
1.6513664722442627,0.0,9.0,15,2022,7,1
0.679023802280426,2.999999523162842,11.0,15,2022,7,1
1.7884559631347656,0.0,13.0,15,2022,7,1
0.7112046480178833,0.0,25.0,15,2022,7,1
0.0395450219511985,0.0999999865889549,29.0,15,2022,7,1
0.0,0.0,30.0,15,2022,7,1
0.0,0.0,32.0,15,2022,7,1
0.0,0.0,37.0,15,2022,7,1
0.0,0.0,38.0,15,2022,7,1
0.0,0.0,39.0,15,2022,7,1
0.0,0.0,44.0,15,2022,7,1
0.0,0.0,5.0,16,2022,7,1
0.4455525875091553,1.2999999523162842,9.0,16,2022,7,1
0.4857444763183594,8.0,11.0,16,2022,7,1
0.9202108383178712,2.999999523162842,13.0,16,2022,7,1
0.0507800616323947,0.5999999046325684,25.0,16,2022,7,1
0.0,0.0,29.0,16,2022,7,1
0.0,1.999999761581421,30.0,16,2022,7,1
0.0,0.0,32.0,16,2022,7,1
0.0,0.0,37.0,16,2022,7,1
0.0,0.0,38.0,16,2022,7,1
0.0,0.0,39.0,16,2022,7,1
0.0,0.9000000953674316,44.0,16,2022,7,1
0.0,0.0,5.0,17,2022,7,1
1.2328927516937256,0.0,9.0,17,2022,7,1
0.735926628112793,0.0,11.0,17,2022,7,1
1.5282342433929443,0.0,13.0,17,2022,7,1
0.1855372637510299,0.0,25.0,17,2022,7,1
0.3836135864257812,0.0,29.0,17,2022,7,1
0.0,0.0,30.0,17,2022,7,1
0.0,0.0,32.0,17,2022,7,1
0.0,0.0,37.0,17,2022,7,1
0.0,0.0,38.0,17,2022,7,1
0.0,0.0,39.0,17,2022,7,1
0.1572054177522659,0.0,44.0,17,2022,7,1
0.0,0.0,5.0,18,2022,7,1
1.2790144681930542,1.999999761581421,9.0,18,2022,7,1
1.249456763267517,0.0,11.0,18,2022,7,1
3.0190792083740234,10.000000953674316,13.0,18,2022,7,1
0.9271507859230042,0.6999999284744263,25.0,18,2022,7,1
0.7091741561889648,11.0,29.0,18,2022,7,1
0.0,0.0,30.0,18,2022,7,1
0.0,0.0,32.0,18,2022,7,1
0.0,0.0,37.0,18,2022,7,1
0.0,2.999999523162842,38.0,18,2022,7,1
0.0,0.0,39.0,18,2022,7,1
0.0917349606752395,10.000000953674316,44.0,18,2022,7,1
0.0,5.999999523162842,5.0,19,2022,7,1
1.5683832168579102,51.00000762939453,9.0,19,2022,7,1
1.2064621448516846,77.9000015258789,11.0,19,2022,7,1
4.479151725769043,53.00000381469727,13.0,19,2022,7,1
1.3716151714324951,48.99999237060547,25.0,19,2022,7,1
0.423259824514389,45.99999237060547,29.0,19,2022,7,1
0.0,0.0999999865889549,30.0,19,2022,7,1
0.0,0.0,32.0,19,2022,7,1
0.0,7.0,37.0,19,2022,7,1
0.0,20.000001907348636,38.0,19,2022,7,1
0.0,0.0,39.0,19,2022,7,1
0.4974871873855591,8.0,44.0,19,2022,7,1
0.0,7.0,5.0,20,2022,7,1
1.6246516704559326,0.0,9.0,20,2022,7,1
0.5364583134651184,0.9000000953674316,11.0,20,2022,7,1
1.452669382095337,0.9000000953674316,13.0,20,2022,7,1
0.5659304857254028,3.1000001430511475,25.0,20,2022,7,1
0.2157062441110611,4.0,29.0,20,2022,7,1
0.0,0.6999999284744263,30.0,20,2022,7,1
0.0,0.0,32.0,20,2022,7,1
0.0,0.0,37.0,20,2022,7,1
0.0,0.0,38.0,20,2022,7,1
0.0,0.0,39.0,20,2022,7,1
0.4569937288761139,17.0,44.0,20,2022,7,1
0.0,0.0,5.0,7,2023,7,1
3.867553234100342,0.5999999046325684,9.0,7,2023,7,1
2.3477494716644287,0.0999999865889549,11.0,7,2023,7,1
8.937878608703613,1.999999761581421,13.0,7,2023,7,1
3.677991390228272,0.0,25.0,7,2023,7,1
1.3345710039138794,0.0,29.0,7,2023,7,1
0.1150721684098243,0.0,30.0,7,2023,7,1
0.0,0.0,32.0,7,2023,7,1
0.0,0.0,37.0,7,2023,7,1
0.047429010272026,0.0,38.0,7,2023,7,1
0.0,0.0,39.0,7,2023,7,1
0.4559836089611053,0.0,44.0,7,2023,7,1
0.0,13.000000953674316,5.0,8,2023,7,1
7.712975025177002,5.8000006675720215,9.0,8,2023,7,1
1.968373417854309,26.89999771118164,11.0,8,2023,7,1
6.964901924133301,10.000000953674316,13.0,8,2023,7,1
3.810502767562866,15.0,25.0,8,2023,7,1
1.7629961967468262,5.999999523162842,29.0,8,2023,7,1
0.3201794326305389,24.89999771118164,30.0,8,2023,7,1
0.0,34.000003814697266,32.0,8,2023,7,1
0.0,35.0,37.0,8,2023,7,1
0.0,29.999998092651367,38.0,8,2023,7,1
0.0,19.0,39.0,8,2023,7,1
0.4974739551544189,36.79999542236328,44.0,8,2023,7,1
0.0,4.0,5.0,9,2023,7,1
5.450693130493164,5.600000381469727,9.0,9,2023,7,1
2.128066062927246,30.100004196166992,11.0,9,2023,7,1
4.926631450653076,30.99999237060547,13.0,9,2023,7,1
2.8128201961517334,4.0,25.0,9,2023,7,1
0.7904667258262634,13.000000953674316,29.0,9,2023,7,1
0.111540675163269,2.1000001430511475,30.0,9,2023,7,1
0.0,7.0,32.0,9,2023,7,1
0.0614377409219741,5.999999523162842,37.0,9,2023,7,1
0.0017277216538786,7.0,38.0,9,2023,7,1
0.0,0.0,39.0,9,2023,7,1
0.0,0.0,44.0,9,2023,7,1
0.0,0.5,5.0,10,2023,7,1
5.725586891174316,0.5,9.0,10,2023,7,1
3.726632595062256,1.9000003337860107,11.0,10,2023,7,1
4.740593910217285,2.999999523162842,13.0,10,2023,7,1
1.4161149263381958,0.0,25.0,10,2023,7,1
0.8715610504150391,0.0,29.0,10,2023,7,1
0.0,0.0,30.0,10,2023,7,1
0.0,0.5,32.0,10,2023,7,1
0.0,0.0,37.0,10,2023,7,1
0.0,0.0999999865889549,38.0,10,2023,7,1
0.0,0.0,39.0,10,2023,7,1
0.0,2.999999523162842,44.0,10,2023,7,1
0.0,9.0,5.0,11,2023,7,1
4.652425765991211,0.2000000029802322,9.0,11,2023,7,1
2.873420238494873,0.0999999865889549,11.0,11,2023,7,1
3.4397358894348145,1.9000003337860107,13.0,11,2023,7,1
1.6013922691345217,16.0,25.0,11,2023,7,1
0.6459677219390869,0.0,29.0,11,2023,7,1
0.0,9.0,30.0,11,2023,7,1
0.0,0.5,32.0,11,2023,7,1
0.0,10.099998474121094,37.0,11,2023,7,1
0.0,11.0,38.0,11,2023,7,1
0.0,22.0,39.0,11,2023,7,1
0.0,2.999999523162842,44.0,11,2023,7,1
0.0,51.999996185302734,5.0,12,2023,7,1
4.582648754119873,4.800000190734863,9.0,12,2023,7,1
1.511248230934143,7.0,11.0,12,2023,7,1
5.679555892944336,16.100004196166992,13.0,12,2023,7,1
1.7148858308792114,59.9999885559082,25.0,12,2023,7,1
1.0714178085327148,5.999999523162842,29.0,12,2023,7,1
0.0,0.0,30.0,12,2023,7,1
0.0,0.0999999865889549,32.0,12,2023,7,1
0.0,0.0,37.0,12,2023,7,1
0.0,0.0,38.0,12,2023,7,1
0.0,0.0,39.0,12,2023,7,1
0.0,17.0,44.0,12,2023,7,1
0.0,0.9999998807907104,5.0,13,2023,7,1
1.7546992301940918,0.2000000029802322,9.0,13,2023,7,1
0.8853206634521484,0.9999998807907104,11.0,13,2023,7,1
3.1893327236175537,2.8000001907348637,13.0,13,2023,7,1
0.9154701232910156,4.0,25.0,13,2023,7,1
0.0968308225274086,9.0,29.0,13,2023,7,1
0.0,0.0,30.0,13,2023,7,1
0.0,0.800000011920929,32.0,13,2023,7,1
0.0,0.0,37.0,13,2023,7,1
0.0,0.0,38.0,13,2023,7,1
0.0,0.0,39.0,13,2023,7,1
0.0,4.0,44.0,13,2023,7,1
0.0,27.10000228881836,5.0,14,2023,7,1
3.2968554496765137,4.999999523162842,9.0,14,2023,7,1
1.4970942735671997,15.0,11.0,14,2023,7,1
3.99465274810791,29.20000648498535,13.0,14,2023,7,1
2.318658828735352,17.0,25.0,14,2023,7,1
1.7176505327224731,13.000000953674316,29.0,14,2023,7,1
0.0,34.000003814697266,30.0,14,2023,7,1
0.0,14.000000953674316,32.0,14,2023,7,1
0.0,27.000001907348636,37.0,14,2023,7,1
0.0,5.999999523162842,38.0,14,2023,7,1
0.0,1.999999761581421,39.0,14,2023,7,1
0.0968557819724083,10.000000953674316,44.0,14,2023,7,1
0.0,5.999999523162842,5.0,15,2023,7,1
2.7083871364593506,4.999999523162842,9.0,15,2023,7,1
0.9048665761947632,1.999999761581421,11.0,15,2023,7,1
2.833955764770508,2.999999523162842,13.0,15,2023,7,1
1.136635661125183,5.999999523162842,25.0,15,2023,7,1
1.0986207723617554,2.999999523162842,29.0,15,2023,7,1
0.0087485425174236,7.0,30.0,15,2023,7,1
0.0325608253479003,0.0,32.0,15,2023,7,1
0.0,0.0,37.0,15,2023,7,1
0.0,7.0,38.0,15,2023,7,1
0.0,0.9999998807907104,39.0,15,2023,7,1
0.5151971578598022,0.0,44.0,15,2023,7,1
0.0,0.0,5.0,16,2023,7,1
3.25334095954895,0.0,9.0,16,2023,7,1
1.3326441049575806,0.0,11.0,16,2023,7,1
4.66426420211792,0.0,13.0,16,2023,7,1
0.7365050911903381,0.0,25.0,16,2023,7,1
0.9087923765182496,0.0,29.0,16,2023,7,1
0.0160934720188379,0.0,30.0,16,2023,7,1
0.0,0.2000000029802322,32.0,16,2023,7,1
0.0,0.0,37.0,16,2023,7,1
0.0,0.0,38.0,16,2023,7,1
0.0,0.0,39.0,16,2023,7,1
0.4456837177276611,0.0,44.0,16,2023,7,1
0.0,0.0,5.0,17,2023,7,1
5.271016597747803,0.0,9.0,17,2023,7,1
1.6593571901321411,0.0,11.0,17,2023,7,1
3.2575478553771973,0.0,13.0,17,2023,7,1
1.5674879550933838,0.0,25.0,17,2023,7,1
1.633112907409668,0.0,29.0,17,2023,7,1
0.445913165807724,0.0,30.0,17,2023,7,1
0.0,0.0,32.0,17,2023,7,1
0.0,0.0,37.0,17,2023,7,1
0.083764798939228,0.0,38.0,17,2023,7,1
0.0,0.0,39.0,17,2023,7,1
0.0594201534986496,0.0,44.0,17,2023,7,1
0.0,8.0,5.0,18,2023,7,1
2.204166412353516,11.0,9.0,18,2023,7,1
1.6358826160430908,8.0,11.0,18,2023,7,1
2.7122435569763184,9.0,13.0,18,2023,7,1
0.507231593132019,9.0,25.0,18,2023,7,1
0.7399523854255676,0.9000000953674316,29.0,18,2023,7,1
0.0,2.999999523162842,30.0,18,2023,7,1
0.0,14.000000953674316,32.0,18,2023,7,1
0.0,2.999999523162842,37.0,18,2023,7,1
0.0,0.0,38.0,18,2023,7,1
0.0,4.0,39.0,18,2023,7,1
0.0,4.0,44.0,18,2023,7,1
0.0,8.0,5.0,19,2023,7,1
1.8481841087341309,4.999999523162842,9.0,19,2023,7,1
1.6353503465652466,1.1000001430511477,11.0,19,2023,7,1
2.1494719982147217,21.000001907348636,13.0,19,2023,7,1
0.5542906522750854,9.0,25.0,19,2023,7,1
0.0,5.100000381469727,29.0,19,2023,7,1
0.0,1.999999761581421,30.0,19,2023,7,1
0.0,15.0,32.0,19,2023,7,1
0.0,9.0,37.0,19,2023,7,1
0.0,24.000001907348636,38.0,19,2023,7,1
0.0,2.999999523162842,39.0,19,2023,7,1
0.0,8.0,44.0,19,2023,7,1
0.0,9.0,5.0,20,2023,7,1
0.6799619197845459,2.999999523162842,9.0,20,2023,7,1
0.1373026371002197,0.3000000715255737,11.0,20,2023,7,1
0.6667150259017944,0.0,13.0,20,2023,7,1
0.0,32.000003814697266,25.0,20,2023,7,1
0.0,4.0,29.0,20,2023,7,1
0.0,7.0,30.0,20,2023,7,1
0.0,1.999999761581421,32.0,20,2023,7,1
0.0,4.999999523162842,37.0,20,2023,7,1
0.0,0.0,38.0,20,2023,7,1
0.0,10.000000953674316,39.0,20,2023,7,1
0.0,5.999999523162842,44.0,20,2023,7,1
0.0,8.700000762939453,5.0,7,2020,7,4
3.977736234664917,15.09999656677246,9.0,7,2020,7,4
8.128458976745605,15.699995994567873,11.0,7,2020,7,4
4.549816608428955,30.20000457763672,13.0,7,2020,7,4
2.1380319595336914,9.400001525878906,25.0,7,2020,7,4
0.6864013671875,0.5,29.0,7,2020,7,4
0.0,13.099998474121094,30.0,7,2020,7,4
0.0,26.39999389648437,32.0,7,2020,7,4
0.0,12.000001907348633,37.0,7,2020,7,4
0.0,12.800000190734863,38.0,7,2020,7,4
0.0,12.90000057220459,39.0,7,2020,7,4
0.0,4.300000190734863,44.0,7,2020,7,4
0.0,34.400001525878906,5.0,8,2020,7,4
4.825051307678223,84.40000915527344,9.0,8,2020,7,4
3.759731531143189,129.1000518798828,11.0,8,2020,7,4
6.760490894317627,94.09998321533205,13.0,8,2020,7,4
2.689380407333374,42.499996185302734,25.0,8,2020,7,4
0.6975687742233276,36.19999694824219,29.0,8,2020,7,4
0.2214209288358688,21.799999237060547,30.0,8,2020,7,4
0.0,16.100004196166992,32.0,8,2020,7,4
0.0,12.700000762939451,37.0,8,2020,7,4
0.0,13.299999237060549,38.0,8,2020,7,4
0.0,11.299999237060549,39.0,8,2020,7,4
0.4792957305908203,9.400001525878906,44.0,8,2020,7,4
0.0,1.3999998569488523,5.0,9,2020,7,4
3.804654121398926,10.099998474121094,9.0,9,2020,7,4
2.5684309005737305,56.700008392333984,11.0,9,2020,7,4
3.4634530544281006,15.300000190734863,13.0,9,2020,7,4
2.5687272548675537,2.299999713897705,25.0,9,2020,7,4
0.8043338060379028,12.700000762939451,29.0,9,2020,7,4
0.3724761605262756,0.5999999046325684,30.0,9,2020,7,4
0.0,0.0,32.0,9,2020,7,4
0.0698397457599639,0.0,37.0,9,2020,7,4
0.0,0.6999999284744263,38.0,9,2020,7,4
0.0,5.100000381469727,39.0,9,2020,7,4
0.5909672975540161,5.1999993324279785,44.0,9,2020,7,4
0.0,0.0,5.0,10,2020,7,4
4.849675178527832,0.0,9.0,10,2020,7,4
1.5958845615386963,0.0,11.0,10,2020,7,4
3.1470248699188232,0.0,13.0,10,2020,7,4
2.794839143753052,0.0,25.0,10,2020,7,4
1.0091272592544556,0.0,29.0,10,2020,7,4
0.3477632701396942,0.800000011920929,30.0,10,2020,7,4
0.0,0.0,32.0,10,2020,7,4
0.0,0.0,37.0,10,2020,7,4
0.0,0.0,38.0,10,2020,7,4
0.0,0.0,39.0,10,2020,7,4
0.0827036648988723,0.0,44.0,10,2020,7,4
0.0,0.0,5.0,11,2020,7,4
2.77114486694336,0.0,9.0,11,2020,7,4
1.5351413488388062,0.0,11.0,11,2020,7,4
2.463329076766968,0.0,13.0,11,2020,7,4
1.2775927782058716,0.0,25.0,11,2020,7,4
0.3130439519882202,0.0,29.0,11,2020,7,4
0.0,5.399999618530273,30.0,11,2020,7,4
0.0,0.0,32.0,11,2020,7,4
0.0,0.0,37.0,11,2020,7,4
0.0,0.0,38.0,11,2020,7,4
0.0,3.200000286102295,39.0,11,2020,7,4
0.1791500449180603,0.0,44.0,11,2020,7,4
0.0,0.0,5.0,12,2020,7,4
5.191202163696289,2.6999998092651367,9.0,12,2020,7,4
3.752534866333008,0.0,11.0,12,2020,7,4
5.1242523193359375,0.0,13.0,12,2020,7,4
2.4846746921539307,0.0,25.0,12,2020,7,4
1.5079655647277832,0.0,29.0,12,2020,7,4
0.5756490230560303,0.3000000715255737,30.0,12,2020,7,4
0.1038121059536933,0.0,32.0,12,2020,7,4
0.3401257991790771,31.70000648498535,37.0,12,2020,7,4
0.168547585606575,0.0,38.0,12,2020,7,4
0.0,0.0,39.0,12,2020,7,4
0.1027114689350128,0.0,44.0,12,2020,7,4
0.0,0.0,5.0,13,2020,7,4
2.083165407180786,27.70000648498535,9.0,13,2020,7,4
3.1801981925964355,44.5,11.0,13,2020,7,4
5.139415740966797,11.90000057220459,13.0,13,2020,7,4
2.0476176738739014,0.0,25.0,13,2020,7,4
0.3431351780891418,0.0,29.0,13,2020,7,4
0.0,0.0,30.0,13,2020,7,4
0.0,0.0,32.0,13,2020,7,4
0.0,0.0,37.0,13,2020,7,4
0.0,0.0,38.0,13,2020,7,4
0.0,0.0,39.0,13,2020,7,4
0.1481815129518509,8.299999237060547,44.0,13,2020,7,4
0.0,0.0,5.0,14,2020,7,4
3.4884958267211914,17.700000762939453,9.0,14,2020,7,4
3.536224603652954,31.300004959106445,11.0,14,2020,7,4
5.445317268371582,27.70000648498535,13.0,14,2020,7,4
1.6090312004089355,0.0,25.0,14,2020,7,4
0.7234736084938049,0.0,29.0,14,2020,7,4
0.0,0.0,30.0,14,2020,7,4
0.0,0.0,32.0,14,2020,7,4
0.0,0.0,37.0,14,2020,7,4
0.0,0.0,38.0,14,2020,7,4
0.0,0.0,39.0,14,2020,7,4
0.3142706155776977,0.0,44.0,14,2020,7,4
0.0,3.6000003814697266,5.0,15,2020,7,4
5.037041664123535,33.19999694824219,9.0,15,2020,7,4
3.647293567657471,32.50000762939453,11.0,15,2020,7,4
6.442635536193848,41.80000305175781,13.0,15,2020,7,4
1.684772253036499,5.100000381469727,25.0,15,2020,7,4
0.7595467567443848,0.0,29.0,15,2020,7,4
0.0,2.999999523162842,30.0,15,2020,7,4
0.0,0.0,32.0,15,2020,7,4
0.0,0.0,37.0,15,2020,7,4
0.0,0.0,38.0,15,2020,7,4
0.0,0.0,39.0,15,2020,7,4
0.0,0.0,44.0,15,2020,7,4
0.0,16.499998092651367,5.0,16,2020,7,4
6.585018157958984,8.09999942779541,9.0,16,2020,7,4
2.557127952575684,10.399999618530272,11.0,16,2020,7,4
4.874350070953369,19.5,13.0,16,2020,7,4
0.9568541049957277,14.300000190734863,25.0,16,2020,7,4
0.1481909453868866,20.400001525878903,29.0,16,2020,7,4
0.0,31.70000648498535,30.0,16,2020,7,4
0.0,0.0,32.0,16,2020,7,4
0.0,0.0,37.0,16,2020,7,4
0.0,18.59999656677246,38.0,16,2020,7,4
0.0,10.5,39.0,16,2020,7,4
0.3827697336673736,2.900000095367432,44.0,16,2020,7,4
0.0,0.800000011920929,5.0,17,2020,7,4
3.3617076873779297,28.199996948242188,9.0,17,2020,7,4
2.452600717544556,20.69999885559082,11.0,17,2020,7,4
4.572837829589844,21.899999618530277,13.0,17,2020,7,4
2.7165842056274414,2.6999998092651367,25.0,17,2020,7,4
0.8344419002532959,14.000000953674316,29.0,17,2020,7,4
0.1476782113313675,3.400000095367432,30.0,17,2020,7,4
0.0,0.0,32.0,17,2020,7,4
0.0,0.0,37.0,17,2020,7,4
0.0,0.0,38.0,17,2020,7,4
0.0,0.0,39.0,17,2020,7,4
0.2780162394046783,0.3000000715255737,44.0,17,2020,7,4
0.0,0.0,5.0,18,2020,7,4
3.0085549354553223,0.0,9.0,18,2020,7,4
4.145116806030273,0.4000000953674316,11.0,18,2020,7,4
6.327143669128418,0.0,13.0,18,2020,7,4
2.578773498535156,0.3000000715255737,25.0,18,2020,7,4
1.3013060092926023,0.0,29.0,18,2020,7,4
0.1825692057609558,1.8000000715255735,30.0,18,2020,7,4
0.0,0.0,32.0,18,2020,7,4
0.0,0.0,37.0,18,2020,7,4
0.0,0.0,38.0,18,2020,7,4
0.0,0.0,39.0,18,2020,7,4
0.6085808277130127,36.19999694824219,44.0,18,2020,7,4
0.0,0.0,5.0,19,2020,7,4
4.970721244812012,4.700000286102295,9.0,19,2020,7,4
2.99383544921875,0.0,11.0,19,2020,7,4
6.424111843109131,0.0,13.0,19,2020,7,4
2.3797292709350586,0.0,25.0,19,2020,7,4
0.9109808206558228,0.0,29.0,19,2020,7,4
0.1430027931928634,0.0,30.0,19,2020,7,4
0.0,0.0,32.0,19,2020,7,4
0.226157397031784,0.0,37.0,19,2020,7,4
0.0,0.0,38.0,19,2020,7,4
0.0,0.0,39.0,19,2020,7,4
0.9605474472045898,0.0,44.0,19,2020,7,4
0.0,0.0,5.0,20,2020,7,4
1.6734657287597656,0.0,9.0,20,2020,7,4
2.3990797996521,0.0,11.0,20,2020,7,4
2.8395819664001465,0.0,13.0,20,2020,7,4
1.5293477773666382,0.0,25.0,20,2020,7,4
0.5800910592079163,0.0,29.0,20,2020,7,4
0.0,0.0,30.0,20,2020,7,4
0.0,0.9000000953674316,32.0,20,2020,7,4
0.0,0.0,37.0,20,2020,7,4
0.0,0.0,38.0,20,2020,7,4
0.0,1.1000001430511477,39.0,20,2020,7,4
0.7132104635238647,0.0,44.0,20,2020,7,4
0.0,0.0,5.0,7,2021,7,4
0.1097866669297218,0.0,9.0,7,2021,7,4
0.0,0.0,11.0,7,2021,7,4
0.7404694557189941,2.299999713897705,13.0,7,2021,7,4
0.0,0.0,25.0,7,2021,7,4
0.0015333187766373,0.0,29.0,7,2021,7,4
0.0,0.0,30.0,7,2021,7,4
0.0,0.0,32.0,7,2021,7,4
0.0,0.0,37.0,7,2021,7,4
0.0,0.0,38.0,7,2021,7,4
0.0,0.0,39.0,7,2021,7,4
0.0,0.0,44.0,7,2021,7,4
0.0,0.0,5.0,8,2021,7,4
0.1377607434988021,0.0,9.0,8,2021,7,4
0.0,0.0,11.0,8,2021,7,4
1.1803354024887085,0.0,13.0,8,2021,7,4
0.0774489790201187,0.0,25.0,8,2021,7,4
0.0,0.0,29.0,8,2021,7,4
0.0,0.0,30.0,8,2021,7,4
0.0,0.0,32.0,8,2021,7,4
0.0,0.0,37.0,8,2021,7,4
0.0,0.0,38.0,8,2021,7,4
0.0,0.0,39.0,8,2021,7,4
0.0,0.0,44.0,8,2021,7,4
0.0,0.0,5.0,9,2021,7,4
0.6473695039749146,0.0,9.0,9,2021,7,4
0.0,0.0,11.0,9,2021,7,4
0.4434690475463867,0.0,13.0,9,2021,7,4
0.2520672380924225,0.0,25.0,9,2021,7,4
0.0,0.0,29.0,9,2021,7,4
0.0,0.0,30.0,9,2021,7,4
0.0,0.0,32.0,9,2021,7,4
0.0,0.0,37.0,9,2021,7,4
0.0,0.0,38.0,9,2021,7,4
0.0,0.0,39.0,9,2021,7,4
0.0,0.0,44.0,9,2021,7,4
0.0,0.0,5.0,10,2021,7,4
0.3210806846618652,0.0,9.0,10,2021,7,4
0.7859898805618286,0.0,11.0,10,2021,7,4
1.6996753215789795,0.0,13.0,10,2021,7,4
0.0131117617711424,0.0,25.0,10,2021,7,4
0.0,0.0,29.0,10,2021,7,4
0.0,0.0,30.0,10,2021,7,4
0.0,0.0,32.0,10,2021,7,4
0.0,0.0,37.0,10,2021,7,4
0.0,0.0,38.0,10,2021,7,4
0.0,0.0,39.0,10,2021,7,4
0.0,0.0,44.0,10,2021,7,4
0.0,0.0,5.0,11,2021,7,4
0.3950883150100708,42.20000076293945,9.0,11,2021,7,4
0.6747217774391174,0.0,11.0,11,2021,7,4
0.8633723855018616,6.59999942779541,13.0,11,2021,7,4
0.0,0.0,25.0,11,2021,7,4
0.0,0.0,29.0,11,2021,7,4
0.0,0.0,30.0,11,2021,7,4
0.0,0.0,32.0,11,2021,7,4
0.0,0.0,37.0,11,2021,7,4
0.0,0.0,38.0,11,2021,7,4
0.0,0.0,39.0,11,2021,7,4
0.0,0.0,44.0,11,2021,7,4
0.0,0.0,5.0,12,2021,7,4
1.4672125577926636,0.0,9.0,12,2021,7,4
2.760825634002685,48.19999694824219,11.0,12,2021,7,4
2.2362606525421143,51.09999084472656,13.0,12,2021,7,4
0.7870532274246216,3.200000286102295,25.0,12,2021,7,4
0.3437691926956177,0.0,29.0,12,2021,7,4
0.4511884450912475,0.0,30.0,12,2021,7,4
0.0,0.0,32.0,12,2021,7,4
0.0,0.0,37.0,12,2021,7,4
0.0,0.0,38.0,12,2021,7,4
0.0,0.0,39.0,12,2021,7,4
0.0,0.0,44.0,12,2021,7,4
0.0,0.0,5.0,13,2021,7,4
0.7669083476066589,0.0,9.0,13,2021,7,4
1.5609660148620603,0.0,11.0,13,2021,7,4
4.661974906921387,0.0,13.0,13,2021,7,4
1.0054590702056885,0.0,25.0,13,2021,7,4
0.5804886817932129,0.0,29.0,13,2021,7,4
0.0,0.0,30.0,13,2021,7,4
0.0,0.0,32.0,13,2021,7,4
0.0,0.0,37.0,13,2021,7,4
0.0,0.0,38.0,13,2021,7,4
0.0,0.0,39.0,13,2021,7,4
0.3488560318946838,0.0,44.0,13,2021,7,4
0.0,0.0,5.0,14,2021,7,4
2.225496530532837,9.499998092651367,9.0,14,2021,7,4
2.3813462257385254,25.200000762939453,11.0,14,2021,7,4
5.836147308349609,8.700000762939453,13.0,14,2021,7,4
2.28690242767334,0.0,25.0,14,2021,7,4
0.5246880650520325,0.0,29.0,14,2021,7,4
0.0,0.0,30.0,14,2021,7,4
0.0,0.0,32.0,14,2021,7,4
0.0,0.0,37.0,14,2021,7,4
0.0,0.0,38.0,14,2021,7,4
0.0,0.0,39.0,14,2021,7,4
0.9652916193008424,0.0,44.0,14,2021,7,4
0.0,29.80000305175781,5.0,15,2021,7,4
3.145936965942383,15.799997329711914,9.0,15,2021,7,4
2.714839220046997,63.69999694824219,11.0,15,2021,7,4
6.315427303314209,61.70000076293945,13.0,15,2021,7,4
1.499400973320007,21.500001907348636,25.0,15,2021,7,4
0.5634644031524658,11.0,29.0,15,2021,7,4
0.1224750205874443,10.69999885559082,30.0,15,2021,7,4
0.0,0.0,32.0,15,2021,7,4
0.1088402420282363,21.299999237060547,37.0,15,2021,7,4
0.0,61.10000228881836,38.0,15,2021,7,4
0.0,24.69999885559082,39.0,15,2021,7,4
1.0558054447174072,0.0,44.0,15,2021,7,4
0.0,19.699995040893555,5.0,16,2021,7,4
2.186614513397217,17.399999618530273,9.0,16,2021,7,4
2.2429158687591557,2.6999998092651367,11.0,16,2021,7,4
5.914026260375977,3.300000667572021,13.0,16,2021,7,4
1.4465969800949097,34.50000762939453,25.0,16,2021,7,4
0.647581934928894,30.89999771118164,29.0,16,2021,7,4
0.0068199676461517,9.30000114440918,30.0,16,2021,7,4
0.0,14.799997329711914,32.0,16,2021,7,4
0.0,0.0,37.0,16,2021,7,4
0.0,26.70000457763672,38.0,16,2021,7,4
0.0,6.200000286102295,39.0,16,2021,7,4
0.9700192213058472,56.09999847412109,44.0,16,2021,7,4
0.0,12.399999618530272,5.0,17,2021,7,4
3.0201785564422607,3.5000007152557373,9.0,17,2021,7,4
1.99773108959198,0.9000000953674316,11.0,17,2021,7,4
5.515603542327881,0.0,13.0,17,2021,7,4
2.035717725753784,15.0,25.0,17,2021,7,4
0.4617757201194763,15.799997329711914,29.0,17,2021,7,4
0.01568403840065,8.399998664855957,30.0,17,2021,7,4
0.0,0.0,32.0,17,2021,7,4
0.0,4.399999618530273,37.0,17,2021,7,4
0.0,8.80000114440918,38.0,17,2021,7,4
0.0,2.500000238418579,39.0,17,2021,7,4
0.1396418213844299,2.200000286102295,44.0,17,2021,7,4
0.0,53.699989318847656,5.0,18,2021,7,4
2.813819408416748,51.70000457763672,9.0,18,2021,7,4
2.5385854244232178,28.29999351501465,11.0,18,2021,7,4
6.63898229598999,39.19999694824219,13.0,18,2021,7,4
2.815441370010376,91.39999389648438,25.0,18,2021,7,4
0.6830207109451294,72.00001525878906,29.0,18,2021,7,4
0.0,52.399993896484375,30.0,18,2021,7,4
0.0,17.0,32.0,18,2021,7,4
0.0,5.900000095367432,37.0,18,2021,7,4
0.0,46.400001525878906,38.0,18,2021,7,4
0.0,0.9999998807907104,39.0,18,2021,7,4
0.3692249357700348,0.0,44.0,18,2021,7,4
0.0,0.800000011920929,5.0,19,2021,7,4
2.533637523651123,0.0,9.0,19,2021,7,4
2.863252639770508,6.90000057220459,11.0,19,2021,7,4
5.8878493309021,0.0,13.0,19,2021,7,4
1.6814441680908203,1.9000003337860107,25.0,19,2021,7,4
0.9022443890571594,7.899998664855957,29.0,19,2021,7,4
0.2972661554813385,11.399998664855955,30.0,19,2021,7,4
0.0,6.700000762939453,32.0,19,2021,7,4
0.0997366234660148,14.799997329711914,37.0,19,2021,7,4
0.0312084835022687,5.100000381469727,38.0,19,2021,7,4
0.0,14.000000953674316,39.0,19,2021,7,4
0.538288950920105,70.59998321533203,44.0,19,2021,7,4
0.0,0.0,5.0,20,2021,7,4
3.0734899044036865,0.0,9.0,20,2021,7,4
4.62454891204834,0.0,11.0,20,2021,7,4
3.4318552017211914,0.0,13.0,20,2021,7,4
1.9958620071411133,0.0,25.0,20,2021,7,4
0.7944130897521973,0.0,29.0,20,2021,7,4
0.1706053465604782,0.0,30.0,20,2021,7,4
0.0,0.0,32.0,20,2021,7,4
0.0,0.0,37.0,20,2021,7,4
0.0,0.0,38.0,20,2021,7,4
0.0,0.0,39.0,20,2021,7,4
0.7285089492797852,26.19999885559082,44.0,20,2021,7,4
0.0,0.0,5.0,7,2022,7,4
1.1843372583389282,0.0,9.0,7,2022,7,4
1.07112717628479,1.1000001430511477,11.0,7,2022,7,4
5.146883964538574,0.9999998807907104,13.0,7,2022,7,4
1.367762804031372,0.0,25.0,7,2022,7,4
0.5362791419029236,0.0,29.0,7,2022,7,4
0.0,0.0,30.0,7,2022,7,4
0.0,0.0,32.0,7,2022,7,4
0.0,0.0,37.0,7,2022,7,4
0.0017141059506684,0.0,38.0,7,2022,7,4
0.0,0.0999999865889549,39.0,7,2022,7,4
0.7178345322608948,0.0,44.0,7,2022,7,4
0.0,0.2000000029802322,5.0,8,2022,7,4
2.7740843296051025,0.0,9.0,8,2022,7,4
2.111159086227417,1.999999761581421,11.0,8,2022,7,4
3.672961950302124,0.0,13.0,8,2022,7,4
1.2716538906097412,0.0,25.0,8,2022,7,4
0.0984396934509277,0.0,29.0,8,2022,7,4
0.0325007699429988,4.999999523162842,30.0,8,2022,7,4
0.0,0.2000000029802322,32.0,8,2022,7,4
0.0,1.999999761581421,37.0,8,2022,7,4
0.0,0.0,38.0,8,2022,7,4
0.0,7.899998664855957,39.0,8,2022,7,4
0.7849507331848145,2.500000238418579,44.0,8,2022,7,4
0.0,0.0,5.0,9,2022,7,4
1.807825326919556,0.0,9.0,9,2022,7,4
1.3373310565948486,0.0,11.0,9,2022,7,4
3.671650886535645,0.0,13.0,9,2022,7,4
0.976315140724182,0.0,25.0,9,2022,7,4
0.1766550093889236,0.4000000953674316,29.0,9,2022,7,4
0.0,0.0,30.0,9,2022,7,4
0.0,0.0,32.0,9,2022,7,4
0.0,0.5999999046325684,37.0,9,2022,7,4
0.0,0.0,38.0,9,2022,7,4
0.0,1.999999761581421,39.0,9,2022,7,4
0.0706367939710617,6.500000476837158,44.0,9,2022,7,4
0.0,0.0,5.0,10,2022,7,4
0.9833211302757264,37.999996185302734,9.0,10,2022,7,4
3.702726364135742,1.999999761581421,11.0,10,2022,7,4
3.591073513031006,0.0,13.0,10,2022,7,4
0.4344546794891357,0.0,25.0,10,2022,7,4
0.0882065147161483,0.0,29.0,10,2022,7,4
0.0,0.0,30.0,10,2022,7,4
0.0,0.0,32.0,10,2022,7,4
0.0,0.0,37.0,10,2022,7,4
0.0,0.2000000029802322,38.0,10,2022,7,4
0.0,0.0,39.0,10,2022,7,4
0.263692706823349,0.9999998807907104,44.0,10,2022,7,4
0.0,0.0,5.0,11,2022,7,4
0.3777570724487304,0.0,9.0,11,2022,7,4
1.296581745147705,0.0,11.0,11,2022,7,4
1.3191529512405396,0.0,13.0,11,2022,7,4
0.789925217628479,0.0,25.0,11,2022,7,4
0.379613995552063,0.0,29.0,11,2022,7,4
0.0,0.0,30.0,11,2022,7,4
0.0,0.0,32.0,11,2022,7,4
0.0,0.0,37.0,11,2022,7,4
0.0,0.0,38.0,11,2022,7,4
0.0,0.0,39.0,11,2022,7,4
0.6668583154678345,16.299997329711914,44.0,11,2022,7,4
0.0,0.0999999865889549,5.0,12,2022,7,4
2.5456438064575195,0.0,9.0,12,2022,7,4
1.4279911518096924,2.999999523162842,11.0,12,2022,7,4
4.245841979980469,0.0,13.0,12,2022,7,4
0.9349371194839478,0.0,25.0,12,2022,7,4
0.1538150608539581,0.0999999865889549,29.0,12,2022,7,4
0.026944225654006,0.0,30.0,12,2022,7,4
0.0,0.0,32.0,12,2022,7,4
0.0,0.0,37.0,12,2022,7,4
0.0,0.0,38.0,12,2022,7,4
0.0,0.0,39.0,12,2022,7,4
0.0087568331509828,0.0,44.0,12,2022,7,4
0.0,0.0,5.0,13,2022,7,4
0.8671133518218994,1.2999999523162842,9.0,13,2022,7,4
2.1318533420562744,8.0,11.0,13,2022,7,4
4.946780681610107,2.999999523162842,13.0,13,2022,7,4
1.1956069469451904,0.5999999046325684,25.0,13,2022,7,4
0.0,0.0,29.0,13,2022,7,4
0.0,1.999999761581421,30.0,13,2022,7,4
0.0,0.0,32.0,13,2022,7,4
0.0,0.0,37.0,13,2022,7,4
0.0,0.0,38.0,13,2022,7,4
0.0,0.0,39.0,13,2022,7,4
1.0020912885665894,0.9000000953674316,44.0,13,2022,7,4
0.0,0.0,5.0,14,2022,7,4
2.278429746627808,0.0,9.0,14,2022,7,4
1.9755263328552248,0.0,11.0,14,2022,7,4
5.707137584686279,0.0,13.0,14,2022,7,4
0.8874935507774353,0.0,25.0,14,2022,7,4
0.0,0.0,29.0,14,2022,7,4
0.0,0.0,30.0,14,2022,7,4
0.0,0.0,32.0,14,2022,7,4
0.0,0.0,37.0,14,2022,7,4
0.0,0.0,38.0,14,2022,7,4
0.0,0.0,39.0,14,2022,7,4
0.7011333703994751,0.0,44.0,14,2022,7,4
0.0,0.0,5.0,15,2022,7,4
1.9388155937194824,1.999999761581421,9.0,15,2022,7,4
1.659481644630432,0.0,11.0,15,2022,7,4
4.879475593566895,10.000000953674316,13.0,15,2022,7,4
1.1858408451080322,0.6999999284744263,25.0,15,2022,7,4
0.3203642964363098,11.0,29.0,15,2022,7,4
0.1932664811611175,0.0,30.0,15,2022,7,4
0.1674263179302215,0.0,32.0,15,2022,7,4
0.0,0.0,37.0,15,2022,7,4
0.0,2.999999523162842,38.0,15,2022,7,4
0.0,0.0,39.0,15,2022,7,4
0.8294802904129028,10.000000953674316,44.0,15,2022,7,4
0.0,5.999999523162842,5.0,16,2022,7,4
0.7960814237594604,51.00000762939453,9.0,16,2022,7,4
1.0234849452972412,77.9000015258789,11.0,16,2022,7,4
3.0538113117218018,53.00000381469727,13.0,16,2022,7,4
0.7911324501037598,48.99999237060547,25.0,16,2022,7,4
0.1181825175881385,45.99999237060547,29.0,16,2022,7,4
0.0,0.0999999865889549,30.0,16,2022,7,4
0.0,0.0,32.0,16,2022,7,4
0.0,7.0,37.0,16,2022,7,4
0.0,20.000001907348636,38.0,16,2022,7,4
0.0,0.0,39.0,16,2022,7,4
0.4768288433551788,8.0,44.0,16,2022,7,4
0.0,7.0,5.0,17,2022,7,4
2.4487829208374023,0.0,9.0,17,2022,7,4
0.595409631729126,0.9000000953674316,11.0,17,2022,7,4
1.7833640575408936,0.9000000953674316,13.0,17,2022,7,4
0.3662983179092407,3.1000001430511475,25.0,17,2022,7,4
0.0,4.0,29.0,17,2022,7,4
0.0,0.6999999284744263,30.0,17,2022,7,4
0.0,0.0,32.0,17,2022,7,4
0.0,0.0,37.0,17,2022,7,4
0.0,0.0,38.0,17,2022,7,4
0.0,0.0,39.0,17,2022,7,4
0.0,17.0,44.0,17,2022,7,4
0.0,1.999999761581421,5.0,18,2022,7,4
0.7719882130622864,8.0,9.0,18,2022,7,4
1.2622449398040771,5.100000381469727,11.0,18,2022,7,4
1.3499784469604492,36.09999847412109,13.0,18,2022,7,4
0.2889101505279541,3.6999998092651367,25.0,18,2022,7,4
0.0,0.2000000029802322,29.0,18,2022,7,4
0.0,0.800000011920929,30.0,18,2022,7,4
0.0,0.0,32.0,18,2022,7,4
0.0,18.09999656677246,37.0,18,2022,7,4
0.0,16.100004196166992,38.0,18,2022,7,4
0.0,15.0,39.0,18,2022,7,4
0.0,11.0,44.0,18,2022,7,4
0.0,1.3999998569488523,5.0,19,2022,7,4
0.6305862665176392,0.4000000953674316,9.0,19,2022,7,4
0.4712365567684173,4.999999523162842,11.0,19,2022,7,4
2.035963535308838,24.999998092651367,13.0,19,2022,7,4
0.2590173482894897,0.0,25.0,19,2022,7,4
0.0,17.0,29.0,19,2022,7,4
0.0,0.0,30.0,19,2022,7,4
0.0,0.0,32.0,19,2022,7,4
0.0,0.0,37.0,19,2022,7,4
0.0,0.0,38.0,19,2022,7,4
0.0,0.0999999865889549,39.0,19,2022,7,4
0.0,0.0,44.0,19,2022,7,4
0.0,5.999999523162842,5.0,20,2022,7,4
0.2129758894443512,23.100000381469727,9.0,20,2022,7,4
0.2462985962629318,18.0,11.0,20,2022,7,4
0.8393651247024536,22.0,13.0,20,2022,7,4
0.0,0.0,25.0,20,2022,7,4
0.0,0.0,29.0,20,2022,7,4
0.0,2.999999523162842,30.0,20,2022,7,4
0.0,0.0,32.0,20,2022,7,4
0.0,1.999999761581421,37.0,20,2022,7,4
0.0,16.0,38.0,20,2022,7,4
0.0,0.0,39.0,20,2022,7,4
0.0,0.0,44.0,20,2022,7,4
0.0,0.5,5.0,7,2023,7,4
2.6947968006134038,0.5,9.0,7,2023,7,4
1.6285829544067385,1.9000003337860107,11.0,7,2023,7,4
2.753282308578491,2.999999523162842,13.0,7,2023,7,4
0.1601666212081909,0.0,25.0,7,2023,7,4
0.5648552775382996,0.0,29.0,7,2023,7,4
0.0,0.0,30.0,7,2023,7,4
0.0,0.5,32.0,7,2023,7,4
0.0,0.0,37.0,7,2023,7,4
0.0,0.0999999865889549,38.0,7,2023,7,4
0.0,0.0,39.0,7,2023,7,4
0.0,2.999999523162842,44.0,7,2023,7,4
0.0,9.0,5.0,8,2023,7,4
4.252844333648682,0.2000000029802322,9.0,8,2023,7,4
2.6087512969970703,0.0999999865889549,11.0,8,2023,7,4
3.7246484756469727,1.9000003337860107,13.0,8,2023,7,4
1.4214739799499512,16.0,25.0,8,2023,7,4
0.7526285648345947,0.0,29.0,8,2023,7,4
0.0,9.0,30.0,8,2023,7,4
0.0,0.5,32.0,8,2023,7,4
0.0,10.099998474121094,37.0,8,2023,7,4
0.0,11.0,38.0,8,2023,7,4
0.0,22.0,39.0,8,2023,7,4
0.0,2.999999523162842,44.0,8,2023,7,4
0.0,51.999996185302734,5.0,9,2023,7,4
2.9338080883026123,4.800000190734863,9.0,9,2023,7,4
1.588829755783081,7.0,11.0,9,2023,7,4
2.5980329513549805,16.100004196166992,13.0,9,2023,7,4
0.8785830140113831,59.9999885559082,25.0,9,2023,7,4
0.4411038160324096,5.999999523162842,29.0,9,2023,7,4
0.0,0.0,30.0,9,2023,7,4
0.0,0.0999999865889549,32.0,9,2023,7,4
0.0303997509181499,0.0,37.0,9,2023,7,4
0.0,0.0,38.0,9,2023,7,4
0.0,0.0,39.0,9,2023,7,4
0.0,17.0,44.0,9,2023,7,4
0.0,0.9999998807907104,5.0,10,2023,7,4
3.293243885040283,0.2000000029802322,9.0,10,2023,7,4
1.7176034450531006,0.9999998807907104,11.0,10,2023,7,4
4.766451835632324,2.8000001907348637,13.0,10,2023,7,4
1.1380962133407593,4.0,25.0,10,2023,7,4
0.1299737989902496,9.0,29.0,10,2023,7,4
0.0,0.0,30.0,10,2023,7,4
0.0,0.800000011920929,32.0,10,2023,7,4
0.0,0.0,37.0,10,2023,7,4
0.0,0.0,38.0,10,2023,7,4
0.0,0.0,39.0,10,2023,7,4
0.0,4.0,44.0,10,2023,7,4
0.0,27.10000228881836,5.0,11,2023,7,4
3.789745092391968,4.999999523162842,9.0,11,2023,7,4
0.870845377445221,15.0,11.0,11,2023,7,4
2.78460693359375,29.20000648498535,13.0,11,2023,7,4
1.201555252075195,17.0,25.0,11,2023,7,4
0.9410637617111206,13.000000953674316,29.0,11,2023,7,4
0.0,34.000003814697266,30.0,11,2023,7,4
0.0,14.000000953674316,32.0,11,2023,7,4
0.0,27.000001907348636,37.0,11,2023,7,4
0.0,5.999999523162842,38.0,11,2023,7,4
0.0,1.999999761581421,39.0,11,2023,7,4
0.2584233283996582,10.000000953674316,44.0,11,2023,7,4
0.0,5.999999523162842,5.0,12,2023,7,4
6.230733871459961,4.999999523162842,9.0,12,2023,7,4
1.795215725898743,1.999999761581421,11.0,12,2023,7,4
6.686440467834473,2.999999523162842,13.0,12,2023,7,4
1.4908339977264404,5.999999523162842,25.0,12,2023,7,4
2.281134605407715,2.999999523162842,29.0,12,2023,7,4
0.5472772717475891,7.0,30.0,12,2023,7,4
0.2918228805065155,0.0,32.0,12,2023,7,4
0.0,0.0,37.0,12,2023,7,4
0.2425757795572281,7.0,38.0,12,2023,7,4
0.0,0.9999998807907104,39.0,12,2023,7,4
0.9828999042510986,0.0,44.0,12,2023,7,4
0.0,0.0,5.0,13,2023,7,4
2.0346622467041016,0.0,9.0,13,2023,7,4
2.807969808578491,0.0,11.0,13,2023,7,4
4.523986339569092,0.0,13.0,13,2023,7,4
2.079537868499756,0.0,25.0,13,2023,7,4
1.244691252708435,0.0,29.0,13,2023,7,4
0.0310178101062774,0.0,30.0,13,2023,7,4
0.0,0.2000000029802322,32.0,13,2023,7,4
0.0,0.0,37.0,13,2023,7,4
0.0,0.0,38.0,13,2023,7,4
0.0,0.0,39.0,13,2023,7,4
1.1267142295837402,0.0,44.0,13,2023,7,4
0.0,0.0,5.0,14,2023,7,4
2.427454948425293,0.0,9.0,14,2023,7,4
1.8427730798721316,0.0,11.0,14,2023,7,4
4.120526313781738,0.0,13.0,14,2023,7,4
1.2833589315414429,0.0,25.0,14,2023,7,4
0.865325927734375,0.0,29.0,14,2023,7,4
0.0,0.0,30.0,14,2023,7,4
0.0,0.0,32.0,14,2023,7,4
0.0,0.0,37.0,14,2023,7,4
0.0,0.0,38.0,14,2023,7,4
0.0,0.0,39.0,14,2023,7,4
0.3204720020294189,0.0,44.0,14,2023,7,4
0.0,8.0,5.0,15,2023,7,4
0.6507201194763184,11.0,9.0,15,2023,7,4
0.9893130660057068,8.0,11.0,15,2023,7,4
1.900107502937317,9.0,13.0,15,2023,7,4
0.1544743180274963,9.0,25.0,15,2023,7,4
0.0164339877665042,0.9000000953674316,29.0,15,2023,7,4
0.0,2.999999523162842,30.0,15,2023,7,4
0.0,14.000000953674316,32.0,15,2023,7,4
0.0,2.999999523162842,37.0,15,2023,7,4
0.0,0.0,38.0,15,2023,7,4
0.0,4.0,39.0,15,2023,7,4
0.0,4.0,44.0,15,2023,7,4
0.0,8.0,5.0,16,2023,7,4
1.2825875282287598,4.999999523162842,9.0,16,2023,7,4
0.2006000429391861,1.1000001430511477,11.0,16,2023,7,4
1.397836446762085,21.000001907348636,13.0,16,2023,7,4
0.0,9.0,25.0,16,2023,7,4
0.0,5.100000381469727,29.0,16,2023,7,4
0.0,1.999999761581421,30.0,16,2023,7,4
0.0,15.0,32.0,16,2023,7,4
0.0,9.0,37.0,16,2023,7,4
0.0,24.000001907348636,38.0,16,2023,7,4
0.0,2.999999523162842,39.0,16,2023,7,4
0.0,8.0,44.0,16,2023,7,4
0.0,9.0,5.0,17,2023,7,4
1.6609110832214355,2.999999523162842,9.0,17,2023,7,4
0.1029983833432197,0.3000000715255737,11.0,17,2023,7,4
0.4008117318153381,0.0,13.0,17,2023,7,4
0.0,32.000003814697266,25.0,17,2023,7,4
0.0,4.0,29.0,17,2023,7,4
0.0,7.0,30.0,17,2023,7,4
0.0,1.999999761581421,32.0,17,2023,7,4
0.0,4.999999523162842,37.0,17,2023,7,4
0.0,0.0,38.0,17,2023,7,4
0.0,10.000000953674316,39.0,17,2023,7,4
0.0,5.999999523162842,44.0,17,2023,7,4
0.0,1.999999761581421,5.0,18,2023,7,4
0.5312747359275818,0.0,9.0,18,2023,7,4
0.0,0.0,11.0,18,2023,7,4
0.5103750824928284,0.0,13.0,18,2023,7,4
0.0,0.6999999284744263,25.0,18,2023,7,4
0.0,0.0,29.0,18,2023,7,4
0.0,0.0,30.0,18,2023,7,4
0.0,0.0,32.0,18,2023,7,4
0.0,0.0,37.0,18,2023,7,4
0.0,0.0,38.0,18,2023,7,4
0.0,1.999999761581421,39.0,18,2023,7,4
0.0,0.9999998807907104,44.0,18,2023,7,4
0.0,0.0,5.0,19,2023,7,4
0.1084099113941192,0.0,9.0,19,2023,7,4
0.0,7.0,11.0,19,2023,7,4
1.7360353469848633,97.00001525878906,13.0,19,2023,7,4
0.06852538138628,0.0,25.0,19,2023,7,4
0.0,0.0,29.0,19,2023,7,4
0.0,0.0,30.0,19,2023,7,4
0.0,0.0,32.0,19,2023,7,4
0.0,0.0,37.0,19,2023,7,4
0.0,0.0,38.0,19,2023,7,4
0.0,0.0,39.0,19,2023,7,4
0.0,0.0,44.0,19,2023,7,4
0.0,0.0,5.0,20,2023,7,4
0.3501323759555816,11.0,9.0,20,2023,7,4
0.1805049628019333,14.000000953674316,11.0,20,2023,7,4
0.1764553040266037,36.29999923706055,13.0,20,2023,7,4
0.0,8.0,25.0,20,2023,7,4
0.0,0.6999999284744263,29.0,20,2023,7,4
0.0,0.0,30.0,20,2023,7,4
0.0,0.0,32.0,20,2023,7,4
0.0,0.0,37.0,20,2023,7,4
0.0,47.999996185302734,38.0,20,2023,7,4
0.0,0.0,39.0,20,2023,7,4
0.0,0.0,44.0,20,2023,7,4
0.0,0.0,5.0,7,2020,7,8
1.9044405221939087,0.0,9.0,7,2020,7,8
2.320208549499512,0.0,11.0,7,2020,7,8
2.102857112884521,0.0,13.0,7,2020,7,8
1.658879637718201,0.0,25.0,7,2020,7,8
0.8965015411376953,0.0,29.0,7,2020,7,8
0.0,5.399999618530273,30.0,7,2020,7,8
0.0,0.0,32.0,7,2020,7,8
0.0,0.0,37.0,7,2020,7,8
0.0,0.0,38.0,7,2020,7,8
0.0,3.200000286102295,39.0,7,2020,7,8
0.2165589034557342,0.0,44.0,7,2020,7,8
0.0,0.0,5.0,8,2020,7,8
1.815424919128418,2.6999998092651367,9.0,8,2020,7,8
1.703223466873169,0.0,11.0,8,2020,7,8
2.161970853805542,0.0,13.0,8,2020,7,8
1.4681360721588137,0.0,25.0,8,2020,7,8
0.2194249182939529,0.0,29.0,8,2020,7,8
0.3982551097869873,0.3000000715255737,30.0,8,2020,7,8
0.0,0.0,32.0,8,2020,7,8
0.0,31.70000648498535,37.0,8,2020,7,8
0.0,0.0,38.0,8,2020,7,8
0.0,0.0,39.0,8,2020,7,8
0.242302805185318,0.0,44.0,8,2020,7,8
0.0,0.0,5.0,9,2020,7,8
1.6049758195877075,27.70000648498535,9.0,9,2020,7,8
3.408339023590088,44.5,11.0,9,2020,7,8
2.0578203201293945,11.90000057220459,13.0,9,2020,7,8
2.3688979148864746,0.0,25.0,9,2020,7,8
0.7194322347640991,0.0,29.0,9,2020,7,8
0.3645761609077453,0.0,30.0,9,2020,7,8
0.0,0.0,32.0,9,2020,7,8
0.1205733940005302,0.0,37.0,9,2020,7,8
0.1783586293458938,0.0,38.0,9,2020,7,8
0.0,0.0,39.0,9,2020,7,8
0.0,8.299999237060547,44.0,9,2020,7,8
0.0,0.0,5.0,10,2020,7,8
2.6798107624053955,17.700000762939453,9.0,10,2020,7,8
4.075904369354248,31.300004959106445,11.0,10,2020,7,8
5.584309577941895,27.70000648498535,13.0,10,2020,7,8
1.2291451692581177,0.0,25.0,10,2020,7,8
1.711145043373108,0.0,29.0,10,2020,7,8
0.2199018150568008,0.0,30.0,10,2020,7,8
0.0,0.0,32.0,10,2020,7,8
0.0,0.0,37.0,10,2020,7,8
0.0,0.0,38.0,10,2020,7,8
0.0,0.0,39.0,10,2020,7,8
0.0,0.0,44.0,10,2020,7,8
0.0,3.6000003814697266,5.0,11,2020,7,8
4.168130397796631,33.19999694824219,9.0,11,2020,7,8
3.33565092086792,32.50000762939453,11.0,11,2020,7,8
5.60520601272583,41.80000305175781,13.0,11,2020,7,8
1.0051002502441406,5.100000381469727,25.0,11,2020,7,8
1.224936842918396,0.0,29.0,11,2020,7,8
0.15567447245121,2.999999523162842,30.0,11,2020,7,8
0.0,0.0,32.0,11,2020,7,8
0.0,0.0,37.0,11,2020,7,8
0.0,0.0,38.0,11,2020,7,8
0.0,0.0,39.0,11,2020,7,8
0.451079785823822,0.0,44.0,11,2020,7,8
0.0,16.499998092651367,5.0,12,2020,7,8
6.044063091278076,8.09999942779541,9.0,12,2020,7,8
3.3122589588165283,10.399999618530272,11.0,12,2020,7,8
5.842187881469727,19.5,13.0,12,2020,7,8
4.112782001495361,14.300000190734863,25.0,12,2020,7,8
1.004547119140625,20.400001525878903,29.0,12,2020,7,8
0.9911500215530396,31.70000648498535,30.0,12,2020,7,8
0.0,0.0,32.0,12,2020,7,8
0.0102179944515228,0.0,37.0,12,2020,7,8
0.429244726896286,18.59999656677246,38.0,12,2020,7,8
0.0,10.5,39.0,12,2020,7,8
1.2082399129867554,2.900000095367432,44.0,12,2020,7,8
0.0,0.800000011920929,5.0,13,2020,7,8
2.1852951049804688,28.199996948242188,9.0,13,2020,7,8
1.2780636548995972,20.69999885559082,11.0,13,2020,7,8
4.927982330322266,21.899999618530277,13.0,13,2020,7,8
1.618999481201172,2.6999998092651367,25.0,13,2020,7,8
0.3128165602684021,14.000000953674316,29.0,13,2020,7,8
0.0,3.400000095367432,30.0,13,2020,7,8
0.0,0.0,32.0,13,2020,7,8
0.0,0.0,37.0,13,2020,7,8
0.0,0.0,38.0,13,2020,7,8
0.0,0.0,39.0,13,2020,7,8
0.5253446102142334,0.3000000715255737,44.0,13,2020,7,8
0.0,0.0,5.0,14,2020,7,8
3.9725687503814697,0.0,9.0,14,2020,7,8
1.557231307029724,0.4000000953674316,11.0,14,2020,7,8
6.005595207214356,0.0,13.0,14,2020,7,8
2.672970771789551,0.3000000715255737,25.0,14,2020,7,8
0.935319483280182,0.0,29.0,14,2020,7,8
0.0,1.8000000715255735,30.0,14,2020,7,8
0.0,0.0,32.0,14,2020,7,8
0.0,0.0,37.0,14,2020,7,8
0.0,0.0,38.0,14,2020,7,8
0.0,0.0,39.0,14,2020,7,8
0.6191413402557373,36.19999694824219,44.0,14,2020,7,8
0.0,0.0,5.0,15,2020,7,8
3.674323081970215,4.700000286102295,9.0,15,2020,7,8
1.6660317182540894,0.0,11.0,15,2020,7,8
2.164980888366699,0.0,13.0,15,2020,7,8
1.4653048515319824,0.0,25.0,15,2020,7,8
1.2524635791778564,0.0,29.0,15,2020,7,8
0.5804092884063721,0.0,30.0,15,2020,7,8
0.0,0.0,32.0,15,2020,7,8
0.0521454364061355,0.0,37.0,15,2020,7,8
0.0,0.0,38.0,15,2020,7,8
0.0,0.0,39.0,15,2020,7,8
0.3376558721065521,0.0,44.0,15,2020,7,8
0.0,0.0,5.0,16,2020,7,8
2.9549989700317383,0.0,9.0,16,2020,7,8
2.4132168292999268,0.0,11.0,16,2020,7,8
2.653049945831299,0.0,13.0,16,2020,7,8
1.9441304206848145,0.0,25.0,16,2020,7,8
0.6950099468231201,0.0,29.0,16,2020,7,8
0.0,0.0,30.0,16,2020,7,8
0.0,0.9000000953674316,32.0,16,2020,7,8
0.0,0.0,37.0,16,2020,7,8
0.0,0.0,38.0,16,2020,7,8
0.0,1.1000001430511477,39.0,16,2020,7,8
0.3528596758842468,0.0,44.0,16,2020,7,8
0.0,0.0,5.0,17,2020,7,8
1.6289386749267578,23.0,9.0,17,2020,7,8
1.9847798347473145,0.0,11.0,17,2020,7,8
4.976689338684082,0.0,13.0,17,2020,7,8
1.9432615041732788,0.0,25.0,17,2020,7,8
0.6669399738311768,0.0,29.0,17,2020,7,8
0.0,0.0,30.0,17,2020,7,8
0.0,0.0,32.0,17,2020,7,8
0.0,0.0,37.0,17,2020,7,8
0.0,0.0,38.0,17,2020,7,8
0.0,0.0,39.0,17,2020,7,8
0.1689233034849167,0.0,44.0,17,2020,7,8
0.0,0.0,5.0,18,2020,7,8
3.4958558082580566,0.0,9.0,18,2020,7,8
2.546466827392578,0.0,11.0,18,2020,7,8
5.872568607330322,0.0,13.0,18,2020,7,8
1.7758684158325195,0.0,25.0,18,2020,7,8
0.5436348915100098,0.0,29.0,18,2020,7,8
0.0,0.0,30.0,18,2020,7,8
0.0,0.0,32.0,18,2020,7,8
0.0,0.0,37.0,18,2020,7,8
0.0,0.0,38.0,18,2020,7,8
0.0,0.0,39.0,18,2020,7,8
0.0258972141891717,0.0,44.0,18,2020,7,8
0.0,11.0,5.0,19,2020,7,8
1.7671966552734375,23.100000381469727,9.0,19,2020,7,8
1.7348766326904297,0.0,11.0,19,2020,7,8
2.9517834186553955,21.000001907348636,13.0,19,2020,7,8
0.9927978515625,0.0,25.0,19,2020,7,8
0.1618419736623764,0.0,29.0,19,2020,7,8
0.0,0.0,30.0,19,2020,7,8
0.0,0.0,32.0,19,2020,7,8
0.0,0.0,37.0,19,2020,7,8
0.0,0.0,38.0,19,2020,7,8
0.0,0.0,39.0,19,2020,7,8
0.1857047826051712,0.0,44.0,19,2020,7,8
0.0,11.399998664855955,5.0,20,2020,7,8
1.4440507888793943,0.0,9.0,20,2020,7,8
0.4125581383705139,0.0,11.0,20,2020,7,8
0.7292171716690063,0.0,13.0,20,2020,7,8
0.0,8.199999809265137,25.0,20,2020,7,8
0.0,0.0,29.0,20,2020,7,8
0.0,0.0,30.0,20,2020,7,8
0.0,0.0,32.0,20,2020,7,8
0.0,0.0,37.0,20,2020,7,8
0.0,0.0,38.0,20,2020,7,8
0.0,0.0,39.0,20,2020,7,8
0.0,1.9000003337860107,44.0,20,2020,7,8
0.0,0.0,5.0,7,2021,7,8
0.0792071372270584,42.20000076293945,9.0,7,2021,7,8
1.1371415853500366,0.0,11.0,7,2021,7,8
0.7917638421058655,6.59999942779541,13.0,7,2021,7,8
0.0648538097739219,0.0,25.0,7,2021,7,8
0.0,0.0,29.0,7,2021,7,8
0.0,0.0,30.0,7,2021,7,8
0.0,0.0,32.0,7,2021,7,8
0.0,0.0,37.0,7,2021,7,8
0.0,0.0,38.0,7,2021,7,8
0.0,0.0,39.0,7,2021,7,8
0.0,0.0,44.0,7,2021,7,8
0.0,0.0,5.0,8,2021,7,8
0.8681247234344482,0.0,9.0,8,2021,7,8
1.91269850730896,48.19999694824219,11.0,8,2021,7,8
2.1264381408691406,51.09999084472656,13.0,8,2021,7,8
0.0,3.200000286102295,25.0,8,2021,7,8
0.0,0.0,29.0,8,2021,7,8
0.0,0.0,30.0,8,2021,7,8
0.0,0.0,32.0,8,2021,7,8
0.0,0.0,37.0,8,2021,7,8
0.0,0.0,38.0,8,2021,7,8
0.0,0.0,39.0,8,2021,7,8
0.0,0.0,44.0,8,2021,7,8
0.0,0.0,5.0,9,2021,7,8
1.1237865686416626,0.0,9.0,9,2021,7,8
1.381434440612793,0.0,11.0,9,2021,7,8
1.3804702758789062,0.0,13.0,9,2021,7,8
0.3024062812328338,0.0,25.0,9,2021,7,8
0.2431120425462722,0.0,29.0,9,2021,7,8
0.0,0.0,30.0,9,2021,7,8
0.0,0.0,32.0,9,2021,7,8
0.0,0.0,37.0,9,2021,7,8
0.0,0.0,38.0,9,2021,7,8
0.0,0.0,39.0,9,2021,7,8
0.4251465797424316,0.0,44.0,9,2021,7,8
0.0,0.0,5.0,10,2021,7,8
1.684322476387024,9.499998092651367,9.0,10,2021,7,8
1.51076340675354,25.200000762939453,11.0,10,2021,7,8
2.319113254547119,8.700000762939453,13.0,10,2021,7,8
0.7477097511291504,0.0,25.0,10,2021,7,8
0.0,0.0,29.0,10,2021,7,8
0.0,0.0,30.0,10,2021,7,8
0.0,0.0,32.0,10,2021,7,8
0.0,0.0,37.0,10,2021,7,8
0.0,0.0,38.0,10,2021,7,8
0.0,0.0,39.0,10,2021,7,8
0.0798159018158912,0.0,44.0,10,2021,7,8
0.0,29.80000305175781,5.0,11,2021,7,8
1.2448041439056396,15.799997329711914,9.0,11,2021,7,8
0.5016300678253174,63.69999694824219,11.0,11,2021,7,8
2.5386672019958496,61.70000076293945,13.0,11,2021,7,8
0.5532332062721252,21.500001907348636,25.0,11,2021,7,8
0.0,11.0,29.0,11,2021,7,8
0.0,10.69999885559082,30.0,11,2021,7,8
0.0,0.0,32.0,11,2021,7,8
0.0,21.299999237060547,37.0,11,2021,7,8
0.0,61.10000228881836,38.0,11,2021,7,8
0.0,24.69999885559082,39.0,11,2021,7,8
0.2955556511878967,0.0,44.0,11,2021,7,8
0.0,19.699995040893555,5.0,12,2021,7,8
0.6734634041786194,17.399999618530273,9.0,12,2021,7,8
0.6815062761306763,2.6999998092651367,11.0,12,2021,7,8
2.7853360176086426,3.300000667572021,13.0,12,2021,7,8
0.1719319224357605,34.50000762939453,25.0,12,2021,7,8
0.1709883958101272,30.89999771118164,29.0,12,2021,7,8
0.1129656508564949,9.30000114440918,30.0,12,2021,7,8
0.0,14.799997329711914,32.0,12,2021,7,8
0.0,0.0,37.0,12,2021,7,8
0.0,26.70000457763672,38.0,12,2021,7,8
0.0,6.200000286102295,39.0,12,2021,7,8
0.0,56.09999847412109,44.0,12,2021,7,8
0.0,12.399999618530272,5.0,13,2021,7,8
0.5521759986877441,3.5000007152557373,9.0,13,2021,7,8
0.9014773368835448,0.9000000953674316,11.0,13,2021,7,8
2.0152928829193115,0.0,13.0,13,2021,7,8
0.4036715626716614,15.0,25.0,13,2021,7,8
0.0357245057821273,15.799997329711914,29.0,13,2021,7,8
0.0,8.399998664855957,30.0,13,2021,7,8
0.0,0.0,32.0,13,2021,7,8
0.0,4.399999618530273,37.0,13,2021,7,8
0.0,8.80000114440918,38.0,13,2021,7,8
0.0,2.500000238418579,39.0,13,2021,7,8
0.0,2.200000286102295,44.0,13,2021,7,8
0.0,53.699989318847656,5.0,14,2021,7,8
1.0918183326721191,51.70000457763672,9.0,14,2021,7,8
0.6280055046081543,28.29999351501465,11.0,14,2021,7,8
3.924920082092285,39.19999694824219,13.0,14,2021,7,8
0.7479181289672852,91.39999389648438,25.0,14,2021,7,8
0.4487295150756836,72.00001525878906,29.0,14,2021,7,8
0.0,52.399993896484375,30.0,14,2021,7,8
0.0,17.0,32.0,14,2021,7,8
0.0,5.900000095367432,37.0,14,2021,7,8
0.0,46.400001525878906,38.0,14,2021,7,8
0.0,0.9999998807907104,39.0,14,2021,7,8
0.0,0.0,44.0,14,2021,7,8
0.0,0.800000011920929,5.0,15,2021,7,8
1.7152128219604492,0.0,9.0,15,2021,7,8
1.0027128458023071,6.90000057220459,11.0,15,2021,7,8
2.66582465171814,0.0,13.0,15,2021,7,8
0.6960856914520264,1.9000003337860107,25.0,15,2021,7,8
0.5783114433288574,7.899998664855957,29.0,15,2021,7,8
0.0,11.399998664855955,30.0,15,2021,7,8
0.0,6.700000762939453,32.0,15,2021,7,8
0.0,14.799997329711914,37.0,15,2021,7,8
0.0,5.100000381469727,38.0,15,2021,7,8
0.0,14.000000953674316,39.0,15,2021,7,8
0.0,70.59998321533203,44.0,15,2021,7,8
0.0,0.0,5.0,16,2021,7,8
4.005692481994629,0.0,9.0,16,2021,7,8
2.1407470703125,0.0,11.0,16,2021,7,8
6.041497230529785,0.0,13.0,16,2021,7,8
0.8937237858772278,0.0,25.0,16,2021,7,8
0.2170327603816986,0.0,29.0,16,2021,7,8
0.0,0.0,30.0,16,2021,7,8
0.0,0.0,32.0,16,2021,7,8
0.0,0.0,37.0,16,2021,7,8
0.0,0.0,38.0,16,2021,7,8
0.0,0.0,39.0,16,2021,7,8
0.6031863689422607,26.19999885559082,44.0,16,2021,7,8
0.0,29.999998092651367,5.0,17,2021,7,8
5.972972869873047,0.0,9.0,17,2021,7,8
4.189070701599121,25.70000267028809,11.0,17,2021,7,8
9.708616256713867,0.0,13.0,17,2021,7,8
1.8584246635437007,23.700000762939453,25.0,17,2021,7,8
0.6728668212890625,27.20000267028809,29.0,17,2021,7,8
0.0108747538179159,0.0,30.0,17,2021,7,8
0.0,0.0,32.0,17,2021,7,8
0.0,0.0,37.0,17,2021,7,8
0.0,0.0,38.0,17,2021,7,8
0.0,0.0,39.0,17,2021,7,8
1.2384206056594849,0.0,44.0,17,2021,7,8
0.0,44.99999237060547,5.0,18,2021,7,8
4.404697418212891,0.0,9.0,18,2021,7,8
4.319113254547119,0.0,11.0,18,2021,7,8
12.689297676086426,13.099998474121094,13.0,18,2021,7,8
3.399699687957764,42.600006103515625,25.0,18,2021,7,8
1.0540471076965332,34.000003814697266,29.0,18,2021,7,8
0.0,12.000001907348633,30.0,18,2021,7,8
0.0,1.1999998092651367,32.0,18,2021,7,8
0.0,7.300000190734863,37.0,18,2021,7,8
0.0,12.500000953674316,38.0,18,2021,7,8
0.0,8.09999942779541,39.0,18,2021,7,8
1.7083619832992554,42.20000076293945,44.0,18,2021,7,8
0.0,0.0,5.0,19,2021,7,8
3.928874492645264,1.2999999523162842,9.0,19,2021,7,8
2.044865846633911,0.0,11.0,19,2021,7,8
5.743266105651856,2.999999523162842,13.0,19,2021,7,8
1.2346947193145752,4.099999904632568,25.0,19,2021,7,8
0.5338146686553955,1.1999998092651367,29.0,19,2021,7,8
0.0440160371363163,0.0,30.0,19,2021,7,8
0.0,0.0,32.0,19,2021,7,8
0.0,0.0,37.0,19,2021,7,8
0.1317940652370453,12.59999942779541,38.0,19,2021,7,8
0.0,0.0,39.0,19,2021,7,8
2.0615603923797607,0.0,44.0,19,2021,7,8
0.0,0.0,5.0,20,2021,7,8
1.639295220375061,18.59999656677246,9.0,20,2021,7,8
1.29173743724823,34.100006103515625,11.0,20,2021,7,8
1.2255516052246094,6.700000762939453,13.0,20,2021,7,8
0.9363511204719543,0.0,25.0,20,2021,7,8
0.7386884093284607,1.1999998092651367,29.0,20,2021,7,8
0.0,0.0,30.0,20,2021,7,8
0.0,0.0,32.0,20,2021,7,8
0.0,0.0,37.0,20,2021,7,8
0.0,0.0,38.0,20,2021,7,8
0.0,0.0,39.0,20,2021,7,8
0.8559020757675171,0.0,44.0,20,2021,7,8
0.0,0.0,5.0,7,2022,7,8
0.36154505610466,0.0,9.0,7,2022,7,8
1.176471710205078,0.0,11.0,7,2022,7,8
1.4449734687805176,0.0,13.0,7,2022,7,8
0.0,0.0,25.0,7,2022,7,8
0.0,0.0,29.0,7,2022,7,8
0.0,0.0,30.0,7,2022,7,8
0.0,0.0,32.0,7,2022,7,8
0.0,0.0,37.0,7,2022,7,8
0.0,0.0,38.0,7,2022,7,8
0.0,0.0,39.0,7,2022,7,8
0.388324111700058,16.299997329711914,44.0,7,2022,7,8
0.0,0.0999999865889549,5.0,8,2022,7,8
0.7802625894546509,0.0,9.0,8,2022,7,8
0.8295496106147766,2.999999523162842,11.0,8,2022,7,8
0.8365358114242554,0.0,13.0,8,2022,7,8
0.0,0.0,25.0,8,2022,7,8
0.0099028637632727,0.0999999865889549,29.0,8,2022,7,8
0.0,0.0,30.0,8,2022,7,8
0.0,0.0,32.0,8,2022,7,8
0.0,0.0,37.0,8,2022,7,8
0.0,0.0,38.0,8,2022,7,8
0.0,0.0,39.0,8,2022,7,8
0.0,0.0,44.0,8,2022,7,8
0.0,0.0,5.0,9,2022,7,8
0.999144971370697,1.2999999523162842,9.0,9,2022,7,8
0.8519136905670166,8.0,11.0,9,2022,7,8
2.228738307952881,2.999999523162842,13.0,9,2022,7,8
0.4806533455848694,0.5999999046325684,25.0,9,2022,7,8
0.1225268244743347,0.0,29.0,9,2022,7,8
0.0,1.999999761581421,30.0,9,2022,7,8
0.0,0.0,32.0,9,2022,7,8
0.0,0.0,37.0,9,2022,7,8
0.0,0.0,38.0,9,2022,7,8
0.0,0.0,39.0,9,2022,7,8
0.5300283432006836,0.9000000953674316,44.0,9,2022,7,8
0.0,0.0,5.0,10,2022,7,8
0.5157203078269958,0.0,9.0,10,2022,7,8
0.588477373123169,0.0,11.0,10,2022,7,8
3.030465602874756,0.0,13.0,10,2022,7,8
1.363193392753601,0.0,25.0,10,2022,7,8
0.2454058229923248,0.0,29.0,10,2022,7,8
0.0,0.0,30.0,10,2022,7,8
0.0,0.0,32.0,10,2022,7,8
0.0,0.0,37.0,10,2022,7,8
0.0,0.0,38.0,10,2022,7,8
0.0,0.0,39.0,10,2022,7,8
0.0779497474431991,0.0,44.0,10,2022,7,8
0.0,0.0,5.0,11,2022,7,8
1.3738563060760498,1.999999761581421,9.0,11,2022,7,8
1.4897217750549316,0.0,11.0,11,2022,7,8
2.153676986694336,10.000000953674316,13.0,11,2022,7,8
0.5211868286132812,0.6999999284744263,25.0,11,2022,7,8
0.0,11.0,29.0,11,2022,7,8
0.0,0.0,30.0,11,2022,7,8
0.0,0.0,32.0,11,2022,7,8
0.0,0.0,37.0,11,2022,7,8
0.0,2.999999523162842,38.0,11,2022,7,8
0.0,0.0,39.0,11,2022,7,8
0.0,10.000000953674316,44.0,11,2022,7,8
0.0,5.999999523162842,5.0,12,2022,7,8
1.0630046129226685,51.00000762939453,9.0,12,2022,7,8
1.0530999898910522,77.9000015258789,11.0,12,2022,7,8
2.705711841583252,53.00000381469727,13.0,12,2022,7,8
0.128119021654129,48.99999237060547,25.0,12,2022,7,8
0.0,45.99999237060547,29.0,12,2022,7,8
0.0586709454655647,0.0999999865889549,30.0,12,2022,7,8
0.0,0.0,32.0,12,2022,7,8
0.0,7.0,37.0,12,2022,7,8
0.0,20.000001907348636,38.0,12,2022,7,8
0.0,0.0,39.0,12,2022,7,8
0.0,8.0,44.0,12,2022,7,8
0.0,7.0,5.0,13,2022,7,8
0.2856186926364898,0.0,9.0,13,2022,7,8
1.4942337274551392,0.9000000953674316,11.0,13,2022,7,8
2.967103242874145,0.9000000953674316,13.0,13,2022,7,8
0.3886958658695221,3.1000001430511475,25.0,13,2022,7,8
0.0,4.0,29.0,13,2022,7,8
0.0,0.6999999284744263,30.0,13,2022,7,8
0.0,0.0,32.0,13,2022,7,8
0.0,0.0,37.0,13,2022,7,8
0.0,0.0,38.0,13,2022,7,8
0.0,0.0,39.0,13,2022,7,8
0.1681974679231643,17.0,44.0,13,2022,7,8
0.0,1.999999761581421,5.0,14,2022,7,8
2.2351388931274414,8.0,9.0,14,2022,7,8
3.36221694946289,5.100000381469727,11.0,14,2022,7,8
3.712799549102783,36.09999847412109,13.0,14,2022,7,8
1.1543349027633667,3.6999998092651367,25.0,14,2022,7,8
1.391704797744751,0.2000000029802322,29.0,14,2022,7,8
0.0,0.800000011920929,30.0,14,2022,7,8
0.0,0.0,32.0,14,2022,7,8
0.0,18.09999656677246,37.0,14,2022,7,8
0.0564589016139507,16.100004196166992,38.0,14,2022,7,8
0.0,15.0,39.0,14,2022,7,8
0.4994657337665558,11.0,44.0,14,2022,7,8
0.0,1.3999998569488523,5.0,15,2022,7,8
0.8706697225570679,0.4000000953674316,9.0,15,2022,7,8
0.9912734031677246,4.999999523162842,11.0,15,2022,7,8
3.01987624168396,24.999998092651367,13.0,15,2022,7,8
0.7784509658813477,0.0,25.0,15,2022,7,8
0.2633512020111084,17.0,29.0,15,2022,7,8
0.0,0.0,30.0,15,2022,7,8
0.0,0.0,32.0,15,2022,7,8
0.0013161641545593,0.0,37.0,15,2022,7,8
0.0,0.0,38.0,15,2022,7,8
0.0,0.0999999865889549,39.0,15,2022,7,8
0.1802825778722763,0.0,44.0,15,2022,7,8
0.0,5.999999523162842,5.0,16,2022,7,8
1.189008355140686,23.100000381469727,9.0,16,2022,7,8
0.8567389249801636,18.0,11.0,16,2022,7,8
2.120941162109375,22.0,13.0,16,2022,7,8
0.5572718381881714,0.0,25.0,16,2022,7,8
0.2225074917078018,0.0,29.0,16,2022,7,8
0.0,2.999999523162842,30.0,16,2022,7,8
0.0,0.0,32.0,16,2022,7,8
0.0,1.999999761581421,37.0,16,2022,7,8
0.0,16.0,38.0,16,2022,7,8
0.0,0.0,39.0,16,2022,7,8
0.1792443543672561,0.0,44.0,16,2022,7,8
0.0,0.0,5.0,17,2022,7,8
1.0844875574111938,2.999999523162842,9.0,17,2022,7,8
0.6336807608604431,0.0,11.0,17,2022,7,8
4.369536876678467,0.0,13.0,17,2022,7,8
0.5621518492698669,0.0,25.0,17,2022,7,8
0.0512195937335491,0.0,29.0,17,2022,7,8
0.0,13.000000953674316,30.0,17,2022,7,8
0.0,0.0,32.0,17,2022,7,8
0.0,0.0,37.0,17,2022,7,8
0.0,0.0,38.0,17,2022,7,8
0.0,0.0,39.0,17,2022,7,8
0.0,1.999999761581421,44.0,17,2022,7,8
0.0,0.0,5.0,18,2022,7,8
1.9174190759658811,0.0,9.0,18,2022,7,8
1.057811260223389,0.0,11.0,18,2022,7,8
2.957710266113281,0.0,13.0,18,2022,7,8
0.4813429415225982,0.5,25.0,18,2022,7,8
0.015642300248146,0.0,29.0,18,2022,7,8
0.0,0.0,30.0,18,2022,7,8
0.0,0.0,32.0,18,2022,7,8
0.0,0.0,37.0,18,2022,7,8
0.0,0.0,38.0,18,2022,7,8
0.0,0.0,39.0,18,2022,7,8
0.1448281109333038,0.0,44.0,18,2022,7,8
0.0,0.0,5.0,19,2022,7,8
1.4334479570388794,0.0,9.0,19,2022,7,8
1.1281613111495972,0.0,11.0,19,2022,7,8
1.9185359477996824,0.0,13.0,19,2022,7,8
0.4154943227767944,0.0,25.0,19,2022,7,8
0.2199916690587997,0.0,29.0,19,2022,7,8
0.0,0.0,30.0,19,2022,7,8
0.0988790094852447,0.0,32.0,19,2022,7,8
0.0,0.4000000953674316,37.0,19,2022,7,8
0.0,0.0,38.0,19,2022,7,8
0.0,0.0,39.0,19,2022,7,8
0.0,1.999999761581421,44.0,19,2022,7,8
0.0,0.0,5.0,20,2022,7,8
0.937041699886322,0.0,9.0,20,2022,7,8
1.159849762916565,0.0,11.0,20,2022,7,8
1.182505488395691,0.0,13.0,20,2022,7,8
0.0,0.0,25.0,20,2022,7,8
0.0,0.0,29.0,20,2022,7,8
0.0,0.9999998807907104,30.0,20,2022,7,8
0.0,0.0,32.0,20,2022,7,8
0.0,0.0,37.0,20,2022,7,8
0.0,0.0,38.0,20,2022,7,8
0.0,0.0,39.0,20,2022,7,8
0.0,7.0,44.0,20,2022,7,8
0.0,27.10000228881836,5.0,7,2023,7,8
4.543050289154053,4.999999523162842,9.0,7,2023,7,8
2.238271713256836,15.0,11.0,7,2023,7,8
3.622934103012085,29.20000648498535,13.0,7,2023,7,8
1.4803346395492554,17.0,25.0,7,2023,7,8
1.4282629489898682,13.000000953674316,29.0,7,2023,7,8
0.1180305480957031,34.000003814697266,30.0,7,2023,7,8
0.0,14.000000953674316,32.0,7,2023,7,8
0.0,27.000001907348636,37.0,7,2023,7,8
0.0,5.999999523162842,38.0,7,2023,7,8
0.0,1.999999761581421,39.0,7,2023,7,8
0.324985146522522,10.000000953674316,44.0,7,2023,7,8
0.0,5.999999523162842,5.0,8,2023,7,8
10.9956636428833,4.999999523162842,9.0,8,2023,7,8
2.834554433822632,1.999999761581421,11.0,8,2023,7,8
6.967745304107666,2.999999523162842,13.0,8,2023,7,8
3.139756679534912,5.999999523162842,25.0,8,2023,7,8
1.242836594581604,2.999999523162842,29.0,8,2023,7,8
0.0185641627758741,7.0,30.0,8,2023,7,8
0.0071602421812713,0.0,32.0,8,2023,7,8
0.0,0.0,37.0,8,2023,7,8
0.0,7.0,38.0,8,2023,7,8
0.0,0.9999998807907104,39.0,8,2023,7,8
0.6672345995903015,0.0,44.0,8,2023,7,8
0.0,0.0,5.0,9,2023,7,8
5.34604024887085,0.0,9.0,9,2023,7,8
2.7985494136810303,0.0,11.0,9,2023,7,8
6.28406286239624,0.0,13.0,9,2023,7,8
2.6360912322998047,0.0,25.0,9,2023,7,8
1.1548517942428589,0.0,29.0,9,2023,7,8
0.1721645891666412,0.0,30.0,9,2023,7,8
0.0,0.2000000029802322,32.0,9,2023,7,8
0.0658755451440811,0.0,37.0,9,2023,7,8
0.1380071341991424,0.0,38.0,9,2023,7,8
0.0,0.0,39.0,9,2023,7,8
1.072695016860962,0.0,44.0,9,2023,7,8
0.0,0.0,5.0,10,2023,7,8
5.431064605712891,0.0,9.0,10,2023,7,8
1.5039913654327393,0.0,11.0,10,2023,7,8
8.532703399658203,0.0,13.0,10,2023,7,8
0.6301611065864563,0.0,25.0,10,2023,7,8
0.3847695589065552,0.0,29.0,10,2023,7,8
0.0896456614136695,0.0,30.0,10,2023,7,8
0.0,0.0,32.0,10,2023,7,8
0.0,0.0,37.0,10,2023,7,8
0.0,0.0,38.0,10,2023,7,8
0.0,0.0,39.0,10,2023,7,8
0.45932137966156,0.0,44.0,10,2023,7,8
0.0,8.0,5.0,11,2023,7,8
3.913739681243897,11.0,9.0,11,2023,7,8
1.2903558015823364,8.0,11.0,11,2023,7,8
3.363431692123413,9.0,13.0,11,2023,7,8
0.8339049816131592,9.0,25.0,11,2023,7,8
0.4163921475410461,0.9000000953674316,29.0,11,2023,7,8
0.0,2.999999523162842,30.0,11,2023,7,8
0.0,14.000000953674316,32.0,11,2023,7,8
0.0,2.999999523162842,37.0,11,2023,7,8
0.0,0.0,38.0,11,2023,7,8
0.0,4.0,39.0,11,2023,7,8
0.3143965005874634,4.0,44.0,11,2023,7,8
0.0,8.0,5.0,12,2023,7,8
2.73004150390625,4.999999523162842,9.0,12,2023,7,8
0.9238312244415284,1.1000001430511477,11.0,12,2023,7,8
6.509660720825195,21.000001907348636,13.0,12,2023,7,8
1.067471981048584,9.0,25.0,12,2023,7,8
0.474316656589508,5.100000381469727,29.0,12,2023,7,8
0.3456458747386932,1.999999761581421,30.0,12,2023,7,8
0.0,15.0,32.0,12,2023,7,8
0.0,9.0,37.0,12,2023,7,8
0.0,24.000001907348636,38.0,12,2023,7,8
0.0,2.999999523162842,39.0,12,2023,7,8
0.1214280873537063,8.0,44.0,12,2023,7,8
0.0,9.0,5.0,13,2023,7,8
1.3432832956314087,2.999999523162842,9.0,13,2023,7,8
0.4963690936565399,0.3000000715255737,11.0,13,2023,7,8
2.39421820640564,0.0,13.0,13,2023,7,8
0.0649406537413597,32.000003814697266,25.0,13,2023,7,8
0.0,4.0,29.0,13,2023,7,8
0.0,7.0,30.0,13,2023,7,8
0.0,1.999999761581421,32.0,13,2023,7,8
0.0,4.999999523162842,37.0,13,2023,7,8
0.0,0.0,38.0,13,2023,7,8
0.0,10.000000953674316,39.0,13,2023,7,8
0.0917363464832305,5.999999523162842,44.0,13,2023,7,8
0.0,1.999999761581421,5.0,14,2023,7,8
1.7746182680130005,0.0,9.0,14,2023,7,8
0.6094398498535156,0.0,11.0,14,2023,7,8
2.477015495300293,0.0,13.0,14,2023,7,8
0.0,0.6999999284744263,25.0,14,2023,7,8
0.1645783483982086,0.0,29.0,14,2023,7,8
0.0,0.0,30.0,14,2023,7,8
0.0,0.0,32.0,14,2023,7,8
0.0,0.0,37.0,14,2023,7,8
0.0,0.0,38.0,14,2023,7,8
0.0,1.999999761581421,39.0,14,2023,7,8
0.2648516595363617,0.9999998807907104,44.0,14,2023,7,8
0.0,0.0,5.0,15,2023,7,8
1.0269988775253296,0.0,9.0,15,2023,7,8
0.2276943773031234,7.0,11.0,15,2023,7,8
0.7453358173370361,97.00001525878906,13.0,15,2023,7,8
0.0,0.0,25.0,15,2023,7,8
0.246402233839035,0.0,29.0,15,2023,7,8
0.0,0.0,30.0,15,2023,7,8
0.4879835844039917,0.0,32.0,15,2023,7,8
0.0,0.0,37.0,15,2023,7,8
0.0,0.0,38.0,15,2023,7,8
0.0,0.0,39.0,15,2023,7,8
0.0,0.0,44.0,15,2023,7,8
0.0,0.0,5.0,16,2023,7,8
0.8207105398178101,11.0,9.0,16,2023,7,8
0.5554234981536865,14.000000953674316,11.0,16,2023,7,8
0.8372058272361755,36.29999923706055,13.0,16,2023,7,8
0.3487801551818847,8.0,25.0,16,2023,7,8
0.5629910230636597,0.6999999284744263,29.0,16,2023,7,8
0.0,0.0,30.0,16,2023,7,8
0.0,0.0,32.0,16,2023,7,8
0.0,0.0,37.0,16,2023,7,8
0.0,47.999996185302734,38.0,16,2023,7,8
0.0,0.0,39.0,16,2023,7,8
0.0744461566209793,0.0,44.0,16,2023,7,8
0.0,0.0,5.0,17,2023,7,8
0.2446372210979461,4.0,9.0,17,2023,7,8
0.0,14.000000953674316,11.0,17,2023,7,8
1.3280078172683716,12.000001907348633,13.0,17,2023,7,8
0.0,0.9999998807907104,25.0,17,2023,7,8
0.0313584357500076,0.4000000953674316,29.0,17,2023,7,8
0.0,0.0,30.0,17,2023,7,8
0.0,0.0,32.0,17,2023,7,8
0.0,0.0,37.0,17,2023,7,8
0.0,0.0,38.0,17,2023,7,8
0.0,0.0,39.0,17,2023,7,8
0.0,0.0,44.0,17,2023,7,8
0.0,0.0,5.0,18,2023,7,8
0.9282476305961608,0.0,9.0,18,2023,7,8
0.0,0.9999998807907104,11.0,18,2023,7,8
2.1358189582824707,0.0,13.0,18,2023,7,8
0.0,0.0,25.0,18,2023,7,8
0.0,0.0,29.0,18,2023,7,8
0.0,0.0,30.0,18,2023,7,8
0.0,0.0,32.0,18,2023,7,8
0.0,0.0,37.0,18,2023,7,8
0.0,0.0,38.0,18,2023,7,8
0.0,0.0,39.0,18,2023,7,8
0.0,4.0,44.0,18,2023,7,8
0.0,0.0,5.0,19,2023,7,8
0.5226690769195557,0.0,9.0,19,2023,7,8
0.3042173087596893,2.999999523162842,11.0,19,2023,7,8
0.4701835811138153,0.0,13.0,19,2023,7,8
0.0188237037509679,0.0,25.0,19,2023,7,8
0.0,0.0,29.0,19,2023,7,8
0.0,0.0,30.0,19,2023,7,8
0.0,0.0,32.0,19,2023,7,8
0.0,0.0,37.0,19,2023,7,8
0.0,0.0,38.0,19,2023,7,8
0.0,0.0,39.0,19,2023,7,8
0.0,0.0,44.0,19,2023,7,8
0.0,10.099998474121094,5.0,20,2023,7,8
0.0,17.0,9.0,20,2023,7,8
0.0,0.4000000953674316,11.0,20,2023,7,8
0.0,7.1999993324279785,13.0,20,2023,7,8
0.0,18.0,25.0,20,2023,7,8
0.0,0.0,29.0,20,2023,7,8
0.0,0.2000000029802322,30.0,20,2023,7,8
0.0,7.0,32.0,20,2023,7,8
0.0,0.2000000029802322,37.0,20,2023,7,8
0.0,0.0,38.0,20,2023,7,8
0.0,0.3000000715255737,39.0,20,2023,7,8
0.0,0.0,44.0,20,2023,7,8
0.0,0.0,5.0,7,2020,7,11
1.7952953577041626,17.700000762939453,9.0,7,2020,7,11
2.7561984062194824,31.300004959106445,11.0,7,2020,7,11
3.989936590194702,27.70000648498535,13.0,7,2020,7,11
2.5041816234588623,0.0,25.0,7,2020,7,11
1.5816736221313477,0.0,29.0,7,2020,7,11
0.0,0.0,30.0,7,2020,7,11
0.0,0.0,32.0,7,2020,7,11
0.0,0.0,37.0,7,2020,7,11
0.0185715686529874,0.0,38.0,7,2020,7,11
0.0,0.0,39.0,7,2020,7,11
0.5039263963699341,0.0,44.0,7,2020,7,11
0.0,3.6000003814697266,5.0,8,2020,7,11
3.4209768772125244,33.19999694824219,9.0,8,2020,7,11
3.9462363719940186,32.50000762939453,11.0,8,2020,7,11
5.18280839920044,41.80000305175781,13.0,8,2020,7,11
1.508631706237793,5.100000381469727,25.0,8,2020,7,11
1.1571779251098633,0.0,29.0,8,2020,7,11
0.2325674146413803,2.999999523162842,30.0,8,2020,7,11
0.0,0.0,32.0,8,2020,7,11
0.0,0.0,37.0,8,2020,7,11
0.0,0.0,38.0,8,2020,7,11
0.0,0.0,39.0,8,2020,7,11
0.1149086281657219,0.0,44.0,8,2020,7,11
0.0,16.499998092651367,5.0,9,2020,7,11
3.623146295547485,8.09999942779541,9.0,9,2020,7,11
2.7339746952056885,10.399999618530272,11.0,9,2020,7,11
3.939630508422852,19.5,13.0,9,2020,7,11
0.8919957876205444,14.300000190734863,25.0,9,2020,7,11
0.3710604012012481,20.400001525878903,29.0,9,2020,7,11
0.0,31.70000648498535,30.0,9,2020,7,11
0.0,0.0,32.0,9,2020,7,11
0.0,0.0,37.0,9,2020,7,11
0.0,18.59999656677246,38.0,9,2020,7,11
0.0,10.5,39.0,9,2020,7,11
0.0,2.900000095367432,44.0,9,2020,7,11
0.0,0.800000011920929,5.0,10,2020,7,11
6.083831310272217,28.199996948242188,9.0,10,2020,7,11
1.898714303970337,20.69999885559082,11.0,10,2020,7,11
5.559310436248779,21.899999618530277,13.0,10,2020,7,11
1.3922098875045776,2.6999998092651367,25.0,10,2020,7,11
0.2848021388053894,14.000000953674316,29.0,10,2020,7,11
0.0,3.400000095367432,30.0,10,2020,7,11
0.0,0.0,32.0,10,2020,7,11
0.0,0.0,37.0,10,2020,7,11
0.0,0.0,38.0,10,2020,7,11
0.0,0.0,39.0,10,2020,7,11
0.0,0.3000000715255737,44.0,10,2020,7,11
0.0,0.0,5.0,11,2020,7,11
4.824038982391357,0.0,9.0,11,2020,7,11
1.3188296556472778,0.4000000953674316,11.0,11,2020,7,11
5.647441387176514,0.0,13.0,11,2020,7,11
1.1742486953735352,0.3000000715255737,25.0,11,2020,7,11
0.3932541608810425,0.0,29.0,11,2020,7,11
0.1083587557077407,1.8000000715255735,30.0,11,2020,7,11
0.0,0.0,32.0,11,2020,7,11
0.0,0.0,37.0,11,2020,7,11
0.0,0.0,38.0,11,2020,7,11
0.0,0.0,39.0,11,2020,7,11
0.813265323638916,36.19999694824219,44.0,11,2020,7,11
0.0,0.0,5.0,12,2020,7,11
4.3542962074279785,4.700000286102295,9.0,12,2020,7,11
2.8699917793273926,0.0,11.0,12,2020,7,11
4.7059831619262695,0.0,13.0,12,2020,7,11
0.922143816947937,0.0,25.0,12,2020,7,11
1.598928928375244,0.0,29.0,12,2020,7,11
0.516508162021637,0.0,30.0,12,2020,7,11
0.1665645837783813,0.0,32.0,12,2020,7,11
0.0,0.0,37.0,12,2020,7,11
0.0,0.0,38.0,12,2020,7,11
0.0,0.0,39.0,12,2020,7,11
0.0080396309494972,0.0,44.0,12,2020,7,11
0.0,0.0,5.0,13,2020,7,11
2.360970497131348,0.0,9.0,13,2020,7,11
1.4697492122650146,0.0,11.0,13,2020,7,11
4.0023040771484375,0.0,13.0,13,2020,7,11
1.5215643644332886,0.0,25.0,13,2020,7,11
0.5647034049034119,0.0,29.0,13,2020,7,11
0.0,0.0,30.0,13,2020,7,11
0.0,0.9000000953674316,32.0,13,2020,7,11
0.0,0.0,37.0,13,2020,7,11
0.0,0.0,38.0,13,2020,7,11
0.0,1.1000001430511477,39.0,13,2020,7,11
0.2196743339300155,0.0,44.0,13,2020,7,11
0.0,0.0,5.0,14,2020,7,11
2.171232223510742,23.0,9.0,14,2020,7,11
1.7260512113571167,0.0,11.0,14,2020,7,11
5.880799293518066,0.0,13.0,14,2020,7,11
1.9041494131088257,0.0,25.0,14,2020,7,11
0.1577304452657699,0.0,29.0,14,2020,7,11
0.0,0.0,30.0,14,2020,7,11
0.0,0.0,32.0,14,2020,7,11
0.0,0.0,37.0,14,2020,7,11
0.0,0.0,38.0,14,2020,7,11
0.0,0.0,39.0,14,2020,7,11
0.4955056309700012,0.0,44.0,14,2020,7,11
0.0,0.0,5.0,15,2020,7,11
2.8965036869049072,0.0,9.0,15,2020,7,11
1.8834445476531985,0.0,11.0,15,2020,7,11
4.398576259613037,0.0,13.0,15,2020,7,11
1.096129298210144,0.0,25.0,15,2020,7,11
0.6476731300354004,0.0,29.0,15,2020,7,11
0.0,0.0,30.0,15,2020,7,11
0.0,0.0,32.0,15,2020,7,11
0.0,0.0,37.0,15,2020,7,11
0.0,0.0,38.0,15,2020,7,11
0.0,0.0,39.0,15,2020,7,11
0.0,0.0,44.0,15,2020,7,11
0.0,11.0,5.0,16,2020,7,11
2.492182970046997,23.100000381469727,9.0,16,2020,7,11
0.9126833081245422,0.0,11.0,16,2020,7,11
3.3397436141967773,21.000001907348636,13.0,16,2020,7,11
0.7835074663162231,0.0,25.0,16,2020,7,11
0.0,0.0,29.0,16,2020,7,11
0.0,0.0,30.0,16,2020,7,11
0.0,0.0,32.0,16,2020,7,11
0.0,0.0,37.0,16,2020,7,11
0.0,0.0,38.0,16,2020,7,11
0.0,0.0,39.0,16,2020,7,11
0.316152274608612,0.0,44.0,16,2020,7,11
0.0,11.399998664855955,5.0,17,2020,7,11
3.31286883354187,0.0,9.0,17,2020,7,11
1.1339876651763916,0.0,11.0,17,2020,7,11
3.383058786392212,0.0,13.0,17,2020,7,11
0.0,8.199999809265137,25.0,17,2020,7,11
0.1448498219251632,0.0,29.0,17,2020,7,11
0.0,0.0,30.0,17,2020,7,11
0.0,0.0,32.0,17,2020,7,11
0.0,0.0,37.0,17,2020,7,11
0.0,0.0,38.0,17,2020,7,11
0.0,0.0,39.0,17,2020,7,11
0.1753617525100708,1.9000003337860107,44.0,17,2020,7,11
0.0,0.0,5.0,18,2020,7,11
1.2379995584487915,0.0,9.0,18,2020,7,11
1.470486402511597,0.0,11.0,18,2020,7,11
2.5687060356140137,23.80000305175781,13.0,18,2020,7,11
0.3147065043449402,0.0,25.0,18,2020,7,11
0.183251604437828,4.199999809265137,29.0,18,2020,7,11
0.0,0.0,30.0,18,2020,7,11
0.0,0.0,32.0,18,2020,7,11
0.0,0.0,37.0,18,2020,7,11
0.0,0.0,38.0,18,2020,7,11
0.0,0.0,39.0,18,2020,7,11
0.0,0.0,44.0,18,2020,7,11
0.0,0.0,5.0,19,2020,7,11
0.9457854628562928,0.0,9.0,19,2020,7,11
0.8998556733131409,0.0,11.0,19,2020,7,11
1.7206029891967771,2.999999523162842,13.0,19,2020,7,11
0.4875396490097046,0.0,25.0,19,2020,7,11
0.0,0.0,29.0,19,2020,7,11
0.0,13.40000343322754,30.0,19,2020,7,11
0.0,0.0,32.0,19,2020,7,11
0.0,0.0,37.0,19,2020,7,11
0.0,32.20000076293945,38.0,19,2020,7,11
0.0,0.0,39.0,19,2020,7,11
0.0195353645831346,0.0,44.0,19,2020,7,11
0.0,0.0,5.0,20,2020,7,11
0.3038690090179443,0.0,9.0,20,2020,7,11
0.0,0.0,11.0,20,2020,7,11
0.6742846369743347,0.0,13.0,20,2020,7,11
0.0,0.0,25.0,20,2020,7,11
0.0,0.0,29.0,20,2020,7,11
0.0,0.0,30.0,20,2020,7,11
0.0,0.0,32.0,20,2020,7,11
0.0,0.0,37.0,20,2020,7,11
0.0,0.0,38.0,20,2020,7,11
0.0,0.0,39.0,20,2020,7,11
0.0,0.0,44.0,20,2020,7,11
0.0,0.0,5.0,7,2021,7,11
1.465071201324463,9.499998092651367,9.0,7,2021,7,11
0.8179013133049011,25.200000762939453,11.0,7,2021,7,11
2.923140525817871,8.700000762939453,13.0,7,2021,7,11
0.4559348523616791,0.0,25.0,7,2021,7,11
0.2070801705121994,0.0,29.0,7,2021,7,11
0.0,0.0,30.0,7,2021,7,11
0.0,0.0,32.0,7,2021,7,11
0.0,0.0,37.0,7,2021,7,11
0.0,0.0,38.0,7,2021,7,11
0.0,0.0,39.0,7,2021,7,11
0.1144731193780899,0.0,44.0,7,2021,7,11
0.0,29.80000305175781,5.0,8,2021,7,11
1.6277889013290403,15.799997329711914,9.0,8,2021,7,11
0.3298125565052032,63.69999694824219,11.0,8,2021,7,11
1.71028733253479,61.70000076293945,13.0,8,2021,7,11
0.4567607045173645,21.500001907348636,25.0,8,2021,7,11
0.0,11.0,29.0,8,2021,7,11
0.0,10.69999885559082,30.0,8,2021,7,11
0.0,0.0,32.0,8,2021,7,11
0.0,21.299999237060547,37.0,8,2021,7,11
0.0,61.10000228881836,38.0,8,2021,7,11
0.0,24.69999885559082,39.0,8,2021,7,11
0.1065181270241737,0.0,44.0,8,2021,7,11
0.0,19.699995040893555,5.0,9,2021,7,11
1.4033310413360596,17.399999618530273,9.0,9,2021,7,11
0.6816008687019348,2.6999998092651367,11.0,9,2021,7,11
1.54701566696167,3.300000667572021,13.0,9,2021,7,11
1.2363651990890503,34.50000762939453,25.0,9,2021,7,11
0.0481314957141876,30.89999771118164,29.0,9,2021,7,11
0.0,9.30000114440918,30.0,9,2021,7,11
0.0,14.799997329711914,32.0,9,2021,7,11
0.0,0.0,37.0,9,2021,7,11
0.0,26.70000457763672,38.0,9,2021,7,11
0.0,6.200000286102295,39.0,9,2021,7,11
0.0,56.09999847412109,44.0,9,2021,7,11
0.0,12.399999618530272,5.0,10,2021,7,11
1.4971154928207395,3.5000007152557373,9.0,10,2021,7,11
1.2491047382354736,0.9000000953674316,11.0,10,2021,7,11
3.251084804534912,0.0,13.0,10,2021,7,11
0.6465505361557007,15.0,25.0,10,2021,7,11
0.2011926174163818,15.799997329711914,29.0,10,2021,7,11
0.0,8.399998664855957,30.0,10,2021,7,11
0.0,0.0,32.0,10,2021,7,11
0.0,4.399999618530273,37.0,10,2021,7,11
0.0,8.80000114440918,38.0,10,2021,7,11
0.0,2.500000238418579,39.0,10,2021,7,11
0.0,2.200000286102295,44.0,10,2021,7,11
0.0,53.699989318847656,5.0,11,2021,7,11
2.2599411010742188,51.70000457763672,9.0,11,2021,7,11
1.879497766494751,28.29999351501465,11.0,11,2021,7,11
3.999565601348877,39.19999694824219,13.0,11,2021,7,11
1.1837711334228516,91.39999389648438,25.0,11,2021,7,11
0.2910517454147339,72.00001525878906,29.0,11,2021,7,11
0.0,52.399993896484375,30.0,11,2021,7,11
0.0,17.0,32.0,11,2021,7,11
0.0,5.900000095367432,37.0,11,2021,7,11
0.0,46.400001525878906,38.0,11,2021,7,11
0.0,0.9999998807907104,39.0,11,2021,7,11
0.7049286365509033,0.0,44.0,11,2021,7,11
0.0,0.800000011920929,5.0,12,2021,7,11
4.317403316497803,0.0,9.0,12,2021,7,11
4.338796615600586,6.90000057220459,11.0,12,2021,7,11
8.854251861572266,0.0,13.0,12,2021,7,11
1.7741026878356934,1.9000003337860107,25.0,12,2021,7,11
1.5735291242599487,7.899998664855957,29.0,12,2021,7,11
0.7712741494178772,11.399998664855955,30.0,12,2021,7,11
0.0589855648577213,6.700000762939453,32.0,12,2021,7,11
0.0,14.799997329711914,37.0,12,2021,7,11
0.1771881282329559,5.100000381469727,38.0,12,2021,7,11
0.0,14.000000953674316,39.0,12,2021,7,11
2.521444320678711,70.59998321533203,44.0,12,2021,7,11
0.0,0.0,5.0,13,2021,7,11
1.2033097743988037,0.0,9.0,13,2021,7,11
1.5575611591339111,0.0,11.0,13,2021,7,11
6.933053493499756,0.0,13.0,13,2021,7,11
1.1898105144500732,0.0,25.0,13,2021,7,11
0.3991000354290008,0.0,29.0,13,2021,7,11
0.0,0.0,30.0,13,2021,7,11
0.0,0.0,32.0,13,2021,7,11
0.0,0.0,37.0,13,2021,7,11
0.0,0.0,38.0,13,2021,7,11
0.0,0.0,39.0,13,2021,7,11
1.0492453575134275,26.19999885559082,44.0,13,2021,7,11
0.0,29.999998092651367,5.0,14,2021,7,11
2.624643087387085,0.0,9.0,14,2021,7,11
3.046931743621826,25.70000267028809,11.0,14,2021,7,11
6.904718399047852,0.0,13.0,14,2021,7,11
1.8878731727600095,23.700000762939453,25.0,14,2021,7,11
0.1889888495206833,27.20000267028809,29.0,14,2021,7,11
0.0,0.0,30.0,14,2021,7,11
0.0,0.0,32.0,14,2021,7,11
0.0,0.0,37.0,14,2021,7,11
0.0302899908274412,0.0,38.0,14,2021,7,11
0.0,0.0,39.0,14,2021,7,11
1.00462007522583,0.0,44.0,14,2021,7,11
0.0,44.99999237060547,5.0,15,2021,7,11
3.002551794052124,0.0,9.0,15,2021,7,11
1.5462934970855713,0.0,11.0,15,2021,7,11
4.332464218139648,13.099998474121094,13.0,15,2021,7,11
1.8850818872451784,42.600006103515625,25.0,15,2021,7,11
1.0715874433517456,34.000003814697266,29.0,15,2021,7,11
0.3790319561958313,12.000001907348633,30.0,15,2021,7,11
0.046038344502449,1.1999998092651367,32.0,15,2021,7,11
0.0,7.300000190734863,37.0,15,2021,7,11
0.0689189508557319,12.500000953674316,38.0,15,2021,7,11
0.0,8.09999942779541,39.0,15,2021,7,11
1.9287962913513184,42.20000076293945,44.0,15,2021,7,11
0.0,0.0,5.0,16,2021,7,11
2.3163516521453857,1.2999999523162842,9.0,16,2021,7,11
1.570263385772705,0.0,11.0,16,2021,7,11
5.584545135498047,2.999999523162842,13.0,16,2021,7,11
1.5890532732009888,4.099999904632568,25.0,16,2021,7,11
0.7914665341377258,1.1999998092651367,29.0,16,2021,7,11
0.0507016777992248,0.0,30.0,16,2021,7,11
0.0,0.0,32.0,16,2021,7,11
0.0,0.0,37.0,16,2021,7,11
0.0568025857210159,12.59999942779541,38.0,16,2021,7,11
0.0,0.0,39.0,16,2021,7,11
1.3087787628173828,0.0,44.0,16,2021,7,11
0.0,0.0,5.0,17,2021,7,11
2.590315103530884,18.59999656677246,9.0,17,2021,7,11
1.280299186706543,34.100006103515625,11.0,17,2021,7,11
6.389345169067383,6.700000762939453,13.0,17,2021,7,11
0.8897161483764648,0.0,25.0,17,2021,7,11
0.701994001865387,1.1999998092651367,29.0,17,2021,7,11
0.1930420696735382,0.0,30.0,17,2021,7,11
0.0,0.0,32.0,17,2021,7,11
0.0,0.0,37.0,17,2021,7,11
0.0,0.0,38.0,17,2021,7,11
0.0,0.0,39.0,17,2021,7,11
0.1367290169000625,0.0,44.0,17,2021,7,11
0.0,0.0,5.0,18,2021,7,11
1.1562575101852417,22.0,9.0,18,2021,7,11
0.9729856848716736,27.90000534057617,11.0,18,2021,7,11
4.2325849533081055,12.100000381469728,13.0,18,2021,7,11
1.0155843496322632,16.499998092651367,25.0,18,2021,7,11
0.3967187404632568,3.6999998092651367,29.0,18,2021,7,11
0.0,9.400001525878906,30.0,18,2021,7,11
0.0,0.0,32.0,18,2021,7,11
0.0,0.0,37.0,18,2021,7,11
0.0,0.0,38.0,18,2021,7,11
0.0,0.0,39.0,18,2021,7,11
0.1526219546794891,0.0,44.0,18,2021,7,11
0.0,0.0,5.0,19,2021,7,11
1.5203944444656372,6.700000762939453,9.0,19,2021,7,11
0.9142752289772034,16.899999618530273,11.0,19,2021,7,11
2.5602002143859863,0.0,13.0,19,2021,7,11
0.4557627439498901,0.0,25.0,19,2021,7,11
0.1204781234264373,31.70000648498535,29.0,19,2021,7,11
0.0122749842703342,0.0,30.0,19,2021,7,11
0.0,0.0,32.0,19,2021,7,11
0.0,0.0,37.0,19,2021,7,11
0.0,1.1000001430511477,38.0,19,2021,7,11
0.0,0.0,39.0,19,2021,7,11
0.0887969508767128,0.0,44.0,19,2021,7,11
0.0,4.199999809265137,5.0,20,2021,7,11
0.944345474243164,0.0,9.0,20,2021,7,11
0.5139634013175964,0.0,11.0,20,2021,7,11
1.078404188156128,0.0,13.0,20,2021,7,11
0.3817023336887359,0.0,25.0,20,2021,7,11
0.1071566492319107,0.0,29.0,20,2021,7,11
0.0,0.4000000953674316,30.0,20,2021,7,11
0.0,0.0,32.0,20,2021,7,11
0.0,0.0,37.0,20,2021,7,11
0.0,0.0,38.0,20,2021,7,11
0.0,0.0,39.0,20,2021,7,11
0.0,0.0,44.0,20,2021,7,11
0.0,0.0,5.0,7,2022,7,11
0.7831676006317139,0.0,9.0,7,2022,7,11
1.9005887508392332,0.0,11.0,7,2022,7,11
1.835843205451965,0.0,13.0,7,2022,7,11
0.0614548549056053,0.0,25.0,7,2022,7,11
0.0,0.0,29.0,7,2022,7,11
0.0,0.0,30.0,7,2022,7,11
0.0,0.0,32.0,7,2022,7,11
0.0,0.0,37.0,7,2022,7,11
0.0,0.0,38.0,7,2022,7,11
0.0,0.0,39.0,7,2022,7,11
0.0,0.0,44.0,7,2022,7,11
0.0,0.0,5.0,8,2022,7,11
2.027564525604248,1.999999761581421,9.0,8,2022,7,11
3.113698005676269,0.0,11.0,8,2022,7,11
5.419179916381836,10.000000953674316,13.0,8,2022,7,11
0.3284567296504974,0.6999999284744263,25.0,8,2022,7,11
0.0,11.0,29.0,8,2022,7,11
0.0,0.0,30.0,8,2022,7,11
0.0,0.0,32.0,8,2022,7,11
0.0,0.0,37.0,8,2022,7,11
0.0,2.999999523162842,38.0,8,2022,7,11
0.0,0.0,39.0,8,2022,7,11
0.0,10.000000953674316,44.0,8,2022,7,11
0.0,5.999999523162842,5.0,9,2022,7,11
1.830118179321289,51.00000762939453,9.0,9,2022,7,11
2.721299648284912,77.9000015258789,11.0,9,2022,7,11
3.4477930068969727,53.00000381469727,13.0,9,2022,7,11
0.9590190649032592,48.99999237060547,25.0,9,2022,7,11
0.100252628326416,45.99999237060547,29.0,9,2022,7,11
0.0,0.0999999865889549,30.0,9,2022,7,11
0.0,0.0,32.0,9,2022,7,11
0.1557917445898056,7.0,37.0,9,2022,7,11
0.0,20.000001907348636,38.0,9,2022,7,11
0.0,0.0,39.0,9,2022,7,11
0.0,8.0,44.0,9,2022,7,11
0.0,7.0,5.0,10,2022,7,11
2.8786678314208984,0.0,9.0,10,2022,7,11
3.09158992767334,0.9000000953674316,11.0,10,2022,7,11
4.770088195800781,0.9000000953674316,13.0,10,2022,7,11
1.3063695430755615,3.1000001430511475,25.0,10,2022,7,11
0.2927943170070648,4.0,29.0,10,2022,7,11
0.0,0.6999999284744263,30.0,10,2022,7,11
0.0,0.0,32.0,10,2022,7,11
0.0,0.0,37.0,10,2022,7,11
0.0,0.0,38.0,10,2022,7,11
0.0,0.0,39.0,10,2022,7,11
0.0585792548954486,17.0,44.0,10,2022,7,11
0.0,1.999999761581421,5.0,11,2022,7,11
3.412168502807617,8.0,9.0,11,2022,7,11
1.241814374923706,5.100000381469727,11.0,11,2022,7,11
3.126428604125977,36.09999847412109,13.0,11,2022,7,11
1.7699779272079468,3.6999998092651367,25.0,11,2022,7,11
1.1074622869491575,0.2000000029802322,29.0,11,2022,7,11
0.0852594822645187,0.800000011920929,30.0,11,2022,7,11
0.0,0.0,32.0,11,2022,7,11
0.0,18.09999656677246,37.0,11,2022,7,11
0.0,16.100004196166992,38.0,11,2022,7,11
0.0,15.0,39.0,11,2022,7,11
0.2983799576759338,11.0,44.0,11,2022,7,11
0.0,1.3999998569488523,5.0,12,2022,7,11
2.628647804260254,0.4000000953674316,9.0,12,2022,7,11
1.1656047105789185,4.999999523162842,11.0,12,2022,7,11
2.8709359169006348,24.999998092651367,13.0,12,2022,7,11
1.6352827548980713,0.0,25.0,12,2022,7,11
0.7239966988563538,17.0,29.0,12,2022,7,11
0.013867825269699,0.0,30.0,12,2022,7,11
0.0627373456954956,0.0,32.0,12,2022,7,11
0.0040339846163988,0.0,37.0,12,2022,7,11
0.0,0.0,38.0,12,2022,7,11
0.0,0.0999999865889549,39.0,12,2022,7,11
0.0,0.0,44.0,12,2022,7,11
0.0,5.999999523162842,5.0,13,2022,7,11
1.149969458580017,23.100000381469727,9.0,13,2022,7,11
1.185741305351257,18.0,11.0,13,2022,7,11
2.924785614013672,22.0,13.0,13,2022,7,11
1.125157117843628,0.0,25.0,13,2022,7,11
0.0,0.0,29.0,13,2022,7,11
0.0,2.999999523162842,30.0,13,2022,7,11
0.0,0.0,32.0,13,2022,7,11
0.0,1.999999761581421,37.0,13,2022,7,11
0.0,16.0,38.0,13,2022,7,11
0.0,0.0,39.0,13,2022,7,11
0.1185484081506729,0.0,44.0,13,2022,7,11
0.0,0.0,5.0,14,2022,7,11
1.4533439874649048,2.999999523162842,9.0,14,2022,7,11
0.7852640151977539,0.0,11.0,14,2022,7,11
4.379436016082764,0.0,13.0,14,2022,7,11
0.6946392059326172,0.0,25.0,14,2022,7,11
0.1848722696304321,0.0,29.0,14,2022,7,11
0.0,13.000000953674316,30.0,14,2022,7,11
0.0,0.0,32.0,14,2022,7,11
0.0,0.0,37.0,14,2022,7,11
0.0,0.0,38.0,14,2022,7,11
0.0,0.0,39.0,14,2022,7,11
0.0,1.999999761581421,44.0,14,2022,7,11
0.0,0.0,5.0,15,2022,7,11
3.1799569129943848,0.0,9.0,15,2022,7,11
1.3141835927963257,0.0,11.0,15,2022,7,11
3.354555368423462,0.0,13.0,15,2022,7,11
0.317326009273529,0.5,25.0,15,2022,7,11
0.0554875582456588,0.0,29.0,15,2022,7,11
0.0,0.0,30.0,15,2022,7,11
0.0,0.0,32.0,15,2022,7,11
0.0,0.0,37.0,15,2022,7,11
0.0,0.0,38.0,15,2022,7,11
0.0,0.0,39.0,15,2022,7,11
0.1535419374704361,0.0,44.0,15,2022,7,11
0.0,0.0,5.0,16,2022,7,11
1.3308370113372805,0.0,9.0,16,2022,7,11
0.4179282486438751,0.0,11.0,16,2022,7,11
2.3066365718841557,0.0,13.0,16,2022,7,11
0.4919695258140564,0.0,25.0,16,2022,7,11
0.1292428821325302,0.0,29.0,16,2022,7,11
0.0,0.0,30.0,16,2022,7,11
0.0,0.0,32.0,16,2022,7,11
0.0,0.4000000953674316,37.0,16,2022,7,11
0.0,0.0,38.0,16,2022,7,11
0.0,0.0,39.0,16,2022,7,11
0.0182193908840417,1.999999761581421,44.0,16,2022,7,11
0.0,0.0,5.0,17,2022,7,11
2.173100233078003,0.0,9.0,17,2022,7,11
0.6327478885650635,0.0,11.0,17,2022,7,11
1.7575080394744873,0.0,13.0,17,2022,7,11
0.2379171252250671,0.0,25.0,17,2022,7,11
0.086890198290348,0.0,29.0,17,2022,7,11
0.0,0.9999998807907104,30.0,17,2022,7,11
0.0,0.0,32.0,17,2022,7,11
0.0,0.0,37.0,17,2022,7,11
0.0,0.0,38.0,17,2022,7,11
0.0,0.0,39.0,17,2022,7,11
0.0,7.0,44.0,17,2022,7,11
0.0,0.0,5.0,18,2022,7,11
1.2255481481552124,0.5,9.0,18,2022,7,11
1.4904773235321045,0.0,11.0,18,2022,7,11
2.547823429107666,0.9999998807907104,13.0,18,2022,7,11
0.3898710310459137,0.0,25.0,18,2022,7,11
0.0,0.0,29.0,18,2022,7,11
0.0,9.0,30.0,18,2022,7,11
0.0,0.0,32.0,18,2022,7,11
0.0,0.0,37.0,18,2022,7,11
0.0,0.0,38.0,18,2022,7,11
0.0,1.999999761581421,39.0,18,2022,7,11
0.0,7.0,44.0,18,2022,7,11
0.0,0.0,5.0,19,2022,7,11
0.5991681814193726,41.99999237060547,9.0,19,2022,7,11
0.7384536862373352,4.999999523162842,11.0,19,2022,7,11
2.4649806022644043,0.0999999865889549,13.0,19,2022,7,11
0.4155300855636596,0.0,25.0,19,2022,7,11
0.0,8.0,29.0,19,2022,7,11
0.0,0.0,30.0,19,2022,7,11
0.0,21.000001907348636,32.0,19,2022,7,11
0.0,4.999999523162842,37.0,19,2022,7,11
0.0,0.0,38.0,19,2022,7,11
0.0,14.000000953674316,39.0,19,2022,7,11
0.0,12.000001907348633,44.0,19,2022,7,11
0.0,0.0999999865889549,5.0,20,2022,7,11
1.693516731262207,18.0,9.0,20,2022,7,11
0.4561626613140106,0.0,11.0,20,2022,7,11
1.450170397758484,1.9000003337860107,13.0,20,2022,7,11
0.0535328947007656,1.1000001430511477,25.0,20,2022,7,11
0.0526767075061798,0.5,29.0,20,2022,7,11
0.0,27.10000228881836,30.0,20,2022,7,11
0.0,1.999999761581421,32.0,20,2022,7,11
0.0,0.0,37.0,20,2022,7,11
0.0,1.999999761581421,38.0,20,2022,7,11
0.0,5.999999523162842,39.0,20,2022,7,11
0.0,14.000000953674316,44.0,20,2022,7,11
0.0,0.0,5.0,7,2023,7,11
0.5866391658782959,0.0,9.0,7,2023,7,11
1.1125646829605105,0.0,11.0,7,2023,7,11
2.489074468612671,0.0,13.0,7,2023,7,11
0.3892872929573059,0.0,25.0,7,2023,7,11
0.0431372448801994,0.0,29.0,7,2023,7,11
0.0,0.0,30.0,7,2023,7,11
0.0,0.0,32.0,7,2023,7,11
0.0,0.0,37.0,7,2023,7,11
0.0,0.0,38.0,7,2023,7,11
0.0,0.0,39.0,7,2023,7,11
0.5063780546188354,0.0,44.0,7,2023,7,11
0.0,8.0,5.0,8,2023,7,11
1.5672199726104736,11.0,9.0,8,2023,7,11
0.8499168157577515,8.0,11.0,8,2023,7,11
1.8883414268493648,9.0,13.0,8,2023,7,11
0.3776865005493164,9.0,25.0,8,2023,7,11
0.1684585660696029,0.9000000953674316,29.0,8,2023,7,11
0.0,2.999999523162842,30.0,8,2023,7,11
0.0,14.000000953674316,32.0,8,2023,7,11
0.0,2.999999523162842,37.0,8,2023,7,11
0.0,0.0,38.0,8,2023,7,11
0.0,4.0,39.0,8,2023,7,11
0.0471390113234519,4.0,44.0,8,2023,7,11
0.0,8.0,5.0,9,2023,7,11
1.7231825590133667,4.999999523162842,9.0,9,2023,7,11
0.5042278170585632,1.1000001430511477,11.0,9,2023,7,11
3.4254212379455566,21.000001907348636,13.0,9,2023,7,11
0.0,9.0,25.0,9,2023,7,11
0.0,5.100000381469727,29.0,9,2023,7,11
0.0,1.999999761581421,30.0,9,2023,7,11
0.0,15.0,32.0,9,2023,7,11
0.0,9.0,37.0,9,2023,7,11
0.0,24.000001907348636,38.0,9,2023,7,11
0.0,2.999999523162842,39.0,9,2023,7,11
0.0,8.0,44.0,9,2023,7,11
0.0,9.0,5.0,10,2023,7,11
0.6599797010421753,2.999999523162842,9.0,10,2023,7,11
0.8282667398452759,0.3000000715255737,11.0,10,2023,7,11
1.26824688911438,0.0,13.0,10,2023,7,11
0.0,32.000003814697266,25.0,10,2023,7,11
0.7868442535400391,4.0,29.0,10,2023,7,11
0.0,7.0,30.0,10,2023,7,11
0.0,1.999999761581421,32.0,10,2023,7,11
0.0,4.999999523162842,37.0,10,2023,7,11
0.0,0.0,38.0,10,2023,7,11
0.0,10.000000953674316,39.0,10,2023,7,11
0.2410346567630767,5.999999523162842,44.0,10,2023,7,11
0.0,1.999999761581421,5.0,11,2023,7,11
0.8273388743400574,0.0,9.0,11,2023,7,11
0.5257734060287476,0.0,11.0,11,2023,7,11
1.4439350366592407,0.0,13.0,11,2023,7,11
0.1535390168428421,0.6999999284744263,25.0,11,2023,7,11
0.0864687263965606,0.0,29.0,11,2023,7,11
0.0,0.0,30.0,11,2023,7,11
0.0,0.0,32.0,11,2023,7,11
0.0,0.0,37.0,11,2023,7,11
0.0,0.0,38.0,11,2023,7,11
0.0,1.999999761581421,39.0,11,2023,7,11
0.0,0.9999998807907104,44.0,11,2023,7,11
0.0,0.0,5.0,12,2023,7,11
1.0598970651626587,0.0,9.0,12,2023,7,11
0.5844814777374268,7.0,11.0,12,2023,7,11
1.234245538711548,97.00001525878906,13.0,12,2023,7,11
0.0,0.0,25.0,12,2023,7,11
0.0,0.0,29.0,12,2023,7,11
0.0,0.0,30.0,12,2023,7,11
0.0,0.0,32.0,12,2023,7,11
0.0,0.0,37.0,12,2023,7,11
0.0,0.0,38.0,12,2023,7,11
0.0,0.0,39.0,12,2023,7,11
0.0,0.0,44.0,12,2023,7,11
0.0,0.0,5.0,13,2023,7,11
0.0,11.0,9.0,13,2023,7,11
0.1048268750309944,14.000000953674316,11.0,13,2023,7,11
2.3639254570007324,36.29999923706055,13.0,13,2023,7,11
0.1973955631256103,8.0,25.0,13,2023,7,11
0.0,0.6999999284744263,29.0,13,2023,7,11
0.0,0.0,30.0,13,2023,7,11
0.0,0.0,32.0,13,2023,7,11
0.0,0.0,37.0,13,2023,7,11
0.0,47.999996185302734,38.0,13,2023,7,11
0.0,0.0,39.0,13,2023,7,11
0.0,0.0,44.0,13,2023,7,11
0.0,0.0,5.0,14,2023,7,11
0.2445357292890548,4.0,9.0,14,2023,7,11
0.9121531248092652,14.000000953674316,11.0,14,2023,7,11
1.8914198875427248,12.000001907348633,13.0,14,2023,7,11
0.5189976692199707,0.9999998807907104,25.0,14,2023,7,11
0.4930593371391296,0.4000000953674316,29.0,14,2023,7,11
0.0,0.0,30.0,14,2023,7,11
0.0,0.0,32.0,14,2023,7,11
0.0,0.0,37.0,14,2023,7,11
0.0,0.0,38.0,14,2023,7,11
0.0,0.0,39.0,14,2023,7,11
0.0,0.0,44.0,14,2023,7,11
0.0,0.0,5.0,15,2023,7,11
0.4478670060634613,0.0,9.0,15,2023,7,11
0.5346279144287109,0.9999998807907104,11.0,15,2023,7,11
1.651440978050232,0.0,13.0,15,2023,7,11
0.6865148544311523,0.0,25.0,15,2023,7,11
0.2602449357509613,0.0,29.0,15,2023,7,11
0.2093227803707122,0.0,30.0,15,2023,7,11
0.4610993862152099,0.0,32.0,15,2023,7,11
0.0,0.0,37.0,15,2023,7,11
0.0,0.0,38.0,15,2023,7,11
0.0,0.0,39.0,15,2023,7,11
0.0214069318026304,4.0,44.0,15,2023,7,11
0.0,0.0,5.0,16,2023,7,11
1.802560806274414,0.0,9.0,16,2023,7,11
0.5367410182952881,2.999999523162842,11.0,16,2023,7,11
1.2974072694778442,0.0,13.0,16,2023,7,11
0.2073537856340408,0.0,25.0,16,2023,7,11
0.3616509139537811,0.0,29.0,16,2023,7,11
0.0,0.0,30.0,16,2023,7,11
0.0,0.0,32.0,16,2023,7,11
0.0,0.0,37.0,16,2023,7,11
0.0,0.0,38.0,16,2023,7,11
0.0,0.0,39.0,16,2023,7,11
0.0,0.0,44.0,16,2023,7,11
0.0,10.099998474121094,5.0,17,2023,7,11
1.7700331211090088,17.0,9.0,17,2023,7,11
0.7829810380935669,0.4000000953674316,11.0,17,2023,7,11
1.798001408576965,7.1999993324279785,13.0,17,2023,7,11
0.0075872601009905,18.0,25.0,17,2023,7,11
0.0977829471230506,0.0,29.0,17,2023,7,11
0.0,0.2000000029802322,30.0,17,2023,7,11
0.0,7.0,32.0,17,2023,7,11
0.0,0.2000000029802322,37.0,17,2023,7,11
0.0,0.0,38.0,17,2023,7,11
0.0,0.3000000715255737,39.0,17,2023,7,11
0.0,0.0,44.0,17,2023,7,11
0.0,13.500001907348633,5.0,18,2023,7,11
0.9113469123840332,48.99999237060547,9.0,18,2023,7,11
0.6116946935653687,11.69999885559082,11.0,18,2023,7,11
2.7953734397888184,52.20000076293945,13.0,18,2023,7,11
0.7113474607467651,35.0,25.0,18,2023,7,11
0.1693693697452545,22.0,29.0,18,2023,7,11
0.0,4.0,30.0,18,2023,7,11
0.0,8.0,32.0,18,2023,7,11
0.0,1.8000000715255735,37.0,18,2023,7,11
0.0,0.9999998807907104,38.0,18,2023,7,11
0.0,2.6999998092651367,39.0,18,2023,7,11
0.2589111030101776,0.0,44.0,18,2023,7,11
0.0,7.40000057220459,5.0,19,2023,7,11
0.6417665481567383,0.0,9.0,19,2023,7,11
0.6167232990264893,27.90000534057617,11.0,19,2023,7,11
2.221217155456543,21.000001907348636,13.0,19,2023,7,11
0.6711708307266235,15.0,25.0,19,2023,7,11
0.009836146607995,17.80000114440918,29.0,19,2023,7,11
0.1024709865450859,1.999999761581421,30.0,19,2023,7,11
0.0,10.000000953674316,32.0,19,2023,7,11
0.0,0.5,37.0,19,2023,7,11
0.0257010404020547,13.000000953674316,38.0,19,2023,7,11
0.0,1.999999761581421,39.0,19,2023,7,11
0.0549168474972248,0.9999998807907104,44.0,19,2023,7,11
0.0,41.99999237060547,5.0,20,2023,7,11
0.9795337319374084,6.500000476837158,9.0,20,2023,7,11
1.3704557418823242,22.0,11.0,20,2023,7,11
0.6293250322341919,37.0,13.0,20,2023,7,11
0.1654507517814636,12.000001907348633,25.0,20,2023,7,11
0.1076642274856567,9.199999809265137,29.0,20,2023,7,11
0.0,4.999999523162842,30.0,20,2023,7,11
0.0,39.0,32.0,20,2023,7,11
0.0,29.999998092651367,37.0,20,2023,7,11
0.0,4.999999523162842,38.0,20,2023,7,11
0.0,11.500000953674316,39.0,20,2023,7,11
0.0,1.1999998092651367,44.0,20,2023,7,11
0.0,0.0,5.0,7,2020,7,15
2.478065252304077,0.0,9.0,7,2020,7,15
2.400670289993286,0.4000000953674316,11.0,7,2020,7,15
3.879116535186768,0.0,13.0,7,2020,7,15
1.725400686264038,0.3000000715255737,25.0,7,2020,7,15
1.1545385122299194,0.0,29.0,7,2020,7,15
0.0,1.8000000715255735,30.0,7,2020,7,15
0.0,0.0,32.0,7,2020,7,15
0.0,0.0,37.0,7,2020,7,15
0.1993900090456009,0.0,38.0,7,2020,7,15
0.0,0.0,39.0,7,2020,7,15
0.624282956123352,36.19999694824219,44.0,7,2020,7,15
0.0,0.0,5.0,8,2020,7,15
1.561995267868042,4.700000286102295,9.0,8,2020,7,15
1.032130002975464,0.0,11.0,8,2020,7,15
3.262462615966797,0.0,13.0,8,2020,7,15
1.1501020193099976,0.0,25.0,8,2020,7,15
0.2515603303909302,0.0,29.0,8,2020,7,15
0.0,0.0,30.0,8,2020,7,15
0.0,0.0,32.0,8,2020,7,15
0.0,0.0,37.0,8,2020,7,15
0.0,0.0,38.0,8,2020,7,15
0.0,0.0,39.0,8,2020,7,15
0.4466400444507599,0.0,44.0,8,2020,7,15
0.0,0.0,5.0,9,2020,7,15
2.892670154571533,0.0,9.0,9,2020,7,15
1.125309705734253,0.0,11.0,9,2020,7,15
2.056236505508423,0.0,13.0,9,2020,7,15
0.9445642828941344,0.0,25.0,9,2020,7,15
0.0333366282284259,0.0,29.0,9,2020,7,15
0.0,0.0,30.0,9,2020,7,15
0.0,0.9000000953674316,32.0,9,2020,7,15
0.0,0.0,37.0,9,2020,7,15
0.0,0.0,38.0,9,2020,7,15
0.0,1.1000001430511477,39.0,9,2020,7,15
0.0,0.0,44.0,9,2020,7,15
0.0,0.0,5.0,10,2020,7,15
1.70508074760437,23.0,9.0,10,2020,7,15
0.9619980454444884,0.0,11.0,10,2020,7,15
2.940185785293579,0.0,13.0,10,2020,7,15
0.8590229153633118,0.0,25.0,10,2020,7,15
0.0,0.0,29.0,10,2020,7,15
0.0,0.0,30.0,10,2020,7,15
0.0,0.0,32.0,10,2020,7,15
0.0,0.0,37.0,10,2020,7,15
0.0,0.0,38.0,10,2020,7,15
0.0,0.0,39.0,10,2020,7,15
0.0,0.0,44.0,10,2020,7,15
0.0,0.0,5.0,11,2020,7,15
1.2613463401794434,0.0,9.0,11,2020,7,15
1.334805607795715,0.0,11.0,11,2020,7,15
2.4149272441864014,0.0,13.0,11,2020,7,15
0.3484651446342468,0.0,25.0,11,2020,7,15
0.0220150724053382,0.0,29.0,11,2020,7,15
0.0,0.0,30.0,11,2020,7,15
0.0,0.0,32.0,11,2020,7,15
0.0,0.0,37.0,11,2020,7,15
0.0,0.0,38.0,11,2020,7,15
0.0,0.0,39.0,11,2020,7,15
0.0,0.0,44.0,11,2020,7,15
0.0,11.0,5.0,12,2020,7,15
2.1447646617889404,23.100000381469727,9.0,12,2020,7,15
1.7310124635696411,0.0,11.0,12,2020,7,15
2.753336906433105,21.000001907348636,13.0,12,2020,7,15
0.9467569589614868,0.0,25.0,12,2020,7,15
0.4888883531093597,0.0,29.0,12,2020,7,15
0.260473221540451,0.0,30.0,12,2020,7,15
0.0,0.0,32.0,12,2020,7,15
0.0,0.0,37.0,12,2020,7,15
0.0,0.0,38.0,12,2020,7,15
0.0,0.0,39.0,12,2020,7,15
0.0,0.0,44.0,12,2020,7,15
0.0,11.399998664855955,5.0,13,2020,7,15
1.2611353397369385,0.0,9.0,13,2020,7,15
0.8264501094818115,0.0,11.0,13,2020,7,15
3.5880863666534424,0.0,13.0,13,2020,7,15
0.2811752557754516,8.199999809265137,25.0,13,2020,7,15
0.1933652907609939,0.0,29.0,13,2020,7,15
0.0,0.0,30.0,13,2020,7,15
0.0,0.0,32.0,13,2020,7,15
0.0,0.0,37.0,13,2020,7,15
0.0,0.0,38.0,13,2020,7,15
0.0,0.0,39.0,13,2020,7,15
0.0,1.9000003337860107,44.0,13,2020,7,15
0.0,0.0,5.0,14,2020,7,15
2.283887386322021,0.0,9.0,14,2020,7,15
1.5942349433898926,0.0,11.0,14,2020,7,15
3.5463552474975586,23.80000305175781,13.0,14,2020,7,15
0.621079683303833,0.0,25.0,14,2020,7,15
0.4349163770675659,4.199999809265137,29.0,14,2020,7,15
0.0,0.0,30.0,14,2020,7,15
0.0,0.0,32.0,14,2020,7,15
0.0,0.0,37.0,14,2020,7,15
0.0,0.0,38.0,14,2020,7,15
0.0,0.0,39.0,14,2020,7,15
0.1164212077856063,0.0,44.0,14,2020,7,15
0.0,0.0,5.0,15,2020,7,15
2.885441541671753,0.0,9.0,15,2020,7,15
0.704457700252533,0.0,11.0,15,2020,7,15
3.1235952377319336,2.999999523162842,13.0,15,2020,7,15
0.6099568605422974,0.0,25.0,15,2020,7,15
0.1520009040832519,0.0,29.0,15,2020,7,15
0.0,13.40000343322754,30.0,15,2020,7,15
0.0,0.0,32.0,15,2020,7,15
0.0,0.0,37.0,15,2020,7,15
0.0,32.20000076293945,38.0,15,2020,7,15
0.0,0.0,39.0,15,2020,7,15
0.0,0.0,44.0,15,2020,7,15
0.0,0.0,5.0,16,2020,7,15
2.185821533203125,0.0,9.0,16,2020,7,15
0.8842172622680664,0.0,11.0,16,2020,7,15
3.886201858520508,0.0,13.0,16,2020,7,15
0.64595627784729,0.0,25.0,16,2020,7,15
0.321957528591156,0.0,29.0,16,2020,7,15
0.0,0.0,30.0,16,2020,7,15
0.0,0.0,32.0,16,2020,7,15
0.0,0.0,37.0,16,2020,7,15
0.0,0.0,38.0,16,2020,7,15
0.0,0.0,39.0,16,2020,7,15
0.3429908156394958,0.0,44.0,16,2020,7,15
0.0,0.0,5.0,17,2020,7,15
2.310046911239624,0.0,9.0,17,2020,7,15
0.6036536693572998,0.0,11.0,17,2020,7,15
3.2863903045654297,0.0,13.0,17,2020,7,15
0.190738558769226,0.0,25.0,17,2020,7,15
0.0,0.0,29.0,17,2020,7,15
0.0,0.0,30.0,17,2020,7,15
0.0,0.0,32.0,17,2020,7,15
0.0,0.0,37.0,17,2020,7,15
0.0,0.0,38.0,17,2020,7,15
0.0,0.0,39.0,17,2020,7,15
0.0,18.700000762939453,44.0,17,2020,7,15
0.0,3.1000001430511475,5.0,18,2020,7,15
2.1770191192626958,0.0,9.0,18,2020,7,15
0.7740927338600159,0.0,11.0,18,2020,7,15
1.6913208961486816,0.6999999284744263,13.0,18,2020,7,15
0.0685696303844451,3.6000003814697266,25.0,18,2020,7,15
0.0851912125945091,0.800000011920929,29.0,18,2020,7,15
0.0,0.0999999865889549,30.0,18,2020,7,15
0.0,26.80000114440918,32.0,18,2020,7,15
0.0,14.000000953674316,37.0,18,2020,7,15
0.0,1.600000023841858,38.0,18,2020,7,15
0.0,21.000001907348636,39.0,18,2020,7,15
0.0,54.79999542236328,44.0,18,2020,7,15
0.0,3.200000286102295,5.0,19,2020,7,15
0.6217315793037415,0.0999999865889549,9.0,19,2020,7,15
0.1608713418245315,0.0,11.0,19,2020,7,15
1.068474054336548,0.0,13.0,19,2020,7,15
0.1857928782701492,9.100001335144045,25.0,19,2020,7,15
0.0,0.0,29.0,19,2020,7,15
0.0,5.100000381469727,30.0,19,2020,7,15
0.0,44.399993896484375,32.0,19,2020,7,15
0.0,0.0,37.0,19,2020,7,15
0.0,14.499999046325684,38.0,19,2020,7,15
0.0,28.89999771118164,39.0,19,2020,7,15
0.0,49.30000686645508,44.0,19,2020,7,15
0.0,1.999999761581421,5.0,20,2020,7,15
0.5285070538520813,4.800000190734863,9.0,20,2020,7,15
0.0,26.80000114440918,11.0,20,2020,7,15
0.3927578628063202,21.000001907348636,13.0,20,2020,7,15
0.0,19.899999618530277,25.0,20,2020,7,15
0.0,0.6999999284744263,29.0,20,2020,7,15
0.0,42.499996185302734,30.0,20,2020,7,15
0.0,24.30000114440918,32.0,20,2020,7,15
0.0,56.800025939941406,37.0,20,2020,7,15
0.0,48.80000305175781,38.0,20,2020,7,15
0.0,81.70001220703125,39.0,20,2020,7,15
0.0,60.900001525878906,44.0,20,2020,7,15
0.0,53.699989318847656,5.0,7,2021,7,15
2.2484006881713867,51.70000457763672,9.0,7,2021,7,15
3.945956230163574,28.29999351501465,11.0,7,2021,7,15
5.225301265716553,39.19999694824219,13.0,7,2021,7,15
1.321028232574463,91.39999389648438,25.0,7,2021,7,15
0.9051815867424012,72.00001525878906,29.0,7,2021,7,15
0.0,52.399993896484375,30.0,7,2021,7,15
0.0,17.0,32.0,7,2021,7,15
0.0,5.900000095367432,37.0,7,2021,7,15
0.0,46.400001525878906,38.0,7,2021,7,15
0.0,0.9999998807907104,39.0,7,2021,7,15
1.2857260704040527,0.0,44.0,7,2021,7,15
0.0,0.800000011920929,5.0,8,2021,7,15
1.8169199228286743,0.0,9.0,8,2021,7,15
2.2408266067504883,6.90000057220459,11.0,8,2021,7,15
5.190719604492188,0.0,13.0,8,2021,7,15
2.283804416656494,1.9000003337860107,25.0,8,2021,7,15
0.3282912969589233,7.899998664855957,29.0,8,2021,7,15
0.0538283288478851,11.399998664855955,30.0,8,2021,7,15
0.0441523417830467,6.700000762939453,32.0,8,2021,7,15
0.0,14.799997329711914,37.0,8,2021,7,15
0.0,5.100000381469727,38.0,8,2021,7,15
0.0,14.000000953674316,39.0,8,2021,7,15
0.644787609577179,70.59998321533203,44.0,8,2021,7,15
0.0,0.0,5.0,9,2021,7,15
3.1626076698303223,0.0,9.0,9,2021,7,15
2.4141955375671387,0.0,11.0,9,2021,7,15
5.646124839782715,0.0,13.0,9,2021,7,15
1.2353758811950684,0.0,25.0,9,2021,7,15
0.6917875409126282,0.0,29.0,9,2021,7,15
0.1196287497878074,0.0,30.0,9,2021,7,15
0.0,0.0,32.0,9,2021,7,15
0.0,0.0,37.0,9,2021,7,15
0.0,0.0,38.0,9,2021,7,15
0.0,0.0,39.0,9,2021,7,15
0.7619757652282715,26.19999885559082,44.0,9,2021,7,15
0.0,29.999998092651367,5.0,10,2021,7,15
3.888862133026123,0.0,9.0,10,2021,7,15
3.6683506965637207,25.70000267028809,11.0,10,2021,7,15
8.45908260345459,0.0,13.0,10,2021,7,15
0.9022149443626404,23.700000762939453,25.0,10,2021,7,15
0.8440148830413818,27.20000267028809,29.0,10,2021,7,15
0.3909742534160614,0.0,30.0,10,2021,7,15
0.0,0.0,32.0,10,2021,7,15
0.0,0.0,37.0,10,2021,7,15
0.0828090757131576,0.0,38.0,10,2021,7,15
0.0,0.0,39.0,10,2021,7,15
1.9915733337402344,0.0,44.0,10,2021,7,15
0.0,44.99999237060547,5.0,11,2021,7,15
4.012775897979736,0.0,9.0,11,2021,7,15
1.3990230560302734,0.0,11.0,11,2021,7,15
4.308434009552002,13.099998474121094,13.0,11,2021,7,15
0.4286367297172546,42.600006103515625,25.0,11,2021,7,15
1.2311536073684692,34.000003814697266,29.0,11,2021,7,15
0.0,12.000001907348633,30.0,11,2021,7,15
0.0,1.1999998092651367,32.0,11,2021,7,15
0.0,7.300000190734863,37.0,11,2021,7,15
0.0,12.500000953674316,38.0,11,2021,7,15
0.0170748550444841,8.09999942779541,39.0,11,2021,7,15
1.151052951812744,42.20000076293945,44.0,11,2021,7,15
0.0,0.0,5.0,12,2021,7,15
3.61576771736145,1.2999999523162842,9.0,12,2021,7,15
1.5531022548675537,0.0,11.0,12,2021,7,15
4.992303848266602,2.999999523162842,13.0,12,2021,7,15
0.9733418226242064,4.099999904632568,25.0,12,2021,7,15
0.6500216126441956,1.1999998092651367,29.0,12,2021,7,15
0.0,0.0,30.0,12,2021,7,15
0.0,0.0,32.0,12,2021,7,15
0.0,0.0,37.0,12,2021,7,15
0.2376088052988052,12.59999942779541,38.0,12,2021,7,15
0.0,0.0,39.0,12,2021,7,15
1.2530626058578491,0.0,44.0,12,2021,7,15
0.0,0.0,5.0,13,2021,7,15
0.8175560235977173,18.59999656677246,9.0,13,2021,7,15
1.3473103046417236,34.100006103515625,11.0,13,2021,7,15
2.875352621078491,6.700000762939453,13.0,13,2021,7,15
1.3766471147537231,0.0,25.0,13,2021,7,15
0.8329469561576843,1.1999998092651367,29.0,13,2021,7,15
0.0,0.0,30.0,13,2021,7,15
0.0,0.0,32.0,13,2021,7,15
0.0,0.0,37.0,13,2021,7,15
0.0,0.0,38.0,13,2021,7,15
0.0,0.0,39.0,13,2021,7,15
0.5108936429023743,0.0,44.0,13,2021,7,15
0.0,0.0,5.0,14,2021,7,15
1.2263966798782349,22.0,9.0,14,2021,7,15
1.7218502759933472,27.90000534057617,11.0,14,2021,7,15
5.9600605964660645,12.100000381469728,13.0,14,2021,7,15
1.9477064609527588,16.499998092651367,25.0,14,2021,7,15
0.6254719495773315,3.6999998092651367,29.0,14,2021,7,15
0.0,9.400001525878906,30.0,14,2021,7,15
0.0,0.0,32.0,14,2021,7,15
0.0,0.0,37.0,14,2021,7,15
0.0,0.0,38.0,14,2021,7,15
0.0,0.0,39.0,14,2021,7,15
0.4208544492721557,0.0,44.0,14,2021,7,15
0.0,0.0,5.0,15,2021,7,15
1.5196409225463867,6.700000762939453,9.0,15,2021,7,15
1.866774082183838,16.899999618530273,11.0,15,2021,7,15
2.7815732955932617,0.0,13.0,15,2021,7,15
0.7515546679496765,0.0,25.0,15,2021,7,15
0.5253764390945435,31.70000648498535,29.0,15,2021,7,15
0.247614711523056,0.0,30.0,15,2021,7,15
0.0,0.0,32.0,15,2021,7,15
0.0,0.0,37.0,15,2021,7,15
0.0,1.1000001430511477,38.0,15,2021,7,15
0.0,0.0,39.0,15,2021,7,15
0.4722400605678558,0.0,44.0,15,2021,7,15
0.0,4.199999809265137,5.0,16,2021,7,15
2.173133134841919,0.0,9.0,16,2021,7,15
2.110764980316162,0.0,11.0,16,2021,7,15
2.8161988258361816,0.0,13.0,16,2021,7,15
0.8561151623725891,0.0,25.0,16,2021,7,15
0.0418833494186401,0.0,29.0,16,2021,7,15
0.0240271333605051,0.4000000953674316,30.0,16,2021,7,15
0.0,0.0,32.0,16,2021,7,15
0.0,0.0,37.0,16,2021,7,15
0.0,0.0,38.0,16,2021,7,15
0.0,0.0,39.0,16,2021,7,15
0.3416173756122589,0.0,44.0,16,2021,7,15
0.0,62.69998550415039,5.0,17,2021,7,15
1.4357244968414309,35.5,9.0,17,2021,7,15
2.4771199226379395,31.90000534057617,11.0,17,2021,7,15
2.9275805950164795,36.60000228881836,13.0,17,2021,7,15
0.6825872659683228,67.20002746582031,25.0,17,2021,7,15
0.4093869924545288,34.400001525878906,29.0,17,2021,7,15
0.012043023481965,44.89999008178711,30.0,17,2021,7,15
0.0,38.900001525878906,32.0,17,2021,7,15
0.0,32.20000076293945,37.0,17,2021,7,15
0.0,35.29999542236328,38.0,17,2021,7,15
0.0,34.700008392333984,39.0,17,2021,7,15
0.0,14.699999809265137,44.0,17,2021,7,15
0.0,0.0,5.0,18,2021,7,15
1.7610387802124023,0.0,9.0,18,2021,7,15
3.01606822013855,0.0,11.0,18,2021,7,15
6.333256721496582,0.0,13.0,18,2021,7,15
1.053135633468628,0.0,25.0,18,2021,7,15
1.292741775512695,0.0,29.0,18,2021,7,15
0.0,0.0,30.0,18,2021,7,15
0.0,0.0,32.0,18,2021,7,15
0.0,0.0,37.0,18,2021,7,15
0.0,0.0,38.0,18,2021,7,15
0.0,0.0,39.0,18,2021,7,15
0.4183294475078583,0.0,44.0,18,2021,7,15
0.0,33.60000228881836,5.0,19,2021,7,15
2.51735782623291,0.0,9.0,19,2021,7,15
4.552576065063477,0.0,11.0,19,2021,7,15
7.980218887329102,0.0,13.0,19,2021,7,15
1.92760705947876,34.700008392333984,25.0,19,2021,7,15
1.0348862409591677,0.0,29.0,19,2021,7,15
0.1783638447523117,0.0,30.0,19,2021,7,15
0.0,0.0,32.0,19,2021,7,15
0.0,0.0,37.0,19,2021,7,15
0.2773357331752777,0.0,38.0,19,2021,7,15
0.0,0.0,39.0,19,2021,7,15
0.4269537329673767,0.0,44.0,19,2021,7,15
0.0,0.0,5.0,20,2021,7,15
2.78208589553833,0.0,9.0,20,2021,7,15
2.455044984817505,0.0,11.0,20,2021,7,15
4.486116886138916,0.0,13.0,20,2021,7,15
1.4047521352767944,0.0,25.0,20,2021,7,15
0.7532480359077454,0.0,29.0,20,2021,7,15
0.0136156352236866,0.0,30.0,20,2021,7,15
0.0,0.0,32.0,20,2021,7,15
0.0,0.0,37.0,20,2021,7,15
0.1348319500684738,0.0,38.0,20,2021,7,15
0.0,0.0,39.0,20,2021,7,15
0.8825259208679199,0.0,44.0,20,2021,7,15
0.0,1.999999761581421,5.0,7,2022,7,15
3.0401804447174072,8.0,9.0,7,2022,7,15
1.6594126224517822,5.100000381469727,11.0,7,2022,7,15
2.7462048530578613,36.09999847412109,13.0,7,2022,7,15
1.4272637367248535,3.6999998092651367,25.0,7,2022,7,15
0.7457491159439087,0.2000000029802322,29.0,7,2022,7,15
0.0,0.800000011920929,30.0,7,2022,7,15
0.0,0.0,32.0,7,2022,7,15
0.0,18.09999656677246,37.0,7,2022,7,15
0.0,16.100004196166992,38.0,7,2022,7,15
0.0,15.0,39.0,7,2022,7,15
0.8290020227432251,11.0,44.0,7,2022,7,15
0.0,1.3999998569488523,5.0,8,2022,7,15
2.176009178161621,0.4000000953674316,9.0,8,2022,7,15
0.7870786786079407,4.999999523162842,11.0,8,2022,7,15
2.421712875366211,24.999998092651367,13.0,8,2022,7,15
0.2832723259925842,0.0,25.0,8,2022,7,15
0.1274513155221939,17.0,29.0,8,2022,7,15
0.0,0.0,30.0,8,2022,7,15
0.0,0.0,32.0,8,2022,7,15
0.0,0.0,37.0,8,2022,7,15
0.0,0.0,38.0,8,2022,7,15
0.0,0.0999999865889549,39.0,8,2022,7,15
0.5334059596061707,0.0,44.0,8,2022,7,15
0.0,5.999999523162842,5.0,9,2022,7,15
1.2962522506713867,23.100000381469727,9.0,9,2022,7,15
0.4273191094398498,18.0,11.0,9,2022,7,15
1.6634305715560913,22.0,13.0,9,2022,7,15
0.6356091499328613,0.0,25.0,9,2022,7,15
0.0,0.0,29.0,9,2022,7,15
0.0,2.999999523162842,30.0,9,2022,7,15
0.0,0.0,32.0,9,2022,7,15
0.0,1.999999761581421,37.0,9,2022,7,15
0.0,16.0,38.0,9,2022,7,15
0.0,0.0,39.0,9,2022,7,15
0.4010114669799804,0.0,44.0,9,2022,7,15
0.0,0.0,5.0,10,2022,7,15
1.3228390216827393,2.999999523162842,9.0,10,2022,7,15
0.1820863485336303,0.0,11.0,10,2022,7,15
1.7768090963363647,0.0,13.0,10,2022,7,15
0.9170104265213012,0.0,25.0,10,2022,7,15
0.0,0.0,29.0,10,2022,7,15
0.0,13.000000953674316,30.0,10,2022,7,15
0.0,0.0,32.0,10,2022,7,15
0.0,0.0,37.0,10,2022,7,15
0.0,0.0,38.0,10,2022,7,15
0.0,0.0,39.0,10,2022,7,15
0.0804150998592376,1.999999761581421,44.0,10,2022,7,15
0.0,0.0,5.0,11,2022,7,15
0.9745166897773744,0.0,9.0,11,2022,7,15
0.7120828628540039,0.0,11.0,11,2022,7,15
1.2901595830917358,0.0,13.0,11,2022,7,15
0.186106652021408,0.5,25.0,11,2022,7,15
0.0,0.0,29.0,11,2022,7,15
0.0,0.0,30.0,11,2022,7,15
0.0,0.0,32.0,11,2022,7,15
0.0,0.0,37.0,11,2022,7,15
0.0,0.0,38.0,11,2022,7,15
0.0,0.0,39.0,11,2022,7,15
0.0,0.0,44.0,11,2022,7,15
0.0,0.0,5.0,12,2022,7,15
1.4731290340423584,0.0,9.0,12,2022,7,15
1.057936668395996,0.0,11.0,12,2022,7,15
2.32193660736084,0.0,13.0,12,2022,7,15
0.0,0.0,25.0,12,2022,7,15
0.0,0.0,29.0,12,2022,7,15
0.0,0.0,30.0,12,2022,7,15
0.0,0.0,32.0,12,2022,7,15
0.0,0.4000000953674316,37.0,12,2022,7,15
0.0,0.0,38.0,12,2022,7,15
0.0,0.0,39.0,12,2022,7,15
0.0,1.999999761581421,44.0,12,2022,7,15
0.0,0.0,5.0,13,2022,7,15
0.4494308233261108,0.0,9.0,13,2022,7,15
1.5387935638427734,0.0,11.0,13,2022,7,15
2.675676107406616,0.0,13.0,13,2022,7,15
0.1951924562454223,0.0,25.0,13,2022,7,15
0.0,0.0,29.0,13,2022,7,15
0.0,0.9999998807907104,30.0,13,2022,7,15
0.0,0.0,32.0,13,2022,7,15
0.0,0.0,37.0,13,2022,7,15
0.0,0.0,38.0,13,2022,7,15
0.0,0.0,39.0,13,2022,7,15
0.0,7.0,44.0,13,2022,7,15
0.0,0.0,5.0,14,2022,7,15
1.2543385028839111,0.5,9.0,14,2022,7,15
1.9969842433929443,0.0,11.0,14,2022,7,15
2.0341837406158447,0.9999998807907104,13.0,14,2022,7,15
0.3625542223453522,0.0,25.0,14,2022,7,15
0.0,0.0,29.0,14,2022,7,15
0.0,9.0,30.0,14,2022,7,15
0.0,0.0,32.0,14,2022,7,15
0.0,0.0,37.0,14,2022,7,15
0.0,0.0,38.0,14,2022,7,15
0.0,1.999999761581421,39.0,14,2022,7,15
0.0172806363552808,7.0,44.0,14,2022,7,15
0.0,0.0,5.0,15,2022,7,15
0.3538756966590881,41.99999237060547,9.0,15,2022,7,15
0.687692403793335,4.999999523162842,11.0,15,2022,7,15
2.0640902519226074,0.0999999865889549,13.0,15,2022,7,15
0.3659234941005707,0.0,25.0,15,2022,7,15
0.0,8.0,29.0,15,2022,7,15
0.0,0.0,30.0,15,2022,7,15
0.0,21.000001907348636,32.0,15,2022,7,15
0.0,4.999999523162842,37.0,15,2022,7,15
0.0,0.0,38.0,15,2022,7,15
0.0,14.000000953674316,39.0,15,2022,7,15
0.0,12.000001907348633,44.0,15,2022,7,15
0.0,0.0999999865889549,5.0,16,2022,7,15
0.7107276916503906,18.0,9.0,16,2022,7,15
0.2650515735149383,0.0,11.0,16,2022,7,15
0.8619774580001831,1.9000003337860107,13.0,16,2022,7,15
0.0142560070380568,1.1000001430511477,25.0,16,2022,7,15
0.0,0.5,29.0,16,2022,7,15
0.0,27.10000228881836,30.0,16,2022,7,15
0.0,1.999999761581421,32.0,16,2022,7,15
0.0,0.0,37.0,16,2022,7,15
0.0,1.999999761581421,38.0,16,2022,7,15
0.0,5.999999523162842,39.0,16,2022,7,15
0.0,14.000000953674316,44.0,16,2022,7,15
0.0,7.0,5.0,17,2022,7,15
1.0446538925170898,0.5,9.0,17,2022,7,15
0.2872070372104645,0.0,11.0,17,2022,7,15
0.9802910089492798,1.999999761581421,13.0,17,2022,7,15
0.0,26.09999656677246,25.0,17,2022,7,15
0.0110233500599861,0.0,29.0,17,2022,7,15
0.0,4.0,30.0,17,2022,7,15
0.0,7.0,32.0,17,2022,7,15
0.0,1.999999761581421,37.0,17,2022,7,15
0.0,4.999999523162842,38.0,17,2022,7,15
0.0,0.0999999865889549,39.0,17,2022,7,15
0.0,5.999999523162842,44.0,17,2022,7,15
0.0,0.0,5.0,18,2022,7,15
0.2253456711769104,4.999999523162842,9.0,18,2022,7,15
1.2677135467529297,1.999999761581421,11.0,18,2022,7,15
2.0193920135498047,48.99999237060547,13.0,18,2022,7,15
0.0899581164121627,0.0,25.0,18,2022,7,15
0.0,0.0,29.0,18,2022,7,15
0.0,0.0,30.0,18,2022,7,15
0.0,0.4000000953674316,32.0,18,2022,7,15
0.0,0.0,37.0,18,2022,7,15
0.0,10.000000953674316,38.0,18,2022,7,15
0.0,2.999999523162842,39.0,18,2022,7,15
0.0,0.800000011920929,44.0,18,2022,7,15
0.0,3.200000286102295,5.0,19,2022,7,15
0.5269607901573181,18.0,9.0,19,2022,7,15
0.4192537665367126,4.999999523162842,11.0,19,2022,7,15
1.8167301416397093,24.999998092651367,13.0,19,2022,7,15
0.2023459374904632,4.999999523162842,25.0,19,2022,7,15
0.0185789726674556,7.0,29.0,19,2022,7,15
0.0,0.3000000715255737,30.0,19,2022,7,15
0.0,0.9999998807907104,32.0,19,2022,7,15
0.0,0.0,37.0,19,2022,7,15
0.0,12.000001907348633,38.0,19,2022,7,15
0.0,0.2000000029802322,39.0,19,2022,7,15
0.0,0.5,44.0,19,2022,7,15
0.0,0.0,5.0,20,2022,7,15
0.4841077327728271,0.0,9.0,20,2022,7,15
0.1670905500650406,24.999998092651367,11.0,20,2022,7,15
0.7702565789222717,17.0,13.0,20,2022,7,15
0.0,0.9999998807907104,25.0,20,2022,7,15
0.0,0.0,29.0,20,2022,7,15
0.0,0.0,30.0,20,2022,7,15
0.0,17.0,32.0,20,2022,7,15
0.0,0.0,37.0,20,2022,7,15
0.0,0.0,38.0,20,2022,7,15
0.0,4.999999523162842,39.0,20,2022,7,15
0.0,0.0,44.0,20,2022,7,15
0.0,1.999999761581421,5.0,7,2023,7,15
1.309946060180664,0.0,9.0,7,2023,7,15
0.0996271297335624,0.0,11.0,7,2023,7,15
1.433707356452942,0.0,13.0,7,2023,7,15
0.2166627347469329,0.6999999284744263,25.0,7,2023,7,15
0.0,0.0,29.0,7,2023,7,15
0.0,0.0,30.0,7,2023,7,15
0.0,0.0,32.0,7,2023,7,15
0.0,0.0,37.0,7,2023,7,15
0.0,0.0,38.0,7,2023,7,15
0.0,1.999999761581421,39.0,7,2023,7,15
0.0,0.9999998807907104,44.0,7,2023,7,15
0.0,0.0,5.0,8,2023,7,15
0.0,0.0,9.0,8,2023,7,15
0.7156682014465332,7.0,11.0,8,2023,7,15
1.5604125261306765,97.00001525878906,13.0,8,2023,7,15
0.3745649456977844,0.0,25.0,8,2023,7,15
0.0,0.0,29.0,8,2023,7,15
0.0,0.0,30.0,8,2023,7,15
0.0,0.0,32.0,8,2023,7,15
0.0,0.0,37.0,8,2023,7,15
0.0,0.0,38.0,8,2023,7,15
0.0,0.0,39.0,8,2023,7,15
0.0,0.0,44.0,8,2023,7,15
0.0,0.0,5.0,9,2023,7,15
0.0,11.0,9.0,9,2023,7,15
0.6929248571395874,14.000000953674316,11.0,9,2023,7,15
1.1747372150421145,36.29999923706055,13.0,9,2023,7,15
0.0445422120392322,8.0,25.0,9,2023,7,15
0.0552019998431205,0.6999999284744263,29.0,9,2023,7,15
0.0,0.0,30.0,9,2023,7,15
0.0,0.0,32.0,9,2023,7,15
0.0,0.0,37.0,9,2023,7,15
0.0,47.999996185302734,38.0,9,2023,7,15
0.0,0.0,39.0,9,2023,7,15
0.0,0.0,44.0,9,2023,7,15
0.0,0.0,5.0,10,2023,7,15
0.2243490815162658,4.0,9.0,10,2023,7,15
1.2336735725402832,14.000000953674316,11.0,10,2023,7,15
1.0161055326461792,12.000001907348633,13.0,10,2023,7,15
0.0,0.9999998807907104,25.0,10,2023,7,15
0.0,0.4000000953674316,29.0,10,2023,7,15
0.0,0.0,30.0,10,2023,7,15
0.0,0.0,32.0,10,2023,7,15
0.0,0.0,37.0,10,2023,7,15
0.0,0.0,38.0,10,2023,7,15
0.0,0.0,39.0,10,2023,7,15
0.0,0.0,44.0,10,2023,7,15
0.0,0.0,5.0,11,2023,7,15
0.1090109571814537,0.0,9.0,11,2023,7,15
0.454506516456604,0.9999998807907104,11.0,11,2023,7,15
0.1719508171081543,0.0,13.0,11,2023,7,15
0.0,0.0,25.0,11,2023,7,15
0.0,0.0,29.0,11,2023,7,15
0.0,0.0,30.0,11,2023,7,15
0.0,0.0,32.0,11,2023,7,15
0.0,0.0,37.0,11,2023,7,15
0.0,0.0,38.0,11,2023,7,15
0.0,0.0,39.0,11,2023,7,15
0.0,4.0,44.0,11,2023,7,15
0.0,0.0,5.0,12,2023,7,15
0.4716621339321136,0.0,9.0,12,2023,7,15
0.7730796933174133,2.999999523162842,11.0,12,2023,7,15
1.0215885639190674,0.0,13.0,12,2023,7,15
0.0,0.0,25.0,12,2023,7,15
0.0266556814312934,0.0,29.0,12,2023,7,15
0.2211804091930389,0.0,30.0,12,2023,7,15
0.057835329324007,0.0,32.0,12,2023,7,15
0.0,0.0,37.0,12,2023,7,15
0.0,0.0,38.0,12,2023,7,15
0.0,0.0,39.0,12,2023,7,15
0.0721049010753631,0.0,44.0,12,2023,7,15
0.0,10.099998474121094,5.0,13,2023,7,15
0.2190090715885162,17.0,9.0,13,2023,7,15
1.7505512237548828,0.4000000953674316,11.0,13,2023,7,15
1.959072709083557,7.1999993324279785,13.0,13,2023,7,15
0.4707571864128113,18.0,25.0,13,2023,7,15
0.0,0.0,29.0,13,2023,7,15
0.0,0.2000000029802322,30.0,13,2023,7,15
0.0,7.0,32.0,13,2023,7,15
0.0,0.2000000029802322,37.0,13,2023,7,15
0.0,0.0,38.0,13,2023,7,15
0.0,0.3000000715255737,39.0,13,2023,7,15
0.0,0.0,44.0,13,2023,7,15
0.0,13.500001907348633,5.0,14,2023,7,15
1.1860716342926023,48.99999237060547,9.0,14,2023,7,15
1.3630282878875732,11.69999885559082,11.0,14,2023,7,15
2.4275922775268555,52.20000076293945,13.0,14,2023,7,15
0.9482786655426024,35.0,25.0,14,2023,7,15
0.0,22.0,29.0,14,2023,7,15
0.0,4.0,30.0,14,2023,7,15
0.0,8.0,32.0,14,2023,7,15
0.0,1.8000000715255735,37.0,14,2023,7,15
0.0,0.9999998807907104,38.0,14,2023,7,15
0.0,2.6999998092651367,39.0,14,2023,7,15
0.0,0.0,44.0,14,2023,7,15
0.0,7.40000057220459,5.0,15,2023,7,15
0.7771005630493164,0.0,9.0,15,2023,7,15
0.9417191743850708,27.90000534057617,11.0,15,2023,7,15
1.7150274515151978,21.000001907348636,13.0,15,2023,7,15
0.2823072671890259,15.0,25.0,15,2023,7,15
0.054539106786251,17.80000114440918,29.0,15,2023,7,15
0.1435647457838058,1.999999761581421,30.0,15,2023,7,15
0.0,10.000000953674316,32.0,15,2023,7,15
0.0,0.5,37.0,15,2023,7,15
0.0,13.000000953674316,38.0,15,2023,7,15
0.0,1.999999761581421,39.0,15,2023,7,15
0.0390978902578353,0.9999998807907104,44.0,15,2023,7,15
0.0,41.99999237060547,5.0,16,2023,7,15
0.899994432926178,6.500000476837158,9.0,16,2023,7,15
0.5204878449440002,22.0,11.0,16,2023,7,15
1.335983157157898,37.0,13.0,16,2023,7,15
0.1954335123300552,12.000001907348633,25.0,16,2023,7,15
0.0271523278206586,9.199999809265137,29.0,16,2023,7,15
0.0,4.999999523162842,30.0,16,2023,7,15
0.0,39.0,32.0,16,2023,7,15
0.0,29.999998092651367,37.0,16,2023,7,15
0.0,4.999999523162842,38.0,16,2023,7,15
0.0,11.500000953674316,39.0,16,2023,7,15
0.0,1.1999998092651367,44.0,16,2023,7,15
0.0,27.999998092651367,5.0,17,2023,7,15
1.148134708404541,11.0,9.0,17,2023,7,15
0.5698438882827759,2.999999523162842,11.0,17,2023,7,15
2.108128547668457,10.000000953674316,13.0,17,2023,7,15
0.7280816435813904,23.0,25.0,17,2023,7,15
0.9258159399032592,14.000000953674316,29.0,17,2023,7,15
0.0,14.000000953674316,30.0,17,2023,7,15
0.0478068552911281,20.000001907348636,32.0,17,2023,7,15
0.0,18.0,37.0,17,2023,7,15
0.0,10.000000953674316,38.0,17,2023,7,15
0.0,24.5,39.0,17,2023,7,15
0.8388251662254333,5.8000006675720215,44.0,17,2023,7,15
0.0,10.000000953674316,5.0,18,2023,7,15
3.552581310272217,29.999998092651367,9.0,18,2023,7,15
2.7406468391418457,7.0,11.0,18,2023,7,15
3.634402275085449,9.0,13.0,18,2023,7,15
1.2035702466964722,8.0,25.0,18,2023,7,15
2.07807731628418,11.599998474121094,29.0,18,2023,7,15
0.2880585193634033,20.000001907348636,30.0,18,2023,7,15
0.0,29.999998092651367,32.0,18,2023,7,15
0.0,13.000000953674316,37.0,18,2023,7,15
0.0,5.999999523162842,38.0,18,2023,7,15
0.0,7.0,39.0,18,2023,7,15
1.3311986923217771,2.999999523162842,44.0,18,2023,7,15
0.0,42.99999237060547,5.0,19,2023,7,15
1.8653370141983032,12.000001907348633,9.0,19,2023,7,15
1.5752265453338623,16.0,11.0,19,2023,7,15
4.222975254058838,27.999998092651367,13.0,19,2023,7,15
0.8371767997741699,42.99999237060547,25.0,19,2023,7,15
1.142151951789856,71.40001678466797,29.0,19,2023,7,15
0.153428167104721,35.0,30.0,19,2023,7,15
0.0,16.700000762939453,32.0,19,2023,7,15
0.0,51.00000762939453,37.0,19,2023,7,15
0.0,15.0,38.0,19,2023,7,15
0.0,46.99999237060547,39.0,19,2023,7,15
1.2734222412109375,24.999998092651367,44.0,19,2023,7,15
0.0,34.000003814697266,5.0,20,2023,7,15
1.2098948955535889,8.0,9.0,20,2023,7,15
1.21225106716156,0.5999999046325684,11.0,20,2023,7,15
2.3073315620422363,929.0,13.0,20,2023,7,15
0.6352111101150513,8.0,25.0,20,2023,7,15
0.23379647731781,32.000003814697266,29.0,20,2023,7,15
0.0,39.0,30.0,20,2023,7,15
0.0,30.399999618530277,32.0,20,2023,7,15
0.0,34.100006103515625,37.0,20,2023,7,15
0.0,22.0,38.0,20,2023,7,15
0.0,65.99998474121094,39.0,20,2023,7,15
0.5153542757034302,18.0,44.0,20,2023,7,15
0.0,0.0,5.0,7,2020,7,18
1.8533880710601809,23.0,9.0,7,2020,7,18
2.0152907371521,0.0,11.0,7,2020,7,18
3.30519437789917,0.0,13.0,7,2020,7,18
1.1053575277328491,0.0,25.0,7,2020,7,18
0.3946191966533661,0.0,29.0,7,2020,7,18
0.0,0.0,30.0,7,2020,7,18
0.0,0.0,32.0,7,2020,7,18
0.0,0.0,37.0,7,2020,7,18
0.0,0.0,38.0,7,2020,7,18
0.0,0.0,39.0,7,2020,7,18
0.0,0.0,44.0,7,2020,7,18
0.0,0.0,5.0,8,2020,7,18
2.443089485168457,0.0,9.0,8,2020,7,18
2.579846143722534,0.0,11.0,8,2020,7,18
2.041065216064453,0.0,13.0,8,2020,7,18
1.6033055782318115,0.0,25.0,8,2020,7,18
0.419017344713211,0.0,29.0,8,2020,7,18
0.0,0.0,30.0,8,2020,7,18
0.0,0.0,32.0,8,2020,7,18
0.0,0.0,37.0,8,2020,7,18
0.0,0.0,38.0,8,2020,7,18
0.0,0.0,39.0,8,2020,7,18
0.8225929737091064,0.0,44.0,8,2020,7,18
0.0,11.0,5.0,9,2020,7,18
1.674285650253296,23.100000381469727,9.0,9,2020,7,18
1.7505764961242676,0.0,11.0,9,2020,7,18
3.495397090911865,21.000001907348636,13.0,9,2020,7,18
0.7921546697616577,0.0,25.0,9,2020,7,18
0.5741654634475708,0.0,29.0,9,2020,7,18
0.0,0.0,30.0,9,2020,7,18
0.0,0.0,32.0,9,2020,7,18
0.0,0.0,37.0,9,2020,7,18
0.0,0.0,38.0,9,2020,7,18
0.0,0.0,39.0,9,2020,7,18
0.4869134724140167,0.0,44.0,9,2020,7,18
0.0,11.399998664855955,5.0,10,2020,7,18
2.418485164642334,0.0,9.0,10,2020,7,18
2.5565905570983887,0.0,11.0,10,2020,7,18
3.78783655166626,0.0,13.0,10,2020,7,18
0.3600240647792816,8.199999809265137,25.0,10,2020,7,18
0.8471412658691406,0.0,29.0,10,2020,7,18
0.0,0.0,30.0,10,2020,7,18
0.0,0.0,32.0,10,2020,7,18
0.0,0.0,37.0,10,2020,7,18
0.0,0.0,38.0,10,2020,7,18
0.0,0.0,39.0,10,2020,7,18
0.0042031607590615,1.9000003337860107,44.0,10,2020,7,18
0.0,0.0,5.0,11,2020,7,18
2.942453145980835,0.0,9.0,11,2020,7,18
1.3720643520355225,0.0,11.0,11,2020,7,18
3.472304582595825,23.80000305175781,13.0,11,2020,7,18
0.6204003095626831,0.0,25.0,11,2020,7,18
0.5442575812339783,4.199999809265137,29.0,11,2020,7,18
0.0,0.0,30.0,11,2020,7,18
0.0,0.0,32.0,11,2020,7,18
0.0,0.0,37.0,11,2020,7,18
0.0,0.0,38.0,11,2020,7,18
0.0,0.0,39.0,11,2020,7,18
0.2989378273487091,0.0,44.0,11,2020,7,18
0.0,0.0,5.0,12,2020,7,18
1.946073293685913,0.0,9.0,12,2020,7,18
1.2173659801483154,0.0,11.0,12,2020,7,18
6.057168006896973,2.999999523162842,13.0,12,2020,7,18
1.0604877471923828,0.0,25.0,12,2020,7,18
0.2248468846082687,0.0,29.0,12,2020,7,18
0.19771808385849,13.40000343322754,30.0,12,2020,7,18
0.0367700718343257,0.0,32.0,12,2020,7,18
0.0,0.0,37.0,12,2020,7,18
0.0057902955450117,32.20000076293945,38.0,12,2020,7,18
0.0,0.0,39.0,12,2020,7,18
0.0,0.0,44.0,12,2020,7,18
0.0,0.0,5.0,13,2020,7,18
0.6780019402503967,0.0,9.0,13,2020,7,18
1.6744258403778076,0.0,11.0,13,2020,7,18
3.210866928100586,0.0,13.0,13,2020,7,18
0.5118386745452881,0.0,25.0,13,2020,7,18
0.1436294466257095,0.0,29.0,13,2020,7,18
0.0,0.0,30.0,13,2020,7,18
0.0,0.0,32.0,13,2020,7,18
0.0,0.0,37.0,13,2020,7,18
0.0,0.0,38.0,13,2020,7,18
0.0,0.0,39.0,13,2020,7,18
0.0936709567904472,0.0,44.0,13,2020,7,18
0.0,0.0,5.0,14,2020,7,18
2.710409879684448,0.0,9.0,14,2020,7,18
1.9760645627975464,0.0,11.0,14,2020,7,18
4.002769470214844,0.0,13.0,14,2020,7,18
1.1723072528839111,0.0,25.0,14,2020,7,18
0.0,0.0,29.0,14,2020,7,18
0.0,0.0,30.0,14,2020,7,18
0.0,0.0,32.0,14,2020,7,18
0.0,0.0,37.0,14,2020,7,18
0.0,0.0,38.0,14,2020,7,18
0.0,0.0,39.0,14,2020,7,18
0.7209863662719727,18.700000762939453,44.0,14,2020,7,18
0.0,3.1000001430511475,5.0,15,2020,7,18
3.880876302719116,0.0,9.0,15,2020,7,18
2.0290040969848637,0.0,11.0,15,2020,7,18
5.560800075531006,0.6999999284744263,13.0,15,2020,7,18
0.4901690483093261,3.6000003814697266,25.0,15,2020,7,18
0.3076208829879761,0.800000011920929,29.0,15,2020,7,18
0.0,0.0999999865889549,30.0,15,2020,7,18
0.0,26.80000114440918,32.0,15,2020,7,18
0.0,14.000000953674316,37.0,15,2020,7,18
0.0,1.600000023841858,38.0,15,2020,7,18
0.0,21.000001907348636,39.0,15,2020,7,18
0.4668965339660644,54.79999542236328,44.0,15,2020,7,18
0.0,3.200000286102295,5.0,16,2020,7,18
2.693639278411865,0.0999999865889549,9.0,16,2020,7,18
1.9011555910110476,0.0,11.0,16,2020,7,18
4.618729591369629,0.0,13.0,16,2020,7,18
0.9488120675086976,9.100001335144045,25.0,16,2020,7,18
1.14809250831604,0.0,29.0,16,2020,7,18
0.1270903497934341,5.100000381469727,30.0,16,2020,7,18
0.0,44.399993896484375,32.0,16,2020,7,18
0.0,0.0,37.0,16,2020,7,18
0.0,14.499999046325684,38.0,16,2020,7,18
0.0,28.89999771118164,39.0,16,2020,7,18
1.307098627090454,49.30000686645508,44.0,16,2020,7,18
0.0,1.999999761581421,5.0,17,2020,7,18
3.253118991851806,4.800000190734863,9.0,17,2020,7,18
1.558081865310669,26.80000114440918,11.0,17,2020,7,18
2.8451876640319824,21.000001907348636,13.0,17,2020,7,18
0.47563236951828,19.899999618530277,25.0,17,2020,7,18
0.3706136643886566,0.6999999284744263,29.0,17,2020,7,18
0.0,42.499996185302734,30.0,17,2020,7,18
0.0,24.30000114440918,32.0,17,2020,7,18
0.0,56.800025939941406,37.0,17,2020,7,18
0.0,48.80000305175781,38.0,17,2020,7,18
0.0,81.70001220703125,39.0,17,2020,7,18
0.0,60.900001525878906,44.0,17,2020,7,18
0.0,22.899999618530277,5.0,18,2020,7,18
1.6161465644836426,29.20000648498535,9.0,18,2020,7,18
1.0448038578033447,14.799997329711914,11.0,18,2020,7,18
3.964637279510498,34.50000762939453,13.0,18,2020,7,18
0.4755311608314514,36.400001525878906,25.0,18,2020,7,18
0.3421933948993683,8.90000057220459,29.0,18,2020,7,18
0.0,19.299999237060547,30.0,18,2020,7,18
0.0,30.20000457763672,32.0,18,2020,7,18
0.0,8.90000057220459,37.0,18,2020,7,18
0.0,2.999999523162842,38.0,18,2020,7,18
0.0,58.299991607666016,39.0,18,2020,7,18
0.3258875906467438,6.500000476837158,44.0,18,2020,7,18
0.0,9.30000114440918,5.0,19,2020,7,18
1.2726161479949951,24.599998474121094,9.0,19,2020,7,18
0.796168863773346,25.200000762939453,11.0,19,2020,7,18
2.6943130493164062,17.500001907348633,13.0,19,2020,7,18
0.9501277804374696,9.899999618530272,25.0,19,2020,7,18
0.0,153.1999969482422,29.0,19,2020,7,18
0.0950764864683151,64.19998168945312,30.0,19,2020,7,18
0.0,36.70000076293945,32.0,19,2020,7,18
0.0,37.400001525878906,37.0,19,2020,7,18
0.0,22.299997329711918,38.0,19,2020,7,18
0.0,38.80000305175781,39.0,19,2020,7,18
0.1966675519943237,20.69999885559082,44.0,19,2020,7,18
0.0,6.59999942779541,5.0,20,2020,7,18
0.9453936219215392,2.500000238418579,9.0,20,2020,7,18
0.1937067210674286,7.40000057220459,11.0,20,2020,7,18
1.431236743927002,47.09999847412109,13.0,20,2020,7,18
0.2101112753152847,2.8000001907348637,25.0,20,2020,7,18
0.0,8.80000114440918,29.0,20,2020,7,18
0.0,0.0999999865889549,30.0,20,2020,7,18
0.0,0.0,32.0,20,2020,7,18
0.0,0.0,37.0,20,2020,7,18
0.0,0.0,38.0,20,2020,7,18
0.0,0.0,39.0,20,2020,7,18
0.0,0.0,44.0,20,2020,7,18
0.0,29.999998092651367,5.0,7,2021,7,18
1.0941604375839231,0.0,9.0,7,2021,7,18
1.9733421802520752,25.70000267028809,11.0,7,2021,7,18
2.939969301223755,0.0,13.0,7,2021,7,18
0.4025751650333404,23.700000762939453,25.0,7,2021,7,18
0.5455991625785828,27.20000267028809,29.0,7,2021,7,18
0.0076659326441586,0.0,30.0,7,2021,7,18
0.0,0.0,32.0,7,2021,7,18
0.0,0.0,37.0,7,2021,7,18
0.2495514154434204,0.0,38.0,7,2021,7,18
0.0,0.0,39.0,7,2021,7,18
1.3925622701644895,0.0,44.0,7,2021,7,18
0.0,44.99999237060547,5.0,8,2021,7,18
1.0645723342895508,0.0,9.0,8,2021,7,18
1.9704402685165403,0.0,11.0,8,2021,7,18
3.314747810363769,13.099998474121094,13.0,8,2021,7,18
0.310007631778717,42.600006103515625,25.0,8,2021,7,18
0.5880666971206665,34.000003814697266,29.0,8,2021,7,18
0.0392897315323352,12.000001907348633,30.0,8,2021,7,18
0.031092444434762,1.1999998092651367,32.0,8,2021,7,18
0.0,7.300000190734863,37.0,8,2021,7,18
0.0371070280671119,12.500000953674316,38.0,8,2021,7,18
0.0,8.09999942779541,39.0,8,2021,7,18
0.6035233736038208,42.20000076293945,44.0,8,2021,7,18
0.0,0.0,5.0,9,2021,7,18
1.2732605934143066,1.2999999523162842,9.0,9,2021,7,18
0.4318493902683258,0.0,11.0,9,2021,7,18
3.343648195266724,2.999999523162842,13.0,9,2021,7,18
0.2942503690719604,4.099999904632568,25.0,9,2021,7,18
0.4960465431213379,1.1999998092651367,29.0,9,2021,7,18
0.0,0.0,30.0,9,2021,7,18
0.0,0.0,32.0,9,2021,7,18
0.0,0.0,37.0,9,2021,7,18
0.0,12.59999942779541,38.0,9,2021,7,18
0.0,0.0,39.0,9,2021,7,18
0.4823088049888611,0.0,44.0,9,2021,7,18
0.0,0.0,5.0,10,2021,7,18
1.4718722105026243,18.59999656677246,9.0,10,2021,7,18
0.8026559352874756,34.100006103515625,11.0,10,2021,7,18
2.876636743545532,6.700000762939453,13.0,10,2021,7,18
0.8184570670127869,0.0,25.0,10,2021,7,18
0.0381776243448257,1.1999998092651367,29.0,10,2021,7,18
0.0,0.0,30.0,10,2021,7,18
0.0,0.0,32.0,10,2021,7,18
0.0,0.0,37.0,10,2021,7,18
0.0,0.0,38.0,10,2021,7,18
0.0,0.0,39.0,10,2021,7,18
0.0,0.0,44.0,10,2021,7,18
0.0,0.0,5.0,11,2021,7,18
0.93026864528656,22.0,9.0,11,2021,7,18
1.0742220878601074,27.90000534057617,11.0,11,2021,7,18
2.655837059020996,12.100000381469728,13.0,11,2021,7,18
0.1870811134576797,16.499998092651367,25.0,11,2021,7,18
0.0,3.6999998092651367,29.0,11,2021,7,18
0.0,9.400001525878906,30.0,11,2021,7,18
0.0,0.0,32.0,11,2021,7,18
0.0,0.0,37.0,11,2021,7,18
0.0,0.0,38.0,11,2021,7,18
0.0,0.0,39.0,11,2021,7,18
0.0916462764143943,0.0,44.0,11,2021,7,18
0.0,0.0,5.0,12,2021,7,18
1.5551022291183472,6.700000762939453,9.0,12,2021,7,18
1.0325713157653809,16.899999618530273,11.0,12,2021,7,18
3.836808443069458,0.0,13.0,12,2021,7,18
0.3009209036827087,0.0,25.0,12,2021,7,18
0.2903479635715484,31.70000648498535,29.0,12,2021,7,18
0.0046841828152537,0.0,30.0,12,2021,7,18
0.0,0.0,32.0,12,2021,7,18
0.0,0.0,37.0,12,2021,7,18
0.0,1.1000001430511477,38.0,12,2021,7,18
0.0,0.0,39.0,12,2021,7,18
0.0,0.0,44.0,12,2021,7,18
0.0,4.199999809265137,5.0,13,2021,7,18
0.5273532271385193,0.0,9.0,13,2021,7,18
1.3740671873092651,0.0,11.0,13,2021,7,18
4.888960838317871,0.0,13.0,13,2021,7,18
0.5620367527008057,0.0,25.0,13,2021,7,18
0.1009776592254638,0.0,29.0,13,2021,7,18
0.0,0.4000000953674316,30.0,13,2021,7,18
0.0,0.0,32.0,13,2021,7,18
0.0,0.0,37.0,13,2021,7,18
0.0,0.0,38.0,13,2021,7,18
0.0,0.0,39.0,13,2021,7,18
0.0,0.0,44.0,13,2021,7,18
0.0,62.69998550415039,5.0,14,2021,7,18
4.709713935852051,35.5,9.0,14,2021,7,18
5.383400917053223,31.90000534057617,11.0,14,2021,7,18
8.650534629821777,36.60000228881836,13.0,14,2021,7,18
2.5748331546783447,67.20002746582031,25.0,14,2021,7,18
1.5831201076507568,34.400001525878906,29.0,14,2021,7,18
0.0,44.89999008178711,30.0,14,2021,7,18
0.0,38.900001525878906,32.0,14,2021,7,18
0.0307883974164724,32.20000076293945,37.0,14,2021,7,18
0.1876020580530166,35.29999542236328,38.0,14,2021,7,18
0.0,34.700008392333984,39.0,14,2021,7,18
0.5292397737503052,14.699999809265137,44.0,14,2021,7,18
0.0,0.0,5.0,15,2021,7,18
3.0870535373687744,0.0,9.0,15,2021,7,18
2.8642590045928955,0.0,11.0,15,2021,7,18
12.3151273727417,0.0,13.0,15,2021,7,18
1.2564473152160645,0.0,25.0,15,2021,7,18
1.118194341659546,0.0,29.0,15,2021,7,18
0.148451566696167,0.0,30.0,15,2021,7,18
0.0,0.0,32.0,15,2021,7,18
0.1505419611930847,0.0,37.0,15,2021,7,18
6.29061978543e-05,0.0,38.0,15,2021,7,18
0.0,0.0,39.0,15,2021,7,18
0.9951785802841188,0.0,44.0,15,2021,7,18
0.0,33.60000228881836,5.0,16,2021,7,18
4.195180892944336,0.0,9.0,16,2021,7,18
2.164055585861206,0.0,11.0,16,2021,7,18
7.934506416320801,0.0,13.0,16,2021,7,18
1.7934272289276123,34.700008392333984,25.0,16,2021,7,18
0.6145211458206177,0.0,29.0,16,2021,7,18
0.135440856218338,0.0,30.0,16,2021,7,18
0.0,0.0,32.0,16,2021,7,18
0.0,0.0,37.0,16,2021,7,18
0.0,0.0,38.0,16,2021,7,18
0.0,0.0,39.0,16,2021,7,18
0.8452639579772949,0.0,44.0,16,2021,7,18
0.0,0.0,5.0,17,2021,7,18
3.2439417839050293,0.0,9.0,17,2021,7,18
1.3977924585342407,0.0,11.0,17,2021,7,18
8.542683601379395,0.0,13.0,17,2021,7,18
1.9722942113876345,0.0,25.0,17,2021,7,18
0.5978645086288452,0.0,29.0,17,2021,7,18
0.0,0.0,30.0,17,2021,7,18
0.0,0.0,32.0,17,2021,7,18
0.0,0.0,37.0,17,2021,7,18
0.0,0.0,38.0,17,2021,7,18
0.0,0.0,39.0,17,2021,7,18
0.3588002324104309,0.0,44.0,17,2021,7,18
0.0,0.0,5.0,18,2021,7,18
2.053868532180786,0.0,9.0,18,2021,7,18
1.314877152442932,0.0,11.0,18,2021,7,18
8.077251434326172,0.0,13.0,18,2021,7,18
1.7113703489303589,0.0,25.0,18,2021,7,18
0.9841408133506776,0.0,29.0,18,2021,7,18
0.0367199331521987,0.0,30.0,18,2021,7,18
0.0,0.0,32.0,18,2021,7,18
0.0,0.0,37.0,18,2021,7,18
0.0,0.0,38.0,18,2021,7,18
0.0,0.0,39.0,18,2021,7,18
0.2377543449401855,0.0,44.0,18,2021,7,18
0.0,0.0,5.0,19,2021,7,18
2.969931602478028,0.0,9.0,19,2021,7,18
1.2346007823944092,0.0,11.0,19,2021,7,18
3.1791422367095947,0.0,13.0,19,2021,7,18
1.7013065814971924,0.0,25.0,19,2021,7,18
0.516560435295105,0.0,29.0,19,2021,7,18
0.0,0.0,30.0,19,2021,7,18
0.0,0.0,32.0,19,2021,7,18
0.1710102409124374,0.0,37.0,19,2021,7,18
0.0,0.0,38.0,19,2021,7,18
0.0,0.0,39.0,19,2021,7,18
1.0141143798828125,0.0,44.0,19,2021,7,18
0.0,0.0,5.0,20,2021,7,18
1.6296743154525757,0.0,9.0,20,2021,7,18
0.5543048977851868,0.0,11.0,20,2021,7,18
3.831207275390625,0.0,13.0,20,2021,7,18
0.835063099861145,0.0,25.0,20,2021,7,18
0.1246158853173255,0.0,29.0,20,2021,7,18
0.0,0.0,30.0,20,2021,7,18
0.0,0.0,32.0,20,2021,7,18
0.0,0.0,37.0,20,2021,7,18
0.0,0.0,38.0,20,2021,7,18
0.0,0.0,39.0,20,2021,7,18
0.269960880279541,0.0,44.0,20,2021,7,18
0.0,0.0,5.0,7,2022,7,18
1.3056659698486328,2.999999523162842,9.0,7,2022,7,18
0.8737454414367676,0.0,11.0,7,2022,7,18
2.039931297302246,0.0,13.0,7,2022,7,18
0.790648341178894,0.0,25.0,7,2022,7,18
0.0,0.0,29.0,7,2022,7,18
0.0,13.000000953674316,30.0,7,2022,7,18
0.0,0.0,32.0,7,2022,7,18
0.0,0.0,37.0,7,2022,7,18
0.0,0.0,38.0,7,2022,7,18
0.0,0.0,39.0,7,2022,7,18
0.0910436064004898,1.999999761581421,44.0,7,2022,7,18
0.0,0.0,5.0,8,2022,7,18
1.2639245986938477,0.0,9.0,8,2022,7,18
0.5248587131500244,0.0,11.0,8,2022,7,18
3.399475574493408,0.0,13.0,8,2022,7,18
0.4576041102409363,0.5,25.0,8,2022,7,18
0.0,0.0,29.0,8,2022,7,18
0.0,0.0,30.0,8,2022,7,18
0.0,0.0,32.0,8,2022,7,18
0.0,0.0,37.0,8,2022,7,18
0.0,0.0,38.0,8,2022,7,18
0.0,0.0,39.0,8,2022,7,18
0.0,0.0,44.0,8,2022,7,18
0.0,0.0,5.0,9,2022,7,18
1.159644365310669,0.0,9.0,9,2022,7,18
1.2174276113510132,0.0,11.0,9,2022,7,18
1.6561000347137451,0.0,13.0,9,2022,7,18
0.4775264263153076,0.0,25.0,9,2022,7,18
0.0,0.0,29.0,9,2022,7,18
0.0,0.0,30.0,9,2022,7,18
0.0,0.0,32.0,9,2022,7,18
0.0,0.4000000953674316,37.0,9,2022,7,18
0.0,0.0,38.0,9,2022,7,18
0.0,0.0,39.0,9,2022,7,18
0.0,1.999999761581421,44.0,9,2022,7,18
0.0,0.0,5.0,10,2022,7,18
0.9153035283088684,0.0,9.0,10,2022,7,18
1.7287653684616089,0.0,11.0,10,2022,7,18
2.9129652976989746,0.0,13.0,10,2022,7,18
0.1402234137058258,0.0,25.0,10,2022,7,18
0.0,0.0,29.0,10,2022,7,18
0.0,0.9999998807907104,30.0,10,2022,7,18
0.0,0.0,32.0,10,2022,7,18
0.0,0.0,37.0,10,2022,7,18
0.0,0.0,38.0,10,2022,7,18
0.0,0.0,39.0,10,2022,7,18
0.0430086553096771,7.0,44.0,10,2022,7,18
0.0,0.0,5.0,11,2022,7,18
2.9049768447875977,0.5,9.0,11,2022,7,18
2.6694180965423584,0.0,11.0,11,2022,7,18
3.879499912261963,0.9999998807907104,13.0,11,2022,7,18
1.1738927364349363,0.0,25.0,11,2022,7,18
0.2859048247337341,0.0,29.0,11,2022,7,18
0.0,9.0,30.0,11,2022,7,18
0.0,0.0,32.0,11,2022,7,18
0.0,0.0,37.0,11,2022,7,18
0.0,0.0,38.0,11,2022,7,18
0.0,1.999999761581421,39.0,11,2022,7,18
1.5000102519989014,7.0,44.0,11,2022,7,18
0.0,0.0,5.0,12,2022,7,18
3.705508947372437,41.99999237060547,9.0,12,2022,7,18
2.639272928237915,4.999999523162842,11.0,12,2022,7,18
6.3295440673828125,0.0999999865889549,13.0,12,2022,7,18
1.748131275177002,0.0,25.0,12,2022,7,18
0.3076886534690857,8.0,29.0,12,2022,7,18
0.0,0.0,30.0,12,2022,7,18
0.0069023994728922,21.000001907348636,32.0,12,2022,7,18
0.0,4.999999523162842,37.0,12,2022,7,18
0.0,0.0,38.0,12,2022,7,18
0.0,14.000000953674316,39.0,12,2022,7,18
2.1830525398254395,12.000001907348633,44.0,12,2022,7,18
0.0,0.0999999865889549,5.0,13,2022,7,18
0.6201760172843933,18.0,9.0,13,2022,7,18
2.1295385360717773,0.0,11.0,13,2022,7,18
2.8447306156158447,1.9000003337860107,13.0,13,2022,7,18
1.1491779088974,1.1000001430511477,25.0,13,2022,7,18
0.1224015802145004,0.5,29.0,13,2022,7,18
0.0,27.10000228881836,30.0,13,2022,7,18
0.0,1.999999761581421,32.0,13,2022,7,18
0.0,0.0,37.0,13,2022,7,18
0.0,1.999999761581421,38.0,13,2022,7,18
0.0,5.999999523162842,39.0,13,2022,7,18
1.2386993169784546,14.000000953674316,44.0,13,2022,7,18
0.0,7.0,5.0,14,2022,7,18
0.9154882431030272,0.5,9.0,14,2022,7,18
1.526505470275879,0.0,11.0,14,2022,7,18
2.672600507736206,1.999999761581421,13.0,14,2022,7,18
1.414083480834961,26.09999656677246,25.0,14,2022,7,18
0.012749308720231,0.0,29.0,14,2022,7,18
0.0,4.0,30.0,14,2022,7,18
0.0,7.0,32.0,14,2022,7,18
0.0,1.999999761581421,37.0,14,2022,7,18
0.0,4.999999523162842,38.0,14,2022,7,18
0.0,0.0999999865889549,39.0,14,2022,7,18
0.3555530905723572,5.999999523162842,44.0,14,2022,7,18
0.0,0.0,5.0,15,2022,7,18
0.1894632577896118,4.999999523162842,9.0,15,2022,7,18
1.5281040668487549,1.999999761581421,11.0,15,2022,7,18
1.1126922369003296,48.99999237060547,13.0,15,2022,7,18
0.5581403970718384,0.0,25.0,15,2022,7,18
0.2748110294342041,0.0,29.0,15,2022,7,18
0.0,0.0,30.0,15,2022,7,18
0.0,0.4000000953674316,32.0,15,2022,7,18
0.0,0.0,37.0,15,2022,7,18
0.0,10.000000953674316,38.0,15,2022,7,18
0.0,2.999999523162842,39.0,15,2022,7,18
0.0,0.800000011920929,44.0,15,2022,7,18
0.0,3.200000286102295,5.0,16,2022,7,18
0.4637241661548614,18.0,9.0,16,2022,7,18
1.4640405178070068,4.999999523162842,11.0,16,2022,7,18
1.5444743633270264,24.999998092651367,13.0,16,2022,7,18
0.5298387408256531,4.999999523162842,25.0,16,2022,7,18
0.0220551323145627,7.0,29.0,16,2022,7,18
0.0,0.3000000715255737,30.0,16,2022,7,18
0.0,0.9999998807907104,32.0,16,2022,7,18
0.0,0.0,37.0,16,2022,7,18
0.0,12.000001907348633,38.0,16,2022,7,18
0.0,0.2000000029802322,39.0,16,2022,7,18
0.0264288615435361,0.5,44.0,16,2022,7,18
0.0,0.0,5.0,17,2022,7,18
0.9253271818161012,0.0,9.0,17,2022,7,18
0.920031726360321,24.999998092651367,11.0,17,2022,7,18
3.647477626800537,17.0,13.0,17,2022,7,18
0.0756362155079841,0.9999998807907104,25.0,17,2022,7,18
0.5777996778488159,0.0,29.0,17,2022,7,18
0.0,0.0,30.0,17,2022,7,18
0.0,17.0,32.0,17,2022,7,18
0.0,0.0,37.0,17,2022,7,18
0.0,0.0,38.0,17,2022,7,18
0.0,4.999999523162842,39.0,17,2022,7,18
0.2554585039615631,0.0,44.0,17,2022,7,18
0.0,9.0,5.0,18,2022,7,18
2.9246766567230225,5.999999523162842,9.0,18,2022,7,18
1.979926586151123,14.000000953674316,11.0,18,2022,7,18
2.858214855194092,11.0,13.0,18,2022,7,18
0.2973719835281372,30.99999237060547,25.0,18,2022,7,18
0.3285113275051117,17.30000114440918,29.0,18,2022,7,18
0.0,46.59999847412109,30.0,18,2022,7,18
0.0,15.0,32.0,18,2022,7,18
0.0,26.000001907348636,37.0,18,2022,7,18
0.0,14.000000953674316,38.0,18,2022,7,18
0.0,13.000000953674316,39.0,18,2022,7,18
0.69585782289505,67.39999389648438,44.0,18,2022,7,18
0.0,1.999999761581421,5.0,19,2022,7,18
1.4396488666534424,7.300000190734863,9.0,19,2022,7,18
0.9637117981910706,82.99998474121094,11.0,19,2022,7,18
2.556360483169556,18.0,13.0,19,2022,7,18
0.2724908292293548,8.0,25.0,19,2022,7,18
0.299279510974884,0.0,29.0,19,2022,7,18
0.0,5.999999523162842,30.0,19,2022,7,18
0.0,33.0,32.0,19,2022,7,18
0.0,13.000000953674316,37.0,19,2022,7,18
0.0,5.999999523162842,38.0,19,2022,7,18
0.0,19.0,39.0,19,2022,7,18
0.4117581844329834,16.0,44.0,19,2022,7,18
0.0,4.0,5.0,20,2022,7,18
0.5769898891448975,34.700008392333984,9.0,20,2022,7,18
0.1856954097747802,5.999999523162842,11.0,20,2022,7,18
0.90372896194458,37.0,13.0,20,2022,7,18
0.0351955704391002,14.000000953674316,25.0,20,2022,7,18
0.0823354721069336,12.000001907348633,29.0,20,2022,7,18
0.0,9.0,30.0,20,2022,7,18
0.0,65.00000762939453,32.0,20,2022,7,18
0.0,50.0,37.0,20,2022,7,18
0.0,2.999999523162842,38.0,20,2022,7,18
0.0,29.000001907348636,39.0,20,2022,7,18
0.0,23.0,44.0,20,2022,7,18
0.0,0.0,5.0,7,2023,7,18
0.1198648363351821,4.0,9.0,7,2023,7,18
0.1904845088720321,14.000000953674316,11.0,7,2023,7,18
1.4639532566070557,12.000001907348633,13.0,7,2023,7,18
0.0,0.9999998807907104,25.0,7,2023,7,18
0.0,0.4000000953674316,29.0,7,2023,7,18
0.0,0.0,30.0,7,2023,7,18
0.0,0.0,32.0,7,2023,7,18
0.0,0.0,37.0,7,2023,7,18
0.0,0.0,38.0,7,2023,7,18
0.0,0.0,39.0,7,2023,7,18
0.0,0.0,44.0,7,2023,7,18
0.0,0.0,5.0,8,2023,7,18
0.4416988492012024,0.0,9.0,8,2023,7,18
0.550230860710144,0.9999998807907104,11.0,8,2023,7,18
0.8295473456382751,0.0,13.0,8,2023,7,18
0.0,0.0,25.0,8,2023,7,18
0.0,0.0,29.0,8,2023,7,18
0.0,0.0,30.0,8,2023,7,18
0.0,0.0,32.0,8,2023,7,18
0.0,0.0,37.0,8,2023,7,18
0.0,0.0,38.0,8,2023,7,18
0.0,0.0,39.0,8,2023,7,18
0.3267646729946136,4.0,44.0,8,2023,7,18
0.0,0.0,5.0,9,2023,7,18
0.9207480549812316,0.0,9.0,9,2023,7,18
1.2015818357467651,2.999999523162842,11.0,9,2023,7,18
1.2679105997085571,0.0,13.0,9,2023,7,18
0.0,0.0,25.0,9,2023,7,18
0.4409092962741852,0.0,29.0,9,2023,7,18
0.0,0.0,30.0,9,2023,7,18
0.0,0.0,32.0,9,2023,7,18
0.0,0.0,37.0,9,2023,7,18
0.0,0.0,38.0,9,2023,7,18
0.0,0.0,39.0,9,2023,7,18
0.2721329033374786,0.0,44.0,9,2023,7,18
0.0,10.099998474121094,5.0,10,2023,7,18
0.5353931188583374,17.0,9.0,10,2023,7,18
0.3494258224964142,0.4000000953674316,11.0,10,2023,7,18
0.9873086810112,7.1999993324279785,13.0,10,2023,7,18
0.3870515823364258,18.0,25.0,10,2023,7,18
0.363807737827301,0.0,29.0,10,2023,7,18
0.0,0.2000000029802322,30.0,10,2023,7,18
0.0,7.0,32.0,10,2023,7,18
0.0,0.2000000029802322,37.0,10,2023,7,18
0.0,0.0,38.0,10,2023,7,18
0.0,0.3000000715255737,39.0,10,2023,7,18
0.0,0.0,44.0,10,2023,7,18
0.0,13.500001907348633,5.0,11,2023,7,18
0.722126841545105,48.99999237060547,9.0,11,2023,7,18
0.2206254303455352,11.69999885559082,11.0,11,2023,7,18
1.6009153127670288,52.20000076293945,13.0,11,2023,7,18
0.4166379868984222,35.0,25.0,11,2023,7,18
0.0,22.0,29.0,11,2023,7,18
0.0,4.0,30.0,11,2023,7,18
0.0,8.0,32.0,11,2023,7,18
0.0,1.8000000715255735,37.0,11,2023,7,18
0.0,0.9999998807907104,38.0,11,2023,7,18
0.0,2.6999998092651367,39.0,11,2023,7,18
0.0,0.0,44.0,11,2023,7,18
0.0,7.40000057220459,5.0,12,2023,7,18
0.530734658241272,0.0,9.0,12,2023,7,18
0.1494859308004379,27.90000534057617,11.0,12,2023,7,18
1.3272552490234375,21.000001907348636,13.0,12,2023,7,18
0.1345213502645492,15.0,25.0,12,2023,7,18
0.0,17.80000114440918,29.0,12,2023,7,18
0.1935218572616577,1.999999761581421,30.0,12,2023,7,18
0.0,10.000000953674316,32.0,12,2023,7,18
0.0,0.5,37.0,12,2023,7,18
0.0,13.000000953674316,38.0,12,2023,7,18
0.0,1.999999761581421,39.0,12,2023,7,18
0.0,0.9999998807907104,44.0,12,2023,7,18
0.0,41.99999237060547,5.0,13,2023,7,18
0.0,6.500000476837158,9.0,13,2023,7,18
0.4390016794204712,22.0,11.0,13,2023,7,18
1.2638258934020996,37.0,13.0,13,2023,7,18
0.3385327160358429,12.000001907348633,25.0,13,2023,7,18
0.0,9.199999809265137,29.0,13,2023,7,18
0.0,4.999999523162842,30.0,13,2023,7,18
0.0,39.0,32.0,13,2023,7,18
0.0,29.999998092651367,37.0,13,2023,7,18
0.0,4.999999523162842,38.0,13,2023,7,18
0.0,11.500000953674316,39.0,13,2023,7,18
0.0,1.1999998092651367,44.0,13,2023,7,18
0.0,27.999998092651367,5.0,14,2023,7,18
0.227567121386528,11.0,9.0,14,2023,7,18
0.2949124574661255,2.999999523162842,11.0,14,2023,7,18
1.4365276098251345,10.000000953674316,13.0,14,2023,7,18
0.9766924381256104,23.0,25.0,14,2023,7,18
0.7819905281066895,14.000000953674316,29.0,14,2023,7,18
0.0,14.000000953674316,30.0,14,2023,7,18
0.0,20.000001907348636,32.0,14,2023,7,18
0.0,18.0,37.0,14,2023,7,18
0.0,10.000000953674316,38.0,14,2023,7,18
0.0,24.5,39.0,14,2023,7,18
0.0,5.8000006675720215,44.0,14,2023,7,18
0.0,10.000000953674316,5.0,15,2023,7,18
2.02742862701416,29.999998092651367,9.0,15,2023,7,18
1.64300799369812,7.0,11.0,15,2023,7,18
7.624603271484375,9.0,13.0,15,2023,7,18
0.9126337170600892,8.0,25.0,15,2023,7,18
1.243808031082153,11.599998474121094,29.0,15,2023,7,18
0.3683379292488098,20.000001907348636,30.0,15,2023,7,18
0.0,29.999998092651367,32.0,15,2023,7,18
0.0,13.000000953674316,37.0,15,2023,7,18
0.0,5.999999523162842,38.0,15,2023,7,18
0.0,7.0,39.0,15,2023,7,18
0.3227609097957611,2.999999523162842,44.0,15,2023,7,18
0.0,42.99999237060547,5.0,16,2023,7,18
4.218989372253418,12.000001907348633,9.0,16,2023,7,18
2.5324835777282715,16.0,11.0,16,2023,7,18
5.457320690155029,27.999998092651367,13.0,16,2023,7,18
1.215835690498352,42.99999237060547,25.0,16,2023,7,18
0.7719322443008423,71.40001678466797,29.0,16,2023,7,18
0.0589467324316501,35.0,30.0,16,2023,7,18
0.0,16.700000762939453,32.0,16,2023,7,18
0.0,51.00000762939453,37.0,16,2023,7,18
0.2285581678152084,15.0,38.0,16,2023,7,18
0.0,46.99999237060547,39.0,16,2023,7,18
1.1635890007019043,24.999998092651367,44.0,16,2023,7,18
0.0,34.000003814697266,5.0,17,2023,7,18
3.137298345565796,8.0,9.0,17,2023,7,18
1.685183048248291,0.5999999046325684,11.0,17,2023,7,18
4.566624641418457,929.0,13.0,17,2023,7,18
1.0610095262527466,8.0,25.0,17,2023,7,18
1.4409518241882324,32.000003814697266,29.0,17,2023,7,18
0.0089143672958016,39.0,30.0,17,2023,7,18
0.0,30.399999618530277,32.0,17,2023,7,18
0.0,34.100006103515625,37.0,17,2023,7,18
0.0,22.0,38.0,17,2023,7,18
0.0,65.99998474121094,39.0,17,2023,7,18
1.4106398820877075,18.0,44.0,17,2023,7,18
0.0,24.000001907348636,5.0,18,2023,7,18
3.1226980686187744,77.00001525878906,9.0,18,2023,7,18
2.020250082015991,112.39998626708984,11.0,18,2023,7,18
7.651407241821289,65.00000762939453,13.0,18,2023,7,18
1.405224323272705,26.000001907348636,25.0,18,2023,7,18
1.2527676820755005,45.99999237060547,29.0,18,2023,7,18
0.1297577172517776,53.00000381469727,30.0,18,2023,7,18
0.0,6.90000057220459,32.0,18,2023,7,18
0.0,21.899999618530277,37.0,18,2023,7,18
0.0,18.0,38.0,18,2023,7,18
0.0,7.0,39.0,18,2023,7,18
2.408872604370117,42.99999237060547,44.0,18,2023,7,18
0.0,56.0,5.0,19,2023,7,18
3.065185070037842,41.99999237060547,9.0,19,2023,7,18
2.7716896533966064,110.99998474121094,11.0,19,2023,7,18
5.588785648345947,97.00001525878906,13.0,19,2023,7,18
1.4012800455093384,41.99999237060547,25.0,19,2023,7,18
1.5551788806915283,16.0,29.0,19,2023,7,18
0.1402050256729126,36.19999694824219,30.0,19,2023,7,18
0.0,114.99999237060548,32.0,19,2023,7,18
0.161672294139862,40.0,37.0,19,2023,7,18
0.1959758996963501,30.99999237060547,38.0,19,2023,7,18
0.0,40.99999237060547,39.0,19,2023,7,18
1.637803077697754,42.99999237060547,44.0,19,2023,7,18
0.0,12.000001907348633,5.0,20,2023,7,18
1.5124146938323977,48.99999237060547,9.0,20,2023,7,18
1.0050787925720217,26.000001907348636,11.0,20,2023,7,18
3.950202226638794,32.000003814697266,13.0,20,2023,7,18
1.3221745491027832,18.0,25.0,20,2023,7,18
0.4013458490371704,19.0,29.0,20,2023,7,18
0.0,4.999999523162842,30.0,20,2023,7,18
0.0,21.000001907348636,32.0,20,2023,7,18
0.0,0.0,37.0,20,2023,7,18
0.0189264435321092,4.999999523162842,38.0,20,2023,7,18
0.0,1.4999998807907104,39.0,20,2023,7,18
0.9928155541419984,0.2000000029802322,44.0,20,2023,7,18
0.0,0.0,5.0,7,2020,7,22
3.1141672134399414,0.0,9.0,7,2020,7,22
2.525669813156128,0.0,11.0,7,2020,7,22
3.6839444637298575,23.80000305175781,13.0,7,2020,7,22
1.1366585493087769,0.0,25.0,7,2020,7,22
0.9800769090652466,4.199999809265137,29.0,7,2020,7,22
0.0,0.0,30.0,7,2020,7,22
0.0102582313120365,0.0,32.0,7,2020,7,22
0.0,0.0,37.0,7,2020,7,22
0.0,0.0,38.0,7,2020,7,22
0.0,0.0,39.0,7,2020,7,22
0.9794723987579346,0.0,44.0,7,2020,7,22
0.0,0.0,5.0,8,2020,7,22
3.7292792797088623,0.0,9.0,8,2020,7,22
1.360344648361206,0.0,11.0,8,2020,7,22
3.871575593948364,2.999999523162842,13.0,8,2020,7,22
0.9606149792671204,0.0,25.0,8,2020,7,22
1.660958170890808,0.0,29.0,8,2020,7,22
0.0,13.40000343322754,30.0,8,2020,7,22
0.0772984474897384,0.0,32.0,8,2020,7,22
0.0,0.0,37.0,8,2020,7,22
0.0,32.20000076293945,38.0,8,2020,7,22
0.0,0.0,39.0,8,2020,7,22
1.4435803890228271,0.0,44.0,8,2020,7,22
0.0,0.0,5.0,9,2020,7,22
1.769886136054993,0.0,9.0,9,2020,7,22
1.431800127029419,0.0,11.0,9,2020,7,22
3.794867038726807,0.0,13.0,9,2020,7,22
1.4882079362869265,0.0,25.0,9,2020,7,22
0.5796400904655457,0.0,29.0,9,2020,7,22
0.0451895706355571,0.0,30.0,9,2020,7,22
0.0,0.0,32.0,9,2020,7,22
0.0,0.0,37.0,9,2020,7,22
0.0,0.0,38.0,9,2020,7,22
0.0,0.0,39.0,9,2020,7,22
0.8277075290679932,0.0,44.0,9,2020,7,22
0.0,0.0,5.0,10,2020,7,22
1.8295252323150637,0.0,9.0,10,2020,7,22
1.5505025386810305,0.0,11.0,10,2020,7,22
3.35813570022583,0.0,13.0,10,2020,7,22
1.2512640953063965,0.0,25.0,10,2020,7,22
0.2607114911079407,0.0,29.0,10,2020,7,22
0.0,0.0,30.0,10,2020,7,22
0.0,0.0,32.0,10,2020,7,22
0.0,0.0,37.0,10,2020,7,22
0.0,0.0,38.0,10,2020,7,22
0.0,0.0,39.0,10,2020,7,22
0.7189044952392578,18.700000762939453,44.0,10,2020,7,22
0.0,3.1000001430511475,5.0,11,2020,7,22
0.6093951463699341,0.0,9.0,11,2020,7,22
1.2831315994262695,0.0,11.0,11,2020,7,22
1.4543274641036987,0.6999999284744263,13.0,11,2020,7,22
0.8854333162307739,3.6000003814697266,25.0,11,2020,7,22
0.3246057331562042,0.800000011920929,29.0,11,2020,7,22
0.0,0.0999999865889549,30.0,11,2020,7,22
0.0,26.80000114440918,32.0,11,2020,7,22
0.0,14.000000953674316,37.0,11,2020,7,22
0.0,1.600000023841858,38.0,11,2020,7,22
0.0,21.000001907348636,39.0,11,2020,7,22
0.2483090162277221,54.79999542236328,44.0,11,2020,7,22
0.0,3.200000286102295,5.0,12,2020,7,22
0.6827877759933472,0.0999999865889549,9.0,12,2020,7,22
0.7008123397827148,0.0,11.0,12,2020,7,22
1.4213178157806396,0.0,13.0,12,2020,7,22
0.0,9.100001335144045,25.0,12,2020,7,22
0.0,0.0,29.0,12,2020,7,22
0.0,5.100000381469727,30.0,12,2020,7,22
0.0,44.399993896484375,32.0,12,2020,7,22
0.0,0.0,37.0,12,2020,7,22
0.0,14.499999046325684,38.0,12,2020,7,22
0.0,28.89999771118164,39.0,12,2020,7,22
0.0,49.30000686645508,44.0,12,2020,7,22
0.0,1.999999761581421,5.0,13,2020,7,22
0.1289894729852676,4.800000190734863,9.0,13,2020,7,22
1.047609806060791,26.80000114440918,11.0,13,2020,7,22
1.0830458402633667,21.000001907348636,13.0,13,2020,7,22
0.0566095188260078,19.899999618530277,25.0,13,2020,7,22
0.0,0.6999999284744263,29.0,13,2020,7,22
0.0,42.499996185302734,30.0,13,2020,7,22
0.0,24.30000114440918,32.0,13,2020,7,22
0.0,56.800025939941406,37.0,13,2020,7,22
0.0,48.80000305175781,38.0,13,2020,7,22
0.0,81.70001220703125,39.0,13,2020,7,22
0.0,60.900001525878906,44.0,13,2020,7,22
0.0,22.899999618530277,5.0,14,2020,7,22
0.0256663486361503,29.20000648498535,9.0,14,2020,7,22
0.738174557685852,14.799997329711914,11.0,14,2020,7,22
0.8308780193328857,34.50000762939453,13.0,14,2020,7,22
0.0,36.400001525878906,25.0,14,2020,7,22
0.0,8.90000057220459,29.0,14,2020,7,22
0.0,19.299999237060547,30.0,14,2020,7,22
0.0,30.20000457763672,32.0,14,2020,7,22
0.0,8.90000057220459,37.0,14,2020,7,22
0.0,2.999999523162842,38.0,14,2020,7,22
0.0,58.299991607666016,39.0,14,2020,7,22
0.0,6.500000476837158,44.0,14,2020,7,22
0.0,9.30000114440918,5.0,15,2020,7,22
0.0,24.599998474121094,9.0,15,2020,7,22
0.486340582370758,25.200000762939453,11.0,15,2020,7,22
0.3969320058822632,17.500001907348633,13.0,15,2020,7,22
0.0,9.899999618530272,25.0,15,2020,7,22
0.0,153.1999969482422,29.0,15,2020,7,22
0.0,64.19998168945312,30.0,15,2020,7,22
0.0,36.70000076293945,32.0,15,2020,7,22
0.0,37.400001525878906,37.0,15,2020,7,22
0.0,22.299997329711918,38.0,15,2020,7,22
0.0,38.80000305175781,39.0,15,2020,7,22
0.0,20.69999885559082,44.0,15,2020,7,22
0.0,6.59999942779541,5.0,16,2020,7,22
0.2627455592155456,2.500000238418579,9.0,16,2020,7,22
0.1078498139977455,7.40000057220459,11.0,16,2020,7,22
0.91432785987854,47.09999847412109,13.0,16,2020,7,22
0.1315808594226837,2.8000001907348637,25.0,16,2020,7,22
0.0,8.80000114440918,29.0,16,2020,7,22
0.0,0.0999999865889549,30.0,16,2020,7,22
0.0,0.0,32.0,16,2020,7,22
0.0,0.0,37.0,16,2020,7,22
0.0,0.0,38.0,16,2020,7,22
0.0,0.0,39.0,16,2020,7,22
0.0,0.0,44.0,16,2020,7,22
0.0,0.0,5.0,17,2020,7,22
1.3137731552124023,1.600000023841858,9.0,17,2020,7,22
0.5764700770378113,0.0,11.0,17,2020,7,22
1.1487220525741575,0.0,13.0,17,2020,7,22
0.047132059931755,0.5999999046325684,25.0,17,2020,7,22
0.0369473882019519,0.0,29.0,17,2020,7,22
0.0,12.399999618530272,30.0,17,2020,7,22
0.0,0.3000000715255737,32.0,17,2020,7,22
0.0,0.0,37.0,17,2020,7,22
0.0,0.0,38.0,17,2020,7,22
0.0,0.0999999865889549,39.0,17,2020,7,22
0.0,0.0,44.0,17,2020,7,22
0.0,0.0,5.0,18,2020,7,22
1.5848779678344729,27.600006103515625,9.0,18,2020,7,22
1.622696876525879,0.0,11.0,18,2020,7,22
2.3969337940216064,0.6999999284744263,13.0,18,2020,7,22
0.51116544008255,4.700000286102295,25.0,18,2020,7,22
0.5011303424835205,0.0,29.0,18,2020,7,22
0.0,5.900000095367432,30.0,18,2020,7,22
0.0,0.0,32.0,18,2020,7,22
0.0,0.0,37.0,18,2020,7,22
0.0,0.0,38.0,18,2020,7,22
0.0,0.0,39.0,18,2020,7,22
0.0,0.0,44.0,18,2020,7,22
0.0,0.0,5.0,19,2020,7,22
1.3789327144622805,3.200000286102295,9.0,19,2020,7,22
0.9021607637405396,2.299999713897705,11.0,19,2020,7,22
2.372092962265014,8.0,13.0,19,2020,7,22
0.7496019005775452,1.7000000476837158,25.0,19,2020,7,22
0.4997605681419372,22.0,29.0,19,2020,7,22
0.0,0.0,30.0,19,2020,7,22
0.0,0.0,32.0,19,2020,7,22
0.0,0.4000000953674316,37.0,19,2020,7,22
0.0,0.0,38.0,19,2020,7,22
0.0,0.0,39.0,19,2020,7,22
0.445841372013092,0.0,44.0,19,2020,7,22
0.0,0.0,5.0,20,2020,7,22
1.0616962909698486,11.399998664855955,9.0,20,2020,7,22
0.7201769948005676,20.500001907348636,11.0,20,2020,7,22
0.5660151243209839,5.600000381469727,13.0,20,2020,7,22
0.2801579236984253,0.0,25.0,20,2020,7,22
0.1130381226539611,0.0,29.0,20,2020,7,22
0.0,0.2000000029802322,30.0,20,2020,7,22
0.0,0.0,32.0,20,2020,7,22
0.0,0.0,37.0,20,2020,7,22
0.0,0.0,38.0,20,2020,7,22
0.0,0.0,39.0,20,2020,7,22
0.3485925793647766,0.0,44.0,20,2020,7,22
0.0,0.0,5.0,7,2021,7,22
2.2556962966918945,22.0,9.0,7,2021,7,22
1.4114904403686523,27.90000534057617,11.0,7,2021,7,22
3.3381664752960205,12.100000381469728,13.0,7,2021,7,22
0.1772956848144531,16.499998092651367,25.0,7,2021,7,22
0.1025737971067428,3.6999998092651367,29.0,7,2021,7,22
0.0,9.400001525878906,30.0,7,2021,7,22
0.0,0.0,32.0,7,2021,7,22
0.0,0.0,37.0,7,2021,7,22
0.0,0.0,38.0,7,2021,7,22
0.0,0.0,39.0,7,2021,7,22
0.4018478095531463,0.0,44.0,7,2021,7,22
0.0,0.0,5.0,8,2021,7,22
1.5903573036193848,6.700000762939453,9.0,8,2021,7,22
1.0400185585021973,16.899999618530273,11.0,8,2021,7,22
5.200462341308594,0.0,13.0,8,2021,7,22
1.0171886682510376,0.0,25.0,8,2021,7,22
0.083816185593605,31.70000648498535,29.0,8,2021,7,22
0.0,0.0,30.0,8,2021,7,22
0.0,0.0,32.0,8,2021,7,22
0.0,0.0,37.0,8,2021,7,22
0.0,1.1000001430511477,38.0,8,2021,7,22
0.0,0.0,39.0,8,2021,7,22
0.1310973614454269,0.0,44.0,8,2021,7,22
0.0,4.199999809265137,5.0,9,2021,7,22
1.2950962781906128,0.0,9.0,9,2021,7,22
0.5169991254806519,0.0,11.0,9,2021,7,22
2.932338237762451,0.0,13.0,9,2021,7,22
0.9487682580947876,0.0,25.0,9,2021,7,22
0.4071242809295654,0.0,29.0,9,2021,7,22
0.1393515169620514,0.4000000953674316,30.0,9,2021,7,22
0.0,0.0,32.0,9,2021,7,22
0.0,0.0,37.0,9,2021,7,22
0.0,0.0,38.0,9,2021,7,22
0.0,0.0,39.0,9,2021,7,22
0.009098719805479,0.0,44.0,9,2021,7,22
0.0,62.69998550415039,5.0,10,2021,7,22
0.3063508868217468,35.5,9.0,10,2021,7,22
1.3127254247665403,31.90000534057617,11.0,10,2021,7,22
2.874472141265869,36.60000228881836,13.0,10,2021,7,22
0.3380973935127258,67.20002746582031,25.0,10,2021,7,22
0.0492758229374885,34.400001525878906,29.0,10,2021,7,22
0.0,44.89999008178711,30.0,10,2021,7,22
0.0,38.900001525878906,32.0,10,2021,7,22
0.0,32.20000076293945,37.0,10,2021,7,22
0.0,35.29999542236328,38.0,10,2021,7,22
0.0,34.700008392333984,39.0,10,2021,7,22
0.4021225571632385,14.699999809265137,44.0,10,2021,7,22
0.0,0.0,5.0,11,2021,7,22
2.1540441513061523,0.0,9.0,11,2021,7,22
2.1479978561401367,0.0,11.0,11,2021,7,22
4.835418224334717,0.0,13.0,11,2021,7,22
1.309650421142578,0.0,25.0,11,2021,7,22
1.3189425468444824,0.0,29.0,11,2021,7,22
0.0,0.0,30.0,11,2021,7,22
0.0,0.0,32.0,11,2021,7,22
0.0,0.0,37.0,11,2021,7,22
0.14211505651474,0.0,38.0,11,2021,7,22
0.0,0.0,39.0,11,2021,7,22
1.1061789989471436,0.0,44.0,11,2021,7,22
0.0,33.60000228881836,5.0,12,2021,7,22
4.099343299865723,0.0,9.0,12,2021,7,22
2.7712996006011963,0.0,11.0,12,2021,7,22
12.880189895629885,0.0,13.0,12,2021,7,22
1.111319661140442,34.700008392333984,25.0,12,2021,7,22
1.6835834980010986,0.0,29.0,12,2021,7,22
0.3754968643188476,0.0,30.0,12,2021,7,22
0.0,0.0,32.0,12,2021,7,22
0.0,0.0,37.0,12,2021,7,22
0.4372650980949402,0.0,38.0,12,2021,7,22
0.0034993474837392,0.0,39.0,12,2021,7,22
2.4696946144104004,0.0,44.0,12,2021,7,22
0.0,0.0,5.0,13,2021,7,22
1.9250890016555784,0.0,9.0,13,2021,7,22
2.236706018447876,0.0,11.0,13,2021,7,22
6.063456058502197,0.0,13.0,13,2021,7,22
1.1785036325454712,0.0,25.0,13,2021,7,22
0.5501039028167725,0.0,29.0,13,2021,7,22
0.0,0.0,30.0,13,2021,7,22
0.0,0.0,32.0,13,2021,7,22
0.0,0.0,37.0,13,2021,7,22
0.0,0.0,38.0,13,2021,7,22
0.0,0.0,39.0,13,2021,7,22
0.8430044651031494,0.0,44.0,13,2021,7,22
0.0,0.0,5.0,14,2021,7,22
2.550326347351074,0.0,9.0,14,2021,7,22
2.131469488143921,0.0,11.0,14,2021,7,22
8.563250541687012,0.0,13.0,14,2021,7,22
1.214887619018555,0.0,25.0,14,2021,7,22
1.06411874294281,0.0,29.0,14,2021,7,22
0.0,0.0,30.0,14,2021,7,22
0.0,0.0,32.0,14,2021,7,22
0.0,0.0,37.0,14,2021,7,22
0.0,0.0,38.0,14,2021,7,22
0.0,0.0,39.0,14,2021,7,22
0.209899753332138,0.0,44.0,14,2021,7,22
0.0,0.0,5.0,15,2021,7,22
2.333504199981689,0.0,9.0,15,2021,7,22
1.6372103691101074,0.0,11.0,15,2021,7,22
5.607785224914551,0.0,13.0,15,2021,7,22
0.8007571697235107,0.0,25.0,15,2021,7,22
0.3864186108112335,0.0,29.0,15,2021,7,22
0.4426575601100921,0.0,30.0,15,2021,7,22
0.0,0.0,32.0,15,2021,7,22
0.0,0.0,37.0,15,2021,7,22
0.0,0.0,38.0,15,2021,7,22
0.0,0.0,39.0,15,2021,7,22
0.5305866003036499,0.0,44.0,15,2021,7,22
0.0,0.0,5.0,16,2021,7,22
2.322603225708008,0.0,9.0,16,2021,7,22
1.5868723392486572,0.0,11.0,16,2021,7,22
4.752355575561523,0.0,13.0,16,2021,7,22
0.6990380883216858,0.0,25.0,16,2021,7,22
0.7512767910957336,0.0,29.0,16,2021,7,22
0.0,0.0,30.0,16,2021,7,22
0.0,0.0,32.0,16,2021,7,22
0.0,0.0,37.0,16,2021,7,22
0.0,0.0,38.0,16,2021,7,22
0.0,0.0,39.0,16,2021,7,22
0.2318254113197326,0.0,44.0,16,2021,7,22
0.0,0.0,5.0,17,2021,7,22
2.591438770294189,0.0,9.0,17,2021,7,22
1.6410518884658811,1.1000001430511477,11.0,17,2021,7,22
3.919004917144776,0.0,13.0,17,2021,7,22
1.1198374032974243,0.0,25.0,17,2021,7,22
0.9529499411582948,0.0,29.0,17,2021,7,22
0.0019319803686812,0.0,30.0,17,2021,7,22
0.0,0.0,32.0,17,2021,7,22
0.0,0.0,37.0,17,2021,7,22
0.0,0.0,38.0,17,2021,7,22
0.0,0.0,39.0,17,2021,7,22
0.0,0.0,44.0,17,2021,7,22
0.0,0.0,5.0,18,2021,7,22
5.247142314910889,8.600000381469727,9.0,18,2021,7,22
3.630392551422119,0.0,11.0,18,2021,7,22
7.546339511871338,0.0,13.0,18,2021,7,22
1.275883674621582,0.0,25.0,18,2021,7,22
0.8020959496498108,0.0,29.0,18,2021,7,22
0.0,0.0,30.0,18,2021,7,22
0.0,0.0,32.0,18,2021,7,22
0.0,0.0,37.0,18,2021,7,22
0.0,0.0,38.0,18,2021,7,22
0.0,0.0,39.0,18,2021,7,22
0.3585004806518554,0.0,44.0,18,2021,7,22
0.0,16.299997329711914,5.0,19,2021,7,22
3.3047828674316406,1.8000000715255735,9.0,19,2021,7,22
2.69680404663086,7.599998474121094,11.0,19,2021,7,22
4.86279296875,48.399993896484375,13.0,19,2021,7,22
1.4846317768096924,10.599998474121094,25.0,19,2021,7,22
2.112574577331543,5.299999713897705,29.0,19,2021,7,22
0.4115033745765686,24.80000114440918,30.0,19,2021,7,22
0.0054708239622414,2.4000003337860107,32.0,19,2021,7,22
0.0,0.0,37.0,19,2021,7,22
0.3102047443389892,0.0,38.0,19,2021,7,22
0.0,0.0,39.0,19,2021,7,22
1.3316717147827148,43.80000305175781,44.0,19,2021,7,22
0.0,58.40000534057617,5.0,20,2021,7,22
1.8749085664749143,60.20000076293945,9.0,20,2021,7,22
1.380777359008789,21.899999618530277,11.0,20,2021,7,22
3.4997291564941406,63.59999465942383,13.0,20,2021,7,22
1.4074110984802246,31.599992752075195,25.0,20,2021,7,22
0.8862029314041138,62.0000228881836,29.0,20,2021,7,22
0.1392196863889694,24.599998474121094,30.0,20,2021,7,22
0.0,4.700000286102295,32.0,20,2021,7,22
0.0,7.1999993324279785,37.0,20,2021,7,22
0.1241008937358856,3.1000001430511475,38.0,20,2021,7,22
0.0,7.800000190734863,39.0,20,2021,7,22
0.3932374119758606,13.699997901916504,44.0,20,2021,7,22
0.0,0.0,5.0,7,2022,7,22
0.4568173885345459,0.5,9.0,7,2022,7,22
0.7725534439086914,0.0,11.0,7,2022,7,22
0.7988700866699219,0.9999998807907104,13.0,7,2022,7,22
0.4080404341220855,0.0,25.0,7,2022,7,22
0.0,0.0,29.0,7,2022,7,22
0.0,9.0,30.0,7,2022,7,22
0.0,0.0,32.0,7,2022,7,22
0.0,0.0,37.0,7,2022,7,22
0.0,0.0,38.0,7,2022,7,22
0.0,1.999999761581421,39.0,7,2022,7,22
0.0,7.0,44.0,7,2022,7,22
0.0,0.0,5.0,8,2022,7,22
1.532323718070984,41.99999237060547,9.0,8,2022,7,22
1.030883550643921,4.999999523162842,11.0,8,2022,7,22
2.532008171081543,0.0999999865889549,13.0,8,2022,7,22
0.5746198892593384,0.0,25.0,8,2022,7,22
0.1847228407859802,8.0,29.0,8,2022,7,22
0.0,0.0,30.0,8,2022,7,22
0.0,21.000001907348636,32.0,8,2022,7,22
0.0,4.999999523162842,37.0,8,2022,7,22
0.0,0.0,38.0,8,2022,7,22
0.0,14.000000953674316,39.0,8,2022,7,22
0.0,12.000001907348633,44.0,8,2022,7,22
0.0,0.0999999865889549,5.0,9,2022,7,22
1.1644433736801147,18.0,9.0,9,2022,7,22
1.353337049484253,0.0,11.0,9,2022,7,22
3.508286714553833,1.9000003337860107,13.0,9,2022,7,22
0.9015259146690368,1.1000001430511477,25.0,9,2022,7,22
0.3207120299339294,0.5,29.0,9,2022,7,22
0.0,27.10000228881836,30.0,9,2022,7,22
0.0,1.999999761581421,32.0,9,2022,7,22
0.0,0.0,37.0,9,2022,7,22
0.0,1.999999761581421,38.0,9,2022,7,22
0.0,5.999999523162842,39.0,9,2022,7,22
0.0,14.000000953674316,44.0,9,2022,7,22
0.0,7.0,5.0,10,2022,7,22
2.3454432487487797,0.5,9.0,10,2022,7,22
1.1543070077896118,0.0,11.0,10,2022,7,22
2.475906610488892,1.999999761581421,13.0,10,2022,7,22
0.4595825374126434,26.09999656677246,25.0,10,2022,7,22
0.4656131267547607,0.0,29.0,10,2022,7,22
0.0,4.0,30.0,10,2022,7,22
0.0,7.0,32.0,10,2022,7,22
0.0,1.999999761581421,37.0,10,2022,7,22
0.0,4.999999523162842,38.0,10,2022,7,22
0.0,0.0999999865889549,39.0,10,2022,7,22
0.0,5.999999523162842,44.0,10,2022,7,22
0.0,0.0,5.0,11,2022,7,22
1.694397211074829,4.999999523162842,9.0,11,2022,7,22
0.6721261739730835,1.999999761581421,11.0,11,2022,7,22
2.366060256958008,48.99999237060547,13.0,11,2022,7,22
0.3773886561393738,0.0,25.0,11,2022,7,22
0.019447386264801,0.0,29.0,11,2022,7,22
0.0,0.0,30.0,11,2022,7,22
0.0,0.4000000953674316,32.0,11,2022,7,22
0.0,0.0,37.0,11,2022,7,22
0.0,10.000000953674316,38.0,11,2022,7,22
0.0,2.999999523162842,39.0,11,2022,7,22
0.3374626636505127,0.800000011920929,44.0,11,2022,7,22
0.0,3.200000286102295,5.0,12,2022,7,22
1.1962207555770874,18.0,9.0,12,2022,7,22
0.5115371346473694,4.999999523162842,11.0,12,2022,7,22
2.6768553256988525,24.999998092651367,13.0,12,2022,7,22
0.0106070153415203,4.999999523162842,25.0,12,2022,7,22
0.0,7.0,29.0,12,2022,7,22
0.0,0.3000000715255737,30.0,12,2022,7,22
0.0,0.9999998807907104,32.0,12,2022,7,22
0.0,0.0,37.0,12,2022,7,22
0.0,12.000001907348633,38.0,12,2022,7,22
0.0,0.2000000029802322,39.0,12,2022,7,22
0.0,0.5,44.0,12,2022,7,22
0.0,0.0,5.0,13,2022,7,22
0.668307900428772,0.0,9.0,13,2022,7,22
0.3518393039703369,24.999998092651367,11.0,13,2022,7,22
0.9634840488433838,17.0,13.0,13,2022,7,22
0.4078401327133178,0.9999998807907104,25.0,13,2022,7,22
0.0,0.0,29.0,13,2022,7,22
0.0,0.0,30.0,13,2022,7,22
0.0,17.0,32.0,13,2022,7,22
0.0,0.0,37.0,13,2022,7,22
0.0,0.0,38.0,13,2022,7,22
0.0,4.999999523162842,39.0,13,2022,7,22
0.0,0.0,44.0,13,2022,7,22
0.0,9.0,5.0,14,2022,7,22
1.330366849899292,5.999999523162842,9.0,14,2022,7,22
0.4684878587722778,14.000000953674316,11.0,14,2022,7,22
1.953236937522888,11.0,13.0,14,2022,7,22
0.5729414224624634,30.99999237060547,25.0,14,2022,7,22
0.2427957504987716,17.30000114440918,29.0,14,2022,7,22
0.0,46.59999847412109,30.0,14,2022,7,22
0.0,15.0,32.0,14,2022,7,22
0.0,26.000001907348636,37.0,14,2022,7,22
0.0,14.000000953674316,38.0,14,2022,7,22
0.0,13.000000953674316,39.0,14,2022,7,22
0.0,67.39999389648438,44.0,14,2022,7,22
0.0,1.999999761581421,5.0,15,2022,7,22
2.404515504837036,7.300000190734863,9.0,15,2022,7,22
0.6080068945884705,82.99998474121094,11.0,15,2022,7,22
2.585029363632202,18.0,13.0,15,2022,7,22
0.4680162966251373,8.0,25.0,15,2022,7,22
0.275554746389389,0.0,29.0,15,2022,7,22
0.0527941770851612,5.999999523162842,30.0,15,2022,7,22
0.1203856766223907,33.0,32.0,15,2022,7,22
0.0,13.000000953674316,37.0,15,2022,7,22
0.0,5.999999523162842,38.0,15,2022,7,22
0.0,19.0,39.0,15,2022,7,22
0.6895755529403687,16.0,44.0,15,2022,7,22
0.0,4.0,5.0,16,2022,7,22
1.9277225732803345,34.700008392333984,9.0,16,2022,7,22
1.81702733039856,5.999999523162842,11.0,16,2022,7,22
5.213745594024658,37.0,13.0,16,2022,7,22
1.6793879270553589,14.000000953674316,25.0,16,2022,7,22
1.4579509496688845,12.000001907348633,29.0,16,2022,7,22
0.0,9.0,30.0,16,2022,7,22
0.0,65.00000762939453,32.0,16,2022,7,22
0.0,50.0,37.0,16,2022,7,22
0.0,2.999999523162842,38.0,16,2022,7,22
0.0,29.000001907348636,39.0,16,2022,7,22
1.8647277355194087,23.0,44.0,16,2022,7,22
0.0,13.099998474121094,5.0,17,2022,7,22
2.7882699966430664,0.9999998807907104,9.0,17,2022,7,22
3.080413818359375,1.999999761581421,11.0,17,2022,7,22
7.470104217529297,17.100004196166992,13.0,17,2022,7,22
2.0316383838653564,27.10000228881836,25.0,17,2022,7,22
0.8605507612228394,10.099998474121094,29.0,17,2022,7,22
0.0,0.9999998807907104,30.0,17,2022,7,22
0.0,0.0,32.0,17,2022,7,22
0.0,2.999999523162842,37.0,17,2022,7,22
0.1532400548458099,11.0,38.0,17,2022,7,22
0.0,0.0,39.0,17,2022,7,22
1.977319598197937,2.200000286102295,44.0,17,2022,7,22
0.0,8.90000057220459,5.0,18,2022,7,22
4.00300407409668,1.999999761581421,9.0,18,2022,7,22
3.452145576477051,0.0,11.0,18,2022,7,22
9.23491096496582,0.0,13.0,18,2022,7,22
1.708317518234253,0.0,25.0,18,2022,7,22
0.5935699343681335,5.999999523162842,29.0,18,2022,7,22
0.0,0.0,30.0,18,2022,7,22
0.0,0.0,32.0,18,2022,7,22
0.0,0.0,37.0,18,2022,7,22
0.0,0.0,38.0,18,2022,7,22
0.0,0.0,39.0,18,2022,7,22
1.3293416500091553,6.799999237060547,44.0,18,2022,7,22
0.0,9.199999809265137,5.0,19,2022,7,22
2.506974935531616,22.0,9.0,19,2022,7,22
3.635008811950684,19.0,11.0,19,2022,7,22
6.840116500854492,0.2000000029802322,13.0,19,2022,7,22
1.224286437034607,2.999999523162842,25.0,19,2022,7,22
0.915125012397766,13.000000953674316,29.0,19,2022,7,22
0.0257587544620037,0.0,30.0,19,2022,7,22
0.0,22.0,32.0,19,2022,7,22
0.0,0.2000000029802322,37.0,19,2022,7,22
0.0392890721559524,1.999999761581421,38.0,19,2022,7,22
0.0,0.0,39.0,19,2022,7,22
1.4880993366241455,0.3000000715255737,44.0,19,2022,7,22
0.0,2.8000001907348637,5.0,20,2022,7,22
1.1211941242218018,0.9000000953674316,9.0,20,2022,7,22
1.7531766891479492,0.0,11.0,20,2022,7,22
2.819352388381958,0.0999999865889549,13.0,20,2022,7,22
1.0416876077651978,4.500000476837158,25.0,20,2022,7,22
0.8118690252304077,27.999998092651367,29.0,20,2022,7,22
0.0,7.800000190734863,30.0,20,2022,7,22
0.0,39.0,32.0,20,2022,7,22
0.0,13.000000953674316,37.0,20,2022,7,22
0.0,10.000000953674316,38.0,20,2022,7,22
0.0,33.0,39.0,20,2022,7,22
1.220973014831543,70.00001525878906,44.0,20,2022,7,22
0.0,13.500001907348633,5.0,7,2023,7,22
1.7537851333618164,48.99999237060547,9.0,7,2023,7,22
0.8020714521408081,11.69999885559082,11.0,7,2023,7,22
3.291311740875244,52.20000076293945,13.0,7,2023,7,22
0.5510450005531311,35.0,25.0,7,2023,7,22
0.0,22.0,29.0,7,2023,7,22
0.0,4.0,30.0,7,2023,7,22
0.0,8.0,32.0,7,2023,7,22
0.0,1.8000000715255735,37.0,7,2023,7,22
0.0,0.9999998807907104,38.0,7,2023,7,22
0.0,2.6999998092651367,39.0,7,2023,7,22
0.0370204858481884,0.0,44.0,7,2023,7,22
0.0,7.40000057220459,5.0,8,2023,7,22
2.2800955772399902,0.0,9.0,8,2023,7,22
1.4878273010253906,27.90000534057617,11.0,8,2023,7,22
2.9220540523529053,21.000001907348636,13.0,8,2023,7,22
1.6180782318115234,15.0,25.0,8,2023,7,22
0.5503783822059631,17.80000114440918,29.0,8,2023,7,22
0.0,1.999999761581421,30.0,8,2023,7,22
0.0,10.000000953674316,32.0,8,2023,7,22
0.0,0.5,37.0,8,2023,7,22
0.0963756889104843,13.000000953674316,38.0,8,2023,7,22
0.0,1.999999761581421,39.0,8,2023,7,22
1.891168594360352,0.9999998807907104,44.0,8,2023,7,22
0.0,41.99999237060547,5.0,9,2023,7,22
1.1160173416137695,6.500000476837158,9.0,9,2023,7,22
2.1146275997161865,22.0,11.0,9,2023,7,22
4.414112091064453,37.0,13.0,9,2023,7,22
1.6366026401519775,12.000001907348633,25.0,9,2023,7,22
1.1444377899169922,9.199999809265137,29.0,9,2023,7,22
0.0450970642268657,4.999999523162842,30.0,9,2023,7,22
0.0,39.0,32.0,9,2023,7,22
0.0704320669174194,29.999998092651367,37.0,9,2023,7,22
0.2895353138446808,4.999999523162842,38.0,9,2023,7,22
0.0,11.500000953674316,39.0,9,2023,7,22
1.1519575119018557,1.1999998092651367,44.0,9,2023,7,22
0.0,27.999998092651367,5.0,10,2023,7,22
2.119438648223877,11.0,9.0,10,2023,7,22
1.4561116695404053,2.999999523162842,11.0,10,2023,7,22
3.1088802814483643,10.000000953674316,13.0,10,2023,7,22
1.3894619941711426,23.0,25.0,10,2023,7,22
2.204703092575073,14.000000953674316,29.0,10,2023,7,22
0.0,14.000000953674316,30.0,10,2023,7,22
0.0,20.000001907348636,32.0,10,2023,7,22
0.0,18.0,37.0,10,2023,7,22
0.0,10.000000953674316,38.0,10,2023,7,22
0.0,24.5,39.0,10,2023,7,22
0.8928393125534058,5.8000006675720215,44.0,10,2023,7,22
0.0,10.000000953674316,5.0,11,2023,7,22
0.7298442125320435,29.999998092651367,9.0,11,2023,7,22
1.74927020072937,7.0,11.0,11,2023,7,22
6.758157730102539,9.0,13.0,11,2023,7,22
2.2958755493164062,8.0,25.0,11,2023,7,22
0.8262527585029602,11.599998474121094,29.0,11,2023,7,22
0.0,20.000001907348636,30.0,11,2023,7,22
0.0,29.999998092651367,32.0,11,2023,7,22
0.0,13.000000953674316,37.0,11,2023,7,22
0.0044577722437679,5.999999523162842,38.0,11,2023,7,22
0.0,7.0,39.0,11,2023,7,22
0.0,2.999999523162842,44.0,11,2023,7,22
0.0,42.99999237060547,5.0,12,2023,7,22
5.647083282470703,12.000001907348633,9.0,12,2023,7,22
3.572537899017334,16.0,11.0,12,2023,7,22
7.0767822265625,27.999998092651367,13.0,12,2023,7,22
1.8415340185165403,42.99999237060547,25.0,12,2023,7,22
0.218397319316864,71.40001678466797,29.0,12,2023,7,22
0.5729687213897705,35.0,30.0,12,2023,7,22
0.05865990370512,16.700000762939453,32.0,12,2023,7,22
0.0,51.00000762939453,37.0,12,2023,7,22
0.0,15.0,38.0,12,2023,7,22
0.0,46.99999237060547,39.0,12,2023,7,22
0.0930426344275474,24.999998092651367,44.0,12,2023,7,22
0.0,34.000003814697266,5.0,13,2023,7,22
1.3043217658996582,8.0,9.0,13,2023,7,22
2.81298828125,0.5999999046325684,11.0,13,2023,7,22
3.821252822875977,929.0,13.0,13,2023,7,22
1.2760698795318604,8.0,25.0,13,2023,7,22
0.075859285891056,32.000003814697266,29.0,13,2023,7,22
0.0,39.0,30.0,13,2023,7,22
0.0,30.399999618530277,32.0,13,2023,7,22
0.0,34.100006103515625,37.0,13,2023,7,22
0.0,22.0,38.0,13,2023,7,22
0.0,65.99998474121094,39.0,13,2023,7,22
0.6313740611076355,18.0,44.0,13,2023,7,22
0.0,24.000001907348636,5.0,14,2023,7,22
1.4539395570755005,77.00001525878906,9.0,14,2023,7,22
4.769257545471191,112.39998626708984,11.0,14,2023,7,22
5.900890350341797,65.00000762939453,13.0,14,2023,7,22
2.4318368434906006,26.000001907348636,25.0,14,2023,7,22
0.7511350512504578,45.99999237060547,29.0,14,2023,7,22
0.0,53.00000381469727,30.0,14,2023,7,22
0.0,6.90000057220459,32.0,14,2023,7,22
0.0,21.899999618530277,37.0,14,2023,7,22
0.0245383772999048,18.0,38.0,14,2023,7,22
0.0,7.0,39.0,14,2023,7,22
1.2217390537261963,42.99999237060547,44.0,14,2023,7,22
0.0,56.0,5.0,15,2023,7,22
2.640898942947388,41.99999237060547,9.0,15,2023,7,22
3.0700597763061523,110.99998474121094,11.0,15,2023,7,22
8.385290145874023,97.00001525878906,13.0,15,2023,7,22
1.4300419092178345,41.99999237060547,25.0,15,2023,7,22
1.0572160482406616,16.0,29.0,15,2023,7,22
0.1512313485145568,36.19999694824219,30.0,15,2023,7,22
0.0,114.99999237060548,32.0,15,2023,7,22
0.0,40.0,37.0,15,2023,7,22
0.1322638988494873,30.99999237060547,38.0,15,2023,7,22
0.0,40.99999237060547,39.0,15,2023,7,22
1.4525864124298096,42.99999237060547,44.0,15,2023,7,22
0.0,12.000001907348633,5.0,16,2023,7,22
6.684763908386231,48.99999237060547,9.0,16,2023,7,22
4.287745952606201,26.000001907348636,11.0,16,2023,7,22
8.107616424560547,32.000003814697266,13.0,16,2023,7,22
1.4750332832336426,18.0,25.0,16,2023,7,22
1.8047568798065183,19.0,29.0,16,2023,7,22
0.0921805799007415,4.999999523162842,30.0,16,2023,7,22
0.0,21.000001907348636,32.0,16,2023,7,22
0.0,0.0,37.0,16,2023,7,22
0.2789663672447204,4.999999523162842,38.0,16,2023,7,22
0.0,1.4999998807907104,39.0,16,2023,7,22
0.8208751678466797,0.2000000029802322,44.0,16,2023,7,22
0.0,24.000001907348636,5.0,17,2023,7,22
3.468079805374145,60.999996185302734,9.0,17,2023,7,22
3.1899116039276123,84.99998474121094,11.0,17,2023,7,22
6.474637508392334,64.00001525878906,13.0,17,2023,7,22
1.537279486656189,34.000003814697266,25.0,17,2023,7,22
1.9223062992095947,9.0,29.0,17,2023,7,22
0.0,8.0,30.0,17,2023,7,22
0.0,17.0,32.0,17,2023,7,22
0.0,1.999999761581421,37.0,17,2023,7,22
0.0123821841552853,9.0,38.0,17,2023,7,22
0.0,1.999999761581421,39.0,17,2023,7,22
0.968483030796051,0.2000000029802322,44.0,17,2023,7,22
0.0,5.999999523162842,5.0,18,2023,7,22
6.581913948059082,19.0,9.0,18,2023,7,22
3.034052610397339,206.00001525878903,11.0,18,2023,7,22
4.928991317749023,14.000000953674316,13.0,18,2023,7,22
1.8653062582015991,18.0,25.0,18,2023,7,22
1.2424380779266355,35.999996185302734,29.0,18,2023,7,22
0.0,9.0,30.0,18,2023,7,22
0.0,1.999999761581421,32.0,18,2023,7,22
0.0,18.0,37.0,18,2023,7,22
0.0,16.0,38.0,18,2023,7,22
0.0,0.0,39.0,18,2023,7,22
0.9703112840652466,0.0999999865889549,44.0,18,2023,7,22
0.0,0.0,5.0,19,2023,7,22
2.8419857025146484,18.0,9.0,19,2023,7,22
2.19081449508667,29.000001907348636,11.0,19,2023,7,22
2.909785270690918,30.99999237060547,13.0,19,2023,7,22
2.6974592208862305,2.1000001430511475,25.0,19,2023,7,22
1.0447670221328735,0.0999999865889549,29.0,19,2023,7,22
0.0,0.0999999865889549,30.0,19,2023,7,22
0.0,0.0,32.0,19,2023,7,22
0.1198949217796325,0.0,37.0,19,2023,7,22
0.0,0.0,38.0,19,2023,7,22
0.0,0.0,39.0,19,2023,7,22
0.6045065522193909,0.0,44.0,19,2023,7,22
0.0,0.0,5.0,20,2023,7,22
1.16791832447052,8.199999809265137,9.0,20,2023,7,22
1.5384893417358398,35.999996185302734,11.0,20,2023,7,22
3.3586230278015137,1.4999998807907104,13.0,20,2023,7,22
1.7275373935699463,0.3000000715255737,25.0,20,2023,7,22
0.3578062653541565,0.0,29.0,20,2023,7,22
0.0,0.0,30.0,20,2023,7,22
0.0,10.000000953674316,32.0,20,2023,7,22
0.0,0.3000000715255737,37.0,20,2023,7,22
0.0,0.3000000715255737,38.0,20,2023,7,22
0.0,1.999999761581421,39.0,20,2023,7,22
0.0,0.0,44.0,20,2023,7,22
0.0,0.0,5.0,7,2020,7,25
2.0529568195343018,0.0,9.0,7,2020,7,25
1.878355622291565,0.0,11.0,7,2020,7,25
5.40274715423584,0.0,13.0,7,2020,7,25
1.4713963270187378,0.0,25.0,7,2020,7,25
0.6891809701919556,0.0,29.0,7,2020,7,25
0.0,0.0,30.0,7,2020,7,25
0.0,0.0,32.0,7,2020,7,25
0.0,0.0,37.0,7,2020,7,25
0.0,0.0,38.0,7,2020,7,25
0.0,0.0,39.0,7,2020,7,25
0.1512721180915832,18.700000762939453,44.0,7,2020,7,25
0.0,3.1000001430511475,5.0,8,2020,7,25
1.445989966392517,0.0,9.0,8,2020,7,25
0.945193886756897,0.0,11.0,8,2020,7,25
3.0332236289978027,0.6999999284744263,13.0,8,2020,7,25
0.4252398312091827,3.6000003814697266,25.0,8,2020,7,25
0.0736758038401603,0.800000011920929,29.0,8,2020,7,25
0.0426892302930355,0.0999999865889549,30.0,8,2020,7,25
0.0,26.80000114440918,32.0,8,2020,7,25
0.0,14.000000953674316,37.0,8,2020,7,25
0.0,1.600000023841858,38.0,8,2020,7,25
0.0,21.000001907348636,39.0,8,2020,7,25
0.2507800459861755,54.79999542236328,44.0,8,2020,7,25
0.0,3.200000286102295,5.0,9,2020,7,25
0.9834892749786376,0.0999999865889549,9.0,9,2020,7,25
0.425177663564682,0.0,11.0,9,2020,7,25
0.7107757925987244,0.0,13.0,9,2020,7,25
0.0071306345053017,9.100001335144045,25.0,9,2020,7,25
0.0219356026500463,0.0,29.0,9,2020,7,25
0.0,5.100000381469727,30.0,9,2020,7,25
0.0,44.399993896484375,32.0,9,2020,7,25
0.0,0.0,37.0,9,2020,7,25
0.0,14.499999046325684,38.0,9,2020,7,25
0.0,28.89999771118164,39.0,9,2020,7,25
0.0382511354982852,49.30000686645508,44.0,9,2020,7,25
0.0,1.999999761581421,5.0,10,2020,7,25
0.3309231698513031,4.800000190734863,9.0,10,2020,7,25
0.6950844526290894,26.80000114440918,11.0,10,2020,7,25
0.6059784889221191,21.000001907348636,13.0,10,2020,7,25
0.0,19.899999618530277,25.0,10,2020,7,25
0.0,0.6999999284744263,29.0,10,2020,7,25
0.0,42.499996185302734,30.0,10,2020,7,25
0.0,24.30000114440918,32.0,10,2020,7,25
0.0,56.800025939941406,37.0,10,2020,7,25
0.0,48.80000305175781,38.0,10,2020,7,25
0.0,81.70001220703125,39.0,10,2020,7,25
0.0,60.900001525878906,44.0,10,2020,7,25
0.0,22.899999618530277,5.0,11,2020,7,25
0.1812444180250167,29.20000648498535,9.0,11,2020,7,25
0.0,14.799997329711914,11.0,11,2020,7,25
0.5417983531951904,34.50000762939453,13.0,11,2020,7,25
0.1291686296463012,36.400001525878906,25.0,11,2020,7,25
0.0,8.90000057220459,29.0,11,2020,7,25
0.0,19.299999237060547,30.0,11,2020,7,25
0.0,30.20000457763672,32.0,11,2020,7,25
0.0,8.90000057220459,37.0,11,2020,7,25
0.0,2.999999523162842,38.0,11,2020,7,25
0.0,58.299991607666016,39.0,11,2020,7,25
0.0,6.500000476837158,44.0,11,2020,7,25
0.0,9.30000114440918,5.0,12,2020,7,25
0.0,24.599998474121094,9.0,12,2020,7,25
0.0,25.200000762939453,11.0,12,2020,7,25
1.576351761817932,17.500001907348633,13.0,12,2020,7,25
0.0,9.899999618530272,25.0,12,2020,7,25
0.0,153.1999969482422,29.0,12,2020,7,25
0.0,64.19998168945312,30.0,12,2020,7,25
0.0,36.70000076293945,32.0,12,2020,7,25
0.0,37.400001525878906,37.0,12,2020,7,25
0.0,22.299997329711918,38.0,12,2020,7,25
0.0,38.80000305175781,39.0,12,2020,7,25
0.0,20.69999885559082,44.0,12,2020,7,25
0.0,6.59999942779541,5.0,13,2020,7,25
0.0,2.500000238418579,9.0,13,2020,7,25
0.329608678817749,7.40000057220459,11.0,13,2020,7,25
0.8550804853439331,47.09999847412109,13.0,13,2020,7,25
0.0,2.8000001907348637,25.0,13,2020,7,25
0.0,8.80000114440918,29.0,13,2020,7,25
0.0,0.0999999865889549,30.0,13,2020,7,25
0.0,0.0,32.0,13,2020,7,25
0.0,0.0,37.0,13,2020,7,25
0.0,0.0,38.0,13,2020,7,25
0.0,0.0,39.0,13,2020,7,25
0.0,0.0,44.0,13,2020,7,25
0.0,0.0,5.0,14,2020,7,25
0.6310425400733948,1.600000023841858,9.0,14,2020,7,25
0.5992945432662964,0.0,11.0,14,2020,7,25
2.7163233757019043,0.0,13.0,14,2020,7,25
0.0121409203857183,0.5999999046325684,25.0,14,2020,7,25
0.0,0.0,29.0,14,2020,7,25
0.0,12.399999618530272,30.0,14,2020,7,25
0.0,0.3000000715255737,32.0,14,2020,7,25
0.0,0.0,37.0,14,2020,7,25
0.0,0.0,38.0,14,2020,7,25
0.0,0.0999999865889549,39.0,14,2020,7,25
0.1279189884662628,0.0,44.0,14,2020,7,25
0.0,0.0,5.0,15,2020,7,25
1.8465765714645384,27.600006103515625,9.0,15,2020,7,25
3.122149705886841,0.0,11.0,15,2020,7,25
3.0357861518859863,0.6999999284744263,13.0,15,2020,7,25
0.7106865644454956,4.700000286102295,25.0,15,2020,7,25
0.27041095495224,0.0,29.0,15,2020,7,25
0.0,5.900000095367432,30.0,15,2020,7,25
0.0,0.0,32.0,15,2020,7,25
0.0,0.0,37.0,15,2020,7,25
0.0,0.0,38.0,15,2020,7,25
0.0,0.0,39.0,15,2020,7,25
0.9120056629180908,0.0,44.0,15,2020,7,25
0.0,0.0,5.0,16,2020,7,25
1.9381591081619265,3.200000286102295,9.0,16,2020,7,25
2.2870402336120605,2.299999713897705,11.0,16,2020,7,25
4.680829048156738,8.0,13.0,16,2020,7,25
0.7871910333633423,1.7000000476837158,25.0,16,2020,7,25
0.6915774345397949,22.0,29.0,16,2020,7,25
0.0,0.0,30.0,16,2020,7,25
0.0,0.0,32.0,16,2020,7,25
0.0,0.4000000953674316,37.0,16,2020,7,25
0.0,0.0,38.0,16,2020,7,25
0.0,0.0,39.0,16,2020,7,25
1.0783931016921997,0.0,44.0,16,2020,7,25
0.0,0.0,5.0,17,2020,7,25
2.117386817932129,11.399998664855955,9.0,17,2020,7,25
1.08514666557312,20.500001907348636,11.0,17,2020,7,25
3.1596994400024414,5.600000381469727,13.0,17,2020,7,25
0.6251590847969055,0.0,25.0,17,2020,7,25
0.3416131138801574,0.0,29.0,17,2020,7,25
0.0,0.2000000029802322,30.0,17,2020,7,25
0.0,0.0,32.0,17,2020,7,25
0.0,0.0,37.0,17,2020,7,25
0.0,0.0,38.0,17,2020,7,25
0.0,0.0,39.0,17,2020,7,25
0.0641616433858871,0.0,44.0,17,2020,7,25
0.0,0.0,5.0,18,2020,7,25
1.425955891609192,60.59999084472656,9.0,18,2020,7,25
1.8133888244628904,25.70000267028809,11.0,18,2020,7,25
2.603842496871948,36.50000381469727,13.0,18,2020,7,25
0.7526291012763977,1.1999998092651367,25.0,18,2020,7,25
0.2111257463693618,0.0,29.0,18,2020,7,25
0.0,0.0,30.0,18,2020,7,25
0.0,0.0,32.0,18,2020,7,25
0.0,0.0,37.0,18,2020,7,25
0.0,0.0,38.0,18,2020,7,25
0.0,0.0,39.0,18,2020,7,25
0.0,1.999999761581421,44.0,18,2020,7,25
0.0,13.099998474121094,5.0,19,2020,7,25
1.2604436874389648,14.39999771118164,9.0,19,2020,7,25
1.4812333583831787,42.899993896484375,11.0,19,2020,7,25
2.862360000610352,56.800025939941406,13.0,19,2020,7,25
0.4866319298744201,27.999998092651367,25.0,19,2020,7,25
0.487034261226654,12.200000762939451,29.0,19,2020,7,25
0.0,4.800000190734863,30.0,19,2020,7,25
0.0,0.0,32.0,19,2020,7,25
0.0,1.600000023841858,37.0,19,2020,7,25
0.0,22.79999542236328,38.0,19,2020,7,25
0.0,0.0,39.0,19,2020,7,25
0.337990790605545,2.299999713897705,44.0,19,2020,7,25
0.0,9.800000190734863,5.0,20,2020,7,25
0.886236846446991,27.999998092651367,9.0,20,2020,7,25
0.634540319442749,0.0,11.0,20,2020,7,25
1.4576501846313477,56.50000381469727,13.0,20,2020,7,25
0.1616528481245041,38.59999465942383,25.0,20,2020,7,25
0.0353382527828216,6.500000476837158,29.0,20,2020,7,25
0.0,40.400001525878906,30.0,20,2020,7,25
0.0,10.80000114440918,32.0,20,2020,7,25
0.0,4.600000858306885,37.0,20,2020,7,25
0.0,19.60000228881836,38.0,20,2020,7,25
0.0,5.100000381469727,39.0,20,2020,7,25
0.5314228534698486,5.600000381469727,44.0,20,2020,7,25
0.0,62.69998550415039,5.0,7,2021,7,25
2.6487958431243896,35.5,9.0,7,2021,7,25
3.643381834030152,31.90000534057617,11.0,7,2021,7,25
6.200786590576172,36.60000228881836,13.0,7,2021,7,25
1.414681911468506,67.20002746582031,25.0,7,2021,7,25
0.9875756502151488,34.400001525878906,29.0,7,2021,7,25
0.0,44.89999008178711,30.0,7,2021,7,25
0.0,38.900001525878906,32.0,7,2021,7,25
0.0,32.20000076293945,37.0,7,2021,7,25
0.1956738829612732,35.29999542236328,38.0,7,2021,7,25
0.0,34.700008392333984,39.0,7,2021,7,25
0.6351816654205322,14.699999809265137,44.0,7,2021,7,25
0.0,0.0,5.0,8,2021,7,25
4.951941013336182,0.0,9.0,8,2021,7,25
5.526497840881348,0.0,11.0,8,2021,7,25
12.075817108154297,0.0,13.0,8,2021,7,25
1.3632173538208008,0.0,25.0,8,2021,7,25
0.4100674390792846,0.0,29.0,8,2021,7,25
0.0,0.0,30.0,8,2021,7,25
0.0,0.0,32.0,8,2021,7,25
0.0,0.0,37.0,8,2021,7,25
0.0,0.0,38.0,8,2021,7,25
0.0,0.0,39.0,8,2021,7,25
0.6081268787384033,0.0,44.0,8,2021,7,25
0.0,33.60000228881836,5.0,9,2021,7,25
5.500010967254639,0.0,9.0,9,2021,7,25
2.435795307159424,0.0,11.0,9,2021,7,25
5.064247131347656,0.0,13.0,9,2021,7,25
1.3090088367462158,34.700008392333984,25.0,9,2021,7,25
0.4368862807750702,0.0,29.0,9,2021,7,25
0.0135525176301598,0.0,30.0,9,2021,7,25
0.0,0.0,32.0,9,2021,7,25
0.1046449393033981,0.0,37.0,9,2021,7,25
0.0,0.0,38.0,9,2021,7,25
0.0,0.0,39.0,9,2021,7,25
0.2873750627040863,0.0,44.0,9,2021,7,25
0.0,0.0,5.0,10,2021,7,25
2.7920684814453125,0.0,9.0,10,2021,7,25
3.63780665397644,0.0,11.0,10,2021,7,25
5.078297138214111,0.0,13.0,10,2021,7,25
2.350900173187256,0.0,25.0,10,2021,7,25
0.0364505909383297,0.0,29.0,10,2021,7,25
0.1907362937927246,0.0,30.0,10,2021,7,25
0.0,0.0,32.0,10,2021,7,25
0.0,0.0,37.0,10,2021,7,25
0.0,0.0,38.0,10,2021,7,25
0.0,0.0,39.0,10,2021,7,25
0.5118410587310791,0.0,44.0,10,2021,7,25
0.0,0.0,5.0,11,2021,7,25
1.541029453277588,0.0,9.0,11,2021,7,25
1.4523561000823977,0.0,11.0,11,2021,7,25
2.333139419555664,0.0,13.0,11,2021,7,25
0.9700279235839844,0.0,25.0,11,2021,7,25
0.5124289393424988,0.0,29.0,11,2021,7,25
0.0,0.0,30.0,11,2021,7,25
0.0,0.0,32.0,11,2021,7,25
0.0,0.0,37.0,11,2021,7,25
0.0,0.0,38.0,11,2021,7,25
0.0,0.0,39.0,11,2021,7,25
0.1588478833436966,0.0,44.0,11,2021,7,25
0.0,0.0,5.0,12,2021,7,25
2.351218938827514,0.0,9.0,12,2021,7,25
1.3332569599151611,0.0,11.0,12,2021,7,25
5.502446174621582,0.0,13.0,12,2021,7,25
1.3121669292449951,0.0,25.0,12,2021,7,25
0.0,0.0,29.0,12,2021,7,25
0.0,0.0,30.0,12,2021,7,25
0.0,0.0,32.0,12,2021,7,25
0.0,0.0,37.0,12,2021,7,25
0.0944473594427108,0.0,38.0,12,2021,7,25
0.0,0.0,39.0,12,2021,7,25
0.5303940773010254,0.0,44.0,12,2021,7,25
0.0,0.0,5.0,13,2021,7,25
0.5789656639099121,0.0,9.0,13,2021,7,25
1.5653258562088013,0.0,11.0,13,2021,7,25
6.669673919677734,0.0,13.0,13,2021,7,25
0.6490288972854614,0.0,25.0,13,2021,7,25
0.0,0.0,29.0,13,2021,7,25
0.0,0.0,30.0,13,2021,7,25
0.0,0.0,32.0,13,2021,7,25
0.0,0.0,37.0,13,2021,7,25
0.0,0.0,38.0,13,2021,7,25
0.0,0.0,39.0,13,2021,7,25
0.8349689841270447,0.0,44.0,13,2021,7,25
0.0,0.0,5.0,14,2021,7,25
2.21752405166626,0.0,9.0,14,2021,7,25
1.2428748607635498,1.1000001430511477,11.0,14,2021,7,25
2.990989446640014,0.0,13.0,14,2021,7,25
0.5234706401824951,0.0,25.0,14,2021,7,25
0.5470894575119019,0.0,29.0,14,2021,7,25
0.0,0.0,30.0,14,2021,7,25
0.0,0.0,32.0,14,2021,7,25
0.0,0.0,37.0,14,2021,7,25
0.0,0.0,38.0,14,2021,7,25
0.0,0.0,39.0,14,2021,7,25
0.7821566462516785,0.0,44.0,14,2021,7,25
0.0,0.0,5.0,15,2021,7,25
0.4842259883880615,8.600000381469727,9.0,15,2021,7,25
0.3717999756336212,0.0,11.0,15,2021,7,25
2.312541961669922,0.0,13.0,15,2021,7,25
0.0,0.0,25.0,15,2021,7,25
0.2850811779499054,0.0,29.0,15,2021,7,25
0.0,0.0,30.0,15,2021,7,25
0.0,0.0,32.0,15,2021,7,25
0.0,0.0,37.0,15,2021,7,25
0.0,0.0,38.0,15,2021,7,25
0.0,0.0,39.0,15,2021,7,25
0.0395933277904987,0.0,44.0,15,2021,7,25
0.0,16.299997329711914,5.0,16,2021,7,25
0.593335747718811,1.8000000715255735,9.0,16,2021,7,25
0.5173563957214355,7.599998474121094,11.0,16,2021,7,25
1.3726656436920166,48.399993896484375,13.0,16,2021,7,25
0.1386573314666748,10.599998474121094,25.0,16,2021,7,25
0.1898028403520584,5.299999713897705,29.0,16,2021,7,25
0.0,24.80000114440918,30.0,16,2021,7,25
0.0,2.4000003337860107,32.0,16,2021,7,25
0.0,0.0,37.0,16,2021,7,25
0.0,0.0,38.0,16,2021,7,25
0.0,0.0,39.0,16,2021,7,25
0.2452294826507568,43.80000305175781,44.0,16,2021,7,25
0.0,58.40000534057617,5.0,17,2021,7,25
0.3975918591022491,60.20000076293945,9.0,17,2021,7,25
0.3547387421131134,21.899999618530277,11.0,17,2021,7,25
2.4879069328308105,63.59999465942383,13.0,17,2021,7,25
0.0,31.599992752075195,25.0,17,2021,7,25
0.0,62.0000228881836,29.0,17,2021,7,25
0.0,24.599998474121094,30.0,17,2021,7,25
0.0,4.700000286102295,32.0,17,2021,7,25
0.0,7.1999993324279785,37.0,17,2021,7,25
0.0,3.1000001430511475,38.0,17,2021,7,25
0.0,7.800000190734863,39.0,17,2021,7,25
0.0,13.699997901916504,44.0,17,2021,7,25
0.0,0.5,5.0,18,2021,7,25
0.9836415648460388,2.299999713897705,9.0,18,2021,7,25
1.625523805618286,5.399999618530273,11.0,18,2021,7,25
2.8263051509857178,3.1000001430511475,13.0,18,2021,7,25
0.1737689524888992,0.800000011920929,25.0,18,2021,7,25
0.1487249583005905,0.0,29.0,18,2021,7,25
0.0,8.700000762939453,30.0,18,2021,7,25
0.0,6.500000476837158,32.0,18,2021,7,25
0.0,13.79999828338623,37.0,18,2021,7,25
0.0,11.799999237060549,38.0,18,2021,7,25
0.0,13.599998474121094,39.0,18,2021,7,25
0.0,0.0,44.0,18,2021,7,25
0.0,40.19999694824219,5.0,19,2021,7,25
0.9421532154083252,0.0,9.0,19,2021,7,25
1.3040034770965576,11.69999885559082,11.0,19,2021,7,25
4.056379795074463,18.900001525878903,13.0,19,2021,7,25
0.3804694712162018,40.79999923706055,25.0,19,2021,7,25
0.2467797249555587,0.0,29.0,19,2021,7,25
0.0382028929889202,0.0,30.0,19,2021,7,25
0.0,0.0,32.0,19,2021,7,25
0.0,0.0,37.0,19,2021,7,25
0.0,0.0,38.0,19,2021,7,25
0.0,0.0,39.0,19,2021,7,25
0.3767744898796081,0.0,44.0,19,2021,7,25
0.0,4.800000190734863,5.0,20,2021,7,25
0.8658785820007324,15.300000190734863,9.0,20,2021,7,25
1.6705358028411863,6.299999237060547,11.0,20,2021,7,25
2.7093563079833984,28.49999618530273,13.0,20,2021,7,25
0.0910639539361,2.299999713897705,25.0,20,2021,7,25
0.304517924785614,0.0,29.0,20,2021,7,25
0.0,0.0,30.0,20,2021,7,25
0.0,0.0,32.0,20,2021,7,25
0.0,0.0,37.0,20,2021,7,25
0.0,0.0,38.0,20,2021,7,25
0.0,0.0,39.0,20,2021,7,25
0.6209684610366821,0.0,44.0,20,2021,7,25
0.0,7.0,5.0,7,2022,7,25
2.014247417449951,0.5,9.0,7,2022,7,25
1.6881316900253296,0.0,11.0,7,2022,7,25
3.640167474746704,1.999999761581421,13.0,7,2022,7,25
1.561387062072754,26.09999656677246,25.0,7,2022,7,25
2.043030261993408,0.0,29.0,7,2022,7,25
0.0108437584713101,4.0,30.0,7,2022,7,25
0.0014988115290179,7.0,32.0,7,2022,7,25
0.0,1.999999761581421,37.0,7,2022,7,25
0.0,4.999999523162842,38.0,7,2022,7,25
0.0,0.0999999865889549,39.0,7,2022,7,25
1.118496298789978,5.999999523162842,44.0,7,2022,7,25
0.0,0.0,5.0,8,2022,7,25
3.597957134246826,4.999999523162842,9.0,8,2022,7,25
2.188002824783325,1.999999761581421,11.0,8,2022,7,25
5.496886730194092,48.99999237060547,13.0,8,2022,7,25
1.6769506931304932,0.0,25.0,8,2022,7,25
1.1317601203918457,0.0,29.0,8,2022,7,25
0.3894484937191009,0.0,30.0,8,2022,7,25
0.0,0.4000000953674316,32.0,8,2022,7,25
0.0,0.0,37.0,8,2022,7,25
0.0,10.000000953674316,38.0,8,2022,7,25
0.0,2.999999523162842,39.0,8,2022,7,25
1.798326015472412,0.800000011920929,44.0,8,2022,7,25
0.0,3.200000286102295,5.0,9,2022,7,25
3.582509279251098,18.0,9.0,9,2022,7,25
2.769495248794556,4.999999523162842,11.0,9,2022,7,25
4.460065841674805,24.999998092651367,13.0,9,2022,7,25
2.687887191772461,4.999999523162842,25.0,9,2022,7,25
0.9318472146987916,7.0,29.0,9,2022,7,25
0.0758137181401252,0.3000000715255737,30.0,9,2022,7,25
0.0,0.9999998807907104,32.0,9,2022,7,25
0.0,0.0,37.0,9,2022,7,25
0.0,12.000001907348633,38.0,9,2022,7,25
0.0,0.2000000029802322,39.0,9,2022,7,25
0.9690418243408204,0.5,44.0,9,2022,7,25
0.0,0.0,5.0,10,2022,7,25
2.810117721557617,0.0,9.0,10,2022,7,25
2.2477755546569824,24.999998092651367,11.0,10,2022,7,25
7.419601917266846,17.0,13.0,10,2022,7,25
1.5500011444091797,0.9999998807907104,25.0,10,2022,7,25
0.357386976480484,0.0,29.0,10,2022,7,25
0.0994637683033943,0.0,30.0,10,2022,7,25
0.0,17.0,32.0,10,2022,7,25
0.0350643619894981,0.0,37.0,10,2022,7,25
0.0,0.0,38.0,10,2022,7,25
0.0,4.999999523162842,39.0,10,2022,7,25
0.4855355024337768,0.0,44.0,10,2022,7,25
0.0,9.0,5.0,11,2022,7,25
2.2634592056274414,5.999999523162842,9.0,11,2022,7,25
2.688063144683838,14.000000953674316,11.0,11,2022,7,25
4.677114963531494,11.0,13.0,11,2022,7,25
1.467671275138855,30.99999237060547,25.0,11,2022,7,25
0.5714504718780518,17.30000114440918,29.0,11,2022,7,25
0.0,46.59999847412109,30.0,11,2022,7,25
0.0,15.0,32.0,11,2022,7,25
0.0,26.000001907348636,37.0,11,2022,7,25
0.0,14.000000953674316,38.0,11,2022,7,25
0.0,13.000000953674316,39.0,11,2022,7,25
0.5030585527420044,67.39999389648438,44.0,11,2022,7,25
0.0,1.999999761581421,5.0,12,2022,7,25
2.7843282222747803,7.300000190734863,9.0,12,2022,7,25
2.3742575645446777,82.99998474121094,11.0,12,2022,7,25
6.375898361206055,18.0,13.0,12,2022,7,25
1.711944818496704,8.0,25.0,12,2022,7,25
0.3971682488918304,0.0,29.0,12,2022,7,25
0.4025875627994537,5.999999523162842,30.0,12,2022,7,25
0.0769402608275413,33.0,32.0,12,2022,7,25
0.0,13.000000953674316,37.0,12,2022,7,25
0.0643833428621292,5.999999523162842,38.0,12,2022,7,25
0.0,19.0,39.0,12,2022,7,25
0.0224949307739734,16.0,44.0,12,2022,7,25
0.0,4.0,5.0,13,2022,7,25
1.9679473638534544,34.700008392333984,9.0,13,2022,7,25
2.300752878189087,5.999999523162842,11.0,13,2022,7,25
6.027697563171387,37.0,13.0,13,2022,7,25
0.8030451536178589,14.000000953674316,25.0,13,2022,7,25
0.2153673470020294,12.000001907348633,29.0,13,2022,7,25
0.0,9.0,30.0,13,2022,7,25
0.0,65.00000762939453,32.0,13,2022,7,25
0.0,50.0,37.0,13,2022,7,25
0.0,2.999999523162842,38.0,13,2022,7,25
0.0,29.000001907348636,39.0,13,2022,7,25
0.4215543866157532,23.0,44.0,13,2022,7,25
0.0,13.099998474121094,5.0,14,2022,7,25
3.8619205951690674,0.9999998807907104,9.0,14,2022,7,25
4.5009870529174805,1.999999761581421,11.0,14,2022,7,25
6.48121976852417,17.100004196166992,13.0,14,2022,7,25
1.1432077884674072,27.10000228881836,25.0,14,2022,7,25
0.2410943061113357,10.099998474121094,29.0,14,2022,7,25
0.0,0.9999998807907104,30.0,14,2022,7,25
0.0,0.0,32.0,14,2022,7,25
0.0,2.999999523162842,37.0,14,2022,7,25
0.0,11.0,38.0,14,2022,7,25
0.0,0.0,39.0,14,2022,7,25
0.9124481081962584,2.200000286102295,44.0,14,2022,7,25
0.0,8.90000057220459,5.0,15,2022,7,25
1.420018434524536,1.999999761581421,9.0,15,2022,7,25
1.6747777462005615,0.0,11.0,15,2022,7,25
3.785016059875488,0.0,13.0,15,2022,7,25
1.229331135749817,0.0,25.0,15,2022,7,25
0.3169870972633362,5.999999523162842,29.0,15,2022,7,25
0.0,0.0,30.0,15,2022,7,25
0.0,0.0,32.0,15,2022,7,25
0.0,0.0,37.0,15,2022,7,25
0.0,0.0,38.0,15,2022,7,25
0.0,0.0,39.0,15,2022,7,25
0.932296097278595,6.799999237060547,44.0,15,2022,7,25
0.0,9.199999809265137,5.0,16,2022,7,25
2.723510265350342,22.0,9.0,16,2022,7,25
1.141959547996521,19.0,11.0,16,2022,7,25
2.942565441131592,0.2000000029802322,13.0,16,2022,7,25
1.4319031238555908,2.999999523162842,25.0,16,2022,7,25
0.3756329715251922,13.000000953674316,29.0,16,2022,7,25
0.0,0.0,30.0,16,2022,7,25
0.0,22.0,32.0,16,2022,7,25
0.0,0.2000000029802322,37.0,16,2022,7,25
0.0,1.999999761581421,38.0,16,2022,7,25
0.0,0.0,39.0,16,2022,7,25
0.6765348315238953,0.3000000715255737,44.0,16,2022,7,25
0.0,2.8000001907348637,5.0,17,2022,7,25
1.162250280380249,0.9000000953674316,9.0,17,2022,7,25
0.7381284236907959,0.0,11.0,17,2022,7,25
2.514462947845459,0.0999999865889549,13.0,17,2022,7,25
0.4116667211055755,4.500000476837158,25.0,17,2022,7,25
0.0,27.999998092651367,29.0,17,2022,7,25
0.0,7.800000190734863,30.0,17,2022,7,25
0.0,39.0,32.0,17,2022,7,25
0.0,13.000000953674316,37.0,17,2022,7,25
0.0,10.000000953674316,38.0,17,2022,7,25
0.0,33.0,39.0,17,2022,7,25
0.2370432317256927,70.00001525878906,44.0,17,2022,7,25
0.0,19.0,5.0,18,2022,7,25
0.6315555572509766,8.5,9.0,18,2022,7,25
1.011229157447815,0.4000000953674316,11.0,18,2022,7,25
2.157065391540528,12.90000057220459,13.0,18,2022,7,25
0.1949748694896698,22.0,25.0,18,2022,7,25
0.0178502853959798,22.0,29.0,18,2022,7,25
0.0,55.89998245239258,30.0,18,2022,7,25
0.0,102.0000457763672,32.0,18,2022,7,25
0.0,100.00003814697266,37.0,18,2022,7,25
0.0,37.999996185302734,38.0,18,2022,7,25
0.0,65.00000762939453,39.0,18,2022,7,25
0.0,103.00001525878906,44.0,18,2022,7,25
0.0,2.999999523162842,5.0,19,2022,7,25
0.5225978493690491,11.200000762939451,9.0,19,2022,7,25
0.7711067199707031,24.69999885559082,11.0,19,2022,7,25
1.145376205444336,2.1000001430511475,13.0,19,2022,7,25
0.2543882727622986,8.0,25.0,19,2022,7,25
0.0880816578865051,9.0,29.0,19,2022,7,25
0.0,8.09999942779541,30.0,19,2022,7,25
0.0,5.8000006675720215,32.0,19,2022,7,25
0.0,5.999999523162842,37.0,19,2022,7,25
0.0,6.90000057220459,38.0,19,2022,7,25
0.0,5.1999993324279785,39.0,19,2022,7,25
0.0,8.0,44.0,19,2022,7,25
0.0,15.90000057220459,5.0,20,2022,7,25
0.7733834385871887,0.9999998807907104,9.0,20,2022,7,25
0.5223451852798462,0.9000000953674316,11.0,20,2022,7,25
0.4336228966712951,30.99999237060547,13.0,20,2022,7,25
0.0,24.000001907348636,25.0,20,2022,7,25
0.0,7.100000381469727,29.0,20,2022,7,25
0.0,30.99999237060547,30.0,20,2022,7,25
0.0,16.200000762939453,32.0,20,2022,7,25
0.0,7.0,37.0,20,2022,7,25
0.0,19.099994659423828,38.0,20,2022,7,25
0.0,33.80000305175781,39.0,20,2022,7,25
0.0,0.0,44.0,20,2022,7,25
0.0,27.999998092651367,5.0,7,2023,7,25
1.7505438327789309,11.0,9.0,7,2023,7,25
2.5244250297546387,2.999999523162842,11.0,7,2023,7,25
5.872493267059326,10.000000953674316,13.0,7,2023,7,25
1.269237995147705,23.0,25.0,7,2023,7,25
1.382411003112793,14.000000953674316,29.0,7,2023,7,25
0.0710721015930175,14.000000953674316,30.0,7,2023,7,25
0.0,20.000001907348636,32.0,7,2023,7,25
0.0,18.0,37.0,7,2023,7,25
0.045817494392395,10.000000953674316,38.0,7,2023,7,25
0.0,24.5,39.0,7,2023,7,25
0.9832860231399536,5.8000006675720215,44.0,7,2023,7,25
0.0,10.000000953674316,5.0,8,2023,7,25
1.049588680267334,29.999998092651367,9.0,8,2023,7,25
3.47610855102539,7.0,11.0,8,2023,7,25
9.60751247406006,9.0,13.0,8,2023,7,25
1.976445198059082,8.0,25.0,8,2023,7,25
0.8968708515167236,11.599998474121094,29.0,8,2023,7,25
0.0016146848211064,20.000001907348636,30.0,8,2023,7,25
0.0,29.999998092651367,32.0,8,2023,7,25
0.0,13.000000953674316,37.0,8,2023,7,25
0.1136173978447914,5.999999523162842,38.0,8,2023,7,25
0.0,7.0,39.0,8,2023,7,25
0.6488162279129028,2.999999523162842,44.0,8,2023,7,25
0.0,42.99999237060547,5.0,9,2023,7,25
3.977656126022339,12.000001907348633,9.0,9,2023,7,25
4.489222049713135,16.0,11.0,9,2023,7,25
6.724271774291992,27.999998092651367,13.0,9,2023,7,25
2.2098309993743896,42.99999237060547,25.0,9,2023,7,25
0.5697996616363525,71.40001678466797,29.0,9,2023,7,25
0.0,35.0,30.0,9,2023,7,25
0.0,16.700000762939453,32.0,9,2023,7,25
0.0,51.00000762939453,37.0,9,2023,7,25
0.06772181391716,15.0,38.0,9,2023,7,25
0.0024692683946341,46.99999237060547,39.0,9,2023,7,25
0.6748509407043457,24.999998092651367,44.0,9,2023,7,25
0.0,34.000003814697266,5.0,10,2023,7,25
3.13175630569458,8.0,9.0,10,2023,7,25
3.319514513015747,0.5999999046325684,11.0,10,2023,7,25
4.810863971710205,929.0,13.0,10,2023,7,25
1.907081127166748,8.0,25.0,10,2023,7,25
0.4070451259613037,32.000003814697266,29.0,10,2023,7,25
0.193078264594078,39.0,30.0,10,2023,7,25
0.0,30.399999618530277,32.0,10,2023,7,25
0.0,34.100006103515625,37.0,10,2023,7,25
0.0,22.0,38.0,10,2023,7,25
0.0,65.99998474121094,39.0,10,2023,7,25
0.9961607456207277,18.0,44.0,10,2023,7,25
0.0,24.000001907348636,5.0,11,2023,7,25
2.2615966796875,77.00001525878906,9.0,11,2023,7,25
5.940683364868164,112.39998626708984,11.0,11,2023,7,25
6.2459330558776855,65.00000762939453,13.0,11,2023,7,25
1.6731226444244385,26.000001907348636,25.0,11,2023,7,25
1.025034785270691,45.99999237060547,29.0,11,2023,7,25
0.0,53.00000381469727,30.0,11,2023,7,25
0.0,6.90000057220459,32.0,11,2023,7,25
0.0,21.899999618530277,37.0,11,2023,7,25
0.0268536619842052,18.0,38.0,11,2023,7,25
0.0,7.0,39.0,11,2023,7,25
0.3447325229644775,42.99999237060547,44.0,11,2023,7,25
0.0,56.0,5.0,12,2023,7,25
5.684165000915527,41.99999237060547,9.0,12,2023,7,25
5.920495986938477,110.99998474121094,11.0,12,2023,7,25
13.160406112670898,97.00001525878906,13.0,12,2023,7,25
0.7168052792549133,41.99999237060547,25.0,12,2023,7,25
1.60644268989563,16.0,29.0,12,2023,7,25
0.681157112121582,36.19999694824219,30.0,12,2023,7,25
0.0,114.99999237060548,32.0,12,2023,7,25
0.0,40.0,37.0,12,2023,7,25
0.0,30.99999237060547,38.0,12,2023,7,25
0.0,40.99999237060547,39.0,12,2023,7,25
0.3291829824447632,42.99999237060547,44.0,12,2023,7,25
0.0,12.000001907348633,5.0,13,2023,7,25
3.289923429489136,48.99999237060547,9.0,13,2023,7,25
4.102879524230957,26.000001907348636,11.0,13,2023,7,25
6.121354579925537,32.000003814697266,13.0,13,2023,7,25
1.1376731395721436,18.0,25.0,13,2023,7,25
0.9277430176734924,19.0,29.0,13,2023,7,25
0.0,4.999999523162842,30.0,13,2023,7,25
0.0,21.000001907348636,32.0,13,2023,7,25
0.0,0.0,37.0,13,2023,7,25
0.0,4.999999523162842,38.0,13,2023,7,25
0.0,1.4999998807907104,39.0,13,2023,7,25
0.4293413758277893,0.2000000029802322,44.0,13,2023,7,25
0.0,24.000001907348636,5.0,14,2023,7,25
4.60243034362793,60.999996185302734,9.0,14,2023,7,25
5.3990583419799805,84.99998474121094,11.0,14,2023,7,25
7.739665985107422,64.00001525878906,13.0,14,2023,7,25
2.945631980895996,34.000003814697266,25.0,14,2023,7,25
1.7420108318328855,9.0,29.0,14,2023,7,25
0.0,8.0,30.0,14,2023,7,25
0.0,17.0,32.0,14,2023,7,25
0.0363293774425983,1.999999761581421,37.0,14,2023,7,25
0.3709863126277923,9.0,38.0,14,2023,7,25
0.0,1.999999761581421,39.0,14,2023,7,25
1.2060868740081787,0.2000000029802322,44.0,14,2023,7,25
0.0,5.999999523162842,5.0,15,2023,7,25
4.868807792663574,19.0,9.0,15,2023,7,25
2.2798662185668945,206.00001525878903,11.0,15,2023,7,25
5.571613311767578,14.000000953674316,13.0,15,2023,7,25
1.1971997022628784,18.0,25.0,15,2023,7,25
1.4295073747634888,35.999996185302734,29.0,15,2023,7,25
0.3742274045944214,9.0,30.0,15,2023,7,25
0.0,1.999999761581421,32.0,15,2023,7,25
0.0,18.0,37.0,15,2023,7,25
0.0,16.0,38.0,15,2023,7,25
0.0,0.0,39.0,15,2023,7,25
0.5376258492469788,0.0999999865889549,44.0,15,2023,7,25
0.0,0.0,5.0,16,2023,7,25
4.184988021850586,18.0,9.0,16,2023,7,25
1.2917585372924805,29.000001907348636,11.0,16,2023,7,25
4.065585613250732,30.99999237060547,13.0,16,2023,7,25
1.413717269897461,2.1000001430511475,25.0,16,2023,7,25
1.353035807609558,0.0999999865889549,29.0,16,2023,7,25
0.3455382585525512,0.0999999865889549,30.0,16,2023,7,25
0.0,0.0,32.0,16,2023,7,25
0.0,0.0,37.0,16,2023,7,25
0.1077983304858207,0.0,38.0,16,2023,7,25
0.0,0.0,39.0,16,2023,7,25
0.542499840259552,0.0,44.0,16,2023,7,25
0.0,0.0,5.0,17,2023,7,25
2.1448798179626465,8.199999809265137,9.0,17,2023,7,25
1.444125771522522,35.999996185302734,11.0,17,2023,7,25
3.753861427307129,1.4999998807907104,13.0,17,2023,7,25
1.496916651725769,0.3000000715255737,25.0,17,2023,7,25
1.519625902175903,0.0,29.0,17,2023,7,25
0.2338358610868454,0.0,30.0,17,2023,7,25
0.0,10.000000953674316,32.0,17,2023,7,25
0.0,0.3000000715255737,37.0,17,2023,7,25
0.0,0.3000000715255737,38.0,17,2023,7,25
0.0,1.999999761581421,39.0,17,2023,7,25
0.1528598964214325,0.0,44.0,17,2023,7,25
0.0,10.000000953674316,5.0,18,2023,7,25
4.736509799957275,0.0,9.0,18,2023,7,25
2.7632625102996826,18.0,11.0,18,2023,7,25
4.120129108428955,52.49999237060547,13.0,18,2023,7,25
1.817331314086914,12.700000762939451,25.0,18,2023,7,25
0.8788252472877502,2.999999523162842,29.0,18,2023,7,25
0.3755438029766083,29.10000228881836,30.0,18,2023,7,25
0.0,10.000000953674316,32.0,18,2023,7,25
0.0,2.5999996662139893,37.0,18,2023,7,25
0.0823453888297081,8.700000762939453,38.0,18,2023,7,25
0.0,0.9999998807907104,39.0,18,2023,7,25
0.2355878949165344,2.5999996662139893,44.0,18,2023,7,25
0.0,7.0,5.0,19,2023,7,25
3.802501201629639,0.0,9.0,19,2023,7,25
1.4953606128692627,10.200000762939451,11.0,19,2023,7,25
2.3720173835754395,24.999998092651367,13.0,19,2023,7,25
1.3856868743896484,7.0,25.0,19,2023,7,25
1.5810258388519287,2.299999713897705,29.0,19,2023,7,25
0.2240131944417953,1.9000003337860107,30.0,19,2023,7,25
0.0,8.09999942779541,32.0,19,2023,7,25
0.0,67.10000610351562,37.0,19,2023,7,25
0.056002490222454,1.9000003337860107,38.0,19,2023,7,25
0.0,19.199996948242188,39.0,19,2023,7,25
0.3353935182094574,25.600000381469727,44.0,19,2023,7,25
0.0,0.0,5.0,20,2023,7,25
2.119927167892456,0.0,9.0,20,2023,7,25
2.282344341278076,0.0,11.0,20,2023,7,25
2.3280704021453857,0.0,13.0,20,2023,7,25
0.8736251592636108,0.0,25.0,20,2023,7,25
0.4076345264911651,0.0,29.0,20,2023,7,25
0.0,0.0,30.0,20,2023,7,25
0.0,0.0,32.0,20,2023,7,25
0.0,0.0,37.0,20,2023,7,25
0.0,0.0,38.0,20,2023,7,25
0.0,0.0,39.0,20,2023,7,25
0.0,0.0,44.0,20,2023,7,25
0.0,22.899999618530277,5.0,7,2020,7,29
1.0453779697418213,29.20000648498535,9.0,7,2020,7,29
0.9825364947319032,14.799997329711914,11.0,7,2020,7,29
1.836718201637268,34.50000762939453,13.0,7,2020,7,29
0.5396360158920288,36.400001525878906,25.0,7,2020,7,29
1.3082877397537231,8.90000057220459,29.0,7,2020,7,29
0.0,19.299999237060547,30.0,7,2020,7,29
0.0,30.20000457763672,32.0,7,2020,7,29
0.0,8.90000057220459,37.0,7,2020,7,29
0.0,2.999999523162842,38.0,7,2020,7,29
0.0,58.299991607666016,39.0,7,2020,7,29
0.5858108401298523,6.500000476837158,44.0,7,2020,7,29
0.0,9.30000114440918,5.0,8,2020,7,29
1.0818392038345337,24.599998474121094,9.0,8,2020,7,29
1.403411626815796,25.200000762939453,11.0,8,2020,7,29
2.6789040565490723,17.500001907348633,13.0,8,2020,7,29
0.7868820428848267,9.899999618530272,25.0,8,2020,7,29
1.2662358283996582,153.1999969482422,29.0,8,2020,7,29
0.0,64.19998168945312,30.0,8,2020,7,29
0.266106516122818,36.70000076293945,32.0,8,2020,7,29
0.0,37.400001525878906,37.0,8,2020,7,29
0.0657131671905517,22.299997329711918,38.0,8,2020,7,29
0.0,38.80000305175781,39.0,8,2020,7,29
0.9643468856811525,20.69999885559082,44.0,8,2020,7,29
0.0,6.59999942779541,5.0,9,2020,7,29
1.41621732711792,2.500000238418579,9.0,9,2020,7,29
2.967567205429077,7.40000057220459,11.0,9,2020,7,29
4.11719274520874,47.09999847412109,13.0,9,2020,7,29
1.1259533166885376,2.8000001907348637,25.0,9,2020,7,29
0.6103829145431519,8.80000114440918,29.0,9,2020,7,29
0.0,0.0999999865889549,30.0,9,2020,7,29
0.0,0.0,32.0,9,2020,7,29
0.0,0.0,37.0,9,2020,7,29
0.0327204465866088,0.0,38.0,9,2020,7,29
0.0,0.0,39.0,9,2020,7,29
0.4842719435691833,0.0,44.0,9,2020,7,29
0.0,0.0,5.0,10,2020,7,29
4.638916015625,1.600000023841858,9.0,10,2020,7,29
1.82559871673584,0.0,11.0,10,2020,7,29
3.0398168563842773,0.0,13.0,10,2020,7,29
1.3893758058547974,0.5999999046325684,25.0,10,2020,7,29
0.5194361209869385,0.0,29.0,10,2020,7,29
0.0,12.399999618530272,30.0,10,2020,7,29
0.0,0.3000000715255737,32.0,10,2020,7,29
0.0,0.0,37.0,10,2020,7,29
0.0,0.0,38.0,10,2020,7,29
0.0,0.0999999865889549,39.0,10,2020,7,29
0.6358423233032227,0.0,44.0,10,2020,7,29
0.0,0.0,5.0,11,2020,7,29
1.9108963012695312,27.600006103515625,9.0,11,2020,7,29
1.5604044198989868,0.0,11.0,11,2020,7,29
1.4398655891418457,0.6999999284744263,13.0,11,2020,7,29
1.4175076484680176,4.700000286102295,25.0,11,2020,7,29
0.3529760241508484,0.0,29.0,11,2020,7,29
0.0,5.900000095367432,30.0,11,2020,7,29
0.0,0.0,32.0,11,2020,7,29
0.0,0.0,37.0,11,2020,7,29
0.1612812876701355,0.0,38.0,11,2020,7,29
0.0,0.0,39.0,11,2020,7,29
0.3695006370544433,0.0,44.0,11,2020,7,29
0.0,0.0,5.0,12,2020,7,29
1.2843328714370728,3.200000286102295,9.0,12,2020,7,29
3.3807625770568848,2.299999713897705,11.0,12,2020,7,29
3.694103240966797,8.0,13.0,12,2020,7,29
1.1398595571517944,1.7000000476837158,25.0,12,2020,7,29
1.3914425373077393,22.0,29.0,12,2020,7,29
0.6989789009094238,0.0,30.0,12,2020,7,29
0.0,0.0,32.0,12,2020,7,29
0.0,0.4000000953674316,37.0,12,2020,7,29
0.0,0.0,38.0,12,2020,7,29
0.0,0.0,39.0,12,2020,7,29
0.0829586684703826,0.0,44.0,12,2020,7,29
0.0,0.0,5.0,13,2020,7,29
0.9718415141105652,11.399998664855955,9.0,13,2020,7,29
3.194692850112915,20.500001907348636,11.0,13,2020,7,29
4.52764892578125,5.600000381469727,13.0,13,2020,7,29
0.9895079731941224,0.0,25.0,13,2020,7,29
0.1723728477954864,0.0,29.0,13,2020,7,29
0.0,0.2000000029802322,30.0,13,2020,7,29
0.0,0.0,32.0,13,2020,7,29
0.0,0.0,37.0,13,2020,7,29
0.0,0.0,38.0,13,2020,7,29
0.0,0.0,39.0,13,2020,7,29
0.3893413245677948,0.0,44.0,13,2020,7,29
0.0,0.0,5.0,14,2020,7,29
2.345126152038574,60.59999084472656,9.0,14,2020,7,29
4.514493465423584,25.70000267028809,11.0,14,2020,7,29
5.764411926269531,36.50000381469727,13.0,14,2020,7,29
1.701894998550415,1.1999998092651367,25.0,14,2020,7,29
0.2372442483901977,0.0,29.0,14,2020,7,29
0.0,0.0,30.0,14,2020,7,29
0.0,0.0,32.0,14,2020,7,29
0.0,0.0,37.0,14,2020,7,29
0.0,0.0,38.0,14,2020,7,29
0.0,0.0,39.0,14,2020,7,29
0.3889711201190948,1.999999761581421,44.0,14,2020,7,29
0.0,13.099998474121094,5.0,15,2020,7,29
5.371638298034668,14.39999771118164,9.0,15,2020,7,29
5.136319160461426,42.899993896484375,11.0,15,2020,7,29
5.703173637390137,56.800025939941406,13.0,15,2020,7,29
0.6888242959976196,27.999998092651367,25.0,15,2020,7,29
0.5852890610694885,12.200000762939451,29.0,15,2020,7,29
0.2679997682571411,4.800000190734863,30.0,15,2020,7,29
0.1304861307144165,0.0,32.0,15,2020,7,29
0.0,1.600000023841858,37.0,15,2020,7,29
0.0,22.79999542236328,38.0,15,2020,7,29
0.0,0.0,39.0,15,2020,7,29
0.979604423046112,2.299999713897705,44.0,15,2020,7,29
0.0,9.800000190734863,5.0,16,2020,7,29
4.25283145904541,27.999998092651367,9.0,16,2020,7,29
3.4064249992370605,0.0,11.0,16,2020,7,29
7.205172061920166,56.50000381469727,13.0,16,2020,7,29
0.9186308979988098,38.59999465942383,25.0,16,2020,7,29
1.0985863208770752,6.500000476837158,29.0,16,2020,7,29
0.0,40.400001525878906,30.0,16,2020,7,29
0.0,10.80000114440918,32.0,16,2020,7,29
0.0,4.600000858306885,37.0,16,2020,7,29
0.0,19.60000228881836,38.0,16,2020,7,29
0.0,5.100000381469727,39.0,16,2020,7,29
0.9672768712043762,5.600000381469727,44.0,16,2020,7,29
0.0,33.29999923706055,5.0,17,2020,7,29
11.04460334777832,21.299999237060547,9.0,17,2020,7,29
1.7085546255111694,0.0,11.0,17,2020,7,29
7.424577713012695,19.699995040893555,13.0,17,2020,7,29
1.2633371353149414,29.999998092651367,25.0,17,2020,7,29
1.2913274765014648,36.89999008178711,29.0,17,2020,7,29
0.2409373968839645,10.30000114440918,30.0,17,2020,7,29
0.0,62.5000114440918,32.0,17,2020,7,29
0.0,40.49999237060547,37.0,17,2020,7,29
0.3175650835037231,3.400000095367432,38.0,17,2020,7,29
0.0,30.399999618530277,39.0,17,2020,7,29
0.8365201354026794,0.0,44.0,17,2020,7,29
0.0,46.99999237060547,5.0,18,2020,7,29
5.864737510681152,55.70001983642578,9.0,18,2020,7,29
2.0349020957946777,24.199996948242188,11.0,18,2020,7,29
8.909579277038574,120.19998931884766,13.0,18,2020,7,29
2.4658665657043457,39.600006103515625,25.0,18,2020,7,29
1.0745919942855835,17.700000762939453,29.0,18,2020,7,29
0.0716363042593002,34.400001525878906,30.0,18,2020,7,29
0.0001893627922981,8.199999809265137,32.0,18,2020,7,29
0.0,4.600000858306885,37.0,18,2020,7,29
0.0,6.299999237060547,38.0,18,2020,7,29
0.0,3.400000095367432,39.0,18,2020,7,29
0.362248033285141,6.700000762939453,44.0,18,2020,7,29
0.0,20.30000305175781,5.0,19,2020,7,29
2.7394752502441406,20.199996948242188,9.0,19,2020,7,29
2.5416159629821777,37.20000457763672,11.0,19,2020,7,29
7.235440254211426,54.00000381469727,13.0,19,2020,7,29
1.5700569152832031,13.90000343322754,25.0,19,2020,7,29
0.3599771559238434,0.0,29.0,19,2020,7,29
0.0037153891753405,2.999999523162842,30.0,19,2020,7,29
0.0,42.100006103515625,32.0,19,2020,7,29
0.0,58.40000534057617,37.0,19,2020,7,29
0.0,11.599998474121094,38.0,19,2020,7,29
0.0,36.29999923706055,39.0,19,2020,7,29
0.1813101470470428,19.899999618530277,44.0,19,2020,7,29
0.0,12.300000190734863,5.0,20,2020,7,29
1.5368640422821045,43.899993896484375,9.0,20,2020,7,29
0.7458335757255554,23.80000305175781,11.0,20,2020,7,29
2.1985228061676025,41.30000686645508,13.0,20,2020,7,29
0.6012455224990845,13.099998474121094,25.0,20,2020,7,29
0.2526749074459076,9.599998474121094,29.0,20,2020,7,29
0.0,38.20000457763672,30.0,20,2020,7,29
0.0,0.0,32.0,20,2020,7,29
0.0,0.0,37.0,20,2020,7,29
0.0,0.0,38.0,20,2020,7,29
0.0,6.799999237060547,39.0,20,2020,7,29
0.0934545695781707,18.59999656677246,44.0,20,2020,7,29
0.0,0.0,5.0,7,2021,7,29
1.7982252836227417,0.0,9.0,7,2021,7,29
1.475900173187256,0.0,11.0,7,2021,7,29
3.685535430908203,0.0,13.0,7,2021,7,29
1.2292332649230957,0.0,25.0,7,2021,7,29
0.6803059577941895,0.0,29.0,7,2021,7,29
0.0,0.0,30.0,7,2021,7,29
0.0,0.0,32.0,7,2021,7,29
0.0,0.0,37.0,7,2021,7,29
0.0,0.0,38.0,7,2021,7,29
0.0,0.0,39.0,7,2021,7,29
0.2486432790756225,0.0,44.0,7,2021,7,29
0.0,0.0,5.0,8,2021,7,29
1.3616387844085691,0.0,9.0,8,2021,7,29
1.002407789230347,0.0,11.0,8,2021,7,29
6.775162220001221,0.0,13.0,8,2021,7,29
1.8816776275634768,0.0,25.0,8,2021,7,29
0.8571034073829651,0.0,29.0,8,2021,7,29
0.1737414896488189,0.0,30.0,8,2021,7,29
0.0903792232275009,0.0,32.0,8,2021,7,29
0.0,0.0,37.0,8,2021,7,29
0.0,0.0,38.0,8,2021,7,29
0.0,0.0,39.0,8,2021,7,29
0.1460990160703659,0.0,44.0,8,2021,7,29
0.0,0.0,5.0,9,2021,7,29
1.967780351638794,0.0,9.0,9,2021,7,29
1.240024447441101,0.0,11.0,9,2021,7,29
2.9275503158569336,0.0,13.0,9,2021,7,29
1.9340150356292725,0.0,25.0,9,2021,7,29
0.676193118095398,0.0,29.0,9,2021,7,29
0.0421801283955574,0.0,30.0,9,2021,7,29
0.0,0.0,32.0,9,2021,7,29
0.0,0.0,37.0,9,2021,7,29
0.0,0.0,38.0,9,2021,7,29
0.0,0.0,39.0,9,2021,7,29
0.2619271278381347,0.0,44.0,9,2021,7,29
0.0,0.0,5.0,10,2021,7,29
2.8786864280700684,0.0,9.0,10,2021,7,29
2.2920055389404297,1.1000001430511477,11.0,10,2021,7,29
6.199207305908203,0.0,13.0,10,2021,7,29
1.0989015102386477,0.0,25.0,10,2021,7,29
0.6109311580657959,0.0,29.0,10,2021,7,29
0.0,0.0,30.0,10,2021,7,29
0.0,0.0,32.0,10,2021,7,29
0.0,0.0,37.0,10,2021,7,29
0.0,0.0,38.0,10,2021,7,29
0.0,0.0,39.0,10,2021,7,29
1.0777887105941772,0.0,44.0,10,2021,7,29
0.0,0.0,5.0,11,2021,7,29
3.703733444213867,8.600000381469727,9.0,11,2021,7,29
1.8611963987350464,0.0,11.0,11,2021,7,29
4.145731449127197,0.0,13.0,11,2021,7,29
1.5045123100280762,0.0,25.0,11,2021,7,29
0.0644506365060806,0.0,29.0,11,2021,7,29
0.0530591085553169,0.0,30.0,11,2021,7,29
0.0,0.0,32.0,11,2021,7,29
0.0,0.0,37.0,11,2021,7,29
0.1159194931387901,0.0,38.0,11,2021,7,29
0.0,0.0,39.0,11,2021,7,29
0.8139945268630981,0.0,44.0,11,2021,7,29
0.0,16.299997329711914,5.0,12,2021,7,29
3.5824339389801025,1.8000000715255735,9.0,12,2021,7,29
1.044500708580017,7.599998474121094,11.0,12,2021,7,29
5.718700408935547,48.399993896484375,13.0,12,2021,7,29
1.9005777835845947,10.599998474121094,25.0,12,2021,7,29
0.9728167057037354,5.299999713897705,29.0,12,2021,7,29
0.1827912777662277,24.80000114440918,30.0,12,2021,7,29
0.0,2.4000003337860107,32.0,12,2021,7,29
0.0,0.0,37.0,12,2021,7,29
0.1664108335971832,0.0,38.0,12,2021,7,29
0.0,0.0,39.0,12,2021,7,29
0.1258721947669983,43.80000305175781,44.0,12,2021,7,29
0.0,58.40000534057617,5.0,13,2021,7,29
0.5303577184677124,60.20000076293945,9.0,13,2021,7,29
1.7716403007507324,21.899999618530277,11.0,13,2021,7,29
4.150704383850098,63.59999465942383,13.0,13,2021,7,29
1.0515586137771606,31.599992752075195,25.0,13,2021,7,29
0.276067316532135,62.0000228881836,29.0,13,2021,7,29
0.0,24.599998474121094,30.0,13,2021,7,29
0.0,4.700000286102295,32.0,13,2021,7,29
0.0,7.1999993324279785,37.0,13,2021,7,29
0.0,3.1000001430511475,38.0,13,2021,7,29
0.0,7.800000190734863,39.0,13,2021,7,29
0.127306267619133,13.699997901916504,44.0,13,2021,7,29
0.0,0.5,5.0,14,2021,7,29
1.7390882968902588,2.299999713897705,9.0,14,2021,7,29
3.06886625289917,5.399999618530273,11.0,14,2021,7,29
3.313877582550049,3.1000001430511475,13.0,14,2021,7,29
1.2263860702514648,0.800000011920929,25.0,14,2021,7,29
0.9942264556884766,0.0,29.0,14,2021,7,29
0.0229873023927211,8.700000762939453,30.0,14,2021,7,29
0.0,6.500000476837158,32.0,14,2021,7,29
0.0,13.79999828338623,37.0,14,2021,7,29
0.0,11.799999237060549,38.0,14,2021,7,29
0.0,13.599998474121094,39.0,14,2021,7,29
0.271312415599823,0.0,44.0,14,2021,7,29
0.0,40.19999694824219,5.0,15,2021,7,29
2.2517378330230717,0.0,9.0,15,2021,7,29
1.8366682529449463,11.69999885559082,11.0,15,2021,7,29
2.7687971591949463,18.900001525878903,13.0,15,2021,7,29
0.6842321157455444,40.79999923706055,25.0,15,2021,7,29
0.9414877891540528,0.0,29.0,15,2021,7,29
0.0859317258000373,0.0,30.0,15,2021,7,29
0.1636399924755096,0.0,32.0,15,2021,7,29
0.0,0.0,37.0,15,2021,7,29
0.0,0.0,38.0,15,2021,7,29
0.0,0.0,39.0,15,2021,7,29
0.0,0.0,44.0,15,2021,7,29
0.0,4.800000190734863,5.0,16,2021,7,29
3.4871129989624023,15.300000190734863,9.0,16,2021,7,29
3.5303778648376465,6.299999237060547,11.0,16,2021,7,29
7.208764553070068,28.49999618530273,13.0,16,2021,7,29
1.7831932306289673,2.299999713897705,25.0,16,2021,7,29
0.937364399433136,0.0,29.0,16,2021,7,29
0.2649316191673279,0.0,30.0,16,2021,7,29
0.0,0.0,32.0,16,2021,7,29
0.0,0.0,37.0,16,2021,7,29
0.0951041728258133,0.0,38.0,16,2021,7,29
0.0,0.0,39.0,16,2021,7,29
0.5631377696990967,0.0,44.0,16,2021,7,29
0.0,31.300004959106445,5.0,17,2021,7,29
4.145737648010254,90.30003356933594,9.0,17,2021,7,29
2.1541876792907715,100.60001373291016,11.0,17,2021,7,29
7.146293640136719,68.0999984741211,13.0,17,2021,7,29
2.12429141998291,15.90000057220459,25.0,17,2021,7,29
0.940750241279602,25.399995803833008,29.0,17,2021,7,29
0.0,47.30000305175781,30.0,17,2021,7,29
0.0,0.0,32.0,17,2021,7,29
0.0,0.0,37.0,17,2021,7,29
0.0,5.900000095367432,38.0,17,2021,7,29
0.0,4.300000190734863,39.0,17,2021,7,29
0.126008853316307,0.0,44.0,17,2021,7,29
0.0,12.200000762939451,5.0,18,2021,7,29
3.2322182655334477,34.30000305175781,9.0,18,2021,7,29
2.7617344856262207,2.4000003337860107,11.0,18,2021,7,29
6.834774017333984,14.900002479553224,13.0,18,2021,7,29
2.162029981613159,11.500000953674316,25.0,18,2021,7,29
0.7679430842399597,4.600000858306885,29.0,18,2021,7,29
0.0411728732287883,11.099998474121094,30.0,18,2021,7,29
0.0,0.0,32.0,18,2021,7,29
0.0,3.90000057220459,37.0,18,2021,7,29
0.0,20.69999885559082,38.0,18,2021,7,29
0.0,2.299999713897705,39.0,18,2021,7,29
1.0676189661026,0.0,44.0,18,2021,7,29
0.0,9.700000762939451,5.0,19,2021,7,29
3.1594247817993164,28.699995040893555,9.0,19,2021,7,29
2.595271348953247,39.100006103515625,11.0,19,2021,7,29
5.941838264465332,35.700008392333984,13.0,19,2021,7,29
0.839982807636261,4.099999904632568,25.0,19,2021,7,29
0.8019671440124512,0.0,29.0,19,2021,7,29
0.2012427300214767,4.899999618530273,30.0,19,2021,7,29
0.0,0.0,32.0,19,2021,7,29
0.0,0.0,37.0,19,2021,7,29
0.0,0.0,38.0,19,2021,7,29
0.0,0.0,39.0,19,2021,7,29
1.3308626413345337,0.0,44.0,19,2021,7,29
0.0,0.0,5.0,20,2021,7,29
2.3845982551574707,50.50000762939453,9.0,20,2021,7,29
2.3125088214874268,3.400000095367432,11.0,20,2021,7,29
2.827558279037476,36.70000076293945,13.0,20,2021,7,29
0.7780040502548218,1.8000000715255735,25.0,20,2021,7,29
0.1945114731788635,4.399999618530273,29.0,20,2021,7,29
0.0,0.0,30.0,20,2021,7,29
0.0,0.0,32.0,20,2021,7,29
0.0,0.0,37.0,20,2021,7,29
0.0,0.0,38.0,20,2021,7,29
0.0,0.0,39.0,20,2021,7,29
0.0478078499436378,0.0,44.0,20,2021,7,29
0.0,9.0,5.0,7,2022,7,29
1.3371427059173584,5.999999523162842,9.0,7,2022,7,29
1.1277228593826294,14.000000953674316,11.0,7,2022,7,29
2.4142751693725586,11.0,13.0,7,2022,7,29
0.8167455196380615,30.99999237060547,25.0,7,2022,7,29
0.0753091722726821,17.30000114440918,29.0,7,2022,7,29
0.0,46.59999847412109,30.0,7,2022,7,29
0.0,15.0,32.0,7,2022,7,29
0.0,26.000001907348636,37.0,7,2022,7,29
0.0,14.000000953674316,38.0,7,2022,7,29
0.0,13.000000953674316,39.0,7,2022,7,29
0.2082013338804245,67.39999389648438,44.0,7,2022,7,29
0.0,1.999999761581421,5.0,8,2022,7,29
0.8929476141929626,7.300000190734863,9.0,8,2022,7,29
1.2515112161636353,82.99998474121094,11.0,8,2022,7,29
2.39143180847168,18.0,13.0,8,2022,7,29
0.3947218954563141,8.0,25.0,8,2022,7,29
0.0,0.0,29.0,8,2022,7,29
0.0,5.999999523162842,30.0,8,2022,7,29
0.0511644333600997,33.0,32.0,8,2022,7,29
0.0,13.000000953674316,37.0,8,2022,7,29
0.0,5.999999523162842,38.0,8,2022,7,29
0.0,19.0,39.0,8,2022,7,29
0.2495715618133545,16.0,44.0,8,2022,7,29
0.0,4.0,5.0,9,2022,7,29
0.771554172039032,34.700008392333984,9.0,9,2022,7,29
1.341752052307129,5.999999523162842,11.0,9,2022,7,29
2.3241307735443115,37.0,13.0,9,2022,7,29
0.4031591713428497,14.000000953674316,25.0,9,2022,7,29
0.3597196936607361,12.000001907348633,29.0,9,2022,7,29
0.0,9.0,30.0,9,2022,7,29
0.0,65.00000762939453,32.0,9,2022,7,29
0.0,50.0,37.0,9,2022,7,29
0.0,2.999999523162842,38.0,9,2022,7,29
0.0,29.000001907348636,39.0,9,2022,7,29
0.5196743607521057,23.0,44.0,9,2022,7,29
0.0,13.099998474121094,5.0,10,2022,7,29
1.6092084646224976,0.9999998807907104,9.0,10,2022,7,29
2.6063666343688965,1.999999761581421,11.0,10,2022,7,29
3.1655189990997314,17.100004196166992,13.0,10,2022,7,29
1.2118741273880005,27.10000228881836,25.0,10,2022,7,29
0.8631156086921692,10.099998474121094,29.0,10,2022,7,29
0.1166315525770187,0.9999998807907104,30.0,10,2022,7,29
0.0,0.0,32.0,10,2022,7,29
0.0,2.999999523162842,37.0,10,2022,7,29
0.0,11.0,38.0,10,2022,7,29
0.0,0.0,39.0,10,2022,7,29
0.7915236949920654,2.200000286102295,44.0,10,2022,7,29
0.0,8.90000057220459,5.0,11,2022,7,29
1.3387411832809448,1.999999761581421,9.0,11,2022,7,29
0.991220474243164,0.0,11.0,11,2022,7,29
3.0709245204925537,0.0,13.0,11,2022,7,29
1.2243460416793823,0.0,25.0,11,2022,7,29
0.0,5.999999523162842,29.0,11,2022,7,29
0.0,0.0,30.0,11,2022,7,29
0.0,0.0,32.0,11,2022,7,29
0.0,0.0,37.0,11,2022,7,29
0.0,0.0,38.0,11,2022,7,29
0.0,0.0,39.0,11,2022,7,29
0.6922512650489807,6.799999237060547,44.0,11,2022,7,29
0.0,9.199999809265137,5.0,12,2022,7,29
2.063946008682251,22.0,9.0,12,2022,7,29
0.1661166399717331,19.0,11.0,12,2022,7,29
3.746154308319092,0.2000000029802322,13.0,12,2022,7,29
0.709243893623352,2.999999523162842,25.0,12,2022,7,29
0.0,13.000000953674316,29.0,12,2022,7,29
0.047598872333765,0.0,30.0,12,2022,7,29
0.0,22.0,32.0,12,2022,7,29
0.0,0.2000000029802322,37.0,12,2022,7,29
0.0,1.999999761581421,38.0,12,2022,7,29
0.0,0.0,39.0,12,2022,7,29
0.5658982992172241,0.3000000715255737,44.0,12,2022,7,29
0.0,2.8000001907348637,5.0,13,2022,7,29
0.4345313310623169,0.9000000953674316,9.0,13,2022,7,29
0.3356240093708038,0.0,11.0,13,2022,7,29
1.6182255744934082,0.0999999865889549,13.0,13,2022,7,29
0.0520463287830352,4.500000476837158,25.0,13,2022,7,29
0.0,27.999998092651367,29.0,13,2022,7,29
0.0,7.800000190734863,30.0,13,2022,7,29
0.0,39.0,32.0,13,2022,7,29
0.0,13.000000953674316,37.0,13,2022,7,29
0.0,10.000000953674316,38.0,13,2022,7,29
0.0,33.0,39.0,13,2022,7,29
0.0445062220096588,70.00001525878906,44.0,13,2022,7,29
0.0,19.0,5.0,14,2022,7,29
0.3932884931564331,8.5,9.0,14,2022,7,29
0.6600652933120728,0.4000000953674316,11.0,14,2022,7,29
2.032665729522705,12.90000057220459,13.0,14,2022,7,29
0.0,22.0,25.0,14,2022,7,29
0.2354422211647033,22.0,29.0,14,2022,7,29
0.0,55.89998245239258,30.0,14,2022,7,29
0.0,102.0000457763672,32.0,14,2022,7,29
0.0,100.00003814697266,37.0,14,2022,7,29
0.0,37.999996185302734,38.0,14,2022,7,29
0.0,65.00000762939453,39.0,14,2022,7,29
0.1538850963115692,103.00001525878906,44.0,14,2022,7,29
0.0,2.999999523162842,5.0,15,2022,7,29
1.2710744142532349,11.200000762939451,9.0,15,2022,7,29
1.3028552532196045,24.69999885559082,11.0,15,2022,7,29
0.9595659375190736,2.1000001430511475,13.0,15,2022,7,29
0.1469561457633972,8.0,25.0,15,2022,7,29
0.131944328546524,9.0,29.0,15,2022,7,29
0.0,8.09999942779541,30.0,15,2022,7,29
0.2953939437866211,5.8000006675720215,32.0,15,2022,7,29
0.0,5.999999523162842,37.0,15,2022,7,29
0.0,6.90000057220459,38.0,15,2022,7,29
0.0,5.1999993324279785,39.0,15,2022,7,29
0.6467124223709106,8.0,44.0,15,2022,7,29
0.0,15.90000057220459,5.0,16,2022,7,29
1.5412085056304932,0.9999998807907104,9.0,16,2022,7,29
1.503708839416504,0.9000000953674316,11.0,16,2022,7,29
3.879873752593994,30.99999237060547,13.0,16,2022,7,29
1.9705784320831297,24.000001907348636,25.0,16,2022,7,29
1.106218338012695,7.100000381469727,29.0,16,2022,7,29
0.0,30.99999237060547,30.0,16,2022,7,29
0.0,16.200000762939453,32.0,16,2022,7,29
0.0,7.0,37.0,16,2022,7,29
0.0,19.099994659423828,38.0,16,2022,7,29
0.0,33.80000305175781,39.0,16,2022,7,29
1.0562688112258911,0.0,44.0,16,2022,7,29
0.0,11.399998664855955,5.0,17,2022,7,29
2.547714710235596,0.2000000029802322,9.0,17,2022,7,29
2.154059886932373,40.99999237060547,11.0,17,2022,7,29
3.3258423805236816,1.999999761581421,13.0,17,2022,7,29
1.2499600648880005,18.0,25.0,17,2022,7,29
0.3810857832431793,12.90000057220459,29.0,17,2022,7,29
0.0395299047231674,1.999999761581421,30.0,17,2022,7,29
0.0,0.0,32.0,17,2022,7,29
0.0,2.999999523162842,37.0,17,2022,7,29
0.0,7.0,38.0,17,2022,7,29
0.0,2.999999523162842,39.0,17,2022,7,29
1.0608582496643066,0.0,44.0,17,2022,7,29
0.0,0.0,5.0,18,2022,7,29
1.9496488571166992,0.0,9.0,18,2022,7,29
3.7758920192718506,5.999999523162842,11.0,18,2022,7,29
5.861537933349609,8.0,13.0,18,2022,7,29
0.6850346326828003,8.09999942779541,25.0,18,2022,7,29
0.1906662881374359,13.000000953674316,29.0,18,2022,7,29
0.0,0.0,30.0,18,2022,7,29
0.0,0.0,32.0,18,2022,7,29
0.0,0.0,37.0,18,2022,7,29
0.0,7.0,38.0,18,2022,7,29
0.0,0.0,39.0,18,2022,7,29
1.7524385452270508,0.0,44.0,18,2022,7,29
0.0,0.3000000715255737,5.0,19,2022,7,29
2.061552762985229,0.0,9.0,19,2022,7,29
1.5208542346954346,0.0,11.0,19,2022,7,29
2.8926799297332764,0.5,13.0,19,2022,7,29
0.8939158916473389,0.2000000029802322,25.0,19,2022,7,29
0.713141679763794,0.0,29.0,19,2022,7,29
0.0,0.0,30.0,19,2022,7,29
0.0365105494856834,0.0,32.0,19,2022,7,29
0.0,0.0,37.0,19,2022,7,29
0.0,0.0,38.0,19,2022,7,29
0.0,0.0,39.0,19,2022,7,29
0.5905911922454834,0.0,44.0,19,2022,7,29
0.0,0.9999998807907104,5.0,20,2022,7,29
0.4891740679740906,1.1000001430511477,9.0,20,2022,7,29
0.7249631881713867,4.999999523162842,11.0,20,2022,7,29
2.111732482910156,13.699997901916504,13.0,20,2022,7,29
0.976003348827362,35.999996185302734,25.0,20,2022,7,29
0.0359258726239204,0.0,29.0,20,2022,7,29
0.0,0.0999999865889549,30.0,20,2022,7,29
0.0,0.6999999284744263,32.0,20,2022,7,29
0.0,41.99999237060547,37.0,20,2022,7,29
0.0,0.0,38.0,20,2022,7,29
0.0,0.0,39.0,20,2022,7,29
0.2125856280326843,1.999999761581421,44.0,20,2022,7,29
0.0,24.000001907348636,5.0,7,2023,7,29
1.3158681392669678,77.00001525878906,9.0,7,2023,7,29
4.141797065734863,112.39998626708984,11.0,7,2023,7,29
6.614378452301025,65.00000762939453,13.0,7,2023,7,29
2.0119614601135254,26.000001907348636,25.0,7,2023,7,29
1.41387677192688,45.99999237060547,29.0,7,2023,7,29
0.0,53.00000381469727,30.0,7,2023,7,29
0.0,6.90000057220459,32.0,7,2023,7,29
0.0,21.899999618530277,37.0,7,2023,7,29
0.2709049880504608,18.0,38.0,7,2023,7,29
0.0,7.0,39.0,7,2023,7,29
0.7697188258171082,42.99999237060547,44.0,7,2023,7,29
0.0,56.0,5.0,8,2023,7,29
3.367147922515869,41.99999237060547,9.0,8,2023,7,29
4.11021900177002,110.99998474121094,11.0,8,2023,7,29
8.29846477508545,97.00001525878906,13.0,8,2023,7,29
1.8385124206542969,41.99999237060547,25.0,8,2023,7,29
2.016798973083496,16.0,29.0,8,2023,7,29
0.0295506455004215,36.19999694824219,30.0,8,2023,7,29
0.1353159695863723,114.99999237060548,32.0,8,2023,7,29
0.0,40.0,37.0,8,2023,7,29
0.0021727106068283,30.99999237060547,38.0,8,2023,7,29
0.0,40.99999237060547,39.0,8,2023,7,29
1.0461138486862185,42.99999237060547,44.0,8,2023,7,29
0.0,12.000001907348633,5.0,9,2023,7,29
4.234738826751709,48.99999237060547,9.0,9,2023,7,29
3.7754769325256343,26.000001907348636,11.0,9,2023,7,29
8.031893730163574,32.000003814697266,13.0,9,2023,7,29
1.0972269773483276,18.0,25.0,9,2023,7,29
0.5018251538276672,19.0,29.0,9,2023,7,29
0.2688008546829223,4.999999523162842,30.0,9,2023,7,29
0.0,21.000001907348636,32.0,9,2023,7,29
0.3426902890205383,0.0,37.0,9,2023,7,29
0.163886472582817,4.999999523162842,38.0,9,2023,7,29
0.0,1.4999998807907104,39.0,9,2023,7,29
0.1372569799423217,0.2000000029802322,44.0,9,2023,7,29
0.0,24.000001907348636,5.0,10,2023,7,29
5.760534286499023,60.999996185302734,9.0,10,2023,7,29
3.9313693046569824,84.99998474121094,11.0,10,2023,7,29
5.471733093261719,64.00001525878906,13.0,10,2023,7,29
1.1937991380691528,34.000003814697266,25.0,10,2023,7,29
0.4258242845535278,9.0,29.0,10,2023,7,29
0.2431906163692474,8.0,30.0,10,2023,7,29
0.0,17.0,32.0,10,2023,7,29
0.0,1.999999761581421,37.0,10,2023,7,29
0.0,9.0,38.0,10,2023,7,29
0.0,1.999999761581421,39.0,10,2023,7,29
0.2590973675251007,0.2000000029802322,44.0,10,2023,7,29
0.0,5.999999523162842,5.0,11,2023,7,29
3.1627233028411865,19.0,9.0,11,2023,7,29
2.6903886795043945,206.00001525878903,11.0,11,2023,7,29
3.341007232666016,14.000000953674316,13.0,11,2023,7,29
1.4009939432144165,18.0,25.0,11,2023,7,29
0.6662842035293579,35.999996185302734,29.0,11,2023,7,29
0.0,9.0,30.0,11,2023,7,29
0.0,1.999999761581421,32.0,11,2023,7,29
0.0,18.0,37.0,11,2023,7,29
0.0,16.0,38.0,11,2023,7,29
0.0,0.0,39.0,11,2023,7,29
0.7119518518447876,0.0999999865889549,44.0,11,2023,7,29
0.0,0.0,5.0,12,2023,7,29
4.024118423461914,18.0,9.0,12,2023,7,29
2.664135217666626,29.000001907348636,11.0,12,2023,7,29
2.834782600402832,30.99999237060547,13.0,12,2023,7,29
1.0174858570098877,2.1000001430511475,25.0,12,2023,7,29
0.7921750545501709,0.0999999865889549,29.0,12,2023,7,29
0.9060297012329102,0.0999999865889549,30.0,12,2023,7,29
0.1232885494828224,0.0,32.0,12,2023,7,29
0.0104006687179207,0.0,37.0,12,2023,7,29
0.0,0.0,38.0,12,2023,7,29
0.0,0.0,39.0,12,2023,7,29
1.0802314281463623,0.0,44.0,12,2023,7,29
0.0,0.0,5.0,13,2023,7,29
1.6564905643463137,8.199999809265137,9.0,13,2023,7,29
1.6135876178741455,35.999996185302734,11.0,13,2023,7,29
2.58583664894104,1.4999998807907104,13.0,13,2023,7,29
0.7616493701934814,0.3000000715255737,25.0,13,2023,7,29
0.8600867986679077,0.0,29.0,13,2023,7,29
0.0,0.0,30.0,13,2023,7,29
0.0,10.000000953674316,32.0,13,2023,7,29
0.0,0.3000000715255737,37.0,13,2023,7,29
0.0,0.3000000715255737,38.0,13,2023,7,29
0.0,1.999999761581421,39.0,13,2023,7,29
1.1291282176971436,0.0,44.0,13,2023,7,29
0.0,10.000000953674316,5.0,14,2023,7,29
1.6920645236968994,0.0,9.0,14,2023,7,29
1.2600665092468262,18.0,11.0,14,2023,7,29
2.5615487098693848,52.49999237060547,13.0,14,2023,7,29
0.7030175924301147,12.700000762939451,25.0,14,2023,7,29
1.823542594909668,2.999999523162842,29.0,14,2023,7,29
0.0,29.10000228881836,30.0,14,2023,7,29
0.0,10.000000953674316,32.0,14,2023,7,29
0.0,2.5999996662139893,37.0,14,2023,7,29
0.0980453267693519,8.700000762939453,38.0,14,2023,7,29
0.0,0.9999998807907104,39.0,14,2023,7,29
0.6520251035690308,2.5999996662139893,44.0,14,2023,7,29
0.0,7.0,5.0,15,2023,7,29
1.3994863033294678,0.0,9.0,15,2023,7,29
1.4404209852218628,10.200000762939451,11.0,15,2023,7,29
1.5684829950332642,24.999998092651367,13.0,15,2023,7,29
0.6761178970336914,7.0,25.0,15,2023,7,29
1.2809820175170898,2.299999713897705,29.0,15,2023,7,29
0.0,1.9000003337860107,30.0,15,2023,7,29
0.0,8.09999942779541,32.0,15,2023,7,29
0.135223388671875,67.10000610351562,37.0,15,2023,7,29
0.0,1.9000003337860107,38.0,15,2023,7,29
0.0,19.199996948242188,39.0,15,2023,7,29
0.0,25.600000381469727,44.0,15,2023,7,29
0.0,0.0,5.0,16,2023,7,29
1.4511455297470093,0.0,9.0,16,2023,7,29
0.2078347653150558,0.0,11.0,16,2023,7,29
1.7275018692016602,0.0,13.0,16,2023,7,29
0.6847996711730957,0.0,25.0,16,2023,7,29
0.8586257100105286,0.0,29.0,16,2023,7,29
0.1022744476795196,0.0,30.0,16,2023,7,29
0.0,0.0,32.0,16,2023,7,29
0.0,0.0,37.0,16,2023,7,29
0.0,0.0,38.0,16,2023,7,29
0.0,0.0,39.0,16,2023,7,29
0.024142375215888,0.0,44.0,16,2023,7,29
0.0,26.000001907348636,5.0,17,2023,7,29
1.6452646255493164,22.0,9.0,17,2023,7,29
0.9775968194007874,2.999999523162842,11.0,17,2023,7,29
1.119786500930786,10.000000953674316,13.0,17,2023,7,29
0.1870255768299102,29.10000228881836,25.0,17,2023,7,29
0.4785790741443634,12.000001907348633,29.0,17,2023,7,29
0.0,21.000001907348636,30.0,17,2023,7,29
0.0,0.5999999046325684,32.0,17,2023,7,29
0.0,17.0,37.0,17,2023,7,29
0.0769017934799194,6.399999141693115,38.0,17,2023,7,29
0.0,18.0,39.0,17,2023,7,29
0.0,35.0,44.0,17,2023,7,29
0.0,14.000000953674316,5.0,18,2023,7,29
2.0562570095062256,0.0999999865889549,9.0,18,2023,7,29
0.8669841289520264,117.9999771118164,11.0,18,2023,7,29
1.660029649734497,65.99998474121094,13.0,18,2023,7,29
0.3884289860725403,40.99999237060547,25.0,18,2023,7,29
0.0449391677975654,0.800000011920929,29.0,18,2023,7,29
0.0,0.0,30.0,18,2023,7,29
0.0,0.9999998807907104,32.0,18,2023,7,29
0.0,16.0,37.0,18,2023,7,29
0.0,0.0999999865889549,38.0,18,2023,7,29
0.0,2.1000001430511475,39.0,18,2023,7,29
0.0943494513630867,9.0,44.0,18,2023,7,29
0.0,8.0,5.0,19,2023,7,29
1.4207767248153689,0.9000000953674316,9.0,19,2023,7,29
0.4685518741607666,7.0,11.0,19,2023,7,29
3.628872156143189,1.1000001430511477,13.0,19,2023,7,29
0.7133669853210449,4.0,25.0,19,2023,7,29
0.0344700366258621,12.200000762939451,29.0,19,2023,7,29
0.088009774684906,0.0999999865889549,30.0,19,2023,7,29
0.0,0.0,32.0,19,2023,7,29
0.0,0.0,37.0,19,2023,7,29
0.0,2.200000286102295,38.0,19,2023,7,29
0.0,0.0,39.0,19,2023,7,29
0.0,0.0,44.0,19,2023,7,29
0.0,0.0,5.0,20,2023,7,29
0.9610724449157716,13.000000953674316,9.0,20,2023,7,29
0.4645266830921173,9.100001335144045,11.0,20,2023,7,29
1.114511489868164,2.999999523162842,13.0,20,2023,7,29
0.0883441194891929,0.0,25.0,20,2023,7,29
0.0045831967145204,0.0,29.0,20,2023,7,29
0.0,0.0,30.0,20,2023,7,29
0.0,0.0,32.0,20,2023,7,29
0.0,0.0,37.0,20,2023,7,29
0.0,0.0,38.0,20,2023,7,29
0.0,0.0,39.0,20,2023,7,29
0.0,0.0,44.0,20,2023,7,29
0.0,0.0,5.0,7,2020,8,1
1.0533427000045776,1.600000023841858,9.0,7,2020,8,1
1.4239429235458374,0.0,11.0,7,2020,8,1
1.6948206424713137,0.0,13.0,7,2020,8,1
1.2975939512252808,0.5999999046325684,25.0,7,2020,8,1
0.4181061685085296,0.0,29.0,7,2020,8,1
0.0,12.399999618530272,30.0,7,2020,8,1
0.0,0.3000000715255737,32.0,7,2020,8,1
0.0,0.0,37.0,7,2020,8,1
0.0,0.0,38.0,7,2020,8,1
0.0,0.0999999865889549,39.0,7,2020,8,1
0.1531638652086258,0.0,44.0,7,2020,8,1
0.0,0.0,5.0,8,2020,8,1
0.6689836382865906,27.600006103515625,9.0,8,2020,8,1
3.284355401992798,0.0,11.0,8,2020,8,1
5.028116226196289,0.6999999284744263,13.0,8,2020,8,1
1.931701898574829,4.700000286102295,25.0,8,2020,8,1
0.5372001528739929,0.0,29.0,8,2020,8,1
0.1354900449514389,5.900000095367432,30.0,8,2020,8,1
0.0,0.0,32.0,8,2020,8,1
0.0,0.0,37.0,8,2020,8,1
0.0,0.0,38.0,8,2020,8,1
0.0,0.0,39.0,8,2020,8,1
0.3302876353263855,0.0,44.0,8,2020,8,1
0.0,0.0,5.0,9,2020,8,1
2.3491697311401367,3.200000286102295,9.0,9,2020,8,1
2.9647908210754395,2.299999713897705,11.0,9,2020,8,1
6.044496536254883,8.0,13.0,9,2020,8,1
1.7987459897994995,1.7000000476837158,25.0,9,2020,8,1
0.4376913011074066,22.0,29.0,9,2020,8,1
0.0,0.0,30.0,9,2020,8,1
0.0,0.0,32.0,9,2020,8,1
0.0257684811949729,0.4000000953674316,37.0,9,2020,8,1
0.0,0.0,38.0,9,2020,8,1
0.0,0.0,39.0,9,2020,8,1
0.3836560249328613,0.0,44.0,9,2020,8,1
0.0,0.0,5.0,10,2020,8,1
2.9186010360717773,11.399998664855955,9.0,10,2020,8,1
4.4515790939331055,20.500001907348636,11.0,10,2020,8,1
6.171311855316162,5.600000381469727,13.0,10,2020,8,1
1.6259164810180664,0.0,25.0,10,2020,8,1
0.0771200209856033,0.0,29.0,10,2020,8,1
0.0,0.2000000029802322,30.0,10,2020,8,1
0.0,0.0,32.0,10,2020,8,1
0.0,0.0,37.0,10,2020,8,1
0.0,0.0,38.0,10,2020,8,1
0.0,0.0,39.0,10,2020,8,1
0.756130576133728,0.0,44.0,10,2020,8,1
0.0,0.0,5.0,11,2020,8,1
1.681301832199097,60.59999084472656,9.0,11,2020,8,1
2.5950794219970703,25.70000267028809,11.0,11,2020,8,1
2.6339921951293945,36.50000381469727,13.0,11,2020,8,1
0.9707143902778624,1.1999998092651367,25.0,11,2020,8,1
0.4511531591415405,0.0,29.0,11,2020,8,1
0.0,0.0,30.0,11,2020,8,1
0.0,0.0,32.0,11,2020,8,1
0.0,0.0,37.0,11,2020,8,1
0.0,0.0,38.0,11,2020,8,1
0.0,0.0,39.0,11,2020,8,1
0.5489597320556641,1.999999761581421,44.0,11,2020,8,1
0.0,13.099998474121094,5.0,12,2020,8,1
3.4935343265533447,14.39999771118164,9.0,12,2020,8,1
4.149014472961426,42.899993896484375,11.0,12,2020,8,1
7.194517612457275,56.800025939941406,13.0,12,2020,8,1
0.8540199995040894,27.999998092651367,25.0,12,2020,8,1
0.0366065539419651,12.200000762939451,29.0,12,2020,8,1
0.4847627878189087,4.800000190734863,30.0,12,2020,8,1
0.0,0.0,32.0,12,2020,8,1
0.0,1.600000023841858,37.0,12,2020,8,1
0.0074477670714259,22.79999542236328,38.0,12,2020,8,1
0.0,0.0,39.0,12,2020,8,1
1.4320793151855469,2.299999713897705,44.0,12,2020,8,1
0.0,9.800000190734863,5.0,13,2020,8,1
1.380392074584961,27.999998092651367,9.0,13,2020,8,1
1.212469220161438,0.0,11.0,13,2020,8,1
2.46700382232666,56.50000381469727,13.0,13,2020,8,1
0.4877540469169616,38.59999465942383,25.0,13,2020,8,1
0.6130560636520386,6.500000476837158,29.0,13,2020,8,1
0.0,40.400001525878906,30.0,13,2020,8,1
0.0,10.80000114440918,32.0,13,2020,8,1
0.0,4.600000858306885,37.0,13,2020,8,1
0.0,19.60000228881836,38.0,13,2020,8,1
0.0,5.100000381469727,39.0,13,2020,8,1
0.3141310214996338,5.600000381469727,44.0,13,2020,8,1
0.0,33.29999923706055,5.0,14,2020,8,1
1.0514994859695437,21.299999237060547,9.0,14,2020,8,1
0.6215947866439819,0.0,11.0,14,2020,8,1
1.705557107925415,19.699995040893555,13.0,14,2020,8,1
0.7605788707733154,29.999998092651367,25.0,14,2020,8,1
0.3768706619739532,36.89999008178711,29.0,14,2020,8,1
0.0,10.30000114440918,30.0,14,2020,8,1
0.0,62.5000114440918,32.0,14,2020,8,1
0.0,40.49999237060547,37.0,14,2020,8,1
0.0159842725843191,3.400000095367432,38.0,14,2020,8,1
0.0,30.399999618530277,39.0,14,2020,8,1
0.4631824493408203,0.0,44.0,14,2020,8,1
0.0,46.99999237060547,5.0,15,2020,8,1
0.6570805311203003,55.70001983642578,9.0,15,2020,8,1
0.5419655442237854,24.199996948242188,11.0,15,2020,8,1
0.6600736379623413,120.19998931884766,13.0,15,2020,8,1
0.3178532719612121,39.600006103515625,25.0,15,2020,8,1
0.1763061881065368,17.700000762939453,29.0,15,2020,8,1
0.2206945121288299,34.400001525878906,30.0,15,2020,8,1
0.2079416513442993,8.199999809265137,32.0,15,2020,8,1
0.0,4.600000858306885,37.0,15,2020,8,1
0.0,6.299999237060547,38.0,15,2020,8,1
0.0,3.400000095367432,39.0,15,2020,8,1
0.5456787943840027,6.700000762939453,44.0,15,2020,8,1
0.0,20.30000305175781,5.0,16,2020,8,1
0.6475386619567871,20.199996948242188,9.0,16,2020,8,1
0.3767957687377929,37.20000457763672,11.0,16,2020,8,1
1.212964415550232,54.00000381469727,13.0,16,2020,8,1
0.4513458609580993,13.90000343322754,25.0,16,2020,8,1
0.0297430008649826,0.0,29.0,16,2020,8,1
0.0,2.999999523162842,30.0,16,2020,8,1
0.0,42.100006103515625,32.0,16,2020,8,1
0.0,58.40000534057617,37.0,16,2020,8,1
0.0,11.599998474121094,38.0,16,2020,8,1
0.0,36.29999923706055,39.0,16,2020,8,1
0.4136810898780823,19.899999618530277,44.0,16,2020,8,1
0.0,12.300000190734863,5.0,17,2020,8,1
0.8248217105865479,43.899993896484375,9.0,17,2020,8,1
0.1191319599747657,23.80000305175781,11.0,17,2020,8,1
1.2849647998809814,41.30000686645508,13.0,17,2020,8,1
0.0575661845505237,13.099998474121094,25.0,17,2020,8,1
0.0,9.599998474121094,29.0,17,2020,8,1
0.0,38.20000457763672,30.0,17,2020,8,1
0.0,0.0,32.0,17,2020,8,1
0.0,0.0,37.0,17,2020,8,1
0.0,0.0,38.0,17,2020,8,1
0.0,6.799999237060547,39.0,17,2020,8,1
0.0,18.59999656677246,44.0,17,2020,8,1
0.0,1.2999999523162842,5.0,18,2020,8,1
0.0195372980087995,25.799999237060547,9.0,18,2020,8,1
0.167873665690422,0.0,11.0,18,2020,8,1
0.8723499178886414,8.80000114440918,13.0,18,2020,8,1
0.080809973180294,13.699997901916504,25.0,18,2020,8,1
0.1100378781557083,43.09999465942383,29.0,18,2020,8,1
0.0,15.600000381469728,30.0,18,2020,8,1
0.0,40.0,32.0,18,2020,8,1
0.0,14.60000228881836,37.0,18,2020,8,1
0.0,1.999999761581421,38.0,18,2020,8,1
0.0,4.300000190734863,39.0,18,2020,8,1
0.0,7.0,44.0,18,2020,8,1
0.0,0.0,5.0,19,2020,8,1
0.2865940034389496,14.499999046325684,9.0,19,2020,8,1
0.2464818209409713,0.0,11.0,19,2020,8,1
0.8808265924453735,10.5,13.0,19,2020,8,1
0.4770720601081848,0.0,25.0,19,2020,8,1
0.0,21.799999237060547,29.0,19,2020,8,1
0.0,16.80000114440918,30.0,19,2020,8,1
0.0,0.0,32.0,19,2020,8,1
0.0,0.0,37.0,19,2020,8,1
0.0,25.799999237060547,38.0,19,2020,8,1
0.0,0.0,39.0,19,2020,8,1
0.0,0.0,44.0,19,2020,8,1
0.0,0.0,5.0,20,2020,8,1
0.0,2.8000001907348637,9.0,20,2020,8,1
0.1705550253391266,0.0,11.0,20,2020,8,1
0.4932174384593963,4.800000190734863,13.0,20,2020,8,1
0.0,0.0,25.0,20,2020,8,1
0.0,4.999999523162842,29.0,20,2020,8,1
0.0,0.9000000953674316,30.0,20,2020,8,1
0.0,0.0,32.0,20,2020,8,1
0.0,0.0,37.0,20,2020,8,1
0.0,1.3999998569488523,38.0,20,2020,8,1
0.0,0.0,39.0,20,2020,8,1
0.0,0.0,44.0,20,2020,8,1
0.0,0.0,5.0,7,2021,8,1
1.23391854763031,0.0,9.0,7,2021,8,1
1.4517430067062378,1.1000001430511477,11.0,7,2021,8,1
8.901350975036621,0.0,13.0,7,2021,8,1
0.2703515291213989,0.0,25.0,7,2021,8,1
0.5553178191184998,0.0,29.0,7,2021,8,1
0.0,0.0,30.0,7,2021,8,1
0.0,0.0,32.0,7,2021,8,1
0.0,0.0,37.0,7,2021,8,1
0.0,0.0,38.0,7,2021,8,1
0.0,0.0,39.0,7,2021,8,1
0.0815751850605011,0.0,44.0,7,2021,8,1
0.0,0.0,5.0,8,2021,8,1
4.568587303161621,8.600000381469727,9.0,8,2021,8,1
4.353940486907959,0.0,11.0,8,2021,8,1
8.006521224975586,0.0,13.0,8,2021,8,1
1.1159236431121826,0.0,25.0,8,2021,8,1
0.1322864592075348,0.0,29.0,8,2021,8,1
0.0035355095751583,0.0,30.0,8,2021,8,1
0.0,0.0,32.0,8,2021,8,1
0.0,0.0,37.0,8,2021,8,1
0.0,0.0,38.0,8,2021,8,1
0.0,0.0,39.0,8,2021,8,1
0.4098316431045532,0.0,44.0,8,2021,8,1
0.0,16.299997329711914,5.0,9,2021,8,1
4.047896385192871,1.8000000715255735,9.0,9,2021,8,1
2.5129289627075195,7.599998474121094,11.0,9,2021,8,1
3.96282958984375,48.399993896484375,13.0,9,2021,8,1
1.7481544017791748,10.599998474121094,25.0,9,2021,8,1
0.5283795595169067,5.299999713897705,29.0,9,2021,8,1
0.1181454062461853,24.80000114440918,30.0,9,2021,8,1
0.0,2.4000003337860107,32.0,9,2021,8,1
0.070372849702835,0.0,37.0,9,2021,8,1
0.0558716431260108,0.0,38.0,9,2021,8,1
0.0,0.0,39.0,9,2021,8,1
1.2108774185180664,43.80000305175781,44.0,9,2021,8,1
0.0,58.40000534057617,5.0,10,2021,8,1
5.913630485534668,60.20000076293945,9.0,10,2021,8,1
1.878313660621643,21.899999618530277,11.0,10,2021,8,1
5.320825099945068,63.59999465942383,13.0,10,2021,8,1
1.43419349193573,31.599992752075195,25.0,10,2021,8,1
1.272714614868164,62.0000228881836,29.0,10,2021,8,1
0.0,24.599998474121094,30.0,10,2021,8,1
0.0,4.700000286102295,32.0,10,2021,8,1
0.0,7.1999993324279785,37.0,10,2021,8,1
0.0,3.1000001430511475,38.0,10,2021,8,1
0.0,7.800000190734863,39.0,10,2021,8,1
1.2396894693374634,13.699997901916504,44.0,10,2021,8,1
0.0,0.5,5.0,11,2021,8,1
3.2571935653686523,2.299999713897705,9.0,11,2021,8,1
2.0390021800994877,5.399999618530273,11.0,11,2021,8,1
7.3546037673950195,3.1000001430511475,13.0,11,2021,8,1
1.5893250703811646,0.800000011920929,25.0,11,2021,8,1
1.1020586490631104,0.0,29.0,11,2021,8,1
0.0,8.700000762939453,30.0,11,2021,8,1
0.0,6.500000476837158,32.0,11,2021,8,1
0.0,13.79999828338623,37.0,11,2021,8,1
0.3007761538028717,11.799999237060549,38.0,11,2021,8,1
0.0,13.599998474121094,39.0,11,2021,8,1
1.938027024269104,0.0,44.0,11,2021,8,1
0.0,40.19999694824219,5.0,12,2021,8,1
2.9498815536499023,0.0,9.0,12,2021,8,1
1.5237507820129397,11.69999885559082,11.0,12,2021,8,1
5.74802303314209,18.900001525878903,13.0,12,2021,8,1
1.4596242904663086,40.79999923706055,25.0,12,2021,8,1
1.407190442085266,0.0,29.0,12,2021,8,1
0.2216529846191406,0.0,30.0,12,2021,8,1
0.2731873095035553,0.0,32.0,12,2021,8,1
0.0,0.0,37.0,12,2021,8,1
0.1500016450881958,0.0,38.0,12,2021,8,1
0.0,0.0,39.0,12,2021,8,1
0.4025889039039612,0.0,44.0,12,2021,8,1
0.0,4.800000190734863,5.0,13,2021,8,1
1.2321637868881226,15.300000190734863,9.0,13,2021,8,1
1.9968745708465576,6.299999237060547,11.0,13,2021,8,1
4.574851989746094,28.49999618530273,13.0,13,2021,8,1
1.5257172584533691,2.299999713897705,25.0,13,2021,8,1
0.1867081820964813,0.0,29.0,13,2021,8,1
0.0,0.0,30.0,13,2021,8,1
0.0,0.0,32.0,13,2021,8,1
0.0,0.0,37.0,13,2021,8,1
0.0,0.0,38.0,13,2021,8,1
0.0,0.0,39.0,13,2021,8,1
0.2216514348983764,0.0,44.0,13,2021,8,1
0.0,31.300004959106445,5.0,14,2021,8,1
2.951723575592041,90.30003356933594,9.0,14,2021,8,1
1.8964465856552124,100.60001373291016,11.0,14,2021,8,1
3.517261505126953,68.0999984741211,13.0,14,2021,8,1
1.4146888256072998,15.90000057220459,25.0,14,2021,8,1
0.1435976475477218,25.399995803833008,29.0,14,2021,8,1
0.0,47.30000305175781,30.0,14,2021,8,1
0.0,0.0,32.0,14,2021,8,1
0.0,0.0,37.0,14,2021,8,1
0.0,5.900000095367432,38.0,14,2021,8,1
0.0,4.300000190734863,39.0,14,2021,8,1
0.2304905503988266,0.0,44.0,14,2021,8,1
0.0,12.200000762939451,5.0,15,2021,8,1
2.642520904541016,34.30000305175781,9.0,15,2021,8,1
1.516202449798584,2.4000003337860107,11.0,15,2021,8,1
4.327604293823242,14.900002479553224,13.0,15,2021,8,1
0.1179411336779594,11.500000953674316,25.0,15,2021,8,1
0.1607113480567932,4.600000858306885,29.0,15,2021,8,1
0.2778542637825012,11.099998474121094,30.0,15,2021,8,1
0.2342751026153564,0.0,32.0,15,2021,8,1
0.0,3.90000057220459,37.0,15,2021,8,1
0.0,20.69999885559082,38.0,15,2021,8,1
0.0,2.299999713897705,39.0,15,2021,8,1
0.6652120351791382,0.0,44.0,15,2021,8,1
0.0,9.700000762939451,5.0,16,2021,8,1
1.861428022384644,28.699995040893555,9.0,16,2021,8,1
1.616180419921875,39.100006103515625,11.0,16,2021,8,1
3.108972311019897,35.700008392333984,13.0,16,2021,8,1
0.6654669046401978,4.099999904632568,25.0,16,2021,8,1
0.779525637626648,0.0,29.0,16,2021,8,1
0.0,4.899999618530273,30.0,16,2021,8,1
0.0,0.0,32.0,16,2021,8,1
0.0,0.0,37.0,16,2021,8,1
0.0,0.0,38.0,16,2021,8,1
0.0,0.0,39.0,16,2021,8,1
0.1141272261738777,0.0,44.0,16,2021,8,1
0.0,0.0,5.0,17,2021,8,1
7.907721519470215,50.50000762939453,9.0,17,2021,8,1
4.123477458953857,3.400000095367432,11.0,17,2021,8,1
7.571377277374268,36.70000076293945,13.0,17,2021,8,1
2.526094436645508,1.8000000715255735,25.0,17,2021,8,1
0.928651750087738,4.399999618530273,29.0,17,2021,8,1
0.0,0.0,30.0,17,2021,8,1
0.0,0.0,32.0,17,2021,8,1
0.0,0.0,37.0,17,2021,8,1
0.0,0.0,38.0,17,2021,8,1
0.0,0.0,39.0,17,2021,8,1
0.42766073346138,0.0,44.0,17,2021,8,1
0.0,0.0,5.0,18,2021,8,1
4.140228271484375,14.39999771118164,9.0,18,2021,8,1
4.357080936431885,26.19999885559082,11.0,18,2021,8,1
11.028690338134766,37.900001525878906,13.0,18,2021,8,1
1.495140552520752,4.399999618530273,25.0,18,2021,8,1
0.1152463108301162,9.30000114440918,29.0,18,2021,8,1
0.0,0.0,30.0,18,2021,8,1
0.0,0.0,32.0,18,2021,8,1
0.0,0.0,37.0,18,2021,8,1
0.0,0.0,38.0,18,2021,8,1
0.0,0.0,39.0,18,2021,8,1
0.1146513968706131,4.300000190734863,44.0,18,2021,8,1
0.0,0.0,5.0,19,2021,8,1
2.9403176307678223,0.0,9.0,19,2021,8,1
4.316178321838379,0.0,11.0,19,2021,8,1
6.809539794921875,0.0,13.0,19,2021,8,1
1.0989307165145874,0.0,25.0,19,2021,8,1
0.850928783416748,0.0,29.0,19,2021,8,1
0.0973093807697296,0.9999998807907104,30.0,19,2021,8,1
0.0,0.0,32.0,19,2021,8,1
0.0,8.299999237060547,37.0,19,2021,8,1
0.0,0.6999999284744263,38.0,19,2021,8,1
0.0,0.0,39.0,19,2021,8,1
0.1207940950989723,0.0,44.0,19,2021,8,1
0.0,0.0,5.0,20,2021,8,1
2.2795989513397217,0.0,9.0,20,2021,8,1
2.0271806716918945,0.0,11.0,20,2021,8,1
7.731453895568848,0.0,13.0,20,2021,8,1
0.7396290302276611,0.0,25.0,20,2021,8,1
1.0266990661621094,0.0,29.0,20,2021,8,1
0.0718805640935897,0.0,30.0,20,2021,8,1
0.0,0.0,32.0,20,2021,8,1
0.0,0.0,37.0,20,2021,8,1
0.0,0.0,38.0,20,2021,8,1
0.0,0.0,39.0,20,2021,8,1
0.2864874601364136,0.0,44.0,20,2021,8,1
0.0,13.099998474121094,5.0,7,2022,8,1
0.7767084240913391,0.9999998807907104,9.0,7,2022,8,1
1.104022979736328,1.999999761581421,11.0,7,2022,8,1
4.601213455200195,17.100004196166992,13.0,7,2022,8,1
0.253033697605133,27.10000228881836,25.0,7,2022,8,1
1.1297751665115356,10.099998474121094,29.0,7,2022,8,1
0.0,0.9999998807907104,30.0,7,2022,8,1
0.0,0.0,32.0,7,2022,8,1
0.0,2.999999523162842,37.0,7,2022,8,1
0.0662000626325607,11.0,38.0,7,2022,8,1
0.0,0.0,39.0,7,2022,8,1
0.3178774714469909,2.200000286102295,44.0,7,2022,8,1
0.0,8.90000057220459,5.0,8,2022,8,1
1.719296932220459,1.999999761581421,9.0,8,2022,8,1
1.2082951068878174,0.0,11.0,8,2022,8,1
2.6404387950897217,0.0,13.0,8,2022,8,1
0.4957793354988098,0.0,25.0,8,2022,8,1
0.1539638787508011,5.999999523162842,29.0,8,2022,8,1
0.0,0.0,30.0,8,2022,8,1
0.0,0.0,32.0,8,2022,8,1
0.0,0.0,37.0,8,2022,8,1
0.0695371255278587,0.0,38.0,8,2022,8,1
0.0,0.0,39.0,8,2022,8,1
0.2246006727218628,6.799999237060547,44.0,8,2022,8,1
0.0,9.199999809265137,5.0,9,2022,8,1
1.784310817718506,22.0,9.0,9,2022,8,1
0.511096179485321,19.0,11.0,9,2022,8,1
2.271376848220825,0.2000000029802322,13.0,9,2022,8,1
0.3149820566177368,2.999999523162842,25.0,9,2022,8,1
0.2504578530788421,13.000000953674316,29.0,9,2022,8,1
0.0,0.0,30.0,9,2022,8,1
0.0,22.0,32.0,9,2022,8,1
0.0,0.2000000029802322,37.0,9,2022,8,1
0.0,1.999999761581421,38.0,9,2022,8,1
0.0,0.0,39.0,9,2022,8,1
0.0338374897837638,0.3000000715255737,44.0,9,2022,8,1
0.0,2.8000001907348637,5.0,10,2022,8,1
0.9673284888267516,0.9000000953674316,9.0,10,2022,8,1
0.6653525829315186,0.0,11.0,10,2022,8,1
2.875064849853516,0.0999999865889549,13.0,10,2022,8,1
0.536442756652832,4.500000476837158,25.0,10,2022,8,1
0.0,27.999998092651367,29.0,10,2022,8,1
0.0,7.800000190734863,30.0,10,2022,8,1
0.0,39.0,32.0,10,2022,8,1
0.0,13.000000953674316,37.0,10,2022,8,1
0.0,10.000000953674316,38.0,10,2022,8,1
0.0,33.0,39.0,10,2022,8,1
0.0,70.00001525878906,44.0,10,2022,8,1
0.0,19.0,5.0,11,2022,8,1
0.2279404550790786,8.5,9.0,11,2022,8,1
0.1309865266084671,0.4000000953674316,11.0,11,2022,8,1
1.03523051738739,12.90000057220459,13.0,11,2022,8,1
0.0,22.0,25.0,11,2022,8,1
0.0,22.0,29.0,11,2022,8,1
0.0,55.89998245239258,30.0,11,2022,8,1
0.0,102.0000457763672,32.0,11,2022,8,1
0.0,100.00003814697266,37.0,11,2022,8,1
0.0,37.999996185302734,38.0,11,2022,8,1
0.0,65.00000762939453,39.0,11,2022,8,1
0.0,103.00001525878906,44.0,11,2022,8,1
0.0,2.999999523162842,5.0,12,2022,8,1
0.67170649766922,11.200000762939451,9.0,12,2022,8,1
0.8105412721633911,24.69999885559082,11.0,12,2022,8,1
0.9942781925201416,2.1000001430511475,13.0,12,2022,8,1
0.0,8.0,25.0,12,2022,8,1
0.0,9.0,29.0,12,2022,8,1
0.3414019346237182,8.09999942779541,30.0,12,2022,8,1
0.1091413795948028,5.8000006675720215,32.0,12,2022,8,1
0.0,5.999999523162842,37.0,12,2022,8,1
0.0,6.90000057220459,38.0,12,2022,8,1
0.0,5.1999993324279785,39.0,12,2022,8,1
0.0179554987698793,8.0,44.0,12,2022,8,1
0.0,15.90000057220459,5.0,13,2022,8,1
0.2940225005149841,0.9999998807907104,9.0,13,2022,8,1
1.0795201063156128,0.9000000953674316,11.0,13,2022,8,1
1.3389806747436523,30.99999237060547,13.0,13,2022,8,1
0.5607974529266357,24.000001907348636,25.0,13,2022,8,1
0.0114993257448077,7.100000381469727,29.0,13,2022,8,1
0.0,30.99999237060547,30.0,13,2022,8,1
0.0,16.200000762939453,32.0,13,2022,8,1
0.0,7.0,37.0,13,2022,8,1
0.0,19.099994659423828,38.0,13,2022,8,1
0.0,33.80000305175781,39.0,13,2022,8,1
0.232606366276741,0.0,44.0,13,2022,8,1
0.0,11.399998664855955,5.0,14,2022,8,1
1.012975811958313,0.2000000029802322,9.0,14,2022,8,1
0.6925792098045349,40.99999237060547,11.0,14,2022,8,1
3.041994571685791,1.999999761581421,13.0,14,2022,8,1
0.9432775974273682,18.0,25.0,14,2022,8,1
0.0429690927267074,12.90000057220459,29.0,14,2022,8,1
0.0,1.999999761581421,30.0,14,2022,8,1
0.0,0.0,32.0,14,2022,8,1
0.0,2.999999523162842,37.0,14,2022,8,1
0.0,7.0,38.0,14,2022,8,1
0.0,2.999999523162842,39.0,14,2022,8,1
0.5236724615097046,0.0,44.0,14,2022,8,1
0.0,0.0,5.0,15,2022,8,1
0.5382636785507202,0.0,9.0,15,2022,8,1
0.6008954048156738,5.999999523162842,11.0,15,2022,8,1
3.427886247634888,8.0,13.0,15,2022,8,1
0.5946049690246582,8.09999942779541,25.0,15,2022,8,1
0.4388861656188965,13.000000953674316,29.0,15,2022,8,1
0.0,0.0,30.0,15,2022,8,1
0.0,0.0,32.0,15,2022,8,1
0.0,0.0,37.0,15,2022,8,1
0.0,7.0,38.0,15,2022,8,1
0.0,0.0,39.0,15,2022,8,1
0.5708564519882202,0.0,44.0,15,2022,8,1
0.0,0.3000000715255737,5.0,16,2022,8,1
0.5606321692466736,0.0,9.0,16,2022,8,1
0.3186295628547668,0.0,11.0,16,2022,8,1
2.0271010398864746,0.5,13.0,16,2022,8,1
0.3212857544422149,0.2000000029802322,25.0,16,2022,8,1
0.075213998556137,0.0,29.0,16,2022,8,1
0.0,0.0,30.0,16,2022,8,1
0.0,0.0,32.0,16,2022,8,1
0.0,0.0,37.0,16,2022,8,1
0.0,0.0,38.0,16,2022,8,1
0.0,0.0,39.0,16,2022,8,1
0.0710653364658355,0.0,44.0,16,2022,8,1
0.0,0.9999998807907104,5.0,17,2022,8,1
0.4223495125770569,1.1000001430511477,9.0,17,2022,8,1
0.6107891798019409,4.999999523162842,11.0,17,2022,8,1
1.1444337368011477,13.699997901916504,13.0,17,2022,8,1
0.026069751009345,35.999996185302734,25.0,17,2022,8,1
0.0,0.0,29.0,17,2022,8,1
0.0,0.0999999865889549,30.0,17,2022,8,1
0.0,0.6999999284744263,32.0,17,2022,8,1
0.0,41.99999237060547,37.0,17,2022,8,1
0.0,0.0,38.0,17,2022,8,1
0.0,0.0,39.0,17,2022,8,1
0.0,1.999999761581421,44.0,17,2022,8,1
0.0,0.0,5.0,18,2022,8,1
0.8250927329063416,0.9999998807907104,9.0,18,2022,8,1
0.357560783624649,7.0,11.0,18,2022,8,1
1.2346974611282349,0.800000011920929,13.0,18,2022,8,1
0.0327419899404048,0.0,25.0,18,2022,8,1
0.0,0.0,29.0,18,2022,8,1
0.0,21.000001907348636,30.0,18,2022,8,1
0.0,9.199999809265137,32.0,18,2022,8,1
0.0,5.999999523162842,37.0,18,2022,8,1
0.0,0.0,38.0,18,2022,8,1
0.0,9.0,39.0,18,2022,8,1
0.0,0.5,44.0,18,2022,8,1
0.0,9.0,5.0,19,2022,8,1
0.0996319949626922,7.0,9.0,19,2022,8,1
0.1358774006366729,11.0,11.0,19,2022,8,1
0.7202699780464172,14.000000953674316,13.0,19,2022,8,1
0.0141380308195948,0.9999998807907104,25.0,19,2022,8,1
0.0,9.0,29.0,19,2022,8,1
0.0,0.0,30.0,19,2022,8,1
0.0,1.999999761581421,32.0,19,2022,8,1
0.0,0.0,37.0,19,2022,8,1
0.0,5.999999523162842,38.0,19,2022,8,1
0.0,0.9999998807907104,39.0,19,2022,8,1
0.0,0.9999998807907104,44.0,19,2022,8,1
0.0,30.99999237060547,5.0,20,2022,8,1
0.0,10.000000953674316,9.0,20,2022,8,1
0.0,4.0,11.0,20,2022,8,1
0.0,18.0,13.0,20,2022,8,1
0.0,68.0,25.0,20,2022,8,1
0.0,23.0,29.0,20,2022,8,1
0.0,34.000003814697266,30.0,20,2022,8,1
0.0,44.99999237060547,32.0,20,2022,8,1
0.0,13.000000953674316,37.0,20,2022,8,1
0.0,8.0,38.0,20,2022,8,1
0.0,58.00000381469727,39.0,20,2022,8,1
0.0,56.0,44.0,20,2022,8,1
0.0,24.000001907348636,5.0,7,2023,8,1
2.6202211380004883,60.999996185302734,9.0,7,2023,8,1
4.0066986083984375,84.99998474121094,11.0,7,2023,8,1
6.92649507522583,64.00001525878906,13.0,7,2023,8,1
1.655589580535889,34.000003814697266,25.0,7,2023,8,1
0.8871034383773804,9.0,29.0,7,2023,8,1
0.2018071264028549,8.0,30.0,7,2023,8,1
0.0,17.0,32.0,7,2023,8,1
0.0,1.999999761581421,37.0,7,2023,8,1
0.2728593349456787,9.0,38.0,7,2023,8,1
0.0,1.999999761581421,39.0,7,2023,8,1
0.8409490585327148,0.2000000029802322,44.0,7,2023,8,1
0.0,5.999999523162842,5.0,8,2023,8,1
3.661594867706299,19.0,9.0,8,2023,8,1
4.309956073760986,206.00001525878903,11.0,8,2023,8,1
5.8561110496521,14.000000953674316,13.0,8,2023,8,1
3.474886178970337,18.0,25.0,8,2023,8,1
1.2348713874816897,35.999996185302734,29.0,8,2023,8,1
0.3635710775852203,9.0,30.0,8,2023,8,1
0.0,1.999999761581421,32.0,8,2023,8,1
0.0,18.0,37.0,8,2023,8,1
0.0,16.0,38.0,8,2023,8,1
0.0,0.0,39.0,8,2023,8,1
0.7991470694541931,0.0999999865889549,44.0,8,2023,8,1
0.0,0.0,5.0,9,2023,8,1
3.775745630264282,18.0,9.0,9,2023,8,1
2.6165771484375,29.000001907348636,11.0,9,2023,8,1
4.722438335418701,30.99999237060547,13.0,9,2023,8,1
1.28778338432312,2.1000001430511475,25.0,9,2023,8,1
1.5181678533554075,0.0999999865889549,29.0,9,2023,8,1
0.0,0.0999999865889549,30.0,9,2023,8,1
0.0,0.0,32.0,9,2023,8,1
0.0510790459811687,0.0,37.0,9,2023,8,1
0.0122932232916355,0.0,38.0,9,2023,8,1
0.0,0.0,39.0,9,2023,8,1
0.7964476346969604,0.0,44.0,9,2023,8,1
0.0,0.0,5.0,10,2023,8,1
4.058849334716797,8.199999809265137,9.0,10,2023,8,1
2.8969314098358154,35.999996185302734,11.0,10,2023,8,1
6.144968986511231,1.4999998807907104,13.0,10,2023,8,1
2.068507432937622,0.3000000715255737,25.0,10,2023,8,1
1.1935689449310305,0.0,29.0,10,2023,8,1
0.0191158466041088,0.0,30.0,10,2023,8,1
0.0,10.000000953674316,32.0,10,2023,8,1
0.0,0.3000000715255737,37.0,10,2023,8,1
0.0,0.3000000715255737,38.0,10,2023,8,1
0.0,1.999999761581421,39.0,10,2023,8,1
1.3778793811798096,0.0,44.0,10,2023,8,1
0.0,10.000000953674316,5.0,11,2023,8,1
3.137617826461792,0.0,9.0,11,2023,8,1
2.98107385635376,18.0,11.0,11,2023,8,1
7.948403835296631,52.49999237060547,13.0,11,2023,8,1
2.051645517349243,12.700000762939451,25.0,11,2023,8,1
1.2823457717895508,2.999999523162842,29.0,11,2023,8,1
0.0,29.10000228881836,30.0,11,2023,8,1
0.0,10.000000953674316,32.0,11,2023,8,1
0.0,2.5999996662139893,37.0,11,2023,8,1
0.0,8.700000762939453,38.0,11,2023,8,1
0.0,0.9999998807907104,39.0,11,2023,8,1
2.017962455749512,2.5999996662139893,44.0,11,2023,8,1
0.0,7.0,5.0,12,2023,8,1
5.597811698913574,0.0,9.0,12,2023,8,1
2.7741963863372803,10.200000762939451,11.0,12,2023,8,1
10.195082664489746,24.999998092651367,13.0,12,2023,8,1
3.150830745697021,7.0,25.0,12,2023,8,1
1.1161664724349976,2.299999713897705,29.0,12,2023,8,1
0.623297393321991,1.9000003337860107,30.0,12,2023,8,1
0.1285017281770706,8.09999942779541,32.0,12,2023,8,1
0.0,67.10000610351562,37.0,12,2023,8,1
0.4229674339294433,1.9000003337860107,38.0,12,2023,8,1
0.1189328134059906,19.199996948242188,39.0,12,2023,8,1
2.2662949562072754,25.600000381469727,44.0,12,2023,8,1
0.0,0.0,5.0,13,2023,8,1
1.6492185592651367,0.0,9.0,13,2023,8,1
2.5718533992767334,0.0,11.0,13,2023,8,1
4.355878829956055,0.0,13.0,13,2023,8,1
0.9497634172439576,0.0,25.0,13,2023,8,1
0.29016974568367,0.0,29.0,13,2023,8,1
0.0,0.0,30.0,13,2023,8,1
0.0,0.0,32.0,13,2023,8,1
0.0,0.0,37.0,13,2023,8,1
0.0,0.0,38.0,13,2023,8,1
0.0,0.0,39.0,13,2023,8,1
0.7353845834732056,0.0,44.0,13,2023,8,1
0.0,26.000001907348636,5.0,14,2023,8,1
0.9933944344520568,22.0,9.0,14,2023,8,1
0.5268430113792419,2.999999523162842,11.0,14,2023,8,1
2.888145685195923,10.000000953674316,13.0,14,2023,8,1
0.5535509586334229,29.10000228881836,25.0,14,2023,8,1
0.2171377837657928,12.000001907348633,29.0,14,2023,8,1
0.0,21.000001907348636,30.0,14,2023,8,1
0.019736485555768,0.5999999046325684,32.0,14,2023,8,1
0.0,17.0,37.0,14,2023,8,1
0.0,6.399999141693115,38.0,14,2023,8,1
0.0,18.0,39.0,14,2023,8,1
0.1282713115215301,35.0,44.0,14,2023,8,1
0.0,14.000000953674316,5.0,15,2023,8,1
0.5910236835479736,0.0999999865889549,9.0,15,2023,8,1
0.5072258710861206,117.9999771118164,11.0,15,2023,8,1
2.9599416255950928,65.99998474121094,13.0,15,2023,8,1
1.1493103504180908,40.99999237060547,25.0,15,2023,8,1
0.5482543706893921,0.800000011920929,29.0,15,2023,8,1
0.1397225111722946,0.0,30.0,15,2023,8,1
0.0917708575725555,0.9999998807907104,32.0,15,2023,8,1
0.0,16.0,37.0,15,2023,8,1
0.0,0.0999999865889549,38.0,15,2023,8,1
0.0,2.1000001430511475,39.0,15,2023,8,1
0.1204593479633331,9.0,44.0,15,2023,8,1
0.0,8.0,5.0,16,2023,8,1
1.2772213220596311,0.9000000953674316,9.0,16,2023,8,1
0.3806929290294647,7.0,11.0,16,2023,8,1
1.5709807872772217,1.1000001430511477,13.0,16,2023,8,1
0.8977915644645691,4.0,25.0,16,2023,8,1
0.0013199624372646,12.200000762939451,29.0,16,2023,8,1
0.0,0.0999999865889549,30.0,16,2023,8,1
0.0,0.0,32.0,16,2023,8,1
0.0,0.0,37.0,16,2023,8,1
0.0,2.200000286102295,38.0,16,2023,8,1
0.0,0.0,39.0,16,2023,8,1
0.0,0.0,44.0,16,2023,8,1
0.0,0.0,5.0,17,2023,8,1
1.3373140096664429,13.000000953674316,9.0,17,2023,8,1
0.8528417944908142,9.100001335144045,11.0,17,2023,8,1
1.4851579666137695,2.999999523162842,13.0,17,2023,8,1
0.2980520725250244,0.0,25.0,17,2023,8,1
0.1219000145792961,0.0,29.0,17,2023,8,1
0.0,0.0,30.0,17,2023,8,1
0.0,0.0,32.0,17,2023,8,1
0.0,0.0,37.0,17,2023,8,1
0.0,0.0,38.0,17,2023,8,1
0.0,0.0,39.0,17,2023,8,1
0.0,0.0,44.0,17,2023,8,1
0.0,0.0,5.0,18,2023,8,1
0.3232514560222626,4.0,9.0,18,2023,8,1
0.7272707223892212,1.2999999523162842,11.0,18,2023,8,1
1.8044724464416504,1.999999761581421,13.0,18,2023,8,1
0.1213752701878547,0.0,25.0,18,2023,8,1
0.0,0.0,29.0,18,2023,8,1
0.0,0.0,30.0,18,2023,8,1
0.0,0.0,32.0,18,2023,8,1
0.0,0.0,37.0,18,2023,8,1
0.0,0.0,38.0,18,2023,8,1
0.0,0.0,39.0,18,2023,8,1
0.0,0.0,44.0,18,2023,8,1
0.0,15.0,5.0,19,2023,8,1
0.5714614391326904,0.5999999046325684,9.0,19,2023,8,1
1.9236127138137815,9.30000114440918,11.0,19,2023,8,1
1.9944391250610352,0.9999998807907104,13.0,19,2023,8,1
0.4075522422790527,16.0,25.0,19,2023,8,1
0.0,8.0,29.0,19,2023,8,1
0.0,14.000000953674316,30.0,19,2023,8,1
0.0,22.0,32.0,19,2023,8,1
0.0,19.0,37.0,19,2023,8,1
0.0,24.000001907348636,38.0,19,2023,8,1
0.0,23.0,39.0,19,2023,8,1
0.0,0.0,44.0,19,2023,8,1
0.0,0.9999998807907104,5.0,20,2023,8,1
0.392735868692398,14.499999046325684,9.0,20,2023,8,1
0.7150716781616211,16.100004196166992,11.0,20,2023,8,1
0.3050210773944855,35.999996185302734,13.0,20,2023,8,1
0.0,1.3999998569488523,25.0,20,2023,8,1
0.0,0.9000000953674316,29.0,20,2023,8,1
0.0,13.000000953674316,30.0,20,2023,8,1
0.0,8.0,32.0,20,2023,8,1
0.0,5.999999523162842,37.0,20,2023,8,1
0.0,4.999999523162842,38.0,20,2023,8,1
0.0,2.999999523162842,39.0,20,2023,8,1
0.0,4.999999523162842,44.0,20,2023,8,1
0.0,0.0,5.0,7,2020,8,5
1.4115605354309082,60.59999084472656,9.0,7,2020,8,5
2.7874562740325928,25.70000267028809,11.0,7,2020,8,5
5.198915958404541,36.50000381469727,13.0,7,2020,8,5
2.822134733200073,1.1999998092651367,25.0,7,2020,8,5
0.4064950346946716,0.0,29.0,7,2020,8,5
0.0422150455415248,0.0,30.0,7,2020,8,5
0.0,0.0,32.0,7,2020,8,5
0.0,0.0,37.0,7,2020,8,5
0.0,0.0,38.0,7,2020,8,5
0.0,0.0,39.0,7,2020,8,5
0.702407717704773,1.999999761581421,44.0,7,2020,8,5
0.0,13.099998474121094,5.0,8,2020,8,5
5.238726615905762,14.39999771118164,9.0,8,2020,8,5
7.636461734771728,42.899993896484375,11.0,8,2020,8,5
5.864315032958984,56.800025939941406,13.0,8,2020,8,5
2.977635622024536,27.999998092651367,25.0,8,2020,8,5
0.9672040343284608,12.200000762939451,29.0,8,2020,8,5
0.5438188314437866,4.800000190734863,30.0,8,2020,8,5
0.0142540838569402,0.0,32.0,8,2020,8,5
0.0,1.600000023841858,37.0,8,2020,8,5
0.0279780067503452,22.79999542236328,38.0,8,2020,8,5
0.0,0.0,39.0,8,2020,8,5
0.7795660495758057,2.299999713897705,44.0,8,2020,8,5
0.0,9.800000190734863,5.0,9,2020,8,5
3.645289182662964,27.999998092651367,9.0,9,2020,8,5
2.4281535148620605,0.0,11.0,9,2020,8,5
5.778940677642822,56.50000381469727,13.0,9,2020,8,5
3.2669827938079834,38.59999465942383,25.0,9,2020,8,5
1.480711817741394,6.500000476837158,29.0,9,2020,8,5
0.4913659989833832,40.400001525878906,30.0,9,2020,8,5
0.0,10.80000114440918,32.0,9,2020,8,5
0.0109933093190193,4.600000858306885,37.0,9,2020,8,5
0.119500994682312,19.60000228881836,38.0,9,2020,8,5
0.0,5.100000381469727,39.0,9,2020,8,5
2.623657703399658,5.600000381469727,44.0,9,2020,8,5
0.0,33.29999923706055,5.0,10,2020,8,5
5.33028507232666,21.299999237060547,9.0,10,2020,8,5
2.4708144664764404,0.0,11.0,10,2020,8,5
7.53689432144165,19.699995040893555,13.0,10,2020,8,5
2.433443784713745,29.999998092651367,25.0,10,2020,8,5
1.2292184829711914,36.89999008178711,29.0,10,2020,8,5
0.2587531507015228,10.30000114440918,30.0,10,2020,8,5
0.0,62.5000114440918,32.0,10,2020,8,5
0.0,40.49999237060547,37.0,10,2020,8,5
0.0,3.400000095367432,38.0,10,2020,8,5
0.0,30.399999618530277,39.0,10,2020,8,5
0.8535933494567871,0.0,44.0,10,2020,8,5
0.0,46.99999237060547,5.0,11,2020,8,5
4.46293830871582,55.70001983642578,9.0,11,2020,8,5
2.495282888412476,24.199996948242188,11.0,11,2020,8,5
5.222576141357422,120.19998931884766,13.0,11,2020,8,5
0.8619892597198486,39.600006103515625,25.0,11,2020,8,5
1.0751527547836304,17.700000762939453,29.0,11,2020,8,5
0.0258826240897178,34.400001525878906,30.0,11,2020,8,5
0.0,8.199999809265137,32.0,11,2020,8,5
0.0,4.600000858306885,37.0,11,2020,8,5
0.0,6.299999237060547,38.0,11,2020,8,5
0.0,3.400000095367432,39.0,11,2020,8,5
1.5894715785980225,6.700000762939453,44.0,11,2020,8,5
0.0,20.30000305175781,5.0,12,2020,8,5
7.385555267333984,20.199996948242188,9.0,12,2020,8,5
2.419041395187378,37.20000457763672,11.0,12,2020,8,5
11.692146301269531,54.00000381469727,13.0,12,2020,8,5
1.5035791397094729,13.90000343322754,25.0,12,2020,8,5
0.6888654232025146,0.0,29.0,12,2020,8,5
1.1478941440582275,2.999999523162842,30.0,12,2020,8,5
3.66684580512e-05,42.100006103515625,32.0,12,2020,8,5
0.0,58.40000534057617,37.0,12,2020,8,5
0.3627269864082336,11.599998474121094,38.0,12,2020,8,5
0.0,36.29999923706055,39.0,12,2020,8,5
2.159372329711914,19.899999618530277,44.0,12,2020,8,5
0.0,12.300000190734863,5.0,13,2020,8,5
2.6726622581481934,43.899993896484375,9.0,13,2020,8,5
2.5948619842529297,23.80000305175781,11.0,13,2020,8,5
3.101753234863281,41.30000686645508,13.0,13,2020,8,5
1.725502371788025,13.099998474121094,25.0,13,2020,8,5
0.9293847680091858,9.599998474121094,29.0,13,2020,8,5
0.0,38.20000457763672,30.0,13,2020,8,5
0.0,0.0,32.0,13,2020,8,5
0.0,0.0,37.0,13,2020,8,5
0.0,0.0,38.0,13,2020,8,5
0.0,6.799999237060547,39.0,13,2020,8,5
1.8825770616531368,18.59999656677246,44.0,13,2020,8,5
0.0,1.2999999523162842,5.0,14,2020,8,5
1.539757490158081,25.799999237060547,9.0,14,2020,8,5
1.6426445245742798,0.0,11.0,14,2020,8,5
2.730429172515869,8.80000114440918,13.0,14,2020,8,5
1.376877784729004,13.699997901916504,25.0,14,2020,8,5
2.1641554832458496,43.09999465942383,29.0,14,2020,8,5
0.0,15.600000381469728,30.0,14,2020,8,5
0.0,40.0,32.0,14,2020,8,5
0.0239928215742111,14.60000228881836,37.0,14,2020,8,5
0.2199461609125137,1.999999761581421,38.0,14,2020,8,5
0.0,4.300000190734863,39.0,14,2020,8,5
2.110668420791626,7.0,44.0,14,2020,8,5
0.0,0.0,5.0,15,2020,8,5
2.0976152420043945,14.499999046325684,9.0,15,2020,8,5
1.6514124870300293,0.0,11.0,15,2020,8,5
1.9994865655899048,10.5,13.0,15,2020,8,5
0.8508386611938477,0.0,25.0,15,2020,8,5
1.0627659559249878,21.799999237060547,29.0,15,2020,8,5
0.0070822457782924,16.80000114440918,30.0,15,2020,8,5
0.1638408452272415,0.0,32.0,15,2020,8,5
0.0622809082269668,0.0,37.0,15,2020,8,5
0.0,25.799999237060547,38.0,15,2020,8,5
0.0,0.0,39.0,15,2020,8,5
0.1131837964057922,0.0,44.0,15,2020,8,5
0.0,0.0,5.0,16,2020,8,5
0.7537863254547119,2.8000001907348637,9.0,16,2020,8,5
0.2547273337841034,0.0,11.0,16,2020,8,5
1.8129689693450928,4.800000190734863,13.0,16,2020,8,5
0.0906853303313255,0.0,25.0,16,2020,8,5
0.6355553865432739,4.999999523162842,29.0,16,2020,8,5
0.0,0.9000000953674316,30.0,16,2020,8,5
0.0,0.0,32.0,16,2020,8,5
0.0,0.0,37.0,16,2020,8,5
0.0,1.3999998569488523,38.0,16,2020,8,5
0.0,0.0,39.0,16,2020,8,5
0.0,0.0,44.0,16,2020,8,5
0.0,0.0,5.0,17,2020,8,5
0.3420262634754181,14.300000190734863,9.0,17,2020,8,5
0.0,0.0,11.0,17,2020,8,5
0.8599750995635986,0.0,13.0,17,2020,8,5
0.0,0.0,25.0,17,2020,8,5
0.0,0.0,29.0,17,2020,8,5
0.0,0.0,30.0,17,2020,8,5
0.0,0.0,32.0,17,2020,8,5
0.0,0.0,37.0,17,2020,8,5
0.0,0.0,38.0,17,2020,8,5
0.0,0.0,39.0,17,2020,8,5
0.0,0.0,44.0,17,2020,8,5
0.0,0.0,5.0,18,2020,8,5
0.3044589459896087,0.0,9.0,18,2020,8,5
0.0,7.700001239776611,11.0,18,2020,8,5
0.5059714913368225,0.0,13.0,18,2020,8,5
0.0,4.999999523162842,25.0,18,2020,8,5
0.0,0.0,29.0,18,2020,8,5
0.0,0.0,30.0,18,2020,8,5
0.0,0.0,32.0,18,2020,8,5
0.0,0.0,37.0,18,2020,8,5
0.0,3.200000286102295,38.0,18,2020,8,5
0.0,0.0,39.0,18,2020,8,5
0.0,0.0,44.0,18,2020,8,5
0.0,0.0,5.0,19,2020,8,5
0.2376095801591873,0.0,9.0,19,2020,8,5
0.0,8.299999237060547,11.0,19,2020,8,5
0.4003486633300781,2.1000001430511475,13.0,19,2020,8,5
0.0,9.700000762939451,25.0,19,2020,8,5
0.0,20.400001525878903,29.0,19,2020,8,5
0.0,22.79999542236328,30.0,19,2020,8,5
0.0,14.39999771118164,32.0,19,2020,8,5
0.0,0.0,37.0,19,2020,8,5
0.0,0.0,38.0,19,2020,8,5
0.0,0.0999999865889549,39.0,19,2020,8,5
0.0,0.0,44.0,19,2020,8,5
0.0,0.0,5.0,20,2020,8,5
0.0,31.300004959106445,9.0,20,2020,8,5
0.0,0.0,11.0,20,2020,8,5
0.0920386984944343,77.9000015258789,13.0,20,2020,8,5
0.0,4.999999523162842,25.0,20,2020,8,5
0.0,14.39999771118164,29.0,20,2020,8,5
0.0,0.0,30.0,20,2020,8,5
0.0,0.0,32.0,20,2020,8,5
0.0,7.700001239776611,37.0,20,2020,8,5
0.0,0.0,38.0,20,2020,8,5
0.0,8.0,39.0,20,2020,8,5
0.0,0.0999999865889549,44.0,20,2020,8,5
0.0,0.5,5.0,7,2021,8,5
3.35640025138855,2.299999713897705,9.0,7,2021,8,5
2.188443183898926,5.399999618530273,11.0,7,2021,8,5
6.69296932220459,3.1000001430511475,13.0,7,2021,8,5
1.733612060546875,0.800000011920929,25.0,7,2021,8,5
1.2950069904327393,0.0,29.0,7,2021,8,5
0.4362337291240692,8.700000762939453,30.0,7,2021,8,5
0.0,6.500000476837158,32.0,7,2021,8,5
0.0,13.79999828338623,37.0,7,2021,8,5
0.0973187536001205,11.799999237060549,38.0,7,2021,8,5
0.0,13.599998474121094,39.0,7,2021,8,5
1.0268874168395996,0.0,44.0,7,2021,8,5
0.0,40.19999694824219,5.0,8,2021,8,5
4.670504093170166,0.0,9.0,8,2021,8,5
2.443282127380371,11.69999885559082,11.0,8,2021,8,5
8.168737411499023,18.900001525878903,13.0,8,2021,8,5
1.927495002746582,40.79999923706055,25.0,8,2021,8,5
1.99606728553772,0.0,29.0,8,2021,8,5
0.3763401806354522,0.0,30.0,8,2021,8,5
0.1148927733302116,0.0,32.0,8,2021,8,5
0.0,0.0,37.0,8,2021,8,5
0.1944431215524673,0.0,38.0,8,2021,8,5
0.0,0.0,39.0,8,2021,8,5
1.164427638053894,0.0,44.0,8,2021,8,5
0.0,4.800000190734863,5.0,9,2021,8,5
3.0171921253204346,15.300000190734863,9.0,9,2021,8,5
2.3333842754364014,6.299999237060547,11.0,9,2021,8,5
6.944851398468018,28.49999618530273,13.0,9,2021,8,5
2.159285545349121,2.299999713897705,25.0,9,2021,8,5
1.9388582706451416,0.0,29.0,9,2021,8,5
0.1128847375512123,0.0,30.0,9,2021,8,5
0.0,0.0,32.0,9,2021,8,5
0.0,0.0,37.0,9,2021,8,5
0.0123761035501956,0.0,38.0,9,2021,8,5
0.0,0.0,39.0,9,2021,8,5
1.2112393379211426,0.0,44.0,9,2021,8,5
0.0,31.300004959106445,5.0,10,2021,8,5
5.716181755065918,90.30003356933594,9.0,10,2021,8,5
3.2788405418396,100.60001373291016,11.0,10,2021,8,5
6.600039482116699,68.0999984741211,13.0,10,2021,8,5
2.1592633724212646,15.90000057220459,25.0,10,2021,8,5
0.8898727297782898,25.399995803833008,29.0,10,2021,8,5
0.4074200987815857,47.30000305175781,30.0,10,2021,8,5
0.0,0.0,32.0,10,2021,8,5
0.0,0.0,37.0,10,2021,8,5
0.0,5.900000095367432,38.0,10,2021,8,5
0.0,4.300000190734863,39.0,10,2021,8,5
0.9941306710243224,0.0,44.0,10,2021,8,5
0.0,12.200000762939451,5.0,11,2021,8,5
4.190593242645264,34.30000305175781,9.0,11,2021,8,5
3.437824487686157,2.4000003337860107,11.0,11,2021,8,5
2.419253349304199,14.900002479553224,13.0,11,2021,8,5
1.366947889328003,11.500000953674316,25.0,11,2021,8,5
1.517362356185913,4.600000858306885,29.0,11,2021,8,5
0.0,11.099998474121094,30.0,11,2021,8,5
0.0460413210093975,0.0,32.0,11,2021,8,5
0.0,3.90000057220459,37.0,11,2021,8,5
0.0,20.69999885559082,38.0,11,2021,8,5
0.0,2.299999713897705,39.0,11,2021,8,5
1.30491042137146,0.0,44.0,11,2021,8,5
0.0,9.700000762939451,5.0,12,2021,8,5
3.275093078613281,28.699995040893555,9.0,12,2021,8,5
3.9549484252929688,39.100006103515625,11.0,12,2021,8,5
8.0169095993042,35.700008392333984,13.0,12,2021,8,5
1.9520457983016968,4.099999904632568,25.0,12,2021,8,5
1.0108789205551147,0.0,29.0,12,2021,8,5
1.3870582580566406,4.899999618530273,30.0,12,2021,8,5
0.0644129514694213,0.0,32.0,12,2021,8,5
0.0,0.0,37.0,12,2021,8,5
0.159033253788948,0.0,38.0,12,2021,8,5
0.0363382212817668,0.0,39.0,12,2021,8,5
0.724042534828186,0.0,44.0,12,2021,8,5
0.0,0.0,5.0,13,2021,8,5
2.63647198677063,50.50000762939453,9.0,13,2021,8,5
2.5451338291168213,3.400000095367432,11.0,13,2021,8,5
5.470151901245117,36.70000076293945,13.0,13,2021,8,5
1.8443737030029297,1.8000000715255735,25.0,13,2021,8,5
0.1990037560462951,4.399999618530273,29.0,13,2021,8,5
0.0,0.0,30.0,13,2021,8,5
0.0,0.0,32.0,13,2021,8,5
0.0,0.0,37.0,13,2021,8,5
0.0,0.0,38.0,13,2021,8,5
0.0,0.0,39.0,13,2021,8,5
0.6606745719909668,0.0,44.0,13,2021,8,5
0.0,0.0,5.0,14,2021,8,5
3.432145357131958,14.39999771118164,9.0,14,2021,8,5
1.324223279953003,26.19999885559082,11.0,14,2021,8,5
4.107669830322266,37.900001525878906,13.0,14,2021,8,5
1.38800847530365,4.399999618530273,25.0,14,2021,8,5
0.0,9.30000114440918,29.0,14,2021,8,5
0.0,0.0,30.0,14,2021,8,5
0.0236157979816198,0.0,32.0,14,2021,8,5
0.0,0.0,37.0,14,2021,8,5
0.0,0.0,38.0,14,2021,8,5
0.0,0.0,39.0,14,2021,8,5
0.5138729810714722,4.300000190734863,44.0,14,2021,8,5
0.0,0.0,5.0,15,2021,8,5
2.706486225128174,0.0,9.0,15,2021,8,5
1.2845827341079712,0.0,11.0,15,2021,8,5
4.945038795471191,0.0,13.0,15,2021,8,5
0.712672770023346,0.0,25.0,15,2021,8,5
0.115915261209011,0.0,29.0,15,2021,8,5
0.0,0.9999998807907104,30.0,15,2021,8,5
0.0,0.0,32.0,15,2021,8,5
0.0,8.299999237060547,37.0,15,2021,8,5
0.0,0.6999999284744263,38.0,15,2021,8,5
0.0,0.0,39.0,15,2021,8,5
0.5992287993431091,0.0,44.0,15,2021,8,5
0.0,0.0,5.0,16,2021,8,5
1.7768206596374512,0.0,9.0,16,2021,8,5
1.2794265747070312,0.0,11.0,16,2021,8,5
2.498743295669556,0.0,13.0,16,2021,8,5
0.5136523842811584,0.0,25.0,16,2021,8,5
0.2636799216270447,0.0,29.0,16,2021,8,5
0.0,0.0,30.0,16,2021,8,5
0.0,0.0,32.0,16,2021,8,5
0.0,0.0,37.0,16,2021,8,5
0.0,0.0,38.0,16,2021,8,5
0.0,0.0,39.0,16,2021,8,5
0.4308978617191314,0.0,44.0,16,2021,8,5
0.0,0.0,5.0,17,2021,8,5
2.0086498260498047,0.0,9.0,17,2021,8,5
1.4410852193832395,5.1999993324279785,11.0,17,2021,8,5
3.331298589706421,1.3999998569488523,13.0,17,2021,8,5
0.6709811687469482,0.0,25.0,17,2021,8,5
0.1186544895172119,0.0,29.0,17,2021,8,5
0.0657805427908897,0.0,30.0,17,2021,8,5
0.0,0.0,32.0,17,2021,8,5
0.0,0.0,37.0,17,2021,8,5
0.0,0.0,38.0,17,2021,8,5
0.0,0.0,39.0,17,2021,8,5
0.1913360357284546,0.0,44.0,17,2021,8,5
0.0,0.0,5.0,18,2021,8,5
1.9282649755477903,17.500001907348633,9.0,18,2021,8,5
3.100507497787476,0.9999998807907104,11.0,18,2021,8,5
2.643609046936035,0.800000011920929,13.0,18,2021,8,5
0.7666799426078796,0.0,25.0,18,2021,8,5
0.0,0.0,29.0,18,2021,8,5
0.0,0.0,30.0,18,2021,8,5
0.0,0.0,32.0,18,2021,8,5
0.0,0.0,37.0,18,2021,8,5
0.0,0.0,38.0,18,2021,8,5
0.0,0.0,39.0,18,2021,8,5
0.0,0.0,44.0,18,2021,8,5
0.0,0.0,5.0,19,2021,8,5
1.1558159589767456,38.70000076293945,9.0,19,2021,8,5
1.240588903427124,34.400001525878906,11.0,19,2021,8,5
1.7956196069717407,55.39997863769531,13.0,19,2021,8,5
0.3476797640323639,24.999998092651367,25.0,19,2021,8,5
0.0,0.0,29.0,19,2021,8,5
0.0,0.0,30.0,19,2021,8,5
0.0,0.0,32.0,19,2021,8,5
0.0,0.0,37.0,19,2021,8,5
0.0,0.0,38.0,19,2021,8,5
0.0,0.0,39.0,19,2021,8,5
0.0,1.600000023841858,44.0,19,2021,8,5
0.0,0.0,5.0,20,2021,8,5
0.6508839726448059,0.3000000715255737,9.0,20,2021,8,5
0.2241629362106323,3.1000001430511475,11.0,20,2021,8,5
0.755089521408081,14.000000953674316,13.0,20,2021,8,5
0.1498035490512848,0.0,25.0,20,2021,8,5
0.0,0.0,29.0,20,2021,8,5
0.0,0.0,30.0,20,2021,8,5
0.0,0.0,32.0,20,2021,8,5
0.0,0.0,37.0,20,2021,8,5
0.0,0.0,38.0,20,2021,8,5
0.0,4.600000858306885,39.0,20,2021,8,5
0.0,0.0,44.0,20,2021,8,5
0.0,19.0,5.0,7,2022,8,5
0.6513407230377197,8.5,9.0,7,2022,8,5
0.6684904098510742,0.4000000953674316,11.0,7,2022,8,5
1.867951273918152,12.90000057220459,13.0,7,2022,8,5
0.2663518786430359,22.0,25.0,7,2022,8,5
0.0,22.0,29.0,7,2022,8,5
0.0,55.89998245239258,30.0,7,2022,8,5
0.0,102.0000457763672,32.0,7,2022,8,5
0.0,100.00003814697266,37.0,7,2022,8,5
0.0,37.999996185302734,38.0,7,2022,8,5
0.0,65.00000762939453,39.0,7,2022,8,5
0.0,103.00001525878906,44.0,7,2022,8,5
0.0,2.999999523162842,5.0,8,2022,8,5
0.071673572063446,11.200000762939451,9.0,8,2022,8,5
0.9573670625686646,24.69999885559082,11.0,8,2022,8,5
1.527055740356445,2.1000001430511475,13.0,8,2022,8,5
0.3809539079666137,8.0,25.0,8,2022,8,5
0.1352560520172119,9.0,29.0,8,2022,8,5
0.0,8.09999942779541,30.0,8,2022,8,5
0.1145118772983551,5.8000006675720215,32.0,8,2022,8,5
0.0,5.999999523162842,37.0,8,2022,8,5
0.0,6.90000057220459,38.0,8,2022,8,5
0.0,5.1999993324279785,39.0,8,2022,8,5
0.2926623225212097,8.0,44.0,8,2022,8,5
0.0,15.90000057220459,5.0,9,2022,8,5
1.0149213075637815,0.9999998807907104,9.0,9,2022,8,5
1.4071052074432373,0.9000000953674316,11.0,9,2022,8,5
2.6625194549560547,30.99999237060547,13.0,9,2022,8,5
0.3371392786502838,24.000001907348636,25.0,9,2022,8,5
0.6245078444480896,7.100000381469727,29.0,9,2022,8,5
0.0,30.99999237060547,30.0,9,2022,8,5
0.0,16.200000762939453,32.0,9,2022,8,5
0.0,7.0,37.0,9,2022,8,5
0.0,19.099994659423828,38.0,9,2022,8,5
0.0,33.80000305175781,39.0,9,2022,8,5
0.5214393138885498,0.0,44.0,9,2022,8,5
0.0,11.399998664855955,5.0,10,2022,8,5
1.3660959005355835,0.2000000029802322,9.0,10,2022,8,5
1.742889404296875,40.99999237060547,11.0,10,2022,8,5
4.335530281066895,1.999999761581421,13.0,10,2022,8,5
0.9103920459747314,18.0,25.0,10,2022,8,5
0.0925880372524261,12.90000057220459,29.0,10,2022,8,5
0.0,1.999999761581421,30.0,10,2022,8,5
0.0,0.0,32.0,10,2022,8,5
0.0,2.999999523162842,37.0,10,2022,8,5
0.0,7.0,38.0,10,2022,8,5
0.0,2.999999523162842,39.0,10,2022,8,5
0.7316884994506836,0.0,44.0,10,2022,8,5
0.0,0.0,5.0,11,2022,8,5
1.8970381021499636,0.0,9.0,11,2022,8,5
0.9732806086540222,5.999999523162842,11.0,11,2022,8,5
2.819309949874878,8.0,13.0,11,2022,8,5
0.9326143860816956,8.09999942779541,25.0,11,2022,8,5
0.0,13.000000953674316,29.0,11,2022,8,5
0.0,0.0,30.0,11,2022,8,5
0.0,0.0,32.0,11,2022,8,5
0.0,0.0,37.0,11,2022,8,5
0.0,7.0,38.0,11,2022,8,5
0.0,0.0,39.0,11,2022,8,5
0.5653900504112244,0.0,44.0,11,2022,8,5
0.0,0.3000000715255737,5.0,12,2022,8,5
0.5756331086158752,0.0,9.0,12,2022,8,5
1.407718539237976,0.0,11.0,12,2022,8,5
3.575855016708374,0.5,13.0,12,2022,8,5
0.6219910383224487,0.2000000029802322,25.0,12,2022,8,5
0.4794945120811462,0.0,29.0,12,2022,8,5
0.2243200540542602,0.0,30.0,12,2022,8,5
0.0,0.0,32.0,12,2022,8,5
0.0,0.0,37.0,12,2022,8,5
0.0,0.0,38.0,12,2022,8,5
0.0,0.0,39.0,12,2022,8,5
0.0677518472075462,0.0,44.0,12,2022,8,5
0.0,0.9999998807907104,5.0,13,2022,8,5
0.5248274207115173,1.1000001430511477,9.0,13,2022,8,5
1.4853718280792236,4.999999523162842,11.0,13,2022,8,5
1.987536907196045,13.699997901916504,13.0,13,2022,8,5
0.5392729640007019,35.999996185302734,25.0,13,2022,8,5
0.0858905315399169,0.0,29.0,13,2022,8,5
0.0,0.0999999865889549,30.0,13,2022,8,5
0.0,0.6999999284744263,32.0,13,2022,8,5
0.0,41.99999237060547,37.0,13,2022,8,5
0.0,0.0,38.0,13,2022,8,5
0.0,0.0,39.0,13,2022,8,5
0.0460148714482784,1.999999761581421,44.0,13,2022,8,5
0.0,0.0,5.0,14,2022,8,5
1.1303561925888062,0.9999998807907104,9.0,14,2022,8,5
1.6269866228103638,7.0,11.0,14,2022,8,5
2.5489933490753174,0.800000011920929,13.0,14,2022,8,5
0.3219311833381653,0.0,25.0,14,2022,8,5
0.1208773553371429,0.0,29.0,14,2022,8,5
0.0,21.000001907348636,30.0,14,2022,8,5
0.0,9.199999809265137,32.0,14,2022,8,5
0.0,5.999999523162842,37.0,14,2022,8,5
0.0,0.0,38.0,14,2022,8,5
0.0,9.0,39.0,14,2022,8,5
0.3620938956737518,0.5,44.0,14,2022,8,5
0.0,9.0,5.0,15,2022,8,5
0.6958959102630615,7.0,9.0,15,2022,8,5
1.7712970972061155,11.0,11.0,15,2022,8,5
1.5486667156219482,14.000000953674316,13.0,15,2022,8,5
0.7130951881408691,0.9999998807907104,25.0,15,2022,8,5
0.0,9.0,29.0,15,2022,8,5
0.0,0.0,30.0,15,2022,8,5
0.0,1.999999761581421,32.0,15,2022,8,5
0.0,0.0,37.0,15,2022,8,5
0.0,5.999999523162842,38.0,15,2022,8,5
0.0,0.9999998807907104,39.0,15,2022,8,5
0.2105485796928405,0.9999998807907104,44.0,15,2022,8,5
0.0,30.99999237060547,5.0,16,2022,8,5
1.3673714399337769,10.000000953674316,9.0,16,2022,8,5
1.6093924045562744,4.0,11.0,16,2022,8,5
2.343867778778076,18.0,13.0,16,2022,8,5
1.2450942993164062,68.0,25.0,16,2022,8,5
0.0977132022380828,23.0,29.0,16,2022,8,5
0.0,34.000003814697266,30.0,16,2022,8,5
0.0,44.99999237060547,32.0,16,2022,8,5
0.0,13.000000953674316,37.0,16,2022,8,5
0.0,8.0,38.0,16,2022,8,5
0.0,58.00000381469727,39.0,16,2022,8,5
0.1127640828490257,56.0,44.0,16,2022,8,5
0.0,18.0,5.0,17,2022,8,5
1.0503119230270386,14.000000953674316,9.0,17,2022,8,5
1.494732141494751,2.999999523162842,11.0,17,2022,8,5
2.9034554958343506,35.999996185302734,13.0,17,2022,8,5
0.5357658863067627,26.000001907348636,25.0,17,2022,8,5
0.1214163899421691,4.999999523162842,29.0,17,2022,8,5
0.0,7.0,30.0,17,2022,8,5
0.0,27.999998092651367,32.0,17,2022,8,5
0.0,2.999999523162842,37.0,17,2022,8,5
0.0,21.000001907348636,38.0,17,2022,8,5
0.0,2.999999523162842,39.0,17,2022,8,5
0.0317311398684978,27.999998092651367,44.0,17,2022,8,5
0.0,17.0,5.0,18,2022,8,5
1.209032416343689,0.0,9.0,18,2022,8,5
3.0737862586975098,0.9999998807907104,11.0,18,2022,8,5
4.524240493774414,6.100000381469727,13.0,18,2022,8,5
1.4727920293807983,17.0,25.0,18,2022,8,5
0.0,12.000001907348633,29.0,18,2022,8,5
0.0,2.999999523162842,30.0,18,2022,8,5
0.0,0.0,32.0,18,2022,8,5
0.0,0.0,37.0,18,2022,8,5
0.0,0.0,38.0,18,2022,8,5
0.0,0.0,39.0,18,2022,8,5
1.1959339380264282,0.0,44.0,18,2022,8,5
0.0,0.0999999865889549,5.0,19,2022,8,5
2.011127471923828,1.999999761581421,9.0,19,2022,8,5
3.3313655853271484,0.0,11.0,19,2022,8,5
3.69301438331604,0.5,13.0,19,2022,8,5
1.3120834827423096,0.0,25.0,19,2022,8,5
0.3267395198345184,0.0,29.0,19,2022,8,5
0.0,15.500000953674316,30.0,19,2022,8,5
0.0,8.0,32.0,19,2022,8,5
0.0,0.0,37.0,19,2022,8,5
0.0,0.0,38.0,19,2022,8,5
0.0,0.0,39.0,19,2022,8,5
1.810157895088196,0.2000000029802322,44.0,19,2022,8,5
0.0,0.9000000953674316,5.0,20,2022,8,5
1.23391854763031,0.0,9.0,20,2022,8,5
1.2072503566741943,0.0999999865889549,11.0,20,2022,8,5
1.6789991855621338,0.5,13.0,20,2022,8,5
0.3837037086486816,18.0,25.0,20,2022,8,5
0.2532258033752441,0.0,29.0,20,2022,8,5
0.0,3.5000007152557373,30.0,20,2022,8,5
0.0,0.0999999865889549,32.0,20,2022,8,5
0.0,1.999999761581421,37.0,20,2022,8,5
0.0,0.9000000953674316,38.0,20,2022,8,5
0.0,2.999999523162842,39.0,20,2022,8,5
1.0506223440170288,4.0,44.0,20,2022,8,5
0.0,10.000000953674316,5.0,7,2023,8,5
2.807349920272827,0.0,9.0,7,2023,8,5
1.082242727279663,18.0,11.0,7,2023,8,5
8.10867977142334,52.49999237060547,13.0,7,2023,8,5
1.7858364582061768,12.700000762939451,25.0,7,2023,8,5
1.7735676765441897,2.999999523162842,29.0,7,2023,8,5
0.0764433592557907,29.10000228881836,30.0,7,2023,8,5
0.0,10.000000953674316,32.0,7,2023,8,5
0.0,2.5999996662139893,37.0,7,2023,8,5
0.0,8.700000762939453,38.0,7,2023,8,5
0.0,0.9999998807907104,39.0,7,2023,8,5
1.2934985160827637,2.5999996662139893,44.0,7,2023,8,5
0.0,7.0,5.0,8,2023,8,5
2.8674705028533936,0.0,9.0,8,2023,8,5
2.779945373535156,10.200000762939451,11.0,8,2023,8,5
6.8887038230896,24.999998092651367,13.0,8,2023,8,5
1.9873247146606443,7.0,25.0,8,2023,8,5
2.090268611907959,2.299999713897705,29.0,8,2023,8,5
0.2299822866916656,1.9000003337860107,30.0,8,2023,8,5
0.0,8.09999942779541,32.0,8,2023,8,5
0.0,67.10000610351562,37.0,8,2023,8,5
0.1285028010606765,1.9000003337860107,38.0,8,2023,8,5
0.0,19.199996948242188,39.0,8,2023,8,5
1.271604299545288,25.600000381469727,44.0,8,2023,8,5
0.0,0.0,5.0,9,2023,8,5
3.4733729362487797,0.0,9.0,9,2023,8,5
2.066375255584717,0.0,11.0,9,2023,8,5
5.960383415222168,0.0,13.0,9,2023,8,5
1.3176945447921753,0.0,25.0,9,2023,8,5
1.2092342376708984,0.0,29.0,9,2023,8,5
0.0276290755718946,0.0,30.0,9,2023,8,5
0.0,0.0,32.0,9,2023,8,5
0.0,0.0,37.0,9,2023,8,5
0.0,0.0,38.0,9,2023,8,5
0.0,0.0,39.0,9,2023,8,5
0.7505285143852234,0.0,44.0,9,2023,8,5
0.0,26.000001907348636,5.0,10,2023,8,5
3.1458632946014404,22.0,9.0,10,2023,8,5
4.259445190429688,2.999999523162842,11.0,10,2023,8,5
6.858479022979736,10.000000953674316,13.0,10,2023,8,5
1.517096757888794,29.10000228881836,25.0,10,2023,8,5
0.3039543032646179,12.000001907348633,29.0,10,2023,8,5
0.0,21.000001907348636,30.0,10,2023,8,5
0.0,0.5999999046325684,32.0,10,2023,8,5
0.0,17.0,37.0,10,2023,8,5
0.0,6.399999141693115,38.0,10,2023,8,5
0.0,18.0,39.0,10,2023,8,5
1.2527698278427124,35.0,44.0,10,2023,8,5
0.0,14.000000953674316,5.0,11,2023,8,5
3.4665892124176025,0.0999999865889549,9.0,11,2023,8,5
1.8914811611175537,117.9999771118164,11.0,11,2023,8,5
2.9854211807250977,65.99998474121094,13.0,11,2023,8,5
1.644479513168335,40.99999237060547,25.0,11,2023,8,5
0.6075484752655029,0.800000011920929,29.0,11,2023,8,5
0.0,0.0,30.0,11,2023,8,5
0.0,0.9999998807907104,32.0,11,2023,8,5
0.0,16.0,37.0,11,2023,8,5
0.0844357758760452,0.0999999865889549,38.0,11,2023,8,5
0.0,2.1000001430511475,39.0,11,2023,8,5
1.070163607597351,9.0,44.0,11,2023,8,5
0.0,8.0,5.0,12,2023,8,5
2.314527034759521,0.9000000953674316,9.0,12,2023,8,5
1.9452382326126096,7.0,11.0,12,2023,8,5
5.739918231964111,1.1000001430511477,13.0,12,2023,8,5
1.8688273429870603,4.0,25.0,12,2023,8,5
0.7872650623321533,12.200000762939451,29.0,12,2023,8,5
0.7026865482330322,0.0999999865889549,30.0,12,2023,8,5
0.0,0.0,32.0,12,2023,8,5
0.0,0.0,37.0,12,2023,8,5
0.0,2.200000286102295,38.0,12,2023,8,5
0.1041310653090477,0.0,39.0,12,2023,8,5
0.7669558525085449,0.0,44.0,12,2023,8,5
0.0,0.0,5.0,13,2023,8,5
1.0695126056671145,13.000000953674316,9.0,13,2023,8,5
2.6167423725128174,9.100001335144045,11.0,13,2023,8,5
3.061305284500122,2.999999523162842,13.0,13,2023,8,5
1.5893954038619995,0.0,25.0,13,2023,8,5
0.3650494515895843,0.0,29.0,13,2023,8,5
0.0,0.0,30.0,13,2023,8,5
0.0,0.0,32.0,13,2023,8,5
0.0,0.0,37.0,13,2023,8,5
0.0,0.0,38.0,13,2023,8,5
0.0,0.0,39.0,13,2023,8,5
0.6521338224411011,0.0,44.0,13,2023,8,5
0.0,0.0,5.0,14,2023,8,5
1.5493426322937012,4.0,9.0,14,2023,8,5
3.3871006965637207,1.2999999523162842,11.0,14,2023,8,5
4.794313430786133,1.999999761581421,13.0,14,2023,8,5
0.9019311666488647,0.0,25.0,14,2023,8,5
0.8347649574279785,0.0,29.0,14,2023,8,5
0.0,0.0,30.0,14,2023,8,5
0.0,0.0,32.0,14,2023,8,5
0.0,0.0,37.0,14,2023,8,5
0.0,0.0,38.0,14,2023,8,5
0.0,0.0,39.0,14,2023,8,5
1.097706317901611,0.0,44.0,14,2023,8,5
0.0,15.0,5.0,15,2023,8,5
2.55997085571289,0.5999999046325684,9.0,15,2023,8,5
3.474003314971924,9.30000114440918,11.0,15,2023,8,5
4.815499305725098,0.9999998807907104,13.0,15,2023,8,5
0.2481089830398559,16.0,25.0,15,2023,8,5
0.4686261713504791,8.0,29.0,15,2023,8,5
0.033411756157875,14.000000953674316,30.0,15,2023,8,5
0.0884975641965866,22.0,32.0,15,2023,8,5
0.0,19.0,37.0,15,2023,8,5
0.0,24.000001907348636,38.0,15,2023,8,5
0.0,23.0,39.0,15,2023,8,5
0.4392750561237335,0.0,44.0,15,2023,8,5
0.0,0.9999998807907104,5.0,16,2023,8,5
2.708120107650757,14.499999046325684,9.0,16,2023,8,5
2.2956631183624268,16.100004196166992,11.0,16,2023,8,5
3.8791117668151855,35.999996185302734,13.0,16,2023,8,5
0.7929297685623169,1.3999998569488523,25.0,16,2023,8,5
0.7879307270050049,0.9000000953674316,29.0,16,2023,8,5
0.0,13.000000953674316,30.0,16,2023,8,5
0.0,8.0,32.0,16,2023,8,5
0.0,5.999999523162842,37.0,16,2023,8,5
0.0,4.999999523162842,38.0,16,2023,8,5
0.0,2.999999523162842,39.0,16,2023,8,5
0.5168145298957825,4.999999523162842,44.0,16,2023,8,5
0.0,0.0,5.0,17,2023,8,5
3.3653817176818848,33.0,9.0,17,2023,8,5
1.342333197593689,48.900001525878906,11.0,17,2023,8,5
3.2136874198913574,15.0,13.0,17,2023,8,5
0.7676703929901123,0.0,25.0,17,2023,8,5
0.0654170960187912,17.100004196166992,29.0,17,2023,8,5
0.0,0.2000000029802322,30.0,17,2023,8,5
0.0,0.0999999865889549,32.0,17,2023,8,5
0.0,0.0,37.0,17,2023,8,5
0.0,1.2999999523162842,38.0,17,2023,8,5
0.0,2.999999523162842,39.0,17,2023,8,5
0.1209092438220977,27.000001907348636,44.0,17,2023,8,5
0.0,0.0,5.0,18,2023,8,5
1.924649715423584,9.0,9.0,18,2023,8,5
1.1217607259750366,12.100000381469728,11.0,18,2023,8,5
2.434419631958008,10.000000953674316,13.0,18,2023,8,5
0.3705326616764068,0.0,25.0,18,2023,8,5
0.0,0.0,29.0,18,2023,8,5
0.0,0.0,30.0,18,2023,8,5
0.0,0.0999999865889549,32.0,18,2023,8,5
0.0,0.0,37.0,18,2023,8,5
0.0,4.700000286102295,38.0,18,2023,8,5
0.0,2.999999523162842,39.0,18,2023,8,5
0.5024994015693665,0.0,44.0,18,2023,8,5
0.0,10.000000953674316,5.0,19,2023,8,5
0.728806734085083,22.0,9.0,19,2023,8,5
0.0777446404099464,1.2999999523162842,11.0,19,2023,8,5
2.0854201316833496,1.1999998092651367,13.0,19,2023,8,5
0.0,2.999999523162842,25.0,19,2023,8,5
0.062307771295309,3.90000057220459,29.0,19,2023,8,5
0.0394638627767562,2.999999523162842,30.0,19,2023,8,5
0.0,0.0,32.0,19,2023,8,5
0.0,0.6999999284744263,37.0,19,2023,8,5
0.0,0.0,38.0,19,2023,8,5
0.0,0.0,39.0,19,2023,8,5
0.0,0.0,44.0,19,2023,8,5
0.0,9.0,5.0,20,2023,8,5
0.3750430345535278,37.0,9.0,20,2023,8,5
0.0,62.69998550415039,11.0,20,2023,8,5
0.3892477452754974,25.799999237060547,13.0,20,2023,8,5
0.0,5.999999523162842,25.0,20,2023,8,5
0.0,1.1000001430511477,29.0,20,2023,8,5
0.0,41.99999237060547,30.0,20,2023,8,5
0.0,27.999998092651367,32.0,20,2023,8,5
0.0,29.30000305175781,37.0,20,2023,8,5
0.0,26.000001907348636,38.0,20,2023,8,5
0.0,4.0,39.0,20,2023,8,5
0.0,1.1000001430511477,44.0,20,2023,8,5
0.0,33.29999923706055,5.0,7,2020,8,8
4.06450080871582,21.299999237060547,9.0,7,2020,8,8
2.646819591522217,0.0,11.0,7,2020,8,8
6.328257083892822,19.699995040893555,13.0,7,2020,8,8
1.6173442602157593,29.999998092651367,25.0,7,2020,8,8
1.882826566696167,36.89999008178711,29.0,7,2020,8,8
0.0,10.30000114440918,30.0,7,2020,8,8
0.0,62.5000114440918,32.0,7,2020,8,8
0.0,40.49999237060547,37.0,7,2020,8,8
0.0,3.400000095367432,38.0,7,2020,8,8
0.0,30.399999618530277,39.0,7,2020,8,8
2.132026433944702,0.0,44.0,7,2020,8,8
0.0,46.99999237060547,5.0,8,2020,8,8
3.707184791564941,55.70001983642578,9.0,8,2020,8,8
1.524146556854248,24.199996948242188,11.0,8,2020,8,8
6.625107765197754,120.19998931884766,13.0,8,2020,8,8
1.0392978191375732,39.600006103515625,25.0,8,2020,8,8
1.0303373336791992,17.700000762939453,29.0,8,2020,8,8
0.3247409760951996,34.400001525878906,30.0,8,2020,8,8
0.0366924069821834,8.199999809265137,32.0,8,2020,8,8
0.0,4.600000858306885,37.0,8,2020,8,8
0.0,6.299999237060547,38.0,8,2020,8,8
0.0,3.400000095367432,39.0,8,2020,8,8
1.8857715129852293,6.700000762939453,44.0,8,2020,8,8
0.0,20.30000305175781,5.0,9,2020,8,8
3.2598812580108643,20.199996948242188,9.0,9,2020,8,8
2.3022379875183105,37.20000457763672,11.0,9,2020,8,8
3.399080753326416,54.00000381469727,13.0,9,2020,8,8
1.7166500091552734,13.90000343322754,25.0,9,2020,8,8
0.911881685256958,0.0,29.0,9,2020,8,8
0.2862268090248108,2.999999523162842,30.0,9,2020,8,8
0.0,42.100006103515625,32.0,9,2020,8,8
0.0,58.40000534057617,37.0,9,2020,8,8
0.4917129874229431,11.599998474121094,38.0,9,2020,8,8
0.0,36.29999923706055,39.0,9,2020,8,8
1.7571793794631958,19.899999618530277,44.0,9,2020,8,8
0.0,12.300000190734863,5.0,10,2020,8,8
2.2268314361572266,43.899993896484375,9.0,10,2020,8,8
2.6226673126220703,23.80000305175781,11.0,10,2020,8,8
4.454066276550293,41.30000686645508,13.0,10,2020,8,8
1.829637885093689,13.099998474121094,25.0,10,2020,8,8
1.4849578142166138,9.599998474121094,29.0,10,2020,8,8
0.0,38.20000457763672,30.0,10,2020,8,8
0.0,0.0,32.0,10,2020,8,8
0.0,0.0,37.0,10,2020,8,8
0.0,0.0,38.0,10,2020,8,8
0.0,6.799999237060547,39.0,10,2020,8,8
2.180560350418091,18.59999656677246,44.0,10,2020,8,8
0.0,1.2999999523162842,5.0,11,2020,8,8
2.306239366531372,25.799999237060547,9.0,11,2020,8,8
1.0688323974609375,0.0,11.0,11,2020,8,8
2.9569287300109863,8.80000114440918,13.0,11,2020,8,8
0.6793851852416992,13.699997901916504,25.0,11,2020,8,8
0.5117072463035583,43.09999465942383,29.0,11,2020,8,8
0.0,15.600000381469728,30.0,11,2020,8,8
0.0,40.0,32.0,11,2020,8,8
0.0,14.60000228881836,37.0,11,2020,8,8
0.0,1.999999761581421,38.0,11,2020,8,8
0.0,4.300000190734863,39.0,11,2020,8,8
1.835322618484497,7.0,44.0,11,2020,8,8
0.0,0.0,5.0,12,2020,8,8
1.4187383651733398,14.499999046325684,9.0,12,2020,8,8
0.9045421481132508,0.0,11.0,12,2020,8,8
2.9890711307525635,10.5,13.0,12,2020,8,8
0.6371035575866699,0.0,25.0,12,2020,8,8
0.5545510649681091,21.799999237060547,29.0,12,2020,8,8
0.0,16.80000114440918,30.0,12,2020,8,8
0.0,0.0,32.0,12,2020,8,8
0.0,0.0,37.0,12,2020,8,8
0.0,25.799999237060547,38.0,12,2020,8,8
0.0,0.0,39.0,12,2020,8,8
0.0,0.0,44.0,12,2020,8,8
0.0,0.0,5.0,13,2020,8,8
0.0644792392849922,2.8000001907348637,9.0,13,2020,8,8
0.6230536699295044,0.0,11.0,13,2020,8,8
1.028072953224182,4.800000190734863,13.0,13,2020,8,8
0.3576976656913757,0.0,25.0,13,2020,8,8
0.0,4.999999523162842,29.0,13,2020,8,8
0.0,0.9000000953674316,30.0,13,2020,8,8
0.0,0.0,32.0,13,2020,8,8
0.0,0.0,37.0,13,2020,8,8
0.0,1.3999998569488523,38.0,13,2020,8,8
0.0,0.0,39.0,13,2020,8,8
0.0,0.0,44.0,13,2020,8,8
0.0,0.0,5.0,14,2020,8,8
0.4147807955741882,14.300000190734863,9.0,14,2020,8,8
0.4027334451675415,0.0,11.0,14,2020,8,8
1.0231804847717283,0.0,13.0,14,2020,8,8
0.1372328996658325,0.0,25.0,14,2020,8,8
0.0,0.0,29.0,14,2020,8,8
0.0,0.0,30.0,14,2020,8,8
0.0,0.0,32.0,14,2020,8,8
0.0,0.0,37.0,14,2020,8,8
0.0,0.0,38.0,14,2020,8,8
0.0,0.0,39.0,14,2020,8,8
0.0,0.0,44.0,14,2020,8,8
0.0,0.0,5.0,15,2020,8,8
0.1289866119623184,0.0,9.0,15,2020,8,8
0.292100578546524,7.700001239776611,11.0,15,2020,8,8
0.7187871932983398,0.0,13.0,15,2020,8,8
0.1808229386806488,4.999999523162842,25.0,15,2020,8,8
0.0,0.0,29.0,15,2020,8,8
0.0,0.0,30.0,15,2020,8,8
0.0,0.0,32.0,15,2020,8,8
0.0,0.0,37.0,15,2020,8,8
0.0,3.200000286102295,38.0,15,2020,8,8
0.0,0.0,39.0,15,2020,8,8
0.0,0.0,44.0,15,2020,8,8
0.0,0.0,5.0,16,2020,8,8
0.5805176496505737,0.0,9.0,16,2020,8,8
0.3947769999504089,8.299999237060547,11.0,16,2020,8,8
0.9298262596130372,2.1000001430511475,13.0,16,2020,8,8
0.185354396700859,9.700000762939451,25.0,16,2020,8,8
0.3219186663627624,20.400001525878903,29.0,16,2020,8,8
0.0,22.79999542236328,30.0,16,2020,8,8
0.0,14.39999771118164,32.0,16,2020,8,8
0.0,0.0,37.0,16,2020,8,8
0.0,0.0,38.0,16,2020,8,8
0.0,0.0999999865889549,39.0,16,2020,8,8
0.0,0.0,44.0,16,2020,8,8
0.0,0.0,5.0,17,2020,8,8
0.9011449217796326,31.300004959106445,9.0,17,2020,8,8
0.4990306794643402,0.0,11.0,17,2020,8,8
0.5007422566413879,77.9000015258789,13.0,17,2020,8,8
0.0,4.999999523162842,25.0,17,2020,8,8
0.0,14.39999771118164,29.0,17,2020,8,8
0.0,0.0,30.0,17,2020,8,8
0.0,0.0,32.0,17,2020,8,8
0.0,7.700001239776611,37.0,17,2020,8,8
0.0,0.0,38.0,17,2020,8,8
0.0,8.0,39.0,17,2020,8,8
0.0,0.0999999865889549,44.0,17,2020,8,8
0.0,0.0,5.0,18,2020,8,8
0.1620546281337738,0.0,9.0,18,2020,8,8
1.9314645528793333,0.0,11.0,18,2020,8,8
1.5462743043899536,0.0,13.0,18,2020,8,8
0.3958157300949096,0.0,25.0,18,2020,8,8
0.0,0.0,29.0,18,2020,8,8
0.0,0.0,30.0,18,2020,8,8
0.0,0.0,32.0,18,2020,8,8
0.0,0.0,37.0,18,2020,8,8
0.0,0.0,38.0,18,2020,8,8
0.0,0.0,39.0,18,2020,8,8
0.0,0.0,44.0,18,2020,8,8
0.0,0.0,5.0,19,2020,8,8
0.3871603310108185,0.0,9.0,19,2020,8,8
0.834861695766449,0.0,11.0,19,2020,8,8
1.6233868598937988,0.0,13.0,19,2020,8,8
0.4203066229820251,0.0,25.0,19,2020,8,8
0.0,0.0,29.0,19,2020,8,8
0.0,0.0,30.0,19,2020,8,8
0.0,0.0,32.0,19,2020,8,8
0.0,0.0,37.0,19,2020,8,8
0.0,0.0,38.0,19,2020,8,8
0.0,0.0,39.0,19,2020,8,8
0.228988915681839,0.0,44.0,19,2020,8,8
0.0,0.0,5.0,20,2020,8,8
0.3641711771488189,0.0,9.0,20,2020,8,8
0.2496687322854995,0.0,11.0,20,2020,8,8
0.6748796105384827,0.0,13.0,20,2020,8,8
0.0,0.0,25.0,20,2020,8,8
0.0,0.0,29.0,20,2020,8,8
0.0,0.0,30.0,20,2020,8,8
0.0,0.0,32.0,20,2020,8,8
0.0,0.0,37.0,20,2020,8,8
0.0,0.0,38.0,20,2020,8,8
0.0,0.0,39.0,20,2020,8,8
0.0108709195628762,0.0,44.0,20,2020,8,8
0.0,31.300004959106445,5.0,7,2021,8,8
2.721726417541504,90.30003356933594,9.0,7,2021,8,8
2.783556699752808,100.60001373291016,11.0,7,2021,8,8
4.339601993560791,68.0999984741211,13.0,7,2021,8,8
2.745705366134644,15.90000057220459,25.0,7,2021,8,8
1.005358338356018,25.399995803833008,29.0,7,2021,8,8
0.1133048459887504,47.30000305175781,30.0,7,2021,8,8
0.0,0.0,32.0,7,2021,8,8
0.0,0.0,37.0,7,2021,8,8
0.0,5.900000095367432,38.0,7,2021,8,8
0.0,4.300000190734863,39.0,7,2021,8,8
0.808428943157196,0.0,44.0,7,2021,8,8
0.0,12.200000762939451,5.0,8,2021,8,8
1.9122426509857176,34.30000305175781,9.0,8,2021,8,8
3.2472198009490967,2.4000003337860107,11.0,8,2021,8,8
4.2108259201049805,14.900002479553224,13.0,8,2021,8,8
2.3032968044281006,11.500000953674316,25.0,8,2021,8,8
0.9677619338035583,4.600000858306885,29.0,8,2021,8,8
0.3771505355834961,11.099998474121094,30.0,8,2021,8,8
0.0,0.0,32.0,8,2021,8,8
0.0,3.90000057220459,37.0,8,2021,8,8
0.0,20.69999885559082,38.0,8,2021,8,8
0.0,2.299999713897705,39.0,8,2021,8,8
1.223502516746521,0.0,44.0,8,2021,8,8
0.0,9.700000762939451,5.0,9,2021,8,8
2.358213424682617,28.699995040893555,9.0,9,2021,8,8
2.808091640472412,39.100006103515625,11.0,9,2021,8,8
3.52979040145874,35.700008392333984,13.0,9,2021,8,8
0.913566827774048,4.099999904632568,25.0,9,2021,8,8
1.1935489177703855,0.0,29.0,9,2021,8,8
0.1448273956775665,4.899999618530273,30.0,9,2021,8,8
0.0,0.0,32.0,9,2021,8,8
0.0,0.0,37.0,9,2021,8,8
0.0625831559300422,0.0,38.0,9,2021,8,8
0.0,0.0,39.0,9,2021,8,8
0.7516000866889954,0.0,44.0,9,2021,8,8
0.0,0.0,5.0,10,2021,8,8
3.3364691734313965,50.50000762939453,9.0,10,2021,8,8
3.4653823375701904,3.400000095367432,11.0,10,2021,8,8
5.273512363433838,36.70000076293945,13.0,10,2021,8,8
1.3854931592941284,1.8000000715255735,25.0,10,2021,8,8
1.6459201574325562,4.399999618530273,29.0,10,2021,8,8
0.3431096971035003,0.0,30.0,10,2021,8,8
0.0,0.0,32.0,10,2021,8,8
0.0,0.0,37.0,10,2021,8,8
0.1289113163948059,0.0,38.0,10,2021,8,8
0.0,0.0,39.0,10,2021,8,8
1.2586523294448853,0.0,44.0,10,2021,8,8
0.0,0.0,5.0,11,2021,8,8
3.5093231201171875,14.39999771118164,9.0,11,2021,8,8
2.37459659576416,26.19999885559082,11.0,11,2021,8,8
6.1116042137146,37.900001525878906,13.0,11,2021,8,8
2.307569026947021,4.399999618530273,25.0,11,2021,8,8
0.6139491200447083,9.30000114440918,29.0,11,2021,8,8
0.0,0.0,30.0,11,2021,8,8
0.0,0.0,32.0,11,2021,8,8
0.0,0.0,37.0,11,2021,8,8
0.0,0.0,38.0,11,2021,8,8
0.0,0.0,39.0,11,2021,8,8
1.1578339338302612,4.300000190734863,44.0,11,2021,8,8
0.0,0.0,5.0,12,2021,8,8
6.529185771942139,0.0,9.0,12,2021,8,8
3.1192760467529297,0.0,11.0,12,2021,8,8
8.937407493591309,0.0,13.0,12,2021,8,8
2.454926013946533,0.0,25.0,12,2021,8,8
0.8342297077178955,0.0,29.0,12,2021,8,8
0.9754918813705444,0.9999998807907104,30.0,12,2021,8,8
0.2185328900814056,0.0,32.0,12,2021,8,8
0.0635069087147712,8.299999237060547,37.0,12,2021,8,8
0.2817853093147278,0.6999999284744263,38.0,12,2021,8,8
0.0228961147367954,0.0,39.0,12,2021,8,8
2.795699119567871,0.0,44.0,12,2021,8,8
0.0,0.0,5.0,13,2021,8,8
1.4295719861984253,0.0,9.0,13,2021,8,8
1.970290184020996,0.0,11.0,13,2021,8,8
3.4887328147888184,0.0,13.0,13,2021,8,8
1.002186298370361,0.0,25.0,13,2021,8,8
0.1441548466682434,0.0,29.0,13,2021,8,8
0.0996893495321273,0.0,30.0,13,2021,8,8
0.0,0.0,32.0,13,2021,8,8
0.0,0.0,37.0,13,2021,8,8
0.0,0.0,38.0,13,2021,8,8
0.0,0.0,39.0,13,2021,8,8
1.8186790943145752,0.0,44.0,13,2021,8,8
0.0,0.0,5.0,14,2021,8,8
0.4761278331279754,0.0,9.0,14,2021,8,8
0.6470201015472412,5.1999993324279785,11.0,14,2021,8,8
1.5084919929504397,1.3999998569488523,13.0,14,2021,8,8
0.0515904948115348,0.0,25.0,14,2021,8,8
0.1909403204917907,0.0,29.0,14,2021,8,8
0.0,0.0,30.0,14,2021,8,8
0.0,0.0,32.0,14,2021,8,8
0.0,0.0,37.0,14,2021,8,8
0.0,0.0,38.0,14,2021,8,8
0.0,0.0,39.0,14,2021,8,8
0.0756620541214943,0.0,44.0,14,2021,8,8
0.0,0.0,5.0,15,2021,8,8
0.3870362341403961,17.500001907348633,9.0,15,2021,8,8
0.3403707146644592,0.9999998807907104,11.0,15,2021,8,8
0.7364550828933716,0.800000011920929,13.0,15,2021,8,8
0.4889735579490661,0.0,25.0,15,2021,8,8
0.0,0.0,29.0,15,2021,8,8
0.0,0.0,30.0,15,2021,8,8
0.0,0.0,32.0,15,2021,8,8
0.0,0.0,37.0,15,2021,8,8
0.0,0.0,38.0,15,2021,8,8
0.0,0.0,39.0,15,2021,8,8
0.0,0.0,44.0,15,2021,8,8
0.0,0.0,5.0,16,2021,8,8
0.1191397383809089,38.70000076293945,9.0,16,2021,8,8
0.0238190181553363,34.400001525878906,11.0,16,2021,8,8
0.3465475142002105,55.39997863769531,13.0,16,2021,8,8
0.0744879320263862,24.999998092651367,25.0,16,2021,8,8
0.0,0.0,29.0,16,2021,8,8
0.0,0.0,30.0,16,2021,8,8
0.0,0.0,32.0,16,2021,8,8
0.0,0.0,37.0,16,2021,8,8
0.0,0.0,38.0,16,2021,8,8
0.0,0.0,39.0,16,2021,8,8
0.0,1.600000023841858,44.0,16,2021,8,8
0.0,0.0,5.0,17,2021,8,8
0.1223373562097549,0.3000000715255737,9.0,17,2021,8,8
0.0,3.1000001430511475,11.0,17,2021,8,8
0.3640349507331848,14.000000953674316,13.0,17,2021,8,8
0.0,0.0,25.0,17,2021,8,8
0.0,0.0,29.0,17,2021,8,8
0.0,0.0,30.0,17,2021,8,8
0.0,0.0,32.0,17,2021,8,8
0.0,0.0,37.0,17,2021,8,8
0.0,0.0,38.0,17,2021,8,8
0.0,4.600000858306885,39.0,17,2021,8,8
0.0,0.0,44.0,17,2021,8,8
0.0,21.899999618530277,5.0,18,2021,8,8
0.0872843414545059,0.0,9.0,18,2021,8,8
0.0,23.900001525878903,11.0,18,2021,8,8
0.0,8.199999809265137,13.0,18,2021,8,8
0.0,31.599992752075195,25.0,18,2021,8,8
0.0,45.09999847412109,29.0,18,2021,8,8
0.0,0.0,30.0,18,2021,8,8
0.0170716401189565,0.0,32.0,18,2021,8,8
0.0,0.0,37.0,18,2021,8,8
0.0,0.0,38.0,18,2021,8,8
0.0,0.0,39.0,18,2021,8,8
0.0,0.0,44.0,18,2021,8,8
0.0,0.0,5.0,19,2021,8,8
0.2893445491790771,0.0,9.0,19,2021,8,8
0.1806075721979141,0.0,11.0,19,2021,8,8
0.5677824020385742,0.0,13.0,19,2021,8,8
0.0715506076812744,0.0,25.0,19,2021,8,8
0.0804584696888923,0.0,29.0,19,2021,8,8
0.0,0.0,30.0,19,2021,8,8
0.0,0.0,32.0,19,2021,8,8
0.0,0.0,37.0,19,2021,8,8
0.0,3.799999952316284,38.0,19,2021,8,8
0.0,0.4000000953674316,39.0,19,2021,8,8
0.151875302195549,4.099999904632568,44.0,19,2021,8,8
0.0,0.0,5.0,20,2021,8,8
0.0,0.0,9.0,20,2021,8,8
0.0,0.0,11.0,20,2021,8,8
0.1730230450630188,0.0,13.0,20,2021,8,8
0.0,0.0,25.0,20,2021,8,8
0.0,0.0,29.0,20,2021,8,8
0.0,0.0,30.0,20,2021,8,8
0.0,0.0,32.0,20,2021,8,8
0.0,0.0,37.0,20,2021,8,8
0.0,2.8000001907348637,38.0,20,2021,8,8
0.0,6.500000476837158,39.0,20,2021,8,8
0.0,0.0,44.0,20,2021,8,8
0.0,11.399998664855955,5.0,7,2022,8,8
2.1249923706054688,0.2000000029802322,9.0,7,2022,8,8
1.7781901359558103,40.99999237060547,11.0,7,2022,8,8
3.150820732116699,1.999999761581421,13.0,7,2022,8,8
1.0536938905715942,18.0,25.0,7,2022,8,8
0.0250084027647972,12.90000057220459,29.0,7,2022,8,8
0.0,1.999999761581421,30.0,7,2022,8,8
0.0,0.0,32.0,7,2022,8,8
0.0,2.999999523162842,37.0,7,2022,8,8
0.0,7.0,38.0,7,2022,8,8
0.0,2.999999523162842,39.0,7,2022,8,8
0.3278740048408508,0.0,44.0,7,2022,8,8
0.0,0.0,5.0,8,2022,8,8
0.5788419246673584,0.0,9.0,8,2022,8,8
2.823002338409424,5.999999523162842,11.0,8,2022,8,8
4.391473770141602,8.0,13.0,8,2022,8,8
1.0719056129455566,8.09999942779541,25.0,8,2022,8,8
0.0460972040891647,13.000000953674316,29.0,8,2022,8,8
0.0,0.0,30.0,8,2022,8,8
0.0,0.0,32.0,8,2022,8,8
0.0,0.0,37.0,8,2022,8,8
0.0,7.0,38.0,8,2022,8,8
0.0,0.0,39.0,8,2022,8,8
0.2285352498292923,0.0,44.0,8,2022,8,8
0.0,0.3000000715255737,5.0,9,2022,8,8
1.3558125495910645,0.0,9.0,9,2022,8,8
1.376566767692566,0.0,11.0,9,2022,8,8
1.8919261693954468,0.5,13.0,9,2022,8,8
0.092543825507164,0.2000000029802322,25.0,9,2022,8,8
0.1537702083587646,0.0,29.0,9,2022,8,8
0.0,0.0,30.0,9,2022,8,8
0.0,0.0,32.0,9,2022,8,8
0.0,0.0,37.0,9,2022,8,8
0.0,0.0,38.0,9,2022,8,8
0.0,0.0,39.0,9,2022,8,8
0.0009240756044164,0.0,44.0,9,2022,8,8
0.0,0.9999998807907104,5.0,10,2022,8,8
0.6372556686401367,1.1000001430511477,9.0,10,2022,8,8
2.781588554382324,4.999999523162842,11.0,10,2022,8,8
2.146188497543335,13.699997901916504,13.0,10,2022,8,8
0.0,35.999996185302734,25.0,10,2022,8,8
0.1430822759866714,0.0,29.0,10,2022,8,8
0.0,0.0999999865889549,30.0,10,2022,8,8
0.0,0.6999999284744263,32.0,10,2022,8,8
0.0,41.99999237060547,37.0,10,2022,8,8
0.0,0.0,38.0,10,2022,8,8
0.0,0.0,39.0,10,2022,8,8
0.0284327082335948,1.999999761581421,44.0,10,2022,8,8
0.0,0.0,5.0,11,2022,8,8
0.4303031861782074,0.9999998807907104,9.0,11,2022,8,8
0.6202077269554138,7.0,11.0,11,2022,8,8
1.270711898803711,0.800000011920929,13.0,11,2022,8,8
0.2811890244483948,0.0,25.0,11,2022,8,8
0.1850554347038269,0.0,29.0,11,2022,8,8
0.0,21.000001907348636,30.0,11,2022,8,8
0.0,9.199999809265137,32.0,11,2022,8,8
0.0,5.999999523162842,37.0,11,2022,8,8
0.0,0.0,38.0,11,2022,8,8
0.0,9.0,39.0,11,2022,8,8
0.209468811750412,0.5,44.0,11,2022,8,8
0.0,9.0,5.0,12,2022,8,8
0.7372336983680725,7.0,9.0,12,2022,8,8
0.6583240032196045,11.0,11.0,12,2022,8,8
1.5148706436157229,14.000000953674316,13.0,12,2022,8,8
0.0,0.9999998807907104,25.0,12,2022,8,8
0.0,9.0,29.0,12,2022,8,8
0.003550101770088,0.0,30.0,12,2022,8,8
0.0421129241585731,1.999999761581421,32.0,12,2022,8,8
0.0,0.0,37.0,12,2022,8,8
0.0,5.999999523162842,38.0,12,2022,8,8
0.0,0.9999998807907104,39.0,12,2022,8,8
0.0120986895635724,0.9999998807907104,44.0,12,2022,8,8
0.0,30.99999237060547,5.0,13,2022,8,8
0.3504503667354584,10.000000953674316,9.0,13,2022,8,8
0.4289438724517822,4.0,11.0,13,2022,8,8
1.2143568992614746,18.0,13.0,13,2022,8,8
0.1623566150665283,68.0,25.0,13,2022,8,8
0.0,23.0,29.0,13,2022,8,8
0.0,34.000003814697266,30.0,13,2022,8,8
0.0,44.99999237060547,32.0,13,2022,8,8
0.0,13.000000953674316,37.0,13,2022,8,8
0.0,8.0,38.0,13,2022,8,8
0.0,58.00000381469727,39.0,13,2022,8,8
0.1434089541435241,56.0,44.0,13,2022,8,8
0.0,18.0,5.0,14,2022,8,8
1.7770488262176514,14.000000953674316,9.0,14,2022,8,8
0.8346489071846008,2.999999523162842,11.0,14,2022,8,8
2.4218666553497314,35.999996185302734,13.0,14,2022,8,8
0.4210970401763916,26.000001907348636,25.0,14,2022,8,8
0.0,4.999999523162842,29.0,14,2022,8,8
0.0,7.0,30.0,14,2022,8,8
0.0,27.999998092651367,32.0,14,2022,8,8
0.0,2.999999523162842,37.0,14,2022,8,8
0.0,21.000001907348636,38.0,14,2022,8,8
0.0,2.999999523162842,39.0,14,2022,8,8
0.5116298198699951,27.999998092651367,44.0,14,2022,8,8
0.0,17.0,5.0,15,2022,8,8
0.8297145366668701,0.0,9.0,15,2022,8,8
1.3835009336471558,0.9999998807907104,11.0,15,2022,8,8
2.309330463409424,6.100000381469727,13.0,15,2022,8,8
0.6051315069198608,17.0,25.0,15,2022,8,8
0.2455385029315948,12.000001907348633,29.0,15,2022,8,8
0.0,2.999999523162842,30.0,15,2022,8,8
0.0,0.0,32.0,15,2022,8,8
0.0,0.0,37.0,15,2022,8,8
0.0,0.0,38.0,15,2022,8,8
0.0,0.0,39.0,15,2022,8,8
0.2260380387306213,0.0,44.0,15,2022,8,8
0.0,0.0999999865889549,5.0,16,2022,8,8
0.8158659338951111,1.999999761581421,9.0,16,2022,8,8
1.4242066144943235,0.0,11.0,16,2022,8,8
2.3731689453125,0.5,13.0,16,2022,8,8
1.054634690284729,0.0,25.0,16,2022,8,8
0.4605411291122436,0.0,29.0,16,2022,8,8
0.0,15.500000953674316,30.0,16,2022,8,8
0.0,8.0,32.0,16,2022,8,8
0.0,0.0,37.0,16,2022,8,8
0.0,0.0,38.0,16,2022,8,8
0.0,0.0,39.0,16,2022,8,8
0.1618371903896331,0.2000000029802322,44.0,16,2022,8,8
0.0,0.9000000953674316,5.0,17,2022,8,8
0.7838300466537476,0.0,9.0,17,2022,8,8
0.9019779562950134,0.0999999865889549,11.0,17,2022,8,8
1.9002797603607176,0.5,13.0,17,2022,8,8
0.3968154191970825,18.0,25.0,17,2022,8,8
0.0055842963047325,0.0,29.0,17,2022,8,8
0.0,3.5000007152557373,30.0,17,2022,8,8
0.0,0.0999999865889549,32.0,17,2022,8,8
0.0,1.999999761581421,37.0,17,2022,8,8
0.0,0.9000000953674316,38.0,17,2022,8,8
0.0,2.999999523162842,39.0,17,2022,8,8
0.0,4.0,44.0,17,2022,8,8
0.0,17.0,5.0,18,2022,8,8
0.6951106786727905,3.6000003814697266,9.0,18,2022,8,8
1.0467277765274048,18.0,11.0,18,2022,8,8
2.310286521911621,2.999999523162842,13.0,18,2022,8,8
0.2866078019142151,35.0,25.0,18,2022,8,8
0.0,30.99999237060547,29.0,18,2022,8,8
0.0,41.70000457763672,30.0,18,2022,8,8
0.0,96.4000244140625,32.0,18,2022,8,8
0.0,67.0,37.0,18,2022,8,8
0.0,35.0,38.0,18,2022,8,8
0.0,77.99998474121094,39.0,18,2022,8,8
0.0,64.00001525878906,44.0,18,2022,8,8
0.0,23.0,5.0,19,2022,8,8
0.2918339073657989,15.200000762939451,9.0,19,2022,8,8
0.8018755316734314,18.0,11.0,19,2022,8,8
2.2309160232543945,102.0000457763672,13.0,19,2022,8,8
0.3826517164707184,24.89999771118164,25.0,19,2022,8,8
0.0,14.000000953674316,29.0,19,2022,8,8
0.0,25.500003814697266,30.0,19,2022,8,8
0.0,54.60000228881836,32.0,19,2022,8,8
0.0,27.999998092651367,37.0,19,2022,8,8
0.0,25.70000267028809,38.0,19,2022,8,8
0.0,35.0,39.0,19,2022,8,8
0.4477187395095825,4.999999523162842,44.0,19,2022,8,8
0.0,2.999999523162842,5.0,20,2022,8,8
0.7990424036979675,14.000000953674316,9.0,20,2022,8,8
1.0623716115951538,1.999999761581421,11.0,20,2022,8,8
0.8682770133018494,4.0,13.0,20,2022,8,8
0.0,0.0999999865889549,25.0,20,2022,8,8
0.1468919664621353,0.0,29.0,20,2022,8,8
0.0,13.000000953674316,30.0,20,2022,8,8
0.0,27.999998092651367,32.0,20,2022,8,8
0.0,8.0,37.0,20,2022,8,8
0.0,34.30000305175781,38.0,20,2022,8,8
0.0,2.999999523162842,39.0,20,2022,8,8
0.0,1.999999761581421,44.0,20,2022,8,8
0.0,26.000001907348636,5.0,7,2023,8,8
1.712848424911499,22.0,9.0,7,2023,8,8
1.6502989530563354,2.999999523162842,11.0,7,2023,8,8
5.456232070922852,10.000000953674316,13.0,7,2023,8,8
0.5234793424606323,29.10000228881836,25.0,7,2023,8,8
0.3641263544559479,12.000001907348633,29.0,7,2023,8,8
0.0,21.000001907348636,30.0,7,2023,8,8
0.0,0.5999999046325684,32.0,7,2023,8,8
0.0,17.0,37.0,7,2023,8,8
0.0,6.399999141693115,38.0,7,2023,8,8
0.0,18.0,39.0,7,2023,8,8
0.9675964117050172,35.0,44.0,7,2023,8,8
0.0,14.000000953674316,5.0,8,2023,8,8
1.1262383460998535,0.0999999865889549,9.0,8,2023,8,8
2.268197774887085,117.9999771118164,11.0,8,2023,8,8
3.474881887435913,65.99998474121094,13.0,8,2023,8,8
1.651637077331543,40.99999237060547,25.0,8,2023,8,8
0.0,0.800000011920929,29.0,8,2023,8,8
0.0,0.0,30.0,8,2023,8,8
0.0,0.9999998807907104,32.0,8,2023,8,8
0.0,16.0,37.0,8,2023,8,8
0.0,0.0999999865889549,38.0,8,2023,8,8
0.0,2.1000001430511475,39.0,8,2023,8,8
0.0997762531042099,9.0,44.0,8,2023,8,8
0.0,8.0,5.0,9,2023,8,8
1.6538777351379397,0.9000000953674316,9.0,9,2023,8,8
0.6973997354507446,7.0,11.0,9,2023,8,8
2.140359878540039,1.1000001430511477,13.0,9,2023,8,8
0.9671928882598876,4.0,25.0,9,2023,8,8
0.2635245323181152,12.200000762939451,29.0,9,2023,8,8
0.0,0.0999999865889549,30.0,9,2023,8,8
0.0,0.0,32.0,9,2023,8,8
0.0,0.0,37.0,9,2023,8,8
0.0,2.200000286102295,38.0,9,2023,8,8
0.0,0.0,39.0,9,2023,8,8
0.0,0.0,44.0,9,2023,8,8
0.0,0.0,5.0,10,2023,8,8
0.9750173091888428,13.000000953674316,9.0,10,2023,8,8
2.4256718158721924,9.100001335144045,11.0,10,2023,8,8
3.38687801361084,2.999999523162842,13.0,10,2023,8,8
0.8153138160705566,0.0,25.0,10,2023,8,8
0.487333208322525,0.0,29.0,10,2023,8,8
0.0,0.0,30.0,10,2023,8,8
0.0,0.0,32.0,10,2023,8,8
0.0,0.0,37.0,10,2023,8,8
0.0,0.0,38.0,10,2023,8,8
0.0,0.0,39.0,10,2023,8,8
1.3233522176742554,0.0,44.0,10,2023,8,8
0.0,0.0,5.0,11,2023,8,8
2.054036855697632,4.0,9.0,11,2023,8,8
1.5626487731933594,1.2999999523162842,11.0,11,2023,8,8
2.770704746246338,1.999999761581421,13.0,11,2023,8,8
1.0582444667816162,0.0,25.0,11,2023,8,8
1.1571948528289795,0.0,29.0,11,2023,8,8
0.0,0.0,30.0,11,2023,8,8
0.0,0.0,32.0,11,2023,8,8
0.0,0.0,37.0,11,2023,8,8
0.0,0.0,38.0,11,2023,8,8
0.0,0.0,39.0,11,2023,8,8
0.9299806356430054,0.0,44.0,11,2023,8,8
0.0,15.0,5.0,12,2023,8,8
0.3013453483581543,0.5999999046325684,9.0,12,2023,8,8
0.170306771993637,9.30000114440918,11.0,12,2023,8,8
0.8779814839363098,0.9999998807907104,13.0,12,2023,8,8
0.0,16.0,25.0,12,2023,8,8
0.0,8.0,29.0,12,2023,8,8
0.0,14.000000953674316,30.0,12,2023,8,8
0.0,22.0,32.0,12,2023,8,8
0.0,19.0,37.0,12,2023,8,8
0.0,24.000001907348636,38.0,12,2023,8,8
0.0,23.0,39.0,12,2023,8,8
0.0,0.0,44.0,12,2023,8,8
0.0,0.9999998807907104,5.0,13,2023,8,8
0.0208904705941677,14.499999046325684,9.0,13,2023,8,8
0.0,16.100004196166992,11.0,13,2023,8,8
0.8125500679016113,35.999996185302734,13.0,13,2023,8,8
0.049704436212778,1.3999998569488523,25.0,13,2023,8,8
0.0,0.9000000953674316,29.0,13,2023,8,8
0.0,13.000000953674316,30.0,13,2023,8,8
0.0,8.0,32.0,13,2023,8,8
0.0,5.999999523162842,37.0,13,2023,8,8
0.0,4.999999523162842,38.0,13,2023,8,8
0.0,2.999999523162842,39.0,13,2023,8,8
0.0,4.999999523162842,44.0,13,2023,8,8
0.0,0.0,5.0,14,2023,8,8
0.4425681829452514,33.0,9.0,14,2023,8,8
0.0,48.900001525878906,11.0,14,2023,8,8
1.0499411821365356,15.0,13.0,14,2023,8,8
0.0,0.0,25.0,14,2023,8,8
0.0,17.100004196166992,29.0,14,2023,8,8
0.0,0.2000000029802322,30.0,14,2023,8,8
0.0,0.0999999865889549,32.0,14,2023,8,8
0.0,0.0,37.0,14,2023,8,8
0.0,1.2999999523162842,38.0,14,2023,8,8
0.0,2.999999523162842,39.0,14,2023,8,8
0.0,27.000001907348636,44.0,14,2023,8,8
0.0,0.0,5.0,15,2023,8,8
0.229303628206253,9.0,9.0,15,2023,8,8
0.0,12.100000381469728,11.0,15,2023,8,8
0.110470250248909,10.000000953674316,13.0,15,2023,8,8
0.0,0.0,25.0,15,2023,8,8
0.0,0.0,29.0,15,2023,8,8
0.0598790422081947,0.0,30.0,15,2023,8,8
0.0,0.0999999865889549,32.0,15,2023,8,8
0.0,0.0,37.0,15,2023,8,8
0.0,4.700000286102295,38.0,15,2023,8,8
0.0,2.999999523162842,39.0,15,2023,8,8
0.0,0.0,44.0,15,2023,8,8
0.0,10.000000953674316,5.0,16,2023,8,8
0.037371952086687,22.0,9.0,16,2023,8,8
0.031135469675064,1.2999999523162842,11.0,16,2023,8,8
0.2131779789924621,1.1999998092651367,13.0,16,2023,8,8
0.0,2.999999523162842,25.0,16,2023,8,8
0.0,3.90000057220459,29.0,16,2023,8,8
0.0,2.999999523162842,30.0,16,2023,8,8
0.0,0.0,32.0,16,2023,8,8
0.0,0.6999999284744263,37.0,16,2023,8,8
0.0,0.0,38.0,16,2023,8,8
0.0,0.0,39.0,16,2023,8,8
0.0,0.0,44.0,16,2023,8,8
0.0,9.0,5.0,17,2023,8,8
0.1830343306064605,37.0,9.0,17,2023,8,8
0.2442654818296432,62.69998550415039,11.0,17,2023,8,8
0.468740850687027,25.799999237060547,13.0,17,2023,8,8
0.2120885848999023,5.999999523162842,25.0,17,2023,8,8
0.0,1.1000001430511477,29.0,17,2023,8,8
0.0,41.99999237060547,30.0,17,2023,8,8
0.0,27.999998092651367,32.0,17,2023,8,8
0.0,29.30000305175781,37.0,17,2023,8,8
0.0,26.000001907348636,38.0,17,2023,8,8
0.0,4.0,39.0,17,2023,8,8
0.0,1.1000001430511477,44.0,17,2023,8,8
0.0,40.99999237060547,5.0,18,2023,8,8
1.5125768184661863,4.999999523162842,9.0,18,2023,8,8
3.494835615158081,41.99999237060547,11.0,18,2023,8,8
4.368294715881348,0.2000000029802322,13.0,18,2023,8,8
1.1718608140945437,12.000001907348633,25.0,18,2023,8,8
0.0,0.9999998807907104,29.0,18,2023,8,8
0.0,1.999999761581421,30.0,18,2023,8,8
0.0,11.0,32.0,18,2023,8,8
0.0,4.0,37.0,18,2023,8,8
0.0,8.0,38.0,18,2023,8,8
0.0,2.999999523162842,39.0,18,2023,8,8
0.4611497223377228,2.999999523162842,44.0,18,2023,8,8
0.0,0.0999999865889549,5.0,19,2023,8,8
0.8456774950027466,2.500000238418579,9.0,19,2023,8,8
1.2249648571014404,4.300000190734863,11.0,19,2023,8,8
2.4954652786254883,48.80000305175781,13.0,19,2023,8,8
0.3366452753543854,0.0,25.0,19,2023,8,8
0.0,2.999999523162842,29.0,19,2023,8,8
0.0,0.0,30.0,19,2023,8,8
0.0,0.0,32.0,19,2023,8,8
0.0,14.000000953674316,37.0,19,2023,8,8
0.0,10.000000953674316,38.0,19,2023,8,8
0.0,0.0,39.0,19,2023,8,8
0.3163998425006866,0.0,44.0,19,2023,8,8
0.0,1.7000000476837158,5.0,20,2023,8,8
0.4979970753192901,29.4999942779541,9.0,20,2023,8,8
0.0,17.30000114440918,11.0,20,2023,8,8
0.4086948037147522,23.0,13.0,20,2023,8,8
0.0,2.999999523162842,25.0,20,2023,8,8
0.0,1.999999761581421,29.0,20,2023,8,8
0.0,4.999999523162842,30.0,20,2023,8,8
0.0,4.999999523162842,32.0,20,2023,8,8
0.0,37.0,37.0,20,2023,8,8
0.0,0.0,38.0,20,2023,8,8
0.0,33.0,39.0,20,2023,8,8
0.0,19.0,44.0,20,2023,8,8
0.0,1.2999999523162842,5.0,7,2020,8,12
1.8069210052490237,25.799999237060547,9.0,7,2020,8,12
1.9998373985290527,0.0,11.0,7,2020,8,12
7.006672859191895,8.80000114440918,13.0,7,2020,8,12
1.750910758972168,13.699997901916504,25.0,7,2020,8,12
0.6549275517463684,43.09999465942383,29.0,7,2020,8,12
0.0,15.600000381469728,30.0,7,2020,8,12
0.0,40.0,32.0,7,2020,8,12
0.0,14.60000228881836,37.0,7,2020,8,12
0.1172211766242981,1.999999761581421,38.0,7,2020,8,12
0.0,4.300000190734863,39.0,7,2020,8,12
1.65690279006958,7.0,44.0,7,2020,8,12
0.0,0.0,5.0,8,2020,8,12
1.1643030643463137,14.499999046325684,9.0,8,2020,8,12
1.093450903892517,0.0,11.0,8,2020,8,12
3.33351731300354,10.5,13.0,8,2020,8,12
0.4346251785755157,0.0,25.0,8,2020,8,12
0.109640747308731,21.799999237060547,29.0,8,2020,8,12
0.0,16.80000114440918,30.0,8,2020,8,12
0.0089213838800787,0.0,32.0,8,2020,8,12
0.0,0.0,37.0,8,2020,8,12
0.0,25.799999237060547,38.0,8,2020,8,12
0.0,0.0,39.0,8,2020,8,12
0.4309390187263489,0.0,44.0,8,2020,8,12
0.0,0.0,5.0,9,2020,8,12
0.995660364627838,2.8000001907348637,9.0,9,2020,8,12
0.2794305682182312,0.0,11.0,9,2020,8,12
1.4924359321594238,4.800000190734863,13.0,9,2020,8,12
0.1338082700967788,0.0,25.0,9,2020,8,12
0.4641883373260498,4.999999523162842,29.0,9,2020,8,12
0.0,0.9000000953674316,30.0,9,2020,8,12
0.0,0.0,32.0,9,2020,8,12
0.0,0.0,37.0,9,2020,8,12
0.0,1.3999998569488523,38.0,9,2020,8,12
0.0,0.0,39.0,9,2020,8,12
0.0510375127196311,0.0,44.0,9,2020,8,12
0.0,0.0,5.0,10,2020,8,12
0.1498177349567413,14.300000190734863,9.0,10,2020,8,12
1.43870210647583,0.0,11.0,10,2020,8,12
2.225642204284668,0.0,13.0,10,2020,8,12
0.2753370106220245,0.0,25.0,10,2020,8,12
0.0,0.0,29.0,10,2020,8,12
0.0,0.0,30.0,10,2020,8,12
0.0,0.0,32.0,10,2020,8,12
0.0,0.0,37.0,10,2020,8,12
0.0,0.0,38.0,10,2020,8,12
0.0,0.0,39.0,10,2020,8,12
0.07075085490942,0.0,44.0,10,2020,8,12
0.0,0.0,5.0,11,2020,8,12
0.3092401325702667,0.0,9.0,11,2020,8,12
0.6220017671585083,7.700001239776611,11.0,11,2020,8,12
1.1258001327514648,0.0,13.0,11,2020,8,12
0.0,4.999999523162842,25.0,11,2020,8,12
0.0,0.0,29.0,11,2020,8,12
0.0,0.0,30.0,11,2020,8,12
0.0,0.0,32.0,11,2020,8,12
0.0,0.0,37.0,11,2020,8,12
0.0,3.200000286102295,38.0,11,2020,8,12
0.0,0.0,39.0,11,2020,8,12
0.0,0.0,44.0,11,2020,8,12
0.0,0.0,5.0,12,2020,8,12
0.9498687982559204,0.0,9.0,12,2020,8,12
1.230689525604248,8.299999237060547,11.0,12,2020,8,12
1.6239216327667236,2.1000001430511475,13.0,12,2020,8,12
0.0,9.700000762939451,25.0,12,2020,8,12
0.0855047926306724,20.400001525878903,29.0,12,2020,8,12
0.0322599373757839,22.79999542236328,30.0,12,2020,8,12
0.0,14.39999771118164,32.0,12,2020,8,12
0.0,0.0,37.0,12,2020,8,12
0.0,0.0,38.0,12,2020,8,12
0.0,0.0999999865889549,39.0,12,2020,8,12
0.0292789377272129,0.0,44.0,12,2020,8,12
0.0,0.0,5.0,13,2020,8,12
0.3659805059432983,31.300004959106445,9.0,13,2020,8,12
1.095207929611206,0.0,11.0,13,2020,8,12
2.799464225769043,77.9000015258789,13.0,13,2020,8,12
0.3452881574630737,4.999999523162842,25.0,13,2020,8,12
0.1107907742261886,14.39999771118164,29.0,13,2020,8,12
0.0,0.0,30.0,13,2020,8,12
0.0,0.0,32.0,13,2020,8,12
0.0,7.700001239776611,37.0,13,2020,8,12
0.0,0.0,38.0,13,2020,8,12
0.0,8.0,39.0,13,2020,8,12
0.1021253392100334,0.0999999865889549,44.0,13,2020,8,12
0.0,0.0,5.0,14,2020,8,12
1.953676700592041,0.0,9.0,14,2020,8,12
3.5426979064941406,0.0,11.0,14,2020,8,12
4.20700216293335,0.0,13.0,14,2020,8,12
0.8636068105697632,0.0,25.0,14,2020,8,12
0.4565203487873077,0.0,29.0,14,2020,8,12
0.0,0.0,30.0,14,2020,8,12
0.0,0.0,32.0,14,2020,8,12
0.0,0.0,37.0,14,2020,8,12
0.0,0.0,38.0,14,2020,8,12
0.0,0.0,39.0,14,2020,8,12
1.0391205549240112,0.0,44.0,14,2020,8,12
0.0,0.0,5.0,15,2020,8,12
1.3659156560897827,0.0,9.0,15,2020,8,12
3.5828278064727783,0.0,11.0,15,2020,8,12
7.116571426391602,0.0,13.0,15,2020,8,12
0.9741666316986084,0.0,25.0,15,2020,8,12
0.901153326034546,0.0,29.0,15,2020,8,12
0.407201200723648,0.0,30.0,15,2020,8,12
0.0,0.0,32.0,15,2020,8,12
0.0,0.0,37.0,15,2020,8,12
0.0,0.0,38.0,15,2020,8,12
0.0,0.0,39.0,15,2020,8,12
1.0133562088012695,0.0,44.0,15,2020,8,12
0.0,0.0,5.0,16,2020,8,12
2.672493696212769,0.0,9.0,16,2020,8,12
2.4640331268310547,0.0,11.0,16,2020,8,12
3.704355716705322,0.0,13.0,16,2020,8,12
0.9803705811500548,0.0,25.0,16,2020,8,12
1.701061487197876,0.0,29.0,16,2020,8,12
0.0,0.0,30.0,16,2020,8,12
0.0,0.0,32.0,16,2020,8,12
0.0,0.0,37.0,16,2020,8,12
0.0,0.0,38.0,16,2020,8,12
0.0,0.0,39.0,16,2020,8,12
0.8236043453216553,0.0,44.0,16,2020,8,12
0.0,0.0,5.0,17,2020,8,12
1.1584608554840088,0.0,9.0,17,2020,8,12
0.6497884392738342,0.0,11.0,17,2020,8,12
1.437089920043945,0.0,13.0,17,2020,8,12
0.0,0.0,25.0,17,2020,8,12
0.0473574958741664,0.0,29.0,17,2020,8,12
0.0,0.0,30.0,17,2020,8,12
0.0,0.0,32.0,17,2020,8,12
0.0,0.0,37.0,17,2020,8,12
0.0,0.0,38.0,17,2020,8,12
0.0,0.0,39.0,17,2020,8,12
0.0,0.0,44.0,17,2020,8,12
0.0,0.0,5.0,18,2020,8,12
0.8060330748558044,16.899999618530273,9.0,18,2020,8,12
0.1888866275548935,0.0,11.0,18,2020,8,12
0.1695915460586547,25.200000762939453,13.0,18,2020,8,12
0.0,0.0,25.0,18,2020,8,12
0.0,0.0,29.0,18,2020,8,12
0.0,0.0,30.0,18,2020,8,12
0.0,0.0,32.0,18,2020,8,12
0.0,0.0,37.0,18,2020,8,12
0.0,0.0,38.0,18,2020,8,12
0.0,0.0,39.0,18,2020,8,12
0.0,0.0,44.0,18,2020,8,12
0.0,10.80000114440918,5.0,19,2020,8,12
0.1838401108980178,40.99999237060547,9.0,19,2020,8,12
0.0,0.0,11.0,19,2020,8,12
0.1581473350524902,12.200000762939451,13.0,19,2020,8,12
0.0334313623607158,36.89999008178711,25.0,19,2020,8,12
0.0,2.299999713897705,29.0,19,2020,8,12
0.0,0.0,30.0,19,2020,8,12
0.0,0.0,32.0,19,2020,8,12
0.0,0.0,37.0,19,2020,8,12
0.0,0.0,38.0,19,2020,8,12
0.0,0.0,39.0,19,2020,8,12
0.0,0.0,44.0,19,2020,8,12
0.0,0.0,5.0,20,2020,8,12
0.0416429564356803,0.0,9.0,20,2020,8,12
0.0,0.0,11.0,20,2020,8,12
0.0,0.0,13.0,20,2020,8,12
0.0,0.0,25.0,20,2020,8,12
0.0,0.0,29.0,20,2020,8,12
0.0,0.0,30.0,20,2020,8,12
0.0,0.0,32.0,20,2020,8,12
0.0,0.0,37.0,20,2020,8,12
0.0,0.0,38.0,20,2020,8,12
0.0,0.0,39.0,20,2020,8,12
0.0,0.0,44.0,20,2020,8,12
0.0,0.0,5.0,7,2021,8,12
1.594357132911682,14.39999771118164,9.0,7,2021,8,12
3.236257791519165,26.19999885559082,11.0,7,2021,8,12
5.99226188659668,37.900001525878906,13.0,7,2021,8,12
1.8342453241348269,4.399999618530273,25.0,7,2021,8,12
0.8854583501815796,9.30000114440918,29.0,7,2021,8,12
0.0,0.0,30.0,7,2021,8,12
0.0,0.0,32.0,7,2021,8,12
0.0,0.0,37.0,7,2021,8,12
0.0,0.0,38.0,7,2021,8,12
0.0,0.0,39.0,7,2021,8,12
0.6085676550865173,4.300000190734863,44.0,7,2021,8,12
0.0,0.0,5.0,8,2021,8,12
2.3214566707611084,0.0,9.0,8,2021,8,12
4.728743553161621,0.0,11.0,8,2021,8,12
3.902152299880981,0.0,13.0,8,2021,8,12
1.7306513786315918,0.0,25.0,8,2021,8,12
0.6068524122238159,0.0,29.0,8,2021,8,12
0.1519229859113693,0.9999998807907104,30.0,8,2021,8,12
0.0,0.0,32.0,8,2021,8,12
0.0,8.299999237060547,37.0,8,2021,8,12
0.0,0.6999999284744263,38.0,8,2021,8,12
0.0,0.0,39.0,8,2021,8,12
1.4803738594055176,0.0,44.0,8,2021,8,12
0.0,0.0,5.0,9,2021,8,12
2.0407886505126958,0.0,9.0,9,2021,8,12
2.217299222946167,0.0,11.0,9,2021,8,12
3.6845602989196777,0.0,13.0,9,2021,8,12
1.629349946975708,0.0,25.0,9,2021,8,12
0.7784037590026855,0.0,29.0,9,2021,8,12
0.1428987234830856,0.0,30.0,9,2021,8,12
0.0,0.0,32.0,9,2021,8,12
0.0,0.0,37.0,9,2021,8,12
0.1253299415111541,0.0,38.0,9,2021,8,12
0.0,0.0,39.0,9,2021,8,12
1.67763352394104,0.0,44.0,9,2021,8,12
0.0,0.0,5.0,10,2021,8,12
1.4430049657821655,0.0,9.0,10,2021,8,12
2.816558361053467,5.1999993324279785,11.0,10,2021,8,12
4.212612628936768,1.3999998569488523,13.0,10,2021,8,12
1.0936189889907837,0.0,25.0,10,2021,8,12
1.6058471202850342,0.0,29.0,10,2021,8,12
0.1913341581821441,0.0,30.0,10,2021,8,12
0.0,0.0,32.0,10,2021,8,12
0.0,0.0,37.0,10,2021,8,12
0.0,0.0,38.0,10,2021,8,12
0.0,0.0,39.0,10,2021,8,12
1.2694308757781982,0.0,44.0,10,2021,8,12
0.0,0.0,5.0,11,2021,8,12
2.55397367477417,17.500001907348633,9.0,11,2021,8,12
1.4783565998077393,0.9999998807907104,11.0,11,2021,8,12
4.770167827606201,0.800000011920929,13.0,11,2021,8,12
1.3326655626296997,0.0,25.0,11,2021,8,12
0.7915135025978088,0.0,29.0,11,2021,8,12
0.0,0.0,30.0,11,2021,8,12
0.0,0.0,32.0,11,2021,8,12
0.0,0.0,37.0,11,2021,8,12
0.0,0.0,38.0,11,2021,8,12
0.0,0.0,39.0,11,2021,8,12
0.617218017578125,0.0,44.0,11,2021,8,12
0.0,0.0,5.0,12,2021,8,12
2.333337783813477,38.70000076293945,9.0,12,2021,8,12
1.4812936782836914,34.400001525878906,11.0,12,2021,8,12
7.116074085235596,55.39997863769531,13.0,12,2021,8,12
1.532952070236206,24.999998092651367,25.0,12,2021,8,12
0.3504085540771484,0.0,29.0,12,2021,8,12
0.1658004075288772,0.0,30.0,12,2021,8,12
0.0,0.0,32.0,12,2021,8,12
0.0,0.0,37.0,12,2021,8,12
0.0,0.0,38.0,12,2021,8,12
0.0,0.0,39.0,12,2021,8,12
0.4194480180740356,1.600000023841858,44.0,12,2021,8,12
0.0,0.0,5.0,13,2021,8,12
0.8227629065513611,0.3000000715255737,9.0,13,2021,8,12
2.589369773864746,3.1000001430511475,11.0,13,2021,8,12
3.3424439430236816,14.000000953674316,13.0,13,2021,8,12
0.6215265989303589,0.0,25.0,13,2021,8,12
0.143732488155365,0.0,29.0,13,2021,8,12
0.0,0.0,30.0,13,2021,8,12
0.0,0.0,32.0,13,2021,8,12
0.0,0.0,37.0,13,2021,8,12
0.0,0.0,38.0,13,2021,8,12
0.0,4.600000858306885,39.0,13,2021,8,12
0.4556513428688049,0.0,44.0,13,2021,8,12
0.0,21.899999618530277,5.0,14,2021,8,12
0.7222417593002319,0.0,9.0,14,2021,8,12
1.7356960773468018,23.900001525878903,11.0,14,2021,8,12
2.4321861267089844,8.199999809265137,13.0,14,2021,8,12
0.0,31.599992752075195,25.0,14,2021,8,12
0.0910384282469749,45.09999847412109,29.0,14,2021,8,12
0.0,0.0,30.0,14,2021,8,12
0.0,0.0,32.0,14,2021,8,12
0.0,0.0,37.0,14,2021,8,12
0.0,0.0,38.0,14,2021,8,12
0.0,0.0,39.0,14,2021,8,12
0.3478514552116394,0.0,44.0,14,2021,8,12
0.0,0.0,5.0,15,2021,8,12
1.5574560165405271,0.0,9.0,15,2021,8,12
1.1725976467132568,0.0,11.0,15,2021,8,12
1.0496833324432373,0.0,13.0,15,2021,8,12
0.1091410219669342,0.0,25.0,15,2021,8,12
0.0,0.0,29.0,15,2021,8,12
0.0223646834492683,0.0,30.0,15,2021,8,12
0.1382769644260406,0.0,32.0,15,2021,8,12
0.0,0.0,37.0,15,2021,8,12
0.0,3.799999952316284,38.0,15,2021,8,12
0.0,0.4000000953674316,39.0,15,2021,8,12
0.5321099162101746,4.099999904632568,44.0,15,2021,8,12
0.0,0.0,5.0,16,2021,8,12
1.5998401641845703,0.0,9.0,16,2021,8,12
1.2943499088287354,0.0,11.0,16,2021,8,12
2.4365272521972656,0.0,13.0,16,2021,8,12
0.8438838124275208,0.0,25.0,16,2021,8,12
0.6277369260787964,0.0,29.0,16,2021,8,12
0.0,0.0,30.0,16,2021,8,12
0.0,0.0,32.0,16,2021,8,12
0.0,0.0,37.0,16,2021,8,12
0.0,2.8000001907348637,38.0,16,2021,8,12
0.0,6.500000476837158,39.0,16,2021,8,12
0.7768241763114929,0.0,44.0,16,2021,8,12
0.0,0.0,5.0,17,2021,8,12
0.3348824381828308,0.0,9.0,17,2021,8,12
0.0,0.0,11.0,17,2021,8,12
0.7162024974822998,0.0,13.0,17,2021,8,12
0.0,0.0,25.0,17,2021,8,12
0.0,0.0,29.0,17,2021,8,12
0.0,0.0,30.0,17,2021,8,12
0.0,0.0,32.0,17,2021,8,12
0.0,0.0,37.0,17,2021,8,12
0.0,0.0,38.0,17,2021,8,12
0.0,0.0,39.0,17,2021,8,12
0.0,0.0,44.0,17,2021,8,12
0.0,0.0,5.0,18,2021,8,12
0.4260063767433166,0.0,9.0,18,2021,8,12
0.0,0.0,11.0,18,2021,8,12
1.0346920490264893,0.0,13.0,18,2021,8,12
0.0,0.0,25.0,18,2021,8,12
0.0,0.0,29.0,18,2021,8,12
0.0,0.0,30.0,18,2021,8,12
0.0,0.0,32.0,18,2021,8,12
0.0,0.0,37.0,18,2021,8,12
0.0,0.0,38.0,18,2021,8,12
0.0,0.0,39.0,18,2021,8,12
0.0,0.0,44.0,18,2021,8,12
0.0,0.0,5.0,19,2021,8,12
0.284566193819046,0.0,9.0,19,2021,8,12
0.158565491437912,0.0,11.0,19,2021,8,12
0.3768541216850281,0.0,13.0,19,2021,8,12
0.0,0.0,25.0,19,2021,8,12
0.0,0.0,29.0,19,2021,8,12
0.0,0.0,30.0,19,2021,8,12
0.0,0.0,32.0,19,2021,8,12
0.0,0.0,37.0,19,2021,8,12
0.0,0.0,38.0,19,2021,8,12
0.0,0.0,39.0,19,2021,8,12
0.0,0.0,44.0,19,2021,8,12
0.0,0.0,5.0,20,2021,8,12
0.2247442901134491,0.0,9.0,20,2021,8,12
0.0,3.6999998092651367,11.0,20,2021,8,12
0.6245263814926147,39.900001525878906,13.0,20,2021,8,12
0.0,0.0,25.0,20,2021,8,12
0.0,0.0,29.0,20,2021,8,12
0.0,0.0,30.0,20,2021,8,12
0.0,0.0,32.0,20,2021,8,12
0.0,0.0,37.0,20,2021,8,12
0.0,0.0,38.0,20,2021,8,12
0.0,0.0,39.0,20,2021,8,12
0.0,0.0,44.0,20,2021,8,12
0.0,0.0,5.0,7,2022,8,12
0.7431893348693848,0.9999998807907104,9.0,7,2022,8,12
3.1475987434387207,7.0,11.0,7,2022,8,12
1.9339009523391724,0.800000011920929,13.0,7,2022,8,12
0.2491683363914489,0.0,25.0,7,2022,8,12
0.0163099747151136,0.0,29.0,7,2022,8,12
0.0,21.000001907348636,30.0,7,2022,8,12
0.0,9.199999809265137,32.0,7,2022,8,12
0.0,5.999999523162842,37.0,7,2022,8,12
0.0,0.0,38.0,7,2022,8,12
0.0,9.0,39.0,7,2022,8,12
0.0453580804169178,0.5,44.0,7,2022,8,12
0.0,9.0,5.0,8,2022,8,12
1.1587406396865845,7.0,9.0,8,2022,8,12
1.080935835838318,11.0,11.0,8,2022,8,12
2.309608459472656,14.000000953674316,13.0,8,2022,8,12
0.2915497124195099,0.9999998807907104,25.0,8,2022,8,12
0.0,9.0,29.0,8,2022,8,12
0.0,0.0,30.0,8,2022,8,12
0.0,1.999999761581421,32.0,8,2022,8,12
0.0,0.0,37.0,8,2022,8,12
0.0,5.999999523162842,38.0,8,2022,8,12
0.0,0.9999998807907104,39.0,8,2022,8,12
0.0004859662149101,0.9999998807907104,44.0,8,2022,8,12
0.0,30.99999237060547,5.0,9,2022,8,12
0.6698031425476074,10.000000953674316,9.0,9,2022,8,12
1.3091758489608765,4.0,11.0,9,2022,8,12
2.4151527881622314,18.0,13.0,9,2022,8,12
0.1873967200517654,68.0,25.0,9,2022,8,12
0.0,23.0,29.0,9,2022,8,12
0.0,34.000003814697266,30.0,9,2022,8,12
0.0,44.99999237060547,32.0,9,2022,8,12
0.0,13.000000953674316,37.0,9,2022,8,12
0.0,8.0,38.0,9,2022,8,12
0.0,58.00000381469727,39.0,9,2022,8,12
0.0,56.0,44.0,9,2022,8,12
0.0,18.0,5.0,10,2022,8,12
0.3568344712257385,14.000000953674316,9.0,10,2022,8,12
1.4065529108047483,2.999999523162842,11.0,10,2022,8,12
1.804804801940918,35.999996185302734,13.0,10,2022,8,12
0.0398010350763797,26.000001907348636,25.0,10,2022,8,12
0.1423670649528503,4.999999523162842,29.0,10,2022,8,12
0.0,7.0,30.0,10,2022,8,12
0.0,27.999998092651367,32.0,10,2022,8,12
0.0,2.999999523162842,37.0,10,2022,8,12
0.0,21.000001907348636,38.0,10,2022,8,12
0.0,2.999999523162842,39.0,10,2022,8,12
0.3205767571926117,27.999998092651367,44.0,10,2022,8,12
0.0,17.0,5.0,11,2022,8,12
0.2970357239246368,0.0,9.0,11,2022,8,12
0.0325983613729476,0.9999998807907104,11.0,11,2022,8,12
1.4916529655456543,6.100000381469727,13.0,11,2022,8,12
0.5321379899978638,17.0,25.0,11,2022,8,12
0.0,12.000001907348633,29.0,11,2022,8,12
0.0,2.999999523162842,30.0,11,2022,8,12
0.0,0.0,32.0,11,2022,8,12
0.0,0.0,37.0,11,2022,8,12
0.0,0.0,38.0,11,2022,8,12
0.0,0.0,39.0,11,2022,8,12
0.2111475765705108,0.0,44.0,11,2022,8,12
0.0,0.0999999865889549,5.0,12,2022,8,12
0.0,1.999999761581421,9.0,12,2022,8,12
0.2905245721340179,0.0,11.0,12,2022,8,12
1.0479011535644531,0.5,13.0,12,2022,8,12
0.3669307827949524,0.0,25.0,12,2022,8,12
0.0,0.0,29.0,12,2022,8,12
0.0,15.500000953674316,30.0,12,2022,8,12
0.0,8.0,32.0,12,2022,8,12
0.0,0.0,37.0,12,2022,8,12
0.0,0.0,38.0,12,2022,8,12
0.0,0.0,39.0,12,2022,8,12
0.0,0.2000000029802322,44.0,12,2022,8,12
0.0,0.9000000953674316,5.0,13,2022,8,12
0.0092001594603061,0.0,9.0,13,2022,8,12
0.276874303817749,0.0999999865889549,11.0,13,2022,8,12
0.832025945186615,0.5,13.0,13,2022,8,12
0.0,18.0,25.0,13,2022,8,12
0.0,0.0,29.0,13,2022,8,12
0.0,3.5000007152557373,30.0,13,2022,8,12
0.0,0.0999999865889549,32.0,13,2022,8,12
0.0,1.999999761581421,37.0,13,2022,8,12
0.0,0.9000000953674316,38.0,13,2022,8,12
0.0,2.999999523162842,39.0,13,2022,8,12
0.0,4.0,44.0,13,2022,8,12
0.0,17.0,5.0,14,2022,8,12
0.2980516850948334,3.6000003814697266,9.0,14,2022,8,12
0.437126100063324,18.0,11.0,14,2022,8,12
1.359491944313049,2.999999523162842,13.0,14,2022,8,12
0.0,35.0,25.0,14,2022,8,12
0.0,30.99999237060547,29.0,14,2022,8,12
0.0,41.70000457763672,30.0,14,2022,8,12
0.0,96.4000244140625,32.0,14,2022,8,12
0.0,67.0,37.0,14,2022,8,12
0.0,35.0,38.0,14,2022,8,12
0.0,77.99998474121094,39.0,14,2022,8,12
0.0,64.00001525878906,44.0,14,2022,8,12
0.0,23.0,5.0,15,2022,8,12
0.1773652732372284,15.200000762939451,9.0,15,2022,8,12
0.7723304033279419,18.0,11.0,15,2022,8,12
0.887123703956604,102.0000457763672,13.0,15,2022,8,12
0.0,24.89999771118164,25.0,15,2022,8,12
0.0,14.000000953674316,29.0,15,2022,8,12
0.0,25.500003814697266,30.0,15,2022,8,12
0.0,54.60000228881836,32.0,15,2022,8,12
0.0,27.999998092651367,37.0,15,2022,8,12
0.0,25.70000267028809,38.0,15,2022,8,12
0.0,35.0,39.0,15,2022,8,12
0.0965739414095878,4.999999523162842,44.0,15,2022,8,12
0.0,2.999999523162842,5.0,16,2022,8,12
0.6628450155258179,14.000000953674316,9.0,16,2022,8,12
0.4808237254619598,1.999999761581421,11.0,16,2022,8,12
1.4549583196640017,4.0,13.0,16,2022,8,12
0.9386698603630066,0.0999999865889549,25.0,16,2022,8,12
0.1390252411365509,0.0,29.0,16,2022,8,12
0.0,13.000000953674316,30.0,16,2022,8,12
0.0,27.999998092651367,32.0,16,2022,8,12
0.0,8.0,37.0,16,2022,8,12
0.0,34.30000305175781,38.0,16,2022,8,12
0.0,2.999999523162842,39.0,16,2022,8,12
0.0032234145328402,1.999999761581421,44.0,16,2022,8,12
0.0,0.0,5.0,17,2022,8,12
1.155129075050354,8.0,9.0,17,2022,8,12
0.3889333605766296,0.0,11.0,17,2022,8,12
2.2520523071289062,4.0,13.0,17,2022,8,12
0.2001678496599197,0.0,25.0,17,2022,8,12
0.0,0.0,29.0,17,2022,8,12
0.0,0.0,30.0,17,2022,8,12
0.0,0.0,32.0,17,2022,8,12
0.0,0.0,37.0,17,2022,8,12
0.0,0.0,38.0,17,2022,8,12
0.0,0.0,39.0,17,2022,8,12
0.1300205886363983,0.0,44.0,17,2022,8,12
0.0,0.0,5.0,18,2022,8,12
0.4926398396492004,58.00000381469727,9.0,18,2022,8,12
1.975602626800537,0.0,11.0,18,2022,8,12
4.0339460372924805,0.0,13.0,18,2022,8,12
0.5556747913360596,10.30000114440918,25.0,18,2022,8,12
0.0,11.0,29.0,18,2022,8,12
0.0,0.0,30.0,18,2022,8,12
0.0,0.0,32.0,18,2022,8,12
0.0,0.0,37.0,18,2022,8,12
0.0,0.0,38.0,18,2022,8,12
0.0,0.0,39.0,18,2022,8,12
0.130131334066391,0.0,44.0,18,2022,8,12
0.0,0.0,5.0,19,2022,8,12
0.9394335746765136,0.0,9.0,19,2022,8,12
1.9761642217636108,14.000000953674316,11.0,19,2022,8,12
3.681695938110352,1.999999761581421,13.0,19,2022,8,12
0.2024930268526077,0.0,25.0,19,2022,8,12
0.2070099711418151,0.0,29.0,19,2022,8,12
0.0,0.0,30.0,19,2022,8,12
0.0,0.0,32.0,19,2022,8,12
0.0,0.5,37.0,19,2022,8,12
0.0,0.0,38.0,19,2022,8,12
0.0,0.0,39.0,19,2022,8,12
1.105421543121338,0.0,44.0,19,2022,8,12
0.0,0.0,5.0,20,2022,8,12
0.5551079511642456,29.000001907348636,9.0,20,2022,8,12
1.36755108833313,40.99999237060547,11.0,20,2022,8,12
2.192332029342652,27.999998092651367,13.0,20,2022,8,12
0.1859072148799896,1.999999761581421,25.0,20,2022,8,12
0.0,0.0,29.0,20,2022,8,12
0.0,0.5,30.0,20,2022,8,12
0.0,7.5,32.0,20,2022,8,12
0.0,12.000001907348633,37.0,20,2022,8,12
0.0,1.999999761581421,38.0,20,2022,8,12
0.0,0.0,39.0,20,2022,8,12
0.9760458469390868,0.0999999865889549,44.0,20,2022,8,12
0.0,0.0,5.0,7,2023,8,12
1.2618975639343262,4.0,9.0,7,2023,8,12
2.2724826335906982,1.2999999523162842,11.0,7,2023,8,12
3.152817964553833,1.999999761581421,13.0,7,2023,8,12
1.348851203918457,0.0,25.0,7,2023,8,12
0.5499529838562012,0.0,29.0,7,2023,8,12
0.0,0.0,30.0,7,2023,8,12
0.0,0.0,32.0,7,2023,8,12
0.0,0.0,37.0,7,2023,8,12
0.0,0.0,38.0,7,2023,8,12
0.0,0.0,39.0,7,2023,8,12
1.233290195465088,0.0,44.0,7,2023,8,12
0.0,15.0,5.0,8,2023,8,12
0.351406067609787,0.5999999046325684,9.0,8,2023,8,12
1.7760316133499146,9.30000114440918,11.0,8,2023,8,12
2.374953031539917,0.9999998807907104,13.0,8,2023,8,12
0.2529624104499817,16.0,25.0,8,2023,8,12
0.1265243738889694,8.0,29.0,8,2023,8,12
0.0,14.000000953674316,30.0,8,2023,8,12
0.0062164138071238,22.0,32.0,8,2023,8,12
0.0,19.0,37.0,8,2023,8,12
0.0,24.000001907348636,38.0,8,2023,8,12
0.0,23.0,39.0,8,2023,8,12
0.4945254921913147,0.0,44.0,8,2023,8,12
0.0,0.9999998807907104,5.0,9,2023,8,12
0.5364996194839478,14.499999046325684,9.0,9,2023,8,12
0.0,16.100004196166992,11.0,9,2023,8,12
0.9454613327980042,35.999996185302734,13.0,9,2023,8,12
0.0,1.3999998569488523,25.0,9,2023,8,12
0.0,0.9000000953674316,29.0,9,2023,8,12
0.0,13.000000953674316,30.0,9,2023,8,12
0.0,8.0,32.0,9,2023,8,12
0.0,5.999999523162842,37.0,9,2023,8,12
0.0,4.999999523162842,38.0,9,2023,8,12
0.0,2.999999523162842,39.0,9,2023,8,12
0.0,4.999999523162842,44.0,9,2023,8,12
0.0,0.0,5.0,10,2023,8,12
0.0,33.0,9.0,10,2023,8,12
0.0,48.900001525878906,11.0,10,2023,8,12
0.7179121375083923,15.0,13.0,10,2023,8,12
0.0,0.0,25.0,10,2023,8,12
0.0,17.100004196166992,29.0,10,2023,8,12
0.0,0.2000000029802322,30.0,10,2023,8,12
0.0,0.0999999865889549,32.0,10,2023,8,12
0.0,0.0,37.0,10,2023,8,12
0.0,1.2999999523162842,38.0,10,2023,8,12
0.0,2.999999523162842,39.0,10,2023,8,12
0.0,27.000001907348636,44.0,10,2023,8,12
0.0,0.0,5.0,11,2023,8,12
0.099628172814846,9.0,9.0,11,2023,8,12
0.0,12.100000381469728,11.0,11,2023,8,12
0.2427270114421844,10.000000953674316,13.0,11,2023,8,12
0.0,0.0,25.0,11,2023,8,12
0.0,0.0,29.0,11,2023,8,12
0.0,0.0,30.0,11,2023,8,12
0.0,0.0999999865889549,32.0,11,2023,8,12
0.0,0.0,37.0,11,2023,8,12
0.0,4.700000286102295,38.0,11,2023,8,12
0.0,2.999999523162842,39.0,11,2023,8,12
0.0,0.0,44.0,11,2023,8,12
0.0,10.000000953674316,5.0,12,2023,8,12
0.0294819790869951,22.0,9.0,12,2023,8,12
0.0,1.2999999523162842,11.0,12,2023,8,12
0.0,1.1999998092651367,13.0,12,2023,8,12
0.0,2.999999523162842,25.0,12,2023,8,12
0.0,3.90000057220459,29.0,12,2023,8,12
0.0,2.999999523162842,30.0,12,2023,8,12
0.0,0.0,32.0,12,2023,8,12
0.0,0.6999999284744263,37.0,12,2023,8,12
0.0,0.0,38.0,12,2023,8,12
0.0,0.0,39.0,12,2023,8,12
0.0,0.0,44.0,12,2023,8,12
0.0,9.0,5.0,13,2023,8,12
0.0,37.0,9.0,13,2023,8,12
0.0,62.69998550415039,11.0,13,2023,8,12
0.5467183589935303,25.799999237060547,13.0,13,2023,8,12
0.0,5.999999523162842,25.0,13,2023,8,12
0.0,1.1000001430511477,29.0,13,2023,8,12
0.0,41.99999237060547,30.0,13,2023,8,12
0.0,27.999998092651367,32.0,13,2023,8,12
0.0,29.30000305175781,37.0,13,2023,8,12
0.0,26.000001907348636,38.0,13,2023,8,12
0.0,4.0,39.0,13,2023,8,12
0.0,1.1000001430511477,44.0,13,2023,8,12
0.0,40.99999237060547,5.0,14,2023,8,12
0.1478117257356643,4.999999523162842,9.0,14,2023,8,12
0.4638458490371704,41.99999237060547,11.0,14,2023,8,12
1.0456740856170654,0.2000000029802322,13.0,14,2023,8,12
0.0,12.000001907348633,25.0,14,2023,8,12
0.0,0.9999998807907104,29.0,14,2023,8,12
0.0,1.999999761581421,30.0,14,2023,8,12
0.0584959425032138,11.0,32.0,14,2023,8,12
0.0,4.0,37.0,14,2023,8,12
0.0,8.0,38.0,14,2023,8,12
0.0,2.999999523162842,39.0,14,2023,8,12
0.0,2.999999523162842,44.0,14,2023,8,12
0.0,0.0999999865889549,5.0,15,2023,8,12
0.6207333207130432,2.500000238418579,9.0,15,2023,8,12
0.6035968661308289,4.300000190734863,11.0,15,2023,8,12
3.4918735027313232,48.80000305175781,13.0,15,2023,8,12
0.6061714887619019,0.0,25.0,15,2023,8,12
0.4915215671062469,2.999999523162842,29.0,15,2023,8,12
0.0,0.0,30.0,15,2023,8,12
0.0,0.0,32.0,15,2023,8,12
0.0,14.000000953674316,37.0,15,2023,8,12
0.0,10.000000953674316,38.0,15,2023,8,12
0.0,0.0,39.0,15,2023,8,12
0.440415620803833,0.0,44.0,15,2023,8,12
0.0,1.7000000476837158,5.0,16,2023,8,12
1.459991216659546,29.4999942779541,9.0,16,2023,8,12
1.0529747009277344,17.30000114440918,11.0,16,2023,8,12
3.641962766647339,23.0,13.0,16,2023,8,12
0.8884514570236206,2.999999523162842,25.0,16,2023,8,12
0.3597846031188965,1.999999761581421,29.0,16,2023,8,12
0.0,4.999999523162842,30.0,16,2023,8,12
0.0,4.999999523162842,32.0,16,2023,8,12
0.0,37.0,37.0,16,2023,8,12
0.0,0.0,38.0,16,2023,8,12
0.0,33.0,39.0,16,2023,8,12
0.7374550104141235,19.0,44.0,16,2023,8,12
0.0,41.99999237060547,5.0,17,2023,8,12
1.401045560836792,5.999999523162842,9.0,17,2023,8,12
0.6674259305000305,22.0,11.0,17,2023,8,12
3.5860843658447266,0.0,13.0,17,2023,8,12
0.7266538143157959,12.000001907348633,25.0,17,2023,8,12
0.4261280596256256,15.0,29.0,17,2023,8,12
0.0,56.999996185302734,30.0,17,2023,8,12
0.0,4.999999523162842,32.0,17,2023,8,12
0.0,75.0,37.0,17,2023,8,12
0.0,26.000001907348636,38.0,17,2023,8,12
0.0,24.000001907348636,39.0,17,2023,8,12
0.2827187478542328,10.000000953674316,44.0,17,2023,8,12
0.0,0.0,5.0,18,2023,8,12
2.3398494720458984,0.0,9.0,18,2023,8,12
1.101973533630371,10.000000953674316,11.0,18,2023,8,12
5.452749252319336,0.0,13.0,18,2023,8,12
1.299546241760254,0.0,25.0,18,2023,8,12
1.1177618503570557,0.0999999865889549,29.0,18,2023,8,12
0.0,0.0,30.0,18,2023,8,12
0.0,0.0,32.0,18,2023,8,12
0.0,0.0,37.0,18,2023,8,12
0.0,0.0,38.0,18,2023,8,12
0.0,0.0,39.0,18,2023,8,12
0.8086953163146973,0.0999999865889549,44.0,18,2023,8,12
0.0,0.0,5.0,19,2023,8,12
2.6184945106506348,0.0,9.0,19,2023,8,12
0.787830650806427,0.0,11.0,19,2023,8,12
5.391974449157715,0.0,13.0,19,2023,8,12
1.1530373096466064,0.0,25.0,19,2023,8,12
0.2598808705806732,0.6999999284744263,29.0,19,2023,8,12
0.1275596618652343,0.0,30.0,19,2023,8,12
0.0,0.0,32.0,19,2023,8,12
0.0,0.0,37.0,19,2023,8,12
0.0,0.0,38.0,19,2023,8,12
0.0,0.0,39.0,19,2023,8,12
0.4996619820594787,0.0,44.0,19,2023,8,12
0.0,0.0,5.0,20,2023,8,12
1.5271676778793335,0.0,9.0,20,2023,8,12
0.7078840136528015,0.0,11.0,20,2023,8,12
3.394736051559448,0.0,13.0,20,2023,8,12
0.3387671411037445,0.0,25.0,20,2023,8,12
0.0878532975912094,0.0,29.0,20,2023,8,12
0.0,0.0,30.0,20,2023,8,12
0.0,0.0,32.0,20,2023,8,12
0.0,0.0,37.0,20,2023,8,12
0.0,0.0,38.0,20,2023,8,12
0.0,0.0,39.0,20,2023,8,12
0.0,0.0,44.0,20,2023,8,12
0.0,0.0,5.0,7,2020,8,15
0.915587604045868,14.300000190734863,9.0,7,2020,8,15
1.5547338724136353,0.0,11.0,7,2020,8,15
3.001532793045044,0.0,13.0,7,2020,8,15
0.6089169979095459,0.0,25.0,7,2020,8,15
0.2091060429811477,0.0,29.0,7,2020,8,15
0.0,0.0,30.0,7,2020,8,15
0.0,0.0,32.0,7,2020,8,15
0.0,0.0,37.0,7,2020,8,15
0.0,0.0,38.0,7,2020,8,15
0.0,0.0,39.0,7,2020,8,15
0.1288866996765136,0.0,44.0,7,2020,8,15
0.0,0.0,5.0,8,2020,8,15
0.7389829754829407,0.0,9.0,8,2020,8,15
1.4514633417129517,7.700001239776611,11.0,8,2020,8,15
2.570080518722534,0.0,13.0,8,2020,8,15
0.1088812574744224,4.999999523162842,25.0,8,2020,8,15
0.124923788011074,0.0,29.0,8,2020,8,15
0.0,0.0,30.0,8,2020,8,15
0.0,0.0,32.0,8,2020,8,15
0.0,0.0,37.0,8,2020,8,15
0.0,3.200000286102295,38.0,8,2020,8,15
0.0,0.0,39.0,8,2020,8,15
0.0264019332826137,0.0,44.0,8,2020,8,15
0.0,0.0,5.0,9,2020,8,15
0.5543746948242188,0.0,9.0,9,2020,8,15
0.7347960472106934,8.299999237060547,11.0,9,2020,8,15
2.568483591079712,2.1000001430511475,13.0,9,2020,8,15
0.4113847017288208,9.700000762939451,25.0,9,2020,8,15
0.0,20.400001525878903,29.0,9,2020,8,15
0.0,22.79999542236328,30.0,9,2020,8,15
0.0,14.39999771118164,32.0,9,2020,8,15
0.0,0.0,37.0,9,2020,8,15
0.0,0.0,38.0,9,2020,8,15
0.0,0.0999999865889549,39.0,9,2020,8,15
0.027400417253375,0.0,44.0,9,2020,8,15
0.0,0.0,5.0,10,2020,8,15
0.520106315612793,31.300004959106445,9.0,10,2020,8,15
0.8849077820777893,0.0,11.0,10,2020,8,15
2.5851144790649414,77.9000015258789,13.0,10,2020,8,15
0.5471843481063843,4.999999523162842,25.0,10,2020,8,15
0.0,14.39999771118164,29.0,10,2020,8,15
0.0,0.0,30.0,10,2020,8,15
0.0,0.0,32.0,10,2020,8,15
0.0,7.700001239776611,37.0,10,2020,8,15
0.0,0.0,38.0,10,2020,8,15
0.0,8.0,39.0,10,2020,8,15
0.0,0.0999999865889549,44.0,10,2020,8,15
0.0,0.0,5.0,11,2020,8,15
0.4942845702171325,0.0,9.0,11,2020,8,15
1.0189288854599,0.0,11.0,11,2020,8,15
1.024459958076477,0.0,13.0,11,2020,8,15
0.0,0.0,25.0,11,2020,8,15
0.0,0.0,29.0,11,2020,8,15
0.0,0.0,30.0,11,2020,8,15
0.0,0.0,32.0,11,2020,8,15
0.0,0.0,37.0,11,2020,8,15
0.0,0.0,38.0,11,2020,8,15
0.0,0.0,39.0,11,2020,8,15
0.0,0.0,44.0,11,2020,8,15
0.0,0.0,5.0,12,2020,8,15
0.4735832810401916,0.0,9.0,12,2020,8,15
0.5918139219284058,0.0,11.0,12,2020,8,15
2.0181353092193604,0.0,13.0,12,2020,8,15
0.0,0.0,25.0,12,2020,8,15
0.0,0.0,29.0,12,2020,8,15
0.1279496550559997,0.0,30.0,12,2020,8,15
0.0,0.0,32.0,12,2020,8,15
0.0,0.0,37.0,12,2020,8,15
0.0,0.0,38.0,12,2020,8,15
0.0,0.0,39.0,12,2020,8,15
0.0,0.0,44.0,12,2020,8,15
0.0,0.0,5.0,13,2020,8,15
0.5755524039268494,0.0,9.0,13,2020,8,15
0.9558863639831544,0.0,11.0,13,2020,8,15
1.067296862602234,0.0,13.0,13,2020,8,15
0.3393309414386749,0.0,25.0,13,2020,8,15
0.0,0.0,29.0,13,2020,8,15
0.0,0.0,30.0,13,2020,8,15
0.0,0.0,32.0,13,2020,8,15
0.0,0.0,37.0,13,2020,8,15
0.0,0.0,38.0,13,2020,8,15
0.0,0.0,39.0,13,2020,8,15
0.408507376909256,0.0,44.0,13,2020,8,15
0.0,0.0,5.0,14,2020,8,15
0.3938813805580139,0.0,9.0,14,2020,8,15
1.7609269618988037,0.0,11.0,14,2020,8,15
2.351595878601074,0.0,13.0,14,2020,8,15
0.1033338382840156,0.0,25.0,14,2020,8,15
0.0744108334183693,0.0,29.0,14,2020,8,15
0.0,0.0,30.0,14,2020,8,15
0.0,0.0,32.0,14,2020,8,15
0.0,0.0,37.0,14,2020,8,15
0.0,0.0,38.0,14,2020,8,15
0.0,0.0,39.0,14,2020,8,15
0.8956594467163086,0.0,44.0,14,2020,8,15
0.0,0.0,5.0,15,2020,8,15
0.2962114810943603,16.899999618530273,9.0,15,2020,8,15
0.6568275690078735,0.0,11.0,15,2020,8,15
1.4141842126846311,25.200000762939453,13.0,15,2020,8,15
0.0,0.0,25.0,15,2020,8,15
0.0402938462793827,0.0,29.0,15,2020,8,15
0.0,0.0,30.0,15,2020,8,15
0.1883264333009719,0.0,32.0,15,2020,8,15
0.0,0.0,37.0,15,2020,8,15
0.0,0.0,38.0,15,2020,8,15
0.0,0.0,39.0,15,2020,8,15
0.8044068217277527,0.0,44.0,15,2020,8,15
0.0,10.80000114440918,5.0,16,2020,8,15
0.6874971389770508,40.99999237060547,9.0,16,2020,8,15
0.2515816986560821,0.0,11.0,16,2020,8,15
1.768197774887085,12.200000762939451,13.0,16,2020,8,15
0.2681220173835754,36.89999008178711,25.0,16,2020,8,15
1.1454648971557615,2.299999713897705,29.0,16,2020,8,15
0.0,0.0,30.0,16,2020,8,15
0.0,0.0,32.0,16,2020,8,15
0.0,0.0,37.0,16,2020,8,15
0.0,0.0,38.0,16,2020,8,15
0.0,0.0,39.0,16,2020,8,15
0.2344307750463485,0.0,44.0,16,2020,8,15
0.0,0.0,5.0,17,2020,8,15
0.9060941338539124,0.0,9.0,17,2020,8,15
0.6207553148269653,0.0,11.0,17,2020,8,15
2.1490421295166016,0.0,13.0,17,2020,8,15
0.4396796226501465,0.0,25.0,17,2020,8,15
0.4171686768531799,0.0,29.0,17,2020,8,15
0.0834215879440307,0.0,30.0,17,2020,8,15
0.0,0.0,32.0,17,2020,8,15
0.0,0.0,37.0,17,2020,8,15
0.0,0.0,38.0,17,2020,8,15
0.0,0.0,39.0,17,2020,8,15
0.217748537659645,0.0,44.0,17,2020,8,15
0.0,0.0,5.0,18,2020,8,15
1.831833004951477,0.0,9.0,18,2020,8,15
1.4965670108795166,0.0,11.0,18,2020,8,15
4.979942321777344,0.0,13.0,18,2020,8,15
0.1663699001073837,0.0,25.0,18,2020,8,15
0.0791484639048576,0.0,29.0,18,2020,8,15
0.0,0.0,30.0,18,2020,8,15
0.0,0.0,32.0,18,2020,8,15
0.0,0.0,37.0,18,2020,8,15
0.0,0.0,38.0,18,2020,8,15
0.0,0.0,39.0,18,2020,8,15
0.5405775308609009,0.0,44.0,18,2020,8,15
0.0,0.0,5.0,19,2020,8,15
1.4329919815063477,0.0,9.0,19,2020,8,15
1.972362995147705,0.0,11.0,19,2020,8,15
3.501138687133789,0.0,13.0,19,2020,8,15
0.4768647849559784,0.0,25.0,19,2020,8,15
0.6946167945861816,0.0,29.0,19,2020,8,15
0.1603591740131378,0.0,30.0,19,2020,8,15
0.0,0.0,32.0,19,2020,8,15
0.0,0.0,37.0,19,2020,8,15
0.0,0.0,38.0,19,2020,8,15
0.0,0.0,39.0,19,2020,8,15
0.821564257144928,0.0,44.0,19,2020,8,15
0.0,0.0,5.0,20,2020,8,15
0.5472063422203064,0.0,9.0,20,2020,8,15
0.3292010426521301,0.0,11.0,20,2020,8,15
1.8076823949813845,0.0,13.0,20,2020,8,15
0.110594518482685,0.0,25.0,20,2020,8,15
0.0303300507366657,0.0,29.0,20,2020,8,15
0.0,0.0,30.0,20,2020,8,15
0.0,0.0,32.0,20,2020,8,15
0.0,0.0,37.0,20,2020,8,15
0.0,0.0,38.0,20,2020,8,15
0.0,0.0,39.0,20,2020,8,15
0.4002012610435486,0.0,44.0,20,2020,8,15
0.0,0.0,5.0,7,2021,8,15
1.6431097984313965,0.0,9.0,7,2021,8,15
2.3268585205078125,5.1999993324279785,11.0,7,2021,8,15
2.3248560428619385,1.3999998569488523,13.0,7,2021,8,15
0.1954248249530792,0.0,25.0,7,2021,8,15
0.1489435881376266,0.0,29.0,7,2021,8,15
0.0,0.0,30.0,7,2021,8,15
0.0,0.0,32.0,7,2021,8,15
0.0,0.0,37.0,7,2021,8,15
0.0,0.0,38.0,7,2021,8,15
0.0,0.0,39.0,7,2021,8,15
0.1064988896250724,0.0,44.0,7,2021,8,15
0.0,0.0,5.0,8,2021,8,15
1.3586925268173218,17.500001907348633,9.0,8,2021,8,15
1.2364041805267334,0.9999998807907104,11.0,8,2021,8,15
2.150904893875122,0.800000011920929,13.0,8,2021,8,15
0.3927825391292572,0.0,25.0,8,2021,8,15
0.0,0.0,29.0,8,2021,8,15
0.0,0.0,30.0,8,2021,8,15
0.0,0.0,32.0,8,2021,8,15
0.0,0.0,37.0,8,2021,8,15
0.0,0.0,38.0,8,2021,8,15
0.0,0.0,39.0,8,2021,8,15
0.0,0.0,44.0,8,2021,8,15
0.0,0.0,5.0,9,2021,8,15
0.8439303636550903,38.70000076293945,9.0,9,2021,8,15
0.35455122590065,34.400001525878906,11.0,9,2021,8,15
1.0153518915176392,55.39997863769531,13.0,9,2021,8,15
0.0407312959432601,24.999998092651367,25.0,9,2021,8,15
0.0,0.0,29.0,9,2021,8,15
0.0,0.0,30.0,9,2021,8,15
0.0,0.0,32.0,9,2021,8,15
0.0,0.0,37.0,9,2021,8,15
0.0,0.0,38.0,9,2021,8,15
0.0,0.0,39.0,9,2021,8,15
0.0,1.600000023841858,44.0,9,2021,8,15
0.0,0.0,5.0,10,2021,8,15
0.4162623286247253,0.3000000715255737,9.0,10,2021,8,15
0.6221699714660645,3.1000001430511475,11.0,10,2021,8,15
1.4998962879180908,14.000000953674316,13.0,10,2021,8,15
0.0661865770816803,0.0,25.0,10,2021,8,15
0.0,0.0,29.0,10,2021,8,15
0.0,0.0,30.0,10,2021,8,15
0.0,0.0,32.0,10,2021,8,15
0.0,0.0,37.0,10,2021,8,15
0.0,0.0,38.0,10,2021,8,15
0.0,4.600000858306885,39.0,10,2021,8,15
0.0,0.0,44.0,10,2021,8,15
0.0,21.899999618530277,5.0,11,2021,8,15
0.3419083058834076,0.0,9.0,11,2021,8,15
0.8038302063941956,23.900001525878903,11.0,11,2021,8,15
0.7087501287460327,8.199999809265137,13.0,11,2021,8,15
0.0,31.599992752075195,25.0,11,2021,8,15
0.0,45.09999847412109,29.0,11,2021,8,15
0.0,0.0,30.0,11,2021,8,15
0.0,0.0,32.0,11,2021,8,15
0.0,0.0,37.0,11,2021,8,15
0.0,0.0,38.0,11,2021,8,15
0.0,0.0,39.0,11,2021,8,15
0.0,0.0,44.0,11,2021,8,15
0.0,0.0,5.0,12,2021,8,15
0.9277747273445128,0.0,9.0,12,2021,8,15
0.418311059474945,0.0,11.0,12,2021,8,15
1.12060809135437,0.0,13.0,12,2021,8,15
0.0,0.0,25.0,12,2021,8,15
0.0023431570734828,0.0,29.0,12,2021,8,15
0.0,0.0,30.0,12,2021,8,15
0.0414924956858158,0.0,32.0,12,2021,8,15
0.0,0.0,37.0,12,2021,8,15
0.0,3.799999952316284,38.0,12,2021,8,15
0.0,0.4000000953674316,39.0,12,2021,8,15
0.0,4.099999904632568,44.0,12,2021,8,15
0.0,0.0,5.0,13,2021,8,15
0.7718638777732849,0.0,9.0,13,2021,8,15
0.5339392423629761,0.0,11.0,13,2021,8,15
1.2349631786346436,0.0,13.0,13,2021,8,15
0.0630293115973472,0.0,25.0,13,2021,8,15
0.0,0.0,29.0,13,2021,8,15
0.0,0.0,30.0,13,2021,8,15
0.0,0.0,32.0,13,2021,8,15
0.0,0.0,37.0,13,2021,8,15
0.0,2.8000001907348637,38.0,13,2021,8,15
0.0,6.500000476837158,39.0,13,2021,8,15
0.1563961803913116,0.0,44.0,13,2021,8,15
0.0,0.0,5.0,14,2021,8,15
0.6269524097442627,0.0,9.0,14,2021,8,15
0.42018723487854,0.0,11.0,14,2021,8,15
1.1134945154190063,0.0,13.0,14,2021,8,15
0.0,0.0,25.0,14,2021,8,15
0.0,0.0,29.0,14,2021,8,15
0.0,0.0,30.0,14,2021,8,15
0.0,0.0,32.0,14,2021,8,15
0.0,0.0,37.0,14,2021,8,15
0.0,0.0,38.0,14,2021,8,15
0.0,0.0,39.0,14,2021,8,15
0.0,0.0,44.0,14,2021,8,15
0.0,0.0,5.0,15,2021,8,15
0.0,0.0,9.0,15,2021,8,15
0.0,0.0,11.0,15,2021,8,15
0.849108874797821,0.0,13.0,15,2021,8,15
0.0742070749402046,0.0,25.0,15,2021,8,15
0.0,0.0,29.0,15,2021,8,15
0.0,0.0,30.0,15,2021,8,15
0.0,0.0,32.0,15,2021,8,15
0.0,0.0,37.0,15,2021,8,15
0.0,0.0,38.0,15,2021,8,15
0.0,0.0,39.0,15,2021,8,15
0.0,0.0,44.0,15,2021,8,15
0.0,0.0,5.0,16,2021,8,15
0.2705864608287811,0.0,9.0,16,2021,8,15
0.0,0.0,11.0,16,2021,8,15
0.4114342331886291,0.0,13.0,16,2021,8,15
0.0,0.0,25.0,16,2021,8,15
0.0,0.0,29.0,16,2021,8,15
0.0,0.0,30.0,16,2021,8,15
0.0,0.0,32.0,16,2021,8,15
0.0,0.0,37.0,16,2021,8,15
0.0,0.0,38.0,16,2021,8,15
0.0,0.0,39.0,16,2021,8,15
0.0,0.0,44.0,16,2021,8,15
0.0,0.0,5.0,17,2021,8,15
0.401854932308197,0.0,9.0,17,2021,8,15
0.0,3.6999998092651367,11.0,17,2021,8,15
0.4107972681522369,39.900001525878906,13.0,17,2021,8,15
0.0,0.0,25.0,17,2021,8,15
0.0,0.0,29.0,17,2021,8,15
0.0,0.0,30.0,17,2021,8,15
0.0,0.0,32.0,17,2021,8,15
0.0,0.0,37.0,17,2021,8,15
0.0,0.0,38.0,17,2021,8,15
0.0,0.0,39.0,17,2021,8,15
0.0,0.0,44.0,17,2021,8,15
0.0,0.0,5.0,18,2021,8,15
0.0,0.0,9.0,18,2021,8,15
0.0,14.60000228881836,11.0,18,2021,8,15
0.8451821804046631,40.400001525878906,13.0,18,2021,8,15
0.0,0.0,25.0,18,2021,8,15
0.0,0.0,29.0,18,2021,8,15
0.0,0.0,30.0,18,2021,8,15
0.0,0.0,32.0,18,2021,8,15
0.0,0.0,37.0,18,2021,8,15
0.0,0.0,38.0,18,2021,8,15
0.0,0.0,39.0,18,2021,8,15
0.0,0.0,44.0,18,2021,8,15
0.0,8.600000381469727,5.0,19,2021,8,15
0.0,0.0,9.0,19,2021,8,15
0.0,0.0,11.0,19,2021,8,15
0.519121527671814,35.20000076293945,13.0,19,2021,8,15
0.0,30.700000762939453,25.0,19,2021,8,15
0.0,1.999999761581421,29.0,19,2021,8,15
0.0,0.0,30.0,19,2021,8,15
0.0,1.9000003337860107,32.0,19,2021,8,15
0.0,0.0,37.0,19,2021,8,15
0.0,0.0,38.0,19,2021,8,15
0.0,0.0,39.0,19,2021,8,15
0.0,0.0,44.0,19,2021,8,15
0.0,0.0,5.0,20,2021,8,15
0.0,0.0,9.0,20,2021,8,15
0.0,55.80001068115234,11.0,20,2021,8,15
0.0,44.399993896484375,13.0,20,2021,8,15
0.0,10.69999885559082,25.0,20,2021,8,15
0.0,0.0,29.0,20,2021,8,15
0.0,4.700000286102295,30.0,20,2021,8,15
0.0,0.0,32.0,20,2021,8,15
0.0,0.0,37.0,20,2021,8,15
0.0,0.0,38.0,20,2021,8,15
0.0,0.0,39.0,20,2021,8,15
0.0,0.0,44.0,20,2021,8,15
0.0,18.0,5.0,7,2022,8,15
1.1933941841125488,14.000000953674316,9.0,7,2022,8,15
2.153724908828736,2.999999523162842,11.0,7,2022,8,15
2.092215061187744,35.999996185302734,13.0,7,2022,8,15
0.134214773774147,26.000001907348636,25.0,7,2022,8,15
0.0,4.999999523162842,29.0,7,2022,8,15
0.0,7.0,30.0,7,2022,8,15
0.0,27.999998092651367,32.0,7,2022,8,15
0.0,2.999999523162842,37.0,7,2022,8,15
0.0,21.000001907348636,38.0,7,2022,8,15
0.0,2.999999523162842,39.0,7,2022,8,15
0.8126881122589111,27.999998092651367,44.0,7,2022,8,15
0.0,17.0,5.0,8,2022,8,15
0.342499315738678,0.0,9.0,8,2022,8,15
0.3730350732803345,0.9999998807907104,11.0,8,2022,8,15
1.1575249433517456,6.100000381469727,13.0,8,2022,8,15
0.0,17.0,25.0,8,2022,8,15
0.0,12.000001907348633,29.0,8,2022,8,15
0.0,2.999999523162842,30.0,8,2022,8,15
0.0278821531683206,0.0,32.0,8,2022,8,15
0.0,0.0,37.0,8,2022,8,15
0.0,0.0,38.0,8,2022,8,15
0.0,0.0,39.0,8,2022,8,15
0.0777255669236183,0.0,44.0,8,2022,8,15
0.0,0.0999999865889549,5.0,9,2022,8,15
0.4871517419815063,1.999999761581421,9.0,9,2022,8,15
0.1307395100593567,0.0,11.0,9,2022,8,15
0.7323952913284302,0.5,13.0,9,2022,8,15
0.0913364440202713,0.0,25.0,9,2022,8,15
0.0,0.0,29.0,9,2022,8,15
0.0,15.500000953674316,30.0,9,2022,8,15
0.0,8.0,32.0,9,2022,8,15
0.0,0.0,37.0,9,2022,8,15
0.0,0.0,38.0,9,2022,8,15
0.0,0.0,39.0,9,2022,8,15
0.0518670976161956,0.2000000029802322,44.0,9,2022,8,15
0.0,0.9000000953674316,5.0,10,2022,8,15
0.4779351651668548,0.0,9.0,10,2022,8,15
0.1066122204065322,0.0999999865889549,11.0,10,2022,8,15
1.612297296524048,0.5,13.0,10,2022,8,15
0.6252269148826599,18.0,25.0,10,2022,8,15
0.0,0.0,29.0,10,2022,8,15
0.0,3.5000007152557373,30.0,10,2022,8,15
0.0,0.0999999865889549,32.0,10,2022,8,15
0.0,1.999999761581421,37.0,10,2022,8,15
0.0,0.9000000953674316,38.0,10,2022,8,15
0.0,2.999999523162842,39.0,10,2022,8,15
0.0,4.0,44.0,10,2022,8,15
0.0,17.0,5.0,11,2022,8,15
0.3983890414237976,3.6000003814697266,9.0,11,2022,8,15
0.5515250563621521,18.0,11.0,11,2022,8,15
0.5400828123092651,2.999999523162842,13.0,11,2022,8,15
0.0,35.0,25.0,11,2022,8,15
0.0,30.99999237060547,29.0,11,2022,8,15
0.0,41.70000457763672,30.0,11,2022,8,15
0.0,96.4000244140625,32.0,11,2022,8,15
0.0,67.0,37.0,11,2022,8,15
0.0,35.0,38.0,11,2022,8,15
0.0,77.99998474121094,39.0,11,2022,8,15
0.0,64.00001525878906,44.0,11,2022,8,15
0.0,23.0,5.0,12,2022,8,15
0.0,15.200000762939451,9.0,12,2022,8,15
0.427398532629013,18.0,11.0,12,2022,8,15
0.4999360144138336,102.0000457763672,13.0,12,2022,8,15
0.0,24.89999771118164,25.0,12,2022,8,15
0.0,14.000000953674316,29.0,12,2022,8,15
0.0,25.500003814697266,30.0,12,2022,8,15
0.0,54.60000228881836,32.0,12,2022,8,15
0.0,27.999998092651367,37.0,12,2022,8,15
0.0,25.70000267028809,38.0,12,2022,8,15
0.0,35.0,39.0,12,2022,8,15
0.0,4.999999523162842,44.0,12,2022,8,15
0.0,2.999999523162842,5.0,13,2022,8,15
0.0,14.000000953674316,9.0,13,2022,8,15
0.2286117523908615,1.999999761581421,11.0,13,2022,8,15
0.50165194272995,4.0,13.0,13,2022,8,15
0.0,0.0999999865889549,25.0,13,2022,8,15
0.0,0.0,29.0,13,2022,8,15
0.0,13.000000953674316,30.0,13,2022,8,15
0.0,27.999998092651367,32.0,13,2022,8,15
0.0,8.0,37.0,13,2022,8,15
0.0,34.30000305175781,38.0,13,2022,8,15
0.0,2.999999523162842,39.0,13,2022,8,15
0.0,1.999999761581421,44.0,13,2022,8,15
0.0,0.0,5.0,14,2022,8,15
0.0,8.0,9.0,14,2022,8,15
0.0483873002231121,0.0,11.0,14,2022,8,15
1.9320552349090576,4.0,13.0,14,2022,8,15
0.0,0.0,25.0,14,2022,8,15
0.0,0.0,29.0,14,2022,8,15
0.0,0.0,30.0,14,2022,8,15
0.0,0.0,32.0,14,2022,8,15
0.0,0.0,37.0,14,2022,8,15
0.0,0.0,38.0,14,2022,8,15
0.0,0.0,39.0,14,2022,8,15
0.1326333284378051,0.0,44.0,14,2022,8,15
0.0,0.0,5.0,15,2022,8,15
0.385678619146347,58.00000381469727,9.0,15,2022,8,15
0.7444412112236023,0.0,11.0,15,2022,8,15
2.156360626220703,0.0,13.0,15,2022,8,15
1.3214457035064695,10.30000114440918,25.0,15,2022,8,15
0.2207427471876144,11.0,29.0,15,2022,8,15
0.0,0.0,30.0,15,2022,8,15
0.0,0.0,32.0,15,2022,8,15
0.0,0.0,37.0,15,2022,8,15
0.0,0.0,38.0,15,2022,8,15
0.0,0.0,39.0,15,2022,8,15
0.1225928217172622,0.0,44.0,15,2022,8,15
0.0,0.0,5.0,16,2022,8,15
1.0256071090698242,0.0,9.0,16,2022,8,15
1.5003167390823364,14.000000953674316,11.0,16,2022,8,15
1.7254507541656494,1.999999761581421,13.0,16,2022,8,15
0.7869662046432495,0.0,25.0,16,2022,8,15
0.0296082496643066,0.0,29.0,16,2022,8,15
0.0,0.0,30.0,16,2022,8,15
0.0,0.0,32.0,16,2022,8,15
0.0,0.5,37.0,16,2022,8,15
0.0,0.0,38.0,16,2022,8,15
0.0,0.0,39.0,16,2022,8,15
0.0303873736411333,0.0,44.0,16,2022,8,15
0.0,0.0,5.0,17,2022,8,15
0.6094785928726196,29.000001907348636,9.0,17,2022,8,15
1.207366943359375,40.99999237060547,11.0,17,2022,8,15
1.865422010421753,27.999998092651367,13.0,17,2022,8,15
0.0446013174951076,1.999999761581421,25.0,17,2022,8,15
0.0913885384798049,0.0,29.0,17,2022,8,15
0.0,0.5,30.0,17,2022,8,15
0.0,7.5,32.0,17,2022,8,15
0.0,12.000001907348633,37.0,17,2022,8,15
0.0,1.999999761581421,38.0,17,2022,8,15
0.0,0.0,39.0,17,2022,8,15
0.0,0.0999999865889549,44.0,17,2022,8,15
0.0,0.0,5.0,18,2022,8,15
0.4202954173088074,0.0,9.0,18,2022,8,15
0.889206051826477,0.0,11.0,18,2022,8,15
1.8885596990585327,0.0,13.0,18,2022,8,15
0.0512009859085083,0.0,25.0,18,2022,8,15
0.0,0.0,29.0,18,2022,8,15
0.0,0.0,30.0,18,2022,8,15
0.0,2.500000238418579,32.0,18,2022,8,15
0.0,0.0,37.0,18,2022,8,15
0.0,0.0,38.0,18,2022,8,15
0.0,0.0,39.0,18,2022,8,15
0.0,0.0,44.0,18,2022,8,15
0.0,0.0,5.0,19,2022,8,15
0.4117381274700165,0.0,9.0,19,2022,8,15
1.3108656406402588,0.0,11.0,19,2022,8,15
1.7445361614227295,9.0,13.0,19,2022,8,15
0.2960701286792755,0.0,25.0,19,2022,8,15
0.0,0.0,29.0,19,2022,8,15
0.0,0.0,30.0,19,2022,8,15
0.0,0.0,32.0,19,2022,8,15
0.0,0.0,37.0,19,2022,8,15
0.0,0.0,38.0,19,2022,8,15
0.0,0.0,39.0,19,2022,8,15
0.0,0.0,44.0,19,2022,8,15
0.0,2.999999523162842,5.0,20,2022,8,15
0.3570505976676941,0.0,9.0,20,2022,8,15
0.3529345393180847,0.2000000029802322,11.0,20,2022,8,15
0.8048688173294067,0.0,13.0,20,2022,8,15
0.0,10.899999618530272,25.0,20,2022,8,15
0.0520519837737083,0.0,29.0,20,2022,8,15
0.0,0.0,30.0,20,2022,8,15
0.0,24.000001907348636,32.0,20,2022,8,15
0.0,0.0,37.0,20,2022,8,15
0.0,37.0,38.0,20,2022,8,15
0.0,0.0,39.0,20,2022,8,15
0.0,0.4000000953674316,44.0,20,2022,8,15
0.0,0.0,5.0,7,2023,8,15
1.4635802507400513,33.0,9.0,7,2023,8,15
1.5551416873931885,48.900001525878906,11.0,7,2023,8,15
4.08430290222168,15.0,13.0,7,2023,8,15
0.7755900621414185,0.0,25.0,7,2023,8,15
0.0423916466534137,17.100004196166992,29.0,7,2023,8,15
0.0,0.2000000029802322,30.0,7,2023,8,15
0.0,0.0999999865889549,32.0,7,2023,8,15
0.0,0.0,37.0,7,2023,8,15
0.0,1.2999999523162842,38.0,7,2023,8,15
0.0,2.999999523162842,39.0,7,2023,8,15
0.411867082118988,27.000001907348636,44.0,7,2023,8,15
0.0,0.0,5.0,8,2023,8,15
2.71124267578125,9.0,9.0,8,2023,8,15
1.7670568227767944,12.100000381469728,11.0,8,2023,8,15
4.431777000427246,10.000000953674316,13.0,8,2023,8,15
2.403413772583008,0.0,25.0,8,2023,8,15
0.1591582000255584,0.0,29.0,8,2023,8,15
0.0,0.0,30.0,8,2023,8,15
0.0,0.0999999865889549,32.0,8,2023,8,15
0.0,0.0,37.0,8,2023,8,15
0.0,4.700000286102295,38.0,8,2023,8,15
0.0,2.999999523162842,39.0,8,2023,8,15
0.2030233889818191,0.0,44.0,8,2023,8,15
0.0,10.000000953674316,5.0,9,2023,8,15
1.6629170179367063,22.0,9.0,9,2023,8,15
1.4546990394592283,1.2999999523162842,11.0,9,2023,8,15
4.254669189453125,1.1999998092651367,13.0,9,2023,8,15
1.419018268585205,2.999999523162842,25.0,9,2023,8,15
0.6295598745346069,3.90000057220459,29.0,9,2023,8,15
0.0,2.999999523162842,30.0,9,2023,8,15
0.0,0.0,32.0,9,2023,8,15
0.0,0.6999999284744263,37.0,9,2023,8,15
0.0,0.0,38.0,9,2023,8,15
0.0,0.0,39.0,9,2023,8,15
0.2415471076965332,0.0,44.0,9,2023,8,15
0.0,9.0,5.0,10,2023,8,15
2.337356805801392,37.0,9.0,10,2023,8,15
2.0277750492095947,62.69998550415039,11.0,10,2023,8,15
7.718972206115723,25.799999237060547,13.0,10,2023,8,15
0.5198521614074707,5.999999523162842,25.0,10,2023,8,15
0.3882385492324829,1.1000001430511477,29.0,10,2023,8,15
0.3095298409461975,41.99999237060547,30.0,10,2023,8,15
0.0,27.999998092651367,32.0,10,2023,8,15
0.0,29.30000305175781,37.0,10,2023,8,15
0.0,26.000001907348636,38.0,10,2023,8,15
0.0,4.0,39.0,10,2023,8,15
0.8404521942138672,1.1000001430511477,44.0,10,2023,8,15
0.0,40.99999237060547,5.0,11,2023,8,15
2.18558406829834,4.999999523162842,9.0,11,2023,8,15
1.9466049671173096,41.99999237060547,11.0,11,2023,8,15
2.736210823059082,0.2000000029802322,13.0,11,2023,8,15
0.7583791613578796,12.000001907348633,25.0,11,2023,8,15
0.2300273925065994,0.9999998807907104,29.0,11,2023,8,15
0.0,1.999999761581421,30.0,11,2023,8,15
0.0,11.0,32.0,11,2023,8,15
0.0,4.0,37.0,11,2023,8,15
0.0,8.0,38.0,11,2023,8,15
0.0,2.999999523162842,39.0,11,2023,8,15
0.79941326379776,2.999999523162842,44.0,11,2023,8,15
0.0,0.0999999865889549,5.0,12,2023,8,15
0.5124298930168152,2.500000238418579,9.0,12,2023,8,15
0.0,4.300000190734863,11.0,12,2023,8,15
3.81955361366272,48.80000305175781,13.0,12,2023,8,15
0.0598696619272232,0.0,25.0,12,2023,8,15
0.0,2.999999523162842,29.0,12,2023,8,15
0.0,0.0,30.0,12,2023,8,15
0.0,0.0,32.0,12,2023,8,15
0.0,14.000000953674316,37.0,12,2023,8,15
0.0,10.000000953674316,38.0,12,2023,8,15
0.0,0.0,39.0,12,2023,8,15
0.0,0.0,44.0,12,2023,8,15
0.0,1.7000000476837158,5.0,13,2023,8,15
0.0726082697510719,29.4999942779541,9.0,13,2023,8,15
0.0777259021997451,17.30000114440918,11.0,13,2023,8,15
0.8575361371040344,23.0,13.0,13,2023,8,15
0.0,2.999999523162842,25.0,13,2023,8,15
0.0,1.999999761581421,29.0,13,2023,8,15
0.0,4.999999523162842,30.0,13,2023,8,15
0.0,4.999999523162842,32.0,13,2023,8,15
0.0,37.0,37.0,13,2023,8,15
0.0,0.0,38.0,13,2023,8,15
0.0,33.0,39.0,13,2023,8,15
0.0,19.0,44.0,13,2023,8,15
0.0,41.99999237060547,5.0,14,2023,8,15
0.1190873831510543,5.999999523162842,9.0,14,2023,8,15
0.0,22.0,11.0,14,2023,8,15
0.5979756116867065,0.0,13.0,14,2023,8,15
0.0,12.000001907348633,25.0,14,2023,8,15
0.0,15.0,29.0,14,2023,8,15
0.0,56.999996185302734,30.0,14,2023,8,15
0.0,4.999999523162842,32.0,14,2023,8,15
0.0,75.0,37.0,14,2023,8,15
0.0,26.000001907348636,38.0,14,2023,8,15
0.0,24.000001907348636,39.0,14,2023,8,15
0.0,10.000000953674316,44.0,14,2023,8,15
0.0,0.0,5.0,15,2023,8,15
0.0,0.0,9.0,15,2023,8,15
0.0,10.000000953674316,11.0,15,2023,8,15
0.152278795838356,0.0,13.0,15,2023,8,15
0.0,0.0,25.0,15,2023,8,15
0.0,0.0999999865889549,29.0,15,2023,8,15
0.0,0.0,30.0,15,2023,8,15
0.0,0.0,32.0,15,2023,8,15
0.0,0.0,37.0,15,2023,8,15
0.0,0.0,38.0,15,2023,8,15
0.0,0.0,39.0,15,2023,8,15
0.0,0.0999999865889549,44.0,15,2023,8,15
0.0,0.0,5.0,16,2023,8,15
0.0,0.0,9.0,16,2023,8,15
0.0,0.0,11.0,16,2023,8,15
0.0,0.0,13.0,16,2023,8,15
0.0,0.0,25.0,16,2023,8,15
0.0,0.6999999284744263,29.0,16,2023,8,15
0.0,0.0,30.0,16,2023,8,15
0.0,0.0,32.0,16,2023,8,15
0.0,0.0,37.0,16,2023,8,15
0.0,0.0,38.0,16,2023,8,15
0.0,0.0,39.0,16,2023,8,15
0.0,0.0,44.0,16,2023,8,15
0.0,0.0,5.0,17,2023,8,15
0.0,0.0,9.0,17,2023,8,15
0.0,0.0,11.0,17,2023,8,15
0.0849236771464347,0.0,13.0,17,2023,8,15
0.0,0.0,25.0,17,2023,8,15
0.0,0.0,29.0,17,2023,8,15
0.0,0.0,30.0,17,2023,8,15
0.0,0.0,32.0,17,2023,8,15
0.0,0.0,37.0,17,2023,8,15
0.0,0.0,38.0,17,2023,8,15
0.0,0.0,39.0,17,2023,8,15
0.0,0.0,44.0,17,2023,8,15
0.0,0.0,5.0,18,2023,8,15
0.0,0.0,9.0,18,2023,8,15
0.0,0.0,11.0,18,2023,8,15
1.174045205116272,0.0,13.0,18,2023,8,15
0.0,0.0,25.0,18,2023,8,15
0.0,0.0,29.0,18,2023,8,15
0.0,0.0,30.0,18,2023,8,15
0.0,0.0,32.0,18,2023,8,15
0.0,0.0,37.0,18,2023,8,15
0.0,0.0,38.0,18,2023,8,15
0.0,0.0,39.0,18,2023,8,15
0.0,0.0,44.0,18,2023,8,15
0.0,0.0,5.0,19,2023,8,15
0.4504799246788025,0.0,9.0,19,2023,8,15
0.2405334264039993,0.0,11.0,19,2023,8,15
0.9534450769424438,0.0,13.0,19,2023,8,15
0.0,0.0,25.0,19,2023,8,15
0.0,0.0,29.0,19,2023,8,15
0.0,0.0,30.0,19,2023,8,15
0.0,0.0,32.0,19,2023,8,15
0.0,0.0,37.0,19,2023,8,15
0.0,0.0,38.0,19,2023,8,15
0.0,0.0,39.0,19,2023,8,15
0.0,0.0,44.0,19,2023,8,15
0.0,0.0,5.0,20,2023,8,15
0.0,0.2000000029802322,9.0,20,2023,8,15
0.0,0.0,11.0,20,2023,8,15
0.5840848684310913,4.0,13.0,20,2023,8,15
0.0,0.3000000715255737,25.0,20,2023,8,15
0.0,0.9000000953674316,29.0,20,2023,8,15
0.0,0.0,30.0,20,2023,8,15
0.0,0.800000011920929,32.0,20,2023,8,15
0.0,0.0,37.0,20,2023,8,15
0.0,0.0,38.0,20,2023,8,15
0.0,0.3000000715255737,39.0,20,2023,8,15
0.0,0.4000000953674316,44.0,20,2023,8,15
0.0,0.0,5.0,7,2020,8,19
0.0,0.0,9.0,7,2020,8,19
0.2142587453126907,0.0,11.0,7,2020,8,19
0.2303166985511779,0.0,13.0,7,2020,8,19
0.0,0.0,25.0,7,2020,8,19
0.0,0.0,29.0,7,2020,8,19
0.0,0.0,30.0,7,2020,8,19
0.0,0.0,32.0,7,2020,8,19
0.0,0.0,37.0,7,2020,8,19
0.0,0.0,38.0,7,2020,8,19
0.0,0.0,39.0,7,2020,8,19
0.0,0.0,44.0,7,2020,8,19
0.0,0.0,5.0,8,2020,8,19
0.0,0.0,9.0,8,2020,8,19
0.1569409519433975,0.0,11.0,8,2020,8,19
0.4107736349105835,0.0,13.0,8,2020,8,19
0.0,0.0,25.0,8,2020,8,19
0.0,0.0,29.0,8,2020,8,19
0.0,0.0,30.0,8,2020,8,19
0.0,0.0,32.0,8,2020,8,19
0.0,0.0,37.0,8,2020,8,19
0.0,0.0,38.0,8,2020,8,19
0.0,0.0,39.0,8,2020,8,19
0.0,0.0,44.0,8,2020,8,19
0.0,0.0,5.0,9,2020,8,19
0.5293503999710083,0.0,9.0,9,2020,8,19
1.231439232826233,0.0,11.0,9,2020,8,19
1.5360004901885986,0.0,13.0,9,2020,8,19
0.118383303284645,0.0,25.0,9,2020,8,19
0.2709138393402099,0.0,29.0,9,2020,8,19
0.0,0.0,30.0,9,2020,8,19
0.0,0.0,32.0,9,2020,8,19
0.0,0.0,37.0,9,2020,8,19
0.0,0.0,38.0,9,2020,8,19
0.0,0.0,39.0,9,2020,8,19
0.2884547412395477,0.0,44.0,9,2020,8,19
0.0,0.0,5.0,10,2020,8,19
1.1267201900482178,0.0,9.0,10,2020,8,19
1.5322805643081665,0.0,11.0,10,2020,8,19
3.039262533187866,0.0,13.0,10,2020,8,19
0.7819746732711792,0.0,25.0,10,2020,8,19
0.8010913729667664,0.0,29.0,10,2020,8,19
0.0,0.0,30.0,10,2020,8,19
0.0,0.0,32.0,10,2020,8,19
0.0,0.0,37.0,10,2020,8,19
0.0,0.0,38.0,10,2020,8,19
0.0,0.0,39.0,10,2020,8,19
1.345531702041626,0.0,44.0,10,2020,8,19
0.0,0.0,5.0,11,2020,8,19
1.351107835769653,16.899999618530273,9.0,11,2020,8,19
0.4803861379623413,0.0,11.0,11,2020,8,19
3.889958620071411,25.200000762939453,13.0,11,2020,8,19
0.5178164839744568,0.0,25.0,11,2020,8,19
0.3001159727573395,0.0,29.0,11,2020,8,19
0.0,0.0,30.0,11,2020,8,19
0.0,0.0,32.0,11,2020,8,19
0.0,0.0,37.0,11,2020,8,19
0.0,0.0,38.0,11,2020,8,19
0.0,0.0,39.0,11,2020,8,19
1.0556033849716189,0.0,44.0,11,2020,8,19
0.0,10.80000114440918,5.0,12,2020,8,19
1.2407560348510742,40.99999237060547,9.0,12,2020,8,19
1.129698395729065,0.0,11.0,12,2020,8,19
4.770147800445557,12.200000762939451,13.0,12,2020,8,19
0.4491724371910095,36.89999008178711,25.0,12,2020,8,19
0.8867378234863281,2.299999713897705,29.0,12,2020,8,19
0.165352389216423,0.0,30.0,12,2020,8,19
0.0,0.0,32.0,12,2020,8,19
0.0,0.0,37.0,12,2020,8,19
0.0,0.0,38.0,12,2020,8,19
0.0,0.0,39.0,12,2020,8,19
1.8266289234161377,0.0,44.0,12,2020,8,19
0.0,0.0,5.0,13,2020,8,19
0.8563052415847778,0.0,9.0,13,2020,8,19
1.4029520750045776,0.0,11.0,13,2020,8,19
3.270921230316162,0.0,13.0,13,2020,8,19
1.039740800857544,0.0,25.0,13,2020,8,19
0.3703728020191192,0.0,29.0,13,2020,8,19
0.0,0.0,30.0,13,2020,8,19
0.0,0.0,32.0,13,2020,8,19
0.0,0.0,37.0,13,2020,8,19
0.0,0.0,38.0,13,2020,8,19
0.0,0.0,39.0,13,2020,8,19
0.8130503296852112,0.0,44.0,13,2020,8,19
0.0,0.0,5.0,14,2020,8,19
1.6613569259643557,0.0,9.0,14,2020,8,19
1.5070738792419434,0.0,11.0,14,2020,8,19
5.811746597290039,0.0,13.0,14,2020,8,19
0.645851731300354,0.0,25.0,14,2020,8,19
0.2234259992837906,0.0,29.0,14,2020,8,19
0.0,0.0,30.0,14,2020,8,19
0.0,0.0,32.0,14,2020,8,19
0.0,0.0,37.0,14,2020,8,19
0.0,0.0,38.0,14,2020,8,19
0.0,0.0,39.0,14,2020,8,19
0.4320376515388489,0.0,44.0,14,2020,8,19
0.0,0.0,5.0,15,2020,8,19
1.0807496309280396,0.0,9.0,15,2020,8,19
0.906078577041626,0.0,11.0,15,2020,8,19
3.4124951362609863,0.0,13.0,15,2020,8,19
0.3900845944881439,0.0,25.0,15,2020,8,19
0.196097269654274,0.0,29.0,15,2020,8,19
0.0,0.0,30.0,15,2020,8,19
0.0,0.0,32.0,15,2020,8,19
0.0,0.0,37.0,15,2020,8,19
0.0,0.0,38.0,15,2020,8,19
0.0,0.0,39.0,15,2020,8,19
0.2358941584825515,0.0,44.0,15,2020,8,19
0.0,0.0,5.0,16,2020,8,19
1.799848556518555,0.0,9.0,16,2020,8,19
1.5689873695373535,0.0,11.0,16,2020,8,19
2.180440664291382,0.0,13.0,16,2020,8,19
0.5822422504425049,0.0,25.0,16,2020,8,19
0.1139912977814674,0.0,29.0,16,2020,8,19
0.0,0.0,30.0,16,2020,8,19
0.0,0.0,32.0,16,2020,8,19
0.0,0.0,37.0,16,2020,8,19
0.0,0.0,38.0,16,2020,8,19
0.0,0.0,39.0,16,2020,8,19
0.0413575246930122,0.0,44.0,16,2020,8,19
0.0,0.0,5.0,17,2020,8,19
0.6017822027206421,0.0,9.0,17,2020,8,19
1.3215110301971436,0.0,11.0,17,2020,8,19
2.101224660873413,0.0,13.0,17,2020,8,19
0.0306196268647909,0.0,25.0,17,2020,8,19
0.4415867328643799,0.0,29.0,17,2020,8,19
0.0,0.0,30.0,17,2020,8,19
0.0,0.0,32.0,17,2020,8,19
0.0,0.0,37.0,17,2020,8,19
0.0,0.0,38.0,17,2020,8,19
0.0,0.0,39.0,17,2020,8,19
0.0632033869624137,0.0,44.0,17,2020,8,19
0.0,0.0,5.0,18,2020,8,19
0.4966495931148529,4.399999618530273,9.0,18,2020,8,19
0.9460628032684326,0.0,11.0,18,2020,8,19
1.9707518815994265,30.799997329711918,13.0,18,2020,8,19
0.0,0.0,25.0,18,2020,8,19
0.0,0.0,29.0,18,2020,8,19
0.0,0.0,30.0,18,2020,8,19
0.0,0.0,32.0,18,2020,8,19
0.0,0.0,37.0,18,2020,8,19
0.0,0.0,38.0,18,2020,8,19
0.0,0.0,39.0,18,2020,8,19
0.0,0.0,44.0,18,2020,8,19
0.0,34.50000762939453,5.0,19,2020,8,19
0.5787844657897949,20.89999771118164,9.0,19,2020,8,19
0.7626514434814453,72.79999542236328,11.0,19,2020,8,19
1.378164291381836,68.39999389648438,13.0,19,2020,8,19
0.0839162319898605,35.39999771118164,25.0,19,2020,8,19
0.0,83.1999740600586,29.0,19,2020,8,19
0.0,53.30000305175781,30.0,19,2020,8,19
0.0,59.59999465942383,32.0,19,2020,8,19
0.0,0.0,37.0,19,2020,8,19
0.0,0.0,38.0,19,2020,8,19
0.0,65.39998626708984,39.0,19,2020,8,19
0.0,0.0,44.0,19,2020,8,19
0.0,3.799999952316284,5.0,20,2020,8,19
0.3215614557266235,3.6000003814697266,9.0,20,2020,8,19
0.1271526962518692,0.0,11.0,20,2020,8,19
0.197033405303955,0.0,13.0,20,2020,8,19
0.0,14.900002479553224,25.0,20,2020,8,19
0.0,7.100000381469727,29.0,20,2020,8,19
0.0,0.0,30.0,20,2020,8,19
0.0,0.3000000715255737,32.0,20,2020,8,19
0.0,0.0,37.0,20,2020,8,19
0.0,0.0,38.0,20,2020,8,19
0.0,0.0,39.0,20,2020,8,19
0.0,0.0,44.0,20,2020,8,19
0.0,21.899999618530277,5.0,7,2021,8,19
1.3160628080368042,0.0,9.0,7,2021,8,19
1.4040483236312866,23.900001525878903,11.0,7,2021,8,19
1.168366551399231,8.199999809265137,13.0,7,2021,8,19
0.0,31.599992752075195,25.0,7,2021,8,19
0.3842706680297851,45.09999847412109,29.0,7,2021,8,19
0.0,0.0,30.0,7,2021,8,19
0.1603940427303314,0.0,32.0,7,2021,8,19
0.0,0.0,37.0,7,2021,8,19
0.0,0.0,38.0,7,2021,8,19
0.0,0.0,39.0,7,2021,8,19
0.1869520395994186,0.0,44.0,7,2021,8,19
0.0,0.0,5.0,8,2021,8,19
1.457775354385376,0.0,9.0,8,2021,8,19
0.5356013178825378,0.0,11.0,8,2021,8,19
2.00152587890625,0.0,13.0,8,2021,8,19
0.4900234937667846,0.0,25.0,8,2021,8,19
0.2034938931465149,0.0,29.0,8,2021,8,19
0.0,0.0,30.0,8,2021,8,19
0.0,0.0,32.0,8,2021,8,19
0.0,0.0,37.0,8,2021,8,19
0.0,3.799999952316284,38.0,8,2021,8,19
0.0,0.4000000953674316,39.0,8,2021,8,19
0.3357122540473938,4.099999904632568,44.0,8,2021,8,19
0.0,0.0,5.0,9,2021,8,19
0.6422279477119446,0.0,9.0,9,2021,8,19
0.0,0.0,11.0,9,2021,8,19
0.5603746771812439,0.0,13.0,9,2021,8,19
0.0,0.0,25.0,9,2021,8,19
0.0,0.0,29.0,9,2021,8,19
0.0,0.0,30.0,9,2021,8,19
0.0,0.0,32.0,9,2021,8,19
0.0,0.0,37.0,9,2021,8,19
0.0,2.8000001907348637,38.0,9,2021,8,19
0.0,6.500000476837158,39.0,9,2021,8,19
0.0,0.0,44.0,9,2021,8,19
0.0,0.0,5.0,10,2021,8,19
0.2248817235231399,0.0,9.0,10,2021,8,19
0.0,0.0,11.0,10,2021,8,19
1.3174651861190796,0.0,13.0,10,2021,8,19
0.0,0.0,25.0,10,2021,8,19
0.0,0.0,29.0,10,2021,8,19
0.0,0.0,30.0,10,2021,8,19
0.0,0.0,32.0,10,2021,8,19
0.0,0.0,37.0,10,2021,8,19
0.0,0.0,38.0,10,2021,8,19
0.0,0.0,39.0,10,2021,8,19
0.0,0.0,44.0,10,2021,8,19
0.0,0.0,5.0,11,2021,8,19
0.2821990549564361,0.0,9.0,11,2021,8,19
0.1379078477621078,0.0,11.0,11,2021,8,19
0.4284064769744873,0.0,13.0,11,2021,8,19
0.0,0.0,25.0,11,2021,8,19
0.0,0.0,29.0,11,2021,8,19
0.0,0.0,30.0,11,2021,8,19
0.0,0.0,32.0,11,2021,8,19
0.0,0.0,37.0,11,2021,8,19
0.0,0.0,38.0,11,2021,8,19
0.0,0.0,39.0,11,2021,8,19
0.0,0.0,44.0,11,2021,8,19
0.0,0.0,5.0,12,2021,8,19
0.4202464818954468,0.0,9.0,12,2021,8,19
0.0192385911941528,0.0,11.0,12,2021,8,19
0.9025258421897888,0.0,13.0,12,2021,8,19
0.0,0.0,25.0,12,2021,8,19
0.1697486937046051,0.0,29.0,12,2021,8,19
0.0,0.0,30.0,12,2021,8,19
0.054251804947853,0.0,32.0,12,2021,8,19
0.0,0.0,37.0,12,2021,8,19
0.0,0.0,38.0,12,2021,8,19
0.0,0.0,39.0,12,2021,8,19
0.2859174311161041,0.0,44.0,12,2021,8,19
0.0,0.0,5.0,13,2021,8,19
0.0837349891662597,0.0,9.0,13,2021,8,19
0.0634363144636154,3.6999998092651367,11.0,13,2021,8,19
1.6306828260421753,39.900001525878906,13.0,13,2021,8,19
0.4627246260643005,0.0,25.0,13,2021,8,19
0.0,0.0,29.0,13,2021,8,19
0.0,0.0,30.0,13,2021,8,19
0.0,0.0,32.0,13,2021,8,19
0.0,0.0,37.0,13,2021,8,19
0.0,0.0,38.0,13,2021,8,19
0.0,0.0,39.0,13,2021,8,19
0.2416785806417465,0.0,44.0,13,2021,8,19
0.0,0.0,5.0,14,2021,8,19
0.9902589917182922,0.0,9.0,14,2021,8,19
1.3482491970062256,14.60000228881836,11.0,14,2021,8,19
2.2294294834136963,40.400001525878906,13.0,14,2021,8,19
0.2521214783191681,0.0,25.0,14,2021,8,19
0.0,0.0,29.0,14,2021,8,19
0.0,0.0,30.0,14,2021,8,19
0.0,0.0,32.0,14,2021,8,19
0.0,0.0,37.0,14,2021,8,19
0.0,0.0,38.0,14,2021,8,19
0.0,0.0,39.0,14,2021,8,19
0.2725592255592346,0.0,44.0,14,2021,8,19
0.0,8.600000381469727,5.0,15,2021,8,19
0.5491433143615723,0.0,9.0,15,2021,8,19
0.9006010890007019,0.0,11.0,15,2021,8,19
2.0527799129486084,35.20000076293945,13.0,15,2021,8,19
0.3852747976779938,30.700000762939453,25.0,15,2021,8,19
0.0,1.999999761581421,29.0,15,2021,8,19
0.1475381851196289,0.0,30.0,15,2021,8,19
0.0,1.9000003337860107,32.0,15,2021,8,19
0.0,0.0,37.0,15,2021,8,19
0.0,0.0,38.0,15,2021,8,19
0.0,0.0,39.0,15,2021,8,19
0.0727778077125549,0.0,44.0,15,2021,8,19
0.0,0.0,5.0,16,2021,8,19
0.6487323045730591,0.0,9.0,16,2021,8,19
0.3438320755958557,55.80001068115234,11.0,16,2021,8,19
0.8202008008956909,44.399993896484375,13.0,16,2021,8,19
0.0,10.69999885559082,25.0,16,2021,8,19
0.3195594251155853,0.0,29.0,16,2021,8,19
0.0,4.700000286102295,30.0,16,2021,8,19
0.0,0.0,32.0,16,2021,8,19
0.0,0.0,37.0,16,2021,8,19
0.0,0.0,38.0,16,2021,8,19
0.0,0.0,39.0,16,2021,8,19
0.0,0.0,44.0,16,2021,8,19
0.0,5.299999713897705,5.0,17,2021,8,19
0.1588255316019058,27.999998092651367,9.0,17,2021,8,19
0.3428171873092651,0.4000000953674316,11.0,17,2021,8,19
0.5968606472015381,4.700000286102295,13.0,17,2021,8,19
0.0,11.500000953674316,25.0,17,2021,8,19
0.0,16.899999618530273,29.0,17,2021,8,19
0.0,0.0,30.0,17,2021,8,19
0.0,13.79999828338623,32.0,17,2021,8,19
0.0,2.4000003337860107,37.0,17,2021,8,19
0.0,0.0,38.0,17,2021,8,19
0.0,0.0,39.0,17,2021,8,19
0.0,6.59999942779541,44.0,17,2021,8,19
0.0,0.0,5.0,18,2021,8,19
0.5675593614578247,0.0,9.0,18,2021,8,19
0.0115092378109693,0.0,11.0,18,2021,8,19
0.4104757905006408,0.0,13.0,18,2021,8,19
0.0,0.0,25.0,18,2021,8,19
0.0,0.0,29.0,18,2021,8,19
0.0,0.0,30.0,18,2021,8,19
0.0,0.0,32.0,18,2021,8,19
0.0,0.0,37.0,18,2021,8,19
0.0,0.0,38.0,18,2021,8,19
0.0,0.0,39.0,18,2021,8,19
0.0,0.0,44.0,18,2021,8,19
0.0,0.0,5.0,19,2021,8,19
0.0303036700934171,0.0,9.0,19,2021,8,19
0.0,0.0,11.0,19,2021,8,19
0.2884038388729095,0.0,13.0,19,2021,8,19
0.0,0.0,25.0,19,2021,8,19
0.0,0.0,29.0,19,2021,8,19
0.0,0.0,30.0,19,2021,8,19
0.0,0.0,32.0,19,2021,8,19
0.0,0.0,37.0,19,2021,8,19
0.0,0.0,38.0,19,2021,8,19
0.0,0.0,39.0,19,2021,8,19
0.0,0.0,44.0,19,2021,8,19
0.0,0.9000000953674316,5.0,20,2021,8,19
0.0,0.0,9.0,20,2021,8,19
0.0,0.0,11.0,20,2021,8,19
0.0,0.0,13.0,20,2021,8,19
0.0,0.0,25.0,20,2021,8,19
0.0,0.0,29.0,20,2021,8,19
0.0,0.0,30.0,20,2021,8,19
0.0,0.0,32.0,20,2021,8,19
0.0,0.0,37.0,20,2021,8,19
0.0,0.0,38.0,20,2021,8,19
0.0,0.0,39.0,20,2021,8,19
0.0,20.000001907348636,44.0,20,2021,8,19
0.0,17.0,5.0,7,2022,8,19
1.1483362913131714,3.6000003814697266,9.0,7,2022,8,19
1.0753666162490845,18.0,11.0,7,2022,8,19
1.7589483261108398,2.999999523162842,13.0,7,2022,8,19
0.1534077525138855,35.0,25.0,7,2022,8,19
0.0,30.99999237060547,29.0,7,2022,8,19
0.0,41.70000457763672,30.0,7,2022,8,19
0.0,96.4000244140625,32.0,7,2022,8,19
0.0,67.0,37.0,7,2022,8,19
0.0,35.0,38.0,7,2022,8,19
0.0,77.99998474121094,39.0,7,2022,8,19
0.0,64.00001525878906,44.0,7,2022,8,19
0.0,23.0,5.0,8,2022,8,19
0.0332468077540397,15.200000762939451,9.0,8,2022,8,19
0.9913999438285828,18.0,11.0,8,2022,8,19
1.9564208984375,102.0000457763672,13.0,8,2022,8,19
0.0120900515466928,24.89999771118164,25.0,8,2022,8,19
0.0938922315835952,14.000000953674316,29.0,8,2022,8,19
0.0,25.500003814697266,30.0,8,2022,8,19
0.0,54.60000228881836,32.0,8,2022,8,19
0.0,27.999998092651367,37.0,8,2022,8,19
0.0,25.70000267028809,38.0,8,2022,8,19
0.0,35.0,39.0,8,2022,8,19
0.0,4.999999523162842,44.0,8,2022,8,19
0.0,2.999999523162842,5.0,9,2022,8,19
0.121081456542015,14.000000953674316,9.0,9,2022,8,19
1.3112432956695557,1.999999761581421,11.0,9,2022,8,19
1.0925980806350708,4.0,13.0,9,2022,8,19
0.2531125247478485,0.0999999865889549,25.0,9,2022,8,19
0.0,0.0,29.0,9,2022,8,19
0.0,13.000000953674316,30.0,9,2022,8,19
0.0,27.999998092651367,32.0,9,2022,8,19
0.0,8.0,37.0,9,2022,8,19
0.0,34.30000305175781,38.0,9,2022,8,19
0.0,2.999999523162842,39.0,9,2022,8,19
0.0,1.999999761581421,44.0,9,2022,8,19
0.0,0.0,5.0,10,2022,8,19
1.5501463413238523,8.0,9.0,10,2022,8,19
1.837374687194824,0.0,11.0,10,2022,8,19
2.396879196166992,4.0,13.0,10,2022,8,19
0.3278861939907074,0.0,25.0,10,2022,8,19
0.0,0.0,29.0,10,2022,8,19
0.0,0.0,30.0,10,2022,8,19
0.0,0.0,32.0,10,2022,8,19
0.0,0.0,37.0,10,2022,8,19
0.0,0.0,38.0,10,2022,8,19
0.0,0.0,39.0,10,2022,8,19
0.0,0.0,44.0,10,2022,8,19
0.0,0.0,5.0,11,2022,8,19
1.100416660308838,58.00000381469727,9.0,11,2022,8,19
0.8035998344421387,0.0,11.0,11,2022,8,19
2.198560953140259,0.0,13.0,11,2022,8,19
0.7922923564910889,10.30000114440918,25.0,11,2022,8,19
0.0,11.0,29.0,11,2022,8,19
0.0,0.0,30.0,11,2022,8,19
0.0,0.0,32.0,11,2022,8,19
0.0,0.0,37.0,11,2022,8,19
0.0,0.0,38.0,11,2022,8,19
0.0,0.0,39.0,11,2022,8,19
0.0,0.0,44.0,11,2022,8,19
0.0,0.0,5.0,12,2022,8,19
1.5427672863006592,0.0,9.0,12,2022,8,19
0.3761183321475982,14.000000953674316,11.0,12,2022,8,19
3.3324015140533447,1.999999761581421,13.0,12,2022,8,19
0.3331471979618072,0.0,25.0,12,2022,8,19
0.0,0.0,29.0,12,2022,8,19
0.0,0.0,30.0,12,2022,8,19
0.0,0.0,32.0,12,2022,8,19
0.0,0.5,37.0,12,2022,8,19
0.0,0.0,38.0,12,2022,8,19
0.0,0.0,39.0,12,2022,8,19
0.0,0.0,44.0,12,2022,8,19
0.0,0.0,5.0,13,2022,8,19
0.2481444776058197,29.000001907348636,9.0,13,2022,8,19
1.314906358718872,40.99999237060547,11.0,13,2022,8,19
2.650702953338623,27.999998092651367,13.0,13,2022,8,19
0.1034461557865142,1.999999761581421,25.0,13,2022,8,19
0.0,0.0,29.0,13,2022,8,19
0.0,0.5,30.0,13,2022,8,19
0.0,7.5,32.0,13,2022,8,19
0.0,12.000001907348633,37.0,13,2022,8,19
0.0,1.999999761581421,38.0,13,2022,8,19
0.0,0.0,39.0,13,2022,8,19
0.245719239115715,0.0999999865889549,44.0,13,2022,8,19
0.0,0.0,5.0,14,2022,8,19
0.4657234251499176,0.0,9.0,14,2022,8,19
0.912516951560974,0.0,11.0,14,2022,8,19
2.004532814025879,0.0,13.0,14,2022,8,19
0.0,0.0,25.0,14,2022,8,19
0.0,0.0,29.0,14,2022,8,19
0.0,0.0,30.0,14,2022,8,19
0.0,2.500000238418579,32.0,14,2022,8,19
0.0,0.0,37.0,14,2022,8,19
0.0,0.0,38.0,14,2022,8,19
0.0,0.0,39.0,14,2022,8,19
0.2572412490844726,0.0,44.0,14,2022,8,19
0.0,0.0,5.0,15,2022,8,19
0.4791222810745239,0.0,9.0,15,2022,8,19
0.5374426245689392,0.0,11.0,15,2022,8,19
0.97336745262146,9.0,13.0,15,2022,8,19
0.0,0.0,25.0,15,2022,8,19
0.0,0.0,29.0,15,2022,8,19
0.0,0.0,30.0,15,2022,8,19
0.0,0.0,32.0,15,2022,8,19
0.0,0.0,37.0,15,2022,8,19
0.0,0.0,38.0,15,2022,8,19
0.0,0.0,39.0,15,2022,8,19
0.427867442369461,0.0,44.0,15,2022,8,19
0.0,2.999999523162842,5.0,16,2022,8,19
0.7382674217224121,0.0,9.0,16,2022,8,19
0.5639280080795288,0.2000000029802322,11.0,16,2022,8,19
1.101664662361145,0.0,13.0,16,2022,8,19
0.2511038780212402,10.899999618530272,25.0,16,2022,8,19
0.0159007757902145,0.0,29.0,16,2022,8,19
0.0,0.0,30.0,16,2022,8,19
0.0,24.000001907348636,32.0,16,2022,8,19
0.0,0.0,37.0,16,2022,8,19
0.0,37.0,38.0,16,2022,8,19
0.0,0.0,39.0,16,2022,8,19
0.24570032954216,0.4000000953674316,44.0,16,2022,8,19
0.0,59.9999885559082,5.0,17,2022,8,19
0.7821285128593445,11.0,9.0,17,2022,8,19
0.1698241084814071,35.999996185302734,11.0,17,2022,8,19
1.9467251300811768,75.30000305175781,13.0,17,2022,8,19
0.0806565880775451,18.0,25.0,17,2022,8,19
0.0,8.0,29.0,17,2022,8,19
0.0,18.0,30.0,17,2022,8,19
0.0,12.000001907348633,32.0,17,2022,8,19
0.0,15.0,37.0,17,2022,8,19
0.0,9.0,38.0,17,2022,8,19
0.0,19.0,39.0,17,2022,8,19
0.0,56.0,44.0,17,2022,8,19
0.0,0.0,5.0,18,2022,8,19
0.4529367983341217,0.0,9.0,18,2022,8,19
0.3383313417434692,0.0,11.0,18,2022,8,19
1.960913896560669,0.0,13.0,18,2022,8,19
0.1161791458725929,10.000000953674316,25.0,18,2022,8,19
0.0003171001735609,0.0,29.0,18,2022,8,19
0.0,0.0,30.0,18,2022,8,19
0.0,0.0,32.0,18,2022,8,19
0.0,0.0,37.0,18,2022,8,19
0.0,0.0,38.0,18,2022,8,19
0.0,0.0,39.0,18,2022,8,19
0.0660642459988594,0.0,44.0,18,2022,8,19
0.0,0.0,5.0,19,2022,8,19
0.4811762571334839,0.0,9.0,19,2022,8,19
0.3347410857677459,0.0,11.0,19,2022,8,19
1.9135438203811648,0.0,13.0,19,2022,8,19
0.4786421656608581,0.0,25.0,19,2022,8,19
0.0039873314090073,0.0,29.0,19,2022,8,19
0.0093331951647996,0.0,30.0,19,2022,8,19
0.0,0.0,32.0,19,2022,8,19
0.0,0.0,37.0,19,2022,8,19
0.0,0.0,38.0,19,2022,8,19
0.0,0.0,39.0,19,2022,8,19
0.0,0.0,44.0,19,2022,8,19
0.0,0.0,5.0,20,2022,8,19
0.3698331713676452,0.0,9.0,20,2022,8,19
0.1855102777481079,0.0,11.0,20,2022,8,19
1.8664722442626955,0.0,13.0,20,2022,8,19
0.0,0.0,25.0,20,2022,8,19
0.0,0.0,29.0,20,2022,8,19
0.0,0.0,30.0,20,2022,8,19
0.0,14.000000953674316,32.0,20,2022,8,19
0.0,2.999999523162842,37.0,20,2022,8,19
0.0,0.9999998807907104,38.0,20,2022,8,19
0.0,4.0,39.0,20,2022,8,19
0.0,17.200002670288086,44.0,20,2022,8,19
0.0,40.99999237060547,5.0,7,2023,8,19
1.3732013702392578,4.999999523162842,9.0,7,2023,8,19
3.6390442848205566,41.99999237060547,11.0,7,2023,8,19
7.757493495941162,0.2000000029802322,13.0,7,2023,8,19
0.8049349784851074,12.000001907348633,25.0,7,2023,8,19
1.0355064868927002,0.9999998807907104,29.0,7,2023,8,19
0.0,1.999999761581421,30.0,7,2023,8,19
0.0,11.0,32.0,7,2023,8,19
0.0,4.0,37.0,7,2023,8,19
0.0494788289070129,8.0,38.0,7,2023,8,19
0.0,2.999999523162842,39.0,7,2023,8,19
0.824661910533905,2.999999523162842,44.0,7,2023,8,19
0.0,0.0999999865889549,5.0,8,2023,8,19
1.851267695426941,2.500000238418579,9.0,8,2023,8,19
2.4630203247070312,4.300000190734863,11.0,8,2023,8,19
7.16234827041626,48.80000305175781,13.0,8,2023,8,19
1.3587446212768557,0.0,25.0,8,2023,8,19
0.722693681716919,2.999999523162842,29.0,8,2023,8,19
0.0121636372059583,0.0,30.0,8,2023,8,19
0.0221333187073469,0.0,32.0,8,2023,8,19
0.0,14.000000953674316,37.0,8,2023,8,19
0.0881528556346893,10.000000953674316,38.0,8,2023,8,19
0.0,0.0,39.0,8,2023,8,19
0.631743311882019,0.0,44.0,8,2023,8,19
0.0,1.7000000476837158,5.0,9,2023,8,19
3.4792518615722656,29.4999942779541,9.0,9,2023,8,19
1.3379051685333252,17.30000114440918,11.0,9,2023,8,19
4.378929615020752,23.0,13.0,9,2023,8,19
1.7055435180664062,2.999999523162842,25.0,9,2023,8,19
0.4089834094047546,1.999999761581421,29.0,9,2023,8,19
0.0,4.999999523162842,30.0,9,2023,8,19
0.0,4.999999523162842,32.0,9,2023,8,19
0.0,37.0,37.0,9,2023,8,19
0.0,0.0,38.0,9,2023,8,19
0.0,33.0,39.0,9,2023,8,19
0.196547269821167,19.0,44.0,9,2023,8,19
0.0,41.99999237060547,5.0,10,2023,8,19
2.7321267127990723,5.999999523162842,9.0,10,2023,8,19
2.5195045471191406,22.0,11.0,10,2023,8,19
5.221875190734863,0.0,13.0,10,2023,8,19
1.788848876953125,12.000001907348633,25.0,10,2023,8,19
0.278048574924469,15.0,29.0,10,2023,8,19
0.0,56.999996185302734,30.0,10,2023,8,19
0.0,4.999999523162842,32.0,10,2023,8,19
0.0,75.0,37.0,10,2023,8,19
0.0,26.000001907348636,38.0,10,2023,8,19
0.0,24.000001907348636,39.0,10,2023,8,19
0.3359719514846802,10.000000953674316,44.0,10,2023,8,19
0.0,0.0,5.0,11,2023,8,19
1.2933976650238037,0.0,9.0,11,2023,8,19
2.196854591369629,10.000000953674316,11.0,11,2023,8,19
3.361851215362549,0.0,13.0,11,2023,8,19
0.7283133268356323,0.0,25.0,11,2023,8,19
0.1073498502373695,0.0999999865889549,29.0,11,2023,8,19
0.0,0.0,30.0,11,2023,8,19
0.0,0.0,32.0,11,2023,8,19
0.0,0.0,37.0,11,2023,8,19
0.0,0.0,38.0,11,2023,8,19
0.0,0.0,39.0,11,2023,8,19
0.3086107969284057,0.0999999865889549,44.0,11,2023,8,19
0.0,0.0,5.0,12,2023,8,19
2.6999669075012207,0.0,9.0,12,2023,8,19
3.080322742462158,0.0,11.0,12,2023,8,19
5.832364559173584,0.0,13.0,12,2023,8,19
1.133036732673645,0.0,25.0,12,2023,8,19
0.2557958662509918,0.6999999284744263,29.0,12,2023,8,19
0.150237962603569,0.0,30.0,12,2023,8,19
0.2134414613246917,0.0,32.0,12,2023,8,19
0.0,0.0,37.0,12,2023,8,19
0.0,0.0,38.0,12,2023,8,19
0.0,0.0,39.0,12,2023,8,19
0.2428464144468307,0.0,44.0,12,2023,8,19
0.0,0.0,5.0,13,2023,8,19
1.0583844184875488,0.0,9.0,13,2023,8,19
2.286592483520508,0.0,11.0,13,2023,8,19
2.7251908779144287,0.0,13.0,13,2023,8,19
0.9237399697303772,0.0,25.0,13,2023,8,19
0.0330688208341598,0.0,29.0,13,2023,8,19
0.0,0.0,30.0,13,2023,8,19
0.0,0.0,32.0,13,2023,8,19
0.0,0.0,37.0,13,2023,8,19
0.0,0.0,38.0,13,2023,8,19
0.0,0.0,39.0,13,2023,8,19
0.5891482830047607,0.0,44.0,13,2023,8,19
0.0,0.0,5.0,14,2023,8,19
1.520728349685669,0.0,9.0,14,2023,8,19
1.1010223627090454,0.0,11.0,14,2023,8,19
2.966911554336548,0.0,13.0,14,2023,8,19
0.3280670940876007,0.0,25.0,14,2023,8,19
0.0678949728608131,0.0,29.0,14,2023,8,19
0.0,0.0,30.0,14,2023,8,19
0.0,0.0,32.0,14,2023,8,19
0.0,0.0,37.0,14,2023,8,19
0.0,0.0,38.0,14,2023,8,19
0.0,0.0,39.0,14,2023,8,19
0.2382388114929199,0.0,44.0,14,2023,8,19
0.0,0.0,5.0,15,2023,8,19
0.8775992393493652,0.0,9.0,15,2023,8,19
0.2723395824432373,0.0,11.0,15,2023,8,19
1.7002341747283936,0.0,13.0,15,2023,8,19
0.1088045015931129,0.0,25.0,15,2023,8,19
0.0,0.0,29.0,15,2023,8,19
0.0,0.0,30.0,15,2023,8,19
0.0255891885608434,0.0,32.0,15,2023,8,19
0.0,0.0,37.0,15,2023,8,19
0.0,0.0,38.0,15,2023,8,19
0.0,0.0,39.0,15,2023,8,19
0.1293371170759201,0.0,44.0,15,2023,8,19
0.0,0.0,5.0,16,2023,8,19
0.970109522342682,0.2000000029802322,9.0,16,2023,8,19
0.1935591995716095,0.0,11.0,16,2023,8,19
1.5125234127044678,4.0,13.0,16,2023,8,19
0.3914214968681335,0.3000000715255737,25.0,16,2023,8,19
0.0,0.9000000953674316,29.0,16,2023,8,19
0.0,0.0,30.0,16,2023,8,19
0.0,0.800000011920929,32.0,16,2023,8,19
0.0,0.0,37.0,16,2023,8,19
0.0,0.0,38.0,16,2023,8,19
0.0,0.3000000715255737,39.0,16,2023,8,19
0.0,0.4000000953674316,44.0,16,2023,8,19
0.0,0.0,5.0,17,2023,8,19
0.7685562372207642,1.2999999523162842,9.0,17,2023,8,19
0.0,0.800000011920929,11.0,17,2023,8,19
0.9833826422691344,0.5,13.0,17,2023,8,19
0.0,0.4000000953674316,25.0,17,2023,8,19
0.0,0.2000000029802322,29.0,17,2023,8,19
0.0226196981966495,0.0,30.0,17,2023,8,19
0.0,2.299999713897705,32.0,17,2023,8,19
0.0,0.0,37.0,17,2023,8,19
0.0,0.0,38.0,17,2023,8,19
0.0,0.6999999284744263,39.0,17,2023,8,19
0.0,6.59999942779541,44.0,17,2023,8,19
0.0,0.0,5.0,18,2023,8,19
0.0,0.0,9.0,18,2023,8,19
0.0,0.0,11.0,18,2023,8,19
0.6128948926925659,0.0,13.0,18,2023,8,19
0.0,0.0,25.0,18,2023,8,19
0.0,0.0,29.0,18,2023,8,19
0.0,0.0,30.0,18,2023,8,19
0.0,0.0,32.0,18,2023,8,19
0.0,0.0,37.0,18,2023,8,19
0.0,0.0,38.0,18,2023,8,19
0.0,0.0,39.0,18,2023,8,19
0.0,0.0,44.0,18,2023,8,19
0.0,0.0,5.0,19,2023,8,19
0.0741951912641525,0.0,9.0,19,2023,8,19
0.2280677855014801,0.0,11.0,19,2023,8,19
0.4508935213088989,0.0,13.0,19,2023,8,19
0.0,0.0,25.0,19,2023,8,19
0.0,0.0,29.0,19,2023,8,19
0.0,0.0,30.0,19,2023,8,19
0.0,0.0,32.0,19,2023,8,19
0.0,0.0,37.0,19,2023,8,19
0.0,0.0,38.0,19,2023,8,19
0.0,0.0,39.0,19,2023,8,19
0.0,0.3000000715255737,44.0,19,2023,8,19
0.0,0.0,5.0,20,2023,8,19
0.0,0.0,9.0,20,2023,8,19
0.0758909061551094,0.0999999865889549,11.0,20,2023,8,19
0.0394119471311569,0.0,13.0,20,2023,8,19
0.0,0.0,25.0,20,2023,8,19
0.0,0.0999999865889549,29.0,20,2023,8,19
0.0,0.0,30.0,20,2023,8,19
0.0,16.0,32.0,20,2023,8,19
0.0,0.0,37.0,20,2023,8,19
0.0,0.0,38.0,20,2023,8,19
0.0,0.0,39.0,20,2023,8,19
0.0,0.0,44.0,20,2023,8,19
0.0,0.0,5.0,7,2020,8,22
1.492997646331787,0.0,9.0,7,2020,8,22
1.7811830043792725,0.0,11.0,7,2020,8,22
2.988187074661255,0.0,13.0,7,2020,8,22
1.2427805662155151,0.0,25.0,7,2020,8,22
0.5489641427993774,0.0,29.0,7,2020,8,22
0.0,0.0,30.0,7,2020,8,22
0.0,0.0,32.0,7,2020,8,22
0.0,0.0,37.0,7,2020,8,22
0.0805677771568298,0.0,38.0,7,2020,8,22
0.0,0.0,39.0,7,2020,8,22
0.6778804063796997,0.0,44.0,7,2020,8,22
0.0,0.0,5.0,8,2020,8,22
2.004945755004883,16.899999618530273,9.0,8,2020,8,22
1.1260004043579102,0.0,11.0,8,2020,8,22
4.962154865264893,25.200000762939453,13.0,8,2020,8,22
0.3458330035209656,0.0,25.0,8,2020,8,22
0.0,0.0,29.0,8,2020,8,22
0.0,0.0,30.0,8,2020,8,22
0.0,0.0,32.0,8,2020,8,22
0.0,0.0,37.0,8,2020,8,22
0.0,0.0,38.0,8,2020,8,22
0.0,0.0,39.0,8,2020,8,22
0.8146133422851562,0.0,44.0,8,2020,8,22
0.0,10.80000114440918,5.0,9,2020,8,22
1.775315523147583,40.99999237060547,9.0,9,2020,8,22
0.9244863390922546,0.0,11.0,9,2020,8,22
3.373430728912353,12.200000762939451,13.0,9,2020,8,22
0.7686014771461487,36.89999008178711,25.0,9,2020,8,22
0.2893469929695129,2.299999713897705,29.0,9,2020,8,22
0.0,0.0,30.0,9,2020,8,22
0.0,0.0,32.0,9,2020,8,22
0.0,0.0,37.0,9,2020,8,22
0.0,0.0,38.0,9,2020,8,22
0.0,0.0,39.0,9,2020,8,22
0.0,0.0,44.0,9,2020,8,22
0.0,0.0,5.0,10,2020,8,22
0.7948867082595825,0.0,9.0,10,2020,8,22
1.3883790969848633,0.0,11.0,10,2020,8,22
3.948175430297852,0.0,13.0,10,2020,8,22
0.556800365447998,0.0,25.0,10,2020,8,22
0.8570335507392883,0.0,29.0,10,2020,8,22
0.0,0.0,30.0,10,2020,8,22
0.0,0.0,32.0,10,2020,8,22
0.0,0.0,37.0,10,2020,8,22
0.0,0.0,38.0,10,2020,8,22
0.0,0.0,39.0,10,2020,8,22
0.4933718144893646,0.0,44.0,10,2020,8,22
0.0,0.0,5.0,11,2020,8,22
1.148970603942871,0.0,9.0,11,2020,8,22
1.1281969547271729,0.0,11.0,11,2020,8,22
1.857699990272522,0.0,13.0,11,2020,8,22
0.1892376840114593,0.0,25.0,11,2020,8,22
0.2734340131282806,0.0,29.0,11,2020,8,22
0.0,0.0,30.0,11,2020,8,22
0.0,0.0,32.0,11,2020,8,22
0.0,0.0,37.0,11,2020,8,22
0.0,0.0,38.0,11,2020,8,22
0.0,0.0,39.0,11,2020,8,22
0.1601922959089279,0.0,44.0,11,2020,8,22
0.0,0.0,5.0,12,2020,8,22
1.0699548721313477,0.0,9.0,12,2020,8,22
0.5721465349197388,0.0,11.0,12,2020,8,22
2.5275650024414062,0.0,13.0,12,2020,8,22
0.073470152914524,0.0,25.0,12,2020,8,22
0.0,0.0,29.0,12,2020,8,22
0.19352787733078,0.0,30.0,12,2020,8,22
0.0,0.0,32.0,12,2020,8,22
0.0,0.0,37.0,12,2020,8,22
0.0,0.0,38.0,12,2020,8,22
0.0,0.0,39.0,12,2020,8,22
0.0,0.0,44.0,12,2020,8,22
0.0,0.0,5.0,13,2020,8,22
0.3300307095050812,0.0,9.0,13,2020,8,22
0.8156042098999023,0.0,11.0,13,2020,8,22
2.4347095489501958,0.0,13.0,13,2020,8,22
0.2663326561450958,0.0,25.0,13,2020,8,22
0.0,0.0,29.0,13,2020,8,22
0.0,0.0,30.0,13,2020,8,22
0.0,0.0,32.0,13,2020,8,22
0.0,0.0,37.0,13,2020,8,22
0.0,0.0,38.0,13,2020,8,22
0.0,0.0,39.0,13,2020,8,22
0.0,0.0,44.0,13,2020,8,22
0.0,0.0,5.0,14,2020,8,22
0.2591140866279602,0.0,9.0,14,2020,8,22
0.4473567903041839,0.0,11.0,14,2020,8,22
3.4612059593200684,0.0,13.0,14,2020,8,22
0.2548391819000244,0.0,25.0,14,2020,8,22
0.0,0.0,29.0,14,2020,8,22
0.0,0.0,30.0,14,2020,8,22
0.0,0.0,32.0,14,2020,8,22
0.0,0.0,37.0,14,2020,8,22
0.0,0.0,38.0,14,2020,8,22
0.0,0.0,39.0,14,2020,8,22
0.0,0.0,44.0,14,2020,8,22
0.0,0.0,5.0,15,2020,8,22
0.8950393795967102,4.399999618530273,9.0,15,2020,8,22
0.3076948821544647,0.0,11.0,15,2020,8,22
2.130995035171509,30.799997329711918,13.0,15,2020,8,22
0.8507888913154602,0.0,25.0,15,2020,8,22
0.0,0.0,29.0,15,2020,8,22
0.0,0.0,30.0,15,2020,8,22
0.0,0.0,32.0,15,2020,8,22
0.0,0.0,37.0,15,2020,8,22
0.0,0.0,38.0,15,2020,8,22
0.0,0.0,39.0,15,2020,8,22
0.1311191618442535,0.0,44.0,15,2020,8,22
0.0,34.50000762939453,5.0,16,2020,8,22
1.178726077079773,20.89999771118164,9.0,16,2020,8,22
0.3393626809120178,72.79999542236328,11.0,16,2020,8,22
1.070629596710205,68.39999389648438,13.0,16,2020,8,22
0.2141788899898529,35.39999771118164,25.0,16,2020,8,22
0.0,83.1999740600586,29.0,16,2020,8,22
0.0,53.30000305175781,30.0,16,2020,8,22
0.0,59.59999465942383,32.0,16,2020,8,22
0.0,0.0,37.0,16,2020,8,22
0.0,0.0,38.0,16,2020,8,22
0.0,65.39998626708984,39.0,16,2020,8,22
0.0,0.0,44.0,16,2020,8,22
0.0,3.799999952316284,5.0,17,2020,8,22
0.1884710490703582,3.6000003814697266,9.0,17,2020,8,22
0.0456720441579818,0.0,11.0,17,2020,8,22
0.7122933864593506,0.0,13.0,17,2020,8,22
0.0,14.900002479553224,25.0,17,2020,8,22
0.0,7.100000381469727,29.0,17,2020,8,22
0.0,0.0,30.0,17,2020,8,22
0.0,0.3000000715255737,32.0,17,2020,8,22
0.0,0.0,37.0,17,2020,8,22
0.0,0.0,38.0,17,2020,8,22
0.0,0.0,39.0,17,2020,8,22
0.0,0.0,44.0,17,2020,8,22
0.0,16.200000762939453,5.0,18,2020,8,22
0.0,24.69999885559082,9.0,18,2020,8,22
0.0,41.89998626708984,11.0,18,2020,8,22
0.1581436693668365,42.499996185302734,13.0,18,2020,8,22
0.0,19.099994659423828,25.0,18,2020,8,22
0.0,21.899999618530277,29.0,18,2020,8,22
0.0,15.400002479553224,30.0,18,2020,8,22
0.0,4.399999618530273,32.0,18,2020,8,22
0.0,0.0,37.0,18,2020,8,22
0.0,22.49999618530273,38.0,18,2020,8,22
0.0,0.0,39.0,18,2020,8,22
0.0,23.700000762939453,44.0,18,2020,8,22
0.0,16.499998092651367,5.0,19,2020,8,22
0.0,53.499996185302734,9.0,19,2020,8,22
0.0,23.700000762939453,11.0,19,2020,8,22
0.1437961310148239,6.59999942779541,13.0,19,2020,8,22
0.0,17.399999618530273,25.0,19,2020,8,22
0.0,62.0999870300293,29.0,19,2020,8,22
0.0,1.2999999523162842,30.0,19,2020,8,22
0.0,0.0,32.0,19,2020,8,22
0.0,0.0,37.0,19,2020,8,22
0.0,20.500001907348636,38.0,19,2020,8,22
0.0,12.90000057220459,39.0,19,2020,8,22
0.0,0.0,44.0,19,2020,8,22
0.0,0.0,5.0,20,2020,8,22
0.0,25.399995803833008,9.0,20,2020,8,22
0.0,12.300000190734863,11.0,20,2020,8,22
0.095222570002079,8.0,13.0,20,2020,8,22
0.0,0.0,25.0,20,2020,8,22
0.0,0.0,29.0,20,2020,8,22
0.0,0.0,30.0,20,2020,8,22
0.0,0.0,32.0,20,2020,8,22
0.0,0.0,37.0,20,2020,8,22
0.0,0.0,38.0,20,2020,8,22
0.0,0.0,39.0,20,2020,8,22
0.0,0.0,44.0,20,2020,8,22
0.0,0.0,5.0,7,2021,8,22
0.0,0.0,9.0,7,2021,8,22
0.0,0.0,11.0,7,2021,8,22
0.4238357841968536,0.0,13.0,7,2021,8,22
0.0,0.0,25.0,7,2021,8,22
0.0,0.0,29.0,7,2021,8,22
0.0,0.0,30.0,7,2021,8,22
0.0,0.0,32.0,7,2021,8,22
0.0,0.0,37.0,7,2021,8,22
0.0,0.0,38.0,7,2021,8,22
0.0,0.0,39.0,7,2021,8,22
0.0,0.0,44.0,7,2021,8,22
0.0,0.0,5.0,8,2021,8,22
0.0,0.0,9.0,8,2021,8,22
0.020697833970189,0.0,11.0,8,2021,8,22
0.0479496195912361,0.0,13.0,8,2021,8,22
0.0,0.0,25.0,8,2021,8,22
0.0,0.0,29.0,8,2021,8,22
0.0,0.0,30.0,8,2021,8,22
0.0,0.0,32.0,8,2021,8,22
0.0,0.0,37.0,8,2021,8,22
0.0,0.0,38.0,8,2021,8,22
0.0,0.0,39.0,8,2021,8,22
0.0,0.0,44.0,8,2021,8,22
0.0,0.0,5.0,9,2021,8,22
0.0408770404756069,0.0,9.0,9,2021,8,22
0.0,0.0,11.0,9,2021,8,22
0.3849740326404571,0.0,13.0,9,2021,8,22
0.0,0.0,25.0,9,2021,8,22
0.0,0.0,29.0,9,2021,8,22
0.0,0.0,30.0,9,2021,8,22
0.0,0.0,32.0,9,2021,8,22
0.0,0.0,37.0,9,2021,8,22
0.0,0.0,38.0,9,2021,8,22
0.0,0.0,39.0,9,2021,8,22
0.0,0.0,44.0,9,2021,8,22
0.0,0.0,5.0,10,2021,8,22
0.0,0.0,9.0,10,2021,8,22
0.2500151991844177,3.6999998092651367,11.0,10,2021,8,22
1.0555949211120603,39.900001525878906,13.0,10,2021,8,22
0.0,0.0,25.0,10,2021,8,22
0.0,0.0,29.0,10,2021,8,22
0.0,0.0,30.0,10,2021,8,22
0.0,0.0,32.0,10,2021,8,22
0.0,0.0,37.0,10,2021,8,22
0.0,0.0,38.0,10,2021,8,22
0.0,0.0,39.0,10,2021,8,22
0.0,0.0,44.0,10,2021,8,22
0.0,0.0,5.0,11,2021,8,22
0.0091893123462796,0.0,9.0,11,2021,8,22
0.4351518154144287,14.60000228881836,11.0,11,2021,8,22
0.0,40.400001525878906,13.0,11,2021,8,22
0.0,0.0,25.0,11,2021,8,22
0.0,0.0,29.0,11,2021,8,22
0.0,0.0,30.0,11,2021,8,22
0.0,0.0,32.0,11,2021,8,22
0.0,0.0,37.0,11,2021,8,22
0.0,0.0,38.0,11,2021,8,22
0.0,0.0,39.0,11,2021,8,22
0.0,0.0,44.0,11,2021,8,22
0.0,8.600000381469727,5.0,12,2021,8,22
0.0,0.0,9.0,12,2021,8,22
0.0558506213128566,0.0,11.0,12,2021,8,22
0.0,35.20000076293945,13.0,12,2021,8,22
0.0,30.700000762939453,25.0,12,2021,8,22
0.0,1.999999761581421,29.0,12,2021,8,22
0.0,0.0,30.0,12,2021,8,22
0.0,1.9000003337860107,32.0,12,2021,8,22
0.0,0.0,37.0,12,2021,8,22
0.0,0.0,38.0,12,2021,8,22
0.0,0.0,39.0,12,2021,8,22
0.0,0.0,44.0,12,2021,8,22
0.0,0.0,5.0,13,2021,8,22
0.0,0.0,9.0,13,2021,8,22
0.2065976113080978,55.80001068115234,11.0,13,2021,8,22
0.1489951461553573,44.399993896484375,13.0,13,2021,8,22
0.0,10.69999885559082,25.0,13,2021,8,22
0.0,0.0,29.0,13,2021,8,22
0.0,4.700000286102295,30.0,13,2021,8,22
0.0,0.0,32.0,13,2021,8,22
0.0,0.0,37.0,13,2021,8,22
0.0,0.0,38.0,13,2021,8,22
0.0,0.0,39.0,13,2021,8,22
0.0,0.0,44.0,13,2021,8,22
0.0,5.299999713897705,5.0,14,2021,8,22
0.0,27.999998092651367,9.0,14,2021,8,22
0.0150924976915121,0.4000000953674316,11.0,14,2021,8,22
0.343412846326828,4.700000286102295,13.0,14,2021,8,22
0.0,11.500000953674316,25.0,14,2021,8,22
0.0,16.899999618530273,29.0,14,2021,8,22
0.0,0.0,30.0,14,2021,8,22
0.0,13.79999828338623,32.0,14,2021,8,22
0.0,2.4000003337860107,37.0,14,2021,8,22
0.0,0.0,38.0,14,2021,8,22
0.0,0.0,39.0,14,2021,8,22
0.0,6.59999942779541,44.0,14,2021,8,22
0.0,0.0,5.0,15,2021,8,22
0.0,0.0,9.0,15,2021,8,22
0.0258907303214073,0.0,11.0,15,2021,8,22
0.1816032975912094,0.0,13.0,15,2021,8,22
0.0,0.0,25.0,15,2021,8,22
0.0,0.0,29.0,15,2021,8,22
0.0,0.0,30.0,15,2021,8,22
0.0,0.0,32.0,15,2021,8,22
0.0,0.0,37.0,15,2021,8,22
0.0,0.0,38.0,15,2021,8,22
0.0,0.0,39.0,15,2021,8,22
0.0,0.0,44.0,15,2021,8,22
0.0,0.0,5.0,16,2021,8,22
0.0,0.0,9.0,16,2021,8,22
0.0,0.0,11.0,16,2021,8,22
0.211010530591011,0.0,13.0,16,2021,8,22
0.0,0.0,25.0,16,2021,8,22
0.0,0.0,29.0,16,2021,8,22
0.0,0.0,30.0,16,2021,8,22
0.0,0.0,32.0,16,2021,8,22
0.0,0.0,37.0,16,2021,8,22
0.0,0.0,38.0,16,2021,8,22
0.0,0.0,39.0,16,2021,8,22
0.0,0.0,44.0,16,2021,8,22
0.0,0.9000000953674316,5.0,17,2021,8,22
0.0,0.0,9.0,17,2021,8,22
0.0,0.0,11.0,17,2021,8,22
0.0,0.0,13.0,17,2021,8,22
0.0,0.0,25.0,17,2021,8,22
0.0,0.0,29.0,17,2021,8,22
0.0,0.0,30.0,17,2021,8,22
0.0,0.0,32.0,17,2021,8,22
0.0,0.0,37.0,17,2021,8,22
0.0,0.0,38.0,17,2021,8,22
0.0,0.0,39.0,17,2021,8,22
0.0,20.000001907348636,44.0,17,2021,8,22
0.0,0.0,5.0,18,2021,8,22
0.0,0.0,9.0,18,2021,8,22
0.0,0.0,11.0,18,2021,8,22
0.0415873154997825,0.0,13.0,18,2021,8,22
0.0,3.6999998092651367,25.0,18,2021,8,22
0.0,0.0,29.0,18,2021,8,22
0.0,1.1000001430511477,30.0,18,2021,8,22
0.0,23.500003814697266,32.0,18,2021,8,22
0.0,9.700000762939451,37.0,18,2021,8,22
0.0,5.999999523162842,38.0,18,2021,8,22
0.0,14.60000228881836,39.0,18,2021,8,22
0.0,25.099998474121094,44.0,18,2021,8,22
0.0,0.0,5.0,19,2021,8,22
0.0,0.0,9.0,19,2021,8,22
0.0,0.0,11.0,19,2021,8,22
0.2961803376674652,0.0,13.0,19,2021,8,22
0.0,0.0,25.0,19,2021,8,22
0.0,0.0,29.0,19,2021,8,22
0.0,0.0,30.0,19,2021,8,22
0.0,0.0,32.0,19,2021,8,22
0.0,0.0,37.0,19,2021,8,22
0.0,0.0,38.0,19,2021,8,22
0.0,0.0,39.0,19,2021,8,22
0.0,0.0,44.0,19,2021,8,22
0.0,0.0,5.0,20,2021,8,22
0.0,0.0,9.0,20,2021,8,22
0.0,0.0,11.0,20,2021,8,22
0.0,0.0,13.0,20,2021,8,22
0.0,0.0,25.0,20,2021,8,22
0.0,0.0,29.0,20,2021,8,22
0.0,0.0,30.0,20,2021,8,22
0.0,0.0,32.0,20,2021,8,22
0.0,0.0,37.0,20,2021,8,22
0.0,0.0,38.0,20,2021,8,22
0.0,0.0,39.0,20,2021,8,22
0.0,0.0,44.0,20,2021,8,22
0.0,0.0,5.0,7,2022,8,22
1.4408683776855469,8.0,9.0,7,2022,8,22
1.6750541925430298,0.0,11.0,7,2022,8,22
3.808873891830444,4.0,13.0,7,2022,8,22
0.732024610042572,0.0,25.0,7,2022,8,22
0.0,0.0,29.0,7,2022,8,22
0.0,0.0,30.0,7,2022,8,22
0.0,0.0,32.0,7,2022,8,22
0.0,0.0,37.0,7,2022,8,22
0.0,0.0,38.0,7,2022,8,22
0.0,0.0,39.0,7,2022,8,22
0.3421288728713989,0.0,44.0,7,2022,8,22
0.0,0.0,5.0,8,2022,8,22
2.751828193664551,58.00000381469727,9.0,8,2022,8,22
2.159700870513916,0.0,11.0,8,2022,8,22
3.075225830078125,0.0,13.0,8,2022,8,22
0.5631239414215088,10.30000114440918,25.0,8,2022,8,22
0.0,11.0,29.0,8,2022,8,22
0.0,0.0,30.0,8,2022,8,22
0.0,0.0,32.0,8,2022,8,22
0.0,0.0,37.0,8,2022,8,22
0.0,0.0,38.0,8,2022,8,22
0.0,0.0,39.0,8,2022,8,22
0.0373539142310619,0.0,44.0,8,2022,8,22
0.0,0.0,5.0,9,2022,8,22
1.3885111808776855,0.0,9.0,9,2022,8,22
2.0386171340942383,14.000000953674316,11.0,9,2022,8,22
2.3616130352020264,1.999999761581421,13.0,9,2022,8,22
0.5165709853172302,0.0,25.0,9,2022,8,22
0.0164921451359987,0.0,29.0,9,2022,8,22
0.0,0.0,30.0,9,2022,8,22
0.0,0.0,32.0,9,2022,8,22
0.0,0.5,37.0,9,2022,8,22
0.0,0.0,38.0,9,2022,8,22
0.0,0.0,39.0,9,2022,8,22
0.0,0.0,44.0,9,2022,8,22
0.0,0.0,5.0,10,2022,8,22
0.7593844532966614,29.000001907348636,9.0,10,2022,8,22
1.5247242450714111,40.99999237060547,11.0,10,2022,8,22
3.106614589691162,27.999998092651367,13.0,10,2022,8,22
0.4135394692420959,1.999999761581421,25.0,10,2022,8,22
0.0631563290953636,0.0,29.0,10,2022,8,22
0.0,0.5,30.0,10,2022,8,22
0.0,7.5,32.0,10,2022,8,22
0.0,12.000001907348633,37.0,10,2022,8,22
0.0,1.999999761581421,38.0,10,2022,8,22
0.0,0.0,39.0,10,2022,8,22
0.0359563268721103,0.0999999865889549,44.0,10,2022,8,22
0.0,0.0,5.0,11,2022,8,22
0.5714052319526672,0.0,9.0,11,2022,8,22
1.5523825883865356,0.0,11.0,11,2022,8,22
1.9737398624420168,0.0,13.0,11,2022,8,22
0.0031929712276905,0.0,25.0,11,2022,8,22
0.0,0.0,29.0,11,2022,8,22
0.0,0.0,30.0,11,2022,8,22
0.0,2.500000238418579,32.0,11,2022,8,22
0.0,0.0,37.0,11,2022,8,22
0.0,0.0,38.0,11,2022,8,22
0.0,0.0,39.0,11,2022,8,22
0.0,0.0,44.0,11,2022,8,22
0.0,0.0,5.0,12,2022,8,22
1.4529221057891846,0.0,9.0,12,2022,8,22
1.0356247425079346,0.0,11.0,12,2022,8,22
1.1933692693710327,9.0,13.0,12,2022,8,22
0.0914351120591163,0.0,25.0,12,2022,8,22
0.0,0.0,29.0,12,2022,8,22
0.0,0.0,30.0,12,2022,8,22
0.0085760504007339,0.0,32.0,12,2022,8,22
0.0,0.0,37.0,12,2022,8,22
0.0,0.0,38.0,12,2022,8,22
0.0,0.0,39.0,12,2022,8,22
0.0,0.0,44.0,12,2022,8,22
0.0,2.999999523162842,5.0,13,2022,8,22
0.3410271406173706,0.0,9.0,13,2022,8,22
0.8199492692947388,0.2000000029802322,11.0,13,2022,8,22
1.278808355331421,0.0,13.0,13,2022,8,22
0.191588744521141,10.899999618530272,25.0,13,2022,8,22
0.0,0.0,29.0,13,2022,8,22
0.0,0.0,30.0,13,2022,8,22
0.0,24.000001907348636,32.0,13,2022,8,22
0.0,0.0,37.0,13,2022,8,22
0.0,37.0,38.0,13,2022,8,22
0.0,0.0,39.0,13,2022,8,22
0.0,0.4000000953674316,44.0,13,2022,8,22
0.0,59.9999885559082,5.0,14,2022,8,22
0.9151673316955566,11.0,9.0,14,2022,8,22
1.1320686340332031,35.999996185302734,11.0,14,2022,8,22
2.019089698791504,75.30000305175781,13.0,14,2022,8,22
0.040303710848093,18.0,25.0,14,2022,8,22
0.0148127349093556,8.0,29.0,14,2022,8,22
0.0,18.0,30.0,14,2022,8,22
0.0,12.000001907348633,32.0,14,2022,8,22
0.0,15.0,37.0,14,2022,8,22
0.0,9.0,38.0,14,2022,8,22
0.0,19.0,39.0,14,2022,8,22
0.0918146818876266,56.0,44.0,14,2022,8,22
0.0,0.0,5.0,15,2022,8,22
0.8495683073997498,0.0,9.0,15,2022,8,22
1.0836403369903564,0.0,11.0,15,2022,8,22
3.1367316246032715,0.0,13.0,15,2022,8,22
0.300174742937088,10.000000953674316,25.0,15,2022,8,22
0.2719905376434326,0.0,29.0,15,2022,8,22
0.0,0.0,30.0,15,2022,8,22
0.0,0.0,32.0,15,2022,8,22
0.0,0.0,37.0,15,2022,8,22
0.0,0.0,38.0,15,2022,8,22
0.0,0.0,39.0,15,2022,8,22
0.2647880911827087,0.0,44.0,15,2022,8,22
0.0,0.0,5.0,16,2022,8,22
0.8977855443954468,0.0,9.0,16,2022,8,22
1.0806570053100586,0.0,11.0,16,2022,8,22
1.84687077999115,0.0,13.0,16,2022,8,22
0.4060718417167663,0.0,25.0,16,2022,8,22
0.0,0.0,29.0,16,2022,8,22
0.0,0.0,30.0,16,2022,8,22
0.0,0.0,32.0,16,2022,8,22
0.0,0.0,37.0,16,2022,8,22
0.0,0.0,38.0,16,2022,8,22
0.0,0.0,39.0,16,2022,8,22
0.352896898984909,0.0,44.0,16,2022,8,22
0.0,0.0,5.0,17,2022,8,22
0.4341672658920288,0.0,9.0,17,2022,8,22
0.0,0.0,11.0,17,2022,8,22
0.2347449362277984,0.0,13.0,17,2022,8,22
0.0,0.0,25.0,17,2022,8,22
0.0,0.0,29.0,17,2022,8,22
0.0,0.0,30.0,17,2022,8,22
0.0,14.000000953674316,32.0,17,2022,8,22
0.0,2.999999523162842,37.0,17,2022,8,22
0.0,0.9999998807907104,38.0,17,2022,8,22
0.0,4.0,39.0,17,2022,8,22
0.0,17.200002670288086,44.0,17,2022,8,22
0.0,5.999999523162842,5.0,18,2022,8,22
0.0,1.999999761581421,9.0,18,2022,8,22
0.0,0.5999999046325684,11.0,18,2022,8,22
0.2981727421283722,1.2999999523162842,13.0,18,2022,8,22
0.0,10.000000953674316,25.0,18,2022,8,22
0.0,6.100000381469727,29.0,18,2022,8,22
0.0,22.0,30.0,18,2022,8,22
0.0,60.999996185302734,32.0,18,2022,8,22
0.0,33.0,37.0,18,2022,8,22
0.0,14.000000953674316,38.0,18,2022,8,22
0.0,51.00000762939453,39.0,18,2022,8,22
0.0,64.00001525878906,44.0,18,2022,8,22
0.0,0.0,5.0,19,2022,8,22
0.0,0.0,9.0,19,2022,8,22
0.0,0.0,11.0,19,2022,8,22
0.0127044906839728,0.4000000953674316,13.0,19,2022,8,22
0.0,2.299999713897705,25.0,19,2022,8,22
0.0,0.5999999046325684,29.0,19,2022,8,22
0.0,1.1000001430511477,30.0,19,2022,8,22
0.0,3.1000001430511475,32.0,19,2022,8,22
0.0,2.999999523162842,37.0,19,2022,8,22
0.0,17.500001907348633,38.0,19,2022,8,22
0.0,4.999999523162842,39.0,19,2022,8,22
0.0,27.000001907348636,44.0,19,2022,8,22
0.0,0.0,5.0,20,2022,8,22
0.0,10.000000953674316,9.0,20,2022,8,22
0.0,2.999999523162842,11.0,20,2022,8,22
0.0,16.0,13.0,20,2022,8,22
0.0,0.0,25.0,20,2022,8,22
0.0,0.3000000715255737,29.0,20,2022,8,22
0.0,0.0,30.0,20,2022,8,22
0.0,0.0,32.0,20,2022,8,22
0.0,0.0,37.0,20,2022,8,22
0.0,0.0,38.0,20,2022,8,22
0.0,0.0,39.0,20,2022,8,22
0.0,0.0,44.0,20,2022,8,22
0.0,41.99999237060547,5.0,7,2023,8,22
1.9162886142730715,5.999999523162842,9.0,7,2023,8,22
2.0456929206848145,22.0,11.0,7,2023,8,22
6.457018852233887,0.0,13.0,7,2023,8,22
1.4924116134643557,12.000001907348633,25.0,7,2023,8,22
0.3750547468662262,15.0,29.0,7,2023,8,22
0.0,56.999996185302734,30.0,7,2023,8,22
0.0,4.999999523162842,32.0,7,2023,8,22
0.0,75.0,37.0,7,2023,8,22
0.0,26.000001907348636,38.0,7,2023,8,22
0.0,24.000001907348636,39.0,7,2023,8,22
0.7261785268783569,10.000000953674316,44.0,7,2023,8,22
0.0,0.0,5.0,8,2023,8,22
2.244896173477173,0.0,9.0,8,2023,8,22
2.3170907497406006,10.000000953674316,11.0,8,2023,8,22
3.0113525390625,0.0,13.0,8,2023,8,22
0.8765081167221069,0.0,25.0,8,2023,8,22
0.1447564661502838,0.0999999865889549,29.0,8,2023,8,22
0.0,0.0,30.0,8,2023,8,22
0.0,0.0,32.0,8,2023,8,22
0.0,0.0,37.0,8,2023,8,22
0.0,0.0,38.0,8,2023,8,22
0.0,0.0,39.0,8,2023,8,22
0.9500229358673096,0.0999999865889549,44.0,8,2023,8,22
0.0,0.0,5.0,9,2023,8,22
0.8741748332977295,0.0,9.0,9,2023,8,22
0.701355516910553,0.0,11.0,9,2023,8,22
2.1426103115081787,0.0,13.0,9,2023,8,22
0.1551412343978881,0.0,25.0,9,2023,8,22
0.1507576555013656,0.6999999284744263,29.0,9,2023,8,22
0.0,0.0,30.0,9,2023,8,22
0.0,0.0,32.0,9,2023,8,22
0.0,0.0,37.0,9,2023,8,22
0.0,0.0,38.0,9,2023,8,22
0.0,0.0,39.0,9,2023,8,22
0.1054060608148574,0.0,44.0,9,2023,8,22
0.0,0.0,5.0,10,2023,8,22
0.0,0.0,9.0,10,2023,8,22
0.0,0.0,11.0,10,2023,8,22
0.3544934093952179,0.0,13.0,10,2023,8,22
0.0,0.0,25.0,10,2023,8,22
0.0,0.0,29.0,10,2023,8,22
0.0,0.0,30.0,10,2023,8,22
0.0,0.0,32.0,10,2023,8,22
0.0,0.0,37.0,10,2023,8,22
0.0,0.0,38.0,10,2023,8,22
0.0,0.0,39.0,10,2023,8,22
0.0,0.0,44.0,10,2023,8,22
0.0,0.0,5.0,11,2023,8,22
0.0,0.0,9.0,11,2023,8,22
0.0,0.0,11.0,11,2023,8,22
0.0,0.0,13.0,11,2023,8,22
0.0,0.0,25.0,11,2023,8,22
0.0,0.0,29.0,11,2023,8,22
0.0,0.0,30.0,11,2023,8,22
0.0,0.0,32.0,11,2023,8,22
0.0,0.0,37.0,11,2023,8,22
0.0,0.0,38.0,11,2023,8,22
0.0,0.0,39.0,11,2023,8,22
0.0,0.0,44.0,11,2023,8,22
0.0,0.0,5.0,12,2023,8,22
0.0,0.0,9.0,12,2023,8,22
0.0,0.0,11.0,12,2023,8,22
0.0,0.0,13.0,12,2023,8,22
0.0,0.0,25.0,12,2023,8,22
0.0,0.0,29.0,12,2023,8,22
0.0,0.0,30.0,12,2023,8,22
0.0,0.0,32.0,12,2023,8,22
0.0,0.0,37.0,12,2023,8,22
0.0,0.0,38.0,12,2023,8,22
0.0,0.0,39.0,12,2023,8,22
0.0,0.0,44.0,12,2023,8,22
0.0,0.0,5.0,13,2023,8,22
0.0,0.2000000029802322,9.0,13,2023,8,22
0.0,0.0,11.0,13,2023,8,22
0.0,4.0,13.0,13,2023,8,22
0.0,0.3000000715255737,25.0,13,2023,8,22
0.0,0.9000000953674316,29.0,13,2023,8,22
0.0,0.0,30.0,13,2023,8,22
0.0,0.800000011920929,32.0,13,2023,8,22
0.0,0.0,37.0,13,2023,8,22
0.0,0.0,38.0,13,2023,8,22
0.0,0.3000000715255737,39.0,13,2023,8,22
0.0,0.4000000953674316,44.0,13,2023,8,22
0.0,0.0,5.0,14,2023,8,22
0.0,1.2999999523162842,9.0,14,2023,8,22
0.0,0.800000011920929,11.0,14,2023,8,22
0.0,0.5,13.0,14,2023,8,22
0.0,0.4000000953674316,25.0,14,2023,8,22
0.0,0.2000000029802322,29.0,14,2023,8,22
0.0,0.0,30.0,14,2023,8,22
0.0,2.299999713897705,32.0,14,2023,8,22
0.0,0.0,37.0,14,2023,8,22
0.0,0.0,38.0,14,2023,8,22
0.0,0.6999999284744263,39.0,14,2023,8,22
0.0,6.59999942779541,44.0,14,2023,8,22
0.0,0.0,5.0,15,2023,8,22
0.0,0.0,9.0,15,2023,8,22
0.0,0.0,11.0,15,2023,8,22
0.0,0.0,13.0,15,2023,8,22
0.0,0.0,25.0,15,2023,8,22
0.0,0.0,29.0,15,2023,8,22
0.0,0.0,30.0,15,2023,8,22
0.0,0.0,32.0,15,2023,8,22
0.0,0.0,37.0,15,2023,8,22
0.0,0.0,38.0,15,2023,8,22
0.0,0.0,39.0,15,2023,8,22
0.0,0.0,44.0,15,2023,8,22
0.0,0.0,5.0,16,2023,8,22
0.0,0.0,9.0,16,2023,8,22
0.0,0.0,11.0,16,2023,8,22
0.1315153986215591,0.0,13.0,16,2023,8,22
0.0,0.0,25.0,16,2023,8,22
0.0,0.0,29.0,16,2023,8,22
0.0,0.0,30.0,16,2023,8,22
0.0,0.0,32.0,16,2023,8,22
0.0,0.0,37.0,16,2023,8,22
0.0,0.0,38.0,16,2023,8,22
0.0,0.0,39.0,16,2023,8,22
0.0,0.3000000715255737,44.0,16,2023,8,22
0.0,0.0,5.0,17,2023,8,22
0.0,0.0,9.0,17,2023,8,22
0.0,0.0999999865889549,11.0,17,2023,8,22
0.0,0.0,13.0,17,2023,8,22
0.0,0.0,25.0,17,2023,8,22
0.0,0.0999999865889549,29.0,17,2023,8,22
0.0,0.0,30.0,17,2023,8,22
0.0,16.0,32.0,17,2023,8,22
0.0,0.0,37.0,17,2023,8,22
0.0,0.0,38.0,17,2023,8,22
0.0,0.0,39.0,17,2023,8,22
0.0,0.0,44.0,17,2023,8,22
0.0,0.0,5.0,18,2023,8,22
0.0,4.999999523162842,9.0,18,2023,8,22
0.0,0.0,11.0,18,2023,8,22
0.0,9.0,13.0,18,2023,8,22
0.0,0.0999999865889549,25.0,18,2023,8,22
0.0,0.0,29.0,18,2023,8,22
0.0,4.0,30.0,18,2023,8,22
0.0,1.999999761581421,32.0,18,2023,8,22
0.0,1.999999761581421,37.0,18,2023,8,22
0.0,0.2000000029802322,38.0,18,2023,8,22
0.0,0.0,39.0,18,2023,8,22
0.0,0.0999999865889549,44.0,18,2023,8,22
0.0,0.9999998807907104,5.0,19,2023,8,22
0.0,0.0,9.0,19,2023,8,22
0.0,0.0,11.0,19,2023,8,22
0.316266268491745,0.0,13.0,19,2023,8,22
0.0,5.999999523162842,25.0,19,2023,8,22
0.0,4.0,29.0,19,2023,8,22
0.0,0.5,30.0,19,2023,8,22
0.0,20.099994659423828,32.0,19,2023,8,22
0.0,24.000001907348636,37.0,19,2023,8,22
0.0,3.90000057220459,38.0,19,2023,8,22
0.0,26.09999656677246,39.0,19,2023,8,22
0.0,22.0,44.0,19,2023,8,22
0.0,4.0,5.0,20,2023,8,22
0.0,0.0,9.0,20,2023,8,22
0.0,40.99999237060547,11.0,20,2023,8,22
0.0958902537822723,14.000000953674316,13.0,20,2023,8,22
0.0,15.0,25.0,20,2023,8,22
0.0,4.999999523162842,29.0,20,2023,8,22
0.0,5.999999523162842,30.0,20,2023,8,22
0.0,3.90000057220459,32.0,20,2023,8,22
0.0,2.999999523162842,37.0,20,2023,8,22
0.0,2.1000001430511475,38.0,20,2023,8,22
0.0,2.900000095367432,39.0,20,2023,8,22
0.0,0.0,44.0,20,2023,8,22
0.0,0.0,5.0,7,2020,8,26
0.1089608296751976,0.0,9.0,7,2020,8,26
0.1392121315002441,0.0,11.0,7,2020,8,26
1.4099860191345217,0.0,13.0,7,2020,8,26
0.0,0.0,25.0,7,2020,8,26
0.4898478388786316,0.0,29.0,7,2020,8,26
0.0,0.0,30.0,7,2020,8,26
0.0,0.0,32.0,7,2020,8,26
0.0,0.0,37.0,7,2020,8,26
0.0,0.0,38.0,7,2020,8,26
0.0,0.0,39.0,7,2020,8,26
0.0,0.0,44.0,7,2020,8,26
0.0,0.0,5.0,8,2020,8,26
0.0,0.0,9.0,8,2020,8,26
0.0,0.0,11.0,8,2020,8,26
0.0,0.0,13.0,8,2020,8,26
0.0,0.0,25.0,8,2020,8,26
0.0,0.0,29.0,8,2020,8,26
0.0,0.0,30.0,8,2020,8,26
0.0,0.0,32.0,8,2020,8,26
0.0,0.0,37.0,8,2020,8,26
0.0,0.0,38.0,8,2020,8,26
0.0,0.0,39.0,8,2020,8,26
0.0,0.0,44.0,8,2020,8,26
0.0,0.0,5.0,9,2020,8,26
0.1072749495506286,0.0,9.0,9,2020,8,26
0.0,0.0,11.0,9,2020,8,26
0.0,0.0,13.0,9,2020,8,26
0.0,0.0,25.0,9,2020,8,26
0.0,0.0,29.0,9,2020,8,26
0.0,0.0,30.0,9,2020,8,26
0.0,0.0,32.0,9,2020,8,26
0.0,0.0,37.0,9,2020,8,26
0.0,0.0,38.0,9,2020,8,26
0.0,0.0,39.0,9,2020,8,26
0.0,0.0,44.0,9,2020,8,26
0.0,0.0,5.0,10,2020,8,26
0.0,0.0,9.0,10,2020,8,26
0.0,0.0,11.0,10,2020,8,26
0.4663425087928772,0.0,13.0,10,2020,8,26
0.0,0.0,25.0,10,2020,8,26
0.0,0.0,29.0,10,2020,8,26
0.0,0.0,30.0,10,2020,8,26
0.0,0.0,32.0,10,2020,8,26
0.0,0.0,37.0,10,2020,8,26
0.0,0.0,38.0,10,2020,8,26
0.0,0.0,39.0,10,2020,8,26
0.0,0.0,44.0,10,2020,8,26
0.0,0.0,5.0,11,2020,8,26
0.0,4.399999618530273,9.0,11,2020,8,26
0.0,0.0,11.0,11,2020,8,26
0.0908911749720573,30.799997329711918,13.0,11,2020,8,26
0.0,0.0,25.0,11,2020,8,26
0.0,0.0,29.0,11,2020,8,26
0.0,0.0,30.0,11,2020,8,26
0.0,0.0,32.0,11,2020,8,26
0.0,0.0,37.0,11,2020,8,26
0.0,0.0,38.0,11,2020,8,26
0.0,0.0,39.0,11,2020,8,26
0.0,0.0,44.0,11,2020,8,26
0.0,34.50000762939453,5.0,12,2020,8,26
0.1282374262809753,20.89999771118164,9.0,12,2020,8,26
0.6014642715454102,72.79999542236328,11.0,12,2020,8,26
0.8891409635543823,68.39999389648438,13.0,12,2020,8,26
0.0,35.39999771118164,25.0,12,2020,8,26
0.0,83.1999740600586,29.0,12,2020,8,26
0.0,53.30000305175781,30.0,12,2020,8,26
0.0,59.59999465942383,32.0,12,2020,8,26
0.0,0.0,37.0,12,2020,8,26
0.0,0.0,38.0,12,2020,8,26
0.0,65.39998626708984,39.0,12,2020,8,26
0.0,0.0,44.0,12,2020,8,26
0.0,3.799999952316284,5.0,13,2020,8,26
0.2520181536674499,3.6000003814697266,9.0,13,2020,8,26
0.6129749417304993,0.0,11.0,13,2020,8,26
2.2786545753479004,0.0,13.0,13,2020,8,26
0.1209893226623535,14.900002479553224,25.0,13,2020,8,26
0.0,7.100000381469727,29.0,13,2020,8,26
0.0,0.0,30.0,13,2020,8,26
0.0,0.3000000715255737,32.0,13,2020,8,26
0.0,0.0,37.0,13,2020,8,26
0.0,0.0,38.0,13,2020,8,26
0.0,0.0,39.0,13,2020,8,26
0.5034567713737488,0.0,44.0,13,2020,8,26
0.0,16.200000762939453,5.0,14,2020,8,26
0.8663468360900879,24.69999885559082,9.0,14,2020,8,26
0.9653835892677308,41.89998626708984,11.0,14,2020,8,26
2.208094596862793,42.499996185302734,13.0,14,2020,8,26
0.3284898996353149,19.099994659423828,25.0,14,2020,8,26
0.1347892582416534,21.899999618530277,29.0,14,2020,8,26
0.0,15.400002479553224,30.0,14,2020,8,26
0.0,4.399999618530273,32.0,14,2020,8,26
0.0,0.0,37.0,14,2020,8,26
0.0,22.49999618530273,38.0,14,2020,8,26
0.0,0.0,39.0,14,2020,8,26
0.0959681943058967,23.700000762939453,44.0,14,2020,8,26
0.0,16.499998092651367,5.0,15,2020,8,26
0.3047801554203033,53.499996185302734,9.0,15,2020,8,26
0.5537787675857544,23.700000762939453,11.0,15,2020,8,26
1.165013313293457,6.59999942779541,13.0,15,2020,8,26
0.1032874658703804,17.399999618530273,25.0,15,2020,8,26
0.0,62.0999870300293,29.0,15,2020,8,26
0.0,1.2999999523162842,30.0,15,2020,8,26
0.0,0.0,32.0,15,2020,8,26
0.0,0.0,37.0,15,2020,8,26
0.0,20.500001907348636,38.0,15,2020,8,26
0.0,12.90000057220459,39.0,15,2020,8,26
0.0,0.0,44.0,15,2020,8,26
0.0,0.0,5.0,16,2020,8,26
0.4023118317127228,25.399995803833008,9.0,16,2020,8,26
0.1292264610528946,12.300000190734863,11.0,16,2020,8,26
0.1694288849830627,8.0,13.0,16,2020,8,26
0.0,0.0,25.0,16,2020,8,26
0.0,0.0,29.0,16,2020,8,26
0.0,0.0,30.0,16,2020,8,26
0.0,0.0,32.0,16,2020,8,26
0.0,0.0,37.0,16,2020,8,26
0.0,0.0,38.0,16,2020,8,26
0.0,0.0,39.0,16,2020,8,26
0.0,0.0,44.0,16,2020,8,26
0.0,1.8000000715255735,5.0,17,2020,8,26
0.0376841723918914,35.20000076293945,9.0,17,2020,8,26
0.0,23.600004196166992,11.0,17,2020,8,26
0.0,24.000001907348636,13.0,17,2020,8,26
0.0,8.299999237060547,25.0,17,2020,8,26
0.0,7.100000381469727,29.0,17,2020,8,26
0.0,5.999999523162842,30.0,17,2020,8,26
0.0,0.0,32.0,17,2020,8,26
0.0,0.0,37.0,17,2020,8,26
0.0,7.0,38.0,17,2020,8,26
0.0,0.0,39.0,17,2020,8,26
0.0,0.0,44.0,17,2020,8,26
0.0,0.0,5.0,18,2020,8,26
0.0,17.399999618530273,9.0,18,2020,8,26
0.0,0.0,11.0,18,2020,8,26
0.0,5.1999993324279785,13.0,18,2020,8,26
0.0,1.600000023841858,25.0,18,2020,8,26
0.0,0.0,29.0,18,2020,8,26
0.0,6.799999237060547,30.0,18,2020,8,26
0.0,0.0,32.0,18,2020,8,26
0.0,17.100004196166992,37.0,18,2020,8,26
0.0,7.800000190734863,38.0,18,2020,8,26
0.0,1.2999999523162842,39.0,18,2020,8,26
0.0,0.9000000953674316,44.0,18,2020,8,26
0.0,0.0,5.0,19,2020,8,26
0.0,47.199989318847656,9.0,19,2020,8,26
0.0,0.0,11.0,19,2020,8,26
0.0,0.0,13.0,19,2020,8,26
0.0,4.700000286102295,25.0,19,2020,8,26
0.0,29.4999942779541,29.0,19,2020,8,26
0.0,17.700000762939453,30.0,19,2020,8,26
0.0,13.40000343322754,32.0,19,2020,8,26
0.0,22.20000267028809,37.0,19,2020,8,26
0.0,62.60000991821289,38.0,19,2020,8,26
0.0,1.7000000476837158,39.0,19,2020,8,26
0.0,9.400001525878906,44.0,19,2020,8,26
0.0,0.0,5.0,20,2020,8,26
0.0,20.600006103515625,9.0,20,2020,8,26
0.0,41.19999694824219,11.0,20,2020,8,26
0.0,1.2999999523162842,13.0,20,2020,8,26
0.0,0.0,25.0,20,2020,8,26
0.0,34.900001525878906,29.0,20,2020,8,26
0.0,0.0,30.0,20,2020,8,26
0.0,0.0,32.0,20,2020,8,26
0.0,0.0,37.0,20,2020,8,26
0.0,0.0,38.0,20,2020,8,26
0.0,0.0,39.0,20,2020,8,26
0.0,0.0,44.0,20,2020,8,26
0.0,0.0,5.0,7,2021,8,26
0.0,0.0,9.0,7,2021,8,26
0.0022018554154783,14.60000228881836,11.0,7,2021,8,26
0.0,40.400001525878906,13.0,7,2021,8,26
0.0,0.0,25.0,7,2021,8,26
0.0,0.0,29.0,7,2021,8,26
0.0,0.0,30.0,7,2021,8,26
0.0,0.0,32.0,7,2021,8,26
0.0,0.0,37.0,7,2021,8,26
0.0,0.0,38.0,7,2021,8,26
0.0,0.0,39.0,7,2021,8,26
0.0,0.0,44.0,7,2021,8,26
0.0,8.600000381469727,5.0,8,2021,8,26
0.0,0.0,9.0,8,2021,8,26
0.0904057621955871,0.0,11.0,8,2021,8,26
0.1600151807069778,35.20000076293945,13.0,8,2021,8,26
0.0,30.700000762939453,25.0,8,2021,8,26
0.0,1.999999761581421,29.0,8,2021,8,26
0.0,0.0,30.0,8,2021,8,26
0.0,1.9000003337860107,32.0,8,2021,8,26
0.0,0.0,37.0,8,2021,8,26
0.0,0.0,38.0,8,2021,8,26
0.0,0.0,39.0,8,2021,8,26
0.0,0.0,44.0,8,2021,8,26
0.0,0.0,5.0,9,2021,8,26
0.5202245116233826,0.0,9.0,9,2021,8,26
0.4502121806144714,55.80001068115234,11.0,9,2021,8,26
0.4213602840900421,44.399993896484375,13.0,9,2021,8,26
0.0,10.69999885559082,25.0,9,2021,8,26
0.0,0.0,29.0,9,2021,8,26
0.0,4.700000286102295,30.0,9,2021,8,26
0.0,0.0,32.0,9,2021,8,26
0.0,0.0,37.0,9,2021,8,26
0.0,0.0,38.0,9,2021,8,26
0.0,0.0,39.0,9,2021,8,26
0.0,0.0,44.0,9,2021,8,26
0.0,5.299999713897705,5.0,10,2021,8,26
0.2755990922451019,27.999998092651367,9.0,10,2021,8,26
0.3180424273014068,0.4000000953674316,11.0,10,2021,8,26
0.9301045536994934,4.700000286102295,13.0,10,2021,8,26
0.1175337582826614,11.500000953674316,25.0,10,2021,8,26
0.0,16.899999618530273,29.0,10,2021,8,26
0.0,0.0,30.0,10,2021,8,26
0.0,13.79999828338623,32.0,10,2021,8,26
0.0,2.4000003337860107,37.0,10,2021,8,26
0.0,0.0,38.0,10,2021,8,26
0.0,0.0,39.0,10,2021,8,26
0.0,6.59999942779541,44.0,10,2021,8,26
0.0,0.0,5.0,11,2021,8,26
0.0968585610389709,0.0,9.0,11,2021,8,26
0.09567341953516,0.0,11.0,11,2021,8,26
0.8972121477127075,0.0,13.0,11,2021,8,26
0.0,0.0,25.0,11,2021,8,26
0.0,0.0,29.0,11,2021,8,26
0.0,0.0,30.0,11,2021,8,26
0.0,0.0,32.0,11,2021,8,26
0.0,0.0,37.0,11,2021,8,26
0.0,0.0,38.0,11,2021,8,26
0.0,0.0,39.0,11,2021,8,26
0.0,0.0,44.0,11,2021,8,26
0.0,0.0,5.0,12,2021,8,26
0.0,0.0,9.0,12,2021,8,26
0.2906131148338318,0.0,11.0,12,2021,8,26
0.5232544541358948,0.0,13.0,12,2021,8,26
0.0,0.0,25.0,12,2021,8,26
0.0,0.0,29.0,12,2021,8,26
0.0,0.0,30.0,12,2021,8,26
0.0,0.0,32.0,12,2021,8,26
0.0,0.0,37.0,12,2021,8,26
0.0,0.0,38.0,12,2021,8,26
0.0,0.0,39.0,12,2021,8,26
0.0,0.0,44.0,12,2021,8,26
0.0,0.9000000953674316,5.0,13,2021,8,26
0.0,0.0,9.0,13,2021,8,26
0.0522897876799106,0.0,11.0,13,2021,8,26
0.7079731225967407,0.0,13.0,13,2021,8,26
0.0,0.0,25.0,13,2021,8,26
0.0,0.0,29.0,13,2021,8,26
0.0,0.0,30.0,13,2021,8,26
0.0,0.0,32.0,13,2021,8,26
0.0,0.0,37.0,13,2021,8,26
0.0,0.0,38.0,13,2021,8,26
0.0,0.0,39.0,13,2021,8,26
0.0706351026892662,20.000001907348636,44.0,13,2021,8,26
0.0,0.0,5.0,14,2021,8,26
0.1003051400184631,0.0,9.0,14,2021,8,26
0.1722264736890792,0.0,11.0,14,2021,8,26
1.0227655172348022,0.0,13.0,14,2021,8,26
0.0,3.6999998092651367,25.0,14,2021,8,26
0.0,0.0,29.0,14,2021,8,26
0.0,1.1000001430511477,30.0,14,2021,8,26
0.0,23.500003814697266,32.0,14,2021,8,26
0.0,9.700000762939451,37.0,14,2021,8,26
0.0,5.999999523162842,38.0,14,2021,8,26
0.0,14.60000228881836,39.0,14,2021,8,26
0.2812440991401672,25.099998474121094,44.0,14,2021,8,26
0.0,0.0,5.0,15,2021,8,26
0.0,0.0,9.0,15,2021,8,26
0.0890468433499336,0.0,11.0,15,2021,8,26
1.0654345750808716,0.0,13.0,15,2021,8,26
0.0,0.0,25.0,15,2021,8,26
0.3684806823730469,0.0,29.0,15,2021,8,26
0.0,0.0,30.0,15,2021,8,26
0.4343839883804321,0.0,32.0,15,2021,8,26
0.0,0.0,37.0,15,2021,8,26
0.0,0.0,38.0,15,2021,8,26
0.0,0.0,39.0,15,2021,8,26
0.0859708562493324,0.0,44.0,15,2021,8,26
0.0,0.0,5.0,16,2021,8,26
0.3388378024101257,0.0,9.0,16,2021,8,26
0.4045410454273224,0.0,11.0,16,2021,8,26
1.4811549186706543,0.0,13.0,16,2021,8,26
0.5599880218505859,0.0,25.0,16,2021,8,26
0.465573787689209,0.0,29.0,16,2021,8,26
0.0,0.0,30.0,16,2021,8,26
0.0,0.0,32.0,16,2021,8,26
0.0,0.0,37.0,16,2021,8,26
0.0,0.0,38.0,16,2021,8,26
0.0,0.0,39.0,16,2021,8,26
0.1525807976722717,0.0,44.0,16,2021,8,26
0.0,0.0,5.0,17,2021,8,26
0.7121482491493225,0.0,9.0,17,2021,8,26
0.6453060507774353,0.0,11.0,17,2021,8,26
1.4277517795562744,0.0,13.0,17,2021,8,26
0.0634564831852912,0.0,25.0,17,2021,8,26
0.0,0.0,29.0,17,2021,8,26
0.0061849262565374,0.0,30.0,17,2021,8,26
0.0,0.0,32.0,17,2021,8,26
0.0,0.0,37.0,17,2021,8,26
0.0,0.0,38.0,17,2021,8,26
0.0,0.0,39.0,17,2021,8,26
0.0,0.0,44.0,17,2021,8,26
0.0,0.0,5.0,18,2021,8,26
0.1394246220588684,0.0,9.0,18,2021,8,26
0.7875927686691284,0.0,11.0,18,2021,8,26
1.2611753940582275,0.0,13.0,18,2021,8,26
0.1715622842311859,0.0,25.0,18,2021,8,26
0.0,0.0,29.0,18,2021,8,26
0.0,0.0,30.0,18,2021,8,26
0.0,0.0,32.0,18,2021,8,26
0.0,0.0,37.0,18,2021,8,26
0.0,0.0,38.0,18,2021,8,26
0.0,0.0,39.0,18,2021,8,26
0.0,0.0,44.0,18,2021,8,26
0.0,2.4000003337860107,5.0,19,2021,8,26
0.3308137953281402,0.0,9.0,19,2021,8,26
0.4103692173957824,0.0,11.0,19,2021,8,26
0.8369050621986389,0.0,13.0,19,2021,8,26
0.3834998607635498,0.0,25.0,19,2021,8,26
0.0,0.9000000953674316,29.0,19,2021,8,26
0.0,2.500000238418579,30.0,19,2021,8,26
0.0,4.899999618530273,32.0,19,2021,8,26
0.0,0.5,37.0,19,2021,8,26
0.0,2.900000095367432,38.0,19,2021,8,26
0.0,0.0,39.0,19,2021,8,26
0.1175659075379371,1.1999998092651367,44.0,19,2021,8,26
0.0,0.0,5.0,20,2021,8,26
0.0461577177047729,0.0,9.0,20,2021,8,26
0.4485357999801636,0.0,11.0,20,2021,8,26
0.4465746283531189,0.0,13.0,20,2021,8,26
0.0,0.0,25.0,20,2021,8,26
0.0,0.0,29.0,20,2021,8,26
0.0,0.0,30.0,20,2021,8,26
0.0,0.0,32.0,20,2021,8,26
0.0,0.0,37.0,20,2021,8,26
0.0,0.0,38.0,20,2021,8,26
0.0,0.0,39.0,20,2021,8,26
0.0,0.5,44.0,20,2021,8,26
0.0,0.0,5.0,7,2022,8,26
0.4870741963386535,0.0,9.0,7,2022,8,26
0.9643524885177612,0.0,11.0,7,2022,8,26
2.072969436645508,0.0,13.0,7,2022,8,26
0.3129597008228302,0.0,25.0,7,2022,8,26
0.0,0.0,29.0,7,2022,8,26
0.0,0.0,30.0,7,2022,8,26
0.0,2.500000238418579,32.0,7,2022,8,26
0.0,0.0,37.0,7,2022,8,26
0.0,0.0,38.0,7,2022,8,26
0.0,0.0,39.0,7,2022,8,26
0.3056688904762268,0.0,44.0,7,2022,8,26
0.0,0.0,5.0,8,2022,8,26
2.2365503311157227,0.0,9.0,8,2022,8,26
0.4976254105567932,0.0,11.0,8,2022,8,26
1.161757469177246,9.0,13.0,8,2022,8,26
0.0,0.0,25.0,8,2022,8,26
0.0,0.0,29.0,8,2022,8,26
0.0,0.0,30.0,8,2022,8,26
0.0,0.0,32.0,8,2022,8,26
0.0,0.0,37.0,8,2022,8,26
0.0,0.0,38.0,8,2022,8,26
0.0,0.0,39.0,8,2022,8,26
0.0067970529198646,0.0,44.0,8,2022,8,26
0.0,2.999999523162842,5.0,9,2022,8,26
0.4877357482910156,0.0,9.0,9,2022,8,26
0.3473228514194488,0.2000000029802322,11.0,9,2022,8,26
1.5466444492340088,0.0,13.0,9,2022,8,26
0.0336522087454795,10.899999618530272,25.0,9,2022,8,26
0.1769354939460754,0.0,29.0,9,2022,8,26
0.0,0.0,30.0,9,2022,8,26
0.0,24.000001907348636,32.0,9,2022,8,26
0.0,0.0,37.0,9,2022,8,26
0.0,37.0,38.0,9,2022,8,26
0.0,0.0,39.0,9,2022,8,26
0.0319777242839336,0.4000000953674316,44.0,9,2022,8,26
0.0,59.9999885559082,5.0,10,2022,8,26
0.1617578715085983,11.0,9.0,10,2022,8,26
0.2459267675876617,35.999996185302734,11.0,10,2022,8,26
2.030191659927368,75.30000305175781,13.0,10,2022,8,26
0.3385394513607025,18.0,25.0,10,2022,8,26
0.0417852103710174,8.0,29.0,10,2022,8,26
0.0,18.0,30.0,10,2022,8,26
0.0,12.000001907348633,32.0,10,2022,8,26
0.0,15.0,37.0,10,2022,8,26
0.0,9.0,38.0,10,2022,8,26
0.0,19.0,39.0,10,2022,8,26
0.0,56.0,44.0,10,2022,8,26
0.0,0.0,5.0,11,2022,8,26
0.7999695539474487,0.0,9.0,11,2022,8,26
0.2902668118476867,0.0,11.0,11,2022,8,26
1.8062705993652344,0.0,13.0,11,2022,8,26
0.0,10.000000953674316,25.0,11,2022,8,26
0.0,0.0,29.0,11,2022,8,26
0.0,0.0,30.0,11,2022,8,26
0.0,0.0,32.0,11,2022,8,26
0.0,0.0,37.0,11,2022,8,26
0.0,0.0,38.0,11,2022,8,26
0.0,0.0,39.0,11,2022,8,26
0.0,0.0,44.0,11,2022,8,26
0.0,0.0,5.0,12,2022,8,26
0.1604321748018264,0.0,9.0,12,2022,8,26
0.0,0.0,11.0,12,2022,8,26
0.3632896542549133,0.0,13.0,12,2022,8,26
0.0,0.0,25.0,12,2022,8,26
0.0,0.0,29.0,12,2022,8,26
0.0,0.0,30.0,12,2022,8,26
0.0,0.0,32.0,12,2022,8,26
0.0,0.0,37.0,12,2022,8,26
0.0,0.0,38.0,12,2022,8,26
0.0,0.0,39.0,12,2022,8,26
0.0,0.0,44.0,12,2022,8,26
0.0,0.0,5.0,13,2022,8,26
0.0,0.0,9.0,13,2022,8,26
0.0,0.0,11.0,13,2022,8,26
0.0,0.0,13.0,13,2022,8,26
0.0,0.0,25.0,13,2022,8,26
0.0,0.0,29.0,13,2022,8,26
0.0,0.0,30.0,13,2022,8,26
0.0,14.000000953674316,32.0,13,2022,8,26
0.0,2.999999523162842,37.0,13,2022,8,26
0.0,0.9999998807907104,38.0,13,2022,8,26
0.0,4.0,39.0,13,2022,8,26
0.0,17.200002670288086,44.0,13,2022,8,26
0.0,5.999999523162842,5.0,14,2022,8,26
0.0,1.999999761581421,9.0,14,2022,8,26
0.0,0.5999999046325684,11.0,14,2022,8,26
0.0,1.2999999523162842,13.0,14,2022,8,26
0.0,10.000000953674316,25.0,14,2022,8,26
0.0,6.100000381469727,29.0,14,2022,8,26
0.0,22.0,30.0,14,2022,8,26
0.0,60.999996185302734,32.0,14,2022,8,26
0.0,33.0,37.0,14,2022,8,26
0.0,14.000000953674316,38.0,14,2022,8,26
0.0,51.00000762939453,39.0,14,2022,8,26
0.0,64.00001525878906,44.0,14,2022,8,26
0.0,0.0,5.0,15,2022,8,26
0.0,0.0,9.0,15,2022,8,26
0.0,0.0,11.0,15,2022,8,26
0.0,0.4000000953674316,13.0,15,2022,8,26
0.0,2.299999713897705,25.0,15,2022,8,26
0.0,0.5999999046325684,29.0,15,2022,8,26
0.0,1.1000001430511477,30.0,15,2022,8,26
0.0,3.1000001430511475,32.0,15,2022,8,26
0.0,2.999999523162842,37.0,15,2022,8,26
0.0,17.500001907348633,38.0,15,2022,8,26
0.0,4.999999523162842,39.0,15,2022,8,26
0.0,27.000001907348636,44.0,15,2022,8,26
0.0,0.0,5.0,16,2022,8,26
0.0,10.000000953674316,9.0,16,2022,8,26
0.0,2.999999523162842,11.0,16,2022,8,26
0.0062202308326959,16.0,13.0,16,2022,8,26
0.0,0.0,25.0,16,2022,8,26
0.0,0.3000000715255737,29.0,16,2022,8,26
0.0,0.0,30.0,16,2022,8,26
0.0,0.0,32.0,16,2022,8,26
0.0,0.0,37.0,16,2022,8,26
0.0,0.0,38.0,16,2022,8,26
0.0,0.0,39.0,16,2022,8,26
0.0,0.0,44.0,16,2022,8,26
0.0,0.0,5.0,17,2022,8,26
0.0,5.999999523162842,9.0,17,2022,8,26
0.0,51.999996185302734,11.0,17,2022,8,26
0.0,21.000001907348636,13.0,17,2022,8,26
0.0,2.200000286102295,25.0,17,2022,8,26
0.0,0.9000000953674316,29.0,17,2022,8,26
0.0,40.0,30.0,17,2022,8,26
0.0,54.00000381469727,32.0,17,2022,8,26
0.0,23.0,37.0,17,2022,8,26
0.0,0.4000000953674316,38.0,17,2022,8,26
0.0,46.99999237060547,39.0,17,2022,8,26
0.0,5.999999523162842,44.0,17,2022,8,26
0.0,16.0,5.0,18,2022,8,26
0.0,17.0,9.0,18,2022,8,26
0.0,7.0,11.0,18,2022,8,26
0.0669114291667938,15.0,13.0,18,2022,8,26
0.0,18.80000114440918,25.0,18,2022,8,26
0.0,11.099998474121094,29.0,18,2022,8,26
0.0,4.0,30.0,18,2022,8,26
0.0,30.99999237060547,32.0,18,2022,8,26
0.0,23.0,37.0,18,2022,8,26
0.0,7.599998474121094,38.0,18,2022,8,26
0.0,0.0,39.0,18,2022,8,26
0.0,44.99999237060547,44.0,18,2022,8,26
0.0,0.0,5.0,19,2022,8,26
0.0,0.9999998807907104,9.0,19,2022,8,26
0.0187354646623134,9.0,11.0,19,2022,8,26
0.0931774005293846,11.0,13.0,19,2022,8,26
0.0,1.999999761581421,25.0,19,2022,8,26
0.0,20.89999771118164,29.0,19,2022,8,26
0.0,1.1000001430511477,30.0,19,2022,8,26
0.0,9.0,32.0,19,2022,8,26
0.0,0.0,37.0,19,2022,8,26
0.0,0.0,38.0,19,2022,8,26
0.0,0.0,39.0,19,2022,8,26
0.0,14.100000381469728,44.0,19,2022,8,26
0.0,15.0,5.0,20,2022,8,26
0.1535743921995163,9.0,9.0,20,2022,8,26
0.0,1.999999761581421,11.0,20,2022,8,26
1.5492242574691772,2.999999523162842,13.0,20,2022,8,26
0.0,7.0,25.0,20,2022,8,26
0.0,8.0,29.0,20,2022,8,26
0.0,11.90000057220459,30.0,20,2022,8,26
0.0,0.0,32.0,20,2022,8,26
0.0,1.999999761581421,37.0,20,2022,8,26
0.0,1.999999761581421,38.0,20,2022,8,26
0.0,0.0,39.0,20,2022,8,26
0.0,0.0999999865889549,44.0,20,2022,8,26
0.0,0.0,5.0,7,2023,8,26
0.0,0.0,9.0,7,2023,8,26
0.0,0.0,11.0,7,2023,8,26
0.1679718494415283,0.0,13.0,7,2023,8,26
0.0,0.0,25.0,7,2023,8,26
0.0,0.0,29.0,7,2023,8,26
0.0,0.0,30.0,7,2023,8,26
0.0,0.0,32.0,7,2023,8,26
0.0,0.0,37.0,7,2023,8,26
0.0,0.0,38.0,7,2023,8,26
0.0,0.0,39.0,7,2023,8,26
0.0,0.0,44.0,7,2023,8,26
0.0,0.0,5.0,8,2023,8,26
0.0,0.0,9.0,8,2023,8,26
0.0,0.0,11.0,8,2023,8,26
0.2798112034797668,0.0,13.0,8,2023,8,26
0.0,0.0,25.0,8,2023,8,26
0.0,0.0,29.0,8,2023,8,26
0.0,0.0,30.0,8,2023,8,26
0.0,0.0,32.0,8,2023,8,26
0.0,0.0,37.0,8,2023,8,26
0.0,0.0,38.0,8,2023,8,26
0.0,0.0,39.0,8,2023,8,26
0.0,0.0,44.0,8,2023,8,26
0.0,0.0,5.0,9,2023,8,26
0.0,0.2000000029802322,9.0,9,2023,8,26
0.0,0.0,11.0,9,2023,8,26
0.0607072263956069,4.0,13.0,9,2023,8,26
0.0,0.3000000715255737,25.0,9,2023,8,26
0.0,0.9000000953674316,29.0,9,2023,8,26
0.0,0.0,30.0,9,2023,8,26
0.0,0.800000011920929,32.0,9,2023,8,26
0.0,0.0,37.0,9,2023,8,26
0.0,0.0,38.0,9,2023,8,26
0.0,0.3000000715255737,39.0,9,2023,8,26
0.0,0.4000000953674316,44.0,9,2023,8,26
0.0,0.0,5.0,10,2023,8,26
0.0,1.2999999523162842,9.0,10,2023,8,26
0.0,0.800000011920929,11.0,10,2023,8,26
0.0,0.5,13.0,10,2023,8,26
0.0,0.4000000953674316,25.0,10,2023,8,26
0.0,0.2000000029802322,29.0,10,2023,8,26
0.0,0.0,30.0,10,2023,8,26
0.0,2.299999713897705,32.0,10,2023,8,26
0.0,0.0,37.0,10,2023,8,26
0.0,0.0,38.0,10,2023,8,26
0.0,0.6999999284744263,39.0,10,2023,8,26
0.0,6.59999942779541,44.0,10,2023,8,26
0.0,0.0,5.0,11,2023,8,26
0.0,0.0,9.0,11,2023,8,26
0.0,0.0,11.0,11,2023,8,26
0.0,0.0,13.0,11,2023,8,26
0.0,0.0,25.0,11,2023,8,26
0.0,0.0,29.0,11,2023,8,26
0.0,0.0,30.0,11,2023,8,26
0.0,0.0,32.0,11,2023,8,26
0.0,0.0,37.0,11,2023,8,26
0.0,0.0,38.0,11,2023,8,26
0.0,0.0,39.0,11,2023,8,26
0.0,0.0,44.0,11,2023,8,26
0.0,0.0,5.0,12,2023,8,26
0.0,0.0,9.0,12,2023,8,26
0.0,0.0,11.0,12,2023,8,26
0.1713982224464416,0.0,13.0,12,2023,8,26
0.0,0.0,25.0,12,2023,8,26
0.0,0.0,29.0,12,2023,8,26
0.0,0.0,30.0,12,2023,8,26
0.0,0.0,32.0,12,2023,8,26
0.0,0.0,37.0,12,2023,8,26
0.0,0.0,38.0,12,2023,8,26
0.0,0.0,39.0,12,2023,8,26
0.0,0.3000000715255737,44.0,12,2023,8,26
0.0,0.0,5.0,13,2023,8,26
0.0,0.0,9.0,13,2023,8,26
0.0,0.0999999865889549,11.0,13,2023,8,26
0.042969424277544,0.0,13.0,13,2023,8,26
0.0,0.0,25.0,13,2023,8,26
0.0,0.0999999865889549,29.0,13,2023,8,26
0.0,0.0,30.0,13,2023,8,26
0.0,16.0,32.0,13,2023,8,26
0.0,0.0,37.0,13,2023,8,26
0.0,0.0,38.0,13,2023,8,26
0.0,0.0,39.0,13,2023,8,26
0.0,0.0,44.0,13,2023,8,26
0.0,0.0,5.0,14,2023,8,26
0.0,4.999999523162842,9.0,14,2023,8,26
0.0308164190500974,0.0,11.0,14,2023,8,26
0.2812185883522033,9.0,13.0,14,2023,8,26
0.0,0.0999999865889549,25.0,14,2023,8,26
0.0,0.0,29.0,14,2023,8,26
0.0,4.0,30.0,14,2023,8,26
0.0,1.999999761581421,32.0,14,2023,8,26
0.0,1.999999761581421,37.0,14,2023,8,26
0.0,0.2000000029802322,38.0,14,2023,8,26
0.0,0.0,39.0,14,2023,8,26
0.0,0.0999999865889549,44.0,14,2023,8,26
0.0,0.9999998807907104,5.0,15,2023,8,26
0.1239907443523407,0.0,9.0,15,2023,8,26
0.0,0.0,11.0,15,2023,8,26
0.3376520872116089,0.0,13.0,15,2023,8,26
0.0,5.999999523162842,25.0,15,2023,8,26
0.0,4.0,29.0,15,2023,8,26
0.0,0.5,30.0,15,2023,8,26
0.0,20.099994659423828,32.0,15,2023,8,26
0.0,24.000001907348636,37.0,15,2023,8,26
0.0,3.90000057220459,38.0,15,2023,8,26
0.0,26.09999656677246,39.0,15,2023,8,26
0.0,22.0,44.0,15,2023,8,26
0.0,4.0,5.0,16,2023,8,26
0.0,0.0,9.0,16,2023,8,26
0.0,40.99999237060547,11.0,16,2023,8,26
0.4096627533435821,14.000000953674316,13.0,16,2023,8,26
0.0,15.0,25.0,16,2023,8,26
0.0,4.999999523162842,29.0,16,2023,8,26
0.0,5.999999523162842,30.0,16,2023,8,26
0.0,3.90000057220459,32.0,16,2023,8,26
0.0,2.999999523162842,37.0,16,2023,8,26
0.0,2.1000001430511475,38.0,16,2023,8,26
0.0,2.900000095367432,39.0,16,2023,8,26
0.0,0.0,44.0,16,2023,8,26
0.0,1.999999761581421,5.0,17,2023,8,26
0.1555546522140503,0.0,9.0,17,2023,8,26
0.0,56.999996185302734,11.0,17,2023,8,26
0.3596372008323669,15.0,13.0,17,2023,8,26
0.0,7.1999993324279785,25.0,17,2023,8,26
0.0,0.4000000953674316,29.0,17,2023,8,26
0.0,41.99999237060547,30.0,17,2023,8,26
0.0,35.0,32.0,17,2023,8,26
0.0,62.0000228881836,37.0,17,2023,8,26
0.0,20.000001907348636,38.0,17,2023,8,26
0.0,32.000003814697266,39.0,17,2023,8,26
0.0,45.99999237060547,44.0,17,2023,8,26
0.0,32.000003814697266,5.0,18,2023,8,26
0.0,30.99999237060547,9.0,18,2023,8,26
0.0,18.0,11.0,18,2023,8,26
0.0,35.999996185302734,13.0,18,2023,8,26
0.0,56.0,25.0,18,2023,8,26
0.0,0.3000000715255737,29.0,18,2023,8,26
0.0,18.0,30.0,18,2023,8,26
0.0,40.0,32.0,18,2023,8,26
0.0,81.99998474121094,37.0,18,2023,8,26
0.0,11.0,38.0,18,2023,8,26
0.0,24.000001907348636,39.0,18,2023,8,26
0.0,33.0,44.0,18,2023,8,26
0.0,0.4000000953674316,5.0,19,2023,8,26
0.0,0.6999999284744263,9.0,19,2023,8,26
0.0,1.999999761581421,11.0,19,2023,8,26
0.2499942779541015,4.0,13.0,19,2023,8,26
0.0,0.0999999865889549,25.0,19,2023,8,26
0.0,0.6999999284744263,29.0,19,2023,8,26
0.0,0.0,30.0,19,2023,8,26
0.0,12.000001907348633,32.0,19,2023,8,26
0.0,7.1999993324279785,37.0,19,2023,8,26
0.0,1.999999761581421,38.0,19,2023,8,26
0.0,12.000001907348633,39.0,19,2023,8,26
0.0,5.999999523162842,44.0,19,2023,8,26
0.0,0.3000000715255737,5.0,20,2023,8,26
0.0,0.0,9.0,20,2023,8,26
0.0,0.0,11.0,20,2023,8,26
0.0,0.0,13.0,20,2023,8,26
0.0,2.999999523162842,25.0,20,2023,8,26
0.0,1.1999998092651367,29.0,20,2023,8,26
0.0,0.5,30.0,20,2023,8,26
0.0,0.9999998807907104,32.0,20,2023,8,26
0.0,0.0,37.0,20,2023,8,26
0.0,1.4999998807907104,38.0,20,2023,8,26
0.0,0.0,39.0,20,2023,8,26
0.0,10.000000953674316,44.0,20,2023,8,26
0.0,0.0,5.0,7,2020,8,29
0.0220880862325429,0.0,9.0,7,2020,8,29
0.0,0.0,11.0,7,2020,8,29
0.3833625912666321,0.0,13.0,7,2020,8,29
0.0,0.0,25.0,7,2020,8,29
0.0,0.0,29.0,7,2020,8,29
0.0,0.0,30.0,7,2020,8,29
0.0,0.0,32.0,7,2020,8,29
0.0,0.0,37.0,7,2020,8,29
0.0,0.0,38.0,7,2020,8,29
0.0,0.0,39.0,7,2020,8,29
0.0,0.0,44.0,7,2020,8,29
0.0,0.0,5.0,8,2020,8,29
0.331290066242218,4.399999618530273,9.0,8,2020,8,29
0.0,0.0,11.0,8,2020,8,29
0.230667158961296,30.799997329711918,13.0,8,2020,8,29
0.0,0.0,25.0,8,2020,8,29
0.0,0.0,29.0,8,2020,8,29
0.0,0.0,30.0,8,2020,8,29
0.0,0.0,32.0,8,2020,8,29
0.0,0.0,37.0,8,2020,8,29
0.0,0.0,38.0,8,2020,8,29
0.0,0.0,39.0,8,2020,8,29
0.0,0.0,44.0,8,2020,8,29
0.0,34.50000762939453,5.0,9,2020,8,29
0.1291593611240387,20.89999771118164,9.0,9,2020,8,29
0.1917164623737335,72.79999542236328,11.0,9,2020,8,29
0.5051747560501099,68.39999389648438,13.0,9,2020,8,29
0.0,35.39999771118164,25.0,9,2020,8,29
0.0,83.1999740600586,29.0,9,2020,8,29
0.0,53.30000305175781,30.0,9,2020,8,29
0.0,59.59999465942383,32.0,9,2020,8,29
0.0,0.0,37.0,9,2020,8,29
0.0,0.0,38.0,9,2020,8,29
0.0,65.39998626708984,39.0,9,2020,8,29
0.0,0.0,44.0,9,2020,8,29
0.0,3.799999952316284,5.0,10,2020,8,29
1.2496899366378784,3.6000003814697266,9.0,10,2020,8,29
1.0476305484771729,0.0,11.0,10,2020,8,29
1.918454885482788,0.0,13.0,10,2020,8,29
0.1956360936164856,14.900002479553224,25.0,10,2020,8,29
0.264222502708435,7.100000381469727,29.0,10,2020,8,29
0.0,0.0,30.0,10,2020,8,29
0.0,0.3000000715255737,32.0,10,2020,8,29
0.0,0.0,37.0,10,2020,8,29
0.0,0.0,38.0,10,2020,8,29
0.0,0.0,39.0,10,2020,8,29
0.3292956352233886,0.0,44.0,10,2020,8,29
0.0,16.200000762939453,5.0,11,2020,8,29
1.146930456161499,24.69999885559082,9.0,11,2020,8,29
1.4211547374725342,41.89998626708984,11.0,11,2020,8,29
1.802669644355774,42.499996185302734,13.0,11,2020,8,29
1.6840730905532837,19.099994659423828,25.0,11,2020,8,29
0.865906834602356,21.899999618530277,29.0,11,2020,8,29
0.0,15.400002479553224,30.0,11,2020,8,29
0.0,4.399999618530273,32.0,11,2020,8,29
0.0,0.0,37.0,11,2020,8,29
0.0,22.49999618530273,38.0,11,2020,8,29
0.0,0.0,39.0,11,2020,8,29
0.3051159381866455,23.700000762939453,44.0,11,2020,8,29
0.0,16.499998092651367,5.0,12,2020,8,29
0.8110827803611755,53.499996185302734,9.0,12,2020,8,29
0.7733245491981506,23.700000762939453,11.0,12,2020,8,29
2.163135766983032,6.59999942779541,13.0,12,2020,8,29
0.7420855164527893,17.399999618530273,25.0,12,2020,8,29
0.0,62.0999870300293,29.0,12,2020,8,29
0.080641895532608,1.2999999523162842,30.0,12,2020,8,29
0.0,0.0,32.0,12,2020,8,29
0.0,0.0,37.0,12,2020,8,29
0.0609654337167739,20.500001907348636,38.0,12,2020,8,29
0.0,12.90000057220459,39.0,12,2020,8,29
0.0,0.0,44.0,12,2020,8,29
0.0,0.0,5.0,13,2020,8,29
0.0974165722727775,25.399995803833008,9.0,13,2020,8,29
0.727951169013977,12.300000190734863,11.0,13,2020,8,29
2.097829818725586,8.0,13.0,13,2020,8,29
0.0452275648713111,0.0,25.0,13,2020,8,29
0.0,0.0,29.0,13,2020,8,29
0.0,0.0,30.0,13,2020,8,29
0.0,0.0,32.0,13,2020,8,29
0.0,0.0,37.0,13,2020,8,29
0.0,0.0,38.0,13,2020,8,29
0.0,0.0,39.0,13,2020,8,29
0.0,0.0,44.0,13,2020,8,29
0.0,1.8000000715255735,5.0,14,2020,8,29
0.3239137530326843,35.20000076293945,9.0,14,2020,8,29
0.7455068826675415,23.600004196166992,11.0,14,2020,8,29
3.1842823028564453,24.000001907348636,13.0,14,2020,8,29
0.0,8.299999237060547,25.0,14,2020,8,29
0.0,7.100000381469727,29.0,14,2020,8,29
0.0,5.999999523162842,30.0,14,2020,8,29
0.0,0.0,32.0,14,2020,8,29
0.0,0.0,37.0,14,2020,8,29
0.0,7.0,38.0,14,2020,8,29
0.0,0.0,39.0,14,2020,8,29
0.0,0.0,44.0,14,2020,8,29
0.0,0.0,5.0,15,2020,8,29
0.0142794121056795,17.399999618530273,9.0,15,2020,8,29
0.0201859269291162,0.0,11.0,15,2020,8,29
0.3168497085571289,5.1999993324279785,13.0,15,2020,8,29
0.0,1.600000023841858,25.0,15,2020,8,29
0.0,0.0,29.0,15,2020,8,29
0.0,6.799999237060547,30.0,15,2020,8,29
0.0,0.0,32.0,15,2020,8,29
0.0,17.100004196166992,37.0,15,2020,8,29
0.0,7.800000190734863,38.0,15,2020,8,29
0.0,1.2999999523162842,39.0,15,2020,8,29
0.0,0.9000000953674316,44.0,15,2020,8,29
0.0,0.0,5.0,16,2020,8,29
0.0434347093105316,47.199989318847656,9.0,16,2020,8,29
0.0,0.0,11.0,16,2020,8,29
0.0105757098644971,0.0,13.0,16,2020,8,29
0.0,4.700000286102295,25.0,16,2020,8,29
0.0,29.4999942779541,29.0,16,2020,8,29
0.0,17.700000762939453,30.0,16,2020,8,29
0.0,13.40000343322754,32.0,16,2020,8,29
0.0,22.20000267028809,37.0,16,2020,8,29
0.0,62.60000991821289,38.0,16,2020,8,29
0.0,1.7000000476837158,39.0,16,2020,8,29
0.0,9.400001525878906,44.0,16,2020,8,29
0.0,0.0,5.0,17,2020,8,29
0.0,20.600006103515625,9.0,17,2020,8,29
0.0,41.19999694824219,11.0,17,2020,8,29
0.0,1.2999999523162842,13.0,17,2020,8,29
0.0,0.0,25.0,17,2020,8,29
0.0,34.900001525878906,29.0,17,2020,8,29
0.0,0.0,30.0,17,2020,8,29
0.0,0.0,32.0,17,2020,8,29
0.0,0.0,37.0,17,2020,8,29
0.0,0.0,38.0,17,2020,8,29
0.0,0.0,39.0,17,2020,8,29
0.0,0.0,44.0,17,2020,8,29
0.0,0.0,5.0,18,2020,8,29
0.0,4.0,9.0,18,2020,8,29
0.0,42.69999694824219,11.0,18,2020,8,29
0.0,4.700000286102295,13.0,18,2020,8,29
0.0,0.0,25.0,18,2020,8,29
0.0,0.0,29.0,18,2020,8,29
0.0,0.0,30.0,18,2020,8,29
0.0,0.0,32.0,18,2020,8,29
0.0,0.0,37.0,18,2020,8,29
0.0,0.0,38.0,18,2020,8,29
0.0,0.0,39.0,18,2020,8,29
0.0,0.0,44.0,18,2020,8,29
0.0,0.0,5.0,19,2020,8,29
0.0,0.0,9.0,19,2020,8,29
0.0,0.0,11.0,19,2020,8,29
0.0,0.0,13.0,19,2020,8,29
0.0,0.0,25.0,19,2020,8,29
0.0,0.0,29.0,19,2020,8,29
0.0,0.0,30.0,19,2020,8,29
0.0,0.0,32.0,19,2020,8,29
0.0,0.0,37.0,19,2020,8,29
0.0,0.0,38.0,19,2020,8,29
0.0,0.0,39.0,19,2020,8,29
0.0,0.0,44.0,19,2020,8,29
0.0,0.0,5.0,20,2020,8,29
0.0,0.0,9.0,20,2020,8,29
0.0,0.0,11.0,20,2020,8,29
0.0,0.0,13.0,20,2020,8,29
0.0,14.60000228881836,25.0,20,2020,8,29
0.0,0.0,29.0,20,2020,8,29
0.0,9.599998474121094,30.0,20,2020,8,29
0.0,11.099998474121094,32.0,20,2020,8,29
0.0,0.0,37.0,20,2020,8,29
0.0,0.0,38.0,20,2020,8,29
0.0,1.2999999523162842,39.0,20,2020,8,29
0.0,19.199996948242188,44.0,20,2020,8,29
0.0,5.299999713897705,5.0,7,2021,8,29
0.3570069074630737,27.999998092651367,9.0,7,2021,8,29
0.2594070434570312,0.4000000953674316,11.0,7,2021,8,29
1.0754551887512207,4.700000286102295,13.0,7,2021,8,29
0.0672787576913833,11.500000953674316,25.0,7,2021,8,29
0.0,16.899999618530273,29.0,7,2021,8,29
0.0,0.0,30.0,7,2021,8,29
0.0,13.79999828338623,32.0,7,2021,8,29
0.0,2.4000003337860107,37.0,7,2021,8,29
0.0,0.0,38.0,7,2021,8,29
0.0,0.0,39.0,7,2021,8,29
0.0,6.59999942779541,44.0,7,2021,8,29
0.0,0.0,5.0,8,2021,8,29
0.1018076539039611,0.0,9.0,8,2021,8,29
0.5430684685707092,0.0,11.0,8,2021,8,29
0.7567724585533142,0.0,13.0,8,2021,8,29
0.0,0.0,25.0,8,2021,8,29
0.0,0.0,29.0,8,2021,8,29
0.0,0.0,30.0,8,2021,8,29
0.0,0.0,32.0,8,2021,8,29
0.0,0.0,37.0,8,2021,8,29
0.0,0.0,38.0,8,2021,8,29
0.0,0.0,39.0,8,2021,8,29
0.0,0.0,44.0,8,2021,8,29
0.0,0.0,5.0,9,2021,8,29
0.0787276029586792,0.0,9.0,9,2021,8,29
0.7354251146316528,0.0,11.0,9,2021,8,29
0.5804696679115295,0.0,13.0,9,2021,8,29
0.0,0.0,25.0,9,2021,8,29
0.0,0.0,29.0,9,2021,8,29
0.0,0.0,30.0,9,2021,8,29
0.0,0.0,32.0,9,2021,8,29
0.0,0.0,37.0,9,2021,8,29
0.0,0.0,38.0,9,2021,8,29
0.0,0.0,39.0,9,2021,8,29
0.0,0.0,44.0,9,2021,8,29
0.0,0.9000000953674316,5.0,10,2021,8,29
0.1110453754663467,0.0,9.0,10,2021,8,29
0.8031734824180603,0.0,11.0,10,2021,8,29
1.185094118118286,0.0,13.0,10,2021,8,29
0.0,0.0,25.0,10,2021,8,29
0.0,0.0,29.0,10,2021,8,29
0.0,0.0,30.0,10,2021,8,29
0.0,0.0,32.0,10,2021,8,29
0.0,0.0,37.0,10,2021,8,29
0.0,0.0,38.0,10,2021,8,29
0.0,0.0,39.0,10,2021,8,29
0.0,20.000001907348636,44.0,10,2021,8,29
0.0,0.0,5.0,11,2021,8,29
0.0270033087581396,0.0,9.0,11,2021,8,29
0.3893347084522247,0.0,11.0,11,2021,8,29
1.0899947881698608,0.0,13.0,11,2021,8,29
0.0,3.6999998092651367,25.0,11,2021,8,29
0.0,0.0,29.0,11,2021,8,29
0.0,1.1000001430511477,30.0,11,2021,8,29
0.0,23.500003814697266,32.0,11,2021,8,29
0.0,9.700000762939451,37.0,11,2021,8,29
0.0,5.999999523162842,38.0,11,2021,8,29
0.0,14.60000228881836,39.0,11,2021,8,29
0.0,25.099998474121094,44.0,11,2021,8,29
0.0,0.0,5.0,12,2021,8,29
0.0745674148201942,0.0,9.0,12,2021,8,29
0.0554551929235458,0.0,11.0,12,2021,8,29
0.7598989009857178,0.0,13.0,12,2021,8,29
0.0,0.0,25.0,12,2021,8,29
0.0,0.0,29.0,12,2021,8,29
0.0,0.0,30.0,12,2021,8,29
0.0,0.0,32.0,12,2021,8,29
0.0,0.0,37.0,12,2021,8,29
0.0,0.0,38.0,12,2021,8,29
0.0,0.0,39.0,12,2021,8,29
0.0,0.0,44.0,12,2021,8,29
0.0,0.0,5.0,13,2021,8,29
0.2080894410610199,0.0,9.0,13,2021,8,29
0.0943542942404747,0.0,11.0,13,2021,8,29
0.4507954120635986,0.0,13.0,13,2021,8,29
0.0,0.0,25.0,13,2021,8,29
0.0,0.0,29.0,13,2021,8,29
0.0,0.0,30.0,13,2021,8,29
0.0,0.0,32.0,13,2021,8,29
0.0,0.0,37.0,13,2021,8,29
0.0,0.0,38.0,13,2021,8,29
0.0,0.0,39.0,13,2021,8,29
0.0,0.0,44.0,13,2021,8,29
0.0,0.0,5.0,14,2021,8,29
0.0,0.0,9.0,14,2021,8,29
0.0,0.0,11.0,14,2021,8,29
0.0839707106351852,0.0,13.0,14,2021,8,29
0.0,0.0,25.0,14,2021,8,29
0.0,0.0,29.0,14,2021,8,29
0.0,0.0,30.0,14,2021,8,29
0.0,0.0,32.0,14,2021,8,29
0.0,0.0,37.0,14,2021,8,29
0.0,0.0,38.0,14,2021,8,29
0.0,0.0,39.0,14,2021,8,29
0.0,0.0,44.0,14,2021,8,29
0.0,0.0,5.0,15,2021,8,29
0.0,0.0,9.0,15,2021,8,29
0.0,0.0,11.0,15,2021,8,29
0.1640516519546508,0.0,13.0,15,2021,8,29
0.0,0.0,25.0,15,2021,8,29
0.0,0.0,29.0,15,2021,8,29
0.0,0.0,30.0,15,2021,8,29
0.0,0.0,32.0,15,2021,8,29
0.0,0.0,37.0,15,2021,8,29
0.0,0.0,38.0,15,2021,8,29
0.0,0.0,39.0,15,2021,8,29
0.0,0.0,44.0,15,2021,8,29
0.0,2.4000003337860107,5.0,16,2021,8,29
0.0,0.0,9.0,16,2021,8,29
0.0,0.0,11.0,16,2021,8,29
0.5003969073295593,0.0,13.0,16,2021,8,29
0.0,0.0,25.0,16,2021,8,29
0.0,0.9000000953674316,29.0,16,2021,8,29
0.0,2.500000238418579,30.0,16,2021,8,29
0.0,4.899999618530273,32.0,16,2021,8,29
0.0,0.5,37.0,16,2021,8,29
0.0,2.900000095367432,38.0,16,2021,8,29
0.0,0.0,39.0,16,2021,8,29
0.0,1.1999998092651367,44.0,16,2021,8,29
0.0,0.0,5.0,17,2021,8,29
0.0,0.0,9.0,17,2021,8,29
0.0,0.0,11.0,17,2021,8,29
0.1253484487533569,0.0,13.0,17,2021,8,29
0.0,0.0,25.0,17,2021,8,29
0.0,0.0,29.0,17,2021,8,29
0.0,0.0,30.0,17,2021,8,29
0.0,0.0,32.0,17,2021,8,29
0.0,0.0,37.0,17,2021,8,29
0.0,0.0,38.0,17,2021,8,29
0.0,0.0,39.0,17,2021,8,29
0.0,0.5,44.0,17,2021,8,29
0.0,0.0,5.0,18,2021,8,29
0.0,0.0,9.0,18,2021,8,29
0.0,34.30000305175781,11.0,18,2021,8,29
0.2769812643527984,14.900002479553224,13.0,18,2021,8,29
0.0,0.0,25.0,18,2021,8,29
0.0,0.0,29.0,18,2021,8,29
0.0,0.0,30.0,18,2021,8,29
0.0,0.0,32.0,18,2021,8,29
0.0,0.0,37.0,18,2021,8,29
0.0,0.0,38.0,18,2021,8,29
0.0,0.0,39.0,18,2021,8,29
0.0,0.0,44.0,18,2021,8,29
0.0,19.699995040893555,5.0,19,2021,8,29
0.0109750935807824,10.899999618530272,9.0,19,2021,8,29
0.0,2.299999713897705,11.0,19,2021,8,29
0.748123049736023,0.0,13.0,19,2021,8,29
0.0,0.0,25.0,19,2021,8,29
0.0,0.0,29.0,19,2021,8,29
0.0,0.0,30.0,19,2021,8,29
0.0,0.0,32.0,19,2021,8,29
0.0,0.0,37.0,19,2021,8,29
0.0,0.0,38.0,19,2021,8,29
0.0,0.0,39.0,19,2021,8,29
0.0,0.0,44.0,19,2021,8,29
0.0,0.0,5.0,20,2021,8,29
0.0,0.0,9.0,20,2021,8,29
0.0,0.0,11.0,20,2021,8,29
0.2076419591903686,0.0,13.0,20,2021,8,29
0.0,0.0,25.0,20,2021,8,29
0.0,0.0,29.0,20,2021,8,29
0.0,7.0,30.0,20,2021,8,29
0.0,0.0,32.0,20,2021,8,29
0.0,0.5,37.0,20,2021,8,29
0.0,0.0,38.0,20,2021,8,29
0.0,0.5,39.0,20,2021,8,29
0.0,2.500000238418579,44.0,20,2021,8,29
0.0,59.9999885559082,5.0,7,2022,8,29
0.5711350440979004,11.0,9.0,7,2022,8,29
0.2483303248882293,35.999996185302734,11.0,7,2022,8,29
2.390775680541992,75.30000305175781,13.0,7,2022,8,29
0.5369994640350342,18.0,25.0,7,2022,8,29
0.0,8.0,29.0,7,2022,8,29
0.0,18.0,30.0,7,2022,8,29
0.0,12.000001907348633,32.0,7,2022,8,29
0.0,15.0,37.0,7,2022,8,29
0.0,9.0,38.0,7,2022,8,29
0.0,19.0,39.0,7,2022,8,29
0.0,56.0,44.0,7,2022,8,29
0.0,0.0,5.0,8,2022,8,29
0.3725655376911163,0.0,9.0,8,2022,8,29
1.3305318355560305,0.0,11.0,8,2022,8,29
1.459883213043213,0.0,13.0,8,2022,8,29
0.0,10.000000953674316,25.0,8,2022,8,29
0.0,0.0,29.0,8,2022,8,29
0.0,0.0,30.0,8,2022,8,29
0.0,0.0,32.0,8,2022,8,29
0.0,0.0,37.0,8,2022,8,29
0.0,0.0,38.0,8,2022,8,29
0.0,0.0,39.0,8,2022,8,29
0.0,0.0,44.0,8,2022,8,29
0.0,0.0,5.0,9,2022,8,29
0.2885211408138275,0.0,9.0,9,2022,8,29
0.0328157693147659,0.0,11.0,9,2022,8,29
0.2801623940467834,0.0,13.0,9,2022,8,29
0.0,0.0,25.0,9,2022,8,29
0.0,0.0,29.0,9,2022,8,29
0.0,0.0,30.0,9,2022,8,29
0.0,0.0,32.0,9,2022,8,29
0.0,0.0,37.0,9,2022,8,29
0.0,0.0,38.0,9,2022,8,29
0.0,0.0,39.0,9,2022,8,29
0.0,0.0,44.0,9,2022,8,29
0.0,0.0,5.0,10,2022,8,29
0.0,0.0,9.0,10,2022,8,29
0.0,0.0,11.0,10,2022,8,29
0.0281876195222139,0.0,13.0,10,2022,8,29
0.0,0.0,25.0,10,2022,8,29
0.0,0.0,29.0,10,2022,8,29
0.0,0.0,30.0,10,2022,8,29
0.0,14.000000953674316,32.0,10,2022,8,29
0.0,2.999999523162842,37.0,10,2022,8,29
0.0,0.9999998807907104,38.0,10,2022,8,29
0.0,4.0,39.0,10,2022,8,29
0.0,17.200002670288086,44.0,10,2022,8,29
0.0,5.999999523162842,5.0,11,2022,8,29
0.0,1.999999761581421,9.0,11,2022,8,29
0.0,0.5999999046325684,11.0,11,2022,8,29
0.0,1.2999999523162842,13.0,11,2022,8,29
0.0,10.000000953674316,25.0,11,2022,8,29
0.0,6.100000381469727,29.0,11,2022,8,29
0.0,22.0,30.0,11,2022,8,29
0.0,60.999996185302734,32.0,11,2022,8,29
0.0,33.0,37.0,11,2022,8,29
0.0,14.000000953674316,38.0,11,2022,8,29
0.0,51.00000762939453,39.0,11,2022,8,29
0.0,64.00001525878906,44.0,11,2022,8,29
0.0,0.0,5.0,12,2022,8,29
0.0,0.0,9.0,12,2022,8,29
0.0,0.0,11.0,12,2022,8,29
0.0,0.4000000953674316,13.0,12,2022,8,29
0.0,2.299999713897705,25.0,12,2022,8,29
0.0,0.5999999046325684,29.0,12,2022,8,29
0.0,1.1000001430511477,30.0,12,2022,8,29
0.0,3.1000001430511475,32.0,12,2022,8,29
0.0,2.999999523162842,37.0,12,2022,8,29
0.0,17.500001907348633,38.0,12,2022,8,29
0.0,4.999999523162842,39.0,12,2022,8,29
0.0,27.000001907348636,44.0,12,2022,8,29
0.0,0.0,5.0,13,2022,8,29
0.0,10.000000953674316,9.0,13,2022,8,29
0.0,2.999999523162842,11.0,13,2022,8,29
0.0,16.0,13.0,13,2022,8,29
0.0,0.0,25.0,13,2022,8,29
0.0,0.3000000715255737,29.0,13,2022,8,29
0.0,0.0,30.0,13,2022,8,29
0.0,0.0,32.0,13,2022,8,29
0.0,0.0,37.0,13,2022,8,29
0.0,0.0,38.0,13,2022,8,29
0.0,0.0,39.0,13,2022,8,29
0.0,0.0,44.0,13,2022,8,29
0.0,0.0,5.0,14,2022,8,29
0.0,5.999999523162842,9.0,14,2022,8,29
0.0,51.999996185302734,11.0,14,2022,8,29
0.0,21.000001907348636,13.0,14,2022,8,29
0.0,2.200000286102295,25.0,14,2022,8,29
0.0,0.9000000953674316,29.0,14,2022,8,29
0.0,40.0,30.0,14,2022,8,29
0.0,54.00000381469727,32.0,14,2022,8,29
0.0,23.0,37.0,14,2022,8,29
0.0,0.4000000953674316,38.0,14,2022,8,29
0.0,46.99999237060547,39.0,14,2022,8,29
0.0,5.999999523162842,44.0,14,2022,8,29
0.0,16.0,5.0,15,2022,8,29
0.0,17.0,9.0,15,2022,8,29
0.0,7.0,11.0,15,2022,8,29
0.0,15.0,13.0,15,2022,8,29
0.0,18.80000114440918,25.0,15,2022,8,29
0.0,11.099998474121094,29.0,15,2022,8,29
0.0,4.0,30.0,15,2022,8,29
0.0,30.99999237060547,32.0,15,2022,8,29
0.0,23.0,37.0,15,2022,8,29
0.0,7.599998474121094,38.0,15,2022,8,29
0.0,0.0,39.0,15,2022,8,29
0.0,44.99999237060547,44.0,15,2022,8,29
0.0,0.0,5.0,16,2022,8,29
0.0,0.9999998807907104,9.0,16,2022,8,29
0.0,9.0,11.0,16,2022,8,29
0.0,11.0,13.0,16,2022,8,29
0.0,1.999999761581421,25.0,16,2022,8,29
0.0,20.89999771118164,29.0,16,2022,8,29
0.0,1.1000001430511477,30.0,16,2022,8,29
0.0,9.0,32.0,16,2022,8,29
0.0,0.0,37.0,16,2022,8,29
0.0,0.0,38.0,16,2022,8,29
0.0,0.0,39.0,16,2022,8,29
0.0,14.100000381469728,44.0,16,2022,8,29
0.0,15.0,5.0,17,2022,8,29
0.0,9.0,9.0,17,2022,8,29
0.0,1.999999761581421,11.0,17,2022,8,29
0.0,2.999999523162842,13.0,17,2022,8,29
0.0,7.0,25.0,17,2022,8,29
0.0,8.0,29.0,17,2022,8,29
0.0,11.90000057220459,30.0,17,2022,8,29
0.0,0.0,32.0,17,2022,8,29
0.0,1.999999761581421,37.0,17,2022,8,29
0.0,1.999999761581421,38.0,17,2022,8,29
0.0,0.0,39.0,17,2022,8,29
0.0,0.0999999865889549,44.0,17,2022,8,29
0.0,14.000000953674316,5.0,18,2022,8,29
0.0,26.000001907348636,9.0,18,2022,8,29
0.0,2.1000001430511475,11.0,18,2022,8,29
0.0,0.9999998807907104,13.0,18,2022,8,29
0.0,19.0,25.0,18,2022,8,29
0.0,0.0,29.0,18,2022,8,29
0.0,22.299997329711918,30.0,18,2022,8,29
0.0,26.000001907348636,32.0,18,2022,8,29
0.0,40.99999237060547,37.0,18,2022,8,29
0.0,0.0,38.0,18,2022,8,29
0.0,52.100006103515625,39.0,18,2022,8,29
0.0,1.999999761581421,44.0,18,2022,8,29
0.0,50.0,5.0,19,2022,8,29
0.0,59.9999885559082,9.0,19,2022,8,29
0.0,91.90000915527344,11.0,19,2022,8,29
0.0,77.99998474121094,13.0,19,2022,8,29
0.0,107.00000762939452,25.0,19,2022,8,29
0.0,7.0,29.0,19,2022,8,29
0.0,18.0,30.0,19,2022,8,29
0.0,2.999999523162842,32.0,19,2022,8,29
0.0,1.999999761581421,37.0,19,2022,8,29
0.0,2.999999523162842,38.0,19,2022,8,29
0.0,1.1000001430511477,39.0,19,2022,8,29
0.0,0.5,44.0,19,2022,8,29
0.0,2.999999523162842,5.0,20,2022,8,29
0.0,0.0,9.0,20,2022,8,29
0.0,4.099999904632568,11.0,20,2022,8,29
0.0,21.000001907348636,13.0,20,2022,8,29
0.0,8.0,25.0,20,2022,8,29
0.0,1.9000003337860107,29.0,20,2022,8,29
0.0,20.000001907348636,30.0,20,2022,8,29
0.0,0.0999999865889549,32.0,20,2022,8,29
0.0,7.0,37.0,20,2022,8,29
0.0,4.0,38.0,20,2022,8,29
0.0,0.0,39.0,20,2022,8,29
0.0,33.60000228881836,44.0,20,2022,8,29
0.0,0.0,5.0,7,2023,8,29
0.0,1.2999999523162842,9.0,7,2023,8,29
0.0,0.800000011920929,11.0,7,2023,8,29
0.0,0.5,13.0,7,2023,8,29
0.0,0.4000000953674316,25.0,7,2023,8,29
0.0,0.2000000029802322,29.0,7,2023,8,29
0.0,0.0,30.0,7,2023,8,29
0.0,2.299999713897705,32.0,7,2023,8,29
0.0,0.0,37.0,7,2023,8,29
0.0,0.0,38.0,7,2023,8,29
0.0,0.6999999284744263,39.0,7,2023,8,29
0.0,6.59999942779541,44.0,7,2023,8,29
0.0,0.0,5.0,8,2023,8,29
0.0,0.0,9.0,8,2023,8,29
0.0,0.0,11.0,8,2023,8,29
0.2000551968812942,0.0,13.0,8,2023,8,29
0.0,0.0,25.0,8,2023,8,29
0.0,0.0,29.0,8,2023,8,29
0.0,0.0,30.0,8,2023,8,29
0.0,0.0,32.0,8,2023,8,29
0.0,0.0,37.0,8,2023,8,29
0.0,0.0,38.0,8,2023,8,29
0.0,0.0,39.0,8,2023,8,29
0.0,0.0,44.0,8,2023,8,29
0.0,0.0,5.0,9,2023,8,29
0.0,0.0,9.0,9,2023,8,29
0.0,0.0,11.0,9,2023,8,29
0.0,0.0,13.0,9,2023,8,29
0.0,0.0,25.0,9,2023,8,29
0.0,0.0,29.0,9,2023,8,29
0.0,0.0,30.0,9,2023,8,29
0.0,0.0,32.0,9,2023,8,29
0.0,0.0,37.0,9,2023,8,29
0.0,0.0,38.0,9,2023,8,29
0.0,0.0,39.0,9,2023,8,29
0.0,0.3000000715255737,44.0,9,2023,8,29
0.0,0.0,5.0,10,2023,8,29
0.0,0.0,9.0,10,2023,8,29
0.0,0.0999999865889549,11.0,10,2023,8,29
0.3370509445667267,0.0,13.0,10,2023,8,29
0.0,0.0,25.0,10,2023,8,29
0.0,0.0999999865889549,29.0,10,2023,8,29
0.0,0.0,30.0,10,2023,8,29
0.0,16.0,32.0,10,2023,8,29
0.0,0.0,37.0,10,2023,8,29
0.0,0.0,38.0,10,2023,8,29
0.0,0.0,39.0,10,2023,8,29
0.0,0.0,44.0,10,2023,8,29
0.0,0.0,5.0,11,2023,8,29
0.1120871752500534,4.999999523162842,9.0,11,2023,8,29
0.0,0.0,11.0,11,2023,8,29
0.2958657145500183,9.0,13.0,11,2023,8,29
0.0,0.0999999865889549,25.0,11,2023,8,29
0.0,0.0,29.0,11,2023,8,29
0.0,4.0,30.0,11,2023,8,29
0.0,1.999999761581421,32.0,11,2023,8,29
0.0,1.999999761581421,37.0,11,2023,8,29
0.0,0.2000000029802322,38.0,11,2023,8,29
0.0,0.0,39.0,11,2023,8,29
0.0,0.0999999865889549,44.0,11,2023,8,29
0.0,0.9999998807907104,5.0,12,2023,8,29
0.0,0.0,9.0,12,2023,8,29
0.0,0.0,11.0,12,2023,8,29
0.0,0.0,13.0,12,2023,8,29
0.0,5.999999523162842,25.0,12,2023,8,29
0.0,4.0,29.0,12,2023,8,29
0.0,0.5,30.0,12,2023,8,29
0.0,20.099994659423828,32.0,12,2023,8,29
0.0,24.000001907348636,37.0,12,2023,8,29
0.0,3.90000057220459,38.0,12,2023,8,29
0.0,26.09999656677246,39.0,12,2023,8,29
0.0,22.0,44.0,12,2023,8,29
0.0,4.0,5.0,13,2023,8,29
0.0,0.0,9.0,13,2023,8,29
0.0,40.99999237060547,11.0,13,2023,8,29
0.0385570563375949,14.000000953674316,13.0,13,2023,8,29
0.0,15.0,25.0,13,2023,8,29
0.0,4.999999523162842,29.0,13,2023,8,29
0.0,5.999999523162842,30.0,13,2023,8,29
0.0,3.90000057220459,32.0,13,2023,8,29
0.0,2.999999523162842,37.0,13,2023,8,29
0.0,2.1000001430511475,38.0,13,2023,8,29
0.0,2.900000095367432,39.0,13,2023,8,29
0.0,0.0,44.0,13,2023,8,29
0.0,1.999999761581421,5.0,14,2023,8,29
0.0,0.0,9.0,14,2023,8,29
0.0,56.999996185302734,11.0,14,2023,8,29
0.5475776195526123,15.0,13.0,14,2023,8,29
0.0,7.1999993324279785,25.0,14,2023,8,29
0.0,0.4000000953674316,29.0,14,2023,8,29
0.0,41.99999237060547,30.0,14,2023,8,29
0.0,35.0,32.0,14,2023,8,29
0.0,62.0000228881836,37.0,14,2023,8,29
0.0,20.000001907348636,38.0,14,2023,8,29
0.0,32.000003814697266,39.0,14,2023,8,29
0.0,45.99999237060547,44.0,14,2023,8,29
0.0,32.000003814697266,5.0,15,2023,8,29
0.0,30.99999237060547,9.0,15,2023,8,29
0.0,18.0,11.0,15,2023,8,29
0.2711613178253174,35.999996185302734,13.0,15,2023,8,29
0.0,56.0,25.0,15,2023,8,29
0.0,0.3000000715255737,29.0,15,2023,8,29
0.0,18.0,30.0,15,2023,8,29
0.0436250418424606,40.0,32.0,15,2023,8,29
0.0,81.99998474121094,37.0,15,2023,8,29
0.0,11.0,38.0,15,2023,8,29
0.0,24.000001907348636,39.0,15,2023,8,29
0.0,33.0,44.0,15,2023,8,29
0.0,0.4000000953674316,5.0,16,2023,8,29
0.4142210185527801,0.6999999284744263,9.0,16,2023,8,29
0.0,1.999999761581421,11.0,16,2023,8,29
0.4813635349273681,4.0,13.0,16,2023,8,29
0.1616146564483642,0.0999999865889549,25.0,16,2023,8,29
0.0,0.6999999284744263,29.0,16,2023,8,29
0.0,0.0,30.0,16,2023,8,29
0.0,12.000001907348633,32.0,16,2023,8,29
0.0,7.1999993324279785,37.0,16,2023,8,29
0.0,1.999999761581421,38.0,16,2023,8,29
0.0,12.000001907348633,39.0,16,2023,8,29
0.0,5.999999523162842,44.0,16,2023,8,29
0.0,0.3000000715255737,5.0,17,2023,8,29
0.0,0.0,9.0,17,2023,8,29
0.3174913227558136,0.0,11.0,17,2023,8,29
0.6511105298995972,0.0,13.0,17,2023,8,29
0.0,2.999999523162842,25.0,17,2023,8,29
0.0043228389695286,1.1999998092651367,29.0,17,2023,8,29
0.0032684465404599,0.5,30.0,17,2023,8,29
0.0,0.9999998807907104,32.0,17,2023,8,29
0.0,0.0,37.0,17,2023,8,29
0.0,1.4999998807907104,38.0,17,2023,8,29
0.0,0.0,39.0,17,2023,8,29
0.0,10.000000953674316,44.0,17,2023,8,29
0.0,0.0,5.0,18,2023,8,29
0.1296238154172897,0.0,9.0,18,2023,8,29
0.3070497810840606,0.0,11.0,18,2023,8,29
1.2046613693237305,0.0,13.0,18,2023,8,29
0.0,0.0,25.0,18,2023,8,29
0.1814632415771484,0.0,29.0,18,2023,8,29
0.0,0.0999999865889549,30.0,18,2023,8,29
0.0,0.0999999865889549,32.0,18,2023,8,29
0.0,0.5999999046325684,37.0,18,2023,8,29
0.0,0.0,38.0,18,2023,8,29
0.0,0.2000000029802322,39.0,18,2023,8,29
0.0327952019870281,10.200000762939451,44.0,18,2023,8,29
0.0,0.0,5.0,19,2023,8,29
1.015635967254639,0.0,9.0,19,2023,8,29
0.7302828431129456,0.0,11.0,19,2023,8,29
2.3557591438293457,0.0,13.0,19,2023,8,29
0.6163451671600342,0.0,25.0,19,2023,8,29
0.0,0.0,29.0,19,2023,8,29
0.0,0.0,30.0,19,2023,8,29
0.0,0.0,32.0,19,2023,8,29
0.0,0.0,37.0,19,2023,8,29
0.0,1.999999761581421,38.0,19,2023,8,29
0.0,0.0,39.0,19,2023,8,29
0.2990376353263855,0.800000011920929,44.0,19,2023,8,29
0.0,0.0,5.0,20,2023,8,29
0.8701719641685486,0.4000000953674316,9.0,20,2023,8,29
0.160564973950386,0.0,11.0,20,2023,8,29
1.1950491666793823,1.999999761581421,13.0,20,2023,8,29
0.6952832937240601,0.0,25.0,20,2023,8,29
0.0,0.0,29.0,20,2023,8,29
0.0,0.0,30.0,20,2023,8,29
0.0,5.999999523162842,32.0,20,2023,8,29
0.0,0.0,37.0,20,2023,8,29
0.0,0.0,38.0,20,2023,8,29
0.0,0.0,39.0,20,2023,8,29
0.0569819882512092,5.999999523162842,44.0,20,2023,8,29
0.0,16.200000762939453,5.0,7,2020,9,2
1.664538860321045,24.69999885559082,9.0,7,2020,9,2
2.300281524658203,41.89998626708984,11.0,7,2020,9,2
3.7301087379455566,42.499996185302734,13.0,7,2020,9,2
0.8205833435058594,19.099994659423828,25.0,7,2020,9,2
1.5349538326263428,21.899999618530277,29.0,7,2020,9,2
0.0,15.400002479553224,30.0,7,2020,9,2
0.0,4.399999618530273,32.0,7,2020,9,2
0.0,0.0,37.0,7,2020,9,2
0.0477353148162364,22.49999618530273,38.0,7,2020,9,2
0.0,0.0,39.0,7,2020,9,2
0.8703256845474243,23.700000762939453,44.0,7,2020,9,2
0.0,16.499998092651367,5.0,8,2020,9,2
1.7377965450286863,53.499996185302734,9.0,8,2020,9,2
1.4264767169952393,23.700000762939453,11.0,8,2020,9,2
4.525189399719238,6.59999942779541,13.0,8,2020,9,2
0.7845175862312317,17.399999618530273,25.0,8,2020,9,2
0.2701644003391266,62.0999870300293,29.0,8,2020,9,2
0.0,1.2999999523162842,30.0,8,2020,9,2
0.1874905824661255,0.0,32.0,8,2020,9,2
0.0,0.0,37.0,8,2020,9,2
0.0,20.500001907348636,38.0,8,2020,9,2
0.0,12.90000057220459,39.0,8,2020,9,2
1.0976465940475464,0.0,44.0,8,2020,9,2
0.0,0.0,5.0,9,2020,9,2
1.7964398860931396,25.399995803833008,9.0,9,2020,9,2
1.9664252996444704,12.300000190734863,11.0,9,2020,9,2
3.667372941970825,8.0,13.0,9,2020,9,2
1.6546672582626345,0.0,25.0,9,2020,9,2
0.3380948603153229,0.0,29.0,9,2020,9,2
0.0,0.0,30.0,9,2020,9,2
0.0,0.0,32.0,9,2020,9,2
0.0,0.0,37.0,9,2020,9,2
0.0,0.0,38.0,9,2020,9,2
0.0,0.0,39.0,9,2020,9,2
0.6377815008163452,0.0,44.0,9,2020,9,2
0.0,1.8000000715255735,5.0,10,2020,9,2
2.103390693664551,35.20000076293945,9.0,10,2020,9,2
1.5973079204559326,23.600004196166992,11.0,10,2020,9,2
5.196854591369629,24.000001907348636,13.0,10,2020,9,2
1.5376253128051758,8.299999237060547,25.0,10,2020,9,2
0.1743939220905304,7.100000381469727,29.0,10,2020,9,2
0.0,5.999999523162842,30.0,10,2020,9,2
0.0,0.0,32.0,10,2020,9,2
0.0,0.0,37.0,10,2020,9,2
0.0,7.0,38.0,10,2020,9,2
0.0,0.0,39.0,10,2020,9,2
1.0904474258422852,0.0,44.0,10,2020,9,2
0.0,0.0,5.0,11,2020,9,2
1.3250808715820312,17.399999618530273,9.0,11,2020,9,2
1.4278621673583984,0.0,11.0,11,2020,9,2
2.964640855789185,5.1999993324279785,13.0,11,2020,9,2
0.2446277886629104,1.600000023841858,25.0,11,2020,9,2
0.0766271203756332,0.0,29.0,11,2020,9,2
0.0,6.799999237060547,30.0,11,2020,9,2
0.0,0.0,32.0,11,2020,9,2
0.0,17.100004196166992,37.0,11,2020,9,2
0.0,7.800000190734863,38.0,11,2020,9,2
0.0,1.2999999523162842,39.0,11,2020,9,2
0.727207362651825,0.9000000953674316,44.0,11,2020,9,2
0.0,0.0,5.0,12,2020,9,2
0.9458076357841492,47.199989318847656,9.0,12,2020,9,2
1.405400633811951,0.0,11.0,12,2020,9,2
3.715660572052002,0.0,13.0,12,2020,9,2
0.4138200879096985,4.700000286102295,25.0,12,2020,9,2
0.0,29.4999942779541,29.0,12,2020,9,2
0.0,17.700000762939453,30.0,12,2020,9,2
0.0906063839793205,13.40000343322754,32.0,12,2020,9,2
0.0,22.20000267028809,37.0,12,2020,9,2
0.0,62.60000991821289,38.0,12,2020,9,2
0.0,1.7000000476837158,39.0,12,2020,9,2
0.1419395953416824,9.400001525878906,44.0,12,2020,9,2
0.0,0.0,5.0,13,2020,9,2
0.3803926706314087,20.600006103515625,9.0,13,2020,9,2
0.4375663697719574,41.19999694824219,11.0,13,2020,9,2
1.637706279754639,1.2999999523162842,13.0,13,2020,9,2
0.2301284819841385,0.0,25.0,13,2020,9,2
0.0,34.900001525878906,29.0,13,2020,9,2
0.0,0.0,30.0,13,2020,9,2
0.0,0.0,32.0,13,2020,9,2
0.0,0.0,37.0,13,2020,9,2
0.0,0.0,38.0,13,2020,9,2
0.0,0.0,39.0,13,2020,9,2
0.0,0.0,44.0,13,2020,9,2
0.0,0.0,5.0,14,2020,9,2
0.1047490015625953,4.0,9.0,14,2020,9,2
0.0,42.69999694824219,11.0,14,2020,9,2
0.9626432061195374,4.700000286102295,13.0,14,2020,9,2
0.0,0.0,25.0,14,2020,9,2
0.0,0.0,29.0,14,2020,9,2
0.0,0.0,30.0,14,2020,9,2
0.0,0.0,32.0,14,2020,9,2
0.0,0.0,37.0,14,2020,9,2
0.0,0.0,38.0,14,2020,9,2
0.0,0.0,39.0,14,2020,9,2
0.0,0.0,44.0,14,2020,9,2
0.0,0.0,5.0,15,2020,9,2
0.042580135166645,0.0,9.0,15,2020,9,2
0.0,0.0,11.0,15,2020,9,2
0.2907440960407257,0.0,13.0,15,2020,9,2
0.0,0.0,25.0,15,2020,9,2
0.0,0.0,29.0,15,2020,9,2
0.0,0.0,30.0,15,2020,9,2
0.0,0.0,32.0,15,2020,9,2
0.0,0.0,37.0,15,2020,9,2
0.0,0.0,38.0,15,2020,9,2
0.0,0.0,39.0,15,2020,9,2
0.0,0.0,44.0,15,2020,9,2
0.0,0.0,5.0,16,2020,9,2
0.0,0.0,9.0,16,2020,9,2
0.0,0.0,11.0,16,2020,9,2
0.0632978230714798,0.0,13.0,16,2020,9,2
0.0,14.60000228881836,25.0,16,2020,9,2
0.0,0.0,29.0,16,2020,9,2
0.0,9.599998474121094,30.0,16,2020,9,2
0.0,11.099998474121094,32.0,16,2020,9,2
0.0,0.0,37.0,16,2020,9,2
0.0,0.0,38.0,16,2020,9,2
0.0,1.2999999523162842,39.0,16,2020,9,2
0.0,19.199996948242188,44.0,16,2020,9,2
0.0,0.0,5.0,17,2020,9,2
0.0,0.0,9.0,17,2020,9,2
0.0,0.0,11.0,17,2020,9,2
0.0,0.0,13.0,17,2020,9,2
0.0,1.3999998569488523,25.0,17,2020,9,2
0.0,0.0,29.0,17,2020,9,2
0.0,2.4000003337860107,30.0,17,2020,9,2
0.0,11.399998664855955,32.0,17,2020,9,2
0.0,3.5000007152557373,37.0,17,2020,9,2
0.0,0.0,38.0,17,2020,9,2
0.0,2.6999998092651367,39.0,17,2020,9,2
0.0,34.000003814697266,44.0,17,2020,9,2
0.0,0.0,5.0,18,2020,9,2
0.0,0.0,9.0,18,2020,9,2
0.0,0.0,11.0,18,2020,9,2
0.0,0.0,13.0,18,2020,9,2
0.0,8.399998664855957,25.0,18,2020,9,2
0.0,0.0,29.0,18,2020,9,2
0.0,0.0,30.0,18,2020,9,2
0.0,0.0,32.0,18,2020,9,2
0.0,0.0,37.0,18,2020,9,2
0.0,0.0,38.0,18,2020,9,2
0.0,0.0,39.0,18,2020,9,2
0.0,0.0,44.0,18,2020,9,2
0.0,1.999999761581421,5.0,19,2020,9,2
0.0,65.99998474121094,9.0,19,2020,9,2
0.0,37.400001525878906,11.0,19,2020,9,2
0.0,23.700000762939453,13.0,19,2020,9,2
0.0,9.400001525878906,25.0,19,2020,9,2
0.0,2.4000003337860107,29.0,19,2020,9,2
0.0,16.100004196166992,30.0,19,2020,9,2
0.0,0.0,32.0,19,2020,9,2
0.0,0.0,37.0,19,2020,9,2
0.0,1.2999999523162842,38.0,19,2020,9,2
0.0,22.79999542236328,39.0,19,2020,9,2
0.0,42.30000305175781,44.0,19,2020,9,2
0.0,19.299999237060547,5.0,20,2020,9,2
0.0,8.09999942779541,9.0,20,2020,9,2
0.0,37.999996185302734,11.0,20,2020,9,2
0.0,42.899993896484375,13.0,20,2020,9,2
0.0,14.39999771118164,25.0,20,2020,9,2
0.0,0.0,29.0,20,2020,9,2
0.0,0.0,30.0,20,2020,9,2
0.0,0.0,32.0,20,2020,9,2
0.0,0.0,37.0,20,2020,9,2
0.0,0.0,38.0,20,2020,9,2
0.0,34.50000762939453,39.0,20,2020,9,2
0.0,5.700000762939453,44.0,20,2020,9,2
0.0,0.0,5.0,7,2021,9,2
0.0,0.0,9.0,7,2021,9,2
0.0,0.0,11.0,7,2021,9,2
0.0,0.0,13.0,7,2021,9,2
0.0,3.6999998092651367,25.0,7,2021,9,2
0.0,0.0,29.0,7,2021,9,2
0.0,1.1000001430511477,30.0,7,2021,9,2
0.0,23.500003814697266,32.0,7,2021,9,2
0.0,9.700000762939451,37.0,7,2021,9,2
0.0,5.999999523162842,38.0,7,2021,9,2
0.0,14.60000228881836,39.0,7,2021,9,2
0.0,25.099998474121094,44.0,7,2021,9,2
0.0,0.0,5.0,8,2021,9,2
0.0,0.0,9.0,8,2021,9,2
0.0,0.0,11.0,8,2021,9,2
0.0,0.0,13.0,8,2021,9,2
0.0,0.0,25.0,8,2021,9,2
0.0,0.0,29.0,8,2021,9,2
0.0,0.0,30.0,8,2021,9,2
0.0,0.0,32.0,8,2021,9,2
0.0,0.0,37.0,8,2021,9,2
0.0,0.0,38.0,8,2021,9,2
0.0,0.0,39.0,8,2021,9,2
0.0,0.0,44.0,8,2021,9,2
0.0,0.0,5.0,9,2021,9,2
0.0,0.0,9.0,9,2021,9,2
0.0,0.0,11.0,9,2021,9,2
0.0,0.0,13.0,9,2021,9,2
0.0,0.0,25.0,9,2021,9,2
0.0,0.0,29.0,9,2021,9,2
0.0,0.0,30.0,9,2021,9,2
0.0,0.0,32.0,9,2021,9,2
0.0,0.0,37.0,9,2021,9,2
0.0,0.0,38.0,9,2021,9,2
0.0,0.0,39.0,9,2021,9,2
0.0,0.0,44.0,9,2021,9,2
0.0,0.0,5.0,10,2021,9,2
0.0,0.0,9.0,10,2021,9,2
0.0,0.0,11.0,10,2021,9,2
0.0,0.0,13.0,10,2021,9,2
0.0,0.0,25.0,10,2021,9,2
0.0,0.0,29.0,10,2021,9,2
0.0,0.0,30.0,10,2021,9,2
0.0,0.0,32.0,10,2021,9,2
0.0,0.0,37.0,10,2021,9,2
0.0,0.0,38.0,10,2021,9,2
0.0,0.0,39.0,10,2021,9,2
0.0,0.0,44.0,10,2021,9,2
0.0,0.0,5.0,11,2021,9,2
0.0,0.0,9.0,11,2021,9,2
0.0,0.0,11.0,11,2021,9,2
0.0,0.0,13.0,11,2021,9,2
0.0,0.0,25.0,11,2021,9,2
0.0,0.0,29.0,11,2021,9,2
0.0,0.0,30.0,11,2021,9,2
0.0,0.0,32.0,11,2021,9,2
0.0,0.0,37.0,11,2021,9,2
0.0,0.0,38.0,11,2021,9,2
0.0,0.0,39.0,11,2021,9,2
0.0,0.0,44.0,11,2021,9,2
0.0,2.4000003337860107,5.0,12,2021,9,2
0.0,0.0,9.0,12,2021,9,2
0.0,0.0,11.0,12,2021,9,2
0.0,0.0,13.0,12,2021,9,2
0.0,0.0,25.0,12,2021,9,2
0.0,0.9000000953674316,29.0,12,2021,9,2
0.0,2.500000238418579,30.0,12,2021,9,2
0.0,4.899999618530273,32.0,12,2021,9,2
0.0,0.5,37.0,12,2021,9,2
0.0,2.900000095367432,38.0,12,2021,9,2
0.0,0.0,39.0,12,2021,9,2
0.0,1.1999998092651367,44.0,12,2021,9,2
0.0,0.0,5.0,13,2021,9,2
0.0,0.0,9.0,13,2021,9,2
0.0,0.0,11.0,13,2021,9,2
0.0,0.0,13.0,13,2021,9,2
0.0,0.0,25.0,13,2021,9,2
0.0,0.0,29.0,13,2021,9,2
0.0,0.0,30.0,13,2021,9,2
0.0,0.0,32.0,13,2021,9,2
0.0,0.0,37.0,13,2021,9,2
0.0,0.0,38.0,13,2021,9,2
0.0,0.0,39.0,13,2021,9,2
0.0,0.5,44.0,13,2021,9,2
0.0,0.0,5.0,14,2021,9,2
0.0,0.0,9.0,14,2021,9,2
0.0,34.30000305175781,11.0,14,2021,9,2
0.1344417333602905,14.900002479553224,13.0,14,2021,9,2
0.0,0.0,25.0,14,2021,9,2
0.0,0.0,29.0,14,2021,9,2
0.0,0.0,30.0,14,2021,9,2
0.0,0.0,32.0,14,2021,9,2
0.0,0.0,37.0,14,2021,9,2
0.0,0.0,38.0,14,2021,9,2
0.0,0.0,39.0,14,2021,9,2
0.0,0.0,44.0,14,2021,9,2
0.0,19.699995040893555,5.0,15,2021,9,2
0.0,10.899999618530272,9.0,15,2021,9,2
0.6796709299087524,2.299999713897705,11.0,15,2021,9,2
0.8120471239089966,0.0,13.0,15,2021,9,2
0.0868025943636894,0.0,25.0,15,2021,9,2
0.0,0.0,29.0,15,2021,9,2
0.0,0.0,30.0,15,2021,9,2
0.0,0.0,32.0,15,2021,9,2
0.0,0.0,37.0,15,2021,9,2
0.0,0.0,38.0,15,2021,9,2
0.0,0.0,39.0,15,2021,9,2
0.0422740206122398,0.0,44.0,15,2021,9,2
0.0,0.0,5.0,16,2021,9,2
0.983758270740509,0.0,9.0,16,2021,9,2
1.460004448890686,0.0,11.0,16,2021,9,2
1.8553000688552856,0.0,13.0,16,2021,9,2
0.3133415877819061,0.0,25.0,16,2021,9,2
0.0,0.0,29.0,16,2021,9,2
0.0,7.0,30.0,16,2021,9,2
0.0,0.0,32.0,16,2021,9,2
0.0,0.5,37.0,16,2021,9,2
0.0,0.0,38.0,16,2021,9,2
0.0,0.5,39.0,16,2021,9,2
0.4471792578697204,2.500000238418579,44.0,16,2021,9,2
0.0,0.0,5.0,17,2021,9,2
0.6700502038002014,27.70000648498535,9.0,17,2021,9,2
0.4906759560108185,0.0,11.0,17,2021,9,2
0.6522268056869507,0.0,13.0,17,2021,9,2
0.0,0.0,25.0,17,2021,9,2
0.0,0.0,29.0,17,2021,9,2
0.0,0.0,30.0,17,2021,9,2
0.0,0.0,32.0,17,2021,9,2
0.0,0.0,37.0,17,2021,9,2
0.0,0.0,38.0,17,2021,9,2
0.0,0.0,39.0,17,2021,9,2
0.0,0.0,44.0,17,2021,9,2
0.0,0.0,5.0,18,2021,9,2
0.0,39.50000381469727,9.0,18,2021,9,2
0.0,73.00000762939453,11.0,18,2021,9,2
0.0,32.50000762939453,13.0,18,2021,9,2
0.0,11.299999237060549,25.0,18,2021,9,2
0.0,0.0,29.0,18,2021,9,2
0.0,0.0,30.0,18,2021,9,2
0.0,0.0,32.0,18,2021,9,2
0.0,0.0,37.0,18,2021,9,2
0.0,19.099994659423828,38.0,18,2021,9,2
0.0,0.0,39.0,18,2021,9,2
0.0,0.0,44.0,18,2021,9,2
0.0,0.0,5.0,19,2021,9,2
0.0,0.0,9.0,19,2021,9,2
0.0,0.0,11.0,19,2021,9,2
0.0,0.0,13.0,19,2021,9,2
0.0,0.0,25.0,19,2021,9,2
0.0,0.0,29.0,19,2021,9,2
0.0,0.0,30.0,19,2021,9,2
0.0,0.0,32.0,19,2021,9,2
0.0,0.0,37.0,19,2021,9,2
0.0,0.0,38.0,19,2021,9,2
0.0,0.0,39.0,19,2021,9,2
0.0,0.0,44.0,19,2021,9,2
0.0,0.0,5.0,20,2021,9,2
0.0,0.0,9.0,20,2021,9,2
0.0,0.0,11.0,20,2021,9,2
0.0,0.0,13.0,20,2021,9,2
0.0,0.0,25.0,20,2021,9,2
0.0,0.0,29.0,20,2021,9,2
0.0,0.0,30.0,20,2021,9,2
0.0,0.0,32.0,20,2021,9,2
0.0,0.0,37.0,20,2021,9,2
0.0,0.0,38.0,20,2021,9,2
0.0,0.0,39.0,20,2021,9,2
0.0,0.0,44.0,20,2021,9,2
0.0,5.999999523162842,5.0,7,2022,9,2
0.0,1.999999761581421,9.0,7,2022,9,2
0.0,0.5999999046325684,11.0,7,2022,9,2
0.0,1.2999999523162842,13.0,7,2022,9,2
0.0,10.000000953674316,25.0,7,2022,9,2
0.0,6.100000381469727,29.0,7,2022,9,2
0.0,22.0,30.0,7,2022,9,2
0.0,60.999996185302734,32.0,7,2022,9,2
0.0,33.0,37.0,7,2022,9,2
0.0,14.000000953674316,38.0,7,2022,9,2
0.0,51.00000762939453,39.0,7,2022,9,2
0.0,64.00001525878906,44.0,7,2022,9,2
0.0,0.0,5.0,8,2022,9,2
0.0,0.0,9.0,8,2022,9,2
0.0,0.0,11.0,8,2022,9,2
0.0,0.4000000953674316,13.0,8,2022,9,2
0.0,2.299999713897705,25.0,8,2022,9,2
0.0,0.5999999046325684,29.0,8,2022,9,2
0.0,1.1000001430511477,30.0,8,2022,9,2
0.0,3.1000001430511475,32.0,8,2022,9,2
0.0,2.999999523162842,37.0,8,2022,9,2
0.0,17.500001907348633,38.0,8,2022,9,2
0.0,4.999999523162842,39.0,8,2022,9,2
0.0,27.000001907348636,44.0,8,2022,9,2
0.0,0.0,5.0,9,2022,9,2
0.0,10.000000953674316,9.0,9,2022,9,2
0.0,2.999999523162842,11.0,9,2022,9,2
0.0,16.0,13.0,9,2022,9,2
0.0,0.0,25.0,9,2022,9,2
0.0,0.3000000715255737,29.0,9,2022,9,2
0.0,0.0,30.0,9,2022,9,2
0.0,0.0,32.0,9,2022,9,2
0.0,0.0,37.0,9,2022,9,2
0.0,0.0,38.0,9,2022,9,2
0.0,0.0,39.0,9,2022,9,2
0.0,0.0,44.0,9,2022,9,2
0.0,0.0,5.0,10,2022,9,2
0.0,5.999999523162842,9.0,10,2022,9,2
0.0,51.999996185302734,11.0,10,2022,9,2
0.0,21.000001907348636,13.0,10,2022,9,2
0.0,2.200000286102295,25.0,10,2022,9,2
0.0,0.9000000953674316,29.0,10,2022,9,2
0.0,40.0,30.0,10,2022,9,2
0.0,54.00000381469727,32.0,10,2022,9,2
0.0,23.0,37.0,10,2022,9,2
0.0,0.4000000953674316,38.0,10,2022,9,2
0.0,46.99999237060547,39.0,10,2022,9,2
0.0,5.999999523162842,44.0,10,2022,9,2
0.0,16.0,5.0,11,2022,9,2
0.0,17.0,9.0,11,2022,9,2
0.0,7.0,11.0,11,2022,9,2
0.3032525479793548,15.0,13.0,11,2022,9,2
0.0,18.80000114440918,25.0,11,2022,9,2
0.0,11.099998474121094,29.0,11,2022,9,2
0.0,4.0,30.0,11,2022,9,2
0.0,30.99999237060547,32.0,11,2022,9,2
0.0,23.0,37.0,11,2022,9,2
0.0,7.599998474121094,38.0,11,2022,9,2
0.0,0.0,39.0,11,2022,9,2
0.0,44.99999237060547,44.0,11,2022,9,2
0.0,0.0,5.0,12,2022,9,2
0.0,0.9999998807907104,9.0,12,2022,9,2
0.0823443681001663,9.0,11.0,12,2022,9,2
0.4372437596321106,11.0,13.0,12,2022,9,2
0.0,1.999999761581421,25.0,12,2022,9,2
0.0,20.89999771118164,29.0,12,2022,9,2
0.0,1.1000001430511477,30.0,12,2022,9,2
0.0,9.0,32.0,12,2022,9,2
0.0,0.0,37.0,12,2022,9,2
0.0,0.0,38.0,12,2022,9,2
0.0,0.0,39.0,12,2022,9,2
0.0,14.100000381469728,44.0,12,2022,9,2
0.0,15.0,5.0,13,2022,9,2
0.0,9.0,9.0,13,2022,9,2
0.0,1.999999761581421,11.0,13,2022,9,2
0.0948740020394325,2.999999523162842,13.0,13,2022,9,2
0.0,7.0,25.0,13,2022,9,2
0.0,8.0,29.0,13,2022,9,2
0.0,11.90000057220459,30.0,13,2022,9,2
0.0,0.0,32.0,13,2022,9,2
0.0,1.999999761581421,37.0,13,2022,9,2
0.0,1.999999761581421,38.0,13,2022,9,2
0.0,0.0,39.0,13,2022,9,2
0.0,0.0999999865889549,44.0,13,2022,9,2
0.0,14.000000953674316,5.0,14,2022,9,2
0.0,26.000001907348636,9.0,14,2022,9,2
0.0,2.1000001430511475,11.0,14,2022,9,2
0.0,0.9999998807907104,13.0,14,2022,9,2
0.0,19.0,25.0,14,2022,9,2
0.0,0.0,29.0,14,2022,9,2
0.0,22.299997329711918,30.0,14,2022,9,2
0.0,26.000001907348636,32.0,14,2022,9,2
0.0,40.99999237060547,37.0,14,2022,9,2
0.0,0.0,38.0,14,2022,9,2
0.0,52.100006103515625,39.0,14,2022,9,2
0.0,1.999999761581421,44.0,14,2022,9,2
0.0,50.0,5.0,15,2022,9,2
0.0,59.9999885559082,9.0,15,2022,9,2
0.0,91.90000915527344,11.0,15,2022,9,2
0.0,77.99998474121094,13.0,15,2022,9,2
0.0,107.00000762939452,25.0,15,2022,9,2
0.0,7.0,29.0,15,2022,9,2
0.0,18.0,30.0,15,2022,9,2
0.0,2.999999523162842,32.0,15,2022,9,2
0.0,1.999999761581421,37.0,15,2022,9,2
0.0,2.999999523162842,38.0,15,2022,9,2
0.0,1.1000001430511477,39.0,15,2022,9,2
0.0,0.5,44.0,15,2022,9,2
0.0,2.999999523162842,5.0,16,2022,9,2
0.0,0.0,9.0,16,2022,9,2
0.0,4.099999904632568,11.0,16,2022,9,2
0.0,21.000001907348636,13.0,16,2022,9,2
0.0,8.0,25.0,16,2022,9,2
0.0,1.9000003337860107,29.0,16,2022,9,2
0.0,20.000001907348636,30.0,16,2022,9,2
0.0,0.0999999865889549,32.0,16,2022,9,2
0.0,7.0,37.0,16,2022,9,2
0.0,4.0,38.0,16,2022,9,2
0.0,0.0,39.0,16,2022,9,2
0.0,33.60000228881836,44.0,16,2022,9,2
0.0,0.0,5.0,17,2022,9,2
0.0,0.0,9.0,17,2022,9,2
0.0,0.0,11.0,17,2022,9,2
0.0,15.0,13.0,17,2022,9,2
0.0,1.999999761581421,25.0,17,2022,9,2
0.0,0.0,29.0,17,2022,9,2
0.0,0.0,30.0,17,2022,9,2
0.0,0.0,32.0,17,2022,9,2
0.0,0.0,37.0,17,2022,9,2
0.0,0.0,38.0,17,2022,9,2
0.0,0.0,39.0,17,2022,9,2
0.0,0.800000011920929,44.0,17,2022,9,2
0.0,0.0,5.0,18,2022,9,2
0.0,0.5999999046325684,9.0,18,2022,9,2
0.0,10.000000953674316,11.0,18,2022,9,2
0.0,24.000001907348636,13.0,18,2022,9,2
0.0,0.0,25.0,18,2022,9,2
0.0,7.0,29.0,18,2022,9,2
0.0,0.0,30.0,18,2022,9,2
0.0,0.9000000953674316,32.0,18,2022,9,2
0.0,0.0,37.0,18,2022,9,2
0.0,0.0,38.0,18,2022,9,2
0.0,0.0,39.0,18,2022,9,2
0.0,0.0,44.0,18,2022,9,2
0.0,5.999999523162842,5.0,19,2022,9,2
0.0,0.0,9.0,19,2022,9,2
0.0,0.0,11.0,19,2022,9,2
0.0,0.0,13.0,19,2022,9,2
0.0,2.999999523162842,25.0,19,2022,9,2
0.0,0.0,29.0,19,2022,9,2
0.0,0.0,30.0,19,2022,9,2
0.0,0.0,32.0,19,2022,9,2
0.0,0.0999999865889549,37.0,19,2022,9,2
0.0,0.0,38.0,19,2022,9,2
0.0,0.0,39.0,19,2022,9,2
0.0,0.0,44.0,19,2022,9,2
0.0,0.9999998807907104,5.0,20,2022,9,2
0.0,1.999999761581421,9.0,20,2022,9,2
0.0,0.0,11.0,20,2022,9,2
0.0,0.0,13.0,20,2022,9,2
0.0,0.0,25.0,20,2022,9,2
0.0,0.9999998807907104,29.0,20,2022,9,2
0.0,4.0,30.0,20,2022,9,2
0.0,0.0,32.0,20,2022,9,2
0.0,0.0,37.0,20,2022,9,2
0.0,0.0,38.0,20,2022,9,2
0.0,0.0,39.0,20,2022,9,2
0.0,4.999999523162842,44.0,20,2022,9,2
0.0,0.0,5.0,7,2023,9,2
0.0,4.999999523162842,9.0,7,2023,9,2
0.0,0.0,11.0,7,2023,9,2
0.1036439463496208,9.0,13.0,7,2023,9,2
0.0,0.0999999865889549,25.0,7,2023,9,2
0.0,0.0,29.0,7,2023,9,2
0.0,4.0,30.0,7,2023,9,2
0.0,1.999999761581421,32.0,7,2023,9,2
0.0,1.999999761581421,37.0,7,2023,9,2
0.0,0.2000000029802322,38.0,7,2023,9,2
0.0,0.0,39.0,7,2023,9,2
0.0,0.0999999865889549,44.0,7,2023,9,2
0.0,0.9999998807907104,5.0,8,2023,9,2
0.0,0.0,9.0,8,2023,9,2
0.2599867880344391,0.0,11.0,8,2023,9,2
0.523006021976471,0.0,13.0,8,2023,9,2
0.0,5.999999523162842,25.0,8,2023,9,2
0.0,4.0,29.0,8,2023,9,2
0.0,0.5,30.0,8,2023,9,2
0.0,20.099994659423828,32.0,8,2023,9,2
0.0,24.000001907348636,37.0,8,2023,9,2
0.0,3.90000057220459,38.0,8,2023,9,2
0.0,26.09999656677246,39.0,8,2023,9,2
0.0,22.0,44.0,8,2023,9,2
0.0,4.0,5.0,9,2023,9,2
0.0,0.0,9.0,9,2023,9,2
0.2391162812709808,40.99999237060547,11.0,9,2023,9,2
0.3069650530815124,14.000000953674316,13.0,9,2023,9,2
0.0,15.0,25.0,9,2023,9,2
0.0,4.999999523162842,29.0,9,2023,9,2
0.0,5.999999523162842,30.0,9,2023,9,2
0.0,3.90000057220459,32.0,9,2023,9,2
0.0,2.999999523162842,37.0,9,2023,9,2
0.0,2.1000001430511475,38.0,9,2023,9,2
0.0,2.900000095367432,39.0,9,2023,9,2
0.0,0.0,44.0,9,2023,9,2
0.0,1.999999761581421,5.0,10,2023,9,2
0.0,0.0,9.0,10,2023,9,2
1.3039408922195437,56.999996185302734,11.0,10,2023,9,2
1.1961325407028198,15.0,13.0,10,2023,9,2
0.0,7.1999993324279785,25.0,10,2023,9,2
0.0,0.4000000953674316,29.0,10,2023,9,2
0.0,41.99999237060547,30.0,10,2023,9,2
0.0,35.0,32.0,10,2023,9,2
0.0,62.0000228881836,37.0,10,2023,9,2
0.0,20.000001907348636,38.0,10,2023,9,2
0.0,32.000003814697266,39.0,10,2023,9,2
0.125590369105339,45.99999237060547,44.0,10,2023,9,2
0.0,32.000003814697266,5.0,11,2023,9,2
0.6242039203643799,30.99999237060547,9.0,11,2023,9,2
1.801203966140747,18.0,11.0,11,2023,9,2
1.9943623542785645,35.999996185302734,13.0,11,2023,9,2
0.3710162341594696,56.0,25.0,11,2023,9,2
0.0025621191598474,0.3000000715255737,29.0,11,2023,9,2
0.0,18.0,30.0,11,2023,9,2
0.0,40.0,32.0,11,2023,9,2
0.0,81.99998474121094,37.0,11,2023,9,2
0.0,11.0,38.0,11,2023,9,2
0.0,24.000001907348636,39.0,11,2023,9,2
0.7925570011138916,33.0,44.0,11,2023,9,2
0.0,0.4000000953674316,5.0,12,2023,9,2
0.2321759015321731,0.6999999284744263,9.0,12,2023,9,2
0.7992022037506104,1.999999761581421,11.0,12,2023,9,2
1.3690437078475952,4.0,13.0,12,2023,9,2
0.1358066648244857,0.0999999865889549,25.0,12,2023,9,2
0.0,0.6999999284744263,29.0,12,2023,9,2
0.0297472327947616,0.0,30.0,12,2023,9,2
0.0,12.000001907348633,32.0,12,2023,9,2
0.0,7.1999993324279785,37.0,12,2023,9,2
0.0,1.999999761581421,38.0,12,2023,9,2
0.0,12.000001907348633,39.0,12,2023,9,2
0.7202308177947998,5.999999523162842,44.0,12,2023,9,2
0.0,0.3000000715255737,5.0,13,2023,9,2
0.1303246170282364,0.0,9.0,13,2023,9,2
0.1874605417251587,0.0,11.0,13,2023,9,2
1.719881534576416,0.0,13.0,13,2023,9,2
0.2685814797878265,2.999999523162842,25.0,13,2023,9,2
0.0,1.1999998092651367,29.0,13,2023,9,2
0.0,0.5,30.0,13,2023,9,2
0.0,0.9999998807907104,32.0,13,2023,9,2
0.0,0.0,37.0,13,2023,9,2
0.0,1.4999998807907104,38.0,13,2023,9,2
0.0,0.0,39.0,13,2023,9,2
0.2111215442419052,10.000000953674316,44.0,13,2023,9,2
0.0,0.0,5.0,14,2023,9,2
0.5676025152206421,0.0,9.0,14,2023,9,2
0.3980845212936401,0.0,11.0,14,2023,9,2
1.4289599657058716,0.0,13.0,14,2023,9,2
0.3671697378158569,0.0,25.0,14,2023,9,2
0.0,0.0,29.0,14,2023,9,2
0.0,0.0999999865889549,30.0,14,2023,9,2
0.0,0.0999999865889549,32.0,14,2023,9,2
0.0,0.5999999046325684,37.0,14,2023,9,2
0.0,0.0,38.0,14,2023,9,2
0.0,0.2000000029802322,39.0,14,2023,9,2
0.0,10.200000762939451,44.0,14,2023,9,2
0.0,0.0,5.0,15,2023,9,2
0.3736550211906433,0.0,9.0,15,2023,9,2
0.4222568869590759,0.0,11.0,15,2023,9,2
0.6980522871017456,0.0,13.0,15,2023,9,2
0.2389482408761978,0.0,25.0,15,2023,9,2
0.0,0.0,29.0,15,2023,9,2
0.0,0.0,30.0,15,2023,9,2
0.0,0.0,32.0,15,2023,9,2
0.0,0.0,37.0,15,2023,9,2
0.0,1.999999761581421,38.0,15,2023,9,2
0.0,0.0,39.0,15,2023,9,2
0.0,0.800000011920929,44.0,15,2023,9,2
0.0,0.0,5.0,16,2023,9,2
0.5723209381103516,0.4000000953674316,9.0,16,2023,9,2
0.4683207273483276,0.0,11.0,16,2023,9,2
1.104498028755188,1.999999761581421,13.0,16,2023,9,2
0.0261404607445001,0.0,25.0,16,2023,9,2
0.0,0.0,29.0,16,2023,9,2
0.0,0.0,30.0,16,2023,9,2
0.0,5.999999523162842,32.0,16,2023,9,2
0.0,0.0,37.0,16,2023,9,2
0.0,0.0,38.0,16,2023,9,2
0.0,0.0,39.0,16,2023,9,2
0.0,5.999999523162842,44.0,16,2023,9,2
0.0,4.999999523162842,5.0,17,2023,9,2
0.0042041130363941,65.00000762939453,9.0,17,2023,9,2
0.0069291358813643,17.0,11.0,17,2023,9,2
0.2791175842285156,29.999998092651367,13.0,17,2023,9,2
0.0,0.0,25.0,17,2023,9,2
0.0,2.999999523162842,29.0,17,2023,9,2
0.0,0.0,30.0,17,2023,9,2
0.0,10.000000953674316,32.0,17,2023,9,2
0.0,0.0,37.0,17,2023,9,2
0.0,1.9000003337860107,38.0,17,2023,9,2
0.0,0.2000000029802322,39.0,17,2023,9,2
0.0,11.0,44.0,17,2023,9,2
0.0,0.0,5.0,18,2023,9,2
0.0,2.999999523162842,9.0,18,2023,9,2
0.0307724308222532,27.000001907348636,11.0,18,2023,9,2
0.2884066700935364,9.0,13.0,18,2023,9,2
0.0,5.999999523162842,25.0,18,2023,9,2
0.0,12.000001907348633,29.0,18,2023,9,2
0.0,0.0999999865889549,30.0,18,2023,9,2
0.0,11.0,32.0,18,2023,9,2
0.0,0.2000000029802322,37.0,18,2023,9,2
0.0,2.1000001430511475,38.0,18,2023,9,2
0.0,3.799999952316284,39.0,18,2023,9,2
0.0,2.200000286102295,44.0,18,2023,9,2
0.0,0.0,5.0,19,2023,9,2
0.0,7.0,9.0,19,2023,9,2
0.233306348323822,0.0,11.0,19,2023,9,2
0.6493400931358337,1.999999761581421,13.0,19,2023,9,2
0.0,0.0,25.0,19,2023,9,2
0.0,0.0,29.0,19,2023,9,2
0.0,0.0,30.0,19,2023,9,2
0.0,0.0,32.0,19,2023,9,2
0.0,0.0,37.0,19,2023,9,2
0.0,0.0,38.0,19,2023,9,2
0.0,0.0,39.0,19,2023,9,2
0.0,0.0,44.0,19,2023,9,2
0.0,0.0,5.0,20,2023,9,2
0.0,35.0,9.0,20,2023,9,2
0.108939804136753,0.4000000953674316,11.0,20,2023,9,2
0.0,2.999999523162842,13.0,20,2023,9,2
0.0,0.9000000953674316,25.0,20,2023,9,2
0.0,5.999999523162842,29.0,20,2023,9,2
0.0,8.0,30.0,20,2023,9,2
0.0,0.0,32.0,20,2023,9,2
0.0,0.0,37.0,20,2023,9,2
0.0,0.0,38.0,20,2023,9,2
0.0,0.0,39.0,20,2023,9,2
0.0,0.0,44.0,20,2023,9,2
0.0,1.8000000715255735,5.0,7,2020,9,5
1.803049921989441,35.20000076293945,9.0,7,2020,9,5
0.5902413129806519,23.600004196166992,11.0,7,2020,9,5
4.13278865814209,24.000001907348636,13.0,7,2020,9,5
0.8799664974212646,8.299999237060547,25.0,7,2020,9,5
0.0,7.100000381469727,29.0,7,2020,9,5
0.0,5.999999523162842,30.0,7,2020,9,5
0.0,0.0,32.0,7,2020,9,5
0.0,0.0,37.0,7,2020,9,5
0.0,7.0,38.0,7,2020,9,5
0.0,0.0,39.0,7,2020,9,5
0.1734647452831268,0.0,44.0,7,2020,9,5
0.0,0.0,5.0,8,2020,9,5
0.9581535458564758,17.399999618530273,9.0,8,2020,9,5
1.3843698501586914,0.0,11.0,8,2020,9,5
2.9926791191101074,5.1999993324279785,13.0,8,2020,9,5
0.0320573225617408,1.600000023841858,25.0,8,2020,9,5
0.0,0.0,29.0,8,2020,9,5
0.0,6.799999237060547,30.0,8,2020,9,5
0.0,0.0,32.0,8,2020,9,5
0.0,17.100004196166992,37.0,8,2020,9,5
0.0,7.800000190734863,38.0,8,2020,9,5
0.0,1.2999999523162842,39.0,8,2020,9,5
0.4521438479423523,0.9000000953674316,44.0,8,2020,9,5
0.0,0.0,5.0,9,2020,9,5
0.3433215618133545,47.199989318847656,9.0,9,2020,9,5
0.4929498732089996,0.0,11.0,9,2020,9,5
1.1718149185180664,0.0,13.0,9,2020,9,5
0.0,4.700000286102295,25.0,9,2020,9,5
0.1778186559677124,29.4999942779541,29.0,9,2020,9,5
0.0,17.700000762939453,30.0,9,2020,9,5
0.0,13.40000343322754,32.0,9,2020,9,5
0.0,22.20000267028809,37.0,9,2020,9,5
0.0,62.60000991821289,38.0,9,2020,9,5
0.0,1.7000000476837158,39.0,9,2020,9,5
0.0953773409128189,9.400001525878906,44.0,9,2020,9,5
0.0,0.0,5.0,10,2020,9,5
0.1060393899679184,20.600006103515625,9.0,10,2020,9,5
0.3929731845855713,41.19999694824219,11.0,10,2020,9,5
1.6916024684906006,1.2999999523162842,13.0,10,2020,9,5
0.0,0.0,25.0,10,2020,9,5
0.0,34.900001525878906,29.0,10,2020,9,5
0.0,0.0,30.0,10,2020,9,5
0.0,0.0,32.0,10,2020,9,5
0.0,0.0,37.0,10,2020,9,5
0.0,0.0,38.0,10,2020,9,5
0.0,0.0,39.0,10,2020,9,5
0.0,0.0,44.0,10,2020,9,5
0.0,0.0,5.0,11,2020,9,5
0.0826872363686561,4.0,9.0,11,2020,9,5
0.0,42.69999694824219,11.0,11,2020,9,5
1.1073803901672363,4.700000286102295,13.0,11,2020,9,5
0.0,0.0,25.0,11,2020,9,5
0.0,0.0,29.0,11,2020,9,5
0.0,0.0,30.0,11,2020,9,5
0.0,0.0,32.0,11,2020,9,5
0.0,0.0,37.0,11,2020,9,5
0.0,0.0,38.0,11,2020,9,5
0.0,0.0,39.0,11,2020,9,5
0.0,0.0,44.0,11,2020,9,5
0.0,0.0,5.0,12,2020,9,5
0.0505286529660224,0.0,9.0,12,2020,9,5
0.0295272152870893,0.0,11.0,12,2020,9,5
1.904373407363892,0.0,13.0,12,2020,9,5
0.0,0.0,25.0,12,2020,9,5
0.0,0.0,29.0,12,2020,9,5
0.0,0.0,30.0,12,2020,9,5
0.0,0.0,32.0,12,2020,9,5
0.0,0.0,37.0,12,2020,9,5
0.0,0.0,38.0,12,2020,9,5
0.0,0.0,39.0,12,2020,9,5
0.0,0.0,44.0,12,2020,9,5
0.0,0.0,5.0,13,2020,9,5
0.1572631895542144,0.0,9.0,13,2020,9,5
0.1966391801834106,0.0,11.0,13,2020,9,5
0.6853824257850647,0.0,13.0,13,2020,9,5
0.0,14.60000228881836,25.0,13,2020,9,5
0.0,0.0,29.0,13,2020,9,5
0.0,9.599998474121094,30.0,13,2020,9,5
0.0,11.099998474121094,32.0,13,2020,9,5
0.0,0.0,37.0,13,2020,9,5
0.0,0.0,38.0,13,2020,9,5
0.0,1.2999999523162842,39.0,13,2020,9,5
0.0,19.199996948242188,44.0,13,2020,9,5
0.0,0.0,5.0,14,2020,9,5
0.1148839592933654,0.0,9.0,14,2020,9,5
0.0614679381251335,0.0,11.0,14,2020,9,5
0.7320542335510254,0.0,13.0,14,2020,9,5
0.0,1.3999998569488523,25.0,14,2020,9,5
0.0,0.0,29.0,14,2020,9,5
0.0,2.4000003337860107,30.0,14,2020,9,5
0.0,11.399998664855955,32.0,14,2020,9,5
0.0,3.5000007152557373,37.0,14,2020,9,5
0.0,0.0,38.0,14,2020,9,5
0.0,2.6999998092651367,39.0,14,2020,9,5
0.0,34.000003814697266,44.0,14,2020,9,5
0.0,0.0,5.0,15,2020,9,5
0.1057667210698127,0.0,9.0,15,2020,9,5
0.302356868982315,0.0,11.0,15,2020,9,5
0.2972313165664673,0.0,13.0,15,2020,9,5
0.0,8.399998664855957,25.0,15,2020,9,5
0.0,0.0,29.0,15,2020,9,5
0.0,0.0,30.0,15,2020,9,5
0.0,0.0,32.0,15,2020,9,5
0.0,0.0,37.0,15,2020,9,5
0.0,0.0,38.0,15,2020,9,5
0.0,0.0,39.0,15,2020,9,5
0.0,0.0,44.0,15,2020,9,5
0.0,1.999999761581421,5.0,16,2020,9,5
0.0,65.99998474121094,9.0,16,2020,9,5
0.2595089673995971,37.400001525878906,11.0,16,2020,9,5
0.4885298013687134,23.700000762939453,13.0,16,2020,9,5
0.0,9.400001525878906,25.0,16,2020,9,5
0.0,2.4000003337860107,29.0,16,2020,9,5
0.0,16.100004196166992,30.0,16,2020,9,5
0.0,0.0,32.0,16,2020,9,5
0.0,0.0,37.0,16,2020,9,5
0.0,1.2999999523162842,38.0,16,2020,9,5
0.0,22.79999542236328,39.0,16,2020,9,5
0.0,42.30000305175781,44.0,16,2020,9,5
0.0,19.299999237060547,5.0,17,2020,9,5
0.1463189423084259,8.09999942779541,9.0,17,2020,9,5
0.0203942712396383,37.999996185302734,11.0,17,2020,9,5
0.1154356375336647,42.899993896484375,13.0,17,2020,9,5
0.0,14.39999771118164,25.0,17,2020,9,5
0.0,0.0,29.0,17,2020,9,5
0.0,0.0,30.0,17,2020,9,5
0.0,0.0,32.0,17,2020,9,5
0.0,0.0,37.0,17,2020,9,5
0.0,0.0,38.0,17,2020,9,5
0.0,34.50000762939453,39.0,17,2020,9,5
0.0,5.700000762939453,44.0,17,2020,9,5
0.0,5.399999618530273,5.0,18,2020,9,5
0.0,23.700000762939453,9.0,18,2020,9,5
0.0,94.5999755859375,11.0,18,2020,9,5
0.1362677365541458,37.400001525878906,13.0,18,2020,9,5
0.0,10.000000953674316,25.0,18,2020,9,5
0.0,2.999999523162842,29.0,18,2020,9,5
0.0,23.900001525878903,30.0,18,2020,9,5
0.0,17.500001907348633,32.0,18,2020,9,5
0.0,16.499998092651367,37.0,18,2020,9,5
0.0,3.6000003814697266,38.0,18,2020,9,5
0.0,5.600000381469727,39.0,18,2020,9,5
0.0,0.0,44.0,18,2020,9,5
0.0,19.699995040893555,5.0,19,2020,9,5
0.0,0.0,9.0,19,2020,9,5
0.0,18.700000762939453,11.0,19,2020,9,5
0.0,24.89999771118164,13.0,19,2020,9,5
0.0,19.5,25.0,19,2020,9,5
0.0,33.60000228881836,29.0,19,2020,9,5
0.0,2.6999998092651367,30.0,19,2020,9,5
0.0,26.80000114440918,32.0,19,2020,9,5
0.0,0.0,37.0,19,2020,9,5
0.0,14.499999046325684,38.0,19,2020,9,5
0.0,7.1999993324279785,39.0,19,2020,9,5
0.0,72.5999984741211,44.0,19,2020,9,5
0.0,15.799997329711914,5.0,20,2020,9,5
0.0,14.300000190734863,9.0,20,2020,9,5
0.0,0.0,11.0,20,2020,9,5
0.0,0.0,13.0,20,2020,9,5
0.0,18.59999656677246,25.0,20,2020,9,5
0.0,0.0,29.0,20,2020,9,5
0.0,0.0,30.0,20,2020,9,5
0.0,12.700000762939451,32.0,20,2020,9,5
0.0,0.0,37.0,20,2020,9,5
0.0,0.0,38.0,20,2020,9,5
0.0,0.0,39.0,20,2020,9,5
0.0,0.0,44.0,20,2020,9,5
0.0,0.0,5.0,7,2021,9,5
0.0,0.0,9.0,7,2021,9,5
0.0,0.0,11.0,7,2021,9,5
0.0,0.0,13.0,7,2021,9,5
0.0,0.0,25.0,7,2021,9,5
0.0,0.0,29.0,7,2021,9,5
0.0,0.0,30.0,7,2021,9,5
0.0,0.0,32.0,7,2021,9,5
0.0,0.0,37.0,7,2021,9,5
0.0,0.0,38.0,7,2021,9,5
0.0,0.0,39.0,7,2021,9,5
0.0,0.0,44.0,7,2021,9,5
0.0,0.0,5.0,8,2021,9,5
0.0,0.0,9.0,8,2021,9,5
0.0,0.0,11.0,8,2021,9,5
0.0,0.0,13.0,8,2021,9,5
0.0,0.0,25.0,8,2021,9,5
0.0,0.0,29.0,8,2021,9,5
0.0,0.0,30.0,8,2021,9,5
0.0,0.0,32.0,8,2021,9,5
0.0,0.0,37.0,8,2021,9,5
0.0,0.0,38.0,8,2021,9,5
0.0,0.0,39.0,8,2021,9,5
0.0,0.0,44.0,8,2021,9,5
0.0,2.4000003337860107,5.0,9,2021,9,5
0.0,0.0,9.0,9,2021,9,5
0.0,0.0,11.0,9,2021,9,5
0.0026822357904165,0.0,13.0,9,2021,9,5
0.0,0.0,25.0,9,2021,9,5
0.0,0.9000000953674316,29.0,9,2021,9,5
0.0,2.500000238418579,30.0,9,2021,9,5
0.0,4.899999618530273,32.0,9,2021,9,5
0.0,0.5,37.0,9,2021,9,5
0.0,2.900000095367432,38.0,9,2021,9,5
0.0,0.0,39.0,9,2021,9,5
0.0,1.1999998092651367,44.0,9,2021,9,5
0.0,0.0,5.0,10,2021,9,5
0.0,0.0,9.0,10,2021,9,5
0.0,0.0,11.0,10,2021,9,5
0.0,0.0,13.0,10,2021,9,5
0.0,0.0,25.0,10,2021,9,5
0.0,0.0,29.0,10,2021,9,5
0.0,0.0,30.0,10,2021,9,5
0.0,0.0,32.0,10,2021,9,5
0.0,0.0,37.0,10,2021,9,5
0.0,0.0,38.0,10,2021,9,5
0.0,0.0,39.0,10,2021,9,5
0.0,0.5,44.0,10,2021,9,5
0.0,0.0,5.0,11,2021,9,5
0.0,0.0,9.0,11,2021,9,5
0.1137423664331436,34.30000305175781,11.0,11,2021,9,5
0.2554549276828766,14.900002479553224,13.0,11,2021,9,5
0.0,0.0,25.0,11,2021,9,5
0.0864838361740112,0.0,29.0,11,2021,9,5
0.0,0.0,30.0,11,2021,9,5
0.0,0.0,32.0,11,2021,9,5
0.0,0.0,37.0,11,2021,9,5
0.0,0.0,38.0,11,2021,9,5
0.0,0.0,39.0,11,2021,9,5
0.0125902155414223,0.0,44.0,11,2021,9,5
0.0,19.699995040893555,5.0,12,2021,9,5
0.0,10.899999618530272,9.0,12,2021,9,5
0.0442959256470203,2.299999713897705,11.0,12,2021,9,5
2.1044278144836426,0.0,13.0,12,2021,9,5
0.3156643211841583,0.0,25.0,12,2021,9,5
0.0,0.0,29.0,12,2021,9,5
0.0,0.0,30.0,12,2021,9,5
0.0,0.0,32.0,12,2021,9,5
0.0,0.0,37.0,12,2021,9,5
0.0,0.0,38.0,12,2021,9,5
0.0,0.0,39.0,12,2021,9,5
0.0684564858675003,0.0,44.0,12,2021,9,5
0.0,0.0,5.0,13,2021,9,5
0.0409458093345165,0.0,9.0,13,2021,9,5
0.5645866394042969,0.0,11.0,13,2021,9,5
1.8543226718902588,0.0,13.0,13,2021,9,5
0.4335553646087646,0.0,25.0,13,2021,9,5
0.0,0.0,29.0,13,2021,9,5
0.0,7.0,30.0,13,2021,9,5
0.0,0.0,32.0,13,2021,9,5
0.0,0.5,37.0,13,2021,9,5
0.0,0.0,38.0,13,2021,9,5
0.0,0.5,39.0,13,2021,9,5
0.0,2.500000238418579,44.0,13,2021,9,5
0.0,0.0,5.0,14,2021,9,5
0.5834109783172607,27.70000648498535,9.0,14,2021,9,5
0.8002330660820007,0.0,11.0,14,2021,9,5
1.484306573867798,0.0,13.0,14,2021,9,5
0.3963161110877991,0.0,25.0,14,2021,9,5
0.0,0.0,29.0,14,2021,9,5
0.0,0.0,30.0,14,2021,9,5
0.0,0.0,32.0,14,2021,9,5
0.0,0.0,37.0,14,2021,9,5
0.0,0.0,38.0,14,2021,9,5
0.0,0.0,39.0,14,2021,9,5
0.0,0.0,44.0,14,2021,9,5
0.0,0.0,5.0,15,2021,9,5
0.0,39.50000381469727,9.0,15,2021,9,5
0.5014815330505371,73.00000762939453,11.0,15,2021,9,5
1.0651845932006836,32.50000762939453,13.0,15,2021,9,5
0.0,11.299999237060549,25.0,15,2021,9,5
0.0,0.0,29.0,15,2021,9,5
0.0,0.0,30.0,15,2021,9,5
0.0,0.0,32.0,15,2021,9,5
0.0,0.0,37.0,15,2021,9,5
0.0,19.099994659423828,38.0,15,2021,9,5
0.0,0.0,39.0,15,2021,9,5
0.0680651143193245,0.0,44.0,15,2021,9,5
0.0,0.0,5.0,16,2021,9,5
0.2247427403926849,0.0,9.0,16,2021,9,5
0.4293310344219208,0.0,11.0,16,2021,9,5
0.6673574447631836,0.0,13.0,16,2021,9,5
0.0,0.0,25.0,16,2021,9,5
0.0,0.0,29.0,16,2021,9,5
0.0,0.0,30.0,16,2021,9,5
0.0,0.0,32.0,16,2021,9,5
0.0,0.0,37.0,16,2021,9,5
0.0,0.0,38.0,16,2021,9,5
0.0,0.0,39.0,16,2021,9,5
0.0,0.0,44.0,16,2021,9,5
0.0,0.0,5.0,17,2021,9,5
0.4598160088062286,0.0,9.0,17,2021,9,5
0.0,0.0,11.0,17,2021,9,5
0.242189735174179,0.0,13.0,17,2021,9,5
0.0,0.0,25.0,17,2021,9,5
0.0,0.0,29.0,17,2021,9,5
0.0,0.0,30.0,17,2021,9,5
0.0,0.0,32.0,17,2021,9,5
0.0,0.0,37.0,17,2021,9,5
0.0,0.0,38.0,17,2021,9,5
0.0,0.0,39.0,17,2021,9,5
0.0,0.0,44.0,17,2021,9,5
0.0,0.0,5.0,18,2021,9,5
0.0,0.0,9.0,18,2021,9,5
0.0,0.0,11.0,18,2021,9,5
0.0,0.0,13.0,18,2021,9,5
0.0,0.0,25.0,18,2021,9,5
0.0,0.0,29.0,18,2021,9,5
0.0,0.0,30.0,18,2021,9,5
0.0,0.0,32.0,18,2021,9,5
0.0,0.0,37.0,18,2021,9,5
0.0,0.0,38.0,18,2021,9,5
0.0,0.0,39.0,18,2021,9,5
0.0,32.69999694824219,44.0,18,2021,9,5
0.0,0.0,5.0,19,2021,9,5
0.0,0.0,9.0,19,2021,9,5
0.0,0.0,11.0,19,2021,9,5
0.3065751492977142,0.0,13.0,19,2021,9,5
0.0,0.0,25.0,19,2021,9,5
0.0,0.0,29.0,19,2021,9,5
0.0,0.0,30.0,19,2021,9,5
0.0,0.0,32.0,19,2021,9,5
0.0,0.0,37.0,19,2021,9,5
0.0,0.0,38.0,19,2021,9,5
0.0,0.0,39.0,19,2021,9,5
0.0,10.200000762939451,44.0,19,2021,9,5
0.0,0.0,5.0,20,2021,9,5
0.0,9.0,9.0,20,2021,9,5
0.0,0.9999998807907104,11.0,20,2021,9,5
0.0,2.8000001907348637,13.0,20,2021,9,5
0.0,4.899999618530273,25.0,20,2021,9,5
0.0,0.800000011920929,29.0,20,2021,9,5
0.0,14.000000953674316,30.0,20,2021,9,5
0.0,17.399999618530273,32.0,20,2021,9,5
0.0,7.40000057220459,37.0,20,2021,9,5
0.0,4.600000858306885,38.0,20,2021,9,5
0.0,15.600000381469728,39.0,20,2021,9,5
0.0,20.80000305175781,44.0,20,2021,9,5
0.0,0.0,5.0,7,2022,9,5
0.0,5.999999523162842,9.0,7,2022,9,5
0.0,51.999996185302734,11.0,7,2022,9,5
0.1111897230148315,21.000001907348636,13.0,7,2022,9,5
0.0,2.200000286102295,25.0,7,2022,9,5
0.0,0.9000000953674316,29.0,7,2022,9,5
0.0,40.0,30.0,7,2022,9,5
0.0,54.00000381469727,32.0,7,2022,9,5
0.0,23.0,37.0,7,2022,9,5
0.0,0.4000000953674316,38.0,7,2022,9,5
0.0,46.99999237060547,39.0,7,2022,9,5
0.0,5.999999523162842,44.0,7,2022,9,5
0.0,16.0,5.0,8,2022,9,5
0.0,17.0,9.0,8,2022,9,5
0.0,7.0,11.0,8,2022,9,5
0.0,15.0,13.0,8,2022,9,5
0.0,18.80000114440918,25.0,8,2022,9,5
0.0,11.099998474121094,29.0,8,2022,9,5
0.0,4.0,30.0,8,2022,9,5
0.0,30.99999237060547,32.0,8,2022,9,5
0.0,23.0,37.0,8,2022,9,5
0.0,7.599998474121094,38.0,8,2022,9,5
0.0,0.0,39.0,8,2022,9,5
0.0,44.99999237060547,44.0,8,2022,9,5
0.0,0.0,5.0,9,2022,9,5
0.0,0.9999998807907104,9.0,9,2022,9,5
0.0,9.0,11.0,9,2022,9,5
0.0,11.0,13.0,9,2022,9,5
0.0,1.999999761581421,25.0,9,2022,9,5
0.0,20.89999771118164,29.0,9,2022,9,5
0.0,1.1000001430511477,30.0,9,2022,9,5
0.0,9.0,32.0,9,2022,9,5
0.0,0.0,37.0,9,2022,9,5
0.0,0.0,38.0,9,2022,9,5
0.0,0.0,39.0,9,2022,9,5
0.0,14.100000381469728,44.0,9,2022,9,5
0.0,15.0,5.0,10,2022,9,5
0.0,9.0,9.0,10,2022,9,5
0.0,1.999999761581421,11.0,10,2022,9,5
0.0454839840531349,2.999999523162842,13.0,10,2022,9,5
0.0,7.0,25.0,10,2022,9,5
0.0,8.0,29.0,10,2022,9,5
0.0,11.90000057220459,30.0,10,2022,9,5
0.0,0.0,32.0,10,2022,9,5
0.0,1.999999761581421,37.0,10,2022,9,5
0.0,1.999999761581421,38.0,10,2022,9,5
0.0,0.0,39.0,10,2022,9,5
0.0,0.0999999865889549,44.0,10,2022,9,5
0.0,14.000000953674316,5.0,11,2022,9,5
0.0,26.000001907348636,9.0,11,2022,9,5
0.0,2.1000001430511475,11.0,11,2022,9,5
0.0,0.9999998807907104,13.0,11,2022,9,5
0.0,19.0,25.0,11,2022,9,5
0.0,0.0,29.0,11,2022,9,5
0.0,22.299997329711918,30.0,11,2022,9,5
0.0,26.000001907348636,32.0,11,2022,9,5
0.0,40.99999237060547,37.0,11,2022,9,5
0.0,0.0,38.0,11,2022,9,5
0.0,52.100006103515625,39.0,11,2022,9,5
0.0,1.999999761581421,44.0,11,2022,9,5
0.0,50.0,5.0,12,2022,9,5
0.0,59.9999885559082,9.0,12,2022,9,5
0.0,91.90000915527344,11.0,12,2022,9,5
0.0,77.99998474121094,13.0,12,2022,9,5
0.0,107.00000762939452,25.0,12,2022,9,5
0.0,7.0,29.0,12,2022,9,5
0.0,18.0,30.0,12,2022,9,5
0.0,2.999999523162842,32.0,12,2022,9,5
0.0,1.999999761581421,37.0,12,2022,9,5
0.0,2.999999523162842,38.0,12,2022,9,5
0.0,1.1000001430511477,39.0,12,2022,9,5
0.0,0.5,44.0,12,2022,9,5
0.0,2.999999523162842,5.0,13,2022,9,5
0.0,0.0,9.0,13,2022,9,5
0.0,4.099999904632568,11.0,13,2022,9,5
0.0,21.000001907348636,13.0,13,2022,9,5
0.0,8.0,25.0,13,2022,9,5
0.0,1.9000003337860107,29.0,13,2022,9,5
0.0,20.000001907348636,30.0,13,2022,9,5
0.0,0.0999999865889549,32.0,13,2022,9,5
0.0,7.0,37.0,13,2022,9,5
0.0,4.0,38.0,13,2022,9,5
0.0,0.0,39.0,13,2022,9,5
0.0,33.60000228881836,44.0,13,2022,9,5
0.0,0.0,5.0,14,2022,9,5
0.0,0.0,9.0,14,2022,9,5
0.0,0.0,11.0,14,2022,9,5
0.0,15.0,13.0,14,2022,9,5
0.0,1.999999761581421,25.0,14,2022,9,5
0.0,0.0,29.0,14,2022,9,5
0.0,0.0,30.0,14,2022,9,5
0.0,0.0,32.0,14,2022,9,5
0.0,0.0,37.0,14,2022,9,5
0.0,0.0,38.0,14,2022,9,5
0.0,0.0,39.0,14,2022,9,5
0.0,0.800000011920929,44.0,14,2022,9,5
0.0,0.0,5.0,15,2022,9,5
0.0,0.5999999046325684,9.0,15,2022,9,5
0.0,10.000000953674316,11.0,15,2022,9,5
0.0,24.000001907348636,13.0,15,2022,9,5
0.0,0.0,25.0,15,2022,9,5
0.0,7.0,29.0,15,2022,9,5
0.0,0.0,30.0,15,2022,9,5
0.0,0.9000000953674316,32.0,15,2022,9,5
0.0,0.0,37.0,15,2022,9,5
0.0,0.0,38.0,15,2022,9,5
0.0,0.0,39.0,15,2022,9,5
0.0,0.0,44.0,15,2022,9,5
0.0,5.999999523162842,5.0,16,2022,9,5
0.0,0.0,9.0,16,2022,9,5
0.0,0.0,11.0,16,2022,9,5
0.1485176384449005,0.0,13.0,16,2022,9,5
0.0,2.999999523162842,25.0,16,2022,9,5
0.0,0.0,29.0,16,2022,9,5
0.0,0.0,30.0,16,2022,9,5
0.0,0.0,32.0,16,2022,9,5
0.0,0.0999999865889549,37.0,16,2022,9,5
0.0,0.0,38.0,16,2022,9,5
0.0,0.0,39.0,16,2022,9,5
0.0,0.0,44.0,16,2022,9,5
0.0,0.9999998807907104,5.0,17,2022,9,5
0.0,1.999999761581421,9.0,17,2022,9,5
0.0871846750378608,0.0,11.0,17,2022,9,5
0.075414203107357,0.0,13.0,17,2022,9,5
0.0,0.0,25.0,17,2022,9,5
0.0,0.9999998807907104,29.0,17,2022,9,5
0.0,4.0,30.0,17,2022,9,5
0.0,0.0,32.0,17,2022,9,5
0.0,0.0,37.0,17,2022,9,5
0.0,0.0,38.0,17,2022,9,5
0.0,0.0,39.0,17,2022,9,5
0.0,4.999999523162842,44.0,17,2022,9,5
0.0,9.0,5.0,18,2022,9,5
0.0,0.0,9.0,18,2022,9,5
0.0,0.0,11.0,18,2022,9,5
0.0,0.0,13.0,18,2022,9,5
0.0,12.000001907348633,25.0,18,2022,9,5
0.0,0.5,29.0,18,2022,9,5
0.0,2.999999523162842,30.0,18,2022,9,5
0.0,18.299997329711918,32.0,18,2022,9,5
0.0,0.0,37.0,18,2022,9,5
0.0,0.5,38.0,18,2022,9,5
0.0,18.0,39.0,18,2022,9,5
0.0,8.09999942779541,44.0,18,2022,9,5
0.0,0.0,5.0,19,2022,9,5
0.0,0.0,9.0,19,2022,9,5
0.0,0.0,11.0,19,2022,9,5
0.1622864454984665,0.0,13.0,19,2022,9,5
0.0,0.0,25.0,19,2022,9,5
0.0,0.2000000029802322,29.0,19,2022,9,5
0.0,1.999999761581421,30.0,19,2022,9,5
0.0,2.999999523162842,32.0,19,2022,9,5
0.0,0.9999998807907104,37.0,19,2022,9,5
0.0,0.9000000953674316,38.0,19,2022,9,5
0.0,2.999999523162842,39.0,19,2022,9,5
0.0,13.299999237060549,44.0,19,2022,9,5
0.0,0.0,5.0,20,2022,9,5
0.0,0.0,9.0,20,2022,9,5
0.0,0.0,11.0,20,2022,9,5
0.0,0.0,13.0,20,2022,9,5
0.0,0.0,25.0,20,2022,9,5
0.0,0.0,29.0,20,2022,9,5
0.0,0.0,30.0,20,2022,9,5
0.0,0.0999999865889549,32.0,20,2022,9,5
0.0,0.0,37.0,20,2022,9,5
0.0,0.0,38.0,20,2022,9,5
0.0,1.999999761581421,39.0,20,2022,9,5
0.0,11.0,44.0,20,2022,9,5
0.0,1.999999761581421,5.0,7,2023,9,5
1.2136276960372925,0.0,9.0,7,2023,9,5
0.7077565789222717,56.999996185302734,11.0,7,2023,9,5
1.6454660892486572,15.0,13.0,7,2023,9,5
0.003396260086447,7.1999993324279785,25.0,7,2023,9,5
0.3271661102771759,0.4000000953674316,29.0,7,2023,9,5
0.0,41.99999237060547,30.0,7,2023,9,5
0.0,35.0,32.0,7,2023,9,5
0.0,62.0000228881836,37.0,7,2023,9,5
0.0,20.000001907348636,38.0,7,2023,9,5
0.0,32.000003814697266,39.0,7,2023,9,5
0.5314930081367493,45.99999237060547,44.0,7,2023,9,5
0.0,32.000003814697266,5.0,8,2023,9,5
2.044851303100586,30.99999237060547,9.0,8,2023,9,5
1.0060564279556274,18.0,11.0,8,2023,9,5
4.382538318634033,35.999996185302734,13.0,8,2023,9,5
0.756110668182373,56.0,25.0,8,2023,9,5
0.2401178330183029,0.3000000715255737,29.0,8,2023,9,5
0.0,18.0,30.0,8,2023,9,5
0.0,40.0,32.0,8,2023,9,5
0.0,81.99998474121094,37.0,8,2023,9,5
0.0,11.0,38.0,8,2023,9,5
0.0,24.000001907348636,39.0,8,2023,9,5
0.5239793062210083,33.0,44.0,8,2023,9,5
0.0,0.4000000953674316,5.0,9,2023,9,5
1.3298181295394895,0.6999999284744263,9.0,9,2023,9,5
1.1114184856414795,1.999999761581421,11.0,9,2023,9,5
3.821915626525879,4.0,13.0,9,2023,9,5
0.8348802924156189,0.0999999865889549,25.0,9,2023,9,5
0.3854543566703796,0.6999999284744263,29.0,9,2023,9,5
0.0,0.0,30.0,9,2023,9,5
0.0,12.000001907348633,32.0,9,2023,9,5
0.0,7.1999993324279785,37.0,9,2023,9,5
0.0,1.999999761581421,38.0,9,2023,9,5
0.0,12.000001907348633,39.0,9,2023,9,5
0.0495982617139816,5.999999523162842,44.0,9,2023,9,5
0.0,0.3000000715255737,5.0,10,2023,9,5
0.813709557056427,0.0,9.0,10,2023,9,5
0.5871789455413818,0.0,11.0,10,2023,9,5
3.025455474853516,0.0,13.0,10,2023,9,5
0.6808048486709595,2.999999523162842,25.0,10,2023,9,5
0.0070653739385306,1.1999998092651367,29.0,10,2023,9,5
0.0,0.5,30.0,10,2023,9,5
0.0,0.9999998807907104,32.0,10,2023,9,5
0.0,0.0,37.0,10,2023,9,5
0.0,1.4999998807907104,38.0,10,2023,9,5
0.0,0.0,39.0,10,2023,9,5
0.0,10.000000953674316,44.0,10,2023,9,5
0.0,0.0,5.0,11,2023,9,5
0.7076373100280762,0.0,9.0,11,2023,9,5
0.9311212301254272,0.0,11.0,11,2023,9,5
2.2360551357269287,0.0,13.0,11,2023,9,5
0.1256722062826156,0.0,25.0,11,2023,9,5
0.0,0.0,29.0,11,2023,9,5
0.0,0.0999999865889549,30.0,11,2023,9,5
0.0,0.0999999865889549,32.0,11,2023,9,5
0.0,0.5999999046325684,37.0,11,2023,9,5
0.0,0.0,38.0,11,2023,9,5
0.0,0.2000000029802322,39.0,11,2023,9,5
0.0,10.200000762939451,44.0,11,2023,9,5
0.0,0.0,5.0,12,2023,9,5
1.2330925464630127,0.0,9.0,12,2023,9,5
0.664644718170166,0.0,11.0,12,2023,9,5
2.6145803928375244,0.0,13.0,12,2023,9,5
0.0,0.0,25.0,12,2023,9,5
0.0,0.0,29.0,12,2023,9,5
0.3434498012065887,0.0,30.0,12,2023,9,5
0.0,0.0,32.0,12,2023,9,5
0.0,0.0,37.0,12,2023,9,5
0.0,1.999999761581421,38.0,12,2023,9,5
0.0,0.0,39.0,12,2023,9,5
0.0,0.800000011920929,44.0,12,2023,9,5
0.0,0.0,5.0,13,2023,9,5
0.474176824092865,0.4000000953674316,9.0,13,2023,9,5
0.9893816113471984,0.0,11.0,13,2023,9,5
2.1190948486328125,1.999999761581421,13.0,13,2023,9,5
0.009968627244234,0.0,25.0,13,2023,9,5
0.0,0.0,29.0,13,2023,9,5
0.0,0.0,30.0,13,2023,9,5
0.0,5.999999523162842,32.0,13,2023,9,5
0.0,0.0,37.0,13,2023,9,5
0.0,0.0,38.0,13,2023,9,5
0.0,0.0,39.0,13,2023,9,5
0.0,5.999999523162842,44.0,13,2023,9,5
0.0,4.999999523162842,5.0,14,2023,9,5
0.6584886312484741,65.00000762939453,9.0,14,2023,9,5
0.9459773302078248,17.0,11.0,14,2023,9,5
1.972310185432434,29.999998092651367,13.0,14,2023,9,5
0.0,0.0,25.0,14,2023,9,5
0.0,2.999999523162842,29.0,14,2023,9,5
0.0,0.0,30.0,14,2023,9,5
0.0,10.000000953674316,32.0,14,2023,9,5
0.0,0.0,37.0,14,2023,9,5
0.0,1.9000003337860107,38.0,14,2023,9,5
0.0,0.2000000029802322,39.0,14,2023,9,5
0.0,11.0,44.0,14,2023,9,5
0.0,0.0,5.0,15,2023,9,5
0.6575546860694885,2.999999523162842,9.0,15,2023,9,5
1.8541613817214968,27.000001907348636,11.0,15,2023,9,5
2.38295316696167,9.0,13.0,15,2023,9,5
0.6320374011993408,5.999999523162842,25.0,15,2023,9,5
0.0,12.000001907348633,29.0,15,2023,9,5
0.0,0.0999999865889549,30.0,15,2023,9,5
0.0,11.0,32.0,15,2023,9,5
0.0,0.2000000029802322,37.0,15,2023,9,5
0.0,2.1000001430511475,38.0,15,2023,9,5
0.0,3.799999952316284,39.0,15,2023,9,5
0.0,2.200000286102295,44.0,15,2023,9,5
0.0,0.0,5.0,16,2023,9,5
0.7510458827018738,7.0,9.0,16,2023,9,5
1.2142448425292969,0.0,11.0,16,2023,9,5
1.6664024591445925,1.999999761581421,13.0,16,2023,9,5
0.3915516436100006,0.0,25.0,16,2023,9,5
0.0,0.0,29.0,16,2023,9,5
0.0,0.0,30.0,16,2023,9,5
0.0,0.0,32.0,16,2023,9,5
0.0,0.0,37.0,16,2023,9,5
0.0,0.0,38.0,16,2023,9,5
0.0,0.0,39.0,16,2023,9,5
0.054163496941328,0.0,44.0,16,2023,9,5
0.0,0.0,5.0,17,2023,9,5
0.428576648235321,35.0,9.0,17,2023,9,5
0.0,0.4000000953674316,11.0,17,2023,9,5
0.6597137451171875,2.999999523162842,13.0,17,2023,9,5
0.0,0.9000000953674316,25.0,17,2023,9,5
0.0,5.999999523162842,29.0,17,2023,9,5
0.0,8.0,30.0,17,2023,9,5
0.0,0.0,32.0,17,2023,9,5
0.0,0.0,37.0,17,2023,9,5
0.0,0.0,38.0,17,2023,9,5
0.0,0.0,39.0,17,2023,9,5
0.0,0.0,44.0,17,2023,9,5
0.0,0.0,5.0,18,2023,9,5
0.0,0.9999998807907104,9.0,18,2023,9,5
0.0,6.799999237060547,11.0,18,2023,9,5
0.7394585609436035,81.0,13.0,18,2023,9,5
0.0,16.0,25.0,18,2023,9,5
0.0,0.0,29.0,18,2023,9,5
0.0,8.0,30.0,18,2023,9,5
0.0,0.0999999865889549,32.0,18,2023,9,5
0.0,0.0,37.0,18,2023,9,5
0.0,0.0,38.0,18,2023,9,5
0.0,0.0,39.0,18,2023,9,5
0.0,0.0,44.0,18,2023,9,5
0.0,0.0,5.0,19,2023,9,5
0.096795454621315,11.0,9.0,19,2023,9,5
0.0,27.000001907348636,11.0,19,2023,9,5
0.382871150970459,7.0,13.0,19,2023,9,5
0.0,2.999999523162842,25.0,19,2023,9,5
0.0,33.0,29.0,19,2023,9,5
0.0,0.0,30.0,19,2023,9,5
0.0,8.199999809265137,32.0,19,2023,9,5
0.0,0.0,37.0,19,2023,9,5
0.0,7.0,38.0,19,2023,9,5
0.0,0.0,39.0,19,2023,9,5
0.0,0.0,44.0,19,2023,9,5
0.0,0.0,5.0,20,2023,9,5
0.0,2.999999523162842,9.0,20,2023,9,5
0.0,23.0,11.0,20,2023,9,5
0.0,14.000000953674316,13.0,20,2023,9,5
0.0,0.0,25.0,20,2023,9,5
0.0,0.0,29.0,20,2023,9,5
0.0,1.999999761581421,30.0,20,2023,9,5
0.0,0.0,32.0,20,2023,9,5
0.0,0.0,37.0,20,2023,9,5
0.0,0.0,38.0,20,2023,9,5
0.0,0.0,39.0,20,2023,9,5
0.0,0.0,44.0,20,2023,9,5
0.0,0.0,5.0,7,2020,9,9
0.7127529382705688,4.0,9.0,7,2020,9,9
0.7484838962554932,42.69999694824219,11.0,7,2020,9,9
2.956101894378662,4.700000286102295,13.0,7,2020,9,9
0.1697575598955154,0.0,25.0,7,2020,9,9
0.0,0.0,29.0,7,2020,9,9
0.0,0.0,30.0,7,2020,9,9
0.0,0.0,32.0,7,2020,9,9
0.0,0.0,37.0,7,2020,9,9
0.0,0.0,38.0,7,2020,9,9
0.0,0.0,39.0,7,2020,9,9
0.0,0.0,44.0,7,2020,9,9
0.0,0.0,5.0,8,2020,9,9
0.526383101940155,0.0,9.0,8,2020,9,9
1.0551751852035522,0.0,11.0,8,2020,9,9
2.1440391540527344,0.0,13.0,8,2020,9,9
0.0403382405638694,0.0,25.0,8,2020,9,9
0.0,0.0,29.0,8,2020,9,9
0.0,0.0,30.0,8,2020,9,9
0.0,0.0,32.0,8,2020,9,9
0.0,0.0,37.0,8,2020,9,9
0.0,0.0,38.0,8,2020,9,9
0.0,0.0,39.0,8,2020,9,9
0.1351656168699264,0.0,44.0,8,2020,9,9
0.0,0.0,5.0,9,2020,9,9
0.5176010131835938,0.0,9.0,9,2020,9,9
0.6573188304901123,0.0,11.0,9,2020,9,9
1.8679276704788208,0.0,13.0,9,2020,9,9
0.1274128258228302,14.60000228881836,25.0,9,2020,9,9
0.0,0.0,29.0,9,2020,9,9
0.0,9.599998474121094,30.0,9,2020,9,9
0.0,11.099998474121094,32.0,9,2020,9,9
0.0,0.0,37.0,9,2020,9,9
0.0,0.0,38.0,9,2020,9,9
0.0,1.2999999523162842,39.0,9,2020,9,9
0.0,19.199996948242188,44.0,9,2020,9,9
0.0,0.0,5.0,10,2020,9,9
0.1499787420034408,0.0,9.0,10,2020,9,9
1.025192141532898,0.0,11.0,10,2020,9,9
1.753932237625122,0.0,13.0,10,2020,9,9
0.0,1.3999998569488523,25.0,10,2020,9,9
0.1190544962882995,0.0,29.0,10,2020,9,9
0.0,2.4000003337860107,30.0,10,2020,9,9
0.0,11.399998664855955,32.0,10,2020,9,9
0.0,3.5000007152557373,37.0,10,2020,9,9
0.0,0.0,38.0,10,2020,9,9
0.0,2.6999998092651367,39.0,10,2020,9,9
0.0,34.000003814697266,44.0,10,2020,9,9
0.0,0.0,5.0,11,2020,9,9
0.0,0.0,9.0,11,2020,9,9
0.0,0.0,11.0,11,2020,9,9
0.0,0.0,13.0,11,2020,9,9
0.0,8.399998664855957,25.0,11,2020,9,9
0.0,0.0,29.0,11,2020,9,9
0.0,0.0,30.0,11,2020,9,9
0.0,0.0,32.0,11,2020,9,9
0.0,0.0,37.0,11,2020,9,9
0.0,0.0,38.0,11,2020,9,9
0.0,0.0,39.0,11,2020,9,9
0.0,0.0,44.0,11,2020,9,9
0.0,1.999999761581421,5.0,12,2020,9,9
0.0,65.99998474121094,9.0,12,2020,9,9
0.0,37.400001525878906,11.0,12,2020,9,9
0.0,23.700000762939453,13.0,12,2020,9,9
0.0,9.400001525878906,25.0,12,2020,9,9
0.0,2.4000003337860107,29.0,12,2020,9,9
0.0,16.100004196166992,30.0,12,2020,9,9
0.0,0.0,32.0,12,2020,9,9
0.0,0.0,37.0,12,2020,9,9
0.0,1.2999999523162842,38.0,12,2020,9,9
0.0,22.79999542236328,39.0,12,2020,9,9
0.0,42.30000305175781,44.0,12,2020,9,9
0.0,19.299999237060547,5.0,13,2020,9,9
0.0,8.09999942779541,9.0,13,2020,9,9
0.0,37.999996185302734,11.0,13,2020,9,9
0.0,42.899993896484375,13.0,13,2020,9,9
0.0,14.39999771118164,25.0,13,2020,9,9
0.0,0.0,29.0,13,2020,9,9
0.0,0.0,30.0,13,2020,9,9
0.0,0.0,32.0,13,2020,9,9
0.0,0.0,37.0,13,2020,9,9
0.0,0.0,38.0,13,2020,9,9
0.0,34.50000762939453,39.0,13,2020,9,9
0.0,5.700000762939453,44.0,13,2020,9,9
0.0,5.399999618530273,5.0,14,2020,9,9
0.0,23.700000762939453,9.0,14,2020,9,9
0.0,94.5999755859375,11.0,14,2020,9,9
0.0,37.400001525878906,13.0,14,2020,9,9
0.0,10.000000953674316,25.0,14,2020,9,9
0.0,2.999999523162842,29.0,14,2020,9,9
0.0,23.900001525878903,30.0,14,2020,9,9
0.0,17.500001907348633,32.0,14,2020,9,9
0.0,16.499998092651367,37.0,14,2020,9,9
0.0,3.6000003814697266,38.0,14,2020,9,9
0.0,5.600000381469727,39.0,14,2020,9,9
0.0,0.0,44.0,14,2020,9,9
0.0,19.699995040893555,5.0,15,2020,9,9
0.0,0.0,9.0,15,2020,9,9
0.0,18.700000762939453,11.0,15,2020,9,9
0.0,24.89999771118164,13.0,15,2020,9,9
0.0,19.5,25.0,15,2020,9,9
0.0,33.60000228881836,29.0,15,2020,9,9
0.0,2.6999998092651367,30.0,15,2020,9,9
0.0,26.80000114440918,32.0,15,2020,9,9
0.0,0.0,37.0,15,2020,9,9
0.0,14.499999046325684,38.0,15,2020,9,9
0.0,7.1999993324279785,39.0,15,2020,9,9
0.0,72.5999984741211,44.0,15,2020,9,9
0.0,15.799997329711914,5.0,16,2020,9,9
0.0,14.300000190734863,9.0,16,2020,9,9
0.0,0.0,11.0,16,2020,9,9
0.0,0.0,13.0,16,2020,9,9
0.0,18.59999656677246,25.0,16,2020,9,9
0.0,0.0,29.0,16,2020,9,9
0.0,0.0,30.0,16,2020,9,9
0.0,12.700000762939451,32.0,16,2020,9,9
0.0,0.0,37.0,16,2020,9,9
0.0,0.0,38.0,16,2020,9,9
0.0,0.0,39.0,16,2020,9,9
0.0,0.0,44.0,16,2020,9,9
0.0,4.199999809265137,5.0,17,2020,9,9
0.0,24.000001907348636,9.0,17,2020,9,9
0.0,1.1000001430511477,11.0,17,2020,9,9
0.0,13.500001907348633,13.0,17,2020,9,9
0.0,0.0,25.0,17,2020,9,9
0.0,0.0,29.0,17,2020,9,9
0.0,0.0,30.0,17,2020,9,9
0.0,0.0,32.0,17,2020,9,9
0.0,0.0,37.0,17,2020,9,9
0.0,0.0,38.0,17,2020,9,9
0.0,0.0,39.0,17,2020,9,9
0.0,0.0,44.0,17,2020,9,9
0.0,1.9000003337860107,5.0,18,2020,9,9
0.0,8.80000114440918,9.0,18,2020,9,9
0.0,0.0,11.0,18,2020,9,9
0.0,18.39999771118164,13.0,18,2020,9,9
0.0,4.600000858306885,25.0,18,2020,9,9
0.0,0.0,29.0,18,2020,9,9
0.0,5.600000381469727,30.0,18,2020,9,9
0.0,65.39998626708984,32.0,18,2020,9,9
0.0,34.000003814697266,37.0,18,2020,9,9
0.0,0.0,38.0,18,2020,9,9
0.0,54.89999771118164,39.0,18,2020,9,9
0.0,29.80000305175781,44.0,18,2020,9,9
0.0,0.0,5.0,19,2020,9,9
0.0,0.0,9.0,19,2020,9,9
0.0,0.0,11.0,19,2020,9,9
0.0,0.9000000953674316,13.0,19,2020,9,9
0.0,0.0,25.0,19,2020,9,9
0.0,0.0,29.0,19,2020,9,9
0.0,0.0,30.0,19,2020,9,9
0.0,0.0,32.0,19,2020,9,9
0.0,0.0,37.0,19,2020,9,9
0.0,0.0,38.0,19,2020,9,9
0.0,0.0,39.0,19,2020,9,9
0.0,0.0,44.0,19,2020,9,9
0.0,0.0,5.0,20,2020,9,9
0.0,0.0,9.0,20,2020,9,9
0.0,0.0,11.0,20,2020,9,9
0.0,0.0,13.0,20,2020,9,9
0.0,0.0,25.0,20,2020,9,9
0.0,0.0,29.0,20,2020,9,9
0.0,0.0,30.0,20,2020,9,9
0.0,0.0,32.0,20,2020,9,9
0.0,0.0,37.0,20,2020,9,9
0.0,0.0,38.0,20,2020,9,9
0.0,0.0,39.0,20,2020,9,9
0.0,0.0,44.0,20,2020,9,9
0.0,0.0,5.0,7,2021,9,9
0.0079246079549193,0.0,9.0,7,2021,9,9
0.1391901671886444,34.30000305175781,11.0,7,2021,9,9
0.0872561559081077,14.900002479553224,13.0,7,2021,9,9
0.0,0.0,25.0,7,2021,9,9
0.0164751149713993,0.0,29.0,7,2021,9,9
0.0,0.0,30.0,7,2021,9,9
0.0319875106215477,0.0,32.0,7,2021,9,9
0.0,0.0,37.0,7,2021,9,9
0.0,0.0,38.0,7,2021,9,9
0.0,0.0,39.0,7,2021,9,9
0.1339534223079681,0.0,44.0,7,2021,9,9
0.0,19.699995040893555,5.0,8,2021,9,9
0.0,10.899999618530272,9.0,8,2021,9,9
0.2181874364614486,2.299999713897705,11.0,8,2021,9,9
0.448463499546051,0.0,13.0,8,2021,9,9
0.6848092079162598,0.0,25.0,8,2021,9,9
0.0,0.0,29.0,8,2021,9,9
0.0,0.0,30.0,8,2021,9,9
0.1821943372488021,0.0,32.0,8,2021,9,9
0.0,0.0,37.0,8,2021,9,9
0.0,0.0,38.0,8,2021,9,9
0.0,0.0,39.0,8,2021,9,9
0.299111545085907,0.0,44.0,8,2021,9,9
0.0,0.0,5.0,9,2021,9,9
0.3612253069877624,0.0,9.0,9,2021,9,9
0.4318733811378479,0.0,11.0,9,2021,9,9
1.541797399520874,0.0,13.0,9,2021,9,9
0.8601796627044678,0.0,25.0,9,2021,9,9
0.0415036864578723,0.0,29.0,9,2021,9,9
0.0,7.0,30.0,9,2021,9,9
0.0,0.0,32.0,9,2021,9,9
0.0,0.5,37.0,9,2021,9,9
0.0,0.0,38.0,9,2021,9,9
0.0,0.5,39.0,9,2021,9,9
0.1032072529196739,2.500000238418579,44.0,9,2021,9,9
0.0,0.0,5.0,10,2021,9,9
0.7151394486427307,27.70000648498535,9.0,10,2021,9,9
1.084242582321167,0.0,11.0,10,2021,9,9
2.054048538208008,0.0,13.0,10,2021,9,9
1.2825839519500732,0.0,25.0,10,2021,9,9
0.0,0.0,29.0,10,2021,9,9
0.0,0.0,30.0,10,2021,9,9
0.0,0.0,32.0,10,2021,9,9
0.0,0.0,37.0,10,2021,9,9
0.0,0.0,38.0,10,2021,9,9
0.0,0.0,39.0,10,2021,9,9
0.0289614368230104,0.0,44.0,10,2021,9,9
0.0,0.0,5.0,11,2021,9,9
0.3664041459560394,39.50000381469727,9.0,11,2021,9,9
1.43959641456604,73.00000762939453,11.0,11,2021,9,9
0.6496284008026123,32.50000762939453,13.0,11,2021,9,9
0.0,11.299999237060549,25.0,11,2021,9,9
0.0,0.0,29.0,11,2021,9,9
0.0,0.0,30.0,11,2021,9,9
0.0,0.0,32.0,11,2021,9,9
0.0,0.0,37.0,11,2021,9,9
0.0,19.099994659423828,38.0,11,2021,9,9
0.0,0.0,39.0,11,2021,9,9
0.0141694471240043,0.0,44.0,11,2021,9,9
0.0,0.0,5.0,12,2021,9,9
0.276634156703949,0.0,9.0,12,2021,9,9
1.536624312400818,0.0,11.0,12,2021,9,9
0.8116530179977417,0.0,13.0,12,2021,9,9
0.0,0.0,25.0,12,2021,9,9
0.0,0.0,29.0,12,2021,9,9
0.0,0.0,30.0,12,2021,9,9
0.0,0.0,32.0,12,2021,9,9
0.0,0.0,37.0,12,2021,9,9
0.0,0.0,38.0,12,2021,9,9
0.0,0.0,39.0,12,2021,9,9
0.0,0.0,44.0,12,2021,9,9
0.0,0.0,5.0,13,2021,9,9
0.0,0.0,9.0,13,2021,9,9
0.0,0.0,11.0,13,2021,9,9
0.1657488197088241,0.0,13.0,13,2021,9,9
0.0,0.0,25.0,13,2021,9,9
0.0,0.0,29.0,13,2021,9,9
0.0,0.0,30.0,13,2021,9,9
0.0,0.0,32.0,13,2021,9,9
0.0,0.0,37.0,13,2021,9,9
0.0,0.0,38.0,13,2021,9,9
0.0,0.0,39.0,13,2021,9,9
0.0,0.0,44.0,13,2021,9,9
0.0,0.0,5.0,14,2021,9,9
0.0,0.0,9.0,14,2021,9,9
0.0,0.0,11.0,14,2021,9,9
0.0,0.0,13.0,14,2021,9,9
0.0,0.0,25.0,14,2021,9,9
0.0,0.0,29.0,14,2021,9,9
0.0,0.0,30.0,14,2021,9,9
0.0,0.0,32.0,14,2021,9,9
0.0,0.0,37.0,14,2021,9,9
0.0,0.0,38.0,14,2021,9,9
0.0,0.0,39.0,14,2021,9,9
0.0,32.69999694824219,44.0,14,2021,9,9
0.0,0.0,5.0,15,2021,9,9
0.0,0.0,9.0,15,2021,9,9
0.0,0.0,11.0,15,2021,9,9
0.0,0.0,13.0,15,2021,9,9
0.0,0.0,25.0,15,2021,9,9
0.0,0.0,29.0,15,2021,9,9
0.0,0.0,30.0,15,2021,9,9
0.0,0.0,32.0,15,2021,9,9
0.0,0.0,37.0,15,2021,9,9
0.0,0.0,38.0,15,2021,9,9
0.0,0.0,39.0,15,2021,9,9
0.0,10.200000762939451,44.0,15,2021,9,9
0.0,0.0,5.0,16,2021,9,9
0.0,9.0,9.0,16,2021,9,9
0.0,0.9999998807907104,11.0,16,2021,9,9
0.0880500152707099,2.8000001907348637,13.0,16,2021,9,9
0.0,4.899999618530273,25.0,16,2021,9,9
0.0,0.800000011920929,29.0,16,2021,9,9
0.0,14.000000953674316,30.0,16,2021,9,9
0.0,17.399999618530273,32.0,16,2021,9,9
0.0,7.40000057220459,37.0,16,2021,9,9
0.0,4.600000858306885,38.0,16,2021,9,9
0.0,15.600000381469728,39.0,16,2021,9,9
0.0,20.80000305175781,44.0,16,2021,9,9
0.0,0.0,5.0,17,2021,9,9
0.0,0.0,9.0,17,2021,9,9
0.0,0.0,11.0,17,2021,9,9
0.0,0.0,13.0,17,2021,9,9
0.0,0.0,25.0,17,2021,9,9
0.0,0.0,29.0,17,2021,9,9
0.0,0.0,30.0,17,2021,9,9
0.0,0.0,32.0,17,2021,9,9
0.0,0.2000000029802322,37.0,17,2021,9,9
0.0,0.0,38.0,17,2021,9,9
0.0,0.5,39.0,17,2021,9,9
0.0,5.700000762939453,44.0,17,2021,9,9
0.0,0.0,5.0,18,2021,9,9
0.0,0.0,9.0,18,2021,9,9
0.0,0.0,11.0,18,2021,9,9
0.0254916120320558,0.0,13.0,18,2021,9,9
0.0,0.0,25.0,18,2021,9,9
0.0,0.0,29.0,18,2021,9,9
0.0,0.0,30.0,18,2021,9,9
0.2960496544837951,0.0,32.0,18,2021,9,9
0.0,0.0,37.0,18,2021,9,9
0.0,0.0,38.0,18,2021,9,9
0.0,9.400001525878906,39.0,18,2021,9,9
0.0,9.0,44.0,18,2021,9,9
0.0,0.0,5.0,19,2021,9,9
0.0,0.0,9.0,19,2021,9,9
0.0,0.0,11.0,19,2021,9,9
0.4518588483333587,0.0,13.0,19,2021,9,9
0.0,0.0,25.0,19,2021,9,9
0.0,0.0,29.0,19,2021,9,9
0.1897926777601242,0.0,30.0,19,2021,9,9
0.0,0.0,32.0,19,2021,9,9
0.0,0.0,37.0,19,2021,9,9
0.0,0.0,38.0,19,2021,9,9
0.0,0.0,39.0,19,2021,9,9
0.0,0.0,44.0,19,2021,9,9
0.0,0.0,5.0,20,2021,9,9
0.0,0.0,9.0,20,2021,9,9
0.0,0.0,11.0,20,2021,9,9
0.8326822519302368,0.0,13.0,20,2021,9,9
0.0,0.0,25.0,20,2021,9,9
0.0,0.0,29.0,20,2021,9,9
0.0,0.0,30.0,20,2021,9,9
0.0,0.0,32.0,20,2021,9,9
0.0,0.0,37.0,20,2021,9,9
0.0,0.0,38.0,20,2021,9,9
0.0,0.0,39.0,20,2021,9,9
0.0,0.0,44.0,20,2021,9,9
0.0,14.000000953674316,5.0,7,2022,9,9
0.005826539825648,26.000001907348636,9.0,7,2022,9,9
0.165863811969757,2.1000001430511475,11.0,7,2022,9,9
0.3826914727687835,0.9999998807907104,13.0,7,2022,9,9
0.0569963566958904,19.0,25.0,7,2022,9,9
0.0,0.0,29.0,7,2022,9,9
0.0,22.299997329711918,30.0,7,2022,9,9
0.0,26.000001907348636,32.0,7,2022,9,9
0.0,40.99999237060547,37.0,7,2022,9,9
0.0,0.0,38.0,7,2022,9,9
0.0,52.100006103515625,39.0,7,2022,9,9
0.0,1.999999761581421,44.0,7,2022,9,9
0.0,50.0,5.0,8,2022,9,9
0.0,59.9999885559082,9.0,8,2022,9,9
0.1563406139612198,91.90000915527344,11.0,8,2022,9,9
0.3027146458625793,77.99998474121094,13.0,8,2022,9,9
0.0,107.00000762939452,25.0,8,2022,9,9
0.0,7.0,29.0,8,2022,9,9
0.0,18.0,30.0,8,2022,9,9
0.0,2.999999523162842,32.0,8,2022,9,9
0.0,1.999999761581421,37.0,8,2022,9,9
0.0,2.999999523162842,38.0,8,2022,9,9
0.0,1.1000001430511477,39.0,8,2022,9,9
0.0,0.5,44.0,8,2022,9,9
0.0,2.999999523162842,5.0,9,2022,9,9
0.1523286998271942,0.0,9.0,9,2022,9,9
0.1550171077251434,4.099999904632568,11.0,9,2022,9,9
0.9890401363372804,21.000001907348636,13.0,9,2022,9,9
0.0,8.0,25.0,9,2022,9,9
0.0,1.9000003337860107,29.0,9,2022,9,9
0.0,20.000001907348636,30.0,9,2022,9,9
0.0,0.0999999865889549,32.0,9,2022,9,9
0.0,7.0,37.0,9,2022,9,9
0.0,4.0,38.0,9,2022,9,9
0.0,0.0,39.0,9,2022,9,9
0.0,33.60000228881836,44.0,9,2022,9,9
0.0,0.0,5.0,10,2022,9,9
0.1169852912425994,0.0,9.0,10,2022,9,9
0.5369737148284912,0.0,11.0,10,2022,9,9
1.2612948417663574,15.0,13.0,10,2022,9,9
0.0,1.999999761581421,25.0,10,2022,9,9
0.0,0.0,29.0,10,2022,9,9
0.0,0.0,30.0,10,2022,9,9
0.0,0.0,32.0,10,2022,9,9
0.0,0.0,37.0,10,2022,9,9
0.0,0.0,38.0,10,2022,9,9
0.0,0.0,39.0,10,2022,9,9
0.0,0.800000011920929,44.0,10,2022,9,9
0.0,0.0,5.0,11,2022,9,9
0.0,0.5999999046325684,9.0,11,2022,9,9
0.0,10.000000953674316,11.0,11,2022,9,9
0.0391543880105018,24.000001907348636,13.0,11,2022,9,9
0.0,0.0,25.0,11,2022,9,9
0.0,7.0,29.0,11,2022,9,9
0.0,0.0,30.0,11,2022,9,9
0.0,0.9000000953674316,32.0,11,2022,9,9
0.0,0.0,37.0,11,2022,9,9
0.0,0.0,38.0,11,2022,9,9
0.0,0.0,39.0,11,2022,9,9
0.0,0.0,44.0,11,2022,9,9
0.0,5.999999523162842,5.0,12,2022,9,9
0.0,0.0,9.0,12,2022,9,9
0.0,0.0,11.0,12,2022,9,9
0.1336301565170288,0.0,13.0,12,2022,9,9
0.0,2.999999523162842,25.0,12,2022,9,9
0.0,0.0,29.0,12,2022,9,9
0.0,0.0,30.0,12,2022,9,9
0.0,0.0,32.0,12,2022,9,9
0.0,0.0999999865889549,37.0,12,2022,9,9
0.0,0.0,38.0,12,2022,9,9
0.0,0.0,39.0,12,2022,9,9
0.0,0.0,44.0,12,2022,9,9
0.0,0.9999998807907104,5.0,13,2022,9,9
0.0,1.999999761581421,9.0,13,2022,9,9
0.0,0.0,11.0,13,2022,9,9
0.0,0.0,13.0,13,2022,9,9
0.0,0.0,25.0,13,2022,9,9
0.0,0.9999998807907104,29.0,13,2022,9,9
0.0,4.0,30.0,13,2022,9,9
0.0,0.0,32.0,13,2022,9,9
0.0,0.0,37.0,13,2022,9,9
0.0,0.0,38.0,13,2022,9,9
0.0,0.0,39.0,13,2022,9,9
0.0,4.999999523162842,44.0,13,2022,9,9
0.0,9.0,5.0,14,2022,9,9
0.0,0.0,9.0,14,2022,9,9
0.0,0.0,11.0,14,2022,9,9
0.0,0.0,13.0,14,2022,9,9
0.0,12.000001907348633,25.0,14,2022,9,9
0.0,0.5,29.0,14,2022,9,9
0.0,2.999999523162842,30.0,14,2022,9,9
0.0,18.299997329711918,32.0,14,2022,9,9
0.0,0.0,37.0,14,2022,9,9
0.0,0.5,38.0,14,2022,9,9
0.0,18.0,39.0,14,2022,9,9
0.0,8.09999942779541,44.0,14,2022,9,9
0.0,0.0,5.0,15,2022,9,9
0.0,0.0,9.0,15,2022,9,9
0.0,0.0,11.0,15,2022,9,9
0.0,0.0,13.0,15,2022,9,9
0.0,0.0,25.0,15,2022,9,9
0.0,0.2000000029802322,29.0,15,2022,9,9
0.0,1.999999761581421,30.0,15,2022,9,9
0.0,2.999999523162842,32.0,15,2022,9,9
0.0,0.9999998807907104,37.0,15,2022,9,9
0.0,0.9000000953674316,38.0,15,2022,9,9
0.0,2.999999523162842,39.0,15,2022,9,9
0.0,13.299999237060549,44.0,15,2022,9,9
0.0,0.0,5.0,16,2022,9,9
0.0,0.0,9.0,16,2022,9,9
0.0,0.0,11.0,16,2022,9,9
0.0,0.0,13.0,16,2022,9,9
0.0,0.0,25.0,16,2022,9,9
0.0,0.0,29.0,16,2022,9,9
0.0,0.0,30.0,16,2022,9,9
0.0,0.0999999865889549,32.0,16,2022,9,9
0.0,0.0,37.0,16,2022,9,9
0.0,0.0,38.0,16,2022,9,9
0.0,1.999999761581421,39.0,16,2022,9,9
0.0,11.0,44.0,16,2022,9,9
0.0,0.0,5.0,17,2022,9,9
0.0,0.0,9.0,17,2022,9,9
0.0,0.0,11.0,17,2022,9,9
0.0887425765395164,0.0,13.0,17,2022,9,9
0.0,0.0,25.0,17,2022,9,9
0.0,0.6999999284744263,29.0,17,2022,9,9
0.0,0.0,30.0,17,2022,9,9
0.0,1.9000003337860107,32.0,17,2022,9,9
0.0,0.0,37.0,17,2022,9,9
0.0,0.0,38.0,17,2022,9,9
0.0,0.0,39.0,17,2022,9,9
0.0,12.000001907348633,44.0,17,2022,9,9
0.0,0.0,5.0,18,2022,9,9
0.0,0.0,9.0,18,2022,9,9
0.0287780091166496,0.0,11.0,18,2022,9,9
0.2057161182165146,0.0,13.0,18,2022,9,9
0.0,0.0,25.0,18,2022,9,9
0.0,0.0,29.0,18,2022,9,9
0.0,0.0,30.0,18,2022,9,9
0.0,0.0,32.0,18,2022,9,9
0.0,0.0,37.0,18,2022,9,9
0.0,0.2000000029802322,38.0,18,2022,9,9
0.0,0.0,39.0,18,2022,9,9
0.0,0.0,44.0,18,2022,9,9
0.0,0.0,5.0,19,2022,9,9
0.0,0.0,9.0,19,2022,9,9
0.0,0.0,11.0,19,2022,9,9
0.4714114367961883,0.0,13.0,19,2022,9,9
0.0,0.0,25.0,19,2022,9,9
0.0,0.0,29.0,19,2022,9,9
0.0,0.0,30.0,19,2022,9,9
0.0,0.0,32.0,19,2022,9,9
0.0,0.0,37.0,19,2022,9,9
0.0,0.0,38.0,19,2022,9,9
0.0,0.0,39.0,19,2022,9,9
0.0,0.0,44.0,19,2022,9,9
0.0,0.0,5.0,20,2022,9,9
0.0,0.4000000953674316,9.0,20,2022,9,9
0.0,0.0,11.0,20,2022,9,9
0.0,0.0999999865889549,13.0,20,2022,9,9
0.0,1.999999761581421,25.0,20,2022,9,9
0.0,0.0,29.0,20,2022,9,9
0.0,1.999999761581421,30.0,20,2022,9,9
0.0,10.000000953674316,32.0,20,2022,9,9
0.0,8.0,37.0,20,2022,9,9
0.0,1.999999761581421,38.0,20,2022,9,9
0.0,11.0,39.0,20,2022,9,9
0.0,43.99999237060547,44.0,20,2022,9,9
0.0,0.0,5.0,7,2023,9,9
0.0,0.0,9.0,7,2023,9,9
0.0,0.0,11.0,7,2023,9,9
0.2817699015140533,0.0,13.0,7,2023,9,9
0.0,0.0,25.0,7,2023,9,9
0.0,0.0,29.0,7,2023,9,9
0.0,0.0999999865889549,30.0,7,2023,9,9
0.0,0.0999999865889549,32.0,7,2023,9,9
0.0,0.5999999046325684,37.0,7,2023,9,9
0.0,0.0,38.0,7,2023,9,9
0.0,0.2000000029802322,39.0,7,2023,9,9
0.0,10.200000762939451,44.0,7,2023,9,9
0.0,0.0,5.0,8,2023,9,9
0.0,0.0,9.0,8,2023,9,9
0.0,0.0,11.0,8,2023,9,9
0.0,0.0,13.0,8,2023,9,9
0.0,0.0,25.0,8,2023,9,9
0.0,0.0,29.0,8,2023,9,9
0.0,0.0,30.0,8,2023,9,9
0.0,0.0,32.0,8,2023,9,9
0.0,0.0,37.0,8,2023,9,9
0.0,1.999999761581421,38.0,8,2023,9,9
0.0,0.0,39.0,8,2023,9,9
0.0,0.800000011920929,44.0,8,2023,9,9
0.0,0.0,5.0,9,2023,9,9
0.134456068277359,0.4000000953674316,9.0,9,2023,9,9
0.0,0.0,11.0,9,2023,9,9
0.0260966718196868,1.999999761581421,13.0,9,2023,9,9
0.0,0.0,25.0,9,2023,9,9
0.0,0.0,29.0,9,2023,9,9
0.0,0.0,30.0,9,2023,9,9
0.0,5.999999523162842,32.0,9,2023,9,9
0.0,0.0,37.0,9,2023,9,9
0.0,0.0,38.0,9,2023,9,9
0.0,0.0,39.0,9,2023,9,9
0.0,5.999999523162842,44.0,9,2023,9,9
0.0,4.999999523162842,5.0,10,2023,9,9
0.0,65.00000762939453,9.0,10,2023,9,9
0.0,17.0,11.0,10,2023,9,9
0.0,29.999998092651367,13.0,10,2023,9,9
0.0,0.0,25.0,10,2023,9,9
0.0,2.999999523162842,29.0,10,2023,9,9
0.0,0.0,30.0,10,2023,9,9
0.0,10.000000953674316,32.0,10,2023,9,9
0.0,0.0,37.0,10,2023,9,9
0.0,1.9000003337860107,38.0,10,2023,9,9
0.0,0.2000000029802322,39.0,10,2023,9,9
0.0,11.0,44.0,10,2023,9,9
0.0,0.0,5.0,11,2023,9,9
0.0,2.999999523162842,9.0,11,2023,9,9
0.0671421289443969,27.000001907348636,11.0,11,2023,9,9
0.0,9.0,13.0,11,2023,9,9
0.0,5.999999523162842,25.0,11,2023,9,9
0.0,12.000001907348633,29.0,11,2023,9,9
0.0,0.0999999865889549,30.0,11,2023,9,9
0.0,11.0,32.0,11,2023,9,9
0.0,0.2000000029802322,37.0,11,2023,9,9
0.0,2.1000001430511475,38.0,11,2023,9,9
0.0,3.799999952316284,39.0,11,2023,9,9
0.0,2.200000286102295,44.0,11,2023,9,9
0.0,0.0,5.0,12,2023,9,9
0.0358918160200119,7.0,9.0,12,2023,9,9
0.3417823314666748,0.0,11.0,12,2023,9,9
0.6919533014297485,1.999999761581421,13.0,12,2023,9,9
0.1821263432502746,0.0,25.0,12,2023,9,9
0.0,0.0,29.0,12,2023,9,9
0.0,0.0,30.0,12,2023,9,9
0.0,0.0,32.0,12,2023,9,9
0.0,0.0,37.0,12,2023,9,9
0.0,0.0,38.0,12,2023,9,9
0.0,0.0,39.0,12,2023,9,9
0.0,0.0,44.0,12,2023,9,9
0.0,0.0,5.0,13,2023,9,9
0.0690652653574943,35.0,9.0,13,2023,9,9
0.7908011674880981,0.4000000953674316,11.0,13,2023,9,9
1.3434699773788452,2.999999523162842,13.0,13,2023,9,9
0.3116144835948944,0.9000000953674316,25.0,13,2023,9,9
0.0,5.999999523162842,29.0,13,2023,9,9
0.0,8.0,30.0,13,2023,9,9
0.0,0.0,32.0,13,2023,9,9
0.0,0.0,37.0,13,2023,9,9
0.0,0.0,38.0,13,2023,9,9
0.0,0.0,39.0,13,2023,9,9
0.0,0.0,44.0,13,2023,9,9
0.0,0.0,5.0,14,2023,9,9
0.0928975269198417,0.9999998807907104,9.0,14,2023,9,9
0.28582963347435,6.799999237060547,11.0,14,2023,9,9
1.225949764251709,81.0,13.0,14,2023,9,9
0.0,16.0,25.0,14,2023,9,9
0.0,0.0,29.0,14,2023,9,9
0.0,8.0,30.0,14,2023,9,9
0.0,0.0999999865889549,32.0,14,2023,9,9
0.0,0.0,37.0,14,2023,9,9
0.0,0.0,38.0,14,2023,9,9
0.0,0.0,39.0,14,2023,9,9
0.0,0.0,44.0,14,2023,9,9
0.0,0.0,5.0,15,2023,9,9
0.2987608909606933,11.0,9.0,15,2023,9,9
0.2944933772087097,27.000001907348636,11.0,15,2023,9,9
0.8525964021682739,7.0,13.0,15,2023,9,9
0.1484552025794983,2.999999523162842,25.0,15,2023,9,9
0.0,33.0,29.0,15,2023,9,9
0.0,0.0,30.0,15,2023,9,9
0.1603283584117889,8.199999809265137,32.0,15,2023,9,9
0.0,0.0,37.0,15,2023,9,9
0.0,7.0,38.0,15,2023,9,9
0.0,0.0,39.0,15,2023,9,9
0.0970489233732223,0.0,44.0,15,2023,9,9
0.0,0.0,5.0,16,2023,9,9
0.4200736284255981,2.999999523162842,9.0,16,2023,9,9
0.150312140583992,23.0,11.0,16,2023,9,9
1.843802809715271,14.000000953674316,13.0,16,2023,9,9
0.1495945900678634,0.0,25.0,16,2023,9,9
0.0,0.0,29.0,16,2023,9,9
0.0,1.999999761581421,30.0,16,2023,9,9
0.0,0.0,32.0,16,2023,9,9
0.0,0.0,37.0,16,2023,9,9
0.0,0.0,38.0,16,2023,9,9
0.0,0.0,39.0,16,2023,9,9
0.0580075494945049,0.0,44.0,16,2023,9,9
0.0,0.0,5.0,17,2023,9,9
0.2346809357404709,2.999999523162842,9.0,17,2023,9,9
0.0,0.0,11.0,17,2023,9,9
0.9597418308258056,0.4000000953674316,13.0,17,2023,9,9
0.0,0.0,25.0,17,2023,9,9
0.0,0.0,29.0,17,2023,9,9
0.0,0.0,30.0,17,2023,9,9
0.0,0.0,32.0,17,2023,9,9
0.0,0.0,37.0,17,2023,9,9
0.0,0.0,38.0,17,2023,9,9
0.0,0.3000000715255737,39.0,17,2023,9,9
0.0,0.4000000953674316,44.0,17,2023,9,9
0.0,0.0,5.0,18,2023,9,9
0.067386046051979,0.6999999284744263,9.0,18,2023,9,9
0.0,0.4000000953674316,11.0,18,2023,9,9
0.6158465147018433,0.0,13.0,18,2023,9,9
0.0,0.6999999284744263,25.0,18,2023,9,9
0.0,0.0,29.0,18,2023,9,9
0.0,2.999999523162842,30.0,18,2023,9,9
0.0,18.0,32.0,18,2023,9,9
0.0,5.999999523162842,37.0,18,2023,9,9
0.0,0.9999998807907104,38.0,18,2023,9,9
0.0,13.699997901916504,39.0,18,2023,9,9
0.0,79.99996948242188,44.0,18,2023,9,9
0.0,4.0,5.0,19,2023,9,9
0.1230393201112747,2.999999523162842,9.0,19,2023,9,9
0.0,0.0,11.0,19,2023,9,9
0.3245190382003784,0.2000000029802322,13.0,19,2023,9,9
0.0,9.400001525878906,25.0,19,2023,9,9
0.0,0.4000000953674316,29.0,19,2023,9,9
0.0,26.000001907348636,30.0,19,2023,9,9
0.0,64.00001525878906,32.0,19,2023,9,9
0.0,53.00000381469727,37.0,19,2023,9,9
0.0,3.400000095367432,38.0,19,2023,9,9
0.0,35.0,39.0,19,2023,9,9
0.0,35.0,44.0,19,2023,9,9
0.0,4.999999523162842,5.0,20,2023,9,9
0.0,8.0,9.0,20,2023,9,9
0.0,1.1000001430511477,11.0,20,2023,9,9
0.0,2.8000001907348637,13.0,20,2023,9,9
0.0,8.199999809265137,25.0,20,2023,9,9
0.0,2.999999523162842,29.0,20,2023,9,9
0.0,3.400000095367432,30.0,20,2023,9,9
0.0,15.0,32.0,20,2023,9,9
0.0,0.0,37.0,20,2023,9,9
0.0,0.0,38.0,20,2023,9,9
0.0,15.09999656677246,39.0,20,2023,9,9
0.0,5.999999523162842,44.0,20,2023,9,9
0.0,0.0,5.0,7,2020,9,12
0.5725167989730835,0.0,9.0,7,2020,9,12
1.2244051694869995,0.0,11.0,7,2020,9,12
1.1960526704788208,0.0,13.0,7,2020,9,12
0.1450181156396865,1.3999998569488523,25.0,7,2020,9,12
0.0,0.0,29.0,7,2020,9,12
0.0,2.4000003337860107,30.0,7,2020,9,12
0.0,11.399998664855955,32.0,7,2020,9,12
0.0,3.5000007152557373,37.0,7,2020,9,12
0.0,0.0,38.0,7,2020,9,12
0.0,2.6999998092651367,39.0,7,2020,9,12
0.3140143156051636,34.000003814697266,44.0,7,2020,9,12
0.0,0.0,5.0,8,2020,9,12
0.0,0.0,9.0,8,2020,9,12
0.0,0.0,11.0,8,2020,9,12
0.0348919481039047,0.0,13.0,8,2020,9,12
0.0,8.399998664855957,25.0,8,2020,9,12
0.0,0.0,29.0,8,2020,9,12
0.0,0.0,30.0,8,2020,9,12
0.0,0.0,32.0,8,2020,9,12
0.0,0.0,37.0,8,2020,9,12
0.0,0.0,38.0,8,2020,9,12
0.0,0.0,39.0,8,2020,9,12
0.0,0.0,44.0,8,2020,9,12
0.0,1.999999761581421,5.0,9,2020,9,12
0.0550599135458469,65.99998474121094,9.0,9,2020,9,12
0.0,37.400001525878906,11.0,9,2020,9,12
0.0,23.700000762939453,13.0,9,2020,9,12
0.0,9.400001525878906,25.0,9,2020,9,12
0.0,2.4000003337860107,29.0,9,2020,9,12
0.0,16.100004196166992,30.0,9,2020,9,12
0.0,0.0,32.0,9,2020,9,12
0.0,0.0,37.0,9,2020,9,12
0.0,1.2999999523162842,38.0,9,2020,9,12
0.0,22.79999542236328,39.0,9,2020,9,12
0.0,42.30000305175781,44.0,9,2020,9,12
0.0,19.299999237060547,5.0,10,2020,9,12
0.0,8.09999942779541,9.0,10,2020,9,12
0.0,37.999996185302734,11.0,10,2020,9,12
0.0,42.899993896484375,13.0,10,2020,9,12
0.0,14.39999771118164,25.0,10,2020,9,12
0.0,0.0,29.0,10,2020,9,12
0.0,0.0,30.0,10,2020,9,12
0.0,0.0,32.0,10,2020,9,12
0.0,0.0,37.0,10,2020,9,12
0.0,0.0,38.0,10,2020,9,12
0.0,34.50000762939453,39.0,10,2020,9,12
0.0,5.700000762939453,44.0,10,2020,9,12
0.0,5.399999618530273,5.0,11,2020,9,12
0.0,23.700000762939453,9.0,11,2020,9,12
0.0,94.5999755859375,11.0,11,2020,9,12
0.1010601446032524,37.400001525878906,13.0,11,2020,9,12
0.0,10.000000953674316,25.0,11,2020,9,12
0.0,2.999999523162842,29.0,11,2020,9,12
0.0,23.900001525878903,30.0,11,2020,9,12
0.0,17.500001907348633,32.0,11,2020,9,12
0.0,16.499998092651367,37.0,11,2020,9,12
0.0,3.6000003814697266,38.0,11,2020,9,12
0.0,5.600000381469727,39.0,11,2020,9,12
0.0,0.0,44.0,11,2020,9,12
0.0,19.699995040893555,5.0,12,2020,9,12
0.0,0.0,9.0,12,2020,9,12
0.0,18.700000762939453,11.0,12,2020,9,12
0.0,24.89999771118164,13.0,12,2020,9,12
0.0,19.5,25.0,12,2020,9,12
0.0,33.60000228881836,29.0,12,2020,9,12
0.0,2.6999998092651367,30.0,12,2020,9,12
0.0,26.80000114440918,32.0,12,2020,9,12
0.0,0.0,37.0,12,2020,9,12
0.0,14.499999046325684,38.0,12,2020,9,12
0.0,7.1999993324279785,39.0,12,2020,9,12
0.0,72.5999984741211,44.0,12,2020,9,12
0.0,15.799997329711914,5.0,13,2020,9,12
0.0,14.300000190734863,9.0,13,2020,9,12
0.0,0.0,11.0,13,2020,9,12
0.0,0.0,13.0,13,2020,9,12
0.0,18.59999656677246,25.0,13,2020,9,12
0.0,0.0,29.0,13,2020,9,12
0.0,0.0,30.0,13,2020,9,12
0.0,12.700000762939451,32.0,13,2020,9,12
0.0,0.0,37.0,13,2020,9,12
0.0,0.0,38.0,13,2020,9,12
0.0,0.0,39.0,13,2020,9,12
0.0,0.0,44.0,13,2020,9,12
0.0,4.199999809265137,5.0,14,2020,9,12
0.0,24.000001907348636,9.0,14,2020,9,12
0.0,1.1000001430511477,11.0,14,2020,9,12
0.0,13.500001907348633,13.0,14,2020,9,12
0.0,0.0,25.0,14,2020,9,12
0.0,0.0,29.0,14,2020,9,12
0.0,0.0,30.0,14,2020,9,12
0.0,0.0,32.0,14,2020,9,12
0.0,0.0,37.0,14,2020,9,12
0.0,0.0,38.0,14,2020,9,12
0.0,0.0,39.0,14,2020,9,12
0.0,0.0,44.0,14,2020,9,12
0.0,1.9000003337860107,5.0,15,2020,9,12
0.0,8.80000114440918,9.0,15,2020,9,12
0.0,0.0,11.0,15,2020,9,12
0.0,18.39999771118164,13.0,15,2020,9,12
0.0,4.600000858306885,25.0,15,2020,9,12
0.0,0.0,29.0,15,2020,9,12
0.0,5.600000381469727,30.0,15,2020,9,12
0.0,65.39998626708984,32.0,15,2020,9,12
0.0,34.000003814697266,37.0,15,2020,9,12
0.0,0.0,38.0,15,2020,9,12
0.0,54.89999771118164,39.0,15,2020,9,12
0.0,29.80000305175781,44.0,15,2020,9,12
0.0,0.0,5.0,16,2020,9,12
0.0,0.0,9.0,16,2020,9,12
0.0,0.0,11.0,16,2020,9,12
0.0,0.9000000953674316,13.0,16,2020,9,12
0.0,0.0,25.0,16,2020,9,12
0.0,0.0,29.0,16,2020,9,12
0.0,0.0,30.0,16,2020,9,12
0.0,0.0,32.0,16,2020,9,12
0.0,0.0,37.0,16,2020,9,12
0.0,0.0,38.0,16,2020,9,12
0.0,0.0,39.0,16,2020,9,12
0.0,0.0,44.0,16,2020,9,12
0.0,0.0,5.0,17,2020,9,12
0.0,0.0,9.0,17,2020,9,12
0.0,0.0,11.0,17,2020,9,12
0.0,0.0,13.0,17,2020,9,12
0.0,0.0,25.0,17,2020,9,12
0.0,0.0,29.0,17,2020,9,12
0.0,0.0,30.0,17,2020,9,12
0.0,0.0,32.0,17,2020,9,12
0.0,0.0,37.0,17,2020,9,12
0.0,0.0,38.0,17,2020,9,12
0.0,0.0,39.0,17,2020,9,12
0.0,0.0,44.0,17,2020,9,12
0.0,0.0,5.0,18,2020,9,12
0.0,2.6999998092651367,9.0,18,2020,9,12
0.0,0.0,11.0,18,2020,9,12
0.0,0.0,13.0,18,2020,9,12
0.0,0.0,25.0,18,2020,9,12
0.0,0.0,29.0,18,2020,9,12
0.0,0.0,30.0,18,2020,9,12
0.0,0.0,32.0,18,2020,9,12
0.0,0.0,37.0,18,2020,9,12
0.0,0.0,38.0,18,2020,9,12
0.0,0.0,39.0,18,2020,9,12
0.0,0.0,44.0,18,2020,9,12
0.0,0.0,5.0,19,2020,9,12
0.0,182.90000915527344,9.0,19,2020,9,12
0.0,31.200000762939453,11.0,19,2020,9,12
0.0,34.20000076293945,13.0,19,2020,9,12
0.0,7.899998664855957,25.0,19,2020,9,12
0.0,17.700000762939453,29.0,19,2020,9,12
0.0,0.0,30.0,19,2020,9,12
0.0,0.0,32.0,19,2020,9,12
0.0,0.0,37.0,19,2020,9,12
0.0,0.0,38.0,19,2020,9,12
0.0,0.0,39.0,19,2020,9,12
0.0,0.0,44.0,19,2020,9,12
0.0,0.0,5.0,20,2020,9,12
0.0,0.0,9.0,20,2020,9,12
0.0,0.0,11.0,20,2020,9,12
0.0,6.59999942779541,13.0,20,2020,9,12
0.0,0.0,25.0,20,2020,9,12
0.0,0.0,29.0,20,2020,9,12
0.0,0.0,30.0,20,2020,9,12
0.0,0.0,32.0,20,2020,9,12
0.0,0.0,37.0,20,2020,9,12
0.0,0.0,38.0,20,2020,9,12
0.0,0.0,39.0,20,2020,9,12
0.0,0.0,44.0,20,2020,9,12
0.0,0.0,5.0,7,2021,9,12
0.5579163432121277,27.70000648498535,9.0,7,2021,9,12
0.7326987981796265,0.0,11.0,7,2021,9,12
1.0969278812408447,0.0,13.0,7,2021,9,12
0.1230567172169685,0.0,25.0,7,2021,9,12
0.0,0.0,29.0,7,2021,9,12
0.0,0.0,30.0,7,2021,9,12
0.0,0.0,32.0,7,2021,9,12
0.0,0.0,37.0,7,2021,9,12
0.0,0.0,38.0,7,2021,9,12
0.0,0.0,39.0,7,2021,9,12
0.0,0.0,44.0,7,2021,9,12
0.0,0.0,5.0,8,2021,9,12
0.0,39.50000381469727,9.0,8,2021,9,12
2.019584894180298,73.00000762939453,11.0,8,2021,9,12
1.1371948719024658,32.50000762939453,13.0,8,2021,9,12
0.0,11.299999237060549,25.0,8,2021,9,12
0.0,0.0,29.0,8,2021,9,12
0.0,0.0,30.0,8,2021,9,12
0.0,0.0,32.0,8,2021,9,12
0.0,0.0,37.0,8,2021,9,12
0.0,19.099994659423828,38.0,8,2021,9,12
0.0,0.0,39.0,8,2021,9,12
0.0,0.0,44.0,8,2021,9,12
0.0,0.0,5.0,9,2021,9,12
0.4537908732891083,0.0,9.0,9,2021,9,12
1.4034055471420288,0.0,11.0,9,2021,9,12
0.9177274703979492,0.0,13.0,9,2021,9,12
0.0836880654096603,0.0,25.0,9,2021,9,12
0.0,0.0,29.0,9,2021,9,12
0.0,0.0,30.0,9,2021,9,12
0.0,0.0,32.0,9,2021,9,12
0.0,0.0,37.0,9,2021,9,12
0.0,0.0,38.0,9,2021,9,12
0.0,0.0,39.0,9,2021,9,12
0.0,0.0,44.0,9,2021,9,12
0.0,0.0,5.0,10,2021,9,12
0.2553589046001434,0.0,9.0,10,2021,9,12
0.6464402079582214,0.0,11.0,10,2021,9,12
0.8564466834068298,0.0,13.0,10,2021,9,12
0.0,0.0,25.0,10,2021,9,12
0.0,0.0,29.0,10,2021,9,12
0.0,0.0,30.0,10,2021,9,12
0.0,0.0,32.0,10,2021,9,12
0.0,0.0,37.0,10,2021,9,12
0.0,0.0,38.0,10,2021,9,12
0.0,0.0,39.0,10,2021,9,12
0.0,0.0,44.0,10,2021,9,12
0.0,0.0,5.0,11,2021,9,12
0.0,0.0,9.0,11,2021,9,12
0.0,0.0,11.0,11,2021,9,12
0.0,0.0,13.0,11,2021,9,12
0.0,0.0,25.0,11,2021,9,12
0.0,0.0,29.0,11,2021,9,12
0.0,0.0,30.0,11,2021,9,12
0.0,0.0,32.0,11,2021,9,12
0.0,0.0,37.0,11,2021,9,12
0.0,0.0,38.0,11,2021,9,12
0.0,0.0,39.0,11,2021,9,12
0.0,32.69999694824219,44.0,11,2021,9,12
0.0,0.0,5.0,12,2021,9,12
0.0,0.0,9.0,12,2021,9,12
0.0,0.0,11.0,12,2021,9,12
0.0,0.0,13.0,12,2021,9,12
0.0,0.0,25.0,12,2021,9,12
0.0,0.0,29.0,12,2021,9,12
0.0,0.0,30.0,12,2021,9,12
0.0,0.0,32.0,12,2021,9,12
0.0,0.0,37.0,12,2021,9,12
0.0,0.0,38.0,12,2021,9,12
0.0,0.0,39.0,12,2021,9,12
0.0,10.200000762939451,44.0,12,2021,9,12
0.0,0.0,5.0,13,2021,9,12
0.0,9.0,9.0,13,2021,9,12
0.0,0.9999998807907104,11.0,13,2021,9,12
0.0,2.8000001907348637,13.0,13,2021,9,12
0.0,4.899999618530273,25.0,13,2021,9,12
0.0,0.800000011920929,29.0,13,2021,9,12
0.0,14.000000953674316,30.0,13,2021,9,12
0.0,17.399999618530273,32.0,13,2021,9,12
0.0,7.40000057220459,37.0,13,2021,9,12
0.0,4.600000858306885,38.0,13,2021,9,12
0.0,15.600000381469728,39.0,13,2021,9,12
0.0,20.80000305175781,44.0,13,2021,9,12
0.0,0.0,5.0,14,2021,9,12
0.0,0.0,9.0,14,2021,9,12
0.0,0.0,11.0,14,2021,9,12
0.2360261976718902,0.0,13.0,14,2021,9,12
0.0,0.0,25.0,14,2021,9,12
0.0,0.0,29.0,14,2021,9,12
0.0,0.0,30.0,14,2021,9,12
0.0,0.0,32.0,14,2021,9,12
0.0,0.2000000029802322,37.0,14,2021,9,12
0.0,0.0,38.0,14,2021,9,12
0.0,0.5,39.0,14,2021,9,12
0.0,5.700000762939453,44.0,14,2021,9,12
0.0,0.0,5.0,15,2021,9,12
0.0,0.0,9.0,15,2021,9,12
0.0,0.0,11.0,15,2021,9,12
0.2304703295230865,0.0,13.0,15,2021,9,12
0.0,0.0,25.0,15,2021,9,12
0.0,0.0,29.0,15,2021,9,12
0.0,0.0,30.0,15,2021,9,12
0.0,0.0,32.0,15,2021,9,12
0.0,0.0,37.0,15,2021,9,12
0.0,0.0,38.0,15,2021,9,12
0.0,9.400001525878906,39.0,15,2021,9,12
0.0,9.0,44.0,15,2021,9,12
0.0,0.0,5.0,16,2021,9,12
0.0360057763755321,0.0,9.0,16,2021,9,12
0.0,0.0,11.0,16,2021,9,12
0.0454354062676429,0.0,13.0,16,2021,9,12
0.0,0.0,25.0,16,2021,9,12
0.0,0.0,29.0,16,2021,9,12
0.0,0.0,30.0,16,2021,9,12
0.0,0.0,32.0,16,2021,9,12
0.0,0.0,37.0,16,2021,9,12
0.0,0.0,38.0,16,2021,9,12
0.0,0.0,39.0,16,2021,9,12
0.0,0.0,44.0,16,2021,9,12
0.0,0.0,5.0,17,2021,9,12
0.0,0.0,9.0,17,2021,9,12
0.0,0.0,11.0,17,2021,9,12
0.0014703201595693,0.0,13.0,17,2021,9,12
0.0,0.0,25.0,17,2021,9,12
0.0,0.0,29.0,17,2021,9,12
0.0,0.0,30.0,17,2021,9,12
0.0,0.0,32.0,17,2021,9,12
0.0,0.0,37.0,17,2021,9,12
0.0,0.0,38.0,17,2021,9,12
0.0,0.0,39.0,17,2021,9,12
0.0,0.0,44.0,17,2021,9,12
0.0,26.19999885559082,5.0,18,2021,9,12
0.0,0.0,9.0,18,2021,9,12
0.0,0.0,11.0,18,2021,9,12
0.0,4.899999618530273,13.0,18,2021,9,12
0.0,0.0,25.0,18,2021,9,12
0.0,10.099998474121094,29.0,18,2021,9,12
0.0,0.0,30.0,18,2021,9,12
0.0,0.0,32.0,18,2021,9,12
0.0,0.0,37.0,18,2021,9,12
0.0,0.0,38.0,18,2021,9,12
0.0,0.0,39.0,18,2021,9,12
0.0,0.0,44.0,18,2021,9,12
0.0,0.0,5.0,19,2021,9,12
0.0,0.0,9.0,19,2021,9,12
0.0,0.0,11.0,19,2021,9,12
0.0,0.0,13.0,19,2021,9,12
0.0,0.0,25.0,19,2021,9,12
0.0,0.0,29.0,19,2021,9,12
0.0,0.0,30.0,19,2021,9,12
0.0,0.0,32.0,19,2021,9,12
0.0,0.0,37.0,19,2021,9,12
0.0,0.0,38.0,19,2021,9,12
0.0,0.0,39.0,19,2021,9,12
0.0,0.0,44.0,19,2021,9,12
0.0,42.79999542236328,5.0,20,2021,9,12
0.0,16.200000762939453,9.0,20,2021,9,12
0.0,10.599998474121094,11.0,20,2021,9,12
0.0,62.29999923706055,13.0,20,2021,9,12
0.0,20.400001525878903,25.0,20,2021,9,12
0.0,0.0,29.0,20,2021,9,12
0.0,0.0,30.0,20,2021,9,12
0.0,0.0,32.0,20,2021,9,12
0.0,0.0,37.0,20,2021,9,12
0.0,0.4000000953674316,38.0,20,2021,9,12
0.0,0.0,39.0,20,2021,9,12
0.0,41.89998626708984,44.0,20,2021,9,12
0.0,0.0,5.0,7,2022,9,12
1.1925437450408936,0.0,9.0,7,2022,9,12
1.226341724395752,0.0,11.0,7,2022,9,12
3.0999176502227783,15.0,13.0,7,2022,9,12
0.0,1.999999761581421,25.0,7,2022,9,12
0.0,0.0,29.0,7,2022,9,12
0.0,0.0,30.0,7,2022,9,12
0.0,0.0,32.0,7,2022,9,12
0.0,0.0,37.0,7,2022,9,12
0.0,0.0,38.0,7,2022,9,12
0.0,0.0,39.0,7,2022,9,12
0.0,0.800000011920929,44.0,7,2022,9,12
0.0,0.0,5.0,8,2022,9,12
0.8696033358573914,0.5999999046325684,9.0,8,2022,9,12
1.2511661052703855,10.000000953674316,11.0,8,2022,9,12
1.6954305171966553,24.000001907348636,13.0,8,2022,9,12
0.5954616069793701,0.0,25.0,8,2022,9,12
0.0,7.0,29.0,8,2022,9,12
0.0,0.0,30.0,8,2022,9,12
0.0120871718972921,0.9000000953674316,32.0,8,2022,9,12
0.0,0.0,37.0,8,2022,9,12
0.0,0.0,38.0,8,2022,9,12
0.0,0.0,39.0,8,2022,9,12
0.0,0.0,44.0,8,2022,9,12
0.0,5.999999523162842,5.0,9,2022,9,12
0.4924836754798889,0.0,9.0,9,2022,9,12
0.2750270366668701,0.0,11.0,9,2022,9,12
1.5208741426467896,0.0,13.0,9,2022,9,12
0.1685124784708023,2.999999523162842,25.0,9,2022,9,12
0.0,0.0,29.0,9,2022,9,12
0.0,0.0,30.0,9,2022,9,12
0.0,0.0,32.0,9,2022,9,12
0.0,0.0999999865889549,37.0,9,2022,9,12
0.0,0.0,38.0,9,2022,9,12
0.0,0.0,39.0,9,2022,9,12
0.029098704457283,0.0,44.0,9,2022,9,12
0.0,0.9999998807907104,5.0,10,2022,9,12
0.0,1.999999761581421,9.0,10,2022,9,12
0.0,0.0,11.0,10,2022,9,12
1.2339510917663574,0.0,13.0,10,2022,9,12
0.0,0.0,25.0,10,2022,9,12
0.0,0.9999998807907104,29.0,10,2022,9,12
0.0,4.0,30.0,10,2022,9,12
0.0,0.0,32.0,10,2022,9,12
0.0,0.0,37.0,10,2022,9,12
0.0,0.0,38.0,10,2022,9,12
0.0,0.0,39.0,10,2022,9,12
0.0,4.999999523162842,44.0,10,2022,9,12
0.0,9.0,5.0,11,2022,9,12
0.0,0.0,9.0,11,2022,9,12
0.0,0.0,11.0,11,2022,9,12
0.0,0.0,13.0,11,2022,9,12
0.0,12.000001907348633,25.0,11,2022,9,12
0.0,0.5,29.0,11,2022,9,12
0.0,2.999999523162842,30.0,11,2022,9,12
0.0,18.299997329711918,32.0,11,2022,9,12
0.0,0.0,37.0,11,2022,9,12
0.0,0.5,38.0,11,2022,9,12
0.0,18.0,39.0,11,2022,9,12
0.0,8.09999942779541,44.0,11,2022,9,12
0.0,0.0,5.0,12,2022,9,12
0.0,0.0,9.0,12,2022,9,12
0.0,0.0,11.0,12,2022,9,12
0.0,0.0,13.0,12,2022,9,12
0.0,0.0,25.0,12,2022,9,12
0.0,0.2000000029802322,29.0,12,2022,9,12
0.0,1.999999761581421,30.0,12,2022,9,12
0.0,2.999999523162842,32.0,12,2022,9,12
0.0,0.9999998807907104,37.0,12,2022,9,12
0.0,0.9000000953674316,38.0,12,2022,9,12
0.0,2.999999523162842,39.0,12,2022,9,12
0.0,13.299999237060549,44.0,12,2022,9,12
0.0,0.0,5.0,13,2022,9,12
0.0,0.0,9.0,13,2022,9,12
0.0,0.0,11.0,13,2022,9,12
0.0,0.0,13.0,13,2022,9,12
0.0,0.0,25.0,13,2022,9,12
0.0,0.0,29.0,13,2022,9,12
0.0,0.0,30.0,13,2022,9,12
0.0,0.0999999865889549,32.0,13,2022,9,12
0.0,0.0,37.0,13,2022,9,12
0.0,0.0,38.0,13,2022,9,12
0.0,1.999999761581421,39.0,13,2022,9,12
0.0,11.0,44.0,13,2022,9,12
0.0,0.0,5.0,14,2022,9,12
0.0,0.0,9.0,14,2022,9,12
0.0,0.0,11.0,14,2022,9,12
0.0,0.0,13.0,14,2022,9,12
0.0,0.0,25.0,14,2022,9,12
0.0,0.6999999284744263,29.0,14,2022,9,12
0.0,0.0,30.0,14,2022,9,12
0.0,1.9000003337860107,32.0,14,2022,9,12
0.0,0.0,37.0,14,2022,9,12
0.0,0.0,38.0,14,2022,9,12
0.0,0.0,39.0,14,2022,9,12
0.0,12.000001907348633,44.0,14,2022,9,12
0.0,0.0,5.0,15,2022,9,12
0.0,0.0,9.0,15,2022,9,12
0.0,0.0,11.0,15,2022,9,12
0.0,0.0,13.0,15,2022,9,12
0.0,0.0,25.0,15,2022,9,12
0.0,0.0,29.0,15,2022,9,12
0.0,0.0,30.0,15,2022,9,12
0.0,0.0,32.0,15,2022,9,12
0.0,0.0,37.0,15,2022,9,12
0.0,0.2000000029802322,38.0,15,2022,9,12
0.0,0.0,39.0,15,2022,9,12
0.0,0.0,44.0,15,2022,9,12
0.0,0.0,5.0,16,2022,9,12
0.0,0.0,9.0,16,2022,9,12
0.0,0.0,11.0,16,2022,9,12
0.0,0.0,13.0,16,2022,9,12
0.0,0.0,25.0,16,2022,9,12
0.0,0.0,29.0,16,2022,9,12
0.0,0.0,30.0,16,2022,9,12
0.0,0.0,32.0,16,2022,9,12
0.0,0.0,37.0,16,2022,9,12
0.0,0.0,38.0,16,2022,9,12
0.0,0.0,39.0,16,2022,9,12
0.0,0.0,44.0,16,2022,9,12
0.0,0.0,5.0,17,2022,9,12
0.0,0.4000000953674316,9.0,17,2022,9,12
0.0,0.0,11.0,17,2022,9,12
0.0,0.0999999865889549,13.0,17,2022,9,12
0.0,1.999999761581421,25.0,17,2022,9,12
0.0,0.0,29.0,17,2022,9,12
0.0,1.999999761581421,30.0,17,2022,9,12
0.0,10.000000953674316,32.0,17,2022,9,12
0.0,8.0,37.0,17,2022,9,12
0.0,1.999999761581421,38.0,17,2022,9,12
0.0,11.0,39.0,17,2022,9,12
0.0,43.99999237060547,44.0,17,2022,9,12
0.0,0.0,5.0,18,2022,9,12
0.0,0.0,9.0,18,2022,9,12
0.0,0.0,11.0,18,2022,9,12
0.0,0.0,13.0,18,2022,9,12
0.0,0.5,25.0,18,2022,9,12
0.0,0.0999999865889549,29.0,18,2022,9,12
0.0,0.0,30.0,18,2022,9,12
0.0,5.999999523162842,32.0,18,2022,9,12
0.0,1.999999761581421,37.0,18,2022,9,12
0.0,4.999999523162842,38.0,18,2022,9,12
0.0,13.000000953674316,39.0,18,2022,9,12
0.0,41.99999237060547,44.0,18,2022,9,12
0.0,0.5999999046325684,5.0,19,2022,9,12
0.0,0.0,9.0,19,2022,9,12
0.0,0.0,11.0,19,2022,9,12
0.0,0.0,13.0,19,2022,9,12
0.0,0.0,25.0,19,2022,9,12
0.0,0.0,29.0,19,2022,9,12
0.0,0.0,30.0,19,2022,9,12
0.0,0.0,32.0,19,2022,9,12
0.0,0.2000000029802322,37.0,19,2022,9,12
0.0,0.0,38.0,19,2022,9,12
0.0,0.5,39.0,19,2022,9,12
0.0,4.800000190734863,44.0,19,2022,9,12
0.0,16.0,5.0,20,2022,9,12
0.0,26.19999885559082,9.0,20,2022,9,12
0.0,2.999999523162842,11.0,20,2022,9,12
0.0,7.0,13.0,20,2022,9,12
0.0,10.000000953674316,25.0,20,2022,9,12
0.0,7.0,29.0,20,2022,9,12
0.0,0.0,30.0,20,2022,9,12
0.0,20.099994659423828,32.0,20,2022,9,12
0.0,1.999999761581421,37.0,20,2022,9,12
0.0,4.999999523162842,38.0,20,2022,9,12
0.0,15.500000953674316,39.0,20,2022,9,12
0.0,19.199996948242188,44.0,20,2022,9,12
0.0,4.999999523162842,5.0,7,2023,9,12
0.0061508947983384,65.00000762939453,9.0,7,2023,9,12
0.2644942700862884,17.0,11.0,7,2023,9,12
0.1033579111099243,29.999998092651367,13.0,7,2023,9,12
0.0,0.0,25.0,7,2023,9,12
0.0239193476736545,2.999999523162842,29.0,7,2023,9,12
0.0,0.0,30.0,7,2023,9,12
0.0,10.000000953674316,32.0,7,2023,9,12
0.0,0.0,37.0,7,2023,9,12
0.0,1.9000003337860107,38.0,7,2023,9,12
0.0,0.2000000029802322,39.0,7,2023,9,12
0.0,11.0,44.0,7,2023,9,12
0.0,0.0,5.0,8,2023,9,12
0.0,2.999999523162842,9.0,8,2023,9,12
0.3623703122138977,27.000001907348636,11.0,8,2023,9,12
0.5253779292106628,9.0,13.0,8,2023,9,12
0.0,5.999999523162842,25.0,8,2023,9,12
0.0,12.000001907348633,29.0,8,2023,9,12
0.0,0.0999999865889549,30.0,8,2023,9,12
0.0,11.0,32.0,8,2023,9,12
0.0,0.2000000029802322,37.0,8,2023,9,12
0.0,2.1000001430511475,38.0,8,2023,9,12
0.0,3.799999952316284,39.0,8,2023,9,12
0.0,2.200000286102295,44.0,8,2023,9,12
0.0,0.0,5.0,9,2023,9,12
0.0,7.0,9.0,9,2023,9,12
0.3580045700073242,0.0,11.0,9,2023,9,12
0.2503922283649444,1.999999761581421,13.0,9,2023,9,12
0.0,0.0,25.0,9,2023,9,12
0.0,0.0,29.0,9,2023,9,12
0.0,0.0,30.0,9,2023,9,12
0.0,0.0,32.0,9,2023,9,12
0.0,0.0,37.0,9,2023,9,12
0.0,0.0,38.0,9,2023,9,12
0.0,0.0,39.0,9,2023,9,12
0.0,0.0,44.0,9,2023,9,12
0.0,0.0,5.0,10,2023,9,12
0.0,35.0,9.0,10,2023,9,12
0.0,0.4000000953674316,11.0,10,2023,9,12
0.0,2.999999523162842,13.0,10,2023,9,12
0.0,0.9000000953674316,25.0,10,2023,9,12
0.0,5.999999523162842,29.0,10,2023,9,12
0.0,8.0,30.0,10,2023,9,12
0.0,0.0,32.0,10,2023,9,12
0.0,0.0,37.0,10,2023,9,12
0.0,0.0,38.0,10,2023,9,12
0.0,0.0,39.0,10,2023,9,12
0.0,0.0,44.0,10,2023,9,12
0.0,0.0,5.0,11,2023,9,12
0.0,0.9999998807907104,9.0,11,2023,9,12
0.0,6.799999237060547,11.0,11,2023,9,12
0.0,81.0,13.0,11,2023,9,12
0.0,16.0,25.0,11,2023,9,12
0.0,0.0,29.0,11,2023,9,12
0.0,8.0,30.0,11,2023,9,12
0.0,0.0999999865889549,32.0,11,2023,9,12
0.0,0.0,37.0,11,2023,9,12
0.0,0.0,38.0,11,2023,9,12
0.0,0.0,39.0,11,2023,9,12
0.0,0.0,44.0,11,2023,9,12
0.0,0.0,5.0,12,2023,9,12
0.0,11.0,9.0,12,2023,9,12
0.0,27.000001907348636,11.0,12,2023,9,12
0.0,7.0,13.0,12,2023,9,12
0.0,2.999999523162842,25.0,12,2023,9,12
0.0,33.0,29.0,12,2023,9,12
0.0,0.0,30.0,12,2023,9,12
0.0,8.199999809265137,32.0,12,2023,9,12
0.0,0.0,37.0,12,2023,9,12
0.0,7.0,38.0,12,2023,9,12
0.0,0.0,39.0,12,2023,9,12
0.0,0.0,44.0,12,2023,9,12
0.0,0.0,5.0,13,2023,9,12
0.0,2.999999523162842,9.0,13,2023,9,12
0.0,23.0,11.0,13,2023,9,12
0.0,14.000000953674316,13.0,13,2023,9,12
0.0,0.0,25.0,13,2023,9,12
0.0,0.0,29.0,13,2023,9,12
0.0,1.999999761581421,30.0,13,2023,9,12
0.0,0.0,32.0,13,2023,9,12
0.0,0.0,37.0,13,2023,9,12
0.0,0.0,38.0,13,2023,9,12
0.0,0.0,39.0,13,2023,9,12
0.0,0.0,44.0,13,2023,9,12
0.0,0.0,5.0,14,2023,9,12
0.0,2.999999523162842,9.0,14,2023,9,12
0.002293097320944,0.0,11.0,14,2023,9,12
0.0,0.4000000953674316,13.0,14,2023,9,12
0.0,0.0,25.0,14,2023,9,12
0.0,0.0,29.0,14,2023,9,12
0.0,0.0,30.0,14,2023,9,12
0.0,0.0,32.0,14,2023,9,12
0.0,0.0,37.0,14,2023,9,12
0.0,0.0,38.0,14,2023,9,12
0.0,0.3000000715255737,39.0,14,2023,9,12
0.0,0.4000000953674316,44.0,14,2023,9,12
0.0,0.0,5.0,15,2023,9,12
0.0,0.6999999284744263,9.0,15,2023,9,12
0.0,0.4000000953674316,11.0,15,2023,9,12
0.0,0.0,13.0,15,2023,9,12
0.0,0.6999999284744263,25.0,15,2023,9,12
0.0,0.0,29.0,15,2023,9,12
0.0,2.999999523162842,30.0,15,2023,9,12
0.0,18.0,32.0,15,2023,9,12
0.0,5.999999523162842,37.0,15,2023,9,12
0.0,0.9999998807907104,38.0,15,2023,9,12
0.0,13.699997901916504,39.0,15,2023,9,12
0.0,79.99996948242188,44.0,15,2023,9,12
0.0,4.0,5.0,16,2023,9,12
0.0,2.999999523162842,9.0,16,2023,9,12
0.0,0.0,11.0,16,2023,9,12
0.0325999930500984,0.2000000029802322,13.0,16,2023,9,12
0.0,9.400001525878906,25.0,16,2023,9,12
0.0,0.4000000953674316,29.0,16,2023,9,12
0.0,26.000001907348636,30.0,16,2023,9,12
0.0,64.00001525878906,32.0,16,2023,9,12
0.0,53.00000381469727,37.0,16,2023,9,12
0.0,3.400000095367432,38.0,16,2023,9,12
0.0,35.0,39.0,16,2023,9,12
0.0,35.0,44.0,16,2023,9,12
0.0,4.999999523162842,5.0,17,2023,9,12
0.0,8.0,9.0,17,2023,9,12
0.0,1.1000001430511477,11.0,17,2023,9,12
0.0,2.8000001907348637,13.0,17,2023,9,12
0.0,8.199999809265137,25.0,17,2023,9,12
0.0,2.999999523162842,29.0,17,2023,9,12
0.0,3.400000095367432,30.0,17,2023,9,12
0.0,15.0,32.0,17,2023,9,12
0.0,0.0,37.0,17,2023,9,12
0.0,0.0,38.0,17,2023,9,12
0.0,15.09999656677246,39.0,17,2023,9,12
0.0,5.999999523162842,44.0,17,2023,9,12
0.0,0.0,5.0,18,2023,9,12
0.0,4.0,9.0,18,2023,9,12
0.0816517770290374,0.0,11.0,18,2023,9,12
0.0,0.0,13.0,18,2023,9,12
0.0,1.8000000715255735,25.0,18,2023,9,12
0.0,18.09999656677246,29.0,18,2023,9,12
0.0,0.3000000715255737,30.0,18,2023,9,12
0.0,0.0,32.0,18,2023,9,12
0.0,0.3000000715255737,37.0,18,2023,9,12
0.0,4.0,38.0,18,2023,9,12
0.0,0.0,39.0,18,2023,9,12
0.0,0.9999998807907104,44.0,18,2023,9,12
0.0,0.5,5.0,19,2023,9,12
0.0,22.0,9.0,19,2023,9,12
0.0350028499960899,0.2000000029802322,11.0,19,2023,9,12
0.1453663557767868,0.0,13.0,19,2023,9,12
0.0,3.400000095367432,25.0,19,2023,9,12
0.0,0.0,29.0,19,2023,9,12
0.0,0.0,30.0,19,2023,9,12
0.0,0.6999999284744263,32.0,19,2023,9,12
0.0,0.3000000715255737,37.0,19,2023,9,12
0.0,0.0,38.0,19,2023,9,12
0.0,0.0,39.0,19,2023,9,12
0.0,0.0,44.0,19,2023,9,12
0.0,12.000001907348633,5.0,20,2023,9,12
0.0,0.0,9.0,20,2023,9,12
0.0119102708995342,0.3000000715255737,11.0,20,2023,9,12
0.0,13.19999885559082,13.0,20,2023,9,12
0.0,20.600006103515625,25.0,20,2023,9,12
0.0,0.0,29.0,20,2023,9,12
0.0,0.0999999865889549,30.0,20,2023,9,12
0.0,0.0,32.0,20,2023,9,12
0.0,0.0,37.0,20,2023,9,12
0.0,9.100001335144045,38.0,20,2023,9,12
0.0,0.0,39.0,20,2023,9,12
0.0,0.0,44.0,20,2023,9,12
0.0,5.399999618530273,5.0,7,2020,9,16
0.0271205082535743,23.700000762939453,9.0,7,2020,9,16
0.0,94.5999755859375,11.0,7,2020,9,16
0.0091519895941019,37.400001525878906,13.0,7,2020,9,16
0.0,10.000000953674316,25.0,7,2020,9,16
0.0,2.999999523162842,29.0,7,2020,9,16
0.0,23.900001525878903,30.0,7,2020,9,16
0.0,17.500001907348633,32.0,7,2020,9,16
0.0,16.499998092651367,37.0,7,2020,9,16
0.0,3.6000003814697266,38.0,7,2020,9,16
0.0,5.600000381469727,39.0,7,2020,9,16
0.0,0.0,44.0,7,2020,9,16
0.0,19.699995040893555,5.0,8,2020,9,16
0.0,0.0,9.0,8,2020,9,16
0.0,18.700000762939453,11.0,8,2020,9,16
0.0,24.89999771118164,13.0,8,2020,9,16
0.0,19.5,25.0,8,2020,9,16
0.0,33.60000228881836,29.0,8,2020,9,16
0.0,2.6999998092651367,30.0,8,2020,9,16
0.0,26.80000114440918,32.0,8,2020,9,16
0.0,0.0,37.0,8,2020,9,16
0.0,14.499999046325684,38.0,8,2020,9,16
0.0,7.1999993324279785,39.0,8,2020,9,16
0.0,72.5999984741211,44.0,8,2020,9,16
0.0,15.799997329711914,5.0,9,2020,9,16
0.0113378716632723,14.300000190734863,9.0,9,2020,9,16
0.0,0.0,11.0,9,2020,9,16
0.0,0.0,13.0,9,2020,9,16
0.0,18.59999656677246,25.0,9,2020,9,16
0.0779995024204254,0.0,29.0,9,2020,9,16
0.0,0.0,30.0,9,2020,9,16
0.0,12.700000762939451,32.0,9,2020,9,16
0.0,0.0,37.0,9,2020,9,16
0.0,0.0,38.0,9,2020,9,16
0.0,0.0,39.0,9,2020,9,16
0.0,0.0,44.0,9,2020,9,16
0.0,4.199999809265137,5.0,10,2020,9,16
0.0,24.000001907348636,9.0,10,2020,9,16
0.0561500415205955,1.1000001430511477,11.0,10,2020,9,16
0.3242113590240478,13.500001907348633,13.0,10,2020,9,16
0.0,0.0,25.0,10,2020,9,16
0.0,0.0,29.0,10,2020,9,16
0.0,0.0,30.0,10,2020,9,16
0.0,0.0,32.0,10,2020,9,16
0.0,0.0,37.0,10,2020,9,16
0.0,0.0,38.0,10,2020,9,16
0.0,0.0,39.0,10,2020,9,16
0.0,0.0,44.0,10,2020,9,16
0.0,1.9000003337860107,5.0,11,2020,9,16
0.0,8.80000114440918,9.0,11,2020,9,16
0.0,0.0,11.0,11,2020,9,16
0.2618776857852936,18.39999771118164,13.0,11,2020,9,16
0.0,4.600000858306885,25.0,11,2020,9,16
0.0,0.0,29.0,11,2020,9,16
0.0,5.600000381469727,30.0,11,2020,9,16
0.0,65.39998626708984,32.0,11,2020,9,16
0.0,34.000003814697266,37.0,11,2020,9,16
0.0,0.0,38.0,11,2020,9,16
0.0,54.89999771118164,39.0,11,2020,9,16
0.0,29.80000305175781,44.0,11,2020,9,16
0.0,0.0,5.0,12,2020,9,16
0.0486816242337226,0.0,9.0,12,2020,9,16
0.0,0.0,11.0,12,2020,9,16
1.238617181777954,0.9000000953674316,13.0,12,2020,9,16
0.0,0.0,25.0,12,2020,9,16
0.0,0.0,29.0,12,2020,9,16
0.0,0.0,30.0,12,2020,9,16
0.0,0.0,32.0,12,2020,9,16
0.0,0.0,37.0,12,2020,9,16
0.0,0.0,38.0,12,2020,9,16
0.0,0.0,39.0,12,2020,9,16
0.0,0.0,44.0,12,2020,9,16
0.0,0.0,5.0,13,2020,9,16
0.1471196711063385,0.0,9.0,13,2020,9,16
0.0,0.0,11.0,13,2020,9,16
0.3414498567581177,0.0,13.0,13,2020,9,16
0.0,0.0,25.0,13,2020,9,16
0.0,0.0,29.0,13,2020,9,16
0.0,0.0,30.0,13,2020,9,16
0.0,0.0,32.0,13,2020,9,16
0.0,0.0,37.0,13,2020,9,16
0.0,0.0,38.0,13,2020,9,16
0.0,0.0,39.0,13,2020,9,16
0.0,0.0,44.0,13,2020,9,16
0.0,0.0,5.0,14,2020,9,16
0.0,2.6999998092651367,9.0,14,2020,9,16
0.0,0.0,11.0,14,2020,9,16
0.7366615533828735,0.0,13.0,14,2020,9,16
0.0,0.0,25.0,14,2020,9,16
0.0,0.0,29.0,14,2020,9,16
0.0,0.0,30.0,14,2020,9,16
0.0,0.0,32.0,14,2020,9,16
0.0,0.0,37.0,14,2020,9,16
0.0,0.0,38.0,14,2020,9,16
0.0,0.0,39.0,14,2020,9,16
0.0,0.0,44.0,14,2020,9,16
0.0,0.0,5.0,15,2020,9,16
0.0,182.90000915527344,9.0,15,2020,9,16
0.9343176484107972,31.200000762939453,11.0,15,2020,9,16
1.0533174276351929,34.20000076293945,13.0,15,2020,9,16
0.0733822658658027,7.899998664855957,25.0,15,2020,9,16
0.0,17.700000762939453,29.0,15,2020,9,16
0.0,0.0,30.0,15,2020,9,16
0.0,0.0,32.0,15,2020,9,16
0.0,0.0,37.0,15,2020,9,16
0.0,0.0,38.0,15,2020,9,16
0.0,0.0,39.0,15,2020,9,16
0.0,0.0,44.0,15,2020,9,16
0.0,0.0,5.0,16,2020,9,16
0.2817998826503753,0.0,9.0,16,2020,9,16
0.2102543413639068,0.0,11.0,16,2020,9,16
0.982675552368164,6.59999942779541,13.0,16,2020,9,16
0.0,0.0,25.0,16,2020,9,16
0.0,0.0,29.0,16,2020,9,16
0.0,0.0,30.0,16,2020,9,16
0.0,0.0,32.0,16,2020,9,16
0.0,0.0,37.0,16,2020,9,16
0.0,0.0,38.0,16,2020,9,16
0.0,0.0,39.0,16,2020,9,16
0.0,0.0,44.0,16,2020,9,16
0.0,0.0,5.0,17,2020,9,16
0.0519309416413307,0.0,9.0,17,2020,9,16
0.0648013055324554,0.0,11.0,17,2020,9,16
0.4777837991714477,6.500000476837158,13.0,17,2020,9,16
0.0,0.0,25.0,17,2020,9,16
0.0,0.0,29.0,17,2020,9,16
0.0,0.0,30.0,17,2020,9,16
0.0,0.0,32.0,17,2020,9,16
0.0,0.0,37.0,17,2020,9,16
0.0,0.0,38.0,17,2020,9,16
0.0,0.0,39.0,17,2020,9,16
0.0,0.0,44.0,17,2020,9,16
0.0,0.0,5.0,18,2020,9,16
0.0,14.000000953674316,9.0,18,2020,9,16
0.0,1.4999998807907104,11.0,18,2020,9,16
0.0,0.0,13.0,18,2020,9,16
0.0,5.900000095367432,25.0,18,2020,9,16
0.0,0.0,29.0,18,2020,9,16
0.0,0.0,30.0,18,2020,9,16
0.0,0.0,32.0,18,2020,9,16
0.0,0.0,37.0,18,2020,9,16
0.0,0.0,38.0,18,2020,9,16
0.0,0.0,39.0,18,2020,9,16
0.0,0.0,44.0,18,2020,9,16
0.0,0.0,5.0,19,2020,9,16
0.0,0.0999999865889549,9.0,19,2020,9,16
0.0,0.0,11.0,19,2020,9,16
0.0,0.0,13.0,19,2020,9,16
0.0,10.5,25.0,19,2020,9,16
0.0,0.0,29.0,19,2020,9,16
0.0,0.0,30.0,19,2020,9,16
0.0,0.0,32.0,19,2020,9,16
0.0,0.0,37.0,19,2020,9,16
0.0,0.0,38.0,19,2020,9,16
0.0,0.5,39.0,19,2020,9,16
0.0,0.9999998807907104,44.0,19,2020,9,16
0.0,0.0,5.0,20,2020,9,16
0.0,0.0,9.0,20,2020,9,16
0.0,0.0,11.0,20,2020,9,16
0.0,13.699997901916504,13.0,20,2020,9,16
0.0,0.0,25.0,20,2020,9,16
0.0,0.0,29.0,20,2020,9,16
0.0,0.0,30.0,20,2020,9,16
0.0,2.5999996662139893,32.0,20,2020,9,16
0.0,0.0,37.0,20,2020,9,16
0.0,0.0,38.0,20,2020,9,16
0.0,0.0,39.0,20,2020,9,16
0.0,0.3000000715255737,44.0,20,2020,9,16
0.0,0.0,5.0,7,2021,9,16
0.0,0.0,9.0,7,2021,9,16
0.0,0.0,11.0,7,2021,9,16
0.0,0.0,13.0,7,2021,9,16
0.0,0.0,25.0,7,2021,9,16
0.0,0.0,29.0,7,2021,9,16
0.0,0.0,30.0,7,2021,9,16
0.0,0.0,32.0,7,2021,9,16
0.0,0.0,37.0,7,2021,9,16
0.0,0.0,38.0,7,2021,9,16
0.0,0.0,39.0,7,2021,9,16
0.0,32.69999694824219,44.0,7,2021,9,16
0.0,0.0,5.0,8,2021,9,16
0.0,0.0,9.0,8,2021,9,16
0.0,0.0,11.0,8,2021,9,16
0.0,0.0,13.0,8,2021,9,16
0.0,0.0,25.0,8,2021,9,16
0.0,0.0,29.0,8,2021,9,16
0.0,0.0,30.0,8,2021,9,16
0.0,0.0,32.0,8,2021,9,16
0.0,0.0,37.0,8,2021,9,16
0.0,0.0,38.0,8,2021,9,16
0.0,0.0,39.0,8,2021,9,16
0.0,10.200000762939451,44.0,8,2021,9,16
0.0,0.0,5.0,9,2021,9,16
0.0,9.0,9.0,9,2021,9,16
0.0,0.9999998807907104,11.0,9,2021,9,16
0.0,2.8000001907348637,13.0,9,2021,9,16
0.0,4.899999618530273,25.0,9,2021,9,16
0.0,0.800000011920929,29.0,9,2021,9,16
0.0,14.000000953674316,30.0,9,2021,9,16
0.0,17.399999618530273,32.0,9,2021,9,16
0.0,7.40000057220459,37.0,9,2021,9,16
0.0,4.600000858306885,38.0,9,2021,9,16
0.0,15.600000381469728,39.0,9,2021,9,16
0.0,20.80000305175781,44.0,9,2021,9,16
0.0,0.0,5.0,10,2021,9,16
0.0,0.0,9.0,10,2021,9,16
0.0,0.0,11.0,10,2021,9,16
0.0,0.0,13.0,10,2021,9,16
0.0,0.0,25.0,10,2021,9,16
0.0,0.0,29.0,10,2021,9,16
0.0,0.0,30.0,10,2021,9,16
0.0,0.0,32.0,10,2021,9,16
0.0,0.2000000029802322,37.0,10,2021,9,16
0.0,0.0,38.0,10,2021,9,16
0.0,0.5,39.0,10,2021,9,16
0.0,5.700000762939453,44.0,10,2021,9,16
0.0,0.0,5.0,11,2021,9,16
0.0,0.0,9.0,11,2021,9,16
0.0,0.0,11.0,11,2021,9,16
0.0,0.0,13.0,11,2021,9,16
0.0,0.0,25.0,11,2021,9,16
0.0,0.0,29.0,11,2021,9,16
0.0,0.0,30.0,11,2021,9,16
0.0,0.0,32.0,11,2021,9,16
0.0,0.0,37.0,11,2021,9,16
0.0,0.0,38.0,11,2021,9,16
0.0,9.400001525878906,39.0,11,2021,9,16
0.0,9.0,44.0,11,2021,9,16
0.0,0.0,5.0,12,2021,9,16
0.0,0.0,9.0,12,2021,9,16
0.0,0.0,11.0,12,2021,9,16
0.0,0.0,13.0,12,2021,9,16
0.0,0.0,25.0,12,2021,9,16
0.0,0.0,29.0,12,2021,9,16
0.0,0.0,30.0,12,2021,9,16
0.0,0.0,32.0,12,2021,9,16
0.0,0.0,37.0,12,2021,9,16
0.0,0.0,38.0,12,2021,9,16
0.0,0.0,39.0,12,2021,9,16
0.0,0.0,44.0,12,2021,9,16
0.0,0.0,5.0,13,2021,9,16
0.0,0.0,9.0,13,2021,9,16
0.0,0.0,11.0,13,2021,9,16
0.0,0.0,13.0,13,2021,9,16
0.0,0.0,25.0,13,2021,9,16
0.0,0.0,29.0,13,2021,9,16
0.0,0.0,30.0,13,2021,9,16
0.0,0.0,32.0,13,2021,9,16
0.0,0.0,37.0,13,2021,9,16
0.0,0.0,38.0,13,2021,9,16
0.0,0.0,39.0,13,2021,9,16
0.0,0.0,44.0,13,2021,9,16
0.0,26.19999885559082,5.0,14,2021,9,16
0.0,0.0,9.0,14,2021,9,16
0.0,0.0,11.0,14,2021,9,16
0.0,4.899999618530273,13.0,14,2021,9,16
0.0,0.0,25.0,14,2021,9,16
0.0,10.099998474121094,29.0,14,2021,9,16
0.0,0.0,30.0,14,2021,9,16
0.0,0.0,32.0,14,2021,9,16
0.0,0.0,37.0,14,2021,9,16
0.0,0.0,38.0,14,2021,9,16
0.0,0.0,39.0,14,2021,9,16
0.0,0.0,44.0,14,2021,9,16
0.0,0.0,5.0,15,2021,9,16
0.0,0.0,9.0,15,2021,9,16
0.0,0.0,11.0,15,2021,9,16
0.0,0.0,13.0,15,2021,9,16
0.0,0.0,25.0,15,2021,9,16
0.0,0.0,29.0,15,2021,9,16
0.0,0.0,30.0,15,2021,9,16
0.0,0.0,32.0,15,2021,9,16
0.0,0.0,37.0,15,2021,9,16
0.0,0.0,38.0,15,2021,9,16
0.0,0.0,39.0,15,2021,9,16
0.0,0.0,44.0,15,2021,9,16
0.0,42.79999542236328,5.0,16,2021,9,16
0.0,16.200000762939453,9.0,16,2021,9,16
0.0,10.599998474121094,11.0,16,2021,9,16
0.0,62.29999923706055,13.0,16,2021,9,16
0.0,20.400001525878903,25.0,16,2021,9,16
0.0,0.0,29.0,16,2021,9,16
0.0,0.0,30.0,16,2021,9,16
0.0,0.0,32.0,16,2021,9,16
0.0,0.0,37.0,16,2021,9,16
0.0,0.4000000953674316,38.0,16,2021,9,16
0.0,0.0,39.0,16,2021,9,16
0.0,41.89998626708984,44.0,16,2021,9,16
0.0,0.0,5.0,17,2021,9,16
0.0,11.399998664855955,9.0,17,2021,9,16
0.0,17.399999618530273,11.0,17,2021,9,16
0.0,12.100000381469728,13.0,17,2021,9,16
0.0,0.0,25.0,17,2021,9,16
0.0,14.100000381469728,29.0,17,2021,9,16
0.0,0.2000000029802322,30.0,17,2021,9,16
0.0,0.0,32.0,17,2021,9,16
0.0,0.0,37.0,17,2021,9,16
0.0,2.4000003337860107,38.0,17,2021,9,16
0.0,0.0,39.0,17,2021,9,16
0.0,0.0,44.0,17,2021,9,16
0.0,0.0,5.0,18,2021,9,16
0.0,0.0,9.0,18,2021,9,16
0.0,3.400000095367432,11.0,18,2021,9,16
0.0,0.0,13.0,18,2021,9,16
0.0,0.0,25.0,18,2021,9,16
0.0,0.0,29.0,18,2021,9,16
0.0,0.0,30.0,18,2021,9,16
0.0,0.0,32.0,18,2021,9,16
0.0,0.0,37.0,18,2021,9,16
0.0,0.0,38.0,18,2021,9,16
0.0,0.0,39.0,18,2021,9,16
0.0,0.0,44.0,18,2021,9,16
0.0,0.0,5.0,19,2021,9,16
0.0,0.0,9.0,19,2021,9,16
0.0,0.0,11.0,19,2021,9,16
0.0,0.0,13.0,19,2021,9,16
0.0,0.0,25.0,19,2021,9,16
0.0,0.0,29.0,19,2021,9,16
0.0,0.0,30.0,19,2021,9,16
0.0,0.0,32.0,19,2021,9,16
0.0,0.0,37.0,19,2021,9,16
0.0,0.0,38.0,19,2021,9,16
0.0,0.0,39.0,19,2021,9,16
0.0,3.1000001430511475,44.0,19,2021,9,16
0.0,0.0,5.0,20,2021,9,16
0.0,0.0,9.0,20,2021,9,16
0.0,0.0,11.0,20,2021,9,16
0.0,0.0,13.0,20,2021,9,16
0.0,0.0,25.0,20,2021,9,16
0.0,0.0,29.0,20,2021,9,16
0.0,0.0,30.0,20,2021,9,16
0.0,0.0,32.0,20,2021,9,16
0.0,0.0,37.0,20,2021,9,16
0.0,0.0,38.0,20,2021,9,16
0.0,0.0,39.0,20,2021,9,16
0.0,0.0,44.0,20,2021,9,16
0.0,9.0,5.0,7,2022,9,16
0.0,0.0,9.0,7,2022,9,16
0.0,0.0,11.0,7,2022,9,16
0.0,0.0,13.0,7,2022,9,16
0.0,12.000001907348633,25.0,7,2022,9,16
0.0,0.5,29.0,7,2022,9,16
0.0,2.999999523162842,30.0,7,2022,9,16
0.0,18.299997329711918,32.0,7,2022,9,16
0.0,0.0,37.0,7,2022,9,16
0.0,0.5,38.0,7,2022,9,16
0.0,18.0,39.0,7,2022,9,16
0.0,8.09999942779541,44.0,7,2022,9,16
0.0,0.0,5.0,8,2022,9,16
0.0,0.0,9.0,8,2022,9,16
0.0,0.0,11.0,8,2022,9,16
0.0,0.0,13.0,8,2022,9,16
0.0,0.0,25.0,8,2022,9,16
0.0,0.2000000029802322,29.0,8,2022,9,16
0.0,1.999999761581421,30.0,8,2022,9,16
0.0,2.999999523162842,32.0,8,2022,9,16
0.0,0.9999998807907104,37.0,8,2022,9,16
0.0,0.9000000953674316,38.0,8,2022,9,16
0.0,2.999999523162842,39.0,8,2022,9,16
0.0,13.299999237060549,44.0,8,2022,9,16
0.0,0.0,5.0,9,2022,9,16
0.0,0.0,9.0,9,2022,9,16
0.0,0.0,11.0,9,2022,9,16
0.0,0.0,13.0,9,2022,9,16
0.0,0.0,25.0,9,2022,9,16
0.0,0.0,29.0,9,2022,9,16
0.0,0.0,30.0,9,2022,9,16
0.0,0.0999999865889549,32.0,9,2022,9,16
0.0,0.0,37.0,9,2022,9,16
0.0,0.0,38.0,9,2022,9,16
0.0,1.999999761581421,39.0,9,2022,9,16
0.0,11.0,44.0,9,2022,9,16
0.0,0.0,5.0,10,2022,9,16
0.0,0.0,9.0,10,2022,9,16
0.0,0.0,11.0,10,2022,9,16
0.0,0.0,13.0,10,2022,9,16
0.0,0.0,25.0,10,2022,9,16
0.0,0.6999999284744263,29.0,10,2022,9,16
0.0,0.0,30.0,10,2022,9,16
0.0,1.9000003337860107,32.0,10,2022,9,16
0.0,0.0,37.0,10,2022,9,16
0.0,0.0,38.0,10,2022,9,16
0.0,0.0,39.0,10,2022,9,16
0.0,12.000001907348633,44.0,10,2022,9,16
0.0,0.0,5.0,11,2022,9,16
0.0,0.0,9.0,11,2022,9,16
0.0,0.0,11.0,11,2022,9,16
0.0,0.0,13.0,11,2022,9,16
0.0,0.0,25.0,11,2022,9,16
0.0,0.0,29.0,11,2022,9,16
0.0,0.0,30.0,11,2022,9,16
0.0,0.0,32.0,11,2022,9,16
0.0,0.0,37.0,11,2022,9,16
0.0,0.2000000029802322,38.0,11,2022,9,16
0.0,0.0,39.0,11,2022,9,16
0.0,0.0,44.0,11,2022,9,16
0.0,0.0,5.0,12,2022,9,16
0.0,0.0,9.0,12,2022,9,16
0.0,0.0,11.0,12,2022,9,16
0.0,0.0,13.0,12,2022,9,16
0.0,0.0,25.0,12,2022,9,16
0.0,0.0,29.0,12,2022,9,16
0.0,0.0,30.0,12,2022,9,16
0.0,0.0,32.0,12,2022,9,16
0.0,0.0,37.0,12,2022,9,16
0.0,0.0,38.0,12,2022,9,16
0.0,0.0,39.0,12,2022,9,16
0.0,0.0,44.0,12,2022,9,16
0.0,0.0,5.0,13,2022,9,16
0.0,0.4000000953674316,9.0,13,2022,9,16
0.0,0.0,11.0,13,2022,9,16
0.0,0.0999999865889549,13.0,13,2022,9,16
0.0,1.999999761581421,25.0,13,2022,9,16
0.0,0.0,29.0,13,2022,9,16
0.0,1.999999761581421,30.0,13,2022,9,16
0.0,10.000000953674316,32.0,13,2022,9,16
0.0,8.0,37.0,13,2022,9,16
0.0,1.999999761581421,38.0,13,2022,9,16
0.0,11.0,39.0,13,2022,9,16
0.0,43.99999237060547,44.0,13,2022,9,16
0.0,0.0,5.0,14,2022,9,16
0.0,0.0,9.0,14,2022,9,16
0.0,0.0,11.0,14,2022,9,16
0.0,0.0,13.0,14,2022,9,16
0.0,0.5,25.0,14,2022,9,16
0.0,0.0999999865889549,29.0,14,2022,9,16
0.0,0.0,30.0,14,2022,9,16
0.0,5.999999523162842,32.0,14,2022,9,16
0.0,1.999999761581421,37.0,14,2022,9,16
0.0,4.999999523162842,38.0,14,2022,9,16
0.0,13.000000953674316,39.0,14,2022,9,16
0.0,41.99999237060547,44.0,14,2022,9,16
0.0,0.5999999046325684,5.0,15,2022,9,16
0.0,0.0,9.0,15,2022,9,16
0.0,0.0,11.0,15,2022,9,16
0.0,0.0,13.0,15,2022,9,16
0.0,0.0,25.0,15,2022,9,16
0.0,0.0,29.0,15,2022,9,16
0.0,0.0,30.0,15,2022,9,16
0.0,0.0,32.0,15,2022,9,16
0.0,0.2000000029802322,37.0,15,2022,9,16
0.0,0.0,38.0,15,2022,9,16
0.0,0.5,39.0,15,2022,9,16
0.0,4.800000190734863,44.0,15,2022,9,16
0.0,16.0,5.0,16,2022,9,16
0.0,26.19999885559082,9.0,16,2022,9,16
0.0,2.999999523162842,11.0,16,2022,9,16
0.0,7.0,13.0,16,2022,9,16
0.0,10.000000953674316,25.0,16,2022,9,16
0.0,7.0,29.0,16,2022,9,16
0.0,0.0,30.0,16,2022,9,16
0.0,20.099994659423828,32.0,16,2022,9,16
0.0,1.999999761581421,37.0,16,2022,9,16
0.0,4.999999523162842,38.0,16,2022,9,16
0.0,15.500000953674316,39.0,16,2022,9,16
0.0,19.199996948242188,44.0,16,2022,9,16
0.0,5.100000381469727,5.0,17,2022,9,16
0.0,39.0,9.0,17,2022,9,16
0.0,11.0,11.0,17,2022,9,16
0.0,16.0,13.0,17,2022,9,16
0.0,4.999999523162842,25.0,17,2022,9,16
0.0,7.100000381469727,29.0,17,2022,9,16
0.0,0.9999998807907104,30.0,17,2022,9,16
0.0,9.100001335144045,32.0,17,2022,9,16
0.0,1.999999761581421,37.0,17,2022,9,16
0.0,2.1000001430511475,38.0,17,2022,9,16
0.0,2.999999523162842,39.0,17,2022,9,16
0.0,1.999999761581421,44.0,17,2022,9,16
0.0,0.0,5.0,18,2022,9,16
0.0,0.9999998807907104,9.0,18,2022,9,16
0.0,0.0,11.0,18,2022,9,16
0.0,0.3000000715255737,13.0,18,2022,9,16
0.0,4.0,25.0,18,2022,9,16
0.0,0.5,29.0,18,2022,9,16
0.0,0.0,30.0,18,2022,9,16
0.0,0.0,32.0,18,2022,9,16
0.0,0.0,37.0,18,2022,9,16
0.0,8.90000057220459,38.0,18,2022,9,16
0.0,2.1000001430511475,39.0,18,2022,9,16
0.0,0.9999998807907104,44.0,18,2022,9,16
0.0,0.0,5.0,19,2022,9,16
0.0,0.0999999865889549,9.0,19,2022,9,16
0.0,0.0,11.0,19,2022,9,16
0.0,0.0,13.0,19,2022,9,16
0.0,0.0,25.0,19,2022,9,16
0.0,0.0,29.0,19,2022,9,16
0.0,0.0,30.0,19,2022,9,16
0.0,0.0,32.0,19,2022,9,16
0.0,0.0,37.0,19,2022,9,16
0.0,0.0,38.0,19,2022,9,16
0.0,0.0,39.0,19,2022,9,16
0.0,0.0,44.0,19,2022,9,16
0.0,0.0,5.0,20,2022,9,16
0.0,1.999999761581421,9.0,20,2022,9,16
0.0,0.0,11.0,20,2022,9,16
0.0,0.5,13.0,20,2022,9,16
0.0,0.0,25.0,20,2022,9,16
0.0,0.0,29.0,20,2022,9,16
0.0,0.0,30.0,20,2022,9,16
0.0,0.0,32.0,20,2022,9,16
0.0,0.0,37.0,20,2022,9,16
0.0,0.0,38.0,20,2022,9,16
0.0,0.0,39.0,20,2022,9,16
0.0,0.0,44.0,20,2022,9,16
0.0,0.0,5.0,7,2023,9,16
0.1530406773090362,0.9999998807907104,9.0,7,2023,9,16
0.636883020401001,6.799999237060547,11.0,7,2023,9,16
0.4900639653205871,81.0,13.0,7,2023,9,16
0.0,16.0,25.0,7,2023,9,16
0.0,0.0,29.0,7,2023,9,16
0.0,8.0,30.0,7,2023,9,16
0.0,0.0999999865889549,32.0,7,2023,9,16
0.0,0.0,37.0,7,2023,9,16
0.0,0.0,38.0,7,2023,9,16
0.0,0.0,39.0,7,2023,9,16
0.0,0.0,44.0,7,2023,9,16
0.0,0.0,5.0,8,2023,9,16
0.0,11.0,9.0,8,2023,9,16
0.3995060920715332,27.000001907348636,11.0,8,2023,9,16
0.0229171309620142,7.0,13.0,8,2023,9,16
0.0,2.999999523162842,25.0,8,2023,9,16
0.0,33.0,29.0,8,2023,9,16
0.0,0.0,30.0,8,2023,9,16
0.0,8.199999809265137,32.0,8,2023,9,16
0.0,0.0,37.0,8,2023,9,16
0.0,7.0,38.0,8,2023,9,16
0.0,0.0,39.0,8,2023,9,16
0.0089127728715538,0.0,44.0,8,2023,9,16
0.0,0.0,5.0,9,2023,9,16
0.0,2.999999523162842,9.0,9,2023,9,16
0.0353078134357929,23.0,11.0,9,2023,9,16
0.0,14.000000953674316,13.0,9,2023,9,16
0.0,0.0,25.0,9,2023,9,16
0.0,0.0,29.0,9,2023,9,16
0.0,1.999999761581421,30.0,9,2023,9,16
0.0,0.0,32.0,9,2023,9,16
0.0,0.0,37.0,9,2023,9,16
0.0,0.0,38.0,9,2023,9,16
0.0,0.0,39.0,9,2023,9,16
0.0,0.0,44.0,9,2023,9,16
0.0,0.0,5.0,10,2023,9,16
0.0,2.999999523162842,9.0,10,2023,9,16
0.1319636553525924,0.0,11.0,10,2023,9,16
0.0,0.4000000953674316,13.0,10,2023,9,16
0.0,0.0,25.0,10,2023,9,16
0.0,0.0,29.0,10,2023,9,16
0.0,0.0,30.0,10,2023,9,16
0.0,0.0,32.0,10,2023,9,16
0.0,0.0,37.0,10,2023,9,16
0.0,0.0,38.0,10,2023,9,16
0.0,0.3000000715255737,39.0,10,2023,9,16
0.0,0.4000000953674316,44.0,10,2023,9,16
0.0,0.0,5.0,11,2023,9,16
0.0,0.6999999284744263,9.0,11,2023,9,16
0.0,0.4000000953674316,11.0,11,2023,9,16
0.0,0.0,13.0,11,2023,9,16
0.0,0.6999999284744263,25.0,11,2023,9,16
0.0,0.0,29.0,11,2023,9,16
0.0,2.999999523162842,30.0,11,2023,9,16
0.0,18.0,32.0,11,2023,9,16
0.0,5.999999523162842,37.0,11,2023,9,16
0.0,0.9999998807907104,38.0,11,2023,9,16
0.0,13.699997901916504,39.0,11,2023,9,16
0.0,79.99996948242188,44.0,11,2023,9,16
0.0,4.0,5.0,12,2023,9,16
0.0,2.999999523162842,9.0,12,2023,9,16
0.0,0.0,11.0,12,2023,9,16
0.0,0.2000000029802322,13.0,12,2023,9,16
0.0,9.400001525878906,25.0,12,2023,9,16
0.0,0.4000000953674316,29.0,12,2023,9,16
0.0,26.000001907348636,30.0,12,2023,9,16
0.0,64.00001525878906,32.0,12,2023,9,16
0.0,53.00000381469727,37.0,12,2023,9,16
0.0,3.400000095367432,38.0,12,2023,9,16
0.0,35.0,39.0,12,2023,9,16
0.0,35.0,44.0,12,2023,9,16
0.0,4.999999523162842,5.0,13,2023,9,16
0.0,8.0,9.0,13,2023,9,16
0.0,1.1000001430511477,11.0,13,2023,9,16
0.0,2.8000001907348637,13.0,13,2023,9,16
0.0,8.199999809265137,25.0,13,2023,9,16
0.0,2.999999523162842,29.0,13,2023,9,16
0.0,3.400000095367432,30.0,13,2023,9,16
0.0,15.0,32.0,13,2023,9,16
0.0,0.0,37.0,13,2023,9,16
0.0,0.0,38.0,13,2023,9,16
0.0,15.09999656677246,39.0,13,2023,9,16
0.0,5.999999523162842,44.0,13,2023,9,16
0.0,0.0,5.0,14,2023,9,16
0.0,4.0,9.0,14,2023,9,16
0.0,0.0,11.0,14,2023,9,16
0.0,0.0,13.0,14,2023,9,16
0.0,1.8000000715255735,25.0,14,2023,9,16
0.0,18.09999656677246,29.0,14,2023,9,16
0.0,0.3000000715255737,30.0,14,2023,9,16
0.0,0.0,32.0,14,2023,9,16
0.0,0.3000000715255737,37.0,14,2023,9,16
0.0,4.0,38.0,14,2023,9,16
0.0,0.0,39.0,14,2023,9,16
0.0,0.9999998807907104,44.0,14,2023,9,16
0.0,0.5,5.0,15,2023,9,16
0.0,22.0,9.0,15,2023,9,16
0.0,0.2000000029802322,11.0,15,2023,9,16
0.0,0.0,13.0,15,2023,9,16
0.0,3.400000095367432,25.0,15,2023,9,16
0.0,0.0,29.0,15,2023,9,16
0.0,0.0,30.0,15,2023,9,16
0.0,0.6999999284744263,32.0,15,2023,9,16
0.0,0.3000000715255737,37.0,15,2023,9,16
0.0,0.0,38.0,15,2023,9,16
0.0,0.0,39.0,15,2023,9,16
0.0,0.0,44.0,15,2023,9,16
0.0,12.000001907348633,5.0,16,2023,9,16
0.0,0.0,9.0,16,2023,9,16
0.0,0.3000000715255737,11.0,16,2023,9,16
0.0,13.19999885559082,13.0,16,2023,9,16
0.0,20.600006103515625,25.0,16,2023,9,16
0.0,0.0,29.0,16,2023,9,16
0.0,0.0999999865889549,30.0,16,2023,9,16
0.0,0.0,32.0,16,2023,9,16
0.0,0.0,37.0,16,2023,9,16
0.0,9.100001335144045,38.0,16,2023,9,16
0.0,0.0,39.0,16,2023,9,16
0.0,0.0,44.0,16,2023,9,16
0.0,0.0,5.0,17,2023,9,16
0.0,0.0,9.0,17,2023,9,16
0.0,0.6999999284744263,11.0,17,2023,9,16
0.0,1.3999998569488523,13.0,17,2023,9,16
0.0,0.0999999865889549,25.0,17,2023,9,16
0.0,0.0,29.0,17,2023,9,16
0.0,0.0,30.0,17,2023,9,16
0.0,0.0,32.0,17,2023,9,16
0.0,0.0,37.0,17,2023,9,16
0.0,0.0,38.0,17,2023,9,16
0.0,0.0,39.0,17,2023,9,16
0.0,0.0,44.0,17,2023,9,16
0.0,0.0,5.0,18,2023,9,16
0.0,0.0,9.0,18,2023,9,16
0.0,0.0,11.0,18,2023,9,16
0.0,0.0,13.0,18,2023,9,16
0.0,0.0,25.0,18,2023,9,16
0.0,0.0,29.0,18,2023,9,16
0.0,0.0,30.0,18,2023,9,16
0.0,0.0,32.0,18,2023,9,16
0.0,0.0,37.0,18,2023,9,16
0.0,0.0,38.0,18,2023,9,16
0.0,0.0,39.0,18,2023,9,16
0.0,0.0,44.0,18,2023,9,16
0.0,0.0,5.0,19,2023,9,16
0.0,0.0,9.0,19,2023,9,16
0.0,4.0,11.0,19,2023,9,16
0.0,0.0,13.0,19,2023,9,16
0.0,0.0,25.0,19,2023,9,16
0.0,0.0,29.0,19,2023,9,16
0.0,0.0,30.0,19,2023,9,16
0.0,0.0,32.0,19,2023,9,16
0.0,0.0,37.0,19,2023,9,16
0.0,0.0,38.0,19,2023,9,16
0.0,0.0,39.0,19,2023,9,16
0.0,0.0,44.0,19,2023,9,16
0.0,0.0,5.0,20,2023,9,16
0.0,8.199999809265137,9.0,20,2023,9,16
0.0,24.999998092651367,11.0,20,2023,9,16
0.0,40.0,13.0,20,2023,9,16
0.0,0.3000000715255737,25.0,20,2023,9,16
0.0,0.0,29.0,20,2023,9,16
0.0,0.0,30.0,20,2023,9,16
0.0,0.0,32.0,20,2023,9,16
0.0,0.0,37.0,20,2023,9,16
0.0,0.0,38.0,20,2023,9,16
0.0,0.0,39.0,20,2023,9,16
0.0,1.999999761581421,44.0,20,2023,9,16
0.0,4.199999809265137,5.0,7,2020,9,19
0.0,24.000001907348636,9.0,7,2020,9,19
0.2099093198776245,1.1000001430511477,11.0,7,2020,9,19
2.008436918258667,13.500001907348633,13.0,7,2020,9,19
0.1688146740198135,0.0,25.0,7,2020,9,19
0.0,0.0,29.0,7,2020,9,19
0.0,0.0,30.0,7,2020,9,19
0.0,0.0,32.0,7,2020,9,19
0.0,0.0,37.0,7,2020,9,19
0.0,0.0,38.0,7,2020,9,19
0.0,0.0,39.0,7,2020,9,19
0.0,0.0,44.0,7,2020,9,19
0.0,1.9000003337860107,5.0,8,2020,9,19
0.6001126766204834,8.80000114440918,9.0,8,2020,9,19
0.5130204558372498,0.0,11.0,8,2020,9,19
1.4302663803100586,18.39999771118164,13.0,8,2020,9,19
0.6094927787780762,4.600000858306885,25.0,8,2020,9,19
0.0,0.0,29.0,8,2020,9,19
0.0,5.600000381469727,30.0,8,2020,9,19
0.0,65.39998626708984,32.0,8,2020,9,19
0.0,34.000003814697266,37.0,8,2020,9,19
0.0,0.0,38.0,8,2020,9,19
0.0,54.89999771118164,39.0,8,2020,9,19
0.0,29.80000305175781,44.0,8,2020,9,19
0.0,0.0,5.0,9,2020,9,19
1.296192646026611,0.0,9.0,9,2020,9,19
0.5214821100234985,0.0,11.0,9,2020,9,19
1.8678452968597408,0.9000000953674316,13.0,9,2020,9,19
0.079313576221466,0.0,25.0,9,2020,9,19
0.0,0.0,29.0,9,2020,9,19
0.0,0.0,30.0,9,2020,9,19
0.0,0.0,32.0,9,2020,9,19
0.0,0.0,37.0,9,2020,9,19
0.0,0.0,38.0,9,2020,9,19
0.0,0.0,39.0,9,2020,9,19
0.0,0.0,44.0,9,2020,9,19
0.0,0.0,5.0,10,2020,9,19
0.5058800578117371,0.0,9.0,10,2020,9,19
0.9160725474357604,0.0,11.0,10,2020,9,19
2.269684314727783,0.0,13.0,10,2020,9,19
0.0,0.0,25.0,10,2020,9,19
0.0,0.0,29.0,10,2020,9,19
0.0,0.0,30.0,10,2020,9,19
0.0,0.0,32.0,10,2020,9,19
0.0,0.0,37.0,10,2020,9,19
0.0,0.0,38.0,10,2020,9,19
0.0,0.0,39.0,10,2020,9,19
0.0,0.0,44.0,10,2020,9,19
0.0,0.0,5.0,11,2020,9,19
0.1970617771148681,2.6999998092651367,9.0,11,2020,9,19
0.547798752784729,0.0,11.0,11,2020,9,19
0.5916800498962402,0.0,13.0,11,2020,9,19
0.0,0.0,25.0,11,2020,9,19
0.0,0.0,29.0,11,2020,9,19
0.0,0.0,30.0,11,2020,9,19
0.0,0.0,32.0,11,2020,9,19
0.0,0.0,37.0,11,2020,9,19
0.0,0.0,38.0,11,2020,9,19
0.0,0.0,39.0,11,2020,9,19
0.0410076715052127,0.0,44.0,11,2020,9,19
0.0,0.0,5.0,12,2020,9,19
1.5963703393936155,182.90000915527344,9.0,12,2020,9,19
1.0907223224639893,31.200000762939453,11.0,12,2020,9,19
2.4315145015716557,34.20000076293945,13.0,12,2020,9,19
0.5570799112319946,7.899998664855957,25.0,12,2020,9,19
0.1948445588350296,17.700000762939453,29.0,12,2020,9,19
0.2213294208049774,0.0,30.0,12,2020,9,19
0.0,0.0,32.0,12,2020,9,19
0.0,0.0,37.0,12,2020,9,19
0.0,0.0,38.0,12,2020,9,19
0.0,0.0,39.0,12,2020,9,19
1.2829086780548096,0.0,44.0,12,2020,9,19
0.0,0.0,5.0,13,2020,9,19
1.2426027059555054,0.0,9.0,13,2020,9,19
0.8686969876289368,0.0,11.0,13,2020,9,19
3.102372407913208,6.59999942779541,13.0,13,2020,9,19
0.7481086254119873,0.0,25.0,13,2020,9,19
0.0370817892253398,0.0,29.0,13,2020,9,19
0.0,0.0,30.0,13,2020,9,19
0.0,0.0,32.0,13,2020,9,19
0.0,0.0,37.0,13,2020,9,19
0.0,0.0,38.0,13,2020,9,19
0.0,0.0,39.0,13,2020,9,19
0.6949719786643982,0.0,44.0,13,2020,9,19
0.0,0.0,5.0,14,2020,9,19
1.1768053770065308,0.0,9.0,14,2020,9,19
0.5593599081039429,0.0,11.0,14,2020,9,19
3.384150981903076,6.500000476837158,13.0,14,2020,9,19
0.4217435717582702,0.0,25.0,14,2020,9,19
0.0277453735470771,0.0,29.0,14,2020,9,19
0.0,0.0,30.0,14,2020,9,19
0.0,0.0,32.0,14,2020,9,19
0.0,0.0,37.0,14,2020,9,19
0.0,0.0,38.0,14,2020,9,19
0.0,0.0,39.0,14,2020,9,19
0.2067139446735382,0.0,44.0,14,2020,9,19
0.0,0.0,5.0,15,2020,9,19
0.0,14.000000953674316,9.0,15,2020,9,19
0.0,1.4999998807907104,11.0,15,2020,9,19
0.4256223738193512,0.0,13.0,15,2020,9,19
0.0,5.900000095367432,25.0,15,2020,9,19
0.0,0.0,29.0,15,2020,9,19
0.0,0.0,30.0,15,2020,9,19
0.0,0.0,32.0,15,2020,9,19
0.0,0.0,37.0,15,2020,9,19
0.0,0.0,38.0,15,2020,9,19
0.0,0.0,39.0,15,2020,9,19
0.0,0.0,44.0,15,2020,9,19
0.0,0.0,5.0,16,2020,9,19
0.0,0.0999999865889549,9.0,16,2020,9,19
0.0,0.0,11.0,16,2020,9,19
0.0997300222516059,0.0,13.0,16,2020,9,19
0.0,10.5,25.0,16,2020,9,19
0.0,0.0,29.0,16,2020,9,19
0.0,0.0,30.0,16,2020,9,19
0.0,0.0,32.0,16,2020,9,19
0.0,0.0,37.0,16,2020,9,19
0.0,0.0,38.0,16,2020,9,19
0.0,0.5,39.0,16,2020,9,19
0.0,0.9999998807907104,44.0,16,2020,9,19
0.0,0.0,5.0,17,2020,9,19
0.0,0.0,9.0,17,2020,9,19
0.0,0.0,11.0,17,2020,9,19
0.0,13.699997901916504,13.0,17,2020,9,19
0.0,0.0,25.0,17,2020,9,19
0.0,0.0,29.0,17,2020,9,19
0.0,0.0,30.0,17,2020,9,19
0.0,2.5999996662139893,32.0,17,2020,9,19
0.0,0.0,37.0,17,2020,9,19
0.0,0.0,38.0,17,2020,9,19
0.0,0.0,39.0,17,2020,9,19
0.0,0.3000000715255737,44.0,17,2020,9,19
0.0,0.0,5.0,18,2020,9,19
0.0,0.0,9.0,18,2020,9,19
0.0,0.0,11.0,18,2020,9,19
0.0,0.0,13.0,18,2020,9,19
0.0,0.0,25.0,18,2020,9,19
0.0,0.0,29.0,18,2020,9,19
0.0,0.0,30.0,18,2020,9,19
0.0,0.0,32.0,18,2020,9,19
0.0,0.0,37.0,18,2020,9,19
0.0,0.0,38.0,18,2020,9,19
0.0,0.0,39.0,18,2020,9,19
0.0,0.0,44.0,18,2020,9,19
0.0,0.0,5.0,19,2020,9,19
0.0,0.0,9.0,19,2020,9,19
0.0,0.0,11.0,19,2020,9,19
0.0,0.0,13.0,19,2020,9,19
0.0,0.0,25.0,19,2020,9,19
0.0,0.0,29.0,19,2020,9,19
0.0,0.0,30.0,19,2020,9,19
0.0,0.0,32.0,19,2020,9,19
0.0,0.0,37.0,19,2020,9,19
0.0,0.0,38.0,19,2020,9,19
0.0,0.0,39.0,19,2020,9,19
0.0,0.0,44.0,19,2020,9,19
0.0,0.0,5.0,20,2020,9,19
0.0,0.0,9.0,20,2020,9,19
0.0,0.0,11.0,20,2020,9,19
0.0,0.0,13.0,20,2020,9,19
0.0,0.0,25.0,20,2020,9,19
0.0,0.0,29.0,20,2020,9,19
0.0,0.0,30.0,20,2020,9,19
0.0,0.0,32.0,20,2020,9,19
0.0,0.0,37.0,20,2020,9,19
0.0,0.0,38.0,20,2020,9,19
0.0,0.0,39.0,20,2020,9,19
0.0,0.0,44.0,20,2020,9,19
0.0,0.0,5.0,7,2021,9,19
0.0,0.0,9.0,7,2021,9,19
0.0,0.0,11.0,7,2021,9,19
0.0,0.0,13.0,7,2021,9,19
0.0,0.0,25.0,7,2021,9,19
0.0,0.0,29.0,7,2021,9,19
0.0,0.0,30.0,7,2021,9,19
0.0,0.0,32.0,7,2021,9,19
0.0,0.2000000029802322,37.0,7,2021,9,19
0.0,0.0,38.0,7,2021,9,19
0.0,0.5,39.0,7,2021,9,19
0.0,5.700000762939453,44.0,7,2021,9,19
0.0,0.0,5.0,8,2021,9,19
0.0,0.0,9.0,8,2021,9,19
0.0,0.0,11.0,8,2021,9,19
0.0,0.0,13.0,8,2021,9,19
0.0,0.0,25.0,8,2021,9,19
0.0,0.0,29.0,8,2021,9,19
0.0,0.0,30.0,8,2021,9,19
0.0,0.0,32.0,8,2021,9,19
0.0,0.0,37.0,8,2021,9,19
0.0,0.0,38.0,8,2021,9,19
0.0,9.400001525878906,39.0,8,2021,9,19
0.0,9.0,44.0,8,2021,9,19
0.0,0.0,5.0,9,2021,9,19
0.0,0.0,9.0,9,2021,9,19
0.0,0.0,11.0,9,2021,9,19
0.0,0.0,13.0,9,2021,9,19
0.0,0.0,25.0,9,2021,9,19
0.0,0.0,29.0,9,2021,9,19
0.0,0.0,30.0,9,2021,9,19
0.0,0.0,32.0,9,2021,9,19
0.0,0.0,37.0,9,2021,9,19
0.0,0.0,38.0,9,2021,9,19
0.0,0.0,39.0,9,2021,9,19
0.0,0.0,44.0,9,2021,9,19
0.0,0.0,5.0,10,2021,9,19
0.0,0.0,9.0,10,2021,9,19
0.0,0.0,11.0,10,2021,9,19
0.0,0.0,13.0,10,2021,9,19
0.0,0.0,25.0,10,2021,9,19
0.0,0.0,29.0,10,2021,9,19
0.0,0.0,30.0,10,2021,9,19
0.0,0.0,32.0,10,2021,9,19
0.0,0.0,37.0,10,2021,9,19
0.0,0.0,38.0,10,2021,9,19
0.0,0.0,39.0,10,2021,9,19
0.0,0.0,44.0,10,2021,9,19
0.0,26.19999885559082,5.0,11,2021,9,19
0.0,0.0,9.0,11,2021,9,19
0.0,0.0,11.0,11,2021,9,19
0.0,4.899999618530273,13.0,11,2021,9,19
0.0,0.0,25.0,11,2021,9,19
0.0,10.099998474121094,29.0,11,2021,9,19
0.0,0.0,30.0,11,2021,9,19
0.0,0.0,32.0,11,2021,9,19
0.0,0.0,37.0,11,2021,9,19
0.0,0.0,38.0,11,2021,9,19
0.0,0.0,39.0,11,2021,9,19
0.0,0.0,44.0,11,2021,9,19
0.0,0.0,5.0,12,2021,9,19
0.0,0.0,9.0,12,2021,9,19
0.0,0.0,11.0,12,2021,9,19
0.0,0.0,13.0,12,2021,9,19
0.0,0.0,25.0,12,2021,9,19
0.0,0.0,29.0,12,2021,9,19
0.0,0.0,30.0,12,2021,9,19
0.0,0.0,32.0,12,2021,9,19
0.0,0.0,37.0,12,2021,9,19
0.0,0.0,38.0,12,2021,9,19
0.0,0.0,39.0,12,2021,9,19
0.0,0.0,44.0,12,2021,9,19
0.0,42.79999542236328,5.0,13,2021,9,19
0.0,16.200000762939453,9.0,13,2021,9,19
0.0,10.599998474121094,11.0,13,2021,9,19
0.0764042288064956,62.29999923706055,13.0,13,2021,9,19
0.0,20.400001525878903,25.0,13,2021,9,19
0.0,0.0,29.0,13,2021,9,19
0.0,0.0,30.0,13,2021,9,19
0.0,0.0,32.0,13,2021,9,19
0.0,0.0,37.0,13,2021,9,19
0.0,0.4000000953674316,38.0,13,2021,9,19
0.0,0.0,39.0,13,2021,9,19
0.0,41.89998626708984,44.0,13,2021,9,19
0.0,0.0,5.0,14,2021,9,19
0.0,11.399998664855955,9.0,14,2021,9,19
0.0,17.399999618530273,11.0,14,2021,9,19
0.0,12.100000381469728,13.0,14,2021,9,19
0.0,0.0,25.0,14,2021,9,19
0.0,14.100000381469728,29.0,14,2021,9,19
0.0,0.2000000029802322,30.0,14,2021,9,19
0.0,0.0,32.0,14,2021,9,19
0.0,0.0,37.0,14,2021,9,19
0.0,2.4000003337860107,38.0,14,2021,9,19
0.0,0.0,39.0,14,2021,9,19
0.0,0.0,44.0,14,2021,9,19
0.0,0.0,5.0,15,2021,9,19
0.0,0.0,9.0,15,2021,9,19
0.0,3.400000095367432,11.0,15,2021,9,19
0.0,0.0,13.0,15,2021,9,19
0.0,0.0,25.0,15,2021,9,19
0.0,0.0,29.0,15,2021,9,19
0.0,0.0,30.0,15,2021,9,19
0.0,0.0,32.0,15,2021,9,19
0.0,0.0,37.0,15,2021,9,19
0.0,0.0,38.0,15,2021,9,19
0.0,0.0,39.0,15,2021,9,19
0.0,0.0,44.0,15,2021,9,19
0.0,0.0,5.0,16,2021,9,19
0.0,0.0,9.0,16,2021,9,19
0.0,0.0,11.0,16,2021,9,19
0.0,0.0,13.0,16,2021,9,19
0.0,0.0,25.0,16,2021,9,19
0.0,0.0,29.0,16,2021,9,19
0.0,0.0,30.0,16,2021,9,19
0.0,0.0,32.0,16,2021,9,19
0.0,0.0,37.0,16,2021,9,19
0.0,0.0,38.0,16,2021,9,19
0.0,0.0,39.0,16,2021,9,19
0.0,3.1000001430511475,44.0,16,2021,9,19
0.0,0.0,5.0,17,2021,9,19
0.0,0.0,9.0,17,2021,9,19
0.0,0.0,11.0,17,2021,9,19
0.0,0.0,13.0,17,2021,9,19
0.0,0.0,25.0,17,2021,9,19
0.0,0.0,29.0,17,2021,9,19
0.0,0.0,30.0,17,2021,9,19
0.0,0.0,32.0,17,2021,9,19
0.0,0.0,37.0,17,2021,9,19
0.0,0.0,38.0,17,2021,9,19
0.0,0.0,39.0,17,2021,9,19
0.0,0.0,44.0,17,2021,9,19
0.0,0.0,5.0,18,2021,9,19
0.0,0.0,9.0,18,2021,9,19
0.0,0.0,11.0,18,2021,9,19
0.0,0.0,13.0,18,2021,9,19
0.0,0.0,25.0,18,2021,9,19
0.0,0.0,29.0,18,2021,9,19
0.0,0.0,30.0,18,2021,9,19
0.0,0.0,32.0,18,2021,9,19
0.0,0.0,37.0,18,2021,9,19
0.0,0.0,38.0,18,2021,9,19
0.0,0.0,39.0,18,2021,9,19
0.0,0.0,44.0,18,2021,9,19
0.0,0.0,5.0,19,2021,9,19
0.0,0.0,9.0,19,2021,9,19
0.0,0.0,11.0,19,2021,9,19
0.0,0.0,13.0,19,2021,9,19
0.0,0.0,25.0,19,2021,9,19
0.0,0.0,29.0,19,2021,9,19
0.0,0.0,30.0,19,2021,9,19
0.0,0.0,32.0,19,2021,9,19
0.0,0.0,37.0,19,2021,9,19
0.0,0.0,38.0,19,2021,9,19
0.0,0.0,39.0,19,2021,9,19
0.0,0.0,44.0,19,2021,9,19
0.0,0.0,5.0,20,2021,9,19
0.0,0.0,9.0,20,2021,9,19
0.0,0.0,11.0,20,2021,9,19
0.0,0.0,13.0,20,2021,9,19
0.0,0.0,25.0,20,2021,9,19
0.0,0.0,29.0,20,2021,9,19
0.0,0.0,30.0,20,2021,9,19
0.0,0.0,32.0,20,2021,9,19
0.0,0.0,37.0,20,2021,9,19
0.0,0.0,38.0,20,2021,9,19
0.0,0.0,39.0,20,2021,9,19
0.0,0.0,44.0,20,2021,9,19
0.0,0.0,5.0,7,2022,9,19
0.0,0.0,9.0,7,2022,9,19
0.0,0.0,11.0,7,2022,9,19
0.0,0.0,13.0,7,2022,9,19
0.0,0.0,25.0,7,2022,9,19
0.0,0.6999999284744263,29.0,7,2022,9,19
0.0,0.0,30.0,7,2022,9,19
0.0,1.9000003337860107,32.0,7,2022,9,19
0.0,0.0,37.0,7,2022,9,19
0.0,0.0,38.0,7,2022,9,19
0.0,0.0,39.0,7,2022,9,19
0.0,12.000001907348633,44.0,7,2022,9,19
0.0,0.0,5.0,8,2022,9,19
0.0,0.0,9.0,8,2022,9,19
0.0,0.0,11.0,8,2022,9,19
0.0,0.0,13.0,8,2022,9,19
0.0,0.0,25.0,8,2022,9,19
0.0,0.0,29.0,8,2022,9,19
0.0,0.0,30.0,8,2022,9,19
0.0,0.0,32.0,8,2022,9,19
0.0,0.0,37.0,8,2022,9,19
0.0,0.2000000029802322,38.0,8,2022,9,19
0.0,0.0,39.0,8,2022,9,19
0.0,0.0,44.0,8,2022,9,19
0.0,0.0,5.0,9,2022,9,19
0.0,0.0,9.0,9,2022,9,19
0.0,0.0,11.0,9,2022,9,19
0.0,0.0,13.0,9,2022,9,19
0.0,0.0,25.0,9,2022,9,19
0.0,0.0,29.0,9,2022,9,19
0.0,0.0,30.0,9,2022,9,19
0.0,0.0,32.0,9,2022,9,19
0.0,0.0,37.0,9,2022,9,19
0.0,0.0,38.0,9,2022,9,19
0.0,0.0,39.0,9,2022,9,19
0.0,0.0,44.0,9,2022,9,19
0.0,0.0,5.0,10,2022,9,19
0.0,0.4000000953674316,9.0,10,2022,9,19
0.0,0.0,11.0,10,2022,9,19
0.0,0.0999999865889549,13.0,10,2022,9,19
0.0,1.999999761581421,25.0,10,2022,9,19
0.0,0.0,29.0,10,2022,9,19
0.0,1.999999761581421,30.0,10,2022,9,19
0.0,10.000000953674316,32.0,10,2022,9,19
0.0,8.0,37.0,10,2022,9,19
0.0,1.999999761581421,38.0,10,2022,9,19
0.0,11.0,39.0,10,2022,9,19
0.0,43.99999237060547,44.0,10,2022,9,19
0.0,0.0,5.0,11,2022,9,19
0.0,0.0,9.0,11,2022,9,19
0.0,0.0,11.0,11,2022,9,19
0.0,0.0,13.0,11,2022,9,19
0.0,0.5,25.0,11,2022,9,19
0.0,0.0999999865889549,29.0,11,2022,9,19
0.0,0.0,30.0,11,2022,9,19
0.0,5.999999523162842,32.0,11,2022,9,19
0.0,1.999999761581421,37.0,11,2022,9,19
0.0,4.999999523162842,38.0,11,2022,9,19
0.0,13.000000953674316,39.0,11,2022,9,19
0.0,41.99999237060547,44.0,11,2022,9,19
0.0,0.5999999046325684,5.0,12,2022,9,19
0.0,0.0,9.0,12,2022,9,19
0.0,0.0,11.0,12,2022,9,19
0.0,0.0,13.0,12,2022,9,19
0.0,0.0,25.0,12,2022,9,19
0.0,0.0,29.0,12,2022,9,19
0.0,0.0,30.0,12,2022,9,19
0.0,0.0,32.0,12,2022,9,19
0.0,0.2000000029802322,37.0,12,2022,9,19
0.0,0.0,38.0,12,2022,9,19
0.0,0.5,39.0,12,2022,9,19
0.0,4.800000190734863,44.0,12,2022,9,19
0.0,16.0,5.0,13,2022,9,19
0.0,26.19999885559082,9.0,13,2022,9,19
0.0,2.999999523162842,11.0,13,2022,9,19
0.107505977153778,7.0,13.0,13,2022,9,19
0.0,10.000000953674316,25.0,13,2022,9,19
0.0,7.0,29.0,13,2022,9,19
0.0,0.0,30.0,13,2022,9,19
0.0,20.099994659423828,32.0,13,2022,9,19
0.0,1.999999761581421,37.0,13,2022,9,19
0.0,4.999999523162842,38.0,13,2022,9,19
0.0,15.500000953674316,39.0,13,2022,9,19
0.0,19.199996948242188,44.0,13,2022,9,19
0.0,5.100000381469727,5.0,14,2022,9,19
0.0,39.0,9.0,14,2022,9,19
0.0,11.0,11.0,14,2022,9,19
0.0,16.0,13.0,14,2022,9,19
0.0,4.999999523162842,25.0,14,2022,9,19
0.0,7.100000381469727,29.0,14,2022,9,19
0.0,0.9999998807907104,30.0,14,2022,9,19
0.0,9.100001335144045,32.0,14,2022,9,19
0.0,1.999999761581421,37.0,14,2022,9,19
0.0,2.1000001430511475,38.0,14,2022,9,19
0.0,2.999999523162842,39.0,14,2022,9,19
0.0,1.999999761581421,44.0,14,2022,9,19
0.0,0.0,5.0,15,2022,9,19
0.0,0.9999998807907104,9.0,15,2022,9,19
0.0,0.0,11.0,15,2022,9,19
0.0,0.3000000715255737,13.0,15,2022,9,19
0.0,4.0,25.0,15,2022,9,19
0.0,0.5,29.0,15,2022,9,19
0.0,0.0,30.0,15,2022,9,19
0.0,0.0,32.0,15,2022,9,19
0.0,0.0,37.0,15,2022,9,19
0.0,8.90000057220459,38.0,15,2022,9,19
0.0,2.1000001430511475,39.0,15,2022,9,19
0.0,0.9999998807907104,44.0,15,2022,9,19
0.0,0.0,5.0,16,2022,9,19
0.0,0.0999999865889549,9.0,16,2022,9,19
0.0,0.0,11.0,16,2022,9,19
0.0,0.0,13.0,16,2022,9,19
0.0,0.0,25.0,16,2022,9,19
0.0,0.0,29.0,16,2022,9,19
0.0,0.0,30.0,16,2022,9,19
0.0,0.0,32.0,16,2022,9,19
0.0,0.0,37.0,16,2022,9,19
0.0,0.0,38.0,16,2022,9,19
0.0,0.0,39.0,16,2022,9,19
0.0,0.0,44.0,16,2022,9,19
0.0,0.0,5.0,17,2022,9,19
0.0,1.999999761581421,9.0,17,2022,9,19
0.0,0.0,11.0,17,2022,9,19
0.0,0.5,13.0,17,2022,9,19
0.0,0.0,25.0,17,2022,9,19
0.0,0.0,29.0,17,2022,9,19
0.0,0.0,30.0,17,2022,9,19
0.0,0.0,32.0,17,2022,9,19
0.0,0.0,37.0,17,2022,9,19
0.0,0.0,38.0,17,2022,9,19
0.0,0.0,39.0,17,2022,9,19
0.0,0.0,44.0,17,2022,9,19
0.0,0.0,5.0,18,2022,9,19
0.0,0.0,9.0,18,2022,9,19
0.0,0.0,11.0,18,2022,9,19
0.0,0.0,13.0,18,2022,9,19
0.0,0.5,25.0,18,2022,9,19
0.0,0.0,29.0,18,2022,9,19
0.0,0.0,30.0,18,2022,9,19
0.0,0.0,32.0,18,2022,9,19
0.0,0.0,37.0,18,2022,9,19
0.0,0.0,38.0,18,2022,9,19
0.0,0.0,39.0,18,2022,9,19
0.0,0.0,44.0,18,2022,9,19
0.0,0.0,5.0,19,2022,9,19
0.0,0.0,9.0,19,2022,9,19
0.0,0.0,11.0,19,2022,9,19
0.0,0.2000000029802322,13.0,19,2022,9,19
0.0,0.0,25.0,19,2022,9,19
0.0,0.0,29.0,19,2022,9,19
0.0,0.0,30.0,19,2022,9,19
0.0,0.0,32.0,19,2022,9,19
0.0,0.0,37.0,19,2022,9,19
0.0,0.0,38.0,19,2022,9,19
0.0,0.0,39.0,19,2022,9,19
0.0,0.0,44.0,19,2022,9,19
0.0,0.0,5.0,20,2022,9,19
0.0,0.0,9.0,20,2022,9,19
0.0,0.0,11.0,20,2022,9,19
0.0,0.2000000029802322,13.0,20,2022,9,19
0.0,0.0,25.0,20,2022,9,19
0.0,0.0,29.0,20,2022,9,19
0.0,0.0,30.0,20,2022,9,19
0.0,0.0,32.0,20,2022,9,19
0.0,0.0,37.0,20,2022,9,19
0.0,0.0,38.0,20,2022,9,19
0.0,0.0,39.0,20,2022,9,19
0.0,0.5999999046325684,44.0,20,2022,9,19
0.0,0.0,5.0,7,2023,9,19
0.0991371273994445,2.999999523162842,9.0,7,2023,9,19
0.1982993930578231,0.0,11.0,7,2023,9,19
0.0,0.4000000953674316,13.0,7,2023,9,19
0.0,0.0,25.0,7,2023,9,19
0.0,0.0,29.0,7,2023,9,19
0.0,0.0,30.0,7,2023,9,19
0.0,0.0,32.0,7,2023,9,19
0.0,0.0,37.0,7,2023,9,19
0.0,0.0,38.0,7,2023,9,19
0.0,0.3000000715255737,39.0,7,2023,9,19
0.0,0.4000000953674316,44.0,7,2023,9,19
0.0,0.0,5.0,8,2023,9,19
0.0,0.6999999284744263,9.0,8,2023,9,19
0.0,0.4000000953674316,11.0,8,2023,9,19
0.0,0.0,13.0,8,2023,9,19
0.0,0.6999999284744263,25.0,8,2023,9,19
0.0,0.0,29.0,8,2023,9,19
0.0,2.999999523162842,30.0,8,2023,9,19
0.0,18.0,32.0,8,2023,9,19
0.0,5.999999523162842,37.0,8,2023,9,19
0.0,0.9999998807907104,38.0,8,2023,9,19
0.0,13.699997901916504,39.0,8,2023,9,19
0.0,79.99996948242188,44.0,8,2023,9,19
0.0,4.0,5.0,9,2023,9,19
0.0,2.999999523162842,9.0,9,2023,9,19
0.0,0.0,11.0,9,2023,9,19
0.0,0.2000000029802322,13.0,9,2023,9,19
0.0,9.400001525878906,25.0,9,2023,9,19
0.0,0.4000000953674316,29.0,9,2023,9,19
0.0,26.000001907348636,30.0,9,2023,9,19
0.0,64.00001525878906,32.0,9,2023,9,19
0.0,53.00000381469727,37.0,9,2023,9,19
0.0,3.400000095367432,38.0,9,2023,9,19
0.0,35.0,39.0,9,2023,9,19
0.0,35.0,44.0,9,2023,9,19
0.0,4.999999523162842,5.0,10,2023,9,19
0.0,8.0,9.0,10,2023,9,19
0.0,1.1000001430511477,11.0,10,2023,9,19
0.0,2.8000001907348637,13.0,10,2023,9,19
0.0,8.199999809265137,25.0,10,2023,9,19
0.0,2.999999523162842,29.0,10,2023,9,19
0.0,3.400000095367432,30.0,10,2023,9,19
0.0,15.0,32.0,10,2023,9,19
0.0,0.0,37.0,10,2023,9,19
0.0,0.0,38.0,10,2023,9,19
0.0,15.09999656677246,39.0,10,2023,9,19
0.0,5.999999523162842,44.0,10,2023,9,19
0.0,0.0,5.0,11,2023,9,19
0.0,4.0,9.0,11,2023,9,19
0.0,0.0,11.0,11,2023,9,19
0.0,0.0,13.0,11,2023,9,19
0.0,1.8000000715255735,25.0,11,2023,9,19
0.0,18.09999656677246,29.0,11,2023,9,19
0.0,0.3000000715255737,30.0,11,2023,9,19
0.0,0.0,32.0,11,2023,9,19
0.0,0.3000000715255737,37.0,11,2023,9,19
0.0,4.0,38.0,11,2023,9,19
0.0,0.0,39.0,11,2023,9,19
0.0,0.9999998807907104,44.0,11,2023,9,19
0.0,0.5,5.0,12,2023,9,19
0.0,22.0,9.0,12,2023,9,19
0.0,0.2000000029802322,11.0,12,2023,9,19
0.0,0.0,13.0,12,2023,9,19
0.0,3.400000095367432,25.0,12,2023,9,19
0.0,0.0,29.0,12,2023,9,19
0.0,0.0,30.0,12,2023,9,19
0.0,0.6999999284744263,32.0,12,2023,9,19
0.0,0.3000000715255737,37.0,12,2023,9,19
0.0,0.0,38.0,12,2023,9,19
0.0,0.0,39.0,12,2023,9,19
0.0,0.0,44.0,12,2023,9,19
0.0,12.000001907348633,5.0,13,2023,9,19
0.0,0.0,9.0,13,2023,9,19
0.0,0.3000000715255737,11.0,13,2023,9,19
0.0,13.19999885559082,13.0,13,2023,9,19
0.0,20.600006103515625,25.0,13,2023,9,19
0.0,0.0,29.0,13,2023,9,19
0.0,0.0999999865889549,30.0,13,2023,9,19
0.0,0.0,32.0,13,2023,9,19
0.0,0.0,37.0,13,2023,9,19
0.0,9.100001335144045,38.0,13,2023,9,19
0.0,0.0,39.0,13,2023,9,19
0.0,0.0,44.0,13,2023,9,19
0.0,0.0,5.0,14,2023,9,19
0.0,0.0,9.0,14,2023,9,19
0.0,0.6999999284744263,11.0,14,2023,9,19
0.0,1.3999998569488523,13.0,14,2023,9,19
0.0,0.0999999865889549,25.0,14,2023,9,19
0.0,0.0,29.0,14,2023,9,19
0.0,0.0,30.0,14,2023,9,19
0.0,0.0,32.0,14,2023,9,19
0.0,0.0,37.0,14,2023,9,19
0.0,0.0,38.0,14,2023,9,19
0.0,0.0,39.0,14,2023,9,19
0.0,0.0,44.0,14,2023,9,19
0.0,0.0,5.0,15,2023,9,19
0.0,0.0,9.0,15,2023,9,19
0.0,0.0,11.0,15,2023,9,19
0.0,0.0,13.0,15,2023,9,19
0.0,0.0,25.0,15,2023,9,19
0.0,0.0,29.0,15,2023,9,19
0.0,0.0,30.0,15,2023,9,19
0.0,0.0,32.0,15,2023,9,19
0.0,0.0,37.0,15,2023,9,19
0.0,0.0,38.0,15,2023,9,19
0.0,0.0,39.0,15,2023,9,19
0.0,0.0,44.0,15,2023,9,19
0.0,0.0,5.0,16,2023,9,19
0.0,0.0,9.0,16,2023,9,19
0.0,4.0,11.0,16,2023,9,19
0.0,0.0,13.0,16,2023,9,19
0.0,0.0,25.0,16,2023,9,19
0.0,0.0,29.0,16,2023,9,19
0.0,0.0,30.0,16,2023,9,19
0.0,0.0,32.0,16,2023,9,19
0.0,0.0,37.0,16,2023,9,19
0.0,0.0,38.0,16,2023,9,19
0.0,0.0,39.0,16,2023,9,19
0.0,0.0,44.0,16,2023,9,19
0.0,0.0,5.0,17,2023,9,19
0.0,8.199999809265137,9.0,17,2023,9,19
0.0,24.999998092651367,11.0,17,2023,9,19
0.0,40.0,13.0,17,2023,9,19
0.0,0.3000000715255737,25.0,17,2023,9,19
0.0,0.0,29.0,17,2023,9,19
0.0,0.0,30.0,17,2023,9,19
0.0,0.0,32.0,17,2023,9,19
0.0,0.0,37.0,17,2023,9,19
0.0,0.0,38.0,17,2023,9,19
0.0,0.0,39.0,17,2023,9,19
0.0,1.999999761581421,44.0,17,2023,9,19
0.0,33.0,5.0,18,2023,9,19
0.0,0.0,9.0,18,2023,9,19
0.0,0.9999998807907104,11.0,18,2023,9,19
0.0,0.0,13.0,18,2023,9,19
0.0,5.999999523162842,25.0,18,2023,9,19
0.0,1.999999761581421,29.0,18,2023,9,19
0.0,9.0,30.0,18,2023,9,19
0.0,19.0,32.0,18,2023,9,19
0.0,65.99998474121094,37.0,18,2023,9,19
0.0,15.0,38.0,18,2023,9,19
0.0,26.000001907348636,39.0,18,2023,9,19
0.0,0.9999998807907104,44.0,18,2023,9,19
0.0,0.9999998807907104,5.0,19,2023,9,19
0.0,3.400000095367432,9.0,19,2023,9,19
0.0,4.999999523162842,11.0,19,2023,9,19
0.0,0.4000000953674316,13.0,19,2023,9,19
0.0,18.0,25.0,19,2023,9,19
0.0,7.0,29.0,19,2023,9,19
0.0,0.0,30.0,19,2023,9,19
0.0,0.0,32.0,19,2023,9,19
0.0,0.0,37.0,19,2023,9,19
0.0,5.999999523162842,38.0,19,2023,9,19
0.0,0.0,39.0,19,2023,9,19
0.0,4.999999523162842,44.0,19,2023,9,19
0.0,0.0,5.0,20,2023,9,19
0.0,0.0,9.0,20,2023,9,19
0.0,0.0,11.0,20,2023,9,19
0.0,0.9999998807907104,13.0,20,2023,9,19
0.0,0.3000000715255737,25.0,20,2023,9,19
0.0,0.2000000029802322,29.0,20,2023,9,19
0.0,0.0,30.0,20,2023,9,19
0.0,0.0,32.0,20,2023,9,19
0.0,0.0,37.0,20,2023,9,19
0.0,0.0,38.0,20,2023,9,19
0.0,0.0,39.0,20,2023,9,19
0.0,0.9999998807907104,44.0,20,2023,9,19
0.0,0.0,5.0,7,2020,9,23
0.1820639222860336,2.6999998092651367,9.0,7,2020,9,23
0.25455242395401,0.0,11.0,7,2020,9,23
1.1688737869262695,0.0,13.0,7,2020,9,23
0.0,0.0,25.0,7,2020,9,23
0.0,0.0,29.0,7,2020,9,23
0.0,0.0,30.0,7,2020,9,23
0.0,0.0,32.0,7,2020,9,23
0.0,0.0,37.0,7,2020,9,23
0.0,0.0,38.0,7,2020,9,23
0.0,0.0,39.0,7,2020,9,23
0.0,0.0,44.0,7,2020,9,23
0.0,0.0,5.0,8,2020,9,23
0.2887855172157287,182.90000915527344,9.0,8,2020,9,23
0.0298484694212675,31.200000762939453,11.0,8,2020,9,23
0.933060884475708,34.20000076293945,13.0,8,2020,9,23
0.0,7.899998664855957,25.0,8,2020,9,23
0.0,17.700000762939453,29.0,8,2020,9,23
0.0,0.0,30.0,8,2020,9,23
0.0,0.0,32.0,8,2020,9,23
0.0,0.0,37.0,8,2020,9,23
0.0,0.0,38.0,8,2020,9,23
0.0,0.0,39.0,8,2020,9,23
0.0,0.0,44.0,8,2020,9,23
0.0,0.0,5.0,9,2020,9,23
0.0389386005699634,0.0,9.0,9,2020,9,23
0.0,0.0,11.0,9,2020,9,23
0.3360732793807983,6.59999942779541,13.0,9,2020,9,23
0.0,0.0,25.0,9,2020,9,23
0.0,0.0,29.0,9,2020,9,23
0.0,0.0,30.0,9,2020,9,23
0.0,0.0,32.0,9,2020,9,23
0.0,0.0,37.0,9,2020,9,23
0.0,0.0,38.0,9,2020,9,23
0.0,0.0,39.0,9,2020,9,23
0.0,0.0,44.0,9,2020,9,23
0.0,0.0,5.0,10,2020,9,23
0.0,0.0,9.0,10,2020,9,23
0.1511058211326599,0.0,11.0,10,2020,9,23
0.7312440872192383,6.500000476837158,13.0,10,2020,9,23
0.0,0.0,25.0,10,2020,9,23
0.0,0.0,29.0,10,2020,9,23
0.0,0.0,30.0,10,2020,9,23
0.0,0.0,32.0,10,2020,9,23
0.0,0.0,37.0,10,2020,9,23
0.0,0.0,38.0,10,2020,9,23
0.0,0.0,39.0,10,2020,9,23
0.0,0.0,44.0,10,2020,9,23
0.0,0.0,5.0,11,2020,9,23
0.0,14.000000953674316,9.0,11,2020,9,23
0.2730194926261902,1.4999998807907104,11.0,11,2020,9,23
0.4520437717437744,0.0,13.0,11,2020,9,23
0.0,5.900000095367432,25.0,11,2020,9,23
0.0,0.0,29.0,11,2020,9,23
0.0,0.0,30.0,11,2020,9,23
0.0,0.0,32.0,11,2020,9,23
0.0,0.0,37.0,11,2020,9,23
0.0,0.0,38.0,11,2020,9,23
0.0,0.0,39.0,11,2020,9,23
0.0,0.0,44.0,11,2020,9,23
0.0,0.0,5.0,12,2020,9,23
0.0,0.0999999865889549,9.0,12,2020,9,23
0.0,0.0,11.0,12,2020,9,23
0.6869845390319824,0.0,13.0,12,2020,9,23
0.0,10.5,25.0,12,2020,9,23
0.0,0.0,29.0,12,2020,9,23
0.0,0.0,30.0,12,2020,9,23
0.0,0.0,32.0,12,2020,9,23
0.0,0.0,37.0,12,2020,9,23
0.0,0.0,38.0,12,2020,9,23
0.0,0.5,39.0,12,2020,9,23
0.0,0.9999998807907104,44.0,12,2020,9,23
0.0,0.0,5.0,13,2020,9,23
0.0,0.0,9.0,13,2020,9,23
0.0,0.0,11.0,13,2020,9,23
0.5604846477508545,13.699997901916504,13.0,13,2020,9,23
0.0,0.0,25.0,13,2020,9,23
0.0,0.0,29.0,13,2020,9,23
0.0,0.0,30.0,13,2020,9,23
0.0,2.5999996662139893,32.0,13,2020,9,23
0.0,0.0,37.0,13,2020,9,23
0.0,0.0,38.0,13,2020,9,23
0.0,0.0,39.0,13,2020,9,23
0.0,0.3000000715255737,44.0,13,2020,9,23
0.0,0.0,5.0,14,2020,9,23
0.0,0.0,9.0,14,2020,9,23
0.0,0.0,11.0,14,2020,9,23
0.0313463732600212,0.0,13.0,14,2020,9,23
0.0,0.0,25.0,14,2020,9,23
0.0,0.0,29.0,14,2020,9,23
0.0,0.0,30.0,14,2020,9,23
0.0,0.0,32.0,14,2020,9,23
0.0,0.0,37.0,14,2020,9,23
0.0,0.0,38.0,14,2020,9,23
0.0,0.0,39.0,14,2020,9,23
0.0,0.0,44.0,14,2020,9,23
0.0,0.0,5.0,15,2020,9,23
0.0,0.0,9.0,15,2020,9,23
0.0,0.0,11.0,15,2020,9,23
0.0,0.0,13.0,15,2020,9,23
0.0,0.0,25.0,15,2020,9,23
0.0,0.0,29.0,15,2020,9,23
0.0,0.0,30.0,15,2020,9,23
0.0,0.0,32.0,15,2020,9,23
0.0,0.0,37.0,15,2020,9,23
0.0,0.0,38.0,15,2020,9,23
0.0,0.0,39.0,15,2020,9,23
0.0,0.0,44.0,15,2020,9,23
0.0,0.0,5.0,16,2020,9,23
0.0,0.0,9.0,16,2020,9,23
0.0,0.0,11.0,16,2020,9,23
0.0,0.0,13.0,16,2020,9,23
0.0,0.0,25.0,16,2020,9,23
0.0,0.0,29.0,16,2020,9,23
0.0,0.0,30.0,16,2020,9,23
0.0,0.0,32.0,16,2020,9,23
0.0,0.0,37.0,16,2020,9,23
0.0,0.0,38.0,16,2020,9,23
0.0,0.0,39.0,16,2020,9,23
0.0,0.0,44.0,16,2020,9,23
0.0,0.0,5.0,17,2020,9,23
0.0,0.0,9.0,17,2020,9,23
0.0,0.0,11.0,17,2020,9,23
0.0,0.0,13.0,17,2020,9,23
0.0,0.0,25.0,17,2020,9,23
0.0,0.0,29.0,17,2020,9,23
0.0,0.0,30.0,17,2020,9,23
0.0,0.0,32.0,17,2020,9,23
0.0,0.0,37.0,17,2020,9,23
0.0,0.0,38.0,17,2020,9,23
0.0,0.0,39.0,17,2020,9,23
0.0,0.0,44.0,17,2020,9,23
0.0,0.0,5.0,18,2020,9,23
0.0,0.0,9.0,18,2020,9,23
0.0,0.0,11.0,18,2020,9,23
0.0,0.0,13.0,18,2020,9,23
0.0,0.0,25.0,18,2020,9,23
0.0,0.0,29.0,18,2020,9,23
0.0,0.0,30.0,18,2020,9,23
0.0,0.0,32.0,18,2020,9,23
0.0,0.0,37.0,18,2020,9,23
0.0,0.0,38.0,18,2020,9,23
0.0,0.0,39.0,18,2020,9,23
0.0,0.0,44.0,18,2020,9,23
0.0,0.0,5.0,19,2020,9,23
0.0,0.0,9.0,19,2020,9,23
0.0,0.0,11.0,19,2020,9,23
0.0,0.0,13.0,19,2020,9,23
0.0,0.0,25.0,19,2020,9,23
0.0,0.0,29.0,19,2020,9,23
0.0,0.0,30.0,19,2020,9,23
0.0,0.0,32.0,19,2020,9,23
0.0,0.0,37.0,19,2020,9,23
0.0,0.0,38.0,19,2020,9,23
0.0,0.0,39.0,19,2020,9,23
0.0,0.0,44.0,19,2020,9,23
0.0,0.0,5.0,20,2020,9,23
0.0,0.0,9.0,20,2020,9,23
0.0,0.0,11.0,20,2020,9,23
0.0,0.0,13.0,20,2020,9,23
0.0,0.0,25.0,20,2020,9,23
0.0,0.0,29.0,20,2020,9,23
0.0,0.0,30.0,20,2020,9,23
0.0,0.0,32.0,20,2020,9,23
0.0,0.0,37.0,20,2020,9,23
0.0,0.0,38.0,20,2020,9,23
0.0,0.0,39.0,20,2020,9,23
0.0,0.0,44.0,20,2020,9,23
0.0,26.19999885559082,5.0,7,2021,9,23
0.0,0.0,9.0,7,2021,9,23
0.0,0.0,11.0,7,2021,9,23
0.0,4.899999618530273,13.0,7,2021,9,23
0.0,0.0,25.0,7,2021,9,23
0.0,10.099998474121094,29.0,7,2021,9,23
0.0,0.0,30.0,7,2021,9,23
0.0,0.0,32.0,7,2021,9,23
0.0,0.0,37.0,7,2021,9,23
0.0,0.0,38.0,7,2021,9,23
0.0,0.0,39.0,7,2021,9,23
0.0,0.0,44.0,7,2021,9,23
0.0,0.0,5.0,8,2021,9,23
0.0,0.0,9.0,8,2021,9,23
0.0,0.0,11.0,8,2021,9,23
0.0,0.0,13.0,8,2021,9,23
0.0,0.0,25.0,8,2021,9,23
0.0,0.0,29.0,8,2021,9,23
0.0,0.0,30.0,8,2021,9,23
0.0,0.0,32.0,8,2021,9,23
0.0,0.0,37.0,8,2021,9,23
0.0,0.0,38.0,8,2021,9,23
0.0,0.0,39.0,8,2021,9,23
0.0,0.0,44.0,8,2021,9,23
0.0,42.79999542236328,5.0,9,2021,9,23
0.0,16.200000762939453,9.0,9,2021,9,23
0.0009199624764733,10.599998474121094,11.0,9,2021,9,23
0.0,62.29999923706055,13.0,9,2021,9,23
0.0,20.400001525878903,25.0,9,2021,9,23
0.0,0.0,29.0,9,2021,9,23
0.0,0.0,30.0,9,2021,9,23
0.0,0.0,32.0,9,2021,9,23
0.0,0.0,37.0,9,2021,9,23
0.0,0.4000000953674316,38.0,9,2021,9,23
0.0,0.0,39.0,9,2021,9,23
0.0,41.89998626708984,44.0,9,2021,9,23
0.0,0.0,5.0,10,2021,9,23
0.0,11.399998664855955,9.0,10,2021,9,23
0.2122993320226669,17.399999618530273,11.0,10,2021,9,23
0.0,12.100000381469728,13.0,10,2021,9,23
0.0,0.0,25.0,10,2021,9,23
0.0,14.100000381469728,29.0,10,2021,9,23
0.0,0.2000000029802322,30.0,10,2021,9,23
0.0,0.0,32.0,10,2021,9,23
0.0,0.0,37.0,10,2021,9,23
0.0,2.4000003337860107,38.0,10,2021,9,23
0.0,0.0,39.0,10,2021,9,23
0.0,0.0,44.0,10,2021,9,23
0.0,0.0,5.0,11,2021,9,23
0.1839160770177841,0.0,9.0,11,2021,9,23
0.6159625053405762,3.400000095367432,11.0,11,2021,9,23
0.8742560148239136,0.0,13.0,11,2021,9,23
0.0,0.0,25.0,11,2021,9,23
0.0,0.0,29.0,11,2021,9,23
0.0,0.0,30.0,11,2021,9,23
0.0,0.0,32.0,11,2021,9,23
0.0,0.0,37.0,11,2021,9,23
0.0,0.0,38.0,11,2021,9,23
0.0,0.0,39.0,11,2021,9,23
0.0812603533267974,0.0,44.0,11,2021,9,23
0.0,0.0,5.0,12,2021,9,23
0.1827938854694366,0.0,9.0,12,2021,9,23
1.7169736623764038,0.0,11.0,12,2021,9,23
0.5416886806488037,0.0,13.0,12,2021,9,23
0.0250605698674917,0.0,25.0,12,2021,9,23
0.0,0.0,29.0,12,2021,9,23
0.0,0.0,30.0,12,2021,9,23
0.0,0.0,32.0,12,2021,9,23
0.0,0.0,37.0,12,2021,9,23
0.0,0.0,38.0,12,2021,9,23
0.0,0.0,39.0,12,2021,9,23
0.2883745431900024,3.1000001430511475,44.0,12,2021,9,23
0.0,0.0,5.0,13,2021,9,23
0.0,0.0,9.0,13,2021,9,23
1.0671504735946655,0.0,11.0,13,2021,9,23
1.282428741455078,0.0,13.0,13,2021,9,23
0.0,0.0,25.0,13,2021,9,23
0.0,0.0,29.0,13,2021,9,23
0.0,0.0,30.0,13,2021,9,23
0.0,0.0,32.0,13,2021,9,23
0.0,0.0,37.0,13,2021,9,23
0.0,0.0,38.0,13,2021,9,23
0.0,0.0,39.0,13,2021,9,23
0.3682665824890136,0.0,44.0,13,2021,9,23
0.0,0.0,5.0,14,2021,9,23
0.0,0.0,9.0,14,2021,9,23
0.0,0.0,11.0,14,2021,9,23
0.4895850718021393,0.0,13.0,14,2021,9,23
0.0,0.0,25.0,14,2021,9,23
0.0,0.0,29.0,14,2021,9,23
0.0,0.0,30.0,14,2021,9,23
0.0,0.0,32.0,14,2021,9,23
0.0,0.0,37.0,14,2021,9,23
0.0,0.0,38.0,14,2021,9,23
0.0,0.0,39.0,14,2021,9,23
0.0,0.0,44.0,14,2021,9,23
0.0,0.0,5.0,15,2021,9,23
0.0,0.0,9.0,15,2021,9,23
0.0,0.0,11.0,15,2021,9,23
0.0,0.0,13.0,15,2021,9,23
0.0,0.0,25.0,15,2021,9,23
0.0,0.0,29.0,15,2021,9,23
0.0,0.0,30.0,15,2021,9,23
0.0,0.0,32.0,15,2021,9,23
0.0,0.0,37.0,15,2021,9,23
0.0,0.0,38.0,15,2021,9,23
0.0,0.0,39.0,15,2021,9,23
0.0,0.0,44.0,15,2021,9,23
0.0,0.0,5.0,16,2021,9,23
0.0,0.0,9.0,16,2021,9,23
0.0,0.0,11.0,16,2021,9,23
0.0,0.0,13.0,16,2021,9,23
0.0,0.0,25.0,16,2021,9,23
0.0,0.0,29.0,16,2021,9,23
0.0,0.0,30.0,16,2021,9,23
0.0,0.0,32.0,16,2021,9,23
0.0,0.0,37.0,16,2021,9,23
0.0,0.0,38.0,16,2021,9,23
0.0,0.0,39.0,16,2021,9,23
0.0,0.0,44.0,16,2021,9,23
0.0,0.0,5.0,17,2021,9,23
0.0,0.0,9.0,17,2021,9,23
0.0,0.0,11.0,17,2021,9,23
0.0,2.8000001907348637,13.0,17,2021,9,23
0.0,0.6999999284744263,25.0,17,2021,9,23
0.0,0.0,29.0,17,2021,9,23
0.0,0.9000000953674316,30.0,17,2021,9,23
0.0,34.900001525878906,32.0,17,2021,9,23
0.0,3.200000286102295,37.0,17,2021,9,23
0.0,0.0,38.0,17,2021,9,23
0.0,16.0,39.0,17,2021,9,23
0.0,46.80001068115234,44.0,17,2021,9,23
0.0,1.1999998092651367,5.0,18,2021,9,23
0.0,2.299999713897705,9.0,18,2021,9,23
0.0,6.500000476837158,11.0,18,2021,9,23
0.0,7.5,13.0,18,2021,9,23
0.0,2.4000003337860107,25.0,18,2021,9,23
0.0,2.299999713897705,29.0,18,2021,9,23
0.0,6.399999141693115,30.0,18,2021,9,23
0.0,39.100006103515625,32.0,18,2021,9,23
0.0,20.89999771118164,37.0,18,2021,9,23
0.0,7.300000190734863,38.0,18,2021,9,23
0.0,18.700000762939453,39.0,18,2021,9,23
0.0,45.59999465942383,44.0,18,2021,9,23
0.0,0.0,5.0,19,2021,9,23
0.0,0.0,9.0,19,2021,9,23
0.0,0.0,11.0,19,2021,9,23
0.0,0.0,13.0,19,2021,9,23
0.0,0.0,25.0,19,2021,9,23
0.0,0.0,29.0,19,2021,9,23
0.0,0.0,30.0,19,2021,9,23
0.0,0.0,32.0,19,2021,9,23
0.0,0.0,37.0,19,2021,9,23
0.0,2.4000003337860107,38.0,19,2021,9,23
0.0,0.0,39.0,19,2021,9,23
0.0,0.0,44.0,19,2021,9,23
0.0,0.0,5.0,20,2021,9,23
0.0,0.0,9.0,20,2021,9,23
0.0,0.0,11.0,20,2021,9,23
0.0,0.0,13.0,20,2021,9,23
0.0,0.0,25.0,20,2021,9,23
0.0,0.0,29.0,20,2021,9,23
0.0,0.0,30.0,20,2021,9,23
0.0,0.0,32.0,20,2021,9,23
0.0,0.0,37.0,20,2021,9,23
0.0,0.0,38.0,20,2021,9,23
0.0,0.0,39.0,20,2021,9,23
0.0,0.0,44.0,20,2021,9,23
0.0,0.0,5.0,7,2022,9,23
0.0,0.0,9.0,7,2022,9,23
0.0,0.0,11.0,7,2022,9,23
0.0,0.0,13.0,7,2022,9,23
0.0,0.5,25.0,7,2022,9,23
0.0,0.0999999865889549,29.0,7,2022,9,23
0.0,0.0,30.0,7,2022,9,23
0.0,5.999999523162842,32.0,7,2022,9,23
0.0,1.999999761581421,37.0,7,2022,9,23
0.0,4.999999523162842,38.0,7,2022,9,23
0.0,13.000000953674316,39.0,7,2022,9,23
0.0,41.99999237060547,44.0,7,2022,9,23
0.0,0.5999999046325684,5.0,8,2022,9,23
0.0,0.0,9.0,8,2022,9,23
0.0,0.0,11.0,8,2022,9,23
0.0,0.0,13.0,8,2022,9,23
0.0,0.0,25.0,8,2022,9,23
0.0,0.0,29.0,8,2022,9,23
0.0,0.0,30.0,8,2022,9,23
0.0,0.0,32.0,8,2022,9,23
0.0,0.2000000029802322,37.0,8,2022,9,23
0.0,0.0,38.0,8,2022,9,23
0.0,0.5,39.0,8,2022,9,23
0.0,4.800000190734863,44.0,8,2022,9,23
0.0,16.0,5.0,9,2022,9,23
0.0,26.19999885559082,9.0,9,2022,9,23
0.0,2.999999523162842,11.0,9,2022,9,23
0.0,7.0,13.0,9,2022,9,23
0.0,10.000000953674316,25.0,9,2022,9,23
0.0,7.0,29.0,9,2022,9,23
0.0,0.0,30.0,9,2022,9,23
0.0,20.099994659423828,32.0,9,2022,9,23
0.0,1.999999761581421,37.0,9,2022,9,23
0.0,4.999999523162842,38.0,9,2022,9,23
0.0,15.500000953674316,39.0,9,2022,9,23
0.0,19.199996948242188,44.0,9,2022,9,23
0.0,5.100000381469727,5.0,10,2022,9,23
0.0,39.0,9.0,10,2022,9,23
0.0,11.0,11.0,10,2022,9,23
0.0,16.0,13.0,10,2022,9,23
0.0,4.999999523162842,25.0,10,2022,9,23
0.0,7.100000381469727,29.0,10,2022,9,23
0.0,0.9999998807907104,30.0,10,2022,9,23
0.0,9.100001335144045,32.0,10,2022,9,23
0.0,1.999999761581421,37.0,10,2022,9,23
0.0,2.1000001430511475,38.0,10,2022,9,23
0.0,2.999999523162842,39.0,10,2022,9,23
0.0,1.999999761581421,44.0,10,2022,9,23
0.0,0.0,5.0,11,2022,9,23
0.0,0.9999998807907104,9.0,11,2022,9,23
0.0,0.0,11.0,11,2022,9,23
0.0,0.3000000715255737,13.0,11,2022,9,23
0.0,4.0,25.0,11,2022,9,23
0.0,0.5,29.0,11,2022,9,23
0.0,0.0,30.0,11,2022,9,23
0.0,0.0,32.0,11,2022,9,23
0.0,0.0,37.0,11,2022,9,23
0.0,8.90000057220459,38.0,11,2022,9,23
0.0,2.1000001430511475,39.0,11,2022,9,23
0.0,0.9999998807907104,44.0,11,2022,9,23
0.0,0.0,5.0,12,2022,9,23
0.0,0.0999999865889549,9.0,12,2022,9,23
0.0684956610202789,0.0,11.0,12,2022,9,23
0.1682646721601486,0.0,13.0,12,2022,9,23
0.0,0.0,25.0,12,2022,9,23
0.0,0.0,29.0,12,2022,9,23
0.0,0.0,30.0,12,2022,9,23
0.0,0.0,32.0,12,2022,9,23
0.0,0.0,37.0,12,2022,9,23
0.0,0.0,38.0,12,2022,9,23
0.0,0.0,39.0,12,2022,9,23
0.0,0.0,44.0,12,2022,9,23
0.0,0.0,5.0,13,2022,9,23
0.0,1.999999761581421,9.0,13,2022,9,23
0.0,0.0,11.0,13,2022,9,23
0.2221060395240783,0.5,13.0,13,2022,9,23
0.1913360357284546,0.0,25.0,13,2022,9,23
0.0,0.0,29.0,13,2022,9,23
0.0,0.0,30.0,13,2022,9,23
0.0,0.0,32.0,13,2022,9,23
0.0,0.0,37.0,13,2022,9,23
0.0,0.0,38.0,13,2022,9,23
0.0,0.0,39.0,13,2022,9,23
0.0,0.0,44.0,13,2022,9,23
0.0,0.0,5.0,14,2022,9,23
0.0,0.0,9.0,14,2022,9,23
0.0,0.0,11.0,14,2022,9,23
0.4366782605648041,0.0,13.0,14,2022,9,23
0.1365511864423751,0.5,25.0,14,2022,9,23
0.0,0.0,29.0,14,2022,9,23
0.0,0.0,30.0,14,2022,9,23
0.0,0.0,32.0,14,2022,9,23
0.0,0.0,37.0,14,2022,9,23
0.0,0.0,38.0,14,2022,9,23
0.0,0.0,39.0,14,2022,9,23
0.0,0.0,44.0,14,2022,9,23
0.0,0.0,5.0,15,2022,9,23
0.0,0.0,9.0,15,2022,9,23
0.0644556879997253,0.0,11.0,15,2022,9,23
0.0538466498255729,0.2000000029802322,13.0,15,2022,9,23
0.0,0.0,25.0,15,2022,9,23
0.0,0.0,29.0,15,2022,9,23
0.0,0.0,30.0,15,2022,9,23
0.0,0.0,32.0,15,2022,9,23
0.0,0.0,37.0,15,2022,9,23
0.0,0.0,38.0,15,2022,9,23
0.0,0.0,39.0,15,2022,9,23
0.0,0.0,44.0,15,2022,9,23
0.0,0.0,5.0,16,2022,9,23
0.0,0.0,9.0,16,2022,9,23
0.0,0.0,11.0,16,2022,9,23
0.0,0.2000000029802322,13.0,16,2022,9,23
0.0,0.0,25.0,16,2022,9,23
0.0,0.0,29.0,16,2022,9,23
0.0,0.0,30.0,16,2022,9,23
0.0,0.0,32.0,16,2022,9,23
0.0,0.0,37.0,16,2022,9,23
0.0,0.0,38.0,16,2022,9,23
0.0,0.0,39.0,16,2022,9,23
0.0,0.5999999046325684,44.0,16,2022,9,23
0.0,0.0,5.0,17,2022,9,23
0.0,4.999999523162842,9.0,17,2022,9,23
0.0,16.0,11.0,17,2022,9,23
0.0,30.99999237060547,13.0,17,2022,9,23
0.0,4.0,25.0,17,2022,9,23
0.0,0.0,29.0,17,2022,9,23
0.0,1.999999761581421,30.0,17,2022,9,23
0.0,1.999999761581421,32.0,17,2022,9,23
0.0,1.1000001430511477,37.0,17,2022,9,23
0.0,1.999999761581421,38.0,17,2022,9,23
0.0,4.999999523162842,39.0,17,2022,9,23
0.0,40.0,44.0,17,2022,9,23
0.0,0.0,5.0,18,2022,9,23
0.0,0.0,9.0,18,2022,9,23
0.0,0.0,11.0,18,2022,9,23
0.0,0.0,13.0,18,2022,9,23
0.0,0.0,25.0,18,2022,9,23
0.0,0.0,29.0,18,2022,9,23
0.0,0.0,30.0,18,2022,9,23
0.0,0.0,32.0,18,2022,9,23
0.0,0.0,37.0,18,2022,9,23
0.0,0.0,38.0,18,2022,9,23
0.0,0.0,39.0,18,2022,9,23
0.0,0.0,44.0,18,2022,9,23
0.0,0.0,5.0,19,2022,9,23
0.0,0.0,9.0,19,2022,9,23
0.0,0.0,11.0,19,2022,9,23
0.0,0.0,13.0,19,2022,9,23
0.0,0.0,25.0,19,2022,9,23
0.0,0.0,29.0,19,2022,9,23
0.0,0.0,30.0,19,2022,9,23
0.0,0.0,32.0,19,2022,9,23
0.0,0.0,37.0,19,2022,9,23
0.0,0.0,38.0,19,2022,9,23
0.0,0.0,39.0,19,2022,9,23
0.0,0.0,44.0,19,2022,9,23
0.0,0.0,5.0,20,2022,9,23
0.0,0.0,9.0,20,2022,9,23
0.0,0.0,11.0,20,2022,9,23
0.0,0.0,13.0,20,2022,9,23
0.0,0.0,25.0,20,2022,9,23
0.0,0.0,29.0,20,2022,9,23
0.0,0.0,30.0,20,2022,9,23
0.0,0.0,32.0,20,2022,9,23
0.0,0.0,37.0,20,2022,9,23
0.0,0.0,38.0,20,2022,9,23
0.0,0.0,39.0,20,2022,9,23
0.0,0.0,44.0,20,2022,9,23
0.0,0.0,5.0,7,2023,9,23
0.0,4.0,9.0,7,2023,9,23
0.0,0.0,11.0,7,2023,9,23
0.0,0.0,13.0,7,2023,9,23
0.0,1.8000000715255735,25.0,7,2023,9,23
0.0,18.09999656677246,29.0,7,2023,9,23
0.0,0.3000000715255737,30.0,7,2023,9,23
0.0,0.0,32.0,7,2023,9,23
0.0,0.3000000715255737,37.0,7,2023,9,23
0.0,4.0,38.0,7,2023,9,23
0.0,0.0,39.0,7,2023,9,23
0.0,0.9999998807907104,44.0,7,2023,9,23
0.0,0.5,5.0,8,2023,9,23
0.0,22.0,9.0,8,2023,9,23
0.0,0.2000000029802322,11.0,8,2023,9,23
0.0,0.0,13.0,8,2023,9,23
0.0,3.400000095367432,25.0,8,2023,9,23
0.0,0.0,29.0,8,2023,9,23
0.0,0.0,30.0,8,2023,9,23
0.0,0.6999999284744263,32.0,8,2023,9,23
0.0,0.3000000715255737,37.0,8,2023,9,23
0.0,0.0,38.0,8,2023,9,23
0.0,0.0,39.0,8,2023,9,23
0.0,0.0,44.0,8,2023,9,23
0.0,12.000001907348633,5.0,9,2023,9,23
0.0,0.0,9.0,9,2023,9,23
0.0,0.3000000715255737,11.0,9,2023,9,23
0.158762902021408,13.19999885559082,13.0,9,2023,9,23
0.0,20.600006103515625,25.0,9,2023,9,23
0.0,0.0,29.0,9,2023,9,23
0.0,0.0999999865889549,30.0,9,2023,9,23
0.0,0.0,32.0,9,2023,9,23
0.0,0.0,37.0,9,2023,9,23
0.0,9.100001335144045,38.0,9,2023,9,23
0.0,0.0,39.0,9,2023,9,23
0.0,0.0,44.0,9,2023,9,23
0.0,0.0,5.0,10,2023,9,23
0.0,0.0,9.0,10,2023,9,23
0.0,0.6999999284744263,11.0,10,2023,9,23
0.0264197755604982,1.3999998569488523,13.0,10,2023,9,23
0.0,0.0999999865889549,25.0,10,2023,9,23
0.0,0.0,29.0,10,2023,9,23
0.0,0.0,30.0,10,2023,9,23
0.0,0.0,32.0,10,2023,9,23
0.0,0.0,37.0,10,2023,9,23
0.0,0.0,38.0,10,2023,9,23
0.0,0.0,39.0,10,2023,9,23
0.0,0.0,44.0,10,2023,9,23
0.0,0.0,5.0,11,2023,9,23
0.0,0.0,9.0,11,2023,9,23
0.0,0.0,11.0,11,2023,9,23
0.0,0.0,13.0,11,2023,9,23
0.0,0.0,25.0,11,2023,9,23
0.0,0.0,29.0,11,2023,9,23
0.0,0.0,30.0,11,2023,9,23
0.0,0.0,32.0,11,2023,9,23
0.0,0.0,37.0,11,2023,9,23
0.0,0.0,38.0,11,2023,9,23
0.0,0.0,39.0,11,2023,9,23
0.0,0.0,44.0,11,2023,9,23
0.0,0.0,5.0,12,2023,9,23
0.0,0.0,9.0,12,2023,9,23
0.0,4.0,11.0,12,2023,9,23
0.0,0.0,13.0,12,2023,9,23
0.0,0.0,25.0,12,2023,9,23
0.0,0.0,29.0,12,2023,9,23
0.0,0.0,30.0,12,2023,9,23
0.0,0.0,32.0,12,2023,9,23
0.0,0.0,37.0,12,2023,9,23
0.0,0.0,38.0,12,2023,9,23
0.0,0.0,39.0,12,2023,9,23
0.0,0.0,44.0,12,2023,9,23
0.0,0.0,5.0,13,2023,9,23
0.0,8.199999809265137,9.0,13,2023,9,23
0.0,24.999998092651367,11.0,13,2023,9,23
0.0,40.0,13.0,13,2023,9,23
0.0,0.3000000715255737,25.0,13,2023,9,23
0.0,0.0,29.0,13,2023,9,23
0.0,0.0,30.0,13,2023,9,23
0.0,0.0,32.0,13,2023,9,23
0.0,0.0,37.0,13,2023,9,23
0.0,0.0,38.0,13,2023,9,23
0.0,0.0,39.0,13,2023,9,23
0.0,1.999999761581421,44.0,13,2023,9,23
0.0,33.0,5.0,14,2023,9,23
0.0,0.0,9.0,14,2023,9,23
0.0,0.9999998807907104,11.0,14,2023,9,23
0.0,0.0,13.0,14,2023,9,23
0.0,5.999999523162842,25.0,14,2023,9,23
0.0,1.999999761581421,29.0,14,2023,9,23
0.0,9.0,30.0,14,2023,9,23
0.0,19.0,32.0,14,2023,9,23
0.0,65.99998474121094,37.0,14,2023,9,23
0.0,15.0,38.0,14,2023,9,23
0.0,26.000001907348636,39.0,14,2023,9,23
0.0,0.9999998807907104,44.0,14,2023,9,23
0.0,0.9999998807907104,5.0,15,2023,9,23
0.0,3.400000095367432,9.0,15,2023,9,23
0.0,4.999999523162842,11.0,15,2023,9,23
0.0,0.4000000953674316,13.0,15,2023,9,23
0.0,18.0,25.0,15,2023,9,23
0.0,7.0,29.0,15,2023,9,23
0.0,0.0,30.0,15,2023,9,23
0.0,0.0,32.0,15,2023,9,23
0.0,0.0,37.0,15,2023,9,23
0.0,5.999999523162842,38.0,15,2023,9,23
0.0,0.0,39.0,15,2023,9,23
0.0,4.999999523162842,44.0,15,2023,9,23
0.0,0.0,5.0,16,2023,9,23
0.0,0.0,9.0,16,2023,9,23
0.0,0.0,11.0,16,2023,9,23
0.0,0.9999998807907104,13.0,16,2023,9,23
0.0,0.3000000715255737,25.0,16,2023,9,23
0.0,0.2000000029802322,29.0,16,2023,9,23
0.0,0.0,30.0,16,2023,9,23
0.0,0.0,32.0,16,2023,9,23
0.0,0.0,37.0,16,2023,9,23
0.0,0.0,38.0,16,2023,9,23
0.0,0.0,39.0,16,2023,9,23
0.0,0.9999998807907104,44.0,16,2023,9,23
0.0,0.0,5.0,17,2023,9,23
0.0,0.0,9.0,17,2023,9,23
0.0,0.0,11.0,17,2023,9,23
0.0,0.0,13.0,17,2023,9,23
0.0,0.0,25.0,17,2023,9,23
0.0,0.0,29.0,17,2023,9,23
0.0,0.0,30.0,17,2023,9,23
0.0,0.0,32.0,17,2023,9,23
0.0,0.0,37.0,17,2023,9,23
0.0,0.0,38.0,17,2023,9,23
0.0,0.0,39.0,17,2023,9,23
0.0,0.0,44.0,17,2023,9,23
0.0,0.0,5.0,18,2023,9,23
0.0,0.0,9.0,18,2023,9,23
0.0,0.0,11.0,18,2023,9,23
0.0,0.0,13.0,18,2023,9,23
0.0,0.0,25.0,18,2023,9,23
0.0,0.0,29.0,18,2023,9,23
0.0,0.0,30.0,18,2023,9,23
0.0,0.0,32.0,18,2023,9,23
0.0,0.0,37.0,18,2023,9,23
0.0,0.0,38.0,18,2023,9,23
0.0,0.0,39.0,18,2023,9,23
0.0,1.999999761581421,44.0,18,2023,9,23
0.0,0.0,5.0,19,2023,9,23
0.0,0.0,9.0,19,2023,9,23
0.0,0.0,11.0,19,2023,9,23
0.0,0.0,13.0,19,2023,9,23
0.0,0.0,25.0,19,2023,9,23
0.0,0.0,29.0,19,2023,9,23
0.0,0.0,30.0,19,2023,9,23
0.0,0.0,32.0,19,2023,9,23
0.0,0.0,37.0,19,2023,9,23
0.0,0.0,38.0,19,2023,9,23
0.0,0.0,39.0,19,2023,9,23
0.0,0.0,44.0,19,2023,9,23
0.0,0.0,5.0,20,2023,9,23
0.0,0.0,9.0,20,2023,9,23
0.0,0.0,11.0,20,2023,9,23
0.0,0.0,13.0,20,2023,9,23
0.0,0.0,25.0,20,2023,9,23
0.0,0.0,29.0,20,2023,9,23
0.0,0.0,30.0,20,2023,9,23
0.0,0.0,32.0,20,2023,9,23
0.0,0.0,37.0,20,2023,9,23
0.0,0.0999999865889549,38.0,20,2023,9,23
0.0,0.0,39.0,20,2023,9,23
0.0,0.0,44.0,20,2023,9,23
0.0,0.0,5.0,7,2020,9,26
0.0,0.0,9.0,7,2020,9,26
0.0438117757439613,0.0,11.0,7,2020,9,26
0.2468597292900085,6.500000476837158,13.0,7,2020,9,26
0.0,0.0,25.0,7,2020,9,26
0.0,0.0,29.0,7,2020,9,26
0.0,0.0,30.0,7,2020,9,26
0.0,0.0,32.0,7,2020,9,26
0.0,0.0,37.0,7,2020,9,26
0.0,0.0,38.0,7,2020,9,26
0.0,0.0,39.0,7,2020,9,26
0.0,0.0,44.0,7,2020,9,26
0.0,0.0,5.0,8,2020,9,26
0.0,14.000000953674316,9.0,8,2020,9,26
0.7941378951072693,1.4999998807907104,11.0,8,2020,9,26
1.0800249576568604,0.0,13.0,8,2020,9,26
0.0,5.900000095367432,25.0,8,2020,9,26
0.0,0.0,29.0,8,2020,9,26
0.0,0.0,30.0,8,2020,9,26
0.0,0.0,32.0,8,2020,9,26
0.0,0.0,37.0,8,2020,9,26
0.0,0.0,38.0,8,2020,9,26
0.0,0.0,39.0,8,2020,9,26
0.0,0.0,44.0,8,2020,9,26
0.0,0.0,5.0,9,2020,9,26
0.3690864145755768,0.0999999865889549,9.0,9,2020,9,26
0.3010381162166595,0.0,11.0,9,2020,9,26
0.9885679483413696,0.0,13.0,9,2020,9,26
0.0302867349237203,10.5,25.0,9,2020,9,26
0.0,0.0,29.0,9,2020,9,26
0.0,0.0,30.0,9,2020,9,26
0.0,0.0,32.0,9,2020,9,26
0.0,0.0,37.0,9,2020,9,26
0.0,0.0,38.0,9,2020,9,26
0.0,0.5,39.0,9,2020,9,26
0.0,0.9999998807907104,44.0,9,2020,9,26
0.0,0.0,5.0,10,2020,9,26
0.6859622001647949,0.0,9.0,10,2020,9,26
0.32483771443367,0.0,11.0,10,2020,9,26
1.83595073223114,13.699997901916504,13.0,10,2020,9,26
0.0,0.0,25.0,10,2020,9,26
0.0,0.0,29.0,10,2020,9,26
0.0,0.0,30.0,10,2020,9,26
0.0,2.5999996662139893,32.0,10,2020,9,26
0.0,0.0,37.0,10,2020,9,26
0.0,0.0,38.0,10,2020,9,26
0.0,0.0,39.0,10,2020,9,26
0.2569432258605957,0.3000000715255737,44.0,10,2020,9,26
0.0,0.0,5.0,11,2020,9,26
0.0,0.0,9.0,11,2020,9,26
0.0,0.0,11.0,11,2020,9,26
0.0,0.0,13.0,11,2020,9,26
0.0,0.0,25.0,11,2020,9,26
0.0,0.0,29.0,11,2020,9,26
0.0,0.0,30.0,11,2020,9,26
0.0,0.0,32.0,11,2020,9,26
0.0,0.0,37.0,11,2020,9,26
0.0,0.0,38.0,11,2020,9,26
0.0,0.0,39.0,11,2020,9,26
0.0,0.0,44.0,11,2020,9,26
0.0,0.0,5.0,12,2020,9,26
0.0,0.0,9.0,12,2020,9,26
0.0,0.0,11.0,12,2020,9,26
0.1775178760290146,0.0,13.0,12,2020,9,26
0.0,0.0,25.0,12,2020,9,26
0.0,0.0,29.0,12,2020,9,26
0.0,0.0,30.0,12,2020,9,26
0.0,0.0,32.0,12,2020,9,26
0.0,0.0,37.0,12,2020,9,26
0.0,0.0,38.0,12,2020,9,26
0.0,0.0,39.0,12,2020,9,26
0.0,0.0,44.0,12,2020,9,26
0.0,0.0,5.0,13,2020,9,26
0.0,0.0,9.0,13,2020,9,26
0.0,0.0,11.0,13,2020,9,26
0.0,0.0,13.0,13,2020,9,26
0.0,0.0,25.0,13,2020,9,26
0.0,0.0,29.0,13,2020,9,26
0.0,0.0,30.0,13,2020,9,26
0.0,0.0,32.0,13,2020,9,26
0.0,0.0,37.0,13,2020,9,26
0.0,0.0,38.0,13,2020,9,26
0.0,0.0,39.0,13,2020,9,26
0.0,0.0,44.0,13,2020,9,26
0.0,0.0,5.0,14,2020,9,26
0.0,0.0,9.0,14,2020,9,26
0.0,0.0,11.0,14,2020,9,26
0.0,0.0,13.0,14,2020,9,26
0.0,0.0,25.0,14,2020,9,26
0.0,0.0,29.0,14,2020,9,26
0.0,0.0,30.0,14,2020,9,26
0.0,0.0,32.0,14,2020,9,26
0.0,0.0,37.0,14,2020,9,26
0.0,0.0,38.0,14,2020,9,26
0.0,0.0,39.0,14,2020,9,26
0.0,0.0,44.0,14,2020,9,26
0.0,0.0,5.0,15,2020,9,26
0.0,0.0,9.0,15,2020,9,26
0.0,0.0,11.0,15,2020,9,26
0.0,0.0,13.0,15,2020,9,26
0.0,0.0,25.0,15,2020,9,26
0.0,0.0,29.0,15,2020,9,26
0.0,0.0,30.0,15,2020,9,26
0.0,0.0,32.0,15,2020,9,26
0.0,0.0,37.0,15,2020,9,26
0.0,0.0,38.0,15,2020,9,26
0.0,0.0,39.0,15,2020,9,26
0.0,0.0,44.0,15,2020,9,26
0.0,0.0,5.0,16,2020,9,26
0.0,0.0,9.0,16,2020,9,26
0.0,0.0,11.0,16,2020,9,26
0.0,0.0,13.0,16,2020,9,26
0.0,0.0,25.0,16,2020,9,26
0.0,0.0,29.0,16,2020,9,26
0.0,0.0,30.0,16,2020,9,26
0.0,0.0,32.0,16,2020,9,26
0.0,0.0,37.0,16,2020,9,26
0.0,0.0,38.0,16,2020,9,26
0.0,0.0,39.0,16,2020,9,26
0.0,0.0,44.0,16,2020,9,26
0.0,0.0,5.0,17,2020,9,26
0.0,0.0,9.0,17,2020,9,26
0.0,0.0,11.0,17,2020,9,26
0.0,0.0,13.0,17,2020,9,26
0.0,0.0,25.0,17,2020,9,26
0.0,0.0,29.0,17,2020,9,26
0.0,0.0,30.0,17,2020,9,26
0.0,0.0,32.0,17,2020,9,26
0.0,0.0,37.0,17,2020,9,26
0.0,0.0,38.0,17,2020,9,26
0.0,0.0,39.0,17,2020,9,26
0.0,0.0,44.0,17,2020,9,26
0.0,0.0,5.0,18,2020,9,26
0.0,0.0,9.0,18,2020,9,26
0.0,0.0,11.0,18,2020,9,26
0.0,0.0,13.0,18,2020,9,26
0.0,0.0,25.0,18,2020,9,26
0.0,0.0,29.0,18,2020,9,26
0.0,0.0,30.0,18,2020,9,26
0.0,31.70000648498535,32.0,18,2020,9,26
0.0,0.0,37.0,18,2020,9,26
0.0,0.0,38.0,18,2020,9,26
0.0,28.799999237060547,39.0,18,2020,9,26
0.0,44.29998779296875,44.0,18,2020,9,26
0.0,4.899999618530273,5.0,19,2020,9,26
0.0,0.0,9.0,19,2020,9,26
0.0,0.0,11.0,19,2020,9,26
0.0,0.0,13.0,19,2020,9,26
0.0,8.5,25.0,19,2020,9,26
0.0,0.0,29.0,19,2020,9,26
0.0,7.800000190734863,30.0,19,2020,9,26
0.0,0.0,32.0,19,2020,9,26
0.0,0.0,37.0,19,2020,9,26
0.0,0.0,38.0,19,2020,9,26
0.0,5.900000095367432,39.0,19,2020,9,26
0.0,25.89999771118164,44.0,19,2020,9,26
0.0,0.0,5.0,20,2020,9,26
0.0,0.0,9.0,20,2020,9,26
0.0,0.0,11.0,20,2020,9,26
0.0,0.0,13.0,20,2020,9,26
0.0,3.200000286102295,25.0,20,2020,9,26
0.0,2.299999713897705,29.0,20,2020,9,26
0.0,3.799999952316284,30.0,20,2020,9,26
0.0,12.59999942779541,32.0,20,2020,9,26
0.0,9.0,37.0,20,2020,9,26
0.0,0.0,38.0,20,2020,9,26
0.0,13.500001907348633,39.0,20,2020,9,26
0.0,47.199989318847656,44.0,20,2020,9,26
0.0,0.0,5.0,7,2021,9,26
0.0,11.399998664855955,9.0,7,2021,9,26
0.0900955945253372,17.399999618530273,11.0,7,2021,9,26
0.0168855097144842,12.100000381469728,13.0,7,2021,9,26
0.0,0.0,25.0,7,2021,9,26
0.0,14.100000381469728,29.0,7,2021,9,26
0.0,0.2000000029802322,30.0,7,2021,9,26
0.0,0.0,32.0,7,2021,9,26
0.0,0.0,37.0,7,2021,9,26
0.0,2.4000003337860107,38.0,7,2021,9,26
0.0,0.0,39.0,7,2021,9,26
0.0,0.0,44.0,7,2021,9,26
0.0,0.0,5.0,8,2021,9,26
0.0,0.0,9.0,8,2021,9,26
0.0998283997178077,3.400000095367432,11.0,8,2021,9,26
0.8287367224693298,0.0,13.0,8,2021,9,26
0.0,0.0,25.0,8,2021,9,26
0.0,0.0,29.0,8,2021,9,26
0.0,0.0,30.0,8,2021,9,26
0.0,0.0,32.0,8,2021,9,26
0.0,0.0,37.0,8,2021,9,26
0.0,0.0,38.0,8,2021,9,26
0.0,0.0,39.0,8,2021,9,26
0.0,0.0,44.0,8,2021,9,26
0.0,0.0,5.0,9,2021,9,26
0.0,0.0,9.0,9,2021,9,26
0.0,0.0,11.0,9,2021,9,26
0.0,0.0,13.0,9,2021,9,26
0.0,0.0,25.0,9,2021,9,26
0.0,0.0,29.0,9,2021,9,26
0.0,0.0,30.0,9,2021,9,26
0.0,0.0,32.0,9,2021,9,26
0.0,0.0,37.0,9,2021,9,26
0.0,0.0,38.0,9,2021,9,26
0.0,0.0,39.0,9,2021,9,26
0.0,3.1000001430511475,44.0,9,2021,9,26
0.0,0.0,5.0,10,2021,9,26
0.0,0.0,9.0,10,2021,9,26
0.0,0.0,11.0,10,2021,9,26
0.0,0.0,13.0,10,2021,9,26
0.0,0.0,25.0,10,2021,9,26
0.0,0.0,29.0,10,2021,9,26
0.0,0.0,30.0,10,2021,9,26
0.0,0.0,32.0,10,2021,9,26
0.0,0.0,37.0,10,2021,9,26
0.0,0.0,38.0,10,2021,9,26
0.0,0.0,39.0,10,2021,9,26
0.0,0.0,44.0,10,2021,9,26
0.0,0.0,5.0,11,2021,9,26
0.0,0.0,9.0,11,2021,9,26
0.0,0.0,11.0,11,2021,9,26
0.0,0.0,13.0,11,2021,9,26
0.0,0.0,25.0,11,2021,9,26
0.0,0.0,29.0,11,2021,9,26
0.0,0.0,30.0,11,2021,9,26
0.0,0.0,32.0,11,2021,9,26
0.0,0.0,37.0,11,2021,9,26
0.0,0.0,38.0,11,2021,9,26
0.0,0.0,39.0,11,2021,9,26
0.0,0.0,44.0,11,2021,9,26
0.0,0.0,5.0,12,2021,9,26
0.0,0.0,9.0,12,2021,9,26
0.0,0.0,11.0,12,2021,9,26
0.0,0.0,13.0,12,2021,9,26
0.0,0.0,25.0,12,2021,9,26
0.0,0.0,29.0,12,2021,9,26
0.0,0.0,30.0,12,2021,9,26
0.0,0.0,32.0,12,2021,9,26
0.0,0.0,37.0,12,2021,9,26
0.0,0.0,38.0,12,2021,9,26
0.0,0.0,39.0,12,2021,9,26
0.0,0.0,44.0,12,2021,9,26
0.0,0.0,5.0,13,2021,9,26
0.0,0.0,9.0,13,2021,9,26
0.0,0.0,11.0,13,2021,9,26
0.0,0.0,13.0,13,2021,9,26
0.0,0.0,25.0,13,2021,9,26
0.0,0.0,29.0,13,2021,9,26
0.0,0.0,30.0,13,2021,9,26
0.0,0.0,32.0,13,2021,9,26
0.0,0.0,37.0,13,2021,9,26
0.0,0.0,38.0,13,2021,9,26
0.0,0.0,39.0,13,2021,9,26
0.0,0.0,44.0,13,2021,9,26
0.0,0.0,5.0,14,2021,9,26
0.0,0.0,9.0,14,2021,9,26
0.0,0.0,11.0,14,2021,9,26
0.0,2.8000001907348637,13.0,14,2021,9,26
0.0,0.6999999284744263,25.0,14,2021,9,26
0.0,0.0,29.0,14,2021,9,26
0.0,0.9000000953674316,30.0,14,2021,9,26
0.0,34.900001525878906,32.0,14,2021,9,26
0.0,3.200000286102295,37.0,14,2021,9,26
0.0,0.0,38.0,14,2021,9,26
0.0,16.0,39.0,14,2021,9,26
0.0,46.80001068115234,44.0,14,2021,9,26
0.0,1.1999998092651367,5.0,15,2021,9,26
0.0,2.299999713897705,9.0,15,2021,9,26
0.0,6.500000476837158,11.0,15,2021,9,26
0.0,7.5,13.0,15,2021,9,26
0.0,2.4000003337860107,25.0,15,2021,9,26
0.0,2.299999713897705,29.0,15,2021,9,26
0.0,6.399999141693115,30.0,15,2021,9,26
0.0,39.100006103515625,32.0,15,2021,9,26
0.0,20.89999771118164,37.0,15,2021,9,26
0.0,7.300000190734863,38.0,15,2021,9,26
0.0,18.700000762939453,39.0,15,2021,9,26
0.0,45.59999465942383,44.0,15,2021,9,26
0.0,0.0,5.0,16,2021,9,26
0.0,0.0,9.0,16,2021,9,26
0.0,0.0,11.0,16,2021,9,26
0.0,0.0,13.0,16,2021,9,26
0.0,0.0,25.0,16,2021,9,26
0.0,0.0,29.0,16,2021,9,26
0.0,0.0,30.0,16,2021,9,26
0.0,0.0,32.0,16,2021,9,26
0.0,0.0,37.0,16,2021,9,26
0.0,2.4000003337860107,38.0,16,2021,9,26
0.0,0.0,39.0,16,2021,9,26
0.0,0.0,44.0,16,2021,9,26
0.0,0.0,5.0,17,2021,9,26
0.0,0.0,9.0,17,2021,9,26
0.0,0.0,11.0,17,2021,9,26
0.0,0.0,13.0,17,2021,9,26
0.0,0.0,25.0,17,2021,9,26
0.0,0.0,29.0,17,2021,9,26
0.0,0.0,30.0,17,2021,9,26
0.0,0.0,32.0,17,2021,9,26
0.0,0.0,37.0,17,2021,9,26
0.0,0.0,38.0,17,2021,9,26
0.0,0.0,39.0,17,2021,9,26
0.0,0.0,44.0,17,2021,9,26
0.0,0.0,5.0,18,2021,9,26
0.0,0.0,9.0,18,2021,9,26
0.0,0.0,11.0,18,2021,9,26
0.0,0.0,13.0,18,2021,9,26
0.0,1.7000000476837158,25.0,18,2021,9,26
0.0,0.0,29.0,18,2021,9,26
0.0,1.1000001430511477,30.0,18,2021,9,26
0.0,36.29999923706055,32.0,18,2021,9,26
0.0,5.600000381469727,37.0,18,2021,9,26
0.0,1.8000000715255735,38.0,18,2021,9,26
0.0,14.699999809265137,39.0,18,2021,9,26
0.0,57.19999313354492,44.0,18,2021,9,26
0.0,0.0,5.0,19,2021,9,26
0.0,2.4000003337860107,9.0,19,2021,9,26
0.0,0.0,11.0,19,2021,9,26
0.0,0.0,13.0,19,2021,9,26
0.0,0.0,25.0,19,2021,9,26
0.0,7.700001239776611,29.0,19,2021,9,26
0.0,2.1000001430511475,30.0,19,2021,9,26
0.0,2.299999713897705,32.0,19,2021,9,26
0.0,5.999999523162842,37.0,19,2021,9,26
0.0,7.300000190734863,38.0,19,2021,9,26
0.0,1.999999761581421,39.0,19,2021,9,26
0.0,17.500001907348633,44.0,19,2021,9,26
0.0,0.0,5.0,20,2021,9,26
0.0,0.0,9.0,20,2021,9,26
0.0,0.0,11.0,20,2021,9,26
0.0,0.0,13.0,20,2021,9,26
0.0,0.0,25.0,20,2021,9,26
0.0,0.0,29.0,20,2021,9,26
0.0,0.0,30.0,20,2021,9,26
0.0,2.8000001907348637,32.0,20,2021,9,26
0.0,0.0,37.0,20,2021,9,26
0.0,0.0,38.0,20,2021,9,26
0.0,1.999999761581421,39.0,20,2021,9,26
0.0,16.700000762939453,44.0,20,2021,9,26
0.0,5.100000381469727,5.0,7,2022,9,26
0.0,39.0,9.0,7,2022,9,26
0.0,11.0,11.0,7,2022,9,26
0.0,16.0,13.0,7,2022,9,26
0.0,4.999999523162842,25.0,7,2022,9,26
0.0,7.100000381469727,29.0,7,2022,9,26
0.0,0.9999998807907104,30.0,7,2022,9,26
0.0,9.100001335144045,32.0,7,2022,9,26
0.0,1.999999761581421,37.0,7,2022,9,26
0.0,2.1000001430511475,38.0,7,2022,9,26
0.0,2.999999523162842,39.0,7,2022,9,26
0.0,1.999999761581421,44.0,7,2022,9,26
0.0,0.0,5.0,8,2022,9,26
0.0,0.9999998807907104,9.0,8,2022,9,26
0.0,0.0,11.0,8,2022,9,26
0.0,0.3000000715255737,13.0,8,2022,9,26
0.0,4.0,25.0,8,2022,9,26
0.0,0.5,29.0,8,2022,9,26
0.0,0.0,30.0,8,2022,9,26
0.0,0.0,32.0,8,2022,9,26
0.0,0.0,37.0,8,2022,9,26
0.0,8.90000057220459,38.0,8,2022,9,26
0.0,2.1000001430511475,39.0,8,2022,9,26
0.0,0.9999998807907104,44.0,8,2022,9,26
0.0,0.0,5.0,9,2022,9,26
0.0,0.0999999865889549,9.0,9,2022,9,26
0.0,0.0,11.0,9,2022,9,26
0.0,0.0,13.0,9,2022,9,26
0.0,0.0,25.0,9,2022,9,26
0.0,0.0,29.0,9,2022,9,26
0.0,0.0,30.0,9,2022,9,26
0.0,0.0,32.0,9,2022,9,26
0.0,0.0,37.0,9,2022,9,26
0.0,0.0,38.0,9,2022,9,26
0.0,0.0,39.0,9,2022,9,26
0.0,0.0,44.0,9,2022,9,26
0.0,0.0,5.0,10,2022,9,26
0.0,1.999999761581421,9.0,10,2022,9,26
0.0,0.0,11.0,10,2022,9,26
0.0020342834759503,0.5,13.0,10,2022,9,26
0.0,0.0,25.0,10,2022,9,26
0.0,0.0,29.0,10,2022,9,26
0.0,0.0,30.0,10,2022,9,26
0.0,0.0,32.0,10,2022,9,26
0.0,0.0,37.0,10,2022,9,26
0.0,0.0,38.0,10,2022,9,26
0.0,0.0,39.0,10,2022,9,26
0.0,0.0,44.0,10,2022,9,26
0.0,0.0,5.0,11,2022,9,26
0.0,0.0,9.0,11,2022,9,26
0.0,0.0,11.0,11,2022,9,26
0.0,0.0,13.0,11,2022,9,26
0.0,0.5,25.0,11,2022,9,26
0.0,0.0,29.0,11,2022,9,26
0.0,0.0,30.0,11,2022,9,26
0.0,0.0,32.0,11,2022,9,26
0.0,0.0,37.0,11,2022,9,26
0.0,0.0,38.0,11,2022,9,26
0.0,0.0,39.0,11,2022,9,26
0.0,0.0,44.0,11,2022,9,26
0.0,0.0,5.0,12,2022,9,26
0.0,0.0,9.0,12,2022,9,26
0.0,0.0,11.0,12,2022,9,26
0.0,0.2000000029802322,13.0,12,2022,9,26
0.0,0.0,25.0,12,2022,9,26
0.0,0.0,29.0,12,2022,9,26
0.0,0.0,30.0,12,2022,9,26
0.0,0.0,32.0,12,2022,9,26
0.0,0.0,37.0,12,2022,9,26
0.0,0.0,38.0,12,2022,9,26
0.0,0.0,39.0,12,2022,9,26
0.0,0.0,44.0,12,2022,9,26
0.0,0.0,5.0,13,2022,9,26
0.0,0.0,9.0,13,2022,9,26
0.0,0.0,11.0,13,2022,9,26
0.0,0.2000000029802322,13.0,13,2022,9,26
0.0,0.0,25.0,13,2022,9,26
0.0,0.0,29.0,13,2022,9,26
0.0,0.0,30.0,13,2022,9,26
0.0,0.0,32.0,13,2022,9,26
0.0,0.0,37.0,13,2022,9,26
0.0,0.0,38.0,13,2022,9,26
0.0,0.0,39.0,13,2022,9,26
0.0,0.5999999046325684,44.0,13,2022,9,26
0.0,0.0,5.0,14,2022,9,26
0.0,4.999999523162842,9.0,14,2022,9,26
0.0,16.0,11.0,14,2022,9,26
0.0,30.99999237060547,13.0,14,2022,9,26
0.0,4.0,25.0,14,2022,9,26
0.0,0.0,29.0,14,2022,9,26
0.0,1.999999761581421,30.0,14,2022,9,26
0.0,1.999999761581421,32.0,14,2022,9,26
0.0,1.1000001430511477,37.0,14,2022,9,26
0.0,1.999999761581421,38.0,14,2022,9,26
0.0,4.999999523162842,39.0,14,2022,9,26
0.0,40.0,44.0,14,2022,9,26
0.0,0.0,5.0,15,2022,9,26
0.0,0.0,9.0,15,2022,9,26
0.0,0.0,11.0,15,2022,9,26
0.0,0.0,13.0,15,2022,9,26
0.0,0.0,25.0,15,2022,9,26
0.0,0.0,29.0,15,2022,9,26
0.0,0.0,30.0,15,2022,9,26
0.0,0.0,32.0,15,2022,9,26
0.0,0.0,37.0,15,2022,9,26
0.0,0.0,38.0,15,2022,9,26
0.0,0.0,39.0,15,2022,9,26
0.0,0.0,44.0,15,2022,9,26
0.0,0.0,5.0,16,2022,9,26
0.0,0.0,9.0,16,2022,9,26
0.0,0.0,11.0,16,2022,9,26
0.0,0.0,13.0,16,2022,9,26
0.0,0.0,25.0,16,2022,9,26
0.0,0.0,29.0,16,2022,9,26
0.0,0.0,30.0,16,2022,9,26
0.0,0.0,32.0,16,2022,9,26
0.0,0.0,37.0,16,2022,9,26
0.0,0.0,38.0,16,2022,9,26
0.0,0.0,39.0,16,2022,9,26
0.0,0.0,44.0,16,2022,9,26
0.0,0.0,5.0,17,2022,9,26
0.0,0.0,9.0,17,2022,9,26
0.0,0.0,11.0,17,2022,9,26
0.0,0.0,13.0,17,2022,9,26
0.0,0.0,25.0,17,2022,9,26
0.0,0.0,29.0,17,2022,9,26
0.0,0.0,30.0,17,2022,9,26
0.0,0.0,32.0,17,2022,9,26
0.0,0.0,37.0,17,2022,9,26
0.0,0.0,38.0,17,2022,9,26
0.0,0.0,39.0,17,2022,9,26
0.0,0.0,44.0,17,2022,9,26
0.0,0.0,5.0,18,2022,9,26
0.0,0.0,9.0,18,2022,9,26
0.0,0.0,11.0,18,2022,9,26
0.0,0.0,13.0,18,2022,9,26
0.0,0.0,25.0,18,2022,9,26
0.0,0.0,29.0,18,2022,9,26
0.0,0.0,30.0,18,2022,9,26
0.0,0.0,32.0,18,2022,9,26
0.0,0.0,37.0,18,2022,9,26
0.0,0.0,38.0,18,2022,9,26
0.0,0.0,39.0,18,2022,9,26
0.0,0.0,44.0,18,2022,9,26
0.0,0.0,5.0,19,2022,9,26
0.0,0.0,9.0,19,2022,9,26
0.0,0.0,11.0,19,2022,9,26
0.0,0.0,13.0,19,2022,9,26
0.0,0.0,25.0,19,2022,9,26
0.0,0.0,29.0,19,2022,9,26
0.0,0.0,30.0,19,2022,9,26
0.0,0.0,32.0,19,2022,9,26
0.0,0.0,37.0,19,2022,9,26
0.0,0.0,38.0,19,2022,9,26
0.0,0.0,39.0,19,2022,9,26
0.0,0.0,44.0,19,2022,9,26
0.0,0.0,5.0,20,2022,9,26
0.0,0.0,9.0,20,2022,9,26
0.0,0.0,11.0,20,2022,9,26
0.0,0.0,13.0,20,2022,9,26
0.0,0.0,25.0,20,2022,9,26
0.0,0.0,29.0,20,2022,9,26
0.0,0.0,30.0,20,2022,9,26
0.0,0.0,32.0,20,2022,9,26
0.0,0.0,37.0,20,2022,9,26
0.0,0.0,38.0,20,2022,9,26
0.0,0.0,39.0,20,2022,9,26
0.0,0.0,44.0,20,2022,9,26
0.0,0.0,5.0,7,2023,9,26
0.0,0.0,9.0,7,2023,9,26
0.0,0.6999999284744263,11.0,7,2023,9,26
0.0,1.3999998569488523,13.0,7,2023,9,26
0.0,0.0999999865889549,25.0,7,2023,9,26
0.0,0.0,29.0,7,2023,9,26
0.0,0.0,30.0,7,2023,9,26
0.0,0.0,32.0,7,2023,9,26
0.0,0.0,37.0,7,2023,9,26
0.0,0.0,38.0,7,2023,9,26
0.0,0.0,39.0,7,2023,9,26
0.0,0.0,44.0,7,2023,9,26
0.0,0.0,5.0,8,2023,9,26
0.0,0.0,9.0,8,2023,9,26
0.0,0.0,11.0,8,2023,9,26
0.0,0.0,13.0,8,2023,9,26
0.0,0.0,25.0,8,2023,9,26
0.0,0.0,29.0,8,2023,9,26
0.0,0.0,30.0,8,2023,9,26
0.0,0.0,32.0,8,2023,9,26
0.0,0.0,37.0,8,2023,9,26
0.0,0.0,38.0,8,2023,9,26
0.0,0.0,39.0,8,2023,9,26
0.0,0.0,44.0,8,2023,9,26
0.0,0.0,5.0,9,2023,9,26
0.0,0.0,9.0,9,2023,9,26
0.0,4.0,11.0,9,2023,9,26
0.0,0.0,13.0,9,2023,9,26
0.0,0.0,25.0,9,2023,9,26
0.0,0.0,29.0,9,2023,9,26
0.0,0.0,30.0,9,2023,9,26
0.0,0.0,32.0,9,2023,9,26
0.0,0.0,37.0,9,2023,9,26
0.0,0.0,38.0,9,2023,9,26
0.0,0.0,39.0,9,2023,9,26
0.0,0.0,44.0,9,2023,9,26
0.0,0.0,5.0,10,2023,9,26
0.0,8.199999809265137,9.0,10,2023,9,26
0.4621056616306305,24.999998092651367,11.0,10,2023,9,26
0.143922671675682,40.0,13.0,10,2023,9,26
0.0,0.3000000715255737,25.0,10,2023,9,26
0.0,0.0,29.0,10,2023,9,26
0.0,0.0,30.0,10,2023,9,26
0.0,0.0,32.0,10,2023,9,26
0.0,0.0,37.0,10,2023,9,26
0.0,0.0,38.0,10,2023,9,26
0.0,0.0,39.0,10,2023,9,26
0.0,1.999999761581421,44.0,10,2023,9,26
0.0,33.0,5.0,11,2023,9,26
0.0,0.0,9.0,11,2023,9,26
0.2183391600847244,0.9999998807907104,11.0,11,2023,9,26
0.0400258749723434,0.0,13.0,11,2023,9,26
0.0,5.999999523162842,25.0,11,2023,9,26
0.0,1.999999761581421,29.0,11,2023,9,26
0.0,9.0,30.0,11,2023,9,26
0.0,19.0,32.0,11,2023,9,26
0.0,65.99998474121094,37.0,11,2023,9,26
0.0,15.0,38.0,11,2023,9,26
0.0,26.000001907348636,39.0,11,2023,9,26
0.0,0.9999998807907104,44.0,11,2023,9,26
0.0,0.9999998807907104,5.0,12,2023,9,26
0.0,3.400000095367432,9.0,12,2023,9,26
0.0,4.999999523162842,11.0,12,2023,9,26
0.0,0.4000000953674316,13.0,12,2023,9,26
0.0,18.0,25.0,12,2023,9,26
0.0,7.0,29.0,12,2023,9,26
0.0,0.0,30.0,12,2023,9,26
0.0,0.0,32.0,12,2023,9,26
0.0,0.0,37.0,12,2023,9,26
0.0,5.999999523162842,38.0,12,2023,9,26
0.0,0.0,39.0,12,2023,9,26
0.0,4.999999523162842,44.0,12,2023,9,26
0.0,0.0,5.0,13,2023,9,26
0.0,0.0,9.0,13,2023,9,26
0.0,0.0,11.0,13,2023,9,26
0.0,0.9999998807907104,13.0,13,2023,9,26
0.0,0.3000000715255737,25.0,13,2023,9,26
0.0,0.2000000029802322,29.0,13,2023,9,26
0.0,0.0,30.0,13,2023,9,26
0.0,0.0,32.0,13,2023,9,26
0.0,0.0,37.0,13,2023,9,26
0.0,0.0,38.0,13,2023,9,26
0.0,0.0,39.0,13,2023,9,26
0.0,0.9999998807907104,44.0,13,2023,9,26
0.0,0.0,5.0,14,2023,9,26
0.0,0.0,9.0,14,2023,9,26
0.0,0.0,11.0,14,2023,9,26
0.0,0.0,13.0,14,2023,9,26
0.0,0.0,25.0,14,2023,9,26
0.0,0.0,29.0,14,2023,9,26
0.0,0.0,30.0,14,2023,9,26
0.0,0.0,32.0,14,2023,9,26
0.0,0.0,37.0,14,2023,9,26
0.0,0.0,38.0,14,2023,9,26
0.0,0.0,39.0,14,2023,9,26
0.0,0.0,44.0,14,2023,9,26
0.0,0.0,5.0,15,2023,9,26
0.0,0.0,9.0,15,2023,9,26
0.0,0.0,11.0,15,2023,9,26
0.0,0.0,13.0,15,2023,9,26
0.0,0.0,25.0,15,2023,9,26
0.0,0.0,29.0,15,2023,9,26
0.0,0.0,30.0,15,2023,9,26
0.0,0.0,32.0,15,2023,9,26
0.0,0.0,37.0,15,2023,9,26
0.0,0.0,38.0,15,2023,9,26
0.0,0.0,39.0,15,2023,9,26
0.0,1.999999761581421,44.0,15,2023,9,26
0.0,0.0,5.0,16,2023,9,26
0.0,0.0,9.0,16,2023,9,26
0.0,0.0,11.0,16,2023,9,26
0.0,0.0,13.0,16,2023,9,26
0.0,0.0,25.0,16,2023,9,26
0.0,0.0,29.0,16,2023,9,26
0.0,0.0,30.0,16,2023,9,26
0.0,0.0,32.0,16,2023,9,26
0.0,0.0,37.0,16,2023,9,26
0.0,0.0,38.0,16,2023,9,26
0.0,0.0,39.0,16,2023,9,26
0.0,0.0,44.0,16,2023,9,26
0.0,0.0,5.0,17,2023,9,26
0.0,0.0,9.0,17,2023,9,26
0.0,0.0,11.0,17,2023,9,26
0.0,0.0,13.0,17,2023,9,26
0.0,0.0,25.0,17,2023,9,26
0.0,0.0,29.0,17,2023,9,26
0.0,0.0,30.0,17,2023,9,26
0.0,0.0,32.0,17,2023,9,26
0.0,0.0,37.0,17,2023,9,26
0.0,0.0999999865889549,38.0,17,2023,9,26
0.0,0.0,39.0,17,2023,9,26
0.0,0.0,44.0,17,2023,9,26
0.0,0.0,5.0,18,2023,9,26
0.0,0.9999998807907104,9.0,18,2023,9,26
0.0,0.5999999046325684,11.0,18,2023,9,26
0.0,0.0999999865889549,13.0,18,2023,9,26
0.0,0.0,25.0,18,2023,9,26
0.0,0.0,29.0,18,2023,9,26
0.0,0.0,30.0,18,2023,9,26
0.0,0.0,32.0,18,2023,9,26
0.0,0.0,37.0,18,2023,9,26
0.0,0.0,38.0,18,2023,9,26
0.0,0.0,39.0,18,2023,9,26
0.0,0.0,44.0,18,2023,9,26
0.0,0.3000000715255737,5.0,19,2023,9,26
0.0,5.999999523162842,9.0,19,2023,9,26
0.0,9.899999618530272,11.0,19,2023,9,26
0.0,22.899999618530277,13.0,19,2023,9,26
0.0,1.8000000715255735,25.0,19,2023,9,26
0.0,0.800000011920929,29.0,19,2023,9,26
0.0,0.0,30.0,19,2023,9,26
0.0,0.0,32.0,19,2023,9,26
0.0,0.0,37.0,19,2023,9,26
0.0,0.0,38.0,19,2023,9,26
0.0,0.0,39.0,19,2023,9,26
0.0,4.0,44.0,19,2023,9,26
0.0,0.0,5.0,20,2023,9,26
0.0,1.999999761581421,9.0,20,2023,9,26
0.0,0.0,11.0,20,2023,9,26
0.0,0.9999998807907104,13.0,20,2023,9,26
0.0,0.0,25.0,20,2023,9,26
0.0,0.0,29.0,20,2023,9,26
0.0,0.0,30.0,20,2023,9,26
0.0,0.0,32.0,20,2023,9,26
0.0,0.0,37.0,20,2023,9,26
0.0,0.0,38.0,20,2023,9,26
0.0,0.0,39.0,20,2023,9,26
0.0,0.0,44.0,20,2023,9,26
0.0,0.0,5.0,7,2020,9,30
0.0,0.0,9.0,7,2020,9,30
0.0,0.0,11.0,7,2020,9,30
0.0,0.0,13.0,7,2020,9,30
0.0,0.0,25.0,7,2020,9,30
0.0,0.0,29.0,7,2020,9,30
0.0,0.0,30.0,7,2020,9,30
0.0,0.0,32.0,7,2020,9,30
0.0,0.0,37.0,7,2020,9,30
0.0,0.0,38.0,7,2020,9,30
0.0,0.0,39.0,7,2020,9,30
0.0,0.0,44.0,7,2020,9,30
0.0,0.0,5.0,8,2020,9,30
0.0,0.0,9.0,8,2020,9,30
0.0,0.0,11.0,8,2020,9,30
0.0,0.0,13.0,8,2020,9,30
0.0,0.0,25.0,8,2020,9,30
0.0,0.0,29.0,8,2020,9,30
0.0,0.0,30.0,8,2020,9,30
0.0,0.0,32.0,8,2020,9,30
0.0,0.0,37.0,8,2020,9,30
0.0,0.0,38.0,8,2020,9,30
0.0,0.0,39.0,8,2020,9,30
0.0,0.0,44.0,8,2020,9,30
0.0,0.0,5.0,9,2020,9,30
0.0,0.0,9.0,9,2020,9,30
0.0,0.0,11.0,9,2020,9,30
0.0,0.0,13.0,9,2020,9,30
0.0,0.0,25.0,9,2020,9,30
0.0,0.0,29.0,9,2020,9,30
0.0,0.0,30.0,9,2020,9,30
0.0,0.0,32.0,9,2020,9,30
0.0,0.0,37.0,9,2020,9,30
0.0,0.0,38.0,9,2020,9,30
0.0,0.0,39.0,9,2020,9,30
0.0,0.0,44.0,9,2020,9,30
0.0,0.0,5.0,10,2020,9,30
0.0,0.0,9.0,10,2020,9,30
0.0,0.0,11.0,10,2020,9,30
0.0,0.0,13.0,10,2020,9,30
0.0,0.0,25.0,10,2020,9,30
0.0,0.0,29.0,10,2020,9,30
0.0,0.0,30.0,10,2020,9,30
0.0,0.0,32.0,10,2020,9,30
0.0,0.0,37.0,10,2020,9,30
0.0,0.0,38.0,10,2020,9,30
0.0,0.0,39.0,10,2020,9,30
0.0,0.0,44.0,10,2020,9,30
0.0,0.0,5.0,11,2020,9,30
0.0,0.0,9.0,11,2020,9,30
0.0,0.0,11.0,11,2020,9,30
0.0,0.0,13.0,11,2020,9,30
0.0,0.0,25.0,11,2020,9,30
0.0,0.0,29.0,11,2020,9,30
0.0,0.0,30.0,11,2020,9,30
0.0,0.0,32.0,11,2020,9,30
0.0,0.0,37.0,11,2020,9,30
0.0,0.0,38.0,11,2020,9,30
0.0,0.0,39.0,11,2020,9,30
0.0,0.0,44.0,11,2020,9,30
0.0,0.0,5.0,12,2020,9,30
0.0,0.0,9.0,12,2020,9,30
0.0,0.0,11.0,12,2020,9,30
0.0,0.0,13.0,12,2020,9,30
0.0,0.0,25.0,12,2020,9,30
0.0,0.0,29.0,12,2020,9,30
0.0,0.0,30.0,12,2020,9,30
0.0,0.0,32.0,12,2020,9,30
0.0,0.0,37.0,12,2020,9,30
0.0,0.0,38.0,12,2020,9,30
0.0,0.0,39.0,12,2020,9,30
0.0,0.0,44.0,12,2020,9,30
0.0,0.0,5.0,13,2020,9,30
0.0,0.0,9.0,13,2020,9,30
0.0,0.0,11.0,13,2020,9,30
0.0,0.0,13.0,13,2020,9,30
0.0,0.0,25.0,13,2020,9,30
0.0,0.0,29.0,13,2020,9,30
0.0,0.0,30.0,13,2020,9,30
0.0,0.0,32.0,13,2020,9,30
0.0,0.0,37.0,13,2020,9,30
0.0,0.0,38.0,13,2020,9,30
0.0,0.0,39.0,13,2020,9,30
0.0,0.0,44.0,13,2020,9,30
0.0,0.0,5.0,14,2020,9,30
0.0,0.0,9.0,14,2020,9,30
0.0,0.0,11.0,14,2020,9,30
0.0,0.0,13.0,14,2020,9,30
0.0,0.0,25.0,14,2020,9,30
0.0,0.0,29.0,14,2020,9,30
0.0,0.0,30.0,14,2020,9,30
0.0,31.70000648498535,32.0,14,2020,9,30
0.0,0.0,37.0,14,2020,9,30
0.0,0.0,38.0,14,2020,9,30
0.0,28.799999237060547,39.0,14,2020,9,30
0.0,44.29998779296875,44.0,14,2020,9,30
0.0,4.899999618530273,5.0,15,2020,9,30
0.0,0.0,9.0,15,2020,9,30
0.0,0.0,11.0,15,2020,9,30
0.0,0.0,13.0,15,2020,9,30
0.0,8.5,25.0,15,2020,9,30
0.0,0.0,29.0,15,2020,9,30
0.0,7.800000190734863,30.0,15,2020,9,30
0.0,0.0,32.0,15,2020,9,30
0.0,0.0,37.0,15,2020,9,30
0.0,0.0,38.0,15,2020,9,30
0.0,5.900000095367432,39.0,15,2020,9,30
0.0,25.89999771118164,44.0,15,2020,9,30
0.0,0.0,5.0,16,2020,9,30
0.0,0.0,9.0,16,2020,9,30
0.0,0.0,11.0,16,2020,9,30
0.0,0.0,13.0,16,2020,9,30
0.0,3.200000286102295,25.0,16,2020,9,30
0.0,2.299999713897705,29.0,16,2020,9,30
0.0,3.799999952316284,30.0,16,2020,9,30
0.0,12.59999942779541,32.0,16,2020,9,30
0.0,9.0,37.0,16,2020,9,30
0.0,0.0,38.0,16,2020,9,30
0.0,13.500001907348633,39.0,16,2020,9,30
0.0,47.199989318847656,44.0,16,2020,9,30
0.0,0.0,5.0,17,2020,9,30
0.0,0.0,9.0,17,2020,9,30
0.0,0.0,11.0,17,2020,9,30
0.0,0.0,13.0,17,2020,9,30
0.0,0.0,25.0,17,2020,9,30
0.0,0.2000000029802322,29.0,17,2020,9,30
0.0,0.0,30.0,17,2020,9,30
0.0,0.0,32.0,17,2020,9,30
0.0,0.0,37.0,17,2020,9,30
0.0,0.0,38.0,17,2020,9,30
0.0,0.0,39.0,17,2020,9,30
0.0,3.400000095367432,44.0,17,2020,9,30
0.0,0.0,5.0,18,2020,9,30
0.0,0.0,9.0,18,2020,9,30
0.0,0.0,11.0,18,2020,9,30
0.0,0.0,13.0,18,2020,9,30
0.0,0.0,25.0,18,2020,9,30
0.0,0.0,29.0,18,2020,9,30
0.0,0.0,30.0,18,2020,9,30
0.0,0.0,32.0,18,2020,9,30
0.0,0.0,37.0,18,2020,9,30
0.0,0.0,38.0,18,2020,9,30
0.0,0.0,39.0,18,2020,9,30
0.0,1.3999998569488523,44.0,18,2020,9,30
0.0,1.3999998569488523,5.0,19,2020,9,30
0.0,2.8000001907348637,9.0,19,2020,9,30
0.0,0.0,11.0,19,2020,9,30
0.0,2.299999713897705,13.0,19,2020,9,30
0.0,3.5000007152557373,25.0,19,2020,9,30
0.0,4.700000286102295,29.0,19,2020,9,30
0.0,0.800000011920929,30.0,19,2020,9,30
0.0,2.500000238418579,32.0,19,2020,9,30
0.0,0.9000000953674316,37.0,19,2020,9,30
0.0,2.299999713897705,38.0,19,2020,9,30
0.0,0.5999999046325684,39.0,19,2020,9,30
0.0,12.300000190734863,44.0,19,2020,9,30
0.0,2.8000001907348637,5.0,20,2020,9,30
0.0,0.0,9.0,20,2020,9,30
0.0,0.0,11.0,20,2020,9,30
0.0,2.1000001430511475,13.0,20,2020,9,30
0.0,3.1000001430511475,25.0,20,2020,9,30
0.0,7.1999993324279785,29.0,20,2020,9,30
0.0,0.3000000715255737,30.0,20,2020,9,30
0.0,0.9000000953674316,32.0,20,2020,9,30
0.0,0.800000011920929,37.0,20,2020,9,30
0.0,0.800000011920929,38.0,20,2020,9,30
0.0,0.0999999865889549,39.0,20,2020,9,30
0.0,0.0,44.0,20,2020,9,30
0.0,0.0,5.0,7,2021,9,30
0.0,0.0,9.0,7,2021,9,30
0.0,0.0,11.0,7,2021,9,30
0.0,0.0,13.0,7,2021,9,30
0.0,0.0,25.0,7,2021,9,30
0.0,0.0,29.0,7,2021,9,30
0.0,0.0,30.0,7,2021,9,30
0.0,0.0,32.0,7,2021,9,30
0.0,0.0,37.0,7,2021,9,30
0.0,0.0,38.0,7,2021,9,30
0.0,0.0,39.0,7,2021,9,30
0.0,0.0,44.0,7,2021,9,30
0.0,0.0,5.0,8,2021,9,30
0.0,0.0,9.0,8,2021,9,30
0.0,0.0,11.0,8,2021,9,30
0.0,0.0,13.0,8,2021,9,30
0.0,0.0,25.0,8,2021,9,30
0.0,0.0,29.0,8,2021,9,30
0.0,0.0,30.0,8,2021,9,30
0.0,0.0,32.0,8,2021,9,30
0.0,0.0,37.0,8,2021,9,30
0.0,0.0,38.0,8,2021,9,30
0.0,0.0,39.0,8,2021,9,30
0.0,0.0,44.0,8,2021,9,30
0.0,0.0,5.0,9,2021,9,30
0.0,0.0,9.0,9,2021,9,30
0.0,0.0,11.0,9,2021,9,30
0.0,0.0,13.0,9,2021,9,30
0.0,0.0,25.0,9,2021,9,30
0.0,0.0,29.0,9,2021,9,30
0.0,0.0,30.0,9,2021,9,30
0.0,0.0,32.0,9,2021,9,30
0.0,0.0,37.0,9,2021,9,30
0.0,0.0,38.0,9,2021,9,30
0.0,0.0,39.0,9,2021,9,30
0.0,0.0,44.0,9,2021,9,30
0.0,0.0,5.0,10,2021,9,30
0.0,0.0,9.0,10,2021,9,30
0.0,0.0,11.0,10,2021,9,30
0.0,2.8000001907348637,13.0,10,2021,9,30
0.0,0.6999999284744263,25.0,10,2021,9,30
0.0,0.0,29.0,10,2021,9,30
0.0,0.9000000953674316,30.0,10,2021,9,30
0.0,34.900001525878906,32.0,10,2021,9,30
0.0,3.200000286102295,37.0,10,2021,9,30
0.0,0.0,38.0,10,2021,9,30
0.0,16.0,39.0,10,2021,9,30
0.0,46.80001068115234,44.0,10,2021,9,30
0.0,1.1999998092651367,5.0,11,2021,9,30
0.0,2.299999713897705,9.0,11,2021,9,30
0.0,6.500000476837158,11.0,11,2021,9,30
0.0,7.5,13.0,11,2021,9,30
0.0,2.4000003337860107,25.0,11,2021,9,30
0.0,2.299999713897705,29.0,11,2021,9,30
0.0,6.399999141693115,30.0,11,2021,9,30
0.0,39.100006103515625,32.0,11,2021,9,30
0.0,20.89999771118164,37.0,11,2021,9,30
0.0,7.300000190734863,38.0,11,2021,9,30
0.0,18.700000762939453,39.0,11,2021,9,30
0.0,45.59999465942383,44.0,11,2021,9,30
0.0,0.0,5.0,12,2021,9,30
0.0,0.0,9.0,12,2021,9,30
0.0,0.0,11.0,12,2021,9,30
0.0,0.0,13.0,12,2021,9,30
0.0,0.0,25.0,12,2021,9,30
0.0,0.0,29.0,12,2021,9,30
0.0,0.0,30.0,12,2021,9,30
0.0,0.0,32.0,12,2021,9,30
0.0,0.0,37.0,12,2021,9,30
0.0,2.4000003337860107,38.0,12,2021,9,30
0.0,0.0,39.0,12,2021,9,30
0.0,0.0,44.0,12,2021,9,30
0.0,0.0,5.0,13,2021,9,30
0.0,0.0,9.0,13,2021,9,30
0.0,0.0,11.0,13,2021,9,30
0.0,0.0,13.0,13,2021,9,30
0.0,0.0,25.0,13,2021,9,30
0.0,0.0,29.0,13,2021,9,30
0.0,0.0,30.0,13,2021,9,30
0.0,0.0,32.0,13,2021,9,30
0.0,0.0,37.0,13,2021,9,30
0.0,0.0,38.0,13,2021,9,30
0.0,0.0,39.0,13,2021,9,30
0.0,0.0,44.0,13,2021,9,30
0.0,0.0,5.0,14,2021,9,30
0.0,0.0,9.0,14,2021,9,30
0.0,0.0,11.0,14,2021,9,30
0.0,0.0,13.0,14,2021,9,30
0.0,1.7000000476837158,25.0,14,2021,9,30
0.0,0.0,29.0,14,2021,9,30
0.0,1.1000001430511477,30.0,14,2021,9,30
0.0,36.29999923706055,32.0,14,2021,9,30
0.0,5.600000381469727,37.0,14,2021,9,30
0.0,1.8000000715255735,38.0,14,2021,9,30
0.0,14.699999809265137,39.0,14,2021,9,30
0.0,57.19999313354492,44.0,14,2021,9,30
0.0,0.0,5.0,15,2021,9,30
0.0,2.4000003337860107,9.0,15,2021,9,30
0.0,0.0,11.0,15,2021,9,30
0.0,0.0,13.0,15,2021,9,30
0.0,0.0,25.0,15,2021,9,30
0.0,7.700001239776611,29.0,15,2021,9,30
0.0,2.1000001430511475,30.0,15,2021,9,30
0.0,2.299999713897705,32.0,15,2021,9,30
0.0,5.999999523162842,37.0,15,2021,9,30
0.0,7.300000190734863,38.0,15,2021,9,30
0.0,1.999999761581421,39.0,15,2021,9,30
0.0,17.500001907348633,44.0,15,2021,9,30
0.0,0.0,5.0,16,2021,9,30
0.0,0.0,9.0,16,2021,9,30
0.0,0.0,11.0,16,2021,9,30
0.0,0.0,13.0,16,2021,9,30
0.0,0.0,25.0,16,2021,9,30
0.0,0.0,29.0,16,2021,9,30
0.0,0.0,30.0,16,2021,9,30
0.0,2.8000001907348637,32.0,16,2021,9,30
0.0,0.0,37.0,16,2021,9,30
0.0,0.0,38.0,16,2021,9,30
0.0,1.999999761581421,39.0,16,2021,9,30
0.0,16.700000762939453,44.0,16,2021,9,30
0.0,0.0,5.0,17,2021,9,30
0.0,0.0,9.0,17,2021,9,30
0.0,0.0,11.0,17,2021,9,30
0.0,0.0,13.0,17,2021,9,30
0.0,0.0,25.0,17,2021,9,30
0.0,0.0,29.0,17,2021,9,30
0.0,0.0,30.0,17,2021,9,30
0.0,0.0,32.0,17,2021,9,30
0.0,0.0,37.0,17,2021,9,30
0.0,0.0,38.0,17,2021,9,30
0.0,0.0,39.0,17,2021,9,30
0.0,0.0,44.0,17,2021,9,30
0.0,0.0,5.0,18,2021,9,30
0.0,0.0,9.0,18,2021,9,30
0.0,0.0,11.0,18,2021,9,30
0.0,0.0,13.0,18,2021,9,30
0.0,0.0,25.0,18,2021,9,30
0.0,0.0,29.0,18,2021,9,30
0.0,0.0,30.0,18,2021,9,30
0.0,0.4000000953674316,32.0,18,2021,9,30
0.0,0.0,37.0,18,2021,9,30
0.0,0.0,38.0,18,2021,9,30
0.0,0.0,39.0,18,2021,9,30
0.0,4.0,44.0,18,2021,9,30
0.0,0.0,5.0,19,2021,9,30
0.0,0.0,9.0,19,2021,9,30
0.0,0.0,11.0,19,2021,9,30
0.0,0.0,13.0,19,2021,9,30
0.0,0.0,25.0,19,2021,9,30
0.0,0.0,29.0,19,2021,9,30
0.0,0.0,30.0,19,2021,9,30
0.0,0.0,32.0,19,2021,9,30
0.0,0.0,37.0,19,2021,9,30
0.0,0.0,38.0,19,2021,9,30
0.0,0.0,39.0,19,2021,9,30
0.0,0.0,44.0,19,2021,9,30
0.0,0.0,5.0,20,2021,9,30
0.0,0.0,9.0,20,2021,9,30
0.0,0.0,11.0,20,2021,9,30
0.0,0.0,13.0,20,2021,9,30
0.0,0.0,25.0,20,2021,9,30
0.0,0.0,29.0,20,2021,9,30
0.0,0.0,30.0,20,2021,9,30
0.0,0.0,32.0,20,2021,9,30
0.0,0.0,37.0,20,2021,9,30
0.0,0.0,38.0,20,2021,9,30
0.0,0.0,39.0,20,2021,9,30
0.0,0.0,44.0,20,2021,9,30
0.0,0.0,5.0,7,2022,9,30
0.0,0.0,9.0,7,2022,9,30
0.0,0.0,11.0,7,2022,9,30
0.0,0.0,13.0,7,2022,9,30
0.0,0.5,25.0,7,2022,9,30
0.0,0.0,29.0,7,2022,9,30
0.0,0.0,30.0,7,2022,9,30
0.0,0.0,32.0,7,2022,9,30
0.0,0.0,37.0,7,2022,9,30
0.0,0.0,38.0,7,2022,9,30
0.0,0.0,39.0,7,2022,9,30
0.0,0.0,44.0,7,2022,9,30
0.0,0.0,5.0,8,2022,9,30
0.0,0.0,9.0,8,2022,9,30
0.0,0.0,11.0,8,2022,9,30
0.0,0.2000000029802322,13.0,8,2022,9,30
0.0,0.0,25.0,8,2022,9,30
0.0,0.0,29.0,8,2022,9,30
0.0,0.0,30.0,8,2022,9,30
0.0,0.0,32.0,8,2022,9,30
0.0,0.0,37.0,8,2022,9,30
0.0,0.0,38.0,8,2022,9,30
0.0,0.0,39.0,8,2022,9,30
0.0,0.0,44.0,8,2022,9,30
0.0,0.0,5.0,9,2022,9,30
0.0,0.0,9.0,9,2022,9,30
0.0,0.0,11.0,9,2022,9,30
0.0,0.2000000029802322,13.0,9,2022,9,30
0.0,0.0,25.0,9,2022,9,30
0.0,0.0,29.0,9,2022,9,30
0.0,0.0,30.0,9,2022,9,30
0.0,0.0,32.0,9,2022,9,30
0.0,0.0,37.0,9,2022,9,30
0.0,0.0,38.0,9,2022,9,30
0.0,0.0,39.0,9,2022,9,30
0.0,0.5999999046325684,44.0,9,2022,9,30
0.0,0.0,5.0,10,2022,9,30
0.0,4.999999523162842,9.0,10,2022,9,30
0.0,16.0,11.0,10,2022,9,30
0.0,30.99999237060547,13.0,10,2022,9,30
0.0,4.0,25.0,10,2022,9,30
0.0,0.0,29.0,10,2022,9,30
0.0,1.999999761581421,30.0,10,2022,9,30
0.0,1.999999761581421,32.0,10,2022,9,30
0.0,1.1000001430511477,37.0,10,2022,9,30
0.0,1.999999761581421,38.0,10,2022,9,30
0.0,4.999999523162842,39.0,10,2022,9,30
0.0,40.0,44.0,10,2022,9,30
0.0,0.0,5.0,11,2022,9,30
0.0,0.0,9.0,11,2022,9,30
0.0,0.0,11.0,11,2022,9,30
0.0,0.0,13.0,11,2022,9,30
0.0,0.0,25.0,11,2022,9,30
0.0,0.0,29.0,11,2022,9,30
0.0,0.0,30.0,11,2022,9,30
0.0,0.0,32.0,11,2022,9,30
0.0,0.0,37.0,11,2022,9,30
0.0,0.0,38.0,11,2022,9,30
0.0,0.0,39.0,11,2022,9,30
0.0,0.0,44.0,11,2022,9,30
0.0,0.0,5.0,12,2022,9,30
0.0,0.0,9.0,12,2022,9,30
0.0,0.0,11.0,12,2022,9,30
0.0,0.0,13.0,12,2022,9,30
0.0,0.0,25.0,12,2022,9,30
0.0,0.0,29.0,12,2022,9,30
0.0,0.0,30.0,12,2022,9,30
0.0,0.0,32.0,12,2022,9,30
0.0,0.0,37.0,12,2022,9,30
0.0,0.0,38.0,12,2022,9,30
0.0,0.0,39.0,12,2022,9,30
0.0,0.0,44.0,12,2022,9,30
0.0,0.0,5.0,13,2022,9,30
0.0,0.0,9.0,13,2022,9,30
0.0,0.0,11.0,13,2022,9,30
0.0,0.0,13.0,13,2022,9,30
0.0,0.0,25.0,13,2022,9,30
0.0,0.0,29.0,13,2022,9,30
0.0,0.0,30.0,13,2022,9,30
0.0,0.0,32.0,13,2022,9,30
0.0,0.0,37.0,13,2022,9,30
0.0,0.0,38.0,13,2022,9,30
0.0,0.0,39.0,13,2022,9,30
0.0,0.0,44.0,13,2022,9,30
0.0,0.0,5.0,14,2022,9,30
0.0,0.0,9.0,14,2022,9,30
0.0,0.0,11.0,14,2022,9,30
0.0,0.0,13.0,14,2022,9,30
0.0,0.0,25.0,14,2022,9,30
0.0,0.0,29.0,14,2022,9,30
0.0,0.0,30.0,14,2022,9,30
0.0,0.0,32.0,14,2022,9,30
0.0,0.0,37.0,14,2022,9,30
0.0,0.0,38.0,14,2022,9,30
0.0,0.0,39.0,14,2022,9,30
0.0,0.0,44.0,14,2022,9,30
0.0,0.0,5.0,15,2022,9,30
0.0,0.0,9.0,15,2022,9,30
0.0,0.0,11.0,15,2022,9,30
0.0,0.0,13.0,15,2022,9,30
0.0,0.0,25.0,15,2022,9,30
0.0,0.0,29.0,15,2022,9,30
0.0,0.0,30.0,15,2022,9,30
0.0,0.0,32.0,15,2022,9,30
0.0,0.0,37.0,15,2022,9,30
0.0,0.0,38.0,15,2022,9,30
0.0,0.0,39.0,15,2022,9,30
0.0,0.0,44.0,15,2022,9,30
0.0,0.0,5.0,16,2022,9,30
0.0,0.0,9.0,16,2022,9,30
0.0,0.0,11.0,16,2022,9,30
0.0,0.0,13.0,16,2022,9,30
0.0,0.0,25.0,16,2022,9,30
0.0,0.0,29.0,16,2022,9,30
0.0,0.0,30.0,16,2022,9,30
0.0,0.0,32.0,16,2022,9,30
0.0,0.0,37.0,16,2022,9,30
0.0,0.0,38.0,16,2022,9,30
0.0,0.0,39.0,16,2022,9,30
0.0,0.0,44.0,16,2022,9,30
0.0,0.0,5.0,17,2022,9,30
0.0,0.0,9.0,17,2022,9,30
0.0,0.0,11.0,17,2022,9,30
0.0,0.0,13.0,17,2022,9,30
0.0,0.0,25.0,17,2022,9,30
0.0,0.0,29.0,17,2022,9,30
0.0,0.0,30.0,17,2022,9,30
0.0,0.0,32.0,17,2022,9,30
0.0,0.0,37.0,17,2022,9,30
0.0,0.0,38.0,17,2022,9,30
0.0,0.0,39.0,17,2022,9,30
0.0,0.0,44.0,17,2022,9,30
0.0,0.0,5.0,18,2022,9,30
0.0,0.0,9.0,18,2022,9,30
0.0,0.0,11.0,18,2022,9,30
0.0,0.0,13.0,18,2022,9,30
0.0,0.0,25.0,18,2022,9,30
0.0,0.0,29.0,18,2022,9,30
0.0,0.0,30.0,18,2022,9,30
0.0,0.0,32.0,18,2022,9,30
0.0,0.0,37.0,18,2022,9,30
0.0,0.0,38.0,18,2022,9,30
0.0,0.0,39.0,18,2022,9,30
0.0,0.0,44.0,18,2022,9,30
0.0,0.0,5.0,19,2022,9,30
0.0,0.0,9.0,19,2022,9,30
0.0,0.0,11.0,19,2022,9,30
0.0,0.0,13.0,19,2022,9,30
0.0,0.0,25.0,19,2022,9,30
0.0,0.0,29.0,19,2022,9,30
0.0,0.0,30.0,19,2022,9,30
0.0,0.0,32.0,19,2022,9,30
0.0,0.0,37.0,19,2022,9,30
0.0,0.0,38.0,19,2022,9,30
0.0,0.0,39.0,19,2022,9,30
0.0,0.0,44.0,19,2022,9,30
0.0,0.9999998807907104,5.0,20,2022,9,30
0.0,0.0,9.0,20,2022,9,30
0.0,0.0,11.0,20,2022,9,30
0.0,0.800000011920929,13.0,20,2022,9,30
0.0,0.0,25.0,20,2022,9,30
0.0,0.0,29.0,20,2022,9,30
0.0,0.0,30.0,20,2022,9,30
0.0,2.999999523162842,32.0,20,2022,9,30
0.0,0.0,37.0,20,2022,9,30
0.0,0.0,38.0,20,2022,9,30
0.0,0.9999998807907104,39.0,20,2022,9,30
0.0,2.6999998092651367,44.0,20,2022,9,30
0.0,33.0,5.0,7,2023,9,30
0.0,0.0,9.0,7,2023,9,30
0.1180344298481941,0.9999998807907104,11.0,7,2023,9,30
0.0,0.0,13.0,7,2023,9,30
0.0,5.999999523162842,25.0,7,2023,9,30
0.0,1.999999761581421,29.0,7,2023,9,30
0.0,9.0,30.0,7,2023,9,30
0.0,19.0,32.0,7,2023,9,30
0.0,65.99998474121094,37.0,7,2023,9,30
0.0,15.0,38.0,7,2023,9,30
0.0,26.000001907348636,39.0,7,2023,9,30
0.0,0.9999998807907104,44.0,7,2023,9,30
0.0,0.9999998807907104,5.0,8,2023,9,30
0.0,3.400000095367432,9.0,8,2023,9,30
0.1579357534646988,4.999999523162842,11.0,8,2023,9,30
0.2038226127624511,0.4000000953674316,13.0,8,2023,9,30
0.0,18.0,25.0,8,2023,9,30
0.0,7.0,29.0,8,2023,9,30
0.0,0.0,30.0,8,2023,9,30
0.0,0.0,32.0,8,2023,9,30
0.0,0.0,37.0,8,2023,9,30
0.0,5.999999523162842,38.0,8,2023,9,30
0.0,0.0,39.0,8,2023,9,30
0.0,4.999999523162842,44.0,8,2023,9,30
0.0,0.0,5.0,9,2023,9,30
0.0,0.0,9.0,9,2023,9,30
0.0,0.0,11.0,9,2023,9,30
0.0,0.9999998807907104,13.0,9,2023,9,30
0.0,0.3000000715255737,25.0,9,2023,9,30
0.0,0.2000000029802322,29.0,9,2023,9,30
0.0,0.0,30.0,9,2023,9,30
0.0,0.0,32.0,9,2023,9,30
0.0,0.0,37.0,9,2023,9,30
0.0,0.0,38.0,9,2023,9,30
0.0,0.0,39.0,9,2023,9,30
0.0,0.9999998807907104,44.0,9,2023,9,30
0.0,0.0,5.0,10,2023,9,30
0.0,0.0,9.0,10,2023,9,30
0.0,0.0,11.0,10,2023,9,30
0.0,0.0,13.0,10,2023,9,30
0.0,0.0,25.0,10,2023,9,30
0.0,0.0,29.0,10,2023,9,30
0.0,0.0,30.0,10,2023,9,30
0.0,0.0,32.0,10,2023,9,30
0.0,0.0,37.0,10,2023,9,30
0.0,0.0,38.0,10,2023,9,30
0.0,0.0,39.0,10,2023,9,30
0.0,0.0,44.0,10,2023,9,30
0.0,0.0,5.0,11,2023,9,30
0.0,0.0,9.0,11,2023,9,30
0.0,0.0,11.0,11,2023,9,30
0.0,0.0,13.0,11,2023,9,30
0.0,0.0,25.0,11,2023,9,30
0.0,0.0,29.0,11,2023,9,30
0.0,0.0,30.0,11,2023,9,30
0.0,0.0,32.0,11,2023,9,30
0.0,0.0,37.0,11,2023,9,30
0.0,0.0,38.0,11,2023,9,30
0.0,0.0,39.0,11,2023,9,30
0.0,1.999999761581421,44.0,11,2023,9,30
0.0,0.0,5.0,12,2023,9,30
0.0,0.0,9.0,12,2023,9,30
0.0,0.0,11.0,12,2023,9,30
0.0,0.0,13.0,12,2023,9,30
0.0,0.0,25.0,12,2023,9,30
0.0,0.0,29.0,12,2023,9,30
0.0,0.0,30.0,12,2023,9,30
0.0,0.0,32.0,12,2023,9,30
0.0,0.0,37.0,12,2023,9,30
0.0,0.0,38.0,12,2023,9,30
0.0,0.0,39.0,12,2023,9,30
0.0,0.0,44.0,12,2023,9,30
0.0,0.0,5.0,13,2023,9,30
0.0,0.0,9.0,13,2023,9,30
0.0,0.0,11.0,13,2023,9,30
0.0,0.0,13.0,13,2023,9,30
0.0,0.0,25.0,13,2023,9,30
0.0,0.0,29.0,13,2023,9,30
0.0,0.0,30.0,13,2023,9,30
0.0,0.0,32.0,13,2023,9,30
0.0,0.0,37.0,13,2023,9,30
0.0,0.0999999865889549,38.0,13,2023,9,30
0.0,0.0,39.0,13,2023,9,30
0.0,0.0,44.0,13,2023,9,30
0.0,0.0,5.0,14,2023,9,30
0.0,0.9999998807907104,9.0,14,2023,9,30
0.0,0.5999999046325684,11.0,14,2023,9,30
0.0,0.0999999865889549,13.0,14,2023,9,30
0.0,0.0,25.0,14,2023,9,30
0.0,0.0,29.0,14,2023,9,30
0.0,0.0,30.0,14,2023,9,30
0.0,0.0,32.0,14,2023,9,30
0.0,0.0,37.0,14,2023,9,30
0.0,0.0,38.0,14,2023,9,30
0.0,0.0,39.0,14,2023,9,30
0.0,0.0,44.0,14,2023,9,30
0.0,0.3000000715255737,5.0,15,2023,9,30
0.0,5.999999523162842,9.0,15,2023,9,30
0.0,9.899999618530272,11.0,15,2023,9,30
0.0,22.899999618530277,13.0,15,2023,9,30
0.0,1.8000000715255735,25.0,15,2023,9,30
0.0,0.800000011920929,29.0,15,2023,9,30
0.0,0.0,30.0,15,2023,9,30
0.0,0.0,32.0,15,2023,9,30
0.0,0.0,37.0,15,2023,9,30
0.0,0.0,38.0,15,2023,9,30
0.0,0.0,39.0,15,2023,9,30
0.0,4.0,44.0,15,2023,9,30
0.0,0.0,5.0,16,2023,9,30
0.0,1.999999761581421,9.0,16,2023,9,30
0.0,0.0,11.0,16,2023,9,30
0.0,0.9999998807907104,13.0,16,2023,9,30
0.0,0.0,25.0,16,2023,9,30
0.0,0.0,29.0,16,2023,9,30
0.0,0.0,30.0,16,2023,9,30
0.0,0.0,32.0,16,2023,9,30
0.0,0.0,37.0,16,2023,9,30
0.0,0.0,38.0,16,2023,9,30
0.0,0.0,39.0,16,2023,9,30
0.0,0.0,44.0,16,2023,9,30
0.0,0.0,5.0,17,2023,9,30
0.0,0.0,9.0,17,2023,9,30
0.0,0.0,11.0,17,2023,9,30
0.0,0.0,13.0,17,2023,9,30
0.0,0.0,25.0,17,2023,9,30
0.0,0.0,29.0,17,2023,9,30
0.0,0.0,30.0,17,2023,9,30
0.0,0.0,32.0,17,2023,9,30
0.0,0.0,37.0,17,2023,9,30
0.0,0.0,38.0,17,2023,9,30
0.0,0.0,39.0,17,2023,9,30
0.0,0.0,44.0,17,2023,9,30
0.0,0.0,5.0,18,2023,9,30
0.0,0.0,9.0,18,2023,9,30
0.0,0.0,11.0,18,2023,9,30
0.0,0.0,13.0,18,2023,9,30
0.0,0.0,25.0,18,2023,9,30
0.0,0.0,29.0,18,2023,9,30
0.0,0.0,30.0,18,2023,9,30
0.0,0.0,32.0,18,2023,9,30
0.0,0.0,37.0,18,2023,9,30
0.0,0.0,38.0,18,2023,9,30
0.0,0.0,39.0,18,2023,9,30
0.0,0.0,44.0,18,2023,9,30
0.0,0.0,5.0,19,2023,9,30
0.0,0.0,9.0,19,2023,9,30
0.0,0.0,11.0,19,2023,9,30
0.0,0.0,13.0,19,2023,9,30
0.0,0.0,25.0,19,2023,9,30
0.0,0.0,29.0,19,2023,9,30
0.0,0.0,30.0,19,2023,9,30
0.0,0.0,32.0,19,2023,9,30
0.0,0.0,37.0,19,2023,9,30
0.0,0.0,38.0,19,2023,9,30
0.0,0.0,39.0,19,2023,9,30
0.0,0.0,44.0,19,2023,9,30
0.0,0.0,5.0,20,2023,9,30
0.0,0.0,9.0,20,2023,9,30
0.0,0.0,11.0,20,2023,9,30
0.0,0.0,13.0,20,2023,9,30
0.0,0.0,25.0,20,2023,9,30
0.0,0.0,29.0,20,2023,9,30
0.0,0.0,30.0,20,2023,9,30
0.0,0.0,32.0,20,2023,9,30
0.0,0.0,37.0,20,2023,9,30
0.0,0.0,38.0,20,2023,9,30
0.0,0.0,39.0,20,2023,9,30
0.0,0.0,44.0,20,2023,9,30
