"Prediction","Groundtruth"
"0.47516870498657227","1.1999999284744263"
"24.755155563354492","40.49999237060547"
"35.8148307800293","33.19999694824219"
"33.890411376953125","35.09999465942383"
"5.583138465881348","14.19999885559082"
"8.891332626342773","4.1114343929393726e-8"
"3.276002883911133","4.1114343929393726e-8"
"0.6748135089874268","8.199999809265137"
"4.260752201080322","4.1114343929393726e-8"
"1.8123230934143066","4.1114343929393726e-8"
"0.9364493489265442","6.59999942779541"
"0.5000386834144592","4.1114343929393726e-8"
"0.6508852243423462","15.699999809265137"
"27.426607131958008","4.1114343929393726e-8"
"30.5323429107666","8.899998664855957"
"30.862442016601562","15.999996185302734"
"13.751738548278809","21.60000228881836"
"5.695147514343262","1.1999999284744263"
"1.7659146785736084","0.10000001639127731"
"1.1700726747512817","4.1114343929393726e-8"
"3.0213096141815186","2.6000001430511475"
"0.293363481760025","4.1114343929393726e-8"
"0.13536377251148224","3.799999952316284"
"1.066478967666626","4.1114343929393726e-8"
"0.8387274146080017","4.1114343929393726e-8"
"28.78927230834961","4.1114343929393726e-8"
"12.870877265930176","4.1114343929393726e-8"
"25.181373596191406","4.1114343929393726e-8"
"9.513384819030762","4.1114343929393726e-8"
"2.166217565536499","4.1114343929393726e-8"
"1.5904793739318848","4.1114343929393726e-8"
"0.5692028999328613","4.1114343929393726e-8"
"7.360916614532471","4.1114343929393726e-8"
"1.22056245803833","4.1114343929393726e-8"
"0.3900378942489624","4.1114343929393726e-8"
"0.21795043349266052","4.800000190734863"
"0.417289137840271","4.1114343929393726e-8"
"23.061981201171875","4.1114343929393726e-8"
"19.769189834594727","4.1114343929393726e-8"
"23.152847290039062","4.1114343929393726e-8"
"5.125750541687012","4.1114343929393726e-8"
"3.2883763313293457","4.1114343929393726e-8"
"1.3145954608917236","4.1114343929393726e-8"
"0.244491308927536","4.1114343929393726e-8"
"1.0145199298858643","4.1114343929393726e-8"
"0.3447636067867279","4.1114343929393726e-8"
"0.17630760371685028","4.1114343929393726e-8"
"0.3038897216320038","4.1114343929393726e-8"
"0.23998385667800903","39.100006103515625"
"23.190114974975586","21.200002670288086"
"16.61544418334961","71.90000915527344"
"21.736909866333008","17.799997329711914"
"3.657454013824463","38.20000457763672"
"1.3047456741333008","2.3000001907348633"
"1.0012085437774658","9.899999618530273"
"0.41701462864875793","4.1114343929393726e-8"
"1.9526842832565308","4.1114343929393726e-8"
"0.21956747770309448","4.1114343929393726e-8"
"0.011996470391750336","4.1114343929393726e-8"
"0.29312220215797424","4.1114343929393726e-8"
"0.44148093461990356","4.1114343929393726e-8"
"38.34636306762695","4.1114343929393726e-8"
"24.211162567138672","1.2999999523162842"
"25.564210891723633","4.1114343929393726e-8"
"6.456498146057129","4.1114343929393726e-8"
"2.731255531311035","31.9999942779541"
"3.3079426288604736","4.1114343929393726e-8"
"1.1824264526367188","4.1114343929393726e-8"
"3.5045671463012695","0.800000011920929"
"1.5174460411071777","4.499999523162842"
"0.8977808952331543","0.4000000059604645"
"0.8115687370300293","4.1114343929393726e-8"
"0.9399563670158386","7.90000057220459"
"28.22378158569336","31.499990463256836"
"16.062881469726562","17.399995803833008"
"25.373491287231445","58.80000686645508"
"5.14476203918457","10.000000953674316"
"4.665109634399414","1.100000023841858"
"1.2084304094314575","6.299999237060547"
"0.3701280951499939","2.3000001907348633"
"2.9634525775909424","6.90000057220459"
"0.4113028049468994","4.1114343929393726e-8"
"0.7737098932266235","1.399999976158142"
"0.6955207586288452","4.1114343929393726e-8"
"1.0816502571105957","2.1000001430511475"
"19.70571517944336","3.1999998092651367"
"30.279356002807617","9.899999618530273"
"35.07341003417969","11.600000381469727"
"11.775246620178223","1"
"9.025660514831543","4.1114343929393726e-8"
"5.9511237144470215","1.600000023841858"
"1.1697089672088623","4.1114343929393726e-8"
"2.7293989658355713","4.1114343929393726e-8"
"1.180311918258667","4.1114343929393726e-8"
"1.5954408645629883","4.1114343929393726e-8"
"6.901266098022461","4.1114343929393726e-8"
"0.4369170665740967","4.1114343929393726e-8"
"23.86322784423828","11.799999237060547"
"24.0533447265625","6.90000057220459"
"36.27983474731445","12.399999618530273"
"6.386129379272461","48.69999694824219"
"4.853703022003174","4.1114343929393726e-8"
"5.806548595428467","10.000000953674316"
"2.3209447860717773","4.1114343929393726e-8"
"2.7799363136291504","4.1114343929393726e-8"
"7.194849491119385","4.1114343929393726e-8"
"1.6020772457122803","4.1114343929393726e-8"
"6.124387264251709","4.1114343929393726e-8"
"1.744638204574585","18.299997329711914"
"17.756591796875","15.799997329711914"
"16.440746307373047","4.1114343929393726e-8"
"21.0216007232666","30.299999237060547"
"6.641702175140381","11.69999885559082"
"8.707816123962402","2.9000000953674316"
"3.391047954559326","20.199996948242188"
"0.6714745759963989","4.1114343929393726e-8"
"5.019182205200195","4.1114343929393726e-8"
"3.80192232131958","4.1114343929393726e-8"
"1.3513398170471191","1"
"6.43015193939209","12.999998092651367"
"1.0688947439193726","4.1114343929393726e-8"
"19.611631393432617","0.7000000476837158"
"20.719818115234375","15"
"19.88822364807129","4.400000095367432"
"8.30841064453125","12.100000381469727"
"12.375447273254395","4.1114343929393726e-8"
"2.0188753604888916","4.600000381469727"
"0.8716563582420349","4.1114343929393726e-8"
"3.3421783447265625","4.1114343929393726e-8"
"2.41625714302063","1"
"2.1510562896728516","4.1114343929393726e-8"
"1.2649827003479004","4.1114343929393726e-8"
"1.0349668264389038","4.1114343929393726e-8"
"22.432262420654297","9"
"19.835569381713867","4.1114343929393726e-8"
"17.974702835083008","8.899998664855957"
"18.317089080810547","4.1114343929393726e-8"
"5.358415126800537","4.1114343929393726e-8"
"3.1156246662139893","4.1114343929393726e-8"
"1.4185539484024048","4.1114343929393726e-8"
"2.096470832824707","4.1114343929393726e-8"
"0.798401951789856","4.1114343929393726e-8"
"0.5427714586257935","4.1114343929393726e-8"
"0.2704305052757263","4.1114343929393726e-8"
"1.6703037023544312","4.1114343929393726e-8"
"27.966413497924805","4.1114343929393726e-8"
"31.642425537109375","3.499999523162842"
"22.241653442382812","1.899999976158142"
"15.445817947387695","4.1114343929393726e-8"
"7.726914405822754","4.1114343929393726e-8"
"8.594138145446777","4.1114343929393726e-8"
"2.1273834705352783","4.1114343929393726e-8"
"4.217494010925293","4.1114343929393726e-8"
"4.2301411628723145","4.1114343929393726e-8"
"0.9659318923950195","4.1114343929393726e-8"
"2.9405083656311035","4.1114343929393726e-8"
"2.875877618789673","4.1114343929393726e-8"
"19.307138442993164","5.200000286102295"
"19.160654067993164","4.1114343929393726e-8"
"17.910877227783203","4.1114343929393726e-8"
"6.649848461151123","4.1114343929393726e-8"
"6.030013561248779","4.1114343929393726e-8"
"3.55098819732666","4.1114343929393726e-8"
"1.117204189300537","4.1114343929393726e-8"
"5.489199161529541","4.1114343929393726e-8"
"1.396445631980896","4.1114343929393726e-8"
"1.0324690341949463","4.1114343929393726e-8"
"3.7982218265533447","4.1114343929393726e-8"
"2.338921546936035","1.600000023841858"
"21.937332153320312","1.100000023841858"
"18.625654220581055","0.30000001192092896"
"38.14934539794922","9.599998474121094"
"20.10322380065918","31.69999885559082"
"11.74428653717041","23.199996948242188"
"10.309175491333008","0.30000001192092896"
"1.5867117643356323","4.1114343929393726e-8"
"3.4464821815490723","17.699995040893555"
"9.613945960998535","4.1114343929393726e-8"
"3.3450019359588623","4.1114343929393726e-8"
"14.360501289367676","4.1114343929393726e-8"
"1.9477746486663818","8.80000114440918"
"27.23436737060547","16.999996185302734"
"38.17201232910156","4.1114343929393726e-8"
"36.4366569519043","36.79999542236328"
"21.35125732421875","18.899995803833008"
"13.272743225097656","78.4000015258789"
"3.949030876159668","4.1114343929393726e-8"
"5.155191421508789","4.1114343929393726e-8"
"3.0607988834381104","4.1114343929393726e-8"
"12.740795135498047","35.4999885559082"
"3.3885416984558105","4.1114343929393726e-8"
"8.347991943359375","19.299999237060547"
"3.019070625305176","4.1114343929393726e-8"
"20.86150360107422","4.1114343929393726e-8"
"21.3091983795166","4.1114343929393726e-8"
"25.93795394897461","4.1114343929393726e-8"
"14.477639198303223","4.1114343929393726e-8"
"13.238143920898438","4.1114343929393726e-8"
"3.8542685508728027","1"
"1.7790082693099976","11.499998092651367"
"6.000848293304443","1.7000000476837158"
"7.827487945556641","1.4999998807907104"
"4.433563232421875","4.1114343929393726e-8"
"4.623922824859619","10.599998474121094"
"2.7021193504333496","4.1114343929393726e-8"
"22.132007598876953","4.1114343929393726e-8"
"23.443077087402344","4.1114343929393726e-8"
"27.2159423828125","4.1114343929393726e-8"
"15.277514457702637","4.300000190734863"
"12.578479766845703","4.1114343929393726e-8"
"4.129622459411621","22.299997329711914"
"1.0882083177566528","35.4999885559082"
"2.86881422996521","12.500000953674316"
"5.277838706970215","8.80000114440918"
"1.924125075340271","14.100000381469727"
"3.3949661254882812","74.90000915527344"
"1.6239768266677856","21.699996948242188"
"23.351404190063477","4.1114343929393726e-8"
"28.451757431030273","4.1114343929393726e-8"
"38.64932632446289","3.499999523162842"
"17.369041442871094","10.899999618530273"
"8.049820899963379","25.499998092651367"
"3.5595288276672363","5.200000286102295"
"2.169405698776245","13.19999885559082"
"1.8801273107528687","5.999999523162842"
"2.0287482738494873","1.899999976158142"
"0.6388082504272461","2.6000001430511475"
"2.759368658065796","11.499998092651367"
"5.03375768661499","4.1114343929393726e-8"
"33.91769790649414","4.1114343929393726e-8"
"33.4005012512207","14.799997329711914"
"31.482925415039062","4.400000095367432"
"22.73297882080078","4.1114343929393726e-8"
"13.127584457397461","2.6000001430511475"
"21.578824996948242","4.1114343929393726e-8"
"8.136619567871094","4.1114343929393726e-8"
"7.0554280281066895","4.1114343929393726e-8"
"3.7512552738189697","5.799999713897705"
"5.600099563598633","4.1114343929393726e-8"
"5.522282123565674","4.1114343929393726e-8"
"6.118470191955566","4.1114343929393726e-8"
"26.212940216064453","7.90000057220459"
"25.69550323486328","2.6999998092651367"
"24.774450302124023","7.600000381469727"
"16.618574142456055","1.2999999523162842"
"12.01228141784668","4.1114343929393726e-8"
"19.613096237182617","4.1114343929393726e-8"
"1.9666810035705566","4.1114343929393726e-8"
"7.424252510070801","4.1114343929393726e-8"
"6.5101637840271","4.1114343929393726e-8"
"3.5778677463531494","4.1114343929393726e-8"
"8.306562423706055","4.1114343929393726e-8"
"3.320596933364868","4.1114343929393726e-8"
"18.397628784179688","4.1114343929393726e-8"
"36.19735336303711","4.1114343929393726e-8"
"31.727039337158203","4.1114343929393726e-8"
"15.646013259887695","4.1114343929393726e-8"
"10.270337104797363","4.1114343929393726e-8"
"10.779607772827148","4.1114343929393726e-8"
"3.534470796585083","4.1114343929393726e-8"
"6.2799482345581055","4.1114343929393726e-8"
"10.617969512939453","4.1114343929393726e-8"
"10.585744857788086","4.1114343929393726e-8"
"10.73910903930664","4.1114343929393726e-8"
"2.7786459922790527","4.1114343929393726e-8"
"23.65926742553711","4.1114343929393726e-8"
"36.36580276489258","4.1114343929393726e-8"
"39.87624740600586","1.399999976158142"
"15.431297302246094","4.1114343929393726e-8"
"11.964722633361816","4.1114343929393726e-8"
"8.366495132446289","4.1114343929393726e-8"
"4.175996780395508","4.1114343929393726e-8"
"3.0034871101379395","4.1114343929393726e-8"
"8.549572944641113","4.1114343929393726e-8"
"3.9385411739349365","4.1114343929393726e-8"
"7.648074626922607","4.1114343929393726e-8"
"3.01914119720459","4.1114343929393726e-8"
"19.24544906616211","4.1114343929393726e-8"
"19.15350341796875","4.1114343929393726e-8"
"31.32330894470215","4.1114343929393726e-8"
"10.878986358642578","4.1114343929393726e-8"
"8.209904670715332","4.1114343929393726e-8"
"4.361461639404297","4.1114343929393726e-8"
"2.545456647872925","4.1114343929393726e-8"
"6.616751670837402","4.1114343929393726e-8"
"6.416994571685791","4.1114343929393726e-8"
"2.1373298168182373","4.1114343929393726e-8"
"4.1455864906311035","4.1114343929393726e-8"
"2.7394328117370605","4.1114343929393726e-8"
"23.080036163330078","4.1114343929393726e-8"
"21.833492279052734","4.1114343929393726e-8"
"34.85487365722656","4.1114343929393726e-8"
"11.670595169067383","4.1114343929393726e-8"
"7.316766262054443","4.1114343929393726e-8"
"2.354712724685669","4.1114343929393726e-8"
"0.5640729069709778","4.1114343929393726e-8"
"3.113898992538452","4.1114343929393726e-8"
"1.0681066513061523","4.1114343929393726e-8"
"0.7162771224975586","4.1114343929393726e-8"
"0.5310276746749878","4.1114343929393726e-8"
"0.9674355387687683","4.1114343929393726e-8"
"22.257949829101562","4.1114343929393726e-8"
"9.563878059387207","4.1114343929393726e-8"
"29.08563232421875","4.1114343929393726e-8"
"11.081546783447266","4.1114343929393726e-8"
"3.614144802093506","4.1114343929393726e-8"
"1.2963588237762451","4.1114343929393726e-8"
"0.3747681677341461","4.1114343929393726e-8"
"1.6083544492721558","4.1114343929393726e-8"
"0.04192444309592247","4.1114343929393726e-8"
"0.09619858115911484","4.1114343929393726e-8"
"0.0634179413318634","4.1114343929393726e-8"
"0.4077985882759094","4.1114343929393726e-8"
"20.765789031982422","4.1114343929393726e-8"
"17.35753631591797","4.1114343929393726e-8"
"33.104366302490234","4.1114343929393726e-8"
"10.888721466064453","4.1114343929393726e-8"
"4.058513641357422","4.1114343929393726e-8"
"3.570551633834839","4.1114343929393726e-8"
"1.527726411819458","4.1114343929393726e-8"
"2.651982545852661","4.1114343929393726e-8"
"2.3007049560546875","4.1114343929393726e-8"
"0.5912303328514099","4.1114343929393726e-8"
"0.6326346397399902","4.1114343929393726e-8"
"0.858964741230011","4.1114343929393726e-8"
"12.92622184753418","51.299991607666016"
"11.989706039428711","66.70001983642578"
"17.161230087280273","54.60000228881836"
"5.2027459144592285","4.1114343929393726e-8"
"3.696723461151123","4.1114343929393726e-8"
"1.7177505493164062","19.999996185302734"
"0.20850533246994019","69.30000305175781"
"5.056084156036377","25.099998474121094"
"0.5905331969261169","1.8000000715255737"
"0.2182835340499878","25.399995803833008"
"0.16507819294929504","4.1114343929393726e-8"
"0.30559033155441284","4.1114343929393726e-8"
"13.519952774047852","23"
"22.45456886291504","14.000000953674316"
"34.895355224609375","90"
"4.88895845413208","0.19999997317790985"
"5.704650402069092","0.30000001192092896"
"1.978271722793579","19"
"0.8827160000801086","4.1114343929393726e-8"
"1.4798635244369507","9.099998474121094"
"2.6459715366363525","0.8999999761581421"
"2.9525644779205322","0.30000001192092896"
"2.113402843475342","1"
"0.9862682223320007","16.999996185302734"
"19.054950714111328","8"
"21.632678985595703","24.99999237060547"
"28.3953914642334","15"
"16.599720001220703","19.799997329711914"
"5.2961931228637695","6.69999885559082"
"4.1930012702941895","3"
"3.3819658756256104","2.1000001430511475"
"1.7385191917419434","10.5"
"4.355860233306885","4"
"1.7587578296661377","0.4000000059604645"
"1.962705373764038","0.10000001639127731"
"1.8084901571273804","11"
"24.416547775268555","37.999996185302734"
"30.040430068969727","7"
"32.484596252441406","24.000001907348633"
"7.372164726257324","19"
"5.283842086791992","5.100000381469727"
"4.882658004760742","8"
"1.596296787261963","2.3000001907348633"
"6.2882232666015625","3.5999999046325684"
"3.458585500717163","5"
"2.0921733379364014","2.9000000953674316"
"1.6428492069244385","0.8999999761581421"
"1.9459861516952515","22.099998474121094"
"21.90420913696289","7"
"28.81564712524414","9.599998474121094"
"37.19302749633789","3.3999996185302734"
"11.630011558532715","11"
"7.690245151519775","0.30000001192092896"
"3.06327748298645","3"
"0.5613623857498169","4.1114343929393726e-8"
"2.6784539222717285","4.1114343929393726e-8"
"2.2504448890686035","2"
"0.8623652458190918","4.1114343929393726e-8"
"1.4143898487091064","0.10000001639127731"
"1.3485729694366455","40.99999237060547"
"22.736312866210938","48.99999237060547"
"23.67106819152832","5.999999523162842"
"29.257368087768555","31"
"7.37528133392334","38.99999237060547"
"5.601593017578125","69.70001220703125"
"2.2938780784606934","72.00001525878906"
"0.6135109663009644","44.99999237060547"
"1.434586524963379","19.999996185302734"
"0.9014240503311157","2"
"0.4685807228088379","18"
"0.3613460063934326","7"
"1.4131039381027222","29.000001907348633"
"34.95961380004883","47.99998474121094"
"30.540983200073242","75"
"29.264280319213867","4.1114343929393726e-8"
"9.81109619140625","31.9999942779541"
"8.137998580932617","37.999996185302734"
"11.10580062866211","2.499999761581421"
"1.1003718376159668","19.999996185302734"
"5.6824774742126465","4.1114343929393726e-8"
"3.626115560531616","7"
"3.2989895343780518","11.999999046325684"
"2.0574264526367188","10.000000953674316"
"2.6159379482269287","15"
"27.15602684020996","23"
"23.626535415649414","33"
"26.353639602661133","12.999998092651367"
"8.34238338470459","12.999998092651367"
"9.154272079467773","15.999996185302734"
"10.236268043518066","0.10000001639127731"
"0.5788067579269409","1"
"4.50316047668457","4.1114343929393726e-8"
"4.146708011627197","4.1114343929393726e-8"
"2.1538989543914795","3"
"5.298001289367676","9"
"0.7809525728225708","9"
"19.08022689819336","7.300000190734863"
"27.565597534179688","23.499996185302734"
"33.21580505371094","10.000000953674316"
"10.632843017578125","7"
"10.124117851257324","1"
"7.761768341064453","4.1114343929393726e-8"
"1.8937994241714478","0.8999999761581421"
"5.736110210418701","4.1114343929393726e-8"
"13.20852279663086","4.1114343929393726e-8"
"4.094881057739258","0.19999997317790985"
"10.517097473144531","5.999999523162842"
"0.7007553577423096","2"
"18.23369789123535","28.499996185302734"
"21.151123046875","8.5"
"29.783000946044922","2"
"9.040010452270508","1.2999999523162842"
"11.253360748291016","0.10000001639127731"
"5.607917785644531","4.1114343929393726e-8"
"2.6551737785339355","4.1114343929393726e-8"
"4.299602508544922","4.1114343929393726e-8"
"7.01694393157959","4.1114343929393726e-8"
"2.2727513313293457","4.1114343929393726e-8"
"8.59576416015625","4.1114343929393726e-8"
"1.1310547590255737","2.1000001430511475"
"11.382352828979492","0.6000000238418579"
"9.996943473815918","3"
"15.294587135314941","3"
"7.741812229156494","0.7000000476837158"
"8.124064445495605","2"
"1.947662115097046","4.1114343929393726e-8"
"1.212496280670166","4.1114343929393726e-8"
"4.591638565063477","4.1114343929393726e-8"
"2.617950677871704","4.1114343929393726e-8"
"2.3549270629882812","4.1114343929393726e-8"
"4.058156967163086","4.1114343929393726e-8"
"1.2583931684494019","1.100000023841858"
"15.674219131469727","5.999999523162842"
"16.969934463500977","3"
"20.57976531982422","11.999999046325684"
"10.403525352478027","1.1999999284744263"
"8.414552688598633","4.1114343929393726e-8"
"3.531865119934082","4.1114343929393726e-8"
"0.5060778260231018","4.1114343929393726e-8"
"1.9337365627288818","4.1114343929393726e-8"
"4.605459213256836","4.1114343929393726e-8"
"2.352470874786377","4.1114343929393726e-8"
"2.661795139312744","4.1114343929393726e-8"
"0.6988753080368042","4.1114343929393726e-8"
"16.12286949157715","4.1114343929393726e-8"
"34.2285041809082","4.1114343929393726e-8"
"18.645719528198242","4.1114343929393726e-8"
"17.7458438873291","4.1114343929393726e-8"
"13.532538414001465","4.1114343929393726e-8"
"2.1631455421447754","4.1114343929393726e-8"
"0.5626295804977417","4.1114343929393726e-8"
"1.19321870803833","4.1114343929393726e-8"
"1.2444926500320435","4.1114343929393726e-8"
"0.7977136373519897","4.1114343929393726e-8"
"6.415468692779541","4.1114343929393726e-8"
"1.6198729276657104","8"
"25.17062759399414","11.999999046325684"
"39.65973663330078","7.100000381469727"
"24.099441528320312","22"
"28.074676513671875","7"
"17.915983200073242","4.1114343929393726e-8"
"5.818681716918945","4.1114343929393726e-8"
"1.3875064849853516","4.1114343929393726e-8"
"3.6402714252471924","4.1114343929393726e-8"
"3.7964701652526855","4.1114343929393726e-8"
"2.7777090072631836","0.5"
"5.64335823059082","0.7000000476837158"
"2.7134714126586914","4"
"20.224729537963867","14.000000953674316"
"21.260635375976562","8"
"25.268259048461914","5.999999523162842"
"18.979068756103516","0.19999997317790985"
"15.529827117919922","0.7000000476837158"
"4.279375076293945","13.40000057220459"
"0.343730628490448","14.499999046325684"
"5.7925801277160645","3"
"2.257241725921631","14.000000953674316"
"0.7399139404296875","3.0999996662139893"
"4.203376770019531","42.99999237060547"
"3.179219961166382","4.1114343929393726e-8"
"17.615917205810547","9"
"21.33635711669922","4"
"32.534175872802734","5"
"13.827518463134766","5.999999523162842"
"3.2206192016601562","11.999999046325684"
"4.221085548400879","4"
"4.248786449432373","12.999998092651367"
"2.9342780113220215","5"
"1.9466865062713623","37"
"2.644700765609741","3"
"11.766136169433594","1"
"2.4989371299743652","4.1114343929393726e-8"
"33.83094024658203","4.1114343929393726e-8"
"27.268247604370117","4.1114343929393726e-8"
"25.668542861938477","4.1114343929393726e-8"
"14.122160911560059","40"
"5.575789928436279","4.1114343929393726e-8"
"8.099116325378418","4.1114343929393726e-8"
"7.532694339752197","4.1114343929393726e-8"
"2.497372627258301","12.999998092651367"
"3.6936779022216797","4.1114343929393726e-8"
"1.568073034286499","4.1114343929393726e-8"
"19.661285400390625","4.1114343929393726e-8"
"5.212897300720215","9.099998474121094"
"22.211416244506836","2"
"23.690658569335938","2"
"33.73528289794922","12.999998092651367"
"12.401660919189453","11.100001335144043"
"9.170642852783203","2"
"8.917255401611328","0.8999999761581421"
"6.35676908493042","4.1114343929393726e-8"
"8.373645782470703","0.19999997317790985"
"6.730117321014404","27.999990463256836"
"5.983953475952148","0.5"
"12.816299438476562","4.1114343929393726e-8"
"7.04597282409668","4"
"21.84009552001953","8"
"31.231300354003906","3"
"37.256439208984375","4"
"19.821168899536133","8"
"14.255419731140137","4.1114343929393726e-8"
"8.003612518310547","5.100000381469727"
"4.211942195892334","3"
"5.86575984954834","1"
"9.386746406555176","1"
"6.3205132484436035","3.6999998092651367"
"16.532140731811523","69.9999771118164"
"2.9724364280700684","35.999996185302734"
"18.395797729492188","35.999996185302734"
"29.87617301940918","20.999996185302734"
"45.56439971923828","19.999996185302734"
"21.993682861328125","45.99999237060547"
"11.988471031188965","8.199999809265137"
"4.370132923126221","3"
"2.4543020725250244","31"
"2.3431196212768555","8"
"4.979222297668457","16.999996185302734"
"2.8327245712280273","20.799999237060547"
"9.12951374053955","9"
"4.084310531616211","0.6000000238418579"
"27.795242309570312","42.000003814697266"
"30.505794525146484","25.999996185302734"
"45.08650207519531","27.999990463256836"
"13.687292098999023","2.1999998092651367"
"9.539106369018555","0.10000001639127731"
"11.435855865478516","1"
"4.433094024658203","15"
"4.137487411499023","12.999998092651367"
"5.5492024421691895","4.1114343929393726e-8"
"9.570978164672852","5"
"6.532474994659424","37.999996185302734"
"4.437450885772705","1.399999976158142"
"23.36667823791504","15"
"20.88256072998047","12.999998092651367"
"32.56943130493164","8"
"16.37819480895996","1.8000000715255737"
"8.368905067443848","4.90000057220459"
"4.528077125549316","4.1114343929393726e-8"
"0.8725164532661438","1"
"4.165928840637207","4.1114343929393726e-8"
"5.548990726470947","4.1114343929393726e-8"
"2.2630410194396973","1"
"4.3998637199401855","4.1114343929393726e-8"
"2.1490957736968994","4.1114343929393726e-8"
"20.491283416748047","37"
"22.91992950439453","4.700000286102295"
"28.004505157470703","37"
"18.495512008666992","4.1114343929393726e-8"
"9.88749885559082","4.1114343929393726e-8"
"3.8668906688690186","0.30000001192092896"
"1.2849339246749878","4.1114343929393726e-8"
"1.5816632509231567","4.1114343929393726e-8"
"6.917606353759766","4.1114343929393726e-8"
"1.3848483562469482","4.1114343929393726e-8"
"4.053691387176514","4.1114343929393726e-8"
"0.770656406879425","4.1114343929393726e-8"
"26.75786590576172","5"
"25.462482452392578","4.1114343929393726e-8"
"30.483169555664062","46.99999237060547"
"13.647915840148926","0.30000001192092896"
"8.49325942993164","0.6000000238418579"
"2.8713927268981934","4.1114343929393726e-8"
"1.6494851112365723","4.1114343929393726e-8"
"2.1075518131256104","4.1114343929393726e-8"
"1.9948042631149292","0.8999999761581421"
"0.7438629865646362","0.5"
"1.679199457168579","31.499990463256836"
"1.839704155921936","0.10000001639127731"
"19.743268966674805","4.1114343929393726e-8"
"13.588140487670898","4.1114343929393726e-8"
"21.148731231689453","4"
"11.019545555114746","2.9000000953674316"
"10.145356178283691","14.000000953674316"
"2.866708517074585","19.999996185302734"
"1.449402928352356","0.4000000059604645"
"4.194340705871582","9"
"0.9809661507606506","11.999999046325684"
"1.1692692041397095","4.1114343929393726e-8"
"1.4302952289581299","65.99998474121094"
"1.2361372709274292","9.399998664855957"
"26.996156692504883","73.00000762939453"
"20.845420837402344","3"
"34.9959602355957","68"
"7.007606506347656","7"
"4.830660820007324","9"
"7.3363165855407715","5"
"0.42695313692092896","2.799999713897705"
"2.3942606449127197","1"
"0.872556746006012","5"
"1.0084820985794067","0.10000001639127731"
"1.1968826055526733","4.1114343929393726e-8"
"0.6679942011833191","4.1114343929393726e-8"
"32.258602142333984","15.999996185302734"
"23.883211135864258","5.999999523162842"
"33.71121597290039","19"
"7.072849273681641","0.6000000238418579"
"6.201125621795654","4.1114343929393726e-8"
"2.2096805572509766","4.1114343929393726e-8"
"0.7201868295669556","4.1114343929393726e-8"
"1.5707221031188965","4.1114343929393726e-8"
"1.6736547946929932","4.1114343929393726e-8"
"0.632676362991333","4.1114343929393726e-8"
"3.0554537773132324","5.999999523162842"
"0.4853789806365967","20.299999237060547"
"24.707395553588867","4.1114343929393726e-8"
"33.76518249511719","23"
"36.40174865722656","8"
"9.896738052368164","7.40000057220459"
"8.418667793273926","4.300000190734863"
"6.193078517913818","4.1114343929393726e-8"
"2.582598924636841","4.1114343929393726e-8"
"2.4297003746032715","4.1114343929393726e-8"
"4.666193008422852","4.1114343929393726e-8"
"3.1215457916259766","4.1114343929393726e-8"
"3.586771011352539","29.000001907348633"
"1.6724379062652588","0.6000000238418579"
"17.609912872314453","5.999999523162842"
"21.356708526611328","15"
"25.257213592529297","8"
"9.140909194946289","1.8000000715255737"
"12.229222297668457","4.1114343929393726e-8"
"2.509028196334839","0.19999997317790985"
"0.17037656903266907","3"
"2.768551826477051","0.6000000238418579"
"1.8502169847488403","0.5"
"0.8987375497817993","1"
"4.455089569091797","0.8999999761581421"
"0.5227690935134888","4.1114343929393726e-8"
"21.73511505126953","4.1114343929393726e-8"
"50.662044525146484","4.1114343929393726e-8"
"42.8151741027832","4.1114343929393726e-8"
"5.010469436645508","4.1114343929393726e-8"
"5.884182453155518","4.1114343929393726e-8"
"2.4981865882873535","4.1114343929393726e-8"
"0.328706830739975","4.1114343929393726e-8"
"2.1269350051879883","4.1114343929393726e-8"
"1.6661005020141602","4.1114343929393726e-8"
"0.5552555322647095","4.1114343929393726e-8"
"0.45036816596984863","4.1114343929393726e-8"
"0.26080092787742615","39.100006103515625"
"32.77397537231445","21.200002670288086"
"50.144290924072266","71.90000915527344"
"38.62473678588867","17.799997329711914"
"4.090796947479248","38.20000457763672"
"4.053676605224609","2.3000001907348633"
"1.1914809942245483","9.899999618530273"
"0.8260445594787598","4.1114343929393726e-8"
"1.8428852558135986","4.1114343929393726e-8"
"3.020007371902466","4.1114343929393726e-8"
"0.9530473947525024","4.1114343929393726e-8"
"2.4305949211120605","4.1114343929393726e-8"
"1.8231717348098755","4.1114343929393726e-8"
"21.841190338134766","4.1114343929393726e-8"
"26.03315544128418","1.2999999523162842"
"24.392593383789062","4.1114343929393726e-8"
"6.911194801330566","4.1114343929393726e-8"
"7.433886528015137","31.9999942779541"
"3.1583821773529053","4.1114343929393726e-8"
"1.415273904800415","4.1114343929393726e-8"
"6.629946708679199","0.800000011920929"
"2.1731362342834473","4.499999523162842"
"3.6718485355377197","0.4000000059604645"
"3.8631553649902344","4.1114343929393726e-8"
"1.5836514234542847","7.90000057220459"
"21.023706436157227","31.499990463256836"
"19.31766700744629","17.399995803833008"
"21.183467864990234","58.80000686645508"
"8.766780853271484","10.000000953674316"
"7.9440460205078125","1.100000023841858"
"3.14442777633667","6.299999237060547"
"0.4983057975769043","2.3000001907348633"
"1.6622564792633057","6.90000057220459"
"2.9462623596191406","4.1114343929393726e-8"
"0.9174412488937378","1.399999976158142"
"0.9065020084381104","4.1114343929393726e-8"
"0.6408852338790894","2.1000001430511475"
"17.462434768676758","3.1999998092651367"
"14.38755989074707","9.899999618530273"
"29.269100189208984","11.600000381469727"
"9.331005096435547","1"
"3.691272020339966","4.1114343929393726e-8"
"1.0726202726364136","1.600000023841858"
"0.1924828141927719","4.1114343929393726e-8"
"0.8943922519683838","4.1114343929393726e-8"
"0.527980625629425","4.1114343929393726e-8"
"0.12048576027154922","4.1114343929393726e-8"
"0.6178184747695923","4.1114343929393726e-8"
"0.7701598405838013","4.1114343929393726e-8"
"36.46549987792969","11.799999237060547"
"26.56757164001465","6.90000057220459"
"26.021221160888672","12.399999618530273"
"5.170884609222412","48.69999694824219"
"2.393537998199463","4.1114343929393726e-8"
"4.312887191772461","10.000000953674316"
"0.9706578850746155","4.1114343929393726e-8"
"2.2208213806152344","4.1114343929393726e-8"
"0.7584670782089233","4.1114343929393726e-8"
"1.1215847730636597","4.1114343929393726e-8"
"1.227909803390503","4.1114343929393726e-8"
"0.7916017174720764","18.299997329711914"
"23.642492294311523","15.799997329711914"
"19.37021255493164","4.1114343929393726e-8"
"19.374475479125977","30.299999237060547"
"9.15273666381836","11.69999885559082"
"1.4956039190292358","2.9000000953674316"
"3.8382863998413086","20.199996948242188"
"0.9194782972335815","4.1114343929393726e-8"
"4.13081169128418","4.1114343929393726e-8"
"0.3758571743965149","4.1114343929393726e-8"
"1.3117154836654663","1"
"2.3718912601470947","12.999998092651367"
"0.8287441730499268","4.1114343929393726e-8"
"18.918750762939453","0.7000000476837158"
"26.768342971801758","15"
"24.442066192626953","4.400000095367432"
"9.324265480041504","12.100000381469727"
"6.153984546661377","4.1114343929393726e-8"
"5.846079349517822","4.600000381469727"
"2.5298919677734375","4.1114343929393726e-8"
"4.478240013122559","4.1114343929393726e-8"
"3.441701889038086","1"
"2.0585830211639404","4.1114343929393726e-8"
"4.195215225219727","4.1114343929393726e-8"
"0.9317688941955566","4.1114343929393726e-8"
"25.682701110839844","9"
"33.79181671142578","4.1114343929393726e-8"
"32.762203216552734","8.899998664855957"
"8.125175476074219","4.1114343929393726e-8"
"6.52484655380249","4.1114343929393726e-8"
"2.85231614112854","4.1114343929393726e-8"
"1.3581550121307373","4.1114343929393726e-8"
"1.0649445056915283","4.1114343929393726e-8"
"2.039825439453125","4.1114343929393726e-8"
"0.6042526364326477","4.1114343929393726e-8"
"3.0883424282073975","4.1114343929393726e-8"
"1.5233290195465088","4.1114343929393726e-8"
"10.69204330444336","4.1114343929393726e-8"
"12.5643949508667","3.499999523162842"
"18.720043182373047","1.899999976158142"
"5.017899036407471","4.1114343929393726e-8"
"3.13199520111084","4.1114343929393726e-8"
"1.0112842321395874","4.1114343929393726e-8"
"0.7174756526947021","4.1114343929393726e-8"
"3.7465786933898926","4.1114343929393726e-8"
"1.085697889328003","4.1114343929393726e-8"
"0.5736569166183472","4.1114343929393726e-8"
"3.4398574829101562","4.1114343929393726e-8"
"2.20430850982666","4.1114343929393726e-8"
"21.03487777709961","5.200000286102295"
"19.620243072509766","4.1114343929393726e-8"
"24.01215171813965","4.1114343929393726e-8"
"4.938174247741699","4.1114343929393726e-8"
"2.1939916610717773","4.1114343929393726e-8"
"0.8063052892684937","4.1114343929393726e-8"
"1.0423866510391235","4.1114343929393726e-8"
"1.6546953916549683","4.1114343929393726e-8"
"0.780166506767273","4.1114343929393726e-8"
"0.75389564037323","4.1114343929393726e-8"
"2.173755168914795","4.1114343929393726e-8"
"1.1488147974014282","4.1114343929393726e-8"
"20.70998764038086","4.1114343929393726e-8"
"18.75760269165039","38.99999237060547"
"30.89303970336914","28.499996185302734"
"10.734315872192383","4.1114343929393726e-8"
"1.5227155685424805","4.1114343929393726e-8"
"1.4540703296661377","4.1114343929393726e-8"
"1.2668832540512085","4.1114343929393726e-8"
"2.767395257949829","4.1114343929393726e-8"
"0.5455770492553711","4.1114343929393726e-8"
"0.39001619815826416","4.1114343929393726e-8"
"0.8028924465179443","4.1114343929393726e-8"
"1.5634924173355103","4.1114343929393726e-8"
"22.366191864013672","4.1114343929393726e-8"
"19.238224029541016","4.1114343929393726e-8"
"35.891605377197266","32.29999542236328"
"12.072532653808594","4.1114343929393726e-8"
"3.6196651458740234","4.1114343929393726e-8"
"5.055439472198486","4.1114343929393726e-8"
"2.3547935485839844","4.1114343929393726e-8"
"3.085029125213623","4.1114343929393726e-8"
"2.7250232696533203","4.1114343929393726e-8"
"1.3177894353866577","4.1114343929393726e-8"
"0.7841504216194153","4.1114343929393726e-8"
"2.1481854915618896","1.8000000715255737"
"19.903682708740234","119.8000259399414"
"11.744757652282715","20.400001525878906"
"21.75037384033203","95.89999389648438"
"3.510951519012451","0.800000011920929"
"2.70816707611084","0.5"
"1.6953606605529785","4.1114343929393726e-8"
"0","4.1114343929393726e-8"
"3.0755975246429443","4.1114343929393726e-8"
"0.6033855676651001","4.1114343929393726e-8"
"0.12224682420492172","4.1114343929393726e-8"
"0.3583017587661743","4.1114343929393726e-8"
"1.5822012424468994","4.1114343929393726e-8"
"16.513032913208008","4.1114343929393726e-8"
"27.58642578125","4.1114343929393726e-8"
"27.430727005004883","4.1114343929393726e-8"
"13.3196439743042","4.300000190734863"
"6.379400253295898","4.1114343929393726e-8"
"2.932858467102051","22.299997329711914"
"1.84378182888031","35.4999885559082"
"1.526205062866211","12.500000953674316"
"4.718175888061523","8.80000114440918"
"1.7837493419647217","14.100000381469727"
"1.540764570236206","74.90000915527344"
"1.2829972505569458","21.699996948242188"
"19.852720260620117","4.1114343929393726e-8"
"19.19964599609375","4.1114343929393726e-8"
"30.77752685546875","3.499999523162842"
"23.150548934936523","10.899999618530273"
"5.274460792541504","25.499998092651367"
"2.628835678100586","5.200000286102295"
"3.293131113052368","13.19999885559082"
"1.9662973880767822","5.999999523162842"
"1.0720112323760986","1.899999976158142"
"0.34619754552841187","2.6000001430511475"
"0.6508632898330688","11.499998092651367"
"3.5818166732788086","4.1114343929393726e-8"
"14.202589988708496","4.1114343929393726e-8"
"16.73406410217285","14.799997329711914"
"17.048139572143555","4.400000095367432"
"11.058277130126953","4.1114343929393726e-8"
"3.3717868328094482","2.6000001430511475"
"3.3728444576263428","4.1114343929393726e-8"
"2.090712785720825","4.1114343929393726e-8"
"3.8704190254211426","4.1114343929393726e-8"
"0.5057663321495056","5.799999713897705"
"1.8090221881866455","4.1114343929393726e-8"
"1.859863042831421","4.1114343929393726e-8"
"1.252972960472107","4.1114343929393726e-8"
"15.268339157104492","7.90000057220459"
"18.031835556030273","2.6999998092651367"
"20.1130428314209","7.600000381469727"
"9.497289657592773","1.2999999523162842"
"1.1982861757278442","4.1114343929393726e-8"
"2.367274761199951","4.1114343929393726e-8"
"1.529557704925537","4.1114343929393726e-8"
"3.224742889404297","4.1114343929393726e-8"
"0.9550694227218628","4.1114343929393726e-8"
"1.421920657157898","4.1114343929393726e-8"
"0.002257130341604352","4.1114343929393726e-8"
"1.0454093217849731","4.1114343929393726e-8"
"16.313447952270508","4.1114343929393726e-8"
"23.902725219726562","4.1114343929393726e-8"
"32.012969970703125","4.1114343929393726e-8"
"11.258307456970215","4.1114343929393726e-8"
"2.476979970932007","4.1114343929393726e-8"
"2.527804374694824","4.1114343929393726e-8"
"0.45105934143066406","4.1114343929393726e-8"
"2.235429525375366","4.1114343929393726e-8"
"0.6121742725372314","4.1114343929393726e-8"
"0.0597757063806057","4.1114343929393726e-8"
"0","4.1114343929393726e-8"
"0.951461136341095","4.1114343929393726e-8"
"27.808055877685547","4.1114343929393726e-8"
"26.727617263793945","4.1114343929393726e-8"
"36.67081069946289","1.399999976158142"
"7.216557502746582","4.1114343929393726e-8"
"3.9140701293945312","4.1114343929393726e-8"
"5.080169677734375","4.1114343929393726e-8"
"0.3501199781894684","4.1114343929393726e-8"
"3.6331090927124023","4.1114343929393726e-8"
"0.8918066024780273","4.1114343929393726e-8"
"0.7299834489822388","4.1114343929393726e-8"
"0.2787463665008545","4.1114343929393726e-8"
"0.8687353134155273","4.1114343929393726e-8"
"19.126787185668945","4.1114343929393726e-8"
"23.53622817993164","4.1114343929393726e-8"
"35.40982437133789","4.1114343929393726e-8"
"6.395316123962402","4.1114343929393726e-8"
"4.654884338378906","4.1114343929393726e-8"
"1.9718559980392456","4.1114343929393726e-8"
"0.34976351261138916","4.1114343929393726e-8"
"2.2059831619262695","4.1114343929393726e-8"
"0.3418041467666626","4.1114343929393726e-8"
"0.5456265807151794","4.1114343929393726e-8"
"1.3083856105804443","4.1114343929393726e-8"
"0.3157463073730469","4.1114343929393726e-8"
"19.109619140625","4.1114343929393726e-8"
"25.00988006591797","4.1114343929393726e-8"
"35.425331115722656","4.1114343929393726e-8"
"9.850180625915527","4.1114343929393726e-8"
"11.96795654296875","4.1114343929393726e-8"
"5.386440753936768","4.1114343929393726e-8"
"0.8305350542068481","4.1114343929393726e-8"
"3.054332733154297","4.1114343929393726e-8"
"2.4786934852600098","4.1114343929393726e-8"
"1.109727144241333","4.1114343929393726e-8"
"2.2343461513519287","4.1114343929393726e-8"
"0.4478718042373657","4.1114343929393726e-8"
"25.055381774902344","4.1114343929393726e-8"
"17.585702896118164","4.1114343929393726e-8"
"30.701309204101562","4.1114343929393726e-8"
"9.192327499389648","4.1114343929393726e-8"
"8.05836009979248","4.1114343929393726e-8"
"3.707245349884033","4.1114343929393726e-8"
"1.5686622858047485","4.1114343929393726e-8"
"2.722367525100708","4.1114343929393726e-8"
"2.138388156890869","4.1114343929393726e-8"
"0.5860239863395691","4.1114343929393726e-8"
"0.5048061013221741","4.1114343929393726e-8"
"0.8416281938552856","4.1114343929393726e-8"
"13.33625316619873","4.1114343929393726e-8"
"9.454498291015625","4.1114343929393726e-8"
"16.079370498657227","4.1114343929393726e-8"
"10.514825820922852","4.1114343929393726e-8"
"5.672585487365723","4.1114343929393726e-8"
"2.1576364040374756","4.1114343929393726e-8"
"0.04799192026257515","4.1114343929393726e-8"
"3.496936082839966","4.1114343929393726e-8"
"1.0540390014648438","4.1114343929393726e-8"
"0.3704611361026764","4.1114343929393726e-8"
"0.6054409742355347","4.1114343929393726e-8"
"0.6835253238677979","4.1114343929393726e-8"
"16.911901473999023","51.299991607666016"
"24.037456512451172","66.70001983642578"
"19.836196899414062","54.60000228881836"
"4.456583499908447","4.1114343929393726e-8"
"5.513852119445801","4.1114343929393726e-8"
"1.4972162246704102","19.999996185302734"
"0","69.30000305175781"
"1.2818055152893066","25.099998474121094"
"1.1932523250579834","1.8000000715255737"
"0.14806491136550903","25.399995803833008"
"0.4600522518157959","4.1114343929393726e-8"
"0.3897031545639038","4.1114343929393726e-8"
"25.160160064697266","4.1114343929393726e-8"
"31.184865951538086","47.099998474121094"
"21.94839096069336","37.29999923706055"
"3.4450066089630127","4.1114343929393726e-8"
"5.129247665405273","4.1114343929393726e-8"
"1.3751263618469238","4.1114343929393726e-8"
"0.5431627631187439","4.1114343929393726e-8"
"1.8158001899719238","4.1114343929393726e-8"
"0.21854504942893982","4.1114343929393726e-8"
"0.2387847602367401","4.1114343929393726e-8"
"1.4454917907714844","4.1114343929393726e-8"
"0.5152187347412109","4.1114343929393726e-8"
"23.266109466552734","36.49999237060547"
"15.117548942565918","113.9000244140625"
"22.409099578857422","38.399993896484375"
"5.813930034637451","4.1114343929393726e-8"
"1.873673677444458","4.1114343929393726e-8"
"4.9394707679748535","4.1114343929393726e-8"
"2.103550910949707","4.1114343929393726e-8"
"3.372577428817749","4.1114343929393726e-8"
"1.9549050331115723","4.1114343929393726e-8"
"1.6644786596298218","4.1114343929393726e-8"
"2.077009677886963","4.1114343929393726e-8"
"1.1104704141616821","1.8000000715255737"
"8.140223503112793","7.800000190734863"
"2.0660316944122314","5.600000381469727"
"10.763397216796875","3.799999952316284"
"2.7868940830230713","5.5"
"2.0622949600219727","3.6999998092651367"
"0.9588726162910461","15"
"0.06704318523406982","4.1114343929393726e-8"
"1.468268871307373","15.399998664855957"
"0.785834789276123","24.09999656677246"
"0.13089953362941742","3.0999996662139893"
"0.4781736731529236","4.1114343929393726e-8"
"1.246716856956482","22.099998474121094"
"18.528114318847656","7"
"45.24473571777344","9.599998474121094"
"41.051124572753906","3.3999996185302734"
"10.719499588012695","11"
"6.641663551330566","0.30000001192092896"
"4.984229564666748","3"
"2.0482048988342285","4.1114343929393726e-8"
"3.4124014377593994","4.1114343929393726e-8"
"5.114636421203613","2"
"4.125637054443359","4.1114343929393726e-8"
"1.9005275964736938","0.10000001639127731"
"1.1460087299346924","40.99999237060547"
"34.62995910644531","48.99999237060547"
"36.20671081542969","5.999999523162842"
"37.32830047607422","31"
"14.373592376708984","38.99999237060547"
"8.362235069274902","69.70001220703125"
"4.885617256164551","72.00001525878906"
"1.3490238189697266","44.99999237060547"
"1.496032476425171","19.999996185302734"
"1.298011302947998","2"
"0.4866962432861328","18"
"1.1022891998291016","7"
"1.4771766662597656","29.000001907348633"
"22.497610092163086","47.99998474121094"
"27.63652992248535","75"
"22.454641342163086","4.1114343929393726e-8"
"6.243406295776367","31.9999942779541"
"3.9942708015441895","37.999996185302734"
"2.920886278152466","2.499999761581421"
"1.0242152214050293","19.999996185302734"
"2.148660659790039","4.1114343929393726e-8"
"0","7"
"1.7014820575714111","11.999999046325684"
"0.9701122045516968","10.000000953674316"
"0.5734704732894897","15"
"16.819700241088867","23"
"26.056785583496094","33"
"20.188568115234375","12.999998092651367"
"12.455267906188965","12.999998092651367"
"1.912077784538269","15.999996185302734"
"4.120949745178223","0.10000001639127731"
"1.070196270942688","1"
"2.4656753540039062","4.1114343929393726e-8"
"1.515403151512146","4.1114343929393726e-8"
"2.0557243824005127","3"
"12.291155815124512","9"
"0.14615218341350555","9"
"14.410223007202148","7.300000190734863"
"14.129715919494629","23.499996185302734"
"16.839942932128906","10.000000953674316"
"4.858944892883301","7"
"2.6331562995910645","1"
"2.1304264068603516","4.1114343929393726e-8"
"1.1707326173782349","0.8999999761581421"
"1.7487993240356445","4.1114343929393726e-8"
"1.5861079692840576","4.1114343929393726e-8"
"1.0818480253219604","0.19999997317790985"
"4.290544509887695","5.999999523162842"
"0.6611923575401306","2"
"18.83194351196289","28.499996185302734"
"28.133220672607422","8.5"
"27.493946075439453","2"
"8.24522590637207","1.2999999523162842"
"8.109370231628418","0.10000001639127731"
"7.096113681793213","4.1114343929393726e-8"
"1.013776183128357","4.1114343929393726e-8"
"2.456367015838623","4.1114343929393726e-8"
"6.013115406036377","4.1114343929393726e-8"
"2.618863821029663","4.1114343929393726e-8"
"4.341794490814209","4.1114343929393726e-8"
"0.6105543375015259","2.1000001430511475"
"7.683530807495117","0.6000000238418579"
"10.677291870117188","3"
"24.139122009277344","3"
"5.10286808013916","0.7000000476837158"
"4.703301429748535","2"
"0.3990364074707031","4.1114343929393726e-8"
"0.3561503291130066","4.1114343929393726e-8"
"2.4225034713745117","4.1114343929393726e-8"
"2.6373467445373535","4.1114343929393726e-8"
"0.9874458312988281","4.1114343929393726e-8"
"1.3266174793243408","4.1114343929393726e-8"
"1.1925477981567383","1.100000023841858"
"13.821343421936035","5.999999523162842"
"15.739448547363281","3"
"19.88711166381836","11.999999046325684"
"20.153362274169922","1.1999999284744263"
"4.722491264343262","4.1114343929393726e-8"
"1.9808521270751953","4.1114343929393726e-8"
"0.5972126722335815","4.1114343929393726e-8"
"0.8908264636993408","4.1114343929393726e-8"
"1.5165263414382935","4.1114343929393726e-8"
"0.5893094539642334","4.1114343929393726e-8"
"1.980083703994751","4.1114343929393726e-8"
"0.40488189458847046","4.1114343929393726e-8"
"17.40321159362793","4.1114343929393726e-8"
"19.204023361206055","4.1114343929393726e-8"
"21.127819061279297","4.1114343929393726e-8"
"10.599456787109375","4.1114343929393726e-8"
"2.75897216796875","4.1114343929393726e-8"
"2.077230930328369","4.1114343929393726e-8"
"1.567421317100525","4.1114343929393726e-8"
"1.8286219835281372","4.1114343929393726e-8"
"1.3430781364440918","4.1114343929393726e-8"
"0.6154909133911133","4.1114343929393726e-8"
"1.9230843782424927","4.1114343929393726e-8"
"0.6199581623077393","8"
"12.195290565490723","11.999999046325684"
"17.575305938720703","7.100000381469727"
"20.576730728149414","22"
"8.55025577545166","7"
"5.0793867111206055","4.1114343929393726e-8"
"1.8084774017333984","4.1114343929393726e-8"
"0.8023964166641235","4.1114343929393726e-8"
"2.509272575378418","4.1114343929393726e-8"
"0.6977052688598633","4.1114343929393726e-8"
"1.1720318794250488","0.5"
"1.301326036453247","0.7000000476837158"
"0.6893012523651123","4"
"18.19621467590332","14.000000953674316"
"19.793304443359375","8"
"20.752487182617188","5.999999523162842"
"5.181767463684082","0.19999997317790985"
"3.42402982711792","0.7000000476837158"
"3.5159084796905518","13.40000057220459"
"0.17143286764621735","14.499999046325684"
"1.537130355834961","3"
"1.3903067111968994","14.000000953674316"
"0.7757962346076965","3.0999996662139893"
"0.7243348956108093","42.99999237060547"
"0.1482440084218979","4.099999904632568"
"17.261066436767578","19"
"17.125574111938477","50.199989318847656"
"21.471324920654297","20.999996185302734"
"5.432600498199463","4.800000190734863"
"5.135686874389648","1.1999999284744263"
"1.5293045043945312","15.600000381469727"
"0.2198127657175064","1.2999999523162842"
"0.9954735040664673","2"
"0.9318925738334656","39.19999694824219"
"0.10532660037279129","0.10000001639127731"
"0.24727673828601837","4"
"0.8977435827255249","4.1114343929393726e-8"
"22.527976989746094","1"
"21.7597599029541","15"
"30.047344207763672","5"
"8.785781860351562","4"
"5.931725025177002","3.499999523162842"
"3.2855799198150635","8"
"1.1066007614135742","3"
"2.8286354541778564","3"
"2.0385048389434814","4.1114343929393726e-8"
"0.8601242303848267","10.000000953674316"
"1.9798928499221802","51.999996185302734"
"1.4237697124481201","31"
"23.473403930664062","12.999998092651367"
"16.881162643432617","22.19999122619629"
"17.1207218170166","10.000000953674316"
"7.901989459991455","24.000001907348633"
"6.16667366027832","16.299997329711914"
"3.047271251678467","8.199999809265137"
"0.6013320684432983","4.1114343929393726e-8"
"4.169802188873291","2"
"0.7087818384170532","4"
"0.34211164712905884","4.1114343929393726e-8"
"1.6602790355682373","4.1114343929393726e-8"
"4.558412551879883","4"
"14.575718879699707","8"
"31.305503845214844","3"
"44.15019989013672","4"
"21.808534622192383","8"
"13.046554565429688","4.1114343929393726e-8"
"5.513476371765137","5.100000381469727"
"9.765705108642578","3"
"6.971423625946045","1"
"8.883435249328613","1"
"7.808588027954102","3.6999998092651367"
"9.249574661254883","69.9999771118164"
"4.482702732086182","35.999996185302734"
"21.13382911682129","35.999996185302734"
"21.83502197265625","20.999996185302734"
"35.468196868896484","19.999996185302734"
"31.31834602355957","45.99999237060547"
"13.107563972473145","8.199999809265137"
"8.179012298583984","3"
"6.969255447387695","31"
"4.025047779083252","8"
"4.977689266204834","16.999996185302734"
"1.8268589973449707","20.799999237060547"
"6.187356948852539","9"
"5.867830753326416","0.6000000238418579"
"23.56607437133789","42.000003814697266"
"26.808765411376953","25.999996185302734"
"37.197391510009766","27.999990463256836"
"15.345138549804688","2.1999998092651367"
"9.144428253173828","0.10000001639127731"
"9.520275115966797","1"
"4.012552261352539","15"
"7.060989856719971","12.999998092651367"
"3.2136223316192627","4.1114343929393726e-8"
"3.7857656478881836","5"
"8.746766090393066","37.999996185302734"
"2.726362943649292","1.399999976158142"
"28.739179611206055","15"
"27.13551139831543","12.999998092651367"
"35.71677017211914","8"
"13.790470123291016","1.8000000715255737"
"7.258581161499023","4.90000057220459"
"6.475630283355713","4.1114343929393726e-8"
"3.7008538246154785","1"
"6.210664749145508","4.1114343929393726e-8"
"9.419422149658203","4.1114343929393726e-8"
"6.708317756652832","1"
"10.806096076965332","4.1114343929393726e-8"
"2.1928279399871826","4.1114343929393726e-8"
"20.94175148010254","37"
"27.184873580932617","4.700000286102295"
"43.022647857666016","37"
"18.44713592529297","4.1114343929393726e-8"
"10.101369857788086","4.1114343929393726e-8"
"3.593235969543457","0.30000001192092896"
"3.463583469390869","4.1114343929393726e-8"
"3.224768877029419","4.1114343929393726e-8"
"4.267024993896484","4.1114343929393726e-8"
"2.0575244426727295","4.1114343929393726e-8"
"1.1258516311645508","4.1114343929393726e-8"
"3.0151729583740234","4.1114343929393726e-8"
"25.074565887451172","5"
"24.73158073425293","4.1114343929393726e-8"
"33.68573760986328","46.99999237060547"
"16.553258895874023","0.30000001192092896"
"10.076427459716797","0.6000000238418579"
"5.491820335388184","4.1114343929393726e-8"
"1.2991743087768555","4.1114343929393726e-8"
"2.7655484676361084","4.1114343929393726e-8"
"2.5604047775268555","0.8999999761581421"
"1.6103824377059937","0.5"
"0.8048872947692871","31.499990463256836"
"0.8428338766098022","0.10000001639127731"
"15.925375938415527","4.1114343929393726e-8"
"15.887800216674805","4.1114343929393726e-8"
"24.69809341430664","4"
"6.5532660484313965","2.9000000953674316"
"2.5616650581359863","14.000000953674316"
"0.976575493812561","19.999996185302734"
"0.14762088656425476","0.4000000059604645"
"0.9327659606933594","9"
"0.05422366037964821","11.999999046325684"
"0.39457938075065613","4.1114343929393726e-8"
"0.33802738785743713","65.99998474121094"
"0.008213912136852741","9.399998664855957"
"20.05240821838379","73.00000762939453"
"25.60210418701172","3"
"28.063968658447266","68"
"3.3358988761901855","7"
"3.5083532333374023","9"
"4.582077980041504","5"
"0.7527574896812439","2.799999713897705"
"0.7676863074302673","1"
"1.278672695159912","5"
"0.5318567156791687","0.10000001639127731"
"2.459760904312134","4.1114343929393726e-8"
"0.43298155069351196","4.1114343929393726e-8"
"30.457847595214844","15.999996185302734"
"22.78740692138672","5.999999523162842"
"39.176918029785156","19"
"5.9338884353637695","0.6000000238418579"
"4.142664432525635","4.1114343929393726e-8"
"4.694533824920654","4.1114343929393726e-8"
"1.9679371118545532","4.1114343929393726e-8"
"1.5803428888320923","4.1114343929393726e-8"
"2.772089958190918","4.1114343929393726e-8"
"1.5040521621704102","4.1114343929393726e-8"
"6.264496326446533","5.999999523162842"
"1.7496137619018555","20.299999237060547"
"18.024621963500977","4.1114343929393726e-8"
"11.722734451293945","23"
"23.87709617614746","8"
"10.03879451751709","7.40000057220459"
"11.72299861907959","4.300000190734863"
"3.6541523933410645","4.1114343929393726e-8"
"1.4941078424453735","4.1114343929393726e-8"
"5.763502597808838","4.1114343929393726e-8"
"5.563739776611328","4.1114343929393726e-8"
"2.65333890914917","4.1114343929393726e-8"
"3.7449655532836914","29.000001907348633"
"0.8937899470329285","0.6000000238418579"
"17.3370418548584","5.999999523162842"
"14.295002937316895","15"
"28.920726776123047","8"
"10.371194839477539","1.8000000715255737"
"11.59846019744873","4.1114343929393726e-8"
"4.615983963012695","0.19999997317790985"
"0.5126155614852905","3"
"1.7916659116744995","0.6000000238418579"
"6.295714855194092","0.5"
"1.724068284034729","1"
"1.679644227027893","0.8999999761581421"
"0.3804858922958374","35.999996185302734"
"15.823308944702148","79"
"14.594561576843262","19"
"22.636259078979492","63"
"12.686334609985352","16.799997329711914"
"9.634440422058105","16.099998474121094"
"0.7762357592582703","24.5"
"0.5973802804946899","9"
"0.3153705298900604","19.399999618530273"
"0.40495336055755615","1.399999976158142"
"0.28711214661598206","12.999998092651367"
"2.0545785427093506","4.099999904632568"
"0.916331946849823","84.99998474121094"
"21.55147933959961","19"
"20.909894943237305","8.199999809265137"
"27.676054000854492","43.99999237060547"
"12.811813354492188","65.99998474121094"
"11.696810722351074","22.899999618530273"
"4.029003143310547","58.299991607666016"
"0.7824090719223022","58.000003814697266"
"1.856236219406128","69.9999771118164"
"0.9048572778701782","73.00000762939453"
"1.515872597694397","99.00000762939453"
"1.6995007991790771","24.000001907348633"
"0.9017937779426575","3"
"18.866514205932617","4.1114343929393726e-8"
"10.747032165527344","4.1114343929393726e-8"
"20.52218246459961","4.1114343929393726e-8"
"7.521555423736572","4"
"7.7388386726379395","8"
"4.898919105529785","3"
"0.4234084188938141","2"
"3.5334410667419434","19"
"1.0840250253677368","9"
"1.08620023727417","11"
"1.2172783613204956","15.999996185302734"
"1.1105797290802002","2.1000001430511475"
"19.326398849487305","3.1999998092651367"
"35.982242584228516","9.899999618530273"
"44.02680206298828","11.600000381469727"
"4.817223072052002","1"
"8.231050491333008","4.1114343929393726e-8"
"2.769306182861328","1.600000023841858"
"0.4200294017791748","4.1114343929393726e-8"
"1.2942310571670532","4.1114343929393726e-8"
"2.2917990684509277","4.1114343929393726e-8"
"0.3528844714164734","4.1114343929393726e-8"
"0.7485660314559937","4.1114343929393726e-8"
"0.3174370229244232","4.1114343929393726e-8"
"26.650365829467773","11.799999237060547"
"24.486785888671875","6.90000057220459"
"30.05951499938965","12.399999618530273"
"4.514595031738281","48.69999694824219"
"2.7094902992248535","4.1114343929393726e-8"
"0.7756302952766418","10.000000953674316"
"0.7287561297416687","4.1114343929393726e-8"
"1.761523962020874","4.1114343929393726e-8"
"0.6127446889877319","4.1114343929393726e-8"
"0.26437878608703613","4.1114343929393726e-8"
"0.20014166831970215","4.1114343929393726e-8"
"1.3398776054382324","18.299997329711914"
"26.129663467407227","15.799997329711914"
"7.22204065322876","4.1114343929393726e-8"
"14.87185001373291","30.299999237060547"
"6.045990467071533","11.69999885559082"
"2.853569507598877","2.9000000953674316"
"0.8314254879951477","20.199996948242188"
"0.36719387769699097","4.1114343929393726e-8"
"2.2104029655456543","4.1114343929393726e-8"
"0","4.1114343929393726e-8"
"0.5923811197280884","1"
"0","12.999998092651367"
"0.4179547429084778","4.1114343929393726e-8"
"13.06315803527832","0.7000000476837158"
"10.634607315063477","15"
"14.801681518554688","4.400000095367432"
"4.018892288208008","12.100000381469727"
"0.3089636564254761","4.1114343929393726e-8"
"1.855433464050293","4.600000381469727"
"0.15548662841320038","4.1114343929393726e-8"
"1.0576562881469727","4.1114343929393726e-8"
"0.254362553358078","1"
"0.07544223219156265","4.1114343929393726e-8"
"0","4.1114343929393726e-8"
"0.010434913448989391","4.1114343929393726e-8"
"14.172937393188477","9"
"14.186954498291016","4.1114343929393726e-8"
"23.562368392944336","8.899998664855957"
"6.595518112182617","4.1114343929393726e-8"
"1.4534798860549927","4.1114343929393726e-8"
"1.2660229206085205","4.1114343929393726e-8"
"0.5163602828979492","4.1114343929393726e-8"
"1.267646074295044","4.1114343929393726e-8"
"0.33811160922050476","4.1114343929393726e-8"
"0.02988356165587902","4.1114343929393726e-8"
"0.08247531950473785","4.1114343929393726e-8"
"0.24063000082969666","4.1114343929393726e-8"
"30.352609634399414","4.1114343929393726e-8"
"23.9659366607666","3.499999523162842"
"31.471031188964844","1.899999976158142"
"6.086494445800781","4.1114343929393726e-8"
"3.2644739151000977","4.1114343929393726e-8"
"3.681401252746582","4.1114343929393726e-8"
"0.6856816411018372","4.1114343929393726e-8"
"3.838029146194458","4.1114343929393726e-8"
"1.4591431617736816","4.1114343929393726e-8"
"0.6028854846954346","4.1114343929393726e-8"
"0.6117277145385742","4.1114343929393726e-8"
"0.8902672529220581","4.1114343929393726e-8"
"23.883758544921875","5.200000286102295"
"13.728245735168457","4.1114343929393726e-8"
"25.140033721923828","4.1114343929393726e-8"
"7.372600078582764","4.1114343929393726e-8"
"6.485193252563477","4.1114343929393726e-8"
"1.7195767164230347","4.1114343929393726e-8"
"0.30231282114982605","4.1114343929393726e-8"
"2.172389507293701","4.1114343929393726e-8"
"0.43306320905685425","4.1114343929393726e-8"
"0.5889047384262085","4.1114343929393726e-8"
"1.2948600053787231","4.1114343929393726e-8"
"0.9068174362182617","4.1114343929393726e-8"
"17.095895767211914","4.1114343929393726e-8"
"27.135807037353516","38.99999237060547"
"35.78955841064453","28.499996185302734"
"8.995392799377441","4.1114343929393726e-8"
"8.217571258544922","4.1114343929393726e-8"
"5.657937526702881","4.1114343929393726e-8"
"1.7487972974777222","4.1114343929393726e-8"
"2.901383399963379","4.1114343929393726e-8"
"3.4995195865631104","4.1114343929393726e-8"
"1.6867029666900635","4.1114343929393726e-8"
"3.1754186153411865","4.1114343929393726e-8"
"0.6926770806312561","4.1114343929393726e-8"
"20.254343032836914","4.1114343929393726e-8"
"29.914867401123047","4.1114343929393726e-8"
"32.26245880126953","32.29999542236328"
"6.171185493469238","4.1114343929393726e-8"
"9.124510765075684","4.1114343929393726e-8"
"5.484225273132324","4.1114343929393726e-8"
"1.211502194404602","4.1114343929393726e-8"
"1.065755009651184","4.1114343929393726e-8"
"3.335923194885254","4.1114343929393726e-8"
"0.43197962641716003","4.1114343929393726e-8"
"5.189379692077637","4.1114343929393726e-8"
"0.7567422986030579","1.8000000715255737"
"17.06344223022461","119.8000259399414"
"17.83711051940918","20.400001525878906"
"21.463054656982422","95.89999389648438"
"5.842333793640137","0.800000011920929"
"7.9596967697143555","0.5"
"2.1531591415405273","4.1114343929393726e-8"
"0.9402742385864258","4.1114343929393726e-8"
"4.01279354095459","4.1114343929393726e-8"
"3.9600911140441895","4.1114343929393726e-8"
"1.30923330783844","4.1114343929393726e-8"
"5.503218173980713","4.1114343929393726e-8"
"0.883961021900177","2.1000001430511475"
"16.908916473388672","2"
"13.283105850219727","11.200000762939453"
"22.62308120727539","15.799997329711914"
"6.460821151733398","0.800000011920929"
"7.8039960861206055","1.100000023841858"
"2.203463315963745","4.1114343929393726e-8"
"0.8769851922988892","4.1114343929393726e-8"
"2.893624782562256","4.1114343929393726e-8"
"4.643222808837891","4.1114343929393726e-8"
"1.7002036571502686","4.1114343929393726e-8"
"3.3041117191314697","4.1114343929393726e-8"
"1.2468022108078003","4.1114343929393726e-8"
"21.107349395751953","4.1114343929393726e-8"
"16.02958869934082","4.1114343929393726e-8"
"19.867218017578125","4.1114343929393726e-8"
"22.265064239501953","4.1114343929393726e-8"
"9.567712783813477","4.1114343929393726e-8"
"1.2028858661651611","4.1114343929393726e-8"
"1.103103518486023","4.1114343929393726e-8"
"1.6254792213439941","4.1114343929393726e-8"
"1.6865460872650146","4.1114343929393726e-8"
"0.674056887626648","4.1114343929393726e-8"
"1.0854583978652954","4.1114343929393726e-8"
"1.5438910722732544","4.1114343929393726e-8"
"29.77895736694336","4.1114343929393726e-8"
"22.36285400390625","4.1114343929393726e-8"
"28.078336715698242","4.1114343929393726e-8"
"22.926939010620117","4.1114343929393726e-8"
"12.64684009552002","4.1114343929393726e-8"
"4.69149112701416","4.1114343929393726e-8"
"1.1351795196533203","4.1114343929393726e-8"
"1.5066691637039185","4.1114343929393726e-8"
"2.2765865325927734","3.1999998092651367"
"1.0788592100143433","4.1114343929393726e-8"
"3.632303237915039","4.1114343929393726e-8"
"2.5129306316375732","4.1114343929393726e-8"
"21.202829360961914","22"
"17.836626052856445","4.1114343929393726e-8"
"17.65727996826172","22.399993896484375"
"12.779070854187012","4.1114343929393726e-8"
"8.243389129638672","4.1114343929393726e-8"
"1.6781418323516846","4.1114343929393726e-8"
"0.6709367632865906","4.1114343929393726e-8"
"3.4374208450317383","4.1114343929393726e-8"
"1.076859474182129","4.1114343929393726e-8"
"1.2851388454437256","4.1114343929393726e-8"
"2.5216214656829834","4.1114343929393726e-8"
"0.7880085706710815","4.1114343929393726e-8"
"25.91851234436035","4.1114343929393726e-8"
"29.428293228149414","4.1114343929393726e-8"
"50.50860595703125","4.1114343929393726e-8"
"15.916935920715332","4.1114343929393726e-8"
"5.497738838195801","4.1114343929393726e-8"
"3.6648080348968506","4.1114343929393726e-8"
"1.0094869136810303","4.1114343929393726e-8"
"2.683619976043701","4.1114343929393726e-8"
"0.9646562337875366","4.1114343929393726e-8"
"1.8262450695037842","4.1114343929393726e-8"
"0.31545865535736084","4.1114343929393726e-8"
"1.025805950164795","4.1114343929393726e-8"
"36.99188995361328","4.1114343929393726e-8"
"34.658363342285156","4.1114343929393726e-8"
"55.27530288696289","1.399999976158142"
"11.951518058776855","4.1114343929393726e-8"
"7.170021057128906","4.1114343929393726e-8"
"6.110008239746094","4.1114343929393726e-8"
"2.9315309524536133","4.1114343929393726e-8"
"1.563652753829956","4.1114343929393726e-8"
"0.2646411955356598","4.1114343929393726e-8"
"1.1008156538009644","4.1114343929393726e-8"
"1.0375593900680542","4.1114343929393726e-8"
"1.498645544052124","4.1114343929393726e-8"
"23.049203872680664","4.1114343929393726e-8"
"27.70200538635254","4.1114343929393726e-8"
"29.998401641845703","4.1114343929393726e-8"
"8.357098579406738","4.1114343929393726e-8"
"6.322918891906738","4.1114343929393726e-8"
"5.015440940856934","4.1114343929393726e-8"
"0.8762215375900269","4.1114343929393726e-8"
"6.531848430633545","4.1114343929393726e-8"
"2.066884756088257","4.1114343929393726e-8"
"1.567853569984436","4.1114343929393726e-8"
"0.5635507106781006","4.1114343929393726e-8"
"0.3988761305809021","4.1114343929393726e-8"
"29.11373519897461","4.1114343929393726e-8"
"25.929079055786133","4.1114343929393726e-8"
"28.698020935058594","4.1114343929393726e-8"
"5.9393181800842285","4.1114343929393726e-8"
"5.400746822357178","4.1114343929393726e-8"
"2.8261122703552246","4.1114343929393726e-8"
"0.49526411294937134","4.1114343929393726e-8"
"2.3121297359466553","4.1114343929393726e-8"
"1.9130288362503052","4.1114343929393726e-8"
"0.9894070625305176","4.1114343929393726e-8"
"0.6597028970718384","4.1114343929393726e-8"
"0.2043389528989792","4.1114343929393726e-8"
"21.001554489135742","4.1114343929393726e-8"
"20.150482177734375","4.1114343929393726e-8"
"35.49761199951172","4.1114343929393726e-8"
"6.591703414916992","4.1114343929393726e-8"
"3.5826191902160645","4.1114343929393726e-8"
"1.2956992387771606","4.1114343929393726e-8"
"0.2923646569252014","4.1114343929393726e-8"
"2.1896772384643555","4.1114343929393726e-8"
"0.9616283178329468","4.1114343929393726e-8"
"0.3214462995529175","4.1114343929393726e-8"
"0","4.1114343929393726e-8"
"1.3104608058929443","4.1114343929393726e-8"
"27.782764434814453","4.1114343929393726e-8"
"22.67301368713379","4.1114343929393726e-8"
"37.8446159362793","4.1114343929393726e-8"
"10.5944242477417","4.1114343929393726e-8"
"4.448877811431885","4.1114343929393726e-8"
"2.768832206726074","4.1114343929393726e-8"
"0.6184601187705994","4.1114343929393726e-8"
"3.612175464630127","4.1114343929393726e-8"
"1.10431969165802","4.1114343929393726e-8"
"0.8751577734947205","4.1114343929393726e-8"
"0.1482311338186264","4.1114343929393726e-8"
"1.0601527690887451","4.1114343929393726e-8"
"24.3576717376709","51.299991607666016"
"16.407861709594727","66.70001983642578"
"27.070533752441406","54.60000228881836"
"6.74669075012207","4.1114343929393726e-8"
"3.6883044242858887","4.1114343929393726e-8"
"1.8340182304382324","19.999996185302734"
"0.22415348887443542","69.30000305175781"
"2.156219482421875","25.099998474121094"
"0.3452194333076477","1.8000000715255737"
"0.5672829747200012","25.399995803833008"
"0.16344872117042542","4.1114343929393726e-8"
"0.6747384667396545","4.1114343929393726e-8"
"22.026336669921875","4.1114343929393726e-8"
"29.312358856201172","47.099998474121094"
"38.82743453979492","37.29999923706055"
"9.647270202636719","4.1114343929393726e-8"
"9.738038063049316","4.1114343929393726e-8"
"4.337184906005859","4.1114343929393726e-8"
"1.2498469352722168","4.1114343929393726e-8"
"3.3195927143096924","4.1114343929393726e-8"
"4.050495147705078","4.1114343929393726e-8"
"1.091088891029358","4.1114343929393726e-8"
"0.4429497718811035","4.1114343929393726e-8"
"1.2968344688415527","4.1114343929393726e-8"
"27.537769317626953","36.49999237060547"
"32.475608825683594","113.9000244140625"
"34.57878112792969","38.399993896484375"
"7.891355991363525","4.1114343929393726e-8"
"11.222173690795898","4.1114343929393726e-8"
"4.744053840637207","4.1114343929393726e-8"
"1.396224021911621","4.1114343929393726e-8"
"1.6967923641204834","4.1114343929393726e-8"
"2.7556111812591553","4.1114343929393726e-8"
"0.10458329319953918","4.1114343929393726e-8"
"2.1873292922973633","4.1114343929393726e-8"
"0.7781760692596436","1.8000000715255737"
"15.49539566040039","7.800000190734863"
"15.850778579711914","5.600000381469727"
"22.89836883544922","3.799999952316284"
"8.154314041137695","5.5"
"7.979396820068359","3.6999998092651367"
"4.020586967468262","15"
"0.5445772409439087","4.1114343929393726e-8"
"3.2829220294952393","15.399998664855957"
"2.1011033058166504","24.09999656677246"
"0.9454805850982666","3.0999996662139893"
"2.9404873847961426","4.1114343929393726e-8"
"0.6024904251098633","4.1114343929393726e-8"
"17.923307418823242","4.1114343929393726e-8"
"18.981550216674805","1.1999999284744263"
"22.865453720092773","8.299999237060547"
"4.995961666107178","5.900000095367432"
"11.045174598693848","1.4999998807907104"
"3.9931302070617676","1.1999999284744263"
"0.2537447214126587","4.1114343929393726e-8"
"2.40331768989563","4.1114343929393726e-8"
"5.029450416564941","5"
"0.8853738307952881","0.6000000238418579"
"1.8964883089065552","4.1114343929393726e-8"
"0.3801431655883789","4.1114343929393726e-8"
"20.087135314941406","25.299999237060547"
"17.306310653686523","4.1114343929393726e-8"
"19.91333770751953","21.899999618530273"
"10.194904327392578","4.1114343929393726e-8"
"13.32455062866211","4.1114343929393726e-8"
"1.8144913911819458","4.1114343929393726e-8"
"0.41039425134658813","4.1114343929393726e-8"
"2.2024145126342773","4.1114343929393726e-8"
"0.5242444276809692","4.1114343929393726e-8"
"0.5584550499916077","4.1114343929393726e-8"
"1.207289457321167","4.1114343929393726e-8"
"2.0214362144470215","4.1114343929393726e-8"
"28.347095489501953","14.799997329711914"
"19.005861282348633","4.1114343929393726e-8"
"28.805953979492188","18.899995803833008"
"18.946367263793945","5.200000286102295"
"10.225776672363281","4.1114343929393726e-8"
"7.096324443817139","4.1114343929393726e-8"
"1.4112589359283447","4.1114343929393726e-8"
"5.402151584625244","4.1114343929393726e-8"
"1.4296436309814453","0.4000000059604645"
"1.277501106262207","4.1114343929393726e-8"
"1.2740757465362549","4.1114343929393726e-8"
"2.0572147369384766","6.69999885559082"
"27.161819458007812","15"
"16.990480422973633","7.800000190734863"
"17.77144432067871","12.399999618530273"
"7.282948017120361","15.600000381469727"
"6.398766040802002","2.799999713897705"
"5.197770595550537","4.1114343929393726e-8"
"0.5081063508987427","4.1114343929393726e-8"
"5.400441646575928","4.1114343929393726e-8"
"1.1061952114105225","4.1114343929393726e-8"
"0.412933886051178","4.1114343929393726e-8"
"2.2658936977386475","4.1114343929393726e-8"
"0.007790276315063238","9"
"6.25814962387085","7.300000190734863"
"10.100324630737305","23.499996185302734"
"11.531526565551758","10.000000953674316"
"3.8906702995300293","7"
"1.5727581977844238","1"
"2.032935619354248","4.1114343929393726e-8"
"0.11653033643960953","0.8999999761581421"
"0.9529914855957031","4.1114343929393726e-8"
"1.4846042394638062","4.1114343929393726e-8"
"0.4505944848060608","0.19999997317790985"
"0.7598929405212402","5.999999523162842"
"0.1928984820842743","2"
"10.956355094909668","28.499996185302734"
"16.611736297607422","8.5"
"20.190643310546875","2"
"3.6681976318359375","1.2999999523162842"
"0.9849535226821899","0.10000001639127731"
"0.6164286136627197","4.1114343929393726e-8"
"0.3778803050518036","4.1114343929393726e-8"
"0.6511517763137817","4.1114343929393726e-8"
"0.6926860809326172","4.1114343929393726e-8"
"0.21050183475017548","4.1114343929393726e-8"
"0.12672513723373413","4.1114343929393726e-8"
"1.0482721328735352","2.1000001430511475"
"10.75483512878418","0.6000000238418579"
"8.069559097290039","3"
"16.634859085083008","3"
"3.416567325592041","0.7000000476837158"
"2.0080971717834473","2"
"0.638027548789978","4.1114343929393726e-8"
"0.3670913279056549","4.1114343929393726e-8"
"1.9184246063232422","4.1114343929393726e-8"
"0.4618874490261078","4.1114343929393726e-8"
"0.6684389114379883","4.1114343929393726e-8"
"0.36469602584838867","4.1114343929393726e-8"
"0.5624913573265076","1.100000023841858"
"8.802183151245117","5.999999523162842"
"13.228818893432617","3"
"11.840045928955078","11.999999046325684"
"3.957467555999756","1.1999999284744263"
"2.638413667678833","4.1114343929393726e-8"
"2.3895204067230225","4.1114343929393726e-8"
"0.10268884897232056","4.1114343929393726e-8"
"0.7092381715774536","4.1114343929393726e-8"
"0.8282254934310913","4.1114343929393726e-8"
"0.49937722086906433","4.1114343929393726e-8"
"1.1349799633026123","4.1114343929393726e-8"
"0.095628522336483","4.1114343929393726e-8"
"7.91249942779541","4.1114343929393726e-8"
"12.096893310546875","4.1114343929393726e-8"
"18.096576690673828","4.1114343929393726e-8"
"6.827841758728027","4.1114343929393726e-8"
"3.245410203933716","4.1114343929393726e-8"
"2.023975372314453","4.1114343929393726e-8"
"0.5233373045921326","4.1114343929393726e-8"
"1.453566312789917","4.1114343929393726e-8"
"0.9305514097213745","4.1114343929393726e-8"
"0.4748104214668274","4.1114343929393726e-8"
"1.0348001718521118","4.1114343929393726e-8"
"0.4899967610836029","8"
"18.76409149169922","11.999999046325684"
"19.261375427246094","7.100000381469727"
"24.29535675048828","22"
"13.86847972869873","7"
"9.903692245483398","4.1114343929393726e-8"
"6.656050205230713","4.1114343929393726e-8"
"0.7560762763023376","4.1114343929393726e-8"
"3.3316431045532227","4.1114343929393726e-8"
"2.8213353157043457","4.1114343929393726e-8"
"4.672647953033447","0.5"
"3.8038387298583984","0.7000000476837158"
"1.185175895690918","4"
"15.762296676635742","14.000000953674316"
"14.210675239562988","8"
"19.73777961730957","5.999999523162842"
"13.159173965454102","0.19999997317790985"
"6.618656635284424","0.7000000476837158"
"1.8254210948944092","13.40000057220459"
"0.5249908566474915","14.499999046325684"
"3.3623266220092773","3"
"2.2580037117004395","14.000000953674316"
"1.6621251106262207","3.0999996662139893"
"1.0516663789749146","42.99999237060547"
"1.6636444330215454","4.099999904632568"
"13.683303833007812","19"
"22.387510299682617","50.199989318847656"
"25.851375579833984","20.999996185302734"
"15.63487720489502","4.800000190734863"
"5.9320969581604","1.1999999284744263"
"2.5102829933166504","15.600000381469727"
"0.2339860051870346","1.2999999523162842"
"0.9945886731147766","2"
"1.6692230701446533","39.19999694824219"
"0.30470314621925354","0.10000001639127731"
"2.2537994384765625","4"
"0.5029808878898621","4.1114343929393726e-8"
"25.96314811706543","1"
"30.970151901245117","15"
"24.91626739501953","5"
"4.682399749755859","4"
"2.742332935333252","3.499999523162842"
"2.305513381958008","8"
"1.175129771232605","3"
"0.5972309112548828","3"
"0.844401478767395","4.1114343929393726e-8"
"0.2033127397298813","10.000000953674316"
"6.137913227081299","51.999996185302734"
"1.11055326461792","31"
"20.64731216430664","12.999998092651367"
"18.891551971435547","22.19999122619629"
"16.845626831054688","10.000000953674316"
"4.574875831604004","24.000001907348633"
"5.824277400970459","16.299997329711914"
"1.6911206245422363","8.199999809265137"
"0.9922067523002625","4.1114343929393726e-8"
"2.7161147594451904","2"
"0.5632910132408142","4"
"1.520430088043213","4.1114343929393726e-8"
"4.833079814910889","4.1114343929393726e-8"
"1.9766712188720703","3"
"22.19990348815918","4.1114343929393726e-8"
"17.324390411376953","4.1114343929393726e-8"
"20.73196029663086","4.1114343929393726e-8"
"11.03892707824707","4"
"6.560635089874268","4.1114343929393726e-8"
"6.965467929840088","2"
"2.0191967487335205","87.00000762939453"
"4.812297821044922","22"
"3.538832426071167","7"
"3.2292394638061523","4.1114343929393726e-8"
"1.6596455574035645","0.800000011920929"
"2.5452065467834473","4.1114343929393726e-8"
"27.426498413085938","4"
"37.936309814453125","25.999996185302734"
"33.12259292602539","3.799999952316284"
"17.24860191345215","4.1114343929393726e-8"
"15.291584968566895","4.1114343929393726e-8"
"5.712169647216797","4.1114343929393726e-8"
"1.5363068580627441","4.1114343929393726e-8"
"3.325596809387207","4.1114343929393726e-8"
"2.2918262481689453","4.1114343929393726e-8"
"1.0786513090133667","4.1114343929393726e-8"
"2.174025297164917","4.1114343929393726e-8"
"1.9079375267028809","19"
"23.051565170288086","33"
"40.48722839355469","38.99999237060547"
"39.59132385253906","31"
"15.776321411132812","9"
"15.07690143585205","4.1114343929393726e-8"
"10.29079818725586","4"
"2.7481908798217773","4.1114343929393726e-8"
"4.772246837615967","4.1114343929393726e-8"
"8.123894691467285","4.1114343929393726e-8"
"3.7741079330444336","4.1114343929393726e-8"
"10.15353775024414","4.1114343929393726e-8"
"2.460768222808838","18"
"22.694984436035156","5.999999523162842"
"28.82206153869629","19.999996185302734"
"30.923873901367188","14.000000953674316"
"11.327852249145508","23"
"9.04688549041748","26.999996185302734"
"9.327953338623047","3"
"0.9700276851654053","7"
"7.578606605529785","6.299999237060547"
"8.216665267944336","9.699997901916504"
"2.712186574935913","5"
"8.96496868133545","4"
"1.6718237400054932","4.1114343929393726e-8"
"25.74362564086914","37"
"36.1270751953125","4.700000286102295"
"37.82155227661133","37"
"6.460367679595947","4.1114343929393726e-8"
"9.675174713134766","4.1114343929393726e-8"
"3.7455625534057617","0.30000001192092896"
"1.6810145378112793","4.1114343929393726e-8"
"5.004585266113281","4.1114343929393726e-8"
"11.19087028503418","4.1114343929393726e-8"
"3.099184036254883","4.1114343929393726e-8"
"7.7448201179504395","4.1114343929393726e-8"
"1.665827989578247","4.1114343929393726e-8"
"24.497434616088867","5"
"35.836814880371094","4.1114343929393726e-8"
"39.84834289550781","46.99999237060547"
"21.133676528930664","0.30000001192092896"
"8.665729522705078","0.6000000238418579"
"1.9466626644134521","4.1114343929393726e-8"
"3.631270408630371","4.1114343929393726e-8"
"2.59305477142334","4.1114343929393726e-8"
"7.5903215408325195","0.8999999761581421"
"2.1073288917541504","0.5"
"1.9575393199920654","31.499990463256836"
"3.03730845451355","0.10000001639127731"
"23.385839462280273","4.1114343929393726e-8"
"14.56027889251709","4.1114343929393726e-8"
"34.49821090698242","4"
"12.815347671508789","2.9000000953674316"
"9.136116027832031","14.000000953674316"
"3.221752405166626","19.999996185302734"
"1.352708101272583","0.4000000059604645"
"4.835821628570557","9"
"2.543487548828125","11.999999046325684"
"2.8623790740966797","4.1114343929393726e-8"
"0.1948048323392868","65.99998474121094"
"1.8438903093338013","9.399998664855957"
"18.46836280822754","73.00000762939453"
"20.75830841064453","3"
"21.788536071777344","68"
"9.703919410705566","7"
"2.90915584564209","9"
"2.2023227214813232","5"
"0.20058898627758026","2.799999713897705"
"1.6769825220108032","1"
"0.9338902235031128","5"
"0.38550832867622375","0.10000001639127731"
"0","4.1114343929393726e-8"
"0","4.1114343929393726e-8"
"18.833599090576172","15.999996185302734"
"21.008342742919922","5.999999523162842"
"27.48880958557129","19"
"3.4782705307006836","0.6000000238418579"
"1.5918294191360474","4.1114343929393726e-8"
"1.440298080444336","4.1114343929393726e-8"
"0.12838368117809296","4.1114343929393726e-8"
"0.8213068842887878","4.1114343929393726e-8"
"0.35675716400146484","4.1114343929393726e-8"
"0.11175374686717987","4.1114343929393726e-8"
"1.1230555772781372","5.999999523162842"
"0.02247381955385208","20.299999237060547"
"20.91379165649414","4.1114343929393726e-8"
"28.245277404785156","23"
"29.794607162475586","8"
"6.191312313079834","7.40000057220459"
"1.353129506111145","4.300000190734863"
"5.5694990158081055","4.1114343929393726e-8"
"3.1873056888580322","4.1114343929393726e-8"
"3.40545916557312","4.1114343929393726e-8"
"4.2379865646362305","4.1114343929393726e-8"
"4.556794166564941","4.1114343929393726e-8"
"5.970551490783691","29.000001907348633"
"0.6178908944129944","0.6000000238418579"
"18.934642791748047","5.999999523162842"
"11.501899719238281","15"
"16.517576217651367","8"
"8.063888549804688","1.8000000715255737"
"8.665672302246094","4.1114343929393726e-8"
"6.304131507873535","0.19999997317790985"
"1.5174686908721924","3"
"6.183667182922363","0.6000000238418579"
"6.545481204986572","0.5"
"2.79541277885437","1"
"9.171812057495117","0.8999999761581421"
"0.9347978234291077","35.999996185302734"
"14.5049409866333","79"
"15.711076736450195","19"
"23.758960723876953","63"
"19.403118133544922","16.799997329711914"
"14.376245498657227","16.099998474121094"
"4.1849141120910645","24.5"
"2.2508785724639893","9"
"3.8636722564697266","19.399999618530273"
"10.651748657226562","1.399999976158142"
"6.109711647033691","12.999998092651367"
"10.679512023925781","4.099999904632568"
"1.1713271141052246","84.99998474121094"
"16.717405319213867","19"
"13.98745346069336","8.199999809265137"
"27.19574737548828","43.99999237060547"
"11.391844749450684","65.99998474121094"
"10.061963081359863","22.899999618530273"
"2.7661290168762207","58.299991607666016"
"3.3364298343658447","58.000003814697266"
"1.7867687940597534","69.9999771118164"
"5.924708843231201","73.00000762939453"
"2.7413666248321533","99.00000762939453"
"4.0624260902404785","24.000001907348633"
"0.5876645445823669","3"
"14.281447410583496","4.1114343929393726e-8"
"11.328333854675293","4.1114343929393726e-8"
"22.926612854003906","4.1114343929393726e-8"
"7.465601921081543","4"
"4.3320112228393555","8"
"1.1744722127914429","3"
"0.19607864320278168","2"
"1.5745315551757812","19"
"1.8390389680862427","9"
"1.0223861932754517","11"
"1.1086034774780273","15.999996185302734"
"0.8428696393966675","4.1114343929393726e-8"
"19.223051071166992","4.1114343929393726e-8"
"21.553295135498047","5"
"21.74959945678711","4.1114343929393726e-8"
"6.118138313293457","4.1114343929393726e-8"
"2.897679090499878","4.1114343929393726e-8"
"1.3663065433502197","4.1114343929393726e-8"
"0","10.000000953674316"
"1.016642689704895","4.1114343929393726e-8"
"0.7614279985427856","4.1114343929393726e-8"
"0.5076866149902344","4.1114343929393726e-8"
"0.3389967381954193","2"
"0.26528677344322205","0.19999997317790985"
"16.370601654052734","4"
"16.604650497436523","4.1114343929393726e-8"
"30.55744171142578","3"
"5.127994537353516","5"
"2.8182132244110107","2"
"1.6212811470031738","9"
"0.3564728796482086","7"
"1.1750624179840088","2.3000001907348633"
"0.12350903451442719","4.1114343929393726e-8"
"0.04665932431817055","9"
"0","2.1999998092651367"
"0.4667530953884125","4.1114343929393726e-8"
"25.19980239868164","14.499999046325684"
"21.748394012451172","0.5"
"23.57024574279785","4.1114343929393726e-8"
"9.718368530273438","3"
"4.001072406768799","4.1114343929393726e-8"
"5.971464157104492","4"
"1.4275258779525757","1"
"2.442807674407959","2.6000001430511475"
"1.9280080795288086","0.6000000238418579"
"0.9148867726325989","0.10000001639127731"
"1.3020657300949097","4.1114343929393726e-8"
"0.481944739818573","4.1114343929393726e-8"
"18.24739646911621","4"
"8.90567398071289","3.0999996662139893"
"17.374849319458008","0.800000011920929"
"7.482308387756348","4.1114343929393726e-8"
"5.027730941772461","4.1114343929393726e-8"
"3.762151002883911","4.1114343929393726e-8"
"0.09057974070310593","4.1114343929393726e-8"
"4.360138416290283","4.1114343929393726e-8"
"1.1794408559799194","4.1114343929393726e-8"
"0.5357757806777954","4.1114343929393726e-8"
"0.014321686699986458","4.1114343929393726e-8"
"0.6837769150733948","4.1114343929393726e-8"
"27.3443660736084","0.7000000476837158"
"19.47567367553711","15"
"31.333566665649414","4.400000095367432"
"13.473137855529785","12.100000381469727"
"4.231564521789551","4.1114343929393726e-8"
"3.2182343006134033","4.600000381469727"
"0.7795266509056091","4.1114343929393726e-8"
"4.66998291015625","4.1114343929393726e-8"
"1.5392467975616455","1"
"1.0237010717391968","4.1114343929393726e-8"
"0.7625244855880737","4.1114343929393726e-8"
"0.6064391136169434","4.1114343929393726e-8"
"36.82975769042969","9"
"19.63034439086914","4.1114343929393726e-8"
"37.02436828613281","8.899998664855957"
"10.474920272827148","4.1114343929393726e-8"
"3.244061231613159","4.1114343929393726e-8"
"3.4612081050872803","4.1114343929393726e-8"
"2.1132302284240723","4.1114343929393726e-8"
"3.391204357147217","4.1114343929393726e-8"
"0.5211954712867737","4.1114343929393726e-8"
"0.4246090054512024","4.1114343929393726e-8"
"1.0485347509384155","4.1114343929393726e-8"
"1.6812764406204224","4.1114343929393726e-8"
"29.154830932617188","4.1114343929393726e-8"
"18.683368682861328","3.499999523162842"
"26.801830291748047","1.899999976158142"
"10.319652557373047","4.1114343929393726e-8"
"6.609391212463379","4.1114343929393726e-8"
"2.772826910018921","4.1114343929393726e-8"
"0.587620735168457","4.1114343929393726e-8"
"8.387749671936035","4.1114343929393726e-8"
"0.5199435949325562","4.1114343929393726e-8"
"0.7200671434402466","4.1114343929393726e-8"
"0.25101977586746216","4.1114343929393726e-8"
"1.112648367881775","4.1114343929393726e-8"
"24.97916603088379","5.200000286102295"
"18.941797256469727","4.1114343929393726e-8"
"22.32781219482422","4.1114343929393726e-8"
"7.122040271759033","4.1114343929393726e-8"
"2.569310188293457","4.1114343929393726e-8"
"1.205280065536499","4.1114343929393726e-8"
"0.29785335063934326","4.1114343929393726e-8"
"1.299314022064209","4.1114343929393726e-8"
"0.43115824460983276","4.1114343929393726e-8"
"0.13822127878665924","4.1114343929393726e-8"
"0.24501287937164307","4.1114343929393726e-8"
"0.07309292256832123","4.1114343929393726e-8"
"22.402252197265625","4.1114343929393726e-8"
"18.98370933532715","38.99999237060547"
"26.446083068847656","28.499996185302734"
"5.331872940063477","4.1114343929393726e-8"
"2.4070608615875244","4.1114343929393726e-8"
"1.0143636465072632","4.1114343929393726e-8"
"0.5855706334114075","4.1114343929393726e-8"
"2.2924084663391113","4.1114343929393726e-8"
"0.33226966857910156","4.1114343929393726e-8"
"0.05526040866971016","4.1114343929393726e-8"
"0.4604809284210205","4.1114343929393726e-8"
"0.4364698529243469","4.1114343929393726e-8"
"26.416297912597656","4.1114343929393726e-8"
"27.02973175048828","4.1114343929393726e-8"
"37.908424377441406","32.29999542236328"
"7.668972015380859","4.1114343929393726e-8"
"5.434500217437744","4.1114343929393726e-8"
"3.962299346923828","4.1114343929393726e-8"
"1.3258848190307617","4.1114343929393726e-8"
"7.346039295196533","4.1114343929393726e-8"
"2.8594343662261963","4.1114343929393726e-8"
"1.2108705043792725","4.1114343929393726e-8"
"1.0883125066757202","4.1114343929393726e-8"
"1.9879436492919922","1.8000000715255737"
"21.160093307495117","119.8000259399414"
"18.17728614807129","20.400001525878906"
"21.423152923583984","95.89999389648438"
"7.197493553161621","0.800000011920929"
"10.43067741394043","0.5"
"1.919814109802246","4.1114343929393726e-8"
"0","4.1114343929393726e-8"
"3.6153688430786133","4.1114343929393726e-8"
"1.2604930400848389","4.1114343929393726e-8"
"0.46106666326522827","4.1114343929393726e-8"
"0.23619680106639862","4.1114343929393726e-8"
"1.9120365381240845","2.1000001430511475"
"16.202104568481445","2"
"28.692489624023438","11.200000762939453"
"30.834672927856445","15.799997329711914"
"8.588608741760254","0.800000011920929"
"9.945449829101562","1.100000023841858"
"2.8689918518066406","4.1114343929393726e-8"
"1.0300319194793701","4.1114343929393726e-8"
"2.5830233097076416","4.1114343929393726e-8"
"1.4059009552001953","4.1114343929393726e-8"
"0.41773852705955505","4.1114343929393726e-8"
"1.6590642929077148","4.1114343929393726e-8"
"0.2287483960390091","4.1114343929393726e-8"
"32.54420471191406","4.1114343929393726e-8"
"24.54376220703125","4.1114343929393726e-8"
"38.6141471862793","4.1114343929393726e-8"
"4.961247444152832","4.1114343929393726e-8"
"3.5603437423706055","4.1114343929393726e-8"
"2.4353299140930176","4.1114343929393726e-8"
"1.8712650537490845","4.1114343929393726e-8"
"2.66400146484375","4.1114343929393726e-8"
"2.0138938426971436","4.1114343929393726e-8"
"0.8692994713783264","4.1114343929393726e-8"
"0.9893443584442139","4.1114343929393726e-8"
"1.167536973953247","4.1114343929393726e-8"
"23.04380226135254","4.1114343929393726e-8"
"17.957103729248047","4.1114343929393726e-8"
"25.71236801147461","4.1114343929393726e-8"
"5.556933879852295","4.1114343929393726e-8"
"5.262535095214844","4.1114343929393726e-8"
"2.743805408477783","4.1114343929393726e-8"
"0.4684220850467682","4.1114343929393726e-8"
"5.269723892211914","4.1114343929393726e-8"
"1.3596992492675781","3.1999998092651367"
"0.8083440065383911","4.1114343929393726e-8"
"0.889893114566803","4.1114343929393726e-8"
"0.4493795335292816","4.1114343929393726e-8"
"29.474002838134766","22"
"16.346755981445312","4.1114343929393726e-8"
"36.20922088623047","22.399993896484375"
"4.663646221160889","4.1114343929393726e-8"
"5.253383159637451","4.1114343929393726e-8"
"3.7754108905792236","4.1114343929393726e-8"
"0.16777129471302032","4.1114343929393726e-8"
"2.8062753677368164","4.1114343929393726e-8"
"1.6959455013275146","4.1114343929393726e-8"
"0.7287476658821106","4.1114343929393726e-8"
"0.868766725063324","4.1114343929393726e-8"
"0.361493319272995","4.1114343929393726e-8"
"24.704111099243164","15.399998664855957"
"18.423582077026367","4.1114343929393726e-8"
"29.625625610351562","25.399995803833008"
"8.118270874023438","4.1114343929393726e-8"
"9.64452075958252","4.1114343929393726e-8"
"1.8316618204116821","4.1114343929393726e-8"
"0.46110808849334717","2.1000001430511475"
"1.602694034576416","4.1114343929393726e-8"
"1.2243627309799194","4.1114343929393726e-8"
"0.38402456045150757","4.1114343929393726e-8"
"0.4794837534427643","24.89999771118164"
"1.0158137083053589","4.1114343929393726e-8"
"22.804153442382812","48.09999465942383"
"18.1261043548584","4.1114343929393726e-8"
"22.716224670410156","4.1114343929393726e-8"
"10.948928833007812","4.1114343929393726e-8"
"10.217790603637695","4.1114343929393726e-8"
"5.818856716156006","4.1114343929393726e-8"
"1.2438939809799194","4.1114343929393726e-8"
"2.7344372272491455","4.1114343929393726e-8"
"2.3164165019989014","4.1114343929393726e-8"
"1.211664080619812","4.1114343929393726e-8"
"0.9094412326812744","4.1114343929393726e-8"
"1.4092063903808594","32.29999542236328"
"16.769268035888672","25.799999237060547"
"12.892714500427246","4.1114343929393726e-8"
"20.954933166503906","4.1114343929393726e-8"
"6.032746315002441","90.89999389648438"
"6.424111843109131","12.59999942779541"
"1.434685230255127","4.1114343929393726e-8"
"0","4.1114343929393726e-8"
"2.3603296279907227","31.399993896484375"
"1.2137335538864136","4.1114343929393726e-8"
"0.5031409859657288","15"
"0.1782894879579544","4.1114343929393726e-8"
"0.11806251108646393","4.1114343929393726e-8"
"17.67582893371582","4.1114343929393726e-8"
"19.997949600219727","4.1114343929393726e-8"
"31.33320426940918","4.1114343929393726e-8"
"6.763947486877441","4.1114343929393726e-8"
"1.7314194440841675","4.1114343929393726e-8"
"1.6258209943771362","4.1114343929393726e-8"
"0.24864831566810608","4.1114343929393726e-8"
"2.7817792892456055","4.1114343929393726e-8"
"0.41202449798583984","4.1114343929393726e-8"
"0.03406306356191635","4.1114343929393726e-8"
"0","4.1114343929393726e-8"
"0.09059605747461319","4.1114343929393726e-8"
"32.05808639526367","4.1114343929393726e-8"
"22.866897583007812","4.1114343929393726e-8"
"42.60992431640625","4.1114343929393726e-8"
"9.877963066101074","4.1114343929393726e-8"
"0.6981982588768005","4.1114343929393726e-8"
"0.9662303924560547","4.1114343929393726e-8"
"1.003204345703125","4.1114343929393726e-8"
"2.0306332111358643","4.1114343929393726e-8"
"0","4.1114343929393726e-8"
"0.06925158202648163","4.1114343929393726e-8"
"0.061873555183410645","4.1114343929393726e-8"
"1.3464974164962769","4.1114343929393726e-8"
"25.103538513183594","4.1114343929393726e-8"
"26.717796325683594","4.1114343929393726e-8"
"38.484798431396484","4.1114343929393726e-8"
"10.0065279006958","4.1114343929393726e-8"
"4.7420501708984375","4.1114343929393726e-8"
"2.501068115234375","4.1114343929393726e-8"
"0.5428798794746399","4.1114343929393726e-8"
"6.987851619720459","4.1114343929393726e-8"
"0.5156264305114746","4.1114343929393726e-8"
"0.8280456066131592","4.1114343929393726e-8"
"1.1015442609786987","4.1114343929393726e-8"
"0.4341990351676941","4.1114343929393726e-8"
"21.2203311920166","51.299991607666016"
"22.374048233032227","66.70001983642578"
"29.784439086914062","54.60000228881836"
"8.34521484375","4.1114343929393726e-8"
"6.310196876525879","4.1114343929393726e-8"
"3.216383695602417","19.999996185302734"
"1.0708125829696655","69.30000305175781"
"3.705258369445801","25.099998474121094"
"1.5199352502822876","1.8000000715255737"
"1.8614051342010498","25.399995803833008"
"1.769392490386963","4.1114343929393726e-8"
"0.3728547692298889","4.1114343929393726e-8"
"16.471694946289062","4.1114343929393726e-8"
"19.821664810180664","47.099998474121094"
"24.87208366394043","37.29999923706055"
"11.983510971069336","4.1114343929393726e-8"
"12.662821769714355","4.1114343929393726e-8"
"2.2799291610717773","4.1114343929393726e-8"
"0.7180523872375488","4.1114343929393726e-8"
"2.958226442337036","4.1114343929393726e-8"
"2.424314260482788","4.1114343929393726e-8"
"0.921444296836853","4.1114343929393726e-8"
"1.347029209136963","4.1114343929393726e-8"
"0.8375388383865356","4.1114343929393726e-8"
"20.161693572998047","36.49999237060547"
"30.100893020629883","113.9000244140625"
"30.617372512817383","38.399993896484375"
"11.170658111572266","4.1114343929393726e-8"
"13.831351280212402","4.1114343929393726e-8"
"4.553536891937256","4.1114343929393726e-8"
"0.6735544204711914","4.1114343929393726e-8"
"2.9630439281463623","4.1114343929393726e-8"
"4.272410869598389","4.1114343929393726e-8"
"1.2876620292663574","4.1114343929393726e-8"
"4.614988327026367","4.1114343929393726e-8"
"0.6030341386795044","1.8000000715255737"
"17.135658264160156","7.800000190734863"
"14.34996509552002","5.600000381469727"
"22.42180633544922","3.799999952316284"
"5.674126148223877","5.5"
"4.345061779022217","3.6999998092651367"
"0.5144038796424866","15"
"0.2747209966182709","4.1114343929393726e-8"
"2.9153318405151367","15.399998664855957"
"3.0438318252563477","24.09999656677246"
"1.329334020614624","3.0999996662139893"
"1.5874987840652466","4.1114343929393726e-8"
"0.7981970906257629","4.1114343929393726e-8"
"18.526460647583008","4.1114343929393726e-8"
"19.917640686035156","1.1999999284744263"
"22.681509017944336","8.299999237060547"
"12.546810150146484","5.900000095367432"
"8.027215003967285","1.4999998807907104"
"1.441009283065796","1.1999999284744263"
"0.4445308744907379","4.1114343929393726e-8"
"2.4426112174987793","4.1114343929393726e-8"
"3.2652101516723633","5"
"0.9367098808288574","0.6000000238418579"
"0.3465808928012848","4.1114343929393726e-8"
"0.9460110664367676","4.1114343929393726e-8"
"21.061792373657227","25.299999237060547"
"14.949504852294922","4.1114343929393726e-8"
"20.094955444335938","21.899999618530273"
"7.927103042602539","4.1114343929393726e-8"
"4.734516143798828","4.1114343929393726e-8"
"2.87959361076355","4.1114343929393726e-8"
"0.5771283507347107","4.1114343929393726e-8"
"1.2537851333618164","4.1114343929393726e-8"
"1.000964879989624","4.1114343929393726e-8"
"0.2894468605518341","4.1114343929393726e-8"
"0.8830263018608093","4.1114343929393726e-8"
"0.37440288066864014","4.1114343929393726e-8"
"18.95979118347168","14.799997329711914"
"14.704248428344727","4.1114343929393726e-8"
"17.692935943603516","18.899995803833008"
"5.7939605712890625","5.200000286102295"
"3.553295612335205","4.1114343929393726e-8"
"2.039067268371582","4.1114343929393726e-8"
"0.4386301040649414","4.1114343929393726e-8"
"3.0583534240722656","4.1114343929393726e-8"
"0.8731931447982788","0.4000000059604645"
"0.9724221229553223","4.1114343929393726e-8"
"2.112313747406006","4.1114343929393726e-8"
"0.6029778718948364","6.69999885559082"
"23.1458740234375","15"
"30.286487579345703","7.800000190734863"
"29.287038803100586","12.399999618530273"
"8.563220977783203","15.600000381469727"
"4.360929489135742","2.799999713897705"
"5.578564643859863","4.1114343929393726e-8"
"0.5191250443458557","4.1114343929393726e-8"
"3.3955252170562744","4.1114343929393726e-8"
"6.500790596008301","4.1114343929393726e-8"
"1.5729241371154785","4.1114343929393726e-8"
"7.381196022033691","4.1114343929393726e-8"
"0.30525991320610046","4.1114343929393726e-8"
"19.44129180908203","10.099998474121094"
"16.700727462768555","27.700000762939453"
"23.659271240234375","15.699999809265137"
"8.309269905090332","2.1999998092651367"
"12.983028411865234","4.199999809265137"
"2.2801129817962646","4.1114343929393726e-8"
"1.709760069847107","4.1114343929393726e-8"
"2.347472906112671","4.1114343929393726e-8"
"3.0136334896087646","4.1114343929393726e-8"
"0.8476105332374573","4.1114343929393726e-8"
"13.11440658569336","4.1114343929393726e-8"
"0.8637866973876953","8.80000114440918"
"17.229564666748047","17.699995040893555"
"15.500174522399902","8"
"22.617843627929688","24.599998474121094"
"13.965375900268555","13.699997901916504"
"13.489033699035645","1.1999999284744263"
"5.477438449859619","4.1114343929393726e-8"
"3.2960872650146484","4.1114343929393726e-8"
"3.4998302459716797","4.1114343929393726e-8"
"5.038102149963379","4.1114343929393726e-8"
"3.7220840454101562","4.1114343929393726e-8"
"12.26782512664795","4.1114343929393726e-8"
"3.1299993991851807","0.5"
"13.605562210083008","3.5999999046325684"
"13.814433097839355","1.8000000715255737"
"18.256906509399414","5.300000190734863"
"16.87171745300293","2"
"10.464117050170898","4.1114343929393726e-8"
"3.5606651306152344","4.1114343929393726e-8"
"0.7071927785873413","4.1114343929393726e-8"
"3.372802734375","4.1114343929393726e-8"
"3.155668020248413","4.1114343929393726e-8"
"1.6928558349609375","4.1114343929393726e-8"
"1.8015213012695312","4.1114343929393726e-8"
"0.4248429238796234","1.100000023841858"
"13.8587064743042","5.999999523162842"
"20.770870208740234","3"
"20.19188690185547","11.999999046325684"
"8.134418487548828","1.1999999284744263"
"3.286532163619995","4.1114343929393726e-8"
"2.6684939861297607","4.1114343929393726e-8"
"0.4617167115211487","4.1114343929393726e-8"
"0.9082006216049194","4.1114343929393726e-8"
"0.40025174617767334","4.1114343929393726e-8"
"0.6519999504089355","4.1114343929393726e-8"
"0.5480479598045349","4.1114343929393726e-8"
"0.11776965856552124","4.1114343929393726e-8"
"21.548940658569336","4.1114343929393726e-8"
"27.941776275634766","4.1114343929393726e-8"
"23.68441390991211","4.1114343929393726e-8"
"12.946022033691406","4.1114343929393726e-8"
"2.1519484519958496","4.1114343929393726e-8"
"4.787290573120117","4.1114343929393726e-8"
"1.5709445476531982","4.1114343929393726e-8"
"1.4568688869476318","4.1114343929393726e-8"
"0.4363574981689453","4.1114343929393726e-8"
"0.7896320223808289","4.1114343929393726e-8"
"2.8183979988098145","4.1114343929393726e-8"
"0.9947576522827148","8"
"17.910282135009766","11.999999046325684"
"21.63102149963379","7.100000381469727"
"21.487510681152344","22"
"8.294466972351074","7"
"5.7272772789001465","4.1114343929393726e-8"
"4.577326774597168","4.1114343929393726e-8"
"2.350677967071533","4.1114343929393726e-8"
"4.249053001403809","4.1114343929393726e-8"
"2.7524337768554688","4.1114343929393726e-8"
"4.6487717628479","0.5"
"6.0536885261535645","0.7000000476837158"
"0.6476849913597107","4"
"18.578975677490234","14.000000953674316"
"20.822874069213867","8"
"29.685184478759766","5.999999523162842"
"15.393197059631348","0.19999997317790985"
"12.07742691040039","0.7000000476837158"
"3.9426398277282715","13.40000057220459"
"1.1102432012557983","14.499999046325684"
"4.638210296630859","3"
"6.731009483337402","14.000000953674316"
"4.904947280883789","3.0999996662139893"
"8.969056129455566","42.99999237060547"
"0.33361563086509705","4.099999904632568"
"8.940762519836426","19"
"10.499736785888672","50.199989318847656"
"24.77438735961914","20.999996185302734"
"14.989585876464844","4.800000190734863"
"8.658452987670898","1.1999999284744263"
"1.802171230316162","15.600000381469727"
"1.830757975578308","1.2999999523162842"
"1.212863802909851","2"
"1.890803575515747","39.19999694824219"
"1.7430903911590576","0.10000001639127731"
"8.320578575134277","4"
"1.1014200448989868","4.1114343929393726e-8"
"8.730076789855957","1"
"13.686686515808105","15"
"20.02431869506836","5"
"11.965627670288086","4"
"6.3391618728637695","3.499999523162842"
"3.382045269012451","8"
"2.9720704555511475","3"
"2.4107120037078857","3"
"4.739068508148193","4.1114343929393726e-8"
"4.996910095214844","10.000000953674316"
"3.849226236343384","51.999996185302734"
"1.6177560091018677","31"
"9.462457656860352","12.999998092651367"
"18.125707626342773","22.19999122619629"
"12.856128692626953","10.000000953674316"
"14.890626907348633","24.000001907348633"
"5.547037124633789","16.299997329711914"
"1.252598524093628","8.199999809265137"
"0.15686820447444916","4.1114343929393726e-8"
"0.996877133846283","2"
"1.792268991470337","4"
"0.9189485311508179","4.1114343929393726e-8"
"1.5348777770996094","4.1114343929393726e-8"
"1.0716445446014404","3"
"13.667157173156738","4.1114343929393726e-8"
"24.432144165039062","4.1114343929393726e-8"
"20.232507705688477","4.1114343929393726e-8"
"16.27387046813965","4"
"4.630882263183594","4.1114343929393726e-8"
"1.5059497356414795","2"
"0.5894697904586792","87.00000762939453"
"1.2618513107299805","22"
"0.9550053477287292","7"
"0.8732606172561646","4.1114343929393726e-8"
"1.2234649658203125","0.800000011920929"
"0.964137077331543","4.1114343929393726e-8"
"17.68037986755371","4"
"23.25452995300293","25.999996185302734"
"23.07206916809082","3.799999952316284"
"9.950477600097656","4.1114343929393726e-8"
"2.571948528289795","4.1114343929393726e-8"
"3.3687469959259033","4.1114343929393726e-8"
"4.546310901641846","4.1114343929393726e-8"
"1.9354804754257202","4.1114343929393726e-8"
"0.7754325866699219","4.1114343929393726e-8"
"0.8176227807998657","4.1114343929393726e-8"
"3.856393814086914","4.1114343929393726e-8"
"2.816789388656616","19"
"14.760944366455078","33"
"16.64600372314453","38.99999237060547"
"13.100713729858398","31"
"9.479187965393066","9"
"5.0163702964782715","4.1114343929393726e-8"
"5.244408130645752","4"
"2.9524810314178467","4.1114343929393726e-8"
"14.82970905303955","4.1114343929393726e-8"
"2.2103991508483887","4.1114343929393726e-8"
"2.5016798973083496","4.1114343929393726e-8"
"4.653393745422363","4.1114343929393726e-8"
"2.2679502964019775","18"
"16.247129440307617","5.999999523162842"
"22.562360763549805","19.999996185302734"
"30.00586700439453","14.000000953674316"
"10.736509323120117","23"
"7.313356399536133","26.999996185302734"
"7.484243869781494","3"
"1.2511934041976929","7"
"4.160635471343994","6.299999237060547"
"2.55605149269104","9.699997901916504"
"1.3876359462738037","5"
"2.5244624614715576","4"
"1.7692734003067017","9"
"20.55494499206543","4.1114343929393726e-8"
"37.073509216308594","0.10000001639127731"
"47.21110534667969","3.0999996662139893"
"12.099860191345215","26.999996185302734"
"8.176630020141602","38.99999237060547"
"2.729633331298828","11.999999046325684"
"0.5993269085884094","4.1114343929393726e-8"
"3.826462745666504","11.69999885559082"
"1.9870365858078003","5"
"0.8193480968475342","9"
"2.852015733718872","1"
"2.57710862159729","4.1114343929393726e-8"
"22.574560165405273","8"
"39.37342834472656","4.1114343929393726e-8"
"48.224517822265625","5.900000095367432"
"11.954495429992676","4.1114343929393726e-8"
"13.993103981018066","4.1114343929393726e-8"
"8.809844970703125","4.1114343929393726e-8"
"2.1108038425445557","4.1114343929393726e-8"
"6.433742046356201","4.1114343929393726e-8"
"6.223147392272949","4.1114343929393726e-8"
"2.625980854034424","4.1114343929393726e-8"
"4.5927557945251465","4.1114343929393726e-8"
"4.428157806396484","42.30000305175781"
"24.118789672851562","4.1114343929393726e-8"
"16.75217056274414","19.999996185302734"
"28.621301651000977","29.999998092651367"
"10.13377571105957","25.999996185302734"
"13.900642395019531","2"
"8.133320808410645","4.1114343929393726e-8"
"0.3246523439884186","4.1114343929393726e-8"
"8.942611694335938","0.6000000238418579"
"4.876369476318359","4.1114343929393726e-8"
"1.9675511121749878","0.30000001192092896"
"5.72172737121582","4.1114343929393726e-8"
"0.741129994392395","9.399998664855957"
"27.604778289794922","73.00000762939453"
"31.6263370513916","3"
"28.980266571044922","68"
"8.691221237182617","7"
"4.261998176574707","9"
"2.9475162029266357","5"
"1.1903005838394165","2.799999713897705"
"1.7713360786437988","1"
"1.1366513967514038","5"
"0.7908990979194641","0.10000001639127731"
"1.7249672412872314","4.1114343929393726e-8"
"0.4662435054779053","4.1114343929393726e-8"
"45.25205993652344","15.999996185302734"
"30.75132942199707","5.999999523162842"
"43.68975830078125","19"
"6.08998966217041","0.6000000238418579"
"2.3195674419403076","4.1114343929393726e-8"
"1.8997936248779297","4.1114343929393726e-8"
"3.2801520824432373","4.1114343929393726e-8"
"3.204876184463501","4.1114343929393726e-8"
"0.7662726640701294","4.1114343929393726e-8"
"0.9078015685081482","4.1114343929393726e-8"
"0.5204140543937683","5.999999523162842"
"3.810410976409912","20.299999237060547"
"19.086082458496094","4.1114343929393726e-8"
"26.044513702392578","23"
"35.242393493652344","8"
"14.410752296447754","7.40000057220459"
"7.18744421005249","4.300000190734863"
"5.3114399909973145","4.1114343929393726e-8"
"1.0052697658538818","4.1114343929393726e-8"
"9.466976165771484","4.1114343929393726e-8"
"2.0694727897644043","4.1114343929393726e-8"
"2.074911594390869","4.1114343929393726e-8"
"0.21132023632526398","29.000001907348633"
"1.2878575325012207","0.6000000238418579"
"25.327102661132812","5.999999523162842"
"19.334415435791016","15"
"30.426916122436523","8"
"9.915771484375","1.8000000715255737"
"7.006667137145996","4.1114343929393726e-8"
"5.563410758972168","0.19999997317790985"
"0.4378655254840851","3"
"3.029524564743042","0.6000000238418579"
"2.8934640884399414","0.5"
"0.8235534429550171","1"
"3.821963310241699","0.8999999761581421"
"0.6196306347846985","35.999996185302734"
"23.48178482055664","79"
"27.44937515258789","19"
"40.48138427734375","63"
"7.2316436767578125","16.799997329711914"
"11.379362106323242","16.099998474121094"
"3.8394315242767334","24.5"
"0.787291407585144","9"
"2.962157726287842","19.399999618530273"
"2.124772548675537","1.399999976158142"
"1.5166981220245361","12.999998092651367"
"9.029536247253418","4.099999904632568"
"1.4070900678634644","84.99998474121094"
"27.345914840698242","19"
"43.06071090698242","8.199999809265137"
"41.247032165527344","43.99999237060547"
"13.018177032470703","65.99998474121094"
"12.011174201965332","22.899999618530273"
"9.101886749267578","58.299991607666016"
"2.5388128757476807","58.000003814697266"
"5.210742473602295","69.9999771118164"
"5.334320545196533","73.00000762939453"
"3.1664516925811768","99.00000762939453"
"12.065982818603516","24.000001907348633"
"0.8393367528915405","3"
"18.553211212158203","4.1114343929393726e-8"
"11.273111343383789","4.1114343929393726e-8"
"24.769474029541016","4.1114343929393726e-8"
"10.68621826171875","4"
"5.614317893981934","8"
"2.696871280670166","3"
"0.3313295245170593","2"
"2.658926010131836","19"
"3.9244801998138428","9"
"1.7439992427825928","11"
"7.664831161499023","15.999996185302734"
"0.8590920567512512","4.1114343929393726e-8"
"16.182388305664062","4.1114343929393726e-8"
"25.096744537353516","5"
"31.00025177001953","4.1114343929393726e-8"
"14.196483612060547","4.1114343929393726e-8"
"11.280733108520508","4.1114343929393726e-8"
"1.9490644931793213","4.1114343929393726e-8"
"1.9014191627502441","10.000000953674316"
"1.890023112297058","4.1114343929393726e-8"
"4.165018081665039","4.1114343929393726e-8"
"3.934326648712158","4.1114343929393726e-8"
"8.347238540649414","2"
"1.2381155490875244","0.19999997317790985"
"21.58682632446289","4"
"14.809041023254395","4.1114343929393726e-8"
"26.24440574645996","3"
"26.85373306274414","5"
"9.573098182678223","2"
"3.373175859451294","9"
"3.91703462600708","7"
"2.4816484451293945","2.3000001907348633"
"3.097376823425293","4.1114343929393726e-8"
"2.515364646911621","9"
"7.230807781219482","2.1999998092651367"
"1.7542037963867188","4.1114343929393726e-8"
"16.25899314880371","14.499999046325684"
"9.438642501831055","0.5"
"17.2412109375","4.1114343929393726e-8"
"12.234245300292969","3"
"6.827856540679932","4.1114343929393726e-8"
"2.382503032684326","4"
"1.0954716205596924","1"
"2.7041897773742676","2.6000001430511475"
"1.4734992980957031","0.6000000238418579"
"2.1107115745544434","0.10000001639127731"
"3.1441195011138916","4.1114343929393726e-8"
"1.2929645776748657","4.1114343929393726e-8"
"20.12847137451172","4"
"24.446762084960938","3.0999996662139893"
"32.65000915527344","0.800000011920929"
"15.147311210632324","4.1114343929393726e-8"
"7.654627799987793","4.1114343929393726e-8"
"3.7976746559143066","4.1114343929393726e-8"
"0.5340721011161804","4.1114343929393726e-8"
"1.6254515647888184","4.1114343929393726e-8"
"5.782962322235107","4.1114343929393726e-8"
"2.3673160076141357","4.1114343929393726e-8"
"4.515670299530029","4.1114343929393726e-8"
"0.45067498087882996","4.1114343929393726e-8"
"20.013710021972656","8"
"25.971622467041016","1"
"29.979887008666992","0.800000011920929"
"18.715700149536133","4.1114343929393726e-8"
"10.690239906311035","4.1114343929393726e-8"
"1.8156417608261108","4.1114343929393726e-8"
"1.2902436256408691","4.1114343929393726e-8"
"2.0377919673919678","4.1114343929393726e-8"
"2.388990879058838","4.1114343929393726e-8"
"2.174894094467163","4.1114343929393726e-8"
"12.258755683898926","4.1114343929393726e-8"
"1.9515193700790405","4.1114343929393726e-8"
"25.760208129882812","0.6000000238418579"
"29.170385360717773","0.4000000059604645"
"27.073698043823242","1.399999976158142"
"26.27417755126953","4"
"14.713851928710938","1"
"7.126526355743408","4.1114343929393726e-8"
"3.534651756286621","4.1114343929393726e-8"
"3.56382417678833","4.1114343929393726e-8"
"7.431361198425293","0.19999997317790985"
"5.402335166931152","4.1114343929393726e-8"
"9.472973823547363","2"
"3.8427133560180664","11.999999046325684"
"19.984710693359375","34.399993896484375"
"21.792558670043945","29.600000381469727"
"24.14426040649414","5"
"19.976932525634766","24.000001907348633"
"17.298805236816406","4.1114343929393726e-8"
"5.124453067779541","4.1114343929393726e-8"
"0.5381374359130859","25.999996185302734"
"3.5856223106384277","37.999996185302734"
"2.1409761905670166","4.1114343929393726e-8"
"1.7723684310913086","38.99999237060547"
"5.984415054321289","4.1114343929393726e-8"
"0.37051254510879517","4.1114343929393726e-8"
"21.974258422851562","4.1114343929393726e-8"
"28.541282653808594","38.99999237060547"
"23.07703971862793","28.499996185302734"
"10.136622428894043","4.1114343929393726e-8"
"1.7441173791885376","4.1114343929393726e-8"
"1.5381782054901123","4.1114343929393726e-8"
"1.028387427330017","4.1114343929393726e-8"
"6.032782077789307","4.1114343929393726e-8"
"0.601033091545105","4.1114343929393726e-8"
"0.481192409992218","4.1114343929393726e-8"
"0.3934614658355713","4.1114343929393726e-8"
"0.5316319465637207","4.1114343929393726e-8"
"44.02592086791992","4.1114343929393726e-8"
"22.402536392211914","4.1114343929393726e-8"
"27.81510353088379","32.29999542236328"
"11.273824691772461","4.1114343929393726e-8"
"1.5736298561096191","4.1114343929393726e-8"
"1.6243484020233154","4.1114343929393726e-8"
"1.384735107421875","4.1114343929393726e-8"
"3.3057174682617188","4.1114343929393726e-8"
"0.6585720181465149","4.1114343929393726e-8"
"0.3638259470462799","4.1114343929393726e-8"
"1.138753056526184","4.1114343929393726e-8"
"2.5158591270446777","1.8000000715255737"
"27.348388671875","119.8000259399414"
"35.00834655761719","20.400001525878906"
"36.226295471191406","95.89999389648438"
"13.319623947143555","0.800000011920929"
"8.72903060913086","0.5"
"3.894388437271118","4.1114343929393726e-8"
"1.0554052591323853","4.1114343929393726e-8"
"10.621283531188965","4.1114343929393726e-8"
"2.1286933422088623","4.1114343929393726e-8"
"1.9562788009643555","4.1114343929393726e-8"
"1.866297721862793","4.1114343929393726e-8"
"1.4869835376739502","2.1000001430511475"
"32.091426849365234","2"
"35.404327392578125","11.200000762939453"
"35.7230110168457","15.799997329711914"
"10.51330280303955","0.800000011920929"
"12.989270210266113","1.100000023841858"
"5.174358367919922","4.1114343929393726e-8"
"1.0719096660614014","4.1114343929393726e-8"
"6.145703315734863","4.1114343929393726e-8"
"5.239971160888672","4.1114343929393726e-8"
"1.8649951219558716","4.1114343929393726e-8"
"4.2974653244018555","4.1114343929393726e-8"
"1.0974727869033813","4.1114343929393726e-8"
"20.583881378173828","4.1114343929393726e-8"
"26.6558780670166","4.1114343929393726e-8"
"35.972747802734375","4.1114343929393726e-8"
"11.509675025939941","4.1114343929393726e-8"
"10.817769050598145","4.1114343929393726e-8"
"3.8443398475646973","4.1114343929393726e-8"
"0.6837164759635925","4.1114343929393726e-8"
"2.8815832138061523","4.1114343929393726e-8"
"4.671347141265869","4.1114343929393726e-8"
"0.9986082315444946","4.1114343929393726e-8"
"4.983007431030273","4.1114343929393726e-8"
"0.8291617631912231","4.1114343929393726e-8"
"20.428504943847656","4.1114343929393726e-8"
"26.057329177856445","4.1114343929393726e-8"
"35.51777267456055","4.1114343929393726e-8"
"7.330721378326416","4.1114343929393726e-8"
"6.0255231857299805","4.1114343929393726e-8"
"2.8789522647857666","4.1114343929393726e-8"
"1.187408208847046","4.1114343929393726e-8"
"3.347158670425415","4.1114343929393726e-8"
"4.780717372894287","3.1999998092651367"
"3.376964569091797","4.1114343929393726e-8"
"2.2985482215881348","4.1114343929393726e-8"
"1.216407299041748","4.1114343929393726e-8"
"14.75610065460205","22"
"6.836108207702637","4.1114343929393726e-8"
"13.841492652893066","22.399993896484375"
"5.2017645835876465","4.1114343929393726e-8"
"2.672515392303467","4.1114343929393726e-8"
"0.43671172857284546","4.1114343929393726e-8"
"0","4.1114343929393726e-8"
"1.1134456396102905","4.1114343929393726e-8"
"0.6593315601348877","4.1114343929393726e-8"
"0.4098808765411377","4.1114343929393726e-8"
"0.3358652889728546","4.1114343929393726e-8"
"0.3913622200489044","4.1114343929393726e-8"
"13.546411514282227","15.399998664855957"
"12.10901165008545","4.1114343929393726e-8"
"18.663236618041992","25.399995803833008"
"3.4207112789154053","4.1114343929393726e-8"
"2.1467676162719727","4.1114343929393726e-8"
"0.7149784564971924","4.1114343929393726e-8"
"0.08453936129808426","2.1000001430511475"
"0.3891162872314453","4.1114343929393726e-8"
"0","4.1114343929393726e-8"
"0.27774789929389954","4.1114343929393726e-8"
"1.046926736831665","24.89999771118164"
"0.23106852173805237","4.1114343929393726e-8"
"22.915760040283203","48.09999465942383"
"12.235336303710938","4.1114343929393726e-8"
"22.444618225097656","4.1114343929393726e-8"
"3.454646587371826","4.1114343929393726e-8"
"1.667405128479004","4.1114343929393726e-8"
"3.138319253921509","4.1114343929393726e-8"
"2.0695719718933105","4.1114343929393726e-8"
"1.8017139434814453","4.1114343929393726e-8"
"0.7141355276107788","4.1114343929393726e-8"
"0.652614951133728","4.1114343929393726e-8"
"2.677250862121582","4.1114343929393726e-8"
"0.47188469767570496","32.29999542236328"
"16.863849639892578","25.799999237060547"
"10.041023254394531","4.1114343929393726e-8"
"13.89260196685791","4.1114343929393726e-8"
"9.288541793823242","90.89999389648438"
"4.387048244476318","12.59999942779541"
"3.000182628631592","4.1114343929393726e-8"
"1.574965476989746","4.1114343929393726e-8"
"9.15735149383545","31.399993896484375"
"2.8430309295654297","4.1114343929393726e-8"
"1.785373568534851","15"
"4.384809494018555","4.1114343929393726e-8"
"0.7592267394065857","42.899993896484375"
"20.170879364013672","8.09999942779541"
"14.591747283935547","4.499999523162842"
"28.042869567871094","83.10002136230469"
"8.569113731384277","69.0000228881836"
"9.435945510864258","13.19999885559082"
"9.244673728942871","11.299999237060547"
"0.8845762610435486","4.1114343929393726e-8"
"4.717334747314453","4.1114343929393726e-8"
"10.420696258544922","4.1114343929393726e-8"
"2.433440923690796","4.1114343929393726e-8"
"5.527956962585449","4.1114343929393726e-8"
"0.601601779460907","4.1114343929393726e-8"
"12.061983108520508","0.10000001639127731"
"19.35860824584961","22.799999237060547"
"22.363656997680664","1.399999976158142"
"9.18278694152832","4.1114343929393726e-8"
"11.556325912475586","4.1114343929393726e-8"
"2.5923516750335693","5.300000190734863"
"1.1443289518356323","4.1114343929393726e-8"
"1.5572335720062256","4.499999523162842"
"2.017287015914917","4.1114343929393726e-8"
"1.1306252479553223","4.1114343929393726e-8"
"1.443217396736145","2.6000001430511475"
"1.2095844745635986","4.1114343929393726e-8"
"14.827146530151367","9"
"9.962393760681152","28.699995040893555"
"18.23684310913086","2.6999998092651367"
"10.374902725219727","4.1114343929393726e-8"
"5.064369201660156","4.1114343929393726e-8"
"2.829158067703247","4.1114343929393726e-8"
"1.8091366291046143","4.1114343929393726e-8"
"2.9970710277557373","4.1114343929393726e-8"
"2.810842275619507","4.1114343929393726e-8"
"1.031908392906189","4.1114343929393726e-8"
"3.6949214935302734","4.1114343929393726e-8"
"3.550246000289917","4.1114343929393726e-8"
"13.506969451904297","29.29999542236328"
"9.386558532714844","4.1114343929393726e-8"
"18.170930862426758","4.1114343929393726e-8"
"8.240412712097168","1.4999998807907104"
"4.310927867889404","4.1114343929393726e-8"
"1.6701526641845703","4.1114343929393726e-8"
"1.289930820465088","4.1114343929393726e-8"
"4.757651329040527","4.1114343929393726e-8"
"0.6618136167526245","26.399993896484375"
"0.7198042273521423","4.1114343929393726e-8"
"3.3131165504455566","4.1114343929393726e-8"
"0","4.1114343929393726e-8"
"10.353307723999023","4.1114343929393726e-8"
"16.818748474121094","47.099998474121094"
"25.058500289916992","37.29999923706055"
"6.203982830047607","4.1114343929393726e-8"
"2.9116663932800293","4.1114343929393726e-8"
"2.694091558456421","4.1114343929393726e-8"
"1.8552296161651611","4.1114343929393726e-8"
"3.3660104274749756","4.1114343929393726e-8"
"1.81451416015625","4.1114343929393726e-8"
"1.5656840801239014","4.1114343929393726e-8"
"4.375069618225098","4.1114343929393726e-8"
"0.42323967814445496","4.1114343929393726e-8"
"11.539162635803223","36.49999237060547"
"21.583675384521484","113.9000244140625"
"25.089466094970703","38.399993896484375"
"2.560396194458008","4.1114343929393726e-8"
"6.2428717613220215","4.1114343929393726e-8"
"2.5563998222351074","4.1114343929393726e-8"
"2.453085422515869","4.1114343929393726e-8"
"2.0536108016967773","4.1114343929393726e-8"
"5.16901969909668","4.1114343929393726e-8"
"0.5994524955749512","4.1114343929393726e-8"
"4.392900466918945","4.1114343929393726e-8"
"1.6493191719055176","1.8000000715255737"
"17.338756561279297","7.800000190734863"
"20.134416580200195","5.600000381469727"
"23.511022567749023","3.799999952316284"
"5.207142353057861","5.5"
"9.281269073486328","3.6999998092651367"
"2.2759971618652344","15"
"1.0560592412948608","4.1114343929393726e-8"
"2.493415355682373","15.399998664855957"
"3.404974937438965","24.09999656677246"
"2.260291337966919","3.0999996662139893"
"4.4088544845581055","4.1114343929393726e-8"
"1.102216362953186","4.1114343929393726e-8"
"17.78658676147461","4.1114343929393726e-8"
"15.4456148147583","1.1999999284744263"
"24.84220314025879","8.299999237060547"
"13.603845596313477","5.900000095367432"
"6.140496253967285","1.4999998807907104"
"1.9843124151229858","1.1999999284744263"
"1.133046269416809","4.1114343929393726e-8"
"3.2066686153411865","4.1114343929393726e-8"
"2.977475881576538","5"
"3.0428004264831543","0.6000000238418579"
"0.27566561102867126","4.1114343929393726e-8"
"1.6114323139190674","4.1114343929393726e-8"
"23.462390899658203","25.299999237060547"
"12.486286163330078","4.1114343929393726e-8"
"23.02804946899414","21.899999618530273"
"15.469482421875","4.1114343929393726e-8"
"3.718846321105957","4.1114343929393726e-8"
"3.481050729751587","4.1114343929393726e-8"
"0.32124826312065125","4.1114343929393726e-8"
"1.0390807390213013","4.1114343929393726e-8"
"2.01952862739563","4.1114343929393726e-8"
"0.5252252221107483","4.1114343929393726e-8"
"0.4487537443637848","4.1114343929393726e-8"
"1.867492437362671","4.1114343929393726e-8"
"30.776351928710938","14.799997329711914"
"26.90635108947754","4.1114343929393726e-8"
"24.751102447509766","18.899995803833008"
"14.372572898864746","5.200000286102295"
"6.45023775100708","4.1114343929393726e-8"
"11.555290222167969","4.1114343929393726e-8"
"0.8251200318336487","4.1114343929393726e-8"
"4.009456634521484","4.1114343929393726e-8"
"4.938778877258301","0.4000000059604645"
"4.745620250701904","4.1114343929393726e-8"
"2.3362691402435303","4.1114343929393726e-8"
"2.528272867202759","6.69999885559082"
"20.593034744262695","15"
"27.407142639160156","7.800000190734863"
"26.722614288330078","12.399999618530273"
"13.3335599899292","15.600000381469727"
"8.827154159545898","2.799999713897705"
"6.477384090423584","4.1114343929393726e-8"
"0.6729403138160706","4.1114343929393726e-8"
"4.068444728851318","4.1114343929393726e-8"
"5.800252914428711","4.1114343929393726e-8"
"2.177715301513672","4.1114343929393726e-8"
"1.6968955993652344","4.1114343929393726e-8"
"1.6154003143310547","4.1114343929393726e-8"
"17.49065399169922","10.099998474121094"
"30.43695068359375","27.700000762939453"
"31.659318923950195","15.699999809265137"
"19.890140533447266","2.1999998092651367"
"12.46197509765625","4.199999809265137"
"7.191434860229492","4.1114343929393726e-8"
"0.8561991453170776","4.1114343929393726e-8"
"3.144794464111328","4.1114343929393726e-8"
"7.357173919677734","4.1114343929393726e-8"
"1.4787273406982422","4.1114343929393726e-8"
"5.014837741851807","4.1114343929393726e-8"
"0.7914103865623474","8.80000114440918"
"23.002460479736328","17.699995040893555"
"26.715702056884766","8"
"28.908973693847656","24.599998474121094"
"16.829763412475586","13.699997901916504"
"11.583723068237305","1.1999999284744263"
"4.961695194244385","4.1114343929393726e-8"
"2.340827465057373","4.1114343929393726e-8"
"2.29549503326416","4.1114343929393726e-8"
"3.2895145416259766","4.1114343929393726e-8"
"1.1484758853912354","4.1114343929393726e-8"
"6.0786662101745605","4.1114343929393726e-8"
"0.6356230974197388","0.5"
"13.539175033569336","3.5999999046325684"
"13.806180953979492","1.8000000715255737"
"16.991146087646484","5.300000190734863"
"8.34489631652832","2"
"7.444929122924805","4.1114343929393726e-8"
"3.0493011474609375","4.1114343929393726e-8"
"0.29367494583129883","4.1114343929393726e-8"
"4.993352890014648","4.1114343929393726e-8"
"3.1451125144958496","4.1114343929393726e-8"
"1.3288763761520386","4.1114343929393726e-8"
"3.260237693786621","4.1114343929393726e-8"
"1.0575202703475952","4.1114343929393726e-8"
"16.113182067871094","4.1114343929393726e-8"
"14.969405174255371","4.1114343929393726e-8"
"14.422616958618164","4.1114343929393726e-8"
"11.26522445678711","4.1114343929393726e-8"
"6.807273864746094","4.1114343929393726e-8"
"1.9416847229003906","4.1114343929393726e-8"
"0.1945227086544037","4.1114343929393726e-8"
"1.8827884197235107","4.1114343929393726e-8"
"1.1647242307662964","4.1114343929393726e-8"
"0.8202910423278809","4.1114343929393726e-8"
"0.7372928857803345","4.1114343929393726e-8"
"1.0478105545043945","4.1114343929393726e-8"
"19.20330047607422","21.500001907348633"
"20.692058563232422","31.89999771118164"
"17.758621215820312","9.599998474121094"
"13.523463249206543","4.1114343929393726e-8"
"6.054173946380615","4.1114343929393726e-8"
"2.0706048011779785","4.1114343929393726e-8"
"0.39666134119033813","4.1114343929393726e-8"
"1.8851426839828491","4.1114343929393726e-8"
"0.1533457189798355","4.1114343929393726e-8"
"0.16996128857135773","4.1114343929393726e-8"
"0.6287614107131958","4.1114343929393726e-8"
"0.29606425762176514","4.1114343929393726e-8"
"23.081989288330078","10.5"
"31.407642364501953","71.40001678466797"
"22.359283447265625","75.30000305175781"
"11.347580909729004","26.599994659423828"
"2.5639495849609375","50.899993896484375"
"6.500109672546387","4.1114343929393726e-8"
"1.4507415294647217","4.1114343929393726e-8"
"4.275238990783691","4.1114343929393726e-8"
"2.4565696716308594","4.1114343929393726e-8"
"1.6245081424713135","4.1114343929393726e-8"
"2.4548144340515137","4.1114343929393726e-8"
"1.2507092952728271","4.1114343929393726e-8"
"22.30861473083496","4.1114343929393726e-8"
"18.537614822387695","4.1114343929393726e-8"
"17.207317352294922","4.1114343929393726e-8"
"14.361255645751953","4.1114343929393726e-8"
"8.71118450164795","4.1114343929393726e-8"
"4.247533798217773","4.1114343929393726e-8"
"0.3700815439224243","14.499999046325684"
"8.148366928100586","4.1114343929393726e-8"
"4.064389228820801","4.1114343929393726e-8"
"1.0008423328399658","4.1114343929393726e-8"
"2.3765501976013184","5.900000095367432"
"0.6150919795036316","4.099999904632568"
"16.151601791381836","19"
"42.729774475097656","50.199989318847656"
"42.9710578918457","20.999996185302734"
"15.29684829711914","4.800000190734863"
"10.424993515014648","1.1999999284744263"
"6.165050029754639","15.600000381469727"
"1.4231171607971191","1.2999999523162842"
"6.224331855773926","2"
"6.881433963775635","39.19999694824219"
"2.253889560699463","0.10000001639127731"
"5.304701805114746","4"
"0.3630152642726898","4.1114343929393726e-8"
"19.593215942382812","1"
"33.61375045776367","15"
"21.717121124267578","5"
"4.014188766479492","4"
"4.913269996643066","3.499999523162842"
"2.8775596618652344","8"
"1.2431153059005737","3"
"2.575000762939453","3"
"3.3676748275756836","4.1114343929393726e-8"
"0.6288251280784607","10.000000953674316"
"1.9428538084030151","51.999996185302734"
"0.939661979675293","31"
"9.73805046081543","12.999998092651367"
"17.91749382019043","22.19999122619629"
"14.974514961242676","10.000000953674316"
"6.281857490539551","24.000001907348633"
"4.886000156402588","16.299997329711914"
"2.333463668823242","8.199999809265137"
"0.774716854095459","4.1114343929393726e-8"
"2.770815849304199","2"
"2.8917078971862793","4"
"1.1222490072250366","4.1114343929393726e-8"
"2.0401110649108887","4.1114343929393726e-8"
"1.4799702167510986","3"
"6.916247367858887","4.1114343929393726e-8"
"18.0068359375","4.1114343929393726e-8"
"11.243927955627441","4.1114343929393726e-8"
"9.193015098571777","4"
"2.8884565830230713","4.1114343929393726e-8"
"1.5343807935714722","2"
"0.4695438742637634","87.00000762939453"
"1.1052427291870117","22"
"0.9836164712905884","7"
"0.6583274602890015","4.1114343929393726e-8"
"1.8344247341156006","0.800000011920929"
"1.0693340301513672","4.1114343929393726e-8"
"8.920673370361328","4"
"10.792011260986328","25.999996185302734"
"12.495855331420898","3.799999952316284"
"5.583260536193848","4.1114343929393726e-8"
"2.321319341659546","4.1114343929393726e-8"
"0.8365867137908936","4.1114343929393726e-8"
"1.2711410522460938","4.1114343929393726e-8"
"2.576873302459717","4.1114343929393726e-8"
"0.4071560800075531","4.1114343929393726e-8"
"0.5391496419906616","4.1114343929393726e-8"
"1.819201946258545","4.1114343929393726e-8"
"2.5098202228546143","19"
"20.012882232666016","33"
"20.790191650390625","38.99999237060547"
"19.34404182434082","31"
"9.116888046264648","9"
"5.905556678771973","4.1114343929393726e-8"
"8.047231674194336","4"
"3.9501261711120605","4.1114343929393726e-8"
"8.591370582580566","4.1114343929393726e-8"
"1.642592191696167","4.1114343929393726e-8"
"2.51305890083313","4.1114343929393726e-8"
"2.4238619804382324","4.1114343929393726e-8"
"2.6954879760742188","18"
"11.692246437072754","5.999999523162842"
"15.256850242614746","19.999996185302734"
"16.798673629760742","14.000000953674316"
"12.291685104370117","23"
"4.687115669250488","26.999996185302734"
"3.947214126586914","3"
"0.6357861757278442","7"
"3.616468667984009","6.299999237060547"
"0.510468602180481","9.699997901916504"
"0.963162899017334","5"
"1.0149762630462646","4"
"0.960673987865448","9"
"14.293577194213867","4.1114343929393726e-8"
"29.976945877075195","0.10000001639127731"
"36.33662033081055","3.0999996662139893"
"6.524819374084473","26.999996185302734"
"6.135039329528809","38.99999237060547"
"2.374333620071411","11.999999046325684"
"1.4539172649383545","4.1114343929393726e-8"
"4.621706008911133","11.69999885559082"
"2.8851428031921387","5"
"1.136236310005188","9"
"3.396336793899536","1"
"0.8199084997177124","4.1114343929393726e-8"
"22.189590454101562","8"
"31.809789657592773","4.1114343929393726e-8"
"36.43424987792969","5.900000095367432"
"8.783463478088379","4.1114343929393726e-8"
"8.373878479003906","4.1114343929393726e-8"
"7.044392108917236","4.1114343929393726e-8"
"2.3621368408203125","4.1114343929393726e-8"
"4.416517734527588","4.1114343929393726e-8"
"5.930174350738525","4.1114343929393726e-8"
"2.087881565093994","4.1114343929393726e-8"
"7.258588790893555","4.1114343929393726e-8"
"2.439232110977173","42.30000305175781"
"15.122410774230957","4.1114343929393726e-8"
"11.119729995727539","19.999996185302734"
"22.16322135925293","29.999998092651367"
"7.488901615142822","25.999996185302734"
"7.940777778625488","2"
"5.441094398498535","4.1114343929393726e-8"
"1.48752760887146","4.1114343929393726e-8"
"8.737588882446289","0.6000000238418579"
"4.651961803436279","4.1114343929393726e-8"
"1.8444985151290894","0.30000001192092896"
"7.929917335510254","4.1114343929393726e-8"
"0.6446763277053833","3"
"14.897099494934082","4.1114343929393726e-8"
"10.542284965515137","18"
"15.096837997436523","4.1114343929393726e-8"
"3.841193675994873","11"
"8.554344177246094","5"
"2.870711088180542","4.1114343929393726e-8"
"0.3824958801269531","4.1114343929393726e-8"
"1.99394690990448","4.1114343929393726e-8"
"4.38828182220459","4.1114343929393726e-8"
"0.6830298900604248","4.1114343929393726e-8"
"1.9735609292984009","4.1114343929393726e-8"
"0.5175659656524658","4.1114343929393726e-8"
"9.861892700195312","5.999999523162842"
"11.869388580322266","43.99999237060547"
"12.380729675292969","1.8000000715255737"
"4.5426225662231445","0.5"
"3.679764747619629","4.1114343929393726e-8"
"0.5013408064842224","4.1114343929393726e-8"
"0.4430942237377167","4.1114343929393726e-8"
"0.667284369468689","4.1114343929393726e-8"
"1.3218591213226318","3"
"0.5011917948722839","4.1114343929393726e-8"
"1.3795362710952759","0.6000000238418579"
"1.5712827444076538","3"
"14.255125045776367","15"
"11.308782577514648","31"
"18.23267936706543","13.19999885559082"
"19.577707290649414","5"
"6.25770378112793","5"
"3.0664520263671875","7"
"1.5290610790252686","3"
"2.0362634658813477","4"
"2.228443145751953","0.4000000059604645"
"1.6948248147964478","0.5"
"2.457592487335205","2"
"2.5010018348693848","4.1114343929393726e-8"
"19.436159133911133","1"
"10.76833724975586","4.1114343929393726e-8"
"13.989110946655273","4.1114343929393726e-8"
"13.738566398620605","1"
"5.829277992248535","4"
"3.7395217418670654","33.999996185302734"
"0.6461135149002075","4.1114343929393726e-8"
"2.1509275436401367","19.099998474121094"
"1.244983434677124","14.699999809265137"
"0.9233496785163879","13.599998474121094"
"5.1856842041015625","16.999996185302734"
"1.0120567083358765","35.999996185302734"
"20.459007263183594","79"
"34.235618591308594","19"
"38.8304443359375","63"
"5.959658145904541","16.799997329711914"
"6.981537342071533","16.099998474121094"
"5.957265853881836","24.5"
"1.4610687494277954","9"
"4.578732967376709","19.399999618530273"
"4.4558258056640625","1.399999976158142"
"2.4379687309265137","12.999998092651367"
"10.232288360595703","4.099999904632568"
"1.0913277864456177","84.99998474121094"
"31.158273696899414","19"
"41.373558044433594","8.199999809265137"
"42.297401428222656","43.99999237060547"
"7.7994256019592285","65.99998474121094"
"5.351633071899414","22.899999618530273"
"4.51856803894043","58.299991607666016"
"2.915743589401245","58.000003814697266"
"4.560718536376953","69.9999771118164"
"11.886401176452637","73.00000762939453"
"1.9834448099136353","99.00000762939453"
"12.874753952026367","24.000001907348633"
"2.9624745845794678","3"
"15.43359375","4.1114343929393726e-8"
"24.92359161376953","4.1114343929393726e-8"
"31.246166229248047","4.1114343929393726e-8"
"10.044659614562988","4"
"10.950703620910645","8"
"3.936093807220459","3"
"2.7729597091674805","2"
"4.088508605957031","19"
"6.110515117645264","9"
"3.3469619750976562","11"
"7.1997880935668945","15.999996185302734"
"1.9777494668960571","4.1114343929393726e-8"
"11.188117980957031","4.1114343929393726e-8"
"12.539409637451172","5"
"21.28870391845703","4.1114343929393726e-8"
"8.404719352722168","4.1114343929393726e-8"
"5.476637840270996","4.1114343929393726e-8"
"1.8272011280059814","4.1114343929393726e-8"
"0.9557169079780579","10.000000953674316"
"1.334069848060608","4.1114343929393726e-8"
"3.3831534385681152","4.1114343929393726e-8"
"1.953005313873291","4.1114343929393726e-8"
"2.9146463871002197","2"
"0.2507171928882599","0.19999997317790985"
"6.93960428237915","4"
"7.2183756828308105","4.1114343929393726e-8"
"15.436935424804688","3"
"4.060906887054443","5"
"1.4600905179977417","2"
"0.5338042974472046","9"
"0.4301760196685791","7"
"0.2921985387802124","2.3000001907348633"
"1.2807629108428955","4.1114343929393726e-8"
"0.2306753545999527","9"
"1.030662178993225","2.1999998092651367"
"0.3727717697620392","4.1114343929393726e-8"
"5.908833980560303","14.499999046325684"
"5.230976581573486","0.5"
"17.05887794494629","4.1114343929393726e-8"
"4.488490104675293","3"
"0.9677671790122986","4.1114343929393726e-8"
"0.7970136404037476","4"
"0.5623313188552856","1"
"0.7209498286247253","2.6000001430511475"
"1.032563328742981","0.6000000238418579"
"0.41924142837524414","0.10000001639127731"
"1.5547573566436768","4.1114343929393726e-8"
"2.4704582691192627","4.1114343929393726e-8"
"9.172731399536133","4"
"4.684991836547852","3.0999996662139893"
"13.038331985473633","0.800000011920929"
"4.919979095458984","4.1114343929393726e-8"
"1.9360562562942505","4.1114343929393726e-8"
"0.765059769153595","4.1114343929393726e-8"
"0.7868701219558716","4.1114343929393726e-8"
"1.4535359144210815","4.1114343929393726e-8"
"0.543716311454773","4.1114343929393726e-8"
"0.7860152125358582","4.1114343929393726e-8"
"3.1947925090789795","4.1114343929393726e-8"
"1.8310458660125732","4.1114343929393726e-8"
"11.134064674377441","8"
"8.873555183410645","1"
"15.60488510131836","0.800000011920929"
"8.374032974243164","4.1114343929393726e-8"
"5.055011749267578","4.1114343929393726e-8"
"1.5807318687438965","4.1114343929393726e-8"
"2.93315052986145","4.1114343929393726e-8"
"1.996239423751831","4.1114343929393726e-8"
"1.5111147165298462","4.1114343929393726e-8"
"1.7701585292816162","4.1114343929393726e-8"
"2.9689862728118896","4.1114343929393726e-8"
"0.5931810140609741","4.1114343929393726e-8"
"5.248854637145996","0.6000000238418579"
"10.106725692749023","0.4000000059604645"
"14.111931800842285","1.399999976158142"
"9.36329460144043","4"
"1.8397196531295776","1"
"2.039945602416992","4.1114343929393726e-8"
"3.530977964401245","4.1114343929393726e-8"
"1.5126638412475586","4.1114343929393726e-8"
"0.8344669342041016","0.19999997317790985"
"0.7149029970169067","4.1114343929393726e-8"
"0.9643183350563049","2"
"0.9428409337997437","11.999999046325684"
"8.959190368652344","34.399993896484375"
"9.307037353515625","29.600000381469727"
"14.094783782958984","5"
"4.28913688659668","24.000001907348633"
"1.7365620136260986","4.1114343929393726e-8"
"0.5528380870819092","4.1114343929393726e-8"
"0.2944922149181366","25.999996185302734"
"1.3124911785125732","37.999996185302734"
"0.17309631407260895","4.1114343929393726e-8"
"0.5023001432418823","38.99999237060547"
"0.07212377339601517","4.1114343929393726e-8"
"0.31232354044914246","3.0999996662139893"
"11.106727600097656","1"
"20.547428131103516","14.000000953674316"
"21.369314193725586","11.69999885559082"
"2.3142433166503906","1.2999999523162842"
"0.7537963390350342","0.6000000238418579"
"1.3397595882415771","8.199999809265137"
"0.22523026168346405","4.1114343929393726e-8"
"1.6481717824935913","4.1114343929393726e-8"
"0.7287359237670898","4.1114343929393726e-8"
"0.49827492237091064","7"
"0.3058181405067444","4.1114343929393726e-8"
"0.07801204174757004","11.89999771118164"
"17.435718536376953","14.000000953674316"
"16.13627052307129","16.59999656677246"
"27.81087875366211","18.299997329711914"
"6.152885437011719","4.700000286102295"
"3.2212319374084473","11"
"1.7484745979309082","41.799991607666016"
"0.9197978377342224","29.000001907348633"
"1.3311270475387573","15.999996185302734"
"0.23143942654132843","55.00001525878906"
"0.2108737677335739","15"
"0.2721419930458069","4.1114343929393726e-8"
"0.41247934103012085","2.1000001430511475"
"21.516685485839844","12.999998092651367"
"10.138762474060059","4.199999809265137"
"30.68614959716797","4"
"7.7816948890686035","4.1114343929393726e-8"
"6.911487102508545","4.1114343929393726e-8"
"4.635220527648926","4.1114343929393726e-8"
"2.5480077266693115","4.1114343929393726e-8"
"4.108155250549316","8"
"3.1260950565338135","11.999999046325684"
"1.3734678030014038","8.199999809265137"
"2.1772048473358154","4.1114343929393726e-8"
"3.185232639312744","4.1114343929393726e-8"
"16.000965118408203","14.000000953674316"
"18.477157592773438","9"
"23.205703735351562","2"
"7.743010520935059","0.19999997317790985"
"8.862441062927246","4.1114343929393726e-8"
"4.4808549880981445","4.1114343929393726e-8"
"0.29660215973854065","4.1114343929393726e-8"
"7.375491142272949","4.1114343929393726e-8"
"3.361515998840332","4.1114343929393726e-8"
"0.8902299404144287","0.10000001639127731"
"1.4661818742752075","4.1114343929393726e-8"
"0.587500810623169","2.1000001430511475"
"20.74123191833496","2"
"51.3729362487793","11.200000762939453"
"47.70912551879883","15.799997329711914"
"11.174091339111328","0.800000011920929"
"9.539521217346191","1.100000023841858"
"4.939182281494141","4.1114343929393726e-8"
"1.3258202075958252","4.1114343929393726e-8"
"7.588706016540527","4.1114343929393726e-8"
"5.49851655960083","4.1114343929393726e-8"
"2.011017322540283","4.1114343929393726e-8"
"2.041011333465576","4.1114343929393726e-8"
"1.3078022003173828","4.1114343929393726e-8"
"28.18307876586914","4.1114343929393726e-8"
"43.544864654541016","4.1114343929393726e-8"
"33.386627197265625","4.1114343929393726e-8"
"7.30569314956665","4.1114343929393726e-8"
"8.805082321166992","4.1114343929393726e-8"
"3.742143392562866","4.1114343929393726e-8"
"1.7726010084152222","4.1114343929393726e-8"
"3.280319929122925","4.1114343929393726e-8"
"5.858905792236328","4.1114343929393726e-8"
"0.6517189145088196","4.1114343929393726e-8"
"2.254497766494751","4.1114343929393726e-8"
"1.5248372554779053","4.1114343929393726e-8"
"24.0071964263916","4.1114343929393726e-8"
"29.56998634338379","4.1114343929393726e-8"
"31.414140701293945","4.1114343929393726e-8"
"12.9721040725708","4.1114343929393726e-8"
"11.88028335571289","4.1114343929393726e-8"
"3.3038382530212402","4.1114343929393726e-8"
"1.47025465965271","4.1114343929393726e-8"
"6.678884506225586","4.1114343929393726e-8"
"4.62658166885376","3.1999998092651367"
"3.1873083114624023","4.1114343929393726e-8"
"2.108448028564453","4.1114343929393726e-8"
"1.3749343156814575","4.1114343929393726e-8"
"13.804508209228516","22"
"20.879383087158203","4.1114343929393726e-8"
"26.7119140625","22.399993896484375"
"7.08180570602417","4.1114343929393726e-8"
"5.279468059539795","4.1114343929393726e-8"
"2.8198435306549072","4.1114343929393726e-8"
"0.3103266954421997","4.1114343929393726e-8"
"2.016874074935913","4.1114343929393726e-8"
"1.789062738418579","4.1114343929393726e-8"
"1.2378947734832764","4.1114343929393726e-8"
"0.3677862584590912","4.1114343929393726e-8"
"0.5500725507736206","4.1114343929393726e-8"
"27.085494995117188","15.399998664855957"
"20.4367733001709","4.1114343929393726e-8"
"32.11914825439453","25.399995803833008"
"6.920051574707031","4.1114343929393726e-8"
"4.851663112640381","4.1114343929393726e-8"
"1.4136831760406494","4.1114343929393726e-8"
"0.2830696105957031","2.1000001430511475"
"0.878723680973053","4.1114343929393726e-8"
"0.6063219904899597","4.1114343929393726e-8"
"0.2226857990026474","4.1114343929393726e-8"
"0.2573798596858978","24.89999771118164"
"0.542004406452179","4.1114343929393726e-8"
"33.28044128417969","48.09999465942383"
"35.51826095581055","4.1114343929393726e-8"
"34.89097213745117","4.1114343929393726e-8"
"8.96035385131836","4.1114343929393726e-8"
"3.7215359210968018","4.1114343929393726e-8"
"7.507134437561035","4.1114343929393726e-8"
"1.4070558547973633","4.1114343929393726e-8"
"2.671140193939209","4.1114343929393726e-8"
"2.0908896923065186","4.1114343929393726e-8"
"1.3853259086608887","4.1114343929393726e-8"
"6.825587272644043","4.1114343929393726e-8"
"0.22511883080005646","32.29999542236328"
"24.809993743896484","25.799999237060547"
"19.196292877197266","4.1114343929393726e-8"
"22.803024291992188","4.1114343929393726e-8"
"9.071481704711914","90.89999389648438"
"5.057809829711914","12.59999942779541"
"2.848879337310791","4.1114343929393726e-8"
"1.177301287651062","4.1114343929393726e-8"
"8.321313858032227","31.399993896484375"
"4.21915864944458","4.1114343929393726e-8"
"2.0694656372070312","15"
"5.214626312255859","4.1114343929393726e-8"
"1.026201844215393","42.899993896484375"
"23.067764282226562","8.09999942779541"
"27.331893920898438","4.499999523162842"
"29.62291717529297","83.10002136230469"
"23.483314514160156","69.0000228881836"
"10.248188018798828","13.19999885559082"
"7.02665376663208","11.299999237060547"
"1.750095248222351","4.1114343929393726e-8"
"3.9321224689483643","4.1114343929393726e-8"
"7.538264274597168","4.1114343929393726e-8"
"2.8958189487457275","4.1114343929393726e-8"
"4.96436882019043","4.1114343929393726e-8"
"1.6092987060546875","4.1114343929393726e-8"
"29.553977966308594","0.10000001639127731"
"32.87735366821289","22.799999237060547"
"26.397172927856445","1.399999976158142"
"12.77700138092041","4.1114343929393726e-8"
"14.299576759338379","4.1114343929393726e-8"
"7.651834487915039","5.300000190734863"
"1.5496383905410767","4.1114343929393726e-8"
"2.9416496753692627","4.499999523162842"
"6.232295989990234","4.1114343929393726e-8"
"0.5802366733551025","4.1114343929393726e-8"
"2.9490106105804443","2.6000001430511475"
"3.2699055671691895","4.1114343929393726e-8"
"20.00182342529297","9"
"15.448064804077148","28.699995040893555"
"22.176925659179688","2.6999998092651367"
"11.199457168579102","4.1114343929393726e-8"
"7.654831886291504","4.1114343929393726e-8"
"1.6748483180999756","4.1114343929393726e-8"
"1.0883383750915527","4.1114343929393726e-8"
"2.7482612133026123","4.1114343929393726e-8"
"1.3742684125900269","4.1114343929393726e-8"
"1.114180564880371","4.1114343929393726e-8"
"4.419383525848389","4.1114343929393726e-8"
"1.5193614959716797","4.1114343929393726e-8"
"22.172897338867188","29.29999542236328"
"22.204898834228516","4.1114343929393726e-8"
"29.911270141601562","4.1114343929393726e-8"
"7.301722049713135","1.4999998807907104"
"3.677849769592285","4.1114343929393726e-8"
"2.117201805114746","4.1114343929393726e-8"
"1.1750799417495728","4.1114343929393726e-8"
"2.8619544506073","4.1114343929393726e-8"
"1.673295259475708","26.399993896484375"
"1.137113332748413","4.1114343929393726e-8"
"1.8981268405914307","4.1114343929393726e-8"
"1.798398733139038","2.1999998092651367"
"21.78390884399414","9"
"23.391939163208008","4.1114343929393726e-8"
"26.74880027770996","21.699996948242188"
"16.214401245117188","4.800000190734863"
"4.424899578094482","4.1114343929393726e-8"
"2.028717517852783","4.1114343929393726e-8"
"1.8005539178848267","4.1114343929393726e-8"
"2.8305819034576416","4.1114343929393726e-8"
"0.8693637847900391","4.1114343929393726e-8"
"0.5519753098487854","4.1114343929393726e-8"
"1.210747241973877","4.1114343929393726e-8"
"1.9767131805419922","4.1114343929393726e-8"
"22.18671417236328","4.1114343929393726e-8"
"26.793838500976562","4.1114343929393726e-8"
"28.190982818603516","5.900000095367432"
"14.912308692932129","4.1114343929393726e-8"
"6.271882057189941","4.1114343929393726e-8"
"5.004234313964844","4.1114343929393726e-8"
"3.5370492935180664","4.1114343929393726e-8"
"4.384642124176025","4.1114343929393726e-8"
"3.2542800903320312","4.1114343929393726e-8"
"2.0069780349731445","4.1114343929393726e-8"
"5.566797256469727","4.1114343929393726e-8"
"2.1749625205993652","20.099998474121094"
"22.029949188232422","50.099998474121094"
"17.075246810913086","42.30000305175781"
"19.16527557373047","54.79999542236328"
"7.323850154876709","27.29999542236328"
"3.000155448913574","4.1114343929393726e-8"
"3.6452221870422363","4.1114343929393726e-8"
"1.3054217100143433","4.1114343929393726e-8"
"6.296547889709473","4.1114343929393726e-8"
"0.9590988159179688","4.1114343929393726e-8"
"1.0439039468765259","4.1114343929393726e-8"
"5.801206588745117","4.1114343929393726e-8"
"1.219329833984375","4.1114343929393726e-8"
"15.875001907348633","4.1114343929393726e-8"
"6.422731399536133","1.1999999284744263"
"15.009612083435059","8.299999237060547"
"8.069314956665039","5.900000095367432"
"7.780683517456055","1.4999998807907104"
"1.6264190673828125","1.1999999284744263"
"1.1206477880477905","4.1114343929393726e-8"
"2.012430429458618","4.1114343929393726e-8"
"5.090456962585449","5"
"2.7967047691345215","0.6000000238418579"
"0.7744432091712952","4.1114343929393726e-8"
"1.3131364583969116","4.1114343929393726e-8"
"13.822138786315918","25.299999237060547"
"4.967520713806152","4.1114343929393726e-8"
"21.9190731048584","21.899999618530273"
"16.095788955688477","4.1114343929393726e-8"
"5.921628952026367","4.1114343929393726e-8"
"2.163970470428467","4.1114343929393726e-8"
"0.8667625188827515","4.1114343929393726e-8"
"1.339377760887146","4.1114343929393726e-8"
"0.9895018339157104","4.1114343929393726e-8"
"0.5778121948242188","4.1114343929393726e-8"
"0.12358584254980087","4.1114343929393726e-8"
"1.5549837350845337","4.1114343929393726e-8"
"20.096437454223633","14.799997329711914"
"20.907554626464844","4.1114343929393726e-8"
"23.462169647216797","18.899995803833008"
"5.3142805099487305","5.200000286102295"
"3.9001235961914062","4.1114343929393726e-8"
"1.8139677047729492","4.1114343929393726e-8"
"0.4924524426460266","4.1114343929393726e-8"
"3.335203170776367","4.1114343929393726e-8"
"0.37343287467956543","0.4000000059604645"
"1.036007285118103","4.1114343929393726e-8"
"0.4304139018058777","4.1114343929393726e-8"
"0.7784518003463745","6.69999885559082"
"23.57723617553711","15"
"26.794897079467773","7.800000190734863"
"22.709339141845703","12.399999618530273"
"7.320998668670654","15.600000381469727"
"1.4652191400527954","2.799999713897705"
"2.845123767852783","4.1114343929393726e-8"
"0.5363770127296448","4.1114343929393726e-8"
"1.32692289352417","4.1114343929393726e-8"
"1.3407396078109741","4.1114343929393726e-8"
"0.8794918060302734","4.1114343929393726e-8"
"0.5453839302062988","4.1114343929393726e-8"
"0.285265177488327","4.1114343929393726e-8"
"22.145946502685547","10.099998474121094"
"27.104351043701172","27.700000762939453"
"30.837055206298828","15.699999809265137"
"12.181090354919434","2.1999998092651367"
"4.4841203689575195","4.199999809265137"
"3.0592703819274902","4.1114343929393726e-8"
"0.3308466970920563","4.1114343929393726e-8"
"1.8532193899154663","4.1114343929393726e-8"
"0.861602783203125","4.1114343929393726e-8"
"0.4305802583694458","4.1114343929393726e-8"
"1.1828343868255615","4.1114343929393726e-8"
"0.7182290554046631","8.80000114440918"
"23.63018035888672","17.699995040893555"
"27.79782485961914","8"
"35.43247985839844","24.599998474121094"
"14.970006942749023","13.699997901916504"
"10.056581497192383","1.1999999284744263"
"11.908058166503906","4.1114343929393726e-8"
"1.1479796171188354","4.1114343929393726e-8"
"3.147019386291504","4.1114343929393726e-8"
"7.953548908233643","4.1114343929393726e-8"
"3.906083345413208","4.1114343929393726e-8"
"4.046302795410156","4.1114343929393726e-8"
"0.8015627264976501","0.5"
"15.5966796875","3.5999999046325684"
"13.53847885131836","1.8000000715255737"
"20.055696487426758","5.300000190734863"
"8.95108699798584","2"
"13.387361526489258","4.1114343929393726e-8"
"1.919935703277588","4.1114343929393726e-8"
"0.42526715993881226","4.1114343929393726e-8"
"2.981532335281372","4.1114343929393726e-8"
"2.9402706623077393","4.1114343929393726e-8"
"1.1556634902954102","4.1114343929393726e-8"
"4.966644287109375","4.1114343929393726e-8"
"0.7583398818969727","4.1114343929393726e-8"
"17.130319595336914","4.1114343929393726e-8"
"29.225160598754883","4.1114343929393726e-8"
"26.483957290649414","4.1114343929393726e-8"
"14.042999267578125","4.1114343929393726e-8"
"9.508071899414062","4.1114343929393726e-8"
"2.7122533321380615","4.1114343929393726e-8"
"1.6605186462402344","4.1114343929393726e-8"
"1.4620671272277832","4.1114343929393726e-8"
"1.7650282382965088","4.1114343929393726e-8"
"2.896090269088745","4.1114343929393726e-8"
"4.993672847747803","4.1114343929393726e-8"
"1.08063542842865","4.1114343929393726e-8"
"26.562707901000977","21.500001907348633"
"23.13541603088379","31.89999771118164"
"29.171838760375977","9.599998474121094"
"16.494640350341797","4.1114343929393726e-8"
"6.964588642120361","4.1114343929393726e-8"
"4.144534587860107","4.1114343929393726e-8"
"1.9194062948226929","4.1114343929393726e-8"
"1.9809744358062744","4.1114343929393726e-8"
"2.677999973297119","4.1114343929393726e-8"
"1.609379768371582","4.1114343929393726e-8"
"2.670828104019165","4.1114343929393726e-8"
"0.8739597797393799","4.1114343929393726e-8"
"18.77847671508789","10.5"
"15.33908748626709","71.40001678466797"
"20.28399658203125","75.30000305175781"
"9.697495460510254","26.599994659423828"
"7.468743324279785","50.899993896484375"
"4.551932334899902","4.1114343929393726e-8"
"0.5998052358627319","4.1114343929393726e-8"
"3.4123668670654297","4.1114343929393726e-8"
"3.1863598823547363","4.1114343929393726e-8"
"1.4141428470611572","4.1114343929393726e-8"
"5.855062484741211","4.1114343929393726e-8"
"0.8421347141265869","4.1114343929393726e-8"
"19.519672393798828","4.1114343929393726e-8"
"33.94719696044922","4.1114343929393726e-8"
"33.06685256958008","4.1114343929393726e-8"
"9.183974266052246","4.1114343929393726e-8"
"10.45602035522461","4.1114343929393726e-8"
"4.394268035888672","4.1114343929393726e-8"
"0.77032470703125","14.499999046325684"
"3.2829389572143555","4.1114343929393726e-8"
"5.808613300323486","4.1114343929393726e-8"
"1.6623177528381348","4.1114343929393726e-8"
"2.3948936462402344","5.900000095367432"
"1.3728842735290527","10.000000953674316"
"20.607608795166016","7.90000057220459"
"30.080345153808594","4.1114343929393726e-8"
"26.2697696685791","7.5"
"20.56154441833496","14.300000190734863"
"10.374180793762207","14.39999771118164"
"2.3144822120666504","18.799997329711914"
"1.0622600317001343","112.50001525878906"
"2.9235219955444336","27.39999771118164"
"0.9133630990982056","29.199993133544922"
"0.8735235333442688","32.59999465942383"
"1.6507765054702759","14.100000381469727"
"5.134133338928223","1"
"29.918603897094727","4.1114343929393726e-8"
"27.912410736083984","4.1114343929393726e-8"
"38.116268157958984","4.1114343929393726e-8"
"20.827468872070312","9.099998474121094"
"13.875082015991211","4.1114343929393726e-8"
"13.332975387573242","0.6000000238418579"
"5.189206123352051","8.09999942779541"
"5.980247497558594","4.1114343929393726e-8"
"3.3946738243103027","0.5"
"5.313231468200684","4.1114343929393726e-8"
"6.833653450012207","13.499999046325684"
"5.685952186584473","4.1114343929393726e-8"
"31.170427322387695","4.1114343929393726e-8"
"19.86711883544922","4.1114343929393726e-8"
"21.48565101623535","4.1114343929393726e-8"
"12.005948066711426","4.1114343929393726e-8"
"9.876775741577148","0.19999997317790985"
"9.955477714538574","2.1999998092651367"
"1.764909029006958","4.1114343929393726e-8"
"7.548466682434082","4.1114343929393726e-8"
"4.908336639404297","4.1114343929393726e-8"
"1.8387422561645508","2.3999998569488525"
"7.325387954711914","4.1114343929393726e-8"
"0.517069399356842","3"
"16.34563446044922","4.1114343929393726e-8"
"12.151501655578613","4.1114343929393726e-8"
"15.303380966186523","4.1114343929393726e-8"
"2.5672829151153564","4"
"1.0155023336410522","4.1114343929393726e-8"
"0.5076740384101868","2"
"0.6854668259620667","87.00000762939453"
"2.5019571781158447","22"
"0.7526159286499023","7"
"0.5419973731040955","4.1114343929393726e-8"
"0.3631521761417389","0.800000011920929"
"1.419403076171875","4.1114343929393726e-8"
"23.093669891357422","4"
"22.4371280670166","25.999996185302734"
"23.637863159179688","3.799999952316284"
"8.733611106872559","4.1114343929393726e-8"
"0.741972029209137","4.1114343929393726e-8"
"1.313684344291687","4.1114343929393726e-8"
"1.4793936014175415","4.1114343929393726e-8"
"2.8485567569732666","4.1114343929393726e-8"
"0.6780292391777039","4.1114343929393726e-8"
"0.19877207279205322","4.1114343929393726e-8"
"0.28456491231918335","4.1114343929393726e-8"
"1.9551488161087036","19"
"19.184337615966797","33"
"16.36969566345215","38.99999237060547"
"18.63601303100586","31"
"6.893200397491455","9"
"2.607579469680786","4.1114343929393726e-8"
"1.6659281253814697","4"
"0.3845670819282532","4.1114343929393726e-8"
"6.620611667633057","4.1114343929393726e-8"
"0.640743613243103","4.1114343929393726e-8"
"0.7518951892852783","4.1114343929393726e-8"
"1.1190054416656494","4.1114343929393726e-8"
"0.9587749242782593","18"
"23.596878051757812","5.999999523162842"
"30.41557502746582","19.999996185302734"
"31.271377563476562","14.000000953674316"
"6.177938461303711","23"
"4.255951881408691","26.999996185302734"
"1.9111080169677734","3"
"1.3161718845367432","7"
"3.3545186519622803","6.299999237060547"
"2.2775673866271973","9.699997901916504"
"1.0148861408233643","5"
"2.067108631134033","4"
"0.9958083629608154","9"
"22.93933868408203","4.1114343929393726e-8"
"28.63251304626465","0.10000001639127731"
"40.52382278442383","3.0999996662139893"
"12.683570861816406","26.999996185302734"
"6.441650867462158","38.99999237060547"
"3.4186532497406006","11.999999046325684"
"1.4086713790893555","4.1114343929393726e-8"
"5.46897029876709","11.69999885559082"
"1.8318802118301392","5"
"1.1452242136001587","9"
"6.016290664672852","1"
"2.5564990043640137","4.1114343929393726e-8"
"22.091697692871094","8"
"34.818782806396484","4.1114343929393726e-8"
"38.618324279785156","5.900000095367432"
"12.79097843170166","4.1114343929393726e-8"
"14.819722175598145","4.1114343929393726e-8"
"11.89195728302002","4.1114343929393726e-8"
"1.6965783834457397","4.1114343929393726e-8"
"8.21371078491211","4.1114343929393726e-8"
"6.53193473815918","4.1114343929393726e-8"
"4.161598205566406","4.1114343929393726e-8"
"10.440266609191895","4.1114343929393726e-8"
"0.6227593421936035","42.30000305175781"
"15.366059303283691","4.1114343929393726e-8"
"15.866454124450684","19.999996185302734"
"27.081315994262695","29.999998092651367"
"7.434154033660889","25.999996185302734"
"4.9760918617248535","2"
"2.6015336513519287","4.1114343929393726e-8"
"0.1698257327079773","4.1114343929393726e-8"
"4.5724029541015625","0.6000000238418579"
"6.250400543212891","4.1114343929393726e-8"
"1.3609106540679932","0.30000001192092896"
"4.478720664978027","4.1114343929393726e-8"
"1.0925718545913696","3"
"11.35014533996582","4.1114343929393726e-8"
"15.665336608886719","18"
"23.94484519958496","4.1114343929393726e-8"
"7.863492012023926","11"
"4.569839954376221","5"
"0.8112008571624756","4.1114343929393726e-8"
"0.28608059883117676","4.1114343929393726e-8"
"1.5615997314453125","4.1114343929393726e-8"
"2.338604211807251","4.1114343929393726e-8"
"0.2883872985839844","4.1114343929393726e-8"
"5.128578186035156","4.1114343929393726e-8"
"0.9213478565216064","4.1114343929393726e-8"
"6.32695198059082","5.999999523162842"
"6.995633602142334","43.99999237060547"
"13.80631160736084","1.8000000715255737"
"6.493290901184082","0.5"
"1.8108835220336914","4.1114343929393726e-8"
"0.7509945631027222","4.1114343929393726e-8"
"2.975404977798462","4.1114343929393726e-8"
"0.4170215129852295","4.1114343929393726e-8"
"0.7267477512359619","3"
"0.3519657552242279","4.1114343929393726e-8"
"5.909347057342529","0.6000000238418579"
"0.6368918418884277","3"
"5.258446216583252","15"
"2.300006866455078","31"
"9.086267471313477","13.19999885559082"
"3.359968423843384","5"
"1.768312931060791","5"
"0.7381305694580078","7"
"1.8330495357513428","3"
"0.7113797664642334","4"
"0.2968703508377075","0.4000000059604645"
"0.8157732486724854","0.5"
"6.096887588500977","2"
"0.5869370698928833","4.1114343929393726e-8"
"3.508784294128418","1"
"3.627572774887085","4.1114343929393726e-8"
"10.181840896606445","4.1114343929393726e-8"
"2.237581491470337","1"
"0.5527287125587463","4"
"1.3274621963500977","33.999996185302734"
"1.5864531993865967","4.1114343929393726e-8"
"0.7059125304222107","19.099998474121094"
"0.5361828207969666","14.699999809265137"
"0.8009469509124756","13.599998474121094"
"1.4682085514068604","16.999996185302734"
"0.27513575553894043","12.999998092651367"
"5.4464921951293945","4.099999904632568"
"5.361669063568115","3.0999996662139893"
"21.663471221923828","15.999996185302734"
"3.8601787090301514","4.1114343929393726e-8"
"1.0706721544265747","37.999996185302734"
"1.1069563627243042","4.1114343929393726e-8"
"1.7048770189285278","0.10000001639127731"
"0.623589038848877","4.1114343929393726e-8"
"0.3952621817588806","2.9000000953674316"
"0.4145601689815521","4.1114343929393726e-8"
"0.6945472955703735","5.999999523162842"
"0.6389181613922119","4"
"10.021492958068848","8"
"8.081225395202637","4.1114343929393726e-8"
"22.45746612548828","10.000000953674316"
"3.67771053314209","19.999996185302734"
"0.8631762266159058","4.1114343929393726e-8"
"3.7531683444976807","8"
"1.2441476583480835","0.7000000476837158"
"0.8105953335762024","4"
"0.9144852757453918","9"
"0.8702837824821472","0.10000001639127731"
"0.6959905624389648","0.19999997317790985"
"0.47459110617637634","5"
"6.3999247550964355","4.1114343929393726e-8"
"8.833192825317383","0.4000000059604645"
"14.76858139038086","4.1114343929393726e-8"
"2.817349433898926","10.099998474121094"
"0.9215825200080872","0.7000000476837158"
"0.8943375945091248","1"
"0.2584782540798187","4.1114343929393726e-8"
"1.9360002279281616","4.1114343929393726e-8"
"0.7883533239364624","5"
"0.2863266170024872","4.1114343929393726e-8"
"0.14801831543445587","1.1999999284744263"
"0","4.1114343929393726e-8"
"3.440134286880493","4.1114343929393726e-8"
"3.1451354026794434","5"
"10.655574798583984","4.1114343929393726e-8"
"0.24286462366580963","4.1114343929393726e-8"
"0.6657030582427979","4.1114343929393726e-8"
"0.5972216129302979","4.1114343929393726e-8"
"0.20193715393543243","10.000000953674316"
"0.3343465030193329","4.1114343929393726e-8"
"0.6655278205871582","4.1114343929393726e-8"
"0.7609971761703491","4.1114343929393726e-8"
"1.9070055484771729","2"
"0.12320497632026672","0.19999997317790985"
"1.9451851844787598","4"
"0.8801602721214294","4.1114343929393726e-8"
"5.5169267654418945","3"
"0.3798229992389679","5"
"0.14937514066696167","2"
"0.27392247319221497","9"
"1.8800593614578247","7"
"0.10759640485048294","2.3000001907348633"
"0","4.1114343929393726e-8"
"0.21713146567344666","9"
"0.4044107496738434","2.1999998092651367"
"1.293487310409546","4.1114343929393726e-8"
"1.8519914150238037","14.499999046325684"
"0.4466378092765808","0.5"
"5.998945236206055","4.1114343929393726e-8"
"2.739077568054199","3"
"1.0171871185302734","4.1114343929393726e-8"
"1.1270196437835693","4"
"1.5621099472045898","1"
"0.9387399554252625","2.6000001430511475"
"0.018850479274988174","0.6000000238418579"
"1.268223524093628","0.10000001639127731"
"0.8062741160392761","4.1114343929393726e-8"
"1.2365703582763672","4.1114343929393726e-8"
"3.484447717666626","4"
"2.3929479122161865","3.0999996662139893"
"13.609034538269043","0.800000011920929"
"4.123364448547363","4.1114343929393726e-8"
"0.3931601345539093","4.1114343929393726e-8"
"1.8450648784637451","4.1114343929393726e-8"
"1.572831153869629","4.1114343929393726e-8"
"3.331660509109497","4.1114343929393726e-8"
"1.3884837627410889","4.1114343929393726e-8"
"1.3526015281677246","4.1114343929393726e-8"
"2.031980276107788","4.1114343929393726e-8"
"1.441717505455017","4.1114343929393726e-8"
"8.908300399780273","8"
"10.26408863067627","1"
"28.75934410095215","0.800000011920929"
"11.584023475646973","4.1114343929393726e-8"
"5.044987201690674","4.1114343929393726e-8"
"1.4216641187667847","4.1114343929393726e-8"
"2.698901414871216","4.1114343929393726e-8"
"2.7290878295898438","4.1114343929393726e-8"
"1.254980444908142","4.1114343929393726e-8"
"0.48056116700172424","4.1114343929393726e-8"
"1.1253365278244019","4.1114343929393726e-8"
"2.7744007110595703","4.1114343929393726e-8"
"19.656654357910156","0.6000000238418579"
"18.20889663696289","0.4000000059604645"
"33.92003631591797","1.399999976158142"
"8.926237106323242","4"
"3.2852840423583984","1"
"3.154827833175659","4.1114343929393726e-8"
"1.4980990886688232","4.1114343929393726e-8"
"5.309049129486084","4.1114343929393726e-8"
"1.6915538311004639","0.19999997317790985"
"1.718180537223816","4.1114343929393726e-8"
"1.8255207538604736","2"
"1.67948317527771","11.999999046325684"
"19.209794998168945","34.399993896484375"
"18.90740394592285","29.600000381469727"
"30.73716926574707","5"
"6.453845977783203","24.000001907348633"
"1.969240427017212","4.1114343929393726e-8"
"1.6815893650054932","4.1114343929393726e-8"
"0.5185465216636658","25.999996185302734"
"4.189496040344238","37.999996185302734"
"1.0540114641189575","4.1114343929393726e-8"
"0.9514074921607971","38.99999237060547"
"0.9582580327987671","4.1114343929393726e-8"
"1.450310468673706","3.0999996662139893"
"19.191099166870117","1"
"20.46103286743164","14.000000953674316"
"35.42608642578125","11.69999885559082"
"15.874329566955566","1.2999999523162842"
"6.00253438949585","0.6000000238418579"
"4.98261833190918","8.199999809265137"
"1.6416373252868652","4.1114343929393726e-8"
"3.684009075164795","4.1114343929393726e-8"
"4.380712985992432","4.1114343929393726e-8"
"2.0422096252441406","7"
"5.194036483764648","4.1114343929393726e-8"
"1.4943008422851562","11.89999771118164"
"22.108760833740234","14.000000953674316"
"30.36986541748047","16.59999656677246"
"35.982452392578125","18.299997329711914"
"6.375658988952637","4.700000286102295"
"6.749969959259033","11"
"3.6272010803222656","41.799991607666016"
"1.5720137357711792","29.000001907348633"
"2.3920350074768066","15.999996185302734"
"5.098609447479248","55.00001525878906"
"1.0294562578201294","15"
"5.385875701904297","4.1114343929393726e-8"
"0.9659286141395569","2.1000001430511475"
"16.66948699951172","12.999998092651367"
"12.23508071899414","4.199999809265137"
"28.387985229492188","4"
"5.785256862640381","4.1114343929393726e-8"
"7.255682945251465","4.1114343929393726e-8"
"2.424769401550293","4.1114343929393726e-8"
"1.3169904947280884","4.1114343929393726e-8"
"5.008195877075195","8"
"2.6392464637756348","11.999999046325684"
"1.8894702196121216","8.199999809265137"
"3.6511850357055664","4.1114343929393726e-8"
"1.377480149269104","4.1114343929393726e-8"
"20.5044002532959","14.000000953674316"
"9.168875694274902","9"
"33.632511138916016","2"
"6.9588446617126465","0.19999997317790985"
"7.635854244232178","4.1114343929393726e-8"
"5.3741559982299805","4.1114343929393726e-8"
"0.8552247881889343","4.1114343929393726e-8"
"3.157837390899658","4.1114343929393726e-8"
"6.188305854797363","4.1114343929393726e-8"
"1.6576350927352905","0.10000001639127731"
"4.047647953033447","4.1114343929393726e-8"
"0.7678145170211792","4.1114343929393726e-8"
"17.13186264038086","0.6000000238418579"
"31.51673126220703","0.10000001639127731"
"39.18909454345703","2"
"13.900016784667969","4.1114343929393726e-8"
"9.416547775268555","4.1114343929393726e-8"
"2.0621700286865234","4.1114343929393726e-8"
"0.9265285134315491","4.1114343929393726e-8"
"1.4891961812973022","4.1114343929393726e-8"
"2.7534878253936768","4.1114343929393726e-8"
"1.3659255504608154","4.1114343929393726e-8"
"9.93249797821045","4.1114343929393726e-8"
"1.343633770942688","12.999998092651367"
"19.848554611206055","5.799999713897705"
"28.373035430908203","26.89999771118164"
"34.138999938964844","10.000000953674316"
"19.150501251220703","15"
"10.479671478271484","5.999999523162842"
"3.85823392868042","24.89999771118164"
"2.4244384765625","33.999996185302734"
"2.5211617946624756","34.99999237060547"
"6.853296279907227","29.999998092651367"
"3.490786075592041","19"
"12.731720924377441","36.79999542236328"
"1.7783610820770264","4"
"11.334178924560547","5.600000381469727"
"8.978946685791016","30.09999656677246"
"16.183347702026367","31"
"13.241413116455078","4"
"6.4141411781311035","12.999998092651367"
"1.821515440940857","2.1000001430511475"
"0.986235499382019","7"
"1.6664944887161255","5.999999523162842"
"2.004579544067383","7"
"0.8275813460350037","4.1114343929393726e-8"
"3.5838282108306885","4.1114343929393726e-8"
"0","4.1114343929393726e-8"
"23.61777114868164","15.399998664855957"
"23.13974380493164","4.1114343929393726e-8"
"23.417797088623047","25.399995803833008"
"10.746909141540527","4.1114343929393726e-8"
"1.236708164215088","4.1114343929393726e-8"
"3.659801959991455","4.1114343929393726e-8"
"1.2603586912155151","2.1000001430511475"
"4.957862854003906","4.1114343929393726e-8"
"1.1654822826385498","4.1114343929393726e-8"
"1.0679808855056763","4.1114343929393726e-8"
"1.4006543159484863","24.89999771118164"
"0.40586206316947937","4.1114343929393726e-8"
"47.40440368652344","48.09999465942383"
"29.25776481628418","4.1114343929393726e-8"
"33.21583557128906","4.1114343929393726e-8"
"16.248001098632812","4.1114343929393726e-8"
"6.447934150695801","4.1114343929393726e-8"
"4.726615905761719","4.1114343929393726e-8"
"2.6404623985290527","4.1114343929393726e-8"
"5.90590763092041","4.1114343929393726e-8"
"2.2536988258361816","4.1114343929393726e-8"
"0.8981940746307373","4.1114343929393726e-8"
"4.500333309173584","4.1114343929393726e-8"
"2.351047992706299","32.29999542236328"
"21.60671043395996","25.799999237060547"
"44.74119186401367","4.1114343929393726e-8"
"34.601200103759766","4.1114343929393726e-8"
"13.10917854309082","90.89999389648438"
"12.638574600219727","12.59999942779541"
"4.630722999572754","4.1114343929393726e-8"
"1.6957335472106934","4.1114343929393726e-8"
"8.985183715820312","31.399993896484375"
"5.133874893188477","4.1114343929393726e-8"
"1.9442553520202637","15"
"5.102241516113281","4.1114343929393726e-8"
"1.0323785543441772","42.899993896484375"
"20.580934524536133","8.09999942779541"
"29.61863136291504","4.499999523162842"
"27.225690841674805","83.10002136230469"
"7.421481132507324","69.0000228881836"
"9.757710456848145","13.19999885559082"
"2.549988269805908","11.299999237060547"
"0.8674585223197937","4.1114343929393726e-8"
"4.134314060211182","4.1114343929393726e-8"
"8.374374389648438","4.1114343929393726e-8"
"2.301205635070801","4.1114343929393726e-8"
"2.4215188026428223","4.1114343929393726e-8"
"0.9334210157394409","4.1114343929393726e-8"
"23.932315826416016","0.10000001639127731"
"20.420772552490234","22.799999237060547"
"33.01417922973633","1.399999976158142"
"12.082512855529785","4.1114343929393726e-8"
"7.906067371368408","4.1114343929393726e-8"
"1.3659677505493164","5.300000190734863"
"0.3509061932563782","4.1114343929393726e-8"
"1.3964166641235352","4.499999523162842"
"1.7360575199127197","4.1114343929393726e-8"
"0.5454458594322205","4.1114343929393726e-8"
"0.9770007133483887","2.6000001430511475"
"2.108332395553589","4.1114343929393726e-8"
"32.55689239501953","9"
"23.408554077148438","28.699995040893555"
"31.22611427307129","2.6999998092651367"
"11.95266056060791","4.1114343929393726e-8"
"3.6279783248901367","4.1114343929393726e-8"
"2.778359889984131","4.1114343929393726e-8"
"0.9358680844306946","4.1114343929393726e-8"
"2.8489959239959717","4.1114343929393726e-8"
"1.3982385396957397","4.1114343929393726e-8"
"1.2529520988464355","4.1114343929393726e-8"
"1.2134441137313843","4.1114343929393726e-8"
"1.663315773010254","4.1114343929393726e-8"
"23.415672302246094","29.29999542236328"
"15.63404369354248","4.1114343929393726e-8"
"24.533935546875","4.1114343929393726e-8"
"7.600726127624512","1.4999998807907104"
"2.7996599674224854","4.1114343929393726e-8"
"1.5043022632598877","4.1114343929393726e-8"
"0.3044358193874359","4.1114343929393726e-8"
"1.9294569492340088","4.1114343929393726e-8"
"0.1602463275194168","26.399993896484375"
"0.6767555475234985","4.1114343929393726e-8"
"0.8063960075378418","4.1114343929393726e-8"
"1.4898052215576172","2.1999998092651367"
"21.09441375732422","9"
"24.726667404174805","4.1114343929393726e-8"
"29.808837890625","21.699996948242188"
"16.536693572998047","4.800000190734863"
"8.29409408569336","4.1114343929393726e-8"
"7.655733585357666","4.1114343929393726e-8"
"1.2469321489334106","4.1114343929393726e-8"
"4.016385078430176","4.1114343929393726e-8"
"4.957108497619629","4.1114343929393726e-8"
"1.2980438470840454","4.1114343929393726e-8"
"5.707099914550781","4.1114343929393726e-8"
"1.502732515335083","4.1114343929393726e-8"
"23.903966903686523","4.1114343929393726e-8"
"24.519712448120117","4.1114343929393726e-8"
"33.392547607421875","5.900000095367432"
"10.533391952514648","4.1114343929393726e-8"
"8.677621841430664","4.1114343929393726e-8"
"7.864992141723633","4.1114343929393726e-8"
"1.7269651889801025","4.1114343929393726e-8"
"3.4505410194396973","4.1114343929393726e-8"
"7.454099178314209","4.1114343929393726e-8"
"0.8139696717262268","4.1114343929393726e-8"
"5.83548641204834","4.1114343929393726e-8"
"3.449610948562622","20.099998474121094"
"13.64660930633545","50.099998474121094"
"16.360685348510742","42.30000305175781"
"21.45709991455078","54.79999542236328"
"10.206194877624512","27.29999542236328"
"11.5794095993042","4.1114343929393726e-8"
"5.699889183044434","4.1114343929393726e-8"
"1.3237510919570923","4.1114343929393726e-8"
"11.500981330871582","4.1114343929393726e-8"
"3.4189255237579346","4.1114343929393726e-8"
"1.6596623659133911","4.1114343929393726e-8"
"5.973181247711182","4.1114343929393726e-8"
"1.8830465078353882","8.69999885559082"
"16.82794761657715","15.100000381469727"
"18.55484390258789","15.699999809265137"
"22.000219345092773","30.199996948242188"
"9.240937232971191","9.399998664855957"
"14.00337028503418","0.5"
"4.5056281089782715","13.100001335144043"
"0.696053147315979","26.399993896484375"
"3.831662654876709","11.999999046325684"
"3.399357795715332","12.800000190734863"
"2.500344753265381","12.90000057220459"
"3.263777494430542","4.300000190734863"
"1.0519344806671143","34.399993896484375"
"24.662452697753906","84.40000915527344"
"32.19878005981445","129.09999084472656"
"31.51120376586914","94.09998321533203"
"11.184513092041016","42.499996185302734"
"10.655448913574219","36.19999694824219"
"2.5796732902526855","21.799999237060547"
"0.4325289726257324","16.099998474121094"
"2.0685794353485107","12.699996948242188"
"1.7375462055206299","13.299999237060547"
"0.4988260269165039","11.299999237060547"
"3.862405776977539","9.399998664855957"
"1.566044569015503","1.399999976158142"
"27.679733276367188","10.099998474121094"
"31.793006896972656","56.700008392333984"
"31.6810359954834","15.300000190734863"
"17.364307403564453","2.3000001907348633"
"14.407394409179688","12.699996948242188"
"5.158493995666504","0.6000000238418579"
"1.7580909729003906","4.1114343929393726e-8"
"2.957674980163574","4.1114343929393726e-8"
"4.123426914215088","0.7000000476837158"
"2.6497955322265625","5.100000381469727"
"3.998414993286133","5.200000286102295"
"3.077970266342163","4.1114343929393726e-8"
"29.320072174072266","4.1114343929393726e-8"
"21.687498092651367","4.1114343929393726e-8"
"24.72418212890625","4.1114343929393726e-8"
"13.05766773223877","4.1114343929393726e-8"
"10.643716812133789","4.1114343929393726e-8"
"2.821153402328491","0.800000011920929"
"0.2812614142894745","4.1114343929393726e-8"
"4.077259063720703","4.1114343929393726e-8"
"1.8630688190460205","4.1114343929393726e-8"
"1.367902159690857","4.1114343929393726e-8"
"3.2691802978515625","4.1114343929393726e-8"
"0","4.1114343929393726e-8"
"24.606151580810547","10.099998474121094"
"41.2441520690918","27.700000762939453"
"32.02143478393555","15.699999809265137"
"10.197648048400879","2.1999998092651367"
"1.704042911529541","4.199999809265137"
"3.2010529041290283","4.1114343929393726e-8"
"0.7432291507720947","4.1114343929393726e-8"
"2.657148599624634","4.1114343929393726e-8"
"1.6296913623809814","4.1114343929393726e-8"
"1.3335117101669312","4.1114343929393726e-8"
"0","4.1114343929393726e-8"
"0.16208629310131073","8.80000114440918"
"44.56167984008789","17.699995040893555"
"27.317529678344727","8"
"42.397911071777344","24.599998474121094"
"21.081342697143555","13.699997901916504"
"6.6075520515441895","1.1999999284744263"
"4.833220481872559","4.1114343929393726e-8"
"1.2965694665908813","4.1114343929393726e-8"
"3.6735267639160156","4.1114343929393726e-8"
"1.2715286016464233","4.1114343929393726e-8"
"0.44252562522888184","4.1114343929393726e-8"
"0.684281587600708","4.1114343929393726e-8"
"1.0585795640945435","0.5"
"18.63018035888672","3.5999999046325684"
"29.93644142150879","1.8000000715255737"
"29.381614685058594","5.300000190734863"
"14.822664260864258","2"
"9.988359451293945","4.1114343929393726e-8"
"6.334587574005127","4.1114343929393726e-8"
"0.4253000319004059","4.1114343929393726e-8"
"6.6912431716918945","4.1114343929393726e-8"
"2.5686891078948975","4.1114343929393726e-8"
"1.3346431255340576","4.1114343929393726e-8"
"1.1948541402816772","4.1114343929393726e-8"
"0.339834988117218","4.1114343929393726e-8"
"19.15749740600586","4.1114343929393726e-8"
"32.40824890136719","4.1114343929393726e-8"
"19.42420196533203","4.1114343929393726e-8"
"7.9706854820251465","4.1114343929393726e-8"
"11.400909423828125","4.1114343929393726e-8"
"3.097377300262451","4.1114343929393726e-8"
"0.2688926160335541","4.1114343929393726e-8"
"2.384932279586792","4.1114343929393726e-8"
"3.9398577213287354","4.1114343929393726e-8"
"0.7447341680526733","4.1114343929393726e-8"
"3.2032277584075928","4.1114343929393726e-8"
"0.3635099232196808","4.1114343929393726e-8"
"22.091468811035156","21.500001907348633"
"21.00234031677246","31.89999771118164"
"21.520675659179688","9.599998474121094"
"9.785032272338867","4.1114343929393726e-8"
"7.435807228088379","4.1114343929393726e-8"
"1.6435284614562988","4.1114343929393726e-8"
"0.7060554027557373","4.1114343929393726e-8"
"1.5941457748413086","4.1114343929393726e-8"
"0.3709790110588074","4.1114343929393726e-8"
"0.5068697929382324","4.1114343929393726e-8"
"1.6277003288269043","4.1114343929393726e-8"
"1.614131212234497","4.1114343929393726e-8"
"36.300113677978516","10.5"
"31.805644989013672","71.40001678466797"
"23.522228240966797","75.30000305175781"
"16.256311416625977","26.599994659423828"
"6.734283924102783","50.899993896484375"
"11.021909713745117","4.1114343929393726e-8"
"3.369382381439209","4.1114343929393726e-8"
"5.541988372802734","4.1114343929393726e-8"
"1.223158359527588","4.1114343929393726e-8"
"3.928882122039795","4.1114343929393726e-8"
"2.895228862762451","4.1114343929393726e-8"
"1.7214285135269165","4.1114343929393726e-8"
"22.259708404541016","4.1114343929393726e-8"
"24.28485870361328","4.1114343929393726e-8"
"15.345520973205566","4.1114343929393726e-8"
"11.04310417175293","4.1114343929393726e-8"
"5.830175399780273","4.1114343929393726e-8"
"11.7191801071167","4.1114343929393726e-8"
"1.0111207962036133","14.499999046325684"
"5.504817008972168","4.1114343929393726e-8"
"2.04864501953125","4.1114343929393726e-8"
"1.249464511871338","4.1114343929393726e-8"
"2.1347122192382812","5.900000095367432"
"0.4746605455875397","10.000000953674316"
"14.39198112487793","7.90000057220459"
"30.234882354736328","4.1114343929393726e-8"
"29.543212890625","7.5"
"13.109010696411133","14.300000190734863"
"12.048467636108398","14.39999771118164"
"3.5419750213623047","18.799997329711914"
"1.5829954147338867","112.50001525878906"
"2.417226791381836","27.39999771118164"
"3.6896913051605225","29.199993133544922"
"1.0721784830093384","32.59999465942383"
"4.962179660797119","14.100000381469727"
"0.5587009191513062","1"
"24.363996505737305","4.1114343929393726e-8"
"40.93536376953125","4.1114343929393726e-8"
"27.54701805114746","4.1114343929393726e-8"
"6.576825141906738","9.099998474121094"
"2.859980821609497","4.1114343929393726e-8"
"2.2565364837646484","0.6000000238418579"
"1.4003108739852905","8.09999942779541"
"0.9016313552856445","4.1114343929393726e-8"
"1.558895230293274","0.5"
"0.5901843309402466","4.1114343929393726e-8"
"2.7750661373138428","13.499999046325684"
"2.187565803527832","4.1114343929393726e-8"
"10.057119369506836","4.1114343929393726e-8"
"7.933950424194336","4.1114343929393726e-8"
"14.45719051361084","4.1114343929393726e-8"
"5.549478530883789","4.1114343929393726e-8"
"1.5437397956848145","0.19999997317790985"
"1.1375237703323364","2.1999998092651367"
"1.5706374645233154","4.1114343929393726e-8"
"5.162730693817139","4.1114343929393726e-8"
"0.8794711828231812","4.1114343929393726e-8"
"1.0935264825820923","2.3999998569488525"
"2.0036611557006836","4.1114343929393726e-8"
"2.059607744216919","4.1114343929393726e-8"
"14.330865859985352","4.1114343929393726e-8"
"9.413896560668945","4.1114343929393726e-8"
"16.35296058654785","2.3000001907348633"
"3.862907648086548","4.1114343929393726e-8"
"1.699279546737671","4.1114343929393726e-8"
"2.295093059539795","4.1114343929393726e-8"
"0.8056098222732544","4.1114343929393726e-8"
"2.2019052505493164","4.1114343929393726e-8"
"0.9915226697921753","4.1114343929393726e-8"
"0.4950999319553375","4.1114343929393726e-8"
"1.315279483795166","4.1114343929393726e-8"
"1.2111676931381226","4.1114343929393726e-8"
"13.226481437683105","4.1114343929393726e-8"
"18.953353881835938","4.1114343929393726e-8"
"20.71276092529297","4.1114343929393726e-8"
"2.927771806716919","4.1114343929393726e-8"
"1.6497442722320557","4.1114343929393726e-8"
"1.0867021083831787","4.1114343929393726e-8"
"0.814240574836731","4.1114343929393726e-8"
"2.0357251167297363","4.1114343929393726e-8"
"0.49044176936149597","4.1114343929393726e-8"
"0.29374051094055176","4.1114343929393726e-8"
"2.187567710876465","4.1114343929393726e-8"
"0.436306357383728","4.1114343929393726e-8"
"7.726500511169434","4.1114343929393726e-8"
"10.148014068603516","4.1114343929393726e-8"
"17.077375411987305","4.1114343929393726e-8"
"3.144807815551758","4.1114343929393726e-8"
"0.9051406979560852","4.1114343929393726e-8"
"0.7850069403648376","4.1114343929393726e-8"
"1.2990185022354126","4.1114343929393726e-8"
"1.2346301078796387","4.1114343929393726e-8"
"1.1591535806655884","4.1114343929393726e-8"
"0.6208245754241943","4.1114343929393726e-8"
"3.9153449535369873","4.1114343929393726e-8"
"1.7495415210723877","4.1114343929393726e-8"
"4.734548091888428","4.1114343929393726e-8"
"4.000560760498047","4.1114343929393726e-8"
"7.183798313140869","4.1114343929393726e-8"
"1.9403108358383179","4.1114343929393726e-8"
"0.4196815490722656","4.1114343929393726e-8"
"0.16485877335071564","4.1114343929393726e-8"
"0.1301490068435669","4.1114343929393726e-8"
"1.1848114728927612","4.1114343929393726e-8"
"0.21715329587459564","4.1114343929393726e-8"
"0.18884587287902832","4.1114343929393726e-8"
"4.436244964599609","4.1114343929393726e-8"
"0.6477864384651184","9"
"20.87693214416504","4.1114343929393726e-8"
"43.87301254272461","0.10000001639127731"
"38.98625183105469","3.0999996662139893"
"11.606545448303223","26.999996185302734"
"7.900191783905029","38.99999237060547"
"8.80119514465332","11.999999046325684"
"1.7838947772979736","4.1114343929393726e-8"
"10.623062133789062","11.69999885559082"
"11.846835136413574","5"
"3.499218702316284","9"
"12.193981170654297","1"
"1.8973783254623413","4.1114343929393726e-8"
"21.536354064941406","8"
"24.43215560913086","4.1114343929393726e-8"
"39.89167785644531","5.900000095367432"
"8.823530197143555","4.1114343929393726e-8"
"7.577226161956787","4.1114343929393726e-8"
"7.137272834777832","4.1114343929393726e-8"
"4.5665364265441895","4.1114343929393726e-8"
"5.753392219543457","4.1114343929393726e-8"
"15.506280899047852","4.1114343929393726e-8"
"1.8190362453460693","4.1114343929393726e-8"
"15.967533111572266","4.1114343929393726e-8"
"3.5546369552612305","42.30000305175781"
"13.091656684875488","4.1114343929393726e-8"
"15.336606979370117","19.999996185302734"
"34.9466552734375","29.999998092651367"
"14.441642761230469","25.999996185302734"
"12.204193115234375","2"
"5.4581451416015625","4.1114343929393726e-8"
"5.189237594604492","4.1114343929393726e-8"
"4.669722557067871","0.6000000238418579"
"6.678765773773193","4.1114343929393726e-8"
"5.416583061218262","0.30000001192092896"
"8.967326164245605","4.1114343929393726e-8"
"2.886823892593384","3"
"16.052108764648438","4.1114343929393726e-8"
"16.469327926635742","18"
"30.51456069946289","4.1114343929393726e-8"
"22.646957397460938","11"
"12.390128135681152","5"
"5.467543601989746","4.1114343929393726e-8"
"2.081831455230713","4.1114343929393726e-8"
"2.719613790512085","4.1114343929393726e-8"
"5.8346967697143555","4.1114343929393726e-8"
"3.191936492919922","4.1114343929393726e-8"
"6.006916522979736","4.1114343929393726e-8"
"1.586936116218567","4.1114343929393726e-8"
"19.11995506286621","5.999999523162842"
"21.4564208984375","43.99999237060547"
"33.23769760131836","1.8000000715255737"
"16.265583038330078","0.5"
"6.5051445960998535","4.1114343929393726e-8"
"3.831757068634033","4.1114343929393726e-8"
"1.7320644855499268","4.1114343929393726e-8"
"1.5618829727172852","4.1114343929393726e-8"
"2.1480894088745117","3"
"1.2931269407272339","4.1114343929393726e-8"
"0.767024040222168","0.6000000238418579"
"4.455520153045654","3"
"33.4113883972168","15"
"31.659147262573242","31"
"36.15878677368164","13.19999885559082"
"21.80248260498047","5"
"6.974678039550781","5"
"20.53935432434082","7"
"1.0983806848526","3"
"2.9234836101531982","4"
"2.334568500518799","0.4000000059604645"
"3.4758150577545166","0.5"
"4.192992210388184","2"
"3.2713570594787598","4.1114343929393726e-8"
"25.4327335357666","1"
"23.894912719726562","4.1114343929393726e-8"
"35.39952850341797","4.1114343929393726e-8"
"11.415529251098633","1"
"5.923267841339111","4"
"5.095218181610107","33.999996185302734"
"0.7253375053405762","4.1114343929393726e-8"
"5.472056865692139","19.099998474121094"
"4.0995049476623535","14.699999809265137"
"2.425530433654785","13.599998474121094"
"5.193624973297119","16.999996185302734"
"2.9513919353485107","12.999998092651367"
"24.675561904907227","4.099999904632568"
"27.476423263549805","3.0999996662139893"
"35.176490783691406","15.999996185302734"
"15.730287551879883","4.1114343929393726e-8"
"10.786565780639648","37.999996185302734"
"7.277282238006592","4.1114343929393726e-8"
"1.5852859020233154","0.10000001639127731"
"4.945581436157227","4.1114343929393726e-8"
"14.57198715209961","2.9000000953674316"
"4.284396648406982","4.1114343929393726e-8"
"9.508262634277344","5.999999523162842"
"2.245563507080078","4"
"25.428234100341797","8"
"32.317466735839844","4.1114343929393726e-8"
"38.014347076416016","10.000000953674316"
"21.406593322753906","19.999996185302734"
"16.66234016418457","4.1114343929393726e-8"
"7.22786283493042","8"
"3.5214335918426514","0.7000000476837158"
"4.845617294311523","4"
"16.256725311279297","9"
"3.56801438331604","0.10000001639127731"
"11.868796348571777","0.19999997317790985"
"2.5181307792663574","5"
"15.31139850616455","4.1114343929393726e-8"
"14.465182304382324","0.4000000059604645"
"21.651371002197266","4.1114343929393726e-8"
"12.378094673156738","10.099998474121094"
"9.614973068237305","0.7000000476837158"
"4.434976577758789","1"
"1.1336203813552856","4.1114343929393726e-8"
"7.408580303192139","4.1114343929393726e-8"
"8.133962631225586","5"
"2.825648307800293","4.1114343929393726e-8"
"6.11708402633667","1.1999999284744263"
"1.4218425750732422","4.1114343929393726e-8"
"16.961923599243164","4.1114343929393726e-8"
"15.377402305603027","1.100000023841858"
"17.383766174316406","1"
"8.033206939697266","4.1114343929393726e-8"
"7.097173690795898","4.1114343929393726e-8"
"2.5082736015319824","4.1114343929393726e-8"
"0.3233412206172943","4.1114343929393726e-8"
"3.075279712677002","4.1114343929393726e-8"
"3.3318638801574707","4.1114343929393726e-8"
"1.1081225872039795","0.10000001639127731"
"1.599563479423523","4.1114343929393726e-8"
"0.8477467894554138","0.19999997317790985"
"11.828639030456543","4.1114343929393726e-8"
"10.006339073181152","2"
"9.087431907653809","4.1114343929393726e-8"
"8.490978240966797","4.1114343929393726e-8"
"5.534818649291992","4.1114343929393726e-8"
"0.8558769822120667","5"
"0.11839723587036133","0.19999997317790985"
"1.3466767072677612","2"
"0.17061251401901245","4.1114343929393726e-8"
"0.13717791438102722","7.90000057220459"
"0.06498374789953232","2.499999761581421"
"1.560841679573059","4.1114343929393726e-8"
"18.874582290649414","4.1114343929393726e-8"
"21.660316467285156","4.1114343929393726e-8"
"20.11726188659668","4.1114343929393726e-8"
"6.663326263427734","4.1114343929393726e-8"
"3.2680928707122803","0.4000000059604645"
"4.804629325866699","4.1114343929393726e-8"
"1.3797564506530762","4.1114343929393726e-8"
"4.253984451293945","0.6000000238418579"
"1.4255170822143555","4.1114343929393726e-8"
"0.6538618803024292","2"
"1.2664413452148438","6.500000476837158"
"0.7020242214202881","4.1114343929393726e-8"
"13.363716125488281","37.999996185302734"
"12.493375778198242","2"
"11.805710792541504","4.1114343929393726e-8"
"8.939724922180176","4.1114343929393726e-8"
"2.790496826171875","4.1114343929393726e-8"
"2.6656992435455322","4.1114343929393726e-8"
"0.9960013031959534","4.1114343929393726e-8"
"5.341758728027344","4.1114343929393726e-8"
"1.206342101097107","0.19999997317790985"
"0.43989184498786926","4.1114343929393726e-8"
"2.283475875854492","1"
"1.871911644935608","4.1114343929393726e-8"
"14.784732818603516","8"
"19.21331787109375","1"
"30.86058807373047","0.800000011920929"
"8.63902759552002","4.1114343929393726e-8"
"3.505845308303833","4.1114343929393726e-8"
"2.5400891304016113","4.1114343929393726e-8"
"1.836051106452942","4.1114343929393726e-8"
"1.6720770597457886","4.1114343929393726e-8"
"0.5973105430603027","4.1114343929393726e-8"
"1.5701453685760498","4.1114343929393726e-8"
"1.8178637027740479","4.1114343929393726e-8"
"1.9510817527770996","4.1114343929393726e-8"
"20.778423309326172","0.6000000238418579"
"32.905860900878906","0.4000000059604645"
"36.694976806640625","1.399999976158142"
"10.391861915588379","4"
"2.275402784347534","1"
"3.768860340118408","4.1114343929393726e-8"
"5.15113639831543","4.1114343929393726e-8"
"3.70229434967041","4.1114343929393726e-8"
"2.2433857917785645","0.19999997317790985"
"1.5150859355926514","4.1114343929393726e-8"
"2.704477310180664","2"
"4.562844276428223","11.999999046325684"
"20.152847290039062","34.399993896484375"
"23.67467498779297","29.600000381469727"
"33.09430694580078","5"
"13.920581817626953","24.000001907348633"
"8.04495906829834","4.1114343929393726e-8"
"5.374602317810059","4.1114343929393726e-8"
"2.532372236251831","25.999996185302734"
"8.882664680480957","37.999996185302734"
"3.8086910247802734","4.1114343929393726e-8"
"4.087229251861572","38.99999237060547"
"1.9623794555664062","4.1114343929393726e-8"
"2.4937219619750977","3.0999996662139893"
"31.827442169189453","1"
"31.838237762451172","14.000000953674316"
"38.40741729736328","11.69999885559082"
"13.719090461730957","1.2999999523162842"
"11.55622386932373","0.6000000238418579"
"4.252992630004883","8.199999809265137"
"0.7032524347305298","4.1114343929393726e-8"
"2.8225786685943604","4.1114343929393726e-8"
"5.513457298278809","4.1114343929393726e-8"
"1.428839921951294","7"
"0.9415955543518066","4.1114343929393726e-8"
"0.4984181821346283","11.89999771118164"
"21.044784545898438","14.000000953674316"
"27.072372436523438","16.59999656677246"
"36.710914611816406","18.299997329711914"
"11.218059539794922","4.700000286102295"
"7.955307960510254","11"
"1.3217747211456299","41.799991607666016"
"0.6429092884063721","29.000001907348633"
"2.2771642208099365","15.999996185302734"
"0.7358884811401367","55.00001525878906"
"0.32691487669944763","15"
"0.43795502185821533","4.1114343929393726e-8"
"1.838973045349121","2.1000001430511475"
"34.087337493896484","12.999998092651367"
"26.806133270263672","4.199999809265137"
"32.93324661254883","4"
"11.111011505126953","4.1114343929393726e-8"
"4.513978004455566","4.1114343929393726e-8"
"4.560202598571777","4.1114343929393726e-8"
"0.8938553333282471","4.1114343929393726e-8"
"3.924609422683716","8"
"1.6664968729019165","11.999999046325684"
"1.6900594234466553","8.199999809265137"
"1.6872972249984741","4.1114343929393726e-8"
"1.3843600749969482","4.1114343929393726e-8"
"23.69403648376465","14.000000953674316"
"16.308483123779297","9"
"27.430334091186523","2"
"10.10084342956543","0.19999997317790985"
"6.036666393280029","4.1114343929393726e-8"
"8.08903694152832","4.1114343929393726e-8"
"0.601725697517395","4.1114343929393726e-8"
"3.6560983657836914","4.1114343929393726e-8"
"2.3807625770568848","4.1114343929393726e-8"
"1.372584581375122","0.10000001639127731"
"2.126786947250366","4.1114343929393726e-8"
"1.4631541967391968","4.1114343929393726e-8"
"22.43399429321289","0.6000000238418579"
"23.36408233642578","0.10000001639127731"
"30.48982810974121","2"
"14.822623252868652","4.1114343929393726e-8"
"12.549371719360352","4.1114343929393726e-8"
"11.555798530578613","4.1114343929393726e-8"
"1.827157974243164","4.1114343929393726e-8"
"4.746608734130859","4.1114343929393726e-8"
"7.623857021331787","4.1114343929393726e-8"
"1.6654976606369019","4.1114343929393726e-8"
"6.0721540451049805","4.1114343929393726e-8"
"1.065710186958313","12.999998092651367"
"26.03276824951172","5.799999713897705"
"25.71603012084961","26.89999771118164"
"33.291011810302734","10.000000953674316"
"12.276571273803711","15"
"13.003609657287598","5.999999523162842"
"5.759498596191406","24.89999771118164"
"2.792093276977539","33.999996185302734"
"3.8477251529693604","34.99999237060547"
"4.645757675170898","29.999998092651367"
"1.5326824188232422","19"
"4.947350025177002","36.79999542236328"
"2.087820053100586","4"
"16.755857467651367","5.600000381469727"
"11.842109680175781","30.09999656677246"
"18.116657257080078","31"
"8.771026611328125","4"
"9.539556503295898","12.999998092651367"
"3.5106658935546875","2.1000001430511475"
"0.6864533424377441","7"
"6.195204734802246","5.999999523162842"
"1.5619454383850098","7"
"1.3070237636566162","4.1114343929393726e-8"
"4.398642063140869","4.1114343929393726e-8"
"1.797088623046875","0.5"
"25.3927001953125","0.5"
"24.11363983154297","1.899999976158142"
"31.52884292602539","3"
"13.28062629699707","4.1114343929393726e-8"
"10.04371452331543","4.1114343929393726e-8"
"3.8791346549987793","4.1114343929393726e-8"
"0.3667680323123932","0.5"
"2.039973258972168","4.1114343929393726e-8"
"1.3189804553985596","0.10000001639127731"
"0.7702871561050415","4.1114343929393726e-8"
"2.921178102493286","3"
"1.0078506469726562","9"
"25.260982513427734","0.19999997317790985"
"27.11990737915039","0.10000001639127731"
"27.761587142944336","1.899999976158142"
"14.869807243347168","15.999996185302734"
"7.284470558166504","4.1114343929393726e-8"
"1.6982457637786865","9"
"1.0182161331176758","0.5"
"1.8108457326889038","10.099998474121094"
"0.567450761795044","11"
"0.4098086357116699","22"
"4.784804821014404","3"
"1.4564857482910156","51.999996185302734"
"21.93399429321289","4.800000190734863"
"23.737760543823242","7"
"24.58026123046875","16.099998474121094"
"8.111556053161621","59.9999885559082"
"5.918330192565918","5.999999523162842"
"6.609004974365234","4.1114343929393726e-8"
"1.5460119247436523","0.10000001639127731"
"2.9635369777679443","4.1114343929393726e-8"
"4.507154941558838","4.1114343929393726e-8"
"1.3536678552627563","4.1114343929393726e-8"
"7.918036460876465","16.999996185302734"
"1.8841100931167603","1"
"15.731492042541504","0.19999997317790985"
"16.698318481445312","1"
"24.544822692871094","2.799999713897705"
"9.65511417388916","4"
"7.257350444793701","9"
"2.2470719814300537","4.1114343929393726e-8"
"0.47306010127067566","0.800000011920929"
"5.074650764465332","4.1114343929393726e-8"
"2.937330961227417","4.1114343929393726e-8"
"1.1810787916183472","4.1114343929393726e-8"
"4.343669891357422","4"
"1.5343961715698242","42.899993896484375"
"17.66265869140625","8.09999942779541"
"47.91996383666992","4.499999523162842"
"44.22987365722656","83.10002136230469"
"10.053099632263184","69.0000228881836"
"12.307394027709961","13.19999885559082"
"2.961155891418457","11.299999237060547"
"2.3255720138549805","4.1114343929393726e-8"
"6.006809711456299","4.1114343929393726e-8"
"12.72149658203125","4.1114343929393726e-8"
"2.5073516368865967","4.1114343929393726e-8"
"9.566051483154297","4.1114343929393726e-8"
"0.9522818922996521","4.1114343929393726e-8"
"20.603513717651367","0.10000001639127731"
"28.307483673095703","22.799999237060547"
"32.29435348510742","1.399999976158142"
"10.47656536102295","4.1114343929393726e-8"
"6.8202996253967285","4.1114343929393726e-8"
"1.1830344200134277","5.300000190734863"
"2.71125864982605","4.1114343929393726e-8"
"3.5587446689605713","4.499999523162842"
"9.205962181091309","4.1114343929393726e-8"
"1.4935890436172485","4.1114343929393726e-8"
"3.336038112640381","2.6000001430511475"
"2.563020706176758","4.1114343929393726e-8"
"20.713817596435547","9"
"17.674720764160156","28.699995040893555"
"20.667518615722656","2.6999998092651367"
"20.26384162902832","4.1114343929393726e-8"
"6.091048717498779","4.1114343929393726e-8"
"2.7815744876861572","4.1114343929393726e-8"
"2.1492719650268555","4.1114343929393726e-8"
"2.9744315147399902","4.1114343929393726e-8"
"1.998856544494629","4.1114343929393726e-8"
"1.8294739723205566","4.1114343929393726e-8"
"2.7055046558380127","4.1114343929393726e-8"
"2.288529634475708","4.1114343929393726e-8"
"23.180572509765625","29.29999542236328"
"17.739051818847656","4.1114343929393726e-8"
"24.70871925354004","4.1114343929393726e-8"
"13.702350616455078","1.4999998807907104"
"1.4126641750335693","4.1114343929393726e-8"
"2.6470587253570557","4.1114343929393726e-8"
"1.4330358505249023","4.1114343929393726e-8"
"2.734788656234741","4.1114343929393726e-8"
"1.6081695556640625","26.399993896484375"
"2.0305399894714355","4.1114343929393726e-8"
"0.686415433883667","4.1114343929393726e-8"
"1.098124384880066","2.1999998092651367"
"22.33043670654297","9"
"26.79125213623047","4.1114343929393726e-8"
"27.25749969482422","21.699996948242188"
"16.5053768157959","4.800000190734863"
"3.305297613143921","4.1114343929393726e-8"
"2.6741628646850586","4.1114343929393726e-8"
"0.8760217428207397","4.1114343929393726e-8"
"2.153878688812256","4.1114343929393726e-8"
"0.5113062858581543","4.1114343929393726e-8"
"0.4233889579772949","4.1114343929393726e-8"
"1.919783592224121","4.1114343929393726e-8"
"1.642085075378418","4.1114343929393726e-8"
"33.2325553894043","4.1114343929393726e-8"
"28.741470336914062","4.1114343929393726e-8"
"28.94409942626953","5.900000095367432"
"10.681171417236328","4.1114343929393726e-8"
"3.3328495025634766","4.1114343929393726e-8"
"7.784385681152344","4.1114343929393726e-8"
"3.0162277221679688","4.1114343929393726e-8"
"7.584013938903809","4.1114343929393726e-8"
"3.411431074142456","4.1114343929393726e-8"
"3.623932123184204","4.1114343929393726e-8"
"4.367542743682861","4.1114343929393726e-8"
"2.71722412109375","20.099998474121094"
"21.776473999023438","50.099998474121094"
"23.187646865844727","42.30000305175781"
"25.267005920410156","54.79999542236328"
"9.78200626373291","27.29999542236328"
"5.296566009521484","4.1114343929393726e-8"
"4.167288780212402","4.1114343929393726e-8"
"0.515119731426239","4.1114343929393726e-8"
"5.974575519561768","4.1114343929393726e-8"
"2.166574001312256","4.1114343929393726e-8"
"1.53459894657135","4.1114343929393726e-8"
"2.796544075012207","4.1114343929393726e-8"
"2.706371784210205","8.69999885559082"
"19.908817291259766","15.100000381469727"
"28.43633460998535","15.699999809265137"
"37.50458526611328","30.199996948242188"
"14.446761131286621","9.399998664855957"
"9.431323051452637","0.5"
"3.787169933319092","13.100001335144043"
"0.9734219908714294","26.399993896484375"
"3.3507349491119385","11.999999046325684"
"3.139035701751709","12.800000190734863"
"1.0218867063522339","12.90000057220459"
"4.174595355987549","4.300000190734863"
"0.4685431718826294","34.399993896484375"
"22.902530670166016","84.40000915527344"
"23.701650619506836","129.09999084472656"
"27.65282440185547","94.09998321533203"
"5.115472316741943","42.499996185302734"
"4.178654670715332","36.19999694824219"
"2.7236528396606445","21.799999237060547"
"1.0534805059432983","16.099998474121094"
"2.1350955963134766","12.699996948242188"
"3.594841718673706","13.299999237060547"
"0.24338477849960327","11.299999237060547"
"5.2092976570129395","9.399998664855957"
"1.357549786567688","1.399999976158142"
"22.19187355041504","10.099998474121094"
"15.8934907913208","56.700008392333984"
"23.59528923034668","15.300000190734863"
"7.633264541625977","2.3000001907348633"
"7.280495643615723","12.699996948242188"
"1.6314127445220947","0.6000000238418579"
"0.821591317653656","4.1114343929393726e-8"
"5.830554008483887","4.1114343929393726e-8"
"2.177525520324707","0.7000000476837158"
"1.289711356163025","5.100000381469727"
"3.2993979454040527","5.200000286102295"
"1.8417972326278687","4.1114343929393726e-8"
"16.81875228881836","4.1114343929393726e-8"
"10.626521110534668","4.1114343929393726e-8"
"23.755130767822266","4.1114343929393726e-8"
"7.062016487121582","4.1114343929393726e-8"
"3.3392155170440674","4.1114343929393726e-8"
"3.833545446395874","0.800000011920929"
"0.5958300828933716","4.1114343929393726e-8"
"3.061915159225464","4.1114343929393726e-8"
"2.6635117530822754","4.1114343929393726e-8"
"1.1006149053573608","4.1114343929393726e-8"
"1.5173468589782715","4.1114343929393726e-8"
"0.7399380803108215","4.1114343929393726e-8"
"25.690208435058594","4.1114343929393726e-8"
"18.752559661865234","4.1114343929393726e-8"
"26.984838485717773","4.1114343929393726e-8"
"12.649589538574219","4.1114343929393726e-8"
"4.9551591873168945","4.1114343929393726e-8"
"3.093837261199951","5.399999618530273"
"0.879412055015564","4.1114343929393726e-8"
"2.606462001800537","4.1114343929393726e-8"
"1.2113064527511597","4.1114343929393726e-8"
"0.47045034170150757","3.1999998092651367"
"0.9684644937515259","4.1114343929393726e-8"
"0.8141671419143677","4.1114343929393726e-8"
"28.286340713500977","2.6999998092651367"
"29.28080177307129","4.1114343929393726e-8"
"29.14215087890625","4.1114343929393726e-8"
"13.938618659973145","4.1114343929393726e-8"
"8.685375213623047","4.1114343929393726e-8"
"5.345033168792725","0.30000001192092896"
"2.6055400371551514","4.1114343929393726e-8"
"3.293592929840088","31.69999885559082"
"3.4688334465026855","4.1114343929393726e-8"
"2.1255135536193848","4.1114343929393726e-8"
"1.874589443206787","4.1114343929393726e-8"
"1.6483283042907715","4.1114343929393726e-8"
"24.18170166015625","27.700000762939453"
"19.011051177978516","44.5"
"22.203758239746094","11.89999771118164"
"4.988941192626953","4.1114343929393726e-8"
"5.804910659790039","4.1114343929393726e-8"
"2.778210401535034","4.1114343929393726e-8"
"0.03802241384983063","4.1114343929393726e-8"
"3.9339377880096436","4.1114343929393726e-8"
"1.2903496026992798","4.1114343929393726e-8"
"0.3983292281627655","4.1114343929393726e-8"
"2.071706533432007","8.299999237060547"
"0","4.1114343929393726e-8"
"20.914451599121094","4.1114343929393726e-8"
"34.41267395019531","4.1114343929393726e-8"
"19.453411102294922","4.1114343929393726e-8"
"10.498322486877441","4.1114343929393726e-8"
"3.7339067459106445","4.1114343929393726e-8"
"3.949946641921997","4.1114343929393726e-8"
"0.5113086700439453","4.1114343929393726e-8"
"2.4372172355651855","4.1114343929393726e-8"
"1.0108393430709839","4.1114343929393726e-8"
"0.2603888213634491","4.1114343929393726e-8"
"0.6815072298049927","4.1114343929393726e-8"
"0.12216789275407791","4.1114343929393726e-8"
"30.824344635009766","21.500001907348633"
"43.19257736206055","31.89999771118164"
"31.700122833251953","9.599998474121094"
"9.385674476623535","4.1114343929393726e-8"
"3.1504902839660645","4.1114343929393726e-8"
"2.843419075012207","4.1114343929393726e-8"
"0.659229040145874","4.1114343929393726e-8"
"1.9260097742080688","4.1114343929393726e-8"
"0.45287731289863586","4.1114343929393726e-8"
"0.07243183255195618","4.1114343929393726e-8"
"1.2787585258483887","4.1114343929393726e-8"
"1.7925834655761719","4.1114343929393726e-8"
"21.929277420043945","10.5"
"20.453763961791992","71.40001678466797"
"25.8287296295166","75.30000305175781"
"10.834749221801758","26.599994659423828"
"8.885271072387695","50.899993896484375"
"5.682131767272949","4.1114343929393726e-8"
"1.833449125289917","4.1114343929393726e-8"
"6.982054710388184","4.1114343929393726e-8"
"0.8353985548019409","4.1114343929393726e-8"
"1.3905324935913086","4.1114343929393726e-8"
"3.12697696685791","4.1114343929393726e-8"
"0.8497747182846069","4.1114343929393726e-8"
"26.357376098632812","4.1114343929393726e-8"
"30.616823196411133","4.1114343929393726e-8"
"20.77659034729004","4.1114343929393726e-8"
"9.310174942016602","4.1114343929393726e-8"
"7.033695220947266","4.1114343929393726e-8"
"4.764751434326172","4.1114343929393726e-8"
"1.3124797344207764","14.499999046325684"
"4.335995674133301","4.1114343929393726e-8"
"4.154405117034912","4.1114343929393726e-8"
"1.4991508722305298","4.1114343929393726e-8"
"2.3294262886047363","5.900000095367432"
"0.7621556520462036","10.000000953674316"
"13.65128231048584","7.90000057220459"
"26.221155166625977","4.1114343929393726e-8"
"19.22206687927246","7.5"
"14.89139175415039","14.300000190734863"
"14.03502082824707","14.39999771118164"
"3.245316505432129","18.799997329711914"
"0.9239956736564636","112.50001525878906"
"1.3111908435821533","27.39999771118164"
"1.6808842420578003","29.199993133544922"
"0.27135613560676575","32.59999465942383"
"7.4800028800964355","14.100000381469727"
"0.9453717470169067","1"
"19.582805633544922","4.1114343929393726e-8"
"29.7843074798584","4.1114343929393726e-8"
"33.502681732177734","4.1114343929393726e-8"
"6.122046947479248","9.099998474121094"
"4.527243137359619","4.1114343929393726e-8"
"4.205695629119873","0.6000000238418579"
"4.218577861785889","8.09999942779541"
"5.380223274230957","4.1114343929393726e-8"
"4.684950828552246","0.5"
"3.863555908203125","4.1114343929393726e-8"
"5.284579277038574","13.499999046325684"
"4.213017463684082","4.1114343929393726e-8"
"11.545759201049805","4.1114343929393726e-8"
"14.26170539855957","4.1114343929393726e-8"
"18.93724250793457","4.1114343929393726e-8"
"10.525175094604492","4.1114343929393726e-8"
"5.790566444396973","0.19999997317790985"
"2.6405656337738037","2.1999998092651367"
"0.5731980800628662","4.1114343929393726e-8"
"3.848752975463867","4.1114343929393726e-8"
"2.300144672393799","4.1114343929393726e-8"
"0.6941735744476318","2.3999998569488525"
"2.447448253631592","4.1114343929393726e-8"
"3.044313907623291","4.1114343929393726e-8"
"12.39503288269043","4.1114343929393726e-8"
"15.314346313476562","4.1114343929393726e-8"
"21.0201416015625","2.3000001907348633"
"11.155048370361328","4.1114343929393726e-8"
"6.373995780944824","4.1114343929393726e-8"
"2.0739798545837402","4.1114343929393726e-8"
"2.5656893253326416","4.1114343929393726e-8"
"2.3395097255706787","4.1114343929393726e-8"
"1.7646070718765259","4.1114343929393726e-8"
"1.254847526550293","4.1114343929393726e-8"
"7.428400993347168","4.1114343929393726e-8"
"0.8340287208557129","4.1114343929393726e-8"
"16.714059829711914","4.1114343929393726e-8"
"21.96126365661621","4.1114343929393726e-8"
"23.957889556884766","4.1114343929393726e-8"
"4.801955223083496","4.1114343929393726e-8"
"1.8274903297424316","4.1114343929393726e-8"
"1.4226033687591553","4.1114343929393726e-8"
"2.1257076263427734","4.1114343929393726e-8"
"1.2789063453674316","4.1114343929393726e-8"
"0.7122184634208679","4.1114343929393726e-8"
"0.4385377764701843","4.1114343929393726e-8"
"6.893685817718506","4.1114343929393726e-8"
"2.2484259605407715","4.1114343929393726e-8"
"6.761904239654541","4.1114343929393726e-8"
"11.120174407958984","4.1114343929393726e-8"
"12.295941352844238","4.1114343929393726e-8"
"4.556543827056885","4.1114343929393726e-8"
"1.6981418132781982","4.1114343929393726e-8"
"1.3200632333755493","4.1114343929393726e-8"
"1.8220092058181763","4.1114343929393726e-8"
"2.3504903316497803","4.1114343929393726e-8"
"0.9549548029899597","4.1114343929393726e-8"
"1.0992993116378784","4.1114343929393726e-8"
"6.0245280265808105","4.1114343929393726e-8"
"2.2579121589660645","4.1114343929393726e-8"
"12.041492462158203","4.1114343929393726e-8"
"10.606389045715332","4.1114343929393726e-8"
"19.687158584594727","4.1114343929393726e-8"
"3.0146682262420654","4.1114343929393726e-8"
"1.5754854679107666","4.1114343929393726e-8"
"1.772485375404358","4.1114343929393726e-8"
"1.6657795906066895","4.1114343929393726e-8"
"1.8306958675384521","4.1114343929393726e-8"
"0.8187947273254395","4.1114343929393726e-8"
"0.9982908964157104","4.1114343929393726e-8"
"2.9566762447357178","4.1114343929393726e-8"
"1.5070204734802246","4.1114343929393726e-8"
"12.89909553527832","42.199989318847656"
"10.18549919128418","4.1114343929393726e-8"
"27.048776626586914","6.59999942779541"
"7.596156597137451","4.1114343929393726e-8"
"2.700484275817871","4.1114343929393726e-8"
"1.2913439273834229","4.1114343929393726e-8"
"1.1770925521850586","4.1114343929393726e-8"
"1.7747522592544556","4.1114343929393726e-8"
"0.4473709464073181","4.1114343929393726e-8"
"0.5186375975608826","4.1114343929393726e-8"
"3.1805384159088135","4.1114343929393726e-8"
"1.242877721786499","4.1114343929393726e-8"
"18.244325637817383","4.1114343929393726e-8"
"13.339127540588379","48.19999694824219"
"26.354923248291016","51.09999084472656"
"7.494777202606201","3.1999998092651367"
"1.1062865257263184","4.1114343929393726e-8"
"3.630847930908203","4.1114343929393726e-8"
"2.322726011276245","4.1114343929393726e-8"
"2.441086530685425","4.1114343929393726e-8"
"1.4377033710479736","4.1114343929393726e-8"
"1.5418434143066406","4.1114343929393726e-8"
"3.5310513973236084","4.1114343929393726e-8"
"2.973975419998169","4.1114343929393726e-8"
"10.505693435668945","4.1114343929393726e-8"
"10.939163208007812","4.1114343929393726e-8"
"17.069128036499023","4.1114343929393726e-8"
"6.515500068664551","4.1114343929393726e-8"
"1.0459574460983276","4.1114343929393726e-8"
"1.770995855331421","4.1114343929393726e-8"
"0.5093300342559814","4.1114343929393726e-8"
"4.407756805419922","4.1114343929393726e-8"
"0.9082918763160706","4.1114343929393726e-8"
"0.5714576244354248","4.1114343929393726e-8"
"2.7835934162139893","4.1114343929393726e-8"
"0.5371150970458984","3"
"8.54857349395752","4.1114343929393726e-8"
"6.990581512451172","18"
"19.74627113342285","4.1114343929393726e-8"
"3.9860167503356934","11"
"1.1343965530395508","5"
"1.335039734840393","4.1114343929393726e-8"
"1.6214911937713623","4.1114343929393726e-8"
"0.6444846987724304","4.1114343929393726e-8"
"0.8519827723503113","4.1114343929393726e-8"
"1.344156265258789","4.1114343929393726e-8"
"4.206140041351318","4.1114343929393726e-8"
"1.1518601179122925","4.1114343929393726e-8"
"12.664440155029297","5.999999523162842"
"7.92036247253418","43.99999237060547"
"27.16388702392578","1.8000000715255737"
"4.937882423400879","0.5"
"2.6814768314361572","4.1114343929393726e-8"
"2.9116995334625244","4.1114343929393726e-8"
"5.098198413848877","4.1114343929393726e-8"
"1.056099772453308","4.1114343929393726e-8"
"0.8700332641601562","3"
"1.0028085708618164","4.1114343929393726e-8"
"2.158454418182373","0.6000000238418579"
"3.319641590118408","3"
"18.643630981445312","15"
"12.84659481048584","31"
"29.90110206604004","13.19999885559082"
"4.681345462799072","5"
"4.765374660491943","5"
"6.181280612945557","7"
"2.5998587608337402","3"
"2.500537157058716","4"
"3.1422441005706787","0.4000000059604645"
"2.370313882827759","0.5"
"2.0712761878967285","2"
"2.235027313232422","4.1114343929393726e-8"
"24.06289291381836","1"
"22.35964584350586","4.1114343929393726e-8"
"29.381296157836914","4.1114343929393726e-8"
"10.182073593139648","1"
"5.774424076080322","4"
"4.886194705963135","33.999996185302734"
"1.3092036247253418","4.1114343929393726e-8"
"2.3186354637145996","19.099998474121094"
"2.7307236194610596","14.699999809265137"
"2.2784781455993652","13.599998474121094"
"0.9566805362701416","16.999996185302734"
"0.8011002540588379","12.999998092651367"
"19.490699768066406","4.099999904632568"
"31.783187866210938","3.0999996662139893"
"40.818050384521484","15.999996185302734"
"11.289121627807617","4.1114343929393726e-8"
"6.2921247482299805","37.999996185302734"
"2.2641825675964355","4.1114343929393726e-8"
"1.6137158870697021","0.10000001639127731"
"1.5280542373657227","4.1114343929393726e-8"
"1.7250832319259644","2.9000000953674316"
"0.6024957895278931","4.1114343929393726e-8"
"0.6015042662620544","5.999999523162842"
"2.0800957679748535","4"
"26.37894058227539","8"
"29.534976959228516","4.1114343929393726e-8"
"40.89446258544922","10.000000953674316"
"11.113530158996582","19.999996185302734"
"9.581107139587402","4.1114343929393726e-8"
"5.818645477294922","8"
"2.1928796768188477","0.7000000476837158"
"5.46440315246582","4"
"1.8942052125930786","9"
"1.9838513135910034","0.10000001639127731"
"2.650481939315796","0.19999997317790985"
"2.5932180881500244","5"
"21.740720748901367","4.1114343929393726e-8"
"22.150466918945312","0.4000000059604645"
"30.972965240478516","4.1114343929393726e-8"
"11.00761890411377","10.099998474121094"
"6.94619607925415","0.7000000476837158"
"8.328615188598633","1"
"1.2431182861328125","4.1114343929393726e-8"
"5.469508171081543","4.1114343929393726e-8"
"2.302438497543335","5"
"3.28373384475708","4.1114343929393726e-8"
"7.460521221160889","1.1999999284744263"
"1.3669567108154297","4.1114343929393726e-8"
"17.114437103271484","4.1114343929393726e-8"
"29.488019943237305","1.100000023841858"
"30.20038414001465","1"
"14.867627143859863","4.1114343929393726e-8"
"8.175761222839355","4.1114343929393726e-8"
"7.297983646392822","4.1114343929393726e-8"
"2.4488697052001953","4.1114343929393726e-8"
"10.292793273925781","4.1114343929393726e-8"
"17.499971389770508","4.1114343929393726e-8"
"7.525247573852539","0.10000001639127731"
"13.064446449279785","4.1114343929393726e-8"
"0.7265211343765259","0.19999997317790985"
"15.191123962402344","4.1114343929393726e-8"
"28.2413387298584","2"
"26.753583908081055","4.1114343929393726e-8"
"9.338167190551758","4.1114343929393726e-8"
"6.547734260559082","4.1114343929393726e-8"
"3.869084358215332","5"
"2.2863497734069824","0.19999997317790985"
"3.3908286094665527","2"
"4.897037506103516","4.1114343929393726e-8"
"1.0585227012634277","7.90000057220459"
"3.0438313484191895","2.499999761581421"
"0.6817196607589722","4.1114343929393726e-8"
"7.864626884460449","4.1114343929393726e-8"
"9.414705276489258","4.1114343929393726e-8"
"13.7449312210083","4.1114343929393726e-8"
"7.130132675170898","4.1114343929393726e-8"
"3.0715253353118896","0.4000000059604645"
"0.8115218281745911","4.1114343929393726e-8"
"1.0024306774139404","4.1114343929393726e-8"
"3.0314314365386963","0.6000000238418579"
"0.9608179926872253","4.1114343929393726e-8"
"0.9828405380249023","2"
"1.7215410470962524","6.500000476837158"
"2.4237844944000244","4.1114343929393726e-8"
"7.495092868804932","37.999996185302734"
"8.317534446716309","2"
"11.085470199584961","4.1114343929393726e-8"
"4.7614641189575195","4.1114343929393726e-8"
"3.5286636352539062","4.1114343929393726e-8"
"1.1965248584747314","4.1114343929393726e-8"
"1.2482479810714722","4.1114343929393726e-8"
"2.748013496398926","4.1114343929393726e-8"
"0.7884067893028259","0.19999997317790985"
"0.5417449474334717","4.1114343929393726e-8"
"0.8397337794303894","1"
"0.7015843987464905","4.1114343929393726e-8"
"10.97140121459961","4.1114343929393726e-8"
"6.605288505554199","4.1114343929393726e-8"
"13.560554504394531","4.1114343929393726e-8"
"6.273508071899414","4.1114343929393726e-8"
"1.0469616651535034","4.1114343929393726e-8"
"1.0433837175369263","4.1114343929393726e-8"
"1.3297152519226074","4.1114343929393726e-8"
"2.413365602493286","4.1114343929393726e-8"
"0.8164710402488708","4.1114343929393726e-8"
"0.27981507778167725","4.1114343929393726e-8"
"0.22096846997737885","16.299997329711914"
"1.3437328338623047","0.10000001639127731"
"14.2041597366333","4.1114343929393726e-8"
"18.956703186035156","3"
"16.370834350585938","4.1114343929393726e-8"
"6.3790202140808105","4.1114343929393726e-8"
"5.183876037597656","0.10000001639127731"
"3.69295334815979","4.1114343929393726e-8"
"2.6497178077697754","4.1114343929393726e-8"
"4.2221269607543945","4.1114343929393726e-8"
"3.092921733856201","4.1114343929393726e-8"
"1.379643440246582","4.1114343929393726e-8"
"1.7230406999588013","4.1114343929393726e-8"
"2.853093147277832","4.1114343929393726e-8"
"8.872867584228516","1.2999999523162842"
"10.077848434448242","8"
"17.486068725585938","3"
"2.9301223754882812","0.6000000238418579"
"1.7702176570892334","4.1114343929393726e-8"
"1.5018365383148193","2"
"0.5274408459663391","4.1114343929393726e-8"
"3.4498958587646484","4.1114343929393726e-8"
"0.8896213173866272","4.1114343929393726e-8"
"0.30792269110679626","4.1114343929393726e-8"
"2.608166217803955","0.8999999761581421"
"1.9921300411224365","3.0999996662139893"
"25.134126663208008","1"
"29.674161911010742","14.000000953674316"
"48.941993713378906","11.69999885559082"
"6.497727870941162","1.2999999523162842"
"3.09560227394104","0.6000000238418579"
"1.5946792364120483","8.199999809265137"
"0.8551711440086365","4.1114343929393726e-8"
"4.87047815322876","4.1114343929393726e-8"
"1.4659435749053955","4.1114343929393726e-8"
"0.8490281105041504","7"
"0.41797468066215515","4.1114343929393726e-8"
"1.3461987972259521","11.89999771118164"
"31.342472076416016","14.000000953674316"
"39.25928497314453","16.59999656677246"
"41.86295700073242","18.299997329711914"
"8.232282638549805","4.700000286102295"
"2.9172208309173584","11"
"1.2310458421707153","41.799991607666016"
"1.1341984272003174","29.000001907348633"
"3.64113712310791","15.999996185302734"
"0.9503713250160217","55.00001525878906"
"0.4428931772708893","15"
"0.6248521208763123","4.1114343929393726e-8"
"3.381242513656616","2.1000001430511475"
"28.831192016601562","12.999998092651367"
"24.536182403564453","4.199999809265137"
"37.68994903564453","4"
"11.077433586120605","4.1114343929393726e-8"
"5.4514384269714355","4.1114343929393726e-8"
"3.673332929611206","4.1114343929393726e-8"
"1.1166317462921143","4.1114343929393726e-8"
"14.38868236541748","8"
"1.8924075365066528","11.999999046325684"
"1.774156928062439","8.199999809265137"
"3.3446202278137207","4.1114343929393726e-8"
"1.5690674781799316","4.1114343929393726e-8"
"29.648845672607422","14.000000953674316"
"26.50262451171875","9"
"33.841041564941406","2"
"12.182329177856445","0.19999997317790985"
"5.631645679473877","4.1114343929393726e-8"
"3.9942474365234375","4.1114343929393726e-8"
"1.8920444250106812","4.1114343929393726e-8"
"6.691912651062012","4.1114343929393726e-8"
"8.970137596130371","4.1114343929393726e-8"
"3.3348207473754883","0.10000001639127731"
"3.4157207012176514","4.1114343929393726e-8"
"1.9145888090133667","4.1114343929393726e-8"
"20.840614318847656","0.6000000238418579"
"29.795568466186523","0.10000001639127731"
"35.40067672729492","2"
"14.801801681518555","4.1114343929393726e-8"
"12.750450134277344","4.1114343929393726e-8"
"3.7249085903167725","4.1114343929393726e-8"
"0.7957539558410645","4.1114343929393726e-8"
"2.9772231578826904","4.1114343929393726e-8"
"4.650993824005127","4.1114343929393726e-8"
"1.0584849119186401","4.1114343929393726e-8"
"3.518444299697876","4.1114343929393726e-8"
"1.3972556591033936","12.999998092651367"
"24.79425048828125","5.799999713897705"
"37.101749420166016","26.89999771118164"
"38.629573822021484","10.000000953674316"
"10.275403022766113","15"
"12.344674110412598","5.999999523162842"
"6.290738105773926","24.89999771118164"
"1.019046664237976","33.999996185302734"
"5.450846195220947","34.99999237060547"
"4.881025314331055","29.999998092651367"
"3.6611475944519043","19"
"5.566793918609619","36.79999542236328"
"2.407515287399292","4"
"19.819549560546875","5.600000381469727"
"15.619147300720215","30.09999656677246"
"22.39183807373047","31"
"8.73774242401123","4"
"8.032427787780762","12.999998092651367"
"1.3661693334579468","2.1000001430511475"
"0.4488331079483032","7"
"4.488978862762451","5.999999523162842"
"3.4607157707214355","7"
"1.9792088270187378","4.1114343929393726e-8"
"1.7819304466247559","4.1114343929393726e-8"
"2.6587398052215576","0.5"
"19.271970748901367","0.5"
"22.31344985961914","1.899999976158142"
"24.363544464111328","3"
"14.477133750915527","4.1114343929393726e-8"
"7.718230247497559","4.1114343929393726e-8"
"2.6450858116149902","4.1114343929393726e-8"
"1.3526667356491089","0.5"
"2.889143228530884","4.1114343929393726e-8"
"1.4006593227386475","0.10000001639127731"
"1.1938738822937012","4.1114343929393726e-8"
"3.9523990154266357","3"
"1.2054736614227295","9"
"27.580543518066406","0.19999997317790985"
"20.614105224609375","0.10000001639127731"
"23.018953323364258","1.899999976158142"
"9.05327320098877","15.999996185302734"
"4.113528728485107","4.1114343929393726e-8"
"2.6126978397369385","9"
"4.314917087554932","0.5"
"3.161640167236328","10.099998474121094"
"1.508371114730835","11"
"1.1147229671478271","22"
"14.241506576538086","3"
"2.801530361175537","51.999996185302734"
"11.907424926757812","4.800000190734863"
"13.317981719970703","7"
"14.06618595123291","16.099998474121094"
"5.531686782836914","59.9999885559082"
"4.039954662322998","5.999999523162842"
"3.16569447517395","4.1114343929393726e-8"
"5.3009538650512695","0.10000001639127731"
"7.940234184265137","4.1114343929393726e-8"
"1.2987759113311768","4.1114343929393726e-8"
"2.4313406944274902","4.1114343929393726e-8"
"8.671319961547852","16.999996185302734"
"2.2610692977905273","1"
"18.326244354248047","0.19999997317790985"
"18.890954971313477","1"
"25.61134147644043","2.799999713897705"
"7.90869665145874","4"
"6.458866596221924","9"
"9.805218696594238","4.1114343929393726e-8"
"4.026363849639893","0.800000011920929"
"2.1222198009490967","4.1114343929393726e-8"
"6.268820762634277","4.1114343929393726e-8"
"4.451580047607422","4.1114343929393726e-8"
"12.19083023071289","4"
"2.1876602172851562","27.099994659423828"
"19.125375747680664","5"
"26.357114791870117","15"
"41.18537139892578","29.199993133544922"
"16.704830169677734","16.999996185302734"
"13.515619277954102","12.999998092651367"
"4.895418643951416","33.999996185302734"
"3.4008069038391113","14.000000953674316"
"2.3783657550811768","26.999996185302734"
"4.178072929382324","5.999999523162842"
"2.1043877601623535","2"
"8.774300575256348","10.000000953674316"
"3.389822483062744","5.999999523162842"
"16.74261474609375","5"
"17.805017471313477","2"
"41.9209098815918","3"
"13.272324562072754","5.999999523162842"
"12.715606689453125","3"
"6.90599250793457","7"
"3.4672324657440186","4.1114343929393726e-8"
"3.051193952560425","4.1114343929393726e-8"
"4.878140449523926","7"
"4.449161529541016","1"
"3.284029006958008","4.1114343929393726e-8"
"1.4996519088745117","4.1114343929393726e-8"
"17.322772979736328","4.1114343929393726e-8"
"14.657247543334961","4.1114343929393726e-8"
"30.3693790435791","4.1114343929393726e-8"
"11.579259872436523","4.1114343929393726e-8"
"3.0870120525360107","4.1114343929393726e-8"
"2.1205170154571533","4.1114343929393726e-8"
"0.11846303194761276","0.19999997317790985"
"2.1194591522216797","4.1114343929393726e-8"
"1.0008854866027832","4.1114343929393726e-8"
"0.5240526795387268","4.1114343929393726e-8"
"0.5448251366615295","4.1114343929393726e-8"
"1.9062581062316895","2.1999998092651367"
"25.852176666259766","9"
"29.06285285949707","4.1114343929393726e-8"
"26.416454315185547","21.699996948242188"
"18.899341583251953","4.800000190734863"
"7.430350303649902","4.1114343929393726e-8"
"3.746467113494873","4.1114343929393726e-8"
"1.0667129755020142","4.1114343929393726e-8"
"3.9967212677001953","4.1114343929393726e-8"
"0.9496623277664185","4.1114343929393726e-8"
"1.5759358406066895","4.1114343929393726e-8"
"0.3864048421382904","4.1114343929393726e-8"
"1.15202796459198","4.1114343929393726e-8"
"32.64397048950195","4.1114343929393726e-8"
"22.005342483520508","4.1114343929393726e-8"
"28.355365753173828","5.900000095367432"
"16.99356460571289","4.1114343929393726e-8"
"3.310448408126831","4.1114343929393726e-8"
"1.954750418663025","4.1114343929393726e-8"
"1.2877998352050781","4.1114343929393726e-8"
"2.797450542449951","4.1114343929393726e-8"
"0.7543259859085083","4.1114343929393726e-8"
"0.10859498381614685","4.1114343929393726e-8"
"0.1873674988746643","4.1114343929393726e-8"
"1.1129696369171143","20.099998474121094"
"22.149005889892578","50.099998474121094"
"26.88232421875","42.30000305175781"
"21.631685256958008","54.79999542236328"
"7.421679973602295","27.29999542236328"
"3.5181775093078613","4.1114343929393726e-8"
"0.5858445763587952","4.1114343929393726e-8"
"0.27800771594047546","4.1114343929393726e-8"
"5.773387432098389","4.1114343929393726e-8"
"1.0421624183654785","4.1114343929393726e-8"
"0.3041036128997803","4.1114343929393726e-8"
"0.2604994773864746","4.1114343929393726e-8"
"0.2473762184381485","8.69999885559082"
"18.568899154663086","15.100000381469727"
"26.757944107055664","15.699999809265137"
"23.70222282409668","30.199996948242188"
"4.100132942199707","9.399998664855957"
"2.641829252243042","0.5"
"1.48545503616333","13.100001335144043"
"0.2296483814716339","26.399993896484375"
"1.2305223941802979","11.999999046325684"
"0.4592999219894409","12.800000190734863"
"0.2951008975505829","12.90000057220459"
"0.028046144172549248","4.300000190734863"
"0.1007830798625946","34.399993896484375"
"22.818920135498047","84.40000915527344"
"13.249935150146484","129.09999084472656"
"30.386518478393555","94.09998321533203"
"7.036383152008057","42.499996185302734"
"2.0110316276550293","36.19999694824219"
"1.6069605350494385","21.799999237060547"
"0.5502362251281738","16.099998474121094"
"1.878981113433838","12.699996948242188"
"0.3328876197338104","13.299999237060547"
"0.2144329696893692","11.299999237060547"
"0","9.399998664855957"
"0.6345711946487427","1.399999976158142"
"35.468936920166016","10.099998474121094"
"26.524023056030273","56.700008392333984"
"34.166290283203125","15.300000190734863"
"13.949638366699219","2.3000001907348633"
"7.913967609405518","12.699996948242188"
"6.844156742095947","0.6000000238418579"
"0.8050531148910522","4.1114343929393726e-8"
"6.765921115875244","4.1114343929393726e-8"
"2.847337484359741","0.7000000476837158"
"1.6421518325805664","5.100000381469727"
"1.767122507095337","5.200000286102295"
"1.0214409828186035","4.1114343929393726e-8"
"24.446937561035156","4.1114343929393726e-8"
"19.690492630004883","4.1114343929393726e-8"
"24.57628631591797","4.1114343929393726e-8"
"7.719388008117676","4.1114343929393726e-8"
"6.435805320739746","4.1114343929393726e-8"
"3.8090436458587646","0.800000011920929"
"0.17170701920986176","4.1114343929393726e-8"
"4.677899360656738","4.1114343929393726e-8"
"2.344727039337158","4.1114343929393726e-8"
"0.9566116333007812","4.1114343929393726e-8"
"3.4312024116516113","4.1114343929393726e-8"
"0.5198191404342651","4.1114343929393726e-8"
"16.808359146118164","4.1114343929393726e-8"
"24.643218994140625","4.1114343929393726e-8"
"25.304746627807617","4.1114343929393726e-8"
"6.626989364624023","4.1114343929393726e-8"
"6.616212368011475","4.1114343929393726e-8"
"2.3617913722991943","5.399999618530273"
"1.7129344940185547","4.1114343929393726e-8"
"3.128502368927002","4.1114343929393726e-8"
"2.4933624267578125","4.1114343929393726e-8"
"0.6998640298843384","3.1999998092651367"
"2.2634503841400146","4.1114343929393726e-8"
"0.6458795070648193","4.1114343929393726e-8"
"23.750598907470703","2.6999998092651367"
"19.60274314880371","4.1114343929393726e-8"
"22.318546295166016","4.1114343929393726e-8"
"9.636199951171875","4.1114343929393726e-8"
"5.012759685516357","4.1114343929393726e-8"
"1.321645736694336","0.30000001192092896"
"1.2031315565109253","4.1114343929393726e-8"
"1.6202682256698608","31.69999885559082"
"1.3950047492980957","4.1114343929393726e-8"
"0.021060343831777573","4.1114343929393726e-8"
"1.0363644361495972","4.1114343929393726e-8"
"0.7298520803451538","4.1114343929393726e-8"
"16.314815521240234","27.700000762939453"
"7.080698013305664","44.5"
"16.442729949951172","11.89999771118164"
"5.074763298034668","4.1114343929393726e-8"
"3.8854594230651855","4.1114343929393726e-8"
"0.8055177330970764","4.1114343929393726e-8"
"0.9465324282646179","4.1114343929393726e-8"
"6.2742486000061035","4.1114343929393726e-8"
"0.5045672655105591","4.1114343929393726e-8"
"0.6769396066665649","4.1114343929393726e-8"
"1.2177091836929321","8.299999237060547"
"0.9190239906311035","4.1114343929393726e-8"
"18.028818130493164","17.699995040893555"
"10.11701488494873","31.299997329711914"
"19.017942428588867","27.700000762939453"
"3.971069812774658","4.1114343929393726e-8"
"1.5389816761016846","4.1114343929393726e-8"
"2.1878461837768555","4.1114343929393726e-8"
"0.7542859315872192","4.1114343929393726e-8"
"3.5796194076538086","4.1114343929393726e-8"
"1.1301189661026","4.1114343929393726e-8"
"0.3895730972290039","4.1114343929393726e-8"
"0.5874925851821899","4.1114343929393726e-8"
"0.9266893863677979","3.5999999046325684"
"14.280966758728027","33.19999694824219"
"19.588106155395508","32.5"
"29.50270652770996","41.799991607666016"
"6.643732070922852","5.100000381469727"
"4.687155723571777","4.1114343929393726e-8"
"1.9657005071640015","3"
"0.7043635845184326","4.1114343929393726e-8"
"2.67022705078125","4.1114343929393726e-8"
"0.6969188451766968","4.1114343929393726e-8"
"0","4.1114343929393726e-8"
"0.6003347635269165","4.1114343929393726e-8"
"1.1451054811477661","16.499998092651367"
"19.787504196166992","8.09999942779541"
"25.014997482299805","10.399999618530273"
"40.91508483886719","19.5"
"4.171646595001221","14.300000190734863"
"6.453155040740967","20.400001525878906"
"4.4171247482299805","31.69999885559082"
"1.5027093887329102","4.1114343929393726e-8"
"3.7662527561187744","4.1114343929393726e-8"
"4.06314754486084","18.59999656677246"
"0.9599331021308899","10.5"
"1.4765756130218506","2.9000000953674316"
"3.5102665424346924","0.800000011920929"
"19.233192443847656","28.19999122619629"
"18.17765998840332","20.699993133544922"
"24.436607360839844","21.899999618530273"
"3.9867193698883057","2.6999998092651367"
"4.856586456298828","14.000000953674316"
"2.284693956375122","3.3999996185302734"
"0","4.1114343929393726e-8"
"5.247269630432129","4.1114343929393726e-8"
"1.7737841606140137","4.1114343929393726e-8"
"0.44032156467437744","4.1114343929393726e-8"
"1.1344305276870728","0.30000001192092896"
"1.119375467300415","10.000000953674316"
"9.570088386535645","7.90000057220459"
"43.42494201660156","4.1114343929393726e-8"
"28.8314266204834","7.5"
"8.061347961425781","14.300000190734863"
"6.873114109039307","14.39999771118164"
"3.893071174621582","18.799997329711914"
"1.3887606859207153","112.50001525878906"
"3.4712936878204346","27.39999771118164"
"2.2285966873168945","29.199993133544922"
"1.06016206741333","32.59999465942383"
"2.7793374061584473","14.100000381469727"
"1.016019344329834","1"
"16.61433982849121","4.1114343929393726e-8"
"16.020732879638672","4.1114343929393726e-8"
"17.842487335205078","4.1114343929393726e-8"
"9.484796524047852","9.099998474121094"
"1.8502943515777588","4.1114343929393726e-8"
"1.2093998193740845","0.6000000238418579"
"3.3165345191955566","8.09999942779541"
"1.8871430158615112","4.1114343929393726e-8"
"0.7725180387496948","0.5"
"0.41255611181259155","4.1114343929393726e-8"
"9.049081802368164","13.499999046325684"
"0.5149969458580017","4.1114343929393726e-8"
"3.554777145385742","4.1114343929393726e-8"
"3.0440845489501953","4.1114343929393726e-8"
"6.608502388000488","4.1114343929393726e-8"
"2.0639195442199707","4.1114343929393726e-8"
"0.7721781134605408","0.19999997317790985"
"1.6015658378601074","2.1999998092651367"
"2.6956870555877686","4.1114343929393726e-8"
"1.5254385471343994","4.1114343929393726e-8"
"0.6609069108963013","4.1114343929393726e-8"
"1.6068341732025146","2.3999998569488525"
"6.612385272979736","4.1114343929393726e-8"
"0.0910554751753807","4.1114343929393726e-8"
"2.414123058319092","4.1114343929393726e-8"
"4.4335198402404785","4.1114343929393726e-8"
"12.811981201171875","2.3000001907348633"
"2.937720537185669","4.1114343929393726e-8"
"0.8504660129547119","4.1114343929393726e-8"
"1.3363890647888184","4.1114343929393726e-8"
"1.5969560146331787","4.1114343929393726e-8"
"0.9911689758300781","4.1114343929393726e-8"
"1.6984385251998901","4.1114343929393726e-8"
"0.9708690643310547","4.1114343929393726e-8"
"8.266410827636719","4.1114343929393726e-8"
"0.8112451434135437","4.1114343929393726e-8"
"3.7132575511932373","4.1114343929393726e-8"
"3.7969980239868164","4.1114343929393726e-8"
"20.220407485961914","4.1114343929393726e-8"
"7.573774814605713","4.1114343929393726e-8"
"2.086132764816284","4.1114343929393726e-8"
"0.612759530544281","4.1114343929393726e-8"
"3.4013776779174805","4.1114343929393726e-8"
"0.7310665845870972","4.1114343929393726e-8"
"1.0489972829818726","4.1114343929393726e-8"
"0.7761713266372681","4.1114343929393726e-8"
"2.3672168254852295","4.1114343929393726e-8"
"3.055412530899048","4.1114343929393726e-8"
"12.529154777526855","4.1114343929393726e-8"
"7.348873138427734","4.1114343929393726e-8"
"28.89191436767578","4.1114343929393726e-8"
"13.101759910583496","4.1114343929393726e-8"
"1.6129240989685059","4.1114343929393726e-8"
"3.181412696838379","4.1114343929393726e-8"
"3.2109785079956055","4.1114343929393726e-8"
"1.1605886220932007","4.1114343929393726e-8"
"0.8776736855506897","4.1114343929393726e-8"
"1.773276686668396","4.1114343929393726e-8"
"5.491911888122559","4.1114343929393726e-8"
"1.84806227684021","4.1114343929393726e-8"
"9.974664688110352","4.1114343929393726e-8"
"14.926732063293457","4.1114343929393726e-8"
"18.33989143371582","4.1114343929393726e-8"
"3.6154606342315674","4.1114343929393726e-8"
"1.8427232503890991","4.1114343929393726e-8"
"1.8042731285095215","4.1114343929393726e-8"
"1.2193341255187988","4.1114343929393726e-8"
"1.174403429031372","4.1114343929393726e-8"
"0.695655882358551","4.1114343929393726e-8"
"1.9093633890151978","4.1114343929393726e-8"
"4.850244998931885","4.1114343929393726e-8"
"2.86141037940979","4.1114343929393726e-8"
"16.279579162597656","42.199989318847656"
"24.413864135742188","4.1114343929393726e-8"
"29.03313636779785","6.59999942779541"
"13.115009307861328","4.1114343929393726e-8"
"8.931130409240723","4.1114343929393726e-8"
"4.8102569580078125","4.1114343929393726e-8"
"2.6697750091552734","4.1114343929393726e-8"
"2.9669384956359863","4.1114343929393726e-8"
"3.101489782333374","4.1114343929393726e-8"
"3.3120241165161133","4.1114343929393726e-8"
"3.3455708026885986","4.1114343929393726e-8"
"2.029170274734497","4.1114343929393726e-8"
"12.569292068481445","4.1114343929393726e-8"
"17.93434715270996","48.19999694824219"
"28.757429122924805","51.09999084472656"
"15.692002296447754","3.1999998092651367"
"5.182087421417236","4.1114343929393726e-8"
"4.313379764556885","4.1114343929393726e-8"
"2.2801513671875","4.1114343929393726e-8"
"1.449419379234314","4.1114343929393726e-8"
"2.767324209213257","4.1114343929393726e-8"
"0.6134682893753052","4.1114343929393726e-8"
"4.803438186645508","4.1114343929393726e-8"
"0.5778872966766357","4.1114343929393726e-8"
"10.815078735351562","4.1114343929393726e-8"
"9.920754432678223","4.1114343929393726e-8"
"19.55694007873535","4.1114343929393726e-8"
"5.116708755493164","4.1114343929393726e-8"
"2.663304090499878","4.1114343929393726e-8"
"1.6263353824615479","4.1114343929393726e-8"
"0.5786901116371155","4.1114343929393726e-8"
"2.405764102935791","4.1114343929393726e-8"
"1.5739200115203857","4.1114343929393726e-8"
"0.8286736011505127","4.1114343929393726e-8"
"2.7274363040924072","4.1114343929393726e-8"
"1.183357834815979","4.1114343929393726e-8"
"9.609066009521484","9.499998092651367"
"14.503890991210938","25.200000762939453"
"16.457612991333008","8.69999885559082"
"5.287023544311523","4.1114343929393726e-8"
"2.5869157314300537","4.1114343929393726e-8"
"1.3042699098587036","4.1114343929393726e-8"
"0.3517800271511078","4.1114343929393726e-8"
"1.302642583847046","4.1114343929393726e-8"
"1.625117540359497","4.1114343929393726e-8"
"0.42945316433906555","4.1114343929393726e-8"
"1.3029165267944336","4.1114343929393726e-8"
"0.6589436531066895","29.79999542236328"
"11.812829971313477","15.799997329711914"
"5.925515651702881","63.69999694824219"
"18.066078186035156","61.70000076293945"
"3.1702780723571777","21.500001907348633"
"2.9261529445648193","11"
"1.1613527536392212","10.69999885559082"
"1.6666698455810547","4.1114343929393726e-8"
"1.1018933057785034","21.299999237060547"
"0.7329585552215576","61.10000228881836"
"0.4961484968662262","24.69999885559082"
"1.1914043426513672","4.1114343929393726e-8"
"2.157461404800415","19.700000762939453"
"15.556131362915039","17.399995803833008"
"13.675240516662598","2.6999998092651367"
"14.824803352355957","3.3000001907348633"
"7.86464786529541","34.499996185302734"
"3.1810812950134277","30.89999771118164"
"6.921745300292969","9.299999237060547"
"3.187636613845825","14.799997329711914"
"5.014105796813965","4.1114343929393726e-8"
"3.082275152206421","26.69999885559082"
"2.280914306640625","6.200000286102295"
"2.4770426750183105","56.099998474121094"
"2.747527599334717","12.399999618530273"
"14.260701179504395","3.499999523162842"
"13.905183792114258","0.8999999761581421"
"16.994224548339844","4.1114343929393726e-8"
"8.46537971496582","15"
"7.424623966217041","15.799997329711914"
"6.111522674560547","8.399998664855957"
"1.343097448348999","4.1114343929393726e-8"
"3.768582820892334","4.400000095367432"
"1.4211715459823608","8.80000114440918"
"1.4579285383224487","2.499999761581421"
"6.271509170532227","2.1999998092651367"
"1.5864057540893555","12.999998092651367"
"20.549800872802734","4.099999904632568"
"22.498920440673828","3.0999996662139893"
"39.635684967041016","15.999996185302734"
"13.250478744506836","4.1114343929393726e-8"
"12.895580291748047","37.999996185302734"
"4.786669731140137","4.1114343929393726e-8"
"0.7057007551193237","0.10000001639127731"
"4.7908172607421875","4.1114343929393726e-8"
"4.240257263183594","2.9000000953674316"
"1.9792876243591309","4.1114343929393726e-8"
"5.137722969055176","5.999999523162842"
"0.5471315979957581","4"
"21.1635799407959","8"
"19.399620056152344","4.1114343929393726e-8"
"36.30168914794922","10.000000953674316"
"15.6948881149292","19.999996185302734"
"4.530557632446289","4.1114343929393726e-8"
"4.011002540588379","8"
"2.4700727462768555","0.7000000476837158"
"2.4303786754608154","4"
"9.887191772460938","9"
"1.0646772384643555","0.10000001639127731"
"3.365497350692749","0.19999997317790985"
"1.0769392251968384","5"
"18.49121856689453","4.1114343929393726e-8"
"22.13579559326172","0.4000000059604645"
"32.606483459472656","4.1114343929393726e-8"
"8.573999404907227","10.099998474121094"
"4.131808280944824","0.7000000476837158"
"2.5401723384857178","1"
"1.412092924118042","4.1114343929393726e-8"
"4.17304801940918","4.1114343929393726e-8"
"2.481228828430176","5"
"2.3262405395507812","4.1114343929393726e-8"
"6.462185859680176","1.1999999284744263"
"1.833406925201416","4.1114343929393726e-8"
"20.7291202545166","4.1114343929393726e-8"
"18.008920669555664","1.100000023841858"
"24.016952514648438","1"
"8.586134910583496","4.1114343929393726e-8"
"2.924582004547119","4.1114343929393726e-8"
"2.882627248764038","4.1114343929393726e-8"
"1.1877769231796265","4.1114343929393726e-8"
"2.2117795944213867","4.1114343929393726e-8"
"1.4349074363708496","4.1114343929393726e-8"
"2.057345390319824","0.10000001639127731"
"3.5442187786102295","4.1114343929393726e-8"
"1.3075388669967651","0.19999997317790985"
"21.10910415649414","4.1114343929393726e-8"
"11.321863174438477","2"
"23.761653900146484","4.1114343929393726e-8"
"10.23587417602539","4.1114343929393726e-8"
"3.1361582279205322","4.1114343929393726e-8"
"1.9574391841888428","5"
"2.0893425941467285","0.19999997317790985"
"2.697547435760498","2"
"0.9596640467643738","4.1114343929393726e-8"
"0.915177047252655","7.90000057220459"
"0.961613118648529","2.499999761581421"
"2.51692271232605","4.1114343929393726e-8"
"18.958881378173828","4.1114343929393726e-8"
"17.633092880249023","4.1114343929393726e-8"
"17.522130966186523","4.1114343929393726e-8"
"11.339993476867676","4.1114343929393726e-8"
"3.998231887817383","0.4000000059604645"
"6.377252578735352","4.1114343929393726e-8"
"4.582717418670654","4.1114343929393726e-8"
"6.3242974281311035","0.6000000238418579"
"2.8358213901519775","4.1114343929393726e-8"
"1.6900067329406738","2"
"3.149878740310669","6.500000476837158"
"3.004621744155884","4.1114343929393726e-8"
"14.237273216247559","37.999996185302734"
"13.452655792236328","2"
"16.469791412353516","4.1114343929393726e-8"
"5.385131359100342","4.1114343929393726e-8"
"4.147524833679199","4.1114343929393726e-8"
"1.2896878719329834","4.1114343929393726e-8"
"1.1610004901885986","4.1114343929393726e-8"
"5.47599983215332","4.1114343929393726e-8"
"0.7159522771835327","0.19999997317790985"
"1.079013705253601","4.1114343929393726e-8"
"2.6867666244506836","1"
"1.635035514831543","4.1114343929393726e-8"
"12.603556632995605","4.1114343929393726e-8"
"21.94001007080078","4.1114343929393726e-8"
"26.7091007232666","4.1114343929393726e-8"
"6.459293365478516","4.1114343929393726e-8"
"2.217350721359253","4.1114343929393726e-8"
"0.9381617903709412","4.1114343929393726e-8"
"1.4727271795272827","4.1114343929393726e-8"
"4.131809234619141","4.1114343929393726e-8"
"1.4398086071014404","4.1114343929393726e-8"
"0.8988763093948364","4.1114343929393726e-8"
"2.0132644176483154","16.299997329711914"
"0.7790568470954895","0.10000001639127731"
"25.2520809173584","4.1114343929393726e-8"
"18.69422149658203","3"
"25.400442123413086","4.1114343929393726e-8"
"7.845617294311523","4.1114343929393726e-8"
"1.1843332052230835","0.10000001639127731"
"0.9204696416854858","4.1114343929393726e-8"
"1.7311817407608032","4.1114343929393726e-8"
"1.8101112842559814","4.1114343929393726e-8"
"0.5166233777999878","4.1114343929393726e-8"
"0.20167197287082672","4.1114343929393726e-8"
"2.192793846130371","4.1114343929393726e-8"
"2.9643399715423584","4.1114343929393726e-8"
"10.268391609191895","1.2999999523162842"
"8.943739891052246","8"
"14.136819839477539","3"
"3.4812493324279785","0.6000000238418579"
"1.8521896600723267","4.1114343929393726e-8"
"0.5202678442001343","2"
"0.7827034592628479","4.1114343929393726e-8"
"3.753779888153076","4.1114343929393726e-8"
"1.0647834539413452","4.1114343929393726e-8"
"0.9314009547233582","4.1114343929393726e-8"
"3.4084036350250244","0.8999999761581421"
"2.064880132675171","4.1114343929393726e-8"
"14.29514217376709","4.1114343929393726e-8"
"12.981647491455078","4.1114343929393726e-8"
"27.776979446411133","4.1114343929393726e-8"
"3.1857457160949707","4.1114343929393726e-8"
"4.9271745681762695","4.1114343929393726e-8"
"1.256124496459961","4.1114343929393726e-8"
"0.8860995769500732","4.1114343929393726e-8"
"2.89642596244812","4.1114343929393726e-8"
"0.9567521810531616","4.1114343929393726e-8"
"0.7737980484962463","4.1114343929393726e-8"
"2.876993417739868","4.1114343929393726e-8"
"2.1932930946350098","4.1114343929393726e-8"
"19.760530471801758","2"
"13.632902145385742","4.1114343929393726e-8"
"47.482872009277344","10.000000953674316"
"6.924295425415039","0.7000000476837158"
"7.535312652587891","11"
"1.3883771896362305","4.1114343929393726e-8"
"0.5846034288406372","4.1114343929393726e-8"
"2.4057374000549316","4.1114343929393726e-8"
"1.399944543838501","3"
"0.1365913599729538","4.1114343929393726e-8"
"1.5404775142669678","10.000000953674316"
"2.2738466262817383","5.999999523162842"
"23.02800941467285","50.999996185302734"
"24.263154983520508","77.9000015258789"
"38.198909759521484","52.99999237060547"
"8.791121482849121","48.99999237060547"
"8.135021209716797","45.99999237060547"
"3.1620707511901855","0.10000001639127731"
"1.7462098598480225","4.1114343929393726e-8"
"4.520926475524902","7"
"3.7207722663879395","19.999996185302734"
"1.5708248615264893","4.1114343929393726e-8"
"7.926313400268555","8"
"3.6996798515319824","7"
"25.516530990600586","4.1114343929393726e-8"
"10.52027702331543","0.8999999761581421"
"25.06075668334961","0.8999999761581421"
"7.075284004211426","3.0999996662139893"
"5.082980632781982","4"
"2.979031801223755","0.7000000476837158"
"0.9388015866279602","4.1114343929393726e-8"
"7.923327922821045","4.1114343929393726e-8"
"1.6481260061264038","4.1114343929393726e-8"
"1.6530871391296387","4.1114343929393726e-8"
"4.752697944641113","16.999996185302734"
"0.816171407699585","4.1114343929393726e-8"
"22.84308624267578","0.6000000238418579"
"29.59048080444336","0.10000001639127731"
"35.05084228515625","2"
"11.469401359558105","4.1114343929393726e-8"
"9.869597434997559","4.1114343929393726e-8"
"2.7438509464263916","4.1114343929393726e-8"
"0.1687547266483307","4.1114343929393726e-8"
"3.266267776489258","4.1114343929393726e-8"
"1.5396314859390259","4.1114343929393726e-8"
"0.3404581546783447","4.1114343929393726e-8"
"0.4084797203540802","4.1114343929393726e-8"
"0.650165319442749","12.999998092651367"
"39.48168182373047","5.799999713897705"
"35.758155822753906","26.89999771118164"
"32.515602111816406","10.000000953674316"
"8.93253231048584","15"
"4.362274646759033","5.999999523162842"
"1.8045028448104858","24.89999771118164"
"1.6582045555114746","33.999996185302734"
"2.847606658935547","34.99999237060547"
"0","29.999998092651367"
"0.6025774478912354","19"
"0.41944414377212524","36.79999542236328"
"2.357452392578125","4"
"23.524127960205078","5.600000381469727"
"25.312862396240234","30.09999656677246"
"23.449989318847656","31"
"13.777688980102539","4"
"4.671974182128906","12.999998092651367"
"3.621431350708008","2.1000001430511475"
"0.7097139954566956","7"
"8.734042167663574","5.999999523162842"
"0.9536343216896057","7"
"0.6860916018486023","4.1114343929393726e-8"
"0.4985158443450928","4.1114343929393726e-8"
"0.6771208047866821","0.5"
"26.33698081970215","0.5"
"19.724483489990234","1.899999976158142"
"22.569961547851562","3"
"5.4044647216796875","4.1114343929393726e-8"
"3.1761531829833984","4.1114343929393726e-8"
"1.5248863697052002","4.1114343929393726e-8"
"0.835489809513092","0.5"
"2.7599916458129883","4.1114343929393726e-8"
"1.7423903942108154","0.10000001639127731"
"0.15357232093811035","4.1114343929393726e-8"
"0.17780175805091858","3"
"0.9074347615242004","9"
"15.857874870300293","0.19999997317790985"
"24.122562408447266","0.10000001639127731"
"27.84250831604004","1.899999976158142"
"6.858658790588379","15.999996185302734"
"4.067540168762207","4.1114343929393726e-8"
"0.7632736563682556","9"
"0.19552761316299438","0.5"
"1.780758023262024","10.099998474121094"
"0.5551856756210327","11"
"0.03355131298303604","22"
"0.2405000776052475","3"
"0.8222308158874512","51.999996185302734"
"18.05725860595703","4.800000190734863"
"23.443880081176758","7"
"31.80757713317871","16.099998474121094"
"5.418399333953857","59.9999885559082"
"2.0759494304656982","5.999999523162842"
"1.4131782054901123","4.1114343929393726e-8"
"0.40465226769447327","0.10000001639127731"
"3.0565903186798096","4.1114343929393726e-8"
"0.8931653499603271","4.1114343929393726e-8"
"0.34562864899635315","4.1114343929393726e-8"
"0.6691069006919861","16.999996185302734"
"1.0045958757400513","1"
"20.316606521606445","0.19999997317790985"
"11.056296348571777","1"
"21.420116424560547","2.799999713897705"
"6.784518241882324","4"
"2.4818851947784424","9"
"0.5915453433990479","4.1114343929393726e-8"
"0.12722180783748627","0.800000011920929"
"2.4130783081054688","4.1114343929393726e-8"
"0.038511987775564194","4.1114343929393726e-8"
"0.28068220615386963","4.1114343929393726e-8"
"0.17224273085594177","4"
"0.5989372730255127","27.099994659423828"
"20.54106903076172","5"
"15.427227973937988","15"
"30.591466903686523","29.199993133544922"
"10.94875717163086","16.999996185302734"
"6.362070560455322","12.999998092651367"
"2.4633748531341553","33.999996185302734"
"0.9977738261222839","14.000000953674316"
"2.899977684020996","26.999996185302734"
"0.5434927940368652","5.999999523162842"
"0.19271548092365265","2"
"0.980170488357544","10.000000953674316"
"0.4511059820652008","5.999999523162842"
"23.530513763427734","5"
"25.480009078979492","2"
"31.27696418762207","3"
"9.672182083129883","5.999999523162842"
"3.304246664047241","3"
"2.458270788192749","7"
"1.2990891933441162","4.1114343929393726e-8"
"2.164743661880493","4.1114343929393726e-8"
"0.7140740156173706","7"
"0.41421788930892944","1"
"2.733696222305298","4.1114343929393726e-8"
"1.3922827243804932","4.1114343929393726e-8"
"15.650160789489746","4.1114343929393726e-8"
"15.740736961364746","4.1114343929393726e-8"
"26.28117561340332","4.1114343929393726e-8"
"5.884820938110352","4.1114343929393726e-8"
"5.588900566101074","4.1114343929393726e-8"
"2.7222323417663574","4.1114343929393726e-8"
"0.8405146598815918","0.19999997317790985"
"7.349852561950684","4.1114343929393726e-8"
"2.157588005065918","4.1114343929393726e-8"
"1.0511767864227295","4.1114343929393726e-8"
"2.843144655227661","4.1114343929393726e-8"
"0.9209621548652649","4.1114343929393726e-8"
"25.532726287841797","4.1114343929393726e-8"
"20.46103858947754","4.1114343929393726e-8"
"36.91232681274414","4.1114343929393726e-8"
"4.401913166046143","4.1114343929393726e-8"
"7.605924129486084","4.1114343929393726e-8"
"4.050518035888672","4.1114343929393726e-8"
"0.6924142837524414","4.1114343929393726e-8"
"2.6714024543762207","4.1114343929393726e-8"
"4.524075984954834","4.1114343929393726e-8"
"0.44763240218162537","4.1114343929393726e-8"
"1.2730462551116943","4.1114343929393726e-8"
"0.2849186062812805","8"
"14.414393424987793","11"
"10.577312469482422","8"
"15.907480239868164","9"
"1.0928113460540771","9"
"2.869105339050293","0.8999999761581421"
"0.5636216402053833","3"
"0.20076410472393036","14.000000953674316"
"0.2509723901748657","3"
"0.8165382146835327","4.1114343929393726e-8"
"0","4"
"0.19266542792320251","4"
"0.6466751098632812","8"
"11.492349624633789","5"
"7.850945949554443","1.100000023841858"
"11.310954093933105","20.999996185302734"
"1.9638075828552246","9"
"1.3165380954742432","5.100000381469727"
"0.6733815670013428","2"
"0.4171113073825836","15"
"0.9957427978515625","9"
"1.1675388813018799","24.000001907348633"
"0.21901971101760864","3"
"1.810158610343933","8"
"1.3506226539611816","9"
"3.2305469512939453","3"
"1.4515020847320557","0.30000001192092896"
"8.611207962036133","4.1114343929393726e-8"
"1.5013327598571777","31.9999942779541"
"0.982905924320221","4"
"0.1372566819190979","7"
"0.8879724740982056","2"
"1.3111577033996582","5"
"0.23395158350467682","4.1114343929393726e-8"
"0.5603948831558228","10.000000953674316"
"1.9788196086883545","5.999999523162842"
"0.7738676071166992","8.69999885559082"
"23.910137176513672","15.100000381469727"
"45.265811920166016","15.699999809265137"
"45.896522521972656","30.199996948242188"
"9.573811531066895","9.399998664855957"
"5.188286781311035","0.5"
"2.7224035263061523","13.100001335144043"
"0.6403109431266785","26.399993896484375"
"3.943178415298462","11.999999046325684"
"0.7880095839500427","12.800000190734863"
"0.4276072084903717","12.90000057220459"
"0.19751524925231934","4.300000190734863"
"0.48077601194381714","34.399993896484375"
"34.65731430053711","84.40000915527344"
"41.88597869873047","129.09999084472656"
"42.237972259521484","94.09998321533203"
"12.210519790649414","42.499996185302734"
"4.4001569747924805","36.19999694824219"
"4.365583419799805","21.799999237060547"
"1.053510069847107","16.099998474121094"
"4.622078895568848","12.699996948242188"
"1.0733639001846313","13.299999237060547"
"0.30487191677093506","11.299999237060547"
"1.4424010515213013","9.399998664855957"
"1.4285938739776611","1.399999976158142"
"23.80426025390625","10.099998474121094"
"22.122962951660156","56.700008392333984"
"21.787216186523438","15.300000190734863"
"12.302077293395996","2.3000001907348633"
"12.386868476867676","12.699996948242188"
"6.689463138580322","0.6000000238418579"
"0.2593736946582794","4.1114343929393726e-8"
"10.76125431060791","4.1114343929393726e-8"
"1.2118903398513794","0.7000000476837158"
"0.7234194278717041","5.100000381469727"
"0.5838820934295654","5.200000286102295"
"0.8244969248771667","4.1114343929393726e-8"
"20.56688690185547","4.1114343929393726e-8"
"21.78726577758789","4.1114343929393726e-8"
"17.78046417236328","4.1114343929393726e-8"
"9.320287704467773","4.1114343929393726e-8"
"7.018893718719482","4.1114343929393726e-8"
"2.142866849899292","0.800000011920929"
"0.14124321937561035","4.1114343929393726e-8"
"3.5447604656219482","4.1114343929393726e-8"
"0.8322974443435669","4.1114343929393726e-8"
"0.4610116481781006","4.1114343929393726e-8"
"0.6394627094268799","4.1114343929393726e-8"
"0.491772323846817","4.1114343929393726e-8"
"19.138887405395508","4.1114343929393726e-8"
"15.261250495910645","4.1114343929393726e-8"
"20.18404769897461","4.1114343929393726e-8"
"8.98376750946045","4.1114343929393726e-8"
"4.324919700622559","4.1114343929393726e-8"
"1.5929970741271973","5.399999618530273"
"0.5839319229125977","4.1114343929393726e-8"
"2.2218031883239746","4.1114343929393726e-8"
"0.9725690484046936","4.1114343929393726e-8"
"0.11884882301092148","3.1999998092651367"
"0.3537790775299072","4.1114343929393726e-8"
"0.9733744859695435","4.1114343929393726e-8"
"29.081501007080078","2.6999998092651367"
"37.90620803833008","4.1114343929393726e-8"
"23.482824325561523","4.1114343929393726e-8"
"11.996395111083984","4.1114343929393726e-8"
"7.809526443481445","4.1114343929393726e-8"
"5.317863464355469","0.30000001192092896"
"2.05314564704895","4.1114343929393726e-8"
"8.98465347290039","31.69999885559082"
"1.5617811679840088","4.1114343929393726e-8"
"1.2748488187789917","4.1114343929393726e-8"
"1.5338560342788696","4.1114343929393726e-8"
"1.191606879234314","4.1114343929393726e-8"
"17.575035095214844","27.700000762939453"
"26.670942306518555","44.5"
"19.75572967529297","11.89999771118164"
"7.139133453369141","4.1114343929393726e-8"
"4.714233875274658","4.1114343929393726e-8"
"3.0754969120025635","4.1114343929393726e-8"
"0.4112486243247986","4.1114343929393726e-8"
"4.422072410583496","4.1114343929393726e-8"
"0.5814048051834106","4.1114343929393726e-8"
"0.6226969957351685","4.1114343929393726e-8"
"0.4571269750595093","8.299999237060547"
"1.0359773635864258","4.1114343929393726e-8"
"16.112136840820312","17.699995040893555"
"30.969322204589844","31.299997329711914"
"32.38359832763672","27.700000762939453"
"8.4359769821167","4.1114343929393726e-8"
"5.036052703857422","4.1114343929393726e-8"
"3.085529327392578","4.1114343929393726e-8"
"1.3857488632202148","4.1114343929393726e-8"
"4.64001989364624","4.1114343929393726e-8"
"1.79752779006958","4.1114343929393726e-8"
"0.6715226173400879","4.1114343929393726e-8"
"1.0005651712417603","4.1114343929393726e-8"
"0.7867103815078735","3.5999999046325684"
"30.55291175842285","33.19999694824219"
"33.36136245727539","32.5"
"32.44733428955078","41.799991607666016"
"7.036243438720703","5.100000381469727"
"5.327786922454834","4.1114343929393726e-8"
"1.7422821521759033","3"
"1.4695602655410767","4.1114343929393726e-8"
"1.6265194416046143","4.1114343929393726e-8"
"1.5961487293243408","4.1114343929393726e-8"
"0.16493618488311768","4.1114343929393726e-8"
"1.9221071004867554","4.1114343929393726e-8"
"2.815364122390747","16.499998092651367"
"23.04379653930664","8.09999942779541"
"20.248414993286133","10.399999618530273"
"31.1895694732666","19.5"
"5.726541996002197","14.300000190734863"
"5.778379917144775","20.400001525878906"
"3.432734489440918","31.69999885559082"
"1.1452876329421997","4.1114343929393726e-8"
"11.706037521362305","4.1114343929393726e-8"
"1.3823415040969849","18.59999656677246"
"1.2151046991348267","10.5"
"3.449522018432617","2.9000000953674316"
"1.9109317064285278","0.800000011920929"
"24.525407791137695","28.19999122619629"
"25.399240493774414","20.699993133544922"
"34.81061935424805","21.899999618530273"
"8.735005378723145","2.6999998092651367"
"7.799291133880615","14.000000953674316"
"6.7929487228393555","3.3999996185302734"
"0.849655270576477","4.1114343929393726e-8"
"7.019300937652588","4.1114343929393726e-8"
"5.918177604675293","4.1114343929393726e-8"
"1.7563472986221313","4.1114343929393726e-8"
"1.1909418106079102","0.30000001192092896"
"1.682588815689087","4.1114343929393726e-8"
"25.804113388061523","4.1114343929393726e-8"
"25.939462661743164","0.4000000059604645"
"29.985551834106445","4.1114343929393726e-8"
"8.506844520568848","0.30000001192092896"
"9.287592887878418","4.1114343929393726e-8"
"3.4614644050598145","1.8000000715255737"
"0.5540293455123901","4.1114343929393726e-8"
"3.218172073364258","4.1114343929393726e-8"
"1.8031525611877441","4.1114343929393726e-8"
"0.08402059227228165","4.1114343929393726e-8"
"0.7815643548965454","36.19999694824219"
"1.235769510269165","4.1114343929393726e-8"
"28.089757919311523","4.700000286102295"
"35.024566650390625","4.1114343929393726e-8"
"41.998958587646484","4.1114343929393726e-8"
"9.785917282104492","4.1114343929393726e-8"
"11.58799934387207","4.1114343929393726e-8"
"6.561826705932617","4.1114343929393726e-8"
"1.9124051332473755","4.1114343929393726e-8"
"4.5828094482421875","4.1114343929393726e-8"
"2.1258692741394043","4.1114343929393726e-8"
"1.7363572120666504","4.1114343929393726e-8"
"4.023837089538574","4.1114343929393726e-8"
"0.804305911064148","4.1114343929393726e-8"
"24.539213180541992","4.1114343929393726e-8"
"23.462512969970703","4.1114343929393726e-8"
"23.074174880981445","4.1114343929393726e-8"
"4.884095191955566","4.1114343929393726e-8"
"5.251828193664551","4.1114343929393726e-8"
"2.660320281982422","4.1114343929393726e-8"
"0.24757638573646545","0.8999999761581421"
"4.7775163650512695","4.1114343929393726e-8"
"0.7925518751144409","4.1114343929393726e-8"
"1.2021104097366333","1.100000023841858"
"3.3042454719543457","4.1114343929393726e-8"
"0.13233432173728943","4.1114343929393726e-8"
"0.5638014078140259","4.1114343929393726e-8"
"0.2794460356235504","4.1114343929393726e-8"
"10.029757499694824","2.3000001907348633"
"3.2613654136657715","4.1114343929393726e-8"
"0.10556775331497192","4.1114343929393726e-8"
"1.0071641206741333","4.1114343929393726e-8"
"1.14458167552948","4.1114343929393726e-8"
"0.26435229182243347","4.1114343929393726e-8"
"0.5957154035568237","4.1114343929393726e-8"
"0.4780334234237671","4.1114343929393726e-8"
"3.8846592903137207","4.1114343929393726e-8"
"0.5277486443519592","4.1114343929393726e-8"
"4.163156509399414","4.1114343929393726e-8"
"2.1745765209198","4.1114343929393726e-8"
"8.388320922851562","4.1114343929393726e-8"
"5.935491561889648","4.1114343929393726e-8"
"0.17081725597381592","4.1114343929393726e-8"
"0.6297010183334351","4.1114343929393726e-8"
"5.582510471343994","4.1114343929393726e-8"
"0.6957821846008301","4.1114343929393726e-8"
"0.16526876389980316","4.1114343929393726e-8"
"0.4265470504760742","4.1114343929393726e-8"
"1.4254878759384155","4.1114343929393726e-8"
"2.5854220390319824","4.1114343929393726e-8"
"4.254666328430176","4.1114343929393726e-8"
"6.473644733428955","4.1114343929393726e-8"
"13.751601219177246","4.1114343929393726e-8"
"8.66938304901123","4.1114343929393726e-8"
"1.5546472072601318","4.1114343929393726e-8"
"1.2897062301635742","4.1114343929393726e-8"
"1.7573729753494263","4.1114343929393726e-8"
"0.949527382850647","4.1114343929393726e-8"
"0.38368791341781616","4.1114343929393726e-8"
"1.4158210754394531","4.1114343929393726e-8"
"3.041802406311035","4.1114343929393726e-8"
"1.3207428455352783","4.1114343929393726e-8"
"9.297877311706543","4.1114343929393726e-8"
"19.861377716064453","4.1114343929393726e-8"
"22.328102111816406","4.1114343929393726e-8"
"10.014812469482422","4.1114343929393726e-8"
"0.9687091112136841","4.1114343929393726e-8"
"1.9199182987213135","4.1114343929393726e-8"
"1.1154189109802246","4.1114343929393726e-8"
"0.7498540878295898","4.1114343929393726e-8"
"0.7278943061828613","4.1114343929393726e-8"
"0.9650347232818604","4.1114343929393726e-8"
"2.6446361541748047","4.1114343929393726e-8"
"0.6956964731216431","4.1114343929393726e-8"
"16.041725158691406","42.199989318847656"
"20.432655334472656","4.1114343929393726e-8"
"24.816146850585938","6.59999942779541"
"6.654626846313477","4.1114343929393726e-8"
"1.2892026901245117","4.1114343929393726e-8"
"1.5080363750457764","4.1114343929393726e-8"
"1.133558750152588","4.1114343929393726e-8"
"1.4610092639923096","4.1114343929393726e-8"
"0.8701951503753662","4.1114343929393726e-8"
"0.396467387676239","4.1114343929393726e-8"
"3.0796680450439453","4.1114343929393726e-8"
"5.440686225891113","4.1114343929393726e-8"
"18.52676010131836","4.1114343929393726e-8"
"27.72107696533203","48.19999694824219"
"33.97882080078125","51.09999084472656"
"13.055317878723145","3.1999998092651367"
"7.217686176300049","4.1114343929393726e-8"
"10.262678146362305","4.1114343929393726e-8"
"3.465641498565674","4.1114343929393726e-8"
"5.96443510055542","4.1114343929393726e-8"
"3.44981050491333","4.1114343929393726e-8"
"3.8156023025512695","4.1114343929393726e-8"
"3.839204788208008","4.1114343929393726e-8"
"5.829875946044922","4.1114343929393726e-8"
"19.998340606689453","4.1114343929393726e-8"
"18.67974090576172","4.1114343929393726e-8"
"29.75562286376953","4.1114343929393726e-8"
"10.591804504394531","4.1114343929393726e-8"
"10.120583534240723","4.1114343929393726e-8"
"8.85805892944336","4.1114343929393726e-8"
"0.8947615027427673","4.1114343929393726e-8"
"7.241273880004883","4.1114343929393726e-8"
"3.259319543838501","4.1114343929393726e-8"
"2.411808729171753","4.1114343929393726e-8"
"5.358818054199219","4.1114343929393726e-8"
"3.2430343627929688","4.1114343929393726e-8"
"17.899221420288086","9.499998092651367"
"26.69223976135254","25.200000762939453"
"37.35402297973633","8.69999885559082"
"11.406694412231445","4.1114343929393726e-8"
"10.093400955200195","4.1114343929393726e-8"
"8.162246704101562","4.1114343929393726e-8"
"2.3694539070129395","4.1114343929393726e-8"
"5.860703468322754","4.1114343929393726e-8"
"6.14644718170166","4.1114343929393726e-8"
"3.5072264671325684","4.1114343929393726e-8"
"8.619314193725586","4.1114343929393726e-8"
"1.683497667312622","29.79999542236328"
"21.371932983398438","15.799997329711914"
"34.10010528564453","63.69999694824219"
"35.16987228393555","61.70000076293945"
"8.812392234802246","21.500001907348633"
"8.157553672790527","11"
"5.685738563537598","10.69999885559082"
"3.087047576904297","4.1114343929393726e-8"
"5.699867248535156","21.299999237060547"
"9.148359298706055","61.10000228881836"
"1.5980631113052368","24.69999885559082"
"8.79543685913086","4.1114343929393726e-8"
"4.459721088409424","19.700000762939453"
"14.360047340393066","17.399995803833008"
"14.411089897155762","2.6999998092651367"
"20.933795928955078","3.3000001907348633"
"10.609624862670898","34.499996185302734"
"9.439732551574707","30.89999771118164"
"4.344295501708984","9.299999237060547"
"2.353766918182373","14.799997329711914"
"8.040781021118164","4.1114343929393726e-8"
"4.014532566070557","26.69999885559082"
"1.7410650253295898","6.200000286102295"
"6.119678020477295","56.099998474121094"
"2.7070257663726807","12.399999618530273"
"25.04745101928711","3.499999523162842"
"17.245018005371094","0.8999999761581421"
"34.46434020996094","4.1114343929393726e-8"
"13.849328994750977","15"
"7.6224365234375","15.799997329711914"
"6.015010356903076","8.399998664855957"
"1.340755820274353","4.1114343929393726e-8"
"4.33017110824585","4.400000095367432"
"3.300940990447998","8.80000114440918"
"1.7114965915679932","2.499999761581421"
"2.180314064025879","2.1999998092651367"
"2.2794699668884277","53.699989318847656"
"25.98127555847168","51.69999313354492"
"32.02340316772461","28.30000114440918"
"31.211427688598633","39.19999694824219"
"21.59231948852539","91.39999389648438"
"7.304136753082275","72.00001525878906"
"4.9892473220825195","52.399993896484375"
"2.33058500289917","16.999996185302734"
"4.68037223815918","5.900000095367432"
"1.3340907096862793","46.399993896484375"
"1.2939761877059937","1"
"2.495774269104004","4.1114343929393726e-8"
"1.8844690322875977","0.800000011920929"
"26.60997772216797","4.1114343929393726e-8"
"30.129098892211914","6.90000057220459"
"32.06850814819336","4.1114343929393726e-8"
"13.533121109008789","1.899999976158142"
"9.15971565246582","7.90000057220459"
"13.652071952819824","11.399998664855957"
"3.6478195190429688","6.69999885559082"
"6.212615966796875","14.799997329711914"
"4.72038459777832","5.100000381469727"
"3.634617805480957","14.000000953674316"
"4.417426109313965","70.60001373291016"
"3.6161704063415527","4.1114343929393726e-8"
"23.211671829223633","4.1114343929393726e-8"
"22.052989959716797","4.1114343929393726e-8"
"31.00450897216797","4.1114343929393726e-8"
"10.538021087646484","4.1114343929393726e-8"
"10.382943153381348","4.1114343929393726e-8"
"10.288217544555664","4.1114343929393726e-8"
"0.5953232645988464","4.1114343929393726e-8"
"5.704585075378418","4.1114343929393726e-8"
"4.612234115600586","4.1114343929393726e-8"
"2.019406318664551","4.1114343929393726e-8"
"4.860030174255371","26.19999885559082"
"0.9391639232635498","4.1114343929393726e-8"
"12.33962631225586","4.1114343929393726e-8"
"18.571611404418945","1.100000023841858"
"36.17228317260742","1"
"12.516816139221191","4.1114343929393726e-8"
"5.403400421142578","4.1114343929393726e-8"
"4.741154193878174","4.1114343929393726e-8"
"2.225443124771118","4.1114343929393726e-8"
"2.477816104888916","4.1114343929393726e-8"
"6.240727424621582","4.1114343929393726e-8"
"3.550339937210083","0.10000001639127731"
"8.318167686462402","4.1114343929393726e-8"
"2.2311530113220215","0.19999997317790985"
"28.67362403869629","4.1114343929393726e-8"
"24.716773986816406","2"
"27.75375747680664","4.1114343929393726e-8"
"21.204242706298828","4.1114343929393726e-8"
"7.897836685180664","4.1114343929393726e-8"
"5.343426704406738","5"
"4.195435523986816","0.19999997317790985"
"3.821256160736084","2"
"3.428652286529541","4.1114343929393726e-8"
"1.370422124862671","7.90000057220459"
"2.7379322052001953","2.499999761581421"
"6.5498199462890625","4.1114343929393726e-8"
"18.47711944580078","4.1114343929393726e-8"
"19.308746337890625","4.1114343929393726e-8"
"36.013858795166016","4.1114343929393726e-8"
"13.003118515014648","4.1114343929393726e-8"
"8.455635070800781","0.4000000059604645"
"9.364319801330566","4.1114343929393726e-8"
"3.0056188106536865","4.1114343929393726e-8"
"9.238287925720215","0.6000000238418579"
"1.199586033821106","4.1114343929393726e-8"
"3.0332469940185547","2"
"3.7738451957702637","6.500000476837158"
"5.427331924438477","4.1114343929393726e-8"
"18.013648986816406","37.999996185302734"
"25.17580795288086","2"
"22.983577728271484","4.1114343929393726e-8"
"15.347352027893066","4.1114343929393726e-8"
"4.732356071472168","4.1114343929393726e-8"
"6.287683963775635","4.1114343929393726e-8"
"3.162442445755005","4.1114343929393726e-8"
"6.353822231292725","4.1114343929393726e-8"
"4.234318256378174","0.19999997317790985"
"1.9356704950332642","4.1114343929393726e-8"
"8.995159149169922","1"
"3.3454644680023193","4.1114343929393726e-8"
"10.554810523986816","4.1114343929393726e-8"
"18.22332763671875","4.1114343929393726e-8"
"23.68182373046875","4.1114343929393726e-8"
"19.703168869018555","4.1114343929393726e-8"
"9.966291427612305","4.1114343929393726e-8"
"2.471095561981201","4.1114343929393726e-8"
"5.424695014953613","4.1114343929393726e-8"
"4.253194332122803","4.1114343929393726e-8"
"1.461012601852417","4.1114343929393726e-8"
"1.3633710145950317","4.1114343929393726e-8"
"13.838006973266602","16.299997329711914"
"3.9070425033569336","0.10000001639127731"
"15.22577953338623","4.1114343929393726e-8"
"31.267507553100586","3"
"38.08478927612305","4.1114343929393726e-8"
"8.174895286560059","4.1114343929393726e-8"
"7.362613201141357","0.10000001639127731"
"6.235711574554443","4.1114343929393726e-8"
"5.6933512687683105","4.1114343929393726e-8"
"5.866912841796875","4.1114343929393726e-8"
"3.5119378566741943","4.1114343929393726e-8"
"6.516130447387695","4.1114343929393726e-8"
"9.154733657836914","4.1114343929393726e-8"
"3.173337936401367","4.1114343929393726e-8"
"18.79612159729004","1.2999999523162842"
"19.820890426635742","8"
"29.024301528930664","3"
"7.458486080169678","0.6000000238418579"
"5.0207672119140625","4.1114343929393726e-8"
"3.775618076324463","2"
"1.8742183446884155","4.1114343929393726e-8"
"7.607974052429199","4.1114343929393726e-8"
"2.8590638637542725","4.1114343929393726e-8"
"2.914215087890625","4.1114343929393726e-8"
"9.701682090759277","0.8999999761581421"
"4.229989528656006","4.1114343929393726e-8"
"18.63454246520996","4.1114343929393726e-8"
"16.454511642456055","4.1114343929393726e-8"
"30.522947311401367","4.1114343929393726e-8"
"16.083906173706055","4.1114343929393726e-8"
"6.593955039978027","4.1114343929393726e-8"
"3.743478298187256","4.1114343929393726e-8"
"3.540971279144287","4.1114343929393726e-8"
"6.751420497894287","4.1114343929393726e-8"
"3.7891077995300293","4.1114343929393726e-8"
"5.915669918060303","4.1114343929393726e-8"
"12.103171348571777","4.1114343929393726e-8"
"2.3500170707702637","4.1114343929393726e-8"
"22.323902130126953","2"
"19.505352020263672","4.1114343929393726e-8"
"37.62559509277344","10.000000953674316"
"12.487621307373047","0.7000000476837158"
"4.733919143676758","11"
"6.320485591888428","4.1114343929393726e-8"
"7.731151580810547","4.1114343929393726e-8"
"5.33917236328125","4.1114343929393726e-8"
"5.621407985687256","3"
"3.2536721229553223","4.1114343929393726e-8"
"5.177300453186035","10.000000953674316"
"2.703784942626953","5.999999523162842"
"10.048483848571777","50.999996185302734"
"13.549577713012695","77.9000015258789"
"16.99755859375","52.99999237060547"
"7.8670172691345215","48.99999237060547"
"5.174246788024902","45.99999237060547"
"1.6807602643966675","0.10000001639127731"
"2.3834009170532227","4.1114343929393726e-8"
"4.327288627624512","7"
"2.142824649810791","19.999996185302734"
"1.406916618347168","4.1114343929393726e-8"
"5.542057037353516","8"
"1.9729576110839844","7"
"13.37015151977539","4.1114343929393726e-8"
"18.834535598754883","0.8999999761581421"
"29.403636932373047","0.8999999761581421"
"5.813528060913086","3.0999996662139893"
"1.8916704654693604","4"
"1.574902057647705","0.7000000476837158"
"2.270063638687134","4.1114343929393726e-8"
"2.420534610748291","4.1114343929393726e-8"
"1.6355946063995361","4.1114343929393726e-8"
"1.1541767120361328","4.1114343929393726e-8"
"3.0370891094207764","16.999996185302734"
"1.6432198286056519","2"
"10.070613861083984","8"
"15.143527030944824","5.100000381469727"
"27.601608276367188","36.099998474121094"
"7.7981414794921875","3.6999998092651367"
"3.321768283843994","0.19999997317790985"
"0.6765797138214111","0.800000011920929"
"1.5661637783050537","4.1114343929393726e-8"
"2.4367034435272217","18.09999656677246"
"0.5502765774726868","16.099998474121094"
"0.6316460371017456","15"
"1.1772276163101196","11"
"2.088139295578003","1.399999976158142"
"17.203861236572266","0.4000000059604645"
"14.684727668762207","5"
"21.199176788330078","24.99999237060547"
"6.7818498611450195","4.1114343929393726e-8"
"2.3810760974884033","16.999996185302734"
"3.0050811767578125","4.1114343929393726e-8"
"1.7306139469146729","4.1114343929393726e-8"
"2.5160698890686035","4.1114343929393726e-8"
"1.7003974914550781","4.1114343929393726e-8"
"0.8702172040939331","0.10000001639127731"
"3.8563942909240723","4.1114343929393726e-8"
"3.1116368770599365","5.999999523162842"
"10.603967666625977","23.100000381469727"
"9.074056625366211","18"
"13.706988334655762","22"
"2.9107563495635986","4.1114343929393726e-8"
"1.855858325958252","4.1114343929393726e-8"
"0.8582524061203003","3"
"0.635100245475769","4.1114343929393726e-8"
"4.242769241333008","2"
"0.49326592683792114","15.999996185302734"
"0.3358224928379059","4.1114343929393726e-8"
"2.715054750442505","4.1114343929393726e-8"
"0.8170102834701538","0.5"
"28.475101470947266","0.5"
"31.612276077270508","1.899999976158142"
"30.55158042907715","3"
"6.94504451751709","4.1114343929393726e-8"
"5.698042869567871","4.1114343929393726e-8"
"2.08919095993042","4.1114343929393726e-8"
"1.0762083530426025","0.5"
"6.380311965942383","4.1114343929393726e-8"
"1.3259782791137695","0.10000001639127731"
"0.5034717321395874","4.1114343929393726e-8"
"0","3"
"1.5697035789489746","9"
"33.21580505371094","0.19999997317790985"
"39.881324768066406","0.10000001639127731"
"42.142906188964844","1.899999976158142"
"9.042074203491211","15.999996185302734"
"3.050358533859253","4.1114343929393726e-8"
"0.9971553087234497","9"
"0.5267528891563416","0.5"
"1.6366004943847656","10.099998474121094"
"0.38760557770729065","11"
"0","22"
"0","3"
"1.5579543113708496","51.999996185302734"
"24.33935546875","4.800000190734863"
"23.230670928955078","7"
"31.679912567138672","16.099998474121094"
"5.043132781982422","59.9999885559082"
"2.8716845512390137","5.999999523162842"
"0.5815479159355164","4.1114343929393726e-8"
"0.3418170213699341","0.10000001639127731"
"5.597646713256836","4.1114343929393726e-8"
"0.25803089141845703","4.1114343929393726e-8"
"0.2928907871246338","4.1114343929393726e-8"
"0.28163307905197144","16.999996185302734"
"0.5897327661514282","1"
"18.794832229614258","0.19999997317790985"
"23.37198257446289","1"
"26.5634765625","2.799999713897705"
"4.02569055557251","4"
"1.4604071378707886","9"
"1.130750060081482","4.1114343929393726e-8"
"0.2679792046546936","0.800000011920929"
"2.546844005584717","4.1114343929393726e-8"
"0.3290903568267822","4.1114343929393726e-8"
"0.31552010774612427","4.1114343929393726e-8"
"1.877060890197754","4"
"0.20793452858924866","27.099994659423828"
"25.029329299926758","5"
"7.820276260375977","15"
"24.272865295410156","29.199993133544922"
"8.330610275268555","16.999996185302734"
"4.086348056793213","12.999998092651367"
"1.8795660734176636","33.999996185302734"
"0.7628737688064575","14.000000953674316"
"3.5096137523651123","26.999996185302734"
"0.9561766982078552","5.999999523162842"
"0.43874692916870117","2"
"1.630738615989685","10.000000953674316"
"0.8695836067199707","5.999999523162842"
"24.609352111816406","5"
"22.08885955810547","2"
"41.301788330078125","3"
"8.425180435180664","5.999999523162842"
"9.93997573852539","3"
"6.019163608551025","7"
"2.276909351348877","4.1114343929393726e-8"
"5.913285255432129","4.1114343929393726e-8"
"8.232181549072266","7"
"3.1337718963623047","1"
"4.444736480712891","4.1114343929393726e-8"
"2.466217517852783","4.1114343929393726e-8"
"18.665603637695312","4.1114343929393726e-8"
"22.04706573486328","4.1114343929393726e-8"
"22.386423110961914","4.1114343929393726e-8"
"7.3222527503967285","4.1114343929393726e-8"
"10.432918548583984","4.1114343929393726e-8"
"2.5585384368896484","4.1114343929393726e-8"
"0.23161523044109344","0.19999997317790985"
"4.019111633300781","4.1114343929393726e-8"
"5.245665550231934","4.1114343929393726e-8"
"1.3679825067520142","4.1114343929393726e-8"
"6.219111442565918","4.1114343929393726e-8"
"1.1229138374328613","4.1114343929393726e-8"
"13.367082595825195","4.1114343929393726e-8"
"17.863019943237305","4.1114343929393726e-8"
"30.04062271118164","4.1114343929393726e-8"
"8.602149963378906","4.1114343929393726e-8"
"6.240126609802246","4.1114343929393726e-8"
"1.361342191696167","4.1114343929393726e-8"
"1.63576078414917","4.1114343929393726e-8"
"2.4769070148468018","4.1114343929393726e-8"
"2.660614013671875","4.1114343929393726e-8"
"1.9872242212295532","4.1114343929393726e-8"
"3.38938045501709","4.1114343929393726e-8"
"0.6241127252578735","8"
"6.583273410797119","11"
"7.124829292297363","8"
"15.522404670715332","9"
"6.659838676452637","9"
"0.946645200252533","0.8999999761581421"
"1.0217347145080566","3"
"0.9793704152107239","14.000000953674316"
"0.33036085963249207","3"
"0.2949187159538269","4.1114343929393726e-8"
"0.055847667157649994","4"
"5.702672004699707","4"
"0.4044140577316284","8"
"5.448094367980957","5"
"3.154470682144165","1.100000023841858"
"8.628763198852539","20.999996185302734"
"1.1745355129241943","9"
"0.8541358709335327","5.100000381469727"
"0.32999593019485474","2"
"0.9590579271316528","15"
"1.1583131551742554","9"
"0.39030104875564575","24.000001907348633"
"0.6266552209854126","3"
"9.100015640258789","8"
"1.201797604560852","9"
"4.572169780731201","3"
"3.3055357933044434","0.30000001192092896"
"9.517511367797852","4.1114343929393726e-8"
"1.596506953239441","31.9999942779541"
"1.1156800985336304","4"
"1.1132735013961792","7"
"2.1586036682128906","2"
"0.5679178237915039","5"
"0.357878178358078","4.1114343929393726e-8"
"0.9863584041595459","10.000000953674316"
"8.601320266723633","5.999999523162842"
"0.6257560849189758","2"
"5.580264568328857","4.1114343929393726e-8"
"3.0507311820983887","4.1114343929393726e-8"
"14.924346923828125","4.1114343929393726e-8"
"4.631222724914551","0.7000000476837158"
"1.3721293210983276","4.1114343929393726e-8"
"0.68985915184021","4.1114343929393726e-8"
"2.0989396572113037","4.1114343929393726e-8"
"0.38600942492485046","4.1114343929393726e-8"
"0.6074685454368591","4.1114343929393726e-8"
"0.5862971544265747","2"
"6.9833455085754395","1"
"1.092064380645752","4.1114343929393726e-8"
"6.09113883972168","4.1114343929393726e-8"
"6.482056617736816","7"
"23.10164451599121","97.00001525878906"
"8.054929733276367","4.1114343929393726e-8"
"1.2127916812896729","4.1114343929393726e-8"
"2.8855438232421875","4.1114343929393726e-8"
"3.254387140274048","4.1114343929393726e-8"
"0.8788771033287048","4.1114343929393726e-8"
"2.0401148796081543","4.1114343929393726e-8"
"1.447309970855713","4.1114343929393726e-8"
"6.583197593688965","4.1114343929393726e-8"
"2.427966833114624","4.1114343929393726e-8"
"8.017288208007812","11"
"10.401135444641113","14.000000953674316"
"21.623943328857422","36.29999923706055"
"8.698559761047363","8"
"2.3025479316711426","0.7000000476837158"
"2.888441324234009","4.1114343929393726e-8"
"1.9918525218963623","4.1114343929393726e-8"
"2.642685890197754","4.1114343929393726e-8"
"0.45841550827026367","47.99998474121094"
"1.0978631973266602","4.1114343929393726e-8"
"4.976042747497559","4.1114343929393726e-8"
"0.07877379655838013","4.1114343929393726e-8"
"14.711922645568848","4.1114343929393726e-8"
"43.39256286621094","4.1114343929393726e-8"
"18.152565002441406","4.1114343929393726e-8"
"13.341712951660156","4.1114343929393726e-8"
"6.083763122558594","4.1114343929393726e-8"
"2.3151824474334717","5.399999618530273"
"0.5919173955917358","4.1114343929393726e-8"
"3.7842495441436768","4.1114343929393726e-8"
"0.6118413805961609","4.1114343929393726e-8"
"1.3264522552490234","3.1999998092651367"
"0.9827440977096558","4.1114343929393726e-8"
"0.24829238653182983","4.1114343929393726e-8"
"17.27951431274414","2.6999998092651367"
"49.25157928466797","4.1114343929393726e-8"
"17.97359848022461","4.1114343929393726e-8"
"14.202223777770996","4.1114343929393726e-8"
"3.940525531768799","4.1114343929393726e-8"
"2.370243549346924","0.30000001192092896"
"2.784688949584961","4.1114343929393726e-8"
"3.1601076126098633","31.69999885559082"
"1.3579360246658325","4.1114343929393726e-8"
"0.331240177154541","4.1114343929393726e-8"
"0.11619250476360321","4.1114343929393726e-8"
"1.9319570064544678","4.1114343929393726e-8"
"14.060446739196777","27.700000762939453"
"33.686397552490234","44.5"
"15.094615936279297","11.89999771118164"
"12.165685653686523","4.1114343929393726e-8"
"7.037479400634766","4.1114343929393726e-8"
"3.461798667907715","4.1114343929393726e-8"
"0.3788563311100006","4.1114343929393726e-8"
"4.897094249725342","4.1114343929393726e-8"
"1.0099470615386963","4.1114343929393726e-8"
"0.6090331077575684","4.1114343929393726e-8"
"0","8.299999237060547"
"0.4161469042301178","4.1114343929393726e-8"
"16.78510856628418","17.699995040893555"
"29.063697814941406","31.299997329711914"
"31.693885803222656","27.700000762939453"
"3.58001446723938","4.1114343929393726e-8"
"2.390186071395874","4.1114343929393726e-8"
"2.035806179046631","4.1114343929393726e-8"
"0.34711265563964844","4.1114343929393726e-8"
"0.9365829229354858","4.1114343929393726e-8"
"0.3412848711013794","4.1114343929393726e-8"
"0.16684550046920776","4.1114343929393726e-8"
"0","4.1114343929393726e-8"
"0.040290042757987976","3.5999999046325684"
"12.708940505981445","33.19999694824219"
"23.265010833740234","32.5"
"31.104999542236328","41.799991607666016"
"5.19075345993042","5.100000381469727"
"2.8148834705352783","4.1114343929393726e-8"
"1.939354419708252","3"
"0.5634344816207886","4.1114343929393726e-8"
"1.3105932474136353","4.1114343929393726e-8"
"0.42309314012527466","4.1114343929393726e-8"
"0.09787415713071823","4.1114343929393726e-8"
"0.2078874409198761","4.1114343929393726e-8"
"0.35415613651275635","16.499998092651367"
"23.65011978149414","8.09999942779541"
"20.452009201049805","10.399999618530273"
"26.52715301513672","19.5"
"13.761966705322266","14.300000190734863"
"8.719645500183105","20.400001525878906"
"10.304742813110352","31.69999885559082"
"0.7278734445571899","4.1114343929393726e-8"
"3.241987943649292","4.1114343929393726e-8"
"2.2876009941101074","18.59999656677246"
"1.0713534355163574","10.5"
"3.312314510345459","2.9000000953674316"
"0.511455237865448","0.800000011920929"
"16.44965934753418","28.19999122619629"
"10.999679565429688","20.699993133544922"
"21.200902938842773","21.899999618530273"
"8.43877124786377","2.6999998092651367"
"6.8131208419799805","14.000000953674316"
"2.3992581367492676","3.3999996185302734"
"0.516903281211853","4.1114343929393726e-8"
"4.578499794006348","4.1114343929393726e-8"
"0.33632248640060425","4.1114343929393726e-8"
"0.7769961953163147","4.1114343929393726e-8"
"1.834148645401001","0.30000001192092896"
"0.5827266573905945","4.1114343929393726e-8"
"18.757490158081055","4.1114343929393726e-8"
"28.55791473388672","0.4000000059604645"
"28.165660858154297","4.1114343929393726e-8"
"15.340973854064941","0.30000001192092896"
"5.702027320861816","4.1114343929393726e-8"
"4.360926151275635","1.8000000715255737"
"1.10321044921875","4.1114343929393726e-8"
"3.2841475009918213","4.1114343929393726e-8"
"1.6088895797729492","4.1114343929393726e-8"
"0.8526792526245117","4.1114343929393726e-8"
"4.167252540588379","36.19999694824219"
"0.27689534425735474","4.1114343929393726e-8"
"24.770431518554688","4.700000286102295"
"30.397647857666016","4.1114343929393726e-8"
"26.148963928222656","4.1114343929393726e-8"
"6.971737384796143","4.1114343929393726e-8"
"7.906126976013184","4.1114343929393726e-8"
"4.131694793701172","4.1114343929393726e-8"
"0.7166751623153687","4.1114343929393726e-8"
"1.5384783744812012","4.1114343929393726e-8"
"2.365177869796753","4.1114343929393726e-8"
"0","4.1114343929393726e-8"
"3.092876434326172","4.1114343929393726e-8"
"1.8360754251480103","4.1114343929393726e-8"
"16.046321868896484","4.1114343929393726e-8"
"21.640897750854492","4.1114343929393726e-8"
"20.054786682128906","4.1114343929393726e-8"
"6.357660293579102","4.1114343929393726e-8"
"7.722723007202148","4.1114343929393726e-8"
"1.518410086631775","4.1114343929393726e-8"
"0.211573988199234","0.8999999761581421"
"3.223886251449585","4.1114343929393726e-8"
"1.2250466346740723","4.1114343929393726e-8"
"0.8571114540100098","1.100000023841858"
"2.3312978744506836","4.1114343929393726e-8"
"1.8749473094940186","4.1114343929393726e-8"
"17.457372665405273","23"
"15.905771255493164","4.1114343929393726e-8"
"24.908775329589844","4.1114343929393726e-8"
"8.086664199829102","4.1114343929393726e-8"
"4.64230489730835","4.1114343929393726e-8"
"1.3302253484725952","4.1114343929393726e-8"
"1.0467122793197632","4.1114343929393726e-8"
"2.2094032764434814","4.1114343929393726e-8"
"0.9558636546134949","4.1114343929393726e-8"
"0.6092153787612915","4.1114343929393726e-8"
"2.748307228088379","4.1114343929393726e-8"
"0.7727470397949219","4.1114343929393726e-8"
"24.237648010253906","4.1114343929393726e-8"
"13.265731811523438","4.1114343929393726e-8"
"18.184612274169922","4.1114343929393726e-8"
"8.981904029846191","4.1114343929393726e-8"
"3.3774616718292236","4.1114343929393726e-8"
"1.8867018222808838","4.1114343929393726e-8"
"1.253067970275879","4.1114343929393726e-8"
"3.338257074356079","4.1114343929393726e-8"
"1.7741336822509766","4.1114343929393726e-8"
"0.43321365118026733","4.1114343929393726e-8"
"3.911435842514038","4.1114343929393726e-8"
"0.6299601793289185","11"
"18.185623168945312","23.100000381469727"
"19.893428802490234","4.1114343929393726e-8"
"20.788463592529297","20.999996185302734"
"7.902883052825928","4.1114343929393726e-8"
"3.4406065940856934","4.1114343929393726e-8"
"4.235201835632324","4.1114343929393726e-8"
"3.284008264541626","4.1114343929393726e-8"
"3.3390793800354004","4.1114343929393726e-8"
"3.6408982276916504","4.1114343929393726e-8"
"1.6477928161621094","4.1114343929393726e-8"
"4.827693939208984","4.1114343929393726e-8"
"2.598118305206299","11.399998664855957"
"9.605886459350586","4.1114343929393726e-8"
"8.948477745056152","4.1114343929393726e-8"
"15.680692672729492","4.1114343929393726e-8"
"4.1946001052856445","8.199999809265137"
"2.539517402648926","4.1114343929393726e-8"
"1.9844775199890137","4.1114343929393726e-8"
"0.2669241428375244","4.1114343929393726e-8"
"2.8778905868530273","4.1114343929393726e-8"
"0.7501120567321777","4.1114343929393726e-8"
"0.545358419418335","4.1114343929393726e-8"
"6.097991943359375","1.899999976158142"
"2.125124216079712","4.1114343929393726e-8"
"5.587116718292236","42.199989318847656"
"15.373455047607422","4.1114343929393726e-8"
"19.044090270996094","6.59999942779541"
"5.398645877838135","4.1114343929393726e-8"
"1.401368498802185","4.1114343929393726e-8"
"0.7750494480133057","4.1114343929393726e-8"
"0.9328024983406067","4.1114343929393726e-8"
"3.001331090927124","4.1114343929393726e-8"
"0.49719157814979553","4.1114343929393726e-8"
"0.3823989927768707","4.1114343929393726e-8"
"1.5790338516235352","4.1114343929393726e-8"
"0.7139396071434021","4.1114343929393726e-8"
"17.015666961669922","4.1114343929393726e-8"
"16.91097068786621","48.19999694824219"
"30.57581901550293","51.09999084472656"
"1.9541263580322266","3.1999998092651367"
"0.7146223783493042","4.1114343929393726e-8"
"0.47690585255622864","4.1114343929393726e-8"
"1.592555046081543","4.1114343929393726e-8"
"2.7527241706848145","4.1114343929393726e-8"
"1.9722357988357544","4.1114343929393726e-8"
"0.17807739973068237","4.1114343929393726e-8"
"3.1393706798553467","4.1114343929393726e-8"
"3.050567626953125","4.1114343929393726e-8"
"13.33757209777832","4.1114343929393726e-8"
"10.12959098815918","4.1114343929393726e-8"
"26.80320930480957","4.1114343929393726e-8"
"2.7880210876464844","4.1114343929393726e-8"
"3.3907787799835205","4.1114343929393726e-8"
"0.5949004292488098","4.1114343929393726e-8"
"1.27651846408844","4.1114343929393726e-8"
"4.526399612426758","4.1114343929393726e-8"
"1.8445883989334106","4.1114343929393726e-8"
"1.1598258018493652","4.1114343929393726e-8"
"6.15166711807251","4.1114343929393726e-8"
"1.0062041282653809","4.1114343929393726e-8"
"10.485746383666992","9.499998092651367"
"12.456753730773926","25.200000762939453"
"26.895814895629883","8.69999885559082"
"2.141801118850708","4.1114343929393726e-8"
"1.5270018577575684","4.1114343929393726e-8"
"0.6965944766998291","4.1114343929393726e-8"
"0.8321380019187927","4.1114343929393726e-8"
"1.5018913745880127","4.1114343929393726e-8"
"1.263366937637329","4.1114343929393726e-8"
"1.002102255821228","4.1114343929393726e-8"
"2.550750494003296","4.1114343929393726e-8"
"0.6629219055175781","29.79999542236328"
"9.310770034790039","15.799997329711914"
"2.9778494834899902","63.69999694824219"
"18.42738914489746","61.70000076293945"
"5.422914505004883","21.500001907348633"
"1.0511717796325684","11"
"1.1259485483169556","10.69999885559082"
"1.1912599802017212","4.1114343929393726e-8"
"0.7045454978942871","21.299999237060547"
"0.6751665472984314","61.10000228881836"
"0.2943524718284607","24.69999885559082"
"2.9900894165039062","4.1114343929393726e-8"
"0.37764960527420044","19.700000762939453"
"11.616002082824707","17.399995803833008"
"7.549333095550537","2.6999998092651367"
"19.48896598815918","3.3000001907348633"
"2.909992218017578","34.499996185302734"
"2.341221332550049","30.89999771118164"
"4.037611484527588","9.299999237060547"
"2.255812883377075","14.799997329711914"
"2.205524444580078","4.1114343929393726e-8"
"2.9699771404266357","26.69999885559082"
"1.7942166328430176","6.200000286102295"
"3.863145351409912","56.099998474121094"
"1.2885255813598633","12.399999618530273"
"10.215242385864258","3.499999523162842"
"10.38339900970459","0.8999999761581421"
"17.290714263916016","4.1114343929393726e-8"
"6.333773612976074","15"
"3.8013060092926025","15.799997329711914"
"1.688734769821167","8.399998664855957"
"0.719667375087738","4.1114343929393726e-8"
"2.307678699493408","4.400000095367432"
"1.5986474752426147","8.80000114440918"
"0.9499040246009827","2.499999761581421"
"1.017899751663208","2.1999998092651367"
"2.1091408729553223","53.699989318847656"
"11.95998764038086","51.69999313354492"
"13.926506042480469","28.30000114440918"
"23.31578254699707","39.19999694824219"
"9.753223419189453","91.39999389648438"
"7.555899143218994","72.00001525878906"
"4.546713829040527","52.399993896484375"
"1.4753819704055786","16.999996185302734"
"1.096618890762329","5.900000095367432"
"1.0911219120025635","46.399993896484375"
"0.9440678954124451","1"
"2.0656073093414307","4.1114343929393726e-8"
"0.7101350426673889","0.800000011920929"
"21.553489685058594","4.1114343929393726e-8"
"24.156600952148438","6.90000057220459"
"32.20563507080078","4.1114343929393726e-8"
"4.803160667419434","1.899999976158142"
"3.456371307373047","7.90000057220459"
"2.967449426651001","11.399998664855957"
"1.6740409135818481","6.69999885559082"
"0.7575638294219971","14.799997329711914"
"1.1099390983581543","5.100000381469727"
"0.49762222170829773","14.000000953674316"
"4.180060386657715","70.60001373291016"
"3.568164110183716","4.1114343929393726e-8"
"22.828479766845703","4.1114343929393726e-8"
"21.119569778442383","4.1114343929393726e-8"
"32.65998458862305","4.1114343929393726e-8"
"5.555951118469238","4.1114343929393726e-8"
"6.623795509338379","4.1114343929393726e-8"
"3.8180179595947266","4.1114343929393726e-8"
"2.6313252449035645","4.1114343929393726e-8"
"8.579015731811523","4.1114343929393726e-8"
"2.5238840579986572","4.1114343929393726e-8"
"2.458975315093994","4.1114343929393726e-8"
"6.5250349044799805","26.19999885559082"
"4.078632354736328","29.999998092651367"
"29.935697555541992","4.1114343929393726e-8"
"30.9429988861084","25.699996948242188"
"50.118717193603516","4.1114343929393726e-8"
"12.070178985595703","23.700000762939453"
"12.694047927856445","27.199996948242188"
"8.526518821716309","4.1114343929393726e-8"
"1.7342690229415894","4.1114343929393726e-8"
"6.1336445808410645","4.1114343929393726e-8"
"7.74059534072876","4.1114343929393726e-8"
"4.4645843505859375","4.1114343929393726e-8"
"13.704961776733398","4.1114343929393726e-8"
"3.5275893211364746","44.99999237060547"
"25.21904182434082","4.1114343929393726e-8"
"26.8966064453125","4.1114343929393726e-8"
"44.08391571044922","13.100001335144043"
"24.67266082763672","42.599998474121094"
"12.562496185302734","33.999996185302734"
"5.26340389251709","11.999999046325684"
"3.0204646587371826","1.1999999284744263"
"5.186202526092529","7.300000190734863"
"4.289728164672852","12.500000953674316"
"3.3679115772247314","8.09999942779541"
"16.209245681762695","42.199989318847656"
"4.0928850173950195","4.1114343929393726e-8"
"22.113571166992188","1.2999999523162842"
"24.64603042602539","4.1114343929393726e-8"
"38.04364776611328","3"
"17.191431045532227","4.099999904632568"
"12.91542911529541","1.1999999284744263"
"9.891556739807129","4.1114343929393726e-8"
"7.396466255187988","4.1114343929393726e-8"
"7.016993522644043","4.1114343929393726e-8"
"9.49158763885498","12.59999942779541"
"8.6840238571167","4.1114343929393726e-8"
"13.377289772033691","4.1114343929393726e-8"
"5.867902755737305","4.1114343929393726e-8"
"18.25092887878418","18.59999656677246"
"24.55267333984375","34.099998474121094"
"24.275197982788086","6.69999885559082"
"14.355459213256836","4.1114343929393726e-8"
"14.613256454467773","1.1999999284744263"
"7.296708106994629","4.1114343929393726e-8"
"2.149963855743408","4.1114343929393726e-8"
"6.378314018249512","4.1114343929393726e-8"
"7.47264289855957","4.1114343929393726e-8"
"3.255208730697632","4.1114343929393726e-8"
"8.460336685180664","4.1114343929393726e-8"
"2.084641456604004","4.1114343929393726e-8"
"12.236015319824219","4.1114343929393726e-8"
"20.281845092773438","4.1114343929393726e-8"
"29.99212074279785","4.1114343929393726e-8"
"4.07094669342041","4.1114343929393726e-8"
"1.7255172729492188","4.1114343929393726e-8"
"1.136578917503357","4.1114343929393726e-8"
"3.1584956645965576","4.1114343929393726e-8"
"1.9175035953521729","4.1114343929393726e-8"
"0.8081972002983093","4.1114343929393726e-8"
"1.1508193016052246","4.1114343929393726e-8"
"16.414541244506836","16.299997329711914"
"2.6063106060028076","0.10000001639127731"
"16.722131729125977","4.1114343929393726e-8"
"18.21424674987793","3"
"27.990568161010742","4.1114343929393726e-8"
"3.220256805419922","4.1114343929393726e-8"
"2.7110114097595215","0.10000001639127731"
"2.00303316116333","4.1114343929393726e-8"
"8.241293907165527","4.1114343929393726e-8"
"0.8234193325042725","4.1114343929393726e-8"
"1.0618839263916016","4.1114343929393726e-8"
"2.3137552738189697","4.1114343929393726e-8"
"18.404844284057617","4.1114343929393726e-8"
"3.3614816665649414","4.1114343929393726e-8"
"12.589044570922852","1.2999999523162842"
"12.835840225219727","8"
"39.662986755371094","3"
"11.378578186035156","0.6000000238418579"
"4.954347610473633","4.1114343929393726e-8"
"5.805829048156738","2"
"7.901182651519775","4.1114343929393726e-8"
"4.255870342254639","4.1114343929393726e-8"
"4.618912220001221","4.1114343929393726e-8"
"4.604058265686035","4.1114343929393726e-8"
"10.57138729095459","0.8999999761581421"
"4.07957649230957","4.1114343929393726e-8"
"20.6456356048584","4.1114343929393726e-8"
"14.020853996276855","4.1114343929393726e-8"
"33.75794982910156","4.1114343929393726e-8"
"24.486865997314453","4.1114343929393726e-8"
"8.036526679992676","4.1114343929393726e-8"
"5.188863754272461","4.1114343929393726e-8"
"4.204653263092041","4.1114343929393726e-8"
"4.237490177154541","4.1114343929393726e-8"
"4.70751428604126","4.1114343929393726e-8"
"4.266744136810303","4.1114343929393726e-8"
"6.820322036743164","4.1114343929393726e-8"
"2.1829283237457275","4.1114343929393726e-8"
"17.905590057373047","2"
"25.59966278076172","4.1114343929393726e-8"
"35.888450622558594","10.000000953674316"
"20.45047378540039","0.7000000476837158"
"4.136649131774902","11"
"3.4113271236419678","4.1114343929393726e-8"
"3.711697578430176","4.1114343929393726e-8"
"3.0340116024017334","4.1114343929393726e-8"
"0.7165021300315857","3"
"0.7820952534675598","4.1114343929393726e-8"
"0.5855632424354553","10.000000953674316"
"3.221691370010376","5.999999523162842"
"16.396087646484375","50.999996185302734"
"28.24384880065918","77.9000015258789"
"35.121337890625","52.99999237060547"
"11.464018821716309","48.99999237060547"
"2.414989948272705","45.99999237060547"
"5.386316776275635","0.10000001639127731"
"1.0074424743652344","4.1114343929393726e-8"
"3.5967438220977783","7"
"1.3815677165985107","19.999996185302734"
"0.798468828201294","4.1114343929393726e-8"
"3.302117347717285","8"
"1.7190080881118774","7"
"16.307584762573242","4.1114343929393726e-8"
"22.033111572265625","0.8999999761581421"
"23.710617065429688","0.8999999761581421"
"5.8365888595581055","3.0999996662139893"
"2.7236576080322266","4"
"2.3912441730499268","0.7000000476837158"
"1.1565505266189575","4.1114343929393726e-8"
"3.3567216396331787","4.1114343929393726e-8"
"0.7941977977752686","4.1114343929393726e-8"
"2.246628761291504","4.1114343929393726e-8"
"5.326840400695801","16.999996185302734"
"1.7006651163101196","2"
"13.977725982666016","8"
"25.11046600341797","5.100000381469727"
"35.81731414794922","36.099998474121094"
"10.525008201599121","3.6999998092651367"
"9.611944198608398","0.19999997317790985"
"5.942572593688965","0.800000011920929"
"2.6045703887939453","4.1114343929393726e-8"
"3.8010146617889404","18.09999656677246"
"8.318012237548828","16.099998474121094"
"2.0974180698394775","15"
"4.217227458953857","11"
"0.5510693192481995","1.399999976158142"
"11.467668533325195","0.4000000059604645"
"20.200130462646484","5"
"26.23370933532715","24.99999237060547"
"4.729450702667236","4.1114343929393726e-8"
"5.533498287200928","16.999996185302734"
"3.1041910648345947","4.1114343929393726e-8"
"1.043703556060791","4.1114343929393726e-8"
"1.0191892385482788","4.1114343929393726e-8"
"2.031038522720337","4.1114343929393726e-8"
"0.12325546145439148","0.10000001639127731"
"5.787306785583496","4.1114343929393726e-8"
"0.4921017587184906","5.999999523162842"
"9.187342643737793","23.100000381469727"
"9.021086692810059","18"
"14.891399383544922","22"
"3.6279213428497314","4.1114343929393726e-8"
"3.363957643508911","4.1114343929393726e-8"
"0.5279619693756104","3"
"1.6445143222808838","4.1114343929393726e-8"
"2.6626172065734863","2"
"1.727351427078247","15.999996185302734"
"1.0431504249572754","4.1114343929393726e-8"
"3.4141929149627686","4.1114343929393726e-8"
"2.1771674156188965","4.1114343929393726e-8"
"10.889152526855469","3"
"4.3543925285339355","4.1114343929393726e-8"
"24.365459442138672","4.1114343929393726e-8"
"10.064603805541992","4.1114343929393726e-8"
"2.934458017349243","4.1114343929393726e-8"
"3.159423828125","12.999998092651367"
"1.3901348114013672","4.1114343929393726e-8"
"1.0583925247192383","4.1114343929393726e-8"
"1.097200870513916","4.1114343929393726e-8"
"1.0516873598098755","4.1114343929393726e-8"
"2.670769214630127","2"
"1.4703609943389893","4.1114343929393726e-8"
"19.480510711669922","4.1114343929393726e-8"
"12.662150382995605","4.1114343929393726e-8"
"16.142379760742188","4.1114343929393726e-8"
"12.212739944458008","0.5"
"5.955752372741699","4.1114343929393726e-8"
"2.6645426750183105","4.1114343929393726e-8"
"2.2842531204223633","4.1114343929393726e-8"
"1.7245800495147705","4.1114343929393726e-8"
"0.9708856344223022","4.1114343929393726e-8"
"0.5879313349723816","4.1114343929393726e-8"
"3.566270351409912","4.1114343929393726e-8"
"0.915818452835083","4.1114343929393726e-8"
"21.15414047241211","4.1114343929393726e-8"
"24.911819458007812","4.1114343929393726e-8"
"31.00293731689453","4.1114343929393726e-8"
"6.35384464263916","4.1114343929393726e-8"
"2.217463731765747","4.1114343929393726e-8"
"4.5407819747924805","4.1114343929393726e-8"
"2.6431596279144287","4.1114343929393726e-8"
"2.3783326148986816","0.4000000059604645"
"2.678826093673706","4.1114343929393726e-8"
"1.2268998622894287","4.1114343929393726e-8"
"1.533660650253296","2"
"1.5264798402786255","4.1114343929393726e-8"
"15.91273021697998","4.1114343929393726e-8"
"14.802510261535645","4.1114343929393726e-8"
"15.871790885925293","4.1114343929393726e-8"
"5.6772027015686035","4.1114343929393726e-8"
"1.1910555362701416","4.1114343929393726e-8"
"1.4608615636825562","1"
"0.03824331611394882","4.1114343929393726e-8"
"1.7671468257904053","4.1114343929393726e-8"
"0.2543509304523468","4.1114343929393726e-8"
"0.21146154403686523","4.1114343929393726e-8"
"2.0512635707855225","7"
"0.41707202792167664","27.099994659423828"
"32.10318374633789","5"
"28.432952880859375","15"
"28.699691772460938","29.199993133544922"
"6.994516372680664","16.999996185302734"
"7.088413715362549","12.999998092651367"
"4.513713359832764","33.999996185302734"
"1.6673178672790527","14.000000953674316"
"6.854511737823486","26.999996185302734"
"3.206678628921509","5.999999523162842"
"1.0743080377578735","2"
"1.805209994316101","10.000000953674316"
"1.3800532817840576","5.999999523162842"
"46.145713806152344","5"
"33.17662048339844","2"
"42.15715789794922","3"
"16.810333251953125","5.999999523162842"
"9.75137710571289","3"
"3.1908533573150635","7"
"1.8789169788360596","4.1114343929393726e-8"
"4.743046283721924","4.1114343929393726e-8"
"1.5036916732788086","7"
"0.3730054795742035","1"
"2.959120273590088","4.1114343929393726e-8"
"2.4473166465759277","4.1114343929393726e-8"
"22.48068618774414","4.1114343929393726e-8"
"37.108436584472656","4.1114343929393726e-8"
"30.45656394958496","4.1114343929393726e-8"
"11.681297302246094","4.1114343929393726e-8"
"7.357558250427246","4.1114343929393726e-8"
"4.462369918823242","4.1114343929393726e-8"
"1.7805290222167969","0.19999997317790985"
"8.465286254882812","4.1114343929393726e-8"
"2.6217126846313477","4.1114343929393726e-8"
"2.2944746017456055","4.1114343929393726e-8"
"7.251505374908447","4.1114343929393726e-8"
"0.6740641593933105","4.1114343929393726e-8"
"23.35228157043457","4.1114343929393726e-8"
"21.227569580078125","4.1114343929393726e-8"
"26.40903091430664","4.1114343929393726e-8"
"2.4057657718658447","4.1114343929393726e-8"
"1.9784818887710571","4.1114343929393726e-8"
"2.6005897521972656","4.1114343929393726e-8"
"1.410332202911377","4.1114343929393726e-8"
"3.2559337615966797","4.1114343929393726e-8"
"5.102673053741455","4.1114343929393726e-8"
"1.5180954933166504","4.1114343929393726e-8"
"2.8656046390533447","4.1114343929393726e-8"
"0.8725562691688538","8"
"12.062780380249023","11"
"20.278087615966797","8"
"27.70219612121582","9"
"5.273558616638184","9"
"2.9946200847625732","0.8999999761581421"
"1.3367149829864502","3"
"1.171876311302185","14.000000953674316"
"1.0845082998275757","3"
"1.1999796628952026","4.1114343929393726e-8"
"0.23044930398464203","4"
"2.80021071434021","4"
"2.0890932083129883","8"
"11.119735717773438","5"
"14.498542785644531","1.100000023841858"
"34.08051300048828","20.999996185302734"
"7.720808029174805","9"
"2.52626633644104","5.100000381469727"
"2.884629726409912","2"
"1.6718192100524902","15"
"1.6773676872253418","9"
"1.3653744459152222","24.000001907348633"
"0.5022807121276855","3"
"6.668580532073975","8"
"1.0065535306930542","9"
"10.673971176147461","3"
"6.013872146606445","0.30000001192092896"
"14.626953125","4.1114343929393726e-8"
"1.9740185737609863","31.9999942779541"
"0.843670129776001","4"
"1.037190556526184","7"
"0.44504696130752563","2"
"0.6365309953689575","5"
"0.14493079483509064","4.1114343929393726e-8"
"0.30808204412460327","10.000000953674316"
"5.497403144836426","5.999999523162842"
"0.6941226720809937","2"
"10.840853691101074","4.1114343929393726e-8"
"11.096943855285645","4.1114343929393726e-8"
"20.550891876220703","4.1114343929393726e-8"
"2.04235577583313","0.7000000476837158"
"1.7329723834991455","4.1114343929393726e-8"
"2.0721302032470703","4.1114343929393726e-8"
"1.2216312885284424","4.1114343929393726e-8"
"0.36057910323143005","4.1114343929393726e-8"
"0.3318229913711548","4.1114343929393726e-8"
"0.5113525986671448","2"
"15.526494026184082","1"
"0.47774162888526917","4.1114343929393726e-8"
"8.11809253692627","4.1114343929393726e-8"
"6.017377853393555","7"
"12.486900329589844","97.00001525878906"
"1.4153518676757812","4.1114343929393726e-8"
"1.382756233215332","4.1114343929393726e-8"
"2.6006510257720947","4.1114343929393726e-8"
"5.713363170623779","4.1114343929393726e-8"
"0.2573256492614746","4.1114343929393726e-8"
"1.2203730344772339","4.1114343929393726e-8"
"1.8954598903656006","4.1114343929393726e-8"
"6.5997314453125","4.1114343929393726e-8"
"0.6044208407402039","4.1114343929393726e-8"
"6.04317569732666","11"
"6.653322219848633","14.000000953674316"
"14.713667869567871","36.29999923706055"
"4.530114650726318","8"
"5.734182357788086","0.7000000476837158"
"2.3984732627868652","4.1114343929393726e-8"
"2.888636827468872","4.1114343929393726e-8"
"0.8617120981216431","4.1114343929393726e-8"
"1.0706706047058105","47.99998474121094"
"1.6419179439544678","4.1114343929393726e-8"
"5.21760368347168","4.1114343929393726e-8"
"0.3445298373699188","4.1114343929393726e-8"
"4.677042007446289","4"
"0.8284745216369629","14.000000953674316"
"14.39621639251709","11.999999046325684"
"4.00397253036499","1"
"1.5799903869628906","0.4000000059604645"
"1.3150007724761963","4.1114343929393726e-8"
"1.2378573417663574","4.1114343929393726e-8"
"0.3267049193382263","4.1114343929393726e-8"
"1.5701003074645996","4.1114343929393726e-8"
"1.691691517829895","4.1114343929393726e-8"
"0.6628784537315369","4.1114343929393726e-8"
"0.226636603474617","4.1114343929393726e-8"
"9.242439270019531","4.1114343929393726e-8"
"1.3988525867462158","1"
"14.397931098937988","4.1114343929393726e-8"
"4.281040668487549","4.1114343929393726e-8"
"0.31279265880584717","4.1114343929393726e-8"
"0.5235559344291687","4.1114343929393726e-8"
"1.2991820573806763","4.1114343929393726e-8"
"0.48584654927253723","4.1114343929393726e-8"
"0.32455432415008545","4.1114343929393726e-8"
"0.16530023515224457","4.1114343929393726e-8"
"0.2654476761817932","4"
"1.2060450315475464","4.1114343929393726e-8"
"8.285974502563477","4.1114343929393726e-8"
"5.474009990692139","3"
"10.306597709655762","4.1114343929393726e-8"
"4.159024238586426","4.1114343929393726e-8"
"0.9213225245475769","4.1114343929393726e-8"
"2.9723479747772217","4.1114343929393726e-8"
"1.2983319759368896","4.1114343929393726e-8"
"0.5328847765922546","4.1114343929393726e-8"
"0.6568349599838257","4.1114343929393726e-8"
"0.7535885572433472","4.1114343929393726e-8"
"1.3800245523452759","4.1114343929393726e-8"
"0.7560563683509827","10.099998474121094"
"2.705939769744873","16.999996185302734"
"7.36162805557251","0.4000000059604645"
"4.563448905944824","7.1999993324279785"
"2.2972538471221924","18"
"0.7296295166015625","4.1114343929393726e-8"
"1.329162359237671","0.19999997317790985"
"0.9209897518157959","7"
"2.3212060928344727","0.19999997317790985"
"0.510053277015686","4.1114343929393726e-8"
"0.7198877334594727","0.30000001192092896"
"3.560237169265747","4.1114343929393726e-8"
"2.310713052749634","4.1114343929393726e-8"
"15.516544342041016","17.699995040893555"
"41.52557373046875","31.299997329711914"
"21.789264678955078","27.700000762939453"
"22.840736389160156","4.1114343929393726e-8"
"14.752213478088379","4.1114343929393726e-8"
"8.030364990234375","4.1114343929393726e-8"
"1.6033521890640259","4.1114343929393726e-8"
"10.174640655517578","4.1114343929393726e-8"
"2.980619430541992","4.1114343929393726e-8"
"1.319833755493164","4.1114343929393726e-8"
"3.5717966556549072","4.1114343929393726e-8"
"1.5702617168426514","3.5999999046325684"
"28.94695472717285","33.19999694824219"
"38.720619201660156","32.5"
"37.598182678222656","41.799991607666016"
"10.875234603881836","5.100000381469727"
"7.5001397132873535","4.1114343929393726e-8"
"2.8237557411193848","3"
"2.662088394165039","4.1114343929393726e-8"
"4.781975269317627","4.1114343929393726e-8"
"2.528118133544922","4.1114343929393726e-8"
"0.3915272355079651","4.1114343929393726e-8"
"0.3859200179576874","4.1114343929393726e-8"
"3.51088809967041","16.499998092651367"
"19.516590118408203","8.09999942779541"
"36.11686325073242","10.399999618530273"
"36.242610931396484","19.5"
"7.390832901000977","14.300000190734863"
"4.963035583496094","20.400001525878906"
"1.813516616821289","31.69999885559082"
"0.37690281867980957","4.1114343929393726e-8"
"5.526272773742676","4.1114343929393726e-8"
"1.234813928604126","18.59999656677246"
"0.2484702318906784","10.5"
"0.44094377756118774","2.9000000953674316"
"1.2363808155059814","0.800000011920929"
"28.032089233398438","28.19999122619629"
"21.20611572265625","20.699993133544922"
"27.992952346801758","21.899999618530273"
"4.2529377937316895","2.6999998092651367"
"2.920849561691284","14.000000953674316"
"1.3475909233093262","3.3999996185302734"
"0.09402574598789215","4.1114343929393726e-8"
"1.5900942087173462","4.1114343929393726e-8"
"0.1176118329167366","4.1114343929393726e-8"
"0.2956275939941406","4.1114343929393726e-8"
"3.2282817363739014","0.30000001192092896"
"0.05612379312515259","4.1114343929393726e-8"
"24.938701629638672","4.1114343929393726e-8"
"19.040023803710938","0.4000000059604645"
"31.200010299682617","4.1114343929393726e-8"
"4.320375442504883","0.30000001192092896"
"1.021027684211731","4.1114343929393726e-8"
"2.1664302349090576","1.8000000715255737"
"1.1373028755187988","4.1114343929393726e-8"
"3.4167280197143555","4.1114343929393726e-8"
"1.018922209739685","4.1114343929393726e-8"
"0.5072580575942993","4.1114343929393726e-8"
"4.1700029373168945","36.19999694824219"
"1.4908069372177124","4.1114343929393726e-8"
"32.69204330444336","4.700000286102295"
"29.291784286499023","4.1114343929393726e-8"
"29.84890365600586","4.1114343929393726e-8"
"9.555604934692383","4.1114343929393726e-8"
"10.1992769241333","4.1114343929393726e-8"
"6.083341598510742","4.1114343929393726e-8"
"3.170093536376953","4.1114343929393726e-8"
"7.224453926086426","4.1114343929393726e-8"
"5.364641189575195","4.1114343929393726e-8"
"2.9678754806518555","4.1114343929393726e-8"
"1.807318925857544","4.1114343929393726e-8"
"3.3808445930480957","4.1114343929393726e-8"
"19.72551727294922","4.1114343929393726e-8"
"18.100032806396484","4.1114343929393726e-8"
"27.16689682006836","4.1114343929393726e-8"
"9.25781536102295","4.1114343929393726e-8"
"8.2307767868042","4.1114343929393726e-8"
"1.9493813514709473","4.1114343929393726e-8"
"0.01029682345688343","0.8999999761581421"
"3.0317251682281494","4.1114343929393726e-8"
"1.8154759407043457","4.1114343929393726e-8"
"0.337027907371521","1.100000023841858"
"2.0635461807250977","4.1114343929393726e-8"
"1.7257931232452393","4.1114343929393726e-8"
"17.250242233276367","23"
"21.040925979614258","4.1114343929393726e-8"
"30.857269287109375","4.1114343929393726e-8"
"9.051828384399414","4.1114343929393726e-8"
"5.3765459060668945","4.1114343929393726e-8"
"1.432480812072754","4.1114343929393726e-8"
"1.3424042463302612","4.1114343929393726e-8"
"2.487847328186035","4.1114343929393726e-8"
"1.7427442073822021","4.1114343929393726e-8"
"0.9222441911697388","4.1114343929393726e-8"
"3.846304416656494","4.1114343929393726e-8"
"0.7231333255767822","4.1114343929393726e-8"
"27.256752014160156","4.1114343929393726e-8"
"17.01308250427246","4.1114343929393726e-8"
"31.10304069519043","4.1114343929393726e-8"
"6.453832149505615","4.1114343929393726e-8"
"2.442476987838745","4.1114343929393726e-8"
"1.7031344175338745","4.1114343929393726e-8"
"2.478632926940918","4.1114343929393726e-8"
"2.137166976928711","4.1114343929393726e-8"
"0.9347081780433655","4.1114343929393726e-8"
"0.3409149646759033","4.1114343929393726e-8"
"2.7214198112487793","4.1114343929393726e-8"
"2.067636489868164","11"
"15.530332565307617","23.100000381469727"
"12.67514705657959","4.1114343929393726e-8"
"16.57958221435547","20.999996185302734"
"6.731680393218994","4.1114343929393726e-8"
"3.022982120513916","4.1114343929393726e-8"
"2.0673861503601074","4.1114343929393726e-8"
"1.339776635169983","4.1114343929393726e-8"
"5.497540473937988","4.1114343929393726e-8"
"1.3833518028259277","4.1114343929393726e-8"
"0.9697051644325256","4.1114343929393726e-8"
"4.659331321716309","4.1114343929393726e-8"
"1.2949166297912598","11.399998664855957"
"25.272449493408203","4.1114343929393726e-8"
"13.188526153564453","4.1114343929393726e-8"
"29.10578155517578","4.1114343929393726e-8"
"2.525753974914551","8.199999809265137"
"1.9416016340255737","4.1114343929393726e-8"
"2.0002245903015137","4.1114343929393726e-8"
"1.2636100053787231","4.1114343929393726e-8"
"3.3144314289093018","4.1114343929393726e-8"
"2.7429935932159424","4.1114343929393726e-8"
"0.8931073546409607","4.1114343929393726e-8"
"6.695694923400879","1.899999976158142"
"0.9711377620697021","4.1114343929393726e-8"
"14.493374824523926","4.1114343929393726e-8"
"15.552756309509277","4.1114343929393726e-8"
"26.342605590820312","23.799997329711914"
"3.701469659805298","4.1114343929393726e-8"
"4.061705589294434","4.199999809265137"
"0.8894379734992981","4.1114343929393726e-8"
"1.1891182661056519","4.1114343929393726e-8"
"2.023118019104004","4.1114343929393726e-8"
"1.526715636253357","4.1114343929393726e-8"
"0.7747254371643066","4.1114343929393726e-8"
"9.033661842346191","4.1114343929393726e-8"
"0.6428877115249634","4.1114343929393726e-8"
"9.6639404296875","4.1114343929393726e-8"
"6.132422924041748","4.1114343929393726e-8"
"18.81123924255371","3"
"4.081996440887451","4.1114343929393726e-8"
"2.2985503673553467","4.1114343929393726e-8"
"2.310394525527954","13.40000057220459"
"2.534973621368408","4.1114343929393726e-8"
"1.809409260749817","4.1114343929393726e-8"
"2.0756351947784424","32.19999313354492"
"1.8331528902053833","4.1114343929393726e-8"
"4.503539085388184","4.1114343929393726e-8"
"0.7747476100921631","4.1114343929393726e-8"
"4.658846855163574","4.1114343929393726e-8"
"2.1920084953308105","4.1114343929393726e-8"
"13.755769729614258","4.1114343929393726e-8"
"1.6762014627456665","4.1114343929393726e-8"
"0.5286639332771301","4.1114343929393726e-8"
"0.722199559211731","4.1114343929393726e-8"
"0.6703445911407471","4.1114343929393726e-8"
"0.81805020570755","4.1114343929393726e-8"
"0.19420278072357178","4.1114343929393726e-8"
"0.5853501558303833","4.1114343929393726e-8"
"1.438976526260376","4.1114343929393726e-8"
"1.6985094547271729","4.1114343929393726e-8"
"12.699399948120117","9.499998092651367"
"18.504899978637695","25.200000762939453"
"37.179725646972656","8.69999885559082"
"4.0821332931518555","4.1114343929393726e-8"
"3.262796640396118","4.1114343929393726e-8"
"0.5062727332115173","4.1114343929393726e-8"
"0.5539869666099548","4.1114343929393726e-8"
"3.5527849197387695","4.1114343929393726e-8"
"1.5057709217071533","4.1114343929393726e-8"
"0.12753944098949432","4.1114343929393726e-8"
"2.260870933532715","4.1114343929393726e-8"
"0.6922032833099365","29.79999542236328"
"18.27079963684082","15.799997329711914"
"7.6851396560668945","63.69999694824219"
"33.3970832824707","61.70000076293945"
"3.614759683609009","21.500001907348633"
"0.4892188012599945","11"
"0.3967958390712738","10.69999885559082"
"1.4726881980895996","4.1114343929393726e-8"
"2.05718731880188","21.299999237060547"
"0.8826628923416138","61.10000228881836"
"0.38751792907714844","24.69999885559082"
"2.008457660675049","4.1114343929393726e-8"
"1.4876492023468018","19.700000762939453"
"11.041852951049805","17.399995803833008"
"9.24258041381836","2.6999998092651367"
"17.522117614746094","3.3000001907348633"
"7.605499267578125","34.499996185302734"
"2.1657168865203857","30.89999771118164"
"2.1955814361572266","9.299999237060547"
"1.2688933610916138","14.799997329711914"
"5.749393463134766","4.1114343929393726e-8"
"1.4713326692581177","26.69999885559082"
"1.4073879718780518","6.200000286102295"
"1.8518829345703125","56.099998474121094"
"1.6520360708236694","12.399999618530273"
"19.307811737060547","3.499999523162842"
"16.10430908203125","0.8999999761581421"
"24.319076538085938","4.1114343929393726e-8"
"5.214824676513672","15"
"3.2308905124664307","15.799997329711914"
"3.2568166255950928","8.399998664855957"
"1.3386762142181396","4.1114343929393726e-8"
"2.2907307147979736","4.400000095367432"
"1.8068454265594482","8.80000114440918"
"0.7399780750274658","2.499999761581421"
"6.071149826049805","2.1999998092651367"
"1.6617326736450195","53.699989318847656"
"20.880401611328125","51.69999313354492"
"30.181949615478516","28.30000114440918"
"39.39970397949219","39.19999694824219"
"9.462419509887695","91.39999389648438"
"7.415491580963135","72.00001525878906"
"4.047995567321777","52.399993896484375"
"3.586935043334961","16.999996185302734"
"3.8114748001098633","5.900000095367432"
"2.781494379043579","46.399993896484375"
"1.75492262840271","1"
"9.234283447265625","4.1114343929393726e-8"
"4.523859977722168","0.800000011920929"
"25.074926376342773","4.1114343929393726e-8"
"32.262718200683594","6.90000057220459"
"49.32767105102539","4.1114343929393726e-8"
"8.624333381652832","1.899999976158142"
"11.717979431152344","7.90000057220459"
"12.943592071533203","11.399998664855957"
"5.205351829528809","6.69999885559082"
"7.360862731933594","14.799997329711914"
"9.201976776123047","5.100000381469727"
"8.66861343383789","14.000000953674316"
"15.184161186218262","70.60001373291016"
"6.041708946228027","4.1114343929393726e-8"
"21.260540008544922","4.1114343929393726e-8"
"19.143463134765625","4.1114343929393726e-8"
"32.8558349609375","4.1114343929393726e-8"
"10.73179817199707","4.1114343929393726e-8"
"8.392843246459961","4.1114343929393726e-8"
"5.5417680740356445","4.1114343929393726e-8"
"2.453070640563965","4.1114343929393726e-8"
"9.590972900390625","4.1114343929393726e-8"
"9.006203651428223","4.1114343929393726e-8"
"6.390853404998779","4.1114343929393726e-8"
"13.44096565246582","26.19999885559082"
"5.978418827056885","29.999998092651367"
"18.93465232849121","4.1114343929393726e-8"
"24.362255096435547","25.699996948242188"
"33.75141143798828","4.1114343929393726e-8"
"18.292083740234375","23.700000762939453"
"11.333755493164062","27.199996948242188"
"8.447153091430664","4.1114343929393726e-8"
"6.359550476074219","4.1114343929393726e-8"
"7.180891513824463","4.1114343929393726e-8"
"11.474882125854492","4.1114343929393726e-8"
"11.474275588989258","4.1114343929393726e-8"
"15.460548400878906","4.1114343929393726e-8"
"3.6599643230438232","44.99999237060547"
"20.524349212646484","4.1114343929393726e-8"
"21.73992919921875","4.1114343929393726e-8"
"35.90989685058594","13.100001335144043"
"24.187454223632812","42.599998474121094"
"12.005377769470215","33.999996185302734"
"9.105483055114746","11.999999046325684"
"8.909646987915039","1.1999999284744263"
"3.054023027420044","7.300000190734863"
"11.281699180603027","12.500000953674316"
"8.919097900390625","8.09999942779541"
"16.956186294555664","42.199989318847656"
"6.284112453460693","4.1114343929393726e-8"
"15.164617538452148","1.2999999523162842"
"15.287801742553711","4.1114343929393726e-8"
"27.200090408325195","3"
"18.148067474365234","4.099999904632568"
"12.075322151184082","1.1999999284744263"
"8.751296997070312","4.1114343929393726e-8"
"4.70977783203125","4.1114343929393726e-8"
"9.004570007324219","4.1114343929393726e-8"
"8.46889591217041","12.59999942779541"
"3.2415761947631836","4.1114343929393726e-8"
"10.944160461425781","4.1114343929393726e-8"
"6.068175792694092","4.1114343929393726e-8"
"20.65658950805664","18.59999656677246"
"30.074447631835938","34.099998474121094"
"51.97740936279297","6.69999885559082"
"27.934484481811523","4.1114343929393726e-8"
"17.20787239074707","1.1999999284744263"
"12.70983600616455","4.1114343929393726e-8"
"4.586859226226807","4.1114343929393726e-8"
"5.837345123291016","4.1114343929393726e-8"
"7.7395429611206055","4.1114343929393726e-8"
"6.4340643882751465","4.1114343929393726e-8"
"14.399785041809082","4.1114343929393726e-8"
"2.347313404083252","4.1114343929393726e-8"
"15.139801979064941","22"
"24.39525032043457","27.89999771118164"
"35.873817443847656","12.100000381469727"
"17.7674617767334","16.499998092651367"
"6.995741844177246","3.6999998092651367"
"4.133885860443115","9.399998664855957"
"3.117673635482788","4.1114343929393726e-8"
"2.003203868865967","4.1114343929393726e-8"
"1.7182074785232544","4.1114343929393726e-8"
"1.575279951095581","4.1114343929393726e-8"
"9.571900367736816","4.1114343929393726e-8"
"1.349263310432434","4.1114343929393726e-8"
"14.228262901306152","6.69999885559082"
"19.90874671936035","16.899999618530273"
"26.553070068359375","4.1114343929393726e-8"
"13.462913513183594","4.1114343929393726e-8"
"4.428142547607422","31.69999885559082"
"7.633791446685791","4.1114343929393726e-8"
"4.036921501159668","4.1114343929393726e-8"
"2.0048789978027344","4.1114343929393726e-8"
"3.2260096073150635","1.100000023841858"
"2.900247812271118","4.1114343929393726e-8"
"10.713005065917969","4.1114343929393726e-8"
"2.453134536743164","4.199999809265137"
"10.942039489746094","4.1114343929393726e-8"
"13.874706268310547","4.1114343929393726e-8"
"26.87549591064453","4.1114343929393726e-8"
"12.795717239379883","4.1114343929393726e-8"
"4.405944347381592","4.1114343929393726e-8"
"2.0495777130126953","0.4000000059604645"
"1.3198308944702148","4.1114343929393726e-8"
"1.8102443218231201","4.1114343929393726e-8"
"1.0840239524841309","4.1114343929393726e-8"
"1.0706231594085693","4.1114343929393726e-8"
"3.6001639366149902","4.1114343929393726e-8"
"3.5818679332733154","4.1114343929393726e-8"
"24.63606071472168","4.1114343929393726e-8"
"26.311809539794922","4.1114343929393726e-8"
"44.308067321777344","4.1114343929393726e-8"
"8.392708778381348","4.1114343929393726e-8"
"2.5046751499176025","4.1114343929393726e-8"
"1.3445171117782593","4.1114343929393726e-8"
"2.2179107666015625","4.1114343929393726e-8"
"5.374518394470215","4.1114343929393726e-8"
"0.7810876965522766","4.1114343929393726e-8"
"0.7712907195091248","4.1114343929393726e-8"
"0.8433456420898438","4.1114343929393726e-8"
"2.1079039573669434","4.1114343929393726e-8"
"36.23164749145508","2"
"28.582733154296875","4.1114343929393726e-8"
"45.244407653808594","10.000000953674316"
"11.160595893859863","0.7000000476837158"
"0.4806544780731201","11"
"1.1840975284576416","4.1114343929393726e-8"
"1.352890133857727","4.1114343929393726e-8"
"4.803881645202637","4.1114343929393726e-8"
"0.3579144775867462","3"
"0.3109731376171112","4.1114343929393726e-8"
"0.15164698660373688","10.000000953674316"
"3.843247413635254","5.999999523162842"
"27.536279678344727","50.999996185302734"
"22.626140594482422","77.9000015258789"
"42.40873336791992","52.99999237060547"
"8.965924263000488","48.99999237060547"
"4.481940746307373","45.99999237060547"
"1.3993993997573853","0.10000001639127731"
"0.41657182574272156","4.1114343929393726e-8"
"8.892743110656738","7"
"1.054821491241455","19.999996185302734"
"1.111602544784546","4.1114343929393726e-8"
"1.5692613124847412","8"
"1.1109592914581299","7"
"25.191938400268555","4.1114343929393726e-8"
"21.979829788208008","0.8999999761581421"
"37.79184341430664","0.8999999761581421"
"4.137144565582275","3.0999996662139893"
"4.355883598327637","4"
"2.092597246170044","0.7000000476837158"
"0.6729831099510193","4.1114343929393726e-8"
"4.488797664642334","4.1114343929393726e-8"
"2.1580891609191895","4.1114343929393726e-8"
"1.1875561475753784","4.1114343929393726e-8"
"4.665986061096191","16.999996185302734"
"0.4713982343673706","2"
"25.18543815612793","8"
"16.87860107421875","5.100000381469727"
"31.708786010742188","36.099998474121094"
"10.311149597167969","3.6999998092651367"
"5.861448287963867","0.19999997317790985"
"2.371697425842285","0.800000011920929"
"1.6579487323760986","4.1114343929393726e-8"
"3.997997760772705","18.09999656677246"
"1.8373717069625854","16.099998474121094"
"0.9360463619232178","15"
"1.3538445234298706","11"
"1.8915910720825195","1.399999976158142"
"16.107723236083984","0.4000000059604645"
"19.892093658447266","5"
"25.81340789794922","24.99999237060547"
"11.361321449279785","4.1114343929393726e-8"
"6.602264881134033","16.999996185302734"
"3.0010149478912354","4.1114343929393726e-8"
"1.5524876117706299","4.1114343929393726e-8"
"4.360171318054199","4.1114343929393726e-8"
"3.034203052520752","4.1114343929393726e-8"
"0.5591365098953247","0.10000001639127731"
"1.4012457132339478","4.1114343929393726e-8"
"1.171994686126709","5.999999523162842"
"12.010748863220215","23.100000381469727"
"13.747564315795898","18"
"20.192276000976562","22"
"6.865399360656738","4.1114343929393726e-8"
"2.3963098526000977","4.1114343929393726e-8"
"0.3013271689414978","3"
"0","4.1114343929393726e-8"
"1.7319281101226807","2"
"0.8541994690895081","15.999996185302734"
"0.13385526835918427","4.1114343929393726e-8"
"2.3149287700653076","4.1114343929393726e-8"
"0.7052381038665771","4.1114343929393726e-8"
"14.507014274597168","3"
"16.655813217163086","4.1114343929393726e-8"
"23.42477798461914","4.1114343929393726e-8"
"5.777543544769287","4.1114343929393726e-8"
"3.1732888221740723","4.1114343929393726e-8"
"0.7033092975616455","12.999998092651367"
"1.154705286026001","4.1114343929393726e-8"
"2.252932071685791","4.1114343929393726e-8"
"0.5625282526016235","4.1114343929393726e-8"
"0.617050290107727","4.1114343929393726e-8"
"1.944331169128418","2"
"0.6885882616043091","4.1114343929393726e-8"
"24.4566650390625","4.1114343929393726e-8"
"14.035103797912598","4.1114343929393726e-8"
"23.59212875366211","4.1114343929393726e-8"
"6.13831901550293","0.5"
"1.1779687404632568","4.1114343929393726e-8"
"1.9187812805175781","4.1114343929393726e-8"
"2.4315173625946045","4.1114343929393726e-8"
"1.7705472707748413","4.1114343929393726e-8"
"0.8929242491722107","4.1114343929393726e-8"
"0.42725417017936707","4.1114343929393726e-8"
"2.1384129524230957","4.1114343929393726e-8"
"1.9080134630203247","4.1114343929393726e-8"
"12.786882400512695","4.1114343929393726e-8"
"8.928466796875","4.1114343929393726e-8"
"16.168519973754883","4.1114343929393726e-8"
"5.890101432800293","4.1114343929393726e-8"
"3.030618906021118","4.1114343929393726e-8"
"0.9136309027671814","4.1114343929393726e-8"
"1.4949932098388672","4.1114343929393726e-8"
"8.968769073486328","0.4000000059604645"
"1.1887996196746826","4.1114343929393726e-8"
"1.0833160877227783","4.1114343929393726e-8"
"2.8426032066345215","2"
"1.6850581169128418","4.1114343929393726e-8"
"16.375999450683594","4.1114343929393726e-8"
"11.351812362670898","4.1114343929393726e-8"
"31.609079360961914","4.1114343929393726e-8"
"2.7318098545074463","4.1114343929393726e-8"
"1.994305968284607","4.1114343929393726e-8"
"1.4695652723312378","1"
"0.9152387976646423","4.1114343929393726e-8"
"2.8393521308898926","4.1114343929393726e-8"
"2.1790244579315186","4.1114343929393726e-8"
"0.7950387597084045","4.1114343929393726e-8"
"1.6394150257110596","7"
"1.3003976345062256","4.1114343929393726e-8"
"13.715360641479492","0.5"
"14.053755760192871","4.1114343929393726e-8"
"36.1786994934082","1"
"4.1304192543029785","4.1114343929393726e-8"
"1.937503457069397","4.1114343929393726e-8"
"0.8854776620864868","9"
"0.45497220754623413","4.1114343929393726e-8"
"2.11775279045105","4.1114343929393726e-8"
"0.47881007194519043","4.1114343929393726e-8"
"0.3639301061630249","2"
"0.562820553779602","7"
"1.2609535455703735","4.1114343929393726e-8"
"14.220876693725586","42.000003814697266"
"10.193239212036133","5"
"27.681495666503906","0.10000001639127731"
"6.289209365844727","4.1114343929393726e-8"
"3.2095906734466553","8"
"1.9748173952102661","4.1114343929393726e-8"
"1.7539427280426025","20.999996185302734"
"2.197889804840088","5"
"1.5995147228240967","4.1114343929393726e-8"
"1.3318994045257568","14.000000953674316"
"1.897399663925171","11.999999046325684"
"2.2998337745666504","0.10000001639127731"
"19.897239685058594","18"
"8.286857604980469","4.1114343929393726e-8"
"16.568532943725586","1.899999976158142"
"4.408639907836914","1.100000023841858"
"2.1752588748931885","0.5"
"1.6511473655700684","27.099994659423828"
"0.5296680927276611","2"
"6.1506524085998535","4.1114343929393726e-8"
"1.0217517614364624","2"
"0.43043574690818787","5.999999523162842"
"1.9323618412017822","14.000000953674316"
"0.5726134777069092","4.1114343929393726e-8"
"11.07504653930664","4.1114343929393726e-8"
"31.52840232849121","4.1114343929393726e-8"
"25.216903686523438","4.1114343929393726e-8"
"3.843327760696411","4.1114343929393726e-8"
"1.7613682746887207","4.1114343929393726e-8"
"0.6393051743507385","4.1114343929393726e-8"
"2.195354700088501","4.1114343929393726e-8"
"2.0369014739990234","4.1114343929393726e-8"
"2.3052706718444824","4.1114343929393726e-8"
"1.7864067554473877","4.1114343929393726e-8"
"13.123920440673828","4.1114343929393726e-8"
"0.5669236183166504","8"
"9.854483604431152","11"
"10.293862342834473","8"
"24.3812198638916","9"
"5.425521373748779","9"
"1.1800439357757568","0.8999999761581421"
"1.0516916513442993","3"
"6.101687908172607","14.000000953674316"
"1.8043701648712158","3"
"1.0419045686721802","4.1114343929393726e-8"
"0.6841732859611511","4"
"2.389042854309082","4"
"1.0755865573883057","8"
"10.529952049255371","5"
"6.114331245422363","1.100000023841858"
"25.625213623046875","20.999996185302734"
"3.701357126235962","9"
"1.4178181886672974","5.100000381469727"
"1.3597267866134644","2"
"1.1387629508972168","15"
"2.610133171081543","9"
"1.0898716449737549","24.000001907348633"
"0.7122645378112793","3"
"5.53531551361084","8"
"0.9261729717254639","9"
"9.06220817565918","3"
"6.957385540008545","0.30000001192092896"
"23.362316131591797","4.1114343929393726e-8"
"2.957714080810547","31.9999942779541"
"3.536670684814453","4"
"1.661210536956787","7"
"1.9668956995010376","2"
"0.4622821807861328","5"
"0.3311193287372589","4.1114343929393726e-8"
"1.4509479999542236","10.000000953674316"
"6.359291076660156","5.999999523162842"
"0.20370396971702576","2"
"5.08442497253418","4.1114343929393726e-8"
"4.350067138671875","4.1114343929393726e-8"
"20.965625762939453","4.1114343929393726e-8"
"2.086559534072876","0.7000000476837158"
"1.956989049911499","4.1114343929393726e-8"
"1.3419113159179688","4.1114343929393726e-8"
"1.5290414094924927","4.1114343929393726e-8"
"0.23077526688575745","4.1114343929393726e-8"
"0.34165555238723755","4.1114343929393726e-8"
"0.6405728459358215","2"
"5.850025653839111","1"
"0.40813207626342773","4.1114343929393726e-8"
"7.634577751159668","4.1114343929393726e-8"
"8.011215209960938","7"
"9.38266372680664","97.00001525878906"
"1.3167387247085571","4.1114343929393726e-8"
"1.069812297821045","4.1114343929393726e-8"
"2.407611131668091","4.1114343929393726e-8"
"3.815840005874634","4.1114343929393726e-8"
"0.49829238653182983","4.1114343929393726e-8"
"2.241978645324707","4.1114343929393726e-8"
"2.6500141620635986","4.1114343929393726e-8"
"5.800297737121582","4.1114343929393726e-8"
"0.4908769428730011","4.1114343929393726e-8"
"3.825653314590454","11"
"1.3781453371047974","14.000000953674316"
"9.501300811767578","36.29999923706055"
"6.429041385650635","8"
"2.385427713394165","0.7000000476837158"
"0.3890153765678406","4.1114343929393726e-8"
"0.7949144840240479","4.1114343929393726e-8"
"1.0275696516036987","4.1114343929393726e-8"
"3.2864699363708496","47.99998474121094"
"1.2084254026412964","4.1114343929393726e-8"
"6.254086017608643","4.1114343929393726e-8"
"1.1249765157699585","4.1114343929393726e-8"
"2.8916146755218506","4"
"2.8678994178771973","14.000000953674316"
"23.192277908325195","11.999999046325684"
"19.990211486816406","1"
"6.880842208862305","0.4000000059604645"
"1.3409627676010132","4.1114343929393726e-8"
"1.5400607585906982","4.1114343929393726e-8"
"1.4766532182693481","4.1114343929393726e-8"
"1.726501226425171","4.1114343929393726e-8"
"1.2285494804382324","4.1114343929393726e-8"
"3.1088333129882812","4.1114343929393726e-8"
"0.8834725022315979","4.1114343929393726e-8"
"8.35157585144043","4.1114343929393726e-8"
"17.978538513183594","1"
"22.74597930908203","4.1114343929393726e-8"
"14.187450408935547","4.1114343929393726e-8"
"2.5799481868743896","4.1114343929393726e-8"
"3.024545907974243","4.1114343929393726e-8"
"4.473257064819336","4.1114343929393726e-8"
"0.15412519872188568","4.1114343929393726e-8"
"1.5786328315734863","4.1114343929393726e-8"
"0.9974058866500854","4.1114343929393726e-8"
"4.458043098449707","4"
"0.35678234696388245","4.1114343929393726e-8"
"11.878974914550781","4.1114343929393726e-8"
"12.622631072998047","3"
"20.070690155029297","4.1114343929393726e-8"
"7.764164924621582","4.1114343929393726e-8"
"1.731950283050537","4.1114343929393726e-8"
"1.5337721109390259","4.1114343929393726e-8"
"1.4132460355758667","4.1114343929393726e-8"
"0.8490262031555176","4.1114343929393726e-8"
"1.148471713066101","4.1114343929393726e-8"
"1.0732297897338867","4.1114343929393726e-8"
"2.48797869682312","4.1114343929393726e-8"
"0.5205063223838806","10.099998474121094"
"12.072896957397461","16.999996185302734"
"20.487770080566406","0.4000000059604645"
"23.64229965209961","7.1999993324279785"
"8.407410621643066","18"
"3.283172130584717","4.1114343929393726e-8"
"2.0067760944366455","0.19999997317790985"
"0.8956137895584106","7"
"0.6103100776672363","0.19999997317790985"
"1.394791841506958","4.1114343929393726e-8"
"1.3667289018630981","0.30000001192092896"
"1.0843795537948608","4.1114343929393726e-8"
"0.24833576381206512","13.499999046325684"
"5.703821182250977","48.99999237060547"
"6.126045227050781","11.69999885559082"
"22.082809448242188","52.20000076293945"
"8.048983573913574","34.99999237060547"
"0.9591922163963318","22"
"1.1245441436767578","4"
"1.2166720628738403","8"
"0.6044119596481323","1.8000000715255737"
"0.20255716145038605","1"
"0.3357764780521393","2.6999998092651367"
"0.6593027114868164","4.1114343929393726e-8"
"1.053390622138977","7.40000057220459"
"10.452249526977539","4.1114343929393726e-8"
"12.562639236450195","27.89999771118164"
"17.356462478637695","20.999996185302734"
"11.584527969360352","15"
"3.8725850582122803","17.799997329711914"
"6.122653484344482","2"
"1.001860499382019","10.000000953674316"
"1.3464314937591553","0.5"
"1.416611671447754","12.999998092651367"
"1.0653178691864014","2"
"1.8926615715026855","1"
"1.0799394845962524","42.000003814697266"
"8.572916030883789","6.500000476837158"
"12.645938873291016","22"
"19.113191604614258","37"
"5.360589027404785","11.999999046325684"
"4.171246528625488","9.199999809265137"
"2.703657865524292","5"
"0.3740919828414917","38.99999237060547"
"2.693070411682129","29.999998092651367"
"0.9788470268249512","5"
"0.547119140625","11.499998092651367"
"0.4760584533214569","1.1999999284744263"
"1.2634707689285278","4.1114343929393726e-8"
"25.64092445373535","4.1114343929393726e-8"
"46.28134536743164","0.4000000059604645"
"36.04411315917969","4.1114343929393726e-8"
"5.981927871704102","0.30000001192092896"
"8.296869277954102","4.1114343929393726e-8"
"4.696207046508789","1.8000000715255737"
"1.0296550989151","4.1114343929393726e-8"
"5.845683574676514","4.1114343929393726e-8"
"4.744792938232422","4.1114343929393726e-8"
"1.4041693210601807","4.1114343929393726e-8"
"3.4112234115600586","36.19999694824219"
"0.7667602896690369","4.1114343929393726e-8"
"11.482536315917969","4.700000286102295"
"16.885618209838867","4.1114343929393726e-8"
"17.071941375732422","4.1114343929393726e-8"
"3.6710939407348633","4.1114343929393726e-8"
"2.6206881999969482","4.1114343929393726e-8"
"0.8870070576667786","4.1114343929393726e-8"
"1.1206434965133667","4.1114343929393726e-8"
"1.6966049671173096","4.1114343929393726e-8"
"1.7156660556793213","4.1114343929393726e-8"
"0.1259595900774002","4.1114343929393726e-8"
"1.1044312715530396","4.1114343929393726e-8"
"1.020082950592041","4.1114343929393726e-8"
"19.755769729614258","4.1114343929393726e-8"
"7.672215461730957","4.1114343929393726e-8"
"14.148845672607422","4.1114343929393726e-8"
"4.546212196350098","4.1114343929393726e-8"
"1.206498146057129","4.1114343929393726e-8"
"0.5146268010139465","4.1114343929393726e-8"
"0.6075640916824341","0.8999999761581421"
"3.264676094055176","4.1114343929393726e-8"
"0.6900923252105713","4.1114343929393726e-8"
"0.40213125944137573","1.100000023841858"
"0.12183859199285507","4.1114343929393726e-8"
"1.23590886592865","4.1114343929393726e-8"
"5.621165752410889","23"
"6.916126728057861","4.1114343929393726e-8"
"14.561309814453125","4.1114343929393726e-8"
"4.269839763641357","4.1114343929393726e-8"
"0.6391575932502747","4.1114343929393726e-8"
"0.5343227386474609","4.1114343929393726e-8"
"0.46408146619796753","4.1114343929393726e-8"
"1.1269996166229248","4.1114343929393726e-8"
"0.13726365566253662","4.1114343929393726e-8"
"0.041193243116140366","4.1114343929393726e-8"
"0.182291179895401","4.1114343929393726e-8"
"0.10036199539899826","4.1114343929393726e-8"
"14.358113288879395","4.1114343929393726e-8"
"7.5928168296813965","4.1114343929393726e-8"
"15.867986679077148","4.1114343929393726e-8"
"2.917607545852661","4.1114343929393726e-8"
"0.18228405714035034","4.1114343929393726e-8"
"0.5840281248092651","4.1114343929393726e-8"
"0.5740256309509277","4.1114343929393726e-8"
"1.28145432472229","4.1114343929393726e-8"
"0.32705262303352356","4.1114343929393726e-8"
"0.020123165100812912","4.1114343929393726e-8"
"0.374461829662323","4.1114343929393726e-8"
"0.38444629311561584","11"
"16.644826889038086","23.100000381469727"
"14.3046293258667","4.1114343929393726e-8"
"23.61545753479004","20.999996185302734"
"6.525027751922607","4.1114343929393726e-8"
"3.437016248703003","4.1114343929393726e-8"
"2.9162542819976807","4.1114343929393726e-8"
"2.0112547874450684","4.1114343929393726e-8"
"4.094916820526123","4.1114343929393726e-8"
"2.300035238265991","4.1114343929393726e-8"
"0.9052581191062927","4.1114343929393726e-8"
"2.601943016052246","4.1114343929393726e-8"
"1.026014804840088","11.399998664855957"
"17.148090362548828","4.1114343929393726e-8"
"10.219820976257324","4.1114343929393726e-8"
"24.661890029907227","4.1114343929393726e-8"
"5.202626705169678","8.199999809265137"
"4.1523213386535645","4.1114343929393726e-8"
"1.3046481609344482","4.1114343929393726e-8"
"0.576987624168396","4.1114343929393726e-8"
"4.671441555023193","4.1114343929393726e-8"
"3.0661184787750244","4.1114343929393726e-8"
"0.8175859451293945","4.1114343929393726e-8"
"1.9360285997390747","1.899999976158142"
"2.259945869445801","4.1114343929393726e-8"
"15.230175018310547","4.1114343929393726e-8"
"24.09000587463379","4.1114343929393726e-8"
"34.611778259277344","23.799997329711914"
"7.149170398712158","4.1114343929393726e-8"
"7.928552627563477","4.199999809265137"
"2.1411614418029785","4.1114343929393726e-8"
"1.3664580583572388","4.1114343929393726e-8"
"3.131239891052246","4.1114343929393726e-8"
"3.3477401733398438","4.1114343929393726e-8"
"0.6950702667236328","4.1114343929393726e-8"
"1.8286972045898438","4.1114343929393726e-8"
"1.0312138795852661","4.1114343929393726e-8"
"25.998836517333984","4.1114343929393726e-8"
"23.847267150878906","4.1114343929393726e-8"
"33.29949188232422","3"
"7.634151935577393","4.1114343929393726e-8"
"3.4907917976379395","4.1114343929393726e-8"
"0.7673154473304749","13.40000057220459"
"0.8368841409683228","4.1114343929393726e-8"
"1.4724866151809692","4.1114343929393726e-8"
"2.81992244720459","32.19999313354492"
"0.3212559223175049","4.1114343929393726e-8"
"3.6087684631347656","4.1114343929393726e-8"
"1.8034515380859375","4.1114343929393726e-8"
"13.608968734741211","4.1114343929393726e-8"
"8.815771102905273","4.1114343929393726e-8"
"22.659286499023438","4.1114343929393726e-8"
"4.294765472412109","4.1114343929393726e-8"
"5.62477970123291","4.1114343929393726e-8"
"1.5676466226577759","4.1114343929393726e-8"
"1.116682767868042","4.1114343929393726e-8"
"5.408549785614014","4.1114343929393726e-8"
"1.2568411827087402","4.1114343929393726e-8"
"1.04182767868042","4.1114343929393726e-8"
"4.144412994384766","4.1114343929393726e-8"
"1.7228673696517944","4.1114343929393726e-8"
"22.81279945373535","4.1114343929393726e-8"
"14.056163787841797","4.1114343929393726e-8"
"24.628746032714844","4.1114343929393726e-8"
"6.2298078536987305","4.1114343929393726e-8"
"3.033456802368164","4.1114343929393726e-8"
"3.1137444972991943","4.1114343929393726e-8"
"1.6145169734954834","4.1114343929393726e-8"
"3.6100118160247803","4.1114343929393726e-8"
"2.841376543045044","4.1114343929393726e-8"
"1.1865952014923096","4.1114343929393726e-8"
"2.2026357650756836","18.699996948242188"
"0.9248329997062683","3.0999996662139893"
"18.849380493164062","4.1114343929393726e-8"
"10.093019485473633","4.1114343929393726e-8"
"18.566421508789062","0.7000000476837158"
"2.996856451034546","3.5999999046325684"
"3.774871826171875","0.800000011920929"
"1.0209745168685913","0.10000001639127731"
"0.8473841547966003","26.80000114440918"
"1.6470836400985718","14.000000953674316"
"0.5029565095901489","1.600000023841858"
"0.013329990208148956","20.999996185302734"
"1.3047207593917847","54.79999542236328"
"0.7232251167297363","3.1999998092651367"
"10.22422981262207","0.10000001639127731"
"6.006139755249023","4.1114343929393726e-8"
"15.349807739257812","4.1114343929393726e-8"
"2.7677512168884277","9.099998474121094"
"1.3895869255065918","4.1114343929393726e-8"
"0.7300043106079102","5.100000381469727"
"1.064611792564392","44.399993896484375"
"1.7972583770751953","4.1114343929393726e-8"
"1.6483442783355713","14.499999046325684"
"0.5455942749977112","28.89999771118164"
"3.117365837097168","49.29999542236328"
"1.1555513143539429","2"
"4.02592658996582","4.800000190734863"
"3.3585944175720215","26.80000114440918"
"8.98379898071289","20.999996185302734"
"1.1259493827819824","19.899999618530273"
"0.7404932975769043","0.7000000476837158"
"0.5819934606552124","42.499996185302734"
"0.20108571648597717","24.29999542236328"
"1.2423787117004395","56.79999542236328"
"0.28724297881126404","48.79998779296875"
"0.26197195053100586","81.70001220703125"
"4.131011962890625","60.900001525878906"
"3.4182114601135254","53.699989318847656"
"23.698347091674805","51.69999313354492"
"42.45366287231445","28.30000114440918"
"41.55392074584961","39.19999694824219"
"9.575525283813477","91.39999389648438"
"10.699239730834961","72.00001525878906"
"4.350910186767578","52.399993896484375"
"3.5171279907226562","16.999996185302734"
"11.537057876586914","5.900000095367432"
"10.525678634643555","46.399993896484375"
"3.733603000640869","1"
"10.259101867675781","4.1114343929393726e-8"
"4.38913631439209","0.800000011920929"
"27.875761032104492","4.1114343929393726e-8"
"17.86155891418457","6.90000057220459"
"43.88731002807617","4.1114343929393726e-8"
"26.56011199951172","1.899999976158142"
"13.668460845947266","7.90000057220459"
"4.216091632843018","11.399998664855957"
"6.698809623718262","6.69999885559082"
"5.236372470855713","14.799997329711914"
"4.69680118560791","5.100000381469727"
"2.5572586059570312","14.000000953674316"
"9.245321273803711","70.60001373291016"
"4.046549320220947","4.1114343929393726e-8"
"25.170778274536133","4.1114343929393726e-8"
"23.5809383392334","4.1114343929393726e-8"
"34.77607345581055","4.1114343929393726e-8"
"15.549473762512207","4.1114343929393726e-8"
"11.19521713256836","4.1114343929393726e-8"
"10.905303955078125","4.1114343929393726e-8"
"4.938647270202637","4.1114343929393726e-8"
"8.638357162475586","4.1114343929393726e-8"
"5.873577117919922","4.1114343929393726e-8"
"6.101080894470215","4.1114343929393726e-8"
"8.008258819580078","26.19999885559082"
"3.460054874420166","29.999998092651367"
"33.39811706542969","4.1114343929393726e-8"
"33.47332000732422","25.699996948242188"
"40.0536003112793","4.1114343929393726e-8"
"14.639066696166992","23.700000762939453"
"14.04133129119873","27.199996948242188"
"9.953302383422852","4.1114343929393726e-8"
"2.0943353176116943","4.1114343929393726e-8"
"5.989689826965332","4.1114343929393726e-8"
"14.188352584838867","4.1114343929393726e-8"
"5.227385520935059","4.1114343929393726e-8"
"20.107864379882812","4.1114343929393726e-8"
"1.5810320377349854","44.99999237060547"
"20.77223014831543","4.1114343929393726e-8"
"33.520042419433594","4.1114343929393726e-8"
"39.285179138183594","13.100001335144043"
"17.479516983032227","42.599998474121094"
"8.615443229675293","33.999996185302734"
"3.4212112426757812","11.999999046325684"
"3.9569268226623535","1.1999999284744263"
"3.006328821182251","7.300000190734863"
"7.091592311859131","12.500000953674316"
"3.8200011253356934","8.09999942779541"
"13.228228569030762","42.199989318847656"
"1.87418794631958","4.1114343929393726e-8"
"19.56012725830078","1.2999999523162842"
"32.53987121582031","4.1114343929393726e-8"
"36.4315071105957","3"
"18.07973861694336","4.099999904632568"
"12.27439022064209","1.1999999284744263"
"5.821709632873535","4.1114343929393726e-8"
"5.423929691314697","4.1114343929393726e-8"
"3.2540969848632812","4.1114343929393726e-8"
"8.059746742248535","12.59999942779541"
"7.361464977264404","4.1114343929393726e-8"
"12.565032005310059","4.1114343929393726e-8"
"2.4157745838165283","4.1114343929393726e-8"
"12.521060943603516","18.59999656677246"
"12.405914306640625","34.099998474121094"
"19.32618522644043","6.69999885559082"
"18.758153915405273","4.1114343929393726e-8"
"9.034164428710938","1.1999999284744263"
"3.1433756351470947","4.1114343929393726e-8"
"1.9115245342254639","4.1114343929393726e-8"
"3.078059196472168","4.1114343929393726e-8"
"6.89653205871582","4.1114343929393726e-8"
"2.993452310562134","4.1114343929393726e-8"
"8.21215534210205","4.1114343929393726e-8"
"2.2059669494628906","4.1114343929393726e-8"
"11.833757400512695","22"
"14.159269332885742","27.89999771118164"
"31.461139678955078","12.100000381469727"
"23.76984977722168","16.499998092651367"
"9.911887168884277","3.6999998092651367"
"3.192232847213745","9.399998664855957"
"2.0604398250579834","4.1114343929393726e-8"
"2.3679704666137695","4.1114343929393726e-8"
"4.914645195007324","4.1114343929393726e-8"
"3.099026679992676","4.1114343929393726e-8"
"3.2718677520751953","4.1114343929393726e-8"
"1.9443680047988892","4.1114343929393726e-8"
"16.918167114257812","6.69999885559082"
"17.784168243408203","16.899999618530273"
"25.088151931762695","4.1114343929393726e-8"
"17.333980560302734","4.1114343929393726e-8"
"5.532700061798096","31.69999885559082"
"3.1258955001831055","4.1114343929393726e-8"
"6.072385787963867","4.1114343929393726e-8"
"2.0414981842041016","4.1114343929393726e-8"
"2.184134006500244","1.100000023841858"
"1.2768468856811523","4.1114343929393726e-8"
"3.0169765949249268","4.1114343929393726e-8"
"3.2575154304504395","4.199999809265137"
"15.83343505859375","4.1114343929393726e-8"
"13.81795883178711","4.1114343929393726e-8"
"24.637441635131836","4.1114343929393726e-8"
"10.795806884765625","4.1114343929393726e-8"
"6.72907829284668","4.1114343929393726e-8"
"4.185319900512695","0.4000000059604645"
"2.2558443546295166","4.1114343929393726e-8"
"4.673072814941406","4.1114343929393726e-8"
"2.6426446437835693","4.1114343929393726e-8"
"1.5540775060653687","4.1114343929393726e-8"
"3.635925769805908","4.1114343929393726e-8"
"2.9405088424682617","62.69998550415039"
"22.606901168823242","35.4999885559082"
"33.06689453125","31.89999771118164"
"40.42877197265625","36.59999465942383"
"8.915212631225586","67.19999694824219"
"8.31369686126709","34.399993896484375"
"7.752095699310303","44.89999008178711"
"1.214348316192627","38.89999008178711"
"7.211731910705566","32.19999313354492"
"6.7507405281066895","35.30000305175781"
"2.8612804412841797","34.69999313354492"
"2.2012808322906494","14.699999809265137"
"2.517320156097412","4.1114343929393726e-8"
"23.90174102783203","4.1114343929393726e-8"
"26.647729873657227","4.1114343929393726e-8"
"39.956600189208984","4.1114343929393726e-8"
"11.520318984985352","4.1114343929393726e-8"
"13.170929908752441","4.1114343929393726e-8"
"3.1353511810302734","4.1114343929393726e-8"
"1.1191864013671875","4.1114343929393726e-8"
"3.743046283721924","4.1114343929393726e-8"
"1.9928100109100342","4.1114343929393726e-8"
"0.9860941767692566","4.1114343929393726e-8"
"2.5769543647766113","4.1114343929393726e-8"
"3.401555061340332","33.59999465942383"
"24.163738250732422","4.1114343929393726e-8"
"33.165401458740234","4.1114343929393726e-8"
"42.24618911743164","4.1114343929393726e-8"
"12.532719612121582","34.69999313354492"
"15.66122055053711","4.1114343929393726e-8"
"9.438602447509766","4.1114343929393726e-8"
"2.1980772018432617","4.1114343929393726e-8"
"6.615316867828369","4.1114343929393726e-8"
"7.836607933044434","4.1114343929393726e-8"
"2.6847898960113525","4.1114343929393726e-8"
"4.157164096832275","4.1114343929393726e-8"
"3.1922502517700195","4.1114343929393726e-8"
"27.309085845947266","4.1114343929393726e-8"
"29.748767852783203","4.1114343929393726e-8"
"34.7738037109375","4.1114343929393726e-8"
"11.802194595336914","4.1114343929393726e-8"
"12.982614517211914","4.1114343929393726e-8"
"5.7199177742004395","4.1114343929393726e-8"
"0.3721313178539276","4.1114343929393726e-8"
"8.93935489654541","4.1114343929393726e-8"
"6.9674072265625","4.1114343929393726e-8"
"2.0139946937561035","4.1114343929393726e-8"
"2.856332302093506","4.1114343929393726e-8"
"1.2231104373931885","2"
"22.727615356445312","8"
"19.4766845703125","5.100000381469727"
"37.04886245727539","36.099998474121094"
"5.78631067276001","3.6999998092651367"
"8.026236534118652","0.19999997317790985"
"1.8232243061065674","0.800000011920929"
"1.6370840072631836","4.1114343929393726e-8"
"5.7205095291137695","18.09999656677246"
"4.221403121948242","16.099998474121094"
"1.0934702157974243","15"
"4.472577095031738","11"
"0.6241806745529175","1.399999976158142"
"12.785222053527832","0.4000000059604645"
"5.514657974243164","5"
"21.445201873779297","24.99999237060547"
"4.60945987701416","4.1114343929393726e-8"
"1.3552813529968262","16.999996185302734"
"0.8148650527000427","4.1114343929393726e-8"
"1.4508030414581299","4.1114343929393726e-8"
"2.0845088958740234","4.1114343929393726e-8"
"2.2527127265930176","4.1114343929393726e-8"
"0.17269021272659302","0.10000001639127731"
"3.576176166534424","4.1114343929393726e-8"
"1.7870750427246094","5.999999523162842"
"15.330387115478516","23.100000381469727"
"6.678126811981201","18"
"12.216861724853516","22"
"5.7026777267456055","4.1114343929393726e-8"
"3.1266608238220215","4.1114343929393726e-8"
"0.8350566029548645","3"
"3.1532089710235596","4.1114343929393726e-8"
"3.85152530670166","2"
"2.3093764781951904","15.999996185302734"
"2.6501307487487793","4.1114343929393726e-8"
"7.849124908447266","4.1114343929393726e-8"
"1.8171660900115967","4.1114343929393726e-8"
"9.529014587402344","3"
"7.917126178741455","4.1114343929393726e-8"
"14.275561332702637","4.1114343929393726e-8"
"6.336785793304443","4.1114343929393726e-8"
"1.865100383758545","4.1114343929393726e-8"
"1.579925537109375","12.999998092651367"
"2.1836910247802734","4.1114343929393726e-8"
"1.8189425468444824","4.1114343929393726e-8"
"1.2879059314727783","4.1114343929393726e-8"
"1.7213730812072754","4.1114343929393726e-8"
"4.773792266845703","2"
"0.7513240575790405","4.1114343929393726e-8"
"11.92187786102295","4.1114343929393726e-8"
"10.51058578491211","4.1114343929393726e-8"
"15.372346878051758","4.1114343929393726e-8"
"6.741159439086914","0.5"
"0.6625279188156128","4.1114343929393726e-8"
"0.842758297920227","4.1114343929393726e-8"
"2.7042129039764404","4.1114343929393726e-8"
"1.0453567504882812","4.1114343929393726e-8"
"0.31334471702575684","4.1114343929393726e-8"
"0.6440715789794922","4.1114343929393726e-8"
"1.0399935245513916","4.1114343929393726e-8"
"3.0558278560638428","4.1114343929393726e-8"
"14.857828140258789","4.1114343929393726e-8"
"19.663990020751953","4.1114343929393726e-8"
"24.466461181640625","4.1114343929393726e-8"
"9.04008674621582","4.1114343929393726e-8"
"1.3938300609588623","4.1114343929393726e-8"
"2.553619384765625","4.1114343929393726e-8"
"2.7783963680267334","4.1114343929393726e-8"
"2.7111029624938965","0.4000000059604645"
"1.4234035015106201","4.1114343929393726e-8"
"1.1830133199691772","4.1114343929393726e-8"
"1.7468352317810059","2"
"1.4014381170272827","4.1114343929393726e-8"
"13.489738464355469","4.1114343929393726e-8"
"15.667759895324707","4.1114343929393726e-8"
"21.79610824584961","4.1114343929393726e-8"
"3.0797512531280518","4.1114343929393726e-8"
"1.3267180919647217","4.1114343929393726e-8"
"0.39725834131240845","1"
"0.17676034569740295","4.1114343929393726e-8"
"1.8618144989013672","4.1114343929393726e-8"
"0.6820790767669678","4.1114343929393726e-8"
"0.2838784456253052","4.1114343929393726e-8"
"3.3599023818969727","7"
"0.9538415670394897","4.1114343929393726e-8"
"13.283037185668945","0.5"
"21.065954208374023","4.1114343929393726e-8"
"27.655031204223633","1"
"3.8600268363952637","4.1114343929393726e-8"
"1.575840711593628","4.1114343929393726e-8"
"1.017655372619629","9"
"1.963781714439392","4.1114343929393726e-8"
"3.5793397426605225","4.1114343929393726e-8"
"1.7247291803359985","4.1114343929393726e-8"
"1.307654857635498","2"
"4.672310829162598","7"
"0.8245337009429932","4.1114343929393726e-8"
"6.439234733581543","42.000003814697266"
"14.041851043701172","5"
"23.883495330810547","0.10000001639127731"
"7.117390155792236","4.1114343929393726e-8"
"0.8531515598297119","8"
"0.8010895252227783","4.1114343929393726e-8"
"2.933851718902588","20.999996185302734"
"2.0531296730041504","5"
"0.9166761636734009","4.1114343929393726e-8"
"0.33915939927101135","14.000000953674316"
"1.9363449811935425","11.999999046325684"
"2.1348283290863037","0.10000001639127731"
"7.865658283233643","18"
"6.4041056632995605","4.1114343929393726e-8"
"11.365693092346191","1.899999976158142"
"4.750290870666504","1.100000023841858"
"1.657301664352417","0.5"
"0.695348858833313","27.099994659423828"
"0.47330528497695923","2"
"4.091168403625488","4.1114343929393726e-8"
"1.0406142473220825","2"
"0.680988073348999","5.999999523162842"
"1.7791457176208496","14.000000953674316"
"1.0664565563201904","7"
"7.8297553062438965","0.5"
"7.5751752853393555","4.1114343929393726e-8"
"18.69478416442871","2"
"1.613181471824646","26.09999656677246"
"0.5262899994850159","4.1114343929393726e-8"
"0.4017574191093445","4"
"0.6471362113952637","7"
"1.8504917621612549","2"
"0.45454373955726624","5"
"0.1791105717420578","0.10000001639127731"
"0.8864474296569824","5.999999523162842"
"0.563767671585083","4.1114343929393726e-8"
"9.587984085083008","5"
"11.430804252624512","2"
"30.051925659179688","48.99999237060547"
"2.6460845470428467","4.1114343929393726e-8"
"0.7695751786231995","4.1114343929393726e-8"
"0.5748519897460938","4.1114343929393726e-8"
"0.31026315689086914","0.4000000059604645"
"1.7861104011535645","4.1114343929393726e-8"
"0.2960888147354126","10.000000953674316"
"0.16835229098796844","3"
"0.9764506220817566","0.800000011920929"
"1.3294968605041504","3.1999998092651367"
"17.866636276245117","18"
"14.335460662841797","5"
"30.427230834960938","24.99999237060547"
"5.810698509216309","5"
"2.6357784271240234","7"
"1.492390513420105","0.30000001192092896"
"1.3600571155548096","1"
"3.283113956451416","4.1114343929393726e-8"
"2.9063210487365723","11.999999046325684"
"1.041452169418335","0.19999997317790985"
"3.4885499477386475","0.5"
"3.259999990463257","4.1114343929393726e-8"
"12.065324783325195","4.1114343929393726e-8"
"5.00529670715332","24.99999237060547"
"21.747140884399414","16.999996185302734"
"2.573078155517578","1"
"2.5455703735351562","4.1114343929393726e-8"
"0.8888022303581238","4.1114343929393726e-8"
"0.20956386625766754","16.999996185302734"
"3.6943840980529785","4.1114343929393726e-8"
"0.8026779890060425","4.1114343929393726e-8"
"0.4875408411026001","5"
"2.902928352355957","4.1114343929393726e-8"
"0.05786995217204094","2"
"9.136736869812012","4.1114343929393726e-8"
"1.8482370376586914","4.1114343929393726e-8"
"5.914261817932129","4.1114343929393726e-8"
"0.4848323464393616","0.7000000476837158"
"0.08947212249040604","4.1114343929393726e-8"
"0.8600856065750122","4.1114343929393726e-8"
"1.193613052368164","4.1114343929393726e-8"
"0.5197136402130127","4.1114343929393726e-8"
"1.5907113552093506","4.1114343929393726e-8"
"1.6950714588165283","2"
"2.0533676147460938","1"
"0.4181896448135376","4.1114343929393726e-8"
"1.646682620048523","4.1114343929393726e-8"
"0.20453329384326935","7"
"3.735747814178467","97.00001525878906"
"5.735442161560059","4.1114343929393726e-8"
"1.510223627090454","4.1114343929393726e-8"
"0.7938522100448608","4.1114343929393726e-8"
"3.172170877456665","4.1114343929393726e-8"
"0.18154563009738922","4.1114343929393726e-8"
"1.8654975891113281","4.1114343929393726e-8"
"0.11085693538188934","4.1114343929393726e-8"
"1.1949050426483154","4.1114343929393726e-8"
"1.0085023641586304","4.1114343929393726e-8"
"0.9752593636512756","11"
"4.463203430175781","14.000000953674316"
"12.348706245422363","36.29999923706055"
"3.8011577129364014","8"
"1.3375502824783325","0.7000000476837158"
"1.0479743480682373","4.1114343929393726e-8"
"2.6593360900878906","4.1114343929393726e-8"
"0.7694059014320374","4.1114343929393726e-8"
"1.11790931224823","47.99998474121094"
"1.0053719282150269","4.1114343929393726e-8"
"4.841371059417725","4.1114343929393726e-8"
"1.9527697563171387","4.1114343929393726e-8"
"8.6589937210083","4"
"14.000916481018066","14.000000953674316"
"15.79037857055664","11.999999046325684"
"6.877535820007324","1"
"2.5054421424865723","0.4000000059604645"
"1.7115554809570312","4.1114343929393726e-8"
"2.8355419635772705","4.1114343929393726e-8"
"0.8052815198898315","4.1114343929393726e-8"
"0.33245712518692017","4.1114343929393726e-8"
"1.785359263420105","4.1114343929393726e-8"
"6.528442859649658","4.1114343929393726e-8"
"1.1614673137664795","4.1114343929393726e-8"
"6.431893825531006","4.1114343929393726e-8"
"17.8802433013916","1"
"26.399551391601562","4.1114343929393726e-8"
"8.966865539550781","4.1114343929393726e-8"
"3.1279242038726807","4.1114343929393726e-8"
"1.529179573059082","4.1114343929393726e-8"
"4.361623287200928","4.1114343929393726e-8"
"0.2568725049495697","4.1114343929393726e-8"
"0.6186543703079224","4.1114343929393726e-8"
"1.4694149494171143","4.1114343929393726e-8"
"8.385404586791992","4"
"2.1973323822021484","4.1114343929393726e-8"
"10.684430122375488","4.1114343929393726e-8"
"22.40793228149414","3"
"22.677783966064453","4.1114343929393726e-8"
"10.548704147338867","4.1114343929393726e-8"
"5.973397254943848","4.1114343929393726e-8"
"8.431703567504883","4.1114343929393726e-8"
"10.155635833740234","4.1114343929393726e-8"
"1.8756139278411865","4.1114343929393726e-8"
"4.645930767059326","4.1114343929393726e-8"
"5.778110027313232","4.1114343929393726e-8"
"8.653519630432129","4.1114343929393726e-8"
"1.8242627382278442","10.099998474121094"
"12.630327224731445","16.999996185302734"
"20.02885627746582","0.4000000059604645"
"19.71133041381836","7.1999993324279785"
"12.331741333007812","18"
"3.1131536960601807","4.1114343929393726e-8"
"2.3655550479888916","0.19999997317790985"
"1.1206607818603516","7"
"3.504098415374756","0.19999997317790985"
"4.5821709632873535","4.1114343929393726e-8"
"1.7857394218444824","0.30000001192092896"
"1.6340583562850952","4.1114343929393726e-8"
"2.5988972187042236","13.499999046325684"
"13.044578552246094","48.99999237060547"
"21.487869262695312","11.69999885559082"
"33.704158782958984","52.20000076293945"
"21.270259857177734","34.99999237060547"
"5.252058029174805","22"
"2.2091033458709717","4"
"0.9998854398727417","8"
"1.748020887374878","1.8000000715255737"
"0.94440096616745","1"
"1.259635329246521","2.6999998092651367"
"0.13569705188274384","4.1114343929393726e-8"
"1.3434621095657349","7.40000057220459"
"8.59078311920166","4.1114343929393726e-8"
"11.800985336303711","27.89999771118164"
"22.464725494384766","20.999996185302734"
"7.5738420486450195","15"
"1.212159514427185","17.799997329711914"
"3.037689685821533","2"
"2.6469056606292725","10.000000953674316"
"1.0643707513809204","0.5"
"0.5125574469566345","12.999998092651367"
"0.5438675284385681","2"
"1.4275743961334229","1"
"0.2166765332221985","42.000003814697266"
"8.633576393127441","6.500000476837158"
"9.707145690917969","22"
"15.97713565826416","37"
"3.664705276489258","11.999999046325684"
"2.455446243286133","9.199999809265137"
"1.3299156427383423","5"
"1.6208422183990479","38.99999237060547"
"5.549043655395508","29.999998092651367"
"1.3956363201141357","5"
"1.7123318910598755","11.499998092651367"
"1.4495201110839844","1.1999999284744263"
"1.1160807609558105","27.999990463256836"
"13.174812316894531","11"
"12.35623550415039","3"
"32.210323333740234","10.000000953674316"
"5.907313823699951","23"
"8.030080795288086","14.000000953674316"
"5.480623722076416","14.000000953674316"
"1.0294970273971558","19.999996185302734"
"3.1678695678710938","18"
"3.6586029529571533","10.000000953674316"
"1.7714381217956543","24.5"
"4.890838623046875","5.799999713897705"
"0.8207150101661682","10.000000953674316"
"19.201234817504883","29.999998092651367"
"15.334359169006348","7"
"28.53151512145996","9"
"10.524840354919434","8"
"10.659137725830078","11.600000381469727"
"2.2170798778533936","19.999996185302734"
"1.0174793004989624","29.999998092651367"
"2.317279815673828","12.999998092651367"
"3.841701030731201","5.999999523162842"
"0.9874901175498962","7"
"8.562518119812012","3"
"0.9390280842781067","42.99999237060547"
"13.52384090423584","11.999999046325684"
"14.856925010681152","15.999996185302734"
"23.29844856262207","27.999990463256836"
"8.061443328857422","42.99999237060547"
"13.18277359008789","71.40001678466797"
"2.415404796600342","34.99999237060547"
"1.715837836265564","16.699996948242188"
"2.4657819271087646","50.999996185302734"
"5.070489883422852","15"
"1.9188101291656494","46.99999237060547"
"9.076987266540527","24.99999237060547"
"1.9357562065124512","33.999996185302734"
"10.608846664428711","8"
"14.518013954162598","0.6000000238418579"
"17.168319702148438","929"
"10.944040298461914","8"
"7.11460542678833","31.9999942779541"
"1.2791417837142944","38.99999237060547"
"0.6844033598899841","30.399999618530273"
"1.6200079917907715","34.099998474121094"
"2.0907058715820312","22"
"0.8875709772109985","65.99998474121094"
"3.6738014221191406","18"
"1.231751561164856","4.1114343929393726e-8"
"14.507898330688477","23"
"9.579543113708496","4.1114343929393726e-8"
"13.141303062438965","4.1114343929393726e-8"
"4.774624824523926","4.1114343929393726e-8"
"1.5863919258117676","4.1114343929393726e-8"
"0.6069036722183228","4.1114343929393726e-8"
"0.24305450916290283","4.1114343929393726e-8"
"3.1535584926605225","4.1114343929393726e-8"
"0.6542806029319763","4.1114343929393726e-8"
"0","4.1114343929393726e-8"
"0.035134218633174896","4.1114343929393726e-8"
"0.6538611650466919","4.1114343929393726e-8"
"21.236644744873047","4.1114343929393726e-8"
"17.860177993774414","4.1114343929393726e-8"
"20.466876983642578","4.1114343929393726e-8"
"6.149543762207031","4.1114343929393726e-8"
"0.9490267634391785","4.1114343929393726e-8"
"1.029213547706604","4.1114343929393726e-8"
"2.528764247894287","4.1114343929393726e-8"
"2.198622703552246","4.1114343929393726e-8"
"0","4.1114343929393726e-8"
"0.015597855672240257","4.1114343929393726e-8"
"2.3730039596557617","4.1114343929393726e-8"
"1.3338277339935303","11"
"14.65361499786377","23.100000381469727"
"20.640716552734375","4.1114343929393726e-8"
"22.28049087524414","20.999996185302734"
"7.678284168243408","4.1114343929393726e-8"
"3.666923999786377","4.1114343929393726e-8"
"2.103942394256592","4.1114343929393726e-8"
"1.621067762374878","4.1114343929393726e-8"
"9.496186256408691","4.1114343929393726e-8"
"1.5598986148834229","4.1114343929393726e-8"
"1.2051308155059814","4.1114343929393726e-8"
"3.6889355182647705","4.1114343929393726e-8"
"1.6219987869262695","11.399998664855957"
"23.41520118713379","4.1114343929393726e-8"
"21.69585609436035","4.1114343929393726e-8"
"27.53243637084961","4.1114343929393726e-8"
"4.718204498291016","8.199999809265137"
"5.325213432312012","4.1114343929393726e-8"
"1.5632359981536865","4.1114343929393726e-8"
"1.0801639556884766","4.1114343929393726e-8"
"3.6409502029418945","4.1114343929393726e-8"
"4.091620922088623","4.1114343929393726e-8"
"0.5361052751541138","4.1114343929393726e-8"
"4.115204811096191","1.899999976158142"
"1.2165496349334717","4.1114343929393726e-8"
"14.805724143981934","4.1114343929393726e-8"
"17.717472076416016","4.1114343929393726e-8"
"38.3480224609375","23.799997329711914"
"3.1841721534729004","4.1114343929393726e-8"
"5.406494140625","4.199999809265137"
"0.8847747445106506","4.1114343929393726e-8"
"1.4058847427368164","4.1114343929393726e-8"
"2.281895399093628","4.1114343929393726e-8"
"2.5273044109344482","4.1114343929393726e-8"
"0.43447571992874146","4.1114343929393726e-8"
"3.2810165882110596","4.1114343929393726e-8"
"2.007596731185913","4.1114343929393726e-8"
"15.426726341247559","4.1114343929393726e-8"
"21.503787994384766","4.1114343929393726e-8"
"37.72968673706055","3"
"7.117260456085205","4.1114343929393726e-8"
"4.7732110023498535","4.1114343929393726e-8"
"3.3795924186706543","13.40000057220459"
"3.6745476722717285","4.1114343929393726e-8"
"6.932173728942871","4.1114343929393726e-8"
"3.7019965648651123","32.19999313354492"
"3.075291872024536","4.1114343929393726e-8"
"4.042314052581787","4.1114343929393726e-8"
"3.3155903816223145","4.1114343929393726e-8"
"15.220074653625488","4.1114343929393726e-8"
"11.506401062011719","4.1114343929393726e-8"
"21.868043899536133","4.1114343929393726e-8"
"10.187275886535645","4.1114343929393726e-8"
"4.794425010681152","4.1114343929393726e-8"
"2.0920443534851074","4.1114343929393726e-8"
"0.52875816822052","4.1114343929393726e-8"
"2.7630345821380615","4.1114343929393726e-8"
"1.4130735397338867","4.1114343929393726e-8"
"1.1798604726791382","4.1114343929393726e-8"
"4.074134826660156","4.1114343929393726e-8"
"1.3895823955535889","4.1114343929393726e-8"
"18.62560272216797","4.1114343929393726e-8"
"19.209728240966797","4.1114343929393726e-8"
"26.080148696899414","4.1114343929393726e-8"
"8.414597511291504","4.1114343929393726e-8"
"4.206868648529053","4.1114343929393726e-8"
"2.434666156768799","4.1114343929393726e-8"
"2.733246088027954","4.1114343929393726e-8"
"3.450793981552124","4.1114343929393726e-8"
"2.6546971797943115","4.1114343929393726e-8"
"1.7502503395080566","4.1114343929393726e-8"
"8.327409744262695","18.699996948242188"
"1.1828960180282593","3.0999996662139893"
"25.993030548095703","4.1114343929393726e-8"
"30.275314331054688","4.1114343929393726e-8"
"33.93990707397461","0.7000000476837158"
"9.325786590576172","3.5999999046325684"
"3.314077615737915","0.800000011920929"
"4.426120758056641","0.10000001639127731"
"4.528504848480225","26.80000114440918"
"4.505259990692139","14.000000953674316"
"3.4575061798095703","1.600000023841858"
"2.6229476928710938","20.999996185302734"
"4.709983825683594","54.79999542236328"
"5.314845085144043","3.1999998092651367"
"17.487342834472656","0.10000001639127731"
"17.65524673461914","4.1114343929393726e-8"
"22.4656982421875","4.1114343929393726e-8"
"5.582709789276123","9.099998474121094"
"7.4921770095825195","4.1114343929393726e-8"
"6.494078636169434","5.100000381469727"
"2.0018112659454346","44.399993896484375"
"8.689980506896973","4.1114343929393726e-8"
"3.509669303894043","14.499999046325684"
"1.5739353895187378","28.89999771118164"
"7.502047061920166","49.29999542236328"
"1.3439772129058838","2"
"21.712533950805664","4.800000190734863"
"27.55743980407715","26.80000114440918"
"40.06647491455078","20.999996185302734"
"6.500599384307861","19.899999618530273"
"7.111522197723389","0.7000000476837158"
"4.991809844970703","42.499996185302734"
"1.5637582540512085","24.29999542236328"
"3.303870439529419","56.79999542236328"
"5.795648574829102","48.79998779296875"
"1.8302315473556519","81.70001220703125"
"6.090714454650879","60.900001525878906"
"0.8995926380157471","22.899999618530273"
"12.269542694091797","29.199993133544922"
"17.32526397705078","14.799997329711914"
"34.04180145263672","34.499996185302734"
"4.044653415679932","36.399993896484375"
"5.513767719268799","8.899998664855957"
"1.057897686958313","19.299999237060547"
"1.078549861907959","30.199996948242188"
"1.7766697406768799","8.899998664855957"
"1.839586615562439","3"
"0.564473032951355","58.299991607666016"
"4.865884304046631","6.500000476837158"
"1.518108606338501","9.299999237060547"
"15.6782865524292","24.599998474121094"
"10.29736614227295","25.200000762939453"
"22.34947395324707","17.499998092651367"
"8.388379096984863","9.899999618530273"
"5.617471218109131","153.1999969482422"
"3.8623673915863037","64.20001983642578"
"2.5868682861328125","36.69999313354492"
"4.219385147094727","37.39999008178711"
"3.020463705062866","22.299997329711914"
"1.8177911043167114","38.799991607666016"
"10.936158180236816","20.699993133544922"
"3.5949764251708984","6.59999942779541"
"13.739005088806152","2.499999761581421"
"9.565807342529297","7.40000057220459"
"18.504215240478516","47.099998474121094"
"13.727655410766602","2.799999713897705"
"5.715285301208496","8.80000114440918"
"2.8399157524108887","0.10000001639127731"
"1.4295868873596191","4.1114343929393726e-8"
"3.659820556640625","4.1114343929393726e-8"
"1.149450421333313","4.1114343929393726e-8"
"1.5149691104888916","4.1114343929393726e-8"
"7.020241737365723","4.1114343929393726e-8"
"0.6551897525787354","29.999998092651367"
"18.133834838867188","4.1114343929393726e-8"
"26.265869140625","25.699996948242188"
"20.6494140625","4.1114343929393726e-8"
"11.148210525512695","23.700000762939453"
"4.757602691650391","27.199996948242188"
"8.361047744750977","4.1114343929393726e-8"
"2.1195805072784424","4.1114343929393726e-8"
"2.74078369140625","4.1114343929393726e-8"
"4.9468536376953125","4.1114343929393726e-8"
"3.161200761795044","4.1114343929393726e-8"
"18.395437240600586","4.1114343929393726e-8"
"1.2199571132659912","44.99999237060547"
"16.074935913085938","4.1114343929393726e-8"
"26.781978607177734","4.1114343929393726e-8"
"25.585309982299805","13.100001335144043"
"4.94687557220459","42.599998474121094"
"9.559431076049805","33.999996185302734"
"5.148580551147461","11.999999046325684"
"9.002124786376953","1.1999999284744263"
"4.364381313323975","7.300000190734863"
"10.068403244018555","12.500000953674316"
"2.2420573234558105","8.09999942779541"
"3.4680216312408447","42.199989318847656"
"1.6689847707748413","4.1114343929393726e-8"
"7.866148471832275","1.2999999523162842"
"4.2934064865112305","4.1114343929393726e-8"
"20.429067611694336","3"
"5.767819881439209","4.099999904632568"
"3.3663456439971924","1.1999999284744263"
"1.34995436668396","4.1114343929393726e-8"
"1.3955222368240356","4.1114343929393726e-8"
"2.143677234649658","4.1114343929393726e-8"
"1.6354328393936157","12.59999942779541"
"1.1252784729003906","4.1114343929393726e-8"
"0.6322733163833618","4.1114343929393726e-8"
"1.0364114046096802","4.1114343929393726e-8"
"6.702776908874512","18.59999656677246"
"2.804173231124878","34.099998474121094"
"18.82567596435547","6.69999885559082"
"6.675487518310547","4.1114343929393726e-8"
"1.146662950515747","1.1999999284744263"
"1.4460937976837158","4.1114343929393726e-8"
"1.2613917589187622","4.1114343929393726e-8"
"1.356119990348816","4.1114343929393726e-8"
"1.7911953926086426","4.1114343929393726e-8"
"0.8811647295951843","4.1114343929393726e-8"
"0.44728925824165344","4.1114343929393726e-8"
"0.7161169648170471","4.1114343929393726e-8"
"8.306015014648438","22"
"7.025356292724609","27.89999771118164"
"22.872703552246094","12.100000381469727"
"3.4824841022491455","16.499998092651367"
"1.272857904434204","3.6999998092651367"
"1.6444989442825317","9.399998664855957"
"0.8932133316993713","4.1114343929393726e-8"
"1.2271934747695923","4.1114343929393726e-8"
"0.3835747241973877","4.1114343929393726e-8"
"0.36076846718788147","4.1114343929393726e-8"
"0.47621819376945496","4.1114343929393726e-8"
"1.0600777864456177","4.1114343929393726e-8"
"16.730554580688477","6.69999885559082"
"17.645597457885742","16.899999618530273"
"36.147430419921875","4.1114343929393726e-8"
"7.0631890296936035","4.1114343929393726e-8"
"4.809247970581055","31.69999885559082"
"5.881458282470703","4.1114343929393726e-8"
"2.062626361846924","4.1114343929393726e-8"
"6.138557434082031","4.1114343929393726e-8"
"2.9120659828186035","1.100000023841858"
"1.9004729986190796","4.1114343929393726e-8"
"1.6602213382720947","4.1114343929393726e-8"
"3.042006254196167","4.199999809265137"
"15.321563720703125","4.1114343929393726e-8"
"17.490812301635742","4.1114343929393726e-8"
"25.23992156982422","4.1114343929393726e-8"
"7.512988090515137","4.1114343929393726e-8"
"5.679014682769775","4.1114343929393726e-8"
"2.8064985275268555","0.4000000059604645"
"0.7808957695960999","4.1114343929393726e-8"
"3.9755501747131348","4.1114343929393726e-8"
"1.738691806793213","4.1114343929393726e-8"
"1.5173826217651367","4.1114343929393726e-8"
"1.2663449048995972","4.1114343929393726e-8"
"2.720238208770752","62.69998550415039"
"21.784461975097656","35.4999885559082"
"29.340839385986328","31.89999771118164"
"42.09279251098633","36.59999465942383"
"11.696931838989258","67.19999694824219"
"14.12950325012207","34.399993896484375"
"6.190765380859375","44.89999008178711"
"2.0051281452178955","38.89999008178711"
"5.340682506561279","32.19999313354492"
"12.32957649230957","35.30000305175781"
"3.6028435230255127","34.69999313354492"
"3.3748881816864014","14.699999809265137"
"1.4963842630386353","4.1114343929393726e-8"
"23.26593017578125","4.1114343929393726e-8"
"29.696453094482422","4.1114343929393726e-8"
"39.97152328491211","4.1114343929393726e-8"
"9.543987274169922","4.1114343929393726e-8"
"10.424724578857422","4.1114343929393726e-8"
"5.025330543518066","4.1114343929393726e-8"
"1.717276692390442","4.1114343929393726e-8"
"2.6994147300720215","4.1114343929393726e-8"
"8.205232620239258","4.1114343929393726e-8"
"0.9435072541236877","4.1114343929393726e-8"
"4.153389930725098","4.1114343929393726e-8"
"3.434462308883667","33.59999465942383"
"18.911252975463867","4.1114343929393726e-8"
"15.084033012390137","4.1114343929393726e-8"
"26.776859283447266","4.1114343929393726e-8"
"9.015722274780273","34.69999313354492"
"11.039022445678711","4.1114343929393726e-8"
"3.754938840866089","4.1114343929393726e-8"
"1.1041009426116943","4.1114343929393726e-8"
"10.612472534179688","4.1114343929393726e-8"
"4.046536445617676","4.1114343929393726e-8"
"1.2387475967407227","4.1114343929393726e-8"
"4.230813026428223","4.1114343929393726e-8"
"1.135846495628357","4.1114343929393726e-8"
"18.39909553527832","4.1114343929393726e-8"
"15.198250770568848","4.1114343929393726e-8"
"29.163667678833008","4.1114343929393726e-8"
"7.951497554779053","4.1114343929393726e-8"
"7.306671619415283","4.1114343929393726e-8"
"2.983893871307373","4.1114343929393726e-8"
"0.4003337025642395","4.1114343929393726e-8"
"3.0914154052734375","4.1114343929393726e-8"
"6.393599033355713","4.1114343929393726e-8"
"1.4640008211135864","4.1114343929393726e-8"
"0.686158299446106","4.1114343929393726e-8"
"0.5445805788040161","4.1114343929393726e-8"
"17.352914810180664","4.1114343929393726e-8"
"6.085931777954102","4.1114343929393726e-8"
"22.745141983032227","4.1114343929393726e-8"
"5.407351493835449","4.1114343929393726e-8"
"5.330377101898193","4.1114343929393726e-8"
"1.8829526901245117","4.1114343929393726e-8"
"0.22038967907428741","4.1114343929393726e-8"
"1.898169994354248","4.1114343929393726e-8"
"0.863465428352356","4.1114343929393726e-8"
"0.02622668445110321","4.1114343929393726e-8"
"0.20896829664707184","4.1114343929393726e-8"
"0.6657853722572327","4.1114343929393726e-8"
"24.137767791748047","4.1114343929393726e-8"
"13.405295372009277","4.1114343929393726e-8"
"24.134496688842773","4.1114343929393726e-8"
"9.21019172668457","4.1114343929393726e-8"
"7.360793113708496","4.1114343929393726e-8"
"6.216757297515869","4.1114343929393726e-8"
"1.717910647392273","4.1114343929393726e-8"
"4.297897815704346","4.1114343929393726e-8"
"2.020498752593994","4.1114343929393726e-8"
"1.2015081644058228","4.1114343929393726e-8"
"5.738224983215332","4.1114343929393726e-8"
"0.6084354519844055","4.1114343929393726e-8"
"13.571219444274902","4.1114343929393726e-8"
"9.748248100280762","4.1114343929393726e-8"
"21.061534881591797","4.1114343929393726e-8"
"4.8180012702941895","4.1114343929393726e-8"
"3.5610086917877197","4.1114343929393726e-8"
"2.960238456726074","4.1114343929393726e-8"
"0.5941120386123657","4.1114343929393726e-8"
"5.437188148498535","4.1114343929393726e-8"
"2.5389766693115234","4.1114343929393726e-8"
"1.4695746898651123","4.1114343929393726e-8"
"3.6615617275238037","4.1114343929393726e-8"
"1.3806755542755127","4.1114343929393726e-8"
"13.879015922546387","3"
"14.360556602478027","4.1114343929393726e-8"
"19.786840438842773","4.1114343929393726e-8"
"16.01932716369629","4.1114343929393726e-8"
"1.7437341213226318","4.1114343929393726e-8"
"2.1314826011657715","12.999998092651367"
"4.090522766113281","4.1114343929393726e-8"
"2.8693690299987793","4.1114343929393726e-8"
"1.20624840259552","4.1114343929393726e-8"
"1.9365448951721191","4.1114343929393726e-8"
"4.376467227935791","2"
"1.7696945667266846","4.1114343929393726e-8"
"21.43487548828125","4.1114343929393726e-8"
"15.628722190856934","4.1114343929393726e-8"
"27.065881729125977","4.1114343929393726e-8"
"19.028682708740234","0.5"
"0.9877266883850098","4.1114343929393726e-8"
"1.9866406917572021","4.1114343929393726e-8"
"8.647380828857422","4.1114343929393726e-8"
"3.630866050720215","4.1114343929393726e-8"
"1.2078312635421753","4.1114343929393726e-8"
"1.1897034645080566","4.1114343929393726e-8"
"1.063344955444336","4.1114343929393726e-8"
"4.841829299926758","4.1114343929393726e-8"
"20.247268676757812","4.1114343929393726e-8"
"23.192480087280273","4.1114343929393726e-8"
"22.843597412109375","4.1114343929393726e-8"
"12.072183609008789","4.1114343929393726e-8"
"5.444180011749268","4.1114343929393726e-8"
"2.624948740005493","4.1114343929393726e-8"
"1.1620341539382935","4.1114343929393726e-8"
"5.946559429168701","0.4000000059604645"
"1.299458384513855","4.1114343929393726e-8"
"1.5463790893554688","4.1114343929393726e-8"
"1.9592300653457642","2"
"1.931821346282959","4.1114343929393726e-8"
"17.31448745727539","4.1114343929393726e-8"
"22.799636840820312","4.1114343929393726e-8"
"26.073925018310547","4.1114343929393726e-8"
"2.7767715454101562","4.1114343929393726e-8"
"2.1769018173217773","4.1114343929393726e-8"
"1.218990445137024","1"
"1.5337523221969604","4.1114343929393726e-8"
"4.904297828674316","4.1114343929393726e-8"
"3.4668400287628174","4.1114343929393726e-8"
"0.9109675884246826","4.1114343929393726e-8"
"4.633517265319824","7"
"2.035067558288574","4.1114343929393726e-8"
"20.807552337646484","0.5"
"22.604530334472656","4.1114343929393726e-8"
"38.8621940612793","1"
"7.716363906860352","4.1114343929393726e-8"
"6.432097434997559","4.1114343929393726e-8"
"1.7182196378707886","9"
"1.763530969619751","4.1114343929393726e-8"
"2.455990791320801","4.1114343929393726e-8"
"2.832890033721924","4.1114343929393726e-8"
"1.0486342906951904","2"
"11.151567459106445","7"
"2.9374144077301025","4.1114343929393726e-8"
"22.794605255126953","42.000003814697266"
"26.254989624023438","5"
"32.54205322265625","0.10000001639127731"
"9.184855461120605","4.1114343929393726e-8"
"6.821979999542236","8"
"8.418436050415039","4.1114343929393726e-8"
"5.629329681396484","20.999996185302734"
"6.822479724884033","5"
"4.545614719390869","4.1114343929393726e-8"
"6.500155925750732","14.000000953674316"
"16.698928833007812","11.999999046325684"
"2.621082305908203","0.10000001639127731"
"13.651206016540527","18"
"10.71936321258545","4.1114343929393726e-8"
"19.48280143737793","1.899999976158142"
"6.931020259857178","1.100000023841858"
"5.56622314453125","0.5"
"3.360935688018799","27.099994659423828"
"2.2219314575195312","2"
"5.537123203277588","4.1114343929393726e-8"
"4.876443862915039","2"
"3.6369781494140625","5.999999523162842"
"8.340706825256348","14.000000953674316"
"2.2996554374694824","7"
"11.245664596557617","0.5"
"9.501174926757812","4.1114343929393726e-8"
"18.54303741455078","2"
"15.965380668640137","26.09999656677246"
"7.751258850097656","4.1114343929393726e-8"
"2.5568289756774902","4"
"4.300627708435059","7"
"4.0909199714660645","2"
"3.3692636489868164","5"
"3.010303497314453","0.10000001639127731"
"2.530230760574341","5.999999523162842"
"2.1829280853271484","4.1114343929393726e-8"
"9.399369239807129","5"
"9.77054500579834","2"
"14.732726097106934","48.99999237060547"
"20.18181037902832","4.1114343929393726e-8"
"4.537660121917725","4.1114343929393726e-8"
"2.809014081954956","4.1114343929393726e-8"
"5.940183639526367","0.4000000059604645"
"2.4089441299438477","4.1114343929393726e-8"
"1.618501901626587","10.000000953674316"
"0.6639797687530518","3"
"2.0693063735961914","0.800000011920929"
"3.3928394317626953","3.1999998092651367"
"11.155864715576172","18"
"10.999198913574219","5"
"19.561767578125","24.99999237060547"
"8.102250099182129","5"
"5.986721992492676","7"
"2.8817596435546875","0.30000001192092896"
"2.3203747272491455","1"
"5.922863483428955","4.1114343929393726e-8"
"1.2140119075775146","11.999999046325684"
"1.303406000137329","0.19999997317790985"
"3.593756675720215","0.5"
"1.7554724216461182","4.1114343929393726e-8"
"19.581302642822266","4.1114343929393726e-8"
"26.20806121826172","24.99999237060547"
"30.941444396972656","16.999996185302734"
"3.4429850578308105","1"
"4.3626837730407715","4.1114343929393726e-8"
"4.773406028747559","4.1114343929393726e-8"
"2.1629865169525146","16.999996185302734"
"4.389657497406006","4.1114343929393726e-8"
"2.88478422164917","4.1114343929393726e-8"
"1.9310777187347412","5"
"4.188366889953613","4.1114343929393726e-8"
"1.2576265335083008","9"
"19.4591064453125","5.999999523162842"
"19.754453659057617","14.000000953674316"
"39.00627899169922","11"
"4.712324142456055","31"
"5.195324897766113","17.299997329711914"
"2.498013496398926","46.59999084472656"
"2.9607229232788086","15"
"3.4920780658721924","25.999996185302734"
"2.894106149673462","14.000000953674316"
"1.586437463760376","12.999998092651367"
"10.013103485107422","67.39999389648438"
"1.0836247205734253","2"
"15.164613723754883","7.300000190734863"
"14.700538635253906","82.99998474121094"
"25.672414779663086","18"
"5.147780418395996","8"
"4.469915866851807","4.1114343929393726e-8"
"3.2543978691101074","5.999999523162842"
"3.5304524898529053","33"
"2.6268630027770996","12.999998092651367"
"5.3037800788879395","5.999999523162842"
"2.3400070667266846","19"
"12.17816162109375","15.999996185302734"
"2.3437142372131348","4"
"8.304008483886719","34.69999313354492"
"7.699159145355225","5.999999523162842"
"17.28743553161621","37"
"4.834934234619141","14.000000953674316"
"3.0835514068603516","11.999999046325684"
"0.9887645244598389","9"
"1.7838445901870728","65.00000762939453"
"3.6280057430267334","49.9999885559082"
"2.322645664215088","3"
"1.2004035711288452","29.000001907348633"
"4.163092136383057","23"
"3.9912149906158447","4.1114343929393726e-8"
"8.366225242614746","4"
"11.3195219039917","14.000000953674316"
"15.976378440856934","11.999999046325684"
"11.09699821472168","1"
"5.675054550170898","0.4000000059604645"
"0.9617544412612915","4.1114343929393726e-8"
"3.1956191062927246","4.1114343929393726e-8"
"1.3832988739013672","4.1114343929393726e-8"
"0.42551565170288086","4.1114343929393726e-8"
"1.1083773374557495","4.1114343929393726e-8"
"10.252130508422852","4.1114343929393726e-8"
"2.8540945053100586","4.1114343929393726e-8"
"8.44290828704834","4.1114343929393726e-8"
"17.080245971679688","1"
"30.786724090576172","4.1114343929393726e-8"
"8.548748970031738","4.1114343929393726e-8"
"2.3700764179229736","4.1114343929393726e-8"
"1.5480905771255493","4.1114343929393726e-8"
"6.990348815917969","4.1114343929393726e-8"
"0.899322509765625","4.1114343929393726e-8"
"0.4747527837753296","4.1114343929393726e-8"
"1.0642452239990234","4.1114343929393726e-8"
"13.294477462768555","4"
"2.468440055847168","4.1114343929393726e-8"
"10.65205192565918","4.1114343929393726e-8"
"16.222192764282227","3"
"30.6452693939209","4.1114343929393726e-8"
"5.207053184509277","4.1114343929393726e-8"
"2.887871265411377","4.1114343929393726e-8"
"3.316608190536499","4.1114343929393726e-8"
"3.9591469764709473","4.1114343929393726e-8"
"1.1956901550292969","4.1114343929393726e-8"
"0.5333216786384583","4.1114343929393726e-8"
"2.556654214859009","4.1114343929393726e-8"
"11.225982666015625","4.1114343929393726e-8"
"1.0424529314041138","10.099998474121094"
"12.004512786865234","16.999996185302734"
"12.380311965942383","0.4000000059604645"
"24.953899383544922","7.1999993324279785"
"7.671690464019775","18"
"1.9177167415618896","4.1114343929393726e-8"
"1.680401086807251","0.19999997317790985"
"1.8901147842407227","7"
"1.4445772171020508","0.19999997317790985"
"1.6350600719451904","4.1114343929393726e-8"
"2.5546345710754395","0.30000001192092896"
"2.8739867210388184","4.1114343929393726e-8"
"0.5935073494911194","13.499999046325684"
"8.64130973815918","48.99999237060547"
"5.337765693664551","11.69999885559082"
"31.308330535888672","52.20000076293945"
"5.766962051391602","34.99999237060547"
"1.7377119064331055","22"
"1.3504806756973267","4"
"2.5404255390167236","8"
"0.7449514865875244","1.8000000715255737"
"1.1254839897155762","1"
"0.3798758089542389","2.6999998092651367"
"0","4.1114343929393726e-8"
"1.5090079307556152","7.40000057220459"
"6.4444403648376465","4.1114343929393726e-8"
"8.47218132019043","27.89999771118164"
"26.41499137878418","20.999996185302734"
"6.242301940917969","15"
"1.4721283912658691","17.799997329711914"
"3.5454626083374023","2"
"0.9465311169624329","10.000000953674316"
"0.7144514918327332","0.5"
"0.514223575592041","12.999998092651367"
"0.46804049611091614","2"
"0.09995242208242416","1"
"0.19987967610359192","42.000003814697266"
"3.3409242630004883","6.500000476837158"
"9.874893188476562","22"
"12.472075462341309","37"
"2.504079818725586","11.999999046325684"
"0.05674232915043831","9.199999809265137"
"1.7805176973342896","5"
"0.292785108089447","38.99999237060547"
"1.0050841569900513","29.999998092651367"
"0.20467926561832428","5"
"0.288607656955719","11.499998092651367"
"0","1.1999999284744263"
"0.2252059429883957","27.999990463256836"
"7.748225688934326","11"
"12.770370483398438","3"
"25.497465133666992","10.000000953674316"
"6.927916049957275","23"
"4.92165470123291","14.000000953674316"
"2.685554027557373","14.000000953674316"
"0.8064064383506775","19.999996185302734"
"1.3225078582763672","18"
"1.1991242170333862","10.000000953674316"
"0.41657891869544983","24.5"
"0.4407495856285095","5.799999713897705"
"0.9080002307891846","10.000000953674316"
"18.01042938232422","29.999998092651367"
"17.6767635345459","7"
"39.44279479980469","9"
"6.6969757080078125","8"
"6.145190715789795","11.600000381469727"
"3.885305404663086","19.999996185302734"
"0.6589059829711914","29.999998092651367"
"0.8564038276672363","12.999998092651367"
"3.3209569454193115","5.999999523162842"
"0.3414340913295746","7"
"2.692312002182007","3"
"1.6606409549713135","42.99999237060547"
"17.661678314208984","11.999999046325684"
"15.964409828186035","15.999996185302734"
"27.0957088470459","27.999990463256836"
"5.803414821624756","42.99999237060547"
"8.812034606933594","71.40001678466797"
"2.73590350151062","34.99999237060547"
"0.5655378103256226","16.699996948242188"
"4.842901706695557","50.999996185302734"
"3.73018479347229","15"
"1.4488331079483032","46.99999237060547"
"3.64877986907959","24.99999237060547"
"1.4974348545074463","33.999996185302734"
"18.272335052490234","8"
"13.672784805297852","0.6000000238418579"
"22.321399688720703","929"
"5.951770782470703","8"
"14.531987190246582","31.9999942779541"
"4.235902786254883","38.99999237060547"
"0.6101661920547485","30.399999618530273"
"3.999016761779785","34.099998474121094"
"5.976816654205322","22"
"1.96199631690979","65.99998474121094"
"3.7106399536132812","18"
"1.1011711359024048","24.000001907348633"
"16.68035888671875","77.00001525878906"
"12.26114559173584","112.40003967285156"
"31.12571144104004","65.00000762939453"
"13.048198699951172","25.999996185302734"
"10.893240928649902","45.99999237060547"
"2.6895484924316406","52.99999237060547"
"0.8052247166633606","6.90000057220459"
"1.8920682668685913","21.899999618530273"
"2.85433030128479","18"
"1.0388474464416504","7"
"8.525246620178223","42.99999237060547"
"0.9898483753204346","56"
"27.064851760864258","42.000003814697266"
"20.877944946289062","110.99998474121094"
"33.272178649902344","97.00001525878906"
"16.797897338867188","42.000003814697266"
"14.304658889770508","15.999996185302734"
"6.337332725524902","36.19999694824219"
"3.0686593055725098","115.00004577636719"
"4.619538307189941","40"
"6.358202934265137","31"
"4.905792236328125","40.99999237060547"
"14.480550765991211","42.99999237060547"
"3.1972718238830566","11.999999046325684"
"21.51340103149414","48.99999237060547"
"16.22158432006836","25.999996185302734"
"23.6007137298584","31.9999942779541"
"12.994487762451172","18"
"13.304411888122559","19"
"3.3083863258361816","5"
"0.7121254205703735","20.999996185302734"
"4.522383213043213","4.1114343929393726e-8"
"2.422302007675171","5"
"1.4746944904327393","1.4999998807907104"
"5.71729850769043","0.19999997317790985"
"2.3467254638671875","4.1114343929393726e-8"
"20.934816360473633","4.1114343929393726e-8"
"36.04594039916992","4.1114343929393726e-8"
"44.269500732421875","23.799997329711914"
"10.40703296661377","4.1114343929393726e-8"
"7.4727396965026855","4.199999809265137"
"4.7415032386779785","4.1114343929393726e-8"
"3.1684017181396484","4.1114343929393726e-8"
"7.625823020935059","4.1114343929393726e-8"
"4.056854724884033","4.1114343929393726e-8"
"2.6114866733551025","4.1114343929393726e-8"
"6.692305088043213","4.1114343929393726e-8"
"2.4491982460021973","4.1114343929393726e-8"
"30.051830291748047","4.1114343929393726e-8"
"17.828197479248047","4.1114343929393726e-8"
"37.80111312866211","3"
"7.167312145233154","4.1114343929393726e-8"
"10.6317138671875","4.1114343929393726e-8"
"3.028439521789551","13.40000057220459"
"2.475815773010254","4.1114343929393726e-8"
"4.312984466552734","4.1114343929393726e-8"
"12.271055221557617","32.19999313354492"
"0.64322429895401","4.1114343929393726e-8"
"10.210790634155273","4.1114343929393726e-8"
"2.4710941314697266","4.1114343929393726e-8"
"17.112838745117188","4.1114343929393726e-8"
"18.957130432128906","4.1114343929393726e-8"
"35.586341857910156","4.1114343929393726e-8"
"9.229499816894531","4.1114343929393726e-8"
"7.951183795928955","4.1114343929393726e-8"
"4.315459251403809","4.1114343929393726e-8"
"2.973844051361084","4.1114343929393726e-8"
"8.71876335144043","4.1114343929393726e-8"
"5.979578495025635","4.1114343929393726e-8"
"4.22418212890625","4.1114343929393726e-8"
"10.966707229614258","4.1114343929393726e-8"
"2.693359851837158","4.1114343929393726e-8"
"13.986860275268555","4.1114343929393726e-8"
"11.1554536819458","4.1114343929393726e-8"
"21.6328182220459","4.1114343929393726e-8"
"13.29660415649414","4.1114343929393726e-8"
"6.599207878112793","4.1114343929393726e-8"
"3.159709930419922","4.1114343929393726e-8"
"4.1712751388549805","4.1114343929393726e-8"
"3.191953420639038","4.1114343929393726e-8"
"4.702269554138184","4.1114343929393726e-8"
"2.9845588207244873","4.1114343929393726e-8"
"10.77983283996582","18.699996948242188"
"1.626335620880127","3.0999996662139893"
"8.906761169433594","4.1114343929393726e-8"
"5.772776126861572","4.1114343929393726e-8"
"15.194560050964355","0.7000000476837158"
"19.647531509399414","3.5999999046325684"
"4.113793849945068","0.800000011920929"
"1.9453169107437134","0.10000001639127731"
"4.238673210144043","26.80000114440918"
"1.1521375179290771","14.000000953674316"
"0.9963698983192444","1.600000023841858"
"1.1261568069458008","20.999996185302734"
"5.666531562805176","54.79999542236328"
"1.3992574214935303","3.1999998092651367"
"4.142688274383545","0.10000001639127731"
"10.443168640136719","4.1114343929393726e-8"
"22.480552673339844","4.1114343929393726e-8"
"8.394927978515625","9.099998474121094"
"1.5545934438705444","4.1114343929393726e-8"
"3.179506540298462","5.100000381469727"
"5.093147277832031","44.399993896484375"
"2.4565787315368652","4.1114343929393726e-8"
"1.2732573747634888","14.499999046325684"
"1.9042261838912964","28.89999771118164"
"3.1491665840148926","49.29999542236328"
"1.3828195333480835","2"
"6.5040693283081055","4.800000190734863"
"14.001850128173828","26.80000114440918"
"12.282463073730469","20.999996185302734"
"7.630307197570801","19.899999618530273"
"0.6316065788269043","0.7000000476837158"
"1.1192022562026978","42.499996185302734"
"0.8553627729415894","24.29999542236328"
"1.618418574333191","56.79999542236328"
"0.4997164011001587","48.79998779296875"
"0.5241072773933411","81.70001220703125"
"1.5016746520996094","60.900001525878906"
"1.3308104276657104","22.899999618530273"
"9.659113883972168","29.199993133544922"
"16.779277801513672","14.799997329711914"
"12.395578384399414","34.499996185302734"
"4.163350582122803","36.399993896484375"
"0.9919887781143188","8.899998664855957"
"0.5763208866119385","19.299999237060547"
"1.047888159751892","30.199996948242188"
"1.0781477689743042","8.899998664855957"
"0.6208317279815674","3"
"0.4338068664073944","58.299991607666016"
"2.1580159664154053","6.500000476837158"
"0.6715424060821533","9.299999237060547"
"6.338991165161133","24.599998474121094"
"17.335926055908203","25.200000762939453"
"17.303905487060547","17.499998092651367"
"3.662339687347412","9.899999618530273"
"0.4100760817527771","153.1999969482422"
"0.4837106466293335","64.20001983642578"
"1.9575488567352295","36.69999313354492"
"1.1013981103897095","37.39999008178711"
"0.3648129999637604","22.299997329711914"
"0.15534758567810059","38.799991607666016"
"1.7589573860168457","20.699993133544922"
"1.8457354307174683","6.59999942779541"
"6.684305667877197","2.499999761581421"
"8.834497451782227","7.40000057220459"
"14.556884765625","47.099998474121094"
"3.6917428970336914","2.799999713897705"
"1.1827799081802368","8.80000114440918"
"0.4419163465499878","0.10000001639127731"
"0.6352486610412598","4.1114343929393726e-8"
"3.927119731903076","4.1114343929393726e-8"
"0.6682010889053345","4.1114343929393726e-8"
"0.6142416000366211","4.1114343929393726e-8"
"1.4302483797073364","4.1114343929393726e-8"
"1.7973060607910156","4.1114343929393726e-8"
"18.840608596801758","1.600000023841858"
"12.644936561584473","4.1114343929393726e-8"
"23.95472526550293","4.1114343929393726e-8"
"3.352680206298828","0.6000000238418579"
"2.0983645915985107","4.1114343929393726e-8"
"0.8650766611099243","12.399999618530273"
"0.5672030448913574","0.30000001192092896"
"2.593662738800049","4.1114343929393726e-8"
"0.4751286208629608","4.1114343929393726e-8"
"0.4038223624229431","0.10000001639127731"
"1.3702716827392578","4.1114343929393726e-8"
"2.5670723915100098","4.1114343929393726e-8"
"21.268238067626953","27.599998474121094"
"14.866496086120605","4.1114343929393726e-8"
"43.679649353027344","0.7000000476837158"
"7.021672248840332","4.700000286102295"
"4.14600944519043","4.1114343929393726e-8"
"1.1785638332366943","5.900000095367432"
"0.6588826775550842","4.1114343929393726e-8"
"3.2653920650482178","4.1114343929393726e-8"
"1.2157858610153198","4.1114343929393726e-8"
"0.14825448393821716","4.1114343929393726e-8"
"3.8644516468048096","4.1114343929393726e-8"
"2.0998120307922363","4.1114343929393726e-8"
"20.65230369567871","3.1999998092651367"
"20.951061248779297","2.3000001907348633"
"26.544084548950195","8"
"5.647831439971924","1.7000000476837158"
"5.84481143951416","22"
"3.016188859939575","4.1114343929393726e-8"
"2.79896879196167","4.1114343929393726e-8"
"4.326096057891846","0.4000000059604645"
"4.825231075286865","4.1114343929393726e-8"
"2.0275707244873047","4.1114343929393726e-8"
"9.54531478881836","4.1114343929393726e-8"
"4.205572128295898","4.1114343929393726e-8"
"17.32684898376465","11.399998664855957"
"12.109354972839355","20.499996185302734"
"21.4133243560791","5.600000381469727"
"4.7812604904174805","4.1114343929393726e-8"
"5.522512435913086","4.1114343929393726e-8"
"1.958052396774292","0.19999997317790985"
"0.6197628974914551","4.1114343929393726e-8"
"5.46803617477417","4.1114343929393726e-8"
"2.0270729064941406","4.1114343929393726e-8"
"1.5819053649902344","4.1114343929393726e-8"
"4.594398498535156","4.1114343929393726e-8"
"0.21187256276607513","4.1114343929393726e-8"
"11.077352523803711","22"
"13.52544116973877","27.89999771118164"
"16.397628784179688","12.100000381469727"
"2.0977978706359863","16.499998092651367"
"0.633240818977356","3.6999998092651367"
"0.9012994766235352","9.399998664855957"
"0.27069196105003357","4.1114343929393726e-8"
"1.611195683479309","4.1114343929393726e-8"
"1.2568275928497314","4.1114343929393726e-8"
"0.10927823185920715","4.1114343929393726e-8"
"0.22047944366931915","4.1114343929393726e-8"
"0.39730608463287354","4.1114343929393726e-8"
"11.116461753845215","6.69999885559082"
"12.988319396972656","16.899999618530273"
"27.941818237304688","4.1114343929393726e-8"
"5.786386013031006","4.1114343929393726e-8"
"1.245550274848938","31.69999885559082"
"1.1187740564346313","4.1114343929393726e-8"
"1.592954158782959","4.1114343929393726e-8"
"1.4008023738861084","4.1114343929393726e-8"
"0.019567202776670456","1.100000023841858"
"0.7497568726539612","4.1114343929393726e-8"
"0.2244865447282791","4.1114343929393726e-8"
"1.1626832485198975","4.199999809265137"
"12.720450401306152","4.1114343929393726e-8"
"6.8385539054870605","4.1114343929393726e-8"
"22.945770263671875","4.1114343929393726e-8"
"5.402833938598633","4.1114343929393726e-8"
"3.011539936065674","4.1114343929393726e-8"
"9.063642501831055","0.4000000059604645"
"1.7468161582946777","4.1114343929393726e-8"
"7.990655899047852","4.1114343929393726e-8"
"1.2968007326126099","4.1114343929393726e-8"
"1.2684636116027832","4.1114343929393726e-8"
"1.043894648551941","4.1114343929393726e-8"
"0.7787817716598511","62.69998550415039"
"8.36821460723877","35.4999885559082"
"13.767743110656738","31.89999771118164"
"29.67460060119629","36.59999465942383"
"6.617733955383301","67.19999694824219"
"3.3871467113494873","34.399993896484375"
"4.063129901885986","44.89999008178711"
"1.3328266143798828","38.89999008178711"
"2.809210777282715","32.19999313354492"
"1.9073656797409058","35.30000305175781"
"1.2659549713134766","34.69999313354492"
"1.5204943418502808","14.699999809265137"
"1.212825894355774","4.1114343929393726e-8"
"18.63190269470215","4.1114343929393726e-8"
"22.593524932861328","4.1114343929393726e-8"
"41.38870620727539","4.1114343929393726e-8"
"12.484010696411133","4.1114343929393726e-8"
"10.376934051513672","4.1114343929393726e-8"
"4.112874507904053","4.1114343929393726e-8"
"1.2901285886764526","4.1114343929393726e-8"
"2.881589651107788","4.1114343929393726e-8"
"3.7651023864746094","4.1114343929393726e-8"
"1.6019957065582275","4.1114343929393726e-8"
"9.417290687561035","4.1114343929393726e-8"
"1.6613671779632568","33.59999465942383"
"26.21329689025879","4.1114343929393726e-8"
"28.46213150024414","4.1114343929393726e-8"
"44.89521026611328","4.1114343929393726e-8"
"11.15410327911377","34.69999313354492"
"12.381826400756836","4.1114343929393726e-8"
"12.63199234008789","4.1114343929393726e-8"
"4.758529186248779","4.1114343929393726e-8"
"8.316808700561523","4.1114343929393726e-8"
"11.728605270385742","4.1114343929393726e-8"
"10.273392677307129","4.1114343929393726e-8"
"11.783656120300293","4.1114343929393726e-8"
"3.257873773574829","4.1114343929393726e-8"
"19.44347381591797","4.1114343929393726e-8"
"16.839122772216797","4.1114343929393726e-8"
"28.87386703491211","4.1114343929393726e-8"
"8.42023754119873","4.1114343929393726e-8"
"8.356783866882324","4.1114343929393726e-8"
"1.7025723457336426","4.1114343929393726e-8"
"0.8787067532539368","4.1114343929393726e-8"
"4.351659774780273","4.1114343929393726e-8"
"9.555973052978516","4.1114343929393726e-8"
"1.8735228776931763","4.1114343929393726e-8"
"3.640559196472168","4.1114343929393726e-8"
"1.7973220348358154","4.1114343929393726e-8"
"15.888561248779297","4.1114343929393726e-8"
"16.125253677368164","4.1114343929393726e-8"
"31.171133041381836","4.1114343929393726e-8"
"16.872034072875977","4.1114343929393726e-8"
"8.60517406463623","4.1114343929393726e-8"
"1.8381903171539307","4.1114343929393726e-8"
"0.6397609710693359","4.1114343929393726e-8"
"3.518688678741455","4.1114343929393726e-8"
"4.576430320739746","4.1114343929393726e-8"
"1.4785330295562744","4.1114343929393726e-8"
"2.117171287536621","4.1114343929393726e-8"
"1.343436598777771","4.1114343929393726e-8"
"22.95345115661621","4.1114343929393726e-8"
"14.229345321655273","4.1114343929393726e-8"
"35.03950500488281","4.1114343929393726e-8"
"13.129258155822754","4.1114343929393726e-8"
"4.4654645919799805","4.1114343929393726e-8"
"4.389878749847412","4.1114343929393726e-8"
"2.8551483154296875","4.1114343929393726e-8"
"1.9326183795928955","4.1114343929393726e-8"
"1.7389981746673584","4.1114343929393726e-8"
"1.118187427520752","4.1114343929393726e-8"
"1.2591899633407593","4.1114343929393726e-8"
"1.4840192794799805","4.1114343929393726e-8"
"16.126544952392578","4.1114343929393726e-8"
"13.644975662231445","4.1114343929393726e-8"
"20.022388458251953","4.1114343929393726e-8"
"4.884727478027344","4.1114343929393726e-8"
"6.259646415710449","4.1114343929393726e-8"
"3.983200788497925","4.1114343929393726e-8"
"0.8002690076828003","4.1114343929393726e-8"
"9.183796882629395","4.1114343929393726e-8"
"1.6111879348754883","4.1114343929393726e-8"
"0.9045076370239258","4.1114343929393726e-8"
"1.2374114990234375","4.1114343929393726e-8"
"1.9021918773651123","4.1114343929393726e-8"
"21.342519760131836","4.1114343929393726e-8"
"20.249393463134766","1.100000023841858"
"39.96369171142578","4.1114343929393726e-8"
"5.820983409881592","4.1114343929393726e-8"
"7.700588226318359","4.1114343929393726e-8"
"3.912132740020752","4.1114343929393726e-8"
"0.3861253559589386","4.1114343929393726e-8"
"2.4416568279266357","4.1114343929393726e-8"
"2.9823222160339355","4.1114343929393726e-8"
"0.8327620029449463","4.1114343929393726e-8"
"1.2274717092514038","4.1114343929393726e-8"
"0.8651419281959534","4.1114343929393726e-8"
"26.65543556213379","8.600000381469727"
"35.178436279296875","4.1114343929393726e-8"
"42.634056091308594","4.1114343929393726e-8"
"6.156318187713623","4.1114343929393726e-8"
"6.4478278160095215","4.1114343929393726e-8"
"2.6102094650268555","4.1114343929393726e-8"
"0.7138823866844177","4.1114343929393726e-8"
"1.7295539379119873","4.1114343929393726e-8"
"1.4314483404159546","4.1114343929393726e-8"
"0.674477219581604","4.1114343929393726e-8"
"0.6691364049911499","4.1114343929393726e-8"
"1.8958113193511963","16.299997329711914"
"23.456775665283203","1.8000000715255737"
"28.248981475830078","7.600000381469727"
"35.226409912109375","48.399993896484375"
"10.70261001586914","10.599998474121094"
"12.223801612854004","5.300000190734863"
"10.556336402893066","24.80000114440918"
"2.1702959537506104","2.3999998569488525"
"3.604935646057129","4.1114343929393726e-8"
"5.405104637145996","4.1114343929393726e-8"
"3.1144027709960938","4.1114343929393726e-8"
"6.06637716293335","43.80000305175781"
"1.89024817943573","58.40000534057617"
"20.56696319580078","60.20000076293945"
"23.77181053161621","21.899999618530273"
"26.554264068603516","63.59999465942383"
"8.138995170593262","31.600000381469727"
"10.706302642822266","62.000022888183594"
"6.602065563201904","24.599998474121094"
"0.22778786718845367","4.700000286102295"
"4.547440052032471","7.1999993324279785"
"5.053888320922852","3.0999996662139893"
"1.7706364393234253","7.800000190734863"
"3.4347000122070312","13.699997901916504"
"0.40011951327323914","4.1114343929393726e-8"
"12.348180770874023","0.5"
"12.368557929992676","4.1114343929393726e-8"
"19.829360961914062","1"
"2.7449846267700195","4.1114343929393726e-8"
"0.30981647968292236","4.1114343929393726e-8"
"0.3638432025909424","9"
"0.38091641664505005","4.1114343929393726e-8"
"1.9196710586547852","4.1114343929393726e-8"
"0.4358425736427307","4.1114343929393726e-8"
"0.022056985646486282","2"
"0.9001606702804565","7"
"0.681789755821228","4.1114343929393726e-8"
"14.774221420288086","42.000003814697266"
"11.56687068939209","5"
"41.343475341796875","0.10000001639127731"
"6.188187599182129","4.1114343929393726e-8"
"0.9946460127830505","8"
"0.23988334834575653","4.1114343929393726e-8"
"1.378267526626587","20.999996185302734"
"3.2228763103485107","5"
"0.7267704010009766","4.1114343929393726e-8"
"0.2789246141910553","14.000000953674316"
"1.5869197845458984","11.999999046325684"
"3.806156873703003","0.10000001639127731"
"15.600582122802734","18"
"20.06730079650879","4.1114343929393726e-8"
"40.95232391357422","1.899999976158142"
"9.994046211242676","1.100000023841858"
"3.2851476669311523","0.5"
"0.9073753952980042","27.099994659423828"
"1.0886873006820679","2"
"8.519969940185547","4.1114343929393726e-8"
"2.143005132675171","2"
"1.4551361799240112","5.999999523162842"
"3.3509891033172607","14.000000953674316"
"2.7177813053131104","7"
"19.33222007751465","0.5"
"16.603954315185547","4.1114343929393726e-8"
"27.085206985473633","2"
"4.245421409606934","26.09999656677246"
"5.6604390144348145","4.1114343929393726e-8"
"0.9813600778579712","4"
"0.7262141704559326","7"
"2.127150535583496","2"
"2.484485626220703","5"
"0.7975999712944031","0.10000001639127731"
"1.8580836057662964","5.999999523162842"
"0.6834689378738403","4.1114343929393726e-8"
"14.590617179870605","5"
"13.614301681518555","2"
"33.92930221557617","48.99999237060547"
"2.870314836502075","4.1114343929393726e-8"
"0.8858687281608582","4.1114343929393726e-8"
"0.6299417614936829","4.1114343929393726e-8"
"1.59384024143219","0.4000000059604645"
"2.3989357948303223","4.1114343929393726e-8"
"1.0805641412734985","10.000000953674316"
"0.2102198302745819","3"
"1.9459854364395142","0.800000011920929"
"1.5526251792907715","3.1999998092651367"
"7.686355113983154","18"
"8.794170379638672","5"
"17.04551887512207","24.99999237060547"
"3.6268577575683594","5"
"1.5072734355926514","7"
"0.7580375075340271","0.30000001192092896"
"2.2021777629852295","1"
"3.2453231811523438","4.1114343929393726e-8"
"2.445329427719116","11.999999046325684"
"1.1112173795700073","0.19999997317790985"
"2.2558345794677734","0.5"
"1.359609603881836","4.1114343929393726e-8"
"8.655169486999512","4.1114343929393726e-8"
"5.946236610412598","24.99999237060547"
"11.198476791381836","16.999996185302734"
"3.9626212120056152","1"
"2.172616958618164","4.1114343929393726e-8"
"0.234310120344162","4.1114343929393726e-8"
"0.21138428151607513","16.999996185302734"
"2.5594282150268555","4.1114343929393726e-8"
"0.4231092035770416","4.1114343929393726e-8"
"0.42355671525001526","5"
"3.495805501937866","4.1114343929393726e-8"
"0.865237832069397","9"
"11.045809745788574","5.999999523162842"
"9.911616325378418","14.000000953674316"
"22.701583862304688","11"
"5.50935173034668","31"
"1.988037347793579","17.299997329711914"
"1.6255543231964111","46.59999084472656"
"2.404261589050293","15"
"1.7272769212722778","25.999996185302734"
"1.0085585117340088","14.000000953674316"
"1.21588134765625","12.999998092651367"
"2.200422763824463","67.39999389648438"
"0.9493634700775146","2"
"20.924036026000977","7.300000190734863"
"21.747825622558594","82.99998474121094"
"36.94721603393555","18"
"4.684037685394287","8"
"4.203058242797852","4.1114343929393726e-8"
"5.932124137878418","5.999999523162842"
"2.220656394958496","33"
"2.743802309036255","12.999998092651367"
"2.6697282791137695","5.999999523162842"
"0.7721513509750366","19"
"7.7312517166137695","15.999996185302734"
"5.23142147064209","4"
"16.300363540649414","34.69999313354492"
"15.55986213684082","5.999999523162842"
"28.323776245117188","37"
"5.549559116363525","14.000000953674316"
"9.536307334899902","11.999999046325684"
"6.60432767868042","9"
"2.479384422302246","65.00000762939453"
"10.278680801391602","49.9999885559082"
"5.169300079345703","3"
"1.9811491966247559","29.000001907348633"
"9.032073974609375","23"
"3.2785396575927734","13.100001335144043"
"29.578413009643555","1"
"22.70321273803711","2"
"44.574771881103516","17.099994659423828"
"11.159969329833984","27.099994659423828"
"13.598094940185547","10.099998474121094"
"5.865313529968262","1"
"1.349833369255066","4.1114343929393726e-8"
"6.922242164611816","3"
"11.109336853027344","11"
"4.604798316955566","4.1114343929393726e-8"
"11.483161926269531","2.1999998092651367"
"2.7495338916778564","8.899998664855957"
"25.1182804107666","2"
"18.09173011779785","4.1114343929393726e-8"
"42.68366241455078","4.1114343929393726e-8"
"26.921772003173828","4.1114343929393726e-8"
"15.299249649047852","5.999999523162842"
"4.277108192443848","4.1114343929393726e-8"
"3.310736656188965","4.1114343929393726e-8"
"4.630324363708496","4.1114343929393726e-8"
"3.4297518730163574","4.1114343929393726e-8"
"3.9219541549682617","4.1114343929393726e-8"
"12.78558349609375","6.799999237060547"
"5.6986308097839355","9.199999809265137"
"22.242229461669922","22"
"15.28961181640625","19"
"39.58527755737305","0.19999997317790985"
"20.571016311645508","3"
"18.258155822753906","12.999998092651367"
"12.91478157043457","4.1114343929393726e-8"
"5.24640417098999","22"
"9.241708755493164","0.19999997317790985"
"7.709877967834473","2"
"7.071865558624268","4.1114343929393726e-8"
"9.306697845458984","0.30000001192092896"
"7.695955276489258","2.799999713897705"
"19.595632553100586","0.8999999761581421"
"16.239282608032227","4.1114343929393726e-8"
"25.21112823486328","0.10000001639127731"
"14.42988109588623","4.499999523162842"
"17.984947204589844","27.999990463256836"
"11.844501495361328","7.800000190734863"
"1.8856219053268433","38.99999237060547"
"5.993907451629639","12.999998092651367"
"6.635376930236816","10.000000953674316"
"3.079630136489868","33"
"10.017741203308105","69.9999771118164"
"0.7827132344245911","13.499999046325684"
"21.0658016204834","48.99999237060547"
"9.1945219039917","11.69999885559082"
"38.07032012939453","52.20000076293945"
"4.361187934875488","34.99999237060547"
"1.5983302593231201","22"
"1.8216722011566162","4"
"1.2996715307235718","8"
"3.028604745864868","1.8000000715255737"
"0.6776444911956787","1"
"0.8464274406433105","2.6999998092651367"
"1.3379706144332886","4.1114343929393726e-8"
"0.9117004871368408","7.40000057220459"
"22.018070220947266","4.1114343929393726e-8"
"24.989133834838867","27.89999771118164"
"39.06211471557617","20.999996185302734"
"8.041925430297852","15"
"2.885533332824707","17.799997329711914"
"2.25260853767395","2"
"4.1245880126953125","10.000000953674316"
"3.818188190460205","0.5"
"5.818147659301758","12.999998092651367"
"0.9856441617012024","2"
"7.557955265045166","1"
"3.4220077991485596","42.000003814697266"
"15.587791442871094","6.500000476837158"
"16.45352554321289","22"
"32.31452178955078","37"
"6.8227763175964355","11.999999046325684"
"9.576486587524414","9.199999809265137"
"5.677255630493164","5"
"3.002298593521118","38.99999237060547"
"9.859909057617188","29.999998092651367"
"14.527318000793457","5"
"2.439393997192383","11.499998092651367"
"8.359512329101562","1.1999999284744263"
"1.5923324823379517","27.999990463256836"
"16.458229064941406","11"
"16.56181526184082","3"
"31.42826271057129","10.000000953674316"
"7.848669528961182","23"
"14.888773918151855","14.000000953674316"
"2.353208541870117","14.000000953674316"
"2.1931591033935547","19.999996185302734"
"3.9262921810150146","18"
"12.70166301727295","10.000000953674316"
"5.810861587524414","24.5"
"5.114719390869141","5.799999713897705"
"0.8050714731216431","10.000000953674316"
"10.91024112701416","29.999998092651367"
"7.085517883300781","7"
"37.67031478881836","9"
"21.837467193603516","8"
"3.494838237762451","11.600000381469727"
"1.5781134366989136","19.999996185302734"
"2.196988821029663","29.999998092651367"
"0.7319450974464417","12.999998092651367"
"2.415252685546875","5.999999523162842"
"1.485814094543457","7"
"1.1879804134368896","3"
"2.1264395713806152","42.99999237060547"
"24.190444946289062","11.999999046325684"
"20.263471603393555","15.999996185302734"
"34.86872482299805","27.999990463256836"
"23.198074340820312","42.99999237060547"
"4.6583170890808105","71.40001678466797"
"6.8358988761901855","34.99999237060547"
"2.319026470184326","16.699996948242188"
"1.6280629634857178","50.999996185302734"
"1.9957212209701538","15"
"2.245103120803833","46.99999237060547"
"3.8056464195251465","24.99999237060547"
"1.9609668254852295","33.999996185302734"
"18.031553268432617","8"
"19.652040481567383","0.6000000238418579"
"29.217941284179688","929"
"13.073478698730469","8"
"5.514316082000732","31.9999942779541"
"4.10647439956665","38.99999237060547"
"1.3094761371612549","30.399999618530273"
"3.848022937774658","34.099998474121094"
"4.392504692077637","22"
"3.4397060871124268","65.99998474121094"
"6.102169990539551","18"
"2.465121030807495","24.000001907348633"
"19.940284729003906","77.00001525878906"
"30.611358642578125","112.40003967285156"
"31.278934478759766","65.00000762939453"
"16.894136428833008","25.999996185302734"
"10.989599227905273","45.99999237060547"
"7.705086708068848","52.99999237060547"
"2.036717414855957","6.90000057220459"
"4.020370960235596","21.899999618530273"
"7.073122501373291","18"
"7.7638325691223145","7"
"8.447710037231445","42.99999237060547"
"1.6188280582427979","56"
"23.356090545654297","42.000003814697266"
"24.651546478271484","110.99998474121094"
"40.267555236816406","97.00001525878906"
"16.875579833984375","42.000003814697266"
"12.157472610473633","15.999996185302734"
"6.0473833084106445","36.19999694824219"
"3.6409690380096436","115.00004577636719"
"2.7042300701141357","40"
"11.167654991149902","31"
"5.390342712402344","40.99999237060547"
"7.311043739318848","42.99999237060547"
"4.573727607727051","11.999999046325684"
"23.98906707763672","48.99999237060547"
"21.053783416748047","25.999996185302734"
"32.94460678100586","31.9999942779541"
"14.877432823181152","18"
"10.042181968688965","19"
"3.5866496562957764","5"
"1.5120183229446411","20.999996185302734"
"9.584834098815918","4.1114343929393726e-8"
"4.850924968719482","5"
"2.3976223468780518","1.4999998807907104"
"5.773194313049316","0.19999997317790985"
"2.311842679977417","24.000001907348633"
"25.341611862182617","60.999996185302734"
"31.972232818603516","84.99998474121094"
"31.633766174316406","64.00001525878906"
"17.099193572998047","33.999996185302734"
"16.121522903442383","9"
"3.5893568992614746","8"
"0.42520076036453247","16.999996185302734"
"3.165882110595703","2"
"8.897438049316406","9"
"2.4549617767333984","2"
"3.7978620529174805","0.19999997317790985"
"0.8260324597358704","5.999999523162842"
"25.40365219116211","19"
"21.652095794677734","206.00001525878906"
"26.06574821472168","14.000000953674316"
"14.061908721923828","18"
"10.76303482055664","35.999996185302734"
"2.3261892795562744","9"
"0.5894854068756104","2"
"2.4207825660705566","18"
"1.5345406532287598","15.999996185302734"
"0.6560651063919067","4.1114343929393726e-8"
"2.418055534362793","0.10000001639127731"
"1.0879050493240356","4.1114343929393726e-8"
"24.652585983276367","18"
"25.514678955078125","29.000001907348633"
"22.243009567260742","31"
"19.03791618347168","2.1000001430511475"
"8.512531280517578","0.10000001639127731"
"4.641615867614746","0.10000001639127731"
"1.2169544696807861","4.1114343929393726e-8"
"3.241269826889038","4.1114343929393726e-8"
"3.2541604042053223","4.1114343929393726e-8"
"1.024100661277771","4.1114343929393726e-8"
"1.7949397563934326","4.1114343929393726e-8"
"1.1645599603652954","4.1114343929393726e-8"
"16.041444778442383","8.199999809265137"
"14.164630889892578","35.999996185302734"
"21.40169906616211","1.4999998807907104"
"13.188982963562012","0.30000001192092896"
"5.737459182739258","4.1114343929393726e-8"
"2.1817898750305176","4.1114343929393726e-8"
"0.04763780161738396","10.000000953674316"
"2.026275634765625","0.30000001192092896"
"0.8600613474845886","0.30000001192092896"
"0.2538478970527649","2"
"0.9508643746376038","4.1114343929393726e-8"
"1.473901391029358","4.1114343929393726e-8"
"14.483917236328125","4.1114343929393726e-8"
"13.196803092956543","4.1114343929393726e-8"
"25.884775161743164","4.1114343929393726e-8"
"15.963176727294922","4.1114343929393726e-8"
"5.709555625915527","4.1114343929393726e-8"
"2.3701066970825195","4.1114343929393726e-8"
"3.8154399394989014","4.1114343929393726e-8"
"2.834695339202881","4.1114343929393726e-8"
"1.3188339471817017","4.1114343929393726e-8"
"1.8035986423492432","4.1114343929393726e-8"
"3.3613979816436768","18.699996948242188"
"0.6285779476165771","3.0999996662139893"
"8.527572631835938","4.1114343929393726e-8"
"5.119670867919922","4.1114343929393726e-8"
"15.213973045349121","0.7000000476837158"
"5.661827087402344","3.5999999046325684"
"0.41543257236480713","0.800000011920929"
"1.631981611251831","0.10000001639127731"
"2.5245792865753174","26.80000114440918"
"0.6673091650009155","14.000000953674316"
"1.0682860612869263","1.600000023841858"
"0.16404005885124207","20.999996185302734"
"11.946927070617676","54.79999542236328"
"0.5184309482574463","3.1999998092651367"
"8.022746086120605","0.10000001639127731"
"7.375057697296143","4.1114343929393726e-8"
"6.219611644744873","4.1114343929393726e-8"
"1.4540194272994995","9.099998474121094"
"0.9941089153289795","4.1114343929393726e-8"
"0.45724761486053467","5.100000381469727"
"3.6472997665405273","44.399993896484375"
"1.0343886613845825","4.1114343929393726e-8"
"0.8275068402290344","14.499999046325684"
"1.4548449516296387","28.89999771118164"
"13.16751480102539","49.29999542236328"
"0.18171852827072144","2"
"2.6833107471466064","4.800000190734863"
"4.749361991882324","26.80000114440918"
"7.529405117034912","20.999996185302734"
"3.3535401821136475","19.899999618530273"
"1.0820496082305908","0.7000000476837158"
"1.0709941387176514","42.499996185302734"
"2.1071786880493164","24.29999542236328"
"0.48005184531211853","56.79999542236328"
"0.37438857555389404","48.79998779296875"
"1.7143795490264893","81.70001220703125"
"6.7629313468933105","60.900001525878906"
"0.49451887607574463","22.899999618530273"
"2.0332586765289307","29.199993133544922"
"0.9669079780578613","14.799997329711914"
"12.366890907287598","34.499996185302734"
"8.989849090576172","36.399993896484375"
"0.8610795140266418","8.899998664855957"
"0.9884728193283081","19.299999237060547"
"3.3333964347839355","30.199996948242188"
"0.3199220895767212","8.899998664855957"
"0.7750890254974365","3"
"0.4315745234489441","58.299991607666016"
"0.8974509835243225","6.500000476837158"
"1.01987886428833","9.299999237060547"
"4.540943145751953","24.599998474121094"
"6.725183486938477","25.200000762939453"
"21.13030433654785","17.499998092651367"
"13.84189224243164","9.899999618530273"
"1.7934125661849976","153.1999969482422"
"6.013164043426514","64.20001983642578"
"5.3171281814575195","36.69999313354492"
"0.8538601994514465","37.39999008178711"
"0.756256103515625","22.299997329711914"
"2.5613021850585938","38.799991607666016"
"1.1676491498947144","20.699993133544922"
"1.4324634075164795","6.59999942779541"
"8.85903263092041","2.499999761581421"
"16.76226234436035","7.40000057220459"
"23.291412353515625","47.099998474121094"
"6.768938064575195","2.799999713897705"
"2.4259634017944336","8.80000114440918"
"3.497906446456909","0.10000001639127731"
"0.9696918725967407","4.1114343929393726e-8"
"1.5016286373138428","4.1114343929393726e-8"
"0.6240648031234741","4.1114343929393726e-8"
"0.9609904885292053","4.1114343929393726e-8"
"2.210677146911621","4.1114343929393726e-8"
"2.0788187980651855","4.1114343929393726e-8"
"14.45408821105957","1.600000023841858"
"28.754037857055664","4.1114343929393726e-8"
"28.94801139831543","4.1114343929393726e-8"
"5.703022480010986","0.6000000238418579"
"3.5656750202178955","4.1114343929393726e-8"
"3.7703771591186523","12.399999618530273"
"2.2034621238708496","0.30000001192092896"
"1.7837175130844116","4.1114343929393726e-8"
"3.055392265319824","4.1114343929393726e-8"
"1.447299838066101","0.10000001639127731"
"6.50070858001709","4.1114343929393726e-8"
"1.310438632965088","4.1114343929393726e-8"
"21.04821014404297","27.599998474121094"
"29.06424331665039","4.1114343929393726e-8"
"43.7674674987793","0.7000000476837158"
"11.482881546020508","4.700000286102295"
"7.429265022277832","4.1114343929393726e-8"
"5.181471347808838","5.900000095367432"
"5.893379211425781","4.1114343929393726e-8"
"6.214207172393799","4.1114343929393726e-8"
"8.992807388305664","4.1114343929393726e-8"
"3.6877143383026123","4.1114343929393726e-8"
"11.745675086975098","4.1114343929393726e-8"
"4.053338050842285","4.1114343929393726e-8"
"15.23238468170166","3.1999998092651367"
"17.51012420654297","2.3000001907348633"
"30.994834899902344","8"
"9.597335815429688","1.7000000476837158"
"6.46278715133667","22"
"5.844606399536133","4.1114343929393726e-8"
"4.015953063964844","4.1114343929393726e-8"
"6.437533855438232","0.4000000059604645"
"5.231827259063721","4.1114343929393726e-8"
"2.5336074829101562","4.1114343929393726e-8"
"8.362271308898926","4.1114343929393726e-8"
"1.3947633504867554","4.1114343929393726e-8"
"19.25518226623535","11.399998664855957"
"19.68488883972168","20.499996185302734"
"34.27141571044922","5.600000381469727"
"13.43458366394043","4.1114343929393726e-8"
"5.183509349822998","4.1114343929393726e-8"
"3.4196531772613525","0.19999997317790985"
"1.9580992460250854","4.1114343929393726e-8"
"2.8585262298583984","4.1114343929393726e-8"
"7.361303329467773","4.1114343929393726e-8"
"2.6617400646209717","4.1114343929393726e-8"
"6.411795616149902","4.1114343929393726e-8"
"1.4623923301696777","4.1114343929393726e-8"
"11.975337982177734","60.59999084472656"
"16.98506736755371","25.699996948242188"
"33.091163635253906","36.49999237060547"
"14.498934745788574","1.1999999284744263"
"7.325356483459473","4.1114343929393726e-8"
"1.4571373462677002","4.1114343929393726e-8"
"1.9358420372009277","4.1114343929393726e-8"
"2.542524576187134","4.1114343929393726e-8"
"1.0001983642578125","4.1114343929393726e-8"
"0.8886088132858276","4.1114343929393726e-8"
"4.825336456298828","2"
"3.250117540359497","13.100001335144043"
"16.780935287475586","14.39999771118164"
"13.598937034606934","42.899993896484375"
"29.04549789428711","56.79999542236328"
"13.145208358764648","27.999990463256836"
"10.080833435058594","12.200000762939453"
"6.888180732727051","4.800000190734863"
"3.2504756450653076","4.1114343929393726e-8"
"2.0814640522003174","1.600000023841858"
"2.5074503421783447","22.799999237060547"
"4.429418563842773","4.1114343929393726e-8"
"4.931760787963867","2.3000001907348633"
"2.620473861694336","9.800000190734863"
"18.778940200805664","27.999990463256836"
"16.622543334960938","4.1114343929393726e-8"
"21.53435516357422","56.500003814697266"
"11.388784408569336","38.59999465942383"
"5.361044883728027","6.500000476837158"
"8.739906311035156","40.400001525878906"
"0.8916653990745544","10.80000114440918"
"2.5591065883636475","4.600000381469727"
"2.9411308765411377","19.599998474121094"
"1.6115094423294067","5.100000381469727"
"6.868102073669434","5.600000381469727"
"3.7521214485168457","62.69998550415039"
"20.128875732421875","35.4999885559082"
"39.59486770629883","31.89999771118164"
"46.9786376953125","36.59999465942383"
"20.759361267089844","67.19999694824219"
"13.462972640991211","34.399993896484375"
"7.394973278045654","44.89999008178711"
"2.745861530303955","38.89999008178711"
"7.782873630523682","32.19999313354492"
"8.180901527404785","35.30000305175781"
"4.386166572570801","34.69999313354492"
"1.7894504070281982","14.699999809265137"
"1.7204761505126953","4.1114343929393726e-8"
"36.15314483642578","4.1114343929393726e-8"
"41.439266204833984","4.1114343929393726e-8"
"44.32538604736328","4.1114343929393726e-8"
"15.062300682067871","4.1114343929393726e-8"
"6.885016441345215","4.1114343929393726e-8"
"2.6733386516571045","4.1114343929393726e-8"
"1.964028000831604","4.1114343929393726e-8"
"3.62027645111084","4.1114343929393726e-8"
"3.292630195617676","4.1114343929393726e-8"
"0.8702083826065063","4.1114343929393726e-8"
"1.0473790168762207","4.1114343929393726e-8"
"2.7744131088256836","33.59999465942383"
"22.521791458129883","4.1114343929393726e-8"
"27.956865310668945","4.1114343929393726e-8"
"35.60551834106445","4.1114343929393726e-8"
"13.357141494750977","34.69999313354492"
"7.898799896240234","4.1114343929393726e-8"
"6.964476585388184","4.1114343929393726e-8"
"2.6008670330047607","4.1114343929393726e-8"
"10.164302825927734","4.1114343929393726e-8"
"3.1836652755737305","4.1114343929393726e-8"
"2.8874521255493164","4.1114343929393726e-8"
"2.912022829055786","4.1114343929393726e-8"
"2.0483298301696777","4.1114343929393726e-8"
"25.008758544921875","4.1114343929393726e-8"
"20.053466796875","4.1114343929393726e-8"
"30.16363525390625","4.1114343929393726e-8"
"12.498285293579102","4.1114343929393726e-8"
"6.23085355758667","4.1114343929393726e-8"
"5.47861909866333","4.1114343929393726e-8"
"1.120883584022522","4.1114343929393726e-8"
"6.530077934265137","4.1114343929393726e-8"
"7.052555561065674","4.1114343929393726e-8"
"2.251818895339966","4.1114343929393726e-8"
"2.189453363418579","4.1114343929393726e-8"
"0.9152138233184814","4.1114343929393726e-8"
"17.50957679748535","4.1114343929393726e-8"
"9.142396926879883","4.1114343929393726e-8"
"24.35845184326172","4.1114343929393726e-8"
"7.975726127624512","4.1114343929393726e-8"
"4.757135391235352","4.1114343929393726e-8"
"1.8075876235961914","4.1114343929393726e-8"
"0.686079740524292","4.1114343929393726e-8"
"2.8827619552612305","4.1114343929393726e-8"
"1.905983805656433","4.1114343929393726e-8"
"0.37291499972343445","4.1114343929393726e-8"
"1.404306173324585","4.1114343929393726e-8"
"0.6992799043655396","4.1114343929393726e-8"
"19.46917152404785","4.1114343929393726e-8"
"16.44617462158203","4.1114343929393726e-8"
"30.69647979736328","4.1114343929393726e-8"
"7.502468585968018","4.1114343929393726e-8"
"2.6188223361968994","4.1114343929393726e-8"
"3.92622709274292","4.1114343929393726e-8"
"2.919666290283203","4.1114343929393726e-8"
"5.336362838745117","4.1114343929393726e-8"
"3.638077735900879","4.1114343929393726e-8"
"3.5279505252838135","4.1114343929393726e-8"
"7.034750938415527","4.1114343929393726e-8"
"1.0426098108291626","4.1114343929393726e-8"
"12.355550765991211","4.1114343929393726e-8"
"12.555216789245605","4.1114343929393726e-8"
"21.4310245513916","4.1114343929393726e-8"
"3.5429599285125732","4.1114343929393726e-8"
"2.6175179481506348","4.1114343929393726e-8"
"1.9092419147491455","4.1114343929393726e-8"
"1.0651636123657227","4.1114343929393726e-8"
"3.990204334259033","4.1114343929393726e-8"
"1.403118371963501","4.1114343929393726e-8"
"2.0095605850219727","4.1114343929393726e-8"
"5.1414031982421875","4.1114343929393726e-8"
"1.4653065204620361","4.1114343929393726e-8"
"16.397846221923828","4.1114343929393726e-8"
"15.431156158447266","1.100000023841858"
"30.735761642456055","4.1114343929393726e-8"
"8.312335968017578","4.1114343929393726e-8"
"6.454347610473633","4.1114343929393726e-8"
"4.3943586349487305","4.1114343929393726e-8"
"3.587885618209839","4.1114343929393726e-8"
"3.1596553325653076","4.1114343929393726e-8"
"4.701642036437988","4.1114343929393726e-8"
"3.262153387069702","4.1114343929393726e-8"
"8.399949073791504","4.1114343929393726e-8"
"0.49661052227020264","4.1114343929393726e-8"
"6.943854808807373","8.600000381469727"
"15.749739646911621","4.1114343929393726e-8"
"21.18504524230957","4.1114343929393726e-8"
"3.2842931747436523","4.1114343929393726e-8"
"3.60176157951355","4.1114343929393726e-8"
"2.7381362915039062","4.1114343929393726e-8"
"2.717747449874878","4.1114343929393726e-8"
"0.9072860479354858","4.1114343929393726e-8"
"1.531145453453064","4.1114343929393726e-8"
"0.8756995797157288","4.1114343929393726e-8"
"8.370330810546875","4.1114343929393726e-8"
"0.7680109739303589","16.299997329711914"
"5.574110984802246","1.8000000715255737"
"6.82625150680542","7.600000381469727"
"16.177040100097656","48.399993896484375"
"4.124399185180664","10.599998474121094"
"3.46742844581604","5.300000190734863"
"0.7282229661941528","24.80000114440918"
"1.8401384353637695","2.3999998569488525"
"0.830797553062439","4.1114343929393726e-8"
"0.9635041952133179","4.1114343929393726e-8"
"0.9902468919754028","4.1114343929393726e-8"
"7.1657233238220215","43.80000305175781"
"0.7525203227996826","58.40000534057617"
"7.828420639038086","60.20000076293945"
"5.316936016082764","21.899999618530273"
"22.675315856933594","63.59999465942383"
"6.97150182723999","31.600000381469727"
"1.341947317123413","62.000022888183594"
"1.932376503944397","24.599998474121094"
"1.9883863925933838","4.700000286102295"
"1.4666547775268555","7.1999993324279785"
"1.0793348550796509","3.0999996662139893"
"1.1496325731277466","7.800000190734863"
"5.578822612762451","13.699997901916504"
"0.8735826015472412","0.5"
"13.81450080871582","2.3000001907348633"
"13.893997192382812","5.399999618530273"
"31.931867599487305","3.0999996662139893"
"9.190101623535156","0.800000011920929"
"4.408791542053223","4.1114343929393726e-8"
"1.4563027620315552","8.69999885559082"
"2.391150951385498","6.500000476837158"
"0.7296432256698608","13.80000114440918"
"0.7010015249252319","11.799999237060547"
"0.6485866904258728","13.599998474121094"
"4.849370956420898","4.1114343929393726e-8"
"1.346766710281372","40.19999694824219"
"18.819068908691406","4.1114343929393726e-8"
"16.567293167114258","11.69999885559082"
"35.50274658203125","18.899995803833008"
"14.126032829284668","40.79998779296875"
"5.886444091796875","4.1114343929393726e-8"
"8.476122856140137","4.1114343929393726e-8"
"3.0883429050445557","4.1114343929393726e-8"
"1.4590739011764526","4.1114343929393726e-8"
"3.6353631019592285","4.1114343929393726e-8"
"2.1333260536193848","4.1114343929393726e-8"
"7.436162948608398","4.1114343929393726e-8"
"4.6807050704956055","4.800000190734863"
"16.01189613342285","15.300000190734863"
"17.672916412353516","6.299999237060547"
"30.323081970214844","28.499996185302734"
"14.708524703979492","2.3000001907348633"
"13.31523323059082","4.1114343929393726e-8"
"8.802055358886719","4.1114343929393726e-8"
"1.3451842069625854","4.1114343929393726e-8"
"3.1859846115112305","4.1114343929393726e-8"
"2.682246208190918","4.1114343929393726e-8"
"2.086851119995117","4.1114343929393726e-8"
"9.310497283935547","4.1114343929393726e-8"
"3.558551788330078","7"
"20.570682525634766","0.5"
"25.00707244873047","4.1114343929393726e-8"
"48.529388427734375","2"
"11.082796096801758","26.09999656677246"
"15.798971176147461","4.1114343929393726e-8"
"3.9354054927825928","4"
"1.75565505027771","7"
"6.908614635467529","2"
"5.797256946563721","5"
"2.858074903488159","0.10000001639127731"
"4.722150802612305","5.999999523162842"
"2.6414406299591064","4.1114343929393726e-8"
"32.11184310913086","5"
"19.83348846435547","2"
"51.202186584472656","48.99999237060547"
"7.356888771057129","4.1114343929393726e-8"
"9.952506065368652","4.1114343929393726e-8"
"4.720949172973633","4.1114343929393726e-8"
"1.969660997390747","0.4000000059604645"
"5.498884677886963","4.1114343929393726e-8"
"9.193642616271973","10.000000953674316"
"1.1833735704421997","3"
"9.098397254943848","0.800000011920929"
"3.767890453338623","3.1999998092651367"
"21.606048583984375","18"
"25.795265197753906","5"
"26.465347290039062","24.99999237060547"
"11.226964950561523","5"
"10.314652442932129","7"
"3.398555278778076","0.30000001192092896"
"2.6479482650756836","1"
"9.390796661376953","4.1114343929393726e-8"
"5.312911510467529","11.999999046325684"
"3.094900131225586","0.19999997317790985"
"4.626653671264648","0.5"
"4.322331428527832","4.1114343929393726e-8"
"20.831195831298828","4.1114343929393726e-8"
"16.849472045898438","24.99999237060547"
"20.17949676513672","16.999996185302734"
"15.000934600830078","1"
"7.4349565505981445","4.1114343929393726e-8"
"2.782283306121826","4.1114343929393726e-8"
"1.4476392269134521","16.999996185302734"
"4.816901206970215","4.1114343929393726e-8"
"4.043546199798584","4.1114343929393726e-8"
"1.29996657371521","5"
"4.321059226989746","4.1114343929393726e-8"
"2.1438512802124023","9"
"20.25116539001465","5.999999523162842"
"20.746747970581055","14.000000953674316"
"29.200735092163086","11"
"15.791107177734375","31"
"5.687947750091553","17.299997329711914"
"4.869699478149414","46.59999084472656"
"3.5605084896087646","15"
"3.1934139728546143","25.999996185302734"
"1.45405912399292","14.000000953674316"
"1.0190776586532593","12.999998092651367"
"3.18717885017395","67.39999389648438"
"3.966789484024048","2"
"28.450002670288086","7.300000190734863"
"26.97513198852539","82.99998474121094"
"27.624168395996094","18"
"12.523517608642578","8"
"10.431413650512695","4.1114343929393726e-8"
"12.959731101989746","5.999999523162842"
"8.931405067443848","33"
"17.114988327026367","12.999998092651367"
"6.9716386795043945","5.999999523162842"
"8.884726524353027","19"
"4.847771167755127","15.999996185302734"
"6.988935470581055","4"
"21.03091812133789","34.69999313354492"
"24.926218032836914","5.999999523162842"
"27.686359405517578","37"
"12.86268138885498","14.000000953674316"
"9.480962753295898","11.999999046325684"
"12.543432235717773","9"
"1.9113041162490845","65.00000762939453"
"7.930781364440918","49.9999885559082"
"6.427826404571533","3"
"4.3202667236328125","29.000001907348633"
"9.75349235534668","23"
"4.136044502258301","13.100001335144043"
"16.071619033813477","1"
"25.858642578125","2"
"39.61817932128906","17.099994659423828"
"10.27315616607666","27.099994659423828"
"10.97094440460205","10.099998474121094"
"7.005758285522461","1"
"5.014568328857422","4.1114343929393726e-8"
"9.36487865447998","3"
"12.353519439697266","11"
"8.112465858459473","4.1114343929393726e-8"
"12.259283065795898","2.1999998092651367"
"4.317409038543701","8.899998664855957"
"16.968433380126953","2"
"29.47972869873047","4.1114343929393726e-8"
"39.27826690673828","4.1114343929393726e-8"
"12.241599082946777","4.1114343929393726e-8"
"9.92504596710205","5.999999523162842"
"5.891472339630127","4.1114343929393726e-8"
"5.9560160636901855","4.1114343929393726e-8"
"6.065054416656494","4.1114343929393726e-8"
"14.667464256286621","4.1114343929393726e-8"
"5.028677940368652","4.1114343929393726e-8"
"10.007207870483398","6.799999237060547"
"8.270387649536133","9.199999809265137"
"15.979718208312988","22"
"15.211832046508789","19"
"23.355695724487305","0.19999997317790985"
"11.860542297363281","3"
"7.648252010345459","12.999998092651367"
"4.383683681488037","4.1114343929393726e-8"
"3.255509614944458","22"
"9.450929641723633","0.19999997317790985"
"4.743634223937988","2"
"1.993528962135315","4.1114343929393726e-8"
"9.183473587036133","0.30000001192092896"
"2.97946834564209","2.799999713897705"
"16.124156951904297","0.8999999761581421"
"17.835966110229492","4.1114343929393726e-8"
"19.67593002319336","0.10000001639127731"
"12.553206443786621","4.499999523162842"
"4.354500770568848","27.999990463256836"
"3.6543214321136475","7.800000190734863"
"4.39509916305542","38.99999237060547"
"4.800725936889648","12.999998092651367"
"3.681532382965088","10.000000953674316"
"2.917856454849243","33"
"3.3441195487976074","69.9999771118164"
"1.441593885421753","19"
"9.010281562805176","8.5"
"14.279680252075195","0.4000000059604645"
"14.278987884521484","12.90000057220459"
"7.334635257720947","22"
"3.246583938598633","22"
"2.112661361694336","55.89998245239258"
"2.2678732872009277","101.99999237060547"
"2.2183916568756104","99.99998474121094"
"0.6494269371032715","37.999996185302734"
"0.5246075987815857","65.00000762939453"
"1.6506781578063965","103.00001525878906"
"1.2594549655914307","3"
"10.011664390563965","11.200000762939453"
"11.128253936767578","24.69999885559082"
"18.435760498046875","2.1000001430511475"
"4.053562641143799","8"
"3.1041529178619385","9"
"3.1229164600372314","8.09999942779541"
"1.7479801177978516","5.799999713897705"
"1.108376383781433","5.999999523162842"
"1.9323893785476685","6.90000057220459"
"1.0893914699554443","5.200000286102295"
"3.1849632263183594","8"
"2.001338005065918","15.899996757507324"
"8.184551239013672","1"
"10.112640380859375","0.8999999761581421"
"15.174506187438965","31"
"2.7300071716308594","24.000001907348633"
"2.432605743408203","7.100000381469727"
"2.937652587890625","31"
"0.44928956031799316","16.199996948242188"
"2.3035504817962646","7"
"0.7792083024978638","19.099998474121094"
"0.6454797983169556","33.79999542236328"
"1.5098075866699219","4.1114343929393726e-8"
"1.4078707695007324","27.999990463256836"
"19.706743240356445","11"
"21.292417526245117","3"
"43.112972259521484","10.000000953674316"
"6.946425437927246","23"
"12.193830490112305","14.000000953674316"
"2.0875823497772217","14.000000953674316"
"1.6619582176208496","19.999996185302734"
"5.001082420349121","18"
"10.451679229736328","10.000000953674316"
"4.26570987701416","24.5"
"7.3826470375061035","5.799999713897705"
"1.8556081056594849","10.000000953674316"
"21.113330841064453","29.999998092651367"
"16.331501007080078","7"
"35.83802795410156","9"
"19.30630111694336","8"
"8.87756061553955","11.600000381469727"
"2.253018379211426","19.999996185302734"
"4.706874847412109","29.999998092651367"
"3.3243625164031982","12.999998092651367"
"7.5356221199035645","5.999999523162842"
"2.503148317337036","7"
"2.6742947101593018","3"
"2.999846935272217","42.99999237060547"
"25.559093475341797","11.999999046325684"
"19.519926071166992","15.999996185302734"
"27.31134605407715","27.999990463256836"
"15.365548133850098","42.99999237060547"
"7.031596660614014","71.40001678466797"
"4.049705982208252","34.99999237060547"
"2.672736167907715","16.699996948242188"
"4.25465202331543","50.999996185302734"
"4.121655464172363","15"
"3.503051996231079","46.99999237060547"
"2.616241455078125","24.99999237060547"
"1.1568387746810913","33.999996185302734"
"24.366289138793945","8"
"23.90979766845703","0.6000000238418579"
"30.875381469726562","929"
"16.614206314086914","8"
"6.664071559906006","31.9999942779541"
"4.1519880294799805","38.99999237060547"
"0.9832299947738647","30.399999618530273"
"2.81719970703125","34.099998474121094"
"3.461043357849121","22"
"1.8818881511688232","65.99998474121094"
"3.7017455101013184","18"
"0.7453851699829102","24.000001907348633"
"22.90125846862793","77.00001525878906"
"28.562158584594727","112.40003967285156"
"37.570777893066406","65.00000762939453"
"11.842076301574707","25.999996185302734"
"7.797229290008545","45.99999237060547"
"1.7271432876586914","52.99999237060547"
"0.5631598234176636","6.90000057220459"
"0.8699725866317749","21.899999618530273"
"1.8120455741882324","18"
"0.6311520338058472","7"
"0.40530580282211304","42.99999237060547"
"1.7537868022918701","56"
"34.67131042480469","42.000003814697266"
"29.153522491455078","110.99998474121094"
"34.8531379699707","97.00001525878906"
"11.858323097229004","42.000003814697266"
"7.933428764343262","15.999996185302734"
"4.149431228637695","36.19999694824219"
"0.8642855286598206","115.00004577636719"
"2.0476279258728027","40"
"3.011094570159912","31"
"1.8817830085754395","40.99999237060547"
"1.0511829853057861","42.99999237060547"
"0.9544388651847839","11.999999046325684"
"24.908306121826172","48.99999237060547"
"23.381771087646484","25.999996185302734"
"25.682865142822266","31.9999942779541"
"9.415157318115234","18"
"8.07827091217041","19"
"2.3043081760406494","5"
"0.14473788440227509","20.999996185302734"
"2.005280017852783","4.1114343929393726e-8"
"2.7117135524749756","5"
"0.5991557836532593","1.4999998807907104"
"1.1424932479858398","0.19999997317790985"
"0.3715724050998688","24.000001907348633"
"19.053157806396484","60.999996185302734"
"31.75543785095215","84.99998474121094"
"25.403873443603516","64.00001525878906"
"13.511072158813477","33.999996185302734"
"9.387365341186523","9"
"2.8509175777435303","8"
"0.791691780090332","16.999996185302734"
"2.3836185932159424","2"
"8.362714767456055","9"
"1.0582869052886963","2"
"3.9909043312072754","0.19999997317790985"
"0.777430534362793","5.999999523162842"
"28.07672119140625","19"
"26.89696502685547","206.00001525878906"
"26.939172744750977","14.000000953674316"
"15.023462295532227","18"
"8.795111656188965","35.999996185302734"
"3.8125534057617188","9"
"2.118938446044922","2"
"2.26707124710083","18"
"3.6469807624816895","15.999996185302734"
"0.8106744289398193","4.1114343929393726e-8"
"2.4744060039520264","0.10000001639127731"
"0.9956421852111816","4.1114343929393726e-8"
"16.828216552734375","18"
"13.170838356018066","29.000001907348633"
"17.345905303955078","31"
"10.356724739074707","2.1000001430511475"
"9.35379409790039","0.10000001639127731"
"3.7314271926879883","0.10000001639127731"
"0.5978841781616211","4.1114343929393726e-8"
"4.378283500671387","4.1114343929393726e-8"
"1.5091307163238525","4.1114343929393726e-8"
"0.9942284822463989","4.1114343929393726e-8"
"1.4415456056594849","4.1114343929393726e-8"
"1.052058219909668","4.1114343929393726e-8"
"24.203426361083984","8.199999809265137"
"23.497509002685547","35.999996185302734"
"27.237733840942383","1.4999998807907104"
"11.333270072937012","0.30000001192092896"
"13.350619316101074","4.1114343929393726e-8"
"5.761947154998779","4.1114343929393726e-8"
"0.38901248574256897","10.000000953674316"
"2.673429250717163","0.30000001192092896"
"1.4627327919006348","0.30000001192092896"
"2.0129709243774414","2"
"1.758988380432129","4.1114343929393726e-8"
"0.5694057941436768","10.000000953674316"
"28.163089752197266","4.1114343929393726e-8"
"23.192554473876953","18"
"29.137357711791992","52.49999237060547"
"13.747110366821289","12.699996948242188"
"8.33088207244873","3"
"6.137037754058838","29.09999656677246"
"0.8658332228660583","10.000000953674316"
"2.271437168121338","2.6000001430511475"
"2.156797170639038","8.69999885559082"
"0.7289321422576904","1"
"0.6615484952926636","2.6000001430511475"
"0.6175868511199951","7"
"19.779279708862305","4.1114343929393726e-8"
"27.207796096801758","10.199997901916504"
"24.298946380615234","24.99999237060547"
"9.030468940734863","7"
"12.107230186462402","2.3000001907348633"
"4.429704189300537","1.899999976158142"
"2.2020654678344727","8.09999942779541"
"2.836937189102173","67.10000610351562"
"3.0801472663879395","1.899999976158142"
"0.930481493473053","19.199996948242188"
"0.6706402897834778","25.599992752075195"
"2.388239860534668","4.1114343929393726e-8"
"12.849087715148926","4.1114343929393726e-8"
"24.487071990966797","4.1114343929393726e-8"
"21.375751495361328","4.1114343929393726e-8"
"6.071855545043945","4.1114343929393726e-8"
"6.217385292053223","4.1114343929393726e-8"
"1.5304111242294312","4.1114343929393726e-8"
"0","4.1114343929393726e-8"
"1.79078209400177","4.1114343929393726e-8"
"0.53467857837677","4.1114343929393726e-8"
"0.04557362571358681","4.1114343929393726e-8"
"0.4611806869506836","4.1114343929393726e-8"
"4.2557244300842285","22.899999618530273"
"16.344257354736328","29.199993133544922"
"29.793731689453125","14.799997329711914"
"47.990684509277344","34.499996185302734"
"13.017936706542969","36.399993896484375"
"11.687281608581543","8.899998664855957"
"11.615676879882812","19.299999237060547"
"4.5367913246154785","30.199996948242188"
"1.9753727912902832","8.899998664855957"
"4.164001941680908","3"
"7.229905128479004","58.299991607666016"
"7.956042766571045","6.500000476837158"
"1.8683526515960693","9.299999237060547"
"16.00988006591797","24.599998474121094"
"9.047036170959473","25.200000762939453"
"31.381460189819336","17.499998092651367"
"9.651812553405762","9.899999618530273"
"12.965803146362305","153.1999969482422"
"3.8005337715148926","64.20001983642578"
"6.934854030609131","36.69999313354492"
"1.8778690099716187","37.39999008178711"
"7.244440078735352","22.299997329711914"
"2.431598663330078","38.799991607666016"
"9.578693389892578","20.699993133544922"
"3.080080509185791","6.59999942779541"
"19.503231048583984","2.499999761581421"
"17.545515060424805","7.40000057220459"
"35.94898223876953","47.099998474121094"
"6.141654968261719","2.799999713897705"
"8.866406440734863","8.80000114440918"
"1.9914535284042358","0.10000001639127731"
"3.554687023162842","4.1114343929393726e-8"
"5.785106182098389","4.1114343929393726e-8"
"8.240200996398926","4.1114343929393726e-8"
"6.268828392028809","4.1114343929393726e-8"
"1.9854830503463745","4.1114343929393726e-8"
"1.838549017906189","4.1114343929393726e-8"
"29.34756088256836","1.600000023841858"
"17.299766540527344","4.1114343929393726e-8"
"21.01869773864746","4.1114343929393726e-8"
"16.766054153442383","0.6000000238418579"
"3.738312244415283","4.1114343929393726e-8"
"2.465073823928833","12.399999618530273"
"0.9990705251693726","0.30000001192092896"
"2.0111587047576904","4.1114343929393726e-8"
"3.01971697807312","4.1114343929393726e-8"
"2.3455827236175537","0.10000001639127731"
"2.4338343143463135","4.1114343929393726e-8"
"0.7368370294570923","4.1114343929393726e-8"
"8.137750625610352","27.599998474121094"
"6.975014686584473","4.1114343929393726e-8"
"16.667116165161133","0.7000000476837158"
"10.424571990966797","4.700000286102295"
"3.787781238555908","4.1114343929393726e-8"
"2.456617593765259","5.900000095367432"
"0.6091315150260925","4.1114343929393726e-8"
"0.6291691660881042","4.1114343929393726e-8"
"1.985262393951416","4.1114343929393726e-8"
"0.8301482200622559","4.1114343929393726e-8"
"1.9740341901779175","4.1114343929393726e-8"
"1.3578869104385376","4.1114343929393726e-8"
"19.04131317138672","3.1999998092651367"
"28.047937393188477","2.3000001907348633"
"20.20368766784668","8"
"15.64885139465332","1.7000000476837158"
"8.604262351989746","22"
"7.289263725280762","4.1114343929393726e-8"
"1.523662805557251","4.1114343929393726e-8"
"2.6209628582000732","0.4000000059604645"
"2.911219835281372","4.1114343929393726e-8"
"4.443408489227295","4.1114343929393726e-8"
"2.4739575386047363","4.1114343929393726e-8"
"2.9025681018829346","4.1114343929393726e-8"
"20.83154296875","11.399998664855957"
"24.638652801513672","20.499996185302734"
"26.25413703918457","5.600000381469727"
"15.200217247009277","4.1114343929393726e-8"
"7.060284614562988","4.1114343929393726e-8"
"5.602029800415039","0.19999997317790985"
"0.8524832129478455","4.1114343929393726e-8"
"3.1901440620422363","4.1114343929393726e-8"
"1.6272637844085693","4.1114343929393726e-8"
"2.0748205184936523","4.1114343929393726e-8"
"1.1855612993240356","4.1114343929393726e-8"
"2.4394049644470215","4.1114343929393726e-8"
"19.400184631347656","60.59999084472656"
"29.84313201904297","25.699996948242188"
"28.609899520874023","36.49999237060547"
"17.26412010192871","1.1999999284744263"
"7.857481956481934","4.1114343929393726e-8"
"4.206335544586182","4.1114343929393726e-8"
"0.9664844870567322","4.1114343929393726e-8"
"2.3392481803894043","4.1114343929393726e-8"
"2.352313280105591","4.1114343929393726e-8"
"0.9376132488250732","4.1114343929393726e-8"
"2.821045398712158","2"
"0.9728050231933594","13.100001335144043"
"30.25124740600586","14.39999771118164"
"34.95198440551758","42.899993896484375"
"36.464542388916016","56.79999542236328"
"7.087235450744629","27.999990463256836"
"3.5361435413360596","12.200000762939453"
"2.863907814025879","4.800000190734863"
"3.0910909175872803","4.1114343929393726e-8"
"1.8227689266204834","1.600000023841858"
"1.9731943607330322","22.799999237060547"
"1.2866144180297852","4.1114343929393726e-8"
"3.8430137634277344","2.3000001907348633"
"1.7792726755142212","9.800000190734863"
"19.493114471435547","27.999990463256836"
"19.988779067993164","4.1114343929393726e-8"
"22.893402099609375","56.500003814697266"
"8.109068870544434","38.59999465942383"
"6.23682975769043","6.500000476837158"
"3.017373561859131","40.400001525878906"
"1.646871566772461","10.80000114440918"
"7.345505714416504","4.600000381469727"
"2.000774383544922","19.599998474121094"
"1.963218331336975","5.100000381469727"
"5.84816837310791","5.600000381469727"
"0.9565604329109192","33.29999923706055"
"30.710561752319336","21.299999237060547"
"19.037750244140625","4.1114343929393726e-8"
"42.680267333984375","19.700000762939453"
"8.767460823059082","29.999998092651367"
"10.631691932678223","36.900001525878906"
"5.954117298126221","10.299997329711914"
"1.1991372108459473","62.5000114440918"
"3.524019241333008","40.49999237060547"
"11.860074043273926","3.3999996185302734"
"1.9540315866470337","30.399999618530273"
"3.6965878009796143","4.1114343929393726e-8"
"0.7691015601158142","46.99999237060547"
"25.395526885986328","55.69999313354492"
"26.364688873291016","24.199996948242188"
"39.183937072753906","120.20004272460938"
"10.953210830688477","39.599998474121094"
"7.606886386871338","17.699995040893555"
"1.550126314163208","34.399993896484375"
"1.0962634086608887","8.199999809265137"
"1.220943808555603","4.600000381469727"
"2.3622446060180664","6.299999237060547"
"0.8443053960800171","3.3999996185302734"
"1.7644554376602173","6.69999885559082"
"1.6129531860351562","20.299999237060547"
"22.280029296875","20.199996948242188"
"16.043170928955078","37.19999313354492"
"34.05527114868164","54.000003814697266"
"15.192617416381836","13.899999618530273"
"4.528036117553711","4.1114343929393726e-8"
"2.8187649250030518","3"
"1.614335298538208","42.09999465942383"
"2.8455846309661865","58.40000534057617"
"2.7579994201660156","11.600000381469727"
"1.65997314453125","36.29999923706055"
"1.9003931283950806","19.899999618530273"
"1.8510386943817139","12.300000190734863"
"14.93212890625","43.899993896484375"
"8.990978240966797","23.799997329711914"
"16.635236740112305","41.29999542236328"
"9.043087005615234","13.100001335144043"
"4.002475738525391","9.599998474121094"
"2.28605055809021","38.20000457763672"
"0.38740041851997375","4.1114343929393726e-8"
"2.6125476360321045","4.1114343929393726e-8"
"0.7545229196548462","4.1114343929393726e-8"
"0.6502805948257446","6.799999237060547"
"3.1828255653381348","18.59999656677246"
"0.6651609539985657","4.1114343929393726e-8"
"12.80509090423584","4.1114343929393726e-8"
"9.616016387939453","4.1114343929393726e-8"
"17.386062622070312","4.1114343929393726e-8"
"8.5908784866333","4.1114343929393726e-8"
"2.741389036178589","4.1114343929393726e-8"
"1.174716830253601","4.1114343929393726e-8"
"2.0285110473632812","4.1114343929393726e-8"
"4.189352512359619","4.1114343929393726e-8"
"1.974841833114624","4.1114343929393726e-8"
"2.064394235610962","4.1114343929393726e-8"
"0.668904185295105","4.1114343929393726e-8"
"1.1807023286819458","4.1114343929393726e-8"
"13.735952377319336","4.1114343929393726e-8"
"7.196115493774414","4.1114343929393726e-8"
"29.878602981567383","4.1114343929393726e-8"
"11.424457550048828","4.1114343929393726e-8"
"6.523870468139648","4.1114343929393726e-8"
"4.943453311920166","4.1114343929393726e-8"
"4.405722618103027","4.1114343929393726e-8"
"2.830108404159546","4.1114343929393726e-8"
"0.8722150921821594","4.1114343929393726e-8"
"1.0778857469558716","4.1114343929393726e-8"
"2.055882453918457","4.1114343929393726e-8"
"2.8341641426086426","4.1114343929393726e-8"
"19.895963668823242","4.1114343929393726e-8"
"20.54619026184082","4.1114343929393726e-8"
"30.82105827331543","4.1114343929393726e-8"
"11.739960670471191","4.1114343929393726e-8"
"10.244696617126465","4.1114343929393726e-8"
"8.200925827026367","4.1114343929393726e-8"
"1.778074860572815","4.1114343929393726e-8"
"8.028459548950195","4.1114343929393726e-8"
"3.302690029144287","4.1114343929393726e-8"
"2.7895350456237793","4.1114343929393726e-8"
"4.081168174743652","4.1114343929393726e-8"
"2.624441385269165","4.1114343929393726e-8"
"21.994583129882812","4.1114343929393726e-8"
"23.395538330078125","1.100000023841858"
"33.805721282958984","4.1114343929393726e-8"
"8.719979286193848","4.1114343929393726e-8"
"7.84501838684082","4.1114343929393726e-8"
"4.35470724105835","4.1114343929393726e-8"
"1.6868047714233398","4.1114343929393726e-8"
"4.909682273864746","4.1114343929393726e-8"
"2.970097780227661","4.1114343929393726e-8"
"4.11467170715332","4.1114343929393726e-8"
"9.268226623535156","4.1114343929393726e-8"
"0.4099147915840149","4.1114343929393726e-8"
"19.228084564208984","8.600000381469727"
"21.63735580444336","4.1114343929393726e-8"
"36.341800689697266","4.1114343929393726e-8"
"6.880847930908203","4.1114343929393726e-8"
"3.2028441429138184","4.1114343929393726e-8"
"2.0745086669921875","4.1114343929393726e-8"
"2.2840399742126465","4.1114343929393726e-8"
"1.3568410873413086","4.1114343929393726e-8"
"3.663585901260376","4.1114343929393726e-8"
"1.3978278636932373","4.1114343929393726e-8"
"2.1786813735961914","4.1114343929393726e-8"
"1.2764462232589722","16.299997329711914"
"20.778444290161133","1.8000000715255737"
"19.972177505493164","7.600000381469727"
"25.65501594543457","48.399993896484375"
"10.474617004394531","10.599998474121094"
"6.790957450866699","5.300000190734863"
"3.215214252471924","24.80000114440918"
"1.7700215578079224","2.3999998569488525"
"2.1790547370910645","4.1114343929393726e-8"
"2.699976921081543","4.1114343929393726e-8"
"1.7370120286941528","4.1114343929393726e-8"
"2.387545585632324","43.80000305175781"
"2.090106725692749","58.40000534057617"
"9.247807502746582","60.20000076293945"
"9.234188079833984","21.899999618530273"
"17.364009857177734","63.59999465942383"
"13.590930938720703","31.600000381469727"
"5.107722759246826","62.000022888183594"
"1.2269755601882935","24.599998474121094"
"0.5486893057823181","4.700000286102295"
"2.696272134780884","7.1999993324279785"
"0.26308509707450867","3.0999996662139893"
"1.0954996347427368","7.800000190734863"
"1.3699185848236084","13.699997901916504"
"0.7819980382919312","0.5"
"14.817516326904297","2.3000001907348633"
"24.259883880615234","5.399999618530273"
"21.21283721923828","3.0999996662139893"
"10.125709533691406","0.800000011920929"
"4.477494239807129","4.1114343929393726e-8"
"8.024361610412598","8.69999885559082"
"2.017409563064575","6.500000476837158"
"3.1676762104034424","13.80000114440918"
"1.9062602519989014","11.799999237060547"
"1.900596022605896","13.599998474121094"
"0.717416524887085","4.1114343929393726e-8"
"1.268335223197937","40.19999694824219"
"20.110149383544922","4.1114343929393726e-8"
"26.70153045654297","11.69999885559082"
"21.635112762451172","18.899995803833008"
"8.566082000732422","40.79998779296875"
"7.166011333465576","4.1114343929393726e-8"
"3.7317166328430176","4.1114343929393726e-8"
"1.7003629207611084","4.1114343929393726e-8"
"0.8751322031021118","4.1114343929393726e-8"
"1.6128995418548584","4.1114343929393726e-8"
"0.4404524564743042","4.1114343929393726e-8"
"2.4192142486572266","4.1114343929393726e-8"
"2.993868827819824","4.800000190734863"
"15.462055206298828","15.300000190734863"
"19.83341407775879","6.299999237060547"
"27.33867073059082","28.499996185302734"
"6.38934850692749","2.3000001907348633"
"6.87654972076416","4.1114343929393726e-8"
"2.3074748516082764","4.1114343929393726e-8"
"0.7508190870285034","4.1114343929393726e-8"
"4.004450798034668","4.1114343929393726e-8"
"2.7242178916931152","4.1114343929393726e-8"
"1.09819757938385","4.1114343929393726e-8"
"3.232426643371582","4.1114343929393726e-8"
"1.4963269233703613","31.299997329711914"
"24.758962631225586","90.29998779296875"
"27.28512191772461","100.60001373291016"
"38.3348274230957","68.0999984741211"
"7.146930694580078","15.899996757507324"
"8.252341270446777","25.399995803833008"
"1.8480595350265503","47.30000305175781"
"0.676862359046936","4.1114343929393726e-8"
"4.094100475311279","4.1114343929393726e-8"
"2.969670534133911","5.900000095367432"
"1.3461655378341675","4.300000190734863"
"1.336906909942627","4.1114343929393726e-8"
"0.9724418520927429","12.200000762939453"
"23.591413497924805","34.29999542236328"
"13.585358619689941","2.3999998569488525"
"29.405935287475586","14.899998664855957"
"16.280433654785156","11.499998092651367"
"5.523658752441406","4.600000381469727"
"3.0481529235839844","11.100001335144043"
"0.5108962655067444","4.1114343929393726e-8"
"1.913019061088562","3.8999998569488525"
"1.3704969882965088","20.699993133544922"
"0.3074028193950653","2.3000001907348633"
"3.532789468765259","4.1114343929393726e-8"
"0.5938345193862915","9.699997901916504"
"25.242568969726562","28.699995040893555"
"20.737079620361328","39.100006103515625"
"26.357519149780273","35.69999313354492"
"8.480382919311523","4.099999904632568"
"7.647777557373047","4.1114343929393726e-8"
"4.3819732666015625","4.90000057220459"
"3.2546985149383545","4.1114343929393726e-8"
"4.430215358734131","4.1114343929393726e-8"
"5.1330671310424805","4.1114343929393726e-8"
"2.615334987640381","4.1114343929393726e-8"
"6.294821739196777","4.1114343929393726e-8"
"3.4224274158477783","4.1114343929393726e-8"
"21.59507179260254","50.499996185302734"
"24.205265045166016","3.3999996185302734"
"20.69317626953125","36.69999313354492"
"10.839927673339844","1.8000000715255737"
"7.095085144042969","4.400000095367432"
"3.1691107749938965","4.1114343929393726e-8"
"0.2612169682979584","4.1114343929393726e-8"
"4.47037410736084","4.1114343929393726e-8"
"1.420217752456665","4.1114343929393726e-8"
"1.022293210029602","4.1114343929393726e-8"
"4.790837287902832","4.1114343929393726e-8"
"2.8998727798461914","9"
"13.971075057983398","5.999999523162842"
"9.722746849060059","14.000000953674316"
"19.553607940673828","11"
"10.524540901184082","31"
"3.276442766189575","17.299997329711914"
"1.355135440826416","46.59999084472656"
"2.275810718536377","15"
"3.128726005554199","25.999996185302734"
"0.8893012404441833","14.000000953674316"
"1.2180910110473633","12.999998092651367"
"2.436758279800415","67.39999389648438"
"1.4909781217575073","2"
"20.40220069885254","7.300000190734863"
"19.5821533203125","82.99998474121094"
"34.76848220825195","18"
"8.07522201538086","8"
"0.8062683939933777","4.1114343929393726e-8"
"3.691521406173706","5.999999523162842"
"10.683045387268066","33"
"3.7751870155334473","12.999998092651367"
"1.2918014526367188","5.999999523162842"
"1.7355859279632568","19"
"2.888031482696533","15.999996185302734"
"4.297682762145996","4"
"13.671140670776367","34.69999313354492"
"18.868289947509766","5.999999523162842"
"23.19219207763672","37"
"8.379286766052246","14.000000953674316"
"4.970745086669922","11.999999046325684"
"7.839890956878662","9"
"3.700119733810425","65.00000762939453"
"8.265454292297363","49.9999885559082"
"3.624570608139038","3"
"3.4655675888061523","29.000001907348633"
"10.552867889404297","23"
"1.6222422122955322","13.100001335144043"
"19.277313232421875","1"
"23.96906280517578","2"
"36.71417999267578","17.099994659423828"
"9.439428329467773","27.099994659423828"
"11.056722640991211","10.099998474121094"
"5.302407264709473","1"
"3.3503599166870117","4.1114343929393726e-8"
"5.42322301864624","3"
"8.105401039123535","11"
"3.836469888687134","4.1114343929393726e-8"
"17.652387619018555","2.1999998092651367"
"1.3840610980987549","8.899998664855957"
"12.967384338378906","2"
"24.238399505615234","4.1114343929393726e-8"
"37.53041076660156","4.1114343929393726e-8"
"9.010149955749512","4.1114343929393726e-8"
"3.792142629623413","5.999999523162842"
"1.4305123090744019","4.1114343929393726e-8"
"5.349146366119385","4.1114343929393726e-8"
"2.0415234565734863","4.1114343929393726e-8"
"1.874521255493164","4.1114343929393726e-8"
"1.7466309070587158","4.1114343929393726e-8"
"11.512882232666016","6.799999237060547"
"2.1227095127105713","9.199999809265137"
"15.20403003692627","22"
"12.546758651733398","19"
"25.446500778198242","0.19999997317790985"
"20.384872436523438","3"
"4.094455242156982","12.999998092651367"
"6.2788896560668945","4.1114343929393726e-8"
"8.833641052246094","22"
"3.974947452545166","0.19999997317790985"
"4.893519401550293","2"
"4.338847637176514","4.1114343929393726e-8"
"14.179352760314941","0.30000001192092896"
"3.978726863861084","2.799999713897705"
"9.688812255859375","0.8999999761581421"
"5.906091213226318","4.1114343929393726e-8"
"12.642454147338867","0.10000001639127731"
"13.828847885131836","4.499999523162842"
"4.954085350036621","27.999990463256836"
"4.838927268981934","7.800000190734863"
"2.663438558578491","38.99999237060547"
"3.5656046867370605","12.999998092651367"
"1.6869605779647827","10.000000953674316"
"3.415309190750122","33"
"13.684039115905762","69.9999771118164"
"2.3746304512023926","19"
"10.219861030578613","8.5"
"17.503576278686523","0.4000000059604645"
"19.558704376220703","12.90000057220459"
"13.97690486907959","22"
"9.72752571105957","22"
"4.543487071990967","55.89998245239258"
"4.878420829772949","101.99999237060547"
"1.0468239784240723","99.99998474121094"
"2.4041507244110107","37.999996185302734"
"5.304089546203613","65.00000762939453"
"11.268529891967773","103.00001525878906"
"1.3246262073516846","3"
"18.31925392150879","11.200000762939453"
"19.899749755859375","24.69999885559082"
"43.30099105834961","2.1000001430511475"
"9.295268058776855","8"
"6.540349006652832","9"
"7.66785192489624","8.09999942779541"
"12.45561408996582","5.799999713897705"
"2.320089817047119","5.999999523162842"
"5.401326656341553","6.90000057220459"
"5.196524620056152","5.200000286102295"
"17.82853126525879","8"
"7.8843464851379395","15.899996757507324"
"15.391242980957031","1"
"18.83609962463379","0.8999999761581421"
"32.237953186035156","31"
"16.540971755981445","24.000001907348633"
"9.987793922424316","7.100000381469727"
"7.072004318237305","31"
"5.756826400756836","16.199996948242188"
"7.548678874969482","7"
"4.6294708251953125","19.099998474121094"
"3.7135305404663086","33.79999542236328"
"8.391461372375488","4.1114343929393726e-8"
"4.8521904945373535","11.399998664855957"
"20.4646053314209","0.19999997317790985"
"17.91550064086914","40.99999237060547"
"38.560691833496094","2"
"26.887535095214844","18"
"13.024238586425781","12.90000057220459"
"11.027012825012207","2"
"2.0078558921813965","4.1114343929393726e-8"
"4.28322696685791","3"
"5.303981304168701","7"
"5.117632865905762","3"
"8.67748737335205","4.1114343929393726e-8"
"1.800812005996704","4.1114343929393726e-8"
"16.444135665893555","4.1114343929393726e-8"
"25.979873657226562","5.999999523162842"
"32.621246337890625","8"
"18.678956985473633","8.09999942779541"
"8.21070384979248","12.999998092651367"
"4.1819868087768555","4.1114343929393726e-8"
"2.872082233428955","4.1114343929393726e-8"
"2.3341619968414307","4.1114343929393726e-8"
"2.3044419288635254","7"
"1.9396733045578003","4.1114343929393726e-8"
"17.341501235961914","4.1114343929393726e-8"
"1.7388708591461182","0.30000001192092896"
"15.290120124816895","4.1114343929393726e-8"
"12.181002616882324","4.1114343929393726e-8"
"26.644275665283203","0.5"
"10.270804405212402","0.19999997317790985"
"9.87036418914795","4.1114343929393726e-8"
"3.8697071075439453","4.1114343929393726e-8"
"3.8475875854492188","4.1114343929393726e-8"
"2.591750383377075","4.1114343929393726e-8"
"5.566212177276611","4.1114343929393726e-8"
"2.297316789627075","4.1114343929393726e-8"
"5.461747646331787","4.1114343929393726e-8"
"1.4179186820983887","1"
"4.017467975616455","1.100000023841858"
"4.403032302856445","5"
"12.252198219299316","13.699997901916504"
"9.044023513793945","35.999996185302734"
"2.7121877670288086","4.1114343929393726e-8"
"1.069084882736206","0.10000001639127731"
"0.3021473288536072","0.7000000476837158"
"1.3689849376678467","42.000003814697266"
"0.643546462059021","4.1114343929393726e-8"
"0.26561951637268066","4.1114343929393726e-8"
"1.9015001058578491","2"
"3.6535520553588867","24.000001907348633"
"22.935760498046875","77.00001525878906"
"30.381925582885742","112.40003967285156"
"35.7930793762207","65.00000762939453"
"29.051528930664062","25.999996185302734"
"12.680468559265137","45.99999237060547"
"11.043951034545898","52.99999237060547"
"3.668044090270996","6.90000057220459"
"3.9064722061157227","21.899999618530273"
"8.272244453430176","18"
"4.1102776527404785","7"
"2.389033317565918","42.99999237060547"
"0.9940897822380066","56"
"32.379356384277344","42.000003814697266"
"34.168663024902344","110.99998474121094"
"39.270870208740234","97.00001525878906"
"18.875450134277344","42.000003814697266"
"10.873825073242188","15.999996185302734"
"2.3567137718200684","36.19999694824219"
"1.8638958930969238","115.00004577636719"
"1.9705919027328491","40"
"2.5156378746032715","31"
"0.7050671577453613","40.99999237060547"
"0.35999760031700134","42.99999237060547"
"1.2098792791366577","11.999999046325684"
"26.005428314208984","48.99999237060547"
"28.41432762145996","25.999996185302734"
"34.35415267944336","31.9999942779541"
"7.943141937255859","18"
"6.182826995849609","19"
"2.597360849380493","5"
"0.6329602003097534","20.999996185302734"
"5.171497344970703","4.1114343929393726e-8"
"1.4980708360671997","5"
"1.086840033531189","1.4999998807907104"
"0.034847792237997055","0.19999997317790985"
"0.38385266065597534","24.000001907348633"
"26.971017837524414","60.999996185302734"
"21.52752113342285","84.99998474121094"
"31.033639907836914","64.00001525878906"
"4.768064022064209","33.999996185302734"
"2.7914414405822754","9"
"2.424654483795166","8"
"0.08510106801986694","16.999996185302734"
"2.0782926082611084","2"
"0.5836876630783081","9"
"0.5845041275024414","2"
"0.16210700571537018","0.19999997317790985"
"0.002497490029782057","5.999999523162842"
"27.66653060913086","19"
"15.331629753112793","206.00001525878906"
"30.133899688720703","14.000000953674316"
"8.350855827331543","18"
"1.597163200378418","35.999996185302734"
"2.2910654544830322","9"
"0.4189273416996002","2"
"0.7918580174446106","18"
"0.36908555030822754","15.999996185302734"
"0.45992282032966614","4.1114343929393726e-8"
"0.2783600687980652","0.10000001639127731"
"0.22136136889457703","4.1114343929393726e-8"
"25.077743530273438","18"
"19.54469108581543","29.000001907348633"
"26.566408157348633","31"
"8.109643936157227","2.1000001430511475"
"5.105350494384766","0.10000001639127731"
"8.888586044311523","0.10000001639127731"
"2.2404136657714844","4.1114343929393726e-8"
"2.8947737216949463","4.1114343929393726e-8"
"2.3441452980041504","4.1114343929393726e-8"
"2.2507224082946777","4.1114343929393726e-8"
"3.3188846111297607","4.1114343929393726e-8"
"0.35710030794143677","4.1114343929393726e-8"
"10.931034088134766","8.199999809265137"
"13.4453763961792","35.999996185302734"
"17.858226776123047","1.4999998807907104"
"4.004539966583252","0.30000001192092896"
"5.946621417999268","4.1114343929393726e-8"
"1.950682520866394","4.1114343929393726e-8"
"1.1305065155029297","10.000000953674316"
"2.7802553176879883","0.30000001192092896"
"3.2819347381591797","0.30000001192092896"
"1.3377515077590942","2"
"4.882264137268066","4.1114343929393726e-8"
"0.5127965807914734","10.000000953674316"
"8.461230278015137","4.1114343929393726e-8"
"8.420905113220215","18"
"12.715250015258789","52.49999237060547"
"2.3483314514160156","12.699996948242188"
"6.665582656860352","3"
"1.4058358669281006","29.09999656677246"
"1.5344005823135376","10.000000953674316"
"1.7371735572814941","2.6000001430511475"
"2.8264360427856445","8.69999885559082"
"2.0201005935668945","1"
"1.1919394731521606","2.6000001430511475"
"1.2409517765045166","7"
"4.770318031311035","4.1114343929393726e-8"
"4.4288129806518555","10.199997901916504"
"10.562618255615234","24.99999237060547"
"22.837406158447266","7"
"4.433364391326904","2.3000001907348633"
"1.5995728969573975","1.899999976158142"
"0.7395071983337402","8.09999942779541"
"1.639804482460022","67.10000610351562"
"0.21258506178855896","1.899999976158142"
"0.46835267543792725","19.199996948242188"
"1.646438717842102","25.599992752075195"
"0.4429045021533966","4.1114343929393726e-8"
"5.985815525054932","4.1114343929393726e-8"
"3.8009023666381836","4.1114343929393726e-8"
"10.2933349609375","4.1114343929393726e-8"
"7.208649158477783","4.1114343929393726e-8"
"2.8498311042785645","4.1114343929393726e-8"
"2.4914145469665527","4.1114343929393726e-8"
"1.3251574039459229","4.1114343929393726e-8"
"1.561657190322876","4.1114343929393726e-8"
"1.0260196924209595","4.1114343929393726e-8"
"0.9868112206459045","4.1114343929393726e-8"
"1.8823797702789307","4.1114343929393726e-8"
"0.31701231002807617","25.999996185302734"
"16.256717681884766","22"
"20.846961975097656","3"
"12.002803802490234","10.000000953674316"
"3.3764421939849854","29.09999656677246"
"2.9845688343048096","11.999999046325684"
"5.5843610763549805","20.999996185302734"
"0.6647543907165527","0.6000000238418579"
"1.5957971811294556","16.999996185302734"
"1.1674706935882568","6.40000057220459"
"0.8692899942398071","18"
"1.8867785930633545","34.99999237060547"
"0.42868322134017944","14.000000953674316"
"8.219608306884766","0.10000001639127731"
"13.079036712646484","118.00003051757812"
"17.087921142578125","65.99998474121094"
"4.433024883270264","40.99999237060547"
"3.0809502601623535","0.800000011920929"
"1.379007339477539","4.1114343929393726e-8"
"0.9241436123847961","1"
"0.3997165560722351","15.999996185302734"
"0.9854914546012878","0.10000001639127731"
"1.2405081987380981","2.1000001430511475"
"2.4207568168640137","9"
"0.7207580208778381","8"
"14.317610740661621","0.8999999761581421"
"8.298981666564941","7"
"34.16001892089844","1.100000023841858"
"8.879668235778809","4"
"3.450402021408081","12.200000762939453"
"4.180157661437988","0.10000001639127731"
"2.0132830142974854","4.1114343929393726e-8"
"2.038482666015625","4.1114343929393726e-8"
"1.6786608695983887","2.1999998092651367"
"1.761928677558899","4.1114343929393726e-8"
"1.3763885498046875","4.1114343929393726e-8"
"2.125328302383423","4.1114343929393726e-8"
"16.888463973999023","12.999998092651367"
"8.45938491821289","9.099998474121094"
"21.231002807617188","3"
"8.429686546325684","4.1114343929393726e-8"
"5.691155910491943","4.1114343929393726e-8"
"3.211726427078247","4.1114343929393726e-8"
"0.3774392604827881","4.1114343929393726e-8"
"1.505457878112793","4.1114343929393726e-8"
"1.0750776529312134","4.1114343929393726e-8"
"0.5405448079109192","4.1114343929393726e-8"
"2.3575949668884277","4.1114343929393726e-8"
"0.8640503287315369","4.1114343929393726e-8"
"13.712101936340332","1.600000023841858"
"21.19970703125","4.1114343929393726e-8"
"26.759288787841797","4.1114343929393726e-8"
"16.37041473388672","0.6000000238418579"
"4.464466571807861","4.1114343929393726e-8"
"5.276767730712891","12.399999618530273"
"1.8082771301269531","0.30000001192092896"
"1.123931884765625","4.1114343929393726e-8"
"4.7226972579956055","4.1114343929393726e-8"
"3.110119581222534","0.10000001639127731"
"2.066136121749878","4.1114343929393726e-8"
"1.0561296939849854","4.1114343929393726e-8"
"24.790647506713867","27.599998474121094"
"29.908323287963867","4.1114343929393726e-8"
"32.404850006103516","0.7000000476837158"
"23.642932891845703","4.700000286102295"
"16.209505081176758","4.1114343929393726e-8"
"5.731779098510742","5.900000095367432"
"2.165205955505371","4.1114343929393726e-8"
"2.732299327850342","4.1114343929393726e-8"
"2.647012948989868","4.1114343929393726e-8"
"0.7019299864768982","4.1114343929393726e-8"
"1.3286110162734985","4.1114343929393726e-8"
"4.826200008392334","4.1114343929393726e-8"
"21.516475677490234","3.1999998092651367"
"25.689788818359375","2.3000001907348633"
"31.78212547302246","8"
"14.8390531539917","1.7000000476837158"
"7.090481281280518","22"
"6.084463119506836","4.1114343929393726e-8"
"3.4902091026306152","4.1114343929393726e-8"
"7.825270175933838","0.4000000059604645"
"1.227829933166504","4.1114343929393726e-8"
"3.385063648223877","4.1114343929393726e-8"
"3.4210269451141357","4.1114343929393726e-8"
"4.5457963943481445","4.1114343929393726e-8"
"26.363821029663086","11.399998664855957"
"25.854928970336914","20.499996185302734"
"26.052188873291016","5.600000381469727"
"16.192956924438477","4.1114343929393726e-8"
"4.234917640686035","4.1114343929393726e-8"
"6.127702713012695","0.19999997317790985"
"3.4614150524139404","4.1114343929393726e-8"
"7.026416301727295","4.1114343929393726e-8"
"4.087371826171875","4.1114343929393726e-8"
"2.934812068939209","4.1114343929393726e-8"
"10.337133407592773","4.1114343929393726e-8"
"1.1866545677185059","4.1114343929393726e-8"
"19.724740982055664","60.59999084472656"
"23.115583419799805","25.699996948242188"
"28.292667388916016","36.49999237060547"
"13.876965522766113","1.1999999284744263"
"5.850043296813965","4.1114343929393726e-8"
"2.0068321228027344","4.1114343929393726e-8"
"2.7758429050445557","4.1114343929393726e-8"
"2.910499095916748","4.1114343929393726e-8"
"1.6426185369491577","4.1114343929393726e-8"
"1.039400577545166","4.1114343929393726e-8"
"13.717262268066406","2"
"1.8560854196548462","13.100001335144043"
"25.613492965698242","14.39999771118164"
"26.20608901977539","42.899993896484375"
"32.38516616821289","56.79999542236328"
"7.904165267944336","27.999990463256836"
"4.5547075271606445","12.200000762939453"
"7.328187465667725","4.800000190734863"
"7.360280513763428","4.1114343929393726e-8"
"8.090973854064941","1.600000023841858"
"6.875075817108154","22.799999237060547"
"9.917372703552246","4.1114343929393726e-8"
"16.459901809692383","2.3000001907348633"
"3.3886849880218506","9.800000190734863"
"14.596063613891602","27.999990463256836"
"15.648080825805664","4.1114343929393726e-8"
"18.56686019897461","56.500003814697266"
"7.390700817108154","38.59999465942383"
"6.8357439041137695","6.500000476837158"
"6.891717433929443","40.400001525878906"
"3.0553061962127686","10.80000114440918"
"6.290919780731201","4.600000381469727"
"12.410524368286133","19.599998474121094"
"4.393436431884766","5.100000381469727"
"9.209220886230469","5.600000381469727"
"1.635924220085144","33.29999923706055"
"7.957071781158447","21.299999237060547"
"5.8014655113220215","4.1114343929393726e-8"
"20.838014602661133","19.700000762939453"
"14.99642276763916","29.999998092651367"
"8.212157249450684","36.900001525878906"
"2.603762626647949","10.299997329711914"
"1.3187787532806396","62.5000114440918"
"1.2913217544555664","40.49999237060547"
"6.706221103668213","3.3999996185302734"
"3.085608720779419","30.399999618530273"
"6.2494964599609375","4.1114343929393726e-8"
"0.8909618854522705","46.99999237060547"
"6.390615463256836","55.69999313354492"
"7.702332973480225","24.199996948242188"
"18.81829833984375","120.20004272460938"
"9.872909545898438","39.599998474121094"
"3.5760765075683594","17.699995040893555"
"1.4708609580993652","34.399993896484375"
"4.707886695861816","8.199999809265137"
"0.8030129671096802","4.600000381469727"
"3.6128764152526855","6.299999237060547"
"1.4815425872802734","3.3999996185302734"
"6.7760796546936035","6.69999885559082"
"0.78382408618927","20.299999237060547"
"7.448121070861816","20.199996948242188"
"6.4997358322143555","37.19999313354492"
"16.034311294555664","54.000003814697266"
"5.723698139190674","13.899999618530273"
"3.290440559387207","4.1114343929393726e-8"
"1.2181740999221802","3"
"3.0249459743499756","42.09999465942383"
"1.0847489833831787","58.40000534057617"
"1.8641352653503418","11.600000381469727"
"1.1785718202590942","36.29999923706055"
"4.3146233558654785","19.899999618530273"
"0.9318099021911621","12.300000190734863"
"7.287184715270996","43.899993896484375"
"3.215498685836792","23.799997329711914"
"15.700971603393555","41.29999542236328"
"3.376577854156494","13.100001335144043"
"3.0868725776672363","9.599998474121094"
"1.8944849967956543","38.20000457763672"
"0.9020759463310242","4.1114343929393726e-8"
"1.339475154876709","4.1114343929393726e-8"
"3.957242965698242","4.1114343929393726e-8"
"1.0302661657333374","6.799999237060547"
"2.2627105712890625","18.59999656677246"
"0.5283152461051941","1.2999999523162842"
"3.094839334487915","25.799999237060547"
"2.149669647216797","4.1114343929393726e-8"
"8.50250244140625","8.80000114440918"
"4.533236503601074","13.699997901916504"
"2.2801499366760254","43.09999465942383"
"0.4847632348537445","15.600000381469727"
"1.2905598878860474","40"
"0.5001670122146606","14.599998474121094"
"1.3546472787857056","2"
"0.3833877742290497","4.300000190734863"
"0.26541566848754883","7"
"0.9035337567329407","4.1114343929393726e-8"
"4.045432090759277","14.499999046325684"
"2.7555792331695557","4.1114343929393726e-8"
"10.651070594787598","10.5"
"9.009252548217773","4.1114343929393726e-8"
"2.6750235557556152","21.799999237060547"
"2.236743450164795","16.799997329711914"
"0.722361147403717","4.1114343929393726e-8"
"0.626031756401062","4.1114343929393726e-8"
"1.1736353635787964","25.799999237060547"
"0.4035678803920746","4.1114343929393726e-8"
"1.3411107063293457","4.1114343929393726e-8"
"0.6010205745697021","4.1114343929393726e-8"
"5.001882553100586","2.799999713897705"
"3.8948867321014404","4.1114343929393726e-8"
"8.39286994934082","4.800000190734863"
"1.8971576690673828","4.1114343929393726e-8"
"0.7576732039451599","5"
"0.6799771785736084","0.8999999761581421"
"0.7263107299804688","4.1114343929393726e-8"
"0.517271876335144","4.1114343929393726e-8"
"0.1821216344833374","1.399999976158142"
"0.3027524948120117","4.1114343929393726e-8"
"2.255880832672119","4.1114343929393726e-8"
"1.7586710453033447","4.1114343929393726e-8"
"20.238821029663086","4.1114343929393726e-8"
"20.98507308959961","1.100000023841858"
"55.873619079589844","4.1114343929393726e-8"
"7.0654520988464355","4.1114343929393726e-8"
"8.042093276977539","4.1114343929393726e-8"
"6.139312267303467","4.1114343929393726e-8"
"2.302940845489502","4.1114343929393726e-8"
"7.589023590087891","4.1114343929393726e-8"
"2.6030211448669434","4.1114343929393726e-8"
"1.6933610439300537","4.1114343929393726e-8"
"0.8016581535339355","4.1114343929393726e-8"
"0.7375980019569397","4.1114343929393726e-8"
"30.96615982055664","8.600000381469727"
"41.298492431640625","4.1114343929393726e-8"
"45.21766662597656","4.1114343929393726e-8"
"4.649764537811279","4.1114343929393726e-8"
"1.721130132675171","4.1114343929393726e-8"
"1.9605072736740112","4.1114343929393726e-8"
"1.9060167074203491","4.1114343929393726e-8"
"1.9515348672866821","4.1114343929393726e-8"
"1.7025094032287598","4.1114343929393726e-8"
"0.671640157699585","4.1114343929393726e-8"
"4.443337917327881","4.1114343929393726e-8"
"2.1451239585876465","16.299997329711914"
"24.60443687438965","1.8000000715255737"
"31.86315155029297","7.600000381469727"
"36.839508056640625","48.399993896484375"
"8.05191421508789","10.599998474121094"
"7.618344306945801","5.300000190734863"
"3.7005326747894287","24.80000114440918"
"1.629915475845337","2.3999998569488525"
"7.939000129699707","4.1114343929393726e-8"
"3.6642558574676514","4.1114343929393726e-8"
"3.5951380729675293","4.1114343929393726e-8"
"8.537001609802246","43.80000305175781"
"1.7569371461868286","58.40000534057617"
"23.737319946289062","60.20000076293945"
"16.034059524536133","21.899999618530273"
"34.447391510009766","63.59999465942383"
"3.74599027633667","31.600000381469727"
"7.8032026290893555","62.000022888183594"
"2.141200065612793","24.599998474121094"
"1.0347931385040283","4.700000286102295"
"5.088108062744141","7.1999993324279785"
"4.846869945526123","3.0999996662139893"
"3.948350667953491","7.800000190734863"
"9.344128608703613","13.699997901916504"
"1.4459524154663086","0.5"
"21.804080963134766","2.3000001907348633"
"10.061986923217773","5.399999618530273"
"34.89686965942383","3.0999996662139893"
"13.043962478637695","0.800000011920929"
"6.966594219207764","4.1114343929393726e-8"
"2.4982528686523438","8.69999885559082"
"1.919071078300476","6.500000476837158"
"2.5737850666046143","13.80000114440918"
"3.963102340698242","11.799999237060547"
"2.2933669090270996","13.599998474121094"
"5.822029113769531","4.1114343929393726e-8"
"1.7507201433181763","40.19999694824219"
"21.872634887695312","4.1114343929393726e-8"
"23.871692657470703","11.69999885559082"
"41.266414642333984","18.899995803833008"
"15.876482009887695","40.79998779296875"
"5.994392395019531","4.1114343929393726e-8"
"3.1484389305114746","4.1114343929393726e-8"
"4.1611456871032715","4.1114343929393726e-8"
"3.082270383834839","4.1114343929393726e-8"
"6.444605350494385","4.1114343929393726e-8"
"3.475231885910034","4.1114343929393726e-8"
"2.6955459117889404","4.1114343929393726e-8"
"1.0872161388397217","4.800000190734863"
"14.720757484436035","15.300000190734863"
"18.641700744628906","6.299999237060547"
"18.51158332824707","28.499996185302734"
"12.95972728729248","2.3000001907348633"
"3.019667148590088","4.1114343929393726e-8"
"0.7018922567367554","4.1114343929393726e-8"
"0.28137585520744324","4.1114343929393726e-8"
"1.3597995042800903","4.1114343929393726e-8"
"0.9302771091461182","4.1114343929393726e-8"
"0.43138766288757324","4.1114343929393726e-8"
"0.7605971097946167","4.1114343929393726e-8"
"1.025854229927063","31.299997329711914"
"18.426795959472656","90.29998779296875"
"19.90447425842285","100.60001373291016"
"27.591960906982422","68.0999984741211"
"8.293201446533203","15.899996757507324"
"3.445551872253418","25.399995803833008"
"1.3382866382598877","47.30000305175781"
"0.5114738345146179","4.1114343929393726e-8"
"0.8498615622520447","4.1114343929393726e-8"
"0.33611011505126953","5.900000095367432"
"0.61543869972229","4.300000190734863"
"2.715848445892334","4.1114343929393726e-8"
"0.5773823261260986","12.200000762939453"
"26.163726806640625","34.29999542236328"
"18.851613998413086","2.3999998569488525"
"21.77766227722168","14.899998664855957"
"5.29088830947876","11.499998092651367"
"1.4891525506973267","4.600000381469727"
"3.932854413986206","11.100001335144043"
"5.005646228790283","4.1114343929393726e-8"
"2.964144229888916","3.8999998569488525"
"2.270612955093384","20.699993133544922"
"1.7524222135543823","2.3000001907348633"
"3.6470963954925537","4.1114343929393726e-8"
"3.8956027030944824","9.699997901916504"
"17.458667755126953","28.699995040893555"
"14.117647171020508","39.100006103515625"
"15.601346015930176","35.69999313354492"
"8.037871360778809","4.099999904632568"
"6.987548828125","4.1114343929393726e-8"
"2.949493646621704","4.90000057220459"
"1.5953119993209839","4.1114343929393726e-8"
"8.605428695678711","4.1114343929393726e-8"
"2.08739972114563","4.1114343929393726e-8"
"1.8596265316009521","4.1114343929393726e-8"
"2.426083564758301","4.1114343929393726e-8"
"2.2550647258758545","4.1114343929393726e-8"
"29.130756378173828","50.499996185302734"
"32.50319290161133","3.3999996185302734"
"48.788795471191406","36.69999313354492"
"14.910104751586914","1.8000000715255737"
"9.719237327575684","4.400000095367432"
"3.422666311264038","4.1114343929393726e-8"
"0.9771485924720764","4.1114343929393726e-8"
"4.022948265075684","4.1114343929393726e-8"
"4.842033386230469","4.1114343929393726e-8"
"1.4026212692260742","4.1114343929393726e-8"
"3.1131954193115234","4.1114343929393726e-8"
"1.096278429031372","4.1114343929393726e-8"
"25.41509246826172","14.39999771118164"
"36.48261642456055","26.19999885559082"
"36.6834831237793","37.899993896484375"
"9.233499526977539","4.400000095367432"
"6.112037658691406","9.299999237060547"
"1.891210913658142","4.1114343929393726e-8"
"1.4605762958526611","4.1114343929393726e-8"
"3.56532621383667","4.1114343929393726e-8"
"1.6080690622329712","4.1114343929393726e-8"
"1.1908732652664185","4.1114343929393726e-8"
"2.3635146617889404","4.300000190734863"
"2.090773582458496","4.1114343929393726e-8"
"25.625595092773438","4.1114343929393726e-8"
"30.98905372619629","4.1114343929393726e-8"
"37.316349029541016","4.1114343929393726e-8"
"10.710503578186035","4.1114343929393726e-8"
"13.056273460388184","4.1114343929393726e-8"
"5.765373229980469","1"
"2.7910735607147217","4.1114343929393726e-8"
"5.497707843780518","8.299999237060547"
"3.553398609161377","0.7000000476837158"
"3.1075167655944824","4.1114343929393726e-8"
"2.0204694271087646","4.1114343929393726e-8"
"3.908656120300293","4.1114343929393726e-8"
"24.061086654663086","4.1114343929393726e-8"
"20.589553833007812","4.1114343929393726e-8"
"23.220684051513672","4.1114343929393726e-8"
"10.626415252685547","4.1114343929393726e-8"
"10.672000885009766","4.1114343929393726e-8"
"6.597448825836182","4.1114343929393726e-8"
"0.18727585673332214","4.1114343929393726e-8"
"3.865579605102539","4.1114343929393726e-8"
"2.503183364868164","4.1114343929393726e-8"
"0.899231493473053","4.1114343929393726e-8"
"4.09339714050293","4.1114343929393726e-8"
"0.8891618251800537","13.100001335144043"
"14.686728477478027","1"
"12.129868507385254","2"
"29.83563232421875","17.099994659423828"
"5.576071262359619","27.099994659423828"
"7.089038848876953","10.099998474121094"
"6.615070343017578","1"
"0.9646494388580322","4.1114343929393726e-8"
"4.466052055358887","3"
"5.419611930847168","11"
"1.8783092498779297","4.1114343929393726e-8"
"8.358363151550293","2.1999998092651367"
"0.37870708107948303","8.899998664855957"
"12.64578628540039","2"
"7.053549766540527","4.1114343929393726e-8"
"30.16750717163086","4.1114343929393726e-8"
"1.3887817859649658","4.1114343929393726e-8"
"1.704822301864624","5.999999523162842"
"1.1877578496932983","4.1114343929393726e-8"
"1.7730472087860107","4.1114343929393726e-8"
"1.3880808353424072","4.1114343929393726e-8"
"7.619421005249023","4.1114343929393726e-8"
"0.336001455783844","4.1114343929393726e-8"
"3.63020658493042","6.799999237060547"
"0.542914867401123","9.199999809265137"
"7.764070510864258","22"
"1.752051830291748","19"
"6.959451675415039","0.19999997317790985"
"1.4867061376571655","3"
"0.6251168251037598","12.999998092651367"
"0.1979866474866867","4.1114343929393726e-8"
"0.9821131229400635","22"
"0.4947659373283386","0.19999997317790985"
"1.084937572479248","2"
"0.5485092997550964","4.1114343929393726e-8"
"0.19096527993679047","0.30000001192092896"
"0.48429399728775024","2.799999713897705"
"3.1760711669921875","0.8999999761581421"
"0.5225569605827332","4.1114343929393726e-8"
"6.491264820098877","0.10000001639127731"
"3.299406051635742","4.499999523162842"
"0.2529321312904358","27.999990463256836"
"0.726600706577301","7.800000190734863"
"0.2372785061597824","38.99999237060547"
"0.11594817042350769","12.999998092651367"
"0.6470706462860107","10.000000953674316"
"0","33"
"0.1617794930934906","69.9999771118164"
"0.22489503026008606","19"
"1.6646804809570312","8.5"
"0.2719540297985077","0.4000000059604645"
"3.882493019104004","12.90000057220459"
"0.3649594783782959","22"
"0.5416073203086853","22"
"0.44600456953048706","55.89998245239258"
"0.443954199552536","101.99999237060547"
"0.11235440522432327","99.99998474121094"
"0","37.999996185302734"
"0.2371656745672226","65.00000762939453"
"0","103.00001525878906"
"0","3"
"2.4355649948120117","11.200000762939453"
"5.0144500732421875","24.69999885559082"
"8.748135566711426","2.1000001430511475"
"0.5039880871772766","8"
"0.4186907410621643","9"
"3.1719069480895996","8.09999942779541"
"1.758768081665039","5.799999713897705"
"0.3900233507156372","5.999999523162842"
"0.740729570388794","6.90000057220459"
"1.490173101425171","5.200000286102295"
"0.7715817093849182","8"
"0.2730666697025299","15.899996757507324"
"4.611534118652344","1"
"3.757558822631836","0.8999999761581421"
"10.2567138671875","31"
"0.7321168184280396","24.000001907348633"
"1.213145136833191","7.100000381469727"
"1.8106088638305664","31"
"0.5313761234283447","16.199996948242188"
"1.0966227054595947","7"
"1.8927888870239258","19.099998474121094"
"1.5694562196731567","33.79999542236328"
"3.1168220043182373","4.1114343929393726e-8"
"0.8606046438217163","11.399998664855957"
"10.097087860107422","0.19999997317790985"
"10.06061840057373","40.99999237060547"
"23.49371910095215","2"
"7.042662620544434","18"
"4.52823543548584","12.90000057220459"
"1.5991785526275635","2"
"2.3268797397613525","4.1114343929393726e-8"
"2.5413060188293457","3"
"4.409553050994873","7"
"4.317095756530762","3"
"7.158204078674316","4.1114343929393726e-8"
"1.3461215496063232","4.1114343929393726e-8"
"2.9921252727508545","4.1114343929393726e-8"
"1.978982925415039","5.999999523162842"
"9.225358963012695","8"
"13.120266914367676","8.09999942779541"
"4.286961555480957","12.999998092651367"
"0.710127592086792","4.1114343929393726e-8"
"1.8465572595596313","4.1114343929393726e-8"
"1.2145211696624756","4.1114343929393726e-8"
"1.7350658178329468","7"
"0.6534881591796875","4.1114343929393726e-8"
"4.532748222351074","4.1114343929393726e-8"
"0.23246480524539948","0.30000001192092896"
"3.3775649070739746","4.1114343929393726e-8"
"3.972400426864624","4.1114343929393726e-8"
"8.66767692565918","0.5"
"4.83223295211792","0.19999997317790985"
"1.904921531677246","4.1114343929393726e-8"
"0.45899534225463867","4.1114343929393726e-8"
"1.3366689682006836","4.1114343929393726e-8"
"0.30077987909317017","4.1114343929393726e-8"
"1.4480938911437988","4.1114343929393726e-8"
"0.7242957353591919","4.1114343929393726e-8"
"1.2235722541809082","4.1114343929393726e-8"
"0.7050498723983765","1"
"6.006155490875244","1.100000023841858"
"4.150753021240234","5"
"5.221610069274902","13.699997901916504"
"2.766112804412842","35.999996185302734"
"0.7704725861549377","4.1114343929393726e-8"
"1.4767695665359497","0.10000001639127731"
"0.3844563663005829","0.7000000476837158"
"0.5425660014152527","42.000003814697266"
"0.5413180589675903","4.1114343929393726e-8"
"0","4.1114343929393726e-8"
"0.5057896971702576","2"
"0.5696792602539062","4.1114343929393726e-8"
"3.5140397548675537","1"
"1.6127246618270874","7"
"9.99095344543457","0.800000011920929"
"1.2965975999832153","4.1114343929393726e-8"
"1.2621819972991943","4.1114343929393726e-8"
"0.36979445815086365","20.999996185302734"
"0.37385743856430054","9.199999809265137"
"0.5585983991622925","5.999999523162842"
"0.03473812714219093","4.1114343929393726e-8"
"0.004282001405954361","9"
"0.03932815417647362","0.5"
"0.8559034466743469","9"
"3.7994742393493652","7"
"3.0225772857666016","11"
"6.536651611328125","14.000000953674316"
"1.898205280303955","1"
"0.7795290946960449","9"
"3.826793670654297","4.1114343929393726e-8"
"1.247415542602539","2"
"1.0122301578521729","4.1114343929393726e-8"
"1.0866074562072754","5.999999523162842"
"0.682033896446228","1"
"0.9123055338859558","1"
"0.4635502099990845","31"
"1.2858952283859253","10.000000953674316"
"3.98197603225708","4"
"7.108523368835449","18"
"2.535027027130127","68"
"1.2433358430862427","23"
"0.7477341890335083","33.999996185302734"
"0.3472055494785309","44.99999237060547"
"2.0787289142608643","12.999998092651367"
"1.0071654319763184","8"
"0.1929921954870224","58.000003814697266"
"1.7510533332824707","56"
"0.3137128949165344","24.000001907348633"
"25.338665008544922","60.999996185302734"
"39.043357849121094","84.99998474121094"
"31.617570877075195","64.00001525878906"
"12.947391510009766","33.999996185302734"
"6.061311721801758","9"
"6.371213436126709","8"
"1.4429237842559814","16.999996185302734"
"2.8277974128723145","2"
"3.230097770690918","9"
"2.3623108863830566","2"
"3.07989239692688","0.19999997317790985"
"0.626420795917511","5.999999523162842"
"38.474029541015625","19"
"37.41400909423828","206.00001525878906"
"46.14365768432617","14.000000953674316"
"29.20556640625","18"
"18.56891441345215","35.999996185302734"
"9.186851501464844","9"
"6.5026116371154785","2"
"6.426087856292725","18"
"8.254313468933105","15.999996185302734"
"2.7840442657470703","4.1114343929393726e-8"
"6.247902870178223","0.10000001639127731"
"3.8887112140655518","4.1114343929393726e-8"
"27.290645599365234","18"
"29.275257110595703","29.000001907348633"
"31.94074058532715","31"
"20.64012908935547","2.1000001430511475"
"14.52054500579834","0.10000001639127731"
"9.607714653015137","0.10000001639127731"
"2.511078119277954","4.1114343929393726e-8"
"13.899680137634277","4.1114343929393726e-8"
"6.76993989944458","4.1114343929393726e-8"
"2.4042837619781494","4.1114343929393726e-8"
"4.260571479797363","4.1114343929393726e-8"
"3.339521646499634","4.1114343929393726e-8"
"26.653860092163086","8.199999809265137"
"29.225954055786133","35.999996185302734"
"34.7760124206543","1.4999998807907104"
"17.644685745239258","0.30000001192092896"
"14.842659950256348","4.1114343929393726e-8"
"5.6992082595825195","4.1114343929393726e-8"
"2.1859967708587646","10.000000953674316"
"7.695316791534424","0.30000001192092896"
"8.018030166625977","0.30000001192092896"
"3.037858724594116","2"
"10.869714736938477","4.1114343929393726e-8"
"2.1760506629943848","10.000000953674316"
"25.47092628479004","4.1114343929393726e-8"
"36.22413635253906","18"
"36.85028839111328","52.49999237060547"
"13.930343627929688","12.699996948242188"
"12.028076171875","3"
"4.63474178314209","29.09999656677246"
"3.1229488849639893","10.000000953674316"
"5.063668727874756","2.6000001430511475"
"4.789988040924072","8.69999885559082"
"2.344411849975586","1"
"11.271303176879883","2.6000001430511475"
"4.346480369567871","7"
"31.48280143737793","4.1114343929393726e-8"
"34.57293701171875","10.199997901916504"
"37.558555603027344","24.99999237060547"
"14.408275604248047","7"
"11.990474700927734","2.3000001907348633"
"13.636877059936523","1.899999976158142"
"7.053947448730469","8.09999942779541"
"12.490589141845703","67.10000610351562"
"10.806554794311523","1.899999976158142"
"11.603315353393555","19.199996948242188"
"19.61823272705078","25.599992752075195"
"4.471485137939453","4.1114343929393726e-8"
"21.029125213623047","4.1114343929393726e-8"
"19.261857986450195","4.1114343929393726e-8"
"33.108707427978516","4.1114343929393726e-8"
"9.736551284790039","4.1114343929393726e-8"
"9.519390106201172","4.1114343929393726e-8"
"8.574501991271973","4.1114343929393726e-8"
"3.6950552463531494","4.1114343929393726e-8"
"8.174164772033691","4.1114343929393726e-8"
"11.758207321166992","4.1114343929393726e-8"
"7.892428874969482","4.1114343929393726e-8"
"10.994894027709961","4.1114343929393726e-8"
"2.354672431945801","25.999996185302734"
"11.57797622680664","22"
"14.910616874694824","3"
"30.044389724731445","10.000000953674316"
"13.025775909423828","29.09999656677246"
"9.416315078735352","11.999999046325684"
"3.6806387901306152","20.999996185302734"
"3.65403413772583","0.6000000238418579"
"1.6048583984375","16.999996185302734"
"6.514793872833252","6.40000057220459"
"6.773156642913818","18"
"5.198969841003418","34.99999237060547"
"1.9224554300308228","14.000000953674316"
"11.274459838867188","0.10000001639127731"
"12.315784454345703","118.00003051757812"
"23.393131256103516","65.99998474121094"
"22.795495986938477","40.99999237060547"
"6.417541027069092","0.800000011920929"
"4.484425067901611","4.1114343929393726e-8"
"8.234131813049316","1"
"1.9991798400878906","15.999996185302734"
"3.6223130226135254","0.10000001639127731"
"1.5982877016067505","2.1000001430511475"
"4.681657791137695","9"
"2.1638522148132324","8"
"8.792391777038574","0.8999999761581421"
"8.077413558959961","7"
"16.438613891601562","1.100000023841858"
"11.70632266998291","4"
"4.900534152984619","12.200000762939453"
"1.5168334245681763","0.10000001639127731"
"1.432151436805725","4.1114343929393726e-8"
"2.410531520843506","4.1114343929393726e-8"
"1.25140380859375","2.1999998092651367"
"1.1152431964874268","4.1114343929393726e-8"
"2.0644593238830566","4.1114343929393726e-8"
"2.0682806968688965","4.1114343929393726e-8"
"11.025421142578125","12.999998092651367"
"19.74260711669922","9.099998474121094"
"19.366146087646484","3"
"6.8825483322143555","4.1114343929393726e-8"
"2.1973819732666016","4.1114343929393726e-8"
"2.970425844192505","4.1114343929393726e-8"
"0.4965875744819641","4.1114343929393726e-8"
"1.1953709125518799","4.1114343929393726e-8"
"0.9868721961975098","4.1114343929393726e-8"
"0.5760201215744019","4.1114343929393726e-8"
"1.4759867191314697","4.1114343929393726e-8"
"0.5419209003448486","4.1114343929393726e-8"
"8.583612442016602","4"
"15.551438331604004","1.2999999523162842"
"11.758392333984375","2"
"2.7287087440490723","4.1114343929393726e-8"
"2.650456666946411","4.1114343929393726e-8"
"1.33506441116333","4.1114343929393726e-8"
"0.6906152963638306","4.1114343929393726e-8"
"0.6057463884353638","4.1114343929393726e-8"
"0.43339574337005615","4.1114343929393726e-8"
"0.16617509722709656","4.1114343929393726e-8"
"0.6496469378471375","4.1114343929393726e-8"
"0.9713428020477295","15"
"9.581873893737793","0.6000000238418579"
"12.61297607421875","9.299999237060547"
"16.40595245361328","1"
"5.35513162612915","15.999996185302734"
"2.689955711364746","8"
"2.5849609375","14.000000953674316"
"1.094327449798584","22"
"1.5472432374954224","19"
"1.6610145568847656","24.000001907348633"
"0.442810595035553","23"
"1.0084298849105835","4.1114343929393726e-8"
"1.1256805658340454","1"
"3.5175938606262207","14.499999046325684"
"11.400365829467773","16.099998474121094"
"10.690217971801758","35.999996185302734"
"3.4591829776763916","1.399999976158142"
"1.4166650772094727","0.8999999761581421"
"0.5486474633216858","12.999998092651367"
"0.13845916092395782","8"
"1.765966534614563","5.999999523162842"
"0.2294999063014984","5"
"0.25219008326530457","3"
"2.250540256500244","5"
"1.8587276935577393","4.1114343929393726e-8"
"22.424217224121094","60.59999084472656"
"32.28373336791992","25.699996948242188"
"35.20524597167969","36.49999237060547"
"19.249427795410156","1.1999999284744263"
"4.379217147827148","4.1114343929393726e-8"
"6.606168270111084","4.1114343929393726e-8"
"2.311723232269287","4.1114343929393726e-8"
"6.8605475425720215","4.1114343929393726e-8"
"4.876038074493408","4.1114343929393726e-8"
"3.2513184547424316","4.1114343929393726e-8"
"3.2036798000335693","2"
"2.1185214519500732","13.100001335144043"
"39.502342224121094","14.39999771118164"
"41.29098129272461","42.899993896484375"
"44.93415832519531","56.79999542236328"
"16.073556900024414","27.999990463256836"
"7.007787704467773","12.200000762939453"
"6.271730899810791","4.800000190734863"
"1.8510009050369263","4.1114343929393726e-8"
"6.096192359924316","1.600000023841858"
"9.300386428833008","22.799999237060547"
"1.3625433444976807","4.1114343929393726e-8"
"4.44367790222168","2.3000001907348633"
"5.001063346862793","9.800000190734863"
"22.597434997558594","27.999990463256836"
"33.3126335144043","4.1114343929393726e-8"
"39.494903564453125","56.500003814697266"
"19.84269905090332","38.59999465942383"
"15.011609077453613","6.500000476837158"
"6.834258556365967","40.400001525878906"
"2.5371286869049072","10.80000114440918"
"12.332834243774414","4.600000381469727"
"7.959239482879639","19.599998474121094"
"3.991318464279175","5.100000381469727"
"6.816651821136475","5.600000381469727"
"3.2000582218170166","33.29999923706055"
"34.16764831542969","21.299999237060547"
"27.99936866760254","4.1114343929393726e-8"
"28.741037368774414","19.700000762939453"
"12.374028205871582","29.999998092651367"
"13.868579864501953","36.900001525878906"
"3.3287136554718018","10.299997329711914"
"1.2117457389831543","62.5000114440918"
"4.706079006195068","40.49999237060547"
"3.585176944732666","3.3999996185302734"
"3.3349077701568604","30.399999618530273"
"3.2475900650024414","4.1114343929393726e-8"
"1.0289618968963623","46.99999237060547"
"25.25889778137207","55.69999313354492"
"32.43810272216797","24.199996948242188"
"33.31904983520508","120.20004272460938"
"13.091347694396973","39.599998474121094"
"6.489316940307617","17.699995040893555"
"3.882843255996704","34.399993896484375"
"0.6744434237480164","8.199999809265137"
"2.1006901264190674","4.600000381469727"
"3.1901395320892334","6.299999237060547"
"0.5418896079063416","3.3999996185302734"
"6.19514799118042","6.69999885559082"
"1.326821208000183","20.299999237060547"
"36.0643424987793","20.199996948242188"
"34.727691650390625","37.19999313354492"
"37.287235260009766","54.000003814697266"
"14.72976303100586","13.899999618530273"
"10.244908332824707","4.1114343929393726e-8"
"12.401015281677246","3"
"1.8923736810684204","42.09999465942383"
"3.984682559967041","58.40000534057617"
"8.480854988098145","11.600000381469727"
"6.822932720184326","36.29999923706055"
"12.908910751342773","19.899999618530273"
"1.3613877296447754","12.300000190734863"
"17.658676147460938","43.899993896484375"
"19.46687889099121","23.799997329711914"
"19.621112823486328","41.29999542236328"
"10.038909912109375","13.100001335144043"
"11.71158218383789","9.599998474121094"
"5.355134010314941","38.20000457763672"
"1.2208331823349","4.1114343929393726e-8"
"5.8625993728637695","4.1114343929393726e-8"
"7.5004801750183105","4.1114343929393726e-8"
"4.228292465209961","6.799999237060547"
"10.115994453430176","18.59999656677246"
"1.6610689163208008","1.2999999523162842"
"12.262470245361328","25.799999237060547"
"13.643400192260742","4.1114343929393726e-8"
"18.710872650146484","8.80000114440918"
"14.986455917358398","13.699997901916504"
"10.715066909790039","43.09999465942383"
"5.2577104568481445","15.600000381469727"
"2.5843729972839355","40"
"4.986541748046875","14.599998474121094"
"9.138214111328125","2"
"6.718286991119385","4.300000190734863"
"16.49972152709961","7"
"1.1612446308135986","4.1114343929393726e-8"
"10.973904609680176","14.499999046325684"
"10.111119270324707","4.1114343929393726e-8"
"20.28494644165039","10.5"
"10.111135482788086","4.1114343929393726e-8"
"6.042059898376465","21.799999237060547"
"2.524259567260742","16.799997329711914"
"3.7472825050354004","4.1114343929393726e-8"
"1.7486721277236938","4.1114343929393726e-8"
"3.977590322494507","25.799999237060547"
"1.266761302947998","4.1114343929393726e-8"
"3.681399345397949","4.1114343929393726e-8"
"0.3273153305053711","4.1114343929393726e-8"
"1.8749064207077026","2.799999713897705"
"4.004772663116455","4.1114343929393726e-8"
"6.223479270935059","4.800000190734863"
"5.041499137878418","4.1114343929393726e-8"
"1.5307488441467285","5"
"0.30661067366600037","0.8999999761581421"
"0.38158467411994934","4.1114343929393726e-8"
"0","4.1114343929393726e-8"
"0.3778432011604309","1.399999976158142"
"0.14433258771896362","4.1114343929393726e-8"
"0.7045767307281494","4.1114343929393726e-8"
"0.23478268086910248","4.1114343929393726e-8"
"1.2409218549728394","14.300000190734863"
"0.8881502747535706","4.1114343929393726e-8"
"5.464572906494141","4.1114343929393726e-8"
"0.7723562121391296","4.1114343929393726e-8"
"0.32069674134254456","4.1114343929393726e-8"
"0.3611331880092621","4.1114343929393726e-8"
"0.3203379511833191","4.1114343929393726e-8"
"0.0486801378428936","4.1114343929393726e-8"
"0.2913815975189209","4.1114343929393726e-8"
"0","4.1114343929393726e-8"
"0.1659473329782486","4.1114343929393726e-8"
"0.31690895557403564","4.1114343929393726e-8"
"1.4719359874725342","4.1114343929393726e-8"
"0.4867364764213562","7.6999993324279785"
"5.3135294914245605","4.1114343929393726e-8"
"0.4211316704750061","5"
"0.23318397998809814","4.1114343929393726e-8"
"0.033180952072143555","4.1114343929393726e-8"
"0.2312101423740387","4.1114343929393726e-8"
"0.006812527775764465","4.1114343929393726e-8"
"0.1123431995511055","3.1999998092651367"
"0","4.1114343929393726e-8"
"0.1255456507205963","4.1114343929393726e-8"
"0.7800890207290649","4.1114343929393726e-8"
"3.367633104324341","4.1114343929393726e-8"
"1.397769570350647","8.299999237060547"
"5.00443696975708","2.1000001430511475"
"1.1982338428497314","9.699997901916504"
"1.0912047624588013","20.400001525878906"
"1.0729906558990479","22.799999237060547"
"1.0069923400878906","14.39999771118164"
"0.2151043862104416","4.1114343929393726e-8"
"0.6814277768135071","4.1114343929393726e-8"
"0.5612229704856873","0.10000001639127731"
"1.8050090074539185","4.1114343929393726e-8"
"1.6895697116851807","4.1114343929393726e-8"
"4.355192184448242","31.299997329711914"
"5.549946308135986","4.1114343929393726e-8"
"11.01686954498291","77.9000015258789"
"4.165505409240723","5"
"1.738492727279663","14.39999771118164"
"1.181410312652588","4.1114343929393726e-8"
"1.231818675994873","4.1114343929393726e-8"
"0.8019598722457886","7.6999993324279785"
"0.40757375955581665","4.1114343929393726e-8"
"0.6591464877128601","8"
"4.1765666007995605","0.10000001639127731"
"2.111194610595703","0.5"
"26.238292694091797","2.3000001907348633"
"50.01111602783203","5.399999618530273"
"55.89626693725586","3.0999996662139893"
"13.551774024963379","0.800000011920929"
"11.535758018493652","4.1114343929393726e-8"
"12.82962417602539","8.69999885559082"
"1.5011800527572632","6.500000476837158"
"6.436670303344727","13.80000114440918"
"7.114624977111816","11.799999237060547"
"4.243434429168701","13.599998474121094"
"6.814456462860107","4.1114343929393726e-8"
"1.384014368057251","40.19999694824219"
"30.126737594604492","4.1114343929393726e-8"
"41.383392333984375","11.69999885559082"
"50.58319091796875","18.899995803833008"
"11.483814239501953","40.79998779296875"
"10.31153678894043","4.1114343929393726e-8"
"4.009920120239258","4.1114343929393726e-8"
"1.8068450689315796","4.1114343929393726e-8"
"3.707423210144043","4.1114343929393726e-8"
"11.32552433013916","4.1114343929393726e-8"
"1.59097421169281","4.1114343929393726e-8"
"2.478187084197998","4.1114343929393726e-8"
"1.8117181062698364","4.800000190734863"
"24.416135787963867","15.300000190734863"
"24.749162673950195","6.299999237060547"
"32.939491271972656","28.499996185302734"
"9.035593032836914","2.3000001907348633"
"12.307437896728516","4.1114343929393726e-8"
"1.532179355621338","4.1114343929393726e-8"
"1.9418429136276245","4.1114343929393726e-8"
"6.910347938537598","4.1114343929393726e-8"
"2.961515426635742","4.1114343929393726e-8"
"2.3516640663146973","4.1114343929393726e-8"
"4.045271396636963","4.1114343929393726e-8"
"2.5398199558258057","31.299997329711914"
"23.2838077545166","90.29998779296875"
"21.115924835205078","100.60001373291016"
"22.110965728759766","68.0999984741211"
"11.6376953125","15.899996757507324"
"8.016873359680176","25.399995803833008"
"2.9699790477752686","47.30000305175781"
"0.8018347024917603","4.1114343929393726e-8"
"1.6206024885177612","4.1114343929393726e-8"
"0.863592267036438","5.900000095367432"
"1.7854044437408447","4.300000190734863"
"4.1102190017700195","4.1114343929393726e-8"
"0.49005430936813354","12.200000762939453"
"23.47634506225586","34.29999542236328"
"16.564491271972656","2.3999998569488525"
"24.597984313964844","14.899998664855957"
"13.16305923461914","11.499998092651367"
"3.6926512718200684","4.600000381469727"
"2.698699474334717","11.100001335144043"
"1.7259032726287842","4.1114343929393726e-8"
"2.03055477142334","3.8999998569488525"
"1.2968857288360596","20.699993133544922"
"1.3241660594940186","2.3000001907348633"
"4.498526573181152","4.1114343929393726e-8"
"2.1288323402404785","9.699997901916504"
"34.65667724609375","28.699995040893555"
"30.03492546081543","39.100006103515625"
"22.451156616210938","35.69999313354492"
"15.092375755310059","4.099999904632568"
"11.250083923339844","4.1114343929393726e-8"
"13.96694564819336","4.90000057220459"
"2.4024205207824707","4.1114343929393726e-8"
"5.113751411437988","4.1114343929393726e-8"
"5.488884449005127","4.1114343929393726e-8"
"4.663990020751953","4.1114343929393726e-8"
"4.599543571472168","4.1114343929393726e-8"
"1.6286014318466187","4.1114343929393726e-8"
"18.163898468017578","50.499996185302734"
"21.068363189697266","3.3999996185302734"
"21.319480895996094","36.69999313354492"
"8.199932098388672","1.8000000715255737"
"3.831657648086548","4.400000095367432"
"1.1711153984069824","4.1114343929393726e-8"
"0.20419453084468842","4.1114343929393726e-8"
"1.9726698398590088","4.1114343929393726e-8"
"1.8777352571487427","4.1114343929393726e-8"
"0.5940755605697632","4.1114343929393726e-8"
"3.7055583000183105","4.1114343929393726e-8"
"1.8068069219589233","4.1114343929393726e-8"
"13.345293045043945","14.39999771118164"
"24.456111907958984","26.19999885559082"
"22.50766372680664","37.899993896484375"
"8.764932632446289","4.400000095367432"
"4.012911796569824","9.299999237060547"
"0.9535385966300964","4.1114343929393726e-8"
"2.5660009384155273","4.1114343929393726e-8"
"1.7217198610305786","4.1114343929393726e-8"
"2.1132378578186035","4.1114343929393726e-8"
"1.4145653247833252","4.1114343929393726e-8"
"4.414220333099365","4.300000190734863"
"1.1161973476409912","4.1114343929393726e-8"
"20.145339965820312","4.1114343929393726e-8"
"12.977968215942383","4.1114343929393726e-8"
"22.291244506835938","4.1114343929393726e-8"
"6.796152591705322","4.1114343929393726e-8"
"1.6375455856323242","4.1114343929393726e-8"
"1.7250354290008545","1"
"3.549097776412964","4.1114343929393726e-8"
"1.4666943550109863","8.299999237060547"
"1.2575920820236206","0.7000000476837158"
"1.1601223945617676","4.1114343929393726e-8"
"2.768899917602539","4.1114343929393726e-8"
"2.1772260665893555","4.1114343929393726e-8"
"10.83497428894043","4.1114343929393726e-8"
"12.70372200012207","4.1114343929393726e-8"
"12.961082458496094","4.1114343929393726e-8"
"5.198893070220947","4.1114343929393726e-8"
"2.807447910308838","4.1114343929393726e-8"
"2.251589298248291","4.1114343929393726e-8"
"1.348467469215393","4.1114343929393726e-8"
"7.242103099822998","4.1114343929393726e-8"
"1.6242198944091797","4.1114343929393726e-8"
"0.9821140766143799","4.1114343929393726e-8"
"3.612684488296509","4.1114343929393726e-8"
"0.8888582587242126","4.1114343929393726e-8"
"19.65159797668457","4.1114343929393726e-8"
"18.092607498168945","5.200000286102295"
"29.062257766723633","1.399999976158142"
"4.535238742828369","4.1114343929393726e-8"
"1.7590742111206055","4.1114343929393726e-8"
"2.648408889770508","4.1114343929393726e-8"
"0.6459959149360657","4.1114343929393726e-8"
"3.1400187015533447","4.1114343929393726e-8"
"2.9200737476348877","4.1114343929393726e-8"
"0.6231684684753418","4.1114343929393726e-8"
"1.159693717956543","4.1114343929393726e-8"
"0.8803480863571167","4.1114343929393726e-8"
"14.652063369750977","17.499998092651367"
"23.361299514770508","1"
"25.82280731201172","0.800000011920929"
"4.81740140914917","4.1114343929393726e-8"
"2.335933208465576","4.1114343929393726e-8"
"0.5989322662353516","4.1114343929393726e-8"
"0.5056474804878235","4.1114343929393726e-8"
"2.029127597808838","4.1114343929393726e-8"
"0.7396759986877441","4.1114343929393726e-8"
"0.2030046582221985","4.1114343929393726e-8"
"0.4299241900444031","4.1114343929393726e-8"
"1.0549747943878174","4.1114343929393726e-8"
"12.789323806762695","38.699989318847656"
"8.360742568969727","34.399993896484375"
"21.303104400634766","55.40000534057617"
"5.155910015106201","24.99999237060547"
"2.5172181129455566","4.1114343929393726e-8"
"2.495551109313965","4.1114343929393726e-8"
"1.7614526748657227","4.1114343929393726e-8"
"2.1755993366241455","4.1114343929393726e-8"
"1.3532578945159912","4.1114343929393726e-8"
"0.8467051982879639","4.1114343929393726e-8"
"1.3642228841781616","1.600000023841858"
"0.4046853184700012","4.1114343929393726e-8"
"6.103079319000244","0.30000001192092896"
"5.014023303985596","3.0999996662139893"
"7.127179145812988","14.000000953674316"
"3.1177501678466797","4.1114343929393726e-8"
"1.1082144975662231","4.1114343929393726e-8"
"1.0677226781845093","4.1114343929393726e-8"
"0.3191913366317749","4.1114343929393726e-8"
"2.567403793334961","4.1114343929393726e-8"
"1.1257390975952148","4.1114343929393726e-8"
"0.33189207315444946","4.600000381469727"
"1.9547370672225952","4.1114343929393726e-8"
"0.8858534097671509","19"
"2.2076125144958496","8.5"
"4.8293304443359375","0.4000000059604645"
"12.485689163208008","12.90000057220459"
"2.737623453140259","22"
"0.44210320711135864","22"
"1.9709662199020386","55.89998245239258"
"1.9419575929641724","101.99999237060547"
"1.913936972618103","99.99998474121094"
"0.6258260011672974","37.999996185302734"
"0.9445483684539795","65.00000762939453"
"1.2996702194213867","103.00001525878906"
"1.0768144130706787","3"
"4.3815741539001465","11.200000762939453"
"15.334016799926758","24.69999885559082"
"20.114360809326172","2.1000001430511475"
"6.653907775878906","8"
"5.298130035400391","9"
"3.214010000228882","8.09999942779541"
"5.266133785247803","5.799999713897705"
"1.6327080726623535","5.999999523162842"
"1.6516984701156616","6.90000057220459"
"1.3297852277755737","5.200000286102295"
"3.8149194717407227","8"
"2.8794608116149902","15.899996757507324"
"13.12820053100586","1"
"13.021068572998047","0.8999999761581421"
"40.21920394897461","31"
"6.717252731323242","24.000001907348633"
"6.9297404289245605","7.100000381469727"
"4.008573532104492","31"
"2.848656415939331","16.199996948242188"
"5.187772750854492","7"
"3.415407657623291","19.099998474121094"
"2.3569977283477783","33.79999542236328"
"8.86648178100586","4.1114343929393726e-8"
"1.1124805212020874","11.399998664855957"
"22.06841278076172","0.19999997317790985"
"25.287586212158203","40.99999237060547"
"30.052074432373047","2"
"4.515183448791504","18"
"4.880270004272461","12.90000057220459"
"2.528005361557007","2"
"2.637894630432129","4.1114343929393726e-8"
"2.589087724685669","3"
"6.8964433670043945","7"
"2.794172763824463","3"
"9.14295482635498","4.1114343929393726e-8"
"1.9136674404144287","4.1114343929393726e-8"
"15.573326110839844","4.1114343929393726e-8"
"11.324748992919922","5.999999523162842"
"32.17575454711914","8"
"22.64517593383789","8.09999942779541"
"6.859277248382568","12.999998092651367"
"1.7393145561218262","4.1114343929393726e-8"
"6.353417873382568","4.1114343929393726e-8"
"1.9504268169403076","4.1114343929393726e-8"
"4.741402626037598","7"
"2.014958381652832","4.1114343929393726e-8"
"5.946704387664795","4.1114343929393726e-8"
"4.887676239013672","0.30000001192092896"
"16.286258697509766","4.1114343929393726e-8"
"9.39650821685791","4.1114343929393726e-8"
"24.181737899780273","0.5"
"18.534976959228516","0.19999997317790985"
"7.092615127563477","4.1114343929393726e-8"
"11.578078269958496","4.1114343929393726e-8"
"11.63154125213623","4.1114343929393726e-8"
"5.160100936889648","4.1114343929393726e-8"
"4.051971912384033","4.1114343929393726e-8"
"7.745631217956543","4.1114343929393726e-8"
"6.37914514541626","4.1114343929393726e-8"
"5.7013397216796875","1"
"14.539009094238281","1.100000023841858"
"18.957639694213867","5"
"17.687360763549805","13.699997901916504"
"16.11234474182129","35.999996185302734"
"6.914975166320801","4.1114343929393726e-8"
"9.331853866577148","0.10000001639127731"
"3.104593276977539","0.7000000476837158"
"5.376884937286377","42.000003814697266"
"3.5388946533203125","4.1114343929393726e-8"
"3.4811971187591553","4.1114343929393726e-8"
"7.736368179321289","2"
"3.4659368991851807","4.1114343929393726e-8"
"13.204316139221191","1"
"24.41407012939453","7"
"24.709718704223633","0.800000011920929"
"14.402178764343262","4.1114343929393726e-8"
"7.901341915130615","4.1114343929393726e-8"
"6.206753730773926","20.999996185302734"
"6.067432403564453","9.199999809265137"
"2.675994634628296","5.999999523162842"
"6.069164752960205","4.1114343929393726e-8"
"4.118764877319336","9"
"10.827919006347656","0.5"
"1.1957337856292725","9"
"14.455863952636719","7"
"21.918899536132812","11"
"26.804489135742188","14.000000953674316"
"11.078009605407715","1"
"5.390792369842529","9"
"4.462497711181641","4.1114343929393726e-8"
"7.226490020751953","2"
"2.3446738719940186","4.1114343929393726e-8"
"3.3655848503112793","5.999999523162842"
"2.0393717288970947","1"
"9.369156837463379","1"
"5.72703742980957","31"
"13.419610023498535","10.000000953674316"
"15.757229804992676","4"
"26.63662338256836","18"
"11.36587905883789","68"
"7.280671119689941","23"
"4.358358860015869","33.999996185302734"
"4.0567169189453125","44.99999237060547"
"4.891568183898926","12.999998092651367"
"2.540393829345703","8"
"1.8946537971496582","58.000003814697266"
"7.056624412536621","56"
"3.5538883209228516","18"
"18.30855369567871","14.000000953674316"
"33.75199890136719","3"
"34.282745361328125","35.999996185302734"
"19.94198226928711","25.999996185302734"
"8.119040489196777","5"
"7.838344097137451","7"
"2.5707690715789795","27.999990463256836"
"3.628519058227539","3"
"4.064204216003418","20.999996185302734"
"2.6391353607177734","3"
"9.309167861938477","27.999990463256836"
"2.7748258113861084","16.999996185302734"
"21.86546516418457","4.1114343929393726e-8"
"31.490026473999023","1"
"36.81467056274414","6.100000381469727"
"15.028238296508789","16.999996185302734"
"6.879079818725586","11.999999046325684"
"5.464163780212402","3"
"4.0228376388549805","4.1114343929393726e-8"
"4.312266826629639","4.1114343929393726e-8"
"2.8290255069732666","4.1114343929393726e-8"
"2.7121174335479736","4.1114343929393726e-8"
"16.865604400634766","4.1114343929393726e-8"
"4.183382987976074","0.10000001639127731"
"20.243906021118164","2"
"30.33013153076172","4.1114343929393726e-8"
"43.78047180175781","0.5"
"13.503483772277832","4.1114343929393726e-8"
"12.104005813598633","4.1114343929393726e-8"
"15.094408988952637","15.49999713897705"
"7.006922721862793","8"
"6.961729526519775","4.1114343929393726e-8"
"8.730708122253418","4.1114343929393726e-8"
"9.55205249786377","4.1114343929393726e-8"
"11.219474792480469","0.19999997317790985"
"5.5606536865234375","0.8999999761581421"
"16.698955535888672","4.1114343929393726e-8"
"21.0860652923584","0.10000001639127731"
"28.2795467376709","0.5"
"13.056729316711426","18"
"12.910778045654297","4.1114343929393726e-8"
"11.056161880493164","3.499999523162842"
"2.1862990856170654","0.10000001639127731"
"6.746905326843262","2"
"9.365753173828125","0.8999999761581421"
"3.3552277088165283","3"
"10.176995277404785","4"
"2.6549746990203857","10.000000953674316"
"17.086843490600586","4.1114343929393726e-8"
"14.353672981262207","18"
"35.98594665527344","52.49999237060547"
"28.184768676757812","12.699996948242188"
"10.142842292785645","3"
"10.166772842407227","29.09999656677246"
"2.2262210845947266","10.000000953674316"
"4.3918137550354","2.6000001430511475"
"7.443519592285156","8.69999885559082"
"2.7462706565856934","1"
"5.409814834594727","2.6000001430511475"
"2.288693904876709","7"
"36.66843032836914","4.1114343929393726e-8"
"23.863245010375977","10.199997901916504"
"37.245567321777344","24.99999237060547"
"34.29902648925781","7"
"17.66326332092285","2.3000001907348633"
"6.340545654296875","1.899999976158142"
"3.0315170288085938","8.09999942779541"
"3.7254414558410645","67.10000610351562"
"8.37150764465332","1.899999976158142"
"1.1164201498031616","19.199996948242188"
"8.951295852661133","25.599992752075195"
"2.6481895446777344","4.1114343929393726e-8"
"21.904903411865234","4.1114343929393726e-8"
"35.63461685180664","4.1114343929393726e-8"
"26.8366641998291","4.1114343929393726e-8"
"13.03264331817627","4.1114343929393726e-8"
"11.452787399291992","4.1114343929393726e-8"
"4.511294364929199","4.1114343929393726e-8"
"3.3482041358947754","4.1114343929393726e-8"
"6.625253200531006","4.1114343929393726e-8"
"7.129892349243164","4.1114343929393726e-8"
"3.498079538345337","4.1114343929393726e-8"
"11.169761657714844","4.1114343929393726e-8"
"2.062896966934204","25.999996185302734"
"28.94272804260254","22"
"29.60215187072754","3"
"28.831512451171875","10.000000953674316"
"13.561155319213867","29.09999656677246"
"8.833364486694336","11.999999046325684"
"3.6520583629608154","20.999996185302734"
"3.4106850624084473","0.6000000238418579"
"5.2329206466674805","16.999996185302734"
"10.699859619140625","6.40000057220459"
"3.588991641998291","18"
"13.274992942810059","34.99999237060547"
"2.1609597206115723","14.000000953674316"
"23.049667358398438","0.10000001639127731"
"19.55332374572754","118.00003051757812"
"37.85618591308594","65.99998474121094"
"21.98710060119629","40.99999237060547"
"12.712823867797852","0.800000011920929"
"2.9896109104156494","4.1114343929393726e-8"
"3.247385025024414","1"
"3.354793071746826","15.999996185302734"
"6.166408061981201","0.10000001639127731"
"2.096740961074829","2.1000001430511475"
"9.489856719970703","9"
"5.191814422607422","8"
"24.098249435424805","0.8999999761581421"
"26.34221649169922","7"
"29.891069412231445","1.100000023841858"
"18.84613800048828","4"
"12.600057601928711","12.200000762939453"
"13.178030014038086","0.10000001639127731"
"6.867178916931152","4.1114343929393726e-8"
"5.760612487792969","4.1114343929393726e-8"
"6.56630802154541","2.1999998092651367"
"10.468859672546387","4.1114343929393726e-8"
"5.597626209259033","4.1114343929393726e-8"
"4.842681884765625","4.1114343929393726e-8"
"21.370742797851562","12.999998092651367"
"23.65506362915039","9.099998474121094"
"25.313377380371094","3"
"16.159393310546875","4.1114343929393726e-8"
"9.523599624633789","4.1114343929393726e-8"
"7.540937423706055","4.1114343929393726e-8"
"1.6702194213867188","4.1114343929393726e-8"
"4.555666923522949","4.1114343929393726e-8"
"5.303653717041016","4.1114343929393726e-8"
"2.421335220336914","4.1114343929393726e-8"
"4.838920593261719","4.1114343929393726e-8"
"2.3144636154174805","4.1114343929393726e-8"
"17.50893211364746","4"
"31.369604110717773","1.2999999523162842"
"24.93756866455078","2"
"13.651498794555664","4.1114343929393726e-8"
"11.07735824584961","4.1114343929393726e-8"
"6.547075271606445","4.1114343929393726e-8"
"2.3946332931518555","4.1114343929393726e-8"
"2.732120990753174","4.1114343929393726e-8"
"2.715104341506958","4.1114343929393726e-8"
"3.1833651065826416","4.1114343929393726e-8"
"8.462615013122559","4.1114343929393726e-8"
"0.9402909278869629","15"
"23.919628143310547","0.6000000238418579"
"26.3774471282959","9.299999237060547"
"28.222869873046875","1"
"8.842065811157227","15.999996185302734"
"6.228610992431641","8"
"5.1657280921936035","14.000000953674316"
"5.050183296203613","22"
"2.838106632232666","19"
"2.9777841567993164","24.000001907348633"
"1.501661777496338","23"
"3.997653007507324","4.1114343929393726e-8"
"2.47922682762146","1"
"15.364104270935059","14.499999046325684"
"16.390148162841797","16.099998474121094"
"20.693145751953125","35.999996185302734"
"10.364826202392578","1.399999976158142"
"6.109127521514893","0.8999999761581421"
"3.7832071781158447","12.999998092651367"
"2.268031358718872","8"
"5.490370273590088","5.999999523162842"
"1.7660634517669678","5"
"1.067471981048584","3"
"4.759308815002441","5"
"1.4421340227127075","4.1114343929393726e-8"
"21.533538818359375","33"
"18.431127548217773","48.89999008178711"
"23.342870712280273","15"
"5.318165302276611","4.1114343929393726e-8"
"5.119518280029297","17.099994659423828"
"1.7447870969772339","0.19999997317790985"
"1.2415189743041992","0.10000001639127731"
"1.5316803455352783","4.1114343929393726e-8"
"1.6557267904281616","1.2999999523162842"
"0.6232395172119141","3"
"5.538459777832031","26.999996185302734"
"0.5563476085662842","4.1114343929393726e-8"
"8.766008377075195","9"
"10.64693832397461","12.100000381469727"
"18.13240623474121","10.000000953674316"
"2.587841749191284","4.1114343929393726e-8"
"2.7235147953033447","4.1114343929393726e-8"
"1.7929904460906982","4.1114343929393726e-8"
"2.516148805618286","0.10000001639127731"
"1.097893476486206","4.1114343929393726e-8"
"0.4640049338340759","4.700000286102295"
"0.778763473033905","3"
"5.908992767333984","4.1114343929393726e-8"
"0.5789474248886108","10.000000953674316"
"6.055816650390625","22"
"6.2198076248168945","1.2999999523162842"
"15.207012176513672","1.1999999284744263"
"1.45143723487854","3"
"0.8200582265853882","3.8999998569488525"
"2.2532639503479004","3"
"2.888827085494995","4.1114343929393726e-8"
"0.6738148927688599","0.7000000476837158"
"1.2619351148605347","4.1114343929393726e-8"
"0.9015598297119141","4.1114343929393726e-8"
"3.0734949111938477","4.1114343929393726e-8"
"0.7917098999023438","9"
"4.314910411834717","37"
"4.407626628875732","62.69998550415039"
"16.810537338256836","25.799999237060547"
"3.2807772159576416","5.999999523162842"
"0.46851450204849243","1.100000023841858"
"1.0404001474380493","42.000003814697266"
"0.31467747688293457","27.999990463256836"
"0.7226473093032837","29.29999542236328"
"0.11740414798259735","25.999996185302734"
"0.23297148942947388","4"
"3.787203788757324","1.100000023841858"
"0.9247312545776367","33.29999923706055"
"21.17220115661621","21.299999237060547"
"22.844802856445312","4.1114343929393726e-8"
"28.100683212280273","19.700000762939453"
"8.089909553527832","29.999998092651367"
"8.730868339538574","36.900001525878906"
"3.3320488929748535","10.299997329711914"
"2.373185396194458","62.5000114440918"
"5.058152198791504","40.49999237060547"
"1.9336292743682861","3.3999996185302734"
"3.4485714435577393","30.399999618530273"
"10.573898315429688","4.1114343929393726e-8"
"1.4014642238616943","46.99999237060547"
"32.94594955444336","55.69999313354492"
"38.09882354736328","24.199996948242188"
"39.639556884765625","120.20004272460938"
"22.749717712402344","39.599998474121094"
"6.342343330383301","17.699995040893555"
"8.326875686645508","34.399993896484375"
"4.494379997253418","8.199999809265137"
"5.673473834991455","4.600000381469727"
"9.382080078125","6.299999237060547"
"2.4691109657287598","3.3999996185302734"
"10.328678131103516","6.69999885559082"
"3.9711475372314453","20.299999237060547"
"21.941913604736328","20.199996948242188"
"40.01445770263672","37.19999313354492"
"36.057220458984375","54.000003814697266"
"19.265810012817383","13.899999618530273"
"12.022250175476074","4.1114343929393726e-8"
"15.579345703125","3"
"2.8838961124420166","42.09999465942383"
"7.827662944793701","58.40000534057617"
"9.431516647338867","11.600000381469727"
"4.00429630279541","36.29999923706055"
"12.952014923095703","19.899999618530273"
"2.426547050476074","12.300000190734863"
"21.257728576660156","43.899993896484375"
"36.988712310791016","23.799997329711914"
"38.540653228759766","41.29999542236328"
"20.244857788085938","13.100001335144043"
"14.000608444213867","9.599998474121094"
"5.378969669342041","38.20000457763672"
"1.745442271232605","4.1114343929393726e-8"
"4.599708557128906","4.1114343929393726e-8"
"7.584308624267578","4.1114343929393726e-8"
"5.195446014404297","6.799999237060547"
"15.577535629272461","18.59999656677246"
"0.9627377390861511","1.2999999523162842"
"12.006552696228027","25.799999237060547"
"18.271636962890625","4.1114343929393726e-8"
"30.3720645904541","8.80000114440918"
"5.612102508544922","13.699997901916504"
"5.354933738708496","43.09999465942383"
"1.973453164100647","15.600000381469727"
"3.1582090854644775","40"
"1.4958524703979492","14.599998474121094"
"3.3352084159851074","2"
"2.9825596809387207","4.300000190734863"
"14.850722312927246","7"
"0.5724160671234131","4.1114343929393726e-8"
"5.1854939460754395","14.499999046325684"
"3.3726248741149902","4.1114343929393726e-8"
"9.632037162780762","10.5"
"3.2344675064086914","4.1114343929393726e-8"
"1.524741530418396","21.799999237060547"
"1.3652864694595337","16.799997329711914"
"2.505201578140259","4.1114343929393726e-8"
"0.6560983657836914","4.1114343929393726e-8"
"2.6015353202819824","25.799999237060547"
"1.2223522663116455","4.1114343929393726e-8"
"1.2222230434417725","4.1114343929393726e-8"
"0.3317590355873108","4.1114343929393726e-8"
"0.9695847034454346","2.799999713897705"
"2.7573328018188477","4.1114343929393726e-8"
"5.143108367919922","4.800000190734863"
"4.247895240783691","4.1114343929393726e-8"
"0.45819246768951416","5"
"0.09178231656551361","0.8999999761581421"
"0.15377092361450195","4.1114343929393726e-8"
"0.10705149918794632","4.1114343929393726e-8"
"0.27808085083961487","1.399999976158142"
"0.24911072850227356","4.1114343929393726e-8"
"0.7311795949935913","4.1114343929393726e-8"
"0.253936231136322","4.1114343929393726e-8"
"4.449986457824707","14.300000190734863"
"1.731754183769226","4.1114343929393726e-8"
"8.286027908325195","4.1114343929393726e-8"
"2.2894458770751953","4.1114343929393726e-8"
"0.6614895462989807","4.1114343929393726e-8"
"0.20745216310024261","4.1114343929393726e-8"
"0.5014432072639465","4.1114343929393726e-8"
"0.5083789825439453","4.1114343929393726e-8"
"0.1323860138654709","4.1114343929393726e-8"
"0.34326887130737305","4.1114343929393726e-8"
"0.3333996832370758","4.1114343929393726e-8"
"0.8662267923355103","4.1114343929393726e-8"
"2.683037757873535","4.1114343929393726e-8"
"5.013460636138916","7.6999993324279785"
"9.04229736328125","4.1114343929393726e-8"
"1.408041000366211","5"
"0.5262694358825684","4.1114343929393726e-8"
"1.4596655368804932","4.1114343929393726e-8"
"4.07150936126709","4.1114343929393726e-8"
"0.8162040710449219","4.1114343929393726e-8"
"0.6057668328285217","3.1999998092651367"
"0.6423424482345581","4.1114343929393726e-8"
"1.531751275062561","4.1114343929393726e-8"
"2.3603506088256836","4.1114343929393726e-8"
"8.939838409423828","4.1114343929393726e-8"
"5.588596343994141","8.299999237060547"
"7.295465469360352","2.1000001430511475"
"6.897684097290039","9.699997901916504"
"5.733061790466309","20.400001525878906"
"2.03220796585083","22.799999237060547"
"2.430884599685669","14.39999771118164"
"2.08925199508667","4.1114343929393726e-8"
"0.92369145154953","4.1114343929393726e-8"
"1.3101885318756104","0.10000001639127731"
"4.837663650512695","4.1114343929393726e-8"
"1.2856402397155762","4.1114343929393726e-8"
"6.278602600097656","31.299997329711914"
"10.398317337036133","4.1114343929393726e-8"
"24.304658889770508","77.9000015258789"
"2.752556324005127","5"
"1.2418022155761719","14.39999771118164"
"1.441164255142212","4.1114343929393726e-8"
"1.3385868072509766","4.1114343929393726e-8"
"1.3095579147338867","7.6999993324279785"
"1.4044052362442017","4.1114343929393726e-8"
"0.9153358340263367","8"
"3.440784454345703","0.10000001639127731"
"0.4837680459022522","4.1114343929393726e-8"
"9.264687538146973","4.1114343929393726e-8"
"15.449226379394531","4.1114343929393726e-8"
"22.816314697265625","4.1114343929393726e-8"
"1.8511643409729004","4.1114343929393726e-8"
"0.8040408492088318","4.1114343929393726e-8"
"0.8973767757415771","4.1114343929393726e-8"
"1.4145305156707764","4.1114343929393726e-8"
"0.8500843048095703","4.1114343929393726e-8"
"0.6713271141052246","4.1114343929393726e-8"
"0.3952939212322235","4.1114343929393726e-8"
"3.982167959213257","4.1114343929393726e-8"
"0.6836872696876526","4.1114343929393726e-8"
"11.01533317565918","4.1114343929393726e-8"
"11.573158264160156","4.1114343929393726e-8"
"17.796958923339844","4.1114343929393726e-8"
"4.247800827026367","4.1114343929393726e-8"
"1.391101360321045","4.1114343929393726e-8"
"4.374145030975342","4.1114343929393726e-8"
"2.6279656887054443","4.1114343929393726e-8"
"1.3769078254699707","4.1114343929393726e-8"
"2.387300968170166","4.1114343929393726e-8"
"1.821610927581787","4.1114343929393726e-8"
"3.280555248260498","4.1114343929393726e-8"
"1.015284776687622","4.1114343929393726e-8"
"7.156897068023682","4.1114343929393726e-8"
"9.109444618225098","4.1114343929393726e-8"
"13.257108688354492","4.1114343929393726e-8"
"4.78431510925293","4.1114343929393726e-8"
"2.11338210105896","4.1114343929393726e-8"
"1.8111788034439087","4.1114343929393726e-8"
"0.5550716519355774","4.1114343929393726e-8"
"2.3154654502868652","4.1114343929393726e-8"
"1.192260503768921","4.1114343929393726e-8"
"0.5277947187423706","4.1114343929393726e-8"
"1.918631672859192","4.1114343929393726e-8"
"2.210685968399048","31.299997329711914"
"21.652774810791016","90.29998779296875"
"22.106403350830078","100.60001373291016"
"22.28012466430664","68.0999984741211"
"23.138656616210938","15.899996757507324"
"10.679152488708496","25.399995803833008"
"3.7415409088134766","47.30000305175781"
"0.7497045993804932","4.1114343929393726e-8"
"3.3143672943115234","4.1114343929393726e-8"
"1.4737433195114136","5.900000095367432"
"1.4954888820648193","4.300000190734863"
"3.5596158504486084","4.1114343929393726e-8"
"1.0649068355560303","12.200000762939453"
"22.629318237304688","34.29999542236328"
"32.974578857421875","2.3999998569488525"
"24.27981948852539","14.899998664855957"
"23.07132339477539","11.499998092651367"
"7.728787422180176","4.600000381469727"
"5.534433841705322","11.100001335144043"
"3.673931837081909","4.1114343929393726e-8"
"3.2214291095733643","3.8999998569488525"
"1.8293997049331665","20.699993133544922"
"1.902535080909729","2.3000001907348633"
"5.644901275634766","4.1114343929393726e-8"
"2.2173256874084473","9.699997901916504"
"24.420377731323242","28.699995040893555"
"29.651309967041016","39.100006103515625"
"18.545207977294922","35.69999313354492"
"15.691520690917969","4.099999904632568"
"8.503742218017578","4.1114343929393726e-8"
"8.71544075012207","4.90000057220459"
"1.6589295864105225","4.1114343929393726e-8"
"8.197552680969238","4.1114343929393726e-8"
"4.713457107543945","4.1114343929393726e-8"
"2.9667835235595703","4.1114343929393726e-8"
"6.372701168060303","4.1114343929393726e-8"
"1.1014974117279053","4.1114343929393726e-8"
"21.97233009338379","50.499996185302734"
"36.46406936645508","3.3999996185302734"
"31.971424102783203","36.69999313354492"
"15.077741622924805","1.8000000715255737"
"13.34410285949707","4.400000095367432"
"4.098082065582275","4.1114343929393726e-8"
"1.0434751510620117","4.1114343929393726e-8"
"4.603989601135254","4.1114343929393726e-8"
"9.13125228881836","4.1114343929393726e-8"
"2.6223559379577637","4.1114343929393726e-8"
"8.81824016571045","4.1114343929393726e-8"
"0.9046473503112793","4.1114343929393726e-8"
"14.82622241973877","14.39999771118164"
"27.52762794494629","26.19999885559082"
"37.909332275390625","37.899993896484375"
"19.975662231445312","4.400000095367432"
"7.456826686859131","9.299999237060547"
"1.413560152053833","4.1114343929393726e-8"
"1.4050713777542114","4.1114343929393726e-8"
"1.6426515579223633","4.1114343929393726e-8"
"3.931720733642578","4.1114343929393726e-8"
"1.5555469989776611","4.1114343929393726e-8"
"3.3225040435791016","4.300000190734863"
"2.6606218814849854","4.1114343929393726e-8"
"30.046632766723633","4.1114343929393726e-8"
"29.387910842895508","4.1114343929393726e-8"
"33.33023452758789","4.1114343929393726e-8"
"23.63123893737793","4.1114343929393726e-8"
"6.738985538482666","4.1114343929393726e-8"
"11.229673385620117","1"
"1.81304132938385","4.1114343929393726e-8"
"3.631009101867676","8.299999237060547"
"4.140966415405273","0.7000000476837158"
"4.906155586242676","4.1114343929393726e-8"
"13.261817932128906","4.1114343929393726e-8"
"1.617932677268982","4.1114343929393726e-8"
"15.250537872314453","4.1114343929393726e-8"
"16.280494689941406","4.1114343929393726e-8"
"18.21245002746582","4.1114343929393726e-8"
"9.726457595825195","4.1114343929393726e-8"
"4.393674850463867","4.1114343929393726e-8"
"7.930417537689209","4.1114343929393726e-8"
"1.291727900505066","4.1114343929393726e-8"
"3.1176135540008545","4.1114343929393726e-8"
"10.681947708129883","4.1114343929393726e-8"
"4.153955459594727","4.1114343929393726e-8"
"11.736984252929688","4.1114343929393726e-8"
"0.07134826481342316","4.1114343929393726e-8"
"1.4296679496765137","4.1114343929393726e-8"
"1.2663447856903076","5.200000286102295"
"4.408195495605469","1.399999976158142"
"0.7913217544555664","4.1114343929393726e-8"
"0.7419423460960388","4.1114343929393726e-8"
"0.5925008058547974","4.1114343929393726e-8"
"0.5370758771896362","4.1114343929393726e-8"
"0.4930180311203003","4.1114343929393726e-8"
"0.9331793785095215","4.1114343929393726e-8"
"0.23386384546756744","4.1114343929393726e-8"
"0.2751857340335846","4.1114343929393726e-8"
"0.41789108514785767","4.1114343929393726e-8"
"0.2112278938293457","17.499998092651367"
"0.7092981338500977","1"
"1.9388656616210938","0.800000011920929"
"3.6113216876983643","4.1114343929393726e-8"
"0.07802662998437881","4.1114343929393726e-8"
"0.1478480100631714","4.1114343929393726e-8"
"0.6224938631057739","4.1114343929393726e-8"
"0.2387854903936386","4.1114343929393726e-8"
"0.4247203767299652","4.1114343929393726e-8"
"0","4.1114343929393726e-8"
"0.11747808009386063","4.1114343929393726e-8"
"0.046954136341810226","4.1114343929393726e-8"
"0.11980201303958893","38.699989318847656"
"0.13802753388881683","34.399993896484375"
"2.457733154296875","55.40000534057617"
"0.5910900831222534","24.99999237060547"
"0.09271582961082458","4.1114343929393726e-8"
"0.012678312137722969","4.1114343929393726e-8"
"0.12937049567699432","4.1114343929393726e-8"
"0.15265195071697235","4.1114343929393726e-8"
"0.07025137543678284","4.1114343929393726e-8"
"0.1463671177625656","4.1114343929393726e-8"
"0.3426453173160553","1.600000023841858"
"0.2709825336933136","4.1114343929393726e-8"
"0.3274204730987549","0.30000001192092896"
"0.3093273639678955","3.0999996662139893"
"1.1635860204696655","14.000000953674316"
"0.4073781371116638","4.1114343929393726e-8"
"0.21942667663097382","4.1114343929393726e-8"
"0.3052108585834503","4.1114343929393726e-8"
"0.5829330682754517","4.1114343929393726e-8"
"0.1764610856771469","4.1114343929393726e-8"
"0.29467251896858215","4.1114343929393726e-8"
"0.09365066140890121","4.600000381469727"
"0.54567551612854","4.1114343929393726e-8"
"0.0462527722120285","21.899999618530273"
"1.0469988584518433","4.1114343929393726e-8"
"0.6963839530944824","23.900001525878906"
"3.401780128479004","8.199999809265137"
"0.25956496596336365","31.600000381469727"
"0.5475183725357056","45.099998474121094"
"0.34094735980033875","4.1114343929393726e-8"
"1.8896831274032593","4.1114343929393726e-8"
"0.56333327293396","4.1114343929393726e-8"
"0.46091437339782715","4.1114343929393726e-8"
"0.21630702912807465","4.1114343929393726e-8"
"1.2498219013214111","4.1114343929393726e-8"
"1.0132864713668823","4.1114343929393726e-8"
"7.316058158874512","4.1114343929393726e-8"
"8.667276382446289","4.1114343929393726e-8"
"21.09947967529297","4.1114343929393726e-8"
"3.2366819381713867","4.1114343929393726e-8"
"4.445991516113281","4.1114343929393726e-8"
"4.985751152038574","4.1114343929393726e-8"
"4.810258865356445","4.1114343929393726e-8"
"1.440426230430603","4.1114343929393726e-8"
"2.9066503047943115","3.799999952316284"
"2.0776214599609375","0.4000000059604645"
"8.74513053894043","4.099999904632568"
"2.5897557735443115","4.1114343929393726e-8"
"5.295736789703369","4.1114343929393726e-8"
"11.393585205078125","4.1114343929393726e-8"
"20.518253326416016","4.1114343929393726e-8"
"7.559365272521973","4.1114343929393726e-8"
"2.8040692806243896","4.1114343929393726e-8"
"2.466196060180664","4.1114343929393726e-8"
"1.6063549518585205","4.1114343929393726e-8"
"3.154827833175659","4.1114343929393726e-8"
"0.8643311262130737","2.799999713897705"
"1.0905393362045288","6.500000476837158"
"4.838940620422363","4.1114343929393726e-8"
"1.0911849737167358","11.399998664855957"
"19.994470596313477","0.19999997317790985"
"24.580469131469727","40.99999237060547"
"26.499130249023438","2"
"18.016231536865234","18"
"7.0772175788879395","12.90000057220459"
"2.0440592765808105","2"
"2.7299365997314453","4.1114343929393726e-8"
"2.171509265899658","3"
"3.5989432334899902","7"
"5.940796852111816","3"
"3.6978728771209717","4.1114343929393726e-8"
"1.6816489696502686","4.1114343929393726e-8"
"9.752689361572266","4.1114343929393726e-8"
"6.075375080108643","5.999999523162842"
"41.94253921508789","8"
"24.111568450927734","8.09999942779541"
"5.62473201751709","12.999998092651367"
"5.8120832443237305","4.1114343929393726e-8"
"4.493658542633057","4.1114343929393726e-8"
"1.3575234413146973","4.1114343929393726e-8"
"2.294027328491211","7"
"1.1301536560058594","4.1114343929393726e-8"
"4.132707595825195","4.1114343929393726e-8"
"2.5798909664154053","0.30000001192092896"
"16.50159454345703","4.1114343929393726e-8"
"21.048521041870117","4.1114343929393726e-8"
"21.18475914001465","0.5"
"5.401758670806885","0.19999997317790985"
"4.352302551269531","4.1114343929393726e-8"
"6.702655792236328","4.1114343929393726e-8"
"3.981264591217041","4.1114343929393726e-8"
"3.667099714279175","4.1114343929393726e-8"
"3.803220272064209","4.1114343929393726e-8"
"3.6225714683532715","4.1114343929393726e-8"
"3.8604376316070557","4.1114343929393726e-8"
"1.3696677684783936","1"
"11.084358215332031","1.100000023841858"
"28.913230895996094","5"
"26.751094818115234","13.699997901916504"
"11.911314964294434","35.999996185302734"
"5.634008407592773","4.1114343929393726e-8"
"5.378475189208984","0.10000001639127731"
"2.77602481842041","0.7000000476837158"
"1.8997836112976074","42.000003814697266"
"3.9164958000183105","4.1114343929393726e-8"
"1.3702582120895386","4.1114343929393726e-8"
"8.02588939666748","2"
"1.2153732776641846","4.1114343929393726e-8"
"8.438555717468262","1"
"10.067998886108398","7"
"28.7559814453125","0.800000011920929"
"15.685779571533203","4.1114343929393726e-8"
"5.417991638183594","4.1114343929393726e-8"
"1.4206511974334717","20.999996185302734"
"5.530630111694336","9.199999809265137"
"1.3010075092315674","5.999999523162842"
"1.6134545803070068","4.1114343929393726e-8"
"0.9749624729156494","9"
"15.098054885864258","0.5"
"3.0969226360321045","9"
"8.304279327392578","7"
"9.373573303222656","11"
"25.05502700805664","14.000000953674316"
"9.722517013549805","1"
"4.725508689880371","9"
"6.89369535446167","4.1114343929393726e-8"
"12.140055656433105","2"
"3.123582363128662","4.1114343929393726e-8"
"2.314225912094116","5.999999523162842"
"7.583833694458008","1"
"12.874446868896484","1"
"2.9756886959075928","31"
"12.868860244750977","10.000000953674316"
"14.326824188232422","4"
"16.927602767944336","18"
"12.892930030822754","68"
"5.346360206604004","23"
"6.511252403259277","33.999996185302734"
"1.2396767139434814","44.99999237060547"
"2.5255143642425537","12.999998092651367"
"1.5433303117752075","8"
"2.9513113498687744","58.000003814697266"
"9.309839248657227","56"
"1.494638204574585","18"
"14.04548454284668","14.000000953674316"
"20.098365783691406","3"
"27.60304069519043","35.999996185302734"
"9.719263076782227","25.999996185302734"
"6.561031341552734","5"
"4.311117172241211","7"
"3.661886692047119","27.999990463256836"
"4.861915111541748","3"
"4.014021396636963","20.999996185302734"
"6.34752082824707","3"
"5.813067436218262","27.999990463256836"
"1.310542106628418","16.999996185302734"
"9.885766983032227","4.1114343929393726e-8"
"13.698967933654785","1"
"18.870080947875977","6.100000381469727"
"12.244815826416016","16.999996185302734"
"3.451029062271118","11.999999046325684"
"3.4889516830444336","3"
"4.1910552978515625","4.1114343929393726e-8"
"2.072704553604126","4.1114343929393726e-8"
"3.5464067459106445","4.1114343929393726e-8"
"1.0435248613357544","4.1114343929393726e-8"
"2.3666348457336426","4.1114343929393726e-8"
"1.6357868909835815","0.10000001639127731"
"7.564442157745361","2"
"7.1953535079956055","4.1114343929393726e-8"
"14.225090026855469","0.5"
"10.909303665161133","4.1114343929393726e-8"
"4.8643903732299805","4.1114343929393726e-8"
"1.3757307529449463","15.49999713897705"
"1.58876371383667","8"
"1.2701464891433716","4.1114343929393726e-8"
"1.135310411453247","4.1114343929393726e-8"
"0.703097403049469","4.1114343929393726e-8"
"1.6451257467269897","0.19999997317790985"
"1.222328543663025","0.8999999761581421"
"4.937374114990234","4.1114343929393726e-8"
"6.589734077453613","0.10000001639127731"
"14.041901588439941","0.5"
"2.8120222091674805","18"
"1.0372875928878784","4.1114343929393726e-8"
"2.472479820251465","3.499999523162842"
"1.572007656097412","0.10000001639127731"
"1.3617218732833862","2"
"1.4043718576431274","0.8999999761581421"
"0.49578848481178284","3"
"0.9115286469459534","4"
"1.1243736743927002","16.999996185302734"
"7.756004810333252","3.5999999046325684"
"6.149168491363525","18"
"13.692163467407227","3"
"3.5208520889282227","34.99999237060547"
"2.0856454372406006","31"
"1.054473876953125","41.70000457763672"
"1.6073579788208008","96.4000244140625"
"2.1772983074188232","67"
"0.6506279706954956","34.99999237060547"
"0.4563066363334656","77.99998474121094"
"0.9687947630882263","64.00001525878906"
"0.8431943655014038","23"
"12.69493579864502","15.199996948242188"
"13.039081573486328","18"
"21.33704948425293","101.99999237060547"
"3.8353188037872314","24.89999771118164"
"2.352071762084961","14.000000953674316"
"2.981520652770996","25.499998092651367"
"1.7695361375808716","54.60000228881836"
"1.5961346626281738","27.999990463256836"
"2.1189990043640137","25.699996948242188"
"1.3469667434692383","34.99999237060547"
"5.350955963134766","5"
"1.313105821609497","3"
"10.653976440429688","14.000000953674316"
"9.709800720214844","2"
"20.760236740112305","4"
"3.9871950149536133","0.10000001639127731"
"2.6229679584503174","4.1114343929393726e-8"
"1.3434416055679321","12.999998092651367"
"0.9867357611656189","27.999990463256836"
"4.055453300476074","8"
"2.491147756576538","34.29999542236328"
"1.024651050567627","3"
"3.6580264568328857","2"
"1.8655809164047241","25.999996185302734"
"16.661834716796875","22"
"23.74694061279297","3"
"27.964929580688477","10.000000953674316"
"11.09762191772461","29.09999656677246"
"4.26961612701416","11.999999046325684"
"3.2378792762756348","20.999996185302734"
"1.7414624691009521","0.6000000238418579"
"4.035123825073242","16.999996185302734"
"1.9055486917495728","6.40000057220459"
"1.2986398935317993","18"
"5.319464683532715","34.99999237060547"
"1.795670986175537","14.000000953674316"
"18.939329147338867","0.10000001639127731"
"25.21567153930664","118.00003051757812"
"32.03059768676758","65.99998474121094"
"24.307838439941406","40.99999237060547"
"5.668661117553711","0.800000011920929"
"3.2874786853790283","4.1114343929393726e-8"
"9.500892639160156","1"
"4.2479963302612305","15.999996185302734"
"1.5609509944915771","0.10000001639127731"
"1.6427525281906128","2.1000001430511475"
"2.3010735511779785","9"
"4.024632453918457","8"
"21.98438835144043","0.8999999761581421"
"23.098201751708984","7"
"37.152427673339844","1.100000023841858"
"9.166781425476074","4"
"5.712868690490723","12.200000762939453"
"6.944945812225342","0.10000001639127731"
"3.3577163219451904","4.1114343929393726e-8"
"11.265336036682129","4.1114343929393726e-8"
"2.8895113468170166","2.1999998092651367"
"3.585360527038574","4.1114343929393726e-8"
"3.917917251586914","4.1114343929393726e-8"
"3.143686294555664","4.1114343929393726e-8"
"23.544174194335938","12.999998092651367"
"23.877948760986328","9.099998474121094"
"31.462005615234375","3"
"9.587884902954102","4.1114343929393726e-8"
"6.408108711242676","4.1114343929393726e-8"
"5.205880165100098","4.1114343929393726e-8"
"2.3121187686920166","4.1114343929393726e-8"
"3.577014923095703","4.1114343929393726e-8"
"4.940407752990723","4.1114343929393726e-8"
"3.503323554992676","4.1114343929393726e-8"
"10.534126281738281","4.1114343929393726e-8"
"1.4761995077133179","4.1114343929393726e-8"
"15.692814826965332","4"
"16.3389892578125","1.2999999523162842"
"41.978233337402344","2"
"10.287446975708008","4.1114343929393726e-8"
"8.802664756774902","4.1114343929393726e-8"
"4.8357133865356445","4.1114343929393726e-8"
"3.5771234035491943","4.1114343929393726e-8"
"2.328089952468872","4.1114343929393726e-8"
"5.461268424987793","4.1114343929393726e-8"
"3.2904200553894043","4.1114343929393726e-8"
"15.039152145385742","4.1114343929393726e-8"
"0.14661134779453278","15"
"1.7402982711791992","0.6000000238418579"
"3.4819424152374268","9.299999237060547"
"12.53528118133545","1"
"0.5671755075454712","15.999996185302734"
"0.2791789770126343","8"
"1.0653252601623535","14.000000953674316"
"2.0564002990722656","22"
"0.7302514910697937","19"
"2.5681118965148926","24.000001907348633"
"1.6186174154281616","23"
"0.6728112101554871","4.1114343929393726e-8"
"0.24342545866966248","1"
"1.5152095556259155","14.499999046325684"
"0.782597005367279","16.099998474121094"
"8.969286918640137","35.999996185302734"
"3.4537513256073","1.399999976158142"
"0.4263104200363159","0.8999999761581421"
"0.1467052549123764","12.999998092651367"
"0.146123006939888","8"
"0.1543968915939331","5.999999523162842"
"0.953405499458313","5"
"0.3894895613193512","3"
"0.5784663558006287","5"
"0.5352776646614075","4.1114343929393726e-8"
"2.214787006378174","33"
"0.2331426590681076","48.89999008178711"
"9.239289283752441","15"
"1.9944987297058105","4.1114343929393726e-8"
"0.31116005778312683","17.099994659423828"
"0.40883952379226685","0.19999997317790985"
"0.5007390975952148","0.10000001639127731"
"0.29430535435676575","4.1114343929393726e-8"
"0.1116214171051979","1.2999999523162842"
"0.40962308645248413","3"
"0.1882871836423874","26.999996185302734"
"0.44819027185440063","4.1114343929393726e-8"
"1.0848801136016846","9"
"0.9941790103912354","12.100000381469727"
"2.707700252532959","10.000000953674316"
"0.1979447305202484","4.1114343929393726e-8"
"0.160633385181427","4.1114343929393726e-8"
"0.7835178375244141","4.1114343929393726e-8"
"1.710815668106079","0.10000001639127731"
"0.26472678780555725","4.1114343929393726e-8"
"0.056776974350214005","4.700000286102295"
"0.0641523152589798","3"
"0.4045370817184448","4.1114343929393726e-8"
"0.6449170112609863","10.000000953674316"
"1.8011281490325928","22"
"3.545827865600586","1.2999999523162842"
"4.400972366333008","1.1999999284744263"
"2.661409616470337","3"
"1.8137054443359375","3.8999998569488525"
"0.9177868962287903","3"
"0.7777813076972961","4.1114343929393726e-8"
"1.0563875436782837","0.7000000476837158"
"0.30002361536026","4.1114343929393726e-8"
"0.6742655038833618","4.1114343929393726e-8"
"1.3333646059036255","4.1114343929393726e-8"
"3.0126216411590576","9"
"9.991960525512695","37"
"15.498207092285156","62.69998550415039"
"25.364784240722656","25.799999237060547"
"9.611466407775879","5.999999523162842"
"3.9809226989746094","1.100000023841858"
"2.418541431427002","42.000003814697266"
"3.702603578567505","27.999990463256836"
"3.442610502243042","29.29999542236328"
"3.237161874771118","25.999996185302734"
"2.416189670562744","4"
"4.492435932159424","1.100000023841858"
"2.320852518081665","40.99999237060547"
"19.883039474487305","5"
"32.97739791870117","42.000003814697266"
"47.11509704589844","0.19999997317790985"
"13.568273544311523","11.999999046325684"
"7.139463424682617","1"
"3.0179941654205322","2"
"4.185286521911621","11"
"3.214740037918091","4"
"2.1107215881347656","8"
"1.633854627609253","3"
"13.874532699584961","3"
"2.651062488555908","0.10000001639127731"
"17.496580123901367","2.499999761581421"
"21.762168884277344","4.300000190734863"
"29.536287307739258","48.79998779296875"
"9.633203506469727","4.1114343929393726e-8"
"6.342466831207275","3"
"6.225857257843018","4.1114343929393726e-8"
"7.387924671173096","4.1114343929393726e-8"
"5.282956600189209","14.000000953674316"
"5.728092193603516","10.000000953674316"
"4.653006553649902","4.1114343929393726e-8"
"11.127311706542969","4.1114343929393726e-8"
"3.1958200931549072","1.7000000476837158"
"8.615338325500488","29.4999942779541"
"12.434935569763184","17.299997329711914"
"16.93805694580078","23"
"7.534130573272705","3"
"3.861522912979126","2"
"2.5274713039398193","5"
"1.481803297996521","5"
"2.802595376968384","37"
"1.115527868270874","4.1114343929393726e-8"
"1.678945779800415","33"
"6.4952473640441895","19"
"1.9994229078292847","1.2999999523162842"
"15.747160911560059","25.799999237060547"
"33.422489166259766","4.1114343929393726e-8"
"34.65915298461914","8.80000114440918"
"20.965106964111328","13.699997901916504"
"8.319414138793945","43.09999465942383"
"6.920164585113525","15.600000381469727"
"4.422471046447754","40"
"2.689528226852417","14.599998474121094"
"5.241697788238525","2"
"5.883323669433594","4.300000190734863"
"10.579401969909668","7"
"0.9604518413543701","4.1114343929393726e-8"
"21.74457550048828","14.499999046325684"
"20.187143325805664","4.1114343929393726e-8"
"28.56011390686035","10.5"
"12.191380500793457","4.1114343929393726e-8"
"4.531498432159424","21.799999237060547"
"5.011444091796875","16.799997329711914"
"4.932747840881348","4.1114343929393726e-8"
"1.1968498229980469","4.1114343929393726e-8"
"4.768179416656494","25.799999237060547"
"1.3429052829742432","4.1114343929393726e-8"
"7.96796989440918","4.1114343929393726e-8"
"0.2775362730026245","4.1114343929393726e-8"
"3.2997961044311523","2.799999713897705"
"2.6026077270507812","4.1114343929393726e-8"
"7.4366254806518555","4.800000190734863"
"1.0673422813415527","4.1114343929393726e-8"
"1.0854334831237793","5"
"0.5773663520812988","0.8999999761581421"
"1.3135052919387817","4.1114343929393726e-8"
"0.29831740260124207","4.1114343929393726e-8"
"1.2957236766815186","1.399999976158142"
"0.8155936002731323","4.1114343929393726e-8"
"0.5778578519821167","4.1114343929393726e-8"
"0.19568154215812683","4.1114343929393726e-8"
"1.1516307592391968","14.300000190734863"
"3.7951602935791016","4.1114343929393726e-8"
"9.10108470916748","4.1114343929393726e-8"
"2.8443961143493652","4.1114343929393726e-8"
"0.3365265727043152","4.1114343929393726e-8"
"0.737884521484375","4.1114343929393726e-8"
"0.21576595306396484","4.1114343929393726e-8"
"0.10513430088758469","4.1114343929393726e-8"
"0.26715603470802307","4.1114343929393726e-8"
"0.2189229428768158","4.1114343929393726e-8"
"0.7343488931655884","4.1114343929393726e-8"
"0.15153571963310242","4.1114343929393726e-8"
"1.1822113990783691","4.1114343929393726e-8"
"2.085090398788452","7.6999993324279785"
"4.033748626708984","4.1114343929393726e-8"
"0.4893013834953308","5"
"0.18411846458911896","4.1114343929393726e-8"
"0.35404422879219055","4.1114343929393726e-8"
"1.040888786315918","4.1114343929393726e-8"
"0.021779047325253487","4.1114343929393726e-8"
"0.12777012586593628","3.1999998092651367"
"0.23951086401939392","4.1114343929393726e-8"
"0.44047147035598755","4.1114343929393726e-8"
"0.9161660075187683","4.1114343929393726e-8"
"5.895893573760986","4.1114343929393726e-8"
"10.028314590454102","8.299999237060547"
"13.953238487243652","2.1000001430511475"
"1.8192882537841797","9.699997901916504"
"0.9606353044509888","20.400001525878906"
"5.711141109466553","22.799999237060547"
"2.832705497741699","14.39999771118164"
"0.11765946447849274","4.1114343929393726e-8"
"0.4963160753250122","4.1114343929393726e-8"
"2.0023767948150635","0.10000001639127731"
"1.3906497955322266","4.1114343929393726e-8"
"0.8545929193496704","4.1114343929393726e-8"
"7.842637538909912","31.299997329711914"
"11.707301139831543","4.1114343929393726e-8"
"17.390504837036133","77.9000015258789"
"3.884765625","5"
"1.7760918140411377","14.39999771118164"
"3.907186508178711","4.1114343929393726e-8"
"0.36882245540618896","4.1114343929393726e-8"
"0.9465805888175964","7.6999993324279785"
"0.9745474457740784","4.1114343929393726e-8"
"0.8505840301513672","8"
"2.810147285461426","0.10000001639127731"
"1.6057177782058716","4.1114343929393726e-8"
"15.133742332458496","4.1114343929393726e-8"
"23.786178588867188","4.1114343929393726e-8"
"37.87300491333008","4.1114343929393726e-8"
"11.56761360168457","4.1114343929393726e-8"
"7.429994583129883","4.1114343929393726e-8"
"3.8686485290527344","4.1114343929393726e-8"
"1.971268653869629","4.1114343929393726e-8"
"3.3932647705078125","4.1114343929393726e-8"
"6.581319332122803","4.1114343929393726e-8"
"4.836025238037109","4.1114343929393726e-8"
"7.474000453948975","4.1114343929393726e-8"
"2.4099550247192383","4.1114343929393726e-8"
"15.383620262145996","4.1114343929393726e-8"
"22.688098907470703","4.1114343929393726e-8"
"33.72003936767578","4.1114343929393726e-8"
"19.083698272705078","4.1114343929393726e-8"
"12.129570960998535","4.1114343929393726e-8"
"5.544156074523926","4.1114343929393726e-8"
"4.4222235679626465","4.1114343929393726e-8"
"2.9317617416381836","4.1114343929393726e-8"
"4.427116394042969","4.1114343929393726e-8"
"2.694601058959961","4.1114343929393726e-8"
"12.07801628112793","4.1114343929393726e-8"
"4.929666042327881","4.1114343929393726e-8"
"13.946534156799316","4.1114343929393726e-8"
"14.127544403076172","4.1114343929393726e-8"
"19.460071563720703","4.1114343929393726e-8"
"11.491230010986328","4.1114343929393726e-8"
"9.751882553100586","4.1114343929393726e-8"
"6.236052989959717","4.1114343929393726e-8"
"2.496366024017334","4.1114343929393726e-8"
"6.766258239746094","4.1114343929393726e-8"
"4.695291519165039","4.1114343929393726e-8"
"2.730525255203247","4.1114343929393726e-8"
"8.283990859985352","4.1114343929393726e-8"
"0.473187655210495","4.1114343929393726e-8"
"5.260632514953613","4.1114343929393726e-8"
"5.052662372589111","4.1114343929393726e-8"
"11.713022232055664","4.1114343929393726e-8"
"1.5278239250183105","4.1114343929393726e-8"
"1.2898555994033813","4.1114343929393726e-8"
"2.7215769290924072","4.1114343929393726e-8"
"0.7974404096603394","4.1114343929393726e-8"
"1.146666169166565","4.1114343929393726e-8"
"1.3035144805908203","4.1114343929393726e-8"
"0.5613154768943787","4.1114343929393726e-8"
"2.3374669551849365","4.1114343929393726e-8"
"0","4.1114343929393726e-8"
"0.3144824504852295","16.899999618530273"
"0.45805516839027405","4.1114343929393726e-8"
"0.9537884593009949","25.200000762939453"
"0.1583128124475479","4.1114343929393726e-8"
"0.042325522750616074","4.1114343929393726e-8"
"0","4.1114343929393726e-8"
"0.6115278005599976","4.1114343929393726e-8"
"0.014403610490262508","4.1114343929393726e-8"
"0.049515675753355026","4.1114343929393726e-8"
"0.09732232242822647","4.1114343929393726e-8"
"0","4.1114343929393726e-8"
"0.049506668001413345","10.80000114440918"
"0.19550679624080658","40.99999237060547"
"0","4.1114343929393726e-8"
"0.4948464632034302","12.200000762939453"
"0.2843078672885895","36.900001525878906"
"0","2.3000001907348633"
"0.17601457238197327","4.1114343929393726e-8"
"0","4.1114343929393726e-8"
"0","4.1114343929393726e-8"
"0.026185214519500732","4.1114343929393726e-8"
"0.018712636083364487","4.1114343929393726e-8"
"0.16388270258903503","4.1114343929393726e-8"
"0","4.1114343929393726e-8"
"0","4.1114343929393726e-8"
"0","4.1114343929393726e-8"
"0.9099547266960144","4.1114343929393726e-8"
"0","4.1114343929393726e-8"
"0","4.1114343929393726e-8"
"0","4.1114343929393726e-8"
"0","4.1114343929393726e-8"
"0","4.1114343929393726e-8"
"0","4.1114343929393726e-8"
"0","4.1114343929393726e-8"
"0","4.1114343929393726e-8"
"0.6640869975090027","4.1114343929393726e-8"
"15.725919723510742","14.39999771118164"
"32.9600830078125","26.19999885559082"
"20.8154296875","37.899993896484375"
"11.997913360595703","4.400000095367432"
"4.806643486022949","9.299999237060547"
"1.0135775804519653","4.1114343929393726e-8"
"0.37680894136428833","4.1114343929393726e-8"
"2.23561429977417","4.1114343929393726e-8"
"1.0321574211120605","4.1114343929393726e-8"
"0.5060667395591736","4.1114343929393726e-8"
"0.9981289505958557","4.300000190734863"
"1.0742326974868774","4.1114343929393726e-8"
"20.584468841552734","4.1114343929393726e-8"
"37.62099075317383","4.1114343929393726e-8"
"21.402666091918945","4.1114343929393726e-8"
"13.365609169006348","4.1114343929393726e-8"
"2.7341911792755127","4.1114343929393726e-8"
"3.0626614093780518","1"
"3.272794246673584","4.1114343929393726e-8"
"2.376837730407715","8.299999237060547"
"0.4982149600982666","0.7000000476837158"
"0.8888607621192932","4.1114343929393726e-8"
"6.7628631591796875","4.1114343929393726e-8"
"1.4586013555526733","4.1114343929393726e-8"
"18.91057586669922","4.1114343929393726e-8"
"27.32011604309082","4.1114343929393726e-8"
"15.022507667541504","4.1114343929393726e-8"
"9.93415355682373","4.1114343929393726e-8"
"5.909066200256348","4.1114343929393726e-8"
"5.667893886566162","4.1114343929393726e-8"
"2.1026077270507812","4.1114343929393726e-8"
"9.1669340133667","4.1114343929393726e-8"
"4.043001651763916","4.1114343929393726e-8"
"3.4748435020446777","4.1114343929393726e-8"
"10.930837631225586","4.1114343929393726e-8"
"1.6462868452072144","4.1114343929393726e-8"
"13.477572441101074","4.1114343929393726e-8"
"24.284473419189453","5.200000286102295"
"30.405786514282227","1.399999976158142"
"6.7352094650268555","4.1114343929393726e-8"
"10.435731887817383","4.1114343929393726e-8"
"5.61389684677124","4.1114343929393726e-8"
"1.9720600843429565","4.1114343929393726e-8"
"5.3332414627075195","4.1114343929393726e-8"
"8.477548599243164","4.1114343929393726e-8"
"3.861025094985962","4.1114343929393726e-8"
"6.043506622314453","4.1114343929393726e-8"
"1.1907532215118408","4.1114343929393726e-8"
"12.373968124389648","17.499998092651367"
"20.60717010498047","1"
"40.27467727661133","0.800000011920929"
"10.969038009643555","4.1114343929393726e-8"
"7.370302677154541","4.1114343929393726e-8"
"1.7038637399673462","4.1114343929393726e-8"
"1.157418966293335","4.1114343929393726e-8"
"1.043483018875122","4.1114343929393726e-8"
"2.9907643795013428","4.1114343929393726e-8"
"0.7061448693275452","4.1114343929393726e-8"
"2.9312827587127686","4.1114343929393726e-8"
"2.613542079925537","4.1114343929393726e-8"
"15.21325397491455","38.699989318847656"
"13.984123229980469","34.399993896484375"
"29.89223289489746","55.40000534057617"
"13.95610523223877","24.99999237060547"
"5.488760471343994","4.1114343929393726e-8"
"3.047050952911377","4.1114343929393726e-8"
"3.663172960281372","4.1114343929393726e-8"
"2.9468820095062256","4.1114343929393726e-8"
"2.9665238857269287","4.1114343929393726e-8"
"2.693561553955078","4.1114343929393726e-8"
"3.7000961303710938","1.600000023841858"
"2.2485241889953613","4.1114343929393726e-8"
"10.187921524047852","0.30000001192092896"
"12.676179885864258","3.0999996662139893"
"15.598341941833496","14.000000953674316"
"9.701878547668457","4.1114343929393726e-8"
"3.0531058311462402","4.1114343929393726e-8"
"2.7967770099639893","4.1114343929393726e-8"
"0.9490017890930176","4.1114343929393726e-8"
"1.7380690574645996","4.1114343929393726e-8"
"1.0001918077468872","4.1114343929393726e-8"
"1.649916172027588","4.600000381469727"
"1.7710638046264648","4.1114343929393726e-8"
"1.2254050970077515","21.899999618530273"
"12.325004577636719","4.1114343929393726e-8"
"12.711185455322266","23.900001525878906"
"14.923018455505371","8.199999809265137"
"3.780815839767456","31.600000381469727"
"3.6856114864349365","45.099998474121094"
"1.916459321975708","4.1114343929393726e-8"
"1.1758253574371338","4.1114343929393726e-8"
"0.7728053331375122","4.1114343929393726e-8"
"1.8357698917388916","4.1114343929393726e-8"
"0.43913090229034424","4.1114343929393726e-8"
"2.66428279876709","4.1114343929393726e-8"
"0.30482351779937744","4.1114343929393726e-8"
"13.70261001586914","4.1114343929393726e-8"
"10.874662399291992","4.1114343929393726e-8"
"18.999561309814453","4.1114343929393726e-8"
"2.796354293823242","4.1114343929393726e-8"
"1.462740421295166","4.1114343929393726e-8"
"3.815675735473633","4.1114343929393726e-8"
"4.5576581954956055","4.1114343929393726e-8"
"0.5493763089179993","4.1114343929393726e-8"
"2.453490972518921","3.799999952316284"
"1.3196077346801758","0.4000000059604645"
"8.039198875427246","4.099999904632568"
"1.3833510875701904","4.1114343929393726e-8"
"10.865278244018555","4.1114343929393726e-8"
"11.47680950164795","4.1114343929393726e-8"
"18.865108489990234","4.1114343929393726e-8"
"4.848376274108887","4.1114343929393726e-8"
"5.610556602478027","4.1114343929393726e-8"
"2.3000855445861816","4.1114343929393726e-8"
"3.9784536361694336","4.1114343929393726e-8"
"5.194392204284668","4.1114343929393726e-8"
"2.1483559608459473","2.799999713897705"
"2.570028066635132","6.500000476837158"
"8.050056457519531","4.1114343929393726e-8"
"0.7383228540420532","4.1114343929393726e-8"
"2.6509323120117188","4.1114343929393726e-8"
"0.8803386688232422","4.1114343929393726e-8"
"5.246278285980225","4.1114343929393726e-8"
"0.861369252204895","4.1114343929393726e-8"
"0.5874888896942139","4.1114343929393726e-8"
"0.9611796140670776","4.1114343929393726e-8"
"0.8068404793739319","4.1114343929393726e-8"
"0.9665290117263794","4.1114343929393726e-8"
"2.367873191833496","4.1114343929393726e-8"
"0.5160953402519226","4.1114343929393726e-8"
"0.44215548038482666","4.1114343929393726e-8"
"0","4.1114343929393726e-8"
"0.8200272917747498","4.1114343929393726e-8"
"0.16138941049575806","4.1114343929393726e-8"
"1.2138844728469849","4.1114343929393726e-8"
"0.4100804924964905","4.1114343929393726e-8"
"0.1118549332022667","4.1114343929393726e-8"
"0.11594218015670776","4.1114343929393726e-8"
"0.12362917512655258","4.1114343929393726e-8"
"0","4.1114343929393726e-8"
"0.010369268245995045","4.1114343929393726e-8"
"0","4.1114343929393726e-8"
"0.2316180169582367","4.1114343929393726e-8"
"0.07854606956243515","4.1114343929393726e-8"
"1.099556803703308","4.1114343929393726e-8"
"0.9489333629608154","4.1114343929393726e-8"
"2.9580721855163574","4.1114343929393726e-8"
"0.2947691082954407","4.1114343929393726e-8"
"0","4.1114343929393726e-8"
"0.36310824751853943","4.1114343929393726e-8"
"0.30405378341674805","4.1114343929393726e-8"
"0","4.1114343929393726e-8"
"0","4.1114343929393726e-8"
"0","4.1114343929393726e-8"
"0.4829180836677551","4.1114343929393726e-8"
"0","4.1114343929393726e-8"
"0.6407628059387207","4.1114343929393726e-8"
"0.49494630098342896","3.6999998092651367"
"1.2171845436096191","39.899993896484375"
"0.17819826304912567","4.1114343929393726e-8"
"0","4.1114343929393726e-8"
"0.06108079478144646","4.1114343929393726e-8"
"0","4.1114343929393726e-8"
"0","4.1114343929393726e-8"
"0.009039703756570816","4.1114343929393726e-8"
"0","4.1114343929393726e-8"
"0.41005098819732666","4.1114343929393726e-8"
"1.5553884506225586","4.1114343929393726e-8"
"10.247651100158691","1"
"18.86962127685547","7"
"26.199337005615234","0.800000011920929"
"6.909566879272461","4.1114343929393726e-8"
"2.5419461727142334","4.1114343929393726e-8"
"1.2467246055603027","20.999996185302734"
"2.64719295501709","9.199999809265137"
"3.2275800704956055","5.999999523162842"
"1.0263140201568604","4.1114343929393726e-8"
"1.1735180616378784","9"
"2.937145471572876","0.5"
"1.563786506652832","9"
"14.645981788635254","7"
"15.673460006713867","11"
"25.687000274658203","14.000000953674316"
"8.292680740356445","1"
"1.4520061016082764","9"
"1.7103044986724854","4.1114343929393726e-8"
"5.901429653167725","2"
"1.4428067207336426","4.1114343929393726e-8"
"0.15546466410160065","5.999999523162842"
"0.7098639011383057","1"
"2.9561212062835693","1"
"2.145937204360962","31"
"17.01435661315918","10.000000953674316"
"20.614713668823242","4"
"16.988245010375977","18"
"7.118009567260742","68"
"1.3336740732192993","23"
"3.631164789199829","33.999996185302734"
"3.369096279144287","44.99999237060547"
"6.564352989196777","12.999998092651367"
"1.8659337759017944","8"
"2.107515335083008","58.000003814697266"
"6.160128593444824","56"
"0.7938453555107117","18"
"11.982824325561523","14.000000953674316"
"14.651843070983887","3"
"15.46333122253418","35.999996185302734"
"3.303959369659424","25.999996185302734"
"1.4668223857879639","5"
"1.8360129594802856","7"
"2.3607282638549805","27.999990463256836"
"2.96256422996521","3"
"2.8844106197357178","20.999996185302734"
"1.908435344696045","3"
"10.187467575073242","27.999990463256836"
"0.7536971569061279","16.999996185302734"
"3.488095760345459","4.1114343929393726e-8"
"4.921331405639648","1"
"20.07476043701172","6.100000381469727"
"4.47210693359375","16.999996185302734"
"1.4366451501846313","11.999999046325684"
"0.5708801746368408","3"
"4.796029090881348","4.1114343929393726e-8"
"1.4608967304229736","4.1114343929393726e-8"
"1.7656493186950684","4.1114343929393726e-8"
"1.6177794933319092","4.1114343929393726e-8"
"5.010552406311035","4.1114343929393726e-8"
"1.437213659286499","0.10000001639127731"
"3.5066521167755127","2"
"5.611052989959717","4.1114343929393726e-8"
"20.314960479736328","0.5"
"7.12854528427124","4.1114343929393726e-8"
"1.1725828647613525","4.1114343929393726e-8"
"2.1134285926818848","15.49999713897705"
"7.262153625488281","8"
"2.078341484069824","4.1114343929393726e-8"
"1.5576200485229492","4.1114343929393726e-8"
"2.3082542419433594","4.1114343929393726e-8"
"2.2517237663269043","0.19999997317790985"
"0.9301345944404602","0.8999999761581421"
"2.2257273197174072","4.1114343929393726e-8"
"1.8869843482971191","0.10000001639127731"
"7.456020355224609","0.5"
"4.651703834533691","18"
"0.23182490468025208","4.1114343929393726e-8"
"0.6208571195602417","3.499999523162842"
"0.38989928364753723","0.10000001639127731"
"0.6628168821334839","2"
"0.20631341636180878","0.8999999761581421"
"0.2030337005853653","3"
"0.9954472184181213","4"
"0.4415163993835449","16.999996185302734"
"4.237156867980957","3.5999999046325684"
"9.546043395996094","18"
"13.759833335876465","3"
"0.6039937734603882","34.99999237060547"
"0.9358271956443787","31"
"0.6233915686607361","41.70000457763672"
"1.3735849857330322","96.4000244140625"
"0.35836416482925415","67"
"0.4388384222984314","34.99999237060547"
"0.690943717956543","77.99998474121094"
"2.128772735595703","64.00001525878906"
"0.3381712734699249","23"
"5.975535869598389","15.199996948242188"
"13.559144973754883","18"
"25.460899353027344","101.99999237060547"
"1.8196227550506592","24.89999771118164"
"1.1398226022720337","14.000000953674316"
"0.9783868789672852","25.499998092651367"
"1.9718892574310303","54.60000228881836"
"0.5201866626739502","27.999990463256836"
"1.3456228971481323","25.699996948242188"
"0.3583332300186157","34.99999237060547"
"3.307053565979004","5"
"3.749695062637329","3"
"8.225261688232422","14.000000953674316"
"7.885833263397217","2"
"16.070825576782227","4"
"5.925661563873291","0.10000001639127731"
"3.6670684814453125","4.1114343929393726e-8"
"1.455977201461792","12.999998092651367"
"0.6364166736602783","27.999990463256836"
"1.116288185119629","8"
"1.2832720279693604","34.29999542236328"
"0.5491511821746826","3"
"2.751512289047241","2"
"1.0436122417449951","4.1114343929393726e-8"
"13.275815963745117","8"
"8.344956398010254","4.1114343929393726e-8"
"22.857677459716797","4"
"2.9387407302856445","4.1114343929393726e-8"
"1.915109634399414","4.1114343929393726e-8"
"1.5054931640625","4.1114343929393726e-8"
"1.0346806049346924","4.1114343929393726e-8"
"1.9233289957046509","4.1114343929393726e-8"
"1.3723435401916504","4.1114343929393726e-8"
"1.0118802785873413","4.1114343929393726e-8"
"2.4213151931762695","4.1114343929393726e-8"
"0.35756903886795044","4.1114343929393726e-8"
"9.762728691101074","58.000003814697266"
"11.139547348022461","4.1114343929393726e-8"
"20.673768997192383","4.1114343929393726e-8"
"4.370724678039551","10.299997329711914"
"1.4500946998596191","11"
"1.3910157680511475","4.1114343929393726e-8"
"1.1855347156524658","4.1114343929393726e-8"
"0.9840367436408997","4.1114343929393726e-8"
"1.0754492282867432","4.1114343929393726e-8"
"0.5816152095794678","4.1114343929393726e-8"
"3.105045795440674","4.1114343929393726e-8"
"0.7084198594093323","4.1114343929393726e-8"
"17.404804229736328","4.1114343929393726e-8"
"12.297428131103516","14.000000953674316"
"22.085451126098633","2"
"6.584611415863037","4.1114343929393726e-8"
"4.981949806213379","4.1114343929393726e-8"
"4.204230308532715","4.1114343929393726e-8"
"2.8716115951538086","4.1114343929393726e-8"
"3.0211477279663086","0.5"
"3.801683187484741","4.1114343929393726e-8"
"2.265453815460205","4.1114343929393726e-8"
"6.9067559242248535","4.1114343929393726e-8"
"2.069014072418213","4.1114343929393726e-8"
"10.094233512878418","29.000001907348633"
"13.36739444732666","40.99999237060547"
"21.123397827148438","27.999990463256836"
"6.585229873657227","2"
"3.9090142250061035","4.1114343929393726e-8"
"2.0018692016601562","0.5"
"0.8020552396774292","7.5"
"4.199604511260986","11.999999046325684"
"3.1473610401153564","2"
"1.525668740272522","4.1114343929393726e-8"
"6.8451666831970215","0.10000001639127731"
"1.9088462591171265","4.1114343929393726e-8"
"18.411823272705078","4"
"17.029335021972656","1.2999999523162842"
"25.116350173950195","2"
"10.86546516418457","4.1114343929393726e-8"
"4.37170934677124","4.1114343929393726e-8"
"3.2409417629241943","4.1114343929393726e-8"
"3.3033559322357178","4.1114343929393726e-8"
"3.039790391921997","4.1114343929393726e-8"
"2.122303009033203","4.1114343929393726e-8"
"2.0552115440368652","4.1114343929393726e-8"
"13.994157791137695","4.1114343929393726e-8"
"0.41095423698425293","15"
"4.3059468269348145","0.6000000238418579"
"6.92791223526001","9.299999237060547"
"15.787713050842285","1"
"0.3731306493282318","15.999996185302734"
"0.4752516448497772","8"
"1.7291072607040405","14.000000953674316"
"5.776537895202637","22"
"1.0637750625610352","19"
"2.9157609939575195","24.000001907348633"
"0.6327109336853027","23"
"2.2286324501037598","4.1114343929393726e-8"
"0","1"
"0.6680248379707336","14.499999046325684"
"0.3470238447189331","16.099998474121094"
"2.8881895542144775","35.999996185302734"
"0.21850845217704773","1.399999976158142"
"0.11887169629335403","0.8999999761581421"
"0.0980943813920021","12.999998092651367"
"0.44989076256752014","8"
"0.2940676510334015","5.999999523162842"
"0.17165890336036682","5"
"0.10805229097604752","3"
"0.7667851448059082","5"
"0.006732776761054993","4.1114343929393726e-8"
"0.039393696933984756","33"
"0.13276122510433197","48.89999008178711"
"2.4599695205688477","15"
"0.16027067601680756","4.1114343929393726e-8"
"0.24841687083244324","17.099994659423828"
"0.033168017864227295","0.19999997317790985"
"0.17390768229961395","0.10000001639127731"
"0.30719688534736633","4.1114343929393726e-8"
"0.34679022431373596","1.2999999523162842"
"0.21938800811767578","3"
"0.12386521697044373","26.999996185302734"
"0.19708870351314545","4.1114343929393726e-8"
"0.13977974653244019","9"
"0","12.100000381469727"
"1.4028046131134033","10.000000953674316"
"0.09508362412452698","4.1114343929393726e-8"
"0","4.1114343929393726e-8"
"0","4.1114343929393726e-8"
"0.2729699909687042","0.10000001639127731"
"0","4.1114343929393726e-8"
"0","4.700000286102295"
"0","3"
"0","4.1114343929393726e-8"
"0.18994386494159698","10.000000953674316"
"0.764089822769165","22"
"0.66145920753479","1.2999999523162842"
"3.0702097415924072","1.1999999284744263"
"0.033029407262802124","3"
"0","3.8999998569488525"
"0.45614492893218994","3"
"0.37080907821655273","4.1114343929393726e-8"
"0","0.7000000476837158"
"0.06474959850311279","4.1114343929393726e-8"
"0","4.1114343929393726e-8"
"0.20040452480316162","4.1114343929393726e-8"
"0.00331722479313612","9"
"1.218663215637207","37"
"2.2591233253479004","62.69998550415039"
"2.8160951137542725","25.799999237060547"
"0.43058639764785767","5.999999523162842"
"0.06349609792232513","1.100000023841858"
"0.019695498049259186","42.000003814697266"
"0.20896793901920319","27.999990463256836"
"0.11788778752088547","29.29999542236328"
"0","25.999996185302734"
"0.1943327635526657","4"
"0.1490231305360794","1.100000023841858"
"0.4112096130847931","40.99999237060547"
"7.103630065917969","5"
"12.411815643310547","42.000003814697266"
"19.872760772705078","0.19999997317790985"
"1.9106416702270508","11.999999046325684"
"1.5650389194488525","1"
"1.164400577545166","2"
"2.166538715362549","11"
"1.2044538259506226","4"
"1.3631795644760132","8"
"0.7466659545898438","3"
"1.3482774496078491","3"
"1.0766085386276245","0.10000001639127731"
"8.720938682556152","2.499999761581421"
"9.569112777709961","4.300000190734863"
"32.390724182128906","48.79998779296875"
"7.14946174621582","4.1114343929393726e-8"
"4.442532062530518","3"
"2.4204046726226807","4.1114343929393726e-8"
"2.5010297298431396","4.1114343929393726e-8"
"1.6932322978973389","14.000000953674316"
"3.3545610904693604","10.000000953674316"
"0.8828914761543274","4.1114343929393726e-8"
"7.387500762939453","4.1114343929393726e-8"
"2.578610420227051","1.7000000476837158"
"12.64885139465332","29.4999942779541"
"8.929413795471191","17.299997329711914"
"27.02799415588379","23"
"5.3401970863342285","3"
"8.395185470581055","2"
"1.821974277496338","5"
"3.1290788650512695","5"
"5.113691329956055","37"
"3.6172518730163574","4.1114343929393726e-8"
"2.344463348388672","33"
"9.147287368774414","19"
"2.142561912536621","42.000003814697266"
"17.249919891357422","5.999999523162842"
"16.474123001098633","22"
"28.375431060791016","4.1114343929393726e-8"
"7.589768886566162","11.999999046325684"
"10.273655891418457","15"
"8.333990097045898","56.999996185302734"
"2.626493453979492","5"
"4.186877250671387","75"
"7.452799320220947","25.999996185302734"
"4.01093864440918","24.000001907348633"
"12.138479232788086","10.000000953674316"
"2.6510305404663086","4.1114343929393726e-8"
"20.75839614868164","4.1114343929393726e-8"
"23.766300201416016","10.000000953674316"
"36.84236526489258","4.1114343929393726e-8"
"20.463043212890625","4.1114343929393726e-8"
"14.420642852783203","0.10000001639127731"
"4.040191650390625","4.1114343929393726e-8"
"2.5692102909088135","4.1114343929393726e-8"
"2.2933671474456787","4.1114343929393726e-8"
"3.2197940349578857","4.1114343929393726e-8"
"1.9589641094207764","4.1114343929393726e-8"
"8.424463272094727","0.10000001639127731"
"3.282986879348755","4.1114343929393726e-8"
"20.89954376220703","4.1114343929393726e-8"
"21.761947631835938","4.1114343929393726e-8"
"41.771053314208984","4.1114343929393726e-8"
"23.072372436523438","4.1114343929393726e-8"
"11.532760620117188","0.7000000476837158"
"9.45471477508545","4.1114343929393726e-8"
"3.7422502040863037","4.1114343929393726e-8"
"3.6323392391204834","4.1114343929393726e-8"
"4.276822566986084","4.1114343929393726e-8"
"3.28629207611084","4.1114343929393726e-8"
"7.417213439941406","4.1114343929393726e-8"
"3.580721616744995","4.1114343929393726e-8"
"15.894715309143066","4.1114343929393726e-8"
"19.4796085357666","4.1114343929393726e-8"
"29.04166603088379","4.1114343929393726e-8"
"10.463214874267578","4.1114343929393726e-8"
"7.784404277801514","4.1114343929393726e-8"
"3.2336244583129883","4.1114343929393726e-8"
"2.006110668182373","4.1114343929393726e-8"
"4.1594133377075195","4.1114343929393726e-8"
"1.6581251621246338","4.1114343929393726e-8"
"1.1609835624694824","4.1114343929393726e-8"
"4.666073322296143","4.1114343929393726e-8"
"0.6141707897186279","4.1114343929393726e-8"
"7.529393196105957","14.300000190734863"
"19.30112648010254","4.1114343929393726e-8"
"21.66155433654785","4.1114343929393726e-8"
"7.064138412475586","4.1114343929393726e-8"
"3.2983155250549316","4.1114343929393726e-8"
"1.9022213220596313","4.1114343929393726e-8"
"0.8169173002243042","4.1114343929393726e-8"
"0.48080992698669434","4.1114343929393726e-8"
"1.0679216384887695","4.1114343929393726e-8"
"1.1993967294692993","4.1114343929393726e-8"
"2.8071324825286865","4.1114343929393726e-8"
"0.3525577485561371","4.1114343929393726e-8"
"5.776181697845459","4.1114343929393726e-8"
"11.254830360412598","7.6999993324279785"
"15.925420761108398","4.1114343929393726e-8"
"1.673400640487671","5"
"2.3514151573181152","4.1114343929393726e-8"
"1.2335758209228516","4.1114343929393726e-8"
"3.542616128921509","4.1114343929393726e-8"
"0.5398342609405518","4.1114343929393726e-8"
"1.1456236839294434","3.1999998092651367"
"0.30875363945961","4.1114343929393726e-8"
"0.8042925596237183","4.1114343929393726e-8"
"1.706847071647644","4.1114343929393726e-8"
"9.594106674194336","4.1114343929393726e-8"
"3.5136523246765137","8.299999237060547"
"18.415531158447266","2.1000001430511475"
"5.289297103881836","9.699997901916504"
"2.925647497177124","20.400001525878906"
"1.4053046703338623","22.799999237060547"
"1.724023461341858","14.39999771118164"
"1.165769100189209","4.1114343929393726e-8"
"1.956750750541687","4.1114343929393726e-8"
"1.2240471839904785","0.10000001639127731"
"1.0938403606414795","4.1114343929393726e-8"
"1.0078411102294922","4.1114343929393726e-8"
"5.189587593078613","31.299997329711914"
"9.675390243530273","4.1114343929393726e-8"
"16.85756492614746","77.9000015258789"
"4.439750671386719","5"
"0.9490748643875122","14.39999771118164"
"1.1569936275482178","4.1114343929393726e-8"
"0.4288710057735443","4.1114343929393726e-8"
"0.4222831130027771","7.6999993324279785"
"0.517746090888977","4.1114343929393726e-8"
"0.4380687475204468","8"
"0.5691480040550232","0.10000001639127731"
"0.2131103277206421","4.1114343929393726e-8"
"4.398162841796875","4.1114343929393726e-8"
"12.1357421875","4.1114343929393726e-8"
"26.639266967773438","4.1114343929393726e-8"
"1.0595128536224365","4.1114343929393726e-8"
"0.39268583059310913","4.1114343929393726e-8"
"0.30405882000923157","4.1114343929393726e-8"
"0.8605470061302185","4.1114343929393726e-8"
"0.674709677696228","4.1114343929393726e-8"
"0.40158793330192566","4.1114343929393726e-8"
"0.10917416960000992","4.1114343929393726e-8"
"0.1915496587753296","4.1114343929393726e-8"
"1.0732842683792114","4.1114343929393726e-8"
"8.533332824707031","4.1114343929393726e-8"
"14.354701042175293","4.1114343929393726e-8"
"18.60221290588379","4.1114343929393726e-8"
"4.207901954650879","4.1114343929393726e-8"
"1.4655506610870361","4.1114343929393726e-8"
"4.216773986816406","4.1114343929393726e-8"
"2.7009782791137695","4.1114343929393726e-8"
"2.2043685913085938","4.1114343929393726e-8"
"1.824840784072876","4.1114343929393726e-8"
"1.792144536972046","4.1114343929393726e-8"
"3.332878351211548","4.1114343929393726e-8"
"0.9287258982658386","4.1114343929393726e-8"
"8.615095138549805","4.1114343929393726e-8"
"10.353394508361816","4.1114343929393726e-8"
"11.954736709594727","4.1114343929393726e-8"
"5.178564071655273","4.1114343929393726e-8"
"1.692960500717163","4.1114343929393726e-8"
"2.906170606613159","4.1114343929393726e-8"
"1.5986257791519165","4.1114343929393726e-8"
"2.8922994136810303","4.1114343929393726e-8"
"3.3107268810272217","4.1114343929393726e-8"
"3.142953872680664","4.1114343929393726e-8"
"3.8291118144989014","4.1114343929393726e-8"
"0.7460145950317383","4.1114343929393726e-8"
"6.252177715301514","4.1114343929393726e-8"
"14.467416763305664","4.1114343929393726e-8"
"22.06266975402832","4.1114343929393726e-8"
"3.4513778686523438","4.1114343929393726e-8"
"5.915086269378662","4.1114343929393726e-8"
"3.6249961853027344","4.1114343929393726e-8"
"2.589937210083008","4.1114343929393726e-8"
"2.034604072570801","4.1114343929393726e-8"
"4.0846357345581055","4.1114343929393726e-8"
"2.960294723510742","4.1114343929393726e-8"
"13.069725036621094","4.1114343929393726e-8"
"0.45776620507240295","4.1114343929393726e-8"
"6.5467119216918945","16.899999618530273"
"6.349069595336914","4.1114343929393726e-8"
"31.66370391845703","25.200000762939453"
"3.3958425521850586","4.1114343929393726e-8"
"2.583573579788208","4.1114343929393726e-8"
"2.8917477130889893","4.1114343929393726e-8"
"10.879436492919922","4.1114343929393726e-8"
"2.6068153381347656","4.1114343929393726e-8"
"4.293124198913574","4.1114343929393726e-8"
"4.072442054748535","4.1114343929393726e-8"
"9.397693634033203","4.1114343929393726e-8"
"3.158200263977051","10.80000114440918"
"8.726301193237305","40.99999237060547"
"6.637279510498047","4.1114343929393726e-8"
"19.372440338134766","12.200000762939453"
"12.085166931152344","36.900001525878906"
"8.935187339782715","2.3000001907348633"
"3.4129576683044434","4.1114343929393726e-8"
"4.472457408905029","4.1114343929393726e-8"
"2.5216269493103027","4.1114343929393726e-8"
"1.8523555994033813","4.1114343929393726e-8"
"1.8179876804351807","4.1114343929393726e-8"
"6.124920845031738","4.1114343929393726e-8"
"2.0859179496765137","4.1114343929393726e-8"
"14.094024658203125","4.1114343929393726e-8"
"13.960299491882324","4.1114343929393726e-8"
"36.7144775390625","4.1114343929393726e-8"
"8.919187545776367","4.1114343929393726e-8"
"6.987514972686768","4.1114343929393726e-8"
"6.134921073913574","4.1114343929393726e-8"
"1.9060783386230469","4.1114343929393726e-8"
"1.692672610282898","4.1114343929393726e-8"
"3.195422410964966","4.1114343929393726e-8"
"2.1587448120117188","4.1114343929393726e-8"
"7.003361701965332","4.1114343929393726e-8"
"0.8629270792007446","4.1114343929393726e-8"
"17.75100326538086","4.1114343929393726e-8"
"28.4781436920166","4.1114343929393726e-8"
"37.485145568847656","4.1114343929393726e-8"
"7.697442054748535","4.1114343929393726e-8"
"6.188535213470459","4.1114343929393726e-8"
"2.865900993347168","4.1114343929393726e-8"
"3.690670967102051","4.1114343929393726e-8"
"1.4260571002960205","4.1114343929393726e-8"
"1.6972246170043945","4.1114343929393726e-8"
"1.6419011354446411","4.1114343929393726e-8"
"11.070165634155273","4.1114343929393726e-8"
"3.4567501544952393","4.1114343929393726e-8"
"18.32354736328125","4.1114343929393726e-8"
"24.622970581054688","4.1114343929393726e-8"
"36.19755935668945","4.1114343929393726e-8"
"14.084380149841309","4.1114343929393726e-8"
"10.045612335205078","4.1114343929393726e-8"
"11.423015594482422","4.1114343929393726e-8"
"4.5397562980651855","4.1114343929393726e-8"
"2.926539421081543","4.1114343929393726e-8"
"3.6599371433258057","4.1114343929393726e-8"
"4.084743499755859","4.1114343929393726e-8"
"11.484367370605469","4.1114343929393726e-8"
"2.319444179534912","4.1114343929393726e-8"
"13.805122375488281","4.1114343929393726e-8"
"13.35399341583252","4.1114343929393726e-8"
"28.346694946289062","4.1114343929393726e-8"
"15.533040046691895","4.1114343929393726e-8"
"8.181278228759766","4.1114343929393726e-8"
"9.07628345489502","4.1114343929393726e-8"
"2.66671085357666","4.1114343929393726e-8"
"2.7846763134002686","4.1114343929393726e-8"
"3.4309487342834473","4.1114343929393726e-8"
"2.588334321975708","4.1114343929393726e-8"
"8.937848091125488","4.1114343929393726e-8"
"0.11616270244121552","4.1114343929393726e-8"
"9.138711929321289","4.1114343929393726e-8"
"12.524813652038574","5.200000286102295"
"12.769527435302734","1.399999976158142"
"1.1943439245224","4.1114343929393726e-8"
"0.8202919960021973","4.1114343929393726e-8"
"1.5407953262329102","4.1114343929393726e-8"
"0.2611488699913025","4.1114343929393726e-8"
"0.8913841247558594","4.1114343929393726e-8"
"0.7464374303817749","4.1114343929393726e-8"
"0.1661917120218277","4.1114343929393726e-8"
"1.0977541208267212","4.1114343929393726e-8"
"0.2048661857843399","4.1114343929393726e-8"
"5.336613655090332","17.499998092651367"
"6.124577522277832","1"
"12.29714298248291","0.800000011920929"
"2.712296724319458","4.1114343929393726e-8"
"0.20610520243644714","4.1114343929393726e-8"
"0.18141302466392517","4.1114343929393726e-8"
"1.6196763515472412","4.1114343929393726e-8"
"0.558815062046051","4.1114343929393726e-8"
"0.37958329916000366","4.1114343929393726e-8"
"0.0605611726641655","4.1114343929393726e-8"
"0.05062243714928627","4.1114343929393726e-8"
"0.8909968137741089","4.1114343929393726e-8"
"3.622497081756592","38.699989318847656"
"2.4169890880584717","34.399993896484375"
"6.668209552764893","55.40000534057617"
"2.331780433654785","24.99999237060547"
"0.5351313352584839","4.1114343929393726e-8"
"0.21808350086212158","4.1114343929393726e-8"
"0.26664188504219055","4.1114343929393726e-8"
"1.4029691219329834","4.1114343929393726e-8"
"0.43080902099609375","4.1114343929393726e-8"
"0.43636128306388855","4.1114343929393726e-8"
"0.45100709795951843","1.600000023841858"
"0.571699857711792","4.1114343929393726e-8"
"5.57520055770874","0.30000001192092896"
"7.307039737701416","3.0999996662139893"
"5.979341983795166","14.000000953674316"
"1.2274786233901978","4.1114343929393726e-8"
"0.5668329000473022","4.1114343929393726e-8"
"0.5233727693557739","4.1114343929393726e-8"
"0.8382918834686279","4.1114343929393726e-8"
"0.6119685173034668","4.1114343929393726e-8"
"0.6152809858322144","4.1114343929393726e-8"
"0.4140337109565735","4.600000381469727"
"1.2656629085540771","4.1114343929393726e-8"
"0.3377096652984619","21.899999618530273"
"6.071460723876953","4.1114343929393726e-8"
"9.535066604614258","23.900001525878906"
"9.930712699890137","8.199999809265137"
"1.4664946794509888","31.600000381469727"
"1.4225374460220337","45.099998474121094"
"0.7386120557785034","4.1114343929393726e-8"
"1.4023030996322632","4.1114343929393726e-8"
"1.3973097801208496","4.1114343929393726e-8"
"0.6756607294082642","4.1114343929393726e-8"
"0.2509254217147827","4.1114343929393726e-8"
"0.7009445428848267","4.1114343929393726e-8"
"0.9665326476097107","4.1114343929393726e-8"
"4.540306091308594","4.1114343929393726e-8"
"9.503990173339844","4.1114343929393726e-8"
"13.709144592285156","4.1114343929393726e-8"
"3.0644755363464355","4.1114343929393726e-8"
"0.9270727634429932","4.1114343929393726e-8"
"1.1237709522247314","4.1114343929393726e-8"
"2.1505320072174072","4.1114343929393726e-8"
"1.6631075143814087","4.1114343929393726e-8"
"1.1509013175964355","3.799999952316284"
"0.7205011248588562","0.4000000059604645"
"2.7167367935180664","4.099999904632568"
"0.35150814056396484","4.1114343929393726e-8"
"6.153163433074951","4.1114343929393726e-8"
"7.48136568069458","4.1114343929393726e-8"
"10.986404418945312","4.1114343929393726e-8"
"0.6233421564102173","4.1114343929393726e-8"
"0.2496546506881714","4.1114343929393726e-8"
"0.1227797344326973","4.1114343929393726e-8"
"0.3844573199748993","4.1114343929393726e-8"
"0.6838371157646179","4.1114343929393726e-8"
"0.2766309082508087","2.799999713897705"
"0.4657597243785858","6.500000476837158"
"5.585229396820068","4.1114343929393726e-8"
"0.23488447070121765","4.1114343929393726e-8"
"3.480992317199707","4.1114343929393726e-8"
"5.363916397094727","4.1114343929393726e-8"
"11.596000671386719","4.1114343929393726e-8"
"0.9972955584526062","4.1114343929393726e-8"
"0.18872250616550446","4.1114343929393726e-8"
"0.24579863250255585","4.1114343929393726e-8"
"1.1998145580291748","4.1114343929393726e-8"
"1.0848308801651","4.1114343929393726e-8"
"0.6924944519996643","4.1114343929393726e-8"
"0.619454562664032","4.1114343929393726e-8"
"4.403628349304199","4.1114343929393726e-8"
"0.32811439037323","4.1114343929393726e-8"
"0.8824754953384399","4.1114343929393726e-8"
"0.8846580386161804","4.1114343929393726e-8"
"6.5657148361206055","4.1114343929393726e-8"
"1.2989951372146606","4.1114343929393726e-8"
"0.1092429906129837","4.1114343929393726e-8"
"0.0849156528711319","4.1114343929393726e-8"
"0.8055451512336731","4.1114343929393726e-8"
"0.25352612137794495","4.1114343929393726e-8"
"0.26289376616477966","4.1114343929393726e-8"
"0","4.1114343929393726e-8"
"1.6303741931915283","4.1114343929393726e-8"
"0.2727566063404083","4.1114343929393726e-8"
"3.0440785884857178","4.1114343929393726e-8"
"1.5521174669265747","4.1114343929393726e-8"
"4.606113910675049","4.1114343929393726e-8"
"1.4201476573944092","4.1114343929393726e-8"
"0.21843329071998596","4.1114343929393726e-8"
"0.09498780965805054","4.1114343929393726e-8"
"0.3145948350429535","4.1114343929393726e-8"
"0.34238818287849426","4.1114343929393726e-8"
"0.14953531324863434","4.1114343929393726e-8"
"0.3145189881324768","4.1114343929393726e-8"
"1.9566696882247925","4.1114343929393726e-8"
"0.28835341334342957","4.1114343929393726e-8"
"2.3938729763031006","4.1114343929393726e-8"
"1.2211617231369019","3.6999998092651367"
"4.853198528289795","39.899993896484375"
"0.4431167542934418","4.1114343929393726e-8"
"0.17126068472862244","4.1114343929393726e-8"
"0.8402787446975708","4.1114343929393726e-8"
"1.164713978767395","4.1114343929393726e-8"
"0.1944425404071808","4.1114343929393726e-8"
"0.1957237273454666","4.1114343929393726e-8"
"0.2909190356731415","4.1114343929393726e-8"
"2.479495048522949","4.1114343929393726e-8"
"0.0028524885419756174","4.1114343929393726e-8"
"2.506099224090576","4.1114343929393726e-8"
"0.7045032978057861","14.599998474121094"
"5.163219928741455","40.400001525878906"
"0.47875455021858215","4.1114343929393726e-8"
"0.17753936350345612","4.1114343929393726e-8"
"0.7265547513961792","4.1114343929393726e-8"
"1.4400206804275513","4.1114343929393726e-8"
"0.1758401095867157","4.1114343929393726e-8"
"0.20254196226596832","4.1114343929393726e-8"
"0.14679473638534546","4.1114343929393726e-8"
"3.749189615249634","4.1114343929393726e-8"
"0.10771161317825317","8.600000381469727"
"1.958918571472168","4.1114343929393726e-8"
"1.3622589111328125","4.1114343929393726e-8"
"7.180661678314209","35.199989318847656"
"0.887938916683197","30.700000762939453"
"0.15174363553524017","2"
"1.1849687099456787","4.1114343929393726e-8"
"2.183476209640503","1.899999976158142"
"0.4742719233036041","4.1114343929393726e-8"
"1.1125744581222534","4.1114343929393726e-8"
"0.6207894086837769","4.1114343929393726e-8"
"4.340532302856445","4.1114343929393726e-8"
"0.5462596416473389","4.1114343929393726e-8"
"1.4802063703536987","4.1114343929393726e-8"
"0.7696160078048706","55.79998016357422"
"8.638650894165039","44.399993896484375"
"2.0182833671569824","10.69999885559082"
"0.2246902585029602","4.1114343929393726e-8"
"0.37211933732032776","4.700000286102295"
"0.6651639938354492","4.1114343929393726e-8"
"0.49925240874290466","4.1114343929393726e-8"
"0.13444846868515015","4.1114343929393726e-8"
"0.3059280514717102","4.1114343929393726e-8"
"3.3566789627075195","4.1114343929393726e-8"
"2.424825668334961","18"
"21.011674880981445","14.000000953674316"
"24.739601135253906","3"
"24.567134857177734","35.999996185302734"
"10.003305435180664","25.999996185302734"
"3.102276086807251","5"
"3.576275587081909","7"
"8.839006423950195","27.999990463256836"
"6.267756462097168","3"
"6.152872562408447","20.999996185302734"
"4.229335784912109","3"
"19.661718368530273","27.999990463256836"
"1.452988624572754","16.999996185302734"
"8.406997680664062","4.1114343929393726e-8"
"11.689717292785645","1"
"26.980022430419922","6.100000381469727"
"7.578862190246582","16.999996185302734"
"2.902819871902466","11.999999046325684"
"1.9754366874694824","3"
"11.280744552612305","4.1114343929393726e-8"
"3.880204200744629","4.1114343929393726e-8"
"4.733047008514404","4.1114343929393726e-8"
"2.558135986328125","4.1114343929393726e-8"
"13.280357360839844","4.1114343929393726e-8"
"1.7104899883270264","0.10000001639127731"
"4.76741886138916","2"
"6.582973480224609","4.1114343929393726e-8"
"20.81424903869629","0.5"
"10.310726165771484","4.1114343929393726e-8"
"1.9486223459243774","4.1114343929393726e-8"
"1.719703197479248","15.49999713897705"
"4.723175048828125","8"
"2.352487087249756","4.1114343929393726e-8"
"1.866511583328247","4.1114343929393726e-8"
"2.7704639434814453","4.1114343929393726e-8"
"6.292287349700928","0.19999997317790985"
"1.0504359006881714","0.8999999761581421"
"4.6233367919921875","4.1114343929393726e-8"
"6.779992580413818","0.10000001639127731"
"15.595263481140137","0.5"
"11.257366180419922","18"
"0.5517606735229492","4.1114343929393726e-8"
"0.8510887622833252","3.499999523162842"
"0.9688124060630798","0.10000001639127731"
"1.0099138021469116","2"
"0.742610514163971","0.8999999761581421"
"0.46259063482284546","3"
"2.625828504562378","4"
"0.3788583278656006","16.999996185302734"
"2.922393560409546","3.5999999046325684"
"7.290872573852539","18"
"12.648714065551758","3"
"2.949681520462036","34.99999237060547"
"0.12370277941226959","31"
"0.2952282428741455","41.70000457763672"
"1.6000078916549683","96.4000244140625"
"0.3325495421886444","67"
"0.26729708909988403","34.99999237060547"
"0.12933340668678284","77.99998474121094"
"0.771310031414032","64.00001525878906"
"0.4463804364204407","23"
"2.1730363368988037","15.199996948242188"
"10.95654582977295","18"
"12.498710632324219","101.99999237060547"
"0.7456505298614502","24.89999771118164"
"0.043890442699193954","14.000000953674316"
"0.8178424835205078","25.499998092651367"
"1.2040116786956787","54.60000228881836"
"0.225564643740654","27.999990463256836"
"0.7760739922523499","25.699996948242188"
"0.5991830825805664","34.99999237060547"
"3.40841007232666","5"
"0.24283595383167267","3"
"2.435335636138916","14.000000953674316"
"5.087584018707275","2"
"7.8530988693237305","4"
"1.1593389511108398","0.10000001639127731"
"0.6983901858329773","4.1114343929393726e-8"
"0.13593745231628418","12.999998092651367"
"0.5692083835601807","27.999990463256836"
"0.5535863637924194","8"
"0.27578112483024597","34.29999542236328"
"0.7994406819343567","3"
"3.0694503784179688","2"
"0.8102842569351196","4.1114343929393726e-8"
"4.247820854187012","8"
"8.08651065826416","4.1114343929393726e-8"
"17.80169677734375","4"
"2.7093920707702637","4.1114343929393726e-8"
"1.6610963344573975","4.1114343929393726e-8"
"1.3193590641021729","4.1114343929393726e-8"
"2.2194712162017822","4.1114343929393726e-8"
"0.9724279642105103","4.1114343929393726e-8"
"3.3537638187408447","4.1114343929393726e-8"
"1.3306528329849243","4.1114343929393726e-8"
"4.694050312042236","4.1114343929393726e-8"
"1.0118250846862793","4.1114343929393726e-8"
"13.588642120361328","58.000003814697266"
"12.342406272888184","4.1114343929393726e-8"
"20.664960861206055","4.1114343929393726e-8"
"10.379312515258789","10.299997329711914"
"1.6816203594207764","11"
"1.4807442426681519","4.1114343929393726e-8"
"4.100558280944824","4.1114343929393726e-8"
"1.732278823852539","4.1114343929393726e-8"
"2.35768461227417","4.1114343929393726e-8"
"0.7156214714050293","4.1114343929393726e-8"
"2.675990104675293","4.1114343929393726e-8"
"3.522517204284668","4.1114343929393726e-8"
"10.574281692504883","4.1114343929393726e-8"
"12.46811580657959","14.000000953674316"
"14.67980670928955","2"
"11.598361015319824","4.1114343929393726e-8"
"4.650036811828613","4.1114343929393726e-8"
"1.6942143440246582","4.1114343929393726e-8"
"2.627270460128784","4.1114343929393726e-8"
"2.113719940185547","0.5"
"0.6904582977294922","4.1114343929393726e-8"
"1.404296636581421","4.1114343929393726e-8"
"2.0667567253112793","4.1114343929393726e-8"
"1.7404191493988037","4.1114343929393726e-8"
"7.93563985824585","29.000001907348633"
"16.464006423950195","40.99999237060547"
"15.02728271484375","27.999990463256836"
"4.349244117736816","2"
"1.1893348693847656","4.1114343929393726e-8"
"2.677737236022949","0.5"
"0.8852137327194214","7.5"
"2.0007107257843018","11.999999046325684"
"0.9536470174789429","2"
"0.43506836891174316","4.1114343929393726e-8"
"1.2388359308242798","0.10000001639127731"
"0.6452975273132324","4.1114343929393726e-8"
"9.300647735595703","4.1114343929393726e-8"
"17.186687469482422","4.1114343929393726e-8"
"12.756263732910156","4.1114343929393726e-8"
"3.2332940101623535","4.1114343929393726e-8"
"1.00411057472229","4.1114343929393726e-8"
"0.7918067574501038","4.1114343929393726e-8"
"0.5572812557220459","2.499999761581421"
"1.4568812847137451","4.1114343929393726e-8"
"0.5315961241722107","4.1114343929393726e-8"
"0.20444656908512115","4.1114343929393726e-8"
"0.42028313875198364","4.1114343929393726e-8"
"0.47722327709198","4.1114343929393726e-8"
"11.619353294372559","4.1114343929393726e-8"
"13.950475692749023","4.1114343929393726e-8"
"26.174381256103516","9"
"3.124556303024292","4.1114343929393726e-8"
"1.2425615787506104","4.1114343929393726e-8"
"1.0761194229125977","4.1114343929393726e-8"
"1.2196450233459473","4.1114343929393726e-8"
"2.152711868286133","4.1114343929393726e-8"
"2.439241886138916","4.1114343929393726e-8"
"0.7268698215484619","4.1114343929393726e-8"
"1.655959129333496","4.1114343929393726e-8"
"0.6143190264701843","3"
"6.509739398956299","4.1114343929393726e-8"
"7.424947261810303","0.19999997317790985"
"10.51361083984375","4.1114343929393726e-8"
"1.3635661602020264","10.899999618530273"
"0.7962275147438049","4.1114343929393726e-8"
"0.7375433444976807","4.1114343929393726e-8"
"0.24126240611076355","24.000001907348633"
"1.6982369422912598","4.1114343929393726e-8"
"0.6337690353393555","37"
"0.275333046913147","4.1114343929393726e-8"
"1.2624175548553467","0.4000000059604645"
"1.0873390436172485","4.1114343929393726e-8"
"16.02541160583496","33"
"29.959514617919922","48.89999008178711"
"44.89967346191406","15"
"5.38372278213501","4.1114343929393726e-8"
"1.7921221256256104","17.099994659423828"
"2.2985458374023438","0.19999997317790985"
"2.6353068351745605","0.10000001639127731"
"2.5598819255828857","4.1114343929393726e-8"
"3.21836256980896","1.2999999523162842"
"2.1626946926116943","3"
"4.098003387451172","26.999996185302734"
"1.5362523794174194","4.1114343929393726e-8"
"21.09400749206543","9"
"13.296420097351074","12.100000381469727"
"29.347488403320312","10.000000953674316"
"18.728023529052734","4.1114343929393726e-8"
"1.907631516456604","4.1114343929393726e-8"
"1.6606860160827637","4.1114343929393726e-8"
"2.1845474243164062","0.10000001639127731"
"1.9141815900802612","4.1114343929393726e-8"
"1.4222320318222046","4.700000286102295"
"0.6630819439888","3"
"0.752656102180481","4.1114343929393726e-8"
"3.382007122039795","10.000000953674316"
"16.523223876953125","22"
"13.689495086669922","1.2999999523162842"
"25.608125686645508","1.1999999284744263"
"10.876172065734863","3"
"5.4640655517578125","3.8999998569488525"
"2.883740186691284","3"
"1.551975965499878","4.1114343929393726e-8"
"2.1401121616363525","0.7000000476837158"
"0.43612492084503174","4.1114343929393726e-8"
"1.9250304698944092","4.1114343929393726e-8"
"1.3917388916015625","4.1114343929393726e-8"
"0.3824254274368286","9"
"22.426910400390625","37"
"20.35662078857422","62.69998550415039"
"23.26698875427246","25.799999237060547"
"4.2442827224731445","5.999999523162842"
"0.9868910312652588","1.100000023841858"
"5.306222915649414","42.000003814697266"
"0.7653028964996338","27.999990463256836"
"1.9505263566970825","29.29999542236328"
"2.9331703186035156","25.999996185302734"
"0.9710171222686768","4"
"11.345796585083008","1.100000023841858"
"0.1745396852493286","40.99999237060547"
"12.783447265625","5"
"20.70949935913086","42.000003814697266"
"22.316774368286133","0.19999997317790985"
"4.549996852874756","11.999999046325684"
"2.928581476211548","1"
"1.3428740501403809","2"
"1.4737544059753418","11"
"1.6488423347473145","4"
"1.9117358922958374","8"
"0.5692902207374573","3"
"7.809358596801758","3"
"0.34401804208755493","0.10000001639127731"
"1.7532527446746826","2.499999761581421"
"4.236830234527588","4.300000190734863"
"15.944917678833008","48.79998779296875"
"2.77175235748291","4.1114343929393726e-8"
"1.0192062854766846","3"
"0.4103436768054962","4.1114343929393726e-8"
"1.438237190246582","4.1114343929393726e-8"
"0.5833315849304199","14.000000953674316"
"1.427799940109253","10.000000953674316"
"0.4660661518573761","4.1114343929393726e-8"
"2.940189838409424","4.1114343929393726e-8"
"0.014680267311632633","1.7000000476837158"
"0.303763210773468","29.4999942779541"
"0.28220129013061523","17.299997329711914"
"3.95481014251709","23"
"0.5941305160522461","3"
"0.012896055355668068","2"
"0","5"
"0.22921420633792877","5"
"0","37"
"0","4.1114343929393726e-8"
"0.21207424998283386","33"
"0.7173919677734375","19"
"0.29062291979789734","42.000003814697266"
"0.8236103057861328","5.999999523162842"
"0.18270885944366455","22"
"2.5585715770721436","4.1114343929393726e-8"
"0.9928128123283386","11.999999046325684"
"0.03461570665240288","15"
"0.21196553111076355","56.999996185302734"
"0.24390476942062378","5"
"0.038881413638591766","75"
"0","25.999996185302734"
"0.14648745954036713","24.000001907348633"
"0.5538216233253479","10.000000953674316"
"0.2885688841342926","4.1114343929393726e-8"
"0.5159796476364136","4.1114343929393726e-8"
"0.6742897033691406","10.000000953674316"
"1.8105297088623047","4.1114343929393726e-8"
"0.5912899971008301","4.1114343929393726e-8"
"0.04921676591038704","0.10000001639127731"
"0.24829059839248657","4.1114343929393726e-8"
"2.0661237239837646","4.1114343929393726e-8"
"0.11062011867761612","4.1114343929393726e-8"
"0.1445780247449875","4.1114343929393726e-8"
"0.05674554407596588","4.1114343929393726e-8"
"0.9782987833023071","0.10000001639127731"
"0.26669925451278687","4.1114343929393726e-8"
"0.9838387966156006","4.1114343929393726e-8"
"2.9515798091888428","4.1114343929393726e-8"
"4.559386253356934","4.1114343929393726e-8"
"2.1467204093933105","4.1114343929393726e-8"
"0.43166643381118774","0.7000000476837158"
"0.4726217985153198","4.1114343929393726e-8"
"0.8475973606109619","4.1114343929393726e-8"
"0.27588415145874023","4.1114343929393726e-8"
"0","4.1114343929393726e-8"
"0.3688332438468933","4.1114343929393726e-8"
"1.12155282497406","4.1114343929393726e-8"
"0.37540191411972046","4.1114343929393726e-8"
"0.7744635343551636","4.1114343929393726e-8"
"1.237333059310913","4.1114343929393726e-8"
"2.8418056964874268","4.1114343929393726e-8"
"0.7296366691589355","4.1114343929393726e-8"
"0","4.1114343929393726e-8"
"0.3219452500343323","4.1114343929393726e-8"
"0.9319743514060974","4.1114343929393726e-8"
"0.05687738209962845","4.1114343929393726e-8"
"0.2417214959859848","4.1114343929393726e-8"
"0","4.1114343929393726e-8"
"0.9743294715881348","4.1114343929393726e-8"
"0.6293752193450928","4.1114343929393726e-8"
"4.233255863189697","4.1114343929393726e-8"
"4.3026580810546875","4.1114343929393726e-8"
"16.68080711364746","4.1114343929393726e-8"
"0.8128588199615479","4.1114343929393726e-8"
"0.7844439744949341","4.1114343929393726e-8"
"0.47428959608078003","4.1114343929393726e-8"
"2.1759033203125","4.1114343929393726e-8"
"0.20413991808891296","4.1114343929393726e-8"
"0.24261321127414703","4.1114343929393726e-8"
"0.25074541568756104","4.1114343929393726e-8"
"2.6321632862091064","4.1114343929393726e-8"
"0.8161457180976868","4.1114343929393726e-8"
"5.555356502532959","4.1114343929393726e-8"
"9.043927192687988","4.1114343929393726e-8"
"20.06729507446289","4.1114343929393726e-8"
"3.3032970428466797","4.1114343929393726e-8"
"1.6077769994735718","4.1114343929393726e-8"
"2.9062423706054688","4.1114343929393726e-8"
"2.766721248626709","4.1114343929393726e-8"
"0.47761327028274536","4.1114343929393726e-8"
"0.9502307772636414","4.1114343929393726e-8"
"1.0596380233764648","4.1114343929393726e-8"
"2.905062675476074","4.1114343929393726e-8"
"1.306596040725708","4.1114343929393726e-8"
"4.548386573791504","0.19999997317790985"
"8.444881439208984","4.1114343929393726e-8"
"18.650381088256836","4"
"3.2658181190490723","0.30000001192092896"
"0.8701511025428772","0.8999999761581421"
"0.7111247777938843","4.1114343929393726e-8"
"0.40187495946884155","0.800000011920929"
"0.7702174186706543","4.1114343929393726e-8"
"0.5184217691421509","4.1114343929393726e-8"
"0.2898579239845276","0.30000001192092896"
"1.4080668687820435","0.4000000059604645"
"0.6227420568466187","4.1114343929393726e-8"
"1.0230035781860352","4.1114343929393726e-8"
"2.0463054180145264","4.1114343929393726e-8"
"4.2604594230651855","4.1114343929393726e-8"
"0.9326892495155334","4.1114343929393726e-8"
"0.1403241902589798","4.1114343929393726e-8"
"0.38036996126174927","4.1114343929393726e-8"
"0.5960404276847839","4.1114343929393726e-8"
"1.1868575811386108","4.1114343929393726e-8"
"0.18906278908252716","4.1114343929393726e-8"
"0.10057137161493301","4.1114343929393726e-8"
"0.49888646602630615","4.1114343929393726e-8"
"0.5220049023628235","4.1114343929393726e-8"
"1.5839920043945312","4.1114343929393726e-8"
"7.476704120635986","4.1114343929393726e-8"
"6.914418697357178","4.1114343929393726e-8"
"1.6818175315856934","4.1114343929393726e-8"
"0.2873278558254242","4.1114343929393726e-8"
"1.5855761766433716","4.1114343929393726e-8"
"1.7616500854492188","4.1114343929393726e-8"
"1.6383754014968872","4.1114343929393726e-8"
"1.2298139333724976","4.1114343929393726e-8"
"0.30546075105667114","4.1114343929393726e-8"
"0.6375266313552856","4.1114343929393726e-8"
"1.4569497108459473","4.1114343929393726e-8"
"11.08608627319336","4.1114343929393726e-8"
"13.872252464294434","4.1114343929393726e-8"
"21.871124267578125","4.1114343929393726e-8"
"2.5556750297546387","4.1114343929393726e-8"
"2.5650901794433594","4.1114343929393726e-8"
"2.16886043548584","4.1114343929393726e-8"
"1.2601141929626465","4.1114343929393726e-8"
"10.15604019165039","4.1114343929393726e-8"
"2.814746618270874","4.1114343929393726e-8"
"1.335159420967102","4.1114343929393726e-8"
"11.108711242675781","4.1114343929393726e-8"
"1.7093594074249268","4.1114343929393726e-8"
"19.724853515625","4.1114343929393726e-8"
"14.841446876525879","4.1114343929393726e-8"
"35.0731086730957","4.1114343929393726e-8"
"6.211207389831543","4.1114343929393726e-8"
"6.087433815002441","4.1114343929393726e-8"
"3.2982544898986816","4.1114343929393726e-8"
"3.815196990966797","4.1114343929393726e-8"
"4.667579650878906","4.1114343929393726e-8"
"5.7595720291137695","4.1114343929393726e-8"
"3.9541192054748535","4.1114343929393726e-8"
"18.519716262817383","4.1114343929393726e-8"
"1.3632264137268066","4.1114343929393726e-8"
"11.169282913208008","16.899999618530273"
"6.509807586669922","4.1114343929393726e-8"
"35.74699020385742","25.200000762939453"
"6.825286865234375","4.1114343929393726e-8"
"6.013277053833008","4.1114343929393726e-8"
"2.556178569793701","4.1114343929393726e-8"
"7.208261489868164","4.1114343929393726e-8"
"2.153926372528076","4.1114343929393726e-8"
"4.323398590087891","4.1114343929393726e-8"
"2.7104954719543457","4.1114343929393726e-8"
"12.878416061401367","4.1114343929393726e-8"
"2.0923569202423096","10.80000114440918"
"14.934768676757812","40.99999237060547"
"14.497013092041016","4.1114343929393726e-8"
"28.610965728759766","12.200000762939453"
"9.141798973083496","36.900001525878906"
"9.300261497497559","2.3000001907348633"
"8.890351295471191","4.1114343929393726e-8"
"10.54964828491211","4.1114343929393726e-8"
"3.655914783477783","4.1114343929393726e-8"
"4.977447509765625","4.1114343929393726e-8"
"11.853719711303711","4.1114343929393726e-8"
"15.301041603088379","4.1114343929393726e-8"
"4.550024509429932","4.1114343929393726e-8"
"14.066519737243652","4.1114343929393726e-8"
"10.605558395385742","4.1114343929393726e-8"
"22.448055267333984","4.1114343929393726e-8"
"10.672977447509766","4.1114343929393726e-8"
"9.957134246826172","4.1114343929393726e-8"
"9.481182098388672","4.1114343929393726e-8"
"2.9312756061553955","4.1114343929393726e-8"
"5.7349653244018555","4.1114343929393726e-8"
"7.2997941970825195","4.1114343929393726e-8"
"5.4031219482421875","4.1114343929393726e-8"
"9.052395820617676","4.1114343929393726e-8"
"2.572967529296875","4.1114343929393726e-8"
"11.7256441116333","4.1114343929393726e-8"
"15.606515884399414","4.1114343929393726e-8"
"30.09833526611328","4.1114343929393726e-8"
"16.29339027404785","4.1114343929393726e-8"
"8.169943809509277","4.1114343929393726e-8"
"4.4284868240356445","4.1114343929393726e-8"
"3.486767292022705","4.1114343929393726e-8"
"2.6239173412323","4.1114343929393726e-8"
"5.885062217712402","4.1114343929393726e-8"
"5.157799243927002","4.1114343929393726e-8"
"2.4948923587799072","4.1114343929393726e-8"
"1.4142725467681885","4.1114343929393726e-8"
"9.543291091918945","4.1114343929393726e-8"
"18.706920623779297","4.1114343929393726e-8"
"24.10173797607422","4.1114343929393726e-8"
"11.017295837402344","4.1114343929393726e-8"
"1.4942028522491455","4.1114343929393726e-8"
"1.993535041809082","4.1114343929393726e-8"
"2.280015707015991","4.1114343929393726e-8"
"1.146604299545288","4.1114343929393726e-8"
"1.8261585235595703","4.1114343929393726e-8"
"0.4153228998184204","4.1114343929393726e-8"
"1.1307921409606934","4.1114343929393726e-8"
"0.977470338344574","4.1114343929393726e-8"
"11.896663665771484","4.1114343929393726e-8"
"11.79420280456543","4.1114343929393726e-8"
"15.223883628845215","4.1114343929393726e-8"
"7.558975696563721","4.1114343929393726e-8"
"2.975198268890381","4.1114343929393726e-8"
"0.7621869444847107","4.1114343929393726e-8"
"1.0543056726455688","4.1114343929393726e-8"
"0.8173807263374329","4.1114343929393726e-8"
"0.6330273151397705","4.1114343929393726e-8"
"0.498971164226532","4.1114343929393726e-8"
"1.4342185258865356","4.1114343929393726e-8"
"1.154958724975586","4.1114343929393726e-8"
"5.92677116394043","4.1114343929393726e-8"
"17.126157760620117","4.1114343929393726e-8"
"14.119889259338379","4.1114343929393726e-8"
"2.0988709926605225","4.1114343929393726e-8"
"1.6525161266326904","4.1114343929393726e-8"
"2.8825337886810303","4.1114343929393726e-8"
"1.2782820463180542","4.1114343929393726e-8"
"1.095720887184143","4.1114343929393726e-8"
"1.0590933561325073","4.1114343929393726e-8"
"1.0187063217163086","4.1114343929393726e-8"
"1.860530972480774","4.1114343929393726e-8"
"0.33501043915748596","4.1114343929393726e-8"
"5.972598075866699","4.400000095367432"
"13.04833984375","4.1114343929393726e-8"
"8.453993797302246","30.799989700317383"
"1.140047550201416","4.1114343929393726e-8"
"0.9406065344810486","4.1114343929393726e-8"
"1.1555548906326294","4.1114343929393726e-8"
"1.1445783376693726","4.1114343929393726e-8"
"0.4481157064437866","4.1114343929393726e-8"
"0.7615819573402405","4.1114343929393726e-8"
"0.20479127764701843","4.1114343929393726e-8"
"1.7052860260009766","4.1114343929393726e-8"
"0.16975851356983185","34.499996185302734"
"4.4893975257873535","20.899993896484375"
"4.456315040588379","72.79999542236328"
"9.978866577148438","68.39999389648438"
"1.1170244216918945","35.39999771118164"
"0.4179520308971405","83.20001220703125"
"1.4169831275939941","53.30000305175781"
"1.3690892457962036","59.59999465942383"
"0.6739649772644043","4.1114343929393726e-8"
"1.6610071659088135","4.1114343929393726e-8"
"0.4495404362678528","65.39998626708984"
"2.3981614112854004","4.1114343929393726e-8"
"0.393963098526001","3.799999952316284"
"2.522660970687866","3.5999999046325684"
"1.863610863685608","4.1114343929393726e-8"
"11.886733055114746","4.1114343929393726e-8"
"1.2796697616577148","14.899998664855957"
"0.17260324954986572","7.100000381469727"
"0.2513061761856079","4.1114343929393726e-8"
"0.004424358252435923","0.30000001192092896"
"1.1305444240570068","4.1114343929393726e-8"
"0.6324122548103333","4.1114343929393726e-8"
"0.16045160591602325","4.1114343929393726e-8"
"4.060577392578125","4.1114343929393726e-8"
"0.6637271046638489","21.899999618530273"
"15.146952629089355","4.1114343929393726e-8"
"15.838991165161133","23.900001525878906"
"21.97343635559082","8.199999809265137"
"1.5604705810546875","31.600000381469727"
"1.6988023519515991","45.099998474121094"
"1.4895446300506592","4.1114343929393726e-8"
"3.7151756286621094","4.1114343929393726e-8"
"4.532289028167725","4.1114343929393726e-8"
"3.1529922485351562","4.1114343929393726e-8"
"1.9801685810089111","4.1114343929393726e-8"
"4.676082611083984","4.1114343929393726e-8"
"0.9214791059494019","4.1114343929393726e-8"
"11.119832992553711","4.1114343929393726e-8"
"2.971924066543579","4.1114343929393726e-8"
"21.656465530395508","4.1114343929393726e-8"
"7.437901020050049","4.1114343929393726e-8"
"2.3862991333007812","4.1114343929393726e-8"
"1.0992786884307861","4.1114343929393726e-8"
"2.099076271057129","4.1114343929393726e-8"
"1.2647674083709717","4.1114343929393726e-8"
"1.5318429470062256","3.799999952316284"
"0.2514668107032776","0.4000000059604645"
"5.208493232727051","4.099999904632568"
"0.40052330493927","4.1114343929393726e-8"
"2.430474042892456","4.1114343929393726e-8"
"1.2820210456848145","4.1114343929393726e-8"
"5.238925933837891","4.1114343929393726e-8"
"1.2119660377502441","4.1114343929393726e-8"
"0.4574243426322937","4.1114343929393726e-8"
"0","4.1114343929393726e-8"
"1.049856424331665","4.1114343929393726e-8"
"0.38253065943717957","4.1114343929393726e-8"
"0.5530335903167725","2.799999713897705"
"0.34125056862831116","6.500000476837158"
"4.469040870666504","4.1114343929393726e-8"
"0.3035579323768616","4.1114343929393726e-8"
"2.5932466983795166","4.1114343929393726e-8"
"5.536308288574219","4.1114343929393726e-8"
"8.100125312805176","4.1114343929393726e-8"
"1.1966774463653564","4.1114343929393726e-8"
"0.5494688153266907","4.1114343929393726e-8"
"0.6028425693511963","4.1114343929393726e-8"
"1.153853416442871","4.1114343929393726e-8"
"0.4555663466453552","4.1114343929393726e-8"
"0.3849732577800751","4.1114343929393726e-8"
"0.6017774343490601","4.1114343929393726e-8"
"10.249397277832031","4.1114343929393726e-8"
"0.8293296098709106","4.1114343929393726e-8"
"3.574112892150879","4.1114343929393726e-8"
"6.470890522003174","4.1114343929393726e-8"
"11.902774810791016","4.1114343929393726e-8"
"3.3456432819366455","4.1114343929393726e-8"
"1.156564474105835","4.1114343929393726e-8"
"0.8469915390014648","4.1114343929393726e-8"
"4.211418628692627","4.1114343929393726e-8"
"0.2847212553024292","4.1114343929393726e-8"
"0.7534506916999817","4.1114343929393726e-8"
"0.45776116847991943","4.1114343929393726e-8"
"10.89138412475586","4.1114343929393726e-8"
"1.5548632144927979","4.1114343929393726e-8"
"9.011488914489746","4.1114343929393726e-8"
"7.841883182525635","4.1114343929393726e-8"
"20.927600860595703","4.1114343929393726e-8"
"14.724599838256836","4.1114343929393726e-8"
"3.9409289360046387","4.1114343929393726e-8"
"7.708970546722412","4.1114343929393726e-8"
"7.494833946228027","4.1114343929393726e-8"
"0.4872819185256958","4.1114343929393726e-8"
"2.3542635440826416","4.1114343929393726e-8"
"3.266963481903076","4.1114343929393726e-8"
"9.710531234741211","4.1114343929393726e-8"
"2.742171287536621","4.1114343929393726e-8"
"10.197007179260254","4.1114343929393726e-8"
"7.633849143981934","3.6999998092651367"
"16.497068405151367","39.899993896484375"
"13.762603759765625","4.1114343929393726e-8"
"5.208279609680176","4.1114343929393726e-8"
"2.9412055015563965","4.1114343929393726e-8"
"1.4739317893981934","4.1114343929393726e-8"
"1.8900028467178345","4.1114343929393726e-8"
"2.807465076446533","4.1114343929393726e-8"
"2.0765602588653564","4.1114343929393726e-8"
"4.4753007888793945","4.1114343929393726e-8"
"1.5115852355957031","4.1114343929393726e-8"
"12.239114761352539","4.1114343929393726e-8"
"17.78921127319336","14.599998474121094"
"29.083192825317383","40.400001525878906"
"13.209948539733887","4.1114343929393726e-8"
"4.000522613525391","4.1114343929393726e-8"
"1.869562029838562","4.1114343929393726e-8"
"1.4345860481262207","4.1114343929393726e-8"
"2.2709927558898926","4.1114343929393726e-8"
"3.708592414855957","4.1114343929393726e-8"
"2.7334656715393066","4.1114343929393726e-8"
"4.201203346252441","4.1114343929393726e-8"
"0.9083420038223267","8.600000381469727"
"9.893036842346191","4.1114343929393726e-8"
"11.471334457397461","4.1114343929393726e-8"
"13.06021785736084","35.199989318847656"
"8.725988388061523","30.700000762939453"
"2.7484254837036133","2"
"2.9774389266967773","4.1114343929393726e-8"
"3.461364984512329","1.899999976158142"
"1.6633234024047852","4.1114343929393726e-8"
"3.6245875358581543","4.1114343929393726e-8"
"0.8862294554710388","4.1114343929393726e-8"
"3.1986947059631348","4.1114343929393726e-8"
"0.23367565870285034","4.1114343929393726e-8"
"2.8505663871765137","4.1114343929393726e-8"
"3.3806490898132324","55.79998016357422"
"5.774436950683594","44.399993896484375"
"2.2235512733459473","10.69999885559082"
"1.283543348312378","4.1114343929393726e-8"
"0.3287363648414612","4.700000286102295"
"0.2738201916217804","4.1114343929393726e-8"
"0.03022001124918461","4.1114343929393726e-8"
"0.7963643670082092","4.1114343929393726e-8"
"0.13343903422355652","4.1114343929393726e-8"
"0.5531600713729858","4.1114343929393726e-8"
"0.20307427644729614","5.300000190734863"
"1.2046961784362793","27.999990463256836"
"0.8542941808700562","0.4000000059604645"
"5.8949127197265625","4.700000286102295"
"0.5931187272071838","11.499998092651367"
"0.08909080922603607","16.899999618530273"
"0.33352553844451904","4.1114343929393726e-8"
"0.10095656663179398","13.80000114440918"
"0","2.3999998569488525"
"0","4.1114343929393726e-8"
"0","4.1114343929393726e-8"
"0.20282024145126343","6.59999942779541"
"0","4.1114343929393726e-8"
"0.5171267986297607","4.1114343929393726e-8"
"0.16084641218185425","4.1114343929393726e-8"
"1.4339569807052612","4.1114343929393726e-8"
"0","4.1114343929393726e-8"
"0","4.1114343929393726e-8"
"0","4.1114343929393726e-8"
"0","4.1114343929393726e-8"
"0","4.1114343929393726e-8"
"0","4.1114343929393726e-8"
"0","4.1114343929393726e-8"
"0","4.1114343929393726e-8"
"0","4.1114343929393726e-8"
"0.3709588646888733","4.1114343929393726e-8"
"0.06694365292787552","4.1114343929393726e-8"
"0.15828727185726166","4.1114343929393726e-8"
"0","4.1114343929393726e-8"
"0","4.1114343929393726e-8"
"0.007881524972617626","4.1114343929393726e-8"
"0.189214825630188","4.1114343929393726e-8"
"0","4.1114343929393726e-8"
"0","4.1114343929393726e-8"
"0","4.1114343929393726e-8"
"0.048088621348142624","4.1114343929393726e-8"
"0","0.8999999761581421"
"0","4.1114343929393726e-8"
"0","4.1114343929393726e-8"
"0","4.1114343929393726e-8"
"0","4.1114343929393726e-8"
"0","4.1114343929393726e-8"
"0","4.1114343929393726e-8"
"0","4.1114343929393726e-8"
"0","4.1114343929393726e-8"
"0","4.1114343929393726e-8"
"0","4.1114343929393726e-8"
"0","19.999996185302734"
"1.6452444791793823","16.999996185302734"
"8.290986061096191","3.5999999046325684"
"13.094715118408203","18"
"17.104808807373047","3"
"3.3736181259155273","34.99999237060547"
"1.1715742349624634","31"
"2.3356127738952637","41.70000457763672"
"2.886486530303955","96.4000244140625"
"3.7382640838623047","67"
"1.215194582939148","34.99999237060547"
"1.1072105169296265","77.99998474121094"
"1.2332096099853516","64.00001525878906"
"2.3837084770202637","23"
"4.614635944366455","15.199996948242188"
"21.528156280517578","18"
"18.006454467773438","101.99999237060547"
"7.284891128540039","24.89999771118164"
"5.708500862121582","14.000000953674316"
"2.2199244499206543","25.499998092651367"
"4.766763210296631","54.60000228881836"
"1.827407717704773","27.999990463256836"
"0.6957426071166992","25.699996948242188"
"0.8188328742980957","34.99999237060547"
"3.162533760070801","5"
"1.9794424772262573","3"
"8.7347993850708","14.000000953674316"
"15.328986167907715","2"
"24.25572967529297","4"
"4.016319274902344","0.10000001639127731"
"2.940706729888916","4.1114343929393726e-8"
"1.6667338609695435","12.999998092651367"
"2.6639199256896973","27.999990463256836"
"4.789742469787598","8"
"2.9455759525299072","34.29999542236328"
"1.945027232170105","3"
"4.931201934814453","2"
"1.386804461479187","4.1114343929393726e-8"
"11.363019943237305","8"
"17.754776000976562","4.1114343929393726e-8"
"30.901588439941406","4"
"4.306420803070068","4.1114343929393726e-8"
"1.0089621543884277","4.1114343929393726e-8"
"1.3654576539993286","4.1114343929393726e-8"
"1.3939499855041504","4.1114343929393726e-8"
"2.751180648803711","4.1114343929393726e-8"
"2.360403060913086","4.1114343929393726e-8"
"0.9611254930496216","4.1114343929393726e-8"
"2.311962842941284","4.1114343929393726e-8"
"1.372463583946228","4.1114343929393726e-8"
"12.869630813598633","58.000003814697266"
"11.17011547088623","4.1114343929393726e-8"
"24.649431228637695","4.1114343929393726e-8"
"8.948029518127441","10.299997329711914"
"2.451827049255371","11"
"0.7538103461265564","4.1114343929393726e-8"
"0.8527753949165344","4.1114343929393726e-8"
"0.679543673992157","4.1114343929393726e-8"
"0.8335415124893188","4.1114343929393726e-8"
"0.293377161026001","4.1114343929393726e-8"
"1.408898115158081","4.1114343929393726e-8"
"0.781778872013092","4.1114343929393726e-8"
"19.47494125366211","4.1114343929393726e-8"
"17.12791633605957","14.000000953674316"
"31.25204086303711","2"
"4.496378421783447","4.1114343929393726e-8"
"1.4076595306396484","4.1114343929393726e-8"
"2.2952747344970703","4.1114343929393726e-8"
"2.5785579681396484","4.1114343929393726e-8"
"1.6889195442199707","0.5"
"1.5441932678222656","4.1114343929393726e-8"
"1.4351882934570312","4.1114343929393726e-8"
"3.944011688232422","4.1114343929393726e-8"
"0.5937950611114502","4.1114343929393726e-8"
"10.724002838134766","29.000001907348633"
"13.102502822875977","40.99999237060547"
"20.06698989868164","27.999990463256836"
"2.5042436122894287","2"
"0.6363106369972229","4.1114343929393726e-8"
"0.6527974009513855","0.5"
"0.9537373781204224","7.5"
"2.2008869647979736","11.999999046325684"
"0.5675102472305298","2"
"0.942291796207428","4.1114343929393726e-8"
"3.566633701324463","0.10000001639127731"
"1.8881213665008545","4.1114343929393726e-8"
"12.916643142700195","4.1114343929393726e-8"
"15.458703994750977","4.1114343929393726e-8"
"19.223859786987305","4.1114343929393726e-8"
"4.987530708312988","4.1114343929393726e-8"
"2.8448429107666016","4.1114343929393726e-8"
"1.2443076372146606","4.1114343929393726e-8"
"2.007448673248291","2.499999761581421"
"2.401388645172119","4.1114343929393726e-8"
"1.9233307838439941","4.1114343929393726e-8"
"1.2828584909439087","4.1114343929393726e-8"
"11.384623527526855","4.1114343929393726e-8"
"0.6021875739097595","4.1114343929393726e-8"
"7.5475172996521","4.1114343929393726e-8"
"8.502108573913574","4.1114343929393726e-8"
"14.902694702148438","9"
"3.4329659938812256","4.1114343929393726e-8"
"1.7413427829742432","4.1114343929393726e-8"
"1.3624475002288818","4.1114343929393726e-8"
"2.9251654148101807","4.1114343929393726e-8"
"1.3423347473144531","4.1114343929393726e-8"
"2.9688727855682373","4.1114343929393726e-8"
"0.9911097884178162","4.1114343929393726e-8"
"11.244935035705566","4.1114343929393726e-8"
"1.1080065965652466","3"
"8.37991714477539","4.1114343929393726e-8"
"6.782892227172852","0.19999997317790985"
"14.490533828735352","4.1114343929393726e-8"
"3.285369396209717","10.899999618530273"
"3.155738353729248","4.1114343929393726e-8"
"1.6382713317871094","4.1114343929393726e-8"
"2.896733522415161","24.000001907348633"
"1.7397576570510864","4.1114343929393726e-8"
"1.324077844619751","37"
"1.3266676664352417","4.1114343929393726e-8"
"7.531022071838379","0.4000000059604645"
"0.8189696073532104","59.9999885559082"
"8.21402645111084","11"
"3.634718418121338","35.999996185302734"
"13.336881637573242","75.30000305175781"
"2.9218151569366455","18"
"1.6266833543777466","8"
"3.300774335861206","18"
"1.6186333894729614","11.999999046325684"
"1.3430722951889038","15"
"3.307067632675171","9"
"1.0323175191879272","19"
"4.867489814758301","56"
"0.34530508518218994","4.1114343929393726e-8"
"7.940809726715088","4.1114343929393726e-8"
"3.657033920288086","4.1114343929393726e-8"
"10.400114059448242","4.1114343929393726e-8"
"3.118351936340332","10.000000953674316"
"1.8340568542480469","4.1114343929393726e-8"
"0.7463114857673645","4.1114343929393726e-8"
"2.0231499671936035","4.1114343929393726e-8"
"0.8471022844314575","4.1114343929393726e-8"
"0.8472632169723511","4.1114343929393726e-8"
"0.37519896030426025","4.1114343929393726e-8"
"2.4230380058288574","4.1114343929393726e-8"
"1.0139596462249756","4.1114343929393726e-8"
"4.42901611328125","4.1114343929393726e-8"
"4.635842323303223","4.1114343929393726e-8"
"12.720087051391602","4.1114343929393726e-8"
"8.027284622192383","4.1114343929393726e-8"
"2.928093433380127","4.1114343929393726e-8"
"4.5232253074646","4.1114343929393726e-8"
"2.021756172180176","4.1114343929393726e-8"
"0.7772423624992371","4.1114343929393726e-8"
"1.4283028841018677","4.1114343929393726e-8"
"0.9172420501708984","4.1114343929393726e-8"
"2.071220874786377","4.1114343929393726e-8"
"0.787255048751831","4.1114343929393726e-8"
"3.868802070617676","4.1114343929393726e-8"
"8.224212646484375","4.1114343929393726e-8"
"14.549816131591797","4.1114343929393726e-8"
"6.163153171539307","4.1114343929393726e-8"
"0.708519697189331","4.1114343929393726e-8"
"2.3898978233337402","4.1114343929393726e-8"
"1.0439401865005493","14.000000953674316"
"0.5846166610717773","3"
"0.36521223187446594","1"
"0.48663952946662903","4"
"2.4393677711486816","17.199995040893555"
"1.971647024154663","40.99999237060547"
"17.437467575073242","5"
"35.64189529418945","42.000003814697266"
"36.49923324584961","0.19999997317790985"
"8.618922233581543","11.999999046325684"
"9.172308921813965","1"
"5.621718883514404","2"
"1.5579981803894043","11"
"4.739136695861816","4"
"9.658051490783691","8"
"3.6094777584075928","3"
"11.251190185546875","3"
"1.2375566959381104","0.10000001639127731"
"17.167146682739258","2.499999761581421"
"22.645030975341797","4.300000190734863"
"37.43202209472656","48.79998779296875"
"19.283597946166992","4.1114343929393726e-8"
"8.20399284362793","3"
"3.028810739517212","4.1114343929393726e-8"
"3.4687318801879883","4.1114343929393726e-8"
"2.80049991607666","14.000000953674316"
"8.786273956298828","10.000000953674316"
"1.5414783954620361","4.1114343929393726e-8"
"2.3108913898468018","4.1114343929393726e-8"
"2.3622210025787354","1.7000000476837158"
"21.337528228759766","29.4999942779541"
"16.236635208129883","17.299997329711914"
"24.128690719604492","23"
"17.991050720214844","3"
"5.815125465393066","2"
"2.6275722980499268","5"
"1.0532855987548828","5"
"3.0079762935638428","37"
"1.988829255104065","4.1114343929393726e-8"
"1.3899985551834106","33"
"1.0284367799758911","19"
"3.3988516330718994","42.000003814697266"
"22.281166076660156","5.999999523162842"
"23.935022354125977","22"
"20.70946502685547","4.1114343929393726e-8"
"18.771692276000977","11.999999046325684"
"3.620373249053955","15"
"3.307804822921753","56.999996185302734"
"1.4177266359329224","5"
"2.1557018756866455","75"
"2.0252251625061035","25.999996185302734"
"1.3773778676986694","24.000001907348633"
"3.8995630741119385","10.000000953674316"
"2.348142147064209","4.1114343929393726e-8"
"20.577348709106445","4.1114343929393726e-8"
"28.496767044067383","10.000000953674316"
"22.54842185974121","4.1114343929393726e-8"
"11.841301918029785","4.1114343929393726e-8"
"4.40020227432251","0.10000001639127731"
"4.148887634277344","4.1114343929393726e-8"
"3.3783302307128906","4.1114343929393726e-8"
"3.7470011711120605","4.1114343929393726e-8"
"2.2039647102355957","4.1114343929393726e-8"
"1.3772714138031006","4.1114343929393726e-8"
"5.575810432434082","0.10000001639127731"
"4.907950401306152","4.1114343929393726e-8"
"30.419971466064453","4.1114343929393726e-8"
"30.901199340820312","4.1114343929393726e-8"
"25.749248504638672","4.1114343929393726e-8"
"11.725122451782227","4.1114343929393726e-8"
"7.855292320251465","0.7000000476837158"
"14.502038955688477","4.1114343929393726e-8"
"9.665788650512695","4.1114343929393726e-8"
"8.488187789916992","4.1114343929393726e-8"
"4.885774612426758","4.1114343929393726e-8"
"7.178249359130859","4.1114343929393726e-8"
"8.282598495483398","4.1114343929393726e-8"
"3.0598108768463135","4.1114343929393726e-8"
"11.661430358886719","4.1114343929393726e-8"
"16.23617935180664","4.1114343929393726e-8"
"20.33797836303711","4.1114343929393726e-8"
"10.342172622680664","4.1114343929393726e-8"
"6.0877861976623535","4.1114343929393726e-8"
"8.288188934326172","4.1114343929393726e-8"
"2.596673011779785","4.1114343929393726e-8"
"4.199027061462402","4.1114343929393726e-8"
"2.763828754425049","4.1114343929393726e-8"
"3.370495080947876","4.1114343929393726e-8"
"15.154010772705078","4.1114343929393726e-8"
"1.1452397108078003","4.1114343929393726e-8"
"11.97048568725586","4.1114343929393726e-8"
"10.412282943725586","4.1114343929393726e-8"
"25.861709594726562","4.1114343929393726e-8"
"7.328677654266357","4.1114343929393726e-8"
"5.578341484069824","4.1114343929393726e-8"
"5.761862754821777","4.1114343929393726e-8"
"4.35545015335083","4.1114343929393726e-8"
"2.1544442176818848","4.1114343929393726e-8"
"5.256350517272949","4.1114343929393726e-8"
"3.8269801139831543","4.1114343929393726e-8"
"17.111892700195312","4.1114343929393726e-8"
"0.6955293416976929","4.1114343929393726e-8"
"7.286942005157471","4.1114343929393726e-8"
"11.031733512878418","4.1114343929393726e-8"
"21.605121612548828","4.1114343929393726e-8"
"5.11061954498291","4.1114343929393726e-8"
"3.2991456985473633","4.1114343929393726e-8"
"2.8835623264312744","4.1114343929393726e-8"
"7.674256324768066","4.1114343929393726e-8"
"1.4699395895004272","4.1114343929393726e-8"
"3.867725133895874","4.1114343929393726e-8"
"1.4421725273132324","4.1114343929393726e-8"
"16.69453239440918","4.1114343929393726e-8"
"1.6679010391235352","4.1114343929393726e-8"
"7.065674781799316","0.19999997317790985"
"6.6846795082092285","4.1114343929393726e-8"
"14.425971031188965","4"
"9.203680038452148","0.30000001192092896"
"4.855417251586914","0.8999999761581421"
"1.4015812873840332","4.1114343929393726e-8"
"3.1262481212615967","0.800000011920929"
"3.0100011825561523","4.1114343929393726e-8"
"2.3480262756347656","4.1114343929393726e-8"
"1.2707589864730835","0.30000001192092896"
"6.489564895629883","0.4000000059604645"
"1.7241864204406738","4.1114343929393726e-8"
"4.5517706871032715","1.2999999523162842"
"4.959652900695801","0.800000011920929"
"16.07508659362793","0.5"
"8.04495906829834","0.4000000059604645"
"2.0652410984039307","0.19999997317790985"
"1.9664995670318604","4.1114343929393726e-8"
"1.860406517982483","2.3000001907348633"
"1.357377529144287","4.1114343929393726e-8"
"1.7410888671875","4.1114343929393726e-8"
"0.7385344505310059","0.7000000476837158"
"1.5353457927703857","6.59999942779541"
"0.9171271324157715","4.1114343929393726e-8"
"3.1533570289611816","4.1114343929393726e-8"
"5.558412075042725","4.1114343929393726e-8"
"12.206796646118164","4.1114343929393726e-8"
"3.7619359493255615","4.1114343929393726e-8"
"1.8434247970581055","4.1114343929393726e-8"
"0.9007164239883423","4.1114343929393726e-8"
"1.8654603958129883","4.1114343929393726e-8"
"0.49241816997528076","4.1114343929393726e-8"
"0.30587637424468994","4.1114343929393726e-8"
"0.1398647427558899","4.1114343929393726e-8"
"1.1361371278762817","4.1114343929393726e-8"
"0.9415086507797241","4.1114343929393726e-8"
"4.7127227783203125","4.1114343929393726e-8"
"13.996221542358398","4.1114343929393726e-8"
"13.573797225952148","4.1114343929393726e-8"
"4.65532112121582","4.1114343929393726e-8"
"1.928489089012146","4.1114343929393726e-8"
"2.921699285507202","4.1114343929393726e-8"
"2.025329828262329","4.1114343929393726e-8"
"0.5846943855285645","4.1114343929393726e-8"
"1.0271310806274414","4.1114343929393726e-8"
"0.8232589960098267","4.1114343929393726e-8"
"2.870739221572876","0.30000001192092896"
"0.3453332185745239","4.1114343929393726e-8"
"0.995338499546051","4.1114343929393726e-8"
"8.425697326660156","0.10000001639127731"
"7.395019054412842","4.1114343929393726e-8"
"1.7218408584594727","4.1114343929393726e-8"
"0.2167312204837799","0.10000001639127731"
"0.43075326085090637","4.1114343929393726e-8"
"0.574536144733429","15.999996185302734"
"0.6651723384857178","4.1114343929393726e-8"
"0.19393986463546753","4.1114343929393726e-8"
"0.23184582591056824","4.1114343929393726e-8"
"1.494046926498413","4.1114343929393726e-8"
"1.2606291770935059","4.1114343929393726e-8"
"20.569215774536133","4.1114343929393726e-8"
"20.13495635986328","4.1114343929393726e-8"
"35.15938949584961","4.1114343929393726e-8"
"6.643779277801514","4.1114343929393726e-8"
"4.820188999176025","4.1114343929393726e-8"
"2.27364444732666","4.1114343929393726e-8"
"0.5371063947677612","4.1114343929393726e-8"
"3.370523691177368","4.1114343929393726e-8"
"2.3166327476501465","4.1114343929393726e-8"
"0.9744545817375183","4.1114343929393726e-8"
"5.5018720626831055","4.1114343929393726e-8"
"0.5990817546844482","4.1114343929393726e-8"
"18.88861846923828","16.899999618530273"
"11.348884582519531","4.1114343929393726e-8"
"39.17955017089844","25.200000762939453"
"2.4764130115509033","4.1114343929393726e-8"
"1.0500004291534424","4.1114343929393726e-8"
"1.1450550556182861","4.1114343929393726e-8"
"6.579349040985107","4.1114343929393726e-8"
"3.030139923095703","4.1114343929393726e-8"
"1.042694330215454","4.1114343929393726e-8"
"1.1460410356521606","4.1114343929393726e-8"
"4.473219394683838","4.1114343929393726e-8"
"3.0122792720794678","10.80000114440918"
"16.414072036743164","40.99999237060547"
"17.47757339477539","4.1114343929393726e-8"
"28.03946304321289","12.200000762939453"
"8.48971939086914","36.900001525878906"
"7.286728382110596","2.3000001907348633"
"3.0796422958374023","4.1114343929393726e-8"
"3.4909043312072754","4.1114343929393726e-8"
"7.5443243980407715","4.1114343929393726e-8"
"2.42868709564209","4.1114343929393726e-8"
"2.712944746017456","4.1114343929393726e-8"
"3.469303846359253","4.1114343929393726e-8"
"2.990060806274414","4.1114343929393726e-8"
"19.150745391845703","4.1114343929393726e-8"
"11.076576232910156","4.1114343929393726e-8"
"32.617149353027344","4.1114343929393726e-8"
"5.266195297241211","4.1114343929393726e-8"
"8.791829109191895","4.1114343929393726e-8"
"3.192340850830078","4.1114343929393726e-8"
"2.0238475799560547","4.1114343929393726e-8"
"2.981680154800415","4.1114343929393726e-8"
"3.4471755027770996","4.1114343929393726e-8"
"1.3321762084960938","4.1114343929393726e-8"
"8.133979797363281","4.1114343929393726e-8"
"0.6247533559799194","4.1114343929393726e-8"
"12.579357147216797","4.1114343929393726e-8"
"16.930076599121094","4.1114343929393726e-8"
"27.699726104736328","4.1114343929393726e-8"
"2.0799641609191895","4.1114343929393726e-8"
"2.2364072799682617","4.1114343929393726e-8"
"0.6858789920806885","4.1114343929393726e-8"
"2.299184799194336","4.1114343929393726e-8"
"1.013627052307129","4.1114343929393726e-8"
"1.539750337600708","4.1114343929393726e-8"
"0.3677924871444702","4.1114343929393726e-8"
"2.2145044803619385","4.1114343929393726e-8"
"0.5154446363449097","4.1114343929393726e-8"
"8.160113334655762","4.1114343929393726e-8"
"12.08454704284668","4.1114343929393726e-8"
"15.195841789245605","4.1114343929393726e-8"
"1.7506365776062012","4.1114343929393726e-8"
"1.049303650856018","4.1114343929393726e-8"
"2.1389777660369873","4.1114343929393726e-8"
"2.5632236003875732","4.1114343929393726e-8"
"1.7402398586273193","4.1114343929393726e-8"
"2.694878578186035","4.1114343929393726e-8"
"1.0317187309265137","4.1114343929393726e-8"
"1.8971548080444336","4.1114343929393726e-8"
"1.2632861137390137","4.1114343929393726e-8"
"6.26245641708374","4.1114343929393726e-8"
"3.379763603210449","4.1114343929393726e-8"
"13.86063003540039","4.1114343929393726e-8"
"2.641782283782959","4.1114343929393726e-8"
"1.5982064008712769","4.1114343929393726e-8"
"0.7202693223953247","4.1114343929393726e-8"
"0.9035030603408813","4.1114343929393726e-8"
"1.776428461074829","4.1114343929393726e-8"
"1.3975799083709717","4.1114343929393726e-8"
"0.6022089719772339","4.1114343929393726e-8"
"0.7624059915542603","4.1114343929393726e-8"
"1.024235725402832","4.1114343929393726e-8"
"7.0623393058776855","4.1114343929393726e-8"
"5.479724884033203","4.1114343929393726e-8"
"17.002498626708984","4.1114343929393726e-8"
"4.039055347442627","4.1114343929393726e-8"
"1.7572517395019531","4.1114343929393726e-8"
"2.2363204956054688","4.1114343929393726e-8"
"1.5834599733352661","4.1114343929393726e-8"
"0.8112254738807678","4.1114343929393726e-8"
"1.5787551403045654","4.1114343929393726e-8"
"0.735197901725769","4.1114343929393726e-8"
"1.4095125198364258","4.1114343929393726e-8"
"0.6572654247283936","4.1114343929393726e-8"
"5.628330707550049","4.400000095367432"
"5.874979019165039","4.1114343929393726e-8"
"16.861438751220703","30.799989700317383"
"2.121490001678467","4.1114343929393726e-8"
"0.4871162474155426","4.1114343929393726e-8"
"0.8475569486618042","4.1114343929393726e-8"
"1.8851255178451538","4.1114343929393726e-8"
"0.4276953935623169","4.1114343929393726e-8"
"1.0906604528427124","4.1114343929393726e-8"
"0.12228153645992279","4.1114343929393726e-8"
"3.53277325630188","4.1114343929393726e-8"
"0.3749092221260071","34.499996185302734"
"5.796182632446289","20.899993896484375"
"5.234346389770508","72.79999542236328"
"10.785947799682617","68.39999389648438"
"1.4674029350280762","35.39999771118164"
"0.35385140776634216","83.20001220703125"
"0.27869081497192383","53.30000305175781"
"0.7355007529258728","59.59999465942383"
"0.9603022933006287","4.1114343929393726e-8"
"0.3278254568576813","4.1114343929393726e-8"
"0.3630416691303253","65.39998626708984"
"2.8324341773986816","4.1114343929393726e-8"
"0.1817471981048584","3.799999952316284"
"1.4164557456970215","3.5999999046325684"
"0.7892588376998901","4.1114343929393726e-8"
"2.5007050037384033","4.1114343929393726e-8"
"0.40966933965682983","14.899998664855957"
"0.03103463724255562","7.100000381469727"
"0.0596407912671566","4.1114343929393726e-8"
"0.5444000363349915","0.30000001192092896"
"0.3389381766319275","4.1114343929393726e-8"
"0.1788075566291809","4.1114343929393726e-8"
"0","4.1114343929393726e-8"
"0.5527446269989014","4.1114343929393726e-8"
"0.028452303260564804","16.199996948242188"
"0.3090984523296356","24.69999885559082"
"0.15804868936538696","41.89999771118164"
"0.8120225071907043","42.499996185302734"
"0.1678459793329239","19.099998474121094"
"0.04813603684306145","21.899999618530273"
"0.03509541228413582","15.399998664855957"
"0.11598827689886093","4.400000095367432"
"0.026980672031641006","4.1114343929393726e-8"
"0.028459781780838966","22.500003814697266"
"0","4.1114343929393726e-8"
"0.5311182141304016","23.700000762939453"
"0.04359288513660431","16.499998092651367"
"0.49748551845550537","53.499996185302734"
"0.53975510597229","23.700000762939453"
"2.092413902282715","6.59999942779541"
"0.3071543872356415","17.399995803833008"
"0.14804260432720184","62.10001754760742"
"0.22817659378051758","1.2999999523162842"
"0.6057878136634827","4.1114343929393726e-8"
"0.11225966364145279","4.1114343929393726e-8"
"0.2588996887207031","20.499996185302734"
"0.18867935240268707","12.90000057220459"
"1.978105902671814","4.1114343929393726e-8"
"0","4.1114343929393726e-8"
"1.4709769487380981","25.399995803833008"
"0.6839890480041504","12.300000190734863"
"3.780315399169922","8"
"0.6434593200683594","4.1114343929393726e-8"
"0.2035374641418457","4.1114343929393726e-8"
"0.3177167773246765","4.1114343929393726e-8"
"0.32572051882743835","4.1114343929393726e-8"
"0.020539453253149986","4.1114343929393726e-8"
"0.018913760781288147","4.1114343929393726e-8"
"0.2653839886188507","4.1114343929393726e-8"
"3.8173277378082275","4.1114343929393726e-8"
"0.0017386089311912656","4.1114343929393726e-8"
"0.06618676334619522","4.1114343929393726e-8"
"0.2971467673778534","4.1114343929393726e-8"
"1.6271904706954956","4.1114343929393726e-8"
"0.08912579715251923","4.1114343929393726e-8"
"0","4.1114343929393726e-8"
"0","4.1114343929393726e-8"
"0.28486353158950806","4.1114343929393726e-8"
"0.07228603959083557","4.1114343929393726e-8"
"0","4.1114343929393726e-8"
"0","4.1114343929393726e-8"
"1.8973603248596191","4.1114343929393726e-8"
"0.2171003371477127","4.1114343929393726e-8"
"0.0852915570139885","4.1114343929393726e-8"
"0.6537035703659058","4.1114343929393726e-8"
"1.6452839374542236","4.1114343929393726e-8"
"1.3845629692077637","4.1114343929393726e-8"
"0","4.1114343929393726e-8"
"0.13793352246284485","4.1114343929393726e-8"
"1.9455503225326538","4.1114343929393726e-8"
"0","4.1114343929393726e-8"
"0.11420395970344543","4.1114343929393726e-8"
"0","4.1114343929393726e-8"
"2.6621055603027344","4.1114343929393726e-8"
"0.47153085470199585","4.1114343929393726e-8"
"1.5175251960754395","4.1114343929393726e-8"
"1.9558972120285034","4.1114343929393726e-8"
"4.639220237731934","4.1114343929393726e-8"
"3.2818381786346436","4.1114343929393726e-8"
"0.30744829773902893","4.1114343929393726e-8"
"0.3177430033683777","4.1114343929393726e-8"
"1.7665828466415405","4.1114343929393726e-8"
"0.20144006609916687","4.1114343929393726e-8"
"0.3496023416519165","4.1114343929393726e-8"
"0.8231818675994873","4.1114343929393726e-8"
"3.1477837562561035","4.1114343929393726e-8"
"0.3133355975151062","4.1114343929393726e-8"
"2.605006217956543","4.1114343929393726e-8"
"4.575183868408203","3.6999998092651367"
"10.459785461425781","39.899993896484375"
"4.23057746887207","4.1114343929393726e-8"
"0.3507784605026245","4.1114343929393726e-8"
"0.9022024869918823","4.1114343929393726e-8"
"1.0416165590286255","4.1114343929393726e-8"
"0.19808155298233032","4.1114343929393726e-8"
"0.47396355867385864","4.1114343929393726e-8"
"0.4234820008277893","4.1114343929393726e-8"
"2.7890095710754395","4.1114343929393726e-8"
"0.1690913885831833","4.1114343929393726e-8"
"1.9926658868789673","4.1114343929393726e-8"
"5.050678253173828","14.599998474121094"
"3.587022066116333","40.400001525878906"
"1.1070104837417603","4.1114343929393726e-8"
"0.11850876361131668","4.1114343929393726e-8"
"0.01486269012093544","4.1114343929393726e-8"
"0.5051348209381104","4.1114343929393726e-8"
"0.11519553512334824","4.1114343929393726e-8"
"0.21742524206638336","4.1114343929393726e-8"
"0.13741469383239746","4.1114343929393726e-8"
"1.4581807851791382","4.1114343929393726e-8"
"0.26095840334892273","8.600000381469727"
"0.4571648836135864","4.1114343929393726e-8"
"3.7783572673797607","4.1114343929393726e-8"
"3.560354709625244","35.199989318847656"
"0.6910184025764465","30.700000762939453"
"0.11519008129835129","2"
"0.20876985788345337","4.1114343929393726e-8"
"1.0535447597503662","1.899999976158142"
"0.027779625728726387","4.1114343929393726e-8"
"0.19983282685279846","4.1114343929393726e-8"
"0.3766709864139557","4.1114343929393726e-8"
"0.6323186755180359","4.1114343929393726e-8"
"0","4.1114343929393726e-8"
"0.537800133228302","4.1114343929393726e-8"
"2.465290069580078","55.79998016357422"
"4.440213680267334","44.399993896484375"
"0.6302883625030518","10.69999885559082"
"0","4.1114343929393726e-8"
"0.019246624782681465","4.700000286102295"
"0","4.1114343929393726e-8"
"0.10500697791576385","4.1114343929393726e-8"
"0.04107198491692543","4.1114343929393726e-8"
"0","4.1114343929393726e-8"
"0.24742625653743744","4.1114343929393726e-8"
"0.19416604936122894","5.300000190734863"
"1.2439883947372437","27.999990463256836"
"2.475949287414551","0.4000000059604645"
"5.009326457977295","4.700000286102295"
"0.45052823424339294","11.499998092651367"
"0.027988361194729805","16.899999618530273"
"0.1427558958530426","4.1114343929393726e-8"
"0.30820217728614807","13.80000114440918"
"0","2.3999998569488525"
"0","4.1114343929393726e-8"
"0.053543172776699066","4.1114343929393726e-8"
"0.07160257548093796","6.59999942779541"
"0.06933832913637161","4.1114343929393726e-8"
"0.43734049797058105","4.1114343929393726e-8"
"1.7581816911697388","4.1114343929393726e-8"
"4.64354133605957","4.1114343929393726e-8"
"0.0536489263176918","4.1114343929393726e-8"
"0","4.1114343929393726e-8"
"0.47268790006637573","4.1114343929393726e-8"
"0.7596662044525146","4.1114343929393726e-8"
"0.177387073636055","4.1114343929393726e-8"
"0.11785826832056046","4.1114343929393726e-8"
"0","4.1114343929393726e-8"
"0.0056139277294278145","4.1114343929393726e-8"
"0.08099635690450668","4.1114343929393726e-8"
"0.7927504777908325","4.1114343929393726e-8"
"1.9790258407592773","4.1114343929393726e-8"
"1.12632155418396","4.1114343929393726e-8"
"0.34863778948783875","4.1114343929393726e-8"
"0.08317804336547852","4.1114343929393726e-8"
"0","4.1114343929393726e-8"
"0.14736509323120117","4.1114343929393726e-8"
"0.09857431054115295","4.1114343929393726e-8"
"0.009996137581765652","4.1114343929393726e-8"
"0.09334198385477066","4.1114343929393726e-8"
"0.3894183039665222","4.1114343929393726e-8"
"0.03518388792872429","0.8999999761581421"
"0.15532203018665314","4.1114343929393726e-8"
"0.4540788531303406","4.1114343929393726e-8"
"0.7995520234107971","4.1114343929393726e-8"
"0.14869087934494019","4.1114343929393726e-8"
"0","4.1114343929393726e-8"
"0","4.1114343929393726e-8"
"0.05302278324961662","4.1114343929393726e-8"
"0.054539211094379425","4.1114343929393726e-8"
"0","4.1114343929393726e-8"
"0","4.1114343929393726e-8"
"0.27764108777046204","19.999996185302734"
"0.020941004157066345","4.1114343929393726e-8"
"0.0067268358543515205","4.1114343929393726e-8"
"0.18107302486896515","4.1114343929393726e-8"
"1.1966224908828735","4.1114343929393726e-8"
"0.010439430363476276","3.6999998092651367"
"0","4.1114343929393726e-8"
"0","1.100000023841858"
"0","23.499996185302734"
"0","9.699997901916504"
"0","5.999999523162842"
"0","14.599998474121094"
"0","25.099998474121094"
"0.10237360745668411","4.1114343929393726e-8"
"0.48766326904296875","4.1114343929393726e-8"
"0.30404961109161377","4.1114343929393726e-8"
"1.7878094911575317","4.1114343929393726e-8"
"0.22661583125591278","4.1114343929393726e-8"
"0.029841145500540733","4.1114343929393726e-8"
"0","4.1114343929393726e-8"
"0.0191081203520298","4.1114343929393726e-8"
"0.05869842693209648","4.1114343929393726e-8"
"0.4177497923374176","4.1114343929393726e-8"
"0","4.1114343929393726e-8"
"0.2634933590888977","4.1114343929393726e-8"
"0.2732555866241455","4.1114343929393726e-8"
"0.9955589175224304","4.1114343929393726e-8"
"0.8009486198425293","4.1114343929393726e-8"
"1.8133838176727295","4.1114343929393726e-8"
"0","4.1114343929393726e-8"
"0.15610623359680176","4.1114343929393726e-8"
"0","4.1114343929393726e-8"
"0","4.1114343929393726e-8"
"0.15818889439105988","4.1114343929393726e-8"
"0","4.1114343929393726e-8"
"0","4.1114343929393726e-8"
"0.612273097038269","4.1114343929393726e-8"
"0.795332670211792","4.1114343929393726e-8"
"13.717479705810547","8"
"20.073976516723633","4.1114343929393726e-8"
"33.04066848754883","4"
"4.978971481323242","4.1114343929393726e-8"
"2.448709726333618","4.1114343929393726e-8"
"2.058950662612915","4.1114343929393726e-8"
"1.0602855682373047","4.1114343929393726e-8"
"3.565136194229126","4.1114343929393726e-8"
"4.1146087646484375","4.1114343929393726e-8"
"1.1710748672485352","4.1114343929393726e-8"
"2.8884148597717285","4.1114343929393726e-8"
"1.4544990062713623","4.1114343929393726e-8"
"25.917152404785156","58.000003814697266"
"21.2203369140625","4.1114343929393726e-8"
"25.478084564208984","4.1114343929393726e-8"
"14.370077133178711","10.299997329711914"
"2.8759570121765137","11"
"0.9306548833847046","4.1114343929393726e-8"
"4.825959205627441","4.1114343929393726e-8"
"2.5906128883361816","4.1114343929393726e-8"
"1.086935043334961","4.1114343929393726e-8"
"0.7074297666549683","4.1114343929393726e-8"
"0.8323818445205688","4.1114343929393726e-8"
"3.7238481044769287","4.1114343929393726e-8"
"13.020206451416016","4.1114343929393726e-8"
"20.027341842651367","14.000000953674316"
"19.971012115478516","2"
"10.921920776367188","4.1114343929393726e-8"
"2.5694501399993896","4.1114343929393726e-8"
"2.5669498443603516","4.1114343929393726e-8"
"1.896738052368164","4.1114343929393726e-8"
"4.096922874450684","0.5"
"0.977348268032074","4.1114343929393726e-8"
"1.885306715965271","4.1114343929393726e-8"
"2.5844950675964355","4.1114343929393726e-8"
"1.4624192714691162","4.1114343929393726e-8"
"12.985479354858398","29.000001907348633"
"17.88456153869629","40.99999237060547"
"13.187643051147461","27.999990463256836"
"5.293517112731934","2"
"1.8992129564285278","4.1114343929393726e-8"
"2.023862838745117","0.5"
"3.6884419918060303","7.5"
"3.5928964614868164","11.999999046325684"
"2.8614702224731445","2"
"1.7757198810577393","4.1114343929393726e-8"
"4.903818607330322","0.10000001639127731"
"0.8938915729522705","4.1114343929393726e-8"
"8.99627685546875","4.1114343929393726e-8"
"20.437896728515625","4.1114343929393726e-8"
"29.30551528930664","4.1114343929393726e-8"
"3.372274160385132","4.1114343929393726e-8"
"2.039565086364746","4.1114343929393726e-8"
"0.8445475101470947","4.1114343929393726e-8"
"2.383607864379883","2.499999761581421"
"1.9925717115402222","4.1114343929393726e-8"
"1.31764554977417","4.1114343929393726e-8"
"0.7052679061889648","4.1114343929393726e-8"
"2.2896835803985596","4.1114343929393726e-8"
"1.181356430053711","4.1114343929393726e-8"
"10.10171127319336","4.1114343929393726e-8"
"13.038900375366211","4.1114343929393726e-8"
"25.879192352294922","9"
"4.680752277374268","4.1114343929393726e-8"
"0.9987156987190247","4.1114343929393726e-8"
"1.386223554611206","4.1114343929393726e-8"
"3.961703300476074","4.1114343929393726e-8"
"2.6958773136138916","4.1114343929393726e-8"
"1.921499252319336","4.1114343929393726e-8"
"1.3751194477081299","4.1114343929393726e-8"
"1.5102512836456299","4.1114343929393726e-8"
"1.2384138107299805","3"
"6.757101535797119","4.1114343929393726e-8"
"9.520029067993164","0.19999997317790985"
"13.906295776367188","4.1114343929393726e-8"
"4.5274858474731445","10.899999618530273"
"1.5033648014068604","4.1114343929393726e-8"
"0.46661922335624695","4.1114343929393726e-8"
"0.13921140134334564","24.000001907348633"
"1.2755920886993408","4.1114343929393726e-8"
"0.6352993249893188","37"
"0.3070334792137146","4.1114343929393726e-8"
"1.3849482536315918","0.4000000059604645"
"0.6246142387390137","59.9999885559082"
"12.823623657226562","11"
"11.88040542602539","35.999996185302734"
"20.01297378540039","75.30000305175781"
"1.9362963438034058","18"
"1.7173937559127808","8"
"0.9495178461074829","18"
"1.817967414855957","11.999999046325684"
"1.834964394569397","15"
"2.1694130897521973","9"
"0.9435756206512451","19"
"6.530525207519531","56"
"0.5169069766998291","4.1114343929393726e-8"
"13.135831832885742","4.1114343929393726e-8"
"13.89327621459961","4.1114343929393726e-8"
"25.15640640258789","4.1114343929393726e-8"
"3.0203802585601807","10.000000953674316"
"1.7552595138549805","4.1114343929393726e-8"
"1.0051769018173218","4.1114343929393726e-8"
"1.7719125747680664","4.1114343929393726e-8"
"1.5729255676269531","4.1114343929393726e-8"
"1.8000985383987427","4.1114343929393726e-8"
"0.45455101132392883","4.1114343929393726e-8"
"7.349579811096191","4.1114343929393726e-8"
"0.9258415102958679","4.1114343929393726e-8"
"9.641359329223633","4.1114343929393726e-8"
"8.200469017028809","4.1114343929393726e-8"
"15.533761024475098","4.1114343929393726e-8"
"5.983977317810059","4.1114343929393726e-8"
"4.486546993255615","4.1114343929393726e-8"
"0.7239928841590881","4.1114343929393726e-8"
"2.07857608795166","4.1114343929393726e-8"
"1.5530647039413452","4.1114343929393726e-8"
"1.1716201305389404","4.1114343929393726e-8"
"0.8616054654121399","4.1114343929393726e-8"
"6.811526298522949","4.1114343929393726e-8"
"0.035333339124917984","4.1114343929393726e-8"
"1.0037055015563965","4.1114343929393726e-8"
"0.39488622546195984","4.1114343929393726e-8"
"3.1987597942352295","4.1114343929393726e-8"
"0.20519708096981049","4.1114343929393726e-8"
"0","4.1114343929393726e-8"
"0.10736701637506485","4.1114343929393726e-8"
"0.2228219360113144","14.000000953674316"
"0.3219062089920044","3"
"0.5436837673187256","1"
"0.0029413774609565735","4"
"0.6214344501495361","17.199995040893555"
"0","5.999999523162842"
"0.12505507469177246","2"
"0.061369992792606354","0.6000000238418579"
"0.3852039575576782","1.2999999523162842"
"0.09048528969287872","10.000000953674316"
"0","6.100000381469727"
"0","22"
"0.2981097102165222","60.999996185302734"
"0","33"
"0","14.000000953674316"
"0","50.999996185302734"
"0.4396032691001892","64.00001525878906"
"0","4.1114343929393726e-8"
"0.1367914229631424","4.1114343929393726e-8"
"0.03703684359788895","4.1114343929393726e-8"
"0.6624516248703003","0.4000000059604645"
"0.010286405682563782","2.3000001907348633"
"0","0.6000000238418579"
"0","1.100000023841858"
"0.3169577121734619","3.0999996662139893"
"0.04374031722545624","3"
"0.13187026977539062","17.499998092651367"
"0.023091064766049385","5"
"0.5485177040100098","26.999996185302734"
"0.004541886504739523","4.1114343929393726e-8"
"0","10.000000953674316"
"0","3"
"0.8544367551803589","15.999996185302734"
"0.0003766941954381764","4.1114343929393726e-8"
"0","0.30000001192092896"
"0.06025462597608566","4.1114343929393726e-8"
"0.016670243814587593","4.1114343929393726e-8"
"0","4.1114343929393726e-8"
"0.05579511821269989","4.1114343929393726e-8"
"0.07884092628955841","4.1114343929393726e-8"
"0.17854459583759308","4.1114343929393726e-8"
"1.7307158708572388","42.000003814697266"
"20.352088928222656","5.999999523162842"
"21.22146987915039","22"
"30.10253143310547","4.1114343929393726e-8"
"18.857664108276367","11.999999046325684"
"5.80529260635376","15"
"3.5198938846588135","56.999996185302734"
"2.6453933715820312","5"
"3.1170079708099365","75"
"2.4834365844726562","25.999996185302734"
"3.1244781017303467","24.000001907348633"
"11.216652870178223","10.000000953674316"
"1.133880853652954","4.1114343929393726e-8"
"29.095876693725586","4.1114343929393726e-8"
"28.36886978149414","10.000000953674316"
"26.29544448852539","4.1114343929393726e-8"
"13.339110374450684","4.1114343929393726e-8"
"4.457815647125244","0.10000001639127731"
"5.406217098236084","4.1114343929393726e-8"
"9.225773811340332","4.1114343929393726e-8"
"4.53039026260376","4.1114343929393726e-8"
"6.109438419342041","4.1114343929393726e-8"
"2.8159708976745605","4.1114343929393726e-8"
"10.754904747009277","0.10000001639127731"
"1.5533095598220825","4.1114343929393726e-8"
"7.904602527618408","4.1114343929393726e-8"
"4.6634135246276855","4.1114343929393726e-8"
"11.40831470489502","4.1114343929393726e-8"
"5.7532172203063965","4.1114343929393726e-8"
"3.9572200775146484","0.7000000476837158"
"2.225618839263916","4.1114343929393726e-8"
"1.9312552213668823","4.1114343929393726e-8"
"2.3882195949554443","4.1114343929393726e-8"
"1.9516865015029907","4.1114343929393726e-8"
"1.2599430084228516","4.1114343929393726e-8"
"5.6026201248168945","4.1114343929393726e-8"
"0","4.1114343929393726e-8"
"0","4.1114343929393726e-8"
"0","4.1114343929393726e-8"
"0.5608663558959961","4.1114343929393726e-8"
"0.06996823847293854","4.1114343929393726e-8"
"0","4.1114343929393726e-8"
"0","4.1114343929393726e-8"
"0","4.1114343929393726e-8"
"0","4.1114343929393726e-8"
"0","4.1114343929393726e-8"
"0","4.1114343929393726e-8"
"0","4.1114343929393726e-8"
"0","4.1114343929393726e-8"
"0","4.1114343929393726e-8"
"0","4.1114343929393726e-8"
"0","4.1114343929393726e-8"
"0","4.1114343929393726e-8"
"0","4.1114343929393726e-8"
"0","4.1114343929393726e-8"
"0","4.1114343929393726e-8"
"0","4.1114343929393726e-8"
"0","4.1114343929393726e-8"
"0","4.1114343929393726e-8"
"0","4.1114343929393726e-8"
"0","4.1114343929393726e-8"
"0","4.1114343929393726e-8"
"0","4.1114343929393726e-8"
"0.0376652292907238","4.1114343929393726e-8"
"0","4.1114343929393726e-8"
"0","4.1114343929393726e-8"
"0","4.1114343929393726e-8"
"0","4.1114343929393726e-8"
"0","4.1114343929393726e-8"
"0","4.1114343929393726e-8"
"0","4.1114343929393726e-8"
"0","4.1114343929393726e-8"
"0","4.1114343929393726e-8"
"0","0.19999997317790985"
"0.08621181547641754","4.1114343929393726e-8"
"0.3471457064151764","4"
"0","0.30000001192092896"
"0","0.8999999761581421"
"0","4.1114343929393726e-8"
"0","0.800000011920929"
"0","4.1114343929393726e-8"
"0","4.1114343929393726e-8"
"0","0.30000001192092896"
"0","0.4000000059604645"
"0","4.1114343929393726e-8"
"0","1.2999999523162842"
"0","0.800000011920929"
"0.30581972002983093","0.5"
"0","0.4000000059604645"
"0","0.19999997317790985"
"0","4.1114343929393726e-8"
"0","2.3000001907348633"
"0","4.1114343929393726e-8"
"0","4.1114343929393726e-8"
"0","0.7000000476837158"
"0.053081344813108444","6.59999942779541"
"0","4.1114343929393726e-8"
"0","4.1114343929393726e-8"
"0","4.1114343929393726e-8"
"0.10100998729467392","4.1114343929393726e-8"
"0","4.1114343929393726e-8"
"0","4.1114343929393726e-8"
"0","4.1114343929393726e-8"
"0.19136813282966614","4.1114343929393726e-8"
"0","4.1114343929393726e-8"
"0.010063985362648964","4.1114343929393726e-8"
"0","4.1114343929393726e-8"
"0","4.1114343929393726e-8"
"0","4.1114343929393726e-8"
"0.1940906047821045","4.1114343929393726e-8"
"0.09947109967470169","4.1114343929393726e-8"
"1.0788421630859375","4.1114343929393726e-8"
"0","4.1114343929393726e-8"
"0","4.1114343929393726e-8"
"0.009910535998642445","4.1114343929393726e-8"
"0","4.1114343929393726e-8"
"0","4.1114343929393726e-8"
"0","4.1114343929393726e-8"
"0.001714307931251824","4.1114343929393726e-8"
"0","0.30000001192092896"
"0.18828563392162323","4.1114343929393726e-8"
"0.59699547290802","4.1114343929393726e-8"
"0.37048661708831787","0.10000001639127731"
"0.5334450006484985","4.1114343929393726e-8"
"0.049080003052949905","4.1114343929393726e-8"
"0","0.10000001639127731"
"0.19401061534881592","4.1114343929393726e-8"
"0.14735496044158936","15.999996185302734"
"0.38196930289268494","4.1114343929393726e-8"
"0.009731891565024853","4.1114343929393726e-8"
"0","4.1114343929393726e-8"
"0.08738767355680466","4.1114343929393726e-8"
"0.29064008593559265","4.1114343929393726e-8"
"0.3479391038417816","5"
"0.030863068997859955","4.1114343929393726e-8"
"0.33559536933898926","9"
"0.3046337366104126","0.10000001639127731"
"0","4.1114343929393726e-8"
"0.009907405823469162","4"
"0","2"
"0","2"
"0","0.19999997317790985"
"0","4.1114343929393726e-8"
"0.0056382035836577415","0.10000001639127731"
"0.0881846472620964","1"
"0.4896208941936493","4.1114343929393726e-8"
"1.8658381700515747","4.1114343929393726e-8"
"2.1872222423553467","4.1114343929393726e-8"
"0.3042210042476654","5.999999523162842"
"0.2525150179862976","4"
"0.1296997219324112","0.5"
"0.4285558760166168","20.099998474121094"
"0","24.000001907348633"
"0.5117658972740173","3.8999998569488525"
"0.08358467370271683","26.09999656677246"
"0.6711552143096924","22"
"0.865053117275238","4"
"1.5246834754943848","4.1114343929393726e-8"
"2.529541492462158","40.99999237060547"
"5.904333591461182","14.000000953674316"
"0.2188054621219635","15"
"1.0058314800262451","5"
"0.31707510352134705","5.999999523162842"
"0.16245977580547333","3.8999998569488525"
"0.6299629211425781","3"
"0.15929900109767914","2.1000001430511475"
"0.34590715169906616","2.9000000953674316"
"2.2016429901123047","4.1114343929393726e-8"
"0.20097017288208008","4.1114343929393726e-8"
"1.8072757720947266","4.1114343929393726e-8"
"0.3265821635723114","4.1114343929393726e-8"
"4.724970817565918","4.1114343929393726e-8"
"0.26418638229370117","4.1114343929393726e-8"
"0.30426666140556335","4.1114343929393726e-8"
"0","4.1114343929393726e-8"
"0.20670931041240692","4.1114343929393726e-8"
"0.08069324493408203","4.1114343929393726e-8"
"0.40629756450653076","4.1114343929393726e-8"
"0","4.1114343929393726e-8"
"0.1427464336156845","4.1114343929393726e-8"
"0.12490299344062805","4.1114343929393726e-8"
"0.6020147800445557","4.1114343929393726e-8"
"0","4.1114343929393726e-8"
"0.9830783605575562","4.1114343929393726e-8"
"0","4.1114343929393726e-8"
"0.053933583199977875","4.1114343929393726e-8"
"0.018704134970903397","4.1114343929393726e-8"
"0","4.1114343929393726e-8"
"0.010664763860404491","4.1114343929393726e-8"
"0","4.1114343929393726e-8"
"0","4.1114343929393726e-8"
"0.12400931119918823","4.1114343929393726e-8"
"0.034684594720602036","4.1114343929393726e-8"
"0.32007893919944763","4.1114343929393726e-8"
"0.2675958573818207","4.1114343929393726e-8"
"0.7904202938079834","4.1114343929393726e-8"
"0.0694369301199913","4.1114343929393726e-8"
"0.09290830790996552","4.1114343929393726e-8"
"0","4.1114343929393726e-8"
"0","4.1114343929393726e-8"
"0.18530309200286865","4.1114343929393726e-8"
"0.055164117366075516","4.1114343929393726e-8"
"0.09344632178544998","4.1114343929393726e-8"
"0","4.1114343929393726e-8"
"0.20166516304016113","4.1114343929393726e-8"
"0.49768975377082825","4.1114343929393726e-8"
"0.379140704870224","4.1114343929393726e-8"
"1.3263882398605347","4.1114343929393726e-8"
"0.3404320478439331","4.1114343929393726e-8"
"0.015814652666449547","4.1114343929393726e-8"
"0","4.1114343929393726e-8"
"0","4.1114343929393726e-8"
"0","4.1114343929393726e-8"
"0.16811957955360413","4.1114343929393726e-8"
"0","4.1114343929393726e-8"
"0.0960642546415329","4.1114343929393726e-8"
"0.045537855476140976","4.1114343929393726e-8"
"0.22225043177604675","4.400000095367432"
"0.7957371473312378","4.1114343929393726e-8"
"1.4145596027374268","30.799989700317383"
"0.22107400000095367","4.1114343929393726e-8"
"0.21793794631958008","4.1114343929393726e-8"
"0","4.1114343929393726e-8"
"0.0847422331571579","4.1114343929393726e-8"
"0.07517509162425995","4.1114343929393726e-8"
"0","4.1114343929393726e-8"
"0","4.1114343929393726e-8"
"0.08427060395479202","4.1114343929393726e-8"
"0.4978487491607666","34.499996185302734"
"1.9540023803710938","20.899993896484375"
"5.247777462005615","72.79999542236328"
"13.770081520080566","68.39999389648438"
"1.454013705253601","35.39999771118164"
"0.34275174140930176","83.20001220703125"
"0.018991075456142426","53.30000305175781"
"0.54747474193573","59.59999465942383"
"0.5366069674491882","4.1114343929393726e-8"
"0.5919748544692993","4.1114343929393726e-8"
"0.30713263154029846","65.39998626708984"
"1.0644973516464233","4.1114343929393726e-8"
"1.9906387329101562","3.799999952316284"
"10.890666961669922","3.5999999046325684"
"5.118335247039795","4.1114343929393726e-8"
"16.835285186767578","4.1114343929393726e-8"
"2.172379970550537","14.899998664855957"
"1.5258132219314575","7.100000381469727"
"0.4675699472427368","4.1114343929393726e-8"
"0.7480792999267578","0.30000001192092896"
"1.8663725852966309","4.1114343929393726e-8"
"1.1997380256652832","4.1114343929393726e-8"
"1.103630542755127","4.1114343929393726e-8"
"3.4416675567626953","4.1114343929393726e-8"
"1.5452876091003418","16.199996948242188"
"12.584457397460938","24.69999885559082"
"14.521625518798828","41.89999771118164"
"24.233158111572266","42.499996185302734"
"4.52088737487793","19.099998474121094"
"4.978952884674072","21.899999618530273"
"2.1130237579345703","15.399998664855957"
"2.3423519134521484","4.400000095367432"
"1.9954055547714233","4.1114343929393726e-8"
"2.5966567993164062","22.500003814697266"
"1.868253469467163","4.1114343929393726e-8"
"10.622036933898926","23.700000762939453"
"0.5621797442436218","16.499998092651367"
"3.0344998836517334","53.499996185302734"
"8.49174690246582","23.700000762939453"
"12.873738288879395","6.59999942779541"
"1.8991787433624268","17.399995803833008"
"0.5672730207443237","62.10001754760742"
"0.24455295503139496","1.2999999523162842"
"1.7792563438415527","4.1114343929393726e-8"
"0.7262849807739258","4.1114343929393726e-8"
"1.3191304206848145","20.499996185302734"
"0.23271363973617554","12.90000057220459"
"6.178647041320801","4.1114343929393726e-8"
"0.1820477992296219","4.1114343929393726e-8"
"1.4787236452102661","25.399995803833008"
"1.1411031484603882","12.300000190734863"
"3.8722729682922363","8"
"0.7367067337036133","4.1114343929393726e-8"
"0.26099297404289246","4.1114343929393726e-8"
"0.06129173934459686","4.1114343929393726e-8"
"0.3544577956199646","4.1114343929393726e-8"
"0.13708919286727905","4.1114343929393726e-8"
"0.34468182921409607","4.1114343929393726e-8"
"0.29627153277397156","4.1114343929393726e-8"
"1.7069156169891357","4.1114343929393726e-8"
"0.005167239811271429","1.8000000715255737"
"0.043360333889722824","35.199989318847656"
"0","23.599998474121094"
"0.18734526634216309","24.000001907348633"
"0.022550489753484726","8.299999237060547"
"0","7.100000381469727"
"0.01642884872853756","5.999999523162842"
"0.08442889153957367","4.1114343929393726e-8"
"0","4.1114343929393726e-8"
"0.030084680765867233","7"
"0","4.1114343929393726e-8"
"0.06836365163326263","4.1114343929393726e-8"
"0","4.1114343929393726e-8"
"0","17.399995803833008"
"0","4.1114343929393726e-8"
"0","5.200000286102295"
"0","1.600000023841858"
"0","4.1114343929393726e-8"
"0","6.799999237060547"
"0","4.1114343929393726e-8"
"0","17.099994659423828"
"0","7.800000190734863"
"0","1.2999999523162842"
"0","0.8999999761581421"
"0","4.1114343929393726e-8"
"0","47.199989318847656"
"0","4.1114343929393726e-8"
"0","4.1114343929393726e-8"
"0","4.700000286102295"
"0","29.4999942779541"
"0","17.699995040893555"
"0.011308516375720501","13.40000057220459"
"0","22.19999122619629"
"0","62.60000991821289"
"0","1.7000000476837158"
"0.04161360114812851","9.399998664855957"
"0","4.1114343929393726e-8"
"0","20.599994659423828"
"0.03428454324603081","41.19999694824219"
"0.2315485030412674","1.2999999523162842"
"0","4.1114343929393726e-8"
"0","34.899993896484375"
"0","4.1114343929393726e-8"
"0","4.1114343929393726e-8"
"0","4.1114343929393726e-8"
"0","4.1114343929393726e-8"
"0","4.1114343929393726e-8"
"0","4.1114343929393726e-8"
"0.047071900218725204","4.1114343929393726e-8"
"0.6742266416549683","4.1114343929393726e-8"
"1.0874507427215576","14.599998474121094"
"1.355885624885559","40.400001525878906"
"0.3936362862586975","4.1114343929393726e-8"
"0","4.1114343929393726e-8"
"0","4.1114343929393726e-8"
"0.400444895029068","4.1114343929393726e-8"
"0","4.1114343929393726e-8"
"0","4.1114343929393726e-8"
"0","4.1114343929393726e-8"
"1.0008009672164917","4.1114343929393726e-8"
"0.38772550225257874","8.600000381469727"
"1.4657011032104492","4.1114343929393726e-8"
"2.464932918548584","4.1114343929393726e-8"
"3.5992050170898438","35.199989318847656"
"0.40077444911003113","30.700000762939453"
"0","2"
"0.04853369668126106","4.1114343929393726e-8"
"2.7280988693237305","1.899999976158142"
"0.10187237709760666","4.1114343929393726e-8"
"0.17593781650066376","4.1114343929393726e-8"
"0.09772804379463196","4.1114343929393726e-8"
"3.8369076251983643","4.1114343929393726e-8"
"0.9907333254814148","4.1114343929393726e-8"
"5.865177154541016","4.1114343929393726e-8"
"4.220087051391602","55.79998016357422"
"11.986226081848145","44.399993896484375"
"2.3460564613342285","10.69999885559082"
"0.7262176871299744","4.1114343929393726e-8"
"0.8388000726699829","4.700000286102295"
"3.412839651107788","4.1114343929393726e-8"
"1.4146854877471924","4.1114343929393726e-8"
"0.5496753454208374","4.1114343929393726e-8"
"1.6765340566635132","4.1114343929393726e-8"
"3.0451650619506836","4.1114343929393726e-8"
"0.7035496234893799","5.300000190734863"
"6.680732250213623","27.999990463256836"
"5.479671001434326","0.4000000059604645"
"21.88239288330078","4.700000286102295"
"4.85081672668457","11.499998092651367"
"0.3745374381542206","16.899999618530273"
"1.5471076965332031","4.1114343929393726e-8"
"1.6275808811187744","13.80000114440918"
"0.9831989407539368","2.3999998569488525"
"0.8131675720214844","4.1114343929393726e-8"
"0.779872477054596","4.1114343929393726e-8"
"3.3360116481781006","6.59999942779541"
"0.19586621224880219","4.1114343929393726e-8"
"2.288848638534546","4.1114343929393726e-8"
"2.5969607830047607","4.1114343929393726e-8"
"7.64509391784668","4.1114343929393726e-8"
"0.8998347520828247","4.1114343929393726e-8"
"0.06627986580133438","4.1114343929393726e-8"
"0.09166941791772842","4.1114343929393726e-8"
"0.8330742120742798","4.1114343929393726e-8"
"0.20498131215572357","4.1114343929393726e-8"
"0.2651415467262268","4.1114343929393726e-8"
"0.05594087392091751","4.1114343929393726e-8"
"0.5045974850654602","4.1114343929393726e-8"
"0.30814680457115173","4.1114343929393726e-8"
"1.1943310499191284","4.1114343929393726e-8"
"2.2592411041259766","4.1114343929393726e-8"
"9.5155611038208","4.1114343929393726e-8"
"0.7263224124908447","4.1114343929393726e-8"
"0.023882417008280754","4.1114343929393726e-8"
"0.13265137374401093","4.1114343929393726e-8"
"0.3580533564090729","4.1114343929393726e-8"
"0.07106886059045792","4.1114343929393726e-8"
"0.500921368598938","4.1114343929393726e-8"
"0","4.1114343929393726e-8"
"1.4036333560943604","4.1114343929393726e-8"
"0.23140625655651093","0.8999999761581421"
"0.8747562170028687","4.1114343929393726e-8"
"1.2168525457382202","4.1114343929393726e-8"
"5.405819892883301","4.1114343929393726e-8"
"0.12567023932933807","4.1114343929393726e-8"
"0.043695587664842606","4.1114343929393726e-8"
"0","4.1114343929393726e-8"
"0.4486065208911896","4.1114343929393726e-8"
"0.13501308858394623","4.1114343929393726e-8"
"0.01955845206975937","4.1114343929393726e-8"
"0.25927484035491943","4.1114343929393726e-8"
"4.204367637634277","19.999996185302734"
"0.5165708065032959","4.1114343929393726e-8"
"6.457826137542725","4.1114343929393726e-8"
"4.230554580688477","4.1114343929393726e-8"
"13.056129455566406","4.1114343929393726e-8"
"2.1832594871520996","3.6999998092651367"
"3.587885618209839","4.1114343929393726e-8"
"1.8170230388641357","1.100000023841858"
"2.976238489151001","23.499996185302734"
"0.866466224193573","9.699997901916504"
"1.1740702390670776","5.999999523162842"
"1.9548060894012451","14.599998474121094"
"14.048943519592285","25.099998474121094"
"0.9335734844207764","4.1114343929393726e-8"
"4.362120628356934","4.1114343929393726e-8"
"5.970407009124756","4.1114343929393726e-8"
"18.726533889770508","4.1114343929393726e-8"
"3.3702797889709473","4.1114343929393726e-8"
"4.6570868492126465","4.1114343929393726e-8"
"3.975633144378662","4.1114343929393726e-8"
"6.792125701904297","4.1114343929393726e-8"
"0.4512065052986145","4.1114343929393726e-8"
"2.1553196907043457","4.1114343929393726e-8"
"1.286482334136963","4.1114343929393726e-8"
"13.184849739074707","4.1114343929393726e-8"
"0.8799248337745667","4.1114343929393726e-8"
"8.286869049072266","4.1114343929393726e-8"
"5.992384433746338","4.1114343929393726e-8"
"18.548572540283203","4.1114343929393726e-8"
"6.261482238769531","4.1114343929393726e-8"
"4.982908248901367","4.1114343929393726e-8"
"2.1130945682525635","4.1114343929393726e-8"
"4.3184614181518555","4.1114343929393726e-8"
"1.823601245880127","4.1114343929393726e-8"
"1.5925824642181396","4.1114343929393726e-8"
"2.1031479835510254","4.1114343929393726e-8"
"5.670966148376465","4.1114343929393726e-8"
"1.0909940004348755","4.1114343929393726e-8"
"7.178596496582031","4.1114343929393726e-8"
"3.6764793395996094","4.1114343929393726e-8"
"20.46722984313965","4.1114343929393726e-8"
"16.489160537719727","4.1114343929393726e-8"
"1.9870582818984985","4.1114343929393726e-8"
"2.3798727989196777","4.1114343929393726e-8"
"1.404297113418579","4.1114343929393726e-8"
"1.2573573589324951","4.1114343929393726e-8"
"3.7296457290649414","4.1114343929393726e-8"
"0.5872787237167358","4.1114343929393726e-8"
"2.7805774211883545","4.1114343929393726e-8"
"0.832909107208252","4.1114343929393726e-8"
"6.289802074432373","4.1114343929393726e-8"
"3.878872871398926","4.1114343929393726e-8"
"16.655961990356445","4.1114343929393726e-8"
"7.50612211227417","4.1114343929393726e-8"
"3.253675699234009","4.1114343929393726e-8"
"0.5873335599899292","4.1114343929393726e-8"
"1.413961410522461","4.1114343929393726e-8"
"0.6515082120895386","4.1114343929393726e-8"
"0.6084110736846924","4.1114343929393726e-8"
"0.32310715317726135","4.1114343929393726e-8"
"1.3935831785202026","4.1114343929393726e-8"
"1.6061389446258545","2.3999998569488525"
"3.8407630920410156","4.1114343929393726e-8"
"11.451508522033691","4.1114343929393726e-8"
"14.655511856079102","4.1114343929393726e-8"
"4.819726943969727","4.1114343929393726e-8"
"2.7210237979888916","0.8999999761581421"
"4.075900077819824","2.499999761581421"
"1.5785486698150635","4.90000057220459"
"0.6586890816688538","0.5"
"1.8902257680892944","2.9000000953674316"
"0.8564956784248352","4.1114343929393726e-8"
"4.391655921936035","1.1999999284744263"
"0.697452187538147","4.1114343929393726e-8"
"2.3479745388031006","4.1114343929393726e-8"
"5.258896827697754","4.1114343929393726e-8"
"10.085806846618652","4.1114343929393726e-8"
"4.598415374755859","4.1114343929393726e-8"
"0.9229041337966919","4.1114343929393726e-8"
"1.6482104063034058","4.1114343929393726e-8"
"1.1918785572052002","4.1114343929393726e-8"
"1.2175726890563965","4.1114343929393726e-8"
"2.1719183921813965","4.1114343929393726e-8"
"1.146402359008789","4.1114343929393726e-8"
"5.8055548667907715","0.5"
"0.5857000946998596","4.1114343929393726e-8"
"4.986785888671875","4.1114343929393726e-8"
"3.5832407474517822","4.1114343929393726e-8"
"18.798128128051758","4.1114343929393726e-8"
"2.85101580619812","4.1114343929393726e-8"
"0.8346693515777588","4.1114343929393726e-8"
"0.8555818796157837","4.1114343929393726e-8"
"1.6142706871032715","2.499999761581421"
"1.8821344375610352","4.1114343929393726e-8"
"0.6345973610877991","4.1114343929393726e-8"
"0.6784288883209229","4.1114343929393726e-8"
"5.811181545257568","4.1114343929393726e-8"
"0.39295342564582825","4.1114343929393726e-8"
"12.98342514038086","4.1114343929393726e-8"
"4.216708660125732","4.1114343929393726e-8"
"19.721824645996094","9"
"0.8130650520324707","4.1114343929393726e-8"
"0.15197795629501343","4.1114343929393726e-8"
"0.5449061393737793","4.1114343929393726e-8"
"4.8326568603515625","4.1114343929393726e-8"
"1.6739044189453125","4.1114343929393726e-8"
"1.0728449821472168","4.1114343929393726e-8"
"0.8283615708351135","4.1114343929393726e-8"
"4.9176177978515625","4.1114343929393726e-8"
"1.7363572120666504","3"
"6.855807304382324","4.1114343929393726e-8"
"6.734132766723633","0.19999997317790985"
"22.56078338623047","4.1114343929393726e-8"
"4.888897895812988","10.899999618530273"
"4.420730113983154","4.1114343929393726e-8"
"1.8482778072357178","4.1114343929393726e-8"
"3.561375141143799","24.000001907348633"
"2.386199951171875","4.1114343929393726e-8"
"1.697031021118164","37"
"2.368063449859619","4.1114343929393726e-8"
"8.71704387664795","0.4000000059604645"
"0.4952995181083679","59.9999885559082"
"8.629748344421387","11"
"4.996346950531006","35.999996185302734"
"26.363861083984375","75.30000305175781"
"3.9823098182678223","18"
"2.514798164367676","8"
"2.156003475189209","18"
"1.4763935804367065","11.999999046325684"
"1.6429946422576904","15"
"2.34173583984375","9"
"1.0157310962677002","19"
"5.344104766845703","56"
"0.46647897362709045","4.1114343929393726e-8"
"7.077583312988281","4.1114343929393726e-8"
"3.912386655807495","4.1114343929393726e-8"
"21.798297882080078","4.1114343929393726e-8"
"2.8439762592315674","10.000000953674316"
"0.7447042465209961","4.1114343929393726e-8"
"0.327044278383255","4.1114343929393726e-8"
"1.143593430519104","4.1114343929393726e-8"
"0.6915481686592102","4.1114343929393726e-8"
"0.9133011698722839","4.1114343929393726e-8"
"0.42020314931869507","4.1114343929393726e-8"
"1.8737956285476685","4.1114343929393726e-8"
"0.10331203043460846","4.1114343929393726e-8"
"0.732600748538971","4.1114343929393726e-8"
"0.4526199698448181","4.1114343929393726e-8"
"1.696301817893982","4.1114343929393726e-8"
"0.16168510913848877","4.1114343929393726e-8"
"0","4.1114343929393726e-8"
"0.2734016180038452","4.1114343929393726e-8"
"0.06845172494649887","4.1114343929393726e-8"
"0.024223437532782555","4.1114343929393726e-8"
"0.2808488607406616","4.1114343929393726e-8"
"0","4.1114343929393726e-8"
"0.13007470965385437","4.1114343929393726e-8"
"0","4.1114343929393726e-8"
"0","4.1114343929393726e-8"
"0","4.1114343929393726e-8"
"0.17295116186141968","4.1114343929393726e-8"
"0","4.1114343929393726e-8"
"0","4.1114343929393726e-8"
"0","4.1114343929393726e-8"
"0","14.000000953674316"
"0","3"
"0","1"
"0","4"
"0","17.199995040893555"
"0","5.999999523162842"
"0","2"
"0","0.6000000238418579"
"0.017178850248456","1.2999999523162842"
"0","10.000000953674316"
"0","6.100000381469727"
"0","22"
"0","60.999996185302734"
"0","33"
"0","14.000000953674316"
"0","50.999996185302734"
"0","64.00001525878906"
"0.001389555400237441","4.1114343929393726e-8"
"0","4.1114343929393726e-8"
"0","4.1114343929393726e-8"
"0","0.4000000059604645"
"0","2.3000001907348633"
"0","0.6000000238418579"
"0","1.100000023841858"
"0.06833072751760483","3.0999996662139893"
"0.07151193916797638","3"
"0","17.499998092651367"
"0","5"
"0","26.999996185302734"
"0.2617948055267334","4.1114343929393726e-8"
"0","10.000000953674316"
"0.05407701060175896","3"
"0.824549674987793","15.999996185302734"
"0.08839020878076553","4.1114343929393726e-8"
"0","0.30000001192092896"
"0","4.1114343929393726e-8"
"0","4.1114343929393726e-8"
"0","4.1114343929393726e-8"
"0","4.1114343929393726e-8"
"0","4.1114343929393726e-8"
"0.049019601196050644","4.1114343929393726e-8"
"0.05975542962551117","4.1114343929393726e-8"
"0.19639842212200165","5.999999523162842"
"0.10281819850206375","51.999996185302734"
"0.637272834777832","20.999996185302734"
"0","2.1999998092651367"
"0","0.8999999761581421"
"0","40"
"0","54.000003814697266"
"0","23"
"0","0.4000000059604645"
"0","46.99999237060547"
"0.041436485946178436","5.999999523162842"
"0","15.999996185302734"
"0.127658873796463","16.999996185302734"
"0.09849881380796432","7"
"0.32119646668434143","15"
"0","18.799997329711914"
"0","11.100001335144043"
"0","4"
"0","31"
"0","23"
"0","7.600000381469727"
"0","4.1114343929393726e-8"
"0","44.99999237060547"
"0.06491436809301376","4.1114343929393726e-8"
"1.8042490482330322","1"
"1.4987142086029053","9"
"3.8560678958892822","11"
"0.1410769820213318","2"
"0.24491827189922333","20.899993896484375"
"0.23053181171417236","1.100000023841858"
"0.27040237188339233","9"
"0.266074538230896","4.1114343929393726e-8"
"0.7524668574333191","4.1114343929393726e-8"
"0.02345469780266285","4.1114343929393726e-8"
"0.22399187088012695","14.100000381469727"
"2.0286922454833984","15"
"6.603219985961914","9"
"5.166057109832764","2"
"20.91101837158203","3"
"3.9315168857574463","7"
"3.7467081546783447","8"
"1.3727219104766846","11.89999771118164"
"0.24057668447494507","4.1114343929393726e-8"
"2.710275650024414","2"
"0.9734699130058289","2"
"0.24474354088306427","4.1114343929393726e-8"
"1.531596302986145","0.10000001639127731"
"0","4.1114343929393726e-8"
"0","4.1114343929393726e-8"
"0","4.1114343929393726e-8"
"0","4.1114343929393726e-8"
"0","4.1114343929393726e-8"
"0","4.1114343929393726e-8"
"0","4.1114343929393726e-8"
"0","4.1114343929393726e-8"
"0","4.1114343929393726e-8"
"0","4.1114343929393726e-8"
"0","4.1114343929393726e-8"
"0","4.1114343929393726e-8"
"0","4.1114343929393726e-8"
"0","4.1114343929393726e-8"
"0","4.1114343929393726e-8"
"0.24687066674232483","4.1114343929393726e-8"
"0","4.1114343929393726e-8"
"0","4.1114343929393726e-8"
"0","4.1114343929393726e-8"
"0","4.1114343929393726e-8"
"0","4.1114343929393726e-8"
"0","4.1114343929393726e-8"
"0","4.1114343929393726e-8"
"0","4.1114343929393726e-8"
"0","4.1114343929393726e-8"
"0","0.19999997317790985"
"0","4.1114343929393726e-8"
"0.4177134037017822","4"
"0","0.30000001192092896"
"0","0.8999999761581421"
"0","4.1114343929393726e-8"
"0","0.800000011920929"
"0","4.1114343929393726e-8"
"0.10164687037467957","4.1114343929393726e-8"
"0","0.30000001192092896"
"0","0.4000000059604645"
"0.06084207072854042","4.1114343929393726e-8"
"0.16780129075050354","1.2999999523162842"
"0.054022666066884995","0.800000011920929"
"0.35703834891319275","0.5"
"0","0.4000000059604645"
"0.04408826306462288","0.19999997317790985"
"0","4.1114343929393726e-8"
"0","2.3000001907348633"
"0","4.1114343929393726e-8"
"0.05686100199818611","4.1114343929393726e-8"
"0","0.7000000476837158"
"0","6.59999942779541"
"0.06796413660049438","4.1114343929393726e-8"
"0","4.1114343929393726e-8"
"0","4.1114343929393726e-8"
"0.3295181393623352","4.1114343929393726e-8"
"0","4.1114343929393726e-8"
"0","4.1114343929393726e-8"
"0","4.1114343929393726e-8"
"0","4.1114343929393726e-8"
"0","4.1114343929393726e-8"
"0","4.1114343929393726e-8"
"0","4.1114343929393726e-8"
"0","4.1114343929393726e-8"
"0.020004665479063988","4.1114343929393726e-8"
"0.05545264482498169","4.1114343929393726e-8"
"0.036876823753118515","4.1114343929393726e-8"
"1.3304269313812256","4.1114343929393726e-8"
"0","4.1114343929393726e-8"
"0","4.1114343929393726e-8"
"0","4.1114343929393726e-8"
"0","4.1114343929393726e-8"
"0","4.1114343929393726e-8"
"0.07436324656009674","4.1114343929393726e-8"
"0","4.1114343929393726e-8"
"0.006736856885254383","0.30000001192092896"
"0","4.1114343929393726e-8"
"0.1635330468416214","4.1114343929393726e-8"
"0.1661924123764038","0.10000001639127731"
"2.091275453567505","4.1114343929393726e-8"
"0","4.1114343929393726e-8"
"0","0.10000001639127731"
"0","4.1114343929393726e-8"
"0","15.999996185302734"
"0","4.1114343929393726e-8"
"0","4.1114343929393726e-8"
"0","4.1114343929393726e-8"
"0","4.1114343929393726e-8"
"0.06710182130336761","4.1114343929393726e-8"
"1.834736943244934","5"
"0.5083334445953369","4.1114343929393726e-8"
"3.7025678157806396","9"
"0","0.10000001639127731"
"0","4.1114343929393726e-8"
"0","4"
"0","2"
"0.17864209413528442","2"
"0.11492156982421875","0.19999997317790985"
"0","4.1114343929393726e-8"
"0.07810528576374054","0.10000001639127731"
"0.1925041377544403","1"
"0.8560374975204468","4.1114343929393726e-8"
"1.0570814609527588","4.1114343929393726e-8"
"6.854665279388428","4.1114343929393726e-8"
"0.07561974227428436","5.999999523162842"
"0.007998136803507805","4"
"0","0.5"
"0.08311936259269714","20.099998474121094"
"0.3306281864643097","24.000001907348633"
"0.3376064896583557","3.8999998569488525"
"0","26.09999656677246"
"0.4222429394721985","22"
"0.4973621070384979","4"
"1.9280716180801392","4.1114343929393726e-8"
"0.8229417204856873","40.99999237060547"
"5.125594139099121","14.000000953674316"
"0.5720282793045044","15"
"0.1271906942129135","5"
"0.006496740970760584","5.999999523162842"
"0.23411208391189575","3.8999998569488525"
"0.20484097301959991","3"
"0.1669289618730545","2.1000001430511475"
"0.18849848210811615","2.9000000953674316"
"1.7746527194976807","4.1114343929393726e-8"
"0.3823642134666443","2"
"2.8782827854156494","4.1114343929393726e-8"
"0.8662952184677124","56.999996185302734"
"6.6899285316467285","15"
"0.7886641621589661","7.1999993324279785"
"0.5215351581573486","0.4000000059604645"
"0.2843986451625824","42.000003814697266"
"0.5748210549354553","34.99999237060547"
"0.5994491577148438","62.000022888183594"
"0.21361969411373138","19.999996185302734"
"0.29396432638168335","31.9999942779541"
"2.7131757736206055","45.99999237060547"
"0.1409427970647812","31.9999942779541"
"1.3593177795410156","31"
"0.7692020535469055","18"
"5.751714706420898","35.999996185302734"
"0.37703460454940796","56"
"0.20133401453495026","0.30000001192092896"
"0.03409949317574501","18"
"0.7043184041976929","40"
"0.042561013251543045","81.99998474121094"
"0.11677207052707672","11"
"0.10816298425197601","24.000001907348633"
"1.9017322063446045","33"
"0.20115545392036438","0.4000000059604645"
"2.212916851043701","0.7000000476837158"
"1.0107793807983398","2"
"7.650165557861328","4"
"0.895689070224762","0.10000001639127731"
"0.32516729831695557","0.7000000476837158"
"0.3037059009075165","4.1114343929393726e-8"
"0.8705825805664062","11.999999046325684"
"0.22174392640590668","7.1999993324279785"
"0.49883002042770386","2"
"0.37687060236930847","11.999999046325684"
"1.2917581796646118","5.999999523162842"
"0.3528553247451782","0.30000001192092896"
"0.7704949378967285","4.1114343929393726e-8"
"0.891360878944397","4.1114343929393726e-8"
"3.153559684753418","4.1114343929393726e-8"
"0.5455957055091858","3"
"0","1.1999999284744263"
"0","0.5"
"0.0815236046910286","1"
"0.2236880511045456","4.1114343929393726e-8"
"0","1.4999998807907104"
"0","4.1114343929393726e-8"
"0.23921862244606018","10.000000953674316"
"0.12797240912914276","4.1114343929393726e-8"
"0.09179376810789108","4.1114343929393726e-8"
"0.056234654039144516","4.1114343929393726e-8"
"0.8355302810668945","4.1114343929393726e-8"
"0.18723367154598236","4.1114343929393726e-8"
"0","4.1114343929393726e-8"
"0","4.1114343929393726e-8"
"0","4.1114343929393726e-8"
"0","4.1114343929393726e-8"
"0.04746796935796738","4.1114343929393726e-8"
"0","4.1114343929393726e-8"
"0","4.1114343929393726e-8"
"0.04747914522886276","4.1114343929393726e-8"
"0.8614243865013123","4.400000095367432"
"1.0481932163238525","4.1114343929393726e-8"
"3.817129611968994","30.799989700317383"
"0.14351508021354675","4.1114343929393726e-8"
"0.05729997158050537","4.1114343929393726e-8"
"0","4.1114343929393726e-8"
"0.15841424465179443","4.1114343929393726e-8"
"0.16687019169330597","4.1114343929393726e-8"
"0","4.1114343929393726e-8"
"0","4.1114343929393726e-8"
"0","4.1114343929393726e-8"
"0.4172781705856323","34.499996185302734"
"6.449633598327637","20.899993896484375"
"3.112658977508545","72.79999542236328"
"17.756385803222656","68.39999389648438"
"1.0026222467422485","35.39999771118164"
"0.06638015806674957","83.20001220703125"
"0.0021007454488426447","53.30000305175781"
"0.06493981927633286","59.59999465942383"
"0.951836884021759","4.1114343929393726e-8"
"0.2936444878578186","4.1114343929393726e-8"
"0.2609337568283081","65.39998626708984"
"0.27646178007125854","4.1114343929393726e-8"
"1.0698332786560059","3.799999952316284"
"14.210472106933594","3.5999999046325684"
"6.090831279754639","4.1114343929393726e-8"
"13.087757110595703","4.1114343929393726e-8"
"1.1767479181289673","14.899998664855957"
"0.9007889032363892","7.100000381469727"
"0.660133957862854","4.1114343929393726e-8"
"0.5868759751319885","0.30000001192092896"
"1.2561416625976562","4.1114343929393726e-8"
"1.6984896659851074","4.1114343929393726e-8"
"0.604892373085022","4.1114343929393726e-8"
"2.1206531524658203","4.1114343929393726e-8"
"0.5520550608634949","16.199996948242188"
"11.938287734985352","24.69999885559082"
"9.690112113952637","41.89999771118164"
"23.733633041381836","42.499996185302734"
"4.4781951904296875","19.099998474121094"
"4.497763633728027","21.899999618530273"
"1.3791009187698364","15.399998664855957"
"1.3573836088180542","4.400000095367432"
"1.9215874671936035","4.1114343929393726e-8"
"1.971578598022461","22.500003814697266"
"1.3116698265075684","4.1114343929393726e-8"
"3.7525269985198975","23.700000762939453"
"0.9237670302391052","16.499998092651367"
"8.086380004882812","53.499996185302734"
"10.495491027832031","23.700000762939453"
"18.39349365234375","6.59999942779541"
"2.477240562438965","17.399995803833008"
"1.292910099029541","62.10001754760742"
"2.815739393234253","1.2999999523162842"
"0.6658381819725037","4.1114343929393726e-8"
"1.1779448986053467","4.1114343929393726e-8"
"2.569563865661621","20.499996185302734"
"1.0447449684143066","12.90000057220459"
"1.2970192432403564","4.1114343929393726e-8"
"0.15380433201789856","4.1114343929393726e-8"
"3.032907724380493","25.399995803833008"
"3.297764301300049","12.300000190734863"
"9.666050910949707","8"
"0.9415224194526672","4.1114343929393726e-8"
"0.6090443730354309","4.1114343929393726e-8"
"0.09584254026412964","4.1114343929393726e-8"
"0.22128741443157196","4.1114343929393726e-8"
"0.3826332688331604","4.1114343929393726e-8"
"0.5901995301246643","4.1114343929393726e-8"
"0.2988545596599579","4.1114343929393726e-8"
"0.1356169730424881","4.1114343929393726e-8"
"0.34144341945648193","1.8000000715255737"
"2.422243118286133","35.199989318847656"
"0.8848660588264465","23.599998474121094"
"10.541731834411621","24.000001907348633"
"0.7248247861862183","8.299999237060547"
"0.13540248572826385","7.100000381469727"
"0.37417757511138916","5.999999523162842"
"0.25311970710754395","4.1114343929393726e-8"
"0.141852468252182","4.1114343929393726e-8"
"0.560090184211731","7"
"0.08208884298801422","4.1114343929393726e-8"
"0.6478555798530579","4.1114343929393726e-8"
"0.2110598385334015","4.1114343929393726e-8"
"0.40371501445770264","17.399995803833008"
"0.586258053779602","4.1114343929393726e-8"
"1.0325570106506348","5.200000286102295"
"0","1.600000023841858"
"0","4.1114343929393726e-8"
"0","6.799999237060547"
"0.7654848694801331","4.1114343929393726e-8"
"0","17.099994659423828"
"0.15473781526088715","7.800000190734863"
"0","1.2999999523162842"
"0.4195414185523987","0.8999999761581421"
"0","4.1114343929393726e-8"
"0.34640538692474365","47.199989318847656"
"0.567763090133667","4.1114343929393726e-8"
"0.954759955406189","4.1114343929393726e-8"
"0.23090805113315582","4.700000286102295"
"0.025443973019719124","29.4999942779541"
"0","17.699995040893555"
"0.1682346761226654","13.40000057220459"
"0","22.19999122619629"
"0","62.60000991821289"
"0.12893827259540558","1.7000000476837158"
"0.5864546298980713","9.399998664855957"
"0.1865551620721817","4.1114343929393726e-8"
"0.1974683552980423","20.599994659423828"
"0.05241865664720535","41.19999694824219"
"0.6675884127616882","1.2999999523162842"
"0.20290900766849518","4.1114343929393726e-8"
"0","34.899993896484375"
"0.05580078437924385","4.1114343929393726e-8"
"0.322208434343338","4.1114343929393726e-8"
"0","4.1114343929393726e-8"
"0.025824768468737602","4.1114343929393726e-8"
"0","4.1114343929393726e-8"
"0.27948781847953796","4.1114343929393726e-8"
"0.045263998210430145","4.1114343929393726e-8"
"0.1614346206188202","4"
"0.13986875116825104","42.699989318847656"
"1.1973261833190918","4.700000286102295"
"0.12112227827310562","4.1114343929393726e-8"
"0.020931754261255264","4.1114343929393726e-8"
"0","4.1114343929393726e-8"
"0.3964439034461975","4.1114343929393726e-8"
"0","4.1114343929393726e-8"
"0","4.1114343929393726e-8"
"0","4.1114343929393726e-8"
"0.411103218793869","4.1114343929393726e-8"
"0.1608572006225586","4.1114343929393726e-8"
"0.4337940216064453","4.1114343929393726e-8"
"0.40857619047164917","4.1114343929393726e-8"
"2.5029659271240234","4.1114343929393726e-8"
"0.48111069202423096","4.1114343929393726e-8"
"0.013122118078172207","4.1114343929393726e-8"
"0.17988523840904236","4.1114343929393726e-8"
"0.31936532258987427","4.1114343929393726e-8"
"0.0548173189163208","4.1114343929393726e-8"
"0.3050328195095062","4.1114343929393726e-8"
"0.11297038197517395","4.1114343929393726e-8"
"0.8064008951187134","4.1114343929393726e-8"
"0.005577005911618471","4.1114343929393726e-8"
"0.23452474176883698","4.1114343929393726e-8"
"0.6557362079620361","4.1114343929393726e-8"
"1.4028964042663574","4.1114343929393726e-8"
"0","14.599998474121094"
"0","4.1114343929393726e-8"
"0.05844257399439812","9.599998474121094"
"0","11.100001335144043"
"0","4.1114343929393726e-8"
"0","4.1114343929393726e-8"
"0","1.2999999523162842"
"0.7576718330383301","19.199996948242188"
"0.5407034754753113","5.300000190734863"
"7.485663890838623","27.999990463256836"
"4.62656307220459","0.4000000059604645"
"22.17814826965332","4.700000286102295"
"4.216646194458008","11.499998092651367"
"0.24667248129844666","16.899999618530273"
"1.3321644067764282","4.1114343929393726e-8"
"1.886336088180542","13.80000114440918"
"1.3090875148773193","2.3999998569488525"
"1.0379940271377563","4.1114343929393726e-8"
"0.8498290777206421","4.1114343929393726e-8"
"3.9341042041778564","6.59999942779541"
"0.21855667233467102","4.1114343929393726e-8"
"5.183399200439453","4.1114343929393726e-8"
"3.7986559867858887","4.1114343929393726e-8"
"11.853869438171387","4.1114343929393726e-8"
"1.2421289682388306","4.1114343929393726e-8"
"0","4.1114343929393726e-8"
"0.5203984379768372","4.1114343929393726e-8"
"3.6307899951934814","4.1114343929393726e-8"
"0.3347659409046173","4.1114343929393726e-8"
"0.28580936789512634","4.1114343929393726e-8"
"0.20183442533016205","4.1114343929393726e-8"
"0.9665659666061401","4.1114343929393726e-8"
"0.2513140141963959","4.1114343929393726e-8"
"2.798590660095215","4.1114343929393726e-8"
"7.6664323806762695","4.1114343929393726e-8"
"6.759983539581299","4.1114343929393726e-8"
"2.678229808807373","4.1114343929393726e-8"
"0.3594362139701843","4.1114343929393726e-8"
"0.48688507080078125","4.1114343929393726e-8"
"0.9606549143791199","4.1114343929393726e-8"
"0.2998775839805603","4.1114343929393726e-8"
"0.7449012398719788","4.1114343929393726e-8"
"0.37605205178260803","4.1114343929393726e-8"
"1.6345834732055664","4.1114343929393726e-8"
"0.263782799243927","0.8999999761581421"
"1.307769536972046","4.1114343929393726e-8"
"6.240679740905762","4.1114343929393726e-8"
"8.752702713012695","4.1114343929393726e-8"
"0.8763483762741089","4.1114343929393726e-8"
"0.5987501740455627","4.1114343929393726e-8"
"0.39975446462631226","4.1114343929393726e-8"
"0.6997060775756836","4.1114343929393726e-8"
"0.017826326191425323","4.1114343929393726e-8"
"0.17974916100502014","4.1114343929393726e-8"
"0.2394617348909378","4.1114343929393726e-8"
"2.046863317489624","19.999996185302734"
"0.10417333245277405","4.1114343929393726e-8"
"1.7744042873382568","4.1114343929393726e-8"
"5.613716125488281","4.1114343929393726e-8"
"8.782670021057129","4.1114343929393726e-8"
"0.81047123670578","3.6999998092651367"
"0.2569493055343628","4.1114343929393726e-8"
"0.30342820286750793","1.100000023841858"
"0.6519473195075989","23.499996185302734"
"0.24632826447486877","9.699997901916504"
"0.5879308581352234","5.999999523162842"
"0.1516977846622467","14.599998474121094"
"2.619170665740967","25.099998474121094"
"0.2662479281425476","4.1114343929393726e-8"
"3.5222854614257812","4.1114343929393726e-8"
"2.6315598487854004","4.1114343929393726e-8"
"10.027982711791992","4.1114343929393726e-8"
"0.40468475222587585","4.1114343929393726e-8"
"0.07502225786447525","4.1114343929393726e-8"
"0.35507816076278687","4.1114343929393726e-8"
"3.957812786102295","4.1114343929393726e-8"
"0.4268847107887268","4.1114343929393726e-8"
"0.542834997177124","4.1114343929393726e-8"
"1.0881412029266357","4.1114343929393726e-8"
"2.484739065170288","4.1114343929393726e-8"
"0.1264631748199463","4.1114343929393726e-8"
"2.6411702632904053","4.1114343929393726e-8"
"1.5534716844558716","4.1114343929393726e-8"
"4.4390549659729","4.1114343929393726e-8"
"0.6746511459350586","4.1114343929393726e-8"
"0.10837562382221222","4.1114343929393726e-8"
"0.14055271446704865","4.1114343929393726e-8"
"0.16145074367523193","4.1114343929393726e-8"
"0.1884015053510666","4.1114343929393726e-8"
"0.09693022072315216","4.1114343929393726e-8"
"0.16156180202960968","4.1114343929393726e-8"
"1.8010780811309814","4.1114343929393726e-8"
"0.08768235146999359","4.1114343929393726e-8"
"0.35678768157958984","4.1114343929393726e-8"
"0.33807694911956787","4.1114343929393726e-8"
"1.588268756866455","4.1114343929393726e-8"
"0.2656453251838684","4.1114343929393726e-8"
"0","4.1114343929393726e-8"
"0","4.1114343929393726e-8"
"0.16705507040023804","4.1114343929393726e-8"
"0.016661638393998146","4.1114343929393726e-8"
"0","4.1114343929393726e-8"
"0.016093511134386063","4.1114343929393726e-8"
"0.5070597529411316","4.1114343929393726e-8"
"0.08000249415636063","4.1114343929393726e-8"
"0","4.1114343929393726e-8"
"0.1379290372133255","4.1114343929393726e-8"
"1.1205259561538696","4.1114343929393726e-8"
"0","4.1114343929393726e-8"
"0","4.1114343929393726e-8"
"0","4.1114343929393726e-8"
"0.09911052882671356","4.1114343929393726e-8"
"0","4.1114343929393726e-8"
"0","4.1114343929393726e-8"
"0","4.1114343929393726e-8"
"0.305330365896225","4.1114343929393726e-8"
"0.10014722496271133","2.3999998569488525"
"0.10579729825258255","4.1114343929393726e-8"
"0.5057509541511536","4.1114343929393726e-8"
"1.9752691984176636","4.1114343929393726e-8"
"0.07343357056379318","4.1114343929393726e-8"
"0","0.8999999761581421"
"0","2.499999761581421"
"0.10099121928215027","4.90000057220459"
"0","0.5"
"0","2.9000000953674316"
"0.11574584990739822","4.1114343929393726e-8"
"0.8622985482215881","1.1999999284744263"
"0.30752044916152954","4.1114343929393726e-8"
"0.7068582773208618","4.1114343929393726e-8"
"0.48447781801223755","4.1114343929393726e-8"
"1.2107301950454712","4.1114343929393726e-8"
"0.13292847573757172","4.1114343929393726e-8"
"0.10600276291370392","4.1114343929393726e-8"
"0.06892971694469452","4.1114343929393726e-8"
"0.273172527551651","4.1114343929393726e-8"
"0.10768420994281769","4.1114343929393726e-8"
"0.005893163848668337","4.1114343929393726e-8"
"0","4.1114343929393726e-8"
"1.1167492866516113","0.5"
"0.24989138543605804","4.1114343929393726e-8"
"1.1428766250610352","4.1114343929393726e-8"
"0.6177456378936768","34.29999542236328"
"4.332566261291504","14.899998664855957"
"0.28035423159599304","4.1114343929393726e-8"
"0.206655353307724","4.1114343929393726e-8"
"0.046372950077056885","4.1114343929393726e-8"
"0.6711587905883789","4.1114343929393726e-8"
"0.04249141737818718","4.1114343929393726e-8"
"0.045282937586307526","4.1114343929393726e-8"
"0","4.1114343929393726e-8"
"2.150132656097412","4.1114343929393726e-8"
"0.30572283267974854","19.700000762939453"
"6.71469783782959","10.899999618530273"
"3.996757984161377","2.3000001907348633"
"13.113243103027344","4.1114343929393726e-8"
"2.1485042572021484","4.1114343929393726e-8"
"0.598819375038147","4.1114343929393726e-8"
"1.743869423866272","4.1114343929393726e-8"
"2.0642518997192383","4.1114343929393726e-8"
"0.7561805248260498","4.1114343929393726e-8"
"1.613213300704956","4.1114343929393726e-8"
"1.002253532409668","4.1114343929393726e-8"
"4.864107131958008","4.1114343929393726e-8"
"0.6434119939804077","4.1114343929393726e-8"
"3.7466533184051514","4.1114343929393726e-8"
"4.383566379547119","4.1114343929393726e-8"
"14.243497848510742","4.1114343929393726e-8"
"2.79312801361084","4.1114343929393726e-8"
"0.8423690795898438","4.1114343929393726e-8"
"1.0367146730422974","7"
"0.8464450240135193","4.1114343929393726e-8"
"0.727262020111084","0.5"
"0.468955397605896","4.1114343929393726e-8"
"0.4263700246810913","0.5"
"1.3302348852157593","2.499999761581421"
"2.1104812622070312","59.9999885559082"
"8.796442985534668","11"
"4.491989612579346","35.999996185302734"
"28.891836166381836","75.30000305175781"
"14.483739852905273","18"
"3.120173692703247","8"
"2.2391905784606934","18"
"2.337948799133301","11.999999046325684"
"1.746324062347412","15"
"1.7828000783920288","9"
"0.9890556335449219","19"
"5.824862957000732","56"
"0.7192703485488892","4.1114343929393726e-8"
"10.80810546875","4.1114343929393726e-8"
"17.260705947875977","4.1114343929393726e-8"
"21.413137435913086","4.1114343929393726e-8"
"3.1845695972442627","10.000000953674316"
"0.24255870282649994","4.1114343929393726e-8"
"1.5275721549987793","4.1114343929393726e-8"
"6.942103385925293","4.1114343929393726e-8"
"0.6971476078033447","4.1114343929393726e-8"
"0.9881543517112732","4.1114343929393726e-8"
"0.7487553358078003","4.1114343929393726e-8"
"2.224482297897339","4.1114343929393726e-8"
"0.09516201913356781","4.1114343929393726e-8"
"1.618340015411377","4.1114343929393726e-8"
"1.9008218050003052","4.1114343929393726e-8"
"2.7378132343292236","4.1114343929393726e-8"
"0.5735416412353516","4.1114343929393726e-8"
"0.18705663084983826","4.1114343929393726e-8"
"0.11714689433574677","4.1114343929393726e-8"
"0.34144127368927","4.1114343929393726e-8"
"0.3207430839538574","4.1114343929393726e-8"
"0.2545594274997711","4.1114343929393726e-8"
"0.15367546677589417","4.1114343929393726e-8"
"1.1499989032745361","4.1114343929393726e-8"
"0","4.1114343929393726e-8"
"0","4.1114343929393726e-8"
"0.061064478009939194","4.1114343929393726e-8"
"0.31724366545677185","4.1114343929393726e-8"
"0","4.1114343929393726e-8"
"0.03534235060214996","4.1114343929393726e-8"
"0","4.1114343929393726e-8"
"0","14.000000953674316"
"0","3"
"0.11408509314060211","1"
"0","4"
"0.0052711935713887215","17.199995040893555"
"0","5.999999523162842"
"0","2"
"0","0.6000000238418579"
"0.12804071605205536","1.2999999523162842"
"0","10.000000953674316"
"0","6.100000381469727"
"0","22"
"0","60.999996185302734"
"0","33"
"0","14.000000953674316"
"0","50.999996185302734"
"0","64.00001525878906"
"0","4.1114343929393726e-8"
"0","4.1114343929393726e-8"
"0","4.1114343929393726e-8"
"0.2096007913351059","0.4000000059604645"
"0","2.3000001907348633"
"0","0.6000000238418579"
"0","1.100000023841858"
"0.06973899155855179","3.0999996662139893"
"0","3"
"0","17.499998092651367"
"0","5"
"0.17283350229263306","26.999996185302734"
"0","4.1114343929393726e-8"
"0.00010763329191831872","10.000000953674316"
"0.19211603701114655","3"
"1.2621623277664185","15.999996185302734"
"0","4.1114343929393726e-8"
"0","0.30000001192092896"
"0","4.1114343929393726e-8"
"0","4.1114343929393726e-8"
"0","4.1114343929393726e-8"
"0","4.1114343929393726e-8"
"0","4.1114343929393726e-8"
"0.4241207540035248","4.1114343929393726e-8"
"0","4.1114343929393726e-8"
"0.5671724081039429","5.999999523162842"
"0.15884441137313843","51.999996185302734"
"1.2528586387634277","20.999996185302734"
"0.04023498296737671","2.1999998092651367"
"0.10770983248949051","0.8999999761581421"
"0.059653107076883316","40"
"0.42091429233551025","54.000003814697266"
"0","23"
"0","0.4000000059604645"
"0.018871977925300598","46.99999237060547"
"0.9769764542579651","5.999999523162842"
"0.19884160161018372","15.999996185302734"
"0.10059347748756409","16.999996185302734"
"0.15524476766586304","7"
"4.576071739196777","15"
"0.3741181492805481","18.799997329711914"
"0","11.100001335144043"
"0","4"
"0.8816642165184021","31"
"0.17286838591098785","23"
"0.14754769206047058","7.600000381469727"
"0","4.1114343929393726e-8"
"0.3107506036758423","44.99999237060547"
"0.18386250734329224","4.1114343929393726e-8"
"1.0477261543273926","1"
"0.7320823073387146","9"
"0.9612468481063843","11"
"0.831066906452179","2"
"0.010492431931197643","20.899993896484375"
"0.052128322422504425","1.100000023841858"
"0.05246325582265854","9"
"0","4.1114343929393726e-8"
"0.011777231469750404","4.1114343929393726e-8"
"0.1304590404033661","4.1114343929393726e-8"
"0.130956768989563","14.100000381469727"
"0.27309390902519226","15"
"0.049698106944561005","9"
"0.10080519318580627","2"
"0.37502697110176086","3"
"0.1033872663974762","7"
"0","8"
"0.12973426282405853","11.89999771118164"
"0","4.1114343929393726e-8"
"0.01365305669605732","2"
"0","2"
"0","4.1114343929393726e-8"
"0.07707850635051727","0.10000001639127731"
"0.026772385463118553","14.000000953674316"
"0","25.999996185302734"
"0.012910725548863411","2.1000001430511475"
"0.15887176990509033","1"
"0","19"
"0","4.1114343929393726e-8"
"0","22.299997329711914"
"0","25.999996185302734"
"0","40.99999237060547"
"0","4.1114343929393726e-8"
"0","52.09999084472656"
"0.025644531473517418","2"
"0","49.9999885559082"
"0","59.9999885559082"
"0","91.90000915527344"
"0.20085014402866364","77.99998474121094"
"0","107.00000762939453"
"0","7"
"0","18"
"0","3"
"0","2"
"0.0019439070019870996","3"
"0","1.100000023841858"
"0.013810096308588982","0.5"
"0","3"
"0","4.1114343929393726e-8"
"0","4.099999904632568"
"0.006107288878411055","20.999996185302734"
"0","8"
"0","1.899999976158142"
"0","19.999996185302734"
"0","0.10000001639127731"
"0","7"
"0","4"
"0","4.1114343929393726e-8"
"0","33.59999465942383"
"0.004762910772114992","4.1114343929393726e-8"
"0","1.2999999523162842"
"0","0.800000011920929"
"0.38032054901123047","0.5"
"0","0.4000000059604645"
"0","0.19999997317790985"
"0","4.1114343929393726e-8"
"0","2.3000001907348633"
"0","4.1114343929393726e-8"
"0","4.1114343929393726e-8"
"0","0.7000000476837158"
"0","6.59999942779541"
"0","4.1114343929393726e-8"
"0.22659485042095184","4.1114343929393726e-8"
"0","4.1114343929393726e-8"
"0.36290475726127625","4.1114343929393726e-8"
"0","4.1114343929393726e-8"
"0","4.1114343929393726e-8"
"0","4.1114343929393726e-8"
"0.14373934268951416","4.1114343929393726e-8"
"0","4.1114343929393726e-8"
"0.023247675970196724","4.1114343929393726e-8"
"0","4.1114343929393726e-8"
"0.017477914690971375","4.1114343929393726e-8"
"0","4.1114343929393726e-8"
"0.6208564043045044","4.1114343929393726e-8"
"0","4.1114343929393726e-8"
"0.7179155349731445","4.1114343929393726e-8"
"0","4.1114343929393726e-8"
"0","4.1114343929393726e-8"
"0","4.1114343929393726e-8"
"0","4.1114343929393726e-8"
"0.01913108304142952","4.1114343929393726e-8"
"0","4.1114343929393726e-8"
"0","4.1114343929393726e-8"
"0.09885375201702118","0.30000001192092896"
"0.26245221495628357","4.1114343929393726e-8"
"1.6749933958053589","4.1114343929393726e-8"
"0.5672552585601807","0.10000001639127731"
"3.942709445953369","4.1114343929393726e-8"
"0.12447014451026917","4.1114343929393726e-8"
"0","0.10000001639127731"
"0","4.1114343929393726e-8"
"0.3583676218986511","15.999996185302734"
"0.02601414918899536","4.1114343929393726e-8"
"0","4.1114343929393726e-8"
"0.05341042950749397","4.1114343929393726e-8"
"0.5839356780052185","4.1114343929393726e-8"
"0.050251469016075134","4.1114343929393726e-8"
"1.5688260793685913","5"
"0.6327540874481201","4.1114343929393726e-8"
"3.7423253059387207","9"
"0.008759775198996067","0.10000001639127731"
"0.00807263981550932","4.1114343929393726e-8"
"0","4"
"0.7485020160675049","2"
"0.07496119290590286","2"
"0.0093260882422328","0.19999997317790985"
"0.15372470021247864","4.1114343929393726e-8"
"1.0152159929275513","0.10000001639127731"
"0.045399390161037445","1"
"0.8732987642288208","4.1114343929393726e-8"
"0.8532426357269287","4.1114343929393726e-8"
"3.6033473014831543","4.1114343929393726e-8"
"0.27511313557624817","5.999999523162842"
"0.01416626013815403","4"
"0","0.5"
"1.267846941947937","20.099998474121094"
"0.2183046042919159","24.000001907348633"
"0.6572763919830322","3.8999998569488525"
"0.21248018741607666","26.09999656677246"
"1.2496119737625122","22"
"0.2681334912776947","4"
"1.294092059135437","4.1114343929393726e-8"
"1.368567943572998","40.99999237060547"
"2.4115867614746094","14.000000953674316"
"0.38754114508628845","15"
"0.11371468007564545","5"
"0","5.999999523162842"
"0.08612635731697083","3.8999998569488525"
"0.32664406299591064","3"
"0.210320383310318","2.1000001430511475"
"0.1654389500617981","2.9000000953674316"
"1.7188817262649536","4.1114343929393726e-8"
"0.20054790377616882","2"
"1.678802728652954","4.1114343929393726e-8"
"0.5239886045455933","56.999996185302734"
"4.328802108764648","15"
"0.5595855712890625","7.1999993324279785"
"0.8608306050300598","0.4000000059604645"
"0.2546401917934418","42.000003814697266"
"0.8987917900085449","34.99999237060547"
"0.1986238956451416","62.000022888183594"
"0.8715099692344666","19.999996185302734"
"0.7951957583427429","31.9999942779541"
"3.1858997344970703","45.99999237060547"
"0.35279643535614014","31.9999942779541"
"0.9974686503410339","31"
"0.49026036262512207","18"
"5.556968688964844","35.999996185302734"
"0.7633240222930908","56"
"0.2978653609752655","0.30000001192092896"
"0.40155836939811707","18"
"3.091956853866577","40"
"0.4834485650062561","81.99998474121094"
"0.583356499671936","11"
"0.21799027919769287","24.000001907348633"
"1.6489999294281006","33"
"0.5728700160980225","0.4000000059604645"
"4.082556247711182","0.7000000476837158"
"1.07295823097229","2"
"1.9237953424453735","4"
"3.5907540321350098","0.10000001639127731"
"0.8906875252723694","0.7000000476837158"
"0.5740929841995239","4.1114343929393726e-8"
"1.1534864902496338","11.999999046325684"
"0.3359884023666382","7.1999993324279785"
"0.5425838828086853","2"
"0.8672515153884888","11.999999046325684"
"1.2181808948516846","5.999999523162842"
"1.071567177772522","0.30000001192092896"
"0.7192676663398743","4.1114343929393726e-8"
"2.2867307662963867","4.1114343929393726e-8"
"9.422393798828125","4.1114343929393726e-8"
"4.501069068908691","3"
"2.2641475200653076","1.1999999284744263"
"1.524733304977417","0.5"
"1.180751085281372","1"
"0.17967084050178528","4.1114343929393726e-8"
"1.0278244018554688","1.4999998807907104"
"0.8095362186431885","4.1114343929393726e-8"
"1.019436240196228","10.000000953674316"
"0.6139818429946899","4.1114343929393726e-8"
"4.315344333648682","4.1114343929393726e-8"
"6.878937244415283","4.1114343929393726e-8"
"17.457284927368164","4.1114343929393726e-8"
"4.33163595199585","4.1114343929393726e-8"
"1.9648468494415283","4.1114343929393726e-8"
"0.7269877195358276","0.10000001639127731"
"1.4757544994354248","0.10000001639127731"
"0.3270213007926941","0.6000000238418579"
"0.7352206707000732","4.1114343929393726e-8"
"0.5394708514213562","0.19999997317790985"
"1.9744153022766113","10.199997901916504"
"1.616931438446045","4.1114343929393726e-8"
"14.130393981933594","4.1114343929393726e-8"
"14.059990882873535","4.1114343929393726e-8"
"24.12038230895996","4.1114343929393726e-8"
"8.642650604248047","4.1114343929393726e-8"
"5.20367431640625","4.1114343929393726e-8"
"3.6625852584838867","4.1114343929393726e-8"
"1.9818729162216187","4.1114343929393726e-8"
"1.9839413166046143","4.1114343929393726e-8"
"4.272446632385254","2"
"2.9171605110168457","4.1114343929393726e-8"
"3.3134286403656006","0.800000011920929"
"1.8897024393081665","4.1114343929393726e-8"
"12.923181533813477","0.4000000059604645"
"11.372930526733398","4.1114343929393726e-8"
"15.835246086120605","2"
"13.153858184814453","4.1114343929393726e-8"
"4.118150234222412","4.1114343929393726e-8"
"1.4933218955993652","4.1114343929393726e-8"
"0.3482345640659332","5.999999523162842"
"1.880388617515564","4.1114343929393726e-8"
"1.5966874361038208","4.1114343929393726e-8"
"0.6047994494438171","4.1114343929393726e-8"
"2.2630038261413574","5.999999523162842"
"3.190734386444092","16.199996948242188"
"22.773130416870117","24.69999885559082"
"19.852169036865234","41.89999771118164"
"32.41910171508789","42.499996185302734"
"8.812570571899414","19.099998474121094"
"10.561746597290039","21.899999618530273"
"3.311478614807129","15.399998664855957"
"1.7335641384124756","4.400000095367432"
"3.036287784576416","4.1114343929393726e-8"
"5.20277214050293","22.500003814697266"
"1.9825085401535034","4.1114343929393726e-8"
"11.882466316223145","23.700000762939453"
"0.9801698923110962","16.499998092651367"
"21.57329559326172","53.499996185302734"
"17.25995635986328","23.700000762939453"
"42.56103515625","6.59999942779541"
"5.876394271850586","17.399995803833008"
"3.277663469314575","62.10001754760742"
"2.3261988162994385","1.2999999523162842"
"5.70107889175415","4.1114343929393726e-8"
"3.865934133529663","4.1114343929393726e-8"
"6.26168155670166","20.499996185302734"
"1.5431773662567139","12.90000057220459"
"7.9697465896606445","4.1114343929393726e-8"
"2.8795325756073","4.1114343929393726e-8"
"14.889668464660645","25.399995803833008"
"21.2236328125","12.300000190734863"
"25.7592830657959","8"
"11.448552131652832","4.1114343929393726e-8"
"6.3870015144348145","4.1114343929393726e-8"
"1.734879970550537","4.1114343929393726e-8"
"3.2454051971435547","4.1114343929393726e-8"
"7.194800853729248","4.1114343929393726e-8"
"3.6843485832214355","4.1114343929393726e-8"
"2.9377036094665527","4.1114343929393726e-8"
"4.958616256713867","4.1114343929393726e-8"
"1.6950488090515137","1.8000000715255737"
"19.215063095092773","35.199989318847656"
"18.3072452545166","23.599998474121094"
"19.96733283996582","24.000001907348633"
"14.784440040588379","8.299999237060547"
"4.929590225219727","7.100000381469727"
"4.579707622528076","5.999999523162842"
"1.2499672174453735","4.1114343929393726e-8"
"1.1093918085098267","4.1114343929393726e-8"
"2.6227972507476807","7"
"1.4135277271270752","4.1114343929393726e-8"
"13.052647590637207","4.1114343929393726e-8"
"0.242704838514328","4.1114343929393726e-8"
"12.001570701599121","17.399995803833008"
"18.507709503173828","4.1114343929393726e-8"
"19.9415283203125","5.200000286102295"
"2.742027759552002","1.600000023841858"
"1.39663565158844","4.1114343929393726e-8"
"1.6088438034057617","6.799999237060547"
"1.9949274063110352","4.1114343929393726e-8"
"1.1721001863479614","17.099994659423828"
"1.9926751852035522","7.800000190734863"
"0.9796898365020752","1.2999999523162842"
"6.079678058624268","0.8999999761581421"
"0.6413359642028809","4.1114343929393726e-8"
"9.850147247314453","47.199989318847656"
"20.014766693115234","4.1114343929393726e-8"
"18.00716209411621","4.1114343929393726e-8"
"8.284429550170898","4.700000286102295"
"1.8257519006729126","29.4999942779541"
"3.2083218097686768","17.699995040893555"
"2.443567991256714","13.40000057220459"
"0.6216099858283997","22.19999122619629"
"1.958817720413208","62.60000991821289"
"0.7590557336807251","1.7000000476837158"
"5.099570274353027","9.399998664855957"
"0.6269203424453735","4.1114343929393726e-8"
"2.866586446762085","20.599994659423828"
"2.712355613708496","41.19999694824219"
"11.050368309020996","1.2999999523162842"
"3.764936923980713","4.1114343929393726e-8"
"0.9050735831260681","34.899993896484375"
"0.5491843819618225","4.1114343929393726e-8"
"0.6344731450080872","4.1114343929393726e-8"
"0.6338039636611938","4.1114343929393726e-8"
"0.4142056405544281","4.1114343929393726e-8"
"0.48636531829833984","4.1114343929393726e-8"
"2.4487733840942383","4.1114343929393726e-8"
"0.33591970801353455","4.1114343929393726e-8"
"2.397519111633301","4"
"3.2375850677490234","42.699989318847656"
"6.579229831695557","4.700000286102295"
"2.523345470428467","4.1114343929393726e-8"
"0.3322579860687256","4.1114343929393726e-8"
"0.4448690712451935","4.1114343929393726e-8"
"0.8499482274055481","4.1114343929393726e-8"
"0.10895278304815292","4.1114343929393726e-8"
"0.1573677510023117","4.1114343929393726e-8"
"0.17881402373313904","4.1114343929393726e-8"
"3.295031785964966","4.1114343929393726e-8"
"0.107343390583992","4.1114343929393726e-8"
"0.38103538751602173","4.1114343929393726e-8"
"0.91298907995224","4.1114343929393726e-8"
"2.3674840927124023","4.1114343929393726e-8"
"0.21929475665092468","4.1114343929393726e-8"
"0","4.1114343929393726e-8"
"0","4.1114343929393726e-8"
"0.5825480818748474","4.1114343929393726e-8"
"0.0603349506855011","4.1114343929393726e-8"
"0.00024778873194009066","4.1114343929393726e-8"
"0","4.1114343929393726e-8"
"0.47755271196365356","4.1114343929393726e-8"
"0.01416777167469263","4.1114343929393726e-8"
"0.5135580897331238","4.1114343929393726e-8"
"0.8410285115242004","4.1114343929393726e-8"
"1.0940911769866943","4.1114343929393726e-8"
"0.47629958391189575","14.599998474121094"
"0","4.1114343929393726e-8"
"0","9.599998474121094"
"0","11.100001335144043"
"0","4.1114343929393726e-8"
"0","4.1114343929393726e-8"
"0.1351071298122406","1.2999999523162842"
"0.567287266254425","19.199996948242188"
"0.04917905479669571","4.1114343929393726e-8"
"0.15525434911251068","4.1114343929393726e-8"
"0.32756978273391724","4.1114343929393726e-8"
"0.5608805418014526","4.1114343929393726e-8"
"0.04052159935235977","1.399999976158142"
"0","4.1114343929393726e-8"
"0.016452839598059654","2.3999998569488525"
"0.06583882123231888","11.399998664855957"
"0","3.499999523162842"
"0","4.1114343929393726e-8"
"0","2.6999998092651367"
"0.6301971673965454","33.999996185302734"
"0","4.1114343929393726e-8"
"0","4.1114343929393726e-8"
"0.09545495361089706","4.1114343929393726e-8"
"0.6730705499649048","4.1114343929393726e-8"
"0","8.399998664855957"
"0","4.1114343929393726e-8"
"0","4.1114343929393726e-8"
"0.20966726541519165","4.1114343929393726e-8"
"0","4.1114343929393726e-8"
"0","4.1114343929393726e-8"
"0","4.1114343929393726e-8"
"0.19216592609882355","4.1114343929393726e-8"
"0","2"
"0.11515172570943832","65.99998474121094"
"0.09294003248214722","37.39999008178711"
"0.3349606692790985","23.700000762939453"
"0.11222877353429794","9.399998664855957"
"0","2.3999998569488525"
"0.07993336021900177","16.099998474121094"
"0.06447223573923111","4.1114343929393726e-8"
"0","4.1114343929393726e-8"
"0.09443670511245728","1.2999999523162842"
"0","22.799999237060547"
"0.6078395843505859","42.30000305175781"
"0","19.299999237060547"
"0.031668055802583694","8.09999942779541"
"0","37.999996185302734"
"0.38353732228279114","42.899993896484375"
"0","14.39999771118164"
"0","4.1114343929393726e-8"
"0","4.1114343929393726e-8"
"0","4.1114343929393726e-8"
"0","4.1114343929393726e-8"
"0","4.1114343929393726e-8"
"0","34.499996185302734"
"0.17032745480537415","5.700000762939453"
"0","4.1114343929393726e-8"
"0","4.1114343929393726e-8"
"0","4.1114343929393726e-8"
"0.11460881680250168","4.1114343929393726e-8"
"0","3.6999998092651367"
"0","4.1114343929393726e-8"
"0","1.100000023841858"
"0.4206589162349701","23.499996185302734"
"0","9.699997901916504"
"0","5.999999523162842"
"0","14.599998474121094"
"0.108147531747818","25.099998474121094"
"0.010323500260710716","4.1114343929393726e-8"
"0.0024491504300385714","4.1114343929393726e-8"
"0","4.1114343929393726e-8"
"0.10186443477869034","4.1114343929393726e-8"
"0.04890524595975876","4.1114343929393726e-8"
"0","4.1114343929393726e-8"
"0","4.1114343929393726e-8"
"0.37744590640068054","4.1114343929393726e-8"
"0","4.1114343929393726e-8"
"0","4.1114343929393726e-8"
"0","4.1114343929393726e-8"
"0.4283159077167511","4.1114343929393726e-8"
"0","4.1114343929393726e-8"
"0.09160259366035461","4.1114343929393726e-8"
"0","4.1114343929393726e-8"
"0.04489236697554588","4.1114343929393726e-8"
"0","4.1114343929393726e-8"
"0.00597368786111474","4.1114343929393726e-8"
"0","4.1114343929393726e-8"
"0.5581187605857849","4.1114343929393726e-8"
"0","4.1114343929393726e-8"
"0","4.1114343929393726e-8"
"0.01601405441761017","4.1114343929393726e-8"
"0.39634716510772705","4.1114343929393726e-8"
"0","4.1114343929393726e-8"
"0","4.1114343929393726e-8"
"0.15627555549144745","4.1114343929393726e-8"
"0.07831331342458725","4.1114343929393726e-8"
"0.10551444441080093","4.1114343929393726e-8"
"0","4.1114343929393726e-8"
"0","4.1114343929393726e-8"
"0","4.1114343929393726e-8"
"0","4.1114343929393726e-8"
"0","4.1114343929393726e-8"
"0","4.1114343929393726e-8"
"0.017479369416832924","4.1114343929393726e-8"
"0","4.1114343929393726e-8"
"0","4.1114343929393726e-8"
"0","4.1114343929393726e-8"
"0.036407969892024994","4.1114343929393726e-8"
"0","4.1114343929393726e-8"
"0","4.1114343929393726e-8"
"0","4.1114343929393726e-8"
"0.1928044855594635","4.1114343929393726e-8"
"0","4.1114343929393726e-8"
"0","4.1114343929393726e-8"
"0","4.1114343929393726e-8"
"0","4.1114343929393726e-8"
"0","2.3999998569488525"
"0","4.1114343929393726e-8"
"0.043764952570199966","4.1114343929393726e-8"
"0.04252677410840988","4.1114343929393726e-8"
"0","4.1114343929393726e-8"
"0","0.8999999761581421"
"0.022236529737710953","2.499999761581421"
"0.32630935311317444","4.90000057220459"
"0","0.5"
"0","2.9000000953674316"
"0","4.1114343929393726e-8"
"0","1.1999999284744263"
"0","4.1114343929393726e-8"
"0","4.1114343929393726e-8"
"0.45931148529052734","4.1114343929393726e-8"
"0.5158823728561401","4.1114343929393726e-8"
"0.13446834683418274","4.1114343929393726e-8"
"0","4.1114343929393726e-8"
"0","4.1114343929393726e-8"
"0","4.1114343929393726e-8"
"0","4.1114343929393726e-8"
"0","4.1114343929393726e-8"
"0","4.1114343929393726e-8"
"0.26820671558380127","0.5"
"0.16957446932792664","4.1114343929393726e-8"
"0.5912282466888428","4.1114343929393726e-8"
"3.665367603302002","34.29999542236328"
"3.0244545936584473","14.899998664855957"
"0.48504769802093506","4.1114343929393726e-8"
"0.09909971803426743","4.1114343929393726e-8"
"0.23661790788173676","4.1114343929393726e-8"
"0.7475036978721619","4.1114343929393726e-8"
"0.16677288711071014","4.1114343929393726e-8"
"0.04031645879149437","4.1114343929393726e-8"
"0.009038861840963364","4.1114343929393726e-8"
"0.9069583415985107","4.1114343929393726e-8"
"0.6490957140922546","19.700000762939453"
"4.229599952697754","10.899999618530273"
"14.046854972839355","2.3000001907348633"
"24.603679656982422","4.1114343929393726e-8"
"5.642053604125977","4.1114343929393726e-8"
"0.9665658473968506","4.1114343929393726e-8"
"1.112658977508545","4.1114343929393726e-8"
"3.543325424194336","4.1114343929393726e-8"
"0.50580233335495","4.1114343929393726e-8"
"1.1845226287841797","4.1114343929393726e-8"
"0.8561053276062012","4.1114343929393726e-8"
"4.49782133102417","4.1114343929393726e-8"
"0.896357536315918","4.1114343929393726e-8"
"10.007259368896484","4.1114343929393726e-8"
"13.330477714538574","4.1114343929393726e-8"
"21.752853393554688","4.1114343929393726e-8"
"4.987797737121582","4.1114343929393726e-8"
"2.13169002532959","4.1114343929393726e-8"
"1.3457953929901123","7"
"1.0348716974258423","4.1114343929393726e-8"
"1.7278690338134766","0.5"
"1.3085994720458984","4.1114343929393726e-8"
"1.2400044202804565","0.5"
"5.237282752990723","2.499999761581421"
"0.4828314185142517","4.1114343929393726e-8"
"5.289828777313232","27.700000762939453"
"5.746613502502441","4.1114343929393726e-8"
"6.316606521606445","4.1114343929393726e-8"
"1.0474529266357422","4.1114343929393726e-8"
"0.6257462501525879","4.1114343929393726e-8"
"1.5681767463684082","4.1114343929393726e-8"
"0.850225031375885","4.1114343929393726e-8"
"0.6172370314598083","4.1114343929393726e-8"
"1.2085590362548828","4.1114343929393726e-8"
"0.9210342168807983","4.1114343929393726e-8"
"2.096444606781006","4.1114343929393726e-8"
"0","4.1114343929393726e-8"
"0","39.49999237060547"
"0","73.00000762939453"
"0","32.5"
"0","11.299999237060547"
"0","4.1114343929393726e-8"
"0","4.1114343929393726e-8"
"0","4.1114343929393726e-8"
"0","4.1114343929393726e-8"
"0","19.099998474121094"
"0","4.1114343929393726e-8"
"0","4.1114343929393726e-8"
"0","4.1114343929393726e-8"
"0","4.1114343929393726e-8"
"0","4.1114343929393726e-8"
"0","4.1114343929393726e-8"
"0","4.1114343929393726e-8"
"0","4.1114343929393726e-8"
"0","4.1114343929393726e-8"
"0","4.1114343929393726e-8"
"0","4.1114343929393726e-8"
"0","4.1114343929393726e-8"
"0","4.1114343929393726e-8"
"0.028210746124386787","4.1114343929393726e-8"
"0","4.1114343929393726e-8"
"0","4.1114343929393726e-8"
"0","4.1114343929393726e-8"
"0.14416897296905518","4.1114343929393726e-8"
"0","4.1114343929393726e-8"
"0","4.1114343929393726e-8"
"0","4.1114343929393726e-8"
"0","4.1114343929393726e-8"
"0","4.1114343929393726e-8"
"0","4.1114343929393726e-8"
"0","4.1114343929393726e-8"
"0","4.1114343929393726e-8"
"0","5.999999523162842"
"0","2"
"0","0.6000000238418579"
"0","1.2999999523162842"
"0","10.000000953674316"
"0","6.100000381469727"
"0","22"
"0","60.999996185302734"
"0","33"
"0","14.000000953674316"
"0","50.999996185302734"
"0","64.00001525878906"
"0","4.1114343929393726e-8"
"0","4.1114343929393726e-8"
"0","4.1114343929393726e-8"
"0","0.4000000059604645"
"0","2.3000001907348633"
"0","0.6000000238418579"
"0","1.100000023841858"
"0.024510955438017845","3.0999996662139893"
"0","3"
"0","17.499998092651367"
"0","5"
"0.08304331451654434","26.999996185302734"
"0.017512483522295952","4.1114343929393726e-8"
"0.0700969472527504","10.000000953674316"
"0","3"
"0.3430153429508209","15.999996185302734"
"0","4.1114343929393726e-8"
"0","0.30000001192092896"
"0","4.1114343929393726e-8"
"0.27042749524116516","4.1114343929393726e-8"
"0","4.1114343929393726e-8"
"0","4.1114343929393726e-8"
"0","4.1114343929393726e-8"
"0.3245229721069336","4.1114343929393726e-8"
"0.11909106373786926","4.1114343929393726e-8"
"2.1416962146759033","5.999999523162842"
"0.04395117238163948","51.999996185302734"
"2.941929578781128","20.999996185302734"
"0.9150882363319397","2.1999998092651367"
"0.22333924472332","0.8999999761581421"
"0.17345066368579865","40"
"0.44069555401802063","54.000003814697266"
"0","23"
"0.10144582390785217","0.4000000059604645"
"0.21659596264362335","46.99999237060547"
"0.8125585913658142","5.999999523162842"
"0.35539722442626953","15.999996185302734"
"2.75935435295105","16.999996185302734"
"0.6376850605010986","7"
"8.908218383789062","15"
"3.127277135848999","18.799997329711914"
"0.27658212184906006","11.100001335144043"
"0.23285838961601257","4"
"1.2749948501586914","31"
"0","23"
"0.46178144216537476","7.600000381469727"
"0.42162638902664185","4.1114343929393726e-8"
"1.7201775312423706","44.99999237060547"
"0","4.1114343929393726e-8"
"0.7424805760383606","1"
"2.6320300102233887","9"
"5.054852485656738","11"
"0.5989493727684021","2"
"0","20.899993896484375"
"0.29834067821502686","1.100000023841858"
"1.3897664546966553","9"
"0","4.1114343929393726e-8"
"0.05080925673246384","4.1114343929393726e-8"
"0.1421024054288864","4.1114343929393726e-8"
"0.07581645995378494","14.100000381469727"
"0","15"
"0.14963775873184204","9"
"1.4109549522399902","2"
"0.541779637336731","3"
"0.6358293890953064","7"
"0","8"
"0","11.89999771118164"
"0","4.1114343929393726e-8"
"0","2"
"0.07912563532590866","2"
"0.018651673570275307","4.1114343929393726e-8"
"0.17950132489204407","0.10000001639127731"
"0","14.000000953674316"
"0.004869877360761166","25.999996185302734"
"0.2330278605222702","2.1000001430511475"
"0.17279575765132904","1"
"0.17530617117881775","19"
"0","4.1114343929393726e-8"
"0.04000547528266907","22.299997329711914"
"0.012833751738071442","25.999996185302734"
"0","40.99999237060547"
"0","4.1114343929393726e-8"
"0.01860704831779003","52.09999084472656"
"0","2"
"0.12707938253879547","49.9999885559082"
"0","59.9999885559082"
"0.06334935873746872","91.90000915527344"
"0.024343525990843773","77.99998474121094"
"0.09528356790542603","107.00000762939453"
"0.017294839024543762","7"
"0","18"
"0","3"
"0","2"
"0","3"
"0","1.100000023841858"
"0","0.5"
"0.012297570705413818","3"
"0.009773901663720608","4.1114343929393726e-8"
"0.3066175580024719","4.099999904632568"
"0.6892752647399902","20.999996185302734"
"0.06910055130720139","8"
"0","1.899999976158142"
"0","19.999996185302734"
"0.0009766033617779613","0.10000001639127731"
"0","7"
"0","4"
"0","4.1114343929393726e-8"
"0.29392009973526","33.59999465942383"
"0","4.1114343929393726e-8"
"0.11013102531433105","4.1114343929393726e-8"
"0.09211152046918869","4.1114343929393726e-8"
"0.2830789089202881","15"
"0","2"
"0","4.1114343929393726e-8"
"0","4.1114343929393726e-8"
"0.01640443317592144","4.1114343929393726e-8"
"0.019098220393061638","4.1114343929393726e-8"
"0","4.1114343929393726e-8"
"0","4.1114343929393726e-8"
"0.11455640196800232","0.800000011920929"
"0","4.1114343929393726e-8"
"0.09116727113723755","0.6000000238418579"
"0.24369215965270996","10.000000953674316"
"0.3907237946987152","24.000001907348633"
"0","4.1114343929393726e-8"
"0","7"
"0","4.1114343929393726e-8"
"0.11362957954406738","0.8999999761581421"
"0","4.1114343929393726e-8"
"0","4.1114343929393726e-8"
"0","4.1114343929393726e-8"
"0","4.1114343929393726e-8"
"0","5.999999523162842"
"0.5688431262969971","4.1114343929393726e-8"
"0.8318104147911072","4.1114343929393726e-8"
"2.0190792083740234","4.1114343929393726e-8"
"0.13591009378433228","3"
"0","4.1114343929393726e-8"
"0.01401605550199747","4.1114343929393726e-8"
"0.17361903190612793","4.1114343929393726e-8"
"0","0.10000001639127731"
"0.10855638980865479","4.1114343929393726e-8"
"0","4.1114343929393726e-8"
"0.1391526609659195","4.1114343929393726e-8"
"0.040661897510290146","1"
"0.17096562683582306","2"
"0.4486343562602997","4.1114343929393726e-8"
"0.6787368059158325","4.1114343929393726e-8"
"0","4.1114343929393726e-8"
"0","1"
"0","4"
"0","4.1114343929393726e-8"
"0","4.1114343929393726e-8"
"0","4.1114343929393726e-8"
"0","4.1114343929393726e-8"
"0.20687560737133026","5"
"0.7687879800796509","4.1114343929393726e-8"
"0.8069415092468262","5"
"2.925178050994873","4.1114343929393726e-8"
"8.453487396240234","9"
"1.9209139347076416","0.10000001639127731"
"0.16819164156913757","4.1114343929393726e-8"
"0.06593646854162216","4"
"0.9047904014587402","2"
"0.5139748454093933","2"
"0.08724547922611237","0.19999997317790985"
"0.08229932188987732","4.1114343929393726e-8"
"1.1523128747940063","0.10000001639127731"
"0.9970592260360718","1"
"2.5704729557037354","4.1114343929393726e-8"
"14.308501243591309","4.1114343929393726e-8"
"13.332839012145996","4.1114343929393726e-8"
"2.881420850753784","5.999999523162842"
"0.25465384125709534","4"
"0.4842475950717926","0.5"
"2.5618560314178467","20.099998474121094"
"0.5874218344688416","24.000001907348633"
"0.17661193013191223","3.8999998569488525"
"0.30329248309135437","26.09999656677246"
"2.9276340007781982","22"
"0.7075100541114807","4"
"4.451728820800781","4.1114343929393726e-8"
"18.30875587463379","40.99999237060547"
"23.247047424316406","14.000000953674316"
"2.920137643814087","15"
"0.639712929725647","5"
"0.5553838610649109","5.999999523162842"
"1.8670153617858887","3.8999998569488525"
"1.4590864181518555","3"
"0.598792314529419","2.1000001430511475"
"1.1167491674423218","2.9000000953674316"
"2.315667152404785","4.1114343929393726e-8"
"0.7170921564102173","2"
"8.462635040283203","4.1114343929393726e-8"
"16.812007904052734","56.999996185302734"
"22.32103729248047","15"
"3.6753299236297607","7.1999993324279785"
"1.027082085609436","0.4000000059604645"
"1.136606216430664","42.000003814697266"
"1.09537935256958","34.99999237060547"
"1.333274483680725","62.000022888183594"
"1.7955689430236816","19.999996185302734"
"0.833943247795105","31.9999942779541"
"4.419809818267822","45.99999237060547"
"1.4126639366149902","31.9999942779541"
"12.745386123657227","31"
"19.759164810180664","18"
"31.380449295043945","35.999996185302734"
"4.288885116577148","56"
"3.985808849334717","0.30000001192092896"
"2.1888389587402344","18"
"3.080144166946411","40"
"0.8218708038330078","81.99998474121094"
"1.9287725687026978","11"
"1.3536643981933594","24.000001907348633"
"12.56907844543457","33"
"1.4176920652389526","0.4000000059604645"
"8.307512283325195","0.7000000476837158"
"17.497360229492188","2"
"17.62434196472168","4"
"3.9799256324768066","0.10000001639127731"
"1.9778187274932861","0.7000000476837158"
"7.618697643280029","4.1114343929393726e-8"
"6.406097412109375","11.999999046325684"
"3.0085861682891846","7.1999993324279785"
"3.666531562805176","2"
"5.832949161529541","11.999999046325684"
"13.053378105163574","5.999999523162842"
"1.3174667358398438","0.30000001192092896"
"4.646346092224121","4.1114343929393726e-8"
"4.977545738220215","4.1114343929393726e-8"
"9.961920738220215","4.1114343929393726e-8"
"5.21522331237793","3"
"2.9133124351501465","1.1999999284744263"
"1.2653210163116455","0.5"
"1.6868034601211548","1"
"1.845305323600769","4.1114343929393726e-8"
"3.268425703048706","1.4999998807907104"
"2.1988918781280518","4.1114343929393726e-8"
"6.602939128875732","10.000000953674316"
"1.0557868480682373","4.1114343929393726e-8"
"4.772174835205078","4.1114343929393726e-8"
"3.814826250076294","4.1114343929393726e-8"
"12.965073585510254","4.1114343929393726e-8"
"11.054095268249512","4.1114343929393726e-8"
"3.1810309886932373","4.1114343929393726e-8"
"1.0622520446777344","0.10000001639127731"
"1.8009436130523682","0.10000001639127731"
"1.6577870845794678","0.6000000238418579"
"2.8438377380371094","4.1114343929393726e-8"
"1.3574103116989136","0.19999997317790985"
"1.908983588218689","10.199997901916504"
"0.8145468235015869","4.1114343929393726e-8"
"1.1767784357070923","4.1114343929393726e-8"
"2.561011791229248","4.1114343929393726e-8"
"5.9912309646606445","4.1114343929393726e-8"
"5.999502182006836","4.1114343929393726e-8"
"1.233232021331787","4.1114343929393726e-8"
"0.9730026125907898","4.1114343929393726e-8"
"1.705230712890625","4.1114343929393726e-8"
"0.4300277829170227","4.1114343929393726e-8"
"0.563370943069458","2"
"0.16432316601276398","4.1114343929393726e-8"
"0.6291191577911377","0.800000011920929"
"0.6759753227233887","4.1114343929393726e-8"
"3.115105628967285","0.4000000059604645"
"4.810147762298584","4.1114343929393726e-8"
"6.11660099029541","2"
"2.840209484100342","4.1114343929393726e-8"
"1.0558024644851685","4.1114343929393726e-8"
"0.41358840465545654","4.1114343929393726e-8"
"1.3328903913497925","5.999999523162842"
"0.4984728693962097","4.1114343929393726e-8"
"0.3309091329574585","4.1114343929393726e-8"
"0.6027944087982178","4.1114343929393726e-8"
"1.920657992362976","5.999999523162842"
"0.5845028162002563","5"
"1.158864140510559","65.00000762939453"
"3.8453361988067627","16.999996185302734"
"3.0735559463500977","29.999998092651367"
"1.156259298324585","4.1114343929393726e-8"
"0.5537902116775513","3"
"0.7920259237289429","4.1114343929393726e-8"
"1.4648576974868774","10.000000953674316"
"0.6079493761062622","4.1114343929393726e-8"
"0.5850847363471985","1.899999976158142"
"0.3891978859901428","0.19999997317790985"
"0.8739211559295654","11"
"0.33603209257125854","4.1114343929393726e-8"
"2.2659780979156494","3"
"6.147660255432129","26.999996185302734"
"5.591096878051758","9"
"0.7385727763175964","5.999999523162842"
"0.1841178983449936","11.999999046325684"
"0.17059794068336487","0.10000001639127731"
"0.32928621768951416","11"
"0.16475637257099152","0.19999997317790985"
"0.07481402903795242","2.1000001430511475"
"0.08716726303100586","3.799999952316284"
"1.1952323913574219","2.1999998092651367"
"0.3399633467197418","4.1114343929393726e-8"
"3.2677531242370605","7"
"6.7662434577941895","4.1114343929393726e-8"
"8.855262756347656","2"
"0.8037741184234619","4.1114343929393726e-8"
"0.10338470339775085","4.1114343929393726e-8"
"0.6947602033615112","4.1114343929393726e-8"
"1.1077752113342285","4.1114343929393726e-8"
"0.5431976318359375","4.1114343929393726e-8"
"0.9231772422790527","4.1114343929393726e-8"
"0.33041030168533325","4.1114343929393726e-8"
"1.046830177307129","4.1114343929393726e-8"
"0.46092772483825684","4.1114343929393726e-8"
"1.639333724975586","34.99999237060547"
"3.3346781730651855","0.4000000059604645"
"4.0501484870910645","3"
"0.7380900382995605","0.8999999761581421"
"0.023432128131389618","5.999999523162842"
"0.12126602232456207","8"
"0","4.1114343929393726e-8"
"1.1534475088119507","4.1114343929393726e-8"
"0.26044929027557373","4.1114343929393726e-8"
"0.06563243269920349","4.1114343929393726e-8"
"2.097304582595825","4.1114343929393726e-8"
"0.9054460525512695","1.8000000715255737"
"9.319449424743652","35.199989318847656"
"4.187444686889648","23.599998474121094"
"20.514297485351562","24.000001907348633"
"5.394248962402344","8.299999237060547"
"1.357208490371704","7.100000381469727"
"1.0446655750274658","5.999999523162842"
"1.118867039680481","4.1114343929393726e-8"
"0.830873429775238","4.1114343929393726e-8"
"0.7631959915161133","7"
"0.50439453125","4.1114343929393726e-8"
"2.591993570327759","4.1114343929393726e-8"
"0.24601376056671143","4.1114343929393726e-8"
"5.022363662719727","17.399995803833008"
"4.1182122230529785","4.1114343929393726e-8"
"11.778146743774414","5.200000286102295"
"0.5571064949035645","1.600000023841858"
"0.7407255172729492","4.1114343929393726e-8"
"1.8477387428283691","6.799999237060547"
"2.25303316116333","4.1114343929393726e-8"
"0.3173742890357971","17.099994659423828"
"0.7017608880996704","7.800000190734863"
"0.512671947479248","1.2999999523162842"
"1.2288182973861694","0.8999999761581421"
"0.3100132942199707","4.1114343929393726e-8"
"3.493858814239502","47.199989318847656"
"2.4658315181732178","4.1114343929393726e-8"
"4.906550407409668","4.1114343929393726e-8"
"1.1256221532821655","4.700000286102295"
"0.947615921497345","29.4999942779541"
"1.1906583309173584","17.699995040893555"
"0.7047902345657349","13.40000057220459"
"0.8482568860054016","22.19999122619629"
"0.8609235286712646","62.60000991821289"
"0.4679717421531677","1.7000000476837158"
"2.588101387023926","9.399998664855957"
"0","4.1114343929393726e-8"
"0.8788372278213501","20.599994659423828"
"0.5311046242713928","41.19999694824219"
"3.8236236572265625","1.2999999523162842"
"0.7767632007598877","4.1114343929393726e-8"
"0.33620572090148926","34.899993896484375"
"0.5452944040298462","4.1114343929393726e-8"
"0.41334885358810425","4.1114343929393726e-8"
"0.23602668941020966","4.1114343929393726e-8"
"0.47163495421409607","4.1114343929393726e-8"
"0.2595824599266052","4.1114343929393726e-8"
"3.6447033882141113","4.1114343929393726e-8"
"0.12851624190807343","4.1114343929393726e-8"
"0.182671919465065","4"
"0.24604615569114685","42.699989318847656"
"2.904714822769165","4.700000286102295"
"0.33704376220703125","4.1114343929393726e-8"
"0.016615038737654686","4.1114343929393726e-8"
"0.02591129019856453","4.1114343929393726e-8"
"0.6305795907974243","4.1114343929393726e-8"
"0.06682600826025009","4.1114343929393726e-8"
"0.1788417100906372","4.1114343929393726e-8"
"0.17719747126102448","4.1114343929393726e-8"
"0.03470173850655556","4.1114343929393726e-8"
"0.3236772119998932","4.1114343929393726e-8"
"0.7689958810806274","4.1114343929393726e-8"
"0.6175744533538818","4.1114343929393726e-8"
"4.376448631286621","4.1114343929393726e-8"
"0.9446393847465515","4.1114343929393726e-8"
"0.19843873381614685","4.1114343929393726e-8"
"0.5784626007080078","4.1114343929393726e-8"
"0.8144350051879883","4.1114343929393726e-8"
"0","4.1114343929393726e-8"
"0.20916366577148438","4.1114343929393726e-8"
"0.23298104107379913","4.1114343929393726e-8"
"0","4.1114343929393726e-8"
"0.138358935713768","4.1114343929393726e-8"
"1.1057368516921997","4.1114343929393726e-8"
"2.8901994228363037","4.1114343929393726e-8"
"5.6699538230896","4.1114343929393726e-8"
"0.7127608060836792","14.599998474121094"
"0.05692670866847038","4.1114343929393726e-8"
"0.27470389008522034","9.599998474121094"
"0.03280290588736534","11.100001335144043"
"0","4.1114343929393726e-8"
"0","4.1114343929393726e-8"
"0","1.2999999523162842"
"0.08810409158468246","19.199996948242188"
"0.12941108644008636","4.1114343929393726e-8"
"1.3843344449996948","4.1114343929393726e-8"
"4.3593549728393555","4.1114343929393726e-8"
"2.4682886600494385","4.1114343929393726e-8"
"0.5532971620559692","1.399999976158142"
"0.11346086114645004","4.1114343929393726e-8"
"0.08341243118047714","2.3999998569488525"
"0.14167580008506775","11.399998664855957"
"0","3.499999523162842"
"0","4.1114343929393726e-8"
"0","2.6999998092651367"
"0.5068193078041077","33.999996185302734"
"0.13707855343818665","4.1114343929393726e-8"
"0.5027493238449097","4.1114343929393726e-8"
"5.341084003448486","4.1114343929393726e-8"
"4.569455623626709","4.1114343929393726e-8"
"0.17777283489704132","8.399998664855957"
"0.045056864619255066","4.1114343929393726e-8"
"0","4.1114343929393726e-8"
"1.0154285430908203","4.1114343929393726e-8"
"0.02234724536538124","4.1114343929393726e-8"
"0.01596330665051937","4.1114343929393726e-8"
"0.0038099975790828466","4.1114343929393726e-8"
"1.8208552598953247","4.1114343929393726e-8"
"0.31870028376579285","2"
"2.376394510269165","65.99998474121094"
"4.715004920959473","37.39999008178711"
"3.6456944942474365","23.700000762939453"
"1.4280307292938232","9.399998664855957"
"0.5538123846054077","2.3999998569488525"
"0.1754903644323349","16.099998474121094"
"1.262676477432251","4.1114343929393726e-8"
"0.7270780801773071","4.1114343929393726e-8"
"0.3149840831756592","1.2999999523162842"
"0.5645462274551392","22.799999237060547"
"2.5086426734924316","42.30000305175781"
"0.6940538883209229","19.299999237060547"
"1.8129595518112183","8.09999942779541"
"0.7938511371612549","37.999996185302734"
"4.593315124511719","42.899993896484375"
"1.272354245185852","14.39999771118164"
"0.09902641177177429","4.1114343929393726e-8"
"0.6877344846725464","4.1114343929393726e-8"
"0.6241797804832458","4.1114343929393726e-8"
"0.2911360263824463","4.1114343929393726e-8"
"0.3104407787322998","4.1114343929393726e-8"
"0.2476043403148651","34.499996185302734"
"0.558076024055481","5.700000762939453"
"0.10673467814922333","5.399999618530273"
"0.8322234153747559","23.700000762939453"
"0.3834106922149658","94.60002136230469"
"1.8752098083496094","37.39999008178711"
"0.7793668508529663","10.000000953674316"
"0.04726651310920715","3"
"0.16980913281440735","23.900001525878906"
"0.2886359989643097","17.499998092651367"
"0.09767197072505951","16.499998092651367"
"0","3.5999999046325684"
"0","5.600000381469727"
"1.4063529968261719","4.1114343929393726e-8"
"0","19.700000762939453"
"0","4.1114343929393726e-8"
"0.078709177672863","18.699996948242188"
"0.019626881927251816","24.89999771118164"
"0","19.5"
"0","33.59999465942383"
"0","2.6999998092651367"
"0","26.80000114440918"
"0","4.1114343929393726e-8"
"0","14.499999046325684"
"0","7.1999993324279785"
"0.07113921642303467","72.5999984741211"
"0","15.799997329711914"
"0","14.300000190734863"
"0","4.1114343929393726e-8"
"0.02041938528418541","4.1114343929393726e-8"
"0","18.59999656677246"
"0","4.1114343929393726e-8"
"0","4.1114343929393726e-8"
"0","12.699996948242188"
"0","4.1114343929393726e-8"
"0","4.1114343929393726e-8"
"0","4.1114343929393726e-8"
"0.13139353692531586","4.1114343929393726e-8"
"0","4.1114343929393726e-8"
"0.021596111357212067","4.1114343929393726e-8"
"0.14617472887039185","4.1114343929393726e-8"
"0.4357689619064331","4.1114343929393726e-8"
"0.33668017387390137","4.1114343929393726e-8"
"0","4.1114343929393726e-8"
"0","4.1114343929393726e-8"
"0.11957456171512604","4.1114343929393726e-8"
"0","4.1114343929393726e-8"
"0","4.1114343929393726e-8"
"0","4.1114343929393726e-8"
"0","4.1114343929393726e-8"
"0.06066092848777771","4.1114343929393726e-8"
"0","4.1114343929393726e-8"
"0.14170096814632416","4.1114343929393726e-8"
"0.21733395755290985","4.1114343929393726e-8"
"0.08483844250440598","4.1114343929393726e-8"
"0","4.1114343929393726e-8"
"0","4.1114343929393726e-8"
"0","4.1114343929393726e-8"
"0","4.1114343929393726e-8"
"0","4.1114343929393726e-8"
"0","4.1114343929393726e-8"
"0.0701112300157547","4.1114343929393726e-8"
"0","2.3999998569488525"
"0.04592910408973694","4.1114343929393726e-8"
"0.41954928636550903","4.1114343929393726e-8"
"0.5313208103179932","4.1114343929393726e-8"
"0","4.1114343929393726e-8"
"0.0542556457221508","0.8999999761581421"
"0","2.499999761581421"
"0","4.90000057220459"
"0","0.5"
"0","2.9000000953674316"
"0","4.1114343929393726e-8"
"0.23445454239845276","1.1999999284744263"
"0.03870030492544174","4.1114343929393726e-8"
"0.37891483306884766","4.1114343929393726e-8"
"1.4326515197753906","4.1114343929393726e-8"
"0.8639546632766724","4.1114343929393726e-8"
"0.2422778159379959","4.1114343929393726e-8"
"0.1371958702802658","4.1114343929393726e-8"
"0","4.1114343929393726e-8"
"0.5582209229469299","4.1114343929393726e-8"
"0.17518484592437744","4.1114343929393726e-8"
"0.3006334602832794","4.1114343929393726e-8"
"0.11577185243368149","4.1114343929393726e-8"
"0.9181967377662659","0.5"
"0.13016140460968018","4.1114343929393726e-8"
"1.0983350276947021","4.1114343929393726e-8"
"1.0914303064346313","34.29999542236328"
"5.073760032653809","14.899998664855957"
"0.38481616973876953","4.1114343929393726e-8"
"0.9925671815872192","4.1114343929393726e-8"
"0.43914175033569336","4.1114343929393726e-8"
"2.8923676013946533","4.1114343929393726e-8"
"0.029982827603816986","4.1114343929393726e-8"
"0.2030934989452362","4.1114343929393726e-8"
"0.582521378993988","4.1114343929393726e-8"
"1.6042976379394531","4.1114343929393726e-8"
"0.5161641240119934","19.700000762939453"
"5.003649711608887","10.899999618530273"
"3.875131130218506","2.3000001907348633"
"23.070823669433594","4.1114343929393726e-8"
"2.1923575401306152","4.1114343929393726e-8"
"1.0648866891860962","4.1114343929393726e-8"
"2.6910574436187744","4.1114343929393726e-8"
"3.206730842590332","4.1114343929393726e-8"
"1.1399798393249512","4.1114343929393726e-8"
"2.236447811126709","4.1114343929393726e-8"
"0.8007139563560486","4.1114343929393726e-8"
"1.4044767618179321","4.1114343929393726e-8"
"2.1218137741088867","4.1114343929393726e-8"
"7.135718822479248","4.1114343929393726e-8"
"3.1836633682250977","4.1114343929393726e-8"
"18.489564895629883","4.1114343929393726e-8"
"10.298373222351074","4.1114343929393726e-8"
"2.1829833984375","4.1114343929393726e-8"
"1.0821248292922974","7"
"0.5304968953132629","4.1114343929393726e-8"
"0.9831680655479431","0.5"
"0.9179215431213379","4.1114343929393726e-8"
"0.6874141693115234","0.5"
"0.5388215184211731","2.499999761581421"
"0.8646522760391235","4.1114343929393726e-8"
"7.342159748077393","27.700000762939453"
"9.218416213989258","4.1114343929393726e-8"
"22.056533813476562","4.1114343929393726e-8"
"4.912413120269775","4.1114343929393726e-8"
"1.6366654634475708","4.1114343929393726e-8"
"1.243324637413025","4.1114343929393726e-8"
"0.5819607377052307","4.1114343929393726e-8"
"0.3952990472316742","4.1114343929393726e-8"
"0.6358592510223389","4.1114343929393726e-8"
"0.19522109627723694","4.1114343929393726e-8"
"2.5705976486206055","4.1114343929393726e-8"
"0.1678372025489807","4.1114343929393726e-8"
"2.9495391845703125","39.49999237060547"
"13.744681358337402","73.00000762939453"
"17.302688598632812","32.5"
"0.9748471975326538","11.299999237060547"
"0.30404773354530334","4.1114343929393726e-8"
"0.6174308061599731","4.1114343929393726e-8"
"1.8491771221160889","4.1114343929393726e-8"
"0.4351564049720764","4.1114343929393726e-8"
"0.8141586780548096","19.099998474121094"
"0.4597927927970886","4.1114343929393726e-8"
"5.543642044067383","4.1114343929393726e-8"
"0.2710757851600647","4.1114343929393726e-8"
"5.537912845611572","4.1114343929393726e-8"
"2.437192916870117","4.1114343929393726e-8"
"7.479240894317627","4.1114343929393726e-8"
"0.9755603075027466","4.1114343929393726e-8"
"0.6387969255447388","4.1114343929393726e-8"
"0.6224269866943359","4.1114343929393726e-8"
"0.9117327332496643","4.1114343929393726e-8"
"0.4262778162956238","4.1114343929393726e-8"
"0.5285915732383728","4.1114343929393726e-8"
"0.6125459671020508","4.1114343929393726e-8"
"2.7079968452453613","4.1114343929393726e-8"
"0.01367619726806879","4.1114343929393726e-8"
"0.9508510231971741","4.1114343929393726e-8"
"0.2286820411682129","4.1114343929393726e-8"
"1.1864420175552368","4.1114343929393726e-8"
"0.2802407145500183","4.1114343929393726e-8"
"0.20428016781806946","4.1114343929393726e-8"
"0.2528074085712433","4.1114343929393726e-8"
"0.3846743106842041","4.1114343929393726e-8"
"0.16198787093162537","4.1114343929393726e-8"
"0.34462544322013855","4.1114343929393726e-8"
"0.0021855654194951057","4.1114343929393726e-8"
"0.9340544939041138","4.1114343929393726e-8"
"0","4.1114343929393726e-8"
"0.05151267349720001","4.1114343929393726e-8"
"0.08599242568016052","4.1114343929393726e-8"
"0.7139774560928345","4.1114343929393726e-8"
"0","4.1114343929393726e-8"
"0.05194145813584328","4.1114343929393726e-8"
"0","4.1114343929393726e-8"
"0.29941287636756897","4.1114343929393726e-8"
"0","4.1114343929393726e-8"
"0","4.1114343929393726e-8"
"0","4.1114343929393726e-8"
"0.01696503534913063","32.69999694824219"
"0","4.1114343929393726e-8"
"0.15982255339622498","4.1114343929393726e-8"
"0","4.1114343929393726e-8"
"0.7429355382919312","4.1114343929393726e-8"
"0.043450139462947845","4.1114343929393726e-8"
"0","4.1114343929393726e-8"
"0.14369285106658936","4.1114343929393726e-8"
"0.028929514810442924","4.1114343929393726e-8"
"0","4.1114343929393726e-8"
"0.12355684489011765","4.1114343929393726e-8"
"0","4.1114343929393726e-8"
"0.061697617173194885","10.199997901916504"
"0","4.1114343929393726e-8"
"0","9"
"0","1"
"0.08258397877216339","2.799999713897705"
"0","4.90000057220459"
"0","0.800000011920929"
"0","14.000000953674316"
"0","17.399995803833008"
"0","7.40000057220459"
"0","4.600000381469727"
"0","15.600000381469727"
"0.17889131605625153","20.799999237060547"
"0.035340745002031326","4.1114343929393726e-8"
"0.5295224785804749","5.999999523162842"
"0","51.999996185302734"
"2.121563673019409","20.999996185302734"
"0.06562957912683487","2.1999998092651367"
"0","0.8999999761581421"
"0","40"
"0.24121913313865662","54.000003814697266"
"0","23"
"0","0.4000000059604645"
"0","46.99999237060547"
"0.2562655508518219","5.999999523162842"
"0.006195626687258482","15.999996185302734"
"0.8660165071487427","16.999996185302734"
"0.10778497159481049","7"
"0.1817290186882019","15"
"0","18.799997329711914"
"0","11.100001335144043"
"0","4"
"0.44285279512405396","31"
"0","23"
"0","7.600000381469727"
"0","4.1114343929393726e-8"
"0","44.99999237060547"
"0","4.1114343929393726e-8"
"0.11848476529121399","1"
"0.3590714931488037","9"
"0.3418220281600952","11"
"0.006811267230659723","2"
"0","20.899993896484375"
"0","1.100000023841858"
"0.24780386686325073","9"
"0","4.1114343929393726e-8"
"0.007533514406532049","4.1114343929393726e-8"
"0","4.1114343929393726e-8"
"0","14.100000381469727"
"0","15"
"0","9"
"0.24412722885608673","2"
"0.08819755911827087","3"
"0","7"
"0","8"
"0","11.89999771118164"
"0","4.1114343929393726e-8"
"0","2"
"0","2"
"0","4.1114343929393726e-8"
"0","0.10000001639127731"
"0","14.000000953674316"
"0","25.999996185302734"
"0","2.1000001430511475"
"0","1"
"0","19"
"0","4.1114343929393726e-8"
"0","22.299997329711914"
"0","25.999996185302734"
"0","40.99999237060547"
"0","4.1114343929393726e-8"
"0","52.09999084472656"
"0","2"
"0","49.9999885559082"
"0","59.9999885559082"
"0","91.90000915527344"
"0.20597466826438904","77.99998474121094"
"0","107.00000762939453"
"0","7"
"0","18"
"0.022414522245526314","3"
"0","2"
"0","3"
"0","1.100000023841858"
"0","0.5"
"0","3"
"0","4.1114343929393726e-8"
"0.21199224889278412","4.099999904632568"
"0.4507681131362915","20.999996185302734"
"0.0077017988078296185","8"
"0","1.899999976158142"
"0","19.999996185302734"
"0","0.10000001639127731"
"0","7"
"0","4"
"0","4.1114343929393726e-8"
"0.23851639032363892","33.59999465942383"
"0","4.1114343929393726e-8"
"0.05843475088477135","4.1114343929393726e-8"
"0.5639268159866333","4.1114343929393726e-8"
"0.8675758242607117","15"
"0","2"
"0","4.1114343929393726e-8"
"0.04563669487833977","4.1114343929393726e-8"
"0.30493777990341187","4.1114343929393726e-8"
"0","4.1114343929393726e-8"
"0","4.1114343929393726e-8"
"0","4.1114343929393726e-8"
"0.26277634501457214","0.800000011920929"
"0.1047840565443039","4.1114343929393726e-8"
"0.09480272978544235","0.6000000238418579"
"0.9517475366592407","10.000000953674316"
"3.1490917205810547","24.000001907348633"
"0.6102275252342224","4.1114343929393726e-8"
"0","7"
"0.2770993113517761","4.1114343929393726e-8"
"1.1863794326782227","0.8999999761581421"
"0.4305054545402527","4.1114343929393726e-8"
"0.2751583158969879","4.1114343929393726e-8"
"0","4.1114343929393726e-8"
"0.042329560965299606","4.1114343929393726e-8"
"0.15398481488227844","5.999999523162842"
"2.235229015350342","4.1114343929393726e-8"
"3.063147783279419","4.1114343929393726e-8"
"4.063011169433594","4.1114343929393726e-8"
"1.4047861099243164","3"
"0.15316817164421082","4.1114343929393726e-8"
"0.15953540802001953","4.1114343929393726e-8"
"0.41403231024742126","4.1114343929393726e-8"
"0.3339459002017975","0.10000001639127731"
"0.08382851630449295","4.1114343929393726e-8"
"0.2832489609718323","4.1114343929393726e-8"
"0.29225102066993713","4.1114343929393726e-8"
"0.6290037631988525","1"
"0.3577471077442169","2"
"1.7803996801376343","4.1114343929393726e-8"
"1.481929063796997","4.1114343929393726e-8"
"0.41330933570861816","4.1114343929393726e-8"
"0.13273780047893524","1"
"0.39053842425346375","4"
"0.07544242590665817","4.1114343929393726e-8"
"0.02719726599752903","4.1114343929393726e-8"
"0.0679335817694664","4.1114343929393726e-8"
"0","4.1114343929393726e-8"
"0.2532501220703125","5"
"0","9"
"0.21670010685920715","4.1114343929393726e-8"
"1.1438803672790527","4.1114343929393726e-8"
"0.8377648591995239","4.1114343929393726e-8"
"0.13491113483905792","11.999999046325684"
"0","0.5"
"0","3"
"0.14996308088302612","18.299997329711914"
"0","4.1114343929393726e-8"
"0","0.5"
"0","18"
"0","8.09999942779541"
"0","4.1114343929393726e-8"
"0.39255455136299133","4.1114343929393726e-8"
"0.44305312633514404","4.1114343929393726e-8"
"0.7289016246795654","4.1114343929393726e-8"
"0.05906158685684204","4.1114343929393726e-8"
"0.07287726551294327","0.19999997317790985"
"0.05538652837276459","2"
"0.1759798675775528","3"
"0","1"
"0.3011080324649811","0.8999999761581421"
"0","3"
"0.04297402501106262","13.299999237060547"
"0","4.1114343929393726e-8"
"0","4.1114343929393726e-8"
"0.09863927215337753","4.1114343929393726e-8"
"0.18200770020484924","4.1114343929393726e-8"
"0","4.1114343929393726e-8"
"0","4.1114343929393726e-8"
"0","4.1114343929393726e-8"
"0","0.10000001639127731"
"0","4.1114343929393726e-8"
"0","4.1114343929393726e-8"
"0","2"
"0.01013454794883728","11"
"0.8021566271781921","2"
"10.47017765045166","4.1114343929393726e-8"
"12.544601440429688","56.999996185302734"
"19.10538673400879","15"
"2.359330177307129","7.1999993324279785"
"1.974601149559021","0.4000000059604645"
"4.823996543884277","42.000003814697266"
"2.0629706382751465","34.99999237060547"
"0.7214156985282898","62.000022888183594"
"1.1099772453308105","19.999996185302734"
"1.9355032444000244","31.9999942779541"
"9.085512161254883","45.99999237060547"
"1.0593419075012207","31.9999942779541"
"16.338634490966797","31"
"14.457131385803223","18"
"29.70104217529297","35.999996185302734"
"2.6286063194274902","56"
"3.3004322052001953","0.30000001192092896"
"2.683109760284424","18"
"4.352065086364746","40"
"2.4762210845947266","81.99998474121094"
"6.203030586242676","11"
"1.295150876045227","24.000001907348633"
"8.806905746459961","33"
"1.6304590702056885","0.4000000059604645"
"14.264638900756836","0.7000000476837158"
"12.075228691101074","2"
"29.115127563476562","4"
"6.19849967956543","0.10000001639127731"
"4.267166614532471","0.7000000476837158"
"1.9032061100006104","4.1114343929393726e-8"
"3.190727472305298","11.999999046325684"
"2.948364734649658","7.1999993324279785"
"3.8977785110473633","2"
"1.8566813468933105","11.999999046325684"
"1.3690669536590576","5.999999523162842"
"2.1118085384368896","0.30000001192092896"
"4.2403788566589355","4.1114343929393726e-8"
"3.989687204360962","4.1114343929393726e-8"
"14.048294067382812","4.1114343929393726e-8"
"12.27529525756836","3"
"2.718904972076416","1.1999999284744263"
"1.1182990074157715","0.5"
"0.7792091369628906","1"
"0.9571492075920105","4.1114343929393726e-8"
"1.8745942115783691","1.4999998807907104"
"0.6721937656402588","4.1114343929393726e-8"
"1.2664464712142944","10.000000953674316"
"0.693663477897644","4.1114343929393726e-8"
"5.297025680541992","4.1114343929393726e-8"
"12.366164207458496","4.1114343929393726e-8"
"20.316347122192383","4.1114343929393726e-8"
"6.524473190307617","4.1114343929393726e-8"
"0.7682802081108093","4.1114343929393726e-8"
"1.0160059928894043","0.10000001639127731"
"1.897648811340332","0.10000001639127731"
"0.3855523467063904","0.6000000238418579"
"0.9319968223571777","4.1114343929393726e-8"
"0.25284790992736816","0.19999997317790985"
"3.0383987426757812","10.199997901916504"
"0.8876609802246094","4.1114343929393726e-8"
"14.36875057220459","4.1114343929393726e-8"
"15.00597858428955","4.1114343929393726e-8"
"14.51961612701416","4.1114343929393726e-8"
"6.4275803565979","4.1114343929393726e-8"
"1.8763359785079956","4.1114343929393726e-8"
"4.961402893066406","4.1114343929393726e-8"
"4.770256519317627","4.1114343929393726e-8"
"1.473841905593872","4.1114343929393726e-8"
"1.6124546527862549","2"
"2.567307233810425","4.1114343929393726e-8"
"3.6505045890808105","0.800000011920929"
"0.9760501980781555","4.1114343929393726e-8"
"9.124855995178223","0.4000000059604645"
"15.780426025390625","4.1114343929393726e-8"
"14.818519592285156","2"
"8.63959789276123","4.1114343929393726e-8"
"2.1647133827209473","4.1114343929393726e-8"
"2.5242302417755127","4.1114343929393726e-8"
"1.2799811363220215","5.999999523162842"
"1.3705673217773438","4.1114343929393726e-8"
"0.7273755073547363","4.1114343929393726e-8"
"1.2621057033538818","4.1114343929393726e-8"
"3.8108699321746826","5.999999523162842"
"1.2845890522003174","5"
"10.561790466308594","65.00000762939453"
"14.824878692626953","16.999996185302734"
"19.81678581237793","29.999998092651367"
"11.431198120117188","4.1114343929393726e-8"
"2.3674745559692383","3"
"1.928330898284912","4.1114343929393726e-8"
"1.6810991764068604","10.000000953674316"
"0.8881499171257019","4.1114343929393726e-8"
"1.2236939668655396","1.899999976158142"
"1.0920501947402954","0.19999997317790985"
"1.9403119087219238","11"
"0.5675932168960571","4.1114343929393726e-8"
"8.654573440551758","3"
"20.434223175048828","26.999996185302734"
"19.216060638427734","9"
"8.021930694580078","5.999999523162842"
"1.523327350616455","11.999999046325684"
"1.5764528512954712","0.10000001639127731"
"2.307880401611328","11"
"0.6594705581665039","0.19999997317790985"
"1.2880253791809082","2.1000001430511475"
"0.43623924255371094","3.799999952316284"
"3.614380121231079","2.1999998092651367"
"0.36383846402168274","4.1114343929393726e-8"
"5.774303913116455","7"
"11.677445411682129","4.1114343929393726e-8"
"10.849967002868652","2"
"2.184042453765869","4.1114343929393726e-8"
"1.1324785947799683","4.1114343929393726e-8"
"1.049270510673523","4.1114343929393726e-8"
"0.9642247557640076","4.1114343929393726e-8"
"0.6492056250572205","4.1114343929393726e-8"
"0.7058438062667847","4.1114343929393726e-8"
"0.6775078773498535","4.1114343929393726e-8"
"5.707645416259766","4.1114343929393726e-8"
"0.10096044093370438","4.1114343929393726e-8"
"1.0126010179519653","34.99999237060547"
"1.5564851760864258","0.4000000059604645"
"2.6769728660583496","3"
"0.15908680856227875","0.8999999761581421"
"0.06304074078798294","5.999999523162842"
"0.3768681585788727","8"
"1.4819185733795166","4.1114343929393726e-8"
"0.3784870207309723","4.1114343929393726e-8"
"0.29150938987731934","4.1114343929393726e-8"
"0.31449103355407715","4.1114343929393726e-8"
"1.1720832586288452","4.1114343929393726e-8"
"0.006876801140606403","4.1114343929393726e-8"
"0.3452315926551819","1"
"0.42770373821258545","6.799999237060547"
"2.4218108654022217","81"
"0.5984541177749634","15.999996185302734"
"0.08890347927808762","4.1114343929393726e-8"
"0.14714941382408142","8"
"0.3890610337257385","0.10000001639127731"
"0.036030471324920654","4.1114343929393726e-8"
"0.015924248844385147","4.1114343929393726e-8"
"0","4.1114343929393726e-8"
"0.5822855830192566","4.1114343929393726e-8"
"0.27192530035972595","4.1114343929393726e-8"
"1.3719737529754639","11"
"0.6477105617523193","26.999996185302734"
"5.735043525695801","7"
"1.184211015701294","3"
"0.19644314050674438","33"
"1.219008445739746","4.1114343929393726e-8"
"0.7152252197265625","8.199999809265137"
"0.05379708856344223","4.1114343929393726e-8"
"0.26740536093711853","7"
"0.287381112575531","4.1114343929393726e-8"
"3.4064722061157227","4.1114343929393726e-8"
"0","4.1114343929393726e-8"
"0.04891618713736534","3"
"0.062053386121988297","23"
"0.36758720874786377","14.000000953674316"
"0","4.1114343929393726e-8"
"0","4.1114343929393726e-8"
"0.0035629228223115206","2"
"0","4.1114343929393726e-8"
"0","4.1114343929393726e-8"
"0","4.1114343929393726e-8"
"0","4.1114343929393726e-8"
"0.20674490928649902","4.1114343929393726e-8"
"0.5631080865859985","4.1114343929393726e-8"
"2.949779510498047","4"
"3.278759002685547","42.699989318847656"
"13.591535568237305","4.700000286102295"
"1.1790244579315186","4.1114343929393726e-8"
"0.2946716248989105","4.1114343929393726e-8"
"0.38968709111213684","4.1114343929393726e-8"
"0.4129555821418762","4.1114343929393726e-8"
"0.42524269223213196","4.1114343929393726e-8"
"0.260637104511261","4.1114343929393726e-8"
"0.30554258823394775","4.1114343929393726e-8"
"0.6122698783874512","4.1114343929393726e-8"
"0.6115239858627319","4.1114343929393726e-8"
"6.038154125213623","4.1114343929393726e-8"
"5.784265041351318","4.1114343929393726e-8"
"16.19650650024414","4.1114343929393726e-8"
"1.424248218536377","4.1114343929393726e-8"
"0.22026246786117554","4.1114343929393726e-8"
"0.5917657017707825","4.1114343929393726e-8"
"3.0583767890930176","4.1114343929393726e-8"
"0.5021880269050598","4.1114343929393726e-8"
"0.3301072120666504","4.1114343929393726e-8"
"0.18213284015655518","4.1114343929393726e-8"
"0.6830679178237915","4.1114343929393726e-8"
"1.2078680992126465","4.1114343929393726e-8"
"9.180463790893555","4.1114343929393726e-8"
"10.266221046447754","4.1114343929393726e-8"
"10.774359703063965","4.1114343929393726e-8"
"5.34288215637207","14.599998474121094"
"1.2345094680786133","4.1114343929393726e-8"
"2.0833730697631836","9.599998474121094"
"1.3521478176116943","11.100001335144043"
"2.290419340133667","4.1114343929393726e-8"
"0.9614542126655579","4.1114343929393726e-8"
"1.36976957321167","1.2999999523162842"
"1.1306838989257812","19.199996948242188"
"0.3736923038959503","4.1114343929393726e-8"
"5.661284446716309","4.1114343929393726e-8"
"10.77033805847168","4.1114343929393726e-8"
"12.08294677734375","4.1114343929393726e-8"
"1.6897263526916504","1.399999976158142"
"0.9662938117980957","4.1114343929393726e-8"
"1.7100263833999634","2.3999998569488525"
"0.8128634095191956","11.399998664855957"
"0.21555829048156738","3.499999523162842"
"0.8697304725646973","4.1114343929393726e-8"
"0.20591823756694794","2.6999998092651367"
"4.286414623260498","33.999996185302734"
"0","4.1114343929393726e-8"
"0","4.1114343929393726e-8"
"0.17474819719791412","4.1114343929393726e-8"
"0.4182277023792267","4.1114343929393726e-8"
"0","8.399998664855957"
"0","4.1114343929393726e-8"
"0","4.1114343929393726e-8"
"0.0700262114405632","4.1114343929393726e-8"
"0.015571705996990204","4.1114343929393726e-8"
"0","4.1114343929393726e-8"
"0","4.1114343929393726e-8"
"0.04799254238605499","4.1114343929393726e-8"
"0","2"
"0.02348410151898861","65.99998474121094"
"0","37.39999008178711"
"0.27332887053489685","23.700000762939453"
"0","9.399998664855957"
"0","2.3999998569488525"
"0","16.099998474121094"
"0.1463310420513153","4.1114343929393726e-8"
"0","4.1114343929393726e-8"
"0.05940384417772293","1.2999999523162842"
"0","22.799999237060547"
"0.6357773542404175","42.30000305175781"
"0","19.299999237060547"
"0","8.09999942779541"
"0","37.999996185302734"
"1.1001288890838623","42.899993896484375"
"0","14.39999771118164"
"0","4.1114343929393726e-8"
"0","4.1114343929393726e-8"
"0","4.1114343929393726e-8"
"0","4.1114343929393726e-8"
"0","4.1114343929393726e-8"
"0","34.499996185302734"
"0.8476197719573975","5.700000762939453"
"0","5.399999618530273"
"0.11047561466693878","23.700000762939453"
"0","94.60002136230469"
"0.35821348428726196","37.39999008178711"
"0","10.000000953674316"
"0","3"
"0","23.900001525878906"
"0.2144966721534729","17.499998092651367"
"0","16.499998092651367"
"0","3.5999999046325684"
"0","5.600000381469727"
"0.39407777786254883","4.1114343929393726e-8"
"0","19.700000762939453"
"0","4.1114343929393726e-8"
"0","18.699996948242188"
"0","24.89999771118164"
"0","19.5"
"0","33.59999465942383"
"0","2.6999998092651367"
"0.14297613501548767","26.80000114440918"
"0","4.1114343929393726e-8"
"0","14.499999046325684"
"0","7.1999993324279785"
"0","72.5999984741211"
"0","15.799997329711914"
"0","14.300000190734863"
"0","4.1114343929393726e-8"
"0.08495283871889114","4.1114343929393726e-8"
"0","18.59999656677246"
"0","4.1114343929393726e-8"
"0","4.1114343929393726e-8"
"0","12.699996948242188"
"0","4.1114343929393726e-8"
"0","4.1114343929393726e-8"
"0","4.1114343929393726e-8"
"0","4.1114343929393726e-8"
"0","4.199999809265137"
"0","24.000001907348633"
"0","1.100000023841858"
"0.1672641932964325","13.499999046325684"
"0","4.1114343929393726e-8"
"0","4.1114343929393726e-8"
"0","4.1114343929393726e-8"
"0","4.1114343929393726e-8"
"0","4.1114343929393726e-8"
"0","4.1114343929393726e-8"
"0","4.1114343929393726e-8"
"0","4.1114343929393726e-8"
"0","1.899999976158142"
"0","8.80000114440918"
"0","4.1114343929393726e-8"
"0.11518988013267517","18.39999771118164"
"0","4.600000381469727"
"0","4.1114343929393726e-8"
"0","5.600000381469727"
"0","65.39998626708984"
"0","33.999996185302734"
"0","4.1114343929393726e-8"
"0","54.89999771118164"
"0","29.79999542236328"
"0","4.1114343929393726e-8"
"0.15375640988349915","4.1114343929393726e-8"
"0","4.1114343929393726e-8"
"0.597156822681427","0.8999999761581421"
"0","4.1114343929393726e-8"
"0","4.1114343929393726e-8"
"0","4.1114343929393726e-8"
"0","4.1114343929393726e-8"
"0","4.1114343929393726e-8"
"0","4.1114343929393726e-8"
"0","4.1114343929393726e-8"
"0","4.1114343929393726e-8"
"0","4.1114343929393726e-8"
"0","4.1114343929393726e-8"
"0","4.1114343929393726e-8"
"0.19183604419231415","4.1114343929393726e-8"
"0","4.1114343929393726e-8"
"0","4.1114343929393726e-8"
"0","4.1114343929393726e-8"
"0","4.1114343929393726e-8"
"0","4.1114343929393726e-8"
"0","4.1114343929393726e-8"
"0","4.1114343929393726e-8"
"0","4.1114343929393726e-8"
"0.0604313388466835","4.1114343929393726e-8"
"0.8796266913414001","4.1114343929393726e-8"
"0.870007336139679","34.29999542236328"
"6.228086948394775","14.899998664855957"
"0.2930234372615814","4.1114343929393726e-8"
"0.7919367551803589","4.1114343929393726e-8"
"0.5395695567131042","4.1114343929393726e-8"
"1.4985202550888062","4.1114343929393726e-8"
"0.21802513301372528","4.1114343929393726e-8"
"0.19843707978725433","4.1114343929393726e-8"
"1.0405333042144775","4.1114343929393726e-8"
"6.518141269683838","4.1114343929393726e-8"
"0.3107510507106781","19.700000762939453"
"4.658074378967285","10.899999618530273"
"1.1588371992111206","2.3000001907348633"
"15.623854637145996","4.1114343929393726e-8"
"3.6748690605163574","4.1114343929393726e-8"
"1.3208054304122925","4.1114343929393726e-8"
"0.8347132205963135","4.1114343929393726e-8"
"10.444483757019043","4.1114343929393726e-8"
"1.041499376296997","4.1114343929393726e-8"
"2.595097780227661","4.1114343929393726e-8"
"1.5291390419006348","4.1114343929393726e-8"
"5.022903919219971","4.1114343929393726e-8"
"2.9489800930023193","4.1114343929393726e-8"
"7.573480606079102","4.1114343929393726e-8"
"5.543361186981201","4.1114343929393726e-8"
"30.93314552307129","4.1114343929393726e-8"
"19.817794799804688","4.1114343929393726e-8"
"3.8838071823120117","4.1114343929393726e-8"
"2.765951156616211","7"
"5.273329734802246","4.1114343929393726e-8"
"4.378209590911865","0.5"
"2.865152359008789","4.1114343929393726e-8"
"3.558305501937866","0.5"
"1.9645414352416992","2.499999761581421"
"3.385861873626709","4.1114343929393726e-8"
"14.313126564025879","27.700000762939453"
"15.420919418334961","4.1114343929393726e-8"
"20.675071716308594","4.1114343929393726e-8"
"19.457672119140625","4.1114343929393726e-8"
"4.6184186935424805","4.1114343929393726e-8"
"3.378192901611328","4.1114343929393726e-8"
"1.3882324695587158","4.1114343929393726e-8"
"1.047943353652954","4.1114343929393726e-8"
"1.4243797063827515","4.1114343929393726e-8"
"1.1069673299789429","4.1114343929393726e-8"
"3.4094552993774414","4.1114343929393726e-8"
"0.4964897334575653","4.1114343929393726e-8"
"8.591647148132324","39.49999237060547"
"31.00495147705078","73.00000762939453"
"13.761536598205566","32.5"
"3.026095390319824","11.299999237060547"
"1.0571229457855225","4.1114343929393726e-8"
"1.106870412826538","4.1114343929393726e-8"
"0.5988501906394958","4.1114343929393726e-8"
"0.42388463020324707","4.1114343929393726e-8"
"0.741765022277832","19.099998474121094"
"0.3699224889278412","4.1114343929393726e-8"
"3.4381937980651855","4.1114343929393726e-8"
"0","4.1114343929393726e-8"
"1.0165822505950928","4.1114343929393726e-8"
"3.7839365005493164","4.1114343929393726e-8"
"1.8974169492721558","4.1114343929393726e-8"
"0","4.1114343929393726e-8"
"0","4.1114343929393726e-8"
"0.02697944827377796","4.1114343929393726e-8"
"0.05046883970499039","4.1114343929393726e-8"
"0.08972059935331345","4.1114343929393726e-8"
"0.29049402475357056","4.1114343929393726e-8"
"0","4.1114343929393726e-8"
"0.3280586302280426","4.1114343929393726e-8"
"0","4.1114343929393726e-8"
"0","4.1114343929393726e-8"
"0.0706261545419693","4.1114343929393726e-8"
"0.38807156682014465","4.1114343929393726e-8"
"0","4.1114343929393726e-8"
"0","4.1114343929393726e-8"
"0","4.1114343929393726e-8"
"0","4.1114343929393726e-8"
"0","4.1114343929393726e-8"
"0","4.1114343929393726e-8"
"0","4.1114343929393726e-8"
"0.01442253589630127","4.1114343929393726e-8"
"0","4.1114343929393726e-8"
"0.1559055894613266","4.1114343929393726e-8"
"0","4.1114343929393726e-8"
"0.0047072758898139","4.1114343929393726e-8"
"0","4.1114343929393726e-8"
"0","4.1114343929393726e-8"
"0","4.1114343929393726e-8"
"0","4.1114343929393726e-8"
"0","4.1114343929393726e-8"
"0","4.1114343929393726e-8"
"0","4.1114343929393726e-8"
"0","32.69999694824219"
"0.0866374596953392","4.1114343929393726e-8"
"0","4.1114343929393726e-8"
"0","4.1114343929393726e-8"
"0.11620308458805084","4.1114343929393726e-8"
"0","4.1114343929393726e-8"
"0","4.1114343929393726e-8"
"0","4.1114343929393726e-8"
"0.0566909983754158","4.1114343929393726e-8"
"0","4.1114343929393726e-8"
"0","4.1114343929393726e-8"
"0","4.1114343929393726e-8"
"0","10.199997901916504"
"0","4.1114343929393726e-8"
"0.04448899254202843","9"
"0","1"
"0.17458856105804443","2.799999713897705"
"0","4.90000057220459"
"0","0.800000011920929"
"0","14.000000953674316"
"0","17.399995803833008"
"0","7.40000057220459"
"0","4.600000381469727"
"0","15.600000381469727"
"0.3342004716396332","20.799999237060547"
"0","4.1114343929393726e-8"
"0.07133370637893677","4.1114343929393726e-8"
"0","4.1114343929393726e-8"
"0.11004110425710678","4.1114343929393726e-8"
"0","4.1114343929393726e-8"
"0","4.1114343929393726e-8"
"0","4.1114343929393726e-8"
"0.3771110773086548","4.1114343929393726e-8"
"0","0.19999997317790985"
"0.13234370946884155","4.1114343929393726e-8"
"0","0.5"
"0","5.700000762939453"
"0","4.1114343929393726e-8"
"0.3166921138763428","4.1114343929393726e-8"
"0.17720280587673187","4.1114343929393726e-8"
"0.6182451248168945","4.1114343929393726e-8"
"0","4.1114343929393726e-8"
"0.2018420249223709","4.1114343929393726e-8"
"0.1356741040945053","4.1114343929393726e-8"
"0.7078254222869873","4.1114343929393726e-8"
"0","4.1114343929393726e-8"
"0.14472989737987518","4.1114343929393726e-8"
"0","9.399998664855957"
"0.11394479125738144","9"
"0","4.1114343929393726e-8"
"2.099417209625244","4.1114343929393726e-8"
"1.4839829206466675","4.1114343929393726e-8"
"5.0203938484191895","4.1114343929393726e-8"
"0","4.1114343929393726e-8"
"0.13733606040477753","4.1114343929393726e-8"
"1.3280012607574463","4.1114343929393726e-8"
"0.8822705149650574","4.1114343929393726e-8"
"0.6393409967422485","4.1114343929393726e-8"
"1.6975972652435303","4.1114343929393726e-8"
"0.7774742841720581","4.1114343929393726e-8"
"0.4995611310005188","4.1114343929393726e-8"
"0.4414845407009125","4.1114343929393726e-8"
"1.4259204864501953","4.1114343929393726e-8"
"1.502907633781433","4.1114343929393726e-8"
"4.507806301116943","4.1114343929393726e-8"
"0.8098787665367126","4.1114343929393726e-8"
"0.3042915463447571","4.1114343929393726e-8"
"0.15658503770828247","4.1114343929393726e-8"
"0.10361714661121368","4.1114343929393726e-8"
"0.44587206840515137","4.1114343929393726e-8"
"0.8042778372764587","4.1114343929393726e-8"
"0.025345329195261","4.1114343929393726e-8"
"0.3814017176628113","4.1114343929393726e-8"
"0","14.000000953674316"
"0.16352126002311707","25.999996185302734"
"0.45339590311050415","2.1000001430511475"
"0.4627026915550232","1"
"0.449871301651001","19"
"0.012693704105913639","4.1114343929393726e-8"
"0","22.299997329711914"
"0","25.999996185302734"
"0","40.99999237060547"
"0","4.1114343929393726e-8"
"0","52.09999084472656"
"0","2"
"0.10829602181911469","49.9999885559082"
"0.13322611153125763","59.9999885559082"
"0.373824805021286","91.90000915527344"
"1.0018105506896973","77.99998474121094"
"0.1910352110862732","107.00000762939453"
"0.08896682411432266","7"
"0.1713760942220688","18"
"0.42243748903274536","3"
"0","2"
"0.038492243736982346","3"
"0","1.100000023841858"
"0","0.5"
"0.2608809173107147","3"
"1.4938851594924927","4.1114343929393726e-8"
"2.327806234359741","4.099999904632568"
"3.632518768310547","20.999996185302734"
"0.58576500415802","8"
"0.412243515253067","1.899999976158142"
"0.6663254499435425","19.999996185302734"
"0.7476268410682678","0.10000001639127731"
"0.6402673721313477","7"
"0.42512524127960205","4"
"0.5885411500930786","4.1114343929393726e-8"
"0.8077147603034973","33.59999465942383"
"0.24709491431713104","4.1114343929393726e-8"
"2.461752414703369","4.1114343929393726e-8"
"6.1766133308410645","4.1114343929393726e-8"
"7.3686347007751465","15"
"0.8784059882164001","2"
"0.36703822016716003","4.1114343929393726e-8"
"0.6521508693695068","4.1114343929393726e-8"
"0.8548950552940369","4.1114343929393726e-8"
"0.3525274991989136","4.1114343929393726e-8"
"0.8638855218887329","4.1114343929393726e-8"
"0.32427969574928284","4.1114343929393726e-8"
"0.9066773653030396","0.800000011920929"
"0","4.1114343929393726e-8"
"0.2033403515815735","0.6000000238418579"
"0","10.000000953674316"
"0.35733911395072937","24.000001907348633"
"0","4.1114343929393726e-8"
"0","7"
"0","4.1114343929393726e-8"
"0.1064702495932579","0.8999999761581421"
"0","4.1114343929393726e-8"
"0.0711691603064537","4.1114343929393726e-8"
"0.016994193196296692","4.1114343929393726e-8"
"0","4.1114343929393726e-8"
"0","5.999999523162842"
"0","4.1114343929393726e-8"
"0","4.1114343929393726e-8"
"0.07070432603359222","4.1114343929393726e-8"
"0","3"
"0","4.1114343929393726e-8"
"0","4.1114343929393726e-8"
"0","4.1114343929393726e-8"
"0","0.10000001639127731"
"0.028733281418681145","4.1114343929393726e-8"
"0","4.1114343929393726e-8"
"0","4.1114343929393726e-8"
"0","1"
"0","2"
"0.06315828859806061","4.1114343929393726e-8"
"0.23400285840034485","4.1114343929393726e-8"
"0.03396543860435486","4.1114343929393726e-8"
"0","1"
"0","4"
"0","4.1114343929393726e-8"
"0","4.1114343929393726e-8"
"0","4.1114343929393726e-8"
"0","4.1114343929393726e-8"
"0","5"
"0","9"
"0","4.1114343929393726e-8"
"0","4.1114343929393726e-8"
"0.04701978713274002","4.1114343929393726e-8"
"0","11.999999046325684"
"0","0.5"
"0","3"
"0","18.299997329711914"
"0","4.1114343929393726e-8"
"0","0.5"
"0","18"
"0","8.09999942779541"
"0.006527397315949202","4.1114343929393726e-8"
"0","4.1114343929393726e-8"
"0","4.1114343929393726e-8"
"0.11079522967338562","4.1114343929393726e-8"
"0","4.1114343929393726e-8"
"0","0.19999997317790985"
"0","2"
"0","3"
"0","1"
"0","0.8999999761581421"
"0","3"
"0","13.299999237060547"
"0","4.1114343929393726e-8"
"0.27315956354141235","4.1114343929393726e-8"
"0.10830692201852798","4.1114343929393726e-8"
"1.220576286315918","4.1114343929393726e-8"
"0.0007265875465236604","4.1114343929393726e-8"
"0","4.1114343929393726e-8"
"0","4.1114343929393726e-8"
"0","0.10000001639127731"
"0","4.1114343929393726e-8"
"0","4.1114343929393726e-8"
"0","2"
"0.03232721984386444","11"
"0.19961701333522797","4.1114343929393726e-8"
"0.6093142628669739","4.1114343929393726e-8"
"0.2017948180437088","4.1114343929393726e-8"
"1.7458930015563965","4.1114343929393726e-8"
"0","4.1114343929393726e-8"
"0","0.7000000476837158"
"0","4.1114343929393726e-8"
"0","1.899999976158142"
"0","4.1114343929393726e-8"
"0","4.1114343929393726e-8"
"0","4.1114343929393726e-8"
"0.07040716707706451","11.999999046325684"
"0","4.1114343929393726e-8"
"0.7880107164382935","4.1114343929393726e-8"
"0.34390607476234436","4.1114343929393726e-8"
"0.9191462993621826","4.1114343929393726e-8"
"0","4.1114343929393726e-8"
"0","4.1114343929393726e-8"
"0","4.1114343929393726e-8"
"0.12198831886053085","4.1114343929393726e-8"
"0.04046596959233284","4.1114343929393726e-8"
"0","0.19999997317790985"
"0","4.1114343929393726e-8"
"0.026552150025963783","4.1114343929393726e-8"
"0.052487220615148544","4.1114343929393726e-8"
"0.6225173473358154","4.1114343929393726e-8"
"0.49085336923599243","4.1114343929393726e-8"
"1.3679276704788208","4.1114343929393726e-8"
"0.22305387258529663","4.1114343929393726e-8"
"0","4.1114343929393726e-8"
"0.07480224221944809","4.1114343929393726e-8"
"0.1602039337158203","4.1114343929393726e-8"
"0.0656227171421051","4.1114343929393726e-8"
"0.31547272205352783","4.1114343929393726e-8"
"0","4.1114343929393726e-8"
"0.8689317107200623","4.1114343929393726e-8"
"0","4.1114343929393726e-8"
"0.0018569576786831021","0.4000000059604645"
"0","4.1114343929393726e-8"
"0.12664522230625153","0.10000001639127731"
"0","2"
"0","4.1114343929393726e-8"
"0","2"
"0","10.000000953674316"
"0","8"
"0","2"
"0","11"
"0.22130051255226135","43.99999237060547"
"0","4.1114343929393726e-8"
"0.03180353343486786","4.1114343929393726e-8"
"0","4.1114343929393726e-8"
"0.060593221336603165","4.1114343929393726e-8"
"0","4.1114343929393726e-8"
"0","4.1114343929393726e-8"
"0","0.10000001639127731"
"0","0.10000001639127731"
"0","0.6000000238418579"
"0","4.1114343929393726e-8"
"0","0.19999997317790985"
"0.10563886165618896","10.199997901916504"
"0","4.1114343929393726e-8"
"0","4.1114343929393726e-8"
"0","4.1114343929393726e-8"
"0","4.1114343929393726e-8"
"0","4.1114343929393726e-8"
"0","4.1114343929393726e-8"
"0","4.1114343929393726e-8"
"0.1898820847272873","4.1114343929393726e-8"
"0","4.1114343929393726e-8"
"0","2"
"0","4.1114343929393726e-8"
"0.008253514766693115","0.800000011920929"
"0.05370670557022095","4.1114343929393726e-8"
"0.08526076376438141","0.4000000059604645"
"0","4.1114343929393726e-8"
"0.5168571472167969","2"
"0","4.1114343929393726e-8"
"0.04818045720458031","4.1114343929393726e-8"
"0","4.1114343929393726e-8"
"0.23867732286453247","5.999999523162842"
"0","4.1114343929393726e-8"
"0","4.1114343929393726e-8"
"0","4.1114343929393726e-8"
"0","5.999999523162842"
"0.09420038759708405","5"
"0.24598495662212372","65.00000762939453"
"0.2197236269712448","16.999996185302734"
"1.2321525812149048","29.999998092651367"
"0.07805683463811874","4.1114343929393726e-8"
"0","3"
"0.08590108901262283","4.1114343929393726e-8"
"0.054488424211740494","10.000000953674316"
"0","4.1114343929393726e-8"
"0","1.899999976158142"
"0.126363605260849","0.19999997317790985"
"0.18943223357200623","11"
"0.049556151032447815","4.1114343929393726e-8"
"0.14095550775527954","3"
"0.8245652318000793","26.999996185302734"
"2.668172836303711","9"
"0.1613711416721344","5.999999523162842"
"0","11.999999046325684"
"0","0.10000001639127731"
"0.5200872421264648","11"
"0","0.19999997317790985"
"0","2.1000001430511475"
"0.0037413130048662424","3.799999952316284"
"0.22124919295310974","2.1999998092651367"
"0.3306657075881958","4.1114343929393726e-8"
"4.397470474243164","7"
"8.058704376220703","4.1114343929393726e-8"
"9.921595573425293","2"
"2.9764811992645264","4.1114343929393726e-8"
"0.32837939262390137","4.1114343929393726e-8"
"1.266791582107544","4.1114343929393726e-8"
"1.4532341957092285","4.1114343929393726e-8"
"0.49065089225769043","4.1114343929393726e-8"
"0.9874840974807739","4.1114343929393726e-8"
"0.7172225713729858","4.1114343929393726e-8"
"1.1497182846069336","4.1114343929393726e-8"
"0.7437418699264526","4.1114343929393726e-8"
"2.9154117107391357","34.99999237060547"
"8.685958862304688","0.4000000059604645"
"10.926870346069336","3"
"1.7790831327438354","0.8999999761581421"
"0.6519126892089844","5.999999523162842"
"1.0559473037719727","8"
"0.7875127792358398","4.1114343929393726e-8"
"0.7271867990493774","4.1114343929393726e-8"
"1.006487250328064","4.1114343929393726e-8"
"1.2149897813796997","4.1114343929393726e-8"
"1.5002448558807373","4.1114343929393726e-8"
"0.25794076919555664","4.1114343929393726e-8"
"2.3045315742492676","1"
"1.9655693769454956","6.799999237060547"
"5.024366855621338","81"
"1.2209216356277466","15.999996185302734"
"0.8849513530731201","4.1114343929393726e-8"
"1.118916392326355","8"
"0.33032166957855225","0.10000001639127731"
"0.22287026047706604","4.1114343929393726e-8"
"0.9496073722839355","4.1114343929393726e-8"
"0.17588314414024353","4.1114343929393726e-8"
"0.9596612453460693","4.1114343929393726e-8"
"0.30175119638442993","4.1114343929393726e-8"
"1.7283995151519775","11"
"1.7446300983428955","26.999996185302734"
"7.697821617126465","7"
"1.988526463508606","3"
"0.5243695974349976","33"
"0.40124183893203735","4.1114343929393726e-8"
"1.8456096649169922","8.199999809265137"
"0.3756004273891449","4.1114343929393726e-8"
"1.0163520574569702","7"
"0.10302291065454483","4.1114343929393726e-8"
"1.694091558456421","4.1114343929393726e-8"
"0.34000253677368164","4.1114343929393726e-8"
"3.8061883449554443","3"
"2.075453996658325","23"
"9.592609405517578","14.000000953674316"
"2.299622058868408","4.1114343929393726e-8"
"1.0795252323150635","4.1114343929393726e-8"
"0.32680410146713257","2"
"0.7910974025726318","4.1114343929393726e-8"
"0.044704921543598175","4.1114343929393726e-8"
"0.5692471861839294","4.1114343929393726e-8"
"0.6423851251602173","4.1114343929393726e-8"
"2.054172992706299","4.1114343929393726e-8"
"0.2761721909046173","4.1114343929393726e-8"
"1.093799114227295","3"
"0.4495421051979065","4.1114343929393726e-8"
"3.509340286254883","0.4000000059604645"
"0.7209004163742065","4.1114343929393726e-8"
"0.4309580326080322","4.1114343929393726e-8"
"0.685669481754303","4.1114343929393726e-8"
"0.4202423095703125","4.1114343929393726e-8"
"0.3210422098636627","4.1114343929393726e-8"
"0.8303622007369995","4.1114343929393726e-8"
"0.0009585852967575192","0.30000001192092896"
"0.20051421225070953","0.4000000059604645"
"0.08317843079566956","4.1114343929393726e-8"
"0.32764896750450134","0.7000000476837158"
"0.12963487207889557","0.4000000059604645"
"1.4265249967575073","4.1114343929393726e-8"
"0.10611885786056519","0.7000000476837158"
"0","4.1114343929393726e-8"
"0.03909698501229286","3"
"0","18"
"0","5.999999523162842"
"0.02786753885447979","1"
"0","13.699997901916504"
"0","80.00000762939453"
"0.24447676539421082","4"
"0.41499024629592896","3"
"0.2593848407268524","4.1114343929393726e-8"
"1.2636232376098633","0.19999997317790985"
"0.2282274067401886","9.399998664855957"
"0.020563604310154915","0.4000000059604645"
"0.14467784762382507","25.999996185302734"
"0.036682721227407455","64.00001525878906"
"0","52.99999237060547"
"0","3.3999996185302734"
"0","34.99999237060547"
"0.32425686717033386","34.99999237060547"
"0","5"
"0","8"
"0.026136526837944984","1.100000023841858"
"0.23913700878620148","2.799999713897705"
"0","8.199999809265137"
"0","3"
"0","3.3999996185302734"
"0","15"
"0","4.1114343929393726e-8"
"0","4.1114343929393726e-8"
"0","15.100000381469727"
"0.06499974429607391","5.999999523162842"
"0.0895012766122818","4.1114343929393726e-8"
"5.046412944793701","4.1114343929393726e-8"
"8.548969268798828","4.1114343929393726e-8"
"4.727019786834717","4.1114343929393726e-8"
"0.7345253229141235","1.399999976158142"
"0.05475576967000961","4.1114343929393726e-8"
"0.48925819993019104","2.3999998569488525"
"1.580168604850769","11.399998664855957"
"0.48524802923202515","3.499999523162842"
"0.255065381526947","4.1114343929393726e-8"
"0.4956721067428589","2.6999998092651367"
"2.243621587753296","33.999996185302734"
"0","4.1114343929393726e-8"
"0.22139355540275574","4.1114343929393726e-8"
"0.27199655771255493","4.1114343929393726e-8"
"0.3277073800563812","4.1114343929393726e-8"
"0","8.399998664855957"
"0","4.1114343929393726e-8"
"0.019248206168413162","4.1114343929393726e-8"
"0.8370097279548645","4.1114343929393726e-8"
"0","4.1114343929393726e-8"
"0","4.1114343929393726e-8"
"0","4.1114343929393726e-8"
"0.3241006135940552","4.1114343929393726e-8"
"0","2"
"1.0234715938568115","65.99998474121094"
"0.25707024335861206","37.39999008178711"
"1.2834575176239014","23.700000762939453"
"0.3471244275569916","9.399998664855957"
"0.39522039890289307","2.3999998569488525"
"0","16.099998474121094"
"0.9154866933822632","4.1114343929393726e-8"
"0.004633739590644836","4.1114343929393726e-8"
"0.2390386313199997","1.2999999523162842"
"0.49614015221595764","22.799999237060547"
"2.8117904663085938","42.30000305175781"
"0.04401284083724022","19.299999237060547"
"0.6434218883514404","8.09999942779541"
"0.5167531967163086","37.999996185302734"
"2.2324934005737305","42.899993896484375"
"1.5039905309677124","14.39999771118164"
"0.4398864507675171","4.1114343929393726e-8"
"0.26629629731178284","4.1114343929393726e-8"
"0.4288936257362366","4.1114343929393726e-8"
"0","4.1114343929393726e-8"
"0.0940842404961586","4.1114343929393726e-8"
"0.21599917113780975","34.499996185302734"
"1.1456528902053833","5.700000762939453"
"0.01685466058552265","5.399999618530273"
"1.0786772966384888","23.700000762939453"
"0.14754502475261688","94.60002136230469"
"4.661023139953613","37.39999008178711"
"0.5213344693183899","10.000000953674316"
"0.030919354408979416","3"
"0.10011108964681625","23.900001525878906"
"0.44665682315826416","17.499998092651367"
"0","16.499998092651367"
"0.010831402614712715","3.5999999046325684"
"0.1005459800362587","5.600000381469727"
"0.49108031392097473","4.1114343929393726e-8"
"0","19.700000762939453"
"0.07769904285669327","4.1114343929393726e-8"
"0","18.699996948242188"
"0.03057149611413479","24.89999771118164"
"0","19.5"
"0","33.59999465942383"
"0","2.6999998092651367"
"0","26.80000114440918"
"0","4.1114343929393726e-8"
"0","14.499999046325684"
"0","7.1999993324279785"
"0","72.5999984741211"
"0","15.799997329711914"
"0","14.300000190734863"
"0","4.1114343929393726e-8"
"0","4.1114343929393726e-8"
"0","18.59999656677246"
"0","4.1114343929393726e-8"
"0","4.1114343929393726e-8"
"0","12.699996948242188"
"0","4.1114343929393726e-8"
"0","4.1114343929393726e-8"
"0","4.1114343929393726e-8"
"0","4.1114343929393726e-8"
"0","4.199999809265137"
"0","24.000001907348633"
"0","1.100000023841858"
"0","13.499999046325684"
"0","4.1114343929393726e-8"
"0","4.1114343929393726e-8"
"0","4.1114343929393726e-8"
"0","4.1114343929393726e-8"
"0","4.1114343929393726e-8"
"0","4.1114343929393726e-8"
"0","4.1114343929393726e-8"
"0","4.1114343929393726e-8"
"0.014873760752379894","1.899999976158142"
"0","8.80000114440918"
"0","4.1114343929393726e-8"
"0","18.39999771118164"
"0","4.600000381469727"
"0","4.1114343929393726e-8"
"0","5.600000381469727"
"0","65.39998626708984"
"0","33.999996185302734"
"0","4.1114343929393726e-8"
"0","54.89999771118164"
"0","29.79999542236328"
"0","4.1114343929393726e-8"
"0","4.1114343929393726e-8"
"0","4.1114343929393726e-8"
"0.0287515539675951","0.8999999761581421"
"0","4.1114343929393726e-8"
"0.028306232765316963","4.1114343929393726e-8"
"0","4.1114343929393726e-8"
"0","4.1114343929393726e-8"
"0","4.1114343929393726e-8"
"0","4.1114343929393726e-8"
"0","4.1114343929393726e-8"
"0","4.1114343929393726e-8"
"0","4.1114343929393726e-8"
"0","4.1114343929393726e-8"
"0.02997521497309208","4.1114343929393726e-8"
"0.41892966628074646","4.1114343929393726e-8"
"0","4.1114343929393726e-8"
"0","4.1114343929393726e-8"
"0","4.1114343929393726e-8"
"0","4.1114343929393726e-8"
"0","4.1114343929393726e-8"
"0","4.1114343929393726e-8"
"0","4.1114343929393726e-8"
"0","4.1114343929393726e-8"
"0","4.1114343929393726e-8"
"0","2.6999998092651367"
"0","4.1114343929393726e-8"
"0","4.1114343929393726e-8"
"0","4.1114343929393726e-8"
"0","4.1114343929393726e-8"
"0","4.1114343929393726e-8"
"0.0575171634554863","4.1114343929393726e-8"
"0","4.1114343929393726e-8"
"0","4.1114343929393726e-8"
"0","4.1114343929393726e-8"
"0","4.1114343929393726e-8"
"0","4.1114343929393726e-8"
"0.009511218406260014","182.90000915527344"
"0.007783969398587942","31.199993133544922"
"0.2418026179075241","34.19999313354492"
"0","7.90000057220459"
"0","17.699995040893555"
"0","4.1114343929393726e-8"
"0","4.1114343929393726e-8"
"0","4.1114343929393726e-8"
"0","4.1114343929393726e-8"
"0","4.1114343929393726e-8"
"0","4.1114343929393726e-8"
"0","4.1114343929393726e-8"
"0","4.1114343929393726e-8"
"0.012110359966754913","4.1114343929393726e-8"
"0","6.59999942779541"
"0","4.1114343929393726e-8"
"0","4.1114343929393726e-8"
"0","4.1114343929393726e-8"
"0","4.1114343929393726e-8"
"0","4.1114343929393726e-8"
"0","4.1114343929393726e-8"
"0","4.1114343929393726e-8"
"0","4.1114343929393726e-8"
"1.4521300792694092","4.1114343929393726e-8"
"12.690364837646484","27.700000762939453"
"14.766043663024902","4.1114343929393726e-8"
"35.86056137084961","4.1114343929393726e-8"
"9.736701965332031","4.1114343929393726e-8"
"2.392777919769287","4.1114343929393726e-8"
"1.507712721824646","4.1114343929393726e-8"
"2.7971270084381104","4.1114343929393726e-8"
"1.4375698566436768","4.1114343929393726e-8"
"0.664688229560852","4.1114343929393726e-8"
"1.1976699829101562","4.1114343929393726e-8"
"2.418778896331787","4.1114343929393726e-8"
"0.9179449677467346","4.1114343929393726e-8"
"7.975798606872559","39.49999237060547"
"25.90271759033203","73.00000762939453"
"23.145021438598633","32.5"
"3.0586819648742676","11.299999237060547"
"0.35336315631866455","4.1114343929393726e-8"
"2.2192962169647217","4.1114343929393726e-8"
"2.6592235565185547","4.1114343929393726e-8"
"0.6292129755020142","4.1114343929393726e-8"
"0.529730498790741","19.099998474121094"
"0.1162208542227745","4.1114343929393726e-8"
"3.433361768722534","4.1114343929393726e-8"
"0.8512308597564697","4.1114343929393726e-8"
"6.59962797164917","4.1114343929393726e-8"
"12.774836540222168","4.1114343929393726e-8"
"13.712578773498535","4.1114343929393726e-8"
"4.127926826477051","4.1114343929393726e-8"
"0.9125640392303467","4.1114343929393726e-8"
"0.737700343132019","4.1114343929393726e-8"
"1.5884900093078613","4.1114343929393726e-8"
"1.9445149898529053","4.1114343929393726e-8"
"1.531397819519043","4.1114343929393726e-8"
"1.295593500137329","4.1114343929393726e-8"
"2.923938751220703","4.1114343929393726e-8"
"0.18448495864868164","4.1114343929393726e-8"
"0.395246297121048","4.1114343929393726e-8"
"1.358161211013794","4.1114343929393726e-8"
"2.4567298889160156","4.1114343929393726e-8"
"0.4241510033607483","4.1114343929393726e-8"
"0","4.1114343929393726e-8"
"0.17289572954177856","4.1114343929393726e-8"
"0.2864440679550171","4.1114343929393726e-8"
"0.15925823152065277","4.1114343929393726e-8"
"0.19464674592018127","4.1114343929393726e-8"
"0.08020593225955963","4.1114343929393726e-8"
"0.36447736620903015","4.1114343929393726e-8"
"0","4.1114343929393726e-8"
"0","4.1114343929393726e-8"
"0","4.1114343929393726e-8"
"0","4.1114343929393726e-8"
"0","4.1114343929393726e-8"
"0","4.1114343929393726e-8"
"0","4.1114343929393726e-8"
"0.010956128127872944","4.1114343929393726e-8"
"0","4.1114343929393726e-8"
"0","4.1114343929393726e-8"
"0","4.1114343929393726e-8"
"0.2101714313030243","32.69999694824219"
"0","4.1114343929393726e-8"
"0","4.1114343929393726e-8"
"0","4.1114343929393726e-8"
"0.11618552356958389","4.1114343929393726e-8"
"0","4.1114343929393726e-8"
"0","4.1114343929393726e-8"
"0","4.1114343929393726e-8"
"0.24932070076465607","4.1114343929393726e-8"
"0","4.1114343929393726e-8"
"0","4.1114343929393726e-8"
"0","4.1114343929393726e-8"
"0.3713798522949219","10.199997901916504"
"0.03617096692323685","4.1114343929393726e-8"
"0","9"
"0.1618768572807312","1"
"1.3414785861968994","2.799999713897705"
"0.17063568532466888","4.90000057220459"
"0.1280582696199417","0.800000011920929"
"0","14.000000953674316"
"0.1761210411787033","17.399995803833008"
"0","7.40000057220459"
"0","4.600000381469727"
"0","15.600000381469727"
"2.4843177795410156","20.799999237060547"
"0.20133674144744873","4.1114343929393726e-8"
"1.8635183572769165","4.1114343929393726e-8"
"0.5731854438781738","4.1114343929393726e-8"
"2.9747602939605713","4.1114343929393726e-8"
"0.5729838013648987","4.1114343929393726e-8"
"1.1626205444335938","4.1114343929393726e-8"
"0.45249053835868835","4.1114343929393726e-8"
"1.003617763519287","4.1114343929393726e-8"
"0.040708791464567184","0.19999997317790985"
"0.4642096161842346","4.1114343929393726e-8"
"0.3282441198825836","0.5"
"3.004910707473755","5.700000762939453"
"0.13329952955245972","4.1114343929393726e-8"
"0.6772103905677795","4.1114343929393726e-8"
"0.5608533620834351","4.1114343929393726e-8"
"3.329258441925049","4.1114343929393726e-8"
"0.049303196370601654","4.1114343929393726e-8"
"0.19800199568271637","4.1114343929393726e-8"
"0.19306807219982147","4.1114343929393726e-8"
"0.8031706213951111","4.1114343929393726e-8"
"0.1886381208896637","4.1114343929393726e-8"
"0.4587439000606537","4.1114343929393726e-8"
"0.11593785881996155","9.399998664855957"
"1.445914626121521","9"
"0","4.1114343929393726e-8"
"1.608569860458374","4.1114343929393726e-8"
"0.5100717544555664","4.1114343929393726e-8"
"0.7867004871368408","4.1114343929393726e-8"
"0.2967432141304016","4.1114343929393726e-8"
"0","4.1114343929393726e-8"
"0.08282411098480225","4.1114343929393726e-8"
"0.27535805106163025","4.1114343929393726e-8"
"0.028524884954094887","4.1114343929393726e-8"
"0.06081835925579071","4.1114343929393726e-8"
"0.26975715160369873","4.1114343929393726e-8"
"0.12897825241088867","4.1114343929393726e-8"
"0.19552646577358246","4.1114343929393726e-8"
"0.025432543829083443","4.1114343929393726e-8"
"0.20362362265586853","4.1114343929393726e-8"
"0.6867510080337524","4.1114343929393726e-8"
"0.648876428604126","4.1114343929393726e-8"
"0.17581845819950104","4.1114343929393726e-8"
"0.2541577219963074","4.1114343929393726e-8"
"0.1722896844148636","4.1114343929393726e-8"
"0.0007907111430540681","4.1114343929393726e-8"
"0.39616939425468445","4.1114343929393726e-8"
"0","4.1114343929393726e-8"
"0.1321854442358017","4.1114343929393726e-8"
"0.11514721065759659","26.19999885559082"
"0.026096956804394722","4.1114343929393726e-8"
"0.029477084055542946","4.1114343929393726e-8"
"1.7035531997680664","4.90000057220459"
"0.04977012425661087","4.1114343929393726e-8"
"0.03635954111814499","10.099998474121094"
"0","4.1114343929393726e-8"
"0.0972176194190979","4.1114343929393726e-8"
"0","4.1114343929393726e-8"
"0","4.1114343929393726e-8"
"0","4.1114343929393726e-8"
"0","4.1114343929393726e-8"
"0.0595439076423645","4.1114343929393726e-8"
"0.8478206992149353","4.1114343929393726e-8"
"0.7801684737205505","4.1114343929393726e-8"
"0.3621097207069397","4.1114343929393726e-8"
"0.08606654405593872","4.1114343929393726e-8"
"0","4.1114343929393726e-8"
"0.24105022847652435","4.1114343929393726e-8"
"0","4.1114343929393726e-8"
"0","4.1114343929393726e-8"
"0.0038146045990288258","4.1114343929393726e-8"
"0","4.1114343929393726e-8"
"0.05060753598809242","4.1114343929393726e-8"
"0","42.79999542236328"
"0.02525738812983036","16.199996948242188"
"0.2753511667251587","10.599998474121094"
"0.09419263154268265","62.29999923706055"
"0","20.400001525878906"
"0","4.1114343929393726e-8"
"0","4.1114343929393726e-8"
"0","4.1114343929393726e-8"
"0","4.1114343929393726e-8"
"0","0.4000000059604645"
"0","4.1114343929393726e-8"
"0","41.89999771118164"
"0.11727634817361832","4.1114343929393726e-8"
"6.201746940612793","4.1114343929393726e-8"
"7.187135696411133","4.1114343929393726e-8"
"12.027992248535156","15"
"0.540523886680603","2"
"0.3341153562068939","4.1114343929393726e-8"
"1.239745020866394","4.1114343929393726e-8"
"1.118377447128296","4.1114343929393726e-8"
"0.7727804183959961","4.1114343929393726e-8"
"1.3923132419586182","4.1114343929393726e-8"
"0.565057635307312","4.1114343929393726e-8"
"0.6939989328384399","0.800000011920929"
"0.12181900441646576","4.1114343929393726e-8"
"2.508419990539551","0.6000000238418579"
"0.5077595710754395","10.000000953674316"
"5.31943416595459","24.000001907348633"
"2.1183671951293945","4.1114343929393726e-8"
"0.06384333968162537","7"
"0.5845842361450195","4.1114343929393726e-8"
"0.9440522789955139","0.8999999761581421"
"0.07232016324996948","4.1114343929393726e-8"
"0.36473843455314636","4.1114343929393726e-8"
"0","4.1114343929393726e-8"
"0.026988200843334198","4.1114343929393726e-8"
"0.19523049890995026","5.999999523162842"
"0.7689551115036011","4.1114343929393726e-8"
"0.21595525741577148","4.1114343929393726e-8"
"5.387957572937012","4.1114343929393726e-8"
"0.6357501149177551","3"
"0.064871646463871","4.1114343929393726e-8"
"0.24855923652648926","4.1114343929393726e-8"
"0.3068385124206543","4.1114343929393726e-8"
"0.2551952004432678","0.10000001639127731"
"0.034089937806129456","4.1114343929393726e-8"
"0","4.1114343929393726e-8"
"1.3505772352218628","4.1114343929393726e-8"
"0","1"
"0","2"
"0.10741572827100754","4.1114343929393726e-8"
"0.9064270257949829","4.1114343929393726e-8"
"0","4.1114343929393726e-8"
"0","1"
"0.09963691234588623","4"
"0.16805538535118103","4.1114343929393726e-8"
"0","4.1114343929393726e-8"
"0","4.1114343929393726e-8"
"0.06474566459655762","4.1114343929393726e-8"
"0","5"
"0","9"
"0","4.1114343929393726e-8"
"0","4.1114343929393726e-8"
"0","4.1114343929393726e-8"
"0","11.999999046325684"
"0","0.5"
"0","3"
"0","18.299997329711914"
"0","4.1114343929393726e-8"
"0","0.5"
"0","18"
"0","8.09999942779541"
"0","4.1114343929393726e-8"
"0","4.1114343929393726e-8"
"0","4.1114343929393726e-8"
"0","4.1114343929393726e-8"
"0","4.1114343929393726e-8"
"0","0.19999997317790985"
"0","2"
"0","3"
"0","1"
"0","0.8999999761581421"
"0","3"
"0","13.299999237060547"
"0","4.1114343929393726e-8"
"0","4.1114343929393726e-8"
"0","4.1114343929393726e-8"
"0.22659844160079956","4.1114343929393726e-8"
"0","4.1114343929393726e-8"
"0","4.1114343929393726e-8"
"0","4.1114343929393726e-8"
"0","0.10000001639127731"
"0","4.1114343929393726e-8"
"0","4.1114343929393726e-8"
"0","2"
"0","11"
"0","4.1114343929393726e-8"
"0","4.1114343929393726e-8"
"0","4.1114343929393726e-8"
"0","4.1114343929393726e-8"
"0","4.1114343929393726e-8"
"0","0.7000000476837158"
"0","4.1114343929393726e-8"
"0","1.899999976158142"
"0","4.1114343929393726e-8"
"0","4.1114343929393726e-8"
"0","4.1114343929393726e-8"
"0","11.999999046325684"
"0","4.1114343929393726e-8"
"0","4.1114343929393726e-8"
"0","4.1114343929393726e-8"
"0","4.1114343929393726e-8"
"0","4.1114343929393726e-8"
"0","4.1114343929393726e-8"
"0","4.1114343929393726e-8"
"0","4.1114343929393726e-8"
"0","4.1114343929393726e-8"
"0","0.19999997317790985"
"0","4.1114343929393726e-8"
"0","4.1114343929393726e-8"
"0","4.1114343929393726e-8"
"0","4.1114343929393726e-8"
"0","4.1114343929393726e-8"
"0.19897638261318207","4.1114343929393726e-8"
"0","4.1114343929393726e-8"
"0","4.1114343929393726e-8"
"0","4.1114343929393726e-8"
"0","4.1114343929393726e-8"
"0","4.1114343929393726e-8"
"0","4.1114343929393726e-8"
"0","4.1114343929393726e-8"
"0","4.1114343929393726e-8"
"0","4.1114343929393726e-8"
"0","0.4000000059604645"
"0","4.1114343929393726e-8"
"0.026465512812137604","0.10000001639127731"
"0","2"
"0","4.1114343929393726e-8"
"0","2"
"0","10.000000953674316"
"0","8"
"0","2"
"0","11"
"0","43.99999237060547"
"0","4.1114343929393726e-8"
"0","4.1114343929393726e-8"
"0.0051618474535644054","4.1114343929393726e-8"
"0","4.1114343929393726e-8"
"0","0.5"
"0","0.10000001639127731"
"0","4.1114343929393726e-8"
"0","5.999999523162842"
"0","2"
"0","5"
"0","12.999998092651367"
"0","42.000003814697266"
"0","0.6000000238418579"
"0","4.1114343929393726e-8"
"0","4.1114343929393726e-8"
"0","4.1114343929393726e-8"
"0","4.1114343929393726e-8"
"0","4.1114343929393726e-8"
"0","4.1114343929393726e-8"
"0","4.1114343929393726e-8"
"0","0.19999997317790985"
"0","4.1114343929393726e-8"
"0","0.5"
"0.008623477071523666","4.800000190734863"
"0","15.999996185302734"
"0","26.19999885559082"
"0","3"
"0.056607987731695175","7"
"0","10.000000953674316"
"0","7"
"0","4.1114343929393726e-8"
"0","20.099998474121094"
"0","2"
"0","5"
"0","15.49999713897705"
"0","19.199996948242188"
"0.8444223999977112","5"
"0.9622187614440918","65.00000762939453"
"0.7199380993843079","16.999996185302734"
"4.282284259796143","29.999998092651367"
"0.8847781419754028","4.1114343929393726e-8"
"0.6916911602020264","3"
"0.29828211665153503","4.1114343929393726e-8"
"0.6969078779220581","10.000000953674316"
"0.48136812448501587","4.1114343929393726e-8"
"0","1.899999976158142"
"0.3013824224472046","0.19999997317790985"
"1.3831406831741333","11"
"0.4596063494682312","4.1114343929393726e-8"
"2.2087604999542236","3"
"7.6646575927734375","26.999996185302734"
"11.076414108276367","9"
"2.051102638244629","5.999999523162842"
"0.3990212380886078","11.999999046325684"
"0.25686997175216675","0.10000001639127731"
"2.576582908630371","11"
"0.5447326302528381","0.19999997317790985"
"0.6434829235076904","2.1000001430511475"
"0.23452474176883698","3.799999952316284"
"3.03620982170105","2.1999998092651367"
"0.2794618606567383","4.1114343929393726e-8"
"1.6905789375305176","7"
"4.144434928894043","4.1114343929393726e-8"
"6.965388298034668","2"
"0.5697122812271118","4.1114343929393726e-8"
"0.41389724612236023","4.1114343929393726e-8"
"0.014916347339749336","4.1114343929393726e-8"
"1.1472951173782349","4.1114343929393726e-8"
"0.47996869683265686","4.1114343929393726e-8"
"0.3524441123008728","4.1114343929393726e-8"
"0.4911095201969147","4.1114343929393726e-8"
"2.454279899597168","4.1114343929393726e-8"
"0.25503936409950256","4.1114343929393726e-8"
"0.5245789289474487","34.99999237060547"
"0.6446508169174194","0.4000000059604645"
"1.5988712310791016","3"
"0.43501999974250793","0.8999999761581421"
"0.09149303287267685","5.999999523162842"
"0.04418366774916649","8"
"0.29471835494041443","4.1114343929393726e-8"
"0.2097529172897339","4.1114343929393726e-8"
"0.4459531009197235","4.1114343929393726e-8"
"0.3206820785999298","4.1114343929393726e-8"
"1.3890515565872192","4.1114343929393726e-8"
"0.16268429160118103","4.1114343929393726e-8"
"0.31984955072402954","1"
"0.4649384617805481","6.799999237060547"
"0.9764658212661743","81"
"0.4798502027988434","15.999996185302734"
"0.09541551768779755","4.1114343929393726e-8"
"0","8"
"0.8720476031303406","0.10000001639127731"
"0.04088491573929787","4.1114343929393726e-8"
"0.2703246474266052","4.1114343929393726e-8"
"0.09530021995306015","4.1114343929393726e-8"
"0.5651321411132812","4.1114343929393726e-8"
"0.48174911737442017","4.1114343929393726e-8"
"0.35226133465766907","11"
"1.5417535305023193","26.999996185302734"
"3.039623260498047","7"
"1.8830503225326538","3"
"0.17136603593826294","33"
"0.5114765763282776","4.1114343929393726e-8"
"1.6383512020111084","8.199999809265137"
"0","4.1114343929393726e-8"
"0.572700023651123","7"
"0.33436745405197144","4.1114343929393726e-8"
"1.1159158945083618","4.1114343929393726e-8"
"0.4133644104003906","4.1114343929393726e-8"
"0.8545091152191162","3"
"3.115676164627075","23"
"1.461836814880371","14.000000953674316"
"2.21311616897583","4.1114343929393726e-8"
"0.048641569912433624","4.1114343929393726e-8"
"0.1344122290611267","2"
"0.1791713535785675","4.1114343929393726e-8"
"0.08711471408605576","4.1114343929393726e-8"
"0.0014950884506106377","4.1114343929393726e-8"
"0.02874591201543808","4.1114343929393726e-8"
"0.5852370858192444","4.1114343929393726e-8"
"0.46478039026260376","4.1114343929393726e-8"
"0.6454839706420898","3"
"8.745028495788574","4.1114343929393726e-8"
"5.274782180786133","0.4000000059604645"
"2.3522732257843018","4.1114343929393726e-8"
"0.11386445164680481","4.1114343929393726e-8"
"0.2911720275878906","4.1114343929393726e-8"
"0.4882494807243347","4.1114343929393726e-8"
"0.054028887301683426","4.1114343929393726e-8"
"0.041191570460796356","4.1114343929393726e-8"
"0.029476838186383247","0.30000001192092896"
"0.502890944480896","0.4000000059604645"
"0.1632615029811859","4.1114343929393726e-8"
"0.19431069493293762","0.7000000476837158"
"4.8189697265625","0.4000000059604645"
"2.620603084564209","4.1114343929393726e-8"
"0.6871715784072876","0.7000000476837158"
"0.007208376191556454","4.1114343929393726e-8"
"0.014684198424220085","3"
"0.6735057830810547","18"
"0","5.999999523162842"
"0","1"
"0","13.699997901916504"
"0.47020697593688965","80.00000762939453"
"0.10176506638526917","4"
"0.21666651964187622","3"
"2.229884147644043","4.1114343929393726e-8"
"1.3480916023254395","0.19999997317790985"
"0.36730700731277466","9.399998664855957"
"0","0.4000000059604645"
"0","25.999996185302734"
"0","64.00001525878906"
"0.21120870113372803","52.99999237060547"
"0","3.3999996185302734"
"0.09183535724878311","34.99999237060547"
"0.27759596705436707","34.99999237060547"
"0.19582273066043854","5"
"0.24284031987190247","8"
"0.6540391445159912","1.100000023841858"
"0.5802463889122009","2.799999713897705"
"0.040378838777542114","8.199999809265137"
"0","3"
"0","3.3999996185302734"
"0.00011872101458720863","15"
"0","4.1114343929393726e-8"
"0","4.1114343929393726e-8"
"0","15.100000381469727"
"0.11844263225793839","5.999999523162842"
"0","4.1114343929393726e-8"
"0.341501384973526","4"
"0.6464580297470093","4.1114343929393726e-8"
"0.7563624382019043","4.1114343929393726e-8"
"0.0006738004740327597","1.8000000715255737"
"0","18.09999656677246"
"0","0.30000001192092896"
"0","4.1114343929393726e-8"
"0.012486685998737812","0.30000001192092896"
"0","4"
"0","4.1114343929393726e-8"
"0.07063821703195572","1"
"0.08172391355037689","0.5"
"0.6032800674438477","22"
"0.928051769733429","0.19999997317790985"
"1.4947887659072876","4.1114343929393726e-8"
"0.42416200041770935","3.3999996185302734"
"0","4.1114343929393726e-8"
"0","4.1114343929393726e-8"
"0.19556273519992828","0.7000000476837158"
"0.21503622829914093","0.30000001192092896"
"0.3062050938606262","4.1114343929393726e-8"
"0.004319953266531229","4.1114343929393726e-8"
"0.2017572820186615","4.1114343929393726e-8"
"0.3564873933792114","11.999999046325684"
"0.9890699982643127","4.1114343929393726e-8"
"1.095327615737915","0.30000001192092896"
"1.497610092163086","13.19999885559082"
"0.1971636265516281","20.599994659423828"
"0","4.1114343929393726e-8"
"0","0.10000001639127731"
"0","4.1114343929393726e-8"
"0.18486888706684113","4.1114343929393726e-8"
"0","9.099998474121094"
"0","4.1114343929393726e-8"
"0.16437500715255737","4.1114343929393726e-8"
"0","5.399999618530273"
"0.6370996236801147","23.700000762939453"
"0.20808076858520508","94.60002136230469"
"2.1272144317626953","37.39999008178711"
"0.3519996404647827","10.000000953674316"
"0.011353665962815285","3"
"0.13513168692588806","23.900001525878906"
"0.2503882944583893","17.499998092651367"
"0","16.499998092651367"
"0","3.5999999046325684"
"0","5.600000381469727"
"0.047888919711112976","4.1114343929393726e-8"
"0.06611838191747665","19.700000762939453"
"0.1142241507768631","4.1114343929393726e-8"
"1.70503830909729","18.699996948242188"
"0.9258914589881897","24.89999771118164"
"0.16676975786685944","19.5"
"0","33.59999465942383"
"0.15430572628974915","2.6999998092651367"
"0.4118019640445709","26.80000114440918"
"0.04796880856156349","4.1114343929393726e-8"
"0.030817540362477303","14.499999046325684"
"0.12757056951522827","7.1999993324279785"
"0.06213302165269852","72.5999984741211"
"0.06584618985652924","15.799997329711914"
"1.0680620670318604","14.300000190734863"
"1.9566587209701538","4.1114343929393726e-8"
"0.8744240403175354","4.1114343929393726e-8"
"0.06947530806064606","18.59999656677246"
"0.1660185009241104","4.1114343929393726e-8"
"0.18179094791412354","4.1114343929393726e-8"
"0.2938407063484192","12.699996948242188"
"0.40190184116363525","4.1114343929393726e-8"
"0.6449139714241028","4.1114343929393726e-8"
"0.2455364614725113","4.1114343929393726e-8"
"0","4.1114343929393726e-8"
"0","4.199999809265137"
"0.16402415931224823","24.000001907348633"
"0.5782188773155212","1.100000023841858"
"0.7183124423027039","13.499999046325684"
"0.5429908633232117","4.1114343929393726e-8"
"0.03733315318822861","4.1114343929393726e-8"
"0.10492781549692154","4.1114343929393726e-8"
"0","4.1114343929393726e-8"
"0","4.1114343929393726e-8"
"0.10442951321601868","4.1114343929393726e-8"
"0","4.1114343929393726e-8"
"0.02302447520196438","4.1114343929393726e-8"
"0","1.899999976158142"
"0","8.80000114440918"
"0.06901038438081741","4.1114343929393726e-8"
"1.3604754209518433","18.39999771118164"
"0.1585076004266739","4.600000381469727"
"0.001346999197266996","4.1114343929393726e-8"
"0.008104966953396797","5.600000381469727"
"0.05073272064328194","65.39998626708984"
"0","33.999996185302734"
"0.09150884300470352","4.1114343929393726e-8"
"0","54.89999771118164"
"0","29.79999542236328"
"0.062180060893297195","4.1114343929393726e-8"
"0.2832874059677124","4.1114343929393726e-8"
"0.2743646204471588","4.1114343929393726e-8"
"3.597855806350708","0.8999999761581421"
"0","4.1114343929393726e-8"
"0","4.1114343929393726e-8"
"0.11136867105960846","4.1114343929393726e-8"
"0","4.1114343929393726e-8"
"0","4.1114343929393726e-8"
"0","4.1114343929393726e-8"
"0.08713661134243011","4.1114343929393726e-8"
"0.007688464596867561","4.1114343929393726e-8"
"0.006489302031695843","4.1114343929393726e-8"
"1.8020203113555908","4.1114343929393726e-8"
"2.3805227279663086","4.1114343929393726e-8"
"2.527292490005493","4.1114343929393726e-8"
"0.42733290791511536","4.1114343929393726e-8"
"0.10814277082681656","4.1114343929393726e-8"
"0","4.1114343929393726e-8"
"0","4.1114343929393726e-8"
"0.052223023027181625","4.1114343929393726e-8"
"0","4.1114343929393726e-8"
"0","4.1114343929393726e-8"
"0.11252978444099426","4.1114343929393726e-8"
"0.21389389038085938","4.1114343929393726e-8"
"1.2691668272018433","2.6999998092651367"
"2.10268235206604","4.1114343929393726e-8"
"7.1566386222839355","4.1114343929393726e-8"
"0.7644702792167664","4.1114343929393726e-8"
"0.16378384828567505","4.1114343929393726e-8"
"0.2621672451496124","4.1114343929393726e-8"
"0.23635117709636688","4.1114343929393726e-8"
"0.2438320517539978","4.1114343929393726e-8"
"0.030864175409078598","4.1114343929393726e-8"
"0.04014793410897255","4.1114343929393726e-8"
"0.21579153835773468","4.1114343929393726e-8"
"0.2507639229297638","4.1114343929393726e-8"
"0.21030567586421967","182.90000915527344"
"4.262078285217285","31.199993133544922"
"7.552001953125","34.19999313354492"
"1.0530787706375122","7.90000057220459"
"0","17.699995040893555"
"0","4.1114343929393726e-8"
"0.2986781597137451","4.1114343929393726e-8"
"0.12920336425304413","4.1114343929393726e-8"
"0.14511075615882874","4.1114343929393726e-8"
"0","4.1114343929393726e-8"
"0.17564892768859863","4.1114343929393726e-8"
"0.033028360456228256","4.1114343929393726e-8"
"1.863107442855835","4.1114343929393726e-8"
"2.2039906978607178","4.1114343929393726e-8"
"3.114753484725952","6.59999942779541"
"0.43221935629844666","4.1114343929393726e-8"
"0","4.1114343929393726e-8"
"0.06953733414411545","4.1114343929393726e-8"
"0.11359904706478119","4.1114343929393726e-8"
"0.10995548963546753","4.1114343929393726e-8"
"0.13513195514678955","4.1114343929393726e-8"
"0.1961287558078766","4.1114343929393726e-8"
"0.42916861176490784","4.1114343929393726e-8"
"0.014813391491770744","4.1114343929393726e-8"
"0.49691611528396606","4.1114343929393726e-8"
"1.0838383436203003","4.1114343929393726e-8"
"1.5583734512329102","6.500000476837158"
"0.24801838397979736","4.1114343929393726e-8"
"0.1298232227563858","4.1114343929393726e-8"
"0.1563481241464615","4.1114343929393726e-8"
"0.1915050446987152","4.1114343929393726e-8"
"0.35271239280700684","4.1114343929393726e-8"
"0.12349864840507507","4.1114343929393726e-8"
"0","4.1114343929393726e-8"
"0.3641299903392792","4.1114343929393726e-8"
"0","4.1114343929393726e-8"
"0.27176663279533386","14.000000953674316"
"0.21339944005012512","1.4999998807907104"
"0.9390431046485901","4.1114343929393726e-8"
"0.09256916493177414","5.900000095367432"
"0.039321526885032654","4.1114343929393726e-8"
"0","4.1114343929393726e-8"
"0.06002866104245186","4.1114343929393726e-8"
"0.06758220493793488","4.1114343929393726e-8"
"0","4.1114343929393726e-8"
"0","4.1114343929393726e-8"
"0.3345279097557068","4.1114343929393726e-8"
"0","4.1114343929393726e-8"
"0.2715497314929962","0.10000001639127731"
"0.10251908749341965","4.1114343929393726e-8"
"0.13471078872680664","4.1114343929393726e-8"
"0","10.5"
"0","4.1114343929393726e-8"
"0","4.1114343929393726e-8"
"0.021988939493894577","4.1114343929393726e-8"
"0","4.1114343929393726e-8"
"0","4.1114343929393726e-8"
"0","0.5"
"0.7447495460510254","1"
"0","4.1114343929393726e-8"
"0","4.1114343929393726e-8"
"0.00785094778984785","4.1114343929393726e-8"
"0.15679490566253662","13.699997901916504"
"0","4.1114343929393726e-8"
"0","4.1114343929393726e-8"
"0","4.1114343929393726e-8"
"0","2.6000001430511475"
"0","4.1114343929393726e-8"
"0","4.1114343929393726e-8"
"0","4.1114343929393726e-8"
"0.18669123947620392","0.30000001192092896"
"0","4.1114343929393726e-8"
"0","4.1114343929393726e-8"
"0","4.1114343929393726e-8"
"0","4.1114343929393726e-8"
"0","4.1114343929393726e-8"
"0","4.1114343929393726e-8"
"0","4.1114343929393726e-8"
"0","4.1114343929393726e-8"
"0","4.1114343929393726e-8"
"0","4.1114343929393726e-8"
"0","4.1114343929393726e-8"
"0.11207305639982224","32.69999694824219"
"0","4.1114343929393726e-8"
"0","4.1114343929393726e-8"
"0","4.1114343929393726e-8"
"0","4.1114343929393726e-8"
"0","4.1114343929393726e-8"
"0","4.1114343929393726e-8"
"0","4.1114343929393726e-8"
"0.3588433265686035","4.1114343929393726e-8"
"0","4.1114343929393726e-8"
"0","4.1114343929393726e-8"
"0","4.1114343929393726e-8"
"0.2976124882698059","10.199997901916504"
"0","4.1114343929393726e-8"
"0","9"
"0","1"
"0.11269564181566238","2.799999713897705"
"0","4.90000057220459"
"0","0.800000011920929"
"0","14.000000953674316"
"0.12858976423740387","17.399995803833008"
"0","7.40000057220459"
"0","4.600000381469727"
"0","15.600000381469727"
"0.4633052349090576","20.799999237060547"
"0","4.1114343929393726e-8"
"0.1054123118519783","4.1114343929393726e-8"
"0.1064697876572609","4.1114343929393726e-8"
"0.9046050310134888","4.1114343929393726e-8"
"0.27583393454551697","4.1114343929393726e-8"
"0","4.1114343929393726e-8"
"0","4.1114343929393726e-8"
"0.13567769527435303","4.1114343929393726e-8"
"0.0965098962187767","0.19999997317790985"
"0.0687127336859703","4.1114343929393726e-8"
"0","0.5"
"1.3980621099472046","5.700000762939453"
"0.24547713994979858","4.1114343929393726e-8"
"0.3932318091392517","4.1114343929393726e-8"
"0.3440937399864197","4.1114343929393726e-8"
"0.32690492272377014","4.1114343929393726e-8"
"0.1813972443342209","4.1114343929393726e-8"
"0.0446038618683815","4.1114343929393726e-8"
"0","4.1114343929393726e-8"
"0.6395829916000366","4.1114343929393726e-8"
"0","4.1114343929393726e-8"
"0","4.1114343929393726e-8"
"0.10356057435274124","9.399998664855957"
"0.6645165681838989","9"
"0.5710594654083252","4.1114343929393726e-8"
"0.24576789140701294","4.1114343929393726e-8"
"0.6814782619476318","4.1114343929393726e-8"
"0.8695019483566284","4.1114343929393726e-8"
"0.7395143508911133","4.1114343929393726e-8"
"0.03749460354447365","4.1114343929393726e-8"
"0.2825782597064972","4.1114343929393726e-8"
"0.5726693868637085","4.1114343929393726e-8"
"0","4.1114343929393726e-8"
"0.24727585911750793","4.1114343929393726e-8"
"0.23998697102069855","4.1114343929393726e-8"
"1.1037721633911133","4.1114343929393726e-8"
"0.25599098205566406","4.1114343929393726e-8"
"0.2154449075460434","4.1114343929393726e-8"
"0.47280222177505493","4.1114343929393726e-8"
"1.0599559545516968","4.1114343929393726e-8"
"0.5431074500083923","4.1114343929393726e-8"
"0.04166183993220329","4.1114343929393726e-8"
"0.052717164158821106","4.1114343929393726e-8"
"0.13044503331184387","4.1114343929393726e-8"
"0","4.1114343929393726e-8"
"0","4.1114343929393726e-8"
"0.10354222357273102","4.1114343929393726e-8"
"0.48633432388305664","4.1114343929393726e-8"
"0","26.19999885559082"
"0.6056149005889893","4.1114343929393726e-8"
"0.8425436615943909","4.1114343929393726e-8"
"1.1359182596206665","4.90000057220459"
"0.4894511103630066","4.1114343929393726e-8"
"0","10.099998474121094"
"0.3457842767238617","4.1114343929393726e-8"
"0.2164602279663086","4.1114343929393726e-8"
"0","4.1114343929393726e-8"
"0","4.1114343929393726e-8"
"0.027012687176465988","4.1114343929393726e-8"
"0.09753497689962387","4.1114343929393726e-8"
"0.12871766090393066","4.1114343929393726e-8"
"0.05694863200187683","4.1114343929393726e-8"
"0.5970930457115173","4.1114343929393726e-8"
"1.010968804359436","4.1114343929393726e-8"
"0.1784287542104721","4.1114343929393726e-8"
"0","4.1114343929393726e-8"
"0.051965221762657166","4.1114343929393726e-8"
"0.683668315410614","4.1114343929393726e-8"
"0.03011329285800457","4.1114343929393726e-8"
"0.021804079413414","4.1114343929393726e-8"
"0","4.1114343929393726e-8"
"0","4.1114343929393726e-8"
"0","42.79999542236328"
"0.2718907296657562","16.199996948242188"
"0.6946138739585876","10.599998474121094"
"0.10657604038715363","62.29999923706055"
"0.0031536188907921314","20.400001525878906"
"0","4.1114343929393726e-8"
"0","4.1114343929393726e-8"
"0","4.1114343929393726e-8"
"0","4.1114343929393726e-8"
"0","0.4000000059604645"
"0","4.1114343929393726e-8"
"0","41.89999771118164"
"0","4.1114343929393726e-8"
"0","11.399998664855957"
"0","17.399995803833008"
"0","12.100000381469727"
"0","4.1114343929393726e-8"
"0","14.100000381469727"
"0","0.19999997317790985"
"0","4.1114343929393726e-8"
"0","4.1114343929393726e-8"
"0","2.3999998569488525"
"0","4.1114343929393726e-8"
"0","4.1114343929393726e-8"
"0","4.1114343929393726e-8"
"0","4.1114343929393726e-8"
"0","3.3999996185302734"
"0","4.1114343929393726e-8"
"0","4.1114343929393726e-8"
"0","4.1114343929393726e-8"
"0","4.1114343929393726e-8"
"0","4.1114343929393726e-8"
"0","4.1114343929393726e-8"
"0","4.1114343929393726e-8"
"0","4.1114343929393726e-8"
"0","4.1114343929393726e-8"
"0","4.1114343929393726e-8"
"0","4.1114343929393726e-8"
"0","4.1114343929393726e-8"
"0","4.1114343929393726e-8"
"0","4.1114343929393726e-8"
"0","4.1114343929393726e-8"
"0","4.1114343929393726e-8"
"0","4.1114343929393726e-8"
"0","4.1114343929393726e-8"
"0","4.1114343929393726e-8"
"0","4.1114343929393726e-8"
"0","3.0999996662139893"
"0","4.1114343929393726e-8"
"0","4.1114343929393726e-8"
"0","4.1114343929393726e-8"
"0","4.1114343929393726e-8"
"0","4.1114343929393726e-8"
"0","4.1114343929393726e-8"
"0","4.1114343929393726e-8"
"0","4.1114343929393726e-8"
"0","4.1114343929393726e-8"
"0","4.1114343929393726e-8"
"0","4.1114343929393726e-8"
"0","4.1114343929393726e-8"
"0","9"
"0","4.1114343929393726e-8"
"0","4.1114343929393726e-8"
"0.2502075433731079","4.1114343929393726e-8"
"0","11.999999046325684"
"0.07993065565824509","0.5"
"0","3"
"0.18611788749694824","18.299997329711914"
"0","4.1114343929393726e-8"
"0","0.5"
"0","18"
"0.7878247499465942","8.09999942779541"
"0","4.1114343929393726e-8"
"0","4.1114343929393726e-8"
"0","4.1114343929393726e-8"
"0.19629132747650146","4.1114343929393726e-8"
"0","4.1114343929393726e-8"
"0","0.19999997317790985"
"0","2"
"0.08981926739215851","3"
"0","1"
"0","0.8999999761581421"
"0","3"
"0.7638298273086548","13.299999237060547"
"0","4.1114343929393726e-8"
"0","4.1114343929393726e-8"
"0","4.1114343929393726e-8"
"0","4.1114343929393726e-8"
"0","4.1114343929393726e-8"
"0","4.1114343929393726e-8"
"0","4.1114343929393726e-8"
"0","0.10000001639127731"
"0","4.1114343929393726e-8"
"0","4.1114343929393726e-8"
"0","2"
"0","11"
"0","4.1114343929393726e-8"
"0","4.1114343929393726e-8"
"0","4.1114343929393726e-8"
"0","4.1114343929393726e-8"
"0","4.1114343929393726e-8"
"0","0.7000000476837158"
"0","4.1114343929393726e-8"
"0","1.899999976158142"
"0","4.1114343929393726e-8"
"0","4.1114343929393726e-8"
"0","4.1114343929393726e-8"
"0","11.999999046325684"
"0","4.1114343929393726e-8"
"0","4.1114343929393726e-8"
"0","4.1114343929393726e-8"
"0","4.1114343929393726e-8"
"0","4.1114343929393726e-8"
"0","4.1114343929393726e-8"
"0","4.1114343929393726e-8"
"0","4.1114343929393726e-8"
"0","4.1114343929393726e-8"
"0","0.19999997317790985"
"0","4.1114343929393726e-8"
"0","4.1114343929393726e-8"
"0","4.1114343929393726e-8"
"0","4.1114343929393726e-8"
"0","4.1114343929393726e-8"
"0","4.1114343929393726e-8"
"0","4.1114343929393726e-8"
"0","4.1114343929393726e-8"
"0","4.1114343929393726e-8"
"0","4.1114343929393726e-8"
"0","4.1114343929393726e-8"
"0","4.1114343929393726e-8"
"0","4.1114343929393726e-8"
"0","4.1114343929393726e-8"
"0","4.1114343929393726e-8"
"0","0.4000000059604645"
"0","4.1114343929393726e-8"
"0.04121546074748039","0.10000001639127731"
"0","2"
"0","4.1114343929393726e-8"
"0","2"
"0","10.000000953674316"
"0","8"
"0","2"
"0","11"
"0","43.99999237060547"
"0","4.1114343929393726e-8"
"0","4.1114343929393726e-8"
"0","4.1114343929393726e-8"
"0.04704144224524498","4.1114343929393726e-8"
"0","0.5"
"0","0.10000001639127731"
"0","4.1114343929393726e-8"
"0","5.999999523162842"
"0","2"
"0","5"
"0","12.999998092651367"
"0","42.000003814697266"
"0","0.6000000238418579"
"0","4.1114343929393726e-8"
"0","4.1114343929393726e-8"
"0","4.1114343929393726e-8"
"0","4.1114343929393726e-8"
"0","4.1114343929393726e-8"
"0","4.1114343929393726e-8"
"0","4.1114343929393726e-8"
"0","0.19999997317790985"
"0","4.1114343929393726e-8"
"0","0.5"
"0","4.800000190734863"
"0","15.999996185302734"
"0","26.19999885559082"
"0","3"
"0.4245455265045166","7"
"0","10.000000953674316"
"0","7"
"0","4.1114343929393726e-8"
"0","20.099998474121094"
"0","2"
"0","5"
"0","15.49999713897705"
"0","19.199996948242188"
"0","5.100000381469727"
"0","38.99999237060547"
"0","11"
"0.12365730106830597","15.999996185302734"
"0","5"
"0","7.100000381469727"
"0","1"
"0","9.099998474121094"
"0","2"
"0","2.1000001430511475"
"0","3"
"0","2"
"0","4.1114343929393726e-8"
"0","1"
"0","4.1114343929393726e-8"
"0.0075457654893398285","0.30000001192092896"
"0","4"
"0","0.5"
"0","4.1114343929393726e-8"
"0","4.1114343929393726e-8"
"0","4.1114343929393726e-8"
"0","8.899998664855957"
"0","2.1000001430511475"
"0","1"
"0","4.1114343929393726e-8"
"0","0.10000001639127731"
"0","4.1114343929393726e-8"
"0","4.1114343929393726e-8"
"0","4.1114343929393726e-8"
"0","4.1114343929393726e-8"
"0","4.1114343929393726e-8"
"0","4.1114343929393726e-8"
"0","4.1114343929393726e-8"
"0","4.1114343929393726e-8"
"0","4.1114343929393726e-8"
"0","4.1114343929393726e-8"
"0","4.1114343929393726e-8"
"0","2"
"0","4.1114343929393726e-8"
"0","0.5"
"0","4.1114343929393726e-8"
"0","4.1114343929393726e-8"
"0","4.1114343929393726e-8"
"0","4.1114343929393726e-8"
"0","4.1114343929393726e-8"
"0","4.1114343929393726e-8"
"0","4.1114343929393726e-8"
"0","4.1114343929393726e-8"
"0.03919100761413574","4.1114343929393726e-8"
"0.7084008455276489","1"
"6.128408908843994","6.799999237060547"
"2.0126659870147705","81"
"0.4291530251502991","15.999996185302734"
"0","4.1114343929393726e-8"
"0","8"
"0.28104257583618164","0.10000001639127731"
"0.26401957869529724","4.1114343929393726e-8"
"0.13476990163326263","4.1114343929393726e-8"
"0.010096075013279915","4.1114343929393726e-8"
"0.1560165137052536","4.1114343929393726e-8"
"0","4.1114343929393726e-8"
"0.3998395800590515","11"
"1.3767304420471191","26.999996185302734"
"0.7372434139251709","7"
"0.09519635140895844","3"
"0","33"
"0","4.1114343929393726e-8"
"0.12030544877052307","8.199999809265137"
"0","4.1114343929393726e-8"
"0","7"
"0","4.1114343929393726e-8"
"0.32828623056411743","4.1114343929393726e-8"
"0","4.1114343929393726e-8"
"0.2399217039346695","3"
"0.6731940507888794","23"
"0.8737585544586182","14.000000953674316"
"0.21589669585227966","4.1114343929393726e-8"
"0","4.1114343929393726e-8"
"0","2"
"0.05616137385368347","4.1114343929393726e-8"
"0","4.1114343929393726e-8"
"0.10121725499629974","4.1114343929393726e-8"
"0.03330079838633537","4.1114343929393726e-8"
"0.7236114740371704","4.1114343929393726e-8"
"0","4.1114343929393726e-8"
"0","3"
"0.7199677228927612","4.1114343929393726e-8"
"0.3176673948764801","0.4000000059604645"
"0","4.1114343929393726e-8"
"0","4.1114343929393726e-8"
"0","4.1114343929393726e-8"
"0.06956169009208679","4.1114343929393726e-8"
"0","4.1114343929393726e-8"
"0","4.1114343929393726e-8"
"0","0.30000001192092896"
"0.7459251880645752","0.4000000059604645"
"0","4.1114343929393726e-8"
"0","0.7000000476837158"
"0","0.4000000059604645"
"0.034607261419296265","4.1114343929393726e-8"
"0","0.7000000476837158"
"0","4.1114343929393726e-8"
"0","3"
"0.2637685537338257","18"
"0","5.999999523162842"
"0","1"
"0","13.699997901916504"
"0.3301740288734436","80.00000762939453"
"0.02478700876235962","4"
"0.012359539046883583","3"
"0","4.1114343929393726e-8"
"0.34914833307266235","0.19999997317790985"
"0","9.399998664855957"
"0","0.4000000059604645"
"0","25.999996185302734"
"0.21035876870155334","64.00001525878906"
"0","52.99999237060547"
"0.0005068685859441757","3.3999996185302734"
"0","34.99999237060547"
"0.4744432866573334","34.99999237060547"
"0","5"
"0","8"
"0.028230173513293266","1.100000023841858"
"0.1702491194009781","2.799999713897705"
"0","8.199999809265137"
"0","3"
"0","3.3999996185302734"
"0","15"
"0","4.1114343929393726e-8"
"0","4.1114343929393726e-8"
"0","15.100000381469727"
"0","5.999999523162842"
"0","4.1114343929393726e-8"
"0","4"
"0.004131824243813753","4.1114343929393726e-8"
"0.25665655732154846","4.1114343929393726e-8"
"0","1.8000000715255737"
"0","18.09999656677246"
"0","0.30000001192092896"
"0","4.1114343929393726e-8"
"0","0.30000001192092896"
"0","4"
"0","4.1114343929393726e-8"
"0.06901337951421738","1"
"0","0.5"
"0","22"
"0","0.19999997317790985"
"0.1250087320804596","4.1114343929393726e-8"
"0","3.3999996185302734"
"0","4.1114343929393726e-8"
"0","4.1114343929393726e-8"
"0","0.7000000476837158"
"0","0.30000001192092896"
"0","4.1114343929393726e-8"
"0","4.1114343929393726e-8"
"0","4.1114343929393726e-8"
"0.006340354215353727","11.999999046325684"
"0","4.1114343929393726e-8"
"0.10350828617811203","0.30000001192092896"
"0.3232472240924835","13.19999885559082"
"0.012209119275212288","20.599994659423828"
"0","4.1114343929393726e-8"
"0","0.10000001639127731"
"0","4.1114343929393726e-8"
"0","4.1114343929393726e-8"
"0","9.099998474121094"
"0","4.1114343929393726e-8"
"0","4.1114343929393726e-8"
"0","4.1114343929393726e-8"
"0","4.1114343929393726e-8"
"0","0.7000000476837158"
"0.29239118099212646","1.399999976158142"
"0","0.10000001639127731"
"0","4.1114343929393726e-8"
"0","4.1114343929393726e-8"
"0","4.1114343929393726e-8"
"0","4.1114343929393726e-8"
"0","4.1114343929393726e-8"
"0","4.1114343929393726e-8"
"0","4.1114343929393726e-8"
"0","4.1114343929393726e-8"
"0","4.1114343929393726e-8"
"0","4.1114343929393726e-8"
"0.051644425839185715","4.1114343929393726e-8"
"0","4.1114343929393726e-8"
"0","4.1114343929393726e-8"
"0","4.1114343929393726e-8"
"0","4.1114343929393726e-8"
"0","4.1114343929393726e-8"
"0","4.1114343929393726e-8"
"0","4.1114343929393726e-8"
"0","4.1114343929393726e-8"
"0","4.1114343929393726e-8"
"0","4.1114343929393726e-8"
"0","4"
"0.0076880441047251225","4.1114343929393726e-8"
"0","4.1114343929393726e-8"
"0","4.1114343929393726e-8"
"0","4.1114343929393726e-8"
"0","4.1114343929393726e-8"
"0","4.1114343929393726e-8"
"0.015779173001646996","4.1114343929393726e-8"
"0","4.1114343929393726e-8"
"0","4.1114343929393726e-8"
"0","4.1114343929393726e-8"
"0","8.199999809265137"
"0","24.99999237060547"
"0","40"
"0","0.30000001192092896"
"0","4.1114343929393726e-8"
"0","4.1114343929393726e-8"
"0","4.1114343929393726e-8"
"0","4.1114343929393726e-8"
"0","4.1114343929393726e-8"
"0","4.1114343929393726e-8"
"0","2"
"0.22152984142303467","4.199999809265137"
"0.5869287252426147","24.000001907348633"
"3.692318916320801","1.100000023841858"
"9.893573760986328","13.499999046325684"
"4.171960353851318","4.1114343929393726e-8"
"0.36154383420944214","4.1114343929393726e-8"
"0.9406756162643433","4.1114343929393726e-8"
"0.34005022048950195","4.1114343929393726e-8"
"0","4.1114343929393726e-8"
"0.4047292470932007","4.1114343929393726e-8"
"0.15872208774089813","4.1114343929393726e-8"
"0.13738352060317993","4.1114343929393726e-8"
"0.22718529403209686","1.899999976158142"
"3.3502774238586426","8.80000114440918"
"5.055140018463135","4.1114343929393726e-8"
"13.463386535644531","18.39999771118164"
"2.7357571125030518","4.600000381469727"
"0.08222481608390808","4.1114343929393726e-8"
"0.27594172954559326","5.600000381469727"
"0.34415489435195923","65.39998626708984"
"0.14081841707229614","33.999996185302734"
"0.07663601636886597","4.1114343929393726e-8"
"0","54.89999771118164"
"0.20222024619579315","29.79999542236328"
"0.4858829975128174","4.1114343929393726e-8"
"5.911517143249512","4.1114343929393726e-8"
"5.32221794128418","4.1114343929393726e-8"
"10.583452224731445","0.8999999761581421"
"0.6771429777145386","4.1114343929393726e-8"
"0.6915448307991028","4.1114343929393726e-8"
"0.3087606430053711","4.1114343929393726e-8"
"0.6136350631713867","4.1114343929393726e-8"
"0.941476583480835","4.1114343929393726e-8"
"0.20935893058776855","4.1114343929393726e-8"
"0.48256126046180725","4.1114343929393726e-8"
"0.36312025785446167","4.1114343929393726e-8"
"0.4632737338542938","4.1114343929393726e-8"
"4.307811737060547","4.1114343929393726e-8"
"9.804407119750977","4.1114343929393726e-8"
"11.34815788269043","4.1114343929393726e-8"
"0.7057619094848633","4.1114343929393726e-8"
"0.4707915484905243","4.1114343929393726e-8"
"1.4671177864074707","4.1114343929393726e-8"
"0.24559177458286285","4.1114343929393726e-8"
"0.2659463584423065","4.1114343929393726e-8"
"0.7393823862075806","4.1114343929393726e-8"
"0.0422394797205925","4.1114343929393726e-8"
"0.32359275221824646","4.1114343929393726e-8"
"0.10763601958751678","4.1114343929393726e-8"
"3.351073741912842","2.6999998092651367"
"3.1024563312530518","4.1114343929393726e-8"
"10.421892166137695","4.1114343929393726e-8"
"1.0864317417144775","4.1114343929393726e-8"
"0.7673199772834778","4.1114343929393726e-8"
"0.768550455570221","4.1114343929393726e-8"
"0.9902284145355225","4.1114343929393726e-8"
"0.3586784303188324","4.1114343929393726e-8"
"0.3832768201828003","4.1114343929393726e-8"
"0.108522430062294","4.1114343929393726e-8"
"0.7742817997932434","4.1114343929393726e-8"
"0.36199522018432617","4.1114343929393726e-8"
"8.22961711883545","182.90000915527344"
"12.507949829101562","31.199993133544922"
"24.969219207763672","34.19999313354492"
"3.612321138381958","7.90000057220459"
"2.873032331466675","17.699995040893555"
"3.32145357131958","4.1114343929393726e-8"
"3.6475346088409424","4.1114343929393726e-8"
"1.8817238807678223","4.1114343929393726e-8"
"2.3013241291046143","4.1114343929393726e-8"
"2.793025493621826","4.1114343929393726e-8"
"8.347330093383789","4.1114343929393726e-8"
"1.7613966464996338","4.1114343929393726e-8"
"15.368721008300781","4.1114343929393726e-8"
"8.425793647766113","4.1114343929393726e-8"
"16.845163345336914","6.59999942779541"
"5.131600379943848","4.1114343929393726e-8"
"5.8168840408325195","4.1114343929393726e-8"
"5.033186435699463","4.1114343929393726e-8"
"0.7861215472221375","4.1114343929393726e-8"
"3.335810661315918","4.1114343929393726e-8"
"3.372515916824341","4.1114343929393726e-8"
"2.1946845054626465","4.1114343929393726e-8"
"8.453568458557129","4.1114343929393726e-8"
"0.2915615439414978","4.1114343929393726e-8"
"7.159643650054932","4.1114343929393726e-8"
"3.876720666885376","4.1114343929393726e-8"
"14.395750045776367","6.500000476837158"
"2.2402541637420654","4.1114343929393726e-8"
"2.327333450317383","4.1114343929393726e-8"
"1.370129108428955","4.1114343929393726e-8"
"1.1776502132415771","4.1114343929393726e-8"
"1.2405319213867188","4.1114343929393726e-8"
"2.757829189300537","4.1114343929393726e-8"
"1.2199280261993408","4.1114343929393726e-8"
"5.205118179321289","4.1114343929393726e-8"
"0.1088024154305458","4.1114343929393726e-8"
"0","14.000000953674316"
"0.3301246464252472","1.4999998807907104"
"0.8361359238624573","4.1114343929393726e-8"
"0.16178074479103088","5.900000095367432"
"0","4.1114343929393726e-8"
"0.008206099271774292","4.1114343929393726e-8"
"0.41850173473358154","4.1114343929393726e-8"
"0.032740116119384766","4.1114343929393726e-8"
"0.1715705543756485","4.1114343929393726e-8"
"0","4.1114343929393726e-8"
"0","4.1114343929393726e-8"
"0","4.1114343929393726e-8"
"0","0.10000001639127731"
"0","4.1114343929393726e-8"
"0.38271814584732056","4.1114343929393726e-8"
"0","10.5"
"0","4.1114343929393726e-8"
"0","4.1114343929393726e-8"
"0","4.1114343929393726e-8"
"0","4.1114343929393726e-8"
"0","4.1114343929393726e-8"
"0","0.5"
"0","1"
"0","4.1114343929393726e-8"
"0","4.1114343929393726e-8"
"0","4.1114343929393726e-8"
"0.27169808745384216","13.699997901916504"
"0","4.1114343929393726e-8"
"0","4.1114343929393726e-8"
"0","4.1114343929393726e-8"
"0","2.6000001430511475"
"0","4.1114343929393726e-8"
"0","4.1114343929393726e-8"
"0","4.1114343929393726e-8"
"0.05225682631134987","0.30000001192092896"
"0","4.1114343929393726e-8"
"0","4.1114343929393726e-8"
"0","4.1114343929393726e-8"
"0","4.1114343929393726e-8"
"0","4.1114343929393726e-8"
"0","4.1114343929393726e-8"
"0","4.1114343929393726e-8"
"0","4.1114343929393726e-8"
"0","4.1114343929393726e-8"
"0","4.1114343929393726e-8"
"0","4.1114343929393726e-8"
"0","4.1114343929393726e-8"
"0","4.1114343929393726e-8"
"0","4.1114343929393726e-8"
"0","4.1114343929393726e-8"
"0","4.1114343929393726e-8"
"0","4.1114343929393726e-8"
"0","4.1114343929393726e-8"
"0","4.1114343929393726e-8"
"0","4.1114343929393726e-8"
"0","4.1114343929393726e-8"
"0.10344330221414566","4.1114343929393726e-8"
"0","4.1114343929393726e-8"
"0.07622122019529343","4.1114343929393726e-8"
"0","4.1114343929393726e-8"
"0","4.1114343929393726e-8"
"0","4.1114343929393726e-8"
"0","4.1114343929393726e-8"
"0","4.1114343929393726e-8"
"0","4.1114343929393726e-8"
"0","4.1114343929393726e-8"
"0","4.1114343929393726e-8"
"0","4.1114343929393726e-8"
"0","4.1114343929393726e-8"
"0","4.1114343929393726e-8"
"0","4.1114343929393726e-8"
"0","4.1114343929393726e-8"
"0.024109892547130585","4.1114343929393726e-8"
"0","4.1114343929393726e-8"
"0.18649879097938538","4.1114343929393726e-8"
"0.02726822905242443","4.1114343929393726e-8"
"0","4.1114343929393726e-8"
"0","4.1114343929393726e-8"
"0.14949297904968262","4.1114343929393726e-8"
"0","0.19999997317790985"
"0","4.1114343929393726e-8"
"0","0.5"
"0.2262122482061386","5.700000762939453"
"0.06694505363702774","4.1114343929393726e-8"
"0.016342034563422203","4.1114343929393726e-8"
"0.2125127911567688","4.1114343929393726e-8"
"0.2698709964752197","4.1114343929393726e-8"
"0.23022805154323578","4.1114343929393726e-8"
"0","4.1114343929393726e-8"
"0","4.1114343929393726e-8"
"0.7178242802619934","4.1114343929393726e-8"
"0","4.1114343929393726e-8"
"0.060514140874147415","4.1114343929393726e-8"
"0","9.399998664855957"
"0.3276262581348419","9"
"0.2657935917377472","4.1114343929393726e-8"
"0.385433167219162","4.1114343929393726e-8"
"0.34438931941986084","4.1114343929393726e-8"
"0.4423007369041443","4.1114343929393726e-8"
"0.7945548892021179","4.1114343929393726e-8"
"0.02662924863398075","4.1114343929393726e-8"
"0.01757167838513851","4.1114343929393726e-8"
"0.5929661989212036","4.1114343929393726e-8"
"0","4.1114343929393726e-8"
"0","4.1114343929393726e-8"
"0.2790922522544861","4.1114343929393726e-8"
"0.9770238995552063","4.1114343929393726e-8"
"0.12116985768079758","4.1114343929393726e-8"
"0.32307323813438416","4.1114343929393726e-8"
"1.7099717855453491","4.1114343929393726e-8"
"1.8866230249404907","4.1114343929393726e-8"
"0.8054150342941284","4.1114343929393726e-8"
"0.06174102798104286","4.1114343929393726e-8"
"0.14800593256950378","4.1114343929393726e-8"
"0.2874360680580139","4.1114343929393726e-8"
"0.11345143616199493","4.1114343929393726e-8"
"0.05787209793925285","4.1114343929393726e-8"
"0.24615302681922913","4.1114343929393726e-8"
"0.9062410593032837","4.1114343929393726e-8"
"0.20019890367984772","26.19999885559082"
"0.27582886815071106","4.1114343929393726e-8"
"1.4475754499435425","4.1114343929393726e-8"
"1.6039304733276367","4.90000057220459"
"0.3390803933143616","4.1114343929393726e-8"
"0.05919428542256355","10.099998474121094"
"0","4.1114343929393726e-8"
"0.8577684164047241","4.1114343929393726e-8"
"0","4.1114343929393726e-8"
"0","4.1114343929393726e-8"
"0.05462846904993057","4.1114343929393726e-8"
"0.1481826901435852","4.1114343929393726e-8"
"0.1539408564567566","4.1114343929393726e-8"
"0.6264081001281738","4.1114343929393726e-8"
"2.645472526550293","4.1114343929393726e-8"
"6.597329139709473","4.1114343929393726e-8"
"0.1728435754776001","4.1114343929393726e-8"
"0","4.1114343929393726e-8"
"0.30551254749298096","4.1114343929393726e-8"
"0.38776761293411255","4.1114343929393726e-8"
"0.01940665766596794","4.1114343929393726e-8"
"0.019032802432775497","4.1114343929393726e-8"
"0","4.1114343929393726e-8"
"0.28110742568969727","4.1114343929393726e-8"
"0","42.79999542236328"
"0","16.199996948242188"
"0.5391584634780884","10.599998474121094"
"0.582982063293457","62.29999923706055"
"0","20.400001525878906"
"0","4.1114343929393726e-8"
"0","4.1114343929393726e-8"
"0","4.1114343929393726e-8"
"0","4.1114343929393726e-8"
"0","0.4000000059604645"
"0","4.1114343929393726e-8"
"0","41.89999771118164"
"0","4.1114343929393726e-8"
"0","11.399998664855957"
"0.013119762763381004","17.399995803833008"
"0.0934441089630127","12.100000381469727"
"0","4.1114343929393726e-8"
"0","14.100000381469727"
"0","0.19999997317790985"
"0","4.1114343929393726e-8"
"0","4.1114343929393726e-8"
"0","2.3999998569488525"
"0","4.1114343929393726e-8"
"0","4.1114343929393726e-8"
"0.03728047385811806","4.1114343929393726e-8"
"0","4.1114343929393726e-8"
"0","3.3999996185302734"
"0","4.1114343929393726e-8"
"0","4.1114343929393726e-8"
"0","4.1114343929393726e-8"
"0","4.1114343929393726e-8"
"0.035595644265413284","4.1114343929393726e-8"
"0","4.1114343929393726e-8"
"0","4.1114343929393726e-8"
"0","4.1114343929393726e-8"
"0","4.1114343929393726e-8"
"0","4.1114343929393726e-8"
"0","4.1114343929393726e-8"
"0","4.1114343929393726e-8"
"0.058932188898324966","4.1114343929393726e-8"
"0.06549251824617386","4.1114343929393726e-8"
"0","4.1114343929393726e-8"
"0","4.1114343929393726e-8"
"0","4.1114343929393726e-8"
"0","4.1114343929393726e-8"
"0","4.1114343929393726e-8"
"0","4.1114343929393726e-8"
"0.05528512969613075","3.0999996662139893"
"0","4.1114343929393726e-8"
"0.016962550580501556","4.1114343929393726e-8"
"0","4.1114343929393726e-8"
"0.12378409504890442","4.1114343929393726e-8"
"0","4.1114343929393726e-8"
"0","4.1114343929393726e-8"
"0","4.1114343929393726e-8"
"0","4.1114343929393726e-8"
"0","4.1114343929393726e-8"
"0","4.1114343929393726e-8"
"0","4.1114343929393726e-8"
"0.07761785387992859","4.1114343929393726e-8"
"0","4.1114343929393726e-8"
"0","4.1114343929393726e-8"
"0.023883454501628876","4.1114343929393726e-8"
"0.3555980920791626","4.1114343929393726e-8"
"0","4.1114343929393726e-8"
"0","4.1114343929393726e-8"
"0","4.1114343929393726e-8"
"0.006870859768241644","4.1114343929393726e-8"
"0","4.1114343929393726e-8"
"0","4.1114343929393726e-8"
"0","4.1114343929393726e-8"
"0.07950133830308914","4.1114343929393726e-8"
"0.006085940171033144","4.1114343929393726e-8"
"0","4.1114343929393726e-8"
"0","4.1114343929393726e-8"
"0.40748852491378784","4.1114343929393726e-8"
"0.017614014446735382","4.1114343929393726e-8"
"0","4.1114343929393726e-8"
"0","4.1114343929393726e-8"
"0","4.1114343929393726e-8"
"0","4.1114343929393726e-8"
"0","4.1114343929393726e-8"
"0","4.1114343929393726e-8"
"0.09944331645965576","4.1114343929393726e-8"
"0","4.1114343929393726e-8"
"0","4.1114343929393726e-8"
"0","4.1114343929393726e-8"
"0.11784161627292633","4.1114343929393726e-8"
"0","4.1114343929393726e-8"
"0","4.1114343929393726e-8"
"0","4.1114343929393726e-8"
"0","4.1114343929393726e-8"
"0","4.1114343929393726e-8"
"0","4.1114343929393726e-8"
"0","4.1114343929393726e-8"
"0.05172039940953255","4.1114343929393726e-8"
"0","4.1114343929393726e-8"
"0","4.1114343929393726e-8"
"0","4.1114343929393726e-8"
"0","4.1114343929393726e-8"
"0","4.1114343929393726e-8"
"0","0.7000000476837158"
"0","4.1114343929393726e-8"
"0","1.899999976158142"
"0","4.1114343929393726e-8"
"0","4.1114343929393726e-8"
"0","4.1114343929393726e-8"
"0","11.999999046325684"
"0","4.1114343929393726e-8"
"0","4.1114343929393726e-8"
"0","4.1114343929393726e-8"
"0","4.1114343929393726e-8"
"0","4.1114343929393726e-8"
"0","4.1114343929393726e-8"
"0","4.1114343929393726e-8"
"0","4.1114343929393726e-8"
"0","4.1114343929393726e-8"
"0","0.19999997317790985"
"0","4.1114343929393726e-8"
"0","4.1114343929393726e-8"
"0","4.1114343929393726e-8"
"0","4.1114343929393726e-8"
"0","4.1114343929393726e-8"
"0","4.1114343929393726e-8"
"0","4.1114343929393726e-8"
"0","4.1114343929393726e-8"
"0","4.1114343929393726e-8"
"0","4.1114343929393726e-8"
"0","4.1114343929393726e-8"
"0","4.1114343929393726e-8"
"0","4.1114343929393726e-8"
"0.012280494906008244","4.1114343929393726e-8"
"0","4.1114343929393726e-8"
"0","0.4000000059604645"
"0","4.1114343929393726e-8"
"0","0.10000001639127731"
"0","2"
"0","4.1114343929393726e-8"
"0","2"
"0","10.000000953674316"
"0","8"
"0","2"
"0","11"
"0","43.99999237060547"
"0","4.1114343929393726e-8"
"0","4.1114343929393726e-8"
"0","4.1114343929393726e-8"
"0","4.1114343929393726e-8"
"0","0.5"
"0","0.10000001639127731"
"0","4.1114343929393726e-8"
"0.349485844373703","5.999999523162842"
"0","2"
"0","5"
"0","12.999998092651367"
"0","42.000003814697266"
"0","0.6000000238418579"
"0","4.1114343929393726e-8"
"0","4.1114343929393726e-8"
"0","4.1114343929393726e-8"
"0","4.1114343929393726e-8"
"0","4.1114343929393726e-8"
"0.04981505125761032","4.1114343929393726e-8"
"0.3402721583843231","4.1114343929393726e-8"
"0","0.19999997317790985"
"0.017336072400212288","4.1114343929393726e-8"
"0","0.5"
"0","4.800000190734863"
"0","15.999996185302734"
"0","26.19999885559082"
"0","3"
"0.10132713615894318","7"
"0.07386898994445801","10.000000953674316"
"0","7"
"0","4.1114343929393726e-8"
"0","20.099998474121094"
"0","2"
"0","5"
"0","15.49999713897705"
"0","19.199996948242188"
"0","5.100000381469727"
"0","38.99999237060547"
"0","11"
"0.06073451787233353","15.999996185302734"
"0","5"
"0","7.100000381469727"
"0","1"
"0","9.099998474121094"
"0","2"
"0","2.1000001430511475"
"0","3"
"0","2"
"0.04826948791742325","4.1114343929393726e-8"
"0","1"
"0","4.1114343929393726e-8"
"0","0.30000001192092896"
"0","4"
"0","0.5"
"0","4.1114343929393726e-8"
"0","4.1114343929393726e-8"
"0","4.1114343929393726e-8"
"0","8.899998664855957"
"0","2.1000001430511475"
"0","1"
"0","4.1114343929393726e-8"
"0","0.10000001639127731"
"0","4.1114343929393726e-8"
"0.16312319040298462","4.1114343929393726e-8"
"0","4.1114343929393726e-8"
"0","4.1114343929393726e-8"
"0","4.1114343929393726e-8"
"0","4.1114343929393726e-8"
"0","4.1114343929393726e-8"
"0","4.1114343929393726e-8"
"0","4.1114343929393726e-8"
"0","4.1114343929393726e-8"
"0","4.1114343929393726e-8"
"0","2"
"0","4.1114343929393726e-8"
"0.11659961193799973","0.5"
"0","4.1114343929393726e-8"
"0","4.1114343929393726e-8"
"0","4.1114343929393726e-8"
"0","4.1114343929393726e-8"
"0","4.1114343929393726e-8"
"0","4.1114343929393726e-8"
"0","4.1114343929393726e-8"
"0.05802230164408684","4.1114343929393726e-8"
"0","4.1114343929393726e-8"
"0","4.1114343929393726e-8"
"0","4.1114343929393726e-8"
"0","4.1114343929393726e-8"
"0","0.5"
"0","4.1114343929393726e-8"
"0","4.1114343929393726e-8"
"0","4.1114343929393726e-8"
"0","4.1114343929393726e-8"
"0","4.1114343929393726e-8"
"0","4.1114343929393726e-8"
"0","4.1114343929393726e-8"
"0","4.1114343929393726e-8"
"0","4.1114343929393726e-8"
"0","4.1114343929393726e-8"
"0","0.19999997317790985"
"0","4.1114343929393726e-8"
"0","4.1114343929393726e-8"
"0","4.1114343929393726e-8"
"0","4.1114343929393726e-8"
"0","4.1114343929393726e-8"
"0","4.1114343929393726e-8"
"0","4.1114343929393726e-8"
"0","4.1114343929393726e-8"
"0","4.1114343929393726e-8"
"0","4.1114343929393726e-8"
"0","4.1114343929393726e-8"
"0","0.19999997317790985"
"0","4.1114343929393726e-8"
"0","4.1114343929393726e-8"
"0","4.1114343929393726e-8"
"0","4.1114343929393726e-8"
"0","4.1114343929393726e-8"
"0","4.1114343929393726e-8"
"0","4.1114343929393726e-8"
"0","0.6000000238418579"
"0","4.1114343929393726e-8"
"0.19318896532058716","3"
"1.2985765933990479","4.1114343929393726e-8"
"0.8830273151397705","0.4000000059604645"
"0.08101388067007065","4.1114343929393726e-8"
"0","4.1114343929393726e-8"
"0","4.1114343929393726e-8"
"0.15881988406181335","4.1114343929393726e-8"
"0","4.1114343929393726e-8"
"0","4.1114343929393726e-8"
"0","0.30000001192092896"
"0.4277138113975525","0.4000000059604645"
"0","4.1114343929393726e-8"
"0","0.7000000476837158"
"0","0.4000000059604645"
"0","4.1114343929393726e-8"
"0","0.7000000476837158"
"0","4.1114343929393726e-8"
"0","3"
"0.09937090426683426","18"
"0","5.999999523162842"
"0","1"
"0","13.699997901916504"
"0.13536939024925232","80.00000762939453"
"0","4"
"0","3"
"0","4.1114343929393726e-8"
"0","0.19999997317790985"
"0","9.399998664855957"
"0","0.4000000059604645"
"0","25.999996185302734"
"0","64.00001525878906"
"0","52.99999237060547"
"0","3.3999996185302734"
"0","34.99999237060547"
"0.1580079048871994","34.99999237060547"
"0","5"
"0","8"
"0.0376189686357975","1.100000023841858"
"0.09296491742134094","2.799999713897705"
"0","8.199999809265137"
"0","3"
"0","3.3999996185302734"
"0","15"
"0","4.1114343929393726e-8"
"0","4.1114343929393726e-8"
"0","15.100000381469727"
"0.256343275308609","5.999999523162842"
"0","4.1114343929393726e-8"
"0","4"
"0","4.1114343929393726e-8"
"0","4.1114343929393726e-8"
"0","1.8000000715255737"
"0","18.09999656677246"
"0","0.30000001192092896"
"0","4.1114343929393726e-8"
"0","0.30000001192092896"
"0","4"
"0","4.1114343929393726e-8"
"0.09874411672353745","1"
"0","0.5"
"0","22"
"0","0.19999997317790985"
"0.08598951250314713","4.1114343929393726e-8"
"0","3.3999996185302734"
"0","4.1114343929393726e-8"
"0","4.1114343929393726e-8"
"0.16164058446884155","0.7000000476837158"
"0","0.30000001192092896"
"0","4.1114343929393726e-8"
"0","4.1114343929393726e-8"
"0","4.1114343929393726e-8"
"0","11.999999046325684"
"0","4.1114343929393726e-8"
"0","0.30000001192092896"
"0.23463262617588043","13.19999885559082"
"0","20.599994659423828"
"0","4.1114343929393726e-8"
"0","0.10000001639127731"
"0","4.1114343929393726e-8"
"0","4.1114343929393726e-8"
"0","9.099998474121094"
"0","4.1114343929393726e-8"
"0.09843576699495316","4.1114343929393726e-8"
"0","4.1114343929393726e-8"
"0","4.1114343929393726e-8"
"0","0.7000000476837158"
"0","1.399999976158142"
"0","0.10000001639127731"
"0","4.1114343929393726e-8"
"0","4.1114343929393726e-8"
"0","4.1114343929393726e-8"
"0","4.1114343929393726e-8"
"0","4.1114343929393726e-8"
"0","4.1114343929393726e-8"
"0.04131662845611572","4.1114343929393726e-8"
"0","4.1114343929393726e-8"
"0","4.1114343929393726e-8"
"0","4.1114343929393726e-8"
"0","4.1114343929393726e-8"
"0","4.1114343929393726e-8"
"0","4.1114343929393726e-8"
"0","4.1114343929393726e-8"
"0","4.1114343929393726e-8"
"0","4.1114343929393726e-8"
"0","4.1114343929393726e-8"
"0","4.1114343929393726e-8"
"0","4.1114343929393726e-8"
"0","4.1114343929393726e-8"
"0","4.1114343929393726e-8"
"0","4"
"0.014962807297706604","4.1114343929393726e-8"
"0","4.1114343929393726e-8"
"0","4.1114343929393726e-8"
"0","4.1114343929393726e-8"
"0","4.1114343929393726e-8"
"0","4.1114343929393726e-8"
"0","4.1114343929393726e-8"
"0","4.1114343929393726e-8"
"0","4.1114343929393726e-8"
"0","4.1114343929393726e-8"
"0","8.199999809265137"
"0.01728283427655697","24.99999237060547"
"0","40"
"0","0.30000001192092896"
"0","4.1114343929393726e-8"
"0","4.1114343929393726e-8"
"0","4.1114343929393726e-8"
"0","4.1114343929393726e-8"
"0","4.1114343929393726e-8"
"0","4.1114343929393726e-8"
"0","2"
"0","33"
"0","4.1114343929393726e-8"
"0","1"
"0","4.1114343929393726e-8"
"0","5.999999523162842"
"0","2"
"0","9"
"0","19"
"0","65.99998474121094"
"0","15"
"0","25.999996185302734"
"0","1"
"0","1"
"0","3.3999996185302734"
"0","5"
"0","0.4000000059604645"
"0","18"
"0","7"
"0","4.1114343929393726e-8"
"0","4.1114343929393726e-8"
"0","4.1114343929393726e-8"
"0","5.999999523162842"
"0","4.1114343929393726e-8"
"0","5"
"0","4.1114343929393726e-8"
"0","4.1114343929393726e-8"
"0","4.1114343929393726e-8"
"0","1"
"0","0.30000001192092896"
"0","0.19999997317790985"
"0","4.1114343929393726e-8"
"0","4.1114343929393726e-8"
"0","4.1114343929393726e-8"
"0","4.1114343929393726e-8"
"0","4.1114343929393726e-8"
"0","1"
"0","4.1114343929393726e-8"
"0.4087428152561188","2.6999998092651367"
"0.36742836236953735","4.1114343929393726e-8"
"3.6929612159729004","4.1114343929393726e-8"
"0.530179500579834","4.1114343929393726e-8"
"0","4.1114343929393726e-8"
"0.30043649673461914","4.1114343929393726e-8"
"0.048290856182575226","4.1114343929393726e-8"
"0","4.1114343929393726e-8"
"0","4.1114343929393726e-8"
"0","4.1114343929393726e-8"
"0.29390949010849","4.1114343929393726e-8"
"0.0413830429315567","4.1114343929393726e-8"
"0.8545844554901123","182.90000915527344"
"0.4380047619342804","31.199993133544922"
"3.6793642044067383","34.19999313354492"
"0.36713728308677673","7.90000057220459"
"0","17.699995040893555"
"0.08210258185863495","4.1114343929393726e-8"
"0.15513749420642853","4.1114343929393726e-8"
"0","4.1114343929393726e-8"
"0","4.1114343929393726e-8"
"0","4.1114343929393726e-8"
"0.31488922238349915","4.1114343929393726e-8"
"0.009002355858683586","4.1114343929393726e-8"
"0.8424798846244812","4.1114343929393726e-8"
"0.4358825087547302","4.1114343929393726e-8"
"1.1796000003814697","6.59999942779541"
"0.30762138962745667","4.1114343929393726e-8"
"0","4.1114343929393726e-8"
"0.18308937549591064","4.1114343929393726e-8"
"0.49878740310668945","4.1114343929393726e-8"
"0.13515043258666992","4.1114343929393726e-8"
"0","4.1114343929393726e-8"
"0.14329645037651062","4.1114343929393726e-8"
"0.23964755237102509","4.1114343929393726e-8"
"0.05842970311641693","4.1114343929393726e-8"
"0.3414934277534485","4.1114343929393726e-8"
"1.1992310285568237","4.1114343929393726e-8"
"1.4605538845062256","6.500000476837158"
"0.33460763096809387","4.1114343929393726e-8"
"0.19905492663383484","4.1114343929393726e-8"
"0.36442694067955017","4.1114343929393726e-8"
"0.0952594131231308","4.1114343929393726e-8"
"0","4.1114343929393726e-8"
"0.21982446312904358","4.1114343929393726e-8"
"0","4.1114343929393726e-8"
"0.7835143804550171","4.1114343929393726e-8"
"0","4.1114343929393726e-8"
"0","14.000000953674316"
"0.538777232170105","1.4999998807907104"
"1.7772893905639648","4.1114343929393726e-8"
"0.3949655294418335","5.900000095367432"
"0.13966141641139984","4.1114343929393726e-8"
"0.002858824795112014","4.1114343929393726e-8"
"0.49306005239486694","4.1114343929393726e-8"
"0","4.1114343929393726e-8"
"0.1860377937555313","4.1114343929393726e-8"
"0.08582717925310135","4.1114343929393726e-8"
"0.26478761434555054","4.1114343929393726e-8"
"0","4.1114343929393726e-8"
"0.07689132541418076","0.10000001639127731"
"0.9429847002029419","4.1114343929393726e-8"
"2.8320977687835693","4.1114343929393726e-8"
"0.34573447704315186","10.5"
"0","4.1114343929393726e-8"
"0.3429495096206665","4.1114343929393726e-8"
"0.286631315946579","4.1114343929393726e-8"
"0","4.1114343929393726e-8"
"0.09207206964492798","4.1114343929393726e-8"
"0.18937623500823975","0.5"
"0.502448320388794","1"
"0.03642761707305908","4.1114343929393726e-8"
"0.6836719512939453","4.1114343929393726e-8"
"0.7174264192581177","4.1114343929393726e-8"
"1.068458914756775","13.699997901916504"
"0.07431194931268692","4.1114343929393726e-8"
"0","4.1114343929393726e-8"
"0","4.1114343929393726e-8"
"0.0992986261844635","2.6000001430511475"
"0","4.1114343929393726e-8"
"0","4.1114343929393726e-8"
"0.06126219779253006","4.1114343929393726e-8"
"2.311154842376709","0.30000001192092896"
"0","4.1114343929393726e-8"
"0.18969430029392242","4.1114343929393726e-8"
"0.05878014862537384","4.1114343929393726e-8"
"0.28520259261131287","4.1114343929393726e-8"
"0","4.1114343929393726e-8"
"0.09840840101242065","4.1114343929393726e-8"
"0","4.1114343929393726e-8"
"0.09244094789028168","4.1114343929393726e-8"
"0","4.1114343929393726e-8"
"0","4.1114343929393726e-8"
"0.000823579786811024","4.1114343929393726e-8"
"1.277393102645874","4.1114343929393726e-8"
"0","4.1114343929393726e-8"
"0","4.1114343929393726e-8"
"0","4.1114343929393726e-8"
"0","4.1114343929393726e-8"
"0","4.1114343929393726e-8"
"0","4.1114343929393726e-8"
"0","4.1114343929393726e-8"
"0.37525856494903564","4.1114343929393726e-8"
"0","4.1114343929393726e-8"
"0","4.1114343929393726e-8"
"0","4.1114343929393726e-8"
"0","4.1114343929393726e-8"
"0","4.1114343929393726e-8"
"0","4.1114343929393726e-8"
"0","4.1114343929393726e-8"
"0","4.1114343929393726e-8"
"0","4.1114343929393726e-8"
"0","4.1114343929393726e-8"
"0","4.1114343929393726e-8"
"0","4.1114343929393726e-8"
"0","4.1114343929393726e-8"
"0","4.1114343929393726e-8"
"0","4.1114343929393726e-8"
"0","4.1114343929393726e-8"
"0","4.1114343929393726e-8"
"0","4.1114343929393726e-8"
"0","4.1114343929393726e-8"
"0","4.1114343929393726e-8"
"0","4.1114343929393726e-8"
"0","4.1114343929393726e-8"
"0","4.1114343929393726e-8"
"0","4.1114343929393726e-8"
"0","4.1114343929393726e-8"
"0","4.1114343929393726e-8"
"0","4.1114343929393726e-8"
"0","4.1114343929393726e-8"
"0","4.1114343929393726e-8"
"0","4.1114343929393726e-8"
"0","4.1114343929393726e-8"
"0","4.1114343929393726e-8"
"0","4.1114343929393726e-8"
"0","4.1114343929393726e-8"
"0","4.1114343929393726e-8"
"0","4.1114343929393726e-8"
"0","4.1114343929393726e-8"
"0","4.1114343929393726e-8"
"0","4.1114343929393726e-8"
"0","4.1114343929393726e-8"
"0","4.1114343929393726e-8"
"0","4.1114343929393726e-8"
"0","4.1114343929393726e-8"
"0","4.1114343929393726e-8"
"0","4.1114343929393726e-8"
"0","4.1114343929393726e-8"
"0","4.1114343929393726e-8"
"0","4.1114343929393726e-8"
"0","4.1114343929393726e-8"
"0","4.1114343929393726e-8"
"0","4.1114343929393726e-8"
"0","4.1114343929393726e-8"
"0","4.1114343929393726e-8"
"0","4.1114343929393726e-8"
"0","4.1114343929393726e-8"
"0","4.1114343929393726e-8"
"0","4.1114343929393726e-8"
"0","4.1114343929393726e-8"
"0","4.1114343929393726e-8"
"0","4.1114343929393726e-8"
"0","4.1114343929393726e-8"
"0","4.1114343929393726e-8"
"0","4.1114343929393726e-8"
"0","4.1114343929393726e-8"
"0.09064909815788269","26.19999885559082"
"0.17617782950401306","4.1114343929393726e-8"
"0.40481293201446533","4.1114343929393726e-8"
"0.7439706325531006","4.90000057220459"
"0.232958123087883","4.1114343929393726e-8"
"0","10.099998474121094"
"0","4.1114343929393726e-8"
"0.16702501475811005","4.1114343929393726e-8"
"0","4.1114343929393726e-8"
"0","4.1114343929393726e-8"
"0","4.1114343929393726e-8"
"0.11023584008216858","4.1114343929393726e-8"
"0.08222455531358719","4.1114343929393726e-8"
"0.19933539628982544","4.1114343929393726e-8"
"1.256514310836792","4.1114343929393726e-8"
"1.2986235618591309","4.1114343929393726e-8"
"0.3427483141422272","4.1114343929393726e-8"
"0","4.1114343929393726e-8"
"0.07546313107013702","4.1114343929393726e-8"
"0.25715842843055725","4.1114343929393726e-8"
"0","4.1114343929393726e-8"
"0","4.1114343929393726e-8"
"0","4.1114343929393726e-8"
"0.009263222105801105","4.1114343929393726e-8"
"0.014290671795606613","42.79999542236328"
"0.5850862860679626","16.199996948242188"
"2.577186346054077","10.599998474121094"
"1.4720587730407715","62.29999923706055"
"0.09448765218257904","20.400001525878906"
"0.027375325560569763","4.1114343929393726e-8"
"0","4.1114343929393726e-8"
"0","4.1114343929393726e-8"
"0.06114606559276581","4.1114343929393726e-8"
"0","0.4000000059604645"
"0","4.1114343929393726e-8"
"0","41.89999771118164"
"0.04257524386048317","4.1114343929393726e-8"
"0.5959144830703735","11.399998664855957"
"2.3540313243865967","17.399995803833008"
"2.2132983207702637","12.100000381469727"
"0.1291421800851822","4.1114343929393726e-8"
"0.05013410001993179","14.100000381469727"
"0.075191430747509","0.19999997317790985"
"0","4.1114343929393726e-8"
"0.008389342576265335","4.1114343929393726e-8"
"0.06010366231203079","2.3999998569488525"
"0","4.1114343929393726e-8"
"0.03152761980891228","4.1114343929393726e-8"
"0.08205479383468628","4.1114343929393726e-8"
"1.977352261543274","4.1114343929393726e-8"
"2.8446242809295654","3.3999996185302734"
"3.4059321880340576","4.1114343929393726e-8"
"0.11121347546577454","4.1114343929393726e-8"
"0","4.1114343929393726e-8"
"0.07709269970655441","4.1114343929393726e-8"
"0.1229027509689331","4.1114343929393726e-8"
"0.17624275386333466","4.1114343929393726e-8"
"0.48692843317985535","4.1114343929393726e-8"
"0.014103938825428486","4.1114343929393726e-8"
"0.42234006524086","4.1114343929393726e-8"
"0.09557412564754486","4.1114343929393726e-8"
"2.299875020980835","4.1114343929393726e-8"
"6.1741461753845215","4.1114343929393726e-8"
"4.647773742675781","4.1114343929393726e-8"
"0.5584903359413147","4.1114343929393726e-8"
"0","4.1114343929393726e-8"
"0.31985530257225037","4.1114343929393726e-8"
"0.4234580397605896","4.1114343929393726e-8"
"0.6280995607376099","4.1114343929393726e-8"
"1.1120448112487793","4.1114343929393726e-8"
"0.5166691541671753","4.1114343929393726e-8"
"1.7158024311065674","3.0999996662139893"
"0.19289948046207428","4.1114343929393726e-8"
"0.9575097560882568","4.1114343929393726e-8"
"0.8256505727767944","4.1114343929393726e-8"
"3.3906593322753906","4.1114343929393726e-8"
"0.1980162113904953","4.1114343929393726e-8"
"0.25862574577331543","4.1114343929393726e-8"
"0.019432907924056053","4.1114343929393726e-8"
"0.4648101329803467","4.1114343929393726e-8"
"0.24697116017341614","4.1114343929393726e-8"
"0.4613906443119049","4.1114343929393726e-8"
"0.37286704778671265","4.1114343929393726e-8"
"0.6434049606323242","4.1114343929393726e-8"
"0.024486102163791656","4.1114343929393726e-8"
"0.5496352910995483","4.1114343929393726e-8"
"0.04750049486756325","4.1114343929393726e-8"
"1.365433692932129","4.1114343929393726e-8"
"0.1460156887769699","4.1114343929393726e-8"
"0.1192476898431778","4.1114343929393726e-8"
"0.23075391352176666","4.1114343929393726e-8"
"0.07942933589220047","4.1114343929393726e-8"
"0.06081412360072136","4.1114343929393726e-8"
"0.16263985633850098","4.1114343929393726e-8"
"0","4.1114343929393726e-8"
"0.6061108112335205","4.1114343929393726e-8"
"0","4.1114343929393726e-8"
"0","4.1114343929393726e-8"
"0","4.1114343929393726e-8"
"0","4.1114343929393726e-8"
"0","4.1114343929393726e-8"
"0","4.1114343929393726e-8"
"0","4.1114343929393726e-8"
"0","4.1114343929393726e-8"
"0","4.1114343929393726e-8"
"0","4.1114343929393726e-8"
"0","4.1114343929393726e-8"
"0","4.1114343929393726e-8"
"0","4.1114343929393726e-8"
"0","4.1114343929393726e-8"
"0","4.1114343929393726e-8"
"0","4.1114343929393726e-8"
"0","4.1114343929393726e-8"
"0","4.1114343929393726e-8"
"0","4.1114343929393726e-8"
"0","4.1114343929393726e-8"
"0","4.1114343929393726e-8"
"0","4.1114343929393726e-8"
"0","4.1114343929393726e-8"
"0.02046481892466545","4.1114343929393726e-8"
"0","4.1114343929393726e-8"
"0","4.1114343929393726e-8"
"0","4.1114343929393726e-8"
"0.0888805016875267","2.799999713897705"
"0","0.7000000476837158"
"0","4.1114343929393726e-8"
"0","0.8999999761581421"
"0","34.899993896484375"
"0","3.1999998092651367"
"0","4.1114343929393726e-8"
"0","15.999996185302734"
"0","46.79998779296875"
"0","1.1999999284744263"
"0","2.3000001907348633"
"0","6.500000476837158"
"0","7.5"
"0","2.3999998569488525"
"0","2.3000001907348633"
"0","6.40000057220459"
"0","39.100006103515625"
"0","20.899993896484375"
"0","7.300000190734863"
"0","18.699996948242188"
"0","45.59999465942383"
"0","4.1114343929393726e-8"
"0","4.1114343929393726e-8"
"0","4.1114343929393726e-8"
"0","4.1114343929393726e-8"
"0","4.1114343929393726e-8"
"0","4.1114343929393726e-8"
"0","4.1114343929393726e-8"
"0","4.1114343929393726e-8"
"0","4.1114343929393726e-8"
"0","2.3999998569488525"
"0","4.1114343929393726e-8"
"0","4.1114343929393726e-8"
"0","4.1114343929393726e-8"
"0","4.1114343929393726e-8"
"0","4.1114343929393726e-8"
"0","4.1114343929393726e-8"
"0","4.1114343929393726e-8"
"0","4.1114343929393726e-8"
"0","4.1114343929393726e-8"
"0","4.1114343929393726e-8"
"0","4.1114343929393726e-8"
"0","4.1114343929393726e-8"
"0","4.1114343929393726e-8"
"0","4.1114343929393726e-8"
"0","4.1114343929393726e-8"
"0","4.1114343929393726e-8"
"0","4.1114343929393726e-8"
"0","4.1114343929393726e-8"
"0","0.5"
"0","0.10000001639127731"
"0","4.1114343929393726e-8"
"0","5.999999523162842"
"0","2"
"0","5"
"0","12.999998092651367"
"0","42.000003814697266"
"0","0.6000000238418579"
"0","4.1114343929393726e-8"
"0","4.1114343929393726e-8"
"0","4.1114343929393726e-8"
"0","4.1114343929393726e-8"
"0","4.1114343929393726e-8"
"0","4.1114343929393726e-8"
"0","4.1114343929393726e-8"
"0","0.19999997317790985"
"0","4.1114343929393726e-8"
"0","0.5"
"0","4.800000190734863"
"0","15.999996185302734"
"0","26.19999885559082"
"0","3"
"0.03248370438814163","7"
"0","10.000000953674316"
"0","7"
"0","4.1114343929393726e-8"
"0","20.099998474121094"
"0","2"
"0","5"
"0","15.49999713897705"
"0","19.199996948242188"
"0","5.100000381469727"
"0","38.99999237060547"
"0","11"
"0","15.999996185302734"
"0.03398645669221878","5"
"0","7.100000381469727"
"0","1"
"0","9.099998474121094"
"0","2"
"0","2.1000001430511475"
"0","3"
"0","2"
"0","4.1114343929393726e-8"
"0","1"
"0","4.1114343929393726e-8"
"0","0.30000001192092896"
"0","4"
"0","0.5"
"0","4.1114343929393726e-8"
"0","4.1114343929393726e-8"
"0","4.1114343929393726e-8"
"0","8.899998664855957"
"0","2.1000001430511475"
"0.03397006168961525","1"
"0.09062368422746658","4.1114343929393726e-8"
"0.5299830436706543","0.10000001639127731"
"0.7971639633178711","4.1114343929393726e-8"
"1.563035011291504","4.1114343929393726e-8"
"0.09229334443807602","4.1114343929393726e-8"
"0.18210232257843018","4.1114343929393726e-8"
"0.10055247694253922","4.1114343929393726e-8"
"2.382554292678833","4.1114343929393726e-8"
"0","4.1114343929393726e-8"
"0.23972712457180023","4.1114343929393726e-8"
"0.7217137813568115","4.1114343929393726e-8"
"1.159958839416504","4.1114343929393726e-8"
"0.1650945097208023","4.1114343929393726e-8"
"0.9545762538909912","2"
"0.5516771078109741","4.1114343929393726e-8"
"1.481229543685913","0.5"
"2.482839584350586","4.1114343929393726e-8"
"0.21610412001609802","4.1114343929393726e-8"
"0.390341579914093","4.1114343929393726e-8"
"0.418110728263855","4.1114343929393726e-8"
"0.11504857242107391","4.1114343929393726e-8"
"0.3187066912651062","4.1114343929393726e-8"
"0.3728998005390167","4.1114343929393726e-8"
"0.23442864418029785","4.1114343929393726e-8"
"0.4122350513935089","4.1114343929393726e-8"
"2.2030932903289795","4.1114343929393726e-8"
"2.703474521636963","4.1114343929393726e-8"
"2.9305577278137207","4.1114343929393726e-8"
"4.465673923492432","0.5"
"0.6411361694335938","4.1114343929393726e-8"
"0.7376540303230286","4.1114343929393726e-8"
"0.24906085431575775","4.1114343929393726e-8"
"0.25132864713668823","4.1114343929393726e-8"
"0.35448816418647766","4.1114343929393726e-8"
"0.12989501655101776","4.1114343929393726e-8"
"0.33689212799072266","4.1114343929393726e-8"
"0.061904631555080414","4.1114343929393726e-8"
"0","4.1114343929393726e-8"
"0.6884583234786987","4.1114343929393726e-8"
"0","0.19999997317790985"
"0","4.1114343929393726e-8"
"0","4.1114343929393726e-8"
"0","4.1114343929393726e-8"
"0","4.1114343929393726e-8"
"0","4.1114343929393726e-8"
"0","4.1114343929393726e-8"
"0","4.1114343929393726e-8"
"0","4.1114343929393726e-8"
"0","4.1114343929393726e-8"
"0","4.1114343929393726e-8"
"0.02471163682639599","4.1114343929393726e-8"
"0","0.19999997317790985"
"0","4.1114343929393726e-8"
"0","4.1114343929393726e-8"
"0","4.1114343929393726e-8"
"0","4.1114343929393726e-8"
"0","4.1114343929393726e-8"
"0","4.1114343929393726e-8"
"0","4.1114343929393726e-8"
"0","0.6000000238418579"
"0","4.1114343929393726e-8"
"0","5"
"0","15.999996185302734"
"0","31"
"0","4"
"0","4.1114343929393726e-8"
"0","2"
"0","2"
"0","1.100000023841858"
"0","2"
"0","5"
"0","40"
"0","4.1114343929393726e-8"
"0","4.1114343929393726e-8"
"0","4.1114343929393726e-8"
"0","4.1114343929393726e-8"
"0","4.1114343929393726e-8"
"0","4.1114343929393726e-8"
"0","4.1114343929393726e-8"
"0","4.1114343929393726e-8"
"0","4.1114343929393726e-8"
"0","4.1114343929393726e-8"
"0","4.1114343929393726e-8"
"0","4.1114343929393726e-8"
"0","4.1114343929393726e-8"
"0","4.1114343929393726e-8"
"0","4.1114343929393726e-8"
"0","4.1114343929393726e-8"
"0","4.1114343929393726e-8"
"0","4.1114343929393726e-8"
"0","4.1114343929393726e-8"
"0","4.1114343929393726e-8"
"0","4.1114343929393726e-8"
"0","4.1114343929393726e-8"
"0","4.1114343929393726e-8"
"0","4.1114343929393726e-8"
"0","4.1114343929393726e-8"
"0","4.1114343929393726e-8"
"0","4.1114343929393726e-8"
"0.07557255774736404","4.1114343929393726e-8"
"0","4.1114343929393726e-8"
"0","4.1114343929393726e-8"
"0","4.1114343929393726e-8"
"0","4.1114343929393726e-8"
"0","4.1114343929393726e-8"
"0","4.1114343929393726e-8"
"0","4.1114343929393726e-8"
"0","4.1114343929393726e-8"
"0","4.1114343929393726e-8"
"0","4"
"0","4.1114343929393726e-8"
"0.07980353385210037","4.1114343929393726e-8"
"0","1.8000000715255737"
"0","18.09999656677246"
"0","0.30000001192092896"
"0","4.1114343929393726e-8"
"0","0.30000001192092896"
"0","4"
"0","4.1114343929393726e-8"
"0.09667794406414032","1"
"0.06654123961925507","0.5"
"0.029335040599107742","22"
"0.2047904133796692","0.19999997317790985"
"0.6308145523071289","4.1114343929393726e-8"
"0.05622212588787079","3.3999996185302734"
"0","4.1114343929393726e-8"
"0","4.1114343929393726e-8"
"0.4233136773109436","0.7000000476837158"
"0","0.30000001192092896"
"0","4.1114343929393726e-8"
"0","4.1114343929393726e-8"
"0.3072909712791443","4.1114343929393726e-8"
"0.07686128467321396","11.999999046325684"
"0.8974229097366333","4.1114343929393726e-8"
"0.8924795389175415","0.30000001192092896"
"4.303820610046387","13.19999885559082"
"0.34067097306251526","20.599994659423828"
"0.06915120780467987","4.1114343929393726e-8"
"0.013481725007295609","0.10000001639127731"
"0.4480088949203491","4.1114343929393726e-8"
"0","4.1114343929393726e-8"
"0.1741139143705368","9.099998474121094"
"0","4.1114343929393726e-8"
"0.5509974956512451","4.1114343929393726e-8"
"0.24201735854148865","4.1114343929393726e-8"
"1.1624118089675903","4.1114343929393726e-8"
"1.2847505807876587","0.7000000476837158"
"3.4556515216827393","1.399999976158142"
"0.8314629197120667","0.10000001639127731"
"0.14020578563213348","4.1114343929393726e-8"
"0.18218356370925903","4.1114343929393726e-8"
"0.3604893982410431","4.1114343929393726e-8"
"0.15266884863376617","4.1114343929393726e-8"
"0.25218629837036133","4.1114343929393726e-8"
"0.10012315958738327","4.1114343929393726e-8"
"0.4756878912448883","4.1114343929393726e-8"
"0.18866057693958282","4.1114343929393726e-8"
"0.3506741523742676","4.1114343929393726e-8"
"0.6483070850372314","4.1114343929393726e-8"
"0.7615379691123962","4.1114343929393726e-8"
"0.21144327521324158","4.1114343929393726e-8"
"0","4.1114343929393726e-8"
"0","4.1114343929393726e-8"
"0.47452831268310547","4.1114343929393726e-8"
"0","4.1114343929393726e-8"
"0.011896343901753426","4.1114343929393726e-8"
"0","4.1114343929393726e-8"
"0.138358935713768","4.1114343929393726e-8"
"0.021005874499678612","4.1114343929393726e-8"
"0.2469850480556488","4.1114343929393726e-8"
"0.591309666633606","4"
"0.9002741575241089","4.1114343929393726e-8"
"0","4.1114343929393726e-8"
"0","4.1114343929393726e-8"
"0.09395447373390198","4.1114343929393726e-8"
"0.3899839520454407","4.1114343929393726e-8"
"0","4.1114343929393726e-8"
"0","4.1114343929393726e-8"
"0","4.1114343929393726e-8"
"0.2506858706474304","4.1114343929393726e-8"
"0","4.1114343929393726e-8"
"0","8.199999809265137"
"0.10044391453266144","24.99999237060547"
"0.12839026749134064","40"
"0.021318240091204643","0.30000001192092896"
"0","4.1114343929393726e-8"
"0","4.1114343929393726e-8"
"0","4.1114343929393726e-8"
"0","4.1114343929393726e-8"
"0","4.1114343929393726e-8"
"0","4.1114343929393726e-8"
"0.18809618055820465","2"
"0.06288082897663116","33"
"0.09797991067171097","4.1114343929393726e-8"
"0.04730664938688278","1"
"0.03256623446941376","4.1114343929393726e-8"
"0","5.999999523162842"
"0.08687706291675568","2"
"0","9"
"0","19"
"0","65.99998474121094"
"0","15"
"0","25.999996185302734"
"1.041861891746521","1"
"0","1"
"0","3.3999996185302734"
"0","5"
"0","0.4000000059604645"
"0","18"
"0","7"
"0","4.1114343929393726e-8"
"0","4.1114343929393726e-8"
"0","4.1114343929393726e-8"
"0","5.999999523162842"
"0","4.1114343929393726e-8"
"0","5"
"0","4.1114343929393726e-8"
"0","4.1114343929393726e-8"
"0","4.1114343929393726e-8"
"0","1"
"0","0.30000001192092896"
"0","0.19999997317790985"
"0","4.1114343929393726e-8"
"0","4.1114343929393726e-8"
"0","4.1114343929393726e-8"
"0","4.1114343929393726e-8"
"0","4.1114343929393726e-8"
"0","1"
"0","4.1114343929393726e-8"
"0","4.1114343929393726e-8"
"0","4.1114343929393726e-8"
"0.0030768481083214283","4.1114343929393726e-8"
"0","4.1114343929393726e-8"
"0","4.1114343929393726e-8"
"0","4.1114343929393726e-8"
"0","4.1114343929393726e-8"
"0","4.1114343929393726e-8"
"0","4.1114343929393726e-8"
"0","4.1114343929393726e-8"
"0","4.1114343929393726e-8"
"0","4.1114343929393726e-8"
"0","4.1114343929393726e-8"
"0","4.1114343929393726e-8"
"0","4.1114343929393726e-8"
"0","4.1114343929393726e-8"
"0","4.1114343929393726e-8"
"0","4.1114343929393726e-8"
"0","4.1114343929393726e-8"
"0","4.1114343929393726e-8"
"0","4.1114343929393726e-8"
"0","4.1114343929393726e-8"
"0","2"
"0","4.1114343929393726e-8"
"0","4.1114343929393726e-8"
"0","4.1114343929393726e-8"
"0","4.1114343929393726e-8"
"0","4.1114343929393726e-8"
"0","4.1114343929393726e-8"
"0","4.1114343929393726e-8"
"0","4.1114343929393726e-8"
"0","4.1114343929393726e-8"
"0","4.1114343929393726e-8"
"0","4.1114343929393726e-8"
"0","4.1114343929393726e-8"
"0","4.1114343929393726e-8"
"0","4.1114343929393726e-8"
"0","4.1114343929393726e-8"
"0","4.1114343929393726e-8"
"0","4.1114343929393726e-8"
"0","4.1114343929393726e-8"
"0","4.1114343929393726e-8"
"0","4.1114343929393726e-8"
"0","4.1114343929393726e-8"
"0","0.10000001639127731"
"0","4.1114343929393726e-8"
"0","4.1114343929393726e-8"
"0","4.1114343929393726e-8"
"0.11625099182128906","4.1114343929393726e-8"
"1.3604905605316162","4.1114343929393726e-8"
"1.2249033451080322","6.500000476837158"
"0.5118740200996399","4.1114343929393726e-8"
"0.021939661353826523","4.1114343929393726e-8"
"0.18326997756958008","4.1114343929393726e-8"
"0.29621028900146484","4.1114343929393726e-8"
"0","4.1114343929393726e-8"
"0.1552964150905609","4.1114343929393726e-8"
"0","4.1114343929393726e-8"
"0.07968679070472717","4.1114343929393726e-8"
"0","4.1114343929393726e-8"
"0.338826984167099","14.000000953674316"
"1.8674761056900024","1.4999998807907104"
"2.28515362739563","4.1114343929393726e-8"
"0.18189793825149536","5.900000095367432"
"0","4.1114343929393726e-8"
"0.07191591709852219","4.1114343929393726e-8"
"1.1463099718093872","4.1114343929393726e-8"
"0","4.1114343929393726e-8"
"0.1550370454788208","4.1114343929393726e-8"
"0","4.1114343929393726e-8"
"0.4856412708759308","4.1114343929393726e-8"
"0.09739002585411072","4.1114343929393726e-8"
"2.178955554962158","0.10000001639127731"
"2.8436264991760254","4.1114343929393726e-8"
"10.335813522338867","4.1114343929393726e-8"
"1.2302870750427246","10.5"
"0.12344300746917725","4.1114343929393726e-8"
"0.046812865883111954","4.1114343929393726e-8"
"0.3878836929798126","4.1114343929393726e-8"
"0.373716801404953","4.1114343929393726e-8"
"0.3326731324195862","4.1114343929393726e-8"
"0.5367146134376526","0.5"
"2.7182369232177734","1"
"0.23381221294403076","4.1114343929393726e-8"
"2.9001753330230713","4.1114343929393726e-8"
"2.6727614402770996","4.1114343929393726e-8"
"6.090269088745117","13.699997901916504"
"0.2269451767206192","4.1114343929393726e-8"
"0.00856931135058403","4.1114343929393726e-8"
"0.5768095254898071","4.1114343929393726e-8"
"0.9700523614883423","2.6000001430511475"
"0.2084817737340927","4.1114343929393726e-8"
"0.06794173270463943","4.1114343929393726e-8"
"0.6896793246269226","4.1114343929393726e-8"
"4.342954635620117","0.30000001192092896"
"0.08265554159879684","4.1114343929393726e-8"
"0.5765221118927002","4.1114343929393726e-8"
"0.07057599723339081","4.1114343929393726e-8"
"0.438295841217041","4.1114343929393726e-8"
"0.2788982093334198","4.1114343929393726e-8"
"0.0002651381364557892","4.1114343929393726e-8"
"0","4.1114343929393726e-8"
"0.14066475629806519","4.1114343929393726e-8"
"0.056581221520900726","4.1114343929393726e-8"
"0.1135719045996666","4.1114343929393726e-8"
"0.094723641872406","4.1114343929393726e-8"
"0.39968356490135193","4.1114343929393726e-8"
"0","4.1114343929393726e-8"
"0","4.1114343929393726e-8"
"0.08594853430986404","4.1114343929393726e-8"
"0.7327306866645813","4.1114343929393726e-8"
"0","4.1114343929393726e-8"
"0","4.1114343929393726e-8"
"0","4.1114343929393726e-8"
"0","4.1114343929393726e-8"
"0","4.1114343929393726e-8"
"0","4.1114343929393726e-8"
"0","4.1114343929393726e-8"
"0.17031629383563995","4.1114343929393726e-8"
"0","4.1114343929393726e-8"
"0","4.1114343929393726e-8"
"0.02671106532216072","4.1114343929393726e-8"
"0.6828339099884033","4.1114343929393726e-8"
"0.01861809939146042","4.1114343929393726e-8"
"0","4.1114343929393726e-8"
"0","4.1114343929393726e-8"
"0","4.1114343929393726e-8"
"0","4.1114343929393726e-8"
"0","4.1114343929393726e-8"
"0","4.1114343929393726e-8"
"0.39167967438697815","4.1114343929393726e-8"
"0","4.1114343929393726e-8"
"0","4.1114343929393726e-8"
"0","4.1114343929393726e-8"
"0.08966363966464996","4.1114343929393726e-8"
"0","4.1114343929393726e-8"
"0","4.1114343929393726e-8"
"0","4.1114343929393726e-8"
"0","4.1114343929393726e-8"
"0","4.1114343929393726e-8"
"0","4.1114343929393726e-8"
"0","4.1114343929393726e-8"
"0","4.1114343929393726e-8"
"0.012940128333866596","4.1114343929393726e-8"
"0","4.1114343929393726e-8"
"0","4.1114343929393726e-8"
"0","4.1114343929393726e-8"
"0","4.1114343929393726e-8"
"0","4.1114343929393726e-8"
"0","4.1114343929393726e-8"
"0","4.1114343929393726e-8"
"0","4.1114343929393726e-8"
"0","4.1114343929393726e-8"
"0","4.1114343929393726e-8"
"0","4.1114343929393726e-8"
"0","4.1114343929393726e-8"
"0","4.1114343929393726e-8"
"0","4.1114343929393726e-8"
"0","4.1114343929393726e-8"
"0","4.1114343929393726e-8"
"0","4.1114343929393726e-8"
"0","4.1114343929393726e-8"
"0","4.1114343929393726e-8"
"0","4.1114343929393726e-8"
"0","4.1114343929393726e-8"
"0","4.1114343929393726e-8"
"0.04247631877660751","4.1114343929393726e-8"
"0","4.1114343929393726e-8"
"0","4.1114343929393726e-8"
"0","4.1114343929393726e-8"
"0","4.1114343929393726e-8"
"0","4.1114343929393726e-8"
"0","4.1114343929393726e-8"
"0","4.1114343929393726e-8"
"0","4.1114343929393726e-8"
"0","4.1114343929393726e-8"
"0","4.1114343929393726e-8"
"0","4.1114343929393726e-8"
"0","4.1114343929393726e-8"
"0","4.1114343929393726e-8"
"0","4.1114343929393726e-8"
"0","4.1114343929393726e-8"
"0","4.1114343929393726e-8"
"0","4.1114343929393726e-8"
"0","4.1114343929393726e-8"
"0","4.1114343929393726e-8"
"0","31.69999885559082"
"0","4.1114343929393726e-8"
"0","4.1114343929393726e-8"
"0","28.799999237060547"
"0","44.30000305175781"
"0","4.90000057220459"
"0","4.1114343929393726e-8"
"0","4.1114343929393726e-8"
"0","4.1114343929393726e-8"
"0","8.5"
"0","4.1114343929393726e-8"
"0","7.800000190734863"
"0","4.1114343929393726e-8"
"0","4.1114343929393726e-8"
"0","4.1114343929393726e-8"
"0","5.900000095367432"
"0.043757859617471695","25.89999771118164"
"0","4.1114343929393726e-8"
"0","4.1114343929393726e-8"
"0","4.1114343929393726e-8"
"0","4.1114343929393726e-8"
"0","3.1999998092651367"
"0","2.3000001907348633"
"0","3.799999952316284"
"0","12.59999942779541"
"0","9"
"0","4.1114343929393726e-8"
"0","13.499999046325684"
"0","47.199989318847656"
"0","4.1114343929393726e-8"
"0.09282857924699783","11.399998664855957"
"0.22956660389900208","17.399995803833008"
"0.7848144769668579","12.100000381469727"
"0","4.1114343929393726e-8"
"0","14.100000381469727"
"0","0.19999997317790985"
"0.17632126808166504","4.1114343929393726e-8"
"0","4.1114343929393726e-8"
"0","2.3999998569488525"
"0","4.1114343929393726e-8"
"0","4.1114343929393726e-8"
"0","4.1114343929393726e-8"
"1.1718968152999878","4.1114343929393726e-8"
"0.73699951171875","3.3999996185302734"
"1.3688023090362549","4.1114343929393726e-8"
"0.21304018795490265","4.1114343929393726e-8"
"0","4.1114343929393726e-8"
"0.06717535108327866","4.1114343929393726e-8"
"0.5326074361801147","4.1114343929393726e-8"
"0","4.1114343929393726e-8"
"0.19172373414039612","4.1114343929393726e-8"
"0","4.1114343929393726e-8"
"0.05105756223201752","4.1114343929393726e-8"
"0","4.1114343929393726e-8"
"0.06570655852556229","4.1114343929393726e-8"
"0","4.1114343929393726e-8"
"0","4.1114343929393726e-8"
"0","4.1114343929393726e-8"
"0","4.1114343929393726e-8"
"0","4.1114343929393726e-8"
"0","4.1114343929393726e-8"
"0","4.1114343929393726e-8"
"0","4.1114343929393726e-8"
"0","4.1114343929393726e-8"
"0","3.0999996662139893"
"0","4.1114343929393726e-8"
"0","4.1114343929393726e-8"
"0","4.1114343929393726e-8"
"0","4.1114343929393726e-8"
"0","4.1114343929393726e-8"
"0","4.1114343929393726e-8"
"0","4.1114343929393726e-8"
"0","4.1114343929393726e-8"
"0","4.1114343929393726e-8"
"0","4.1114343929393726e-8"
"0","4.1114343929393726e-8"
"0","4.1114343929393726e-8"
"0","4.1114343929393726e-8"
"0","4.1114343929393726e-8"
"0","4.1114343929393726e-8"
"0","4.1114343929393726e-8"
"0","4.1114343929393726e-8"
"0","4.1114343929393726e-8"
"0","4.1114343929393726e-8"
"0","4.1114343929393726e-8"
"0","4.1114343929393726e-8"
"0","4.1114343929393726e-8"
"0","4.1114343929393726e-8"
"0","4.1114343929393726e-8"
"0","4.1114343929393726e-8"
"0","4.1114343929393726e-8"
"0","4.1114343929393726e-8"
"0","4.1114343929393726e-8"
"0","4.1114343929393726e-8"
"0","4.1114343929393726e-8"
"0","4.1114343929393726e-8"
"0","4.1114343929393726e-8"
"0","4.1114343929393726e-8"
"0","4.1114343929393726e-8"
"0","4.1114343929393726e-8"
"0.03920036181807518","4.1114343929393726e-8"
"0","4.1114343929393726e-8"
"0","4.1114343929393726e-8"
"0","4.1114343929393726e-8"
"0.14648711681365967","4.1114343929393726e-8"
"0","4.1114343929393726e-8"
"0","4.1114343929393726e-8"
"0","4.1114343929393726e-8"
"0","4.1114343929393726e-8"
"0","4.1114343929393726e-8"
"0","4.1114343929393726e-8"
"0","4.1114343929393726e-8"
"0.024844367057085037","4.1114343929393726e-8"
"0","4.1114343929393726e-8"
"0","4.1114343929393726e-8"
"0","4.1114343929393726e-8"
"0.08809326589107513","2.799999713897705"
"0","0.7000000476837158"
"0","4.1114343929393726e-8"
"0","0.8999999761581421"
"0","34.899993896484375"
"0","3.1999998092651367"
"0","4.1114343929393726e-8"
"0","15.999996185302734"
"0.039816487580537796","46.79998779296875"
"0","1.1999999284744263"
"0","2.3000001907348633"
"0","6.500000476837158"
"0.029510587453842163","7.5"
"0","2.3999998569488525"
"0","2.3000001907348633"
"0","6.40000057220459"
"0","39.100006103515625"
"0","20.899993896484375"
"0","7.300000190734863"
"0","18.699996948242188"
"0","45.59999465942383"
"0","4.1114343929393726e-8"
"0","4.1114343929393726e-8"
"0.08713719248771667","4.1114343929393726e-8"
"0.013731000013649464","4.1114343929393726e-8"
"0","4.1114343929393726e-8"
"0","4.1114343929393726e-8"
"0","4.1114343929393726e-8"
"0","4.1114343929393726e-8"
"0","4.1114343929393726e-8"
"0","2.3999998569488525"
"0","4.1114343929393726e-8"
"0.3542605936527252","4.1114343929393726e-8"
"0","4.1114343929393726e-8"
"0","4.1114343929393726e-8"
"0","4.1114343929393726e-8"
"0","4.1114343929393726e-8"
"0","4.1114343929393726e-8"
"0","4.1114343929393726e-8"
"0","4.1114343929393726e-8"
"0","4.1114343929393726e-8"
"0","4.1114343929393726e-8"
"0","4.1114343929393726e-8"
"0","4.1114343929393726e-8"
"0.03190525993704796","4.1114343929393726e-8"
"0","4.1114343929393726e-8"
"0","4.1114343929393726e-8"
"0","4.1114343929393726e-8"
"0","4.1114343929393726e-8"
"0","1.7000000476837158"
"0","4.1114343929393726e-8"
"0","1.100000023841858"
"0","36.29999923706055"
"0","5.600000381469727"
"0","1.8000000715255737"
"0","14.699999809265137"
"0.00483340211212635","57.19999313354492"
"0","4.1114343929393726e-8"
"0","2.3999998569488525"
"0","4.1114343929393726e-8"
"0.08132140338420868","4.1114343929393726e-8"
"0","4.1114343929393726e-8"
"0","7.6999993324279785"
"0","2.1000001430511475"
"0","2.3000001907348633"
"0.03903127461671829","5.999999523162842"
"0","7.300000190734863"
"0","2"
"0.02717779576778412","17.499998092651367"
"0","4.1114343929393726e-8"
"0","4.1114343929393726e-8"
"0","4.1114343929393726e-8"
"0","4.1114343929393726e-8"
"0","4.1114343929393726e-8"
"0","4.1114343929393726e-8"
"0","4.1114343929393726e-8"
"0","2.799999713897705"
"0","4.1114343929393726e-8"
"0","4.1114343929393726e-8"
"0","2"
"0","16.699996948242188"
"0","5.100000381469727"
"0.028303781524300575","38.99999237060547"
"0","11"
"0.1681481897830963","15.999996185302734"
"0.09680567681789398","5"
"0","7.100000381469727"
"0","1"
"0.07586147636175156","9.099998474121094"
"0","2"
"0","2.1000001430511475"
"0","3"
"0.11037104576826096","2"
"0","4.1114343929393726e-8"
"0","1"
"0.3012022078037262","4.1114343929393726e-8"
"0.2842225730419159","0.30000001192092896"
"0.07728415727615356","4"
"0","0.5"
"0","4.1114343929393726e-8"
"0.6859394311904907","4.1114343929393726e-8"
"0","4.1114343929393726e-8"
"0.060155853629112244","8.899998664855957"
"0","2.1000001430511475"
"0.003362137358635664","1"
"0.013503472320735455","4.1114343929393726e-8"
"0.08145134896039963","0.10000001639127731"
"0.3829195499420166","4.1114343929393726e-8"
"0.2855670750141144","4.1114343929393726e-8"
"0","4.1114343929393726e-8"
"0.07765626162290573","4.1114343929393726e-8"
"0.06712014228105545","4.1114343929393726e-8"
"0.38129687309265137","4.1114343929393726e-8"
"0","4.1114343929393726e-8"
"0.026678141206502914","4.1114343929393726e-8"
"0.02049243450164795","4.1114343929393726e-8"
"0.005293603520840406","4.1114343929393726e-8"
"0","4.1114343929393726e-8"
"0.20977894961833954","2"
"0.3273123800754547","4.1114343929393726e-8"
"0.5628162026405334","0.5"
"0.13673356175422668","4.1114343929393726e-8"
"0","4.1114343929393726e-8"
"0.04939063638448715","4.1114343929393726e-8"
"0","4.1114343929393726e-8"
"0","4.1114343929393726e-8"
"0","4.1114343929393726e-8"
"0","4.1114343929393726e-8"
"0","4.1114343929393726e-8"
"0","4.1114343929393726e-8"
"0.013956886716187","4.1114343929393726e-8"
"0.1353975534439087","4.1114343929393726e-8"
"0","4.1114343929393726e-8"
"0","0.5"
"0","4.1114343929393726e-8"
"0","4.1114343929393726e-8"
"0.02583632431924343","4.1114343929393726e-8"
"0","4.1114343929393726e-8"
"0","4.1114343929393726e-8"
"0","4.1114343929393726e-8"
"0","4.1114343929393726e-8"
"0.015305335633456707","4.1114343929393726e-8"
"0","4.1114343929393726e-8"
"0.11955347657203674","4.1114343929393726e-8"
"0.07122840732336044","0.19999997317790985"
"0","4.1114343929393726e-8"
"0","4.1114343929393726e-8"
"0","4.1114343929393726e-8"
"0","4.1114343929393726e-8"
"0","4.1114343929393726e-8"
"0","4.1114343929393726e-8"
"0","4.1114343929393726e-8"
"0.042291540652513504","4.1114343929393726e-8"
"0","4.1114343929393726e-8"
"0","4.1114343929393726e-8"
"0.11240526288747787","4.1114343929393726e-8"
"0.07679857313632965","0.19999997317790985"
"0.08225558698177338","4.1114343929393726e-8"
"0","4.1114343929393726e-8"
"0","4.1114343929393726e-8"
"0","4.1114343929393726e-8"
"0","4.1114343929393726e-8"
"0","4.1114343929393726e-8"
"0","4.1114343929393726e-8"
"0.124815434217453","0.6000000238418579"
"0","4.1114343929393726e-8"
"0","5"
"0.2271406054496765","15.999996185302734"
"0.1626259982585907","31"
"0","4"
"0","4.1114343929393726e-8"
"0","2"
"0","2"
"0","1.100000023841858"
"0","2"
"0","5"
"0.08700267970561981","40"
"0","4.1114343929393726e-8"
"0","4.1114343929393726e-8"
"0","4.1114343929393726e-8"
"0","4.1114343929393726e-8"
"0","4.1114343929393726e-8"
"0","4.1114343929393726e-8"
"0","4.1114343929393726e-8"
"0","4.1114343929393726e-8"
"0","4.1114343929393726e-8"
"0","4.1114343929393726e-8"
"0","4.1114343929393726e-8"
"0","4.1114343929393726e-8"
"0","4.1114343929393726e-8"
"0","4.1114343929393726e-8"
"0","4.1114343929393726e-8"
"0","4.1114343929393726e-8"
"0","4.1114343929393726e-8"
"0","4.1114343929393726e-8"
"0","4.1114343929393726e-8"
"0","4.1114343929393726e-8"
"0","4.1114343929393726e-8"
"0","4.1114343929393726e-8"
"0","4.1114343929393726e-8"
"0","4.1114343929393726e-8"
"0","4.1114343929393726e-8"
"0","4.1114343929393726e-8"
"0","4.1114343929393726e-8"
"0","4.1114343929393726e-8"
"0","4.1114343929393726e-8"
"0","4.1114343929393726e-8"
"0","4.1114343929393726e-8"
"0","4.1114343929393726e-8"
"0","4.1114343929393726e-8"
"0","4.1114343929393726e-8"
"0","4.1114343929393726e-8"
"0","4.1114343929393726e-8"
"0","4.1114343929393726e-8"
"0","4.1114343929393726e-8"
"0","4.1114343929393726e-8"
"0","4.1114343929393726e-8"
"0","4.1114343929393726e-8"
"0","4.1114343929393726e-8"
"0","4.1114343929393726e-8"
"0","4.1114343929393726e-8"
"0","4.1114343929393726e-8"
"0","4.1114343929393726e-8"
"0","4.1114343929393726e-8"
"0","4.1114343929393726e-8"
"0","4.1114343929393726e-8"
"0","4.1114343929393726e-8"
"0","4.1114343929393726e-8"
"0","4.1114343929393726e-8"
"0","4.1114343929393726e-8"
"0","4.1114343929393726e-8"
"0","4.1114343929393726e-8"
"0","4.1114343929393726e-8"
"0","4.1114343929393726e-8"
"0","4.1114343929393726e-8"
"0","4.1114343929393726e-8"
"0","4.1114343929393726e-8"
"0","4.1114343929393726e-8"
"0","4.1114343929393726e-8"
"0","4.1114343929393726e-8"
"0","4.1114343929393726e-8"
"0","4.1114343929393726e-8"
"0","4.1114343929393726e-8"
"0","4.1114343929393726e-8"
"0","4.1114343929393726e-8"
"0","4.1114343929393726e-8"
"0","4.1114343929393726e-8"
"0","4.1114343929393726e-8"
"0","4.1114343929393726e-8"
"0.09446254372596741","4.1114343929393726e-8"
"0.07155192643404007","4.1114343929393726e-8"
"0.4629411995410919","0.7000000476837158"
"0.27733278274536133","1.399999976158142"
"0.12660425901412964","0.10000001639127731"
"0","4.1114343929393726e-8"
"0","4.1114343929393726e-8"
"0.024462470784783363","4.1114343929393726e-8"
"0","4.1114343929393726e-8"
"0","4.1114343929393726e-8"
"0","4.1114343929393726e-8"
"0.1753673404455185","4.1114343929393726e-8"
"0.06139238551259041","4.1114343929393726e-8"
"0.34798482060432434","4.1114343929393726e-8"
"1.5948129892349243","4.1114343929393726e-8"
"1.344612717628479","4.1114343929393726e-8"
"0.23879435658454895","4.1114343929393726e-8"
"0","4.1114343929393726e-8"
"0","4.1114343929393726e-8"
"0.5107759237289429","4.1114343929393726e-8"
"0","4.1114343929393726e-8"
"0","4.1114343929393726e-8"
"0","4.1114343929393726e-8"
"0.276449590921402","4.1114343929393726e-8"
"0.159867063164711","4.1114343929393726e-8"
"0.6470707654953003","4.1114343929393726e-8"
"3.758192539215088","4"
"2.1852915287017822","4.1114343929393726e-8"
"0.39377638697624207","4.1114343929393726e-8"
"0","4.1114343929393726e-8"
"0","4.1114343929393726e-8"
"0.2550361454486847","4.1114343929393726e-8"
"0.14538708329200745","4.1114343929393726e-8"
"0.10042378306388855","4.1114343929393726e-8"
"0.14084772765636444","4.1114343929393726e-8"
"0.34468403458595276","4.1114343929393726e-8"
"0.1889696717262268","4.1114343929393726e-8"
"0.42696434259414673","8.199999809265137"
"3.1941003799438477","24.99999237060547"
"2.9575858116149902","40"
"0.22091178596019745","0.30000001192092896"
"0","4.1114343929393726e-8"
"0.05998462438583374","4.1114343929393726e-8"
"0","4.1114343929393726e-8"
"0","4.1114343929393726e-8"
"0.008551998995244503","4.1114343929393726e-8"
"0","4.1114343929393726e-8"
"0.3430483341217041","2"
"0.00022054300643503666","33"
"0.17853496968746185","4.1114343929393726e-8"
"0.52754145860672","1"
"0.978153645992279","4.1114343929393726e-8"
"0.05901361256837845","5.999999523162842"
"0","2"
"0","9"
"0.20324969291687012","19"
"0","65.99998474121094"
"0","15"
"0","25.999996185302734"
"0.26585397124290466","1"
"0","1"
"0","3.3999996185302734"
"0","5"
"0","0.4000000059604645"
"0","18"
"0","7"
"0","4.1114343929393726e-8"
"0","4.1114343929393726e-8"
"0","4.1114343929393726e-8"
"0","5.999999523162842"
"0","4.1114343929393726e-8"
"0.002435049507766962","5"
"0","4.1114343929393726e-8"
"0","4.1114343929393726e-8"
"0","4.1114343929393726e-8"
"0.010889184661209583","1"
"0","0.30000001192092896"
"0","0.19999997317790985"
"0","4.1114343929393726e-8"
"0","4.1114343929393726e-8"
"0","4.1114343929393726e-8"
"0","4.1114343929393726e-8"
"0","4.1114343929393726e-8"
"0.056746236979961395","1"
"0","4.1114343929393726e-8"
"0","4.1114343929393726e-8"
"0","4.1114343929393726e-8"
"0","4.1114343929393726e-8"
"0","4.1114343929393726e-8"
"0","4.1114343929393726e-8"
"0","4.1114343929393726e-8"
"0","4.1114343929393726e-8"
"0","4.1114343929393726e-8"
"0","4.1114343929393726e-8"
"0","4.1114343929393726e-8"
"0.2031916081905365","4.1114343929393726e-8"
"0","4.1114343929393726e-8"
"0","4.1114343929393726e-8"
"0","4.1114343929393726e-8"
"0","4.1114343929393726e-8"
"0","4.1114343929393726e-8"
"0","4.1114343929393726e-8"
"0","4.1114343929393726e-8"
"0","4.1114343929393726e-8"
"0","4.1114343929393726e-8"
"0","4.1114343929393726e-8"
"0","4.1114343929393726e-8"
"0","2"
"0","4.1114343929393726e-8"
"0.03871739283204079","4.1114343929393726e-8"
"0","4.1114343929393726e-8"
"0.1587233990430832","4.1114343929393726e-8"
"0.005067909602075815","4.1114343929393726e-8"
"0","4.1114343929393726e-8"
"0","4.1114343929393726e-8"
"0","4.1114343929393726e-8"
"0","4.1114343929393726e-8"
"0","4.1114343929393726e-8"
"0","4.1114343929393726e-8"
"0.00036775018088519573","4.1114343929393726e-8"
"0","4.1114343929393726e-8"
"0","4.1114343929393726e-8"
"0","4.1114343929393726e-8"
"0.03570626303553581","4.1114343929393726e-8"
"0","4.1114343929393726e-8"
"0","4.1114343929393726e-8"
"0","4.1114343929393726e-8"
"0","4.1114343929393726e-8"
"0","4.1114343929393726e-8"
"0","0.10000001639127731"
"0","4.1114343929393726e-8"
"0","4.1114343929393726e-8"
"0","4.1114343929393726e-8"
"0","1"
"0","0.6000000238418579"
"0","0.10000001639127731"
"0","4.1114343929393726e-8"
"0","4.1114343929393726e-8"
"0","4.1114343929393726e-8"
"0","4.1114343929393726e-8"
"0","4.1114343929393726e-8"
"0","4.1114343929393726e-8"
"0","4.1114343929393726e-8"
"0","4.1114343929393726e-8"
"0","0.30000001192092896"
"0","5.999999523162842"
"0","9.899999618530273"
"0","22.899999618530273"
"0","1.8000000715255737"
"0","0.800000011920929"
"0","4.1114343929393726e-8"
"0","4.1114343929393726e-8"
"0","4.1114343929393726e-8"
"0","4.1114343929393726e-8"
"0","4.1114343929393726e-8"
"0","4"
"0","4.1114343929393726e-8"
"0","2"
"0","4.1114343929393726e-8"
"0","1"
"0","4.1114343929393726e-8"
"0","4.1114343929393726e-8"
"0","4.1114343929393726e-8"
"0","4.1114343929393726e-8"
"0","4.1114343929393726e-8"
"0","4.1114343929393726e-8"
"0","4.1114343929393726e-8"
"0","4.1114343929393726e-8"
"0","4.1114343929393726e-8"
"0","4.1114343929393726e-8"
"0","4.1114343929393726e-8"
"0.0035647773183882236","4.1114343929393726e-8"
"0","4.1114343929393726e-8"
"0","4.1114343929393726e-8"
"0","4.1114343929393726e-8"
"0","4.1114343929393726e-8"
"0","4.1114343929393726e-8"
"0","4.1114343929393726e-8"
"0","4.1114343929393726e-8"
"0.08061427623033524","4.1114343929393726e-8"
"0","4.1114343929393726e-8"
"0","4.1114343929393726e-8"
"0","4.1114343929393726e-8"
"0","4.1114343929393726e-8"
"0","4.1114343929393726e-8"
"0","4.1114343929393726e-8"
"0","4.1114343929393726e-8"
"0","4.1114343929393726e-8"
"0","4.1114343929393726e-8"
"0","4.1114343929393726e-8"
"0","4.1114343929393726e-8"
"0","4.1114343929393726e-8"
"0","4.1114343929393726e-8"
"0","4.1114343929393726e-8"
"0","4.1114343929393726e-8"
"0","4.1114343929393726e-8"
"0","4.1114343929393726e-8"
"0","4.1114343929393726e-8"
"0","4.1114343929393726e-8"
"0","4.1114343929393726e-8"
"0","4.1114343929393726e-8"
"0","4.1114343929393726e-8"
"0","4.1114343929393726e-8"
"0","4.1114343929393726e-8"
"0","4.1114343929393726e-8"
"0","4.1114343929393726e-8"
"0","4.1114343929393726e-8"
"0","4.1114343929393726e-8"
"0","4.1114343929393726e-8"
"0","4.1114343929393726e-8"
"0","4.1114343929393726e-8"
"0","4.1114343929393726e-8"
"0","4.1114343929393726e-8"
"0","4.1114343929393726e-8"
"0","4.1114343929393726e-8"
"0","4.1114343929393726e-8"
"0","4.1114343929393726e-8"
"0","4.1114343929393726e-8"
"0","4.1114343929393726e-8"
"0","4.1114343929393726e-8"
"0","4.1114343929393726e-8"
"0","4.1114343929393726e-8"
"0","4.1114343929393726e-8"
"0","4.1114343929393726e-8"
"0","4.1114343929393726e-8"
"0","4.1114343929393726e-8"
"0","4.1114343929393726e-8"
"0","4.1114343929393726e-8"
"0","4.1114343929393726e-8"
"0","4.1114343929393726e-8"
"0","4.1114343929393726e-8"
"0","4.1114343929393726e-8"
"0","4.1114343929393726e-8"
"0","4.1114343929393726e-8"
"0","4.1114343929393726e-8"
"0","4.1114343929393726e-8"
"0","4.1114343929393726e-8"
"0","4.1114343929393726e-8"
"0","4.1114343929393726e-8"
"0","4.1114343929393726e-8"
"0","4.1114343929393726e-8"
"0","4.1114343929393726e-8"
"0","4.1114343929393726e-8"
"0.041780125349760056","4.1114343929393726e-8"
"0","4.1114343929393726e-8"
"0","4.1114343929393726e-8"
"0","4.1114343929393726e-8"
"0","4.1114343929393726e-8"
"0","4.1114343929393726e-8"
"0","4.1114343929393726e-8"
"0","4.1114343929393726e-8"
"0","4.1114343929393726e-8"
"0","4.1114343929393726e-8"
"0","4.1114343929393726e-8"
"0","4.1114343929393726e-8"
"0","4.1114343929393726e-8"
"0","4.1114343929393726e-8"
"0","4.1114343929393726e-8"
"0","4.1114343929393726e-8"
"0","31.69999885559082"
"0","4.1114343929393726e-8"
"0","4.1114343929393726e-8"
"0","28.799999237060547"
"0","44.30000305175781"
"0","4.90000057220459"
"0","4.1114343929393726e-8"
"0","4.1114343929393726e-8"
"0","4.1114343929393726e-8"
"0","8.5"
"0","4.1114343929393726e-8"
"0","7.800000190734863"
"0","4.1114343929393726e-8"
"0","4.1114343929393726e-8"
"0","4.1114343929393726e-8"
"0","5.900000095367432"
"0","25.89999771118164"
"0","4.1114343929393726e-8"
"0","4.1114343929393726e-8"
"0","4.1114343929393726e-8"
"0","4.1114343929393726e-8"
"0","3.1999998092651367"
"0","2.3000001907348633"
"0","3.799999952316284"
"0","12.59999942779541"
"0","9"
"0","4.1114343929393726e-8"
"0","13.499999046325684"
"0","47.199989318847656"
"0","4.1114343929393726e-8"
"0","4.1114343929393726e-8"
"0","4.1114343929393726e-8"
"0.016607828438282013","4.1114343929393726e-8"
"0","4.1114343929393726e-8"
"0","0.19999997317790985"
"0","4.1114343929393726e-8"
"0","4.1114343929393726e-8"
"0","4.1114343929393726e-8"
"0","4.1114343929393726e-8"
"0","4.1114343929393726e-8"
"0","3.3999996185302734"
"0.0008789399871602654","4.1114343929393726e-8"
"0","4.1114343929393726e-8"
"0","4.1114343929393726e-8"
"0","4.1114343929393726e-8"
"0","4.1114343929393726e-8"
"0","4.1114343929393726e-8"
"0","4.1114343929393726e-8"
"0.007765888702124357","4.1114343929393726e-8"
"0","4.1114343929393726e-8"
"0","4.1114343929393726e-8"
"0","4.1114343929393726e-8"
"0","1.399999976158142"
"0.10391300171613693","1.399999976158142"
"0","2.799999713897705"
"0","4.1114343929393726e-8"
"0","2.3000001907348633"
"0","3.499999523162842"
"0","4.700000286102295"
"0.07132042199373245","0.800000011920929"
"0","2.499999761581421"
"0.09380777180194855","0.8999999761581421"
"0","2.3000001907348633"
"0","0.6000000238418579"
"0","12.300000190734863"
"0","2.799999713897705"
"0.017857752740383148","4.1114343929393726e-8"
"0.16846580803394318","4.1114343929393726e-8"
"0.39110109210014343","2.1000001430511475"
"0.036964401602745056","3.0999996662139893"
"0","7.1999993324279785"
"0","0.30000001192092896"
"0","0.8999999761581421"
"0","0.800000011920929"
"0","0.800000011920929"
"0","0.10000001639127731"
"0","4.1114343929393726e-8"
"0","4.1114343929393726e-8"
"0","4.1114343929393726e-8"
"0","4.1114343929393726e-8"
"0","4.1114343929393726e-8"
"0","4.1114343929393726e-8"
"0","4.1114343929393726e-8"
"0","4.1114343929393726e-8"
"0","4.1114343929393726e-8"
"0","4.1114343929393726e-8"
"0","4.1114343929393726e-8"
"0","4.1114343929393726e-8"
"0","4.1114343929393726e-8"
"0","4.1114343929393726e-8"
"0","4.1114343929393726e-8"
"0","4.1114343929393726e-8"
"0","4.1114343929393726e-8"
"0","4.1114343929393726e-8"
"0","4.1114343929393726e-8"
"0","4.1114343929393726e-8"
"0","4.1114343929393726e-8"
"0","4.1114343929393726e-8"
"0","4.1114343929393726e-8"
"0","4.1114343929393726e-8"
"0","4.1114343929393726e-8"
"0","4.1114343929393726e-8"
"0","4.1114343929393726e-8"
"0","4.1114343929393726e-8"
"0","4.1114343929393726e-8"
"0","4.1114343929393726e-8"
"0","4.1114343929393726e-8"
"0","4.1114343929393726e-8"
"0","4.1114343929393726e-8"
"0","4.1114343929393726e-8"
"0","4.1114343929393726e-8"
"0","4.1114343929393726e-8"
"0","4.1114343929393726e-8"
"0","4.1114343929393726e-8"
"0","4.1114343929393726e-8"
"0","4.1114343929393726e-8"
"0","2.799999713897705"
"0","0.7000000476837158"
"0","4.1114343929393726e-8"
"0","0.8999999761581421"
"0","34.899993896484375"
"0","3.1999998092651367"
"0","4.1114343929393726e-8"
"0","15.999996185302734"
"0","46.79998779296875"
"0","1.1999999284744263"
"0","2.3000001907348633"
"0","6.500000476837158"
"0","7.5"
"0","2.3999998569488525"
"0","2.3000001907348633"
"0","6.40000057220459"
"0","39.100006103515625"
"0","20.899993896484375"
"0","7.300000190734863"
"0","18.699996948242188"
"0","45.59999465942383"
"0","4.1114343929393726e-8"
"0","4.1114343929393726e-8"
"0","4.1114343929393726e-8"
"0","4.1114343929393726e-8"
"0","4.1114343929393726e-8"
"0","4.1114343929393726e-8"
"0","4.1114343929393726e-8"
"0","4.1114343929393726e-8"
"0","4.1114343929393726e-8"
"0","2.3999998569488525"
"0","4.1114343929393726e-8"
"0","4.1114343929393726e-8"
"0","4.1114343929393726e-8"
"0","4.1114343929393726e-8"
"0","4.1114343929393726e-8"
"0","4.1114343929393726e-8"
"0","4.1114343929393726e-8"
"0","4.1114343929393726e-8"
"0","4.1114343929393726e-8"
"0","4.1114343929393726e-8"
"0","4.1114343929393726e-8"
"0","4.1114343929393726e-8"
"0","4.1114343929393726e-8"
"0","4.1114343929393726e-8"
"0","4.1114343929393726e-8"
"0","4.1114343929393726e-8"
"0","4.1114343929393726e-8"
"0","4.1114343929393726e-8"
"0","1.7000000476837158"
"0","4.1114343929393726e-8"
"0","1.100000023841858"
"0","36.29999923706055"
"0","5.600000381469727"
"0.04432041570544243","1.8000000715255737"
"0","14.699999809265137"
"0","57.19999313354492"
"0","4.1114343929393726e-8"
"0","2.3999998569488525"
"0","4.1114343929393726e-8"
"0.08607042580842972","4.1114343929393726e-8"
"0","4.1114343929393726e-8"
"0","7.6999993324279785"
"0","2.1000001430511475"
"0","2.3000001907348633"
"0","5.999999523162842"
"0","7.300000190734863"
"0","2"
"0","17.499998092651367"
"0","4.1114343929393726e-8"
"0.47660398483276367","4.1114343929393726e-8"
"0","4.1114343929393726e-8"
"0","4.1114343929393726e-8"
"0","4.1114343929393726e-8"
"0","4.1114343929393726e-8"
"0","4.1114343929393726e-8"
"0","2.799999713897705"
"0","4.1114343929393726e-8"
"0","4.1114343929393726e-8"
"0","2"
"0","16.699996948242188"
"0","4.1114343929393726e-8"
"0","4.1114343929393726e-8"
"0","4.1114343929393726e-8"
"0","4.1114343929393726e-8"
"0","4.1114343929393726e-8"
"0","4.1114343929393726e-8"
"0","4.1114343929393726e-8"
"0","4.1114343929393726e-8"
"0","4.1114343929393726e-8"
"0","4.1114343929393726e-8"
"0","4.1114343929393726e-8"
"0","4.1114343929393726e-8"
"0.05180390179157257","4.1114343929393726e-8"
"0","4.1114343929393726e-8"
"0","4.1114343929393726e-8"
"0","4.1114343929393726e-8"
"0","4.1114343929393726e-8"
"0","4.1114343929393726e-8"
"0","4.1114343929393726e-8"
"0","0.4000000059604645"
"0","4.1114343929393726e-8"
"0","4.1114343929393726e-8"
"0","4.1114343929393726e-8"
"0","4"
"0","4.1114343929393726e-8"
"0","4.1114343929393726e-8"
"0","4.1114343929393726e-8"
"0","4.1114343929393726e-8"
"0","4.1114343929393726e-8"
"0","4.1114343929393726e-8"
"0","4.1114343929393726e-8"
"0","4.1114343929393726e-8"
"0","4.1114343929393726e-8"
"0","4.1114343929393726e-8"
"0","4.1114343929393726e-8"
"0","4.1114343929393726e-8"
"0","4.1114343929393726e-8"
"0","4.1114343929393726e-8"
"0","4.1114343929393726e-8"
"0.006853095721453428","4.1114343929393726e-8"
"0","4.1114343929393726e-8"
"0","4.1114343929393726e-8"
"0","4.1114343929393726e-8"
"0","4.1114343929393726e-8"
"0","4.1114343929393726e-8"
"0","4.1114343929393726e-8"
"0","4.1114343929393726e-8"
"0","4.1114343929393726e-8"
"0","4.1114343929393726e-8"
"0","4.1114343929393726e-8"
"0","4.1114343929393726e-8"
"0","4.1114343929393726e-8"
"0","0.5"
"0","4.1114343929393726e-8"
"0","4.1114343929393726e-8"
"0","4.1114343929393726e-8"
"0","4.1114343929393726e-8"
"0","4.1114343929393726e-8"
"0","4.1114343929393726e-8"
"0","4.1114343929393726e-8"
"0","4.1114343929393726e-8"
"0","4.1114343929393726e-8"
"0","4.1114343929393726e-8"
"0","0.19999997317790985"
"0","4.1114343929393726e-8"
"0","4.1114343929393726e-8"
"0","4.1114343929393726e-8"
"0","4.1114343929393726e-8"
"0","4.1114343929393726e-8"
"0","4.1114343929393726e-8"
"0","4.1114343929393726e-8"
"0","4.1114343929393726e-8"
"0","4.1114343929393726e-8"
"0","4.1114343929393726e-8"
"0","4.1114343929393726e-8"
"0","0.19999997317790985"
"0","4.1114343929393726e-8"
"0","4.1114343929393726e-8"
"0","4.1114343929393726e-8"
"0","4.1114343929393726e-8"
"0","4.1114343929393726e-8"
"0","4.1114343929393726e-8"
"0","4.1114343929393726e-8"
"0","0.6000000238418579"
"0","4.1114343929393726e-8"
"0","5"
"0","15.999996185302734"
"0","31"
"0","4"
"0","4.1114343929393726e-8"
"0","2"
"0","2"
"0","1.100000023841858"
"0","2"
"0","5"
"0.04858431965112686","40"
"0","4.1114343929393726e-8"
"0","4.1114343929393726e-8"
"0","4.1114343929393726e-8"
"0","4.1114343929393726e-8"
"0","4.1114343929393726e-8"
"0","4.1114343929393726e-8"
"0","4.1114343929393726e-8"
"0","4.1114343929393726e-8"
"0","4.1114343929393726e-8"
"0","4.1114343929393726e-8"
"0","4.1114343929393726e-8"
"0","4.1114343929393726e-8"
"0","4.1114343929393726e-8"
"0.04348360002040863","4.1114343929393726e-8"
"0","4.1114343929393726e-8"
"0.1886979192495346","4.1114343929393726e-8"
"0","4.1114343929393726e-8"
"0","4.1114343929393726e-8"
"0","4.1114343929393726e-8"
"0.03473744913935661","4.1114343929393726e-8"
"0","4.1114343929393726e-8"
"0","4.1114343929393726e-8"
"0","4.1114343929393726e-8"
"0","4.1114343929393726e-8"
"0","4.1114343929393726e-8"
"0","4.1114343929393726e-8"
"0.002221406903117895","4.1114343929393726e-8"
"0.15493811666965485","4.1114343929393726e-8"
"0","4.1114343929393726e-8"
"0","4.1114343929393726e-8"
"0","4.1114343929393726e-8"
"0","4.1114343929393726e-8"
"0","4.1114343929393726e-8"
"0","4.1114343929393726e-8"
"0","4.1114343929393726e-8"
"0","4.1114343929393726e-8"
"0","4.1114343929393726e-8"
"0","4.1114343929393726e-8"
"0","4.1114343929393726e-8"
"0","4.1114343929393726e-8"
"0","4.1114343929393726e-8"
"0","4.1114343929393726e-8"
"0","4.1114343929393726e-8"
"0","4.1114343929393726e-8"
"0","4.1114343929393726e-8"
"0","4.1114343929393726e-8"
"0","4.1114343929393726e-8"
"0","4.1114343929393726e-8"
"0","4.1114343929393726e-8"
"0","4.1114343929393726e-8"
"0","4.1114343929393726e-8"
"0","4.1114343929393726e-8"
"0","4.1114343929393726e-8"
"0","4.1114343929393726e-8"
"0","4.1114343929393726e-8"
"0","4.1114343929393726e-8"
"0","4.1114343929393726e-8"
"0","4.1114343929393726e-8"
"0","4.1114343929393726e-8"
"0","4.1114343929393726e-8"
"0","4.1114343929393726e-8"
"0","4.1114343929393726e-8"
"0","4.1114343929393726e-8"
"0","4.1114343929393726e-8"
"0","4.1114343929393726e-8"
"0","4.1114343929393726e-8"
"0","4.1114343929393726e-8"
"0","4.1114343929393726e-8"
"0","4.1114343929393726e-8"
"0","4.1114343929393726e-8"
"0","4.1114343929393726e-8"
"0","4.1114343929393726e-8"
"0","4.1114343929393726e-8"
"0","4.1114343929393726e-8"
"0","4.1114343929393726e-8"
"0","4.1114343929393726e-8"
"0","4.1114343929393726e-8"
"0","4.1114343929393726e-8"
"0","4.1114343929393726e-8"
"0","4.1114343929393726e-8"
"0","4.1114343929393726e-8"
"0","4.1114343929393726e-8"
"0","4.1114343929393726e-8"
"0","4.1114343929393726e-8"
"0","4.1114343929393726e-8"
"0","4.1114343929393726e-8"
"0","4.1114343929393726e-8"
"0","4.1114343929393726e-8"
"0","4.1114343929393726e-8"
"0","4.1114343929393726e-8"
"0","4.1114343929393726e-8"
"0","4.1114343929393726e-8"
"0","4.1114343929393726e-8"
"0","4.1114343929393726e-8"
"0","4.1114343929393726e-8"
"0","4.1114343929393726e-8"
"0","4.1114343929393726e-8"
"0","4.1114343929393726e-8"
"0","4.1114343929393726e-8"
"0","4.1114343929393726e-8"
"0","4.1114343929393726e-8"
"0","4.1114343929393726e-8"
"0","4.1114343929393726e-8"
"0","4.1114343929393726e-8"
"0","4.1114343929393726e-8"
"0","4.1114343929393726e-8"
"0","4.1114343929393726e-8"
"0","4.1114343929393726e-8"
"0","1"
"0","4.1114343929393726e-8"
"0","4.1114343929393726e-8"
"0","0.800000011920929"
"0","4.1114343929393726e-8"
"0","4.1114343929393726e-8"
"0","4.1114343929393726e-8"
"0","3"
"0","4.1114343929393726e-8"
"0","4.1114343929393726e-8"
"0","1"
"0","2.6999998092651367"
"0","33"
"0.18552014231681824","4.1114343929393726e-8"
"0.4326428771018982","1"
"0.5493921637535095","4.1114343929393726e-8"
"0.14498941600322723","5.999999523162842"
"0","2"
"0","9"
"0.06787724792957306","19"
"0","65.99998474121094"
"0","15"
"0","25.999996185302734"
"0.1701917201280594","1"
"0","1"
"0.3922247290611267","3.3999996185302734"
"0.8357713222503662","5"
"0.4169148802757263","0.4000000059604645"
"0.08947958797216415","18"
"0","7"
"0","4.1114343929393726e-8"
"0.051341962069272995","4.1114343929393726e-8"
"0","4.1114343929393726e-8"
"0","5.999999523162842"
"0","4.1114343929393726e-8"
"0.8301830887794495","5"
"0","4.1114343929393726e-8"
"0.11347619444131851","4.1114343929393726e-8"
"0","4.1114343929393726e-8"
"0.005127338692545891","1"
"0","0.30000001192092896"
"0","0.19999997317790985"
"0","4.1114343929393726e-8"
"0","4.1114343929393726e-8"
"0","4.1114343929393726e-8"
"0","4.1114343929393726e-8"
"0","4.1114343929393726e-8"
"0","1"
"0","4.1114343929393726e-8"
"0","4.1114343929393726e-8"
"0","4.1114343929393726e-8"
"0","4.1114343929393726e-8"
"0","4.1114343929393726e-8"
"0","4.1114343929393726e-8"
"0","4.1114343929393726e-8"
"0","4.1114343929393726e-8"
"0","4.1114343929393726e-8"
"0","4.1114343929393726e-8"
"0","4.1114343929393726e-8"
"0","4.1114343929393726e-8"
"0","4.1114343929393726e-8"
"0","4.1114343929393726e-8"
"0","4.1114343929393726e-8"
"0","4.1114343929393726e-8"
"0","4.1114343929393726e-8"
"0","4.1114343929393726e-8"
"0","4.1114343929393726e-8"
"0","4.1114343929393726e-8"
"0","4.1114343929393726e-8"
"0","4.1114343929393726e-8"
"0","4.1114343929393726e-8"
"0","2"
"0","4.1114343929393726e-8"
"0","4.1114343929393726e-8"
"0","4.1114343929393726e-8"
"0","4.1114343929393726e-8"
"0","4.1114343929393726e-8"
"0","4.1114343929393726e-8"
"0","4.1114343929393726e-8"
"0","4.1114343929393726e-8"
"0","4.1114343929393726e-8"
"0","4.1114343929393726e-8"
"0","4.1114343929393726e-8"
"0","4.1114343929393726e-8"
"0","4.1114343929393726e-8"
"0","4.1114343929393726e-8"
"0","4.1114343929393726e-8"
"0","4.1114343929393726e-8"
"0","4.1114343929393726e-8"
"0","4.1114343929393726e-8"
"0","4.1114343929393726e-8"
"0","4.1114343929393726e-8"
"0","4.1114343929393726e-8"
"0","0.10000001639127731"
"0","4.1114343929393726e-8"
"0.07456568628549576","4.1114343929393726e-8"
"0","4.1114343929393726e-8"
"0","1"
"0","0.6000000238418579"
"0","0.10000001639127731"
"0","4.1114343929393726e-8"
"0","4.1114343929393726e-8"
"0","4.1114343929393726e-8"
"0","4.1114343929393726e-8"
"0","4.1114343929393726e-8"
"0","4.1114343929393726e-8"
"0","4.1114343929393726e-8"
"0","4.1114343929393726e-8"
"0","0.30000001192092896"
"0","5.999999523162842"
"0","9.899999618530273"
"0","22.899999618530273"
"0","1.8000000715255737"
"0","0.800000011920929"
"0","4.1114343929393726e-8"
"0.07549883425235748","4.1114343929393726e-8"
"0","4.1114343929393726e-8"
"0","4.1114343929393726e-8"
"0","4.1114343929393726e-8"
"0","4"
"0","4.1114343929393726e-8"
"0","2"
"0","4.1114343929393726e-8"
"0","1"
"0","4.1114343929393726e-8"
"0","4.1114343929393726e-8"
"0","4.1114343929393726e-8"
"0","4.1114343929393726e-8"
"0","4.1114343929393726e-8"
"0","4.1114343929393726e-8"
"0","4.1114343929393726e-8"
"0","4.1114343929393726e-8"
"0","4.1114343929393726e-8"
"0","4.1114343929393726e-8"
"0","4.1114343929393726e-8"
"0","4.1114343929393726e-8"
"0","4.1114343929393726e-8"
"0","4.1114343929393726e-8"
"0","4.1114343929393726e-8"
"0","4.1114343929393726e-8"
"0","4.1114343929393726e-8"
"0","4.1114343929393726e-8"
"0","4.1114343929393726e-8"
"0","4.1114343929393726e-8"
"0","4.1114343929393726e-8"
"0","4.1114343929393726e-8"
"0","4.1114343929393726e-8"
"0","4.1114343929393726e-8"
"0","4.1114343929393726e-8"
"0","4.1114343929393726e-8"
"0","4.1114343929393726e-8"
"0","4.1114343929393726e-8"
"0","4.1114343929393726e-8"
"0","4.1114343929393726e-8"
"0","4.1114343929393726e-8"
"0","4.1114343929393726e-8"
"0","4.1114343929393726e-8"
"0","4.1114343929393726e-8"
"0","4.1114343929393726e-8"
"0","4.1114343929393726e-8"
"0","4.1114343929393726e-8"
"0","4.1114343929393726e-8"
"0","4.1114343929393726e-8"
"0","4.1114343929393726e-8"
"0","4.1114343929393726e-8"
"0","4.1114343929393726e-8"
"0","4.1114343929393726e-8"
"0","4.1114343929393726e-8"
"0","4.1114343929393726e-8"
"0","4.1114343929393726e-8"
"0","4.1114343929393726e-8"
"0","4.1114343929393726e-8"
"0","4.1114343929393726e-8"
"0","4.1114343929393726e-8"
"0","4.1114343929393726e-8"
"0","4.1114343929393726e-8"
"0","4.1114343929393726e-8"
"0","4.1114343929393726e-8"
"0","4.1114343929393726e-8"
"0","4.1114343929393726e-8"