Prediction,Groundtruth,station,lead_time,year,month,day
"[61.76633 61.76633 61.76633 61.76633 61.76633 61.76633 61.76633 61.76633
 61.76633 61.76633 61.76633 61.76633]",[ 39.9   103.417  22.583],355.0,7,2018,6,2
"[95.84171 95.84171 95.84171 95.84171 95.84171 95.84171 95.84171 95.84171
 95.84171 95.84171 95.84171 95.84171]",[ 43.1   103.417  22.583],355.0,8,2018,6,2
"[120.628365 120.628365 120.628365 120.628365 120.628365 120.628365
 120.628365 120.628365 120.628365 120.628365 120.628365 120.628365]",[ 49.3   103.417  22.583],355.0,9,2018,6,2
"[119.20125 119.20125 119.20125 119.20125 119.20125 119.20125 119.20125
 119.20125 119.20125 119.20125 119.20125 119.20125]",[ 43.5   103.417  22.583],355.0,10,2018,6,2
"[135.65057 135.65057 135.65057 135.65057 135.65057 135.65057 135.65057
 135.65057 135.65057 135.65057 135.65057 135.65057]",[ 43.8   103.417  22.583],355.0,11,2018,6,2
"[145.91576 145.91576 145.91576 145.91576 145.91576 145.91576 145.91576
 145.91576 145.91576 145.91576 145.91576 145.91576]",[ 44.5   103.417  22.583],355.0,12,2018,6,2
"[164.0676 164.0676 164.0676 164.0676 164.0676 164.0676 164.0676 164.0676
 164.0676 164.0676 164.0676 164.0676]",[ 44.5   103.417  22.583],355.0,13,2018,6,2
"[164.36801 164.36801 164.36801 164.36801 164.36801 164.36801 164.36801
 164.36801 164.36801 164.36801 164.36801 164.36801]",[ 40.7   103.417  22.583],355.0,14,2018,6,2
"[123.83309 123.83309 123.83309 123.83309 123.83309 123.83309 123.83309
 123.83309 123.83309 123.83309 123.83309 123.83309]",[ 42.9   103.417  22.583],355.0,15,2018,6,2
"[93.66348 93.66348 93.66348 93.66348 93.66348 93.66348 93.66348 93.66348
 93.66348 93.66348 93.66348 93.66348]",[ 39.1   103.417  22.583],355.0,16,2018,6,2
"[86.57801 86.57801 86.57801 86.57801 86.57801 86.57801 86.57801 86.57801
 86.57801 86.57801 86.57801 86.57801]",[ 79.9   103.417  22.583],355.0,17,2018,6,2
"[69.85329 69.85329 69.85329 69.85329 69.85329 69.85329 69.85329 69.85329
 69.85329 69.85329 69.85329 69.85329]",[ 80.4   103.417  22.583],355.0,18,2018,6,2
"[68.07565 68.07565 68.07565 68.07565 68.07565 68.07565 68.07565 68.07565
 68.07565 68.07565 68.07565 68.07565]",[ 81.9   103.417  22.583],355.0,19,2018,6,2
"[43.614483 43.614483 43.614483 43.614483 43.614483 43.614483 43.614483
 43.614483 43.614483 43.614483 43.614483 43.614483]",[ 82.1   103.417  22.583],355.0,20,2018,6,2
"[30.019382 30.019382 30.019382 30.019382 30.019382 30.019382 30.019382
 30.019382 30.019382 30.019382 30.019382 30.019382]",[ 58.    103.417  22.583],355.0,21,2018,6,2
"[33.399384 33.399384 33.399384 33.399384 33.399384 33.399384 33.399384
 33.399384 33.399384 33.399384 33.399384 33.399384]",[112.1   103.417  22.583],355.0,22,2018,6,2
"[44.741154 44.741154 44.741154 44.741154 44.741154 44.741154 44.741154
 44.741154 44.741154 44.741154 44.741154 44.741154]",[135.7   103.417  22.583],355.0,23,2018,6,2
"[60.514473 60.514473 60.514473 60.514473 60.514473 60.514473 60.514473
 60.514473 60.514473 60.514473 60.514473 60.514473]",[109.9   103.417  22.583],355.0,24,2018,6,2
"[72.68246 72.68246 72.68246 72.68246 72.68246 72.68246 72.68246 72.68246
 72.68246 72.68246 72.68246 72.68246]",[114.7   103.417  22.583],355.0,25,2018,6,2
"[76.91371 76.91371 76.91371 76.91371 76.91371 76.91371 76.91371 76.91371
 76.91371 76.91371 76.91371 76.91371]",[115.    103.417  22.583],355.0,26,2018,6,2
"[93.36304 93.36304 93.36304 93.36304 93.36304 93.36304 93.36304 93.36304
 93.36304 93.36304 93.36304 93.36304]",[115.4   103.417  22.583],355.0,27,2018,6,2
"[114.54436 114.54436 114.54436 114.54436 114.54436 114.54436 114.54436
 114.54436 114.54436 114.54436 114.54436 114.54436]",[112.4   103.417  22.583],355.0,28,2018,6,2
"[116.22185 116.22185 116.22185 116.22185 116.22185 116.22185 116.22185
 116.22185 116.22185 116.22185 116.22185 116.22185]",[ 53.3   103.417  22.583],355.0,29,2018,6,2
"[121.35443 121.35443 121.35443 121.35443 121.35443 121.35443 121.35443
 121.35443 121.35443 121.35443 121.35443 121.35443]",[ 26.1   103.417  22.583],355.0,30,2018,6,2
"[110.463326 110.463326 110.463326 110.463326 110.463326 110.463326
 110.463326 110.463326 110.463326 110.463326 110.463326 110.463326]",[ 11.1   103.417  22.583],355.0,31,2018,6,2
"[104.028824 104.028824 104.028824 104.028824 104.028824 104.028824
 104.028824 104.028824 104.028824 104.028824 104.028824 104.028824]",[  5.5   103.417  22.583],355.0,32,2018,6,2
"[104.37933 104.37933 104.37933 104.37933 104.37933 104.37933 104.37933
 104.37933 104.37933 104.37933 104.37933 104.37933]",[  3.    103.417  22.583],355.0,33,2018,6,2
"[99.94779 99.94779 99.94779 99.94779 99.94779 99.94779 99.94779 99.94779
 99.94779 99.94779 99.94779 99.94779]",[  3.7   103.417  22.583],355.0,34,2018,6,2
"[96.26735 96.26735 96.26735 96.26735 96.26735 96.26735 96.26735 96.26735
 96.26735 96.26735 96.26735 96.26735]",[  2.    103.417  22.583],355.0,35,2018,6,2
"[95.541275 95.541275 95.541275 95.541275 95.541275 95.541275 95.541275
 95.541275 95.541275 95.541275 95.541275 95.541275]",[  6.7   103.417  22.583],355.0,36,2018,6,2
"[95.916824 95.916824 95.916824 95.916824 95.916824 95.916824 95.916824
 95.916824 95.916824 95.916824 95.916824 95.916824]",[  8.7   103.417  22.583],355.0,37,2018,6,2
"[122.33087 122.33087 122.33087 122.33087 122.33087 122.33087 122.33087
 122.33087 122.33087 122.33087 122.33087 122.33087]",[  8.4   103.417  22.583],355.0,38,2018,6,2
"[148.24419 148.24419 148.24419 148.24419 148.24419 148.24419 148.24419
 148.24419 148.24419 148.24419 148.24419 148.24419]",[ 10.9   103.417  22.583],355.0,39,2018,6,2
"[145.59026 145.59026 145.59026 145.59026 145.59026 145.59026 145.59026
 145.59026 145.59026 145.59026 145.59026 145.59026]",[ 10.9   103.417  22.583],355.0,40,2018,6,2
"[139.0556 139.0556 139.0556 139.0556 139.0556 139.0556 139.0556 139.0556
 139.0556 139.0556 139.0556 139.0556]",[  9.6   103.417  22.583],355.0,41,2018,6,2
"[133.74776 133.74776 133.74776 133.74776 133.74776 133.74776 133.74776
 133.74776 133.74776 133.74776 133.74776 133.74776]",[  9.6   103.417  22.583],355.0,42,2018,6,2
"[125.635765 125.635765 125.635765 125.635765 125.635765 125.635765
 125.635765 125.635765 125.635765 125.635765 125.635765 125.635765]",[ 10.5   103.417  22.583],355.0,43,2018,6,2
"[116.8728 116.8728 116.8728 116.8728 116.8728 116.8728 116.8728 116.8728
 116.8728 116.8728 116.8728 116.8728]",[  8.9   103.417  22.583],355.0,44,2018,6,2
"[91.20986 91.20986 91.20986 91.20986 91.20986 91.20986 91.20986 91.20986
 91.20986 91.20986 91.20986 91.20986]",[  8.9   103.417  22.583],355.0,45,2018,6,2
"[61.515953 61.515953 61.515953 61.515953 61.515953 61.515953 61.515953
 61.515953 61.515953 61.515953 61.515953 61.515953]",[ 13.4   103.417  22.583],355.0,46,2018,6,2
"[26.639383 26.639383 26.639383 26.639383 26.639383 26.639383 26.639383
 26.639383 26.639383 26.639383 26.639383 26.639383]",[ 36.9   103.417  22.583],355.0,7,2019,6,2
"[31.196123 31.196123 31.196123 31.196123 31.196123 31.196123 31.196123
 31.196123 31.196123 31.196123 31.196123 31.196123]",[ 17.4   103.417  22.583],355.0,8,2019,6,2
"[31.346348 31.346348 31.346348 31.346348 31.346348 31.346348 31.346348
 31.346348 31.346348 31.346348 31.346348 31.346348]",[ 17.4   103.417  22.583],355.0,9,2019,6,2
"[41.711674 41.711674 41.711674 41.711674 41.711674 41.711674 41.711674
 41.711674 41.711674 41.711674 41.711674 41.711674]",[  0.    103.417  22.583],355.0,10,2019,6,2
"[65.72217 65.72217 65.72217 65.72217 65.72217 65.72217 65.72217 65.72217
 65.72217 65.72217 65.72217 65.72217]",[  0.    103.417  22.583],355.0,11,2019,6,2
"[88.70616 88.70616 88.70616 88.70616 88.70616 88.70616 88.70616 88.70616
 88.70616 88.70616 88.70616 88.70616]",[  0.    103.417  22.583],355.0,12,2019,6,2
"[103.452965 103.452965 103.452965 103.452965 103.452965 103.452965
 103.452965 103.452965 103.452965 103.452965 103.452965 103.452965]",[  0.    103.417  22.583],355.0,13,2019,6,2
"[126.93769 126.93769 126.93769 126.93769 126.93769 126.93769 126.93769
 126.93769 126.93769 126.93769 126.93769 126.93769]",[  0.    103.417  22.583],355.0,14,2019,6,2
"[120.9288 120.9288 120.9288 120.9288 120.9288 120.9288 120.9288 120.9288
 120.9288 120.9288 120.9288 120.9288]",[  0.    103.417  22.583],355.0,15,2019,6,2
"[120.35295 120.35295 120.35295 120.35295 120.35295 120.35295 120.35295
 120.35295 120.35295 120.35295 120.35295 120.35295]",[ 33.4   103.417  22.583],355.0,16,2019,6,2
"[104.67977 104.67977 104.67977 104.67977 104.67977 104.67977 104.67977
 104.67977 104.67977 104.67977 104.67977 104.67977]",[ 33.8   103.417  22.583],355.0,17,2019,6,2
"[78.19061 78.19061 78.19061 78.19061 78.19061 78.19061 78.19061 78.19061
 78.19061 78.19061 78.19061 78.19061]",[ 33.8   103.417  22.583],355.0,18,2019,6,2
"[54.380405 54.380405 54.380405 54.380405 54.380405 54.380405 54.380405
 54.380405 54.380405 54.380405 54.380405 54.380405]",[ 33.8   103.417  22.583],355.0,19,2019,6,2
"[43.739674 43.739674 43.739674 43.739674 43.739674 43.739674 43.739674
 43.739674 43.739674 43.739674 43.739674 43.739674]",[ 33.8   103.417  22.583],355.0,20,2019,6,2
"[22.057615 22.057615 22.057615 22.057615 22.057615 22.057615 22.057615
 22.057615 22.057615 22.057615 22.057615 22.057615]",[ 33.8   103.417  22.583],355.0,21,2019,6,2
"[20.204876 20.204876 20.204876 20.204876 20.204876 20.204876 20.204876
 20.204876 20.204876 20.204876 20.204876 20.204876]",[ 33.8   103.417  22.583],355.0,22,2019,6,2
"[14.621618 14.621618 14.621618 14.621618 14.621618 14.621618 14.621618
 14.621618 14.621618 14.621618 14.621618 14.621618]",[ 20.5   103.417  22.583],355.0,23,2019,6,2
"[19.228428 19.228428 19.228428 19.228428 19.228428 19.228428 19.228428
 19.228428 19.228428 19.228428 19.228428 19.228428]",[ 20.1   103.417  22.583],355.0,24,2019,6,2
"[19.578949 19.578949 19.578949 19.578949 19.578949 19.578949 19.578949
 19.578949 19.578949 19.578949 19.578949 19.578949]",[ 20.6   103.417  22.583],355.0,25,2019,6,2
"[19.603987 19.603987 19.603987 19.603987 19.603987 19.603987 19.603987
 19.603987 19.603987 19.603987 19.603987 19.603987]",[ 20.6   103.417  22.583],355.0,26,2019,6,2
"[14.471396 14.471396 14.471396 14.471396 14.471396 14.471396 14.471396
 14.471396 14.471396 14.471396 14.471396 14.471396]",[ 20.6   103.417  22.583],355.0,27,2019,6,2
"[17.976578 17.976578 17.976578 17.976578 17.976578 17.976578 17.976578
 17.976578 17.976578 17.976578 17.976578 17.976578]",[ 20.6   103.417  22.583],355.0,28,2019,6,2
"[25.437609 25.437609 25.437609 25.437609 25.437609 25.437609 25.437609
 25.437609 25.437609 25.437609 25.437609 25.437609]",[ 76.5   103.417  22.583],355.0,29,2019,6,2
"[27.390495 27.390495 27.390495 27.390495 27.390495 27.390495 27.390495
 27.390495 27.390495 27.390495 27.390495 27.390495]",[ 56.4   103.417  22.583],355.0,30,2019,6,2
"[27.11509 27.11509 27.11509 27.11509 27.11509 27.11509 27.11509 27.11509
 27.11509 27.11509 27.11509 27.11509]",[ 56.4   103.417  22.583],355.0,31,2019,6,2
"[30.79553 30.79553 30.79553 30.79553 30.79553 30.79553 30.79553 30.79553
 30.79553 30.79553 30.79553 30.79553]",[ 65.9   103.417  22.583],355.0,32,2019,6,2
"[47.59537 47.59537 47.59537 47.59537 47.59537 47.59537 47.59537 47.59537
 47.59537 47.59537 47.59537 47.59537]",[ 69.8   103.417  22.583],355.0,33,2019,6,2
"[64.119804 64.119804 64.119804 64.119804 64.119804 64.119804 64.119804
 64.119804 64.119804 64.119804 64.119804 64.119804]",[ 73.1   103.417  22.583],355.0,34,2019,6,2
"[75.762024 75.762024 75.762024 75.762024 75.762024 75.762024 75.762024
 75.762024 75.762024 75.762024 75.762024 75.762024]",[ 73.1   103.417  22.583],355.0,35,2019,6,2
"[82.12142 82.12142 82.12142 82.12142 82.12142 82.12142 82.12142 82.12142
 82.12142 82.12142 82.12142 82.12142]",[ 17.2   103.417  22.583],355.0,36,2019,6,2
"[90.95949 90.95949 90.95949 90.95949 90.95949 90.95949 90.95949 90.95949
 90.95949 90.95949 90.95949 90.95949]",[ 17.2   103.417  22.583],355.0,37,2019,6,2
"[101.049416 101.049416 101.049416 101.049416 101.049416 101.049416
 101.049416 101.049416 101.049416 101.049416 101.049416 101.049416]",[ 29.1   103.417  22.583],355.0,38,2019,6,2
"[101.925705 101.925705 101.925705 101.925705 101.925705 101.925705
 101.925705 101.925705 101.925705 101.925705 101.925705 101.925705]",[ 22.3   103.417  22.583],355.0,39,2019,6,2
"[86.377716 86.377716 86.377716 86.377716 86.377716 86.377716 86.377716
 86.377716 86.377716 86.377716 86.377716 86.377716]",[ 18.4   103.417  22.583],355.0,40,2019,6,2
"[70.25388 70.25388 70.25388 70.25388 70.25388 70.25388 70.25388 70.25388
 70.25388 70.25388 70.25388 70.25388]",[ 15.1   103.417  22.583],355.0,41,2019,6,2
"[80.71935 80.71935 80.71935 80.71935 80.71935 80.71935 80.71935 80.71935
 80.71935 80.71935 80.71935 80.71935]",[ 20.9   103.417  22.583],355.0,42,2019,6,2
"[88.85638 88.85638 88.85638 88.85638 88.85638 88.85638 88.85638 88.85638
 88.85638 88.85638 88.85638 88.85638]",[ 22.1   103.417  22.583],355.0,43,2019,6,2
"[85.55149 85.55149 85.55149 85.55149 85.55149 85.55149 85.55149 85.55149
 85.55149 85.55149 85.55149 85.55149]",[ 74.6   103.417  22.583],355.0,44,2019,6,2
"[81.94616 81.94616 81.94616 81.94616 81.94616 81.94616 81.94616 81.94616
 81.94616 81.94616 81.94616 81.94616]",[ 65.8   103.417  22.583],355.0,45,2019,6,2
"[81.06987 81.06987 81.06987 81.06987 81.06987 81.06987 81.06987 81.06987
 81.06987 81.06987 81.06987 81.06987]",[ 62.6   103.417  22.583],355.0,46,2019,6,2
"[8.11199 8.11199 8.11199 8.11199 8.11199 8.11199 8.11199 8.11199 8.11199
 8.11199 8.11199 8.11199]",[ 35.1   103.417  22.583],355.0,7,2020,6,2
"[7.4610257 7.4610257 7.4610257 7.4610257 7.4610257 7.4610257 7.4610257
 7.4610257 7.4610257 7.4610257 7.4610257 7.4610257]",[ 36.3   103.417  22.583],355.0,8,2020,6,2
"[6.609768 6.609768 6.609768 6.609768 6.609768 6.609768 6.609768 6.609768
 6.609768 6.609768 6.609768 6.609768]",[ 52.    103.417  22.583],355.0,9,2020,6,2
"[6.6598415 6.6598415 6.6598415 6.6598415 6.6598415 6.6598415 6.6598415
 6.6598415 6.6598415 6.6598415 6.6598415 6.6598415]",[ 16.9   103.417  22.583],355.0,10,2020,6,2
"[3.9308074 3.9308074 3.9308074 3.9308074 3.9308074 3.9308074 3.9308074
 3.9308074 3.9308074 3.9308074 3.9308074 3.9308074]",[ 16.9   103.417  22.583],355.0,11,2020,6,2
"[3.3549547 3.3549547 3.3549547 3.3549547 3.3549547 3.3549547 3.3549547
 3.3549547 3.3549547 3.3549547 3.3549547 3.3549547]",[ 56.    103.417  22.583],355.0,12,2020,6,2
"[3.4300656 3.4300656 3.4300656 3.4300656 3.4300656 3.4300656 3.4300656
 3.4300656 3.4300656 3.4300656 3.4300656 3.4300656]",[ 56.    103.417  22.583],355.0,13,2020,6,2
"[11.867541 11.867541 11.867541 11.867541 11.867541 11.867541 11.867541
 11.867541 11.867541 11.867541 11.867541 11.867541]",[ 63.9   103.417  22.583],355.0,14,2020,6,2
"[13.344727 13.344727 13.344727 13.344727 13.344727 13.344727 13.344727
 13.344727 13.344727 13.344727 13.344727 13.344727]",[ 64.8   103.417  22.583],355.0,15,2020,6,2
"[13.67021 13.67021 13.67021 13.67021 13.67021 13.67021 13.67021 13.67021
 13.67021 13.67021 13.67021 13.67021]",[ 49.1   103.417  22.583],355.0,16,2020,6,2
"[13.820434 13.820434 13.820434 13.820434 13.820434 13.820434 13.820434
 13.820434 13.820434 13.820434 13.820434 13.820434]",[ 67.4   103.417  22.583],355.0,17,2020,6,2
"[14.8469515 14.8469515 14.8469515 14.8469515 14.8469515 14.8469515
 14.8469515 14.8469515 14.8469515 14.8469515 14.8469515 14.8469515]",[ 67.4   103.417  22.583],355.0,18,2020,6,2
"[15.823394 15.823394 15.823394 15.823394 15.823394 15.823394 15.823394
 15.823394 15.823394 15.823394 15.823394 15.823394]",[ 28.3   103.417  22.583],355.0,19,2020,6,2
"[16.9751 16.9751 16.9751 16.9751 16.9751 16.9751 16.9751 16.9751 16.9751
 16.9751 16.9751 16.9751]",[ 28.3   103.417  22.583],355.0,20,2020,6,2
"[13.144436 13.144436 13.144436 13.144436 13.144436 13.144436 13.144436
 13.144436 13.144436 13.144436 13.144436 13.144436]",[ 20.4   103.417  22.583],355.0,21,2020,6,2
"[34.851532 34.851532 34.851532 34.851532 34.851532 34.851532 34.851532
 34.851532 34.851532 34.851532 34.851532 34.851532]",[ 18.3   103.417  22.583],355.0,22,2020,6,2
"[37.73079 37.73079 37.73079 37.73079 37.73079 37.73079 37.73079 37.73079
 37.73079 37.73079 37.73079 37.73079]",[ 18.3   103.417  22.583],355.0,23,2020,6,2
"[43.58945 43.58945 43.58945 43.58945 43.58945 43.58945 43.58945 43.58945
 43.58945 43.58945 43.58945 43.58945]",[  1.8   103.417  22.583],355.0,24,2020,6,2
"[42.913452 42.913452 42.913452 42.913452 42.913452 42.913452 42.913452
 42.913452 42.913452 42.913452 42.913452 42.913452]",[  3.9   103.417  22.583],355.0,25,2020,6,2
"[42.387672 42.387672 42.387672 42.387672 42.387672 42.387672 42.387672
 42.387672 42.387672 42.387672 42.387672 42.387672]",[  3.9   103.417  22.583],355.0,26,2020,6,2
"[50.54974 50.54974 50.54974 50.54974 50.54974 50.54974 50.54974 50.54974
 50.54974 50.54974 50.54974 50.54974]",[  3.9   103.417  22.583],355.0,27,2020,6,2
"[70.92987 70.92987 70.92987 70.92987 70.92987 70.92987 70.92987 70.92987
 70.92987 70.92987 70.92987 70.92987]",[  3.9   103.417  22.583],355.0,28,2020,6,2
"[87.67964 87.67964 87.67964 87.67964 87.67964 87.67964 87.67964 87.67964
 87.67964 87.67964 87.67964 87.67964]",[  3.9   103.417  22.583],355.0,29,2020,6,2
"[107.55904 107.55904 107.55904 107.55904 107.55904 107.55904 107.55904
 107.55904 107.55904 107.55904 107.55904 107.55904]",[  3.9   103.417  22.583],355.0,30,2020,6,2
"[108.885994 108.885994 108.885994 108.885994 108.885994 108.885994
 108.885994 108.885994 108.885994 108.885994 108.885994 108.885994]",[ 34.4   103.417  22.583],355.0,31,2020,6,2
"[120.703476 120.703476 120.703476 120.703476 120.703476 120.703476
 120.703476 120.703476 120.703476 120.703476 120.703476 120.703476]",[ 75.2   103.417  22.583],355.0,32,2020,6,2
"[131.0688 131.0688 131.0688 131.0688 131.0688 131.0688 131.0688 131.0688
 131.0688 131.0688 131.0688 131.0688]",[ 75.2   103.417  22.583],355.0,33,2020,6,2
"[123.70792 123.70792 123.70792 123.70792 123.70792 123.70792 123.70792
 123.70792 123.70792 123.70792 123.70792 123.70792]",[ 75.2   103.417  22.583],355.0,34,2020,6,2
"[105.506 105.506 105.506 105.506 105.506 105.506 105.506 105.506 105.506
 105.506 105.506 105.506]",[ 75.2   103.417  22.583],355.0,35,2020,6,2
"[72.10661 72.10661 72.10661 72.10661 72.10661 72.10661 72.10661 72.10661
 72.10661 72.10661 72.10661 72.10661]",[ 77.4   103.417  22.583],355.0,36,2020,6,2
"[52.3524 52.3524 52.3524 52.3524 52.3524 52.3524 52.3524 52.3524 52.3524
 52.3524 52.3524 52.3524]",[ 77.4   103.417  22.583],355.0,37,2020,6,2
"[46.368565 46.368565 46.368565 46.368565 46.368565 46.368565 46.368565
 46.368565 46.368565 46.368565 46.368565 46.368565]",[ 65.2   103.417  22.583],355.0,38,2020,6,2
"[42.838333 42.838333 42.838333 42.838333 42.838333 42.838333 42.838333
 42.838333 42.838333 42.838333 42.838333 42.838333]",[ 31.    103.417  22.583],355.0,39,2020,6,2
"[54.530624 54.530624 54.530624 54.530624 54.530624 54.530624 54.530624
 54.530624 54.530624 54.530624 54.530624 54.530624]",[ 65.4   103.417  22.583],355.0,40,2020,6,2
"[65.87239 65.87239 65.87239 65.87239 65.87239 65.87239 65.87239 65.87239
 65.87239 65.87239 65.87239 65.87239]",[ 66.8   103.417  22.583],355.0,41,2020,6,2
"[61.415806 61.415806 61.415806 61.415806 61.415806 61.415806 61.415806
 61.415806 61.415806 61.415806 61.415806 61.415806]",[ 66.8   103.417  22.583],355.0,42,2020,6,2
"[55.231663 55.231663 55.231663 55.231663 55.231663 55.231663 55.231663
 55.231663 55.231663 55.231663 55.231663 55.231663]",[ 64.6   103.417  22.583],355.0,43,2020,6,2
"[51.82663 51.82663 51.82663 51.82663 51.82663 51.82663 51.82663 51.82663
 51.82663 51.82663 51.82663 51.82663]",[ 64.6   103.417  22.583],355.0,44,2020,6,2
"[51.526184 51.526184 51.526184 51.526184 51.526184 51.526184 51.526184
 51.526184 51.526184 51.526184 51.526184 51.526184]",[ 44.5   103.417  22.583],355.0,45,2020,6,2
"[48.47167 48.47167 48.47167 48.47167 48.47167 48.47167 48.47167 48.47167
 48.47167 48.47167 48.47167 48.47167]",[ 35.8   103.417  22.583],355.0,46,2020,6,2
"[110.13785 110.13785 110.13785 110.13785 110.13785 110.13785 110.13785
 110.13785 110.13785 110.13785 110.13785 110.13785]",[ 22.2   103.417  22.583],355.0,7,2021,6,2
"[129.29117 129.29117 129.29117 129.29117 129.29117 129.29117 129.29117
 129.29117 129.29117 129.29117 129.29117 129.29117]",[ 23.8   103.417  22.583],355.0,8,2021,6,2
"[138.75516 138.75516 138.75516 138.75516 138.75516 138.75516 138.75516
 138.75516 138.75516 138.75516 138.75516 138.75516]",[ 32.6   103.417  22.583],355.0,9,2021,6,2
"[148.94524 148.94524 148.94524 148.94524 148.94524 148.94524 148.94524
 148.94524 148.94524 148.94524 148.94524 148.94524]",[ 32.6   103.417  22.583],355.0,10,2021,6,2
"[141.80968 141.80968 141.80968 141.80968 141.80968 141.80968 141.80968
 141.80968 141.80968 141.80968 141.80968 141.80968]",[ 24.6   103.417  22.583],355.0,11,2021,6,2
"[124.55917 124.55917 124.55917 124.55917 124.55917 124.55917 124.55917
 124.55917 124.55917 124.55917 124.55917 124.55917]",[ 32.1   103.417  22.583],355.0,12,2021,6,2
"[113.74318 113.74318 113.74318 113.74318 113.74318 113.74318 113.74318
 113.74318 113.74318 113.74318 113.74318 113.74318]",[ 32.1   103.417  22.583],355.0,13,2021,6,2
"[107.08333 107.08333 107.08333 107.08333 107.08333 107.08333 107.08333
 107.08333 107.08333 107.08333 107.08333 107.08333]",[ 32.1   103.417  22.583],355.0,14,2021,6,2
"[89.05668 89.05668 89.05668 89.05668 89.05668 89.05668 89.05668 89.05668
 89.05668 89.05668 89.05668 89.05668]",[ 30.5   103.417  22.583],355.0,15,2021,6,2
"[63.86944 63.86944 63.86944 63.86944 63.86944 63.86944 63.86944 63.86944
 63.86944 63.86944 63.86944 63.86944]",[ 21.7   103.417  22.583],355.0,16,2021,6,2
"[36.804417 36.804417 36.804417 36.804417 36.804417 36.804417 36.804417
 36.804417 36.804417 36.804417 36.804417 36.804417]",[ 21.7   103.417  22.583],355.0,17,2021,6,2
"[33.19909 33.19909 33.19909 33.19909 33.19909 33.19909 33.19909 33.19909
 33.19909 33.19909 33.19909 33.19909]",[ 21.7   103.417  22.583],355.0,18,2021,6,2
"[32.898643 32.898643 32.898643 32.898643 32.898643 32.898643 32.898643
 32.898643 32.898643 32.898643 32.898643 32.898643]",[  0.    103.417  22.583],355.0,19,2021,6,2
"[21.281467 21.281467 21.281467 21.281467 21.281467 21.281467 21.281467
 21.281467 21.281467 21.281467 21.281467 21.281467]",[  0.    103.417  22.583],355.0,20,2021,6,2
"[10.240141 10.240141 10.240141 10.240141 10.240141 10.240141 10.240141
 10.240141 10.240141 10.240141 10.240141 10.240141]",[  0.    103.417  22.583],355.0,21,2021,6,2
"[8.162066 8.162066 8.162066 8.162066 8.162066 8.162066 8.162066 8.162066
 8.162066 8.162066 8.162066 8.162066]",[  0.    103.417  22.583],355.0,22,2021,6,2
"[14.947099 14.947099 14.947099 14.947099 14.947099 14.947099 14.947099
 14.947099 14.947099 14.947099 14.947099 14.947099]",[  0.    103.417  22.583],355.0,23,2021,6,2
"[33.0739 33.0739 33.0739 33.0739 33.0739 33.0739 33.0739 33.0739 33.0739
 33.0739 33.0739 33.0739]",[  1.8   103.417  22.583],355.0,24,2021,6,2
"[48.646927 48.646927 48.646927 48.646927 48.646927 48.646927 48.646927
 48.646927 48.646927 48.646927 48.646927 48.646927]",[  1.8   103.417  22.583],355.0,25,2021,6,2
"[71.05505 71.05505 71.05505 71.05505 71.05505 71.05505 71.05505 71.05505
 71.05505 71.05505 71.05505 71.05505]",[  1.8   103.417  22.583],355.0,26,2021,6,2
"[87.1789 87.1789 87.1789 87.1789 87.1789 87.1789 87.1789 87.1789 87.1789
 87.1789 87.1789 87.1789]",[  1.8   103.417  22.583],355.0,27,2021,6,2
"[87.22897 87.22897 87.22897 87.22897 87.22897 87.22897 87.22897 87.22897
 87.22897 87.22897 87.22897 87.22897]",[  8.5   103.417  22.583],355.0,28,2021,6,2
"[87.15386 87.15386 87.15386 87.15386 87.15386 87.15386 87.15386 87.15386
 87.15386 87.15386 87.15386 87.15386]",[  8.5   103.417  22.583],355.0,29,2021,6,2
"[81.270164 81.270164 81.270164 81.270164 81.270164 81.270164 81.270164
 81.270164 81.270164 81.270164 81.270164 81.270164]",[ 17.3   103.417  22.583],355.0,30,2021,6,2
"[66.09773 66.09773 66.09773 66.09773 66.09773 66.09773 66.09773 66.09773
 66.09773 66.09773 66.09773 66.09773]",[ 16.    103.417  22.583],355.0,31,2021,6,2
"[50.950333 50.950333 50.950333 50.950333 50.950333 50.950333 50.950333
 50.950333 50.950333 50.950333 50.950333 50.950333]",[ 16.    103.417  22.583],355.0,32,2021,6,2
"[26.063538 26.063538 26.063538 26.063538 26.063538 26.063538 26.063538
 26.063538 26.063538 26.063538 26.063538 26.063538]",[ 16.    103.417  22.583],355.0,33,2021,6,2
"[10.765919 10.765919 10.765919 10.765919 10.765919 10.765919 10.765919
 10.765919 10.765919 10.765919 10.765919 10.765919]",[ 16.    103.417  22.583],355.0,34,2021,6,2
"[10.841029 10.841029 10.841029 10.841029 10.841029 10.841029 10.841029
 10.841029 10.841029 10.841029 10.841029 10.841029]",[  9.3   103.417  22.583],355.0,35,2021,6,2
"[13.019252 13.019252 13.019252 13.019252 13.019252 13.019252 13.019252
 13.019252 13.019252 13.019252 13.019252 13.019252]",[ 19.3   103.417  22.583],355.0,36,2021,6,2
"[15.447843 15.447843 15.447843 15.447843 15.447843 15.447843 15.447843
 15.447843 15.447843 15.447843 15.447843 15.447843]",[ 11.5   103.417  22.583],355.0,37,2021,6,2
"[14.271101 14.271101 14.271101 14.271101 14.271101 14.271101 14.271101
 14.271101 14.271101 14.271101 14.271101 14.271101]",[ 11.    103.417  22.583],355.0,38,2021,6,2
"[11.542064 11.542064 11.542064 11.542064 11.542064 11.542064 11.542064
 11.542064 11.542064 11.542064 11.542064 11.542064]",[ 11.    103.417  22.583],355.0,39,2021,6,2
"[11.341769 11.341769 11.341769 11.341769 11.341769 11.341769 11.341769
 11.341769 11.341769 11.341769 11.341769 11.341769]",[ 11.    103.417  22.583],355.0,40,2021,6,2
"[11.391843 11.391843 11.391843 11.391843 11.391843 11.391843 11.391843
 11.391843 11.391843 11.391843 11.391843 11.391843]",[ 11.    103.417  22.583],355.0,41,2021,6,2
"[11.316731 11.316731 11.316731 11.316731 11.316731 11.316731 11.316731
 11.316731 11.316731 11.316731 11.316731 11.316731]",[ 11.    103.417  22.583],355.0,42,2021,6,2
"[12.543545 12.543545 12.543545 12.543545 12.543545 12.543545 12.543545
 12.543545 12.543545 12.543545 12.543545 12.543545]",[  1.    103.417  22.583],355.0,43,2021,6,2
"[11.967692 11.967692 11.967692 11.967692 11.967692 11.967692 11.967692
 11.967692 11.967692 11.967692 11.967692 11.967692]",[  0.    103.417  22.583],355.0,44,2021,6,2
"[20.154799 20.154799 20.154799 20.154799 20.154799 20.154799 20.154799
 20.154799 20.154799 20.154799 20.154799 20.154799]",[  0.    103.417  22.583],355.0,45,2021,6,2
"[41.987083 41.987083 41.987083 41.987083 41.987083 41.987083 41.987083
 41.987083 41.987083 41.987083 41.987083 41.987083]",[  0.    103.417  22.583],355.0,46,2021,6,2
"[41.45089 41.45089 41.45089 41.45089 41.45089 41.45089 41.45089 41.45089
 41.45089 41.45089 41.45089 41.45089]",[ 43.8   103.417  22.583],355.0,7,2018,6,6
"[38.945618 38.945618 38.945618 38.945618 38.945618 38.945618 38.945618
 38.945618 38.945618 38.945618 38.945618 38.945618]",[ 44.5   103.417  22.583],355.0,8,2018,6,6
"[57.2164 57.2164 57.2164 57.2164 57.2164 57.2164 57.2164 57.2164 57.2164
 57.2164 57.2164 57.2164]",[ 44.5   103.417  22.583],355.0,9,2018,6,6
"[82.21852 82.21852 82.21852 82.21852 82.21852 82.21852 82.21852 82.21852
 82.21852 82.21852 82.21852 82.21852]",[ 40.7   103.417  22.583],355.0,10,2018,6,6
"[97.022415 97.022415 97.022415 97.022415 97.022415 97.022415 97.022415
 97.022415 97.022415 97.022415 97.022415 97.022415]",[ 42.9   103.417  22.583],355.0,11,2018,6,6
"[115.14136 115.14136 115.14136 115.14136 115.14136 115.14136 115.14136
 115.14136 115.14136 115.14136 115.14136 115.14136]",[ 39.1   103.417  22.583],355.0,12,2018,6,6
"[134.44969 134.44969 134.44969 134.44969 134.44969 134.44969 134.44969
 134.44969 134.44969 134.44969 134.44969 134.44969]",[ 79.9   103.417  22.583],355.0,13,2018,6,6
"[147.53279 147.53279 147.53279 147.53279 147.53279 147.53279 147.53279
 147.53279 147.53279 147.53279 147.53279 147.53279]",[ 80.4   103.417  22.583],355.0,14,2018,6,6
"[163.80441 163.80441 163.80441 163.80441 163.80441 163.80441 163.80441
 163.80441 163.80441 163.80441 163.80441 163.80441]",[ 81.9   103.417  22.583],355.0,15,2018,6,6
"[153.04945 153.04945 153.04945 153.04945 153.04945 153.04945 153.04945
 153.04945 153.04945 153.04945 153.04945 153.04945]",[ 82.1   103.417  22.583],355.0,16,2018,6,6
"[125.51675 125.51675 125.51675 125.51675 125.51675 125.51675 125.51675
 125.51675 125.51675 125.51675 125.51675 125.51675]",[ 58.    103.417  22.583],355.0,17,2018,6,6
"[115.11605 115.11605 115.11605 115.11605 115.11605 115.11605 115.11605
 115.11605 115.11605 115.11605 115.11605 115.11605]",[112.1   103.417  22.583],355.0,18,2018,6,6
"[107.11942 107.11942 107.11942 107.11942 107.11942 107.11942 107.11942
 107.11942 107.11942 107.11942 107.11942 107.11942]",[135.7   103.417  22.583],355.0,19,2018,6,6
"[100.41339 100.41339 100.41339 100.41339 100.41339 100.41339 100.41339
 100.41339 100.41339 100.41339 100.41339 100.41339]",[109.9   103.417  22.583],355.0,20,2018,6,6
"[89.35475 89.35475 89.35475 89.35475 89.35475 89.35475 89.35475 89.35475
 89.35475 89.35475 89.35475 89.35475]",[114.7   103.417  22.583],355.0,21,2018,6,6
"[72.349266 72.349266 72.349266 72.349266 72.349266 72.349266 72.349266
 72.349266 72.349266 72.349266 72.349266 72.349266]",[115.    103.417  22.583],355.0,22,2018,6,6
"[66.09873 66.09873 66.09873 66.09873 66.09873 66.09873 66.09873 66.09873
 66.09873 66.09873 66.09873 66.09873]",[115.4   103.417  22.583],355.0,23,2018,6,6
"[63.644077 63.644077 63.644077 63.644077 63.644077 63.644077 63.644077
 63.644077 63.644077 63.644077 63.644077 63.644077]",[112.4   103.417  22.583],355.0,24,2018,6,6
"[52.028717 52.028717 52.028717 52.028717 52.028717 52.028717 52.028717
 52.028717 52.028717 52.028717 52.028717 52.028717]",[ 53.3   103.417  22.583],355.0,25,2018,6,6
"[35.655865 35.655865 35.655865 35.655865 35.655865 35.655865 35.655865
 35.655865 35.655865 35.655865 35.655865 35.655865]",[ 26.1   103.417  22.583],355.0,26,2018,6,6
"[19.029957 19.029957 19.029957 19.029957 19.029957 19.029957 19.029957
 19.029957 19.029957 19.029957 19.029957 19.029957]",[ 11.1   103.417  22.583],355.0,27,2018,6,6
"[18.574451 18.574451 18.574451 18.574451 18.574451 18.574451 18.574451
 18.574451 18.574451 18.574451 18.574451 18.574451]",[  5.5   103.417  22.583],355.0,28,2018,6,6
"[51.725044 51.725044 51.725044 51.725044 51.725044 51.725044 51.725044
 51.725044 51.725044 51.725044 51.725044 51.725044]",[  3.    103.417  22.583],355.0,29,2018,6,6
"[53.749504 53.749504 53.749504 53.749504 53.749504 53.749504 53.749504
 53.749504 53.749504 53.749504 53.749504 53.749504]",[  3.7   103.417  22.583],355.0,30,2018,6,6
"[57.57068 57.57068 57.57068 57.57068 57.57068 57.57068 57.57068 57.57068
 57.57068 57.57068 57.57068 57.57068]",[  2.    103.417  22.583],355.0,31,2018,6,6
"[59.64576 59.64576 59.64576 59.64576 59.64576 59.64576 59.64576 59.64576
 59.64576 59.64576 59.64576 59.64576]",[  6.7   103.417  22.583],355.0,32,2018,6,6
"[56.86212 56.86212 56.86212 56.86212 56.86212 56.86212 56.86212 56.86212
 56.86212 56.86212 56.86212 56.86212]",[  8.7   103.417  22.583],355.0,33,2018,6,6
"[58.65883 58.65883 58.65883 58.65883 58.65883 58.65883 58.65883 58.65883
 58.65883 58.65883 58.65883 58.65883]",[  8.4   103.417  22.583],355.0,34,2018,6,6
"[73.91823 73.91823 73.91823 73.91823 73.91823 73.91823 73.91823 73.91823
 73.91823 73.91823 73.91823 73.91823]",[ 10.9   103.417  22.583],355.0,35,2018,6,6
"[139.57826 139.57826 139.57826 139.57826 139.57826 139.57826 139.57826
 139.57826 139.57826 139.57826 139.57826 139.57826]",[ 10.9   103.417  22.583],355.0,36,2018,6,6
"[174.34843 174.34843 174.34843 174.34843 174.34843 174.34843 174.34843
 174.34843 174.34843 174.34843 174.34843 174.34843]",[  9.6   103.417  22.583],355.0,37,2018,6,6
"[171.1599 171.1599 171.1599 171.1599 171.1599 171.1599 171.1599 171.1599
 171.1599 171.1599 171.1599 171.1599]",[  9.6   103.417  22.583],355.0,38,2018,6,6
"[170.83092 170.83092 170.83092 170.83092 170.83092 170.83092 170.83092
 170.83092 170.83092 170.83092 170.83092 170.83092]",[ 10.5   103.417  22.583],355.0,39,2018,6,6
"[171.36234 171.36234 171.36234 171.36234 171.36234 171.36234 171.36234
 171.36234 171.36234 171.36234 171.36234 171.36234]",[  8.9   103.417  22.583],355.0,40,2018,6,6
"[181.38342 181.38342 181.38342 181.38342 181.38342 181.38342 181.38342
 181.38342 181.38342 181.38342 181.38342 181.38342]",[  8.9   103.417  22.583],355.0,41,2018,6,6
"[170.3754 170.3754 170.3754 170.3754 170.3754 170.3754 170.3754 170.3754
 170.3754 170.3754 170.3754 170.3754]",[ 13.4   103.417  22.583],355.0,42,2018,6,6
"[73.66517 73.66517 73.66517 73.66517 73.66517 73.66517 73.66517 73.66517
 73.66517 73.66517 73.66517 73.66517]",[ 25.8   103.417  22.583],355.0,43,2018,6,6
"[45.12023 45.12023 45.12023 45.12023 45.12023 45.12023 45.12023 45.12023
 45.12023 45.12023 45.12023 45.12023]",[ 44.3   103.417  22.583],355.0,44,2018,6,6
"[49.245075 49.245075 49.245075 49.245075 49.245075 49.245075 49.245075
 49.245075 49.245075 49.245075 49.245075 49.245075]",[ 50.2   103.417  22.583],355.0,45,2018,6,6
"[48.13162 48.13162 48.13162 48.13162 48.13162 48.13162 48.13162 48.13162
 48.13162 48.13162 48.13162 48.13162]",[ 44.2   103.417  22.583],355.0,46,2018,6,6
"[18.87812 18.87812 18.87812 18.87812 18.87812 18.87812 18.87812 18.87812
 18.87812 18.87812 18.87812 18.87812]",[  0.    103.417  22.583],355.0,7,2019,6,6
"[14.348382 14.348382 14.348382 14.348382 14.348382 14.348382 14.348382
 14.348382 14.348382 14.348382 14.348382 14.348382]",[  0.    103.417  22.583],355.0,8,2019,6,6
"[34.086903 34.086903 34.086903 34.086903 34.086903 34.086903 34.086903
 34.086903 34.086903 34.086903 34.086903 34.086903]",[  0.    103.417  22.583],355.0,9,2019,6,6
"[60.506153 60.506153 60.506153 60.506153 60.506153 60.506153 60.506153
 60.506153 60.506153 60.506153 60.506153 60.506153]",[  0.    103.417  22.583],355.0,10,2019,6,6
"[79.43488 79.43488 79.43488 79.43488 79.43488 79.43488 79.43488 79.43488
 79.43488 79.43488 79.43488 79.43488]",[  0.    103.417  22.583],355.0,11,2019,6,6
"[93.504906 93.504906 93.504906 93.504906 93.504906 93.504906 93.504906
 93.504906 93.504906 93.504906 93.504906 93.504906]",[ 33.4   103.417  22.583],355.0,12,2019,6,6
"[105.17088 105.17088 105.17088 105.17088 105.17088 105.17088 105.17088
 105.17088 105.17088 105.17088 105.17088 105.17088]",[ 33.8   103.417  22.583],355.0,13,2019,6,6
"[103.42478 103.42478 103.42478 103.42478 103.42478 103.42478 103.42478
 103.42478 103.42478 103.42478 103.42478 103.42478]",[ 33.8   103.417  22.583],355.0,14,2019,6,6
"[106.43617 106.43617 106.43617 106.43617 106.43617 106.43617 106.43617
 106.43617 106.43617 106.43617 106.43617 106.43617]",[ 33.8   103.417  22.583],355.0,15,2019,6,6
"[81.86424 81.86424 81.86424 81.86424 81.86424 81.86424 81.86424 81.86424
 81.86424 81.86424 81.86424 81.86424]",[ 33.8   103.417  22.583],355.0,16,2019,6,6
"[56.73559 56.73559 56.73559 56.73559 56.73559 56.73559 56.73559 56.73559
 56.73559 56.73559 56.73559 56.73559]",[ 33.8   103.417  22.583],355.0,17,2019,6,6
"[73.96884 73.96884 73.96884 73.96884 73.96884 73.96884 73.96884 73.96884
 73.96884 73.96884 73.96884 73.96884]",[ 33.8   103.417  22.583],355.0,18,2019,6,6
"[71.666016 71.666016 71.666016 71.666016 71.666016 71.666016 71.666016
 71.666016 71.666016 71.666016 71.666016 71.666016]",[ 20.5   103.417  22.583],355.0,19,2019,6,6
"[77.132065 77.132065 77.132065 77.132065 77.132065 77.132065 77.132065
 77.132065 77.132065 77.132065 77.132065 77.132065]",[ 20.1   103.417  22.583],355.0,20,2019,6,6
"[99.90728 99.90728 99.90728 99.90728 99.90728 99.90728 99.90728 99.90728
 99.90728 99.90728 99.90728 99.90728]",[ 20.6   103.417  22.583],355.0,21,2019,6,6
"[127.56651 127.56651 127.56651 127.56651 127.56651 127.56651 127.56651
 127.56651 127.56651 127.56651 127.56651 127.56651]",[ 20.6   103.417  22.583],355.0,22,2019,6,6
"[132.50114 132.50114 132.50114 132.50114 132.50114 132.50114 132.50114
 132.50114 132.50114 132.50114 132.50114 132.50114]",[ 20.6   103.417  22.583],355.0,23,2019,6,6
"[131.18524 131.18524 131.18524 131.18524 131.18524 131.18524 131.18524
 131.18524 131.18524 131.18524 131.18524 131.18524]",[ 20.6   103.417  22.583],355.0,24,2019,6,6
"[94.61838 94.61838 94.61838 94.61838 94.61838 94.61838 94.61838 94.61838
 94.61838 94.61838 94.61838 94.61838]",[ 76.5   103.417  22.583],355.0,25,2019,6,6
"[82.77527 82.77527 82.77527 82.77527 82.77527 82.77527 82.77527 82.77527
 82.77527 82.77527 82.77527 82.77527]",[ 56.4   103.417  22.583],355.0,26,2019,6,6
"[68.730545 68.730545 68.730545 68.730545 68.730545 68.730545 68.730545
 68.730545 68.730545 68.730545 68.730545 68.730545]",[ 56.4   103.417  22.583],355.0,27,2019,6,6
"[53.369923 53.369923 53.369923 53.369923 53.369923 53.369923 53.369923
 53.369923 53.369923 53.369923 53.369923 53.369923]",[ 65.9   103.417  22.583],355.0,28,2019,6,6
"[25.482937 25.482937 25.482937 25.482937 25.482937 25.482937 25.482937
 25.482937 25.482937 25.482937 25.482937 25.482937]",[ 69.8   103.417  22.583],355.0,29,2019,6,6
"[26.140888 26.140888 26.140888 26.140888 26.140888 26.140888 26.140888
 26.140888 26.140888 26.140888 26.140888 26.140888]",[ 73.1   103.417  22.583],355.0,30,2019,6,6
"[30.26573 30.26573 30.26573 30.26573 30.26573 30.26573 30.26573 30.26573
 30.26573 30.26573 30.26573 30.26573]",[ 73.1   103.417  22.583],355.0,31,2019,6,6
"[32.188972 32.188972 32.188972 32.188972 32.188972 32.188972 32.188972
 32.188972 32.188972 32.188972 32.188972 32.188972]",[ 17.2   103.417  22.583],355.0,32,2019,6,6
"[34.871387 34.871387 34.871387 34.871387 34.871387 34.871387 34.871387
 34.871387 34.871387 34.871387 34.871387 34.871387]",[ 17.2   103.417  22.583],355.0,33,2019,6,6
"[31.83469 31.83469 31.83469 31.83469 31.83469 31.83469 31.83469 31.83469
 31.83469 31.83469 31.83469 31.83469]",[ 29.1   103.417  22.583],355.0,34,2019,6,6
"[34.339966 34.339966 34.339966 34.339966 34.339966 34.339966 34.339966
 34.339966 34.339966 34.339966 34.339966 34.339966]",[ 22.3   103.417  22.583],355.0,35,2019,6,6
"[50.029556 50.029556 50.029556 50.029556 50.029556 50.029556 50.029556
 50.029556 50.029556 50.029556 50.029556 50.029556]",[ 18.4   103.417  22.583],355.0,36,2019,6,6
"[62.151028 62.151028 62.151028 62.151028 62.151028 62.151028 62.151028
 62.151028 62.151028 62.151028 62.151028 62.151028]",[ 15.1   103.417  22.583],355.0,37,2019,6,6
"[63.06204 63.06204 63.06204 63.06204 63.06204 63.06204 63.06204 63.06204
 63.06204 63.06204 63.06204 63.06204]",[ 20.9   103.417  22.583],355.0,38,2019,6,6
"[61.644917 61.644917 61.644917 61.644917 61.644917 61.644917 61.644917
 61.644917 61.644917 61.644917 61.644917 61.644917]",[ 22.1   103.417  22.583],355.0,39,2019,6,6
"[58.9625 58.9625 58.9625 58.9625 58.9625 58.9625 58.9625 58.9625 58.9625
 58.9625 58.9625 58.9625]",[ 74.6   103.417  22.583],355.0,40,2019,6,6
"[59.569836 59.569836 59.569836 59.569836 59.569836 59.569836 59.569836
 59.569836 59.569836 59.569836 59.569836 59.569836]",[ 65.8   103.417  22.583],355.0,41,2019,6,6
"[48.738956 48.738956 48.738956 48.738956 48.738956 48.738956 48.738956
 48.738956 48.738956 48.738956 48.738956 48.738956]",[ 62.6   103.417  22.583],355.0,42,2019,6,6
"[25.103344 25.103344 25.103344 25.103344 25.103344 25.103344 25.103344
 25.103344 25.103344 25.103344 25.103344 25.103344]",[ 62.6   103.417  22.583],355.0,43,2019,6,6
"[7.490515 7.490515 7.490515 7.490515 7.490515 7.490515 7.490515 7.490515
 7.490515 7.490515 7.490515 7.490515]",[ 62.6   103.417  22.583],355.0,44,2019,6,6
"[4.959935 4.959935 4.959935 4.959935 4.959935 4.959935 4.959935 4.959935
 4.959935 4.959935 4.959935 4.959935]",[ 56.8   103.417  22.583],355.0,45,2019,6,6
"[18.321396 18.321396 18.321396 18.321396 18.321396 18.321396 18.321396
 18.321396 18.321396 18.321396 18.321396 18.321396]",[ 83.8   103.417  22.583],355.0,46,2019,6,6
"[11.463523 11.463523 11.463523 11.463523 11.463523 11.463523 11.463523
 11.463523 11.463523 11.463523 11.463523 11.463523]",[ 16.9   103.417  22.583],355.0,7,2020,6,6
"[23.483774 23.483774 23.483774 23.483774 23.483774 23.483774 23.483774
 23.483774 23.483774 23.483774 23.483774 23.483774]",[ 56.    103.417  22.583],355.0,8,2020,6,6
"[30.873066 30.873066 30.873066 30.873066 30.873066 30.873066 30.873066
 30.873066 30.873066 30.873066 30.873066 30.873066]",[ 56.    103.417  22.583],355.0,9,2020,6,6
"[45.069614 45.069614 45.069614 45.069614 45.069614 45.069614 45.069614
 45.069614 45.069614 45.069614 45.069614 45.069614]",[ 63.9   103.417  22.583],355.0,10,2020,6,6
"[55.79927 55.79927 55.79927 55.79927 55.79927 55.79927 55.79927 55.79927
 55.79927 55.79927 55.79927 55.79927]",[ 64.8   103.417  22.583],355.0,11,2020,6,6
"[54.154396 54.154396 54.154396 54.154396 54.154396 54.154396 54.154396
 54.154396 54.154396 54.154396 54.154396 54.154396]",[ 49.1   103.417  22.583],355.0,12,2020,6,6
"[69.439095 69.439095 69.439095 69.439095 69.439095 69.439095 69.439095
 69.439095 69.439095 69.439095 69.439095 69.439095]",[ 67.4   103.417  22.583],355.0,13,2020,6,6
"[86.115616 86.115616 86.115616 86.115616 86.115616 86.115616 86.115616
 86.115616 86.115616 86.115616 86.115616 86.115616]",[ 67.4   103.417  22.583],355.0,14,2020,6,6
"[89.1017 89.1017 89.1017 89.1017 89.1017 89.1017 89.1017 89.1017 89.1017
 89.1017 89.1017 89.1017]",[ 28.3   103.417  22.583],355.0,15,2020,6,6
"[89.405365 89.405365 89.405365 89.405365 89.405365 89.405365 89.405365
 89.405365 89.405365 89.405365 89.405365 89.405365]",[ 28.3   103.417  22.583],355.0,16,2020,6,6
"[81.38343 81.38343 81.38343 81.38343 81.38343 81.38343 81.38343 81.38343
 81.38343 81.38343 81.38343 81.38343]",[ 20.4   103.417  22.583],355.0,17,2020,6,6
"[69.9199 69.9199 69.9199 69.9199 69.9199 69.9199 69.9199 69.9199 69.9199
 69.9199 69.9199 69.9199]",[ 18.3   103.417  22.583],355.0,18,2020,6,6
"[66.073425 66.073425 66.073425 66.073425 66.073425 66.073425 66.073425
 66.073425 66.073425 66.073425 66.073425 66.073425]",[ 18.3   103.417  22.583],355.0,19,2020,6,6
"[49.903027 49.903027 49.903027 49.903027 49.903027 49.903027 49.903027
 49.903027 49.903027 49.903027 49.903027 49.903027]",[  1.8   103.417  22.583],355.0,20,2020,6,6
"[37.02238 37.02238 37.02238 37.02238 37.02238 37.02238 37.02238 37.02238
 37.02238 37.02238 37.02238 37.02238]",[  3.9   103.417  22.583],355.0,21,2020,6,6
"[22.825829 22.825829 22.825829 22.825829 22.825829 22.825829 22.825829
 22.825829 22.825829 22.825829 22.825829 22.825829]",[  3.9   103.417  22.583],355.0,22,2020,6,6
"[15.512455 15.512455 15.512455 15.512455 15.512455 15.512455 15.512455
 15.512455 15.512455 15.512455 15.512455 15.512455]",[  3.9   103.417  22.583],355.0,23,2020,6,6
"[9.413757 9.413757 9.413757 9.413757 9.413757 9.413757 9.413757 9.413757
 9.413757 9.413757 9.413757 9.413757]",[  3.9   103.417  22.583],355.0,24,2020,6,6
"[10.147625 10.147625 10.147625 10.147625 10.147625 10.147625 10.147625
 10.147625 10.147625 10.147625 10.147625 10.147625]",[  3.9   103.417  22.583],355.0,25,2020,6,6
"[20.47239 20.47239 20.47239 20.47239 20.47239 20.47239 20.47239 20.47239
 20.47239 20.47239 20.47239 20.47239]",[  3.9   103.417  22.583],355.0,26,2020,6,6
"[21.206255 21.206255 21.206255 21.206255 21.206255 21.206255 21.206255
 21.206255 21.206255 21.206255 21.206255 21.206255]",[ 34.4   103.417  22.583],355.0,27,2020,6,6
"[19.485462 19.485462 19.485462 19.485462 19.485462 19.485462 19.485462
 19.485462 19.485462 19.485462 19.485462 19.485462]",[ 75.2   103.417  22.583],355.0,28,2020,6,6
"[22.370325 22.370325 22.370325 22.370325 22.370325 22.370325 22.370325
 22.370325 22.370325 22.370325 22.370325 22.370325]",[ 75.2   103.417  22.583],355.0,29,2020,6,6
"[28.418406 28.418406 28.418406 28.418406 28.418406 28.418406 28.418406
 28.418406 28.418406 28.418406 28.418406 28.418406]",[ 75.2   103.417  22.583],355.0,30,2020,6,6
"[33.403652 33.403652 33.403652 33.403652 33.403652 33.403652 33.403652
 33.403652 33.403652 33.403652 33.403652 33.403652]",[ 75.2   103.417  22.583],355.0,31,2020,6,6
"[41.09661 41.09661 41.09661 41.09661 41.09661 41.09661 41.09661 41.09661
 41.09661 41.09661 41.09661 41.09661]",[ 77.4   103.417  22.583],355.0,32,2020,6,6
"[42.91863 42.91863 42.91863 42.91863 42.91863 42.91863 42.91863 42.91863
 42.91863 42.91863 42.91863 42.91863]",[ 77.4   103.417  22.583],355.0,33,2020,6,6
"[48.992023 48.992023 48.992023 48.992023 48.992023 48.992023 48.992023
 48.992023 48.992023 48.992023 48.992023 48.992023]",[ 65.2   103.417  22.583],355.0,34,2020,6,6
"[48.76427 48.76427 48.76427 48.76427 48.76427 48.76427 48.76427 48.76427
 48.76427 48.76427 48.76427 48.76427]",[ 31.    103.417  22.583],355.0,35,2020,6,6
"[50.080173 50.080173 50.080173 50.080173 50.080173 50.080173 50.080173
 50.080173 50.080173 50.080173 50.080173 50.080173]",[ 65.4   103.417  22.583],355.0,36,2020,6,6
"[50.889957 50.889957 50.889957 50.889957 50.889957 50.889957 50.889957
 50.889957 50.889957 50.889957 50.889957 50.889957]",[ 66.8   103.417  22.583],355.0,37,2020,6,6
"[50.560978 50.560978 50.560978 50.560978 50.560978 50.560978 50.560978
 50.560978 50.560978 50.560978 50.560978 50.560978]",[ 66.8   103.417  22.583],355.0,38,2020,6,6
"[49.574055 49.574055 49.574055 49.574055 49.574055 49.574055 49.574055
 49.574055 49.574055 49.574055 49.574055 49.574055]",[ 64.6   103.417  22.583],355.0,39,2020,6,6
"[51.927494 51.927494 51.927494 51.927494 51.927494 51.927494 51.927494
 51.927494 51.927494 51.927494 51.927494 51.927494]",[ 64.6   103.417  22.583],355.0,40,2020,6,6
"[54.93888 54.93888 54.93888 54.93888 54.93888 54.93888 54.93888 54.93888
 54.93888 54.93888 54.93888 54.93888]",[ 44.5   103.417  22.583],355.0,41,2020,6,6
"[64.124886 64.124886 64.124886 64.124886 64.124886 64.124886 64.124886
 64.124886 64.124886 64.124886 64.124886 64.124886]",[ 35.8   103.417  22.583],355.0,42,2020,6,6
"[70.09705 70.09705 70.09705 70.09705 70.09705 70.09705 70.09705 70.09705
 70.09705 70.09705 70.09705 70.09705]",[  5.    103.417  22.583],355.0,43,2020,6,6
"[71.1852 71.1852 71.1852 71.1852 71.1852 71.1852 71.1852 71.1852 71.1852
 71.1852 71.1852 71.1852]",[ 20.1   103.417  22.583],355.0,44,2020,6,6
"[72.754166 72.754166 72.754166 72.754166 72.754166 72.754166 72.754166
 72.754166 72.754166 72.754166 72.754166 72.754166]",[ 20.9   103.417  22.583],355.0,45,2020,6,6
"[78.09367 78.09367 78.09367 78.09367 78.09367 78.09367 78.09367 78.09367
 78.09367 78.09367 78.09367 78.09367]",[ 20.9   103.417  22.583],355.0,46,2020,6,6
"[134.24724 134.24724 134.24724 134.24724 134.24724 134.24724 134.24724
 134.24724 134.24724 134.24724 134.24724 134.24724]",[ 24.6   103.417  22.583],355.0,7,2021,6,6
"[121.29067 121.29067 121.29067 121.29067 121.29067 121.29067 121.29067
 121.29067 121.29067 121.29067 121.29067 121.29067]",[ 32.1   103.417  22.583],355.0,8,2021,6,6
"[96.41508 96.41508 96.41508 96.41508 96.41508 96.41508 96.41508 96.41508
 96.41508 96.41508 96.41508 96.41508]",[ 32.1   103.417  22.583],355.0,9,2021,6,6
"[64.02366 64.02366 64.02366 64.02366 64.02366 64.02366 64.02366 64.02366
 64.02366 64.02366 64.02366 64.02366]",[ 32.1   103.417  22.583],355.0,10,2021,6,6
"[52.8638 52.8638 52.8638 52.8638 52.8638 52.8638 52.8638 52.8638 52.8638
 52.8638 52.8638 52.8638]",[ 30.5   103.417  22.583],355.0,11,2021,6,6
"[27.633928 27.633928 27.633928 27.633928 27.633928 27.633928 27.633928
 27.633928 27.633928 27.633928 27.633928 27.633928]",[ 21.7   103.417  22.583],355.0,12,2021,6,6
"[12.52637 12.52637 12.52637 12.52637 12.52637 12.52637 12.52637 12.52637
 12.52637 12.52637 12.52637 12.52637]",[ 21.7   103.417  22.583],355.0,13,2021,6,6
"[6.554201 6.554201 6.554201 6.554201 6.554201 6.554201 6.554201 6.554201
 6.554201 6.554201 6.554201 6.554201]",[ 21.7   103.417  22.583],355.0,14,2021,6,6
"[1.1640698 1.1640698 1.1640698 1.1640698 1.1640698 1.1640698 1.1640698
 1.1640698 1.1640698 1.1640698 1.1640698 1.1640698]",[  0.    103.417  22.583],355.0,15,2021,6,6
"[0.93631744 0.93631744 0.93631744 0.93631744 0.93631744 0.93631744
 0.93631744 0.93631744 0.93631744 0.93631744 0.93631744 0.93631744]",[  0.    103.417  22.583],355.0,16,2021,6,6
"[3.2897563 3.2897563 3.2897563 3.2897563 3.2897563 3.2897563 3.2897563
 3.2897563 3.2897563 3.2897563 3.2897563 3.2897563]",[  0.    103.417  22.583],355.0,17,2021,6,6
"[4.2007656 4.2007656 4.2007656 4.2007656 4.2007656 4.2007656 4.2007656
 4.2007656 4.2007656 4.2007656 4.2007656 4.2007656]",[  0.    103.417  22.583],355.0,18,2021,6,6
"[4.2007656 4.2007656 4.2007656 4.2007656 4.2007656 4.2007656 4.2007656
 4.2007656 4.2007656 4.2007656 4.2007656 4.2007656]",[  0.    103.417  22.583],355.0,19,2021,6,6
"[4.352599 4.352599 4.352599 4.352599 4.352599 4.352599 4.352599 4.352599
 4.352599 4.352599 4.352599 4.352599]",[  1.8   103.417  22.583],355.0,20,2021,6,6
"[8.224386 8.224386 8.224386 8.224386 8.224386 8.224386 8.224386 8.224386
 8.224386 8.224386 8.224386 8.224386]",[  1.8   103.417  22.583],355.0,21,2021,6,6
"[17.359776 17.359776 17.359776 17.359776 17.359776 17.359776 17.359776
 17.359776 17.359776 17.359776 17.359776 17.359776]",[  1.8   103.417  22.583],355.0,22,2021,6,6
"[27.63393 27.63393 27.63393 27.63393 27.63393 27.63393 27.63393 27.63393
 27.63393 27.63393 27.63393 27.63393]",[  1.8   103.417  22.583],355.0,23,2021,6,6
"[30.594707 30.594707 30.594707 30.594707 30.594707 30.594707 30.594707
 30.594707 30.594707 30.594707 30.594707 30.594707]",[  8.5   103.417  22.583],355.0,24,2021,6,6
"[31.834688 31.834688 31.834688 31.834688 31.834688 31.834688 31.834688
 31.834688 31.834688 31.834688 31.834688 31.834688]",[  8.5   103.417  22.583],355.0,25,2021,6,6
"[32.264885 32.264885 32.264885 32.264885 32.264885 32.264885 32.264885
 32.264885 32.264885 32.264885 32.264885 32.264885]",[ 17.3   103.417  22.583],355.0,26,2021,6,6
"[42.8174 42.8174 42.8174 42.8174 42.8174 42.8174 42.8174 42.8174 42.8174
 42.8174 42.8174 42.8174]",[ 16.    103.417  22.583],355.0,27,2021,6,6
"[42.387203 42.387203 42.387203 42.387203 42.387203 42.387203 42.387203
 42.387203 42.387203 42.387203 42.387203 42.387203]",[ 16.    103.417  22.583],355.0,28,2021,6,6
"[34.16282 34.16282 34.16282 34.16282 34.16282 34.16282 34.16282 34.16282
 34.16282 34.16282 34.16282 34.16282]",[ 16.    103.417  22.583],355.0,29,2021,6,6
"[26.62169 26.62169 26.62169 26.62169 26.62169 26.62169 26.62169 26.62169
 26.62169 26.62169 26.62169 26.62169]",[ 16.    103.417  22.583],355.0,30,2021,6,6
"[23.534386 23.534386 23.534386 23.534386 23.534386 23.534386 23.534386
 23.534386 23.534386 23.534386 23.534386 23.534386]",[  9.3   103.417  22.583],355.0,31,2021,6,6
"[30.366955 30.366955 30.366955 30.366955 30.366955 30.366955 30.366955
 30.366955 30.366955 30.366955 30.366955 30.366955]",[ 19.3   103.417  22.583],355.0,32,2021,6,6
"[34.921997 34.921997 34.921997 34.921997 34.921997 34.921997 34.921997
 34.921997 34.921997 34.921997 34.921997 34.921997]",[ 11.5   103.417  22.583],355.0,33,2021,6,6
"[27.988209 27.988209 27.988209 27.988209 27.988209 27.988209 27.988209
 27.988209 27.988209 27.988209 27.988209 27.988209]",[ 11.    103.417  22.583],355.0,34,2021,6,6
"[33.37834 33.37834 33.37834 33.37834 33.37834 33.37834 33.37834 33.37834
 33.37834 33.37834 33.37834 33.37834]",[ 11.    103.417  22.583],355.0,35,2021,6,6
"[43.348824 43.348824 43.348824 43.348824 43.348824 43.348824 43.348824
 43.348824 43.348824 43.348824 43.348824 43.348824]",[ 11.    103.417  22.583],355.0,36,2021,6,6
"[52.787884 52.787884 52.787884 52.787884 52.787884 52.787884 52.787884
 52.787884 52.787884 52.787884 52.787884 52.787884]",[ 11.    103.417  22.583],355.0,37,2021,6,6
"[63.51754 63.51754 63.51754 63.51754 63.51754 63.51754 63.51754 63.51754
 63.51754 63.51754 63.51754 63.51754]",[ 11.    103.417  22.583],355.0,38,2021,6,6
"[66.02281 66.02281 66.02281 66.02281 66.02281 66.02281 66.02281 66.02281
 66.02281 66.02281 66.02281 66.02281]",[  1.    103.417  22.583],355.0,39,2021,6,6
"[71.792534 71.792534 71.792534 71.792534 71.792534 71.792534 71.792534
 71.792534 71.792534 71.792534 71.792534 71.792534]",[  0.    103.417  22.583],355.0,40,2021,6,6
"[92.72043 92.72043 92.72043 92.72043 92.72043 92.72043 92.72043 92.72043
 92.72043 92.72043 92.72043 92.72043]",[  0.    103.417  22.583],355.0,41,2021,6,6
"[90.822495 90.822495 90.822495 90.822495 90.822495 90.822495 90.822495
 90.822495 90.822495 90.822495 90.822495 90.822495]",[  0.    103.417  22.583],355.0,42,2021,6,6
"[88.216 88.216 88.216 88.216 88.216 88.216 88.216 88.216 88.216 88.216
 88.216 88.216]",[ 29.8   103.417  22.583],355.0,43,2021,6,6
"[88.01356 88.01356 88.01356 88.01356 88.01356 88.01356 88.01356 88.01356
 88.01356 88.01356 88.01356 88.01356]",[ 49.5   103.417  22.583],355.0,44,2021,6,6
"[100.41339 100.41339 100.41339 100.41339 100.41339 100.41339 100.41339
 100.41339 100.41339 100.41339 100.41339 100.41339]",[ 61.9   103.417  22.583],355.0,45,2021,6,6
"[110.58633 110.58633 110.58633 110.58633 110.58633 110.58633 110.58633
 110.58633 110.58633 110.58633 110.58633 110.58633]",[115.6   103.417  22.583],355.0,46,2021,6,6
"[47.12574 47.12574 47.12574 47.12574 47.12574 47.12574 47.12574 47.12574
 47.12574 47.12574 47.12574 47.12574]",[ 40.7   103.417  22.583],355.0,7,2018,6,9
"[40.526337 40.526337 40.526337 40.526337 40.526337 40.526337 40.526337
 40.526337 40.526337 40.526337 40.526337 40.526337]",[ 42.9   103.417  22.583],355.0,8,2018,6,9
"[34.946842 34.946842 34.946842 34.946842 34.946842 34.946842 34.946842
 34.946842 34.946842 34.946842 34.946842 34.946842]",[ 39.1   103.417  22.583],355.0,9,2018,6,9
"[37.586605 37.586605 37.586605 37.586605 37.586605 37.586605 37.586605
 37.586605 37.586605 37.586605 37.586605 37.586605]",[ 79.9   103.417  22.583],355.0,10,2018,6,9
"[43.556065 43.556065 43.556065 43.556065 43.556065 43.556065 43.556065
 43.556065 43.556065 43.556065 43.556065 43.556065]",[ 80.4   103.417  22.583],355.0,11,2018,6,9
"[55.944946 55.944946 55.944946 55.944946 55.944946 55.944946 55.944946
 55.944946 55.944946 55.944946 55.944946 55.944946]",[ 81.9   103.417  22.583],355.0,12,2018,6,9
"[46.105835 46.105835 46.105835 46.105835 46.105835 46.105835 46.105835
 46.105835 46.105835 46.105835 46.105835 46.105835]",[ 82.1   103.417  22.583],355.0,13,2018,6,9
"[35.4268 35.4268 35.4268 35.4268 35.4268 35.4268 35.4268 35.4268 35.4268
 35.4268 35.4268 35.4268]",[ 58.    103.417  22.583],355.0,14,2018,6,9
"[27.177544 27.177544 27.177544 27.177544 27.177544 27.177544 27.177544
 27.177544 27.177544 27.177544 27.177544 27.177544]",[112.1   103.417  22.583],355.0,15,2018,6,9
"[35.246815 35.246815 35.246815 35.246815 35.246815 35.246815 35.246815
 35.246815 35.246815 35.246815 35.246815 35.246815]",[135.7   103.417  22.583],355.0,16,2018,6,9
"[35.936752 35.936752 35.936752 35.936752 35.936752 35.936752 35.936752
 35.936752 35.936752 35.936752 35.936752 35.936752]",[109.9   103.417  22.583],355.0,17,2018,6,9
"[54.65506 54.65506 54.65506 54.65506 54.65506 54.65506 54.65506 54.65506
 54.65506 54.65506 54.65506 54.65506]",[114.7   103.417  22.583],355.0,18,2018,6,9
"[61.164474 61.164474 61.164474 61.164474 61.164474 61.164474 61.164474
 61.164474 61.164474 61.164474 61.164474 61.164474]",[115.    103.417  22.583],355.0,19,2018,6,9
"[77.03304 77.03304 77.03304 77.03304 77.03304 77.03304 77.03304 77.03304
 77.03304 77.03304 77.03304 77.03304]",[115.4   103.417  22.583],355.0,20,2018,6,9
"[82.64253 82.64253 82.64253 82.64253 82.64253 82.64253 82.64253 82.64253
 82.64253 82.64253 82.64253 82.64253]",[112.4   103.417  22.583],355.0,21,2018,6,9
"[94.67145 94.67145 94.67145 94.67145 94.67145 94.67145 94.67145 94.67145
 94.67145 94.67145 94.67145 94.67145]",[ 53.3   103.417  22.583],355.0,22,2018,6,9
"[105.68046 105.68046 105.68046 105.68046 105.68046 105.68046 105.68046
 105.68046 105.68046 105.68046 105.68046 105.68046]",[ 26.1   103.417  22.583],355.0,23,2018,6,9
"[109.19014 109.19014 109.19014 109.19014 109.19014 109.19014 109.19014
 109.19014 109.19014 109.19014 109.19014 109.19014]",[ 11.1   103.417  22.583],355.0,24,2018,6,9
"[86.72216 86.72216 86.72216 86.72216 86.72216 86.72216 86.72216 86.72216
 86.72216 86.72216 86.72216 86.72216]",[  5.5   103.417  22.583],355.0,25,2018,6,9
"[68.87377 68.87377 68.87377 68.87377 68.87377 68.87377 68.87377 68.87377
 68.87377 68.87377 68.87377 68.87377]",[  3.    103.417  22.583],355.0,26,2018,6,9
"[54.2351 54.2351 54.2351 54.2351 54.2351 54.2351 54.2351 54.2351 54.2351
 54.2351 54.2351 54.2351]",[  3.7   103.417  22.583],355.0,27,2018,6,9
"[50.81541 50.81541 50.81541 50.81541 50.81541 50.81541 50.81541 50.81541
 50.81541 50.81541 50.81541 50.81541]",[  2.    103.417  22.583],355.0,28,2018,6,9
"[40.856308 40.856308 40.856308 40.856308 40.856308 40.856308 40.856308
 40.856308 40.856308 40.856308 40.856308 40.856308]",[  6.7   103.417  22.583],355.0,29,2018,6,9
"[23.997833 23.997833 23.997833 23.997833 23.997833 23.997833 23.997833
 23.997833 23.997833 23.997833 23.997833 23.997833]",[  8.7   103.417  22.583],355.0,30,2018,6,9
"[30.387257 30.387257 30.387257 30.387257 30.387257 30.387257 30.387257
 30.387257 30.387257 30.387257 30.387257 30.387257]",[  8.4   103.417  22.583],355.0,31,2018,6,9
"[60.954494 60.954494 60.954494 60.954494 60.954494 60.954494 60.954494
 60.954494 60.954494 60.954494 60.954494 60.954494]",[ 10.9   103.417  22.583],355.0,32,2018,6,9
"[97.881165 97.881165 97.881165 97.881165 97.881165 97.881165 97.881165
 97.881165 97.881165 97.881165 97.881165 97.881165]",[ 10.9   103.417  22.583],355.0,33,2018,6,9
"[131.20816 131.20816 131.20816 131.20816 131.20816 131.20816 131.20816
 131.20816 131.20816 131.20816 131.20816 131.20816]",[  9.6   103.417  22.583],355.0,34,2018,6,9
"[128.20842 128.20842 128.20842 128.20842 128.20842 128.20842 128.20842
 128.20842 128.20842 128.20842 128.20842 128.20842]",[  9.6   103.417  22.583],355.0,35,2018,6,9
"[125.50867 125.50867 125.50867 125.50867 125.50867 125.50867 125.50867
 125.50867 125.50867 125.50867 125.50867 125.50867]",[ 10.5   103.417  22.583],355.0,36,2018,6,9
"[149.17653 149.17653 149.17653 149.17653 149.17653 149.17653 149.17653
 149.17653 149.17653 149.17653 149.17653 149.17653]",[  8.9   103.417  22.583],355.0,37,2018,6,9
"[158.77567 158.77567 158.77567 158.77567 158.77567 158.77567 158.77567
 158.77567 158.77567 158.77567 158.77567 158.77567]",[  8.9   103.417  22.583],355.0,38,2018,6,9
"[224.96872 224.96872 224.96872 224.96872 224.96872 224.96872 224.96872
 224.96872 224.96872 224.96872 224.96872 224.96872]",[ 13.4   103.417  22.583],355.0,39,2018,6,9
"[286.54218 286.54218 286.54218 286.54218 286.54218 286.54218 286.54218
 286.54218 286.54218 286.54218 286.54218 286.54218]",[ 25.8   103.417  22.583],355.0,40,2018,6,9
"[282.7625 282.7625 282.7625 282.7625 282.7625 282.7625 282.7625 282.7625
 282.7625 282.7625 282.7625 282.7625]",[ 44.3   103.417  22.583],355.0,41,2018,6,9
"[289.66187 289.66187 289.66187 289.66187 289.66187 289.66187 289.66187
 289.66187 289.66187 289.66187 289.66187 289.66187]",[ 50.2   103.417  22.583],355.0,42,2018,6,9
"[293.32156 293.32156 293.32156 293.32156 293.32156 293.32156 293.32156
 293.32156 293.32156 293.32156 293.32156 293.32156]",[ 44.2   103.417  22.583],355.0,43,2018,6,9
"[271.81354 271.81354 271.81354 271.81354 271.81354 271.81354 271.81354
 271.81354 271.81354 271.81354 271.81354 271.81354]",[ 66.5   103.417  22.583],355.0,44,2018,6,9
"[256.84488 256.84488 256.84488 256.84488 256.84488 256.84488 256.84488
 256.84488 256.84488 256.84488 256.84488 256.84488]",[ 66.5   103.417  22.583],355.0,45,2018,6,9
"[173.0734 173.0734 173.0734 173.0734 173.0734 173.0734 173.0734 173.0734
 173.0734 173.0734 173.0734 173.0734]",[ 59.5   103.417  22.583],355.0,46,2018,6,9
"[70.01367 70.01367 70.01367 70.01367 70.01367 70.01367 70.01367 70.01367
 70.01367 70.01367 70.01367 70.01367]",[  0.    103.417  22.583],355.0,7,2019,6,9
"[77.45301 77.45301 77.45301 77.45301 77.45301 77.45301 77.45301 77.45301
 77.45301 77.45301 77.45301 77.45301]",[  0.    103.417  22.583],355.0,8,2019,6,9
"[76.973045 76.973045 76.973045 76.973045 76.973045 76.973045 76.973045
 76.973045 76.973045 76.973045 76.973045 76.973045]",[ 33.4   103.417  22.583],355.0,9,2019,6,9
"[83.12249 83.12249 83.12249 83.12249 83.12249 83.12249 83.12249 83.12249
 83.12249 83.12249 83.12249 83.12249]",[ 33.8   103.417  22.583],355.0,10,2019,6,9
"[93.71153 93.71153 93.71153 93.71153 93.71153 93.71153 93.71153 93.71153
 93.71153 93.71153 93.71153 93.71153]",[ 33.8   103.417  22.583],355.0,11,2019,6,9
"[80.42274 80.42274 80.42274 80.42274 80.42274 80.42274 80.42274 80.42274
 80.42274 80.42274 80.42274 80.42274]",[ 33.8   103.417  22.583],355.0,12,2019,6,9
"[77.99295 77.99295 77.99295 77.99295 77.99295 77.99295 77.99295 77.99295
 77.99295 77.99295 77.99295 77.99295]",[ 33.8   103.417  22.583],355.0,13,2019,6,9
"[70.52363 70.52363 70.52363 70.52363 70.52363 70.52363 70.52363 70.52363
 70.52363 70.52363 70.52363 70.52363]",[ 33.8   103.417  22.583],355.0,14,2019,6,9
"[83.15249 83.15249 83.15249 83.15249 83.15249 83.15249 83.15249 83.15249
 83.15249 83.15249 83.15249 83.15249]",[ 33.8   103.417  22.583],355.0,15,2019,6,9
"[78.6229 78.6229 78.6229 78.6229 78.6229 78.6229 78.6229 78.6229 78.6229
 78.6229 78.6229 78.6229]",[ 20.5   103.417  22.583],355.0,16,2019,6,9
"[95.33139 95.33139 95.33139 95.33139 95.33139 95.33139 95.33139 95.33139
 95.33139 95.33139 95.33139 95.33139]",[ 20.1   103.417  22.583],355.0,17,2019,6,9
"[119.659195 119.659195 119.659195 119.659195 119.659195 119.659195
 119.659195 119.659195 119.659195 119.659195 119.659195 119.659195]",[ 20.6   103.417  22.583],355.0,18,2019,6,9
"[117.07942 117.07942 117.07942 117.07942 117.07942 117.07942 117.07942
 117.07942 117.07942 117.07942 117.07942 117.07942]",[ 20.6   103.417  22.583],355.0,19,2019,6,9
"[114.22968 114.22968 114.22968 114.22968 114.22968 114.22968 114.22968
 114.22968 114.22968 114.22968 114.22968 114.22968]",[ 20.6   103.417  22.583],355.0,20,2019,6,9
"[120.859085 120.859085 120.859085 120.859085 120.859085 120.859085
 120.859085 120.859085 120.859085 120.859085 120.859085 120.859085]",[ 20.6   103.417  22.583],355.0,21,2019,6,9
"[134.83783 134.83783 134.83783 134.83783 134.83783 134.83783 134.83783
 134.83783 134.83783 134.83783 134.83783 134.83783]",[ 76.5   103.417  22.583],355.0,22,2019,6,9
"[182.7735 182.7735 182.7735 182.7735 182.7735 182.7735 182.7735 182.7735
 182.7735 182.7735 182.7735 182.7735]",[ 56.4   103.417  22.583],355.0,23,2019,6,9
"[211.18092 211.18092 211.18092 211.18092 211.18092 211.18092 211.18092
 211.18092 211.18092 211.18092 211.18092 211.18092]",[ 56.4   103.417  22.583],355.0,24,2019,6,9
"[216.16048 216.16048 216.16048 216.16048 216.16048 216.16048 216.16048
 216.16048 216.16048 216.16048 216.16048 216.16048]",[ 65.9   103.417  22.583],355.0,25,2019,6,9
"[225.36964 225.36964 225.36964 225.36964 225.36964 225.36964 225.36964
 225.36964 225.36964 225.36964 225.36964 225.36964]",[ 69.8   103.417  22.583],355.0,26,2019,6,9
"[226.38956 226.38956 226.38956 226.38956 226.38956 226.38956 226.38956
 226.38956 226.38956 226.38956 226.38956 226.38956]",[ 73.1   103.417  22.583],355.0,27,2019,6,9
"[226.62953 226.62953 226.62953 226.62953 226.62953 226.62953 226.62953
 226.62953 226.62953 226.62953 226.62953 226.62953]",[ 73.1   103.417  22.583],355.0,28,2019,6,9
"[197.95212 197.95212 197.95212 197.95212 197.95212 197.95212 197.95212
 197.95212 197.95212 197.95212 197.95212 197.95212]",[ 17.2   103.417  22.583],355.0,29,2019,6,9
"[148.99654 148.99654 148.99654 148.99654 148.99654 148.99654 148.99654
 148.99654 148.99654 148.99654 148.99654 148.99654]",[ 17.2   103.417  22.583],355.0,30,2019,6,9
"[102.11077 102.11077 102.11077 102.11077 102.11077 102.11077 102.11077
 102.11077 102.11077 102.11077 102.11077 102.11077]",[ 29.1   103.417  22.583],355.0,31,2019,6,9
"[74.1233 74.1233 74.1233 74.1233 74.1233 74.1233 74.1233 74.1233 74.1233
 74.1233 74.1233 74.1233]",[ 22.3   103.417  22.583],355.0,32,2019,6,9
"[58.914677 58.914677 58.914677 58.914677 58.914677 58.914677 58.914677
 58.914677 58.914677 58.914677 58.914677 58.914677]",[ 18.4   103.417  22.583],355.0,33,2019,6,9
"[52.13529 52.13529 52.13529 52.13529 52.13529 52.13529 52.13529 52.13529
 52.13529 52.13529 52.13529 52.13529]",[ 15.1   103.417  22.583],355.0,34,2019,6,9
"[56.60488 56.60488 56.60488 56.60488 56.60488 56.60488 56.60488 56.60488
 56.60488 56.60488 56.60488 56.60488]",[ 20.9   103.417  22.583],355.0,35,2019,6,9
"[81.41264 81.41264 81.41264 81.41264 81.41264 81.41264 81.41264 81.41264
 81.41264 81.41264 81.41264 81.41264]",[ 22.1   103.417  22.583],355.0,36,2019,6,9
"[97.581184 97.581184 97.581184 97.581184 97.581184 97.581184 97.581184
 97.581184 97.581184 97.581184 97.581184 97.581184]",[ 74.6   103.417  22.583],355.0,37,2019,6,9
"[99.950966 99.950966 99.950966 99.950966 99.950966 99.950966 99.950966
 99.950966 99.950966 99.950966 99.950966 99.950966]",[ 65.8   103.417  22.583],355.0,38,2019,6,9
"[90.7418 90.7418 90.7418 90.7418 90.7418 90.7418 90.7418 90.7418 90.7418
 90.7418 90.7418 90.7418]",[ 62.6   103.417  22.583],355.0,39,2019,6,9
"[99.35103 99.35103 99.35103 99.35103 99.35103 99.35103 99.35103 99.35103
 99.35103 99.35103 99.35103 99.35103]",[ 62.6   103.417  22.583],355.0,40,2019,6,9
"[118.099335 118.099335 118.099335 118.099335 118.099335 118.099335
 118.099335 118.099335 118.099335 118.099335 118.099335 118.099335]",[ 62.6   103.417  22.583],355.0,41,2019,6,9
"[116.179504 116.179504 116.179504 116.179504 116.179504 116.179504
 116.179504 116.179504 116.179504 116.179504 116.179504 116.179504]",[ 56.8   103.417  22.583],355.0,42,2019,6,9
"[93.32157 93.32157 93.32157 93.32157 93.32157 93.32157 93.32157 93.32157
 93.32157 93.32157 93.32157 93.32157]",[ 83.8   103.417  22.583],355.0,43,2019,6,9
"[77.692986 77.692986 77.692986 77.692986 77.692986 77.692986 77.692986
 77.692986 77.692986 77.692986 77.692986 77.692986]",[ 49.5   103.417  22.583],355.0,44,2019,6,9
"[74.99323 74.99323 74.99323 74.99323 74.99323 74.99323 74.99323 74.99323
 74.99323 74.99323 74.99323 74.99323]",[ 46.4   103.417  22.583],355.0,45,2019,6,9
"[74.213295 74.213295 74.213295 74.213295 74.213295 74.213295 74.213295
 74.213295 74.213295 74.213295 74.213295 74.213295]",[ 47.5   103.417  22.583],355.0,46,2019,6,9
"[71.243576 71.243576 71.243576 71.243576 71.243576 71.243576 71.243576
 71.243576 71.243576 71.243576 71.243576 71.243576]",[ 63.9   103.417  22.583],355.0,7,2020,6,9
"[67.79388 67.79388 67.79388 67.79388 67.79388 67.79388 67.79388 67.79388
 67.79388 67.79388 67.79388 67.79388]",[ 64.8   103.417  22.583],355.0,8,2020,6,9
"[67.10394 67.10394 67.10394 67.10394 67.10394 67.10394 67.10394 67.10394
 67.10394 67.10394 67.10394 67.10394]",[ 49.1   103.417  22.583],355.0,9,2020,6,9
"[72.533455 72.533455 72.533455 72.533455 72.533455 72.533455 72.533455
 72.533455 72.533455 72.533455 72.533455 72.533455]",[ 67.4   103.417  22.583],355.0,10,2020,6,9
"[74.123314 74.123314 74.123314 74.123314 74.123314 74.123314 74.123314
 74.123314 74.123314 74.123314 74.123314 74.123314]",[ 67.4   103.417  22.583],355.0,11,2020,6,9
"[49.73551 49.73551 49.73551 49.73551 49.73551 49.73551 49.73551 49.73551
 49.73551 49.73551 49.73551 49.73551]",[ 28.3   103.417  22.583],355.0,12,2020,6,9
"[24.807762 24.807762 24.807762 24.807762 24.807762 24.807762 24.807762
 24.807762 24.807762 24.807762 24.807762 24.807762]",[ 28.3   103.417  22.583],355.0,13,2020,6,9
"[38.576515 38.576515 38.576515 38.576515 38.576515 38.576515 38.576515
 38.576515 38.576515 38.576515 38.576515 38.576515]",[ 20.4   103.417  22.583],355.0,14,2020,6,9
"[53.75515 53.75515 53.75515 53.75515 53.75515 53.75515 53.75515 53.75515
 53.75515 53.75515 53.75515 53.75515]",[ 18.3   103.417  22.583],355.0,15,2020,6,9
"[69.023766 69.023766 69.023766 69.023766 69.023766 69.023766 69.023766
 69.023766 69.023766 69.023766 69.023766 69.023766]",[ 18.3   103.417  22.583],355.0,16,2020,6,9
"[71.48355 71.48355 71.48355 71.48355 71.48355 71.48355 71.48355 71.48355
 71.48355 71.48355 71.48355 71.48355]",[  1.8   103.417  22.583],355.0,17,2020,6,9
"[74.99323 74.99323 74.99323 74.99323 74.99323 74.99323 74.99323 74.99323
 74.99323 74.99323 74.99323 74.99323]",[  3.9   103.417  22.583],355.0,18,2020,6,9
"[79.82279 79.82279 79.82279 79.82279 79.82279 79.82279 79.82279 79.82279
 79.82279 79.82279 79.82279 79.82279]",[  3.9   103.417  22.583],355.0,19,2020,6,9
"[80.39274 80.39274 80.39274 80.39274 80.39274 80.39274 80.39274 80.39274
 80.39274 80.39274 80.39274 80.39274]",[  3.9   103.417  22.583],355.0,20,2020,6,9
"[62.424362 62.424362 62.424362 62.424362 62.424362 62.424362 62.424362
 62.424362 62.424362 62.424362 62.424362 62.424362]",[  3.9   103.417  22.583],355.0,21,2020,6,9
"[46.585796 46.585796 46.585796 46.585796 46.585796 46.585796 46.585796
 46.585796 46.585796 46.585796 46.585796 46.585796]",[  3.9   103.417  22.583],355.0,22,2020,6,9
"[30.747223 30.747223 30.747223 30.747223 30.747223 30.747223 30.747223
 30.747223 30.747223 30.747223 30.747223 30.747223]",[  3.9   103.417  22.583],355.0,23,2020,6,9
"[24.717772 24.717772 24.717772 24.717772 24.717772 24.717772 24.717772
 24.717772 24.717772 24.717772 24.717772 24.717772]",[ 34.4   103.417  22.583],355.0,24,2020,6,9
"[19.858212 19.858212 19.858212 19.858212 19.858212 19.858212 19.858212
 19.858212 19.858212 19.858212 19.858212 19.858212]",[ 75.2   103.417  22.583],355.0,25,2020,6,9
"[13.70876 13.70876 13.70876 13.70876 13.70876 13.70876 13.70876 13.70876
 13.70876 13.70876 13.70876 13.70876]",[ 75.2   103.417  22.583],355.0,26,2020,6,9
"[12.778845 12.778845 12.778845 12.778845 12.778845 12.778845 12.778845
 12.778845 12.778845 12.778845 12.778845 12.778845]",[ 75.2   103.417  22.583],355.0,27,2020,6,9
"[9.389153 9.389153 9.389153 9.389153 9.389153 9.389153 9.389153 9.389153
 9.389153 9.389153 9.389153 9.389153]",[ 75.2   103.417  22.583],355.0,28,2020,6,9
"[7.709304 7.709304 7.709304 7.709304 7.709304 7.709304 7.709304 7.709304
 7.709304 7.709304 7.709304 7.709304]",[ 77.4   103.417  22.583],355.0,29,2020,6,9
"[6.629401 6.629401 6.629401 6.629401 6.629401 6.629401 6.629401 6.629401
 6.629401 6.629401 6.629401 6.629401]",[ 77.4   103.417  22.583],355.0,30,2020,6,9
"[5.909464 5.909464 5.909464 5.909464 5.909464 5.909464 5.909464 5.909464
 5.909464 5.909464 5.909464 5.909464]",[ 65.2   103.417  22.583],355.0,31,2020,6,9
"[11.48896 11.48896 11.48896 11.48896 11.48896 11.48896 11.48896 11.48896
 11.48896 11.48896 11.48896 11.48896]",[ 31.    103.417  22.583],355.0,32,2020,6,9
"[23.337893 23.337893 23.337893 23.337893 23.337893 23.337893 23.337893
 23.337893 23.337893 23.337893 23.337893 23.337893]",[ 65.4   103.417  22.583],355.0,33,2020,6,9
"[25.167728 25.167728 25.167728 25.167728 25.167728 25.167728 25.167728
 25.167728 25.167728 25.167728 25.167728 25.167728]",[ 66.8   103.417  22.583],355.0,34,2020,6,9
"[27.6875 27.6875 27.6875 27.6875 27.6875 27.6875 27.6875 27.6875 27.6875
 27.6875 27.6875 27.6875]",[ 66.8   103.417  22.583],355.0,35,2020,6,9
"[29.36735 29.36735 29.36735 29.36735 29.36735 29.36735 29.36735 29.36735
 29.36735 29.36735 29.36735 29.36735]",[ 64.6   103.417  22.583],355.0,36,2020,6,9
"[37.706596 37.706596 37.706596 37.706596 37.706596 37.706596 37.706596
 37.706596 37.706596 37.706596 37.706596 37.706596]",[ 64.6   103.417  22.583],355.0,37,2020,6,9
"[45.295914 45.295914 45.295914 45.295914 45.295914 45.295914 45.295914
 45.295914 45.295914 45.295914 45.295914 45.295914]",[ 44.5   103.417  22.583],355.0,38,2020,6,9
"[50.575436 50.575436 50.575436 50.575436 50.575436 50.575436 50.575436
 50.575436 50.575436 50.575436 50.575436 50.575436]",[ 35.8   103.417  22.583],355.0,39,2020,6,9
"[50.455444 50.455444 50.455444 50.455444 50.455444 50.455444 50.455444
 50.455444 50.455444 50.455444 50.455444 50.455444]",[  5.    103.417  22.583],355.0,40,2020,6,9
"[52.435272 52.435272 52.435272 52.435272 52.435272 52.435272 52.435272
 52.435272 52.435272 52.435272 52.435272 52.435272]",[ 20.1   103.417  22.583],355.0,41,2020,6,9
"[51.565346 51.565346 51.565346 51.565346 51.565346 51.565346 51.565346
 51.565346 51.565346 51.565346 51.565346 51.565346]",[ 20.9   103.417  22.583],355.0,42,2020,6,9
"[51.265373 51.265373 51.265373 51.265373 51.265373 51.265373 51.265373
 51.265373 51.265373 51.265373 51.265373 51.265373]",[ 20.9   103.417  22.583],355.0,43,2020,6,9
"[47.065754 47.065754 47.065754 47.065754 47.065754 47.065754 47.065754
 47.065754 47.065754 47.065754 47.065754 47.065754]",[ 20.9   103.417  22.583],355.0,44,2020,6,9
"[45.4459 45.4459 45.4459 45.4459 45.4459 45.4459 45.4459 45.4459 45.4459
 45.4459 45.4459 45.4459]",[ 20.9   103.417  22.583],355.0,45,2020,6,9
"[41.33627 41.33627 41.33627 41.33627 41.33627 41.33627 41.33627 41.33627
 41.33627 41.33627 41.33627 41.33627]",[ 20.9   103.417  22.583],355.0,46,2020,6,9
"[96.021324 96.021324 96.021324 96.021324 96.021324 96.021324 96.021324
 96.021324 96.021324 96.021324 96.021324 96.021324]",[ 32.1   103.417  22.583],355.0,7,2021,6,9
"[111.52993 111.52993 111.52993 111.52993 111.52993 111.52993 111.52993
 111.52993 111.52993 111.52993 111.52993 111.52993]",[ 30.5   103.417  22.583],355.0,8,2021,6,9
"[102.77071 102.77071 102.77071 102.77071 102.77071 102.77071 102.77071
 102.77071 102.77071 102.77071 102.77071 102.77071]",[ 21.7   103.417  22.583],355.0,9,2021,6,9
"[89.45192 89.45192 89.45192 89.45192 89.45192 89.45192 89.45192 89.45192
 89.45192 89.45192 89.45192 89.45192]",[ 21.7   103.417  22.583],355.0,10,2021,6,9
"[80.7227 80.7227 80.7227 80.7227 80.7227 80.7227 80.7227 80.7227 80.7227
 80.7227 80.7227 80.7227]",[ 21.7   103.417  22.583],355.0,11,2021,6,9
"[64.46417 64.46417 64.46417 64.46417 64.46417 64.46417 64.46417 64.46417
 64.46417 64.46417 64.46417 64.46417]",[  0.    103.417  22.583],355.0,12,2021,6,9
"[57.024853 57.024853 57.024853 57.024853 57.024853 57.024853 57.024853
 57.024853 57.024853 57.024853 57.024853 57.024853]",[  0.    103.417  22.583],355.0,13,2021,6,9
"[46.615788 46.615788 46.615788 46.615788 46.615788 46.615788 46.615788
 46.615788 46.615788 46.615788 46.615788 46.615788]",[  0.    103.417  22.583],355.0,14,2021,6,9
"[19.708218 19.708218 19.708218 19.708218 19.708218 19.708218 19.708218
 19.708218 19.708218 19.708218 19.708218 19.708218]",[  0.    103.417  22.583],355.0,15,2021,6,9
"[2.2497954 2.2497954 2.2497954 2.2497954 2.2497954 2.2497954 2.2497954
 2.2497954 2.2497954 2.2497954 2.2497954 2.2497954]",[  0.    103.417  22.583],355.0,16,2021,6,9
"[5.999458 5.999458 5.999458 5.999458 5.999458 5.999458 5.999458 5.999458
 5.999458 5.999458 5.999458 5.999458]",[  1.8   103.417  22.583],355.0,17,2021,6,9
"[15.418608 15.418608 15.418608 15.418608 15.418608 15.418608 15.418608
 15.418608 15.418608 15.418608 15.418608 15.418608]",[  1.8   103.417  22.583],355.0,18,2021,6,9
"[15.988556 15.988556 15.988556 15.988556 15.988556 15.988556 15.988556
 15.988556 15.988556 15.988556 15.988556 15.988556]",[  1.8   103.417  22.583],355.0,19,2021,6,9
"[19.58823 19.58823 19.58823 19.58823 19.58823 19.58823 19.58823 19.58823
 19.58823 19.58823 19.58823 19.58823]",[  1.8   103.417  22.583],355.0,20,2021,6,9
"[25.407705 25.407705 25.407705 25.407705 25.407705 25.407705 25.407705
 25.407705 25.407705 25.407705 25.407705 25.407705]",[  8.5   103.417  22.583],355.0,21,2021,6,9
"[31.85712 31.85712 31.85712 31.85712 31.85712 31.85712 31.85712 31.85712
 31.85712 31.85712 31.85712 31.85712]",[  8.5   103.417  22.583],355.0,22,2021,6,9
"[34.166912 34.166912 34.166912 34.166912 34.166912 34.166912 34.166912
 34.166912 34.166912 34.166912 34.166912 34.166912]",[ 17.3   103.417  22.583],355.0,23,2021,6,9
"[30.50724 30.50724 30.50724 30.50724 30.50724 30.50724 30.50724 30.50724
 30.50724 30.50724 30.50724 30.50724]",[ 16.    103.417  22.583],355.0,24,2021,6,9
"[20.9981 20.9981 20.9981 20.9981 20.9981 20.9981 20.9981 20.9981 20.9981
 20.9981 20.9981 20.9981]",[ 16.    103.417  22.583],355.0,25,2021,6,9
"[21.23808 21.23808 21.23808 21.23808 21.23808 21.23808 21.23808 21.23808
 21.23808 21.23808 21.23808 21.23808]",[ 16.    103.417  22.583],355.0,26,2021,6,9
"[42.686142 42.686142 42.686142 42.686142 42.686142 42.686142 42.686142
 42.686142 42.686142 42.686142 42.686142 42.686142]",[ 16.    103.417  22.583],355.0,27,2021,6,9
"[52.61525 52.61525 52.61525 52.61525 52.61525 52.61525 52.61525 52.61525
 52.61525 52.61525 52.61525 52.61525]",[  9.3   103.417  22.583],355.0,28,2021,6,9
"[48.38563 48.38563 48.38563 48.38563 48.38563 48.38563 48.38563 48.38563
 48.38563 48.38563 48.38563 48.38563]",[ 19.3   103.417  22.583],355.0,29,2021,6,9
"[48.955578 48.955578 48.955578 48.955578 48.955578 48.955578 48.955578
 48.955578 48.955578 48.955578 48.955578 48.955578]",[ 11.5   103.417  22.583],355.0,30,2021,6,9
"[54.50508 54.50508 54.50508 54.50508 54.50508 54.50508 54.50508 54.50508
 54.50508 54.50508 54.50508 54.50508]",[ 11.    103.417  22.583],355.0,31,2021,6,9
"[65.004135 65.004135 65.004135 65.004135 65.004135 65.004135 65.004135
 65.004135 65.004135 65.004135 65.004135 65.004135]",[ 11.    103.417  22.583],355.0,32,2021,6,9
"[89.961876 89.961876 89.961876 89.961876 89.961876 89.961876 89.961876
 89.961876 89.961876 89.961876 89.961876 89.961876]",[ 11.    103.417  22.583],355.0,33,2021,6,9
"[87.95206 87.95206 87.95206 87.95206 87.95206 87.95206 87.95206 87.95206
 87.95206 87.95206 87.95206 87.95206]",[ 11.    103.417  22.583],355.0,34,2021,6,9
"[84.26239 84.26239 84.26239 84.26239 84.26239 84.26239 84.26239 84.26239
 84.26239 84.26239 84.26239 84.26239]",[ 11.    103.417  22.583],355.0,35,2021,6,9
"[96.11132 96.11132 96.11132 96.11132 96.11132 96.11132 96.11132 96.11132
 96.11132 96.11132 96.11132 96.11132]",[  1.    103.417  22.583],355.0,36,2021,6,9
"[98.96106 98.96106 98.96106 98.96106 98.96106 98.96106 98.96106 98.96106
 98.96106 98.96106 98.96106 98.96106]",[  0.    103.417  22.583],355.0,37,2021,6,9
"[95.09141 95.09141 95.09141 95.09141 95.09141 95.09141 95.09141 95.09141
 95.09141 95.09141 95.09141 95.09141]",[  0.    103.417  22.583],355.0,38,2021,6,9
"[85.85225 85.85225 85.85225 85.85225 85.85225 85.85225 85.85225 85.85225
 85.85225 85.85225 85.85225 85.85225]",[  0.    103.417  22.583],355.0,39,2021,6,9
"[61.194473 61.194473 61.194473 61.194473 61.194473 61.194473 61.194473
 61.194473 61.194473 61.194473 61.194473 61.194473]",[ 29.8   103.417  22.583],355.0,40,2021,6,9
"[44.006023 44.006023 44.006023 44.006023 44.006023 44.006023 44.006023
 44.006023 44.006023 44.006023 44.006023 44.006023]",[ 49.5   103.417  22.583],355.0,41,2021,6,9
"[40.796314 40.796314 40.796314 40.796314 40.796314 40.796314 40.796314
 40.796314 40.796314 40.796314 40.796314 40.796314]",[ 61.9   103.417  22.583],355.0,42,2021,6,9
"[51.92531 51.92531 51.92531 51.92531 51.92531 51.92531 51.92531 51.92531
 51.92531 51.92531 51.92531 51.92531]",[115.6   103.417  22.583],355.0,43,2021,6,9
"[91.941696 91.941696 91.941696 91.941696 91.941696 91.941696 91.941696
 91.941696 91.941696 91.941696 91.941696 91.941696]",[116.4   103.417  22.583],355.0,44,2021,6,9
"[102.650734 102.650734 102.650734 102.650734 102.650734 102.650734
 102.650734 102.650734 102.650734 102.650734 102.650734 102.650734]",[116.4   103.417  22.583],355.0,45,2021,6,9
"[108.95015 108.95015 108.95015 108.95015 108.95015 108.95015 108.95015
 108.95015 108.95015 108.95015 108.95015 108.95015]",[146.4   103.417  22.583],355.0,46,2021,6,9
"[59.05104 59.05104 59.05104 59.05104 59.05104 59.05104 59.05104 59.05104
 59.05104 59.05104 59.05104 59.05104]",[ 80.4   103.417  22.583],355.0,7,2018,6,13
"[57.856365 57.856365 57.856365 57.856365 57.856365 57.856365 57.856365
 57.856365 57.856365 57.856365 57.856365 57.856365]",[ 81.9   103.417  22.583],355.0,8,2018,6,13
"[49.977207 49.977207 49.977207 49.977207 49.977207 49.977207 49.977207
 49.977207 49.977207 49.977207 49.977207 49.977207]",[ 82.1   103.417  22.583],355.0,9,2018,6,13
"[41.671375 41.671375 41.671375 41.671375 41.671375 41.671375 41.671375
 41.671375 41.671375 41.671375 41.671375 41.671375]",[ 58.    103.417  22.583],355.0,10,2018,6,13
"[29.326406 29.326406 29.326406 29.326406 29.326406 29.326406 29.326406
 29.326406 29.326406 29.326406 29.326406 29.326406]",[112.1   103.417  22.583],355.0,11,2018,6,13
"[17.237444 17.237444 17.237444 17.237444 17.237444 17.237444 17.237444
 17.237444 17.237444 17.237444 17.237444 17.237444]",[135.7   103.417  22.583],355.0,12,2018,6,13
"[12.515635 12.515635 12.515635 12.515635 12.515635 12.515635 12.515635
 12.515635 12.515635 12.515635 12.515635 12.515635]",[109.9   103.417  22.583],355.0,13,2018,6,13
"[11.776075 11.776075 11.776075 11.776075 11.776075 11.776075 11.776075
 11.776075 11.776075 11.776075 11.776075 11.776075]",[114.7   103.417  22.583],355.0,14,2018,6,13
"[11.804519 11.804519 11.804519 11.804519 11.804519 11.804519 11.804519
 11.804519 11.804519 11.804519 11.804519 11.804519]",[115.    103.417  22.583],355.0,15,2018,6,13
"[20.42324 20.42324 20.42324 20.42324 20.42324 20.42324 20.42324 20.42324
 20.42324 20.42324 20.42324 20.42324]",[115.4   103.417  22.583],355.0,16,2018,6,13
"[20.138796 20.138796 20.138796 20.138796 20.138796 20.138796 20.138796
 20.138796 20.138796 20.138796 20.138796 20.138796]",[112.4   103.417  22.583],355.0,17,2018,6,13
"[28.586847 28.586847 28.586847 28.586847 28.586847 28.586847 28.586847
 28.586847 28.586847 28.586847 28.586847 28.586847]",[ 53.3   103.417  22.583],355.0,18,2018,6,13
"[33.45088 33.45088 33.45088 33.45088 33.45088 33.45088 33.45088 33.45088
 33.45088 33.45088 33.45088 33.45088]",[ 26.1   103.417  22.583],355.0,19,2018,6,13
"[31.345978 31.345978 31.345978 31.345978 31.345978 31.345978 31.345978
 31.345978 31.345978 31.345978 31.345978 31.345978]",[ 11.1   103.417  22.583],355.0,20,2018,6,13
"[32.02865 32.02865 32.02865 32.02865 32.02865 32.02865 32.02865 32.02865
 32.02865 32.02865 32.02865 32.02865]",[  5.5   103.417  22.583],355.0,21,2018,6,13
"[39.082916 39.082916 39.082916 39.082916 39.082916 39.082916 39.082916
 39.082916 39.082916 39.082916 39.082916 39.082916]",[  3.    103.417  22.583],355.0,22,2018,6,13
"[36.92112 36.92112 36.92112 36.92112 36.92112 36.92112 36.92112 36.92112
 36.92112 36.92112 36.92112 36.92112]",[  3.7   103.417  22.583],355.0,23,2018,6,13
"[44.572723 44.572723 44.572723 44.572723 44.572723 44.572723 44.572723
 44.572723 44.572723 44.572723 44.572723 44.572723]",[  2.    103.417  22.583],355.0,24,2018,6,13
"[39.538025 39.538025 39.538025 39.538025 39.538025 39.538025 39.538025
 39.538025 39.538025 39.538025 39.538025 39.538025]",[  6.7   103.417  22.583],355.0,25,2018,6,13
"[38.087345 38.087345 38.087345 38.087345 38.087345 38.087345 38.087345
 38.087345 38.087345 38.087345 38.087345 38.087345]",[  8.7   103.417  22.583],355.0,26,2018,6,13
"[36.124664 36.124664 36.124664 36.124664 36.124664 36.124664 36.124664
 36.124664 36.124664 36.124664 36.124664 36.124664]",[  8.4   103.417  22.583],355.0,27,2018,6,13
"[36.26689 36.26689 36.26689 36.26689 36.26689 36.26689 36.26689 36.26689
 36.26689 36.26689 36.26689 36.26689]",[ 10.9   103.417  22.583],355.0,28,2018,6,13
"[32.199306 32.199306 32.199306 32.199306 32.199306 32.199306 32.199306
 32.199306 32.199306 32.199306 32.199306 32.199306]",[ 10.9   103.417  22.583],355.0,29,2018,6,13
"[33.792206 33.792206 33.792206 33.792206 33.792206 33.792206 33.792206
 33.792206 33.792206 33.792206 33.792206 33.792206]",[  9.6   103.417  22.583],355.0,30,2018,6,13
"[52.650993 52.650993 52.650993 52.650993 52.650993 52.650993 52.650993
 52.650993 52.650993 52.650993 52.650993 52.650993]",[  9.6   103.417  22.583],355.0,31,2018,6,13
"[71.31067 71.31067 71.31067 71.31067 71.31067 71.31067 71.31067 71.31067
 71.31067 71.31067 71.31067 71.31067]",[ 10.5   103.417  22.583],355.0,32,2018,6,13
"[89.65745 89.65745 89.65745 89.65745 89.65745 89.65745 89.65745 89.65745
 89.65745 89.65745 89.65745 89.65745]",[  8.9   103.417  22.583],355.0,33,2018,6,13
"[119.21142 119.21142 119.21142 119.21142 119.21142 119.21142 119.21142
 119.21142 119.21142 119.21142 119.21142 119.21142]",[  8.9   103.417  22.583],355.0,34,2018,6,13
"[139.37865 139.37865 139.37865 139.37865 139.37865 139.37865 139.37865
 139.37865 139.37865 139.37865 139.37865 139.37865]",[ 13.4   103.417  22.583],355.0,35,2018,6,13
"[146.91647 146.91647 146.91647 146.91647 146.91647 146.91647 146.91647
 146.91647 146.91647 146.91647 146.91647 146.91647]",[ 25.8   103.417  22.583],355.0,36,2018,6,13
"[141.99557 141.99557 141.99557 141.99557 141.99557 141.99557 141.99557
 141.99557 141.99557 141.99557 141.99557 141.99557]",[ 44.3   103.417  22.583],355.0,37,2018,6,13
"[119.55275 119.55275 119.55275 119.55275 119.55275 119.55275 119.55275
 119.55275 119.55275 119.55275 119.55275 119.55275]",[ 50.2   103.417  22.583],355.0,38,2018,6,13
"[114.85938 114.85938 114.85938 114.85938 114.85938 114.85938 114.85938
 114.85938 114.85938 114.85938 114.85938 114.85938]",[ 44.2   103.417  22.583],355.0,39,2018,6,13
"[111.44603 111.44603 111.44603 111.44603 111.44603 111.44603 111.44603
 111.44603 111.44603 111.44603 111.44603 111.44603]",[ 66.5   103.417  22.583],355.0,40,2018,6,13
"[109.28424 109.28424 109.28424 109.28424 109.28424 109.28424 109.28424
 109.28424 109.28424 109.28424 109.28424 109.28424]",[ 66.5   103.417  22.583],355.0,41,2018,6,13
"[113.55094 113.55094 113.55094 113.55094 113.55094 113.55094 113.55094
 113.55094 113.55094 113.55094 113.55094 113.55094]",[ 59.5   103.417  22.583],355.0,42,2018,6,13
"[126.095024 126.095024 126.095024 126.095024 126.095024 126.095024
 126.095024 126.095024 126.095024 126.095024 126.095024 126.095024]",[ 78.    103.417  22.583],355.0,43,2018,6,13
"[137.92798 137.92798 137.92798 137.92798 137.92798 137.92798 137.92798
 137.92798 137.92798 137.92798 137.92798 137.92798]",[ 76.7   103.417  22.583],355.0,44,2018,6,13
"[140.54489 140.54489 140.54489 140.54489 140.54489 140.54489 140.54489
 140.54489 140.54489 140.54489 140.54489 140.54489]",[ 74.4   103.417  22.583],355.0,45,2018,6,13
"[124.35989 124.35989 124.35989 124.35989 124.35989 124.35989 124.35989
 124.35989 124.35989 124.35989 124.35989 124.35989]",[ 92.3   103.417  22.583],355.0,46,2018,6,13
"[61.440388 61.440388 61.440388 61.440388 61.440388 61.440388 61.440388
 61.440388 61.440388 61.440388 61.440388 61.440388]",[ 33.8   103.417  22.583],355.0,7,2019,6,13
"[54.670567 54.670567 54.670567 54.670567 54.670567 54.670567 54.670567
 54.670567 54.670567 54.670567 54.670567 54.670567]",[ 33.8   103.417  22.583],355.0,8,2019,6,13
"[47.44563 47.44563 47.44563 47.44563 47.44563 47.44563 47.44563 47.44563
 47.44563 47.44563 47.44563 47.44563]",[ 33.8   103.417  22.583],355.0,9,2019,6,13
"[48.355854 48.355854 48.355854 48.355854 48.355854 48.355854 48.355854
 48.355854 48.355854 48.355854 48.355854 48.355854]",[ 33.8   103.417  22.583],355.0,10,2019,6,13
"[56.320347 56.320347 56.320347 56.320347 56.320347 56.320347 56.320347
 56.320347 56.320347 56.320347 56.320347 56.320347]",[ 33.8   103.417  22.583],355.0,11,2019,6,13
"[37.347786 37.347786 37.347786 37.347786 37.347786 37.347786 37.347786
 37.347786 37.347786 37.347786 37.347786 37.347786]",[ 20.5   103.417  22.583],355.0,12,2019,6,13
"[42.49626 42.49626 42.49626 42.49626 42.49626 42.49626 42.49626 42.49626
 42.49626 42.49626 42.49626 42.49626]",[ 20.1   103.417  22.583],355.0,13,2019,6,13
"[48.355858 48.355858 48.355858 48.355858 48.355858 48.355858 48.355858
 48.355858 48.355858 48.355858 48.355858 48.355858]",[ 20.6   103.417  22.583],355.0,14,2019,6,13
"[49.37986 49.37986 49.37986 49.37986 49.37986 49.37986 49.37986 49.37986
 49.37986 49.37986 49.37986 49.37986]",[ 20.6   103.417  22.583],355.0,15,2019,6,13
"[49.152306 49.152306 49.152306 49.152306 49.152306 49.152306 49.152306
 49.152306 49.152306 49.152306 49.152306 49.152306]",[ 20.6   103.417  22.583],355.0,16,2019,6,13
"[38.68469 38.68469 38.68469 38.68469 38.68469 38.68469 38.68469 38.68469
 38.68469 38.68469 38.68469 38.68469]",[ 20.6   103.417  22.583],355.0,17,2019,6,13
"[44.34517 44.34517 44.34517 44.34517 44.34517 44.34517 44.34517 44.34517
 44.34517 44.34517 44.34517 44.34517]",[ 76.5   103.417  22.583],355.0,18,2019,6,13
"[58.226147 58.226147 58.226147 58.226147 58.226147 58.226147 58.226147
 58.226147 58.226147 58.226147 58.226147 58.226147]",[ 56.4   103.417  22.583],355.0,19,2019,6,13
"[59.705265 59.705265 59.705265 59.705265 59.705265 59.705265 59.705265
 59.705265 59.705265 59.705265 59.705265 59.705265]",[ 56.4   103.417  22.583],355.0,20,2019,6,13
"[62.37906 62.37906 62.37906 62.37906 62.37906 62.37906 62.37906 62.37906
 62.37906 62.37906 62.37906 62.37906]",[ 65.9   103.417  22.583],355.0,21,2019,6,13
"[86.89832 86.89832 86.89832 86.89832 86.89832 86.89832 86.89832 86.89832
 86.89832 86.89832 86.89832 86.89832]",[ 69.8   103.417  22.583],355.0,22,2019,6,13
"[125.29857 125.29857 125.29857 125.29857 125.29857 125.29857 125.29857
 125.29857 125.29857 125.29857 125.29857 125.29857]",[ 73.1   103.417  22.583],355.0,23,2019,6,13
"[146.4329 146.4329 146.4329 146.4329 146.4329 146.4329 146.4329 146.4329
 146.4329 146.4329 146.4329 146.4329]",[ 73.1   103.417  22.583],355.0,24,2019,6,13
"[152.8614 152.8614 152.8614 152.8614 152.8614 152.8614 152.8614 152.8614
 152.8614 152.8614 152.8614 152.8614]",[ 17.2   103.417  22.583],355.0,25,2019,6,13
"[152.3494 152.3494 152.3494 152.3494 152.3494 152.3494 152.3494 152.3494
 152.3494 152.3494 152.3494 152.3494]",[ 17.2   103.417  22.583],355.0,26,2019,6,13
"[149.41962 149.41962 149.41962 149.41962 149.41962 149.41962 149.41962
 149.41962 149.41962 149.41962 149.41962 149.41962]",[ 29.1   103.417  22.583],355.0,27,2019,6,13
"[152.4632 152.4632 152.4632 152.4632 152.4632 152.4632 152.4632 152.4632
 152.4632 152.4632 152.4632 152.4632]",[ 22.3   103.417  22.583],355.0,28,2019,6,13
"[153.8854 153.8854 153.8854 153.8854 153.8854 153.8854 153.8854 153.8854
 153.8854 153.8854 153.8854 153.8854]",[ 18.4   103.417  22.583],355.0,29,2019,6,13
"[152.57697 152.57697 152.57697 152.57697 152.57697 152.57697 152.57697
 152.57697 152.57697 152.57697 152.57697 152.57697]",[ 15.1   103.417  22.583],355.0,30,2019,6,13
"[156.27478 156.27478 156.27478 156.27478 156.27478 156.27478 156.27478
 156.27478 156.27478 156.27478 156.27478 156.27478]",[ 20.9   103.417  22.583],355.0,31,2019,6,13
"[149.19205 149.19205 149.19205 149.19205 149.19205 149.19205 149.19205
 149.19205 149.19205 149.19205 149.19205 149.19205]",[ 22.1   103.417  22.583],355.0,32,2019,6,13
"[141.11377 141.11377 141.11377 141.11377 141.11377 141.11377 141.11377
 141.11377 141.11377 141.11377 141.11377 141.11377]",[ 74.6   103.417  22.583],355.0,33,2019,6,13
"[141.82489 141.82489 141.82489 141.82489 141.82489 141.82489 141.82489
 141.82489 141.82489 141.82489 141.82489 141.82489]",[ 65.8   103.417  22.583],355.0,34,2019,6,13
"[133.97417 133.97417 133.97417 133.97417 133.97417 133.97417 133.97417
 133.97417 133.97417 133.97417 133.97417 133.97417]",[ 62.6   103.417  22.583],355.0,35,2019,6,13
"[109.36957 109.36957 109.36957 109.36957 109.36957 109.36957 109.36957
 109.36957 109.36957 109.36957 109.36957 109.36957]",[ 62.6   103.417  22.583],355.0,36,2019,6,13
"[74.49647 74.49647 74.49647 74.49647 74.49647 74.49647 74.49647 74.49647
 74.49647 74.49647 74.49647 74.49647]",[ 62.6   103.417  22.583],355.0,37,2019,6,13
"[49.89187 49.89187 49.89187 49.89187 49.89187 49.89187 49.89187 49.89187
 49.89187 49.89187 49.89187 49.89187]",[ 56.8   103.417  22.583],355.0,38,2019,6,13
"[35.356667 35.356667 35.356667 35.356667 35.356667 35.356667 35.356667
 35.356667 35.356667 35.356667 35.356667 35.356667]",[ 83.8   103.417  22.583],355.0,39,2019,6,13
"[33.56465 33.56465 33.56465 33.56465 33.56465 33.56465 33.56465 33.56465
 33.56465 33.56465 33.56465 33.56465]",[ 49.5   103.417  22.583],355.0,40,2019,6,13
"[33.109543 33.109543 33.109543 33.109543 33.109543 33.109543 33.109543
 33.109543 33.109543 33.109543 33.109543 33.109543]",[ 46.4   103.417  22.583],355.0,41,2019,6,13
"[34.929996 34.929996 34.929996 34.929996 34.929996 34.929996 34.929996
 34.929996 34.929996 34.929996 34.929996 34.929996]",[ 47.5   103.417  22.583],355.0,42,2019,6,13
"[41.756702 41.756702 41.756702 41.756702 41.756702 41.756702 41.756702
 41.756702 41.756702 41.756702 41.756702 41.756702]",[ 51.6   103.417  22.583],355.0,43,2019,6,13
"[50.77365 50.77365 50.77365 50.77365 50.77365 50.77365 50.77365 50.77365
 50.77365 50.77365 50.77365 50.77365]",[ 51.6   103.417  22.583],355.0,44,2019,6,13
"[55.46701 55.46701 55.46701 55.46701 55.46701 55.46701 55.46701 55.46701
 55.46701 55.46701 55.46701 55.46701]",[ 51.6   103.417  22.583],355.0,45,2019,6,13
"[64.11418 64.11418 64.11418 64.11418 64.11418 64.11418 64.11418 64.11418
 64.11418 64.11418 64.11418 64.11418]",[ 23.4   103.417  22.583],355.0,46,2019,6,13
"[43.52027 43.52027 43.52027 43.52027 43.52027 43.52027 43.52027 43.52027
 43.52027 43.52027 43.52027 43.52027]",[ 67.4   103.417  22.583],355.0,7,2020,6,13
"[35.271328 35.271328 35.271328 35.271328 35.271328 35.271328 35.271328
 35.271328 35.271328 35.271328 35.271328 35.271328]",[ 28.3   103.417  22.583],355.0,8,2020,6,13
"[14.904979 14.904979 14.904979 14.904979 14.904979 14.904979 14.904979
 14.904979 14.904979 14.904979 14.904979 14.904979]",[ 28.3   103.417  22.583],355.0,9,2020,6,13
"[9.102277 9.102277 9.102277 9.102277 9.102277 9.102277 9.102277 9.102277
 9.102277 9.102277 9.102277 9.102277]",[ 20.4   103.417  22.583],355.0,10,2020,6,13
"[10.609841 10.609841 10.609841 10.609841 10.609841 10.609841 10.609841
 10.609841 10.609841 10.609841 10.609841 10.609841]",[ 18.3   103.417  22.583],355.0,11,2020,6,13
"[12.003628 12.003628 12.003628 12.003628 12.003628 12.003628 12.003628
 12.003628 12.003628 12.003628 12.003628 12.003628]",[ 18.3   103.417  22.583],355.0,12,2020,6,13
"[11.69074 11.69074 11.69074 11.69074 11.69074 11.69074 11.69074 11.69074
 11.69074 11.69074 11.69074 11.69074]",[  1.8   103.417  22.583],355.0,13,2020,6,13
"[12.430299 12.430299 12.430299 12.430299 12.430299 12.430299 12.430299
 12.430299 12.430299 12.430299 12.430299 12.430299]",[  3.9   103.417  22.583],355.0,14,2020,6,13
"[14.080087 14.080087 14.080087 14.080087 14.080087 14.080087 14.080087
 14.080087 14.080087 14.080087 14.080087 14.080087]",[  3.9   103.417  22.583],355.0,15,2020,6,13
"[16.270325 16.270325 16.270325 16.270325 16.270325 16.270325 16.270325
 16.270325 16.270325 16.270325 16.270325 16.270325]",[  3.9   103.417  22.583],355.0,16,2020,6,13
"[25.145048 25.145048 25.145048 25.145048 25.145048 25.145048 25.145048
 25.145048 25.145048 25.145048 25.145048 25.145048]",[  3.9   103.417  22.583],355.0,17,2020,6,13
"[31.630423 31.630423 31.630423 31.630423 31.630423 31.630423 31.630423
 31.630423 31.630423 31.630423 31.630423 31.630423]",[  3.9   103.417  22.583],355.0,18,2020,6,13
"[36.323784 36.323784 36.323784 36.323784 36.323784 36.323784 36.323784
 36.323784 36.323784 36.323784 36.323784 36.323784]",[  3.9   103.417  22.583],355.0,19,2020,6,13
"[44.48739 44.48739 44.48739 44.48739 44.48739 44.48739 44.48739 44.48739
 44.48739 44.48739 44.48739 44.48739]",[ 34.4   103.417  22.583],355.0,20,2020,6,13
"[46.734512 46.734512 46.734512 46.734512 46.734512 46.734512 46.734512
 46.734512 46.734512 46.734512 46.734512 46.734512]",[ 75.2   103.417  22.583],355.0,21,2020,6,13
"[51.626987 51.626987 51.626987 51.626987 51.626987 51.626987 51.626987
 51.626987 51.626987 51.626987 51.626987 51.626987]",[ 75.2   103.417  22.583],355.0,22,2020,6,13
"[70.71333 70.71333 70.71333 70.71333 70.71333 70.71333 70.71333 70.71333
 70.71333 70.71333 70.71333 70.71333]",[ 75.2   103.417  22.583],355.0,23,2020,6,13
"[85.561424 85.561424 85.561424 85.561424 85.561424 85.561424 85.561424
 85.561424 85.561424 85.561424 85.561424 85.561424]",[ 75.2   103.417  22.583],355.0,24,2020,6,13
"[82.94452 82.94452 82.94452 82.94452 82.94452 82.94452 82.94452 82.94452
 82.94452 82.94452 82.94452 82.94452]",[ 77.4   103.417  22.583],355.0,25,2020,6,13
"[78.2796 78.2796 78.2796 78.2796 78.2796 78.2796 78.2796 78.2796 78.2796
 78.2796 78.2796 78.2796]",[ 77.4   103.417  22.583],355.0,26,2020,6,13
"[69.14888 69.14888 69.14888 69.14888 69.14888 69.14888 69.14888 69.14888
 69.14888 69.14888 69.14888 69.14888]",[ 65.2   103.417  22.583],355.0,27,2020,6,13
"[67.15775 67.15775 67.15775 67.15775 67.15775 67.15775 67.15775 67.15775
 67.15775 67.15775 67.15775 67.15775]",[ 31.    103.417  22.583],355.0,28,2020,6,13
"[61.8955 61.8955 61.8955 61.8955 61.8955 61.8955 61.8955 61.8955 61.8955
 61.8955 61.8955 61.8955]",[ 65.4   103.417  22.583],355.0,29,2020,6,13
"[40.874924 40.874924 40.874924 40.874924 40.874924 40.874924 40.874924
 40.874924 40.874924 40.874924 40.874924 40.874924]",[ 66.8   103.417  22.583],355.0,30,2020,6,13
"[17.322777 17.322777 17.322777 17.322777 17.322777 17.322777 17.322777
 17.322777 17.322777 17.322777 17.322777 17.322777]",[ 66.8   103.417  22.583],355.0,31,2020,6,13
"[11.207182 11.207182 11.207182 11.207182 11.207182 11.207182 11.207182
 11.207182 11.207182 11.207182 11.207182 11.207182]",[ 64.6   103.417  22.583],355.0,32,2020,6,13
"[15.644543 15.644543 15.644543 15.644543 15.644543 15.644543 15.644543
 15.644543 15.644543 15.644543 15.644543 15.644543]",[ 64.6   103.417  22.583],355.0,33,2020,6,13
"[17.038328 17.038328 17.038328 17.038328 17.038328 17.038328 17.038328
 17.038328 17.038328 17.038328 17.038328 17.038328]",[ 44.5   103.417  22.583],355.0,34,2020,6,13
"[19.08634 19.08634 19.08634 19.08634 19.08634 19.08634 19.08634 19.08634
 19.08634 19.08634 19.08634 19.08634]",[ 35.8   103.417  22.583],355.0,35,2020,6,13
"[20.025015 20.025015 20.025015 20.025015 20.025015 20.025015 20.025015
 20.025015 20.025015 20.025015 20.025015 20.025015]",[  5.    103.417  22.583],355.0,36,2020,6,13
"[24.746824 24.746824 24.746824 24.746824 24.746824 24.746824 24.746824
 24.746824 24.746824 24.746824 24.746824 24.746824]",[ 20.1   103.417  22.583],355.0,37,2020,6,13
"[28.558403 28.558403 28.558403 28.558403 28.558403 28.558403 28.558403
 28.558403 28.558403 28.558403 28.558403 28.558403]",[ 20.9   103.417  22.583],355.0,38,2020,6,13
"[31.71576 31.71576 31.71576 31.71576 31.71576 31.71576 31.71576 31.71576
 31.71576 31.71576 31.71576 31.71576]",[ 20.9   103.417  22.583],355.0,39,2020,6,13
"[26.396614 26.396614 26.396614 26.396614 26.396614 26.396614 26.396614
 26.396614 26.396614 26.396614 26.396614 26.396614]",[ 20.9   103.417  22.583],355.0,40,2020,6,13
"[25.486383 25.486383 25.486383 25.486383 25.486383 25.486383 25.486383
 25.486383 25.486383 25.486383 25.486383 25.486383]",[ 20.9   103.417  22.583],355.0,41,2020,6,13
"[34.361107 34.361107 34.361107 34.361107 34.361107 34.361107 34.361107
 34.361107 34.361107 34.361107 34.361107 34.361107]",[ 20.9   103.417  22.583],355.0,42,2020,6,13
"[45.34073 45.34073 45.34073 45.34073 45.34073 45.34073 45.34073 45.34073
 45.34073 45.34073 45.34073 45.34073]",[ 17.3   103.417  22.583],355.0,43,2020,6,13
"[43.207386 43.207386 43.207386 43.207386 43.207386 43.207386 43.207386
 43.207386 43.207386 43.207386 43.207386 43.207386]",[ 11.8   103.417  22.583],355.0,44,2020,6,13
"[40.362926 40.362926 40.362926 40.362926 40.362926 40.362926 40.362926
 40.362926 40.362926 40.362926 40.362926 40.362926]",[ 22.4   103.417  22.583],355.0,45,2020,6,13
"[35.35667 35.35667 35.35667 35.35667 35.35667 35.35667 35.35667 35.35667
 35.35667 35.35667 35.35667 35.35667]",[ 22.4   103.417  22.583],355.0,46,2020,6,13
"[27.221504 27.221504 27.221504 27.221504 27.221504 27.221504 27.221504
 27.221504 27.221504 27.221504 27.221504 27.221504]",[ 21.7   103.417  22.583],355.0,7,2021,6,13
"[2.5315702 2.5315702 2.5315702 2.5315702 2.5315702 2.5315702 2.5315702
 2.5315702 2.5315702 2.5315702 2.5315702 2.5315702]",[  0.    103.417  22.583],355.0,8,2021,6,13
"[8.163607 8.163607 8.163607 8.163607 8.163607 8.163607 8.163607 8.163607
 8.163607 8.163607 8.163607 8.163607]",[  0.    103.417  22.583],355.0,9,2021,6,13
"[19.370789 19.370789 19.370789 19.370789 19.370789 19.370789 19.370789
 19.370789 19.370789 19.370789 19.370789 19.370789]",[  0.    103.417  22.583],355.0,10,2021,6,13
"[43.378044 43.378044 43.378044 43.378044 43.378044 43.378044 43.378044
 43.378044 43.378044 43.378044 43.378044 43.378044]",[  0.    103.417  22.583],355.0,11,2021,6,13
"[59.790596 59.790596 59.790596 59.790596 59.790596 59.790596 59.790596
 59.790596 59.790596 59.790596 59.790596 59.790596]",[  0.    103.417  22.583],355.0,12,2021,6,13
"[65.42263 65.42263 65.42263 65.42263 65.42263 65.42263 65.42263 65.42263
 65.42263 65.42263 65.42263 65.42263]",[  1.8   103.417  22.583],355.0,13,2021,6,13
"[72.2209 72.2209 72.2209 72.2209 72.2209 72.2209 72.2209 72.2209 72.2209
 72.2209 72.2209 72.2209]",[  1.8   103.417  22.583],355.0,14,2021,6,13
"[80.583626 80.583626 80.583626 80.583626 80.583626 80.583626 80.583626
 80.583626 80.583626 80.583626 80.583626 80.583626]",[  1.8   103.417  22.583],355.0,15,2021,6,13
"[86.55699 86.55699 86.55699 86.55699 86.55699 86.55699 86.55699 86.55699
 86.55699 86.55699 86.55699 86.55699]",[  1.8   103.417  22.583],355.0,16,2021,6,13
"[83.91164 83.91164 83.91164 83.91164 83.91164 83.91164 83.91164 83.91164
 83.91164 83.91164 83.91164 83.91164]",[  8.5   103.417  22.583],355.0,17,2021,6,13
"[64.73996 64.73996 64.73996 64.73996 64.73996 64.73996 64.73996 64.73996
 64.73996 64.73996 64.73996 64.73996]",[  8.5   103.417  22.583],355.0,18,2021,6,13
"[62.89106 62.89106 62.89106 62.89106 62.89106 62.89106 62.89106 62.89106
 62.89106 62.89106 62.89106 62.89106]",[ 17.3   103.417  22.583],355.0,19,2021,6,13
"[66.95865 66.95865 66.95865 66.95865 66.95865 66.95865 66.95865 66.95865
 66.95865 66.95865 66.95865 66.95865]",[ 16.    103.417  22.583],355.0,20,2021,6,13
"[67.64132 67.64132 67.64132 67.64132 67.64132 67.64132 67.64132 67.64132
 67.64132 67.64132 67.64132 67.64132]",[ 16.    103.417  22.583],355.0,21,2021,6,13
"[67.41376 67.41376 67.41376 67.41376 67.41376 67.41376 67.41376 67.41376
 67.41376 67.41376 67.41376 67.41376]",[ 16.    103.417  22.583],355.0,22,2021,6,13
"[66.47508 66.47508 66.47508 66.47508 66.47508 66.47508 66.47508 66.47508
 66.47508 66.47508 66.47508 66.47508]",[ 16.    103.417  22.583],355.0,23,2021,6,13
"[67.81198 67.81198 67.81198 67.81198 67.81198 67.81198 67.81198 67.81198
 67.81198 67.81198 67.81198 67.81198]",[  9.3   103.417  22.583],355.0,24,2021,6,13
"[67.41376 67.41376 67.41376 67.41376 67.41376 67.41376 67.41376 67.41376
 67.41376 67.41376 67.41376 67.41376]",[ 19.3   103.417  22.583],355.0,25,2021,6,13
"[58.33992 58.33992 58.33992 58.33992 58.33992 58.33992 58.33992 58.33992
 58.33992 58.33992 58.33992 58.33992]",[ 11.5   103.417  22.583],355.0,26,2021,6,13
"[54.52834 54.52834 54.52834 54.52834 54.52834 54.52834 54.52834 54.52834
 54.52834 54.52834 54.52834 54.52834]",[ 11.    103.417  22.583],355.0,27,2021,6,13
"[54.89812 54.89812 54.89812 54.89812 54.89812 54.89812 54.89812 54.89812
 54.89812 54.89812 54.89812 54.89812]",[ 11.    103.417  22.583],355.0,28,2021,6,13
"[51.484764 51.484764 51.484764 51.484764 51.484764 51.484764 51.484764
 51.484764 51.484764 51.484764 51.484764 51.484764]",[ 11.    103.417  22.583],355.0,29,2021,6,13
"[42.866047 42.866047 42.866047 42.866047 42.866047 42.866047 42.866047
 42.866047 42.866047 42.866047 42.866047 42.866047]",[ 11.    103.417  22.583],355.0,30,2021,6,13
"[37.177124 37.177124 37.177124 37.177124 37.177124 37.177124 37.177124
 37.177124 37.177124 37.177124 37.177124 37.177124]",[ 11.    103.417  22.583],355.0,31,2021,6,13
"[38.883797 38.883797 38.883797 38.883797 38.883797 38.883797 38.883797
 38.883797 38.883797 38.883797 38.883797 38.883797]",[  1.    103.417  22.583],355.0,32,2021,6,13
"[37.66068 37.66068 37.66068 37.66068 37.66068 37.66068 37.66068 37.66068
 37.66068 37.66068 37.66068 37.66068]",[  0.    103.417  22.583],355.0,33,2021,6,13
"[33.87755 33.87755 33.87755 33.87755 33.87755 33.87755 33.87755 33.87755
 33.87755 33.87755 33.87755 33.87755]",[  0.    103.417  22.583],355.0,34,2021,6,13
"[39.05447 39.05447 39.05447 39.05447 39.05447 39.05447 39.05447 39.05447
 39.05447 39.05447 39.05447 39.05447]",[  0.    103.417  22.583],355.0,35,2021,6,13
"[40.84648 40.84648 40.84648 40.84648 40.84648 40.84648 40.84648 40.84648
 40.84648 40.84648 40.84648 40.84648]",[ 29.8   103.417  22.583],355.0,36,2021,6,13
"[51.17188 51.17188 51.17188 51.17188 51.17188 51.17188 51.17188 51.17188
 51.17188 51.17188 51.17188 51.17188]",[ 49.5   103.417  22.583],355.0,37,2021,6,13
"[66.27597 66.27597 66.27597 66.27597 66.27597 66.27597 66.27597 66.27597
 66.27597 66.27597 66.27597 66.27597]",[ 61.9   103.417  22.583],355.0,38,2021,6,13
"[119.92253 119.92253 119.92253 119.92253 119.92253 119.92253 119.92253
 119.92253 119.92253 119.92253 119.92253 119.92253]",[115.6   103.417  22.583],355.0,39,2021,6,13
"[198.03146 198.03146 198.03146 198.03146 198.03146 198.03146 198.03146
 198.03146 198.03146 198.03146 198.03146 198.03146]",[116.4   103.417  22.583],355.0,40,2021,6,13
"[202.26971 202.26971 202.26971 202.26971 202.26971 202.26971 202.26971
 202.26971 202.26971 202.26971 202.26971 202.26971]",[116.4   103.417  22.583],355.0,41,2021,6,13
"[231.08412 231.08412 231.08412 231.08412 231.08412 231.08412 231.08412
 231.08412 231.08412 231.08412 231.08412 231.08412]",[146.4   103.417  22.583],355.0,42,2021,6,13
"[252.78737 252.78737 252.78737 252.78737 252.78737 252.78737 252.78737
 252.78737 252.78737 252.78737 252.78737 252.78737]",[161.6   103.417  22.583],355.0,43,2021,6,13
"[274.6044 274.6044 274.6044 274.6044 274.6044 274.6044 274.6044 274.6044
 274.6044 274.6044 274.6044 274.6044]",[141.9   103.417  22.583],355.0,44,2021,6,13
"[260.6665 260.6665 260.6665 260.6665 260.6665 260.6665 260.6665 260.6665
 260.6665 260.6665 260.6665 260.6665]",[129.5   103.417  22.583],355.0,45,2021,6,13
"[234.38368 234.38368 234.38368 234.38368 234.38368 234.38368 234.38368
 234.38368 234.38368 234.38368 234.38368 234.38368]",[ 75.8   103.417  22.583],355.0,46,2021,6,13
"[44.672688 44.672688 44.672688 44.672688 44.672688 44.672688 44.672688
 44.672688 44.672688 44.672688 44.672688 44.672688]",[ 58.    103.417  22.583],355.0,7,2018,6,16
"[30.885868 30.885868 30.885868 30.885868 30.885868 30.885868 30.885868
 30.885868 30.885868 30.885868 30.885868 30.885868]",[112.1   103.417  22.583],355.0,8,2018,6,16
"[23.298874 23.298874 23.298874 23.298874 23.298874 23.298874 23.298874
 23.298874 23.298874 23.298874 23.298874 23.298874]",[135.7   103.417  22.583],355.0,9,2018,6,16
"[19.986637 19.986637 19.986637 19.986637 19.986637 19.986637 19.986637
 19.986637 19.986637 19.986637 19.986637 19.986637]",[109.9   103.417  22.583],355.0,10,2018,6,16
"[19.788467 19.788467 19.788467 19.788467 19.788467 19.788467 19.788467
 19.788467 19.788467 19.788467 19.788467 19.788467]",[114.7   103.417  22.583],355.0,11,2018,6,16
"[23.949991 23.949991 23.949991 23.949991 23.949991 23.949991 23.949991
 23.949991 23.949991 23.949991 23.949991 23.949991]",[115.    103.417  22.583],355.0,12,2018,6,16
"[25.95998 25.95998 25.95998 25.95998 25.95998 25.95998 25.95998 25.95998
 25.95998 25.95998 25.95998 25.95998]",[115.4   103.417  22.583],355.0,13,2018,6,16
"[24.51619 24.51619 24.51619 24.51619 24.51619 24.51619 24.51619 24.51619
 24.51619 24.51619 24.51619 24.51619]",[112.4   103.417  22.583],355.0,14,2018,6,16
"[26.271385 26.271385 26.271385 26.271385 26.271385 26.271385 26.271385
 26.271385 26.271385 26.271385 26.271385 26.271385]",[ 53.3   103.417  22.583],355.0,15,2018,6,16
"[26.328007 26.328007 26.328007 26.328007 26.328007 26.328007 26.328007
 26.328007 26.328007 26.328007 26.328007 26.328007]",[ 26.1   103.417  22.583],355.0,16,2018,6,16
"[29.951647 29.951647 29.951647 29.951647 29.951647 29.951647 29.951647
 29.951647 29.951647 29.951647 29.951647 29.951647]",[ 11.1   103.417  22.583],355.0,17,2018,6,16
"[30.57446 30.57446 30.57446 30.57446 30.57446 30.57446 30.57446 30.57446
 30.57446 30.57446 30.57446 30.57446]",[  5.5   103.417  22.583],355.0,18,2018,6,16
"[28.87588 28.87588 28.87588 28.87588 28.87588 28.87588 28.87588 28.87588
 28.87588 28.87588 28.87588 28.87588]",[  3.    103.417  22.583],355.0,19,2018,6,16
"[31.197273 31.197273 31.197273 31.197273 31.197273 31.197273 31.197273
 31.197273 31.197273 31.197273 31.197273 31.197273]",[  3.7   103.417  22.583],355.0,20,2018,6,16
"[33.830074 33.830074 33.830074 33.830074 33.830074 33.830074 33.830074
 33.830074 33.830074 33.830074 33.830074 33.830074]",[  2.    103.417  22.583],355.0,21,2018,6,16
"[29.89503 29.89503 29.89503 29.89503 29.89503 29.89503 29.89503 29.89503
 29.89503 29.89503 29.89503 29.89503]",[  6.7   103.417  22.583],355.0,22,2018,6,16
"[29.32883 29.32883 29.32883 29.32883 29.32883 29.32883 29.32883 29.32883
 29.32883 29.32883 29.32883 29.32883]",[  8.7   103.417  22.583],355.0,23,2018,6,16
"[27.517014 27.517014 27.517014 27.517014 27.517014 27.517014 27.517014
 27.517014 27.517014 27.517014 27.517014 27.517014]",[  8.4   103.417  22.583],355.0,24,2018,6,16
"[26.186455 26.186455 26.186455 26.186455 26.186455 26.186455 26.186455
 26.186455 26.186455 26.186455 26.186455 26.186455]",[ 10.9   103.417  22.583],355.0,25,2018,6,16
"[27.715183 27.715183 27.715183 27.715183 27.715183 27.715183 27.715183
 27.715183 27.715183 27.715183 27.715183 27.715183]",[ 10.9   103.417  22.583],355.0,26,2018,6,16
"[28.9325 28.9325 28.9325 28.9325 28.9325 28.9325 28.9325 28.9325 28.9325
 28.9325 28.9325 28.9325]",[  9.6   103.417  22.583],355.0,27,2018,6,16
"[42.775936 42.775936 42.775936 42.775936 42.775936 42.775936 42.775936
 42.775936 42.775936 42.775936 42.775936 42.775936]",[  9.6   103.417  22.583],355.0,28,2018,6,16
"[64.46116 64.46116 64.46116 64.46116 64.46116 64.46116 64.46116 64.46116
 64.46116 64.46116 64.46116 64.46116]",[ 10.5   103.417  22.583],355.0,29,2018,6,16
"[68.6793 68.6793 68.6793 68.6793 68.6793 68.6793 68.6793 68.6793 68.6793
 68.6793 68.6793 68.6793]",[  8.9   103.417  22.583],355.0,30,2018,6,16
"[66.61269 66.61269 66.61269 66.61269 66.61269 66.61269 66.61269 66.61269
 66.61269 66.61269 66.61269 66.61269]",[  8.9   103.417  22.583],355.0,31,2018,6,16
"[65.42369 65.42369 65.42369 65.42369 65.42369 65.42369 65.42369 65.42369
 65.42369 65.42369 65.42369 65.42369]",[ 13.4   103.417  22.583],355.0,32,2018,6,16
"[62.111458 62.111458 62.111458 62.111458 62.111458 62.111458 62.111458
 62.111458 62.111458 62.111458 62.111458 62.111458]",[ 25.8   103.417  22.583],355.0,33,2018,6,16
"[83.853294 83.853294 83.853294 83.853294 83.853294 83.853294 83.853294
 83.853294 83.853294 83.853294 83.853294 83.853294]",[ 44.3   103.417  22.583],355.0,34,2018,6,16
"[153.09879 153.09879 153.09879 153.09879 153.09879 153.09879 153.09879
 153.09879 153.09879 153.09879 153.09879 153.09879]",[ 50.2   103.417  22.583],355.0,35,2018,6,16
"[214.89883 214.89883 214.89883 214.89883 214.89883 214.89883 214.89883
 214.89883 214.89883 214.89883 214.89883 214.89883]",[ 44.2   103.417  22.583],355.0,36,2018,6,16
"[283.54984 283.54984 283.54984 283.54984 283.54984 283.54984 283.54984
 283.54984 283.54984 283.54984 283.54984 283.54984]",[ 66.5   103.417  22.583],355.0,37,2018,6,16
"[380.60562 380.60562 380.60562 380.60562 380.60562 380.60562 380.60562
 380.60562 380.60562 380.60562 380.60562 380.60562]",[ 66.5   103.417  22.583],355.0,38,2018,6,16
"[405.688 405.688 405.688 405.688 405.688 405.688 405.688 405.688 405.688
 405.688 405.688 405.688]",[ 59.5   103.417  22.583],355.0,39,2018,6,16
"[412.76544 412.76544 412.76544 412.76544 412.76544 412.76544 412.76544
 412.76544 412.76544 412.76544 412.76544 412.76544]",[ 78.    103.417  22.583],355.0,40,2018,6,16
"[384.96533 384.96533 384.96533 384.96533 384.96533 384.96533 384.96533
 384.96533 384.96533 384.96533 384.96533 384.96533]",[ 76.7   103.417  22.583],355.0,41,2018,6,16
"[298.64908 298.64908 298.64908 298.64908 298.64908 298.64908 298.64908
 298.64908 298.64908 298.64908 298.64908 298.64908]",[ 74.4   103.417  22.583],355.0,42,2018,6,16
"[215.3903 215.3903 215.3903 215.3903 215.3903 215.3903 215.3903 215.3903
 215.3903 215.3903 215.3903 215.3903]",[ 92.3   103.417  22.583],355.0,43,2018,6,16
"[157.97824 157.97824 157.97824 157.97824 157.97824 157.97824 157.97824
 157.97824 157.97824 157.97824 157.97824 157.97824]",[ 80.5   103.417  22.583],355.0,44,2018,6,16
"[82.09809 82.09809 82.09809 82.09809 82.09809 82.09809 82.09809 82.09809
 82.09809 82.09809 82.09809 82.09809]",[110.6   103.417  22.583],355.0,45,2018,6,16
"[69.2738 69.2738 69.2738 69.2738 69.2738 69.2738 69.2738 69.2738 69.2738
 69.2738 69.2738 69.2738]",[116.1   103.417  22.583],355.0,46,2018,6,16
"[33.34881 33.34881 33.34881 33.34881 33.34881 33.34881 33.34881 33.34881
 33.34881 33.34881 33.34881 33.34881]",[ 33.8   103.417  22.583],355.0,7,2019,6,16
"[41.332138 41.332138 41.332138 41.332138 41.332138 41.332138 41.332138
 41.332138 41.332138 41.332138 41.332138 41.332138]",[ 33.8   103.417  22.583],355.0,8,2019,6,16
"[44.899162 44.899162 44.899162 44.899162 44.899162 44.899162 44.899162
 44.899162 44.899162 44.899162 44.899162 44.899162]",[ 20.5   103.417  22.583],355.0,9,2019,6,16
"[44.276352 44.276352 44.276352 44.276352 44.276352 44.276352 44.276352
 44.276352 44.276352 44.276352 44.276352 44.276352]",[ 20.1   103.417  22.583],355.0,10,2019,6,16
"[57.383736 57.383736 57.383736 57.383736 57.383736 57.383736 57.383736
 57.383736 57.383736 57.383736 57.383736 57.383736]",[ 20.6   103.417  22.583],355.0,11,2019,6,16
"[72.416176 72.416176 72.416176 72.416176 72.416176 72.416176 72.416176
 72.416176 72.416176 72.416176 72.416176 72.416176]",[ 20.6   103.417  22.583],355.0,12,2019,6,16
"[88.58101 88.58101 88.58101 88.58101 88.58101 88.58101 88.58101 88.58101
 88.58101 88.58101 88.58101 88.58101]",[ 20.6   103.417  22.583],355.0,13,2019,6,16
"[90.194664 90.194664 90.194664 90.194664 90.194664 90.194664 90.194664
 90.194664 90.194664 90.194664 90.194664 90.194664]",[ 20.6   103.417  22.583],355.0,14,2019,6,16
"[104.74585 104.74585 104.74585 104.74585 104.74585 104.74585 104.74585
 104.74585 104.74585 104.74585 104.74585 104.74585]",[ 76.5   103.417  22.583],355.0,15,2019,6,16
"[86.34454 86.34454 86.34454 86.34454 86.34454 86.34454 86.34454 86.34454
 86.34454 86.34454 86.34454 86.34454]",[ 56.4   103.417  22.583],355.0,16,2019,6,16
"[96.309555 96.309555 96.309555 96.309555 96.309555 96.309555 96.309555
 96.309555 96.309555 96.309555 96.309555 96.309555]",[ 56.4   103.417  22.583],355.0,17,2019,6,16
"[100.924034 100.924034 100.924034 100.924034 100.924034 100.924034
 100.924034 100.924034 100.924034 100.924034 100.924034 100.924034]",[ 65.9   103.417  22.583],355.0,18,2019,6,16
"[99.56517 99.56517 99.56517 99.56517 99.56517 99.56517 99.56517 99.56517
 99.56517 99.56517 99.56517 99.56517]",[ 69.8   103.417  22.583],355.0,19,2019,6,16
"[86.23131 86.23131 86.23131 86.23131 86.23131 86.23131 86.23131 86.23131
 86.23131 86.23131 86.23131 86.23131]",[ 73.1   103.417  22.583],355.0,20,2019,6,16
"[88.5527 88.5527 88.5527 88.5527 88.5527 88.5527 88.5527 88.5527 88.5527
 88.5527 88.5527 88.5527]",[ 73.1   103.417  22.583],355.0,21,2019,6,16
"[71.36872 71.36872 71.36872 71.36872 71.36872 71.36872 71.36872 71.36872
 71.36872 71.36872 71.36872 71.36872]",[ 17.2   103.417  22.583],355.0,22,2019,6,16
"[82.04147 82.04147 82.04147 82.04147 82.04147 82.04147 82.04147 82.04147
 82.04147 82.04147 82.04147 82.04147]",[ 17.2   103.417  22.583],355.0,23,2019,6,16
"[72.92576 72.92576 72.92576 72.92576 72.92576 72.92576 72.92576 72.92576
 72.92576 72.92576 72.92576 72.92576]",[ 29.1   103.417  22.583],355.0,24,2019,6,16
"[70.91577 70.91577 70.91577 70.91577 70.91577 70.91577 70.91577 70.91577
 70.91577 70.91577 70.91577 70.91577]",[ 22.3   103.417  22.583],355.0,25,2019,6,16
"[84.30625 84.30625 84.30625 84.30625 84.30625 84.30625 84.30625 84.30625
 84.30625 84.30625 84.30625 84.30625]",[ 18.4   103.417  22.583],355.0,26,2019,6,16
"[110.69088 110.69088 110.69088 110.69088 110.69088 110.69088 110.69088
 110.69088 110.69088 110.69088 110.69088 110.69088]",[ 15.1   103.417  22.583],355.0,27,2019,6,16
"[122.4394 122.4394 122.4394 122.4394 122.4394 122.4394 122.4394 122.4394
 122.4394 122.4394 122.4394 122.4394]",[ 20.9   103.417  22.583],355.0,28,2019,6,16
"[133.48018 133.48018 133.48018 133.48018 133.48018 133.48018 133.48018
 133.48018 133.48018 133.48018 133.48018 133.48018]",[ 22.1   103.417  22.583],355.0,29,2019,6,16
"[147.18208 147.18208 147.18208 147.18208 147.18208 147.18208 147.18208
 147.18208 147.18208 147.18208 147.18208 147.18208]",[ 74.6   103.417  22.583],355.0,30,2019,6,16
"[166.94223 166.94223 166.94223 166.94223 166.94223 166.94223 166.94223
 166.94223 166.94223 166.94223 166.94223 166.94223]",[ 65.8   103.417  22.583],355.0,31,2019,6,16
"[163.57338 163.57338 163.57338 163.57338 163.57338 163.57338 163.57338
 163.57338 163.57338 163.57338 163.57338 163.57338]",[ 62.6   103.417  22.583],355.0,32,2019,6,16
"[152.95724 152.95724 152.95724 152.95724 152.95724 152.95724 152.95724
 152.95724 152.95724 152.95724 152.95724 152.95724]",[ 62.6   103.417  22.583],355.0,33,2019,6,16
"[135.5468 135.5468 135.5468 135.5468 135.5468 135.5468 135.5468 135.5468
 135.5468 135.5468 135.5468 135.5468]",[ 62.6   103.417  22.583],355.0,34,2019,6,16
"[136.76411 136.76411 136.76411 136.76411 136.76411 136.76411 136.76411
 136.76411 136.76411 136.76411 136.76411 136.76411]",[ 56.8   103.417  22.583],355.0,35,2019,6,16
"[134.86736 134.86736 134.86736 134.86736 134.86736 134.86736 134.86736
 134.86736 134.86736 134.86736 134.86736 134.86736]",[ 83.8   103.417  22.583],355.0,36,2019,6,16
"[150.32445 150.32445 150.32445 150.32445 150.32445 150.32445 150.32445
 150.32445 150.32445 150.32445 150.32445 150.32445]",[ 49.5   103.417  22.583],355.0,37,2019,6,16
"[144.23785 144.23785 144.23785 144.23785 144.23785 144.23785 144.23785
 144.23785 144.23785 144.23785 144.23785 144.23785]",[ 46.4   103.417  22.583],355.0,38,2019,6,16
"[136.11298 136.11298 136.11298 136.11298 136.11298 136.11298 136.11298
 136.11298 136.11298 136.11298 136.11298 136.11298]",[ 47.5   103.417  22.583],355.0,39,2019,6,16
"[123.401924 123.401924 123.401924 123.401924 123.401924 123.401924
 123.401924 123.401924 123.401924 123.401924 123.401924 123.401924]",[ 51.6   103.417  22.583],355.0,40,2019,6,16
"[115.10719 115.10719 115.10719 115.10719 115.10719 115.10719 115.10719
 115.10719 115.10719 115.10719 115.10719 115.10719]",[ 51.6   103.417  22.583],355.0,41,2019,6,16
"[105.22711 105.22711 105.22711 105.22711 105.22711 105.22711 105.22711
 105.22711 105.22711 105.22711 105.22711 105.22711]",[ 51.6   103.417  22.583],355.0,42,2019,6,16
"[92.544365 92.544365 92.544365 92.544365 92.544365 92.544365 92.544365
 92.544365 92.544365 92.544365 92.544365 92.544365]",[ 23.4   103.417  22.583],355.0,43,2019,6,16
"[55.062344 55.062344 55.062344 55.062344 55.062344 55.062344 55.062344
 55.062344 55.062344 55.062344 55.062344 55.062344]",[ 25.9   103.417  22.583],355.0,44,2019,6,16
"[33.915005 33.915005 33.915005 33.915005 33.915005 33.915005 33.915005
 33.915005 33.915005 33.915005 33.915005 33.915005]",[ 39.7   103.417  22.583],355.0,45,2019,6,16
"[46.93746 46.93746 46.93746 46.93746 46.93746 46.93746 46.93746 46.93746
 46.93746 46.93746 46.93746 46.93746]",[ 38.6   103.417  22.583],355.0,46,2019,6,16
"[25.76182 25.76182 25.76182 25.76182 25.76182 25.76182 25.76182 25.76182
 25.76182 25.76182 25.76182 25.76182]",[ 20.4   103.417  22.583],355.0,7,2020,6,16
"[16.702717 16.702717 16.702717 16.702717 16.702717 16.702717 16.702717
 16.702717 16.702717 16.702717 16.702717 16.702717]",[ 18.3   103.417  22.583],355.0,8,2020,6,16
"[17.948343 17.948343 17.948343 17.948343 17.948343 17.948343 17.948343
 17.948343 17.948343 17.948343 17.948343 17.948343]",[ 18.3   103.417  22.583],355.0,9,2020,6,16
"[23.213943 23.213943 23.213943 23.213943 23.213943 23.213943 23.213943
 23.213943 23.213943 23.213943 23.213943 23.213943]",[  1.8   103.417  22.583],355.0,10,2020,6,16
"[28.762642 28.762642 28.762642 28.762642 28.762642 28.762642 28.762642
 28.762642 28.762642 28.762642 28.762642 28.762642]",[  3.9   103.417  22.583],355.0,11,2020,6,16
"[31.73516 31.73516 31.73516 31.73516 31.73516 31.73516 31.73516 31.73516
 31.73516 31.73516 31.73516 31.73516]",[  3.9   103.417  22.583],355.0,12,2020,6,16
"[31.225586 31.225586 31.225586 31.225586 31.225586 31.225586 31.225586
 31.225586 31.225586 31.225586 31.225586 31.225586]",[  3.9   103.417  22.583],355.0,13,2020,6,16
"[31.055727 31.055727 31.055727 31.055727 31.055727 31.055727 31.055727
 31.055727 31.055727 31.055727 31.055727 31.055727]",[  3.9   103.417  22.583],355.0,14,2020,6,16
"[30.63108 30.63108 30.63108 30.63108 30.63108 30.63108 30.63108 30.63108
 30.63108 30.63108 30.63108 30.63108]",[  3.9   103.417  22.583],355.0,15,2020,6,16
"[32.103184 32.103184 32.103184 32.103184 32.103184 32.103184 32.103184
 32.103184 32.103184 32.103184 32.103184 32.103184]",[  3.9   103.417  22.583],355.0,16,2020,6,16
"[27.885044 27.885044 27.885044 27.885044 27.885044 27.885044 27.885044
 27.885044 27.885044 27.885044 27.885044 27.885044]",[ 34.4   103.417  22.583],355.0,17,2020,6,16
"[37.05738 37.05738 37.05738 37.05738 37.05738 37.05738 37.05738 37.05738
 37.05738 37.05738 37.05738 37.05738]",[ 75.2   103.417  22.583],355.0,18,2020,6,16
"[45.578594 45.578594 45.578594 45.578594 45.578594 45.578594 45.578594
 45.578594 45.578594 45.578594 45.578594 45.578594]",[ 75.2   103.417  22.583],355.0,19,2020,6,16
"[59.195553 59.195553 59.195553 59.195553 59.195553 59.195553 59.195553
 59.195553 59.195553 59.195553 59.195553 59.195553]",[ 75.2   103.417  22.583],355.0,20,2020,6,16
"[73.26547 73.26547 73.26547 73.26547 73.26547 73.26547 73.26547 73.26547
 73.26547 73.26547 73.26547 73.26547]",[ 75.2   103.417  22.583],355.0,21,2020,6,16
"[81.27711 81.27711 81.27711 81.27711 81.27711 81.27711 81.27711 81.27711
 81.27711 81.27711 81.27711 81.27711]",[ 77.4   103.417  22.583],355.0,22,2020,6,16
"[82.09809 82.09809 82.09809 82.09809 82.09809 82.09809 82.09809 82.09809
 82.09809 82.09809 82.09809 82.09809]",[ 77.4   103.417  22.583],355.0,23,2020,6,16
"[76.945724 76.945724 76.945724 76.945724 76.945724 76.945724 76.945724
 76.945724 76.945724 76.945724 76.945724 76.945724]",[ 65.2   103.417  22.583],355.0,24,2020,6,16
"[63.01736 63.01736 63.01736 63.01736 63.01736 63.01736 63.01736 63.01736
 63.01736 63.01736 63.01736 63.01736]",[ 31.    103.417  22.583],355.0,25,2020,6,16
"[53.90164 53.90164 53.90164 53.90164 53.90164 53.90164 53.90164 53.90164
 53.90164 53.90164 53.90164 53.90164]",[ 65.4   103.417  22.583],355.0,26,2020,6,16
"[43.370438 43.370438 43.370438 43.370438 43.370438 43.370438 43.370438
 43.370438 43.370438 43.370438 43.370438 43.370438]",[ 66.8   103.417  22.583],355.0,27,2020,6,16
"[37.59526 37.59526 37.59526 37.59526 37.59526 37.59526 37.59526 37.59526
 37.59526 37.59526 37.59526 37.59526]",[ 66.8   103.417  22.583],355.0,28,2020,6,16
"[32.669376 32.669376 32.669376 32.669376 32.669376 32.669376 32.669376
 32.669376 32.669376 32.669376 32.669376 32.669376]",[ 64.6   103.417  22.583],355.0,29,2020,6,16
"[31.310509 31.310509 31.310509 31.310509 31.310509 31.310509 31.310509
 31.310509 31.310509 31.310509 31.310509 31.310509]",[ 64.6   103.417  22.583],355.0,30,2020,6,16
"[27.969967 27.969967 27.969967 27.969967 27.969967 27.969967 27.969967
 27.969967 27.969967 27.969967 27.969967 27.969967]",[ 44.5   103.417  22.583],355.0,31,2020,6,16
"[33.886692 33.886692 33.886692 33.886692 33.886692 33.886692 33.886692
 33.886692 33.886692 33.886692 33.886692 33.886692]",[ 35.8   103.417  22.583],355.0,32,2020,6,16
"[37.283855 37.283855 37.283855 37.283855 37.283855 37.283855 37.283855
 37.283855 37.283855 37.283855 37.283855 37.283855]",[  5.    103.417  22.583],355.0,33,2020,6,16
"[41.020737 41.020737 41.020737 41.020737 41.020737 41.020737 41.020737
 41.020737 41.020737 41.020737 41.020737 41.020737]",[ 20.1   103.417  22.583],355.0,34,2020,6,16
"[35.92499 35.92499 35.92499 35.92499 35.92499 35.92499 35.92499 35.92499
 35.92499 35.92499 35.92499 35.92499]",[ 20.9   103.417  22.583],355.0,35,2020,6,16
"[32.89585 32.89585 32.89585 32.89585 32.89585 32.89585 32.89585 32.89585
 32.89585 32.89585 32.89585 32.89585]",[ 20.9   103.417  22.583],355.0,36,2020,6,16
"[29.810097 29.810097 29.810097 29.810097 29.810097 29.810097 29.810097
 29.810097 29.810097 29.810097 29.810097 29.810097]",[ 20.9   103.417  22.583],355.0,37,2020,6,16
"[29.668549 29.668549 29.668549 29.668549 29.668549 29.668549 29.668549
 29.668549 29.668549 29.668549 29.668549 29.668549]",[ 20.9   103.417  22.583],355.0,38,2020,6,16
"[24.261398 24.261398 24.261398 24.261398 24.261398 24.261398 24.261398
 24.261398 24.261398 24.261398 24.261398 24.261398]",[ 20.9   103.417  22.583],355.0,39,2020,6,16
"[37.595257 37.595257 37.595257 37.595257 37.595257 37.595257 37.595257
 37.595257 37.595257 37.595257 37.595257 37.595257]",[ 17.3   103.417  22.583],355.0,40,2020,6,16
"[43.880013 43.880013 43.880013 43.880013 43.880013 43.880013 43.880013
 43.880013 43.880013 43.880013 43.880013 43.880013]",[ 11.8   103.417  22.583],355.0,41,2020,6,16
"[61.26216 61.26216 61.26216 61.26216 61.26216 61.26216 61.26216 61.26216
 61.26216 61.26216 61.26216 61.26216]",[ 22.4   103.417  22.583],355.0,42,2020,6,16
"[73.746735 73.746735 73.746735 73.746735 73.746735 73.746735 73.746735
 73.746735 73.746735 73.746735 73.746735 73.746735]",[ 22.4   103.417  22.583],355.0,43,2020,6,16
"[86.08976 86.08976 86.08976 86.08976 86.08976 86.08976 86.08976 86.08976
 86.08976 86.08976 86.08976 86.08976]",[ 22.4   103.417  22.583],355.0,44,2020,6,16
"[86.79751 86.79751 86.79751 86.79751 86.79751 86.79751 86.79751 86.79751
 86.79751 86.79751 86.79751 86.79751]",[ 22.4   103.417  22.583],355.0,45,2020,6,16
"[90.50607 90.50607 90.50607 90.50607 90.50607 90.50607 90.50607 90.50607
 90.50607 90.50607 90.50607 90.50607]",[ 22.4   103.417  22.583],355.0,46,2020,6,16
"[7.332209 7.332209 7.332209 7.332209 7.332209 7.332209 7.332209 7.332209
 7.332209 7.332209 7.332209 7.332209]",[  0.    103.417  22.583],355.0,7,2021,6,16
"[34.254723 34.254723 34.254723 34.254723 34.254723 34.254723 34.254723
 34.254723 34.254723 34.254723 34.254723 34.254723]",[  0.    103.417  22.583],355.0,8,2021,6,16
"[45.323807 45.323807 45.323807 45.323807 45.323807 45.323807 45.323807
 45.323807 45.323807 45.323807 45.323807 45.323807]",[  0.    103.417  22.583],355.0,9,2021,6,16
"[53.137283 53.137283 53.137283 53.137283 53.137283 53.137283 53.137283
 53.137283 53.137283 53.137283 53.137283 53.137283]",[  1.8   103.417  22.583],355.0,10,2021,6,16
"[57.468662 57.468662 57.468662 57.468662 57.468662 57.468662 57.468662
 57.468662 57.468662 57.468662 57.468662 57.468662]",[  1.8   103.417  22.583],355.0,11,2021,6,16
"[57.89331 57.89331 57.89331 57.89331 57.89331 57.89331 57.89331 57.89331
 57.89331 57.89331 57.89331 57.89331]",[  1.8   103.417  22.583],355.0,12,2021,6,16
"[61.007378 61.007378 61.007378 61.007378 61.007378 61.007378 61.007378
 61.007378 61.007378 61.007378 61.007378 61.007378]",[  1.8   103.417  22.583],355.0,13,2021,6,16
"[56.223038 56.223038 56.223038 56.223038 56.223038 56.223038 56.223038
 56.223038 56.223038 56.223038 56.223038 56.223038]",[  8.5   103.417  22.583],355.0,14,2021,6,16
"[32.980785 32.980785 32.980785 32.980785 32.980785 32.980785 32.980785
 32.980785 32.980785 32.980785 32.980785 32.980785]",[  8.5   103.417  22.583],355.0,15,2021,6,16
"[31.763468 31.763468 31.763468 31.763468 31.763468 31.763468 31.763468
 31.763468 31.763468 31.763468 31.763468 31.763468]",[ 17.3   103.417  22.583],355.0,16,2021,6,16
"[32.159805 32.159805 32.159805 32.159805 32.159805 32.159805 32.159805
 32.159805 32.159805 32.159805 32.159805 32.159805]",[ 16.    103.417  22.583],355.0,17,2021,6,16
"[31.65023 31.65023 31.65023 31.65023 31.65023 31.65023 31.65023 31.65023
 31.65023 31.65023 31.65023 31.65023]",[ 16.    103.417  22.583],355.0,18,2021,6,16
"[41.841717 41.841717 41.841717 41.841717 41.841717 41.841717 41.841717
 41.841717 41.841717 41.841717 41.841717 41.841717]",[ 16.    103.417  22.583],355.0,19,2021,6,16
"[56.392895 56.392895 56.392895 56.392895 56.392895 56.392895 56.392895
 56.392895 56.392895 56.392895 56.392895 56.392895]",[ 16.    103.417  22.583],355.0,20,2021,6,16
"[77.48361 77.48361 77.48361 77.48361 77.48361 77.48361 77.48361 77.48361
 77.48361 77.48361 77.48361 77.48361]",[  9.3   103.417  22.583],355.0,21,2021,6,16
"[91.29874 91.29874 91.29874 91.29874 91.29874 91.29874 91.29874 91.29874
 91.29874 91.29874 91.29874 91.29874]",[ 19.3   103.417  22.583],355.0,22,2021,6,16
"[90.279594 90.279594 90.279594 90.279594 90.279594 90.279594 90.279594
 90.279594 90.279594 90.279594 90.279594 90.279594]",[ 11.5   103.417  22.583],355.0,23,2021,6,16
"[87.50524 87.50524 87.50524 87.50524 87.50524 87.50524 87.50524 87.50524
 87.50524 87.50524 87.50524 87.50524]",[ 11.    103.417  22.583],355.0,24,2021,6,16
"[92.20465 92.20465 92.20465 92.20465 92.20465 92.20465 92.20465 92.20465
 92.20465 92.20465 92.20465 92.20465]",[ 11.    103.417  22.583],355.0,25,2021,6,16
"[85.29709 85.29709 85.29709 85.29709 85.29709 85.29709 85.29709 85.29709
 85.29709 85.29709 85.29709 85.29709]",[ 11.    103.417  22.583],355.0,26,2021,6,16
"[72.86914 72.86914 72.86914 72.86914 72.86914 72.86914 72.86914 72.86914
 72.86914 72.86914 72.86914 72.86914]",[ 11.    103.417  22.583],355.0,27,2021,6,16
"[59.422035 59.422035 59.422035 59.422035 59.422035 59.422035 59.422035
 59.422035 59.422035 59.422035 59.422035 59.422035]",[ 11.    103.417  22.583],355.0,28,2021,6,16
"[63.640182 63.640182 63.640182 63.640182 63.640182 63.640182 63.640182
 63.640182 63.640182 63.640182 63.640182 63.640182]",[  1.    103.417  22.583],355.0,29,2021,6,16
"[81.13557 81.13557 81.13557 81.13557 81.13557 81.13557 81.13557 81.13557
 81.13557 81.13557 81.13557 81.13557]",[  0.    103.417  22.583],355.0,30,2021,6,16
"[85.29709 85.29709 85.29709 85.29709 85.29709 85.29709 85.29709 85.29709
 85.29709 85.29709 85.29709 85.29709]",[  0.    103.417  22.583],355.0,31,2021,6,16
"[78.24798 78.24798 78.24798 78.24798 78.24798 78.24798 78.24798 78.24798
 78.24798 78.24798 78.24798 78.24798]",[  0.    103.417  22.583],355.0,32,2021,6,16
"[75.89827 75.89827 75.89827 75.89827 75.89827 75.89827 75.89827 75.89827
 75.89827 75.89827 75.89827 75.89827]",[ 29.8   103.417  22.583],355.0,33,2021,6,16
"[78.38952 78.38952 78.38952 78.38952 78.38952 78.38952 78.38952 78.38952
 78.38952 78.38952 78.38952 78.38952]",[ 49.5   103.417  22.583],355.0,34,2021,6,16
"[83.541885 83.541885 83.541885 83.541885 83.541885 83.541885 83.541885
 83.541885 83.541885 83.541885 83.541885 83.541885]",[ 61.9   103.417  22.583],355.0,35,2021,6,16
"[72.21801 72.21801 72.21801 72.21801 72.21801 72.21801 72.21801 72.21801
 72.21801 72.21801 72.21801 72.21801]",[115.6   103.417  22.583],355.0,36,2021,6,16
"[49.740116 49.740116 49.740116 49.740116 49.740116 49.740116 49.740116
 49.740116 49.740116 49.740116 49.740116 49.740116]",[116.4   103.417  22.583],355.0,37,2021,6,16
"[46.03155 46.03155 46.03155 46.03155 46.03155 46.03155 46.03155 46.03155
 46.03155 46.03155 46.03155 46.03155]",[116.4   103.417  22.583],355.0,38,2021,6,16
"[47.98492 47.98492 47.98492 47.98492 47.98492 47.98492 47.98492 47.98492
 47.98492 47.98492 47.98492 47.98492]",[146.4   103.417  22.583],355.0,39,2021,6,16
"[46.937458 46.937458 46.937458 46.937458 46.937458 46.937458 46.937458
 46.937458 46.937458 46.937458 46.937458 46.937458]",[161.6   103.417  22.583],355.0,40,2021,6,16
"[61.913284 61.913284 61.913284 61.913284 61.913284 61.913284 61.913284
 61.913284 61.913284 61.913284 61.913284 61.913284]",[141.9   103.417  22.583],355.0,41,2021,6,16
"[79.72008 79.72008 79.72008 79.72008 79.72008 79.72008 79.72008 79.72008
 79.72008 79.72008 79.72008 79.72008]",[129.5   103.417  22.583],355.0,42,2021,6,16
"[111.54016 111.54016 111.54016 111.54016 111.54016 111.54016 111.54016
 111.54016 111.54016 111.54016 111.54016 111.54016]",[ 75.8   103.417  22.583],355.0,43,2021,6,16
"[117.62674 117.62674 117.62674 117.62674 117.62674 117.62674 117.62674
 117.62674 117.62674 117.62674 117.62674 117.62674]",[ 75.    103.417  22.583],355.0,44,2021,6,16
"[144.1246 144.1246 144.1246 144.1246 144.1246 144.1246 144.1246 144.1246
 144.1246 144.1246 144.1246 144.1246]",[ 79.2   103.417  22.583],355.0,45,2021,6,16
"[154.11794 154.11794 154.11794 154.11794 154.11794 154.11794 154.11794
 154.11794 154.11794 154.11794 154.11794 154.11794]",[111.9   103.417  22.583],355.0,46,2021,6,16
"[21.185863 21.185863 21.185863 21.185863 21.185863 21.185863 21.185863
 21.185863 21.185863 21.185863 21.185863 21.185863]",[114.7   103.417  22.583],355.0,7,2018,6,20
"[20.653555 20.653555 20.653555 20.653555 20.653555 20.653555 20.653555
 20.653555 20.653555 20.653555 20.653555 20.653555]",[115.    103.417  22.583],355.0,8,2018,6,20
"[22.94248 22.94248 22.94248 22.94248 22.94248 22.94248 22.94248 22.94248
 22.94248 22.94248 22.94248 22.94248]",[115.4   103.417  22.583],355.0,9,2018,6,20
"[22.756172 22.756172 22.756172 22.756172 22.756172 22.756172 22.756172
 22.756172 22.756172 22.756172 22.756172 22.756172]",[112.4   103.417  22.583],355.0,10,2018,6,20
"[20.201096 20.201096 20.201096 20.201096 20.201096 20.201096 20.201096
 20.201096 20.201096 20.201096 20.201096 20.201096]",[ 53.3   103.417  22.583],355.0,11,2018,6,20
"[16.767708 16.767708 16.767708 16.767708 16.767708 16.767708 16.767708
 16.767708 16.767708 16.767708 16.767708 16.767708]",[ 26.1   103.417  22.583],355.0,12,2018,6,20
"[29.516487 29.516487 29.516487 29.516487 29.516487 29.516487 29.516487
 29.516487 29.516487 29.516487 29.516487 29.516487]",[ 11.1   103.417  22.583],355.0,13,2018,6,20
"[30.76741 30.76741 30.76741 30.76741 30.76741 30.76741 30.76741 30.76741
 30.76741 30.76741 30.76741 30.76741]",[  5.5   103.417  22.583],355.0,14,2018,6,20
"[40.641727 40.641727 40.641727 40.641727 40.641727 40.641727 40.641727
 40.641727 40.641727 40.641727 40.641727 40.641727]",[  3.    103.417  22.583],355.0,15,2018,6,20
"[55.865738 55.865738 55.865738 55.865738 55.865738 55.865738 55.865738
 55.865738 55.865738 55.865738 55.865738 55.865738]",[  3.7   103.417  22.583],355.0,16,2018,6,20
"[73.139145 73.139145 73.139145 73.139145 73.139145 73.139145 73.139145
 73.139145 73.139145 73.139145 73.139145 73.139145]",[  2.    103.417  22.583],355.0,17,2018,6,20
"[111.86456 111.86456 111.86456 111.86456 111.86456 111.86456 111.86456
 111.86456 111.86456 111.86456 111.86456 111.86456]",[  6.7   103.417  22.583],355.0,18,2018,6,20
"[140.7955 140.7955 140.7955 140.7955 140.7955 140.7955 140.7955 140.7955
 140.7955 140.7955 140.7955 140.7955]",[  8.7   103.417  22.583],355.0,19,2018,6,20
"[143.0578 143.0578 143.0578 143.0578 143.0578 143.0578 143.0578 143.0578
 143.0578 143.0578 143.0578 143.0578]",[  8.4   103.417  22.583],355.0,20,2018,6,20
"[139.73088 139.73088 139.73088 139.73088 139.73088 139.73088 139.73088
 139.73088 139.73088 139.73088 139.73088 139.73088]",[ 10.9   103.417  22.583],355.0,21,2018,6,20
"[132.75764 132.75764 132.75764 132.75764 132.75764 132.75764 132.75764
 132.75764 132.75764 132.75764 132.75764 132.75764]",[ 10.9   103.417  22.583],355.0,22,2018,6,20
"[120.08872 120.08872 120.08872 120.08872 120.08872 120.08872 120.08872
 120.08872 120.08872 120.08872 120.08872 120.08872]",[  9.6   103.417  22.583],355.0,23,2018,6,20
"[107.845634 107.845634 107.845634 107.845634 107.845634 107.845634
 107.845634 107.845634 107.845634 107.845634 107.845634 107.845634]",[  9.6   103.417  22.583],355.0,24,2018,6,20
"[74.36345 74.36345 74.36345 74.36345 74.36345 74.36345 74.36345 74.36345
 74.36345 74.36345 74.36345 74.36345]",[ 10.5   103.417  22.583],355.0,25,2018,6,20
"[46.09788 46.09788 46.09788 46.09788 46.09788 46.09788 46.09788 46.09788
 46.09788 46.09788 46.09788 46.09788]",[  8.9   103.417  22.583],355.0,26,2018,6,20
"[32.257874 32.257874 32.257874 32.257874 32.257874 32.257874 32.257874
 32.257874 32.257874 32.257874 32.257874 32.257874]",[  8.9   103.417  22.583],355.0,27,2018,6,20
"[25.604023 25.604023 25.604023 25.604023 25.604023 25.604023 25.604023
 25.604023 25.604023 25.604023 25.604023 25.604023]",[ 13.4   103.417  22.583],355.0,28,2018,6,20
"[21.585096 21.585096 21.585096 21.585096 21.585096 21.585096 21.585096
 21.585096 21.585096 21.585096 21.585096 21.585096]",[ 25.8   103.417  22.583],355.0,29,2018,6,20
"[21.318943 21.318943 21.318943 21.318943 21.318943 21.318943 21.318943
 21.318943 21.318943 21.318943 21.318943 21.318943]",[ 44.3   103.417  22.583],355.0,30,2018,6,20
"[19.242939 19.242939 19.242939 19.242939 19.242939 19.242939 19.242939
 19.242939 19.242939 19.242939 19.242939 19.242939]",[ 50.2   103.417  22.583],355.0,31,2018,6,20
"[22.676327 22.676327 22.676327 22.676327 22.676327 22.676327 22.676327
 22.676327 22.676327 22.676327 22.676327 22.676327]",[ 44.2   103.417  22.583],355.0,32,2018,6,20
"[49.637733 49.637733 49.637733 49.637733 49.637733 49.637733 49.637733
 49.637733 49.637733 49.637733 49.637733 49.637733]",[ 66.5   103.417  22.583],355.0,33,2018,6,20
"[53.603436 53.603436 53.603436 53.603436 53.603436 53.603436 53.603436
 53.603436 53.603436 53.603436 53.603436 53.603436]",[ 66.5   103.417  22.583],355.0,34,2018,6,20
"[53.284046 53.284046 53.284046 53.284046 53.284046 53.284046 53.284046
 53.284046 53.284046 53.284046 53.284046 53.284046]",[ 59.5   103.417  22.583],355.0,35,2018,6,20
"[52.485588 52.485588 52.485588 52.485588 52.485588 52.485588 52.485588
 52.485588 52.485588 52.485588 52.485588 52.485588]",[ 78.    103.417  22.583],355.0,36,2018,6,20
"[48.147274 48.147274 48.147274 48.147274 48.147274 48.147274 48.147274
 48.147274 48.147274 48.147274 48.147274 48.147274]",[ 76.7   103.417  22.583],355.0,37,2018,6,20
"[60.496826 60.496826 60.496826 60.496826 60.496826 60.496826 60.496826
 60.496826 60.496826 60.496826 60.496826 60.496826]",[ 74.4   103.417  22.583],355.0,38,2018,6,20
"[62.892212 62.892212 62.892212 62.892212 62.892212 62.892212 62.892212
 62.892212 62.892212 62.892212 62.892212 62.892212]",[ 92.3   103.417  22.583],355.0,39,2018,6,20
"[43.83558 43.83558 43.83558 43.83558 43.83558 43.83558 43.83558 43.83558
 43.83558 43.83558 43.83558 43.83558]",[ 80.5   103.417  22.583],355.0,40,2018,6,20
"[40.295734 40.295734 40.295734 40.295734 40.295734 40.295734 40.295734
 40.295734 40.295734 40.295734 40.295734 40.295734]",[110.6   103.417  22.583],355.0,41,2018,6,20
"[43.063732 43.063732 43.063732 43.063732 43.063732 43.063732 43.063732
 43.063732 43.063732 43.063732 43.063732 43.063732]",[116.1   103.417  22.583],355.0,42,2018,6,20
"[51.34112 51.34112 51.34112 51.34112 51.34112 51.34112 51.34112 51.34112
 51.34112 51.34112 51.34112 51.34112]",[ 97.5   103.417  22.583],355.0,43,2018,6,20
"[78.88807 78.88807 78.88807 78.88807 78.88807 78.88807 78.88807 78.88807
 78.88807 78.88807 78.88807 78.88807]",[ 85.8   103.417  22.583],355.0,44,2018,6,20
"[72.234215 72.234215 72.234215 72.234215 72.234215 72.234215 72.234215
 72.234215 72.234215 72.234215 72.234215 72.234215]",[110.4   103.417  22.583],355.0,45,2018,6,20
"[64.24959 64.24959 64.24959 64.24959 64.24959 64.24959 64.24959 64.24959
 64.24959 64.24959 64.24959 64.24959]",[ 97.7   103.417  22.583],355.0,46,2018,6,20
"[15.011083 15.011083 15.011083 15.011083 15.011083 15.011083 15.011083
 15.011083 15.011083 15.011083 15.011083 15.011083]",[ 20.6   103.417  22.583],355.0,7,2019,6,20
"[14.904623 14.904623 14.904623 14.904623 14.904623 14.904623 14.904623
 14.904623 14.904623 14.904623 14.904623 14.904623]",[ 20.6   103.417  22.583],355.0,8,2019,6,20
"[15.277239 15.277239 15.277239 15.277239 15.277239 15.277239 15.277239
 15.277239 15.277239 15.277239 15.277239 15.277239]",[ 20.6   103.417  22.583],355.0,9,2019,6,20
"[38.99157 38.99157 38.99157 38.99157 38.99157 38.99157 38.99157 38.99157
 38.99157 38.99157 38.99157 38.99157]",[ 20.6   103.417  22.583],355.0,10,2019,6,20
"[51.900043 51.900043 51.900043 51.900043 51.900043 51.900043 51.900043
 51.900043 51.900043 51.900043 51.900043 51.900043]",[ 76.5   103.417  22.583],355.0,11,2019,6,20
"[51.474197 51.474197 51.474197 51.474197 51.474197 51.474197 51.474197
 51.474197 51.474197 51.474197 51.474197 51.474197]",[ 56.4   103.417  22.583],355.0,12,2019,6,20
"[78.22268 78.22268 78.22268 78.22268 78.22268 78.22268 78.22268 78.22268
 78.22268 78.22268 78.22268 78.22268]",[ 56.4   103.417  22.583],355.0,13,2019,6,20
"[106.674545 106.674545 106.674545 106.674545 106.674545 106.674545
 106.674545 106.674545 106.674545 106.674545 106.674545 106.674545]",[ 65.9   103.417  22.583],355.0,14,2019,6,20
"[120.30164 120.30164 120.30164 120.30164 120.30164 120.30164 120.30164
 120.30164 120.30164 120.30164 120.30164 120.30164]",[ 69.8   103.417  22.583],355.0,15,2019,6,20
"[135.6055 135.6055 135.6055 135.6055 135.6055 135.6055 135.6055 135.6055
 135.6055 135.6055 135.6055 135.6055]",[ 73.1   103.417  22.583],355.0,16,2019,6,20
"[116.522255 116.522255 116.522255 116.522255 116.522255 116.522255
 116.522255 116.522255 116.522255 116.522255 116.522255 116.522255]",[ 73.1   103.417  22.583],355.0,17,2019,6,20
"[97.22608 97.22608 97.22608 97.22608 97.22608 97.22608 97.22608 97.22608
 97.22608 97.22608 97.22608 97.22608]",[ 17.2   103.417  22.583],355.0,18,2019,6,20
"[97.22608 97.22608 97.22608 97.22608 97.22608 97.22608 97.22608 97.22608
 97.22608 97.22608 97.22608 97.22608]",[ 17.2   103.417  22.583],355.0,19,2019,6,20
"[83.253 83.253 83.253 83.253 83.253 83.253 83.253 83.253 83.253 83.253
 83.253 83.253]",[ 29.1   103.417  22.583],355.0,20,2019,6,20
"[62.146973 62.146973 62.146973 62.146973 62.146973 62.146973 62.146973
 62.146973 62.146973 62.146973 62.146973 62.146973]",[ 22.3   103.417  22.583],355.0,21,2019,6,20
"[60.124207 60.124207 60.124207 60.124207 60.124207 60.124207 60.124207
 60.124207 60.124207 60.124207 60.124207 60.124207]",[ 18.4   103.417  22.583],355.0,22,2019,6,20
"[59.51205 59.51205 59.51205 59.51205 59.51205 59.51205 59.51205 59.51205
 59.51205 59.51205 59.51205 59.51205]",[ 15.1   103.417  22.583],355.0,23,2019,6,20
"[72.420525 72.420525 72.420525 72.420525 72.420525 72.420525 72.420525
 72.420525 72.420525 72.420525 72.420525 72.420525]",[ 20.9   103.417  22.583],355.0,24,2019,6,20
"[94.271774 94.271774 94.271774 94.271774 94.271774 94.271774 94.271774
 94.271774 94.271774 94.271774 94.271774 94.271774]",[ 22.1   103.417  22.583],355.0,25,2019,6,20
"[108.005325 108.005325 108.005325 108.005325 108.005325 108.005325
 108.005325 108.005325 108.005325 108.005325 108.005325 108.005325]",[ 74.6   103.417  22.583],355.0,26,2019,6,20
"[107.925476 107.925476 107.925476 107.925476 107.925476 107.925476
 107.925476 107.925476 107.925476 107.925476 107.925476 107.925476]",[ 65.8   103.417  22.583],355.0,27,2019,6,20
"[115.989944 115.989944 115.989944 115.989944 115.989944 115.989944
 115.989944 115.989944 115.989944 115.989944 115.989944 115.989944]",[ 62.6   103.417  22.583],355.0,28,2019,6,20
"[114.65917 114.65917 114.65917 114.65917 114.65917 114.65917 114.65917
 114.65917 114.65917 114.65917 114.65917 114.65917]",[ 62.6   103.417  22.583],355.0,29,2019,6,20
"[102.149925 102.149925 102.149925 102.149925 102.149925 102.149925
 102.149925 102.149925 102.149925 102.149925 102.149925 102.149925]",[ 62.6   103.417  22.583],355.0,30,2019,6,20
"[87.37837 87.37837 87.37837 87.37837 87.37837 87.37837 87.37837 87.37837
 87.37837 87.37837 87.37837 87.37837]",[ 56.8   103.417  22.583],355.0,31,2019,6,20
"[66.3522 66.3522 66.3522 66.3522 66.3522 66.3522 66.3522 66.3522 66.3522
 66.3522 66.3522 66.3522]",[ 83.8   103.417  22.583],355.0,32,2019,6,20
"[50.941887 50.941887 50.941887 50.941887 50.941887 50.941887 50.941887
 50.941887 50.941887 50.941887 50.941887 50.941887]",[ 49.5   103.417  22.583],355.0,33,2019,6,20
"[49.37158 49.37158 49.37158 49.37158 49.37158 49.37158 49.37158 49.37158
 49.37158 49.37158 49.37158 49.37158]",[ 46.4   103.417  22.583],355.0,34,2019,6,20
"[64.16975 64.16975 64.16975 64.16975 64.16975 64.16975 64.16975 64.16975
 64.16975 64.16975 64.16975 64.16975]",[ 47.5   103.417  22.583],355.0,35,2019,6,20
"[101.0587 101.0587 101.0587 101.0587 101.0587 101.0587 101.0587 101.0587
 101.0587 101.0587 101.0587 101.0587]",[ 51.6   103.417  22.583],355.0,36,2019,6,20
"[125.67795 125.67795 125.67795 125.67795 125.67795 125.67795 125.67795
 125.67795 125.67795 125.67795 125.67795 125.67795]",[ 51.6   103.417  22.583],355.0,37,2019,6,20
"[130.20258 130.20258 130.20258 130.20258 130.20258 130.20258 130.20258
 130.20258 130.20258 130.20258 130.20258 130.20258]",[ 51.6   103.417  22.583],355.0,38,2019,6,20
"[137.30888 137.30888 137.30888 137.30888 137.30888 137.30888 137.30888
 137.30888 137.30888 137.30888 137.30888 137.30888]",[ 23.4   103.417  22.583],355.0,39,2019,6,20
"[135.28612 135.28612 135.28612 135.28612 135.28612 135.28612 135.28612
 135.28612 135.28612 135.28612 135.28612 135.28612]",[ 25.9   103.417  22.583],355.0,40,2019,6,20
"[123.81487 123.81487 123.81487 123.81487 123.81487 123.81487 123.81487
 123.81487 123.81487 123.81487 123.81487 123.81487]",[ 39.7   103.417  22.583],355.0,41,2019,6,20
"[93.15393 93.15393 93.15393 93.15393 93.15393 93.15393 93.15393 93.15393
 93.15393 93.15393 93.15393 93.15393]",[ 38.6   103.417  22.583],355.0,42,2019,6,20
"[51.287888 51.287888 51.287888 51.287888 51.287888 51.287888 51.287888
 51.287888 51.287888 51.287888 51.287888 51.287888]",[ 34.5   103.417  22.583],355.0,43,2019,6,20
"[51.128197 51.128197 51.128197 51.128197 51.128197 51.128197 51.128197
 51.128197 51.128197 51.128197 51.128197 51.128197]",[ 54.3   103.417  22.583],355.0,44,2019,6,20
"[58.367588 58.367588 58.367588 58.367588 58.367588 58.367588 58.367588
 58.367588 58.367588 58.367588 58.367588 58.367588]",[ 62.7   103.417  22.583],355.0,45,2019,6,20
"[69.9719 69.9719 69.9719 69.9719 69.9719 69.9719 69.9719 69.9719 69.9719
 69.9719 69.9719 69.9719]",[ 66.    103.417  22.583],355.0,46,2019,6,20
"[20.22771 20.22771 20.22771 20.22771 20.22771 20.22771 20.22771 20.22771
 20.22771 20.22771 20.22771 20.22771]",[  3.9   103.417  22.583],355.0,7,2020,6,20
"[20.547094 20.547094 20.547094 20.547094 20.547094 20.547094 20.547094
 20.547094 20.547094 20.547094 20.547094 20.547094]",[  3.9   103.417  22.583],355.0,8,2020,6,20
"[20.760017 20.760017 20.760017 20.760017 20.760017 20.760017 20.760017
 20.760017 20.760017 20.760017 20.760017 20.760017]",[  3.9   103.417  22.583],355.0,9,2020,6,20
"[20.866478 20.866478 20.866478 20.866478 20.866478 20.866478 20.866478
 20.866478 20.866478 20.866478 20.866478 20.866478]",[  3.9   103.417  22.583],355.0,10,2020,6,20
"[28.21233 28.21233 28.21233 28.21233 28.21233 28.21233 28.21233 28.21233
 28.21233 28.21233 28.21233 28.21233]",[  3.9   103.417  22.583],355.0,11,2020,6,20
"[34.919415 34.919415 34.919415 34.919415 34.919415 34.919415 34.919415
 34.919415 34.919415 34.919415 34.919415 34.919415]",[  3.9   103.417  22.583],355.0,12,2020,6,20
"[40.508648 40.508648 40.508648 40.508648 40.508648 40.508648 40.508648
 40.508648 40.508648 40.508648 40.508648 40.508648]",[ 34.4   103.417  22.583],355.0,13,2020,6,20
"[38.645573 38.645573 38.645573 38.645573 38.645573 38.645573 38.645573
 38.645573 38.645573 38.645573 38.645573 38.645573]",[ 75.2   103.417  22.583],355.0,14,2020,6,20
"[39.603725 39.603725 39.603725 39.603725 39.603725 39.603725 39.603725
 39.603725 39.603725 39.603725 39.603725 39.603725]",[ 75.2   103.417  22.583],355.0,15,2020,6,20
"[42.318497 42.318497 42.318497 42.318497 42.318497 42.318497 42.318497
 42.318497 42.318497 42.318497 42.318497 42.318497]",[ 75.2   103.417  22.583],355.0,16,2020,6,20
"[43.968655 43.968655 43.968655 43.968655 43.968655 43.968655 43.968655
 43.968655 43.968655 43.968655 43.968655 43.968655]",[ 75.2   103.417  22.583],355.0,17,2020,6,20
"[39.923115 39.923115 39.923115 39.923115 39.923115 39.923115 39.923115
 39.923115 39.923115 39.923115 39.923115 39.923115]",[ 77.4   103.417  22.583],355.0,18,2020,6,20
"[32.257874 32.257874 32.257874 32.257874 32.257874 32.257874 32.257874
 32.257874 32.257874 32.257874 32.257874 32.257874]",[ 77.4   103.417  22.583],355.0,19,2020,6,20
"[22.250479 22.250479 22.250479 22.250479 22.250479 22.250479 22.250479
 22.250479 22.250479 22.250479 22.250479 22.250479]",[ 65.2   103.417  22.583],355.0,20,2020,6,20
"[17.43309 17.43309 17.43309 17.43309 17.43309 17.43309 17.43309 17.43309
 17.43309 17.43309 17.43309 17.43309]",[ 31.    103.417  22.583],355.0,21,2020,6,20
"[20.44063 20.44063 20.44063 20.44063 20.44063 20.44063 20.44063 20.44063
 20.44063 20.44063 20.44063 20.44063]",[ 65.4   103.417  22.583],355.0,22,2020,6,20
"[23.474787 23.474787 23.474787 23.474787 23.474787 23.474787 23.474787
 23.474787 23.474787 23.474787 23.474787 23.474787]",[ 66.8   103.417  22.583],355.0,23,2020,6,20
"[33.162796 33.162796 33.162796 33.162796 33.162796 33.162796 33.162796
 33.162796 33.162796 33.162796 33.162796 33.162796]",[ 66.8   103.417  22.583],355.0,24,2020,6,20
"[42.291878 42.291878 42.291878 42.291878 42.291878 42.291878 42.291878
 42.291878 42.291878 42.291878 42.291878 42.291878]",[ 64.6   103.417  22.583],355.0,25,2020,6,20
"[47.90773 47.90773 47.90773 47.90773 47.90773 47.90773 47.90773 47.90773
 47.90773 47.90773 47.90773 47.90773]",[ 64.6   103.417  22.583],355.0,26,2020,6,20
"[48.466656 48.466656 48.466656 48.466656 48.466656 48.466656 48.466656
 48.466656 48.466656 48.466656 48.466656 48.466656]",[ 44.5   103.417  22.583],355.0,27,2020,6,20
"[46.949577 46.949577 46.949577 46.949577 46.949577 46.949577 46.949577
 46.949577 46.949577 46.949577 46.949577 46.949577]",[ 35.8   103.417  22.583],355.0,28,2020,6,20
"[42.37173 42.37173 42.37173 42.37173 42.37173 42.37173 42.37173 42.37173
 42.37173 42.37173 42.37173 42.37173]",[  5.    103.417  22.583],355.0,29,2020,6,20
"[37.607574 37.607574 37.607574 37.607574 37.607574 37.607574 37.607574
 37.607574 37.607574 37.607574 37.607574 37.607574]",[ 20.1   103.417  22.583],355.0,30,2020,6,20
"[29.809254 29.809254 29.809254 29.809254 29.809254 29.809254 29.809254
 29.809254 29.809254 29.809254 29.809254 29.809254]",[ 20.9   103.417  22.583],355.0,31,2020,6,20
"[24.459558 24.459558 24.459558 24.459558 24.459558 24.459558 24.459558
 24.459558 24.459558 24.459558 24.459558 24.459558]",[ 20.9   103.417  22.583],355.0,32,2020,6,20
"[25.258024 25.258024 25.258024 25.258024 25.258024 25.258024 25.258024
 25.258024 25.258024 25.258024 25.258024 25.258024]",[ 20.9   103.417  22.583],355.0,33,2020,6,20
"[39.79003 39.79003 39.79003 39.79003 39.79003 39.79003 39.79003 39.79003
 39.79003 39.79003 39.79003 39.79003]",[ 20.9   103.417  22.583],355.0,34,2020,6,20
"[54.641426 54.641426 54.641426 54.641426 54.641426 54.641426 54.641426
 54.641426 54.641426 54.641426 54.641426 54.641426]",[ 20.9   103.417  22.583],355.0,35,2020,6,20
"[60.629894 60.629894 60.629894 60.629894 60.629894 60.629894 60.629894
 60.629894 60.629894 60.629894 60.629894 60.629894]",[ 17.3   103.417  22.583],355.0,36,2020,6,20
"[62.20021 62.20021 62.20021 62.20021 62.20021 62.20021 62.20021 62.20021
 62.20021 62.20021 62.20021 62.20021]",[ 11.8   103.417  22.583],355.0,37,2020,6,20
"[60.683125 60.683125 60.683125 60.683125 60.683125 60.683125 60.683125
 60.683125 60.683125 60.683125 60.683125 60.683125]",[ 22.4   103.417  22.583],355.0,38,2020,6,20
"[55.20035 55.20035 55.20035 55.20035 55.20035 55.20035 55.20035 55.20035
 55.20035 55.20035 55.20035 55.20035]",[ 22.4   103.417  22.583],355.0,39,2020,6,20
"[51.660503 51.660503 51.660503 51.660503 51.660503 51.660503 51.660503
 51.660503 51.660503 51.660503 51.660503 51.660503]",[ 22.4   103.417  22.583],355.0,40,2020,6,20
"[41.94588 41.94588 41.94588 41.94588 41.94588 41.94588 41.94588 41.94588
 41.94588 41.94588 41.94588 41.94588]",[ 22.4   103.417  22.583],355.0,41,2020,6,20
"[26.083097 26.083097 26.083097 26.083097 26.083097 26.083097 26.083097
 26.083097 26.083097 26.083097 26.083097 26.083097]",[ 22.4   103.417  22.583],355.0,42,2020,6,20
"[19.50909 19.50909 19.50909 19.50909 19.50909 19.50909 19.50909 19.50909
 19.50909 19.50909 19.50909 19.50909]",[ 25.5   103.417  22.583],355.0,43,2020,6,20
"[16.528168 16.528168 16.528168 16.528168 16.528168 16.528168 16.528168
 16.528168 16.528168 16.528168 16.528168 16.528168]",[ 17.7   103.417  22.583],355.0,44,2020,6,20
"[14.292475 14.292475 14.292475 14.292475 14.292475 14.292475 14.292475
 14.292475 14.292475 14.292475 14.292475 14.292475]",[  8.3   103.417  22.583],355.0,45,2020,6,20
"[15.224015 15.224015 15.224015 15.224015 15.224015 15.224015 15.224015
 15.224015 15.224015 15.224015 15.224015 15.224015]",[ 31.2   103.417  22.583],355.0,46,2020,6,20
"[22.01094 22.01094 22.01094 22.01094 22.01094 22.01094 22.01094 22.01094
 22.01094 22.01094 22.01094 22.01094]",[  1.8   103.417  22.583],355.0,7,2021,6,20
"[22.490019 22.490019 22.490019 22.490019 22.490019 22.490019 22.490019
 22.490019 22.490019 22.490019 22.490019 22.490019]",[  1.8   103.417  22.583],355.0,8,2021,6,20
"[18.976784 18.976784 18.976784 18.976784 18.976784 18.976784 18.976784
 18.976784 18.976784 18.976784 18.976784 18.976784]",[  1.8   103.417  22.583],355.0,9,2021,6,20
"[18.923552 18.923552 18.923552 18.923552 18.923552 18.923552 18.923552
 18.923552 18.923552 18.923552 18.923552 18.923552]",[  8.5   103.417  22.583],355.0,10,2021,6,20
"[16.794321 16.794321 16.794321 16.794321 16.794321 16.794321 16.794321
 16.794321 16.794321 16.794321 16.794321 16.794321]",[  8.5   103.417  22.583],355.0,11,2021,6,20
"[19.775248 19.775248 19.775248 19.775248 19.775248 19.775248 19.775248
 19.775248 19.775248 19.775248 19.775248 19.775248]",[ 17.3   103.417  22.583],355.0,12,2021,6,20
"[27.014637 27.014637 27.014637 27.014637 27.014637 27.014637 27.014637
 27.014637 27.014637 27.014637 27.014637 27.014637]",[ 16.    103.417  22.583],355.0,13,2021,6,20
"[46.57696 46.57696 46.57696 46.57696 46.57696 46.57696 46.57696 46.57696
 46.57696 46.57696 46.57696 46.57696]",[ 16.    103.417  22.583],355.0,14,2021,6,20
"[50.17004 50.17004 50.17004 50.17004 50.17004 50.17004 50.17004 50.17004
 50.17004 50.17004 50.17004 50.17004]",[ 16.    103.417  22.583],355.0,15,2021,6,20
"[56.584354 56.584354 56.584354 56.584354 56.584354 56.584354 56.584354
 56.584354 56.584354 56.584354 56.584354 56.584354]",[ 16.    103.417  22.583],355.0,16,2021,6,20
"[56.291588 56.291588 56.291588 56.291588 56.291588 56.291588 56.291588
 56.291588 56.291588 56.291588 56.291588 56.291588]",[  9.3   103.417  22.583],355.0,17,2021,6,20
"[66.80467 66.80467 66.80467 66.80467 66.80467 66.80467 66.80467 66.80467
 66.80467 66.80467 66.80467 66.80467]",[ 19.3   103.417  22.583],355.0,18,2021,6,20
"[65.92636 65.92636 65.92636 65.92636 65.92636 65.92636 65.92636 65.92636
 65.92636 65.92636 65.92636 65.92636]",[ 11.5   103.417  22.583],355.0,19,2021,6,20
"[79.92607 79.92607 79.92607 79.92607 79.92607 79.92607 79.92607 79.92607
 79.92607 79.92607 79.92607 79.92607]",[ 11.    103.417  22.583],355.0,20,2021,6,20
"[73.83115 73.83115 73.83115 73.83115 73.83115 73.83115 73.83115 73.83115
 73.83115 73.83115 73.83115 73.83115]",[ 11.    103.417  22.583],355.0,21,2021,6,20
"[83.06669 83.06669 83.06669 83.06669 83.06669 83.06669 83.06669 83.06669
 83.06669 83.06669 83.06669 83.06669]",[ 11.    103.417  22.583],355.0,22,2021,6,20
"[84.50392 84.50392 84.50392 84.50392 84.50392 84.50392 84.50392 84.50392
 84.50392 84.50392 84.50392 84.50392]",[ 11.    103.417  22.583],355.0,23,2021,6,20
"[95.78886 95.78886 95.78886 95.78886 95.78886 95.78886 95.78886 95.78886
 95.78886 95.78886 95.78886 95.78886]",[ 11.    103.417  22.583],355.0,24,2021,6,20
"[103.87994 103.87994 103.87994 103.87994 103.87994 103.87994 103.87994
 103.87994 103.87994 103.87994 103.87994 103.87994]",[  1.    103.417  22.583],355.0,25,2021,6,20
"[127.91365 127.91365 127.91365 127.91365 127.91365 127.91365 127.91365
 127.91365 127.91365 127.91365 127.91365 127.91365]",[  0.    103.417  22.583],355.0,26,2021,6,20
"[117.400566 117.400566 117.400566 117.400566 117.400566 117.400566
 117.400566 117.400566 117.400566 117.400566 117.400566 117.400566]",[  0.    103.417  22.583],355.0,27,2021,6,20
"[115.08502 115.08502 115.08502 115.08502 115.08502 115.08502 115.08502
 115.08502 115.08502 115.08502 115.08502 115.08502]",[  0.    103.417  22.583],355.0,28,2021,6,20
"[110.34747 110.34747 110.34747 110.34747 110.34747 110.34747 110.34747
 110.34747 110.34747 110.34747 110.34747 110.34747]",[ 29.8   103.417  22.583],355.0,29,2021,6,20
"[109.73532 109.73532 109.73532 109.73532 109.73532 109.73532 109.73532
 109.73532 109.73532 109.73532 109.73532 109.73532]",[ 49.5   103.417  22.583],355.0,30,2021,6,20
"[99.195625 99.195625 99.195625 99.195625 99.195625 99.195625 99.195625
 99.195625 99.195625 99.195625 99.195625 99.195625]",[ 61.9   103.417  22.583],355.0,31,2021,6,20
"[80.59145 80.59145 80.59145 80.59145 80.59145 80.59145 80.59145 80.59145
 80.59145 80.59145 80.59145 80.59145]",[115.6   103.417  22.583],355.0,32,2021,6,20
"[54.401894 54.401894 54.401894 54.401894 54.401894 54.401894 54.401894
 54.401894 54.401894 54.401894 54.401894 54.401894]",[116.4   103.417  22.583],355.0,33,2021,6,20
"[101.32486 101.32486 101.32486 101.32486 101.32486 101.32486 101.32486
 101.32486 101.32486 101.32486 101.32486 101.32486]",[116.4   103.417  22.583],355.0,34,2021,6,20
"[110.13456 110.13456 110.13456 110.13456 110.13456 110.13456 110.13456
 110.13456 110.13456 110.13456 110.13456 110.13456]",[146.4   103.417  22.583],355.0,35,2021,6,20
"[105.29056 105.29056 105.29056 105.29056 105.29056 105.29056 105.29056
 105.29056 105.29056 105.29056 105.29056 105.29056]",[161.6   103.417  22.583],355.0,36,2021,6,20
"[119.58302 119.58302 119.58302 119.58302 119.58302 119.58302 119.58302
 119.58302 119.58302 119.58302 119.58302 119.58302]",[141.9   103.417  22.583],355.0,37,2021,6,20
"[167.89 167.89 167.89 167.89 167.89 167.89 167.89 167.89 167.89 167.89
 167.89 167.89]",[129.5   103.417  22.583],355.0,38,2021,6,20
"[212.84341 212.84341 212.84341 212.84341 212.84341 212.84341 212.84341
 212.84341 212.84341 212.84341 212.84341 212.84341]",[ 75.8   103.417  22.583],355.0,39,2021,6,20
"[228.94572 228.94572 228.94572 228.94572 228.94572 228.94572 228.94572
 228.94572 228.94572 228.94572 228.94572 228.94572]",[ 75.    103.417  22.583],355.0,40,2021,6,20
"[176.35368 176.35368 176.35368 176.35368 176.35368 176.35368 176.35368
 176.35368 176.35368 176.35368 176.35368 176.35368]",[ 79.2   103.417  22.583],355.0,41,2021,6,20
"[154.26291 154.26291 154.26291 154.26291 154.26291 154.26291 154.26291
 154.26291 154.26291 154.26291 154.26291 154.26291]",[111.9   103.417  22.583],355.0,42,2021,6,20
"[151.41505 151.41505 151.41505 151.41505 151.41505 151.41505 151.41505
 151.41505 151.41505 151.41505 151.41505 151.41505]",[ 66.9   103.417  22.583],355.0,43,2021,6,20
"[131.69304 131.69304 131.69304 131.69304 131.69304 131.69304 131.69304
 131.69304 131.69304 131.69304 131.69304 131.69304]",[100.5   103.417  22.583],355.0,44,2021,6,20
"[84.87653 84.87653 84.87653 84.87653 84.87653 84.87653 84.87653 84.87653
 84.87653 84.87653 84.87653 84.87653]",[100.5   103.417  22.583],355.0,45,2021,6,20
"[50.888664 50.888664 50.888664 50.888664 50.888664 50.888664 50.888664
 50.888664 50.888664 50.888664 50.888664 50.888664]",[100.5   103.417  22.583],355.0,46,2021,6,20
"[29.526632 29.526632 29.526632 29.526632 29.526632 29.526632 29.526632
 29.526632 29.526632 29.526632 29.526632 29.526632]",[112.4   103.417  22.583],355.0,7,2018,6,23
"[27.916088 27.916088 27.916088 27.916088 27.916088 27.916088 27.916088
 27.916088 27.916088 27.916088 27.916088 27.916088]",[ 53.3   103.417  22.583],355.0,8,2018,6,23
"[26.332386 26.332386 26.332386 26.332386 26.332386 26.332386 26.332386
 26.332386 26.332386 26.332386 26.332386 26.332386]",[ 26.1   103.417  22.583],355.0,9,2018,6,23
"[24.963423 24.963423 24.963423 24.963423 24.963423 24.963423 24.963423
 24.963423 24.963423 24.963423 24.963423 24.963423]",[ 11.1   103.417  22.583],355.0,10,2018,6,23
"[16.212803 16.212803 16.212803 16.212803 16.212803 16.212803 16.212803
 16.212803 16.212803 16.212803 16.212803 16.212803]",[  5.5   103.417  22.583],355.0,11,2018,6,23
"[3.0331883 3.0331883 3.0331883 3.0331883 3.0331883 3.0331883 3.0331883
 3.0331883 3.0331883 3.0331883 3.0331883 3.0331883]",[  3.    103.417  22.583],355.0,12,2018,6,23
"[3.4626665 3.4626665 3.4626665 3.4626665 3.4626665 3.4626665 3.4626665
 3.4626665 3.4626665 3.4626665 3.4626665 3.4626665]",[  3.7   103.417  22.583],355.0,13,2018,6,23
"[9.797472 9.797472 9.797472 9.797472 9.797472 9.797472 9.797472 9.797472
 9.797472 9.797472 9.797472 9.797472]",[  2.    103.417  22.583],355.0,14,2018,6,23
"[11.810652 11.810652 11.810652 11.810652 11.810652 11.810652 11.810652
 11.810652 11.810652 11.810652 11.810652 11.810652]",[  6.7   103.417  22.583],355.0,15,2018,6,23
"[13.528564 13.528564 13.528564 13.528564 13.528564 13.528564 13.528564
 13.528564 13.528564 13.528564 13.528564 13.528564]",[  8.7   103.417  22.583],355.0,16,2018,6,23
"[14.843842 14.843842 14.843842 14.843842 14.843842 14.843842 14.843842
 14.843842 14.843842 14.843842 14.843842 14.843842]",[  8.4   103.417  22.583],355.0,17,2018,6,23
"[16.910706 16.910706 16.910706 16.910706 16.910706 16.910706 16.910706
 16.910706 16.910706 16.910706 16.910706 16.910706]",[ 10.9   103.417  22.583],355.0,18,2018,6,23
"[18.682304 18.682304 18.682304 18.682304 18.682304 18.682304 18.682304
 18.682304 18.682304 18.682304 18.682304 18.682304]",[ 10.9   103.417  22.583],355.0,19,2018,6,23
"[28.265038 28.265038 28.265038 28.265038 28.265038 28.265038 28.265038
 28.265038 28.265038 28.265038 28.265038 28.265038]",[  9.6   103.417  22.583],355.0,20,2018,6,23
"[25.231846 25.231846 25.231846 25.231846 25.231846 25.231846 25.231846
 25.231846 25.231846 25.231846 25.231846 25.231846]",[  9.6   103.417  22.583],355.0,21,2018,6,23
"[34.653522 34.653522 34.653522 34.653522 34.653522 34.653522 34.653522
 34.653522 34.653522 34.653522 34.653522 34.653522]",[ 10.5   103.417  22.583],355.0,22,2018,6,23
"[89.08989 89.08989 89.08989 89.08989 89.08989 89.08989 89.08989 89.08989
 89.08989 89.08989 89.08989 89.08989]",[  8.9   103.417  22.583],355.0,23,2018,6,23
"[174.6366 174.6366 174.6366 174.6366 174.6366 174.6366 174.6366 174.6366
 174.6366 174.6366 174.6366 174.6366]",[  8.9   103.417  22.583],355.0,24,2018,6,23
"[243.51418 243.51418 243.51418 243.51418 243.51418 243.51418 243.51418
 243.51418 243.51418 243.51418 243.51418 243.51418]",[ 13.4   103.417  22.583],355.0,25,2018,6,23
"[249.31213 249.31213 249.31213 249.31213 249.31213 249.31213 249.31213
 249.31213 249.31213 249.31213 249.31213 249.31213]",[ 25.8   103.417  22.583],355.0,26,2018,6,23
"[253.87534 253.87534 253.87534 253.87534 253.87534 253.87534 253.87534
 253.87534 253.87534 253.87534 253.87534 253.87534]",[ 44.3   103.417  22.583],355.0,27,2018,6,23
"[307.77484 307.77484 307.77484 307.77484 307.77484 307.77484 307.77484
 307.77484 307.77484 307.77484 307.77484 307.77484]",[ 50.2   103.417  22.583],355.0,28,2018,6,23
"[378.61194 378.61194 378.61194 378.61194 378.61194 378.61194 378.61194
 378.61194 378.61194 378.61194 378.61194 378.61194]",[ 44.2   103.417  22.583],355.0,29,2018,6,23
"[341.9452 341.9452 341.9452 341.9452 341.9452 341.9452 341.9452 341.9452
 341.9452 341.9452 341.9452 341.9452]",[ 66.5   103.417  22.583],355.0,30,2018,6,23
"[259.56592 259.56592 259.56592 259.56592 259.56592 259.56592 259.56592
 259.56592 259.56592 259.56592 259.56592 259.56592]",[ 66.5   103.417  22.583],355.0,31,2018,6,23
"[206.12273 206.12273 206.12273 206.12273 206.12273 206.12273 206.12273
 206.12273 206.12273 206.12273 206.12273 206.12273]",[ 59.5   103.417  22.583],355.0,32,2018,6,23
"[209.82698 209.82698 209.82698 209.82698 209.82698 209.82698 209.82698
 209.82698 209.82698 209.82698 209.82698 209.82698]",[ 78.    103.417  22.583],355.0,33,2018,6,23
"[214.30966 214.30966 214.30966 214.30966 214.30966 214.30966 214.30966
 214.30966 214.30966 214.30966 214.30966 214.30966]",[ 76.7   103.417  22.583],355.0,34,2018,6,23
"[172.78447 172.78447 172.78447 172.78447 172.78447 172.78447 172.78447
 172.78447 172.78447 172.78447 172.78447 172.78447]",[ 74.4   103.417  22.583],355.0,35,2018,6,23
"[97.78683 97.78683 97.78683 97.78683 97.78683 97.78683 97.78683 97.78683
 97.78683 97.78683 97.78683 97.78683]",[ 92.3   103.417  22.583],355.0,36,2018,6,23
"[83.640884 83.640884 83.640884 83.640884 83.640884 83.640884 83.640884
 83.640884 83.640884 83.640884 83.640884 83.640884]",[ 80.5   103.417  22.583],355.0,37,2018,6,23
"[79.61453 79.61453 79.61453 79.61453 79.61453 79.61453 79.61453 79.61453
 79.61453 79.61453 79.61453 79.61453]",[110.6   103.417  22.583],355.0,38,2018,6,23
"[62.83804 62.83804 62.83804 62.83804 62.83804 62.83804 62.83804 62.83804
 62.83804 62.83804 62.83804 62.83804]",[116.1   103.417  22.583],355.0,39,2018,6,23
"[60.04643 60.04643 60.04643 60.04643 60.04643 60.04643 60.04643 60.04643
 60.04643 60.04643 60.04643 60.04643]",[ 97.5   103.417  22.583],355.0,40,2018,6,23
"[52.503716 52.503716 52.503716 52.503716 52.503716 52.503716 52.503716
 52.503716 52.503716 52.503716 52.503716 52.503716]",[ 85.8   103.417  22.583],355.0,41,2018,6,23
"[40.478325 40.478325 40.478325 40.478325 40.478325 40.478325 40.478325
 40.478325 40.478325 40.478325 40.478325 40.478325]",[110.4   103.417  22.583],355.0,42,2018,6,23
"[34.009308 34.009308 34.009308 34.009308 34.009308 34.009308 34.009308
 34.009308 34.009308 34.009308 34.009308 34.009308]",[ 97.7   103.417  22.583],355.0,43,2018,6,23
"[29.123991 29.123991 29.123991 29.123991 29.123991 29.123991 29.123991
 29.123991 29.123991 29.123991 29.123991 29.123991]",[ 98.8   103.417  22.583],355.0,44,2018,6,23
"[34.59984 34.59984 34.59984 34.59984 34.59984 34.59984 34.59984 34.59984
 34.59984 34.59984 34.59984 34.59984]",[ 72.3   103.417  22.583],355.0,45,2018,6,23
"[42.84045 42.84045 42.84045 42.84045 42.84045 42.84045 42.84045 42.84045
 42.84045 42.84045 42.84045 42.84045]",[ 68.8   103.417  22.583],355.0,46,2018,6,23
"[31.808233 31.808233 31.808233 31.808233 31.808233 31.808233 31.808233
 31.808233 31.808233 31.808233 31.808233 31.808233]",[ 20.6   103.417  22.583],355.0,7,2019,6,23
"[29.177677 29.177677 29.177677 29.177677 29.177677 29.177677 29.177677
 29.177677 29.177677 29.177677 29.177677 29.177677]",[ 76.5   103.417  22.583],355.0,8,2019,6,23
"[39.29726 39.29726 39.29726 39.29726 39.29726 39.29726 39.29726 39.29726
 39.29726 39.29726 39.29726 39.29726]",[ 56.4   103.417  22.583],355.0,9,2019,6,23
"[67.61598 67.61598 67.61598 67.61598 67.61598 67.61598 67.61598 67.61598
 67.61598 67.61598 67.61598 67.61598]",[ 56.4   103.417  22.583],355.0,10,2019,6,23
"[120.8176 120.8176 120.8176 120.8176 120.8176 120.8176 120.8176 120.8176
 120.8176 120.8176 120.8176 120.8176]",[ 65.9   103.417  22.583],355.0,11,2019,6,23
"[144.46574 144.46574 144.46574 144.46574 144.46574 144.46574 144.46574
 144.46574 144.46574 144.46574 144.46574 144.46574]",[ 69.8   103.417  22.583],355.0,12,2019,6,23
"[151.17635 151.17635 151.17635 151.17635 151.17635 151.17635 151.17635
 151.17635 151.17635 151.17635 151.17635 151.17635]",[ 73.1   103.417  22.583],355.0,13,2019,6,23
"[149.00212 149.00212 149.00212 149.00212 149.00212 149.00212 149.00212
 149.00212 149.00212 149.00212 149.00212 149.00212]",[ 73.1   103.417  22.583],355.0,14,2019,6,23
"[137.13779 137.13779 137.13779 137.13779 137.13779 137.13779 137.13779
 137.13779 137.13779 137.13779 137.13779 137.13779]",[ 17.2   103.417  22.583],355.0,15,2019,6,23
"[127.90399 127.90399 127.90399 127.90399 127.90399 127.90399 127.90399
 127.90399 127.90399 127.90399 127.90399 127.90399]",[ 17.2   103.417  22.583],355.0,16,2019,6,23
"[106.510605 106.510605 106.510605 106.510605 106.510605 106.510605
 106.510605 106.510605 106.510605 106.510605 106.510605 106.510605]",[ 29.1   103.417  22.583],355.0,17,2019,6,23
"[58.945892 58.945892 58.945892 58.945892 58.945892 58.945892 58.945892
 58.945892 58.945892 58.945892 58.945892 58.945892]",[ 22.3   103.417  22.583],355.0,18,2019,6,23
"[38.41146 38.41146 38.41146 38.41146 38.41146 38.41146 38.41146 38.41146
 38.41146 38.41146 38.41146 38.41146]",[ 18.4   103.417  22.583],355.0,19,2019,6,23
"[32.747715 32.747715 32.747715 32.747715 32.747715 32.747715 32.747715
 32.747715 32.747715 32.747715 32.747715 32.747715]",[ 15.1   103.417  22.583],355.0,20,2019,6,23
"[37.41829 37.41829 37.41829 37.41829 37.41829 37.41829 37.41829 37.41829
 37.41829 37.41829 37.41829 37.41829]",[ 20.9   103.417  22.583],355.0,21,2019,6,23
"[42.652557 42.652557 42.652557 42.652557 42.652557 42.652557 42.652557
 42.652557 42.652557 42.652557 42.652557 42.652557]",[ 22.1   103.417  22.583],355.0,22,2019,6,23
"[38.626198 38.626198 38.626198 38.626198 38.626198 38.626198 38.626198
 38.626198 38.626198 38.626198 38.626198 38.626198]",[ 74.6   103.417  22.583],355.0,23,2019,6,23
"[31.56665 31.56665 31.56665 31.56665 31.56665 31.56665 31.56665 31.56665
 31.56665 31.56665 31.56665 31.56665]",[ 65.8   103.417  22.583],355.0,24,2019,6,23
"[27.164497 27.164497 27.164497 27.164497 27.164497 27.164497 27.164497
 27.164497 27.164497 27.164497 27.164497 27.164497]",[ 62.6   103.417  22.583],355.0,25,2019,6,23
"[28.184511 28.184511 28.184511 28.184511 28.184511 28.184511 28.184511
 28.184511 28.184511 28.184511 28.184511 28.184511]",[ 62.6   103.417  22.583],355.0,26,2019,6,23
"[35.646698 35.646698 35.646698 35.646698 35.646698 35.646698 35.646698
 35.646698 35.646698 35.646698 35.646698 35.646698]",[ 62.6   103.417  22.583],355.0,27,2019,6,23
"[39.61937 39.61937 39.61937 39.61937 39.61937 39.61937 39.61937 39.61937
 39.61937 39.61937 39.61937 39.61937]",[ 56.8   103.417  22.583],355.0,28,2019,6,23
"[54.89269 54.89269 54.89269 54.89269 54.89269 54.89269 54.89269 54.89269
 54.89269 54.89269 54.89269 54.89269]",[ 83.8   103.417  22.583],355.0,29,2019,6,23
"[66.13965 66.13965 66.13965 66.13965 66.13965 66.13965 66.13965 66.13965
 66.13965 66.13965 66.13965 66.13965]",[ 49.5   103.417  22.583],355.0,30,2019,6,23
"[87.18408 87.18408 87.18408 87.18408 87.18408 87.18408 87.18408 87.18408
 87.18408 87.18408 87.18408 87.18408]",[ 46.4   103.417  22.583],355.0,31,2019,6,23
"[109.3559 109.3559 109.3559 109.3559 109.3559 109.3559 109.3559 109.3559
 109.3559 109.3559 109.3559 109.3559]",[ 47.5   103.417  22.583],355.0,32,2019,6,23
"[127.635574 127.635574 127.635574 127.635574 127.635574 127.635574
 127.635574 127.635574 127.635574 127.635574 127.635574 127.635574]",[ 51.6   103.417  22.583],355.0,33,2019,6,23
"[137.67462 137.67462 137.67462 137.67462 137.67462 137.67462 137.67462
 137.67462 137.67462 137.67462 137.67462 137.67462]",[ 51.6   103.417  22.583],355.0,34,2019,6,23
"[140.2515 140.2515 140.2515 140.2515 140.2515 140.2515 140.2515 140.2515
 140.2515 140.2515 140.2515 140.2515]",[ 51.6   103.417  22.583],355.0,35,2019,6,23
"[139.49991 139.49991 139.49991 139.49991 139.49991 139.49991 139.49991
 139.49991 139.49991 139.49991 139.49991 139.49991]",[ 23.4   103.417  22.583],355.0,36,2019,6,23
"[149.35106 149.35106 149.35106 149.35106 149.35106 149.35106 149.35106
 149.35106 149.35106 149.35106 149.35106 149.35106]",[ 25.9   103.417  22.583],355.0,37,2019,6,23
"[139.84886 139.84886 139.84886 139.84886 139.84886 139.84886 139.84886
 139.84886 139.84886 139.84886 139.84886 139.84886]",[ 39.7   103.417  22.583],355.0,38,2019,6,23
"[125.21975 125.21975 125.21975 125.21975 125.21975 125.21975 125.21975
 125.21975 125.21975 125.21975 125.21975 125.21975]",[ 38.6   103.417  22.583],355.0,39,2019,6,23
"[101.70582 101.70582 101.70582 101.70582 101.70582 101.70582 101.70582
 101.70582 101.70582 101.70582 101.70582 101.70582]",[ 34.5   103.417  22.583],355.0,40,2019,6,23
"[80.2319 80.2319 80.2319 80.2319 80.2319 80.2319 80.2319 80.2319 80.2319
 80.2319 80.2319 80.2319]",[ 54.3   103.417  22.583],355.0,41,2019,6,23
"[69.065475 69.065475 69.065475 69.065475 69.065475 69.065475 69.065475
 69.065475 69.065475 69.065475 69.065475 69.065475]",[ 62.7   103.417  22.583],355.0,42,2019,6,23
"[53.818993 53.818993 53.818993 53.818993 53.818993 53.818993 53.818993
 53.818993 53.818993 53.818993 53.818993 53.818993]",[ 66.    103.417  22.583],355.0,43,2019,6,23
"[57.362183 57.362183 57.362183 57.362183 57.362183 57.362183 57.362183
 57.362183 57.362183 57.362183 57.362183 57.362183]",[ 45.3   103.417  22.583],355.0,44,2019,6,23
"[69.62916 69.62916 69.62916 69.62916 69.62916 69.62916 69.62916 69.62916
 69.62916 69.62916 69.62916 69.62916]",[ 31.5   103.417  22.583],355.0,45,2019,6,23
"[69.4681 69.4681 69.4681 69.4681 69.4681 69.4681 69.4681 69.4681 69.4681
 69.4681 69.4681 69.4681]",[ 34.8   103.417  22.583],355.0,46,2019,6,23
"[8.213774 8.213774 8.213774 8.213774 8.213774 8.213774 8.213774 8.213774
 8.213774 8.213774 8.213774 8.213774]",[  3.9   103.417  22.583],355.0,7,2020,6,23
"[11.595914 11.595914 11.595914 11.595914 11.595914 11.595914 11.595914
 11.595914 11.595914 11.595914 11.595914 11.595914]",[  3.9   103.417  22.583],355.0,8,2020,6,23
"[13.716462 13.716462 13.716462 13.716462 13.716462 13.716462 13.716462
 13.716462 13.716462 13.716462 13.716462 13.716462]",[  3.9   103.417  22.583],355.0,9,2020,6,23
"[19.058096 19.058096 19.058096 19.058096 19.058096 19.058096 19.058096
 19.058096 19.058096 19.058096 19.058096 19.058096]",[ 34.4   103.417  22.583],355.0,10,2020,6,23
"[24.641315 24.641315 24.641315 24.641315 24.641315 24.641315 24.641315
 24.641315 24.641315 24.641315 24.641315 24.641315]",[ 75.2   103.417  22.583],355.0,11,2020,6,23
"[35.16353 35.16353 35.16353 35.16353 35.16353 35.16353 35.16353 35.16353
 35.16353 35.16353 35.16353 35.16353]",[ 75.2   103.417  22.583],355.0,12,2020,6,23
"[41.47149 41.47149 41.47149 41.47149 41.47149 41.47149 41.47149 41.47149
 41.47149 41.47149 41.47149 41.47149]",[ 75.2   103.417  22.583],355.0,13,2020,6,23
"[47.994194 47.994194 47.994194 47.994194 47.994194 47.994194 47.994194
 47.994194 47.994194 47.994194 47.994194 47.994194]",[ 75.2   103.417  22.583],355.0,14,2020,6,23
"[54.03373 54.03373 54.03373 54.03373 54.03373 54.03373 54.03373 54.03373
 54.03373 54.03373 54.03373 54.03373]",[ 77.4   103.417  22.583],355.0,15,2020,6,23
"[61.308014 61.308014 61.308014 61.308014 61.308014 61.308014 61.308014
 61.308014 61.308014 61.308014 61.308014 61.308014]",[ 77.4   103.417  22.583],355.0,16,2020,6,23
"[55.536903 55.536903 55.536903 55.536903 55.536903 55.536903 55.536903
 55.536903 55.536903 55.536903 55.536903 55.536903]",[ 65.2   103.417  22.583],355.0,17,2020,6,23
"[59.616947 59.616947 59.616947 59.616947 59.616947 59.616947 59.616947
 59.616947 59.616947 59.616947 59.616947 59.616947]",[ 31.    103.417  22.583],355.0,18,2020,6,23
"[59.83169 59.83169 59.83169 59.83169 59.83169 59.83169 59.83169 59.83169
 59.83169 59.83169 59.83169 59.83169]",[ 65.4   103.417  22.583],355.0,19,2020,6,23
"[60.71749 60.71749 60.71749 60.71749 60.71749 60.71749 60.71749 60.71749
 60.71749 60.71749 60.71749 60.71749]",[ 66.8   103.417  22.583],355.0,20,2020,6,23
"[66.08597 66.08597 66.08597 66.08597 66.08597 66.08597 66.08597 66.08597
 66.08597 66.08597 66.08597 66.08597]",[ 66.8   103.417  22.583],355.0,21,2020,6,23
"[68.01862 68.01862 68.01862 68.01862 68.01862 68.01862 68.01862 68.01862
 68.01862 68.01862 68.01862 68.01862]",[ 64.6   103.417  22.583],355.0,22,2020,6,23
"[70.94444 70.94444 70.94444 70.94444 70.94444 70.94444 70.94444 70.94444
 70.94444 70.94444 70.94444 70.94444]",[ 64.6   103.417  22.583],355.0,23,2020,6,23
"[90.16359 90.16359 90.16359 90.16359 90.16359 90.16359 90.16359 90.16359
 90.16359 90.16359 90.16359 90.16359]",[ 44.5   103.417  22.583],355.0,24,2020,6,23
"[106.26902 106.26902 106.26902 106.26902 106.26902 106.26902 106.26902
 106.26902 106.26902 106.26902 106.26902 106.26902]",[ 35.8   103.417  22.583],355.0,25,2020,6,23
"[113.94595 113.94595 113.94595 113.94595 113.94595 113.94595 113.94595
 113.94595 113.94595 113.94595 113.94595 113.94595]",[  5.    103.417  22.583],355.0,26,2020,6,23
"[127.7161 127.7161 127.7161 127.7161 127.7161 127.7161 127.7161 127.7161
 127.7161 127.7161 127.7161 127.7161]",[ 20.1   103.417  22.583],355.0,27,2020,6,23
"[127.44768 127.44768 127.44768 127.44768 127.44768 127.44768 127.44768
 127.44768 127.44768 127.44768 127.44768 127.44768]",[ 20.9   103.417  22.583],355.0,28,2020,6,23
"[127.90399 127.90399 127.90399 127.90399 127.90399 127.90399 127.90399
 127.90399 127.90399 127.90399 127.90399 127.90399]",[ 20.9   103.417  22.583],355.0,29,2020,6,23
"[119.019165 119.019165 119.019165 119.019165 119.019165 119.019165
 119.019165 119.019165 119.019165 119.019165 119.019165 119.019165]",[ 20.9   103.417  22.583],355.0,30,2020,6,23
"[101.89372 101.89372 101.89372 101.89372 101.89372 101.89372 101.89372
 101.89372 101.89372 101.89372 101.89372 101.89372]",[ 20.9   103.417  22.583],355.0,31,2020,6,23
"[76.071335 76.071335 76.071335 76.071335 76.071335 76.071335 76.071335
 76.071335 76.071335 76.071335 76.071335 76.071335]",[ 20.9   103.417  22.583],355.0,32,2020,6,23
"[60.663807 60.663807 60.663807 60.663807 60.663807 60.663807 60.663807
 60.663807 60.663807 60.663807 60.663807 60.663807]",[ 17.3   103.417  22.583],355.0,33,2020,6,23
"[44.504684 44.504684 44.504684 44.504684 44.504684 44.504684 44.504684
 44.504684 44.504684 44.504684 44.504684 44.504684]",[ 11.8   103.417  22.583],355.0,34,2020,6,23
"[40.156216 40.156216 40.156216 40.156216 40.156216 40.156216 40.156216
 40.156216 40.156216 40.156216 40.156216 40.156216]",[ 22.4   103.417  22.583],355.0,35,2020,6,23
"[33.33825 33.33825 33.33825 33.33825 33.33825 33.33825 33.33825 33.33825
 33.33825 33.33825 33.33825 33.33825]",[ 22.4   103.417  22.583],355.0,36,2020,6,23
"[32.90877 32.90877 32.90877 32.90877 32.90877 32.90877 32.90877 32.90877
 32.90877 32.90877 32.90877 32.90877]",[ 22.4   103.417  22.583],355.0,37,2020,6,23
"[31.110327 31.110327 31.110327 31.110327 31.110327 31.110327 31.110327
 31.110327 31.110327 31.110327 31.110327 31.110327]",[ 22.4   103.417  22.583],355.0,38,2020,6,23
"[30.976116 30.976116 30.976116 30.976116 30.976116 30.976116 30.976116
 30.976116 30.976116 30.976116 30.976116 30.976116]",[ 22.4   103.417  22.583],355.0,39,2020,6,23
"[29.472942 29.472942 29.472942 29.472942 29.472942 29.472942 29.472942
 29.472942 29.472942 29.472942 29.472942 29.472942]",[ 25.5   103.417  22.583],355.0,40,2020,6,23
"[27.218182 27.218182 27.218182 27.218182 27.218182 27.218182 27.218182
 27.218182 27.218182 27.218182 27.218182 27.218182]",[ 17.7   103.417  22.583],355.0,41,2020,6,23
"[24.346043 24.346043 24.346043 24.346043 24.346043 24.346043 24.346043
 24.346043 24.346043 24.346043 24.346043 24.346043]",[  8.3   103.417  22.583],355.0,42,2020,6,23
"[34.197205 34.197205 34.197205 34.197205 34.197205 34.197205 34.197205
 34.197205 34.197205 34.197205 34.197205 34.197205]",[ 31.2   103.417  22.583],355.0,43,2020,6,23
"[51.6716 51.6716 51.6716 51.6716 51.6716 51.6716 51.6716 51.6716 51.6716
 51.6716 51.6716 51.6716]",[ 40.5   103.417  22.583],355.0,44,2020,6,23
"[73.44078 73.44078 73.44078 73.44078 73.44078 73.44078 73.44078 73.44078
 73.44078 73.44078 73.44078 73.44078]",[ 47.1   103.417  22.583],355.0,45,2020,6,23
"[82.567184 82.567184 82.567184 82.567184 82.567184 82.567184 82.567184
 82.567184 82.567184 82.567184 82.567184 82.567184]",[ 47.1   103.417  22.583],355.0,46,2020,6,23
"[9.448516 9.448516 9.448516 9.448516 9.448516 9.448516 9.448516 9.448516
 9.448516 9.448516 9.448516 9.448516]",[  8.5   103.417  22.583],355.0,7,2021,6,23
"[9.314304 9.314304 9.314304 9.314304 9.314304 9.314304 9.314304 9.314304
 9.314304 9.314304 9.314304 9.314304]",[  8.5   103.417  22.583],355.0,8,2021,6,23
"[10.119578 10.119578 10.119578 10.119578 10.119578 10.119578 10.119578
 10.119578 10.119578 10.119578 10.119578 10.119578]",[ 17.3   103.417  22.583],355.0,9,2021,6,23
"[11.085904 11.085904 11.085904 11.085904 11.085904 11.085904 11.085904
 11.085904 11.085904 11.085904 11.085904 11.085904]",[ 16.    103.417  22.583],355.0,10,2021,6,23
"[14.575416 14.575416 14.575416 14.575416 14.575416 14.575416 14.575416
 14.575416 14.575416 14.575416 14.575416 14.575416]",[ 16.    103.417  22.583],355.0,11,2021,6,23
"[14.414361 14.414361 14.414361 14.414361 14.414361 14.414361 14.414361
 14.414361 14.414361 14.414361 14.414361 14.414361]",[ 16.    103.417  22.583],355.0,12,2021,6,23
"[17.044916 17.044916 17.044916 17.044916 17.044916 17.044916 17.044916
 17.044916 17.044916 17.044916 17.044916 17.044916]",[ 16.    103.417  22.583],355.0,13,2021,6,23
"[20.158636 20.158636 20.158636 20.158636 20.158636 20.158636 20.158636
 20.158636 20.158636 20.158636 20.158636 20.158636]",[  9.3   103.417  22.583],355.0,14,2021,6,23
"[23.943413 23.943413 23.943413 23.943413 23.943413 23.943413 23.943413
 23.943413 23.943413 23.943413 23.943413 23.943413]",[ 19.3   103.417  22.583],355.0,15,2021,6,23
"[29.902424 29.902424 29.902424 29.902424 29.902424 29.902424 29.902424
 29.902424 29.902424 29.902424 29.902424 29.902424]",[ 11.5   103.417  22.583],355.0,16,2021,6,23
"[28.72136 28.72136 28.72136 28.72136 28.72136 28.72136 28.72136 28.72136
 28.72136 28.72136 28.72136 28.72136]",[ 11.    103.417  22.583],355.0,17,2021,6,23
"[27.674505 27.674505 27.674505 27.674505 27.674505 27.674505 27.674505
 27.674505 27.674505 27.674505 27.674505 27.674505]",[ 11.    103.417  22.583],355.0,18,2021,6,23
"[34.46563 34.46563 34.46563 34.46563 34.46563 34.46563 34.46563 34.46563
 34.46563 34.46563 34.46563 34.46563]",[ 11.    103.417  22.583],355.0,19,2021,6,23
"[49.95369 49.95369 49.95369 49.95369 49.95369 49.95369 49.95369 49.95369
 49.95369 49.95369 49.95369 49.95369]",[ 11.    103.417  22.583],355.0,20,2021,6,23
"[51.32265 51.32265 51.32265 51.32265 51.32265 51.32265 51.32265 51.32265
 51.32265 51.32265 51.32265 51.32265]",[ 11.    103.417  22.583],355.0,21,2021,6,23
"[64.609634 64.609634 64.609634 64.609634 64.609634 64.609634 64.609634
 64.609634 64.609634 64.609634 64.609634 64.609634]",[  1.    103.417  22.583],355.0,22,2021,6,23
"[80.63454 80.63454 80.63454 80.63454 80.63454 80.63454 80.63454 80.63454
 80.63454 80.63454 80.63454 80.63454]",[  0.    103.417  22.583],355.0,23,2021,6,23
"[95.85419 95.85419 95.85419 95.85419 95.85419 95.85419 95.85419 95.85419
 95.85419 95.85419 95.85419 95.85419]",[  0.    103.417  22.583],355.0,24,2021,6,23
"[102.403725 102.403725 102.403725 102.403725 102.403725 102.403725
 102.403725 102.403725 102.403725 102.403725 102.403725 102.403725]",[  0.    103.417  22.583],355.0,25,2021,6,23
"[100.95423 100.95423 100.95423 100.95423 100.95423 100.95423 100.95423
 100.95423 100.95423 100.95423 100.95423 100.95423]",[ 29.8   103.417  22.583],355.0,26,2021,6,23
"[86.217766 86.217766 86.217766 86.217766 86.217766 86.217766 86.217766
 86.217766 86.217766 86.217766 86.217766 86.217766]",[ 49.5   103.417  22.583],355.0,27,2021,6,23
"[86.99619 86.99619 86.99619 86.99619 86.99619 86.99619 86.99619 86.99619
 86.99619 86.99619 86.99619 86.99619]",[ 61.9   103.417  22.583],355.0,28,2021,6,23
"[75.26607 75.26607 75.26607 75.26607 75.26607 75.26607 75.26607 75.26607
 75.26607 75.26607 75.26607 75.26607]",[115.6   103.417  22.583],355.0,29,2021,6,23
"[53.33583 53.33583 53.33583 53.33583 53.33583 53.33583 53.33583 53.33583
 53.33583 53.33583 53.33583 53.33583]",[116.4   103.417  22.583],355.0,30,2021,6,23
"[38.599358 38.599358 38.599358 38.599358 38.599358 38.599358 38.599358
 38.599358 38.599358 38.599358 38.599358 38.599358]",[116.4   103.417  22.583],355.0,31,2021,6,23
"[38.4383 38.4383 38.4383 38.4383 38.4383 38.4383 38.4383 38.4383 38.4383
 38.4383 38.4383 38.4383]",[146.4   103.417  22.583],355.0,32,2021,6,23
"[70.24654 70.24654 70.24654 70.24654 70.24654 70.24654 70.24654 70.24654
 70.24654 70.24654 70.24654 70.24654]",[161.6   103.417  22.583],355.0,33,2021,6,23
"[101.75951 101.75951 101.75951 101.75951 101.75951 101.75951 101.75951
 101.75951 101.75951 101.75951 101.75951 101.75951]",[141.9   103.417  22.583],355.0,34,2021,6,23
"[107.101135 107.101135 107.101135 107.101135 107.101135 107.101135
 107.101135 107.101135 107.101135 107.101135 107.101135 107.101135]",[129.5   103.417  22.583],355.0,35,2021,6,23
"[112.764885 112.764885 112.764885 112.764885 112.764885 112.764885
 112.764885 112.764885 112.764885 112.764885 112.764885 112.764885]",[ 75.8   103.417  22.583],355.0,36,2021,6,23
"[142.21098 142.21098 142.21098 142.21098 142.21098 142.21098 142.21098
 142.21098 142.21098 142.21098 142.21098 142.21098]",[ 75.    103.417  22.583],355.0,37,2021,6,23
"[203.62637 203.62637 203.62637 203.62637 203.62637 203.62637 203.62637
 203.62637 203.62637 203.62637 203.62637 203.62637]",[ 79.2   103.417  22.583],355.0,38,2021,6,23
"[240.05151 240.05151 240.05151 240.05151 240.05151 240.05151 240.05151
 240.05151 240.05151 240.05151 240.05151 240.05151]",[111.9   103.417  22.583],355.0,39,2021,6,23
"[215.81282 215.81282 215.81282 215.81282 215.81282 215.81282 215.81282
 215.81282 215.81282 215.81282 215.81282 215.81282]",[ 66.9   103.417  22.583],355.0,40,2021,6,23
"[180.4614 180.4614 180.4614 180.4614 180.4614 180.4614 180.4614 180.4614
 180.4614 180.4614 180.4614 180.4614]",[100.5   103.417  22.583],355.0,41,2021,6,23
"[168.83865 168.83865 168.83865 168.83865 168.83865 168.83865 168.83865
 168.83865 168.83865 168.83865 168.83865 168.83865]",[100.5   103.417  22.583],355.0,42,2021,6,23
"[157.67221 157.67221 157.67221 157.67221 157.67221 157.67221 157.67221
 157.67221 157.67221 157.67221 157.67221 157.67221]",[100.5   103.417  22.583],355.0,43,2021,6,23
"[127.877144 127.877144 127.877144 127.877144 127.877144 127.877144
 127.877144 127.877144 127.877144 127.877144 127.877144 127.877144]",[100.5   103.417  22.583],355.0,44,2021,6,23
"[69.5218 69.5218 69.5218 69.5218 69.5218 69.5218 69.5218 69.5218 69.5218
 69.5218 69.5218 69.5218]",[ 96.3   103.417  22.583],355.0,45,2021,6,23
"[28.479774 28.479774 28.479774 28.479774 28.479774 28.479774 28.479774
 28.479774 28.479774 28.479774 28.479774 28.479774]",[ 33.6   103.417  22.583],355.0,46,2021,6,23
"[23.035862 23.035862 23.035862 23.035862 23.035862 23.035862 23.035862
 23.035862 23.035862 23.035862 23.035862 23.035862]",[  5.5   103.417  22.583],355.0,7,2018,6,27
"[5.4752765 5.4752765 5.4752765 5.4752765 5.4752765 5.4752765 5.4752765
 5.4752765 5.4752765 5.4752765 5.4752765 5.4752765]",[  3.    103.417  22.583],355.0,8,2018,6,27
"[5.4469075 5.4469075 5.4469075 5.4469075 5.4469075 5.4469075 5.4469075
 5.4469075 5.4469075 5.4469075 5.4469075 5.4469075]",[  3.7   103.417  22.583],355.0,9,2018,6,27
"[7.574603 7.574603 7.574603 7.574603 7.574603 7.574603 7.574603 7.574603
 7.574603 7.574603 7.574603 7.574603]",[  2.    103.417  22.583],355.0,10,2018,6,27
"[27.29126 27.29126 27.29126 27.29126 27.29126 27.29126 27.29126 27.29126
 27.29126 27.29126 27.29126 27.29126]",[  6.7   103.417  22.583],355.0,11,2018,6,27
"[43.54686 43.54686 43.54686 43.54686 43.54686 43.54686 43.54686 43.54686
 43.54686 43.54686 43.54686 43.54686]",[  8.7   103.417  22.583],355.0,12,2018,6,27
"[50.071796 50.071796 50.071796 50.071796 50.071796 50.071796 50.071796
 50.071796 50.071796 50.071796 50.071796 50.071796]",[  8.4   103.417  22.583],355.0,13,2018,6,27
"[62.384068 62.384068 62.384068 62.384068 62.384068 62.384068 62.384068
 62.384068 62.384068 62.384068 62.384068 62.384068]",[ 10.9   103.417  22.583],355.0,14,2018,6,27
"[79.23542 79.23542 79.23542 79.23542 79.23542 79.23542 79.23542 79.23542
 79.23542 79.23542 79.23542 79.23542]",[ 10.9   103.417  22.583],355.0,15,2018,6,27
"[95.405914 95.405914 95.405914 95.405914 95.405914 95.405914 95.405914
 95.405914 95.405914 95.405914 95.405914 95.405914]",[  9.6   103.417  22.583],355.0,16,2018,6,27
"[104.39899 104.39899 104.39899 104.39899 104.39899 104.39899 104.39899
 104.39899 104.39899 104.39899 104.39899 104.39899]",[  9.6   103.417  22.583],355.0,17,2018,6,27
"[121.16524 121.16524 121.16524 121.16524 121.16524 121.16524 121.16524
 121.16524 121.16524 121.16524 121.16524 121.16524]",[ 10.5   103.417  22.583],355.0,18,2018,6,27
"[129.33559 129.33559 129.33559 129.33559 129.33559 129.33559 129.33559
 129.33559 129.33559 129.33559 129.33559 129.33559]",[  8.9   103.417  22.583],355.0,19,2018,6,27
"[132.76828 132.76828 132.76828 132.76828 132.76828 132.76828 132.76828
 132.76828 132.76828 132.76828 132.76828 132.76828]",[  8.9   103.417  22.583],355.0,20,2018,6,27
"[127.63343 127.63343 127.63343 127.63343 127.63343 127.63343 127.63343
 127.63343 127.63343 127.63343 127.63343 127.63343]",[ 13.4   103.417  22.583],355.0,21,2018,6,27
"[124.79649 124.79649 124.79649 124.79649 124.79649 124.79649 124.79649
 124.79649 124.79649 124.79649 124.79649 124.79649]",[ 25.8   103.417  22.583],355.0,22,2018,6,27
"[136.20096 136.20096 136.20096 136.20096 136.20096 136.20096 136.20096
 136.20096 136.20096 136.20096 136.20096 136.20096]",[ 44.3   103.417  22.583],355.0,23,2018,6,27
"[134.92433 134.92433 134.92433 134.92433 134.92433 134.92433 134.92433
 134.92433 134.92433 134.92433 134.92433 134.92433]",[ 50.2   103.417  22.583],355.0,24,2018,6,27
"[99.2074 99.2074 99.2074 99.2074 99.2074 99.2074 99.2074 99.2074 99.2074
 99.2074 99.2074 99.2074]",[ 44.2   103.417  22.583],355.0,25,2018,6,27
"[100.54076 100.54076 100.54076 100.54076 100.54076 100.54076 100.54076
 100.54076 100.54076 100.54076 100.54076 100.54076]",[ 66.5   103.417  22.583],355.0,26,2018,6,27
"[135.91725 135.91725 135.91725 135.91725 135.91725 135.91725 135.91725
 135.91725 135.91725 135.91725 135.91725 135.91725]",[ 66.5   103.417  22.583],355.0,27,2018,6,27
"[168.4852 168.4852 168.4852 168.4852 168.4852 168.4852 168.4852 168.4852
 168.4852 168.4852 168.4852 168.4852]",[ 59.5   103.417  22.583],355.0,28,2018,6,27
"[167.12347 167.12347 167.12347 167.12347 167.12347 167.12347 167.12347
 167.12347 167.12347 167.12347 167.12347 167.12347]",[ 78.    103.417  22.583],355.0,29,2018,6,27
"[146.2153 146.2153 146.2153 146.2153 146.2153 146.2153 146.2153 146.2153
 146.2153 146.2153 146.2153 146.2153]",[ 76.7   103.417  22.583],355.0,30,2018,6,27
"[152.17285 152.17285 152.17285 152.17285 152.17285 152.17285 152.17285
 152.17285 152.17285 152.17285 152.17285 152.17285]",[ 74.4   103.417  22.583],355.0,31,2018,6,27
"[166.86813 166.86813 166.86813 166.86813 166.86813 166.86813 166.86813
 166.86813 166.86813 166.86813 166.86813 166.86813]",[ 92.3   103.417  22.583],355.0,32,2018,6,27
"[162.15883 162.15883 162.15883 162.15883 162.15883 162.15883 162.15883
 162.15883 162.15883 162.15883 162.15883 162.15883]",[ 80.5   103.417  22.583],355.0,33,2018,6,27
"[125.98801 125.98801 125.98801 125.98801 125.98801 125.98801 125.98801
 125.98801 125.98801 125.98801 125.98801 125.98801]",[110.6   103.417  22.583],355.0,34,2018,6,27
"[98.12936 98.12936 98.12936 98.12936 98.12936 98.12936 98.12936 98.12936
 98.12936 98.12936 98.12936 98.12936]",[116.1   103.417  22.583],355.0,35,2018,6,27
"[107.83166 107.83166 107.83166 107.83166 107.83166 107.83166 107.83166
 107.83166 107.83166 107.83166 107.83166 107.83166]",[ 97.5   103.417  22.583],355.0,36,2018,6,27
"[115.68994 115.68994 115.68994 115.68994 115.68994 115.68994 115.68994
 115.68994 115.68994 115.68994 115.68994 115.68994]",[ 85.8   103.417  22.583],355.0,37,2018,6,27
"[125.675934 125.675934 125.675934 125.675934 125.675934 125.675934
 125.675934 125.675934 125.675934 125.675934 125.675934 125.675934]",[110.4   103.417  22.583],355.0,38,2018,6,27
"[125.08018 125.08018 125.08018 125.08018 125.08018 125.08018 125.08018
 125.08018 125.08018 125.08018 125.08018 125.08018]",[ 97.7   103.417  22.583],355.0,39,2018,6,27
"[119.37795 119.37795 119.37795 119.37795 119.37795 119.37795 119.37795
 119.37795 119.37795 119.37795 119.37795 119.37795]",[ 98.8   103.417  22.583],355.0,40,2018,6,27
"[134.10161 134.10161 134.10161 134.10161 134.10161 134.10161 134.10161
 134.10161 134.10161 134.10161 134.10161 134.10161]",[ 72.3   103.417  22.583],355.0,41,2018,6,27
"[179.0953 179.0953 179.0953 179.0953 179.0953 179.0953 179.0953 179.0953
 179.0953 179.0953 179.0953 179.0953]",[ 68.8   103.417  22.583],355.0,42,2018,6,27
"[213.98955 213.98955 213.98955 213.98955 213.98955 213.98955 213.98955
 213.98955 213.98955 213.98955 213.98955 213.98955]",[ 68.    103.417  22.583],355.0,43,2018,6,27
"[203.09573 203.09573 203.09573 203.09573 203.09573 203.09573 203.09573
 203.09573 203.09573 203.09573 203.09573 203.09573]",[ 62.5   103.417  22.583],355.0,44,2018,6,27
"[177.7336 177.7336 177.7336 177.7336 177.7336 177.7336 177.7336 177.7336
 177.7336 177.7336 177.7336 177.7336]",[ 34.9   103.417  22.583],355.0,45,2018,6,27
"[169.39304 169.39304 169.39304 169.39304 169.39304 169.39304 169.39304
 169.39304 169.39304 169.39304 169.39304 169.39304]",[ 33.2   103.417  22.583],355.0,46,2018,6,27
"[98.21448 98.21448 98.21448 98.21448 98.21448 98.21448 98.21448 98.21448
 98.21448 98.21448 98.21448 98.21448]",[ 65.9   103.417  22.583],355.0,7,2019,6,27
"[121.902824 121.902824 121.902824 121.902824 121.902824 121.902824
 121.902824 121.902824 121.902824 121.902824 121.902824 121.902824]",[ 69.8   103.417  22.583],355.0,8,2019,6,27
"[125.704315 125.704315 125.704315 125.704315 125.704315 125.704315
 125.704315 125.704315 125.704315 125.704315 125.704315 125.704315]",[ 73.1   103.417  22.583],355.0,9,2019,6,27
"[119.83186 119.83186 119.83186 119.83186 119.83186 119.83186 119.83186
 119.83186 119.83186 119.83186 119.83186 119.83186]",[ 73.1   103.417  22.583],355.0,10,2019,6,27
"[129.2221 129.2221 129.2221 129.2221 129.2221 129.2221 129.2221 129.2221
 129.2221 129.2221 129.2221 129.2221]",[ 17.2   103.417  22.583],355.0,11,2019,6,27
"[158.10205 158.10205 158.10205 158.10205 158.10205 158.10205 158.10205
 158.10205 158.10205 158.10205 158.10205 158.10205]",[ 17.2   103.417  22.583],355.0,12,2019,6,27
"[155.60553 155.60553 155.60553 155.60553 155.60553 155.60553 155.60553
 155.60553 155.60553 155.60553 155.60553 155.60553]",[ 29.1   103.417  22.583],355.0,13,2019,6,27
"[125.22203 125.22203 125.22203 125.22203 125.22203 125.22203 125.22203
 125.22203 125.22203 125.22203 125.22203 125.22203]",[ 22.3   103.417  22.583],355.0,14,2019,6,27
"[108.00188 108.00188 108.00188 108.00188 108.00188 108.00188 108.00188
 108.00188 108.00188 108.00188 108.00188 108.00188]",[ 18.4   103.417  22.583],355.0,15,2019,6,27
"[104.03018 104.03018 104.03018 104.03018 104.03018 104.03018 104.03018
 104.03018 104.03018 104.03018 104.03018 104.03018]",[ 15.1   103.417  22.583],355.0,16,2019,6,27
"[100.625854 100.625854 100.625854 100.625854 100.625854 100.625854
 100.625854 100.625854 100.625854 100.625854 100.625854 100.625854]",[ 20.9   103.417  22.583],355.0,17,2019,6,27
"[82.07235 82.07235 82.07235 82.07235 82.07235 82.07235 82.07235 82.07235
 82.07235 82.07235 82.07235 82.07235]",[ 22.1   103.417  22.583],355.0,18,2019,6,27
"[50.554073 50.554073 50.554073 50.554073 50.554073 50.554073 50.554073
 50.554073 50.554073 50.554073 50.554073 50.554073]",[ 74.6   103.417  22.583],355.0,19,2019,6,27
"[51.71721 51.71721 51.71721 51.71721 51.71721 51.71721 51.71721 51.71721
 51.71721 51.71721 51.71721 51.71721]",[ 65.8   103.417  22.583],355.0,20,2019,6,27
"[47.121384 47.121384 47.121384 47.121384 47.121384 47.121384 47.121384
 47.121384 47.121384 47.121384 47.121384 47.121384]",[ 62.6   103.417  22.583],355.0,21,2019,6,27
"[46.979538 46.979538 46.979538 46.979538 46.979538 46.979538 46.979538
 46.979538 46.979538 46.979538 46.979538 46.979538]",[ 62.6   103.417  22.583],355.0,22,2019,6,27
"[49.163975 49.163975 49.163975 49.163975 49.163975 49.163975 49.163975
 49.163975 49.163975 49.163975 49.163975 49.163975]",[ 62.6   103.417  22.583],355.0,23,2019,6,27
"[50.61081 50.61081 50.61081 50.61081 50.61081 50.61081 50.61081 50.61081
 50.61081 50.61081 50.61081 50.61081]",[ 56.8   103.417  22.583],355.0,24,2019,6,27
"[50.21364 50.21364 50.21364 50.21364 50.21364 50.21364 50.21364 50.21364
 50.21364 50.21364 50.21364 50.21364]",[ 83.8   103.417  22.583],355.0,25,2019,6,27
"[44.00077 44.00077 44.00077 44.00077 44.00077 44.00077 44.00077 44.00077
 44.00077 44.00077 44.00077 44.00077]",[ 49.5   103.417  22.583],355.0,26,2019,6,27
"[23.319553 23.319553 23.319553 23.319553 23.319553 23.319553 23.319553
 23.319553 23.319553 23.319553 23.319553 23.319553]",[ 46.4   103.417  22.583],355.0,27,2019,6,27
"[13.929324 13.929324 13.929324 13.929324 13.929324 13.929324 13.929324
 13.929324 13.929324 13.929324 13.929324 13.929324]",[ 47.5   103.417  22.583],355.0,28,2019,6,27
"[13.049873 13.049873 13.049873 13.049873 13.049873 13.049873 13.049873
 13.049873 13.049873 13.049873 13.049873 13.049873]",[ 51.6   103.417  22.583],355.0,29,2019,6,27
"[20.993275 20.993275 20.993275 20.993275 20.993275 20.993275 20.993275
 20.993275 20.993275 20.993275 20.993275 20.993275]",[ 51.6   103.417  22.583],355.0,30,2019,6,27
"[33.390648 33.390648 33.390648 33.390648 33.390648 33.390648 33.390648
 33.390648 33.390648 33.390648 33.390648 33.390648]",[ 51.6   103.417  22.583],355.0,31,2019,6,27
"[36.426163 36.426163 36.426163 36.426163 36.426163 36.426163 36.426163
 36.426163 36.426163 36.426163 36.426163 36.426163]",[ 23.4   103.417  22.583],355.0,32,2019,6,27
"[50.46896 50.46896 50.46896 50.46896 50.46896 50.46896 50.46896 50.46896
 50.46896 50.46896 50.46896 50.46896]",[ 25.9   103.417  22.583],355.0,33,2019,6,27
"[70.21399 70.21399 70.21399 70.21399 70.21399 70.21399 70.21399 70.21399
 70.21399 70.21399 70.21399 70.21399]",[ 39.7   103.417  22.583],355.0,34,2019,6,27
"[82.18582 82.18582 82.18582 82.18582 82.18582 82.18582 82.18582 82.18582
 82.18582 82.18582 82.18582 82.18582]",[ 38.6   103.417  22.583],355.0,35,2019,6,27
"[122.27163 122.27163 122.27163 122.27163 122.27163 122.27163 122.27163
 122.27163 122.27163 122.27163 122.27163 122.27163]",[ 34.5   103.417  22.583],355.0,36,2019,6,27
"[140.17265 140.17265 140.17265 140.17265 140.17265 140.17265 140.17265
 140.17265 140.17265 140.17265 140.17265 140.17265]",[ 54.3   103.417  22.583],355.0,37,2019,6,27
"[149.56288 149.56288 149.56288 149.56288 149.56288 149.56288 149.56288
 149.56288 149.56288 149.56288 149.56288 149.56288]",[ 62.7   103.417  22.583],355.0,38,2019,6,27
"[167.23695 167.23695 167.23695 167.23695 167.23695 167.23695 167.23695
 167.23695 167.23695 167.23695 167.23695 167.23695]",[ 66.    103.417  22.583],355.0,39,2019,6,27
"[156.99565 156.99565 156.99565 156.99565 156.99565 156.99565 156.99565
 156.99565 156.99565 156.99565 156.99565 156.99565]",[ 45.3   103.417  22.583],355.0,40,2019,6,27
"[143.60535 143.60535 143.60535 143.60535 143.60535 143.60535 143.60535
 143.60535 143.60535 143.60535 143.60535 143.60535]",[ 31.5   103.417  22.583],355.0,41,2019,6,27
"[129.84622 129.84622 129.84622 129.84622 129.84622 129.84622 129.84622
 129.84622 129.84622 129.84622 129.84622 129.84622]",[ 34.8   103.417  22.583],355.0,42,2019,6,27
"[86.6398 86.6398 86.6398 86.6398 86.6398 86.6398 86.6398 86.6398 86.6398
 86.6398 86.6398 86.6398]",[ 34.8   103.417  22.583],355.0,43,2019,6,27
"[67.4338 67.4338 67.4338 67.4338 67.4338 67.4338 67.4338 67.4338 67.4338
 67.4338 67.4338 67.4338]",[ 15.    103.417  22.583],355.0,44,2019,6,27
"[51.97253 51.97253 51.97253 51.97253 51.97253 51.97253 51.97253 51.97253
 51.97253 51.97253 51.97253 51.97253]",[  6.6   103.417  22.583],355.0,45,2019,6,27
"[38.497124 38.497124 38.497124 38.497124 38.497124 38.497124 38.497124
 38.497124 38.497124 38.497124 38.497124 38.497124]",[  4.7   103.417  22.583],355.0,46,2019,6,27
"[45.901505 45.901505 45.901505 45.901505 45.901505 45.901505 45.901505
 45.901505 45.901505 45.901505 45.901505 45.901505]",[ 75.2   103.417  22.583],355.0,7,2020,6,27
"[51.206566 51.206566 51.206566 51.206566 51.206566 51.206566 51.206566
 51.206566 51.206566 51.206566 51.206566 51.206566]",[ 75.2   103.417  22.583],355.0,8,2020,6,27
"[52.59666 52.59666 52.59666 52.59666 52.59666 52.59666 52.59666 52.59666
 52.59666 52.59666 52.59666 52.59666]",[ 75.2   103.417  22.583],355.0,9,2020,6,27
"[52.483185 52.483185 52.483185 52.483185 52.483185 52.483185 52.483185
 52.483185 52.483185 52.483185 52.483185 52.483185]",[ 75.2   103.417  22.583],355.0,10,2020,6,27
"[60.086155 60.086155 60.086155 60.086155 60.086155 60.086155 60.086155
 60.086155 60.086155 60.086155 60.086155 60.086155]",[ 77.4   103.417  22.583],355.0,11,2020,6,27
"[55.71728 55.71728 55.71728 55.71728 55.71728 55.71728 55.71728 55.71728
 55.71728 55.71728 55.71728 55.71728]",[ 77.4   103.417  22.583],355.0,12,2020,6,27
"[47.178123 47.178123 47.178123 47.178123 47.178123 47.178123 47.178123
 47.178123 47.178123 47.178123 47.178123 47.178123]",[ 65.2   103.417  22.583],355.0,13,2020,6,27
"[41.021988 41.021988 41.021988 41.021988 41.021988 41.021988 41.021988
 41.021988 41.021988 41.021988 41.021988 41.021988]",[ 31.    103.417  22.583],355.0,14,2020,6,27
"[41.39079 41.39079 41.39079 41.39079 41.39079 41.39079 41.39079 41.39079
 41.39079 41.39079 41.39079 41.39079]",[ 65.4   103.417  22.583],355.0,15,2020,6,27
"[51.773945 51.773945 51.773945 51.773945 51.773945 51.773945 51.773945
 51.773945 51.773945 51.773945 51.773945 51.773945]",[ 66.8   103.417  22.583],355.0,16,2020,6,27
"[57.901714 57.901714 57.901714 57.901714 57.901714 57.901714 57.901714
 57.901714 57.901714 57.901714 57.901714 57.901714]",[ 66.8   103.417  22.583],355.0,17,2020,6,27
"[56.65347 56.65347 56.65347 56.65347 56.65347 56.65347 56.65347 56.65347
 56.65347 56.65347 56.65347 56.65347]",[ 64.6   103.417  22.583],355.0,18,2020,6,27
"[48.908657 48.908657 48.908657 48.908657 48.908657 48.908657 48.908657
 48.908657 48.908657 48.908657 48.908657 48.908657]",[ 64.6   103.417  22.583],355.0,19,2020,6,27
"[49.56115 49.56115 49.56115 49.56115 49.56115 49.56115 49.56115 49.56115
 49.56115 49.56115 49.56115 49.56115]",[ 44.5   103.417  22.583],355.0,20,2020,6,27
"[48.39801 48.39801 48.39801 48.39801 48.39801 48.39801 48.39801 48.39801
 48.39801 48.39801 48.39801 48.39801]",[ 35.8   103.417  22.583],355.0,21,2020,6,27
"[52.05765 52.05765 52.05765 52.05765 52.05765 52.05765 52.05765 52.05765
 52.05765 52.05765 52.05765 52.05765]",[  5.    103.417  22.583],355.0,22,2020,6,27
"[63.291885 63.291885 63.291885 63.291885 63.291885 63.291885 63.291885
 63.291885 63.291885 63.291885 63.291885 63.291885]",[ 20.1   103.417  22.583],355.0,23,2020,6,27
"[65.98696 65.98696 65.98696 65.98696 65.98696 65.98696 65.98696 65.98696
 65.98696 65.98696 65.98696 65.98696]",[ 20.9   103.417  22.583],355.0,24,2020,6,27
"[63.03656 63.03656 63.03656 63.03656 63.03656 63.03656 63.03656 63.03656
 63.03656 63.03656 63.03656 63.03656]",[ 20.9   103.417  22.583],355.0,25,2020,6,27
"[76.8524 76.8524 76.8524 76.8524 76.8524 76.8524 76.8524 76.8524 76.8524
 76.8524 76.8524 76.8524]",[ 20.9   103.417  22.583],355.0,26,2020,6,27
"[78.29923 78.29923 78.29923 78.29923 78.29923 78.29923 78.29923 78.29923
 78.29923 78.29923 78.29923 78.29923]",[ 20.9   103.417  22.583],355.0,27,2020,6,27
"[79.46238 79.46238 79.46238 79.46238 79.46238 79.46238 79.46238 79.46238
 79.46238 79.46238 79.46238 79.46238]",[ 20.9   103.417  22.583],355.0,28,2020,6,27
"[71.20692 71.20692 71.20692 71.20692 71.20692 71.20692 71.20692 71.20692
 71.20692 71.20692 71.20692 71.20692]",[ 17.3   103.417  22.583],355.0,29,2020,6,27
"[49.64625 49.64625 49.64625 49.64625 49.64625 49.64625 49.64625 49.64625
 49.64625 49.64625 49.64625 49.64625]",[ 11.8   103.417  22.583],355.0,30,2020,6,27
"[51.06472 51.06472 51.06472 51.06472 51.06472 51.06472 51.06472 51.06472
 51.06472 51.06472 51.06472 51.06472]",[ 22.4   103.417  22.583],355.0,31,2020,6,27
"[48.738434 48.738434 48.738434 48.738434 48.738434 48.738434 48.738434
 48.738434 48.738434 48.738434 48.738434 48.738434]",[ 22.4   103.417  22.583],355.0,32,2020,6,27
"[57.050636 57.050636 57.050636 57.050636 57.050636 57.050636 57.050636
 57.050636 57.050636 57.050636 57.050636 57.050636]",[ 22.4   103.417  22.583],355.0,33,2020,6,27
"[75.66089 75.66089 75.66089 75.66089 75.66089 75.66089 75.66089 75.66089
 75.66089 75.66089 75.66089 75.66089]",[ 22.4   103.417  22.583],355.0,34,2020,6,27
"[96.05841 96.05841 96.05841 96.05841 96.05841 96.05841 96.05841 96.05841
 96.05841 96.05841 96.05841 96.05841]",[ 22.4   103.417  22.583],355.0,35,2020,6,27
"[114.61192 114.61192 114.61192 114.61192 114.61192 114.61192 114.61192
 114.61192 114.61192 114.61192 114.61192 114.61192]",[ 25.5   103.417  22.583],355.0,36,2020,6,27
"[122.44185 122.44185 122.44185 122.44185 122.44185 122.44185 122.44185
 122.44185 122.44185 122.44185 122.44185 122.44185]",[ 17.7   103.417  22.583],355.0,37,2020,6,27
"[121.39218 121.39218 121.39218 121.39218 121.39218 121.39218 121.39218
 121.39218 121.39218 121.39218 121.39218 121.39218]",[  8.3   103.417  22.583],355.0,38,2020,6,27
"[120.71132 120.71132 120.71132 120.71132 120.71132 120.71132 120.71132
 120.71132 120.71132 120.71132 120.71132 120.71132]",[ 31.2   103.417  22.583],355.0,39,2020,6,27
"[99.519455 99.519455 99.519455 99.519455 99.519455 99.519455 99.519455
 99.519455 99.519455 99.519455 99.519455 99.519455]",[ 40.5   103.417  22.583],355.0,40,2020,6,27
"[71.77429 71.77429 71.77429 71.77429 71.77429 71.77429 71.77429 71.77429
 71.77429 71.77429 71.77429 71.77429]",[ 47.1   103.417  22.583],355.0,41,2020,6,27
"[46.752583 46.752583 46.752583 46.752583 46.752583 46.752583 46.752583
 46.752583 46.752583 46.752583 46.752583 46.752583]",[ 47.1   103.417  22.583],355.0,42,2020,6,27
"[32.426094 32.426094 32.426094 32.426094 32.426094 32.426094 32.426094
 32.426094 32.426094 32.426094 32.426094 32.426094]",[ 44.    103.417  22.583],355.0,43,2020,6,27
"[27.660057 27.660057 27.660057 27.660057 27.660057 27.660057 27.660057
 27.660057 27.660057 27.660057 27.660057 27.660057]",[ 40.8   103.417  22.583],355.0,44,2020,6,27
"[21.362076 21.362076 21.362076 21.362076 21.362076 21.362076 21.362076
 21.362076 21.362076 21.362076 21.362076 21.362076]",[ 38.8   103.417  22.583],355.0,45,2020,6,27
"[22.667065 22.667065 22.667065 22.667065 22.667065 22.667065 22.667065
 22.667065 22.667065 22.667065 22.667065 22.667065]",[ 15.9   103.417  22.583],355.0,46,2020,6,27
"[5.078104 5.078104 5.078104 5.078104 5.078104 5.078104 5.078104 5.078104
 5.078104 5.078104 5.078104 5.078104]",[ 16.    103.417  22.583],355.0,7,2021,6,27
"[10.581744 10.581744 10.581744 10.581744 10.581744 10.581744 10.581744
 10.581744 10.581744 10.581744 10.581744 10.581744]",[ 16.    103.417  22.583],355.0,8,2021,6,27
"[20.936535 20.936535 20.936535 20.936535 20.936535 20.936535 20.936535
 20.936535 20.936535 20.936535 20.936535 20.936535]",[ 16.    103.417  22.583],355.0,9,2021,6,27
"[27.291256 27.291256 27.291256 27.291256 27.291256 27.291256 27.291256
 27.291256 27.291256 27.291256 27.291256 27.291256]",[  9.3   103.417  22.583],355.0,10,2021,6,27
"[32.965115 32.965115 32.965115 32.965115 32.965115 32.965115 32.965115
 32.965115 32.965115 32.965115 32.965115 32.965115]",[ 19.3   103.417  22.583],355.0,11,2021,6,27
"[36.341057 36.341057 36.341057 36.341057 36.341057 36.341057 36.341057
 36.341057 36.341057 36.341057 36.341057 36.341057]",[ 11.5   103.417  22.583],355.0,12,2021,6,27
"[39.490047 39.490047 39.490047 39.490047 39.490047 39.490047 39.490047
 39.490047 39.490047 39.490047 39.490047 39.490047]",[ 11.    103.417  22.583],355.0,13,2021,6,27
"[42.44045 42.44045 42.44045 42.44045 42.44045 42.44045 42.44045 42.44045
 42.44045 42.44045 42.44045 42.44045]",[ 11.    103.417  22.583],355.0,14,2021,6,27
"[40.79503 40.79503 40.79503 40.79503 40.79503 40.79503 40.79503 40.79503
 40.79503 40.79503 40.79503 40.79503]",[ 11.    103.417  22.583],355.0,15,2021,6,27
"[39.858845 39.858845 39.858845 39.858845 39.858845 39.858845 39.858845
 39.858845 39.858845 39.858845 39.858845 39.858845]",[ 11.    103.417  22.583],355.0,16,2021,6,27
"[41.70285 41.70285 41.70285 41.70285 41.70285 41.70285 41.70285 41.70285
 41.70285 41.70285 41.70285 41.70285]",[ 11.    103.417  22.583],355.0,17,2021,6,27
"[43.944023 43.944023 43.944023 43.944023 43.944023 43.944023 43.944023
 43.944023 43.944023 43.944023 43.944023 43.944023]",[  1.    103.417  22.583],355.0,18,2021,6,27
"[52.312965 52.312965 52.312965 52.312965 52.312965 52.312965 52.312965
 52.312965 52.312965 52.312965 52.312965 52.312965]",[  0.    103.417  22.583],355.0,19,2021,6,27
"[50.270374 50.270374 50.270374 50.270374 50.270374 50.270374 50.270374
 50.270374 50.270374 50.270374 50.270374 50.270374]",[  0.    103.417  22.583],355.0,20,2021,6,27
"[50.156895 50.156895 50.156895 50.156895 50.156895 50.156895 50.156895
 50.156895 50.156895 50.156895 50.156895 50.156895]",[  0.    103.417  22.583],355.0,21,2021,6,27
"[49.419292 49.419292 49.419292 49.419292 49.419292 49.419292 49.419292
 49.419292 49.419292 49.419292 49.419292 49.419292]",[ 29.8   103.417  22.583],355.0,22,2021,6,27
"[43.348267 43.348267 43.348267 43.348267 43.348267 43.348267 43.348267
 43.348267 43.348267 43.348267 43.348267 43.348267]",[ 49.5   103.417  22.583],355.0,23,2021,6,27
"[37.19213 37.19213 37.19213 37.19213 37.19213 37.19213 37.19213 37.19213
 37.19213 37.19213 37.19213 37.19213]",[ 61.9   103.417  22.583],355.0,24,2021,6,27
"[36.96518 36.96518 36.96518 36.96518 36.96518 36.96518 36.96518 36.96518
 36.96518 36.96518 36.96518 36.96518]",[115.6   103.417  22.583],355.0,25,2021,6,27
"[56.653465 56.653465 56.653465 56.653465 56.653465 56.653465 56.653465
 56.653465 56.653465 56.653465 56.653465 56.653465]",[116.4   103.417  22.583],355.0,26,2021,6,27
"[66.58272 66.58272 66.58272 66.58272 66.58272 66.58272 66.58272 66.58272
 66.58272 66.58272 66.58272 66.58272]",[116.4   103.417  22.583],355.0,27,2021,6,27
"[68.54019 68.54019 68.54019 68.54019 68.54019 68.54019 68.54019 68.54019
 68.54019 68.54019 68.54019 68.54019]",[146.4   103.417  22.583],355.0,28,2021,6,27
"[77.192825 77.192825 77.192825 77.192825 77.192825 77.192825 77.192825
 77.192825 77.192825 77.192825 77.192825 77.192825]",[161.6   103.417  22.583],355.0,29,2021,6,27
"[106.92384 106.92384 106.92384 106.92384 106.92384 106.92384 106.92384
 106.92384 106.92384 106.92384 106.92384 106.92384]",[141.9   103.417  22.583],355.0,30,2021,6,27
"[137.22223 137.22223 137.22223 137.22223 137.22223 137.22223 137.22223
 137.22223 137.22223 137.22223 137.22223 137.22223]",[129.5   103.417  22.583],355.0,31,2021,6,27
"[159.74744 159.74744 159.74744 159.74744 159.74744 159.74744 159.74744
 159.74744 159.74744 159.74744 159.74744 159.74744]",[ 75.8   103.417  22.583],355.0,32,2021,6,27
"[156.71194 156.71194 156.71194 156.71194 156.71194 156.71194 156.71194
 156.71194 156.71194 156.71194 156.71194 156.71194]",[ 75.    103.417  22.583],355.0,33,2021,6,27
"[165.44969 165.44969 165.44969 165.44969 165.44969 165.44969 165.44969
 165.44969 165.44969 165.44969 165.44969 165.44969]",[ 79.2   103.417  22.583],355.0,34,2021,6,27
"[185.1096 185.1096 185.1096 185.1096 185.1096 185.1096 185.1096 185.1096
 185.1096 185.1096 185.1096 185.1096]",[111.9   103.417  22.583],355.0,35,2021,6,27
"[223.23793 223.23793 223.23793 223.23793 223.23793 223.23793 223.23793
 223.23793 223.23793 223.23793 223.23793 223.23793]",[ 66.9   103.417  22.583],355.0,36,2021,6,27
"[199.12402 199.12402 199.12402 199.12402 199.12402 199.12402 199.12402
 199.12402 199.12402 199.12402 199.12402 199.12402]",[100.5   103.417  22.583],355.0,37,2021,6,27
"[167.91782 167.91782 167.91782 167.91782 167.91782 167.91782 167.91782
 167.91782 167.91782 167.91782 167.91782 167.91782]",[100.5   103.417  22.583],355.0,38,2021,6,27
"[137.61943 137.61943 137.61943 137.61943 137.61943 137.61943 137.61943
 137.61943 137.61943 137.61943 137.61943 137.61943]",[100.5   103.417  22.583],355.0,39,2021,6,27
"[109.78914 109.78914 109.78914 109.78914 109.78914 109.78914 109.78914
 109.78914 109.78914 109.78914 109.78914 109.78914]",[100.5   103.417  22.583],355.0,40,2021,6,27
"[90.83845 90.83845 90.83845 90.83845 90.83845 90.83845 90.83845 90.83845
 90.83845 90.83845 90.83845 90.83845]",[ 96.3   103.417  22.583],355.0,41,2021,6,27
"[73.136024 73.136024 73.136024 73.136024 73.136024 73.136024 73.136024
 73.136024 73.136024 73.136024 73.136024 73.136024]",[ 33.6   103.417  22.583],355.0,42,2021,6,27
"[25.75931 25.75931 25.75931 25.75931 25.75931 25.75931 25.75931 25.75931
 25.75931 25.75931 25.75931 25.75931]",[ 33.6   103.417  22.583],355.0,43,2021,6,27
"[18.979052 18.979052 18.979052 18.979052 18.979052 18.979052 18.979052
 18.979052 18.979052 18.979052 18.979052 18.979052]",[ 16.3   103.417  22.583],355.0,44,2021,6,27
"[32.709785 32.709785 32.709785 32.709785 32.709785 32.709785 32.709785
 32.709785 32.709785 32.709785 32.709785 32.709785]",[ 74.7   103.417  22.583],355.0,45,2021,6,27
"[44.19935 44.19935 44.19935 44.19935 44.19935 44.19935 44.19935 44.19935
 44.19935 44.19935 44.19935 44.19935]",[ 75.2   103.417  22.583],355.0,46,2021,6,27
"[5.3519754 5.3519754 5.3519754 5.3519754 5.3519754 5.3519754 5.3519754
 5.3519754 5.3519754 5.3519754 5.3519754 5.3519754]",[  2.    103.417  22.583],355.0,7,2018,6,30
"[22.760601 22.760601 22.760601 22.760601 22.760601 22.760601 22.760601
 22.760601 22.760601 22.760601 22.760601 22.760601]",[  6.7   103.417  22.583],355.0,8,2018,6,30
"[40.022186 40.022186 40.022186 40.022186 40.022186 40.022186 40.022186
 40.022186 40.022186 40.022186 40.022186 40.022186]",[  8.7   103.417  22.583],355.0,9,2018,6,30
"[43.521557 43.521557 43.521557 43.521557 43.521557 43.521557 43.521557
 43.521557 43.521557 43.521557 43.521557 43.521557]",[  8.4   103.417  22.583],355.0,10,2018,6,30
"[44.521374 44.521374 44.521374 44.521374 44.521374 44.521374 44.521374
 44.521374 44.521374 44.521374 44.521374 44.521374]",[ 10.9   103.417  22.583],355.0,11,2018,6,30
"[45.432972 45.432972 45.432972 45.432972 45.432972 45.432972 45.432972
 45.432972 45.432972 45.432972 45.432972 45.432972]",[ 10.9   103.417  22.583],355.0,12,2018,6,30
"[46.432793 46.432793 46.432793 46.432793 46.432793 46.432793 46.432793
 46.432793 46.432793 46.432793 46.432793 46.432793]",[  9.6   103.417  22.583],355.0,13,2018,6,30
"[48.932343 48.932343 48.932343 48.932343 48.932343 48.932343 48.932343
 48.932343 48.932343 48.932343 48.932343 48.932343]",[  9.6   103.417  22.583],355.0,14,2018,6,30
"[35.140713 35.140713 35.140713 35.140713 35.140713 35.140713 35.140713
 35.140713 35.140713 35.140713 35.140713 35.140713]",[ 10.5   103.417  22.583],355.0,15,2018,6,30
"[27.612663 27.612663 27.612663 27.612663 27.612663 27.612663 27.612663
 27.612663 27.612663 27.612663 27.612663 27.612663]",[  8.9   103.417  22.583],355.0,16,2018,6,30
"[27.171566 27.171566 27.171566 27.171566 27.171566 27.171566 27.171566
 27.171566 27.171566 27.171566 27.171566 27.171566]",[  8.9   103.417  22.583],355.0,17,2018,6,30
"[27.112755 27.112755 27.112755 27.112755 27.112755 27.112755 27.112755
 27.112755 27.112755 27.112755 27.112755 27.112755]",[ 13.4   103.417  22.583],355.0,18,2018,6,30
"[31.494316 31.494316 31.494316 31.494316 31.494316 31.494316 31.494316
 31.494316 31.494316 31.494316 31.494316 31.494316]",[ 25.8   103.417  22.583],355.0,19,2018,6,30
"[44.286125 44.286125 44.286125 44.286125 44.286125 44.286125 44.286125
 44.286125 44.286125 44.286125 44.286125 44.286125]",[ 44.3   103.417  22.583],355.0,20,2018,6,30
"[50.108604 50.108604 50.108604 50.108604 50.108604 50.108604 50.108604
 50.108604 50.108604 50.108604 50.108604 50.108604]",[ 50.2   103.417  22.583],355.0,21,2018,6,30
"[52.90221 52.90221 52.90221 52.90221 52.90221 52.90221 52.90221 52.90221
 52.90221 52.90221 52.90221 52.90221]",[ 44.2   103.417  22.583],355.0,22,2018,6,30
"[49.93216 49.93216 49.93216 49.93216 49.93216 49.93216 49.93216 49.93216
 49.93216 49.93216 49.93216 49.93216]",[ 66.5   103.417  22.583],355.0,23,2018,6,30
"[62.54753 62.54753 62.54753 62.54753 62.54753 62.54753 62.54753 62.54753
 62.54753 62.54753 62.54753 62.54753]",[ 66.5   103.417  22.583],355.0,24,2018,6,30
"[75.30993 75.30993 75.30993 75.30993 75.30993 75.30993 75.30993 75.30993
 75.30993 75.30993 75.30993 75.30993]",[ 59.5   103.417  22.583],355.0,25,2018,6,30
"[96.01207 96.01207 96.01207 96.01207 96.01207 96.01207 96.01207 96.01207
 96.01207 96.01207 96.01207 96.01207]",[ 78.    103.417  22.583],355.0,26,2018,6,30
"[93.65956 93.65956 93.65956 93.65956 93.65956 93.65956 93.65956 93.65956
 93.65956 93.65956 93.65956 93.65956]",[ 76.7   103.417  22.583],355.0,27,2018,6,30
"[101.36405 101.36405 101.36405 101.36405 101.36405 101.36405 101.36405
 101.36405 101.36405 101.36405 101.36405 101.36405]",[ 74.4   103.417  22.583],355.0,28,2018,6,30
"[163.147 163.147 163.147 163.147 163.147 163.147 163.147 163.147 163.147
 163.147 163.147 163.147]",[ 92.3   103.417  22.583],355.0,29,2018,6,30
"[201.08133 201.08133 201.08133 201.08133 201.08133 201.08133 201.08133
 201.08133 201.08133 201.08133 201.08133 201.08133]",[ 80.5   103.417  22.583],355.0,30,2018,6,30
"[211.69707 211.69707 211.69707 211.69707 211.69707 211.69707 211.69707
 211.69707 211.69707 211.69707 211.69707 211.69707]",[110.6   103.417  22.583],355.0,31,2018,6,30
"[209.02109 209.02109 209.02109 209.02109 209.02109 209.02109 209.02109
 209.02109 209.02109 209.02109 209.02109 209.02109]",[116.1   103.417  22.583],355.0,32,2018,6,30
"[195.34708 195.34708 195.34708 195.34708 195.34708 195.34708 195.34708
 195.34708 195.34708 195.34708 195.34708 195.34708]",[ 97.5   103.417  22.583],355.0,33,2018,6,30
"[189.87749 189.87749 189.87749 189.87749 189.87749 189.87749 189.87749
 189.87749 189.87749 189.87749 189.87749 189.87749]",[ 85.8   103.417  22.583],355.0,34,2018,6,30
"[178.40897 178.40897 178.40897 178.40897 178.40897 178.40897 178.40897
 178.40897 178.40897 178.40897 178.40897 178.40897]",[110.4   103.417  22.583],355.0,35,2018,6,30
"[110.74471 110.74471 110.74471 110.74471 110.74471 110.74471 110.74471
 110.74471 110.74471 110.74471 110.74471 110.74471]",[ 97.7   103.417  22.583],355.0,36,2018,6,30
"[70.399055 70.399055 70.399055 70.399055 70.399055 70.399055 70.399055
 70.399055 70.399055 70.399055 70.399055 70.399055]",[ 98.8   103.417  22.583],355.0,37,2018,6,30
"[54.43135 54.43135 54.43135 54.43135 54.43135 54.43135 54.43135 54.43135
 54.43135 54.43135 54.43135 54.43135]",[ 72.3   103.417  22.583],355.0,38,2018,6,30
"[61.90059 61.90059 61.90059 61.90059 61.90059 61.90059 61.90059 61.90059
 61.90059 61.90059 61.90059 61.90059]",[ 68.8   103.417  22.583],355.0,39,2018,6,30
"[50.549694 50.549694 50.549694 50.549694 50.549694 50.549694 50.549694
 50.549694 50.549694 50.549694 50.549694 50.549694]",[ 68.    103.417  22.583],355.0,40,2018,6,30
"[43.52155 43.52155 43.52155 43.52155 43.52155 43.52155 43.52155 43.52155
 43.52155 43.52155 43.52155 43.52155]",[ 62.5   103.417  22.583],355.0,41,2018,6,30
"[37.846107 37.846107 37.846107 37.846107 37.846107 37.846107 37.846107
 37.846107 37.846107 37.846107 37.846107 37.846107]",[ 34.9   103.417  22.583],355.0,42,2018,6,30
"[42.786392 42.786392 42.786392 42.786392 42.786392 42.786392 42.786392
 42.786392 42.786392 42.786392 42.786392 42.786392]",[ 33.2   103.417  22.583],355.0,43,2018,6,30
"[69.7227 69.7227 69.7227 69.7227 69.7227 69.7227 69.7227 69.7227 69.7227
 69.7227 69.7227 69.7227]",[ 27.    103.417  22.583],355.0,44,2018,6,30
"[91.307045 91.307045 91.307045 91.307045 91.307045 91.307045 91.307045
 91.307045 91.307045 91.307045 91.307045 91.307045]",[ 23.4   103.417  22.583],355.0,45,2018,6,30
"[85.51398 85.51398 85.51398 85.51398 85.51398 85.51398 85.51398 85.51398
 85.51398 85.51398 85.51398 85.51398]",[ 24.9   103.417  22.583],355.0,46,2018,6,30
"[175.11543 175.11543 175.11543 175.11543 175.11543 175.11543 175.11543
 175.11543 175.11543 175.11543 175.11543 175.11543]",[ 73.1   103.417  22.583],355.0,7,2019,6,30
"[156.35413 156.35413 156.35413 156.35413 156.35413 156.35413 156.35413
 156.35413 156.35413 156.35413 156.35413 156.35413]",[ 17.2   103.417  22.583],355.0,8,2019,6,30
"[141.20978 141.20978 141.20978 141.20978 141.20978 141.20978 141.20978
 141.20978 141.20978 141.20978 141.20978 141.20978]",[ 17.2   103.417  22.583],355.0,9,2019,6,30
"[120.948746 120.948746 120.948746 120.948746 120.948746 120.948746
 120.948746 120.948746 120.948746 120.948746 120.948746 120.948746]",[ 29.1   103.417  22.583],355.0,10,2019,6,30
"[72.51631 72.51631 72.51631 72.51631 72.51631 72.51631 72.51631 72.51631
 72.51631 72.51631 72.51631 72.51631]",[ 22.3   103.417  22.583],355.0,11,2019,6,30
"[12.056646 12.056646 12.056646 12.056646 12.056646 12.056646 12.056646
 12.056646 12.056646 12.056646 12.056646 12.056646]",[ 18.4   103.417  22.583],355.0,12,2019,6,30
"[8.057368 8.057368 8.057368 8.057368 8.057368 8.057368 8.057368 8.057368
 8.057368 8.057368 8.057368 8.057368]",[ 15.1   103.417  22.583],355.0,13,2019,6,30
"[10.4098835 10.4098835 10.4098835 10.4098835 10.4098835 10.4098835
 10.4098835 10.4098835 10.4098835 10.4098835 10.4098835 10.4098835]",[ 20.9   103.417  22.583],355.0,14,2019,6,30
"[21.584335 21.584335 21.584335 21.584335 21.584335 21.584335 21.584335
 21.584335 21.584335 21.584335 21.584335 21.584335]",[ 22.1   103.417  22.583],355.0,15,2019,6,30
"[17.261585 17.261585 17.261585 17.261585 17.261585 17.261585 17.261585
 17.261585 17.261585 17.261585 17.261585 17.261585]",[ 74.6   103.417  22.583],355.0,16,2019,6,30
"[19.614101 19.614101 19.614101 19.614101 19.614101 19.614101 19.614101
 19.614101 19.614101 19.614101 19.614101 19.614101]",[ 65.8   103.417  22.583],355.0,17,2019,6,30
"[21.143236 21.143236 21.143236 21.143236 21.143236 21.143236 21.143236
 21.143236 21.143236 21.143236 21.143236 21.143236]",[ 62.6   103.417  22.583],355.0,18,2019,6,30
"[29.494675 29.494675 29.494675 29.494675 29.494675 29.494675 29.494675
 29.494675 29.494675 29.494675 29.494675 29.494675]",[ 62.6   103.417  22.583],355.0,19,2019,6,30
"[31.406094 31.406094 31.406094 31.406094 31.406094 31.406094 31.406094
 31.406094 31.406094 31.406094 31.406094 31.406094]",[ 62.6   103.417  22.583],355.0,20,2019,6,30
"[29.52408 29.52408 29.52408 29.52408 29.52408 29.52408 29.52408 29.52408
 29.52408 29.52408 29.52408 29.52408]",[ 56.8   103.417  22.583],355.0,21,2019,6,30
"[19.849356 19.849356 19.849356 19.849356 19.849356 19.849356 19.849356
 19.849356 19.849356 19.849356 19.849356 19.849356]",[ 83.8   103.417  22.583],355.0,22,2019,6,30
"[24.260324 24.260324 24.260324 24.260324 24.260324 24.260324 24.260324
 24.260324 24.260324 24.260324 24.260324 24.260324]",[ 49.5   103.417  22.583],355.0,23,2019,6,30
"[23.260508 23.260508 23.260508 23.260508 23.260508 23.260508 23.260508
 23.260508 23.260508 23.260508 23.260508 23.260508]",[ 46.4   103.417  22.583],355.0,24,2019,6,30
"[22.554752 22.554752 22.554752 22.554752 22.554752 22.554752 22.554752
 22.554752 22.554752 22.554752 22.554752 22.554752]",[ 47.5   103.417  22.583],355.0,25,2019,6,30
"[16.614647 16.614647 16.614647 16.614647 16.614647 16.614647 16.614647
 16.614647 16.614647 16.614647 16.614647 16.614647]",[ 51.6   103.417  22.583],355.0,26,2019,6,30
"[16.17355 16.17355 16.17355 16.17355 16.17355 16.17355 16.17355 16.17355
 16.17355 16.17355 16.17355 16.17355]",[ 51.6   103.417  22.583],355.0,27,2019,6,30
"[30.406275 30.406275 30.406275 30.406275 30.406275 30.406275 30.406275
 30.406275 30.406275 30.406275 30.406275 30.406275]",[ 51.6   103.417  22.583],355.0,28,2019,6,30
"[54.078472 54.078472 54.078472 54.078472 54.078472 54.078472 54.078472
 54.078472 54.078472 54.078472 54.078472 54.078472]",[ 23.4   103.417  22.583],355.0,29,2019,6,30
"[67.84069 67.84069 67.84069 67.84069 67.84069 67.84069 67.84069 67.84069
 67.84069 67.84069 67.84069 67.84069]",[ 25.9   103.417  22.583],355.0,30,2019,6,30
"[94.80641 94.80641 94.80641 94.80641 94.80641 94.80641 94.80641 94.80641
 94.80641 94.80641 94.80641 94.80641]",[ 39.7   103.417  22.583],355.0,31,2019,6,30
"[124.21287 124.21287 124.21287 124.21287 124.21287 124.21287 124.21287
 124.21287 124.21287 124.21287 124.21287 124.21287]",[ 38.6   103.417  22.583],355.0,32,2019,6,30
"[133.91699 133.91699 133.91699 133.91699 133.91699 133.91699 133.91699
 133.91699 133.91699 133.91699 133.91699 133.91699]",[ 34.5   103.417  22.583],355.0,33,2019,6,30
"[136.03427 136.03427 136.03427 136.03427 136.03427 136.03427 136.03427
 136.03427 136.03427 136.03427 136.03427 136.03427]",[ 54.3   103.417  22.583],355.0,34,2019,6,30
"[124.712776 124.712776 124.712776 124.712776 124.712776 124.712776
 124.712776 124.712776 124.712776 124.712776 124.712776 124.712776]",[ 62.7   103.417  22.583],355.0,35,2019,6,30
"[116.77303 116.77303 116.77303 116.77303 116.77303 116.77303 116.77303
 116.77303 116.77303 116.77303 116.77303 116.77303]",[ 66.    103.417  22.583],355.0,36,2019,6,30
"[117.24354 117.24354 117.24354 117.24354 117.24354 117.24354 117.24354
 117.24354 117.24354 117.24354 117.24354 117.24354]",[ 45.3   103.417  22.583],355.0,37,2019,6,30
"[96.86487 96.86487 96.86487 96.86487 96.86487 96.86487 96.86487 96.86487
 96.86487 96.86487 96.86487 96.86487]",[ 31.5   103.417  22.583],355.0,38,2019,6,30
"[70.95777 70.95777 70.95777 70.95777 70.95777 70.95777 70.95777 70.95777
 70.95777 70.95777 70.95777 70.95777]",[ 34.8   103.417  22.583],355.0,39,2019,6,30
"[63.22388 63.22388 63.22388 63.22388 63.22388 63.22388 63.22388 63.22388
 63.22388 63.22388 63.22388 63.22388]",[ 34.8   103.417  22.583],355.0,40,2019,6,30
"[66.16452 66.16452 66.16452 66.16452 66.16452 66.16452 66.16452 66.16452
 66.16452 66.16452 66.16452 66.16452]",[ 15.    103.417  22.583],355.0,41,2019,6,30
"[71.0754 71.0754 71.0754 71.0754 71.0754 71.0754 71.0754 71.0754 71.0754
 71.0754 71.0754 71.0754]",[  6.6   103.417  22.583],355.0,42,2019,6,30
"[78.83871 78.83871 78.83871 78.83871 78.83871 78.83871 78.83871 78.83871
 78.83871 78.83871 78.83871 78.83871]",[  4.7   103.417  22.583],355.0,43,2019,6,30
"[112.215034 112.215034 112.215034 112.215034 112.215034 112.215034
 112.215034 112.215034 112.215034 112.215034 112.215034 112.215034]",[  4.7   103.417  22.583],355.0,44,2019,6,30
"[162.38245 162.38245 162.38245 162.38245 162.38245 162.38245 162.38245
 162.38245 162.38245 162.38245 162.38245 162.38245]",[  4.7   103.417  22.583],355.0,45,2019,6,30
"[206.40392 206.40392 206.40392 206.40392 206.40392 206.40392 206.40392
 206.40392 206.40392 206.40392 206.40392 206.40392]",[  1.4   103.417  22.583],355.0,46,2019,6,30
"[45.050694 45.050694 45.050694 45.050694 45.050694 45.050694 45.050694
 45.050694 45.050694 45.050694 45.050694 45.050694]",[ 75.2   103.417  22.583],355.0,7,2020,6,30
"[47.432617 47.432617 47.432617 47.432617 47.432617 47.432617 47.432617
 47.432617 47.432617 47.432617 47.432617 47.432617]",[ 77.4   103.417  22.583],355.0,8,2020,6,30
"[42.992245 42.992245 42.992245 42.992245 42.992245 42.992245 42.992245
 42.992245 42.992245 42.992245 42.992245 42.992245]",[ 77.4   103.417  22.583],355.0,9,2020,6,30
"[32.641167 32.641167 32.641167 32.641167 32.641167 32.641167 32.641167
 32.641167 32.641167 32.641167 32.641167 32.641167]",[ 65.2   103.417  22.583],355.0,10,2020,6,30
"[17.937943 17.937943 17.937943 17.937943 17.937943 17.937943 17.937943
 17.937943 17.937943 17.937943 17.937943 17.937943]",[ 31.    103.417  22.583],355.0,11,2020,6,30
"[14.8502655 14.8502655 14.8502655 14.8502655 14.8502655 14.8502655
 14.8502655 14.8502655 14.8502655 14.8502655 14.8502655 14.8502655]",[ 65.4   103.417  22.583],355.0,12,2020,6,30
"[16.261774 16.261774 16.261774 16.261774 16.261774 16.261774 16.261774
 16.261774 16.261774 16.261774 16.261774 16.261774]",[ 66.8   103.417  22.583],355.0,13,2020,6,30
"[14.585606 14.585606 14.585606 14.585606 14.585606 14.585606 14.585606
 14.585606 14.585606 14.585606 14.585606 14.585606]",[ 66.8   103.417  22.583],355.0,14,2020,6,30
"[13.585785 13.585785 13.585785 13.585785 13.585785 13.585785 13.585785
 13.585785 13.585785 13.585785 13.585785 13.585785]",[ 64.6   103.417  22.583],355.0,15,2020,6,30
"[15.556016 15.556016 15.556016 15.556016 15.556016 15.556016 15.556016
 15.556016 15.556016 15.556016 15.556016 15.556016]",[ 64.6   103.417  22.583],355.0,16,2020,6,30
"[20.878586 20.878586 20.878586 20.878586 20.878586 20.878586 20.878586
 20.878586 20.878586 20.878586 20.878586 20.878586]",[ 44.5   103.417  22.583],355.0,17,2020,6,30
"[26.08353 26.08353 26.08353 26.08353 26.08353 26.08353 26.08353 26.08353
 26.08353 26.08353 26.08353 26.08353]",[ 35.8   103.417  22.583],355.0,18,2020,6,30
"[27.671478 27.671478 27.671478 27.671478 27.671478 27.671478 27.671478
 27.671478 27.671478 27.671478 27.671478 27.671478]",[  5.    103.417  22.583],355.0,19,2020,6,30
"[25.613026 25.613026 25.613026 25.613026 25.613026 25.613026 25.613026
 25.613026 25.613026 25.613026 25.613026 25.613026]",[ 20.1   103.417  22.583],355.0,20,2020,6,30
"[24.760239 24.760239 24.760239 24.760239 24.760239 24.760239 24.760239
 24.760239 24.760239 24.760239 24.760239 24.760239]",[ 20.9   103.417  22.583],355.0,21,2020,6,30
"[22.613564 22.613564 22.613564 22.613564 22.613564 22.613564 22.613564
 22.613564 22.613564 22.613564 22.613564 22.613564]",[ 20.9   103.417  22.583],355.0,22,2020,6,30
"[22.995848 22.995848 22.995848 22.995848 22.995848 22.995848 22.995848
 22.995848 22.995848 22.995848 22.995848 22.995848]",[ 20.9   103.417  22.583],355.0,23,2020,6,30
"[31.99422 31.99422 31.99422 31.99422 31.99422 31.99422 31.99422 31.99422
 31.99422 31.99422 31.99422 31.99422]",[ 20.9   103.417  22.583],355.0,24,2020,6,30
"[45.374153 45.374153 45.374153 45.374153 45.374153 45.374153 45.374153
 45.374153 45.374153 45.374153 45.374153 45.374153]",[ 20.9   103.417  22.583],355.0,25,2020,6,30
"[57.342583 57.342583 57.342583 57.342583 57.342583 57.342583 57.342583
 57.342583 57.342583 57.342583 57.342583 57.342583]",[ 17.3   103.417  22.583],355.0,26,2020,6,30
"[70.39905 70.39905 70.39905 70.39905 70.39905 70.39905 70.39905 70.39905
 70.39905 70.39905 70.39905 70.39905]",[ 11.8   103.417  22.583],355.0,27,2020,6,30
"[73.95724 73.95724 73.95724 73.95724 73.95724 73.95724 73.95724 73.95724
 73.95724 73.95724 73.95724 73.95724]",[ 22.4   103.417  22.583],355.0,28,2020,6,30
"[82.13223 82.13223 82.13223 82.13223 82.13223 82.13223 82.13223 82.13223
 82.13223 82.13223 82.13223 82.13223]",[ 22.4   103.417  22.583],355.0,29,2020,6,30
"[95.24751 95.24751 95.24751 95.24751 95.24751 95.24751 95.24751 95.24751
 95.24751 95.24751 95.24751 95.24751]",[ 22.4   103.417  22.583],355.0,30,2020,6,30
"[92.21864 92.21864 92.21864 92.21864 92.21864 92.21864 92.21864 92.21864
 92.21864 92.21864 92.21864 92.21864]",[ 22.4   103.417  22.583],355.0,31,2020,6,30
"[98.57044 98.57044 98.57044 98.57044 98.57044 98.57044 98.57044 98.57044
 98.57044 98.57044 98.57044 98.57044]",[ 22.4   103.417  22.583],355.0,32,2020,6,30
"[98.688065 98.688065 98.688065 98.688065 98.688065 98.688065 98.688065
 98.688065 98.688065 98.688065 98.688065 98.688065]",[ 25.5   103.417  22.583],355.0,33,2020,6,30
"[101.9816 101.9816 101.9816 101.9816 101.9816 101.9816 101.9816 101.9816
 101.9816 101.9816 101.9816 101.9816]",[ 17.7   103.417  22.583],355.0,34,2020,6,30
"[123.889404 123.889404 123.889404 123.889404 123.889404 123.889404
 123.889404 123.889404 123.889404 123.889404 123.889404 123.889404]",[  8.3   103.417  22.583],355.0,35,2020,6,30
"[127.5358 127.5358 127.5358 127.5358 127.5358 127.5358 127.5358 127.5358
 127.5358 127.5358 127.5358 127.5358]",[ 31.2   103.417  22.583],355.0,36,2020,6,30
"[131.97617 131.97617 131.97617 131.97617 131.97617 131.97617 131.97617
 131.97617 131.97617 131.97617 131.97617 131.97617]",[ 40.5   103.417  22.583],355.0,37,2020,6,30
"[129.56485 129.56485 129.56485 129.56485 129.56485 129.56485 129.56485
 129.56485 129.56485 129.56485 129.56485 129.56485]",[ 47.1   103.417  22.583],355.0,38,2020,6,30
"[106.65721 106.65721 106.65721 106.65721 106.65721 106.65721 106.65721
 106.65721 106.65721 106.65721 106.65721 106.65721]",[ 47.1   103.417  22.583],355.0,39,2020,6,30
"[96.89427 96.89427 96.89427 96.89427 96.89427 96.89427 96.89427 96.89427
 96.89427 96.89427 96.89427 96.89427]",[ 44.    103.417  22.583],355.0,40,2020,6,30
"[103.01081 103.01081 103.01081 103.01081 103.01081 103.01081 103.01081
 103.01081 103.01081 103.01081 103.01081 103.01081]",[ 40.8   103.417  22.583],355.0,41,2020,6,30
"[95.15929 95.15929 95.15929 95.15929 95.15929 95.15929 95.15929 95.15929
 95.15929 95.15929 95.15929 95.15929]",[ 38.8   103.417  22.583],355.0,42,2020,6,30
"[104.86342 104.86342 104.86342 104.86342 104.86342 104.86342 104.86342
 104.86342 104.86342 104.86342 104.86342 104.86342]",[ 15.9   103.417  22.583],355.0,43,2020,6,30
"[87.984116 87.984116 87.984116 87.984116 87.984116 87.984116 87.984116
 87.984116 87.984116 87.984116 87.984116 87.984116]",[ 19.7   103.417  22.583],355.0,44,2020,6,30
"[78.16236 78.16236 78.16236 78.16236 78.16236 78.16236 78.16236 78.16236
 78.16236 78.16236 78.16236 78.16236]",[ 22.9   103.417  22.583],355.0,45,2020,6,30
"[75.10409 75.10409 75.10409 75.10409 75.10409 75.10409 75.10409 75.10409
 75.10409 75.10409 75.10409 75.10409]",[ 56.2   103.417  22.583],355.0,46,2020,6,30
"[16.526428 16.526428 16.526428 16.526428 16.526428 16.526428 16.526428
 16.526428 16.526428 16.526428 16.526428 16.526428]",[  9.3   103.417  22.583],355.0,7,2021,6,30
"[18.02616 18.02616 18.02616 18.02616 18.02616 18.02616 18.02616 18.02616
 18.02616 18.02616 18.02616 18.02616]",[ 19.3   103.417  22.583],355.0,8,2021,6,30
"[24.848455 24.848455 24.848455 24.848455 24.848455 24.848455 24.848455
 24.848455 24.848455 24.848455 24.848455 24.848455]",[ 11.5   103.417  22.583],355.0,9,2021,6,30
"[32.58235 32.58235 32.58235 32.58235 32.58235 32.58235 32.58235 32.58235
 32.58235 32.58235 32.58235 32.58235]",[ 11.    103.417  22.583],355.0,10,2021,6,30
"[42.08064 42.08064 42.08064 42.08064 42.08064 42.08064 42.08064 42.08064
 42.08064 42.08064 42.08064 42.08064]",[ 11.    103.417  22.583],355.0,11,2021,6,30
"[56.960304 56.960304 56.960304 56.960304 56.960304 56.960304 56.960304
 56.960304 56.960304 56.960304 56.960304 56.960304]",[ 11.    103.417  22.583],355.0,12,2021,6,30
"[61.19483 61.19483 61.19483 61.19483 61.19483 61.19483 61.19483 61.19483
 61.19483 61.19483 61.19483 61.19483]",[ 11.    103.417  22.583],355.0,13,2021,6,30
"[62.4005 62.4005 62.4005 62.4005 62.4005 62.4005 62.4005 62.4005 62.4005
 62.4005 62.4005 62.4005]",[ 11.    103.417  22.583],355.0,14,2021,6,30
"[73.45732 73.45732 73.45732 73.45732 73.45732 73.45732 73.45732 73.45732
 73.45732 73.45732 73.45732 73.45732]",[  1.    103.417  22.583],355.0,15,2021,6,30
"[77.95651 77.95651 77.95651 77.95651 77.95651 77.95651 77.95651 77.95651
 77.95651 77.95651 77.95651 77.95651]",[  0.    103.417  22.583],355.0,16,2021,6,30
"[72.4281 72.4281 72.4281 72.4281 72.4281 72.4281 72.4281 72.4281 72.4281
 72.4281 72.4281 72.4281]",[  0.    103.417  22.583],355.0,17,2021,6,30
"[65.34114 65.34114 65.34114 65.34114 65.34114 65.34114 65.34114 65.34114
 65.34114 65.34114 65.34114 65.34114]",[  0.    103.417  22.583],355.0,18,2021,6,30
"[59.548073 59.548073 59.548073 59.548073 59.548073 59.548073 59.548073
 59.548073 59.548073 59.548073 59.548073 59.548073]",[ 29.8   103.417  22.583],355.0,19,2021,6,30
"[61.136017 61.136017 61.136017 61.136017 61.136017 61.136017 61.136017
 61.136017 61.136017 61.136017 61.136017 61.136017]",[ 49.5   103.417  22.583],355.0,20,2021,6,30
"[74.28071 74.28071 74.28071 74.28071 74.28071 74.28071 74.28071 74.28071
 74.28071 74.28071 74.28071 74.28071]",[ 61.9   103.417  22.583],355.0,21,2021,6,30
"[74.574776 74.574776 74.574776 74.574776 74.574776 74.574776 74.574776
 74.574776 74.574776 74.574776 74.574776 74.574776]",[115.6   103.417  22.583],355.0,22,2021,6,30
"[80.397255 80.397255 80.397255 80.397255 80.397255 80.397255 80.397255
 80.397255 80.397255 80.397255 80.397255 80.397255]",[116.4   103.417  22.583],355.0,23,2021,6,30
"[105.01045 105.01045 105.01045 105.01045 105.01045 105.01045 105.01045
 105.01045 105.01045 105.01045 105.01045 105.01045]",[116.4   103.417  22.583],355.0,24,2021,6,30
"[113.891205 113.891205 113.891205 113.891205 113.891205 113.891205
 113.891205 113.891205 113.891205 113.891205 113.891205 113.891205]",[146.4   103.417  22.583],355.0,25,2021,6,30
"[108.50982 108.50982 108.50982 108.50982 108.50982 108.50982 108.50982
 108.50982 108.50982 108.50982 108.50982 108.50982]",[161.6   103.417  22.583],355.0,26,2021,6,30
"[101.68752 101.68752 101.68752 101.68752 101.68752 101.68752 101.68752
 101.68752 101.68752 101.68752 101.68752 101.68752]",[141.9   103.417  22.583],355.0,27,2021,6,30
"[93.89481 93.89481 93.89481 93.89481 93.89481 93.89481 93.89481 93.89481
 93.89481 93.89481 93.89481 93.89481]",[129.5   103.417  22.583],355.0,28,2021,6,30
"[91.07179 91.07179 91.07179 91.07179 91.07179 91.07179 91.07179 91.07179
 91.07179 91.07179 91.07179 91.07179]",[ 75.8   103.417  22.583],355.0,29,2021,6,30
"[88.77809 88.77809 88.77809 88.77809 88.77809 88.77809 88.77809 88.77809
 88.77809 88.77809 88.77809 88.77809]",[ 75.    103.417  22.583],355.0,30,2021,6,30
"[80.95597 80.95597 80.95597 80.95597 80.95597 80.95597 80.95597 80.95597
 80.95597 80.95597 80.95597 80.95597]",[ 79.2   103.417  22.583],355.0,31,2021,6,30
"[86.13151 86.13151 86.13151 86.13151 86.13151 86.13151 86.13151 86.13151
 86.13151 86.13151 86.13151 86.13151]",[111.9   103.417  22.583],355.0,32,2021,6,30
"[93.8654 93.8654 93.8654 93.8654 93.8654 93.8654 93.8654 93.8654 93.8654
 93.8654 93.8654 93.8654]",[ 66.9   103.417  22.583],355.0,33,2021,6,30
"[94.2771 94.2771 94.2771 94.2771 94.2771 94.2771 94.2771 94.2771 94.2771
 94.2771 94.2771 94.2771]",[100.5   103.417  22.583],355.0,34,2021,6,30
"[85.10228 85.10228 85.10228 85.10228 85.10228 85.10228 85.10228 85.10228
 85.10228 85.10228 85.10228 85.10228]",[100.5   103.417  22.583],355.0,35,2021,6,30
"[80.33843 80.33843 80.33843 80.33843 80.33843 80.33843 80.33843 80.33843
 80.33843 80.33843 80.33843 80.33843]",[100.5   103.417  22.583],355.0,36,2021,6,30
"[73.10445 73.10445 73.10445 73.10445 73.10445 73.10445 73.10445 73.10445
 73.10445 73.10445 73.10445 73.10445]",[100.5   103.417  22.583],355.0,37,2021,6,30
"[58.548256 58.548256 58.548256 58.548256 58.548256 58.548256 58.548256
 58.548256 58.548256 58.548256 58.548256 58.548256]",[ 96.3   103.417  22.583],355.0,38,2021,6,30
"[49.402847 49.402847 49.402847 49.402847 49.402847 49.402847 49.402847
 49.402847 49.402847 49.402847 49.402847 49.402847]",[ 33.6   103.417  22.583],355.0,39,2021,6,30
"[47.75608 47.75608 47.75608 47.75608 47.75608 47.75608 47.75608 47.75608
 47.75608 47.75608 47.75608 47.75608]",[ 33.6   103.417  22.583],355.0,40,2021,6,30
"[48.16777 48.16777 48.16777 48.16777 48.16777 48.16777 48.16777 48.16777
 48.16777 48.16777 48.16777 48.16777]",[ 16.3   103.417  22.583],355.0,41,2021,6,30
"[79.838524 79.838524 79.838524 79.838524 79.838524 79.838524 79.838524
 79.838524 79.838524 79.838524 79.838524 79.838524]",[ 74.7   103.417  22.583],355.0,42,2021,6,30
"[144.26807 144.26807 144.26807 144.26807 144.26807 144.26807 144.26807
 144.26807 144.26807 144.26807 144.26807 144.26807]",[ 75.2   103.417  22.583],355.0,43,2021,6,30
"[171.7631 171.7631 171.7631 171.7631 171.7631 171.7631 171.7631 171.7631
 171.7631 171.7631 171.7631 171.7631]",[115.4   103.417  22.583],355.0,44,2021,6,30
"[207.05086 207.05086 207.05086 207.05086 207.05086 207.05086 207.05086
 207.05086 207.05086 207.05086 207.05086 207.05086]",[120.2   103.417  22.583],355.0,45,2021,6,30
"[245.04399 245.04399 245.04399 245.04399 245.04399 245.04399 245.04399
 245.04399 245.04399 245.04399 245.04399 245.04399]",[151.5   103.417  22.583],355.0,46,2021,6,30
"[81.25863 81.25863 81.25863 81.25863 81.25863 81.25863 81.25863 81.25863
 81.25863 81.25863 81.25863 81.25863]",[ 10.9   103.417  22.583],355.0,7,2018,7,4
"[93.56396 93.56396 93.56396 93.56396 93.56396 93.56396 93.56396 93.56396
 93.56396 93.56396 93.56396 93.56396]",[ 10.9   103.417  22.583],355.0,8,2018,7,4
"[123.76793 123.76793 123.76793 123.76793 123.76793 123.76793 123.76793
 123.76793 123.76793 123.76793 123.76793 123.76793]",[  9.6   103.417  22.583],355.0,9,2018,7,4
"[147.01132 147.01132 147.01132 147.01132 147.01132 147.01132 147.01132
 147.01132 147.01132 147.01132 147.01132 147.01132]",[  9.6   103.417  22.583],355.0,10,2018,7,4
"[134.67493 134.67493 134.67493 134.67493 134.67493 134.67493 134.67493
 134.67493 134.67493 134.67493 134.67493 134.67493]",[ 10.5   103.417  22.583],355.0,11,2018,7,4
"[115.09827 115.09827 115.09827 115.09827 115.09827 115.09827 115.09827
 115.09827 115.09827 115.09827 115.09827 115.09827]",[  8.9   103.417  22.583],355.0,12,2018,7,4
"[115.44008 115.44008 115.44008 115.44008 115.44008 115.44008 115.44008
 115.44008 115.44008 115.44008 115.44008 115.44008]",[  8.9   103.417  22.583],355.0,13,2018,7,4
"[144.77399 144.77399 144.77399 144.77399 144.77399 144.77399 144.77399
 144.77399 144.77399 144.77399 144.77399 144.77399]",[ 13.4   103.417  22.583],355.0,14,2018,7,4
"[232.25113 232.25113 232.25113 232.25113 232.25113 232.25113 232.25113
 232.25113 232.25113 232.25113 232.25113 232.25113]",[ 25.8   103.417  22.583],355.0,15,2018,7,4
"[224.91766 224.91766 224.91766 224.91766 224.91766 224.91766 224.91766
 224.91766 224.91766 224.91766 224.91766 224.91766]",[ 44.3   103.417  22.583],355.0,16,2018,7,4
"[212.14624 212.14624 212.14624 212.14624 212.14624 212.14624 212.14624
 212.14624 212.14624 212.14624 212.14624 212.14624]",[ 50.2   103.417  22.583],355.0,17,2018,7,4
"[196.70244 196.70244 196.70244 196.70244 196.70244 196.70244 196.70244
 196.70244 196.70244 196.70244 196.70244 196.70244]",[ 44.2   103.417  22.583],355.0,18,2018,7,4
"[184.92537 184.92537 184.92537 184.92537 184.92537 184.92537 184.92537
 184.92537 184.92537 184.92537 184.92537 184.92537]",[ 66.5   103.417  22.583],355.0,19,2018,7,4
"[182.31514 182.31514 182.31514 182.31514 182.31514 182.31514 182.31514
 182.31514 182.31514 182.31514 182.31514 182.31514]",[ 66.5   103.417  22.583],355.0,20,2018,7,4
"[170.97313 170.97313 170.97313 170.97313 170.97313 170.97313 170.97313
 170.97313 170.97313 170.97313 170.97313 170.97313]",[ 59.5   103.417  22.583],355.0,21,2018,7,4
"[87.69095 87.69095 87.69095 87.69095 87.69095 87.69095 87.69095 87.69095
 87.69095 87.69095 87.69095 87.69095]",[ 78.    103.417  22.583],355.0,22,2018,7,4
"[77.68511 77.68511 77.68511 77.68511 77.68511 77.68511 77.68511 77.68511
 77.68511 77.68511 77.68511 77.68511]",[ 76.7   103.417  22.583],355.0,23,2018,7,4
"[72.83756 72.83756 72.83756 72.83756 72.83756 72.83756 72.83756 72.83756
 72.83756 72.83756 72.83756 72.83756]",[ 74.4   103.417  22.583],355.0,24,2018,7,4
"[79.92245 79.92245 79.92245 79.92245 79.92245 79.92245 79.92245 79.92245
 79.92245 79.92245 79.92245 79.92245]",[ 92.3   103.417  22.583],355.0,25,2018,7,4
"[85.298256 85.298256 85.298256 85.298256 85.298256 85.298256 85.298256
 85.298256 85.298256 85.298256 85.298256 85.298256]",[ 80.5   103.417  22.583],355.0,26,2018,7,4
"[84.24174 84.24174 84.24174 84.24174 84.24174 84.24174 84.24174 84.24174
 84.24174 84.24174 84.24174 84.24174]",[110.6   103.417  22.583],355.0,27,2018,7,4
"[65.41086 65.41086 65.41086 65.41086 65.41086 65.41086 65.41086 65.41086
 65.41086 65.41086 65.41086 65.41086]",[116.1   103.417  22.583],355.0,28,2018,7,4
"[53.043392 53.043392 53.043392 53.043392 53.043392 53.043392 53.043392
 53.043392 53.043392 53.043392 53.043392 53.043392]",[ 97.5   103.417  22.583],355.0,29,2018,7,4
"[42.229626 42.229626 42.229626 42.229626 42.229626 42.229626 42.229626
 42.229626 42.229626 42.229626 42.229626 42.229626]",[ 85.8   103.417  22.583],355.0,30,2018,7,4
"[30.980816 30.980816 30.980816 30.980816 30.980816 30.980816 30.980816
 30.980816 30.980816 30.980816 30.980816 30.980816]",[110.4   103.417  22.583],355.0,31,2018,7,4
"[21.47216 21.47216 21.47216 21.47216 21.47216 21.47216 21.47216 21.47216
 21.47216 21.47216 21.47216 21.47216]",[ 97.7   103.417  22.583],355.0,32,2018,7,4
"[22.031494 22.031494 22.031494 22.031494 22.031494 22.031494 22.031494
 22.031494 22.031494 22.031494 22.031494 22.031494]",[ 98.8   103.417  22.583],355.0,33,2018,7,4
"[37.413147 37.413147 37.413147 37.413147 37.413147 37.413147 37.413147
 37.413147 37.413147 37.413147 37.413147 37.413147]",[ 72.3   103.417  22.583],355.0,34,2018,7,4
"[42.105328 42.105328 42.105328 42.105328 42.105328 42.105328 42.105328
 42.105328 42.105328 42.105328 42.105328 42.105328]",[ 68.8   103.417  22.583],355.0,35,2018,7,4
"[53.820244 53.820244 53.820244 53.820244 53.820244 53.820244 53.820244
 53.820244 53.820244 53.820244 53.820244 53.820244]",[ 68.    103.417  22.583],355.0,36,2018,7,4
"[62.83172 62.83172 62.83172 62.83172 62.83172 62.83172 62.83172 62.83172
 62.83172 62.83172 62.83172 62.83172]",[ 62.5   103.417  22.583],355.0,37,2018,7,4
"[66.15665 66.15665 66.15665 66.15665 66.15665 66.15665 66.15665 66.15665
 66.15665 66.15665 66.15665 66.15665]",[ 34.9   103.417  22.583],355.0,38,2018,7,4
"[69.29512 69.29512 69.29512 69.29512 69.29512 69.29512 69.29512 69.29512
 69.29512 69.29512 69.29512 69.29512]",[ 33.2   103.417  22.583],355.0,39,2018,7,4
"[68.797935 68.797935 68.797935 68.797935 68.797935 68.797935 68.797935
 68.797935 68.797935 68.797935 68.797935 68.797935]",[ 27.    103.417  22.583],355.0,40,2018,7,4
"[64.04361 64.04361 64.04361 64.04361 64.04361 64.04361 64.04361 64.04361
 64.04361 64.04361 64.04361 64.04361]",[ 23.4   103.417  22.583],355.0,41,2018,7,4
"[66.218796 66.218796 66.218796 66.218796 66.218796 66.218796 66.218796
 66.218796 66.218796 66.218796 66.218796 66.218796]",[ 24.9   103.417  22.583],355.0,42,2018,7,4
"[50.837135 50.837135 50.837135 50.837135 50.837135 50.837135 50.837135
 50.837135 50.837135 50.837135 50.837135 50.837135]",[ 66.7   103.417  22.583],355.0,43,2018,7,4
"[46.79751 46.79751 46.79751 46.79751 46.79751 46.79751 46.79751 46.79751
 46.79751 46.79751 46.79751 46.79751]",[ 79.7   103.417  22.583],355.0,44,2018,7,4
"[53.416283 53.416283 53.416283 53.416283 53.416283 53.416283 53.416283
 53.416283 53.416283 53.416283 53.416283 53.416283]",[ 79.3   103.417  22.583],355.0,45,2018,7,4
"[74.79523 74.79523 74.79523 74.79523 74.79523 74.79523 74.79523 74.79523
 74.79523 74.79523 74.79523 74.79523]",[ 75.8   103.417  22.583],355.0,46,2018,7,4
"[57.92202 57.92202 57.92202 57.92202 57.92202 57.92202 57.92202 57.92202
 57.92202 57.92202 57.92202 57.92202]",[ 22.3   103.417  22.583],355.0,7,2019,7,4
"[25.076756 25.076756 25.076756 25.076756 25.076756 25.076756 25.076756
 25.076756 25.076756 25.076756 25.076756 25.076756]",[ 18.4   103.417  22.583],355.0,8,2019,7,4
"[23.989164 23.989164 23.989164 23.989164 23.989164 23.989164 23.989164
 23.989164 23.989164 23.989164 23.989164 23.989164]",[ 15.1   103.417  22.583],355.0,9,2019,7,4
"[23.833797 23.833797 23.833797 23.833797 23.833797 23.833797 23.833797
 23.833797 23.833797 23.833797 23.833797 23.833797]",[ 20.9   103.417  22.583],355.0,10,2019,7,4
"[23.989164 23.989164 23.989164 23.989164 23.989164 23.989164 23.989164
 23.989164 23.989164 23.989164 23.989164 23.989164]",[ 22.1   103.417  22.583],355.0,11,2019,7,4
"[24.48635 24.48635 24.48635 24.48635 24.48635 24.48635 24.48635 24.48635
 24.48635 24.48635 24.48635 24.48635]",[ 74.6   103.417  22.583],355.0,12,2019,7,4
"[10.782694 10.782694 10.782694 10.782694 10.782694 10.782694 10.782694
 10.782694 10.782694 10.782694 10.782694 10.782694]",[ 65.8   103.417  22.583],355.0,13,2019,7,4
"[18.551208 18.551208 18.551208 18.551208 18.551208 18.551208 18.551208
 18.551208 18.551208 18.551208 18.551208 18.551208]",[ 62.6   103.417  22.583],355.0,14,2019,7,4
"[22.65298 22.65298 22.65298 22.65298 22.65298 22.65298 22.65298 22.65298
 22.65298 22.65298 22.65298 22.65298]",[ 62.6   103.417  22.583],355.0,15,2019,7,4
"[26.164349 26.164349 26.164349 26.164349 26.164349 26.164349 26.164349
 26.164349 26.164349 26.164349 26.164349 26.164349]",[ 62.6   103.417  22.583],355.0,16,2019,7,4
"[29.768934 29.768934 29.768934 29.768934 29.768934 29.768934 29.768934
 29.768934 29.768934 29.768934 29.768934 29.768934]",[ 56.8   103.417  22.583],355.0,17,2019,7,4
"[31.633377 31.633377 31.633377 31.633377 31.633377 31.633377 31.633377
 31.633377 31.633377 31.633377 31.633377 31.633377]",[ 83.8   103.417  22.583],355.0,18,2019,7,4
"[31.633377 31.633377 31.633377 31.633377 31.633377 31.633377 31.633377
 31.633377 31.633377 31.633377 31.633377 31.633377]",[ 49.5   103.417  22.583],355.0,19,2019,7,4
"[30.73223 30.73223 30.73223 30.73223 30.73223 30.73223 30.73223 30.73223
 30.73223 30.73223 30.73223 30.73223]",[ 46.4   103.417  22.583],355.0,20,2019,7,4
"[17.121798 17.121798 17.121798 17.121798 17.121798 17.121798 17.121798
 17.121798 17.121798 17.121798 17.121798 17.121798]",[ 47.5   103.417  22.583],355.0,21,2019,7,4
"[27.22086 27.22086 27.22086 27.22086 27.22086 27.22086 27.22086 27.22086
 27.22086 27.22086 27.22086 27.22086]",[ 51.6   103.417  22.583],355.0,22,2019,7,4
"[34.398964 34.398964 34.398964 34.398964 34.398964 34.398964 34.398964
 34.398964 34.398964 34.398964 34.398964 34.398964]",[ 51.6   103.417  22.583],355.0,23,2019,7,4
"[35.64193 35.64193 35.64193 35.64193 35.64193 35.64193 35.64193 35.64193
 35.64193 35.64193 35.64193 35.64193]",[ 51.6   103.417  22.583],355.0,24,2019,7,4
"[35.766228 35.766228 35.766228 35.766228 35.766228 35.766228 35.766228
 35.766228 35.766228 35.766228 35.766228 35.766228]",[ 23.4   103.417  22.583],355.0,25,2019,7,4
"[39.24652 39.24652 39.24652 39.24652 39.24652 39.24652 39.24652 39.24652
 39.24652 39.24652 39.24652 39.24652]",[ 25.9   103.417  22.583],355.0,26,2019,7,4
"[42.944332 42.944332 42.944332 42.944332 42.944332 42.944332 42.944332
 42.944332 42.944332 42.944332 42.944332 42.944332]",[ 39.7   103.417  22.583],355.0,27,2019,7,4
"[44.68448 44.68448 44.68448 44.68448 44.68448 44.68448 44.68448 44.68448
 44.68448 44.68448 44.68448 44.68448]",[ 38.6   103.417  22.583],355.0,28,2019,7,4
"[29.427122 29.427122 29.427122 29.427122 29.427122 29.427122 29.427122
 29.427122 29.427122 29.427122 29.427122 29.427122]",[ 34.5   103.417  22.583],355.0,29,2019,7,4
"[20.291353 20.291353 20.291353 20.291353 20.291353 20.291353 20.291353
 20.291353 20.291353 20.291353 20.291353 20.291353]",[ 54.3   103.417  22.583],355.0,30,2019,7,4
"[18.613352 18.613352 18.613352 18.613352 18.613352 18.613352 18.613352
 18.613352 18.613352 18.613352 18.613352 18.613352]",[ 62.7   103.417  22.583],355.0,31,2019,7,4
"[44.653404 44.653404 44.653404 44.653404 44.653404 44.653404 44.653404
 44.653404 44.653404 44.653404 44.653404 44.653404]",[ 66.    103.417  22.583],355.0,32,2019,7,4
"[57.33162 57.33162 57.33162 57.33162 57.33162 57.33162 57.33162 57.33162
 57.33162 57.33162 57.33162 57.33162]",[ 45.3   103.417  22.583],355.0,33,2019,7,4
"[71.128494 71.128494 71.128494 71.128494 71.128494 71.128494 71.128494
 71.128494 71.128494 71.128494 71.128494 71.128494]",[ 31.5   103.417  22.583],355.0,34,2019,7,4
"[78.710556 78.710556 78.710556 78.710556 78.710556 78.710556 78.710556
 78.710556 78.710556 78.710556 78.710556 78.710556]",[ 34.8   103.417  22.583],355.0,35,2019,7,4
"[84.894295 84.894295 84.894295 84.894295 84.894295 84.894295 84.894295
 84.894295 84.894295 84.894295 84.894295 84.894295]",[ 34.8   103.417  22.583],355.0,36,2019,7,4
"[88.80963 88.80963 88.80963 88.80963 88.80963 88.80963 88.80963 88.80963
 88.80963 88.80963 88.80963 88.80963]",[ 15.    103.417  22.583],355.0,37,2019,7,4
"[143.25136 143.25136 143.25136 143.25136 143.25136 143.25136 143.25136
 143.25136 143.25136 143.25136 143.25136 143.25136]",[  6.6   103.417  22.583],355.0,38,2019,7,4
"[142.78525 142.78525 142.78525 142.78525 142.78525 142.78525 142.78525
 142.78525 142.78525 142.78525 142.78525 142.78525]",[  4.7   103.417  22.583],355.0,39,2019,7,4
"[135.4207 135.4207 135.4207 135.4207 135.4207 135.4207 135.4207 135.4207
 135.4207 135.4207 135.4207 135.4207]",[  4.7   103.417  22.583],355.0,40,2019,7,4
"[126.409225 126.409225 126.409225 126.409225 126.409225 126.409225
 126.409225 126.409225 126.409225 126.409225 126.409225 126.409225]",[  4.7   103.417  22.583],355.0,41,2019,7,4
"[122.77356 122.77356 122.77356 122.77356 122.77356 122.77356 122.77356
 122.77356 122.77356 122.77356 122.77356 122.77356]",[  1.4   103.417  22.583],355.0,42,2019,7,4
"[119.26219 119.26219 119.26219 119.26219 119.26219 119.26219 119.26219
 119.26219 119.26219 119.26219 119.26219 119.26219]",[  1.4   103.417  22.583],355.0,43,2019,7,4
"[116.900566 116.900566 116.900566 116.900566 116.900566 116.900566
 116.900566 116.900566 116.900566 116.900566 116.900566 116.900566]",[  1.4   103.417  22.583],355.0,44,2019,7,4
"[62.893867 62.893867 62.893867 62.893867 62.893867 62.893867 62.893867
 62.893867 62.893867 62.893867 62.893867 62.893867]",[  1.4   103.417  22.583],355.0,45,2019,7,4
"[48.35121 48.35121 48.35121 48.35121 48.35121 48.35121 48.35121 48.35121
 48.35121 48.35121 48.35121 48.35121]",[  0.    103.417  22.583],355.0,46,2019,7,4
"[20.26028 20.26028 20.26028 20.26028 20.26028 20.26028 20.26028 20.26028
 20.26028 20.26028 20.26028 20.26028]",[ 31.    103.417  22.583],355.0,7,2020,7,4
"[7.861737 7.861737 7.861737 7.861737 7.861737 7.861737 7.861737 7.861737
 7.861737 7.861737 7.861737 7.861737]",[ 65.4   103.417  22.583],355.0,8,2020,7,4
"[7.3334785 7.3334785 7.3334785 7.3334785 7.3334785 7.3334785 7.3334785
 7.3334785 7.3334785 7.3334785 7.3334785 7.3334785]",[ 66.8   103.417  22.583],355.0,9,2020,7,4
"[11.932436 11.932436 11.932436 11.932436 11.932436 11.932436 11.932436
 11.932436 11.932436 11.932436 11.932436 11.932436]",[ 66.8   103.417  22.583],355.0,10,2020,7,4
"[17.525766 17.525766 17.525766 17.525766 17.525766 17.525766 17.525766
 17.525766 17.525766 17.525766 17.525766 17.525766]",[ 64.6   103.417  22.583],355.0,11,2020,7,4
"[18.364763 18.364763 18.364763 18.364763 18.364763 18.364763 18.364763
 18.364763 18.364763 18.364763 18.364763 18.364763]",[ 64.6   103.417  22.583],355.0,12,2020,7,4
"[28.308458 28.308458 28.308458 28.308458 28.308458 28.308458 28.308458
 28.308458 28.308458 28.308458 28.308458 28.308458]",[ 44.5   103.417  22.583],355.0,13,2020,7,4
"[29.08531 29.08531 29.08531 29.08531 29.08531 29.08531 29.08531 29.08531
 29.08531 29.08531 29.08531 29.08531]",[ 35.8   103.417  22.583],355.0,14,2020,7,4
"[27.469456 27.469456 27.469456 27.469456 27.469456 27.469456 27.469456
 27.469456 27.469456 27.469456 27.469456 27.469456]",[  5.    103.417  22.583],355.0,15,2020,7,4
"[26.19542 26.19542 26.19542 26.19542 26.19542 26.19542 26.19542 26.19542
 26.19542 26.19542 26.19542 26.19542]",[ 20.1   103.417  22.583],355.0,16,2020,7,4
"[29.89323 29.89323 29.89323 29.89323 29.89323 29.89323 29.89323 29.89323
 29.89323 29.89323 29.89323 29.89323]",[ 20.9   103.417  22.583],355.0,17,2020,7,4
"[26.412937 26.412937 26.412937 26.412937 26.412937 26.412937 26.412937
 26.412937 26.412937 26.412937 26.412937 26.412937]",[ 20.9   103.417  22.583],355.0,18,2020,7,4
"[26.9412 26.9412 26.9412 26.9412 26.9412 26.9412 26.9412 26.9412 26.9412
 26.9412 26.9412 26.9412]",[ 20.9   103.417  22.583],355.0,19,2020,7,4
"[26.910126 26.910126 26.910126 26.910126 26.910126 26.910126 26.910126
 26.910126 26.910126 26.910126 26.910126 26.910126]",[ 20.9   103.417  22.583],355.0,20,2020,7,4
"[41.670296 41.670296 41.670296 41.670296 41.670296 41.670296 41.670296
 41.670296 41.670296 41.670296 41.670296 41.670296]",[ 20.9   103.417  22.583],355.0,21,2020,7,4
"[67.77249 67.77249 67.77249 67.77249 67.77249 67.77249 67.77249 67.77249
 67.77249 67.77249 67.77249 67.77249]",[ 17.3   103.417  22.583],355.0,22,2020,7,4
"[83.12307 83.12307 83.12307 83.12307 83.12307 83.12307 83.12307 83.12307
 83.12307 83.12307 83.12307 83.12307]",[ 11.8   103.417  22.583],355.0,23,2020,7,4
"[80.45071 80.45071 80.45071 80.45071 80.45071 80.45071 80.45071 80.45071
 80.45071 80.45071 80.45071 80.45071]",[ 22.4   103.417  22.583],355.0,24,2020,7,4
"[84.552475 84.552475 84.552475 84.552475 84.552475 84.552475 84.552475
 84.552475 84.552475 84.552475 84.552475 84.552475]",[ 22.4   103.417  22.583],355.0,25,2020,7,4
"[84.17959 84.17959 84.17959 84.17959 84.17959 84.17959 84.17959 84.17959
 84.17959 84.17959 84.17959 84.17959]",[ 22.4   103.417  22.583],355.0,26,2020,7,4
"[74.01838 74.01838 74.01838 74.01838 74.01838 74.01838 74.01838 74.01838
 74.01838 74.01838 74.01838 74.01838]",[ 22.4   103.417  22.583],355.0,27,2020,7,4
"[59.07177 59.07177 59.07177 59.07177 59.07177 59.07177 59.07177 59.07177
 59.07177 59.07177 59.07177 59.07177]",[ 22.4   103.417  22.583],355.0,28,2020,7,4
"[33.21816 33.21816 33.21816 33.21816 33.21816 33.21816 33.21816 33.21816
 33.21816 33.21816 33.21816 33.21816]",[ 25.5   103.417  22.583],355.0,29,2020,7,4
"[18.457985 18.457985 18.457985 18.457985 18.457985 18.457985 18.457985
 18.457985 18.457985 18.457985 18.457985 18.457985]",[ 17.7   103.417  22.583],355.0,30,2020,7,4
"[11.745991 11.745991 11.745991 11.745991 11.745991 11.745991 11.745991
 11.745991 11.745991 11.745991 11.745991 11.745991]",[  8.3   103.417  22.583],355.0,31,2020,7,4
"[12.5849905 12.5849905 12.5849905 12.5849905 12.5849905 12.5849905
 12.5849905 12.5849905 12.5849905 12.5849905 12.5849905 12.5849905]",[ 31.2   103.417  22.583],355.0,32,2020,7,4
"[19.390207 19.390207 19.390207 19.390207 19.390207 19.390207 19.390207
 19.390207 19.390207 19.390207 19.390207 19.390207]",[ 40.5   103.417  22.583],355.0,33,2020,7,4
"[22.528687 22.528687 22.528687 22.528687 22.528687 22.528687 22.528687
 22.528687 22.528687 22.528687 22.528687 22.528687]",[ 47.1   103.417  22.583],355.0,34,2020,7,4
"[24.455276 24.455276 24.455276 24.455276 24.455276 24.455276 24.455276
 24.455276 24.455276 24.455276 24.455276 24.455276]",[ 47.1   103.417  22.583],355.0,35,2020,7,4
"[27.624828 27.624828 27.624828 27.624828 27.624828 27.624828 27.624828
 27.624828 27.624828 27.624828 27.624828 27.624828]",[ 44.    103.417  22.583],355.0,36,2020,7,4
"[36.79167 36.79167 36.79167 36.79167 36.79167 36.79167 36.79167 36.79167
 36.79167 36.79167 36.79167 36.79167]",[ 40.8   103.417  22.583],355.0,37,2020,7,4
"[64.32328 64.32328 64.32328 64.32328 64.32328 64.32328 64.32328 64.32328
 64.32328 64.32328 64.32328 64.32328]",[ 38.8   103.417  22.583],355.0,38,2020,7,4
"[85.20503 85.20503 85.20503 85.20503 85.20503 85.20503 85.20503 85.20503
 85.20503 85.20503 85.20503 85.20503]",[ 15.9   103.417  22.583],355.0,39,2020,7,4
"[82.1287 82.1287 82.1287 82.1287 82.1287 82.1287 82.1287 82.1287 82.1287
 82.1287 82.1287 82.1287]",[ 19.7   103.417  22.583],355.0,40,2020,7,4
"[99.80983 99.80983 99.80983 99.80983 99.80983 99.80983 99.80983 99.80983
 99.80983 99.80983 99.80983 99.80983]",[ 22.9   103.417  22.583],355.0,41,2020,7,4
"[165.81111 165.81111 165.81111 165.81111 165.81111 165.81111 165.81111
 165.81111 165.81111 165.81111 165.81111 165.81111]",[ 56.2   103.417  22.583],355.0,42,2020,7,4
"[183.83406 183.83406 183.83406 183.83406 183.83406 183.83406 183.83406
 183.83406 183.83406 183.83406 183.83406 183.83406]",[103.2   103.417  22.583],355.0,43,2020,7,4
"[189.42738 189.42738 189.42738 189.42738 189.42738 189.42738 189.42738
 189.42738 189.42738 189.42738 189.42738 189.42738]",[123.5   103.417  22.583],355.0,44,2020,7,4
"[166.83655 166.83655 166.83655 166.83655 166.83655 166.83655 166.83655
 166.83655 166.83655 166.83655 166.83655 166.83655]",[135.8   103.417  22.583],355.0,45,2020,7,4
"[139.2428 139.2428 139.2428 139.2428 139.2428 139.2428 139.2428 139.2428
 139.2428 139.2428 139.2428 139.2428]",[137.1   103.417  22.583],355.0,46,2020,7,4
"[85.70222 85.70222 85.70222 85.70222 85.70222 85.70222 85.70222 85.70222
 85.70222 85.70222 85.70222 85.70222]",[ 11.    103.417  22.583],355.0,7,2021,7,4
"[86.572296 86.572296 86.572296 86.572296 86.572296 86.572296 86.572296
 86.572296 86.572296 86.572296 86.572296 86.572296]",[ 11.    103.417  22.583],355.0,8,2021,7,4
"[82.22193 82.22193 82.22193 82.22193 82.22193 82.22193 82.22193 82.22193
 82.22193 82.22193 82.22193 82.22193]",[ 11.    103.417  22.583],355.0,9,2021,7,4
"[83.99315 83.99315 83.99315 83.99315 83.99315 83.99315 83.99315 83.99315
 83.99315 83.99315 83.99315 83.99315]",[ 11.    103.417  22.583],355.0,10,2021,7,4
"[72.58898 72.58898 72.58898 72.58898 72.58898 72.58898 72.58898 72.58898
 72.58898 72.58898 72.58898 72.58898]",[  1.    103.417  22.583],355.0,11,2021,7,4
"[46.517845 46.517845 46.517845 46.517845 46.517845 46.517845 46.517845
 46.517845 46.517845 46.517845 46.517845 46.517845]",[  0.    103.417  22.583],355.0,12,2021,7,4
"[42.47822 42.47822 42.47822 42.47822 42.47822 42.47822 42.47822 42.47822
 42.47822 42.47822 42.47822 42.47822]",[  0.    103.417  22.583],355.0,13,2021,7,4
"[50.24673 50.24673 50.24673 50.24673 50.24673 50.24673 50.24673 50.24673
 50.24673 50.24673 50.24673 50.24673]",[  0.    103.417  22.583],355.0,14,2021,7,4
"[48.38229 48.38229 48.38229 48.38229 48.38229 48.38229 48.38229 48.38229
 48.38229 48.38229 48.38229 48.38229]",[ 29.8   103.417  22.583],355.0,15,2021,7,4
"[46.02066 46.02066 46.02066 46.02066 46.02066 46.02066 46.02066 46.02066
 46.02066 46.02066 46.02066 46.02066]",[ 49.5   103.417  22.583],355.0,16,2021,7,4
"[51.054657 51.054657 51.054657 51.054657 51.054657 51.054657 51.054657
 51.054657 51.054657 51.054657 51.054657 51.054657]",[ 61.9   103.417  22.583],355.0,17,2021,7,4
"[68.052155 68.052155 68.052155 68.052155 68.052155 68.052155 68.052155
 68.052155 68.052155 68.052155 68.052155 68.052155]",[115.6   103.417  22.583],355.0,18,2021,7,4
[84.77 84.77 84.77 84.77 84.77 84.77 84.77 84.77 84.77 84.77 84.77 84.77],[116.4   103.417  22.583],355.0,19,2021,7,4
"[105.30994 105.30994 105.30994 105.30994 105.30994 105.30994 105.30994
 105.30994 105.30994 105.30994 105.30994 105.30994]",[116.4   103.417  22.583],355.0,20,2021,7,4
"[104.1602 104.1602 104.1602 104.1602 104.1602 104.1602 104.1602 104.1602
 104.1602 104.1602 104.1602 104.1602]",[146.4   103.417  22.583],355.0,21,2021,7,4
"[114.78752 114.78752 114.78752 114.78752 114.78752 114.78752 114.78752
 114.78752 114.78752 114.78752 114.78752 114.78752]",[161.6   103.417  22.583],355.0,22,2021,7,4
"[121.530594 121.530594 121.530594 121.530594 121.530594 121.530594
 121.530594 121.530594 121.530594 121.530594 121.530594 121.530594]",[141.9   103.417  22.583],355.0,23,2021,7,4
"[117.3356 117.3356 117.3356 117.3356 117.3356 117.3356 117.3356 117.3356
 117.3356 117.3356 117.3356 117.3356]",[129.5   103.417  22.583],355.0,24,2021,7,4
"[129.48555 129.48555 129.48555 129.48555 129.48555 129.48555 129.48555
 129.48555 129.48555 129.48555 129.48555 129.48555]",[ 75.8   103.417  22.583],355.0,25,2021,7,4
"[163.23196 163.23196 163.23196 163.23196 163.23196 163.23196 163.23196
 163.23196 163.23196 163.23196 163.23196 163.23196]",[ 75.    103.417  22.583],355.0,26,2021,7,4
"[179.01758 179.01758 179.01758 179.01758 179.01758 179.01758 179.01758
 179.01758 179.01758 179.01758 179.01758 179.01758]",[ 79.2   103.417  22.583],355.0,27,2021,7,4
"[177.40173 177.40173 177.40173 177.40173 177.40173 177.40173 177.40173
 177.40173 177.40173 177.40173 177.40173 177.40173]",[111.9   103.417  22.583],355.0,28,2021,7,4
"[175.25763 175.25763 175.25763 175.25763 175.25763 175.25763 175.25763
 175.25763 175.25763 175.25763 175.25763 175.25763]",[ 66.9   103.417  22.583],355.0,29,2021,7,4
"[170.68973 170.68973 170.68973 170.68973 170.68973 170.68973 170.68973
 170.68973 170.68973 170.68973 170.68973 170.68973]",[100.5   103.417  22.583],355.0,30,2021,7,4
"[168.42133 168.42133 168.42133 168.42133 168.42133 168.42133 168.42133
 168.42133 168.42133 168.42133 168.42133 168.42133]",[100.5   103.417  22.583],355.0,31,2021,7,4
"[158.53978 158.53978 158.53978 158.53978 158.53978 158.53978 158.53978
 158.53978 158.53978 158.53978 158.53978 158.53978]",[100.5   103.417  22.583],355.0,32,2021,7,4
"[134.67491 134.67491 134.67491 134.67491 134.67491 134.67491 134.67491
 134.67491 134.67491 134.67491 134.67491 134.67491]",[100.5   103.417  22.583],355.0,33,2021,7,4
"[113.45134 113.45134 113.45134 113.45134 113.45134 113.45134 113.45134
 113.45134 113.45134 113.45134 113.45134 113.45134]",[ 96.3   103.417  22.583],355.0,34,2021,7,4
"[138.52809 138.52809 138.52809 138.52809 138.52809 138.52809 138.52809
 138.52809 138.52809 138.52809 138.52809 138.52809]",[ 33.6   103.417  22.583],355.0,35,2021,7,4
"[132.37543 132.37543 132.37543 132.37543 132.37543 132.37543 132.37543
 132.37543 132.37543 132.37543 132.37543 132.37543]",[ 33.6   103.417  22.583],355.0,36,2021,7,4
"[133.27658 133.27658 133.27658 133.27658 133.27658 133.27658 133.27658
 133.27658 133.27658 133.27658 133.27658 133.27658]",[ 16.3   103.417  22.583],355.0,37,2021,7,4
"[134.86136 134.86136 134.86136 134.86136 134.86136 134.86136 134.86136
 134.86136 134.86136 134.86136 134.86136 134.86136]",[ 74.7   103.417  22.583],355.0,38,2021,7,4
"[111.99086 111.99086 111.99086 111.99086 111.99086 111.99086 111.99086
 111.99086 111.99086 111.99086 111.99086 111.99086]",[ 75.2   103.417  22.583],355.0,39,2021,7,4
"[81.47615 81.47615 81.47615 81.47615 81.47615 81.47615 81.47615 81.47615
 81.47615 81.47615 81.47615 81.47615]",[115.4   103.417  22.583],355.0,40,2021,7,4
"[65.286575 65.286575 65.286575 65.286575 65.286575 65.286575 65.286575
 65.286575 65.286575 65.286575 65.286575 65.286575]",[120.2   103.417  22.583],355.0,41,2021,7,4
"[37.568523 37.568523 37.568523 37.568523 37.568523 37.568523 37.568523
 37.568523 37.568523 37.568523 37.568523 37.568523]",[151.5   103.417  22.583],355.0,42,2021,7,4
"[35.548714 35.548714 35.548714 35.548714 35.548714 35.548714 35.548714
 35.548714 35.548714 35.548714 35.548714 35.548714]",[163.7   103.417  22.583],355.0,43,2021,7,4
"[33.280308 33.280308 33.280308 33.280308 33.280308 33.280308 33.280308
 33.280308 33.280308 33.280308 33.280308 33.280308]",[157.1   103.417  22.583],355.0,44,2021,7,4
"[27.780205 27.780205 27.780205 27.780205 27.780205 27.780205 27.780205
 27.780205 27.780205 27.780205 27.780205 27.780205]",[ 98.7   103.417  22.583],355.0,45,2021,7,4
"[35.144753 35.144753 35.144753 35.144753 35.144753 35.144753 35.144753
 35.144753 35.144753 35.144753 35.144753 35.144753]",[ 98.2   103.417  22.583],355.0,46,2021,7,4
"[91.59498 91.59498 91.59498 91.59498 91.59498 91.59498 91.59498 91.59498
 91.59498 91.59498 91.59498 91.59498]",[  9.6   103.417  22.583],355.0,7,2018,7,7
"[80.13861 80.13861 80.13861 80.13861 80.13861 80.13861 80.13861 80.13861
 80.13861 80.13861 80.13861 80.13861]",[ 10.5   103.417  22.583],355.0,8,2018,7,7
"[62.68794 62.68794 62.68794 62.68794 62.68794 62.68794 62.68794 62.68794
 62.68794 62.68794 62.68794 62.68794]",[  8.9   103.417  22.583],355.0,9,2018,7,7
"[54.508816 54.508816 54.508816 54.508816 54.508816 54.508816 54.508816
 54.508816 54.508816 54.508816 54.508816 54.508816]",[  8.9   103.417  22.583],355.0,10,2018,7,7
"[43.864754 43.864754 43.864754 43.864754 43.864754 43.864754 43.864754
 43.864754 43.864754 43.864754 43.864754 43.864754]",[ 13.4   103.417  22.583],355.0,11,2018,7,7
"[34.98536 34.98536 34.98536 34.98536 34.98536 34.98536 34.98536 34.98536
 34.98536 34.98536 34.98536 34.98536]",[ 25.8   103.417  22.583],355.0,12,2018,7,7
"[30.58768 30.58768 30.58768 30.58768 30.58768 30.58768 30.58768 30.58768
 30.58768 30.58768 30.58768 30.58768]",[ 44.3   103.417  22.583],355.0,13,2018,7,7
"[31.596067 31.596067 31.596067 31.596067 31.596067 31.596067 31.596067
 31.596067 31.596067 31.596067 31.596067 31.596067]",[ 50.2   103.417  22.583],355.0,14,2018,7,7
"[33.948967 33.948967 33.948967 33.948967 33.948967 33.948967 33.948967
 33.948967 33.948967 33.948967 33.948967 33.948967]",[ 44.2   103.417  22.583],355.0,15,2018,7,7
"[45.013187 45.013187 45.013187 45.013187 45.013187 45.013187 45.013187
 45.013187 45.013187 45.013187 45.013187 45.013187]",[ 66.5   103.417  22.583],355.0,16,2018,7,7
"[68.29008 68.29008 68.29008 68.29008 68.29008 68.29008 68.29008 68.29008
 68.29008 68.29008 68.29008 68.29008]",[ 66.5   103.417  22.583],355.0,17,2018,7,7
"[87.113266 87.113266 87.113266 87.113266 87.113266 87.113266 87.113266
 87.113266 87.113266 87.113266 87.113266 87.113266]",[ 59.5   103.417  22.583],355.0,18,2018,7,7
"[100.36233 100.36233 100.36233 100.36233 100.36233 100.36233 100.36233
 100.36233 100.36233 100.36233 100.36233 100.36233]",[ 78.    103.417  22.583],355.0,19,2018,7,7
"[103.07937 103.07937 103.07937 103.07937 103.07937 103.07937 103.07937
 103.07937 103.07937 103.07937 103.07937 103.07937]",[ 76.7   103.417  22.583],355.0,20,2018,7,7
"[102.21104 102.21104 102.21104 102.21104 102.21104 102.21104 102.21104
 102.21104 102.21104 102.21104 102.21104 102.21104]",[ 74.4   103.417  22.583],355.0,21,2018,7,7
"[114.4237 114.4237 114.4237 114.4237 114.4237 114.4237 114.4237 114.4237
 114.4237 114.4237 114.4237 114.4237]",[ 92.3   103.417  22.583],355.0,22,2018,7,7
"[129.8576 129.8576 129.8576 129.8576 129.8576 129.8576 129.8576 129.8576
 129.8576 129.8576 129.8576 129.8576]",[ 80.5   103.417  22.583],355.0,23,2018,7,7
"[112.54698 112.54698 112.54698 112.54698 112.54698 112.54698 112.54698
 112.54698 112.54698 112.54698 112.54698 112.54698]",[110.6   103.417  22.583],355.0,24,2018,7,7
"[95.15233 95.15233 95.15233 95.15233 95.15233 95.15233 95.15233 95.15233
 95.15233 95.15233 95.15233 95.15233]",[116.1   103.417  22.583],355.0,25,2018,7,7
"[84.648315 84.648315 84.648315 84.648315 84.648315 84.648315 84.648315
 84.648315 84.648315 84.648315 84.648315 84.648315]",[ 97.5   103.417  22.583],355.0,26,2018,7,7
"[82.071335 82.071335 82.071335 82.071335 82.071335 82.071335 82.071335
 82.071335 82.071335 82.071335 82.071335 82.071335]",[ 85.8   103.417  22.583],355.0,27,2018,7,7
"[88.233696 88.233696 88.233696 88.233696 88.233696 88.233696 88.233696
 88.233696 88.233696 88.233696 88.233696 88.233696]",[110.4   103.417  22.583],355.0,28,2018,7,7
"[78.345924 78.345924 78.345924 78.345924 78.345924 78.345924 78.345924
 78.345924 78.345924 78.345924 78.345924 78.345924]",[ 97.7   103.417  22.583],355.0,29,2018,7,7
"[53.108284 53.108284 53.108284 53.108284 53.108284 53.108284 53.108284
 53.108284 53.108284 53.108284 53.108284 53.108284]",[ 98.8   103.417  22.583],355.0,30,2018,7,7
"[48.234425 48.234425 48.234425 48.234425 48.234425 48.234425 48.234425
 48.234425 48.234425 48.234425 48.234425 48.234425]",[ 72.3   103.417  22.583],355.0,31,2018,7,7
"[57.618008 57.618008 57.618008 57.618008 57.618008 57.618008 57.618008
 57.618008 57.618008 57.618008 57.618008 57.618008]",[ 68.8   103.417  22.583],355.0,32,2018,7,7
"[84.03209 84.03209 84.03209 84.03209 84.03209 84.03209 84.03209 84.03209
 84.03209 84.03209 84.03209 84.03209]",[ 68.    103.417  22.583],355.0,33,2018,7,7
"[106.02049 106.02049 106.02049 106.02049 106.02049 106.02049 106.02049
 106.02049 106.02049 106.02049 106.02049 106.02049]",[ 62.5   103.417  22.583],355.0,34,2018,7,7
"[106.94485 106.94485 106.94485 106.94485 106.94485 106.94485 106.94485
 106.94485 106.94485 106.94485 106.94485 106.94485]",[ 34.9   103.417  22.583],355.0,35,2018,7,7
"[105.06812 105.06812 105.06812 105.06812 105.06812 105.06812 105.06812
 105.06812 105.06812 105.06812 105.06812 105.06812]",[ 33.2   103.417  22.583],355.0,36,2018,7,7
"[112.378914 112.378914 112.378914 112.378914 112.378914 112.378914
 112.378914 112.378914 112.378914 112.378914 112.378914 112.378914]",[ 27.    103.417  22.583],355.0,37,2018,7,7
"[112.49095 112.49095 112.49095 112.49095 112.49095 112.49095 112.49095
 112.49095 112.49095 112.49095 112.49095 112.49095]",[ 23.4   103.417  22.583],355.0,38,2018,7,7
"[104.84403 104.84403 104.84403 104.84403 104.84403 104.84403 104.84403
 104.84403 104.84403 104.84403 104.84403 104.84403]",[ 24.9   103.417  22.583],355.0,39,2018,7,7
"[77.11345 77.11345 77.11345 77.11345 77.11345 77.11345 77.11345 77.11345
 77.11345 77.11345 77.11345 77.11345]",[ 66.7   103.417  22.583],355.0,40,2018,7,7
"[53.024254 53.024254 53.024254 53.024254 53.024254 53.024254 53.024254
 53.024254 53.024254 53.024254 53.024254 53.024254]",[ 79.7   103.417  22.583],355.0,41,2018,7,7
"[45.349323 45.349323 45.349323 45.349323 45.349323 45.349323 45.349323
 45.349323 45.349323 45.349323 45.349323 45.349323]",[ 79.3   103.417  22.583],355.0,42,2018,7,7
"[44.64905 44.64905 44.64905 44.64905 44.64905 44.64905 44.64905 44.64905
 44.64905 44.64905 44.64905 44.64905]",[ 75.8   103.417  22.583],355.0,43,2018,7,7
"[53.30435 53.30435 53.30435 53.30435 53.30435 53.30435 53.30435 53.30435
 53.30435 53.30435 53.30435 53.30435]",[ 78.5   103.417  22.583],355.0,44,2018,7,7
"[67.05761 67.05761 67.05761 67.05761 67.05761 67.05761 67.05761 67.05761
 67.05761 67.05761 67.05761 67.05761]",[ 78.5   103.417  22.583],355.0,45,2018,7,7
"[74.95663 74.95663 74.95663 74.95663 74.95663 74.95663 74.95663 74.95663
 74.95663 74.95663 74.95663 74.95663]",[120.4   103.417  22.583],355.0,46,2018,7,7
"[16.078138 16.078138 16.078138 16.078138 16.078138 16.078138 16.078138
 16.078138 16.078138 16.078138 16.078138 16.078138]",[ 20.9   103.417  22.583],355.0,7,2019,7,7
"[16.722385 16.722385 16.722385 16.722385 16.722385 16.722385 16.722385
 16.722385 16.722385 16.722385 16.722385 16.722385]",[ 22.1   103.417  22.583],355.0,8,2019,7,7
"[21.400173 21.400173 21.400173 21.400173 21.400173 21.400173 21.400173
 21.400173 21.400173 21.400173 21.400173 21.400173]",[ 74.6   103.417  22.583],355.0,9,2019,7,7
"[35.04138 35.04138 35.04138 35.04138 35.04138 35.04138 35.04138 35.04138
 35.04138 35.04138 35.04138 35.04138]",[ 65.8   103.417  22.583],355.0,10,2019,7,7
"[34.369125 34.369125 34.369125 34.369125 34.369125 34.369125 34.369125
 34.369125 34.369125 34.369125 34.369125 34.369125]",[ 62.6   103.417  22.583],355.0,11,2019,7,7
"[30.8958 30.8958 30.8958 30.8958 30.8958 30.8958 30.8958 30.8958 30.8958
 30.8958 30.8958 30.8958]",[ 62.6   103.417  22.583],355.0,12,2019,7,7
"[30.335588 30.335588 30.335588 30.335588 30.335588 30.335588 30.335588
 30.335588 30.335588 30.335588 30.335588 30.335588]",[ 62.6   103.417  22.583],355.0,13,2019,7,7
"[37.366272 37.366272 37.366272 37.366272 37.366272 37.366272 37.366272
 37.366272 37.366272 37.366272 37.366272 37.366272]",[ 56.8   103.417  22.583],355.0,14,2019,7,7
"[42.156097 42.156097 42.156097 42.156097 42.156097 42.156097 42.156097
 42.156097 42.156097 42.156097 42.156097 42.156097]",[ 83.8   103.417  22.583],355.0,15,2019,7,7
"[40.67153 40.67153 40.67153 40.67153 40.67153 40.67153 40.67153 40.67153
 40.67153 40.67153 40.67153 40.67153]",[ 49.5   103.417  22.583],355.0,16,2019,7,7
"[24.733444 24.733444 24.733444 24.733444 24.733444 24.733444 24.733444
 24.733444 24.733444 24.733444 24.733444 24.733444]",[ 46.4   103.417  22.583],355.0,17,2019,7,7
"[21.148079 21.148079 21.148079 21.148079 21.148079 21.148079 21.148079
 21.148079 21.148079 21.148079 21.148079 21.148079]",[ 47.5   103.417  22.583],355.0,18,2019,7,7
"[20.167702 20.167702 20.167702 20.167702 20.167702 20.167702 20.167702
 20.167702 20.167702 20.167702 20.167702 20.167702]",[ 51.6   103.417  22.583],355.0,19,2019,7,7
"[27.506504 27.506504 27.506504 27.506504 27.506504 27.506504 27.506504
 27.506504 27.506504 27.506504 27.506504 27.506504]",[ 51.6   103.417  22.583],355.0,20,2019,7,7
"[30.50365 30.50365 30.50365 30.50365 30.50365 30.50365 30.50365 30.50365
 30.50365 30.50365 30.50365 30.50365]",[ 51.6   103.417  22.583],355.0,21,2019,7,7
"[28.45887 28.45887 28.45887 28.45887 28.45887 28.45887 28.45887 28.45887
 28.45887 28.45887 28.45887 28.45887]",[ 23.4   103.417  22.583],355.0,22,2019,7,7
"[27.618547 27.618547 27.618547 27.618547 27.618547 27.618547 27.618547
 27.618547 27.618547 27.618547 27.618547 27.618547]",[ 25.9   103.417  22.583],355.0,23,2019,7,7
"[28.626934 28.626934 28.626934 28.626934 28.626934 28.626934 28.626934
 28.626934 28.626934 28.626934 28.626934 28.626934]",[ 39.7   103.417  22.583],355.0,24,2019,7,7
"[28.738976 28.738976 28.738976 28.738976 28.738976 28.738976 28.738976
 28.738976 28.738976 28.738976 28.738976 28.738976]",[ 38.6   103.417  22.583],355.0,25,2019,7,7
"[35.825684 35.825684 35.825684 35.825684 35.825684 35.825684 35.825684
 35.825684 35.825684 35.825684 35.825684 35.825684]",[ 34.5   103.417  22.583],355.0,26,2019,7,7
"[48.682594 48.682594 48.682594 48.682594 48.682594 48.682594 48.682594
 48.682594 48.682594 48.682594 48.682594 48.682594]",[ 54.3   103.417  22.583],355.0,27,2019,7,7
"[61.063324 61.063324 61.063324 61.063324 61.063324 61.063324 61.063324
 61.063324 61.063324 61.063324 61.063324 61.063324]",[ 62.7   103.417  22.583],355.0,28,2019,7,7
"[64.73272 64.73272 64.73272 64.73272 64.73272 64.73272 64.73272 64.73272
 64.73272 64.73272 64.73272 64.73272]",[ 66.    103.417  22.583],355.0,29,2019,7,7
"[69.99873 69.99873 69.99873 69.99873 69.99873 69.99873 69.99873 69.99873
 69.99873 69.99873 69.99873 69.99873]",[ 45.3   103.417  22.583],355.0,30,2019,7,7
"[72.82782 72.82782 72.82782 72.82782 72.82782 72.82782 72.82782 72.82782
 72.82782 72.82782 72.82782 72.82782]",[ 31.5   103.417  22.583],355.0,31,2019,7,7
"[87.81353 87.81353 87.81353 87.81353 87.81353 87.81353 87.81353 87.81353
 87.81353 87.81353 87.81353 87.81353]",[ 34.8   103.417  22.583],355.0,32,2019,7,7
"[85.85278 85.85278 85.85278 85.85278 85.85278 85.85278 85.85278 85.85278
 85.85278 85.85278 85.85278 85.85278]",[ 34.8   103.417  22.583],355.0,33,2019,7,7
"[122.46277 122.46277 122.46277 122.46277 122.46277 122.46277 122.46277
 122.46277 122.46277 122.46277 122.46277 122.46277]",[ 15.    103.417  22.583],355.0,34,2019,7,7
"[199.38196 199.38196 199.38196 199.38196 199.38196 199.38196 199.38196
 199.38196 199.38196 199.38196 199.38196 199.38196]",[  6.6   103.417  22.583],355.0,35,2019,7,7
"[291.8751 291.8751 291.8751 291.8751 291.8751 291.8751 291.8751 291.8751
 291.8751 291.8751 291.8751 291.8751]",[  4.7   103.417  22.583],355.0,36,2019,7,7
"[320.83813 320.83813 320.83813 320.83813 320.83813 320.83813 320.83813
 320.83813 320.83813 320.83813 320.83813 320.83813]",[  4.7   103.417  22.583],355.0,37,2019,7,7
"[328.68112 328.68112 328.68112 328.68112 328.68112 328.68112 328.68112
 328.68112 328.68112 328.68112 328.68112 328.68112]",[  4.7   103.417  22.583],355.0,38,2019,7,7
"[319.1575 319.1575 319.1575 319.1575 319.1575 319.1575 319.1575 319.1575
 319.1575 319.1575 319.1575 319.1575]",[  1.4   103.417  22.583],355.0,39,2019,7,7
"[314.4797 314.4797 314.4797 314.4797 314.4797 314.4797 314.4797 314.4797
 314.4797 314.4797 314.4797 314.4797]",[  1.4   103.417  22.583],355.0,40,2019,7,7
"[261.84763 261.84763 261.84763 261.84763 261.84763 261.84763 261.84763
 261.84763 261.84763 261.84763 261.84763 261.84763]",[  1.4   103.417  22.583],355.0,41,2019,7,7
"[172.68774 172.68774 172.68774 172.68774 172.68774 172.68774 172.68774
 172.68774 172.68774 172.68774 172.68774 172.68774]",[  1.4   103.417  22.583],355.0,42,2019,7,7
"[73.83619 73.83619 73.83619 73.83619 73.83619 73.83619 73.83619 73.83619
 73.83619 73.83619 73.83619 73.83619]",[  0.    103.417  22.583],355.0,43,2019,7,7
"[42.9404 42.9404 42.9404 42.9404 42.9404 42.9404 42.9404 42.9404 42.9404
 42.9404 42.9404 42.9404]",[  0.    103.417  22.583],355.0,44,2019,7,7
"[47.36609 47.36609 47.36609 47.36609 47.36609 47.36609 47.36609 47.36609
 47.36609 47.36609 47.36609 47.36609]",[  0.    103.417  22.583],355.0,45,2019,7,7
"[52.29597 52.29597 52.29597 52.29597 52.29597 52.29597 52.29597 52.29597
 52.29597 52.29597 52.29597 52.29597]",[  0.    103.417  22.583],355.0,46,2019,7,7
"[7.394827 7.394827 7.394827 7.394827 7.394827 7.394827 7.394827 7.394827
 7.394827 7.394827 7.394827 7.394827]",[ 66.8   103.417  22.583],355.0,7,2020,7,7
"[6.1623583 6.1623583 6.1623583 6.1623583 6.1623583 6.1623583 6.1623583
 6.1623583 6.1623583 6.1623583 6.1623583 6.1623583]",[ 64.6   103.417  22.583],355.0,8,2020,7,7
"[8.403212 8.403212 8.403212 8.403212 8.403212 8.403212 8.403212 8.403212
 8.403212 8.403212 8.403212 8.403212]",[ 64.6   103.417  22.583],355.0,9,2020,7,7
"[8.907402 8.907402 8.907402 8.907402 8.907402 8.907402 8.907402 8.907402
 8.907402 8.907402 8.907402 8.907402]",[ 44.5   103.417  22.583],355.0,10,2020,7,7
"[8.655304 8.655304 8.655304 8.655304 8.655304 8.655304 8.655304 8.655304
 8.655304 8.655304 8.655304 8.655304]",[ 35.8   103.417  22.583],355.0,11,2020,7,7
"[10.419977 10.419977 10.419977 10.419977 10.419977 10.419977 10.419977
 10.419977 10.419977 10.419977 10.419977 10.419977]",[  5.    103.417  22.583],355.0,12,2020,7,7
"[13.669217 13.669217 13.669217 13.669217 13.669217 13.669217 13.669217
 13.669217 13.669217 13.669217 13.669217 13.669217]",[ 20.1   103.417  22.583],355.0,13,2020,7,7
"[24.201239 24.201239 24.201239 24.201239 24.201239 24.201239 24.201239
 24.201239 24.201239 24.201239 24.201239 24.201239]",[ 20.9   103.417  22.583],355.0,14,2020,7,7
"[29.383217 29.383217 29.383217 29.383217 29.383217 29.383217 29.383217
 29.383217 29.383217 29.383217 29.383217 29.383217]",[ 20.9   103.417  22.583],355.0,15,2020,7,7
"[33.612835 33.612835 33.612835 33.612835 33.612835 33.612835 33.612835
 33.612835 33.612835 33.612835 33.612835 33.612835]",[ 20.9   103.417  22.583],355.0,16,2020,7,7
"[38.038525 38.038525 38.038525 38.038525 38.038525 38.038525 38.038525
 38.038525 38.038525 38.038525 38.038525 38.038525]",[ 20.9   103.417  22.583],355.0,17,2020,7,7
"[40.64352 40.64352 40.64352 40.64352 40.64352 40.64352 40.64352 40.64352
 40.64352 40.64352 40.64352 40.64352]",[ 20.9   103.417  22.583],355.0,18,2020,7,7
"[40.027287 40.027287 40.027287 40.027287 40.027287 40.027287 40.027287
 40.027287 40.027287 40.027287 40.027287 40.027287]",[ 17.3   103.417  22.583],355.0,19,2020,7,7
"[58.794453 58.794453 58.794453 58.794453 58.794453 58.794453 58.794453
 58.794453 58.794453 58.794453 58.794453 58.794453]",[ 11.8   103.417  22.583],355.0,20,2020,7,7
"[89.5502 89.5502 89.5502 89.5502 89.5502 89.5502 89.5502 89.5502 89.5502
 89.5502 89.5502 89.5502]",[ 22.4   103.417  22.583],355.0,21,2020,7,7
"[89.24208 89.24208 89.24208 89.24208 89.24208 89.24208 89.24208 89.24208
 89.24208 89.24208 89.24208 89.24208]",[ 22.4   103.417  22.583],355.0,22,2020,7,7
"[88.45779 88.45779 88.45779 88.45779 88.45779 88.45779 88.45779 88.45779
 88.45779 88.45779 88.45779 88.45779]",[ 22.4   103.417  22.583],355.0,23,2020,7,7
"[84.25619 84.25619 84.25619 84.25619 84.25619 84.25619 84.25619 84.25619
 84.25619 84.25619 84.25619 84.25619]",[ 22.4   103.417  22.583],355.0,24,2020,7,7
"[92.77144 92.77144 92.77144 92.77144 92.77144 92.77144 92.77144 92.77144
 92.77144 92.77144 92.77144 92.77144]",[ 22.4   103.417  22.583],355.0,25,2020,7,7
"[98.14949 98.14949 98.14949 98.14949 98.14949 98.14949 98.14949 98.14949
 98.14949 98.14949 98.14949 98.14949]",[ 25.5   103.417  22.583],355.0,26,2020,7,7
"[76.49721 76.49721 76.49721 76.49721 76.49721 76.49721 76.49721 76.49721
 76.49721 76.49721 76.49721 76.49721]",[ 17.7   103.417  22.583],355.0,27,2020,7,7
"[36.21783 36.21783 36.21783 36.21783 36.21783 36.21783 36.21783 36.21783
 36.21783 36.21783 36.21783 36.21783]",[  8.3   103.417  22.583],355.0,28,2020,7,7
"[31.063866 31.063866 31.063866 31.063866 31.063866 31.063866 31.063866
 31.063866 31.063866 31.063866 31.063866 31.063866]",[ 31.2   103.417  22.583],355.0,29,2020,7,7
"[26.274036 26.274036 26.274036 26.274036 26.274036 26.274036 26.274036
 26.274036 26.274036 26.274036 26.274036 26.274036]",[ 40.5   103.417  22.583],355.0,30,2020,7,7
"[28.234785 28.234785 28.234785 28.234785 28.234785 28.234785 28.234785
 28.234785 28.234785 28.234785 28.234785 28.234785]",[ 47.1   103.417  22.583],355.0,31,2020,7,7
"[18.459051 18.459051 18.459051 18.459051 18.459051 18.459051 18.459051
 18.459051 18.459051 18.459051 18.459051 18.459051]",[ 47.1   103.417  22.583],355.0,32,2020,7,7
"[12.49277 12.49277 12.49277 12.49277 12.49277 12.49277 12.49277 12.49277
 12.49277 12.49277 12.49277 12.49277]",[ 44.    103.417  22.583],355.0,33,2020,7,7
"[10.700083 10.700083 10.700083 10.700083 10.700083 10.700083 10.700083
 10.700083 10.700083 10.700083 10.700083 10.700083]",[ 40.8   103.417  22.583],355.0,34,2020,7,7
"[12.828896 12.828896 12.828896 12.828896 12.828896 12.828896 12.828896
 12.828896 12.828896 12.828896 12.828896 12.828896]",[ 38.8   103.417  22.583],355.0,35,2020,7,7
"[17.73077 17.73077 17.73077 17.73077 17.73077 17.73077 17.73077 17.73077
 17.73077 17.73077 17.73077 17.73077]",[ 15.9   103.417  22.583],355.0,36,2020,7,7
"[22.072426 22.072426 22.072426 22.072426 22.072426 22.072426 22.072426
 22.072426 22.072426 22.072426 22.072426 22.072426]",[ 19.7   103.417  22.583],355.0,37,2020,7,7
"[37.842445 37.842445 37.842445 37.842445 37.842445 37.842445 37.842445
 37.842445 37.842445 37.842445 37.842445 37.842445]",[ 22.9   103.417  22.583],355.0,38,2020,7,7
"[43.052437 43.052437 43.052437 43.052437 43.052437 43.052437 43.052437
 43.052437 43.052437 43.052437 43.052437 43.052437]",[ 56.2   103.417  22.583],355.0,39,2020,7,7
"[50.055115 50.055115 50.055115 50.055115 50.055115 50.055115 50.055115
 50.055115 50.055115 50.055115 50.055115 50.055115]",[103.2   103.417  22.583],355.0,40,2020,7,7
"[56.60962 56.60962 56.60962 56.60962 56.60962 56.60962 56.60962 56.60962
 56.60962 56.60962 56.60962 56.60962]",[123.5   103.417  22.583],355.0,41,2020,7,7
"[67.61783 67.61783 67.61783 67.61783 67.61783 67.61783 67.61783 67.61783
 67.61783 67.61783 67.61783 67.61783]",[135.8   103.417  22.583],355.0,42,2020,7,7
"[76.04904 76.04904 76.04904 76.04904 76.04904 76.04904 76.04904 76.04904
 76.04904 76.04904 76.04904 76.04904]",[137.1   103.417  22.583],355.0,43,2020,7,7
"[76.749306 76.749306 76.749306 76.749306 76.749306 76.749306 76.749306
 76.749306 76.749306 76.749306 76.749306 76.749306]",[124.    103.417  22.583],355.0,44,2020,7,7
"[70.75502 70.75502 70.75502 70.75502 70.75502 70.75502 70.75502 70.75502
 70.75502 70.75502 70.75502 70.75502]",[114.2   103.417  22.583],355.0,45,2020,7,7
"[75.068665 75.068665 75.068665 75.068665 75.068665 75.068665 75.068665
 75.068665 75.068665 75.068665 75.068665 75.068665]",[ 80.9   103.417  22.583],355.0,46,2020,7,7
"[71.37125 71.37125 71.37125 71.37125 71.37125 71.37125 71.37125 71.37125
 71.37125 71.37125 71.37125 71.37125]",[ 11.    103.417  22.583],355.0,7,2021,7,7
"[55.09704 55.09704 55.09704 55.09704 55.09704 55.09704 55.09704 55.09704
 55.09704 55.09704 55.09704 55.09704]",[  1.    103.417  22.583],355.0,8,2021,7,7
"[32.296333 32.296333 32.296333 32.296333 32.296333 32.296333 32.296333
 32.296333 32.296333 32.296333 32.296333 32.296333]",[  0.    103.417  22.583],355.0,9,2021,7,7
"[28.262794 28.262794 28.262794 28.262794 28.262794 28.262794 28.262794
 28.262794 28.262794 28.262794 28.262794 28.262794]",[  0.    103.417  22.583],355.0,10,2021,7,7
"[28.626934 28.626934 28.626934 28.626934 28.626934 28.626934 28.626934
 28.626934 28.626934 28.626934 28.626934 28.626934]",[  0.    103.417  22.583],355.0,11,2021,7,7
"[29.495268 29.495268 29.495268 29.495268 29.495268 29.495268 29.495268
 29.495268 29.495268 29.495268 29.495268 29.495268]",[ 29.8   103.417  22.583],355.0,12,2021,7,7
"[28.879028 28.879028 28.879028 28.879028 28.879028 28.879028 28.879028
 28.879028 28.879028 28.879028 28.879028 28.879028]",[ 49.5   103.417  22.583],355.0,13,2021,7,7
"[28.262796 28.262796 28.262796 28.262796 28.262796 28.262796 28.262796
 28.262796 28.262796 28.262796 28.262796 28.262796]",[ 61.9   103.417  22.583],355.0,14,2021,7,7
"[23.108826 23.108826 23.108826 23.108826 23.108826 23.108826 23.108826
 23.108826 23.108826 23.108826 23.108826 23.108826]",[115.6   103.417  22.583],355.0,15,2021,7,7
"[16.58233 16.58233 16.58233 16.58233 16.58233 16.58233 16.58233 16.58233
 16.58233 16.58233 16.58233 16.58233]",[116.4   103.417  22.583],355.0,16,2021,7,7
"[33.276703 33.276703 33.276703 33.276703 33.276703 33.276703 33.276703
 33.276703 33.276703 33.276703 33.276703 33.276703]",[116.4   103.417  22.583],355.0,17,2021,7,7
"[38.598736 38.598736 38.598736 38.598736 38.598736 38.598736 38.598736
 38.598736 38.598736 38.598736 38.598736 38.598736]",[146.4   103.417  22.583],355.0,18,2021,7,7
"[41.371796 41.371796 41.371796 41.371796 41.371796 41.371796 41.371796
 41.371796 41.371796 41.371796 41.371796 41.371796]",[161.6   103.417  22.583],355.0,19,2021,7,7
"[49.943066 49.943066 49.943066 49.943066 49.943066 49.943066 49.943066
 49.943066 49.943066 49.943066 49.943066 49.943066]",[141.9   103.417  22.583],355.0,20,2021,7,7
"[57.926113 57.926113 57.926113 57.926113 57.926113 57.926113 57.926113
 57.926113 57.926113 57.926113 57.926113 57.926113]",[129.5   103.417  22.583],355.0,21,2021,7,7
"[69.57857 69.57857 69.57857 69.57857 69.57857 69.57857 69.57857 69.57857
 69.57857 69.57857 69.57857 69.57857]",[ 75.8   103.417  22.583],355.0,22,2021,7,7
"[77.61764 77.61764 77.61764 77.61764 77.61764 77.61764 77.61764 77.61764
 77.61764 77.61764 77.61764 77.61764]",[ 75.    103.417  22.583],355.0,23,2021,7,7
"[73.0519 73.0519 73.0519 73.0519 73.0519 73.0519 73.0519 73.0519 73.0519
 73.0519 73.0519 73.0519]",[ 79.2   103.417  22.583],355.0,24,2021,7,7
"[80.754845 80.754845 80.754845 80.754845 80.754845 80.754845 80.754845
 80.754845 80.754845 80.754845 80.754845 80.754845]",[111.9   103.417  22.583],355.0,25,2021,7,7
"[82.07135 82.07135 82.07135 82.07135 82.07135 82.07135 82.07135 82.07135
 82.07135 82.07135 82.07135 82.07135]",[ 66.9   103.417  22.583],355.0,26,2021,7,7
"[85.18054 85.18054 85.18054 85.18054 85.18054 85.18054 85.18054 85.18054
 85.18054 85.18054 85.18054 85.18054]",[100.5   103.417  22.583],355.0,27,2021,7,7
"[101.11862 101.11862 101.11862 101.11862 101.11862 101.11862 101.11862
 101.11862 101.11862 101.11862 101.11862 101.11862]",[100.5   103.417  22.583],355.0,28,2021,7,7
"[117.30881 117.30881 117.30881 117.30881 117.30881 117.30881 117.30881
 117.30881 117.30881 117.30881 117.30881 117.30881]",[100.5   103.417  22.583],355.0,29,2021,7,7
"[109.073654 109.073654 109.073654 109.073654 109.073654 109.073654
 109.073654 109.073654 109.073654 109.073654 109.073654 109.073654]",[100.5   103.417  22.583],355.0,30,2021,7,7
"[96.32879 96.32879 96.32879 96.32879 96.32879 96.32879 96.32879 96.32879
 96.32879 96.32879 96.32879 96.32879]",[ 96.3   103.417  22.583],355.0,31,2021,7,7
"[85.8808 85.8808 85.8808 85.8808 85.8808 85.8808 85.8808 85.8808 85.8808
 85.8808 85.8808 85.8808]",[ 33.6   103.417  22.583],355.0,32,2021,7,7
"[110.67026 110.67026 110.67026 110.67026 110.67026 110.67026 110.67026
 110.67026 110.67026 110.67026 110.67026 110.67026]",[ 33.6   103.417  22.583],355.0,33,2021,7,7
"[124.47954 124.47954 124.47954 124.47954 124.47954 124.47954 124.47954
 124.47954 124.47954 124.47954 124.47954 124.47954]",[ 16.3   103.417  22.583],355.0,34,2021,7,7
"[112.54698 112.54698 112.54698 112.54698 112.54698 112.54698 112.54698
 112.54698 112.54698 112.54698 112.54698 112.54698]",[ 74.7   103.417  22.583],355.0,35,2021,7,7
"[92.4353 92.4353 92.4353 92.4353 92.4353 92.4353 92.4353 92.4353 92.4353
 92.4353 92.4353 92.4353]",[ 75.2   103.417  22.583],355.0,36,2021,7,7
"[107.42101 107.42101 107.42101 107.42101 107.42101 107.42101 107.42101
 107.42101 107.42101 107.42101 107.42101 107.42101]",[115.4   103.417  22.583],355.0,37,2021,7,7
"[128.03688 128.03688 128.03688 128.03688 128.03688 128.03688 128.03688
 128.03688 128.03688 128.03688 128.03688 128.03688]",[120.2   103.417  22.583],355.0,38,2021,7,7
"[134.03117 134.03117 134.03117 134.03117 134.03117 134.03117 134.03117
 134.03117 134.03117 134.03117 134.03117 134.03117]",[151.5   103.417  22.583],355.0,39,2021,7,7
"[119.26955 119.26955 119.26955 119.26955 119.26955 119.26955 119.26955
 119.26955 119.26955 119.26955 119.26955 119.26955]",[163.7   103.417  22.583],355.0,40,2021,7,7
"[107.67311 107.67311 107.67311 107.67311 107.67311 107.67311 107.67311
 107.67311 107.67311 107.67311 107.67311 107.67311]",[157.1   103.417  22.583],355.0,41,2021,7,7
"[95.964645 95.964645 95.964645 95.964645 95.964645 95.964645 95.964645
 95.964645 95.964645 95.964645 95.964645 95.964645]",[ 98.7   103.417  22.583],355.0,42,2021,7,7
"[95.62852 95.62852 95.62852 95.62852 95.62852 95.62852 95.62852 95.62852
 95.62852 95.62852 95.62852 95.62852]",[ 98.2   103.417  22.583],355.0,43,2021,7,7
"[95.572495 95.572495 95.572495 95.572495 95.572495 95.572495 95.572495
 95.572495 95.572495 95.572495 95.572495 95.572495]",[ 58.    103.417  22.583],355.0,44,2021,7,7
"[92.82744 92.82744 92.82744 92.82744 92.82744 92.82744 92.82744 92.82744
 92.82744 92.82744 92.82744 92.82744]",[ 53.2   103.417  22.583],355.0,45,2021,7,7
"[109.40978 109.40978 109.40978 109.40978 109.40978 109.40978 109.40978
 109.40978 109.40978 109.40978 109.40978 109.40978]",[ 21.9   103.417  22.583],355.0,46,2021,7,7
"[109.03306 109.03306 109.03306 109.03306 109.03306 109.03306 109.03306
 109.03306 109.03306 109.03306 109.03306 109.03306]",[ 13.4   103.417  22.583],355.0,7,2018,7,11
"[110.2756 110.2756 110.2756 110.2756 110.2756 110.2756 110.2756 110.2756
 110.2756 110.2756 110.2756 110.2756]",[ 25.8   103.417  22.583],355.0,8,2018,7,11
"[110.04968 110.04968 110.04968 110.04968 110.04968 110.04968 110.04968
 110.04968 110.04968 110.04968 110.04968 110.04968]",[ 44.3   103.417  22.583],355.0,9,2018,7,11
"[117.30726 117.30726 117.30726 117.30726 117.30726 117.30726 117.30726
 117.30726 117.30726 117.30726 117.30726 117.30726]",[ 50.2   103.417  22.583],355.0,10,2018,7,11
"[112.45004 112.45004 112.45004 112.45004 112.45004 112.45004 112.45004
 112.45004 112.45004 112.45004 112.45004 112.45004]",[ 44.2   103.417  22.583],355.0,11,2018,7,11
"[103.83698 103.83698 103.83698 103.83698 103.83698 103.83698 103.83698
 103.83698 103.83698 103.83698 103.83698 103.83698]",[ 66.5   103.417  22.583],355.0,12,2018,7,11
"[121.882065 121.882065 121.882065 121.882065 121.882065 121.882065
 121.882065 121.882065 121.882065 121.882065 121.882065 121.882065]",[ 66.5   103.417  22.583],355.0,13,2018,7,11
"[203.92169 203.92169 203.92169 203.92169 203.92169 203.92169 203.92169
 203.92169 203.92169 203.92169 203.92169 203.92169]",[ 59.5   103.417  22.583],355.0,14,2018,7,11
"[295.55914 295.55914 295.55914 295.55914 295.55914 295.55914 295.55914
 295.55914 295.55914 295.55914 295.55914 295.55914]",[ 78.    103.417  22.583],355.0,15,2018,7,11
"[319.9864 319.9864 319.9864 319.9864 319.9864 319.9864 319.9864 319.9864
 319.9864 319.9864 319.9864 319.9864]",[ 76.7   103.417  22.583],355.0,16,2018,7,11
"[321.9067 321.9067 321.9067 321.9067 321.9067 321.9067 321.9067 321.9067
 321.9067 321.9067 321.9067 321.9067]",[ 74.4   103.417  22.583],355.0,17,2018,7,11
"[313.23712 313.23712 313.23712 313.23712 313.23712 313.23712 313.23712
 313.23712 313.23712 313.23712 313.23712 313.23712]",[ 92.3   103.417  22.583],355.0,18,2018,7,11
"[298.8632 298.8632 298.8632 298.8632 298.8632 298.8632 298.8632 298.8632
 298.8632 298.8632 298.8632 298.8632]",[ 80.5   103.417  22.583],355.0,19,2018,7,11
"[252.7197 252.7197 252.7197 252.7197 252.7197 252.7197 252.7197 252.7197
 252.7197 252.7197 252.7197 252.7197]",[110.6   103.417  22.583],355.0,20,2018,7,11
"[159.46896 159.46896 159.46896 159.46896 159.46896 159.46896 159.46896
 159.46896 159.46896 159.46896 159.46896 159.46896]",[116.1   103.417  22.583],355.0,21,2018,7,11
"[102.6509 102.6509 102.6509 102.6509 102.6509 102.6509 102.6509 102.6509
 102.6509 102.6509 102.6509 102.6509]",[ 97.5   103.417  22.583],355.0,22,2018,7,11
"[105.446625 105.446625 105.446625 105.446625 105.446625 105.446625
 105.446625 105.446625 105.446625 105.446625 105.446625 105.446625]",[ 85.8   103.417  22.583],355.0,23,2018,7,11
"[95.39333 95.39333 95.39333 95.39333 95.39333 95.39333 95.39333 95.39333
 95.39333 95.39333 95.39333 95.39333]",[110.4   103.417  22.583],355.0,24,2018,7,11
"[89.99957 89.99957 89.99957 89.99957 89.99957 89.99957 89.99957 89.99957
 89.99957 89.99957 89.99957 89.99957]",[ 97.7   103.417  22.583],355.0,25,2018,7,11
"[118.38036 118.38036 118.38036 118.38036 118.38036 118.38036 118.38036
 118.38036 118.38036 118.38036 118.38036 118.38036]",[ 98.8   103.417  22.583],355.0,26,2018,7,11
"[133.29086 133.29086 133.29086 133.29086 133.29086 133.29086 133.29086
 133.29086 133.29086 133.29086 133.29086 133.29086]",[ 72.3   103.417  22.583],355.0,27,2018,7,11
"[151.75955 151.75955 151.75955 151.75955 151.75955 151.75955 151.75955
 151.75955 151.75955 151.75955 151.75955 151.75955]",[ 68.8   103.417  22.583],355.0,28,2018,7,11
"[129.535 129.535 129.535 129.535 129.535 129.535 129.535 129.535 129.535
 129.535 129.535 129.535]",[ 68.    103.417  22.583],355.0,29,2018,7,11
"[115.499916 115.499916 115.499916 115.499916 115.499916 115.499916
 115.499916 115.499916 115.499916 115.499916 115.499916 115.499916]",[ 62.5   103.417  22.583],355.0,30,2018,7,11
"[133.31909 133.31909 133.31909 133.31909 133.31909 133.31909 133.31909
 133.31909 133.31909 133.31909 133.31909 133.31909]",[ 34.9   103.417  22.583],355.0,31,2018,7,11
"[143.06177 143.06177 143.06177 143.06177 143.06177 143.06177 143.06177
 143.06177 143.06177 143.06177 143.06177 143.06177]",[ 33.2   103.417  22.583],355.0,32,2018,7,11
"[125.41202 125.41202 125.41202 125.41202 125.41202 125.41202 125.41202
 125.41202 125.41202 125.41202 125.41202 125.41202]",[ 27.    103.417  22.583],355.0,33,2018,7,11
"[116.65775 116.65775 116.65775 116.65775 116.65775 116.65775 116.65775
 116.65775 116.65775 116.65775 116.65775 116.65775]",[ 23.4   103.417  22.583],355.0,34,2018,7,11
"[103.72402 103.72402 103.72402 103.72402 103.72402 103.72402 103.72402
 103.72402 103.72402 103.72402 103.72402 103.72402]",[ 24.9   103.417  22.583],355.0,35,2018,7,11
"[105.33368 105.33368 105.33368 105.33368 105.33368 105.33368 105.33368
 105.33368 105.33368 105.33368 105.33368 105.33368]",[ 66.7   103.417  22.583],355.0,36,2018,7,11
"[126.03329 126.03329 126.03329 126.03329 126.03329 126.03329 126.03329
 126.03329 126.03329 126.03329 126.03329 126.03329]",[ 79.7   103.417  22.583],355.0,37,2018,7,11
"[119.312256 119.312256 119.312256 119.312256 119.312256 119.312256
 119.312256 119.312256 119.312256 119.312256 119.312256 119.312256]",[ 79.3   103.417  22.583],355.0,38,2018,7,11
"[122.02327 122.02327 122.02327 122.02327 122.02327 122.02327 122.02327
 122.02327 122.02327 122.02327 122.02327 122.02327]",[ 75.8   103.417  22.583],355.0,39,2018,7,11
"[134.70285 134.70285 134.70285 134.70285 134.70285 134.70285 134.70285
 134.70285 134.70285 134.70285 134.70285 134.70285]",[ 78.5   103.417  22.583],355.0,40,2018,7,11
"[141.39563 141.39563 141.39563 141.39563 141.39563 141.39563 141.39563
 141.39563 141.39563 141.39563 141.39563 141.39563]",[ 78.5   103.417  22.583],355.0,41,2018,7,11
"[147.2977 147.2977 147.2977 147.2977 147.2977 147.2977 147.2977 147.2977
 147.2977 147.2977 147.2977 147.2977]",[120.4   103.417  22.583],355.0,42,2018,7,11
"[148.76616 148.76616 148.76616 148.76616 148.76616 148.76616 148.76616
 148.76616 148.76616 148.76616 148.76616 148.76616]",[ 68.1   103.417  22.583],355.0,43,2018,7,11
"[126.28744 126.28744 126.28744 126.28744 126.28744 126.28744 126.28744
 126.28744 126.28744 126.28744 126.28744 126.28744]",[ 58.8   103.417  22.583],355.0,44,2018,7,11
"[119.368744 119.368744 119.368744 119.368744 119.368744 119.368744
 119.368744 119.368744 119.368744 119.368744 119.368744 119.368744]",[ 65.1   103.417  22.583],355.0,45,2018,7,11
"[107.22572 107.22572 107.22572 107.22572 107.22572 107.22572 107.22572
 107.22572 107.22572 107.22572 107.22572 107.22572]",[ 65.1   103.417  22.583],355.0,46,2018,7,11
"[18.271011 18.271011 18.271011 18.271011 18.271011 18.271011 18.271011
 18.271011 18.271011 18.271011 18.271011 18.271011]",[ 62.6   103.417  22.583],355.0,7,2019,7,11
"[17.819178 17.819178 17.819178 17.819178 17.819178 17.819178 17.819178
 17.819178 17.819178 17.819178 17.819178 17.819178]",[ 62.6   103.417  22.583],355.0,8,2019,7,11
"[18.38397 18.38397 18.38397 18.38397 18.38397 18.38397 18.38397 18.38397
 18.38397 18.38397 18.38397 18.38397]",[ 62.6   103.417  22.583],355.0,9,2019,7,11
"[19.711231 19.711231 19.711231 19.711231 19.711231 19.711231 19.711231
 19.711231 19.711231 19.711231 19.711231 19.711231]",[ 56.8   103.417  22.583],355.0,10,2019,7,11
"[36.99386 36.99386 36.99386 36.99386 36.99386 36.99386 36.99386 36.99386
 36.99386 36.99386 36.99386 36.99386]",[ 83.8   103.417  22.583],355.0,11,2019,7,11
"[42.048748 42.048748 42.048748 42.048748 42.048748 42.048748 42.048748
 42.048748 42.048748 42.048748 42.048748 42.048748]",[ 49.5   103.417  22.583],355.0,12,2019,7,11
"[31.910738 31.910738 31.910738 31.910738 31.910738 31.910738 31.910738
 31.910738 31.910738 31.910738 31.910738 31.910738]",[ 46.4   103.417  22.583],355.0,13,2019,7,11
"[29.821009 29.821009 29.821009 29.821009 29.821009 29.821009 29.821009
 29.821009 29.821009 29.821009 29.821009 29.821009]",[ 47.5   103.417  22.583],355.0,14,2019,7,11
"[42.92417 42.92417 42.92417 42.92417 42.92417 42.92417 42.92417 42.92417
 42.92417 42.92417 42.92417 42.92417]",[ 51.6   103.417  22.583],355.0,15,2019,7,11
"[59.10546 59.10546 59.10546 59.10546 59.10546 59.10546 59.10546 59.10546
 59.10546 59.10546 59.10546 59.10546]",[ 51.6   103.417  22.583],355.0,16,2019,7,11
"[75.766815 75.766815 75.766815 75.766815 75.766815 75.766815 75.766815
 75.766815 75.766815 75.766815 75.766815 75.766815]",[ 51.6   103.417  22.583],355.0,17,2019,7,11
"[81.047615 81.047615 81.047615 81.047615 81.047615 81.047615 81.047615
 81.047615 81.047615 81.047615 81.047615 81.047615]",[ 23.4   103.417  22.583],355.0,18,2019,7,11
"[85.65067 85.65067 85.65067 85.65067 85.65067 85.65067 85.65067 85.65067
 85.65067 85.65067 85.65067 85.65067]",[ 25.9   103.417  22.583],355.0,19,2019,7,11
"[87.175606 87.175606 87.175606 87.175606 87.175606 87.175606 87.175606
 87.175606 87.175606 87.175606 87.175606 87.175606]",[ 39.7   103.417  22.583],355.0,20,2019,7,11
"[85.76363 85.76363 85.76363 85.76363 85.76363 85.76363 85.76363 85.76363
 85.76363 85.76363 85.76363 85.76363]",[ 38.6   103.417  22.583],355.0,21,2019,7,11
"[72.49103 72.49103 72.49103 72.49103 72.49103 72.49103 72.49103 72.49103
 72.49103 72.49103 72.49103 72.49103]",[ 34.5   103.417  22.583],355.0,22,2019,7,11
"[65.00753 65.00753 65.00753 65.00753 65.00753 65.00753 65.00753 65.00753
 65.00753 65.00753 65.00753 65.00753]",[ 54.3   103.417  22.583],355.0,23,2019,7,11
"[78.44958 78.44958 78.44958 78.44958 78.44958 78.44958 78.44958 78.44958
 78.44958 78.44958 78.44958 78.44958]",[ 62.7   103.417  22.583],355.0,24,2019,7,11
"[91.69395 91.69395 91.69395 91.69395 91.69395 91.69395 91.69395 91.69395
 91.69395 91.69395 91.69395 91.69395]",[ 66.    103.417  22.583],355.0,25,2019,7,11
"[106.40677 106.40677 106.40677 106.40677 106.40677 106.40677 106.40677
 106.40677 106.40677 106.40677 106.40677 106.40677]",[ 45.3   103.417  22.583],355.0,26,2019,7,11
"[118.380356 118.380356 118.380356 118.380356 118.380356 118.380356
 118.380356 118.380356 118.380356 118.380356 118.380356 118.380356]",[ 31.5   103.417  22.583],355.0,27,2019,7,11
"[119.00163 119.00163 119.00163 119.00163 119.00163 119.00163 119.00163
 119.00163 119.00163 119.00163 119.00163 119.00163]",[ 34.8   103.417  22.583],355.0,28,2019,7,11
"[118.35211 118.35211 118.35211 118.35211 118.35211 118.35211 118.35211
 118.35211 118.35211 118.35211 118.35211 118.35211]",[ 34.8   103.417  22.583],355.0,29,2019,7,11
"[117.985 117.985 117.985 117.985 117.985 117.985 117.985 117.985 117.985
 117.985 117.985 117.985]",[ 15.    103.417  22.583],355.0,30,2019,7,11
"[108.04466 108.04466 108.04466 108.04466 108.04466 108.04466 108.04466
 108.04466 108.04466 108.04466 108.04466 108.04466]",[  6.6   103.417  22.583],355.0,31,2019,7,11
"[87.00618 87.00618 87.00618 87.00618 87.00618 87.00618 87.00618 87.00618
 87.00618 87.00618 87.00618 87.00618]",[  4.7   103.417  22.583],355.0,32,2019,7,11
"[66.84311 66.84311 66.84311 66.84311 66.84311 66.84311 66.84311 66.84311
 66.84311 66.84311 66.84311 66.84311]",[  4.7   103.417  22.583],355.0,33,2019,7,11
"[55.293118 55.293118 55.293118 55.293118 55.293118 55.293118 55.293118
 55.293118 55.293118 55.293118 55.293118 55.293118]",[  4.7   103.417  22.583],355.0,34,2019,7,11
"[56.902775 56.902775 56.902775 56.902775 56.902775 56.902775 56.902775
 56.902775 56.902775 56.902775 56.902775 56.902775]",[  1.4   103.417  22.583],355.0,35,2019,7,11
"[63.877953 63.877953 63.877953 63.877953 63.877953 63.877953 63.877953
 63.877953 63.877953 63.877953 63.877953 63.877953]",[  1.4   103.417  22.583],355.0,36,2019,7,11
"[61.477585 61.477585 61.477585 61.477585 61.477585 61.477585 61.477585
 61.477585 61.477585 61.477585 61.477585 61.477585]",[  1.4   103.417  22.583],355.0,37,2019,7,11
"[50.577106 50.577106 50.577106 50.577106 50.577106 50.577106 50.577106
 50.577106 50.577106 50.577106 50.577106 50.577106]",[  1.4   103.417  22.583],355.0,38,2019,7,11
"[48.656815 48.656815 48.656815 48.656815 48.656815 48.656815 48.656815
 48.656815 48.656815 48.656815 48.656815 48.656815]",[  0.    103.417  22.583],355.0,39,2019,7,11
"[59.78321 59.78321 59.78321 59.78321 59.78321 59.78321 59.78321 59.78321
 59.78321 59.78321 59.78321 59.78321]",[  0.    103.417  22.583],355.0,40,2019,7,11
"[91.41156 91.41156 91.41156 91.41156 91.41156 91.41156 91.41156 91.41156
 91.41156 91.41156 91.41156 91.41156]",[  0.    103.417  22.583],355.0,41,2019,7,11
"[113.777306 113.777306 113.777306 113.777306 113.777306 113.777306
 113.777306 113.777306 113.777306 113.777306 113.777306 113.777306]",[  0.    103.417  22.583],355.0,42,2019,7,11
"[154.97888 154.97888 154.97888 154.97888 154.97888 154.97888 154.97888
 154.97888 154.97888 154.97888 154.97888 154.97888]",[  0.    103.417  22.583],355.0,43,2019,7,11
"[201.5742 201.5742 201.5742 201.5742 201.5742 201.5742 201.5742 201.5742
 201.5742 201.5742 201.5742 201.5742]",[  0.    103.417  22.583],355.0,44,2019,7,11
"[231.50816 231.50816 231.50816 231.50816 231.50816 231.50816 231.50816
 231.50816 231.50816 231.50816 231.50816 231.50816]",[  0.    103.417  22.583],355.0,45,2019,7,11
"[233.88028 233.88028 233.88028 233.88028 233.88028 233.88028 233.88028
 233.88028 233.88028 233.88028 233.88028 233.88028]",[  0.    103.417  22.583],355.0,46,2019,7,11
"[26.855852 26.855852 26.855852 26.855852 26.855852 26.855852 26.855852
 26.855852 26.855852 26.855852 26.855852 26.855852]",[ 35.8   103.417  22.583],355.0,7,2020,7,11
"[21.998642 21.998642 21.998642 21.998642 21.998642 21.998642 21.998642
 21.998642 21.998642 21.998642 21.998642 21.998642]",[  5.    103.417  22.583],355.0,8,2020,7,11
"[24.65316 24.65316 24.65316 24.65316 24.65316 24.65316 24.65316 24.65316
 24.65316 24.65316 24.65316 24.65316]",[ 20.1   103.417  22.583],355.0,9,2020,7,11
"[27.759518 27.759518 27.759518 27.759518 27.759518 27.759518 27.759518
 27.759518 27.759518 27.759518 27.759518 27.759518]",[ 20.9   103.417  22.583],355.0,10,2020,7,11
"[32.503765 32.503765 32.503765 32.503765 32.503765 32.503765 32.503765
 32.503765 32.503765 32.503765 32.503765 32.503765]",[ 20.9   103.417  22.583],355.0,11,2020,7,11
"[35.694836 35.694836 35.694836 35.694836 35.694836 35.694836 35.694836
 35.694836 35.694836 35.694836 35.694836 35.694836]",[ 20.9   103.417  22.583],355.0,12,2020,7,11
"[26.488733 26.488733 26.488733 26.488733 26.488733 26.488733 26.488733
 26.488733 26.488733 26.488733 26.488733 26.488733]",[ 20.9   103.417  22.583],355.0,13,2020,7,11
"[26.488735 26.488735 26.488735 26.488735 26.488735 26.488735 26.488735
 26.488735 26.488735 26.488735 26.488735 26.488735]",[ 20.9   103.417  22.583],355.0,14,2020,7,11
"[26.347534 26.347534 26.347534 26.347534 26.347534 26.347534 26.347534
 26.347534 26.347534 26.347534 26.347534 26.347534]",[ 17.3   103.417  22.583],355.0,15,2020,7,11
"[20.925533 20.925533 20.925533 20.925533 20.925533 20.925533 20.925533
 20.925533 20.925533 20.925533 20.925533 20.925533]",[ 11.8   103.417  22.583],355.0,16,2020,7,11
"[21.631523 21.631523 21.631523 21.631523 21.631523 21.631523 21.631523
 21.631523 21.631523 21.631523 21.631523 21.631523]",[ 22.4   103.417  22.583],355.0,17,2020,7,11
"[23.777733 23.777733 23.777733 23.777733 23.777733 23.777733 23.777733
 23.777733 23.777733 23.777733 23.777733 23.777733]",[ 22.4   103.417  22.583],355.0,18,2020,7,11
"[34.988853 34.988853 34.988853 34.988853 34.988853 34.988853 34.988853
 34.988853 34.988853 34.988853 34.988853 34.988853]",[ 22.4   103.417  22.583],355.0,19,2020,7,11
"[44.138477 44.138477 44.138477 44.138477 44.138477 44.138477 44.138477
 44.138477 44.138477 44.138477 44.138477 44.138477]",[ 22.4   103.417  22.583],355.0,20,2020,7,11
"[45.183342 45.183342 45.183342 45.183342 45.183342 45.183342 45.183342
 45.183342 45.183342 45.183342 45.183342 45.183342]",[ 22.4   103.417  22.583],355.0,21,2020,7,11
"[46.990677 46.990677 46.990677 46.990677 46.990677 46.990677 46.990677
 46.990677 46.990677 46.990677 46.990677 46.990677]",[ 25.5   103.417  22.583],355.0,22,2020,7,11
"[47.64019 47.64019 47.64019 47.64019 47.64019 47.64019 47.64019 47.64019
 47.64019 47.64019 47.64019 47.64019]",[ 17.7   103.417  22.583],355.0,23,2020,7,11
"[44.759747 44.759747 44.759747 44.759747 44.759747 44.759747 44.759747
 44.759747 44.759747 44.759747 44.759747 44.759747]",[  8.3   103.417  22.583],355.0,24,2020,7,11
"[45.663418 45.663418 45.663418 45.663418 45.663418 45.663418 45.663418
 45.663418 45.663418 45.663418 45.663418 45.663418]",[ 31.2   103.417  22.583],355.0,25,2020,7,11
"[46.454124 46.454124 46.454124 46.454124 46.454124 46.454124 46.454124
 46.454124 46.454124 46.454124 46.454124 46.454124]",[ 40.5   103.417  22.583],355.0,26,2020,7,11
"[59.387856 59.387856 59.387856 59.387856 59.387856 59.387856 59.387856
 59.387856 59.387856 59.387856 59.387856 59.387856]",[ 47.1   103.417  22.583],355.0,27,2020,7,11
"[71.72855 71.72855 71.72855 71.72855 71.72855 71.72855 71.72855 71.72855
 71.72855 71.72855 71.72855 71.72855]",[ 47.1   103.417  22.583],355.0,28,2020,7,11
"[88.05104 88.05104 88.05104 88.05104 88.05104 88.05104 88.05104 88.05104
 88.05104 88.05104 88.05104 88.05104]",[ 44.    103.417  22.583],355.0,29,2020,7,11
"[106.350296 106.350296 106.350296 106.350296 106.350296 106.350296
 106.350296 106.350296 106.350296 106.350296 106.350296 106.350296]",[ 40.8   103.417  22.583],355.0,30,2020,7,11
"[117.420204 117.420204 117.420204 117.420204 117.420204 117.420204
 117.420204 117.420204 117.420204 117.420204 117.420204 117.420204]",[ 38.8   103.417  22.583],355.0,31,2020,7,11
"[112.4218 112.4218 112.4218 112.4218 112.4218 112.4218 112.4218 112.4218
 112.4218 112.4218 112.4218 112.4218]",[ 15.9   103.417  22.583],355.0,32,2020,7,11
"[101.634285 101.634285 101.634285 101.634285 101.634285 101.634285
 101.634285 101.634285 101.634285 101.634285 101.634285 101.634285]",[ 19.7   103.417  22.583],355.0,33,2020,7,11
"[78.78846 78.78846 78.78846 78.78846 78.78846 78.78846 78.78846 78.78846
 78.78846 78.78846 78.78846 78.78846]",[ 22.9   103.417  22.583],355.0,34,2020,7,11
"[63.03076 63.03076 63.03076 63.03076 63.03076 63.03076 63.03076 63.03076
 63.03076 63.03076 63.03076 63.03076]",[ 56.2   103.417  22.583],355.0,35,2020,7,11
"[45.55046 45.55046 45.55046 45.55046 45.55046 45.55046 45.55046 45.55046
 45.55046 45.55046 45.55046 45.55046]",[103.2   103.417  22.583],355.0,36,2020,7,11
"[33.463917 33.463917 33.463917 33.463917 33.463917 33.463917 33.463917
 33.463917 33.463917 33.463917 33.463917 33.463917]",[123.5   103.417  22.583],355.0,37,2020,7,11
"[28.776146 28.776146 28.776146 28.776146 28.776146 28.776146 28.776146
 28.776146 28.776146 28.776146 28.776146 28.776146]",[135.8   103.417  22.583],355.0,38,2020,7,11
"[28.94558 28.94558 28.94558 28.94558 28.94558 28.94558 28.94558 28.94558
 28.94558 28.94558 28.94558 28.94558]",[137.1   103.417  22.583],355.0,39,2020,7,11
"[38.123447 38.123447 38.123447 38.123447 38.123447 38.123447 38.123447
 38.123447 38.123447 38.123447 38.123447 38.123447]",[124.    103.417  22.583],355.0,40,2020,7,11
"[64.44274 64.44274 64.44274 64.44274 64.44274 64.44274 64.44274 64.44274
 64.44274 64.44274 64.44274 64.44274]",[114.2   103.417  22.583],355.0,41,2020,7,11
"[110.840385 110.840385 110.840385 110.840385 110.840385 110.840385
 110.840385 110.840385 110.840385 110.840385 110.840385 110.840385]",[ 80.9   103.417  22.583],355.0,42,2020,7,11
"[131.08817 131.08817 131.08817 131.08817 131.08817 131.08817 131.08817
 131.08817 131.08817 131.08817 131.08817 131.08817]",[ 33.9   103.417  22.583],355.0,43,2020,7,11
"[142.12985 142.12985 142.12985 142.12985 142.12985 142.12985 142.12985
 142.12985 142.12985 142.12985 142.12985 142.12985]",[ 13.6   103.417  22.583],355.0,44,2020,7,11
"[142.77936 142.77936 142.77936 142.77936 142.77936 142.77936 142.77936
 142.77936 142.77936 142.77936 142.77936 142.77936]",[  1.3   103.417  22.583],355.0,45,2020,7,11
"[143.00528 143.00528 143.00528 143.00528 143.00528 143.00528 143.00528
 143.00528 143.00528 143.00528 143.00528 143.00528]",[  0.    103.417  22.583],355.0,46,2020,7,11
"[14.543388 14.543388 14.543388 14.543388 14.543388 14.543388 14.543388
 14.543388 14.543388 14.543388 14.543388 14.543388]",[  0.    103.417  22.583],355.0,7,2021,7,11
"[16.57664 16.57664 16.57664 16.57664 16.57664 16.57664 16.57664 16.57664
 16.57664 16.57664 16.57664 16.57664]",[ 29.8   103.417  22.583],355.0,8,2021,7,11
"[20.982016 20.982016 20.982016 20.982016 20.982016 20.982016 20.982016
 20.982016 20.982016 20.982016 20.982016 20.982016]",[ 49.5   103.417  22.583],355.0,9,2021,7,11
"[26.71465 26.71465 26.71465 26.71465 26.71465 26.71465 26.71465 26.71465
 26.71465 26.71465 26.71465 26.71465]",[ 61.9   103.417  22.583],355.0,10,2021,7,11
"[32.051933 32.051933 32.051933 32.051933 32.051933 32.051933 32.051933
 32.051933 32.051933 32.051933 32.051933 32.051933]",[115.6   103.417  22.583],355.0,11,2021,7,11
"[42.8677 42.8677 42.8677 42.8677 42.8677 42.8677 42.8677 42.8677 42.8677
 42.8677 42.8677 42.8677]",[116.4   103.417  22.583],355.0,12,2021,7,11
"[52.92099 52.92099 52.92099 52.92099 52.92099 52.92099 52.92099 52.92099
 52.92099 52.92099 52.92099 52.92099]",[116.4   103.417  22.583],355.0,13,2021,7,11
"[57.156933 57.156933 57.156933 57.156933 57.156933 57.156933 57.156933
 57.156933 57.156933 57.156933 57.156933 57.156933]",[146.4   103.417  22.583],355.0,14,2021,7,11
"[61.251663 61.251663 61.251663 61.251663 61.251663 61.251663 61.251663
 61.251663 61.251663 61.251663 61.251663 61.251663]",[161.6   103.417  22.583],355.0,15,2021,7,11
"[71.897995 71.897995 71.897995 71.897995 71.897995 71.897995 71.897995
 71.897995 71.897995 71.897995 71.897995 71.897995]",[141.9   103.417  22.583],355.0,16,2021,7,11
"[66.25008 66.25008 66.25008 66.25008 66.25008 66.25008 66.25008 66.25008
 66.25008 66.25008 66.25008 66.25008]",[129.5   103.417  22.583],355.0,17,2021,7,11
"[66.16536 66.16536 66.16536 66.16536 66.16536 66.16536 66.16536 66.16536
 66.16536 66.16536 66.16536 66.16536]",[ 75.8   103.417  22.583],355.0,18,2021,7,11
"[56.59214 56.59214 56.59214 56.59214 56.59214 56.59214 56.59214 56.59214
 56.59214 56.59214 56.59214 56.59214]",[ 75.    103.417  22.583],355.0,19,2021,7,11
"[55.71671 55.71671 55.71671 55.71671 55.71671 55.71671 55.71671 55.71671
 55.71671 55.71671 55.71671 55.71671]",[ 79.2   103.417  22.583],355.0,20,2021,7,11
"[58.427708 58.427708 58.427708 58.427708 58.427708 58.427708 58.427708
 58.427708 58.427708 58.427708 58.427708 58.427708]",[111.9   103.417  22.583],355.0,21,2021,7,11
"[51.791405 51.791405 51.791405 51.791405 51.791405 51.791405 51.791405
 51.791405 51.791405 51.791405 51.791405 51.791405]",[ 66.9   103.417  22.583],355.0,22,2021,7,11
"[37.643368 37.643368 37.643368 37.643368 37.643368 37.643368 37.643368
 37.643368 37.643368 37.643368 37.643368 37.643368]",[100.5   103.417  22.583],355.0,23,2021,7,11
"[38.349358 38.349358 38.349358 38.349358 38.349358 38.349358 38.349358
 38.349358 38.349358 38.349358 38.349358 38.349358]",[100.5   103.417  22.583],355.0,24,2021,7,11
"[39.535416 39.535416 39.535416 39.535416 39.535416 39.535416 39.535416
 39.535416 39.535416 39.535416 39.535416 39.535416]",[100.5   103.417  22.583],355.0,25,2021,7,11
"[51.537247 51.537247 51.537247 51.537247 51.537247 51.537247 51.537247
 51.537247 51.537247 51.537247 51.537247 51.537247]",[100.5   103.417  22.583],355.0,26,2021,7,11
"[49.503994 49.503994 49.503994 49.503994 49.503994 49.503994 49.503994
 49.503994 49.503994 49.503994 49.503994 49.503994]",[ 96.3   103.417  22.583],355.0,27,2021,7,11
"[52.18676 52.18676 52.18676 52.18676 52.18676 52.18676 52.18676 52.18676
 52.18676 52.18676 52.18676 52.18676]",[ 33.6   103.417  22.583],355.0,28,2021,7,11
"[62.240047 62.240047 62.240047 62.240047 62.240047 62.240047 62.240047
 62.240047 62.240047 62.240047 62.240047 62.240047]",[ 33.6   103.417  22.583],355.0,29,2021,7,11
"[78.50606 78.50606 78.50606 78.50606 78.50606 78.50606 78.50606 78.50606
 78.50606 78.50606 78.50606 78.50606]",[ 16.3   103.417  22.583],355.0,30,2021,7,11
"[83.64567 83.64567 83.64567 83.64567 83.64567 83.64567 83.64567 83.64567
 83.64567 83.64567 83.64567 83.64567]",[ 74.7   103.417  22.583],355.0,31,2021,7,11
"[93.27537 93.27537 93.27537 93.27537 93.27537 93.27537 93.27537 93.27537
 93.27537 93.27537 93.27537 93.27537]",[ 75.2   103.417  22.583],355.0,32,2021,7,11
"[79.24029 79.24029 79.24029 79.24029 79.24029 79.24029 79.24029 79.24029
 79.24029 79.24029 79.24029 79.24029]",[115.4   103.417  22.583],355.0,33,2021,7,11
"[71.07905 71.07905 71.07905 71.07905 71.07905 71.07905 71.07905 71.07905
 71.07905 71.07905 71.07905 71.07905]",[120.2   103.417  22.583],355.0,34,2021,7,11
"[64.58395 64.58395 64.58395 64.58395 64.58395 64.58395 64.58395 64.58395
 64.58395 64.58395 64.58395 64.58395]",[151.5   103.417  22.583],355.0,35,2021,7,11
"[60.12209 60.12209 60.12209 60.12209 60.12209 60.12209 60.12209 60.12209
 60.12209 60.12209 60.12209 60.12209]",[163.7   103.417  22.583],355.0,36,2021,7,11
"[47.866108 47.866108 47.866108 47.866108 47.866108 47.866108 47.866108
 47.866108 47.866108 47.866108 47.866108 47.866108]",[157.1   103.417  22.583],355.0,37,2021,7,11
"[46.199966 46.199966 46.199966 46.199966 46.199966 46.199966 46.199966
 46.199966 46.199966 46.199966 46.199966 46.199966]",[ 98.7   103.417  22.583],355.0,38,2021,7,11
"[33.943985 33.943985 33.943985 33.943985 33.943985 33.943985 33.943985
 33.943985 33.943985 33.943985 33.943985 33.943985]",[ 98.2   103.417  22.583],355.0,39,2021,7,11
"[37.106823 37.106823 37.106823 37.106823 37.106823 37.106823 37.106823
 37.106823 37.106823 37.106823 37.106823 37.106823]",[ 58.    103.417  22.583],355.0,40,2021,7,11
"[42.331146 42.331146 42.331146 42.331146 42.331146 42.331146 42.331146
 42.331146 42.331146 42.331146 42.331146 42.331146]",[ 53.2   103.417  22.583],355.0,41,2021,7,11
"[42.754738 42.754738 42.754738 42.754738 42.754738 42.754738 42.754738
 42.754738 42.754738 42.754738 42.754738 42.754738]",[ 21.9   103.417  22.583],355.0,42,2021,7,11
"[47.611946 47.611946 47.611946 47.611946 47.611946 47.611946 47.611946
 47.611946 47.611946 47.611946 47.611946 47.611946]",[  9.7   103.417  22.583],355.0,43,2021,7,11
"[47.66843 47.66843 47.66843 47.66843 47.66843 47.66843 47.66843 47.66843
 47.66843 47.66843 47.66843 47.66843]",[  0.    103.417  22.583],355.0,44,2021,7,11
"[50.097034 50.097034 50.097034 50.097034 50.097034 50.097034 50.097034
 50.097034 50.097034 50.097034 50.097034 50.097034]",[  0.    103.417  22.583],355.0,45,2021,7,11
"[49.53224 49.53224 49.53224 49.53224 49.53224 49.53224 49.53224 49.53224
 49.53224 49.53224 49.53224 49.53224]",[ 21.9   103.417  22.583],355.0,46,2021,7,11
"[286.8232 286.8232 286.8232 286.8232 286.8232 286.8232 286.8232 286.8232
 286.8232 286.8232 286.8232 286.8232]",[ 50.2   103.417  22.583],355.0,7,2018,7,14
"[287.8842 287.8842 287.8842 287.8842 287.8842 287.8842 287.8842 287.8842
 287.8842 287.8842 287.8842 287.8842]",[ 44.2   103.417  22.583],355.0,8,2018,7,14
"[265.52625 265.52625 265.52625 265.52625 265.52625 265.52625 265.52625
 265.52625 265.52625 265.52625 265.52625 265.52625]",[ 66.5   103.417  22.583],355.0,9,2018,7,14
"[228.90996 228.90996 228.90996 228.90996 228.90996 228.90996 228.90996
 228.90996 228.90996 228.90996 228.90996 228.90996]",[ 66.5   103.417  22.583],355.0,10,2018,7,14
"[192.11255 192.11255 192.11255 192.11255 192.11255 192.11255 192.11255
 192.11255 192.11255 192.11255 192.11255 192.11255]",[ 59.5   103.417  22.583],355.0,11,2018,7,14
"[171.0485 171.0485 171.0485 171.0485 171.0485 171.0485 171.0485 171.0485
 171.0485 171.0485 171.0485 171.0485]",[ 78.    103.417  22.583],355.0,12,2018,7,14
"[111.789635 111.789635 111.789635 111.789635 111.789635 111.789635
 111.789635 111.789635 111.789635 111.789635 111.789635 111.789635]",[ 76.7   103.417  22.583],355.0,13,2018,7,14
"[54.290432 54.290432 54.290432 54.290432 54.290432 54.290432 54.290432
 54.290432 54.290432 54.290432 54.290432 54.290432]",[ 74.4   103.417  22.583],355.0,14,2018,7,14
"[31.777237 31.777237 31.777237 31.777237 31.777237 31.777237 31.777237
 31.777237 31.777237 31.777237 31.777237 31.777237]",[ 92.3   103.417  22.583],355.0,15,2018,7,14
"[48.700943 48.700943 48.700943 48.700943 48.700943 48.700943 48.700943
 48.700943 48.700943 48.700943 48.700943 48.700943]",[ 80.5   103.417  22.583],355.0,16,2018,7,14
"[71.214134 71.214134 71.214134 71.214134 71.214134 71.214134 71.214134
 71.214134 71.214134 71.214134 71.214134 71.214134]",[110.6   103.417  22.583],355.0,17,2018,7,14
"[84.411514 84.411514 84.411514 84.411514 84.411514 84.411514 84.411514
 84.411514 84.411514 84.411514 84.411514 84.411514]",[116.1   103.417  22.583],355.0,18,2018,7,14
"[104.10409 104.10409 104.10409 104.10409 104.10409 104.10409 104.10409
 104.10409 104.10409 104.10409 104.10409 104.10409]",[ 97.5   103.417  22.583],355.0,19,2018,7,14
"[105.88962 105.88962 105.88962 105.88962 105.88962 105.88962 105.88962
 105.88962 105.88962 105.88962 105.88962 105.88962]",[ 85.8   103.417  22.583],355.0,20,2018,7,14
"[105.967255 105.967255 105.967255 105.967255 105.967255 105.967255
 105.967255 105.967255 105.967255 105.967255 105.967255 105.967255]",[110.4   103.417  22.583],355.0,21,2018,7,14
"[102.57733 102.57733 102.57733 102.57733 102.57733 102.57733 102.57733
 102.57733 102.57733 102.57733 102.57733 102.57733]",[ 97.7   103.417  22.583],355.0,22,2018,7,14
"[90.38916 90.38916 90.38916 90.38916 90.38916 90.38916 90.38916 90.38916
 90.38916 90.38916 90.38916 90.38916]",[ 98.8   103.417  22.583],355.0,23,2018,7,14
"[73.4137 73.4137 73.4137 73.4137 73.4137 73.4137 73.4137 73.4137 73.4137
 73.4137 73.4137 73.4137]",[ 72.3   103.417  22.583],355.0,24,2018,7,14
"[58.611927 58.611927 58.611927 58.611927 58.611927 58.611927 58.611927
 58.611927 58.611927 58.611927 58.611927 58.611927]",[ 68.8   103.417  22.583],355.0,25,2018,7,14
"[33.536892 33.536892 33.536892 33.536892 33.536892 33.536892 33.536892
 33.536892 33.536892 33.536892 33.536892 33.536892]",[ 68.    103.417  22.583],355.0,26,2018,7,14
"[52.867188 52.867188 52.867188 52.867188 52.867188 52.867188 52.867188
 52.867188 52.867188 52.867188 52.867188 52.867188]",[ 62.5   103.417  22.583],355.0,27,2018,7,14
"[64.227295 64.227295 64.227295 64.227295 64.227295 64.227295 64.227295
 64.227295 64.227295 64.227295 64.227295 64.227295]",[ 34.9   103.417  22.583],355.0,28,2018,7,14
"[83.09179 83.09179 83.09179 83.09179 83.09179 83.09179 83.09179 83.09179
 83.09179 83.09179 83.09179 83.09179]",[ 33.2   103.417  22.583],355.0,29,2018,7,14
"[93.44269 93.44269 93.44269 93.44269 93.44269 93.44269 93.44269 93.44269
 93.44269 93.44269 93.44269 93.44269]",[ 27.    103.417  22.583],355.0,30,2018,7,14
"[95.1247 95.1247 95.1247 95.1247 95.1247 95.1247 95.1247 95.1247 95.1247
 95.1247 95.1247 95.1247]",[ 23.4   103.417  22.583],355.0,31,2018,7,14
"[97.14313 97.14313 97.14313 97.14313 97.14313 97.14313 97.14313 97.14313
 97.14313 97.14313 97.14313 97.14313]",[ 24.9   103.417  22.583],355.0,32,2018,7,14
"[101.61989 101.61989 101.61989 101.61989 101.61989 101.61989 101.61989
 101.61989 101.61989 101.61989 101.61989 101.61989]",[ 66.7   103.417  22.583],355.0,33,2018,7,14
"[95.20233 95.20233 95.20233 95.20233 95.20233 95.20233 95.20233 95.20233
 95.20233 95.20233 95.20233 95.20233]",[ 79.7   103.417  22.583],355.0,34,2018,7,14
"[94.736534 94.736534 94.736534 94.736534 94.736534 94.736534 94.736534
 94.736534 94.736534 94.736534 94.736534 94.736534]",[ 79.3   103.417  22.583],355.0,35,2018,7,14
"[75.89791 75.89791 75.89791 75.89791 75.89791 75.89791 75.89791 75.89791
 75.89791 75.89791 75.89791 75.89791]",[ 75.8   103.417  22.583],355.0,36,2018,7,14
"[62.46763 62.46763 62.46763 62.46763 62.46763 62.46763 62.46763 62.46763
 62.46763 62.46763 62.46763 62.46763]",[ 78.5   103.417  22.583],355.0,37,2018,7,14
"[69.29922 69.29922 69.29922 69.29922 69.29922 69.29922 69.29922 69.29922
 69.29922 69.29922 69.29922 69.29922]",[ 78.5   103.417  22.583],355.0,38,2018,7,14
"[76.98476 76.98476 76.98476 76.98476 76.98476 76.98476 76.98476 76.98476
 76.98476 76.98476 76.98476 76.98476]",[120.4   103.417  22.583],355.0,39,2018,7,14
"[81.099236 81.099236 81.099236 81.099236 81.099236 81.099236 81.099236
 81.099236 81.099236 81.099236 81.099236 81.099236]",[ 68.1   103.417  22.583],355.0,40,2018,7,14
"[79.49486 79.49486 79.49486 79.49486 79.49486 79.49486 79.49486 79.49486
 79.49486 79.49486 79.49486 79.49486]",[ 58.8   103.417  22.583],355.0,41,2018,7,14
"[73.310196 73.310196 73.310196 73.310196 73.310196 73.310196 73.310196
 73.310196 73.310196 73.310196 73.310196 73.310196]",[ 65.1   103.417  22.583],355.0,42,2018,7,14
"[72.870285 72.870285 72.870285 72.870285 72.870285 72.870285 72.870285
 72.870285 72.870285 72.870285 72.870285 72.870285]",[ 65.1   103.417  22.583],355.0,43,2018,7,14
"[74.50056 74.50056 74.50056 74.50056 74.50056 74.50056 74.50056 74.50056
 74.50056 74.50056 74.50056 74.50056]",[ 64.8   103.417  22.583],355.0,44,2018,7,14
"[76.8295 76.8295 76.8295 76.8295 76.8295 76.8295 76.8295 76.8295 76.8295
 76.8295 76.8295 76.8295]",[ 82.    103.417  22.583],355.0,45,2018,7,14
"[84.85144 84.85144 84.85144 84.85144 84.85144 84.85144 84.85144 84.85144
 84.85144 84.85144 84.85144 84.85144]",[ 45.5   103.417  22.583],355.0,46,2018,7,14
"[24.221088 24.221088 24.221088 24.221088 24.221088 24.221088 24.221088
 24.221088 24.221088 24.221088 24.221088 24.221088]",[ 56.8   103.417  22.583],355.0,7,2019,7,14
"[22.746086 22.746086 22.746086 22.746086 22.746086 22.746086 22.746086
 22.746086 22.746086 22.746086 22.746086 22.746086]",[ 83.8   103.417  22.583],355.0,8,2019,7,14
"[30.250484 30.250484 30.250484 30.250484 30.250484 30.250484 30.250484
 30.250484 30.250484 30.250484 30.250484 30.250484]",[ 49.5   103.417  22.583],355.0,9,2019,7,14
"[42.826813 42.826813 42.826813 42.826813 42.826813 42.826813 42.826813
 42.826813 42.826813 42.826813 42.826813 42.826813]",[ 46.4   103.417  22.583],355.0,10,2019,7,14
"[52.272003 52.272003 52.272003 52.272003 52.272003 52.272003 52.272003
 52.272003 52.272003 52.272003 52.272003 52.272003]",[ 47.5   103.417  22.583],355.0,11,2019,7,14
"[54.807972 54.807972 54.807972 54.807972 54.807972 54.807972 54.807972
 54.807972 54.807972 54.807972 54.807972 54.807972]",[ 51.6   103.417  22.583],355.0,12,2019,7,14
"[62.62289 62.62289 62.62289 62.62289 62.62289 62.62289 62.62289 62.62289
 62.62289 62.62289 62.62289 62.62289]",[ 51.6   103.417  22.583],355.0,13,2019,7,14
"[65.65053 65.65053 65.65053 65.65053 65.65053 65.65053 65.65053 65.65053
 65.65053 65.65053 65.65053 65.65053]",[ 51.6   103.417  22.583],355.0,14,2019,7,14
"[89.30232 89.30232 89.30232 89.30232 89.30232 89.30232 89.30232 89.30232
 89.30232 89.30232 89.30232 89.30232]",[ 23.4   103.417  22.583],355.0,15,2019,7,14
"[99.704956 99.704956 99.704956 99.704956 99.704956 99.704956 99.704956
 99.704956 99.704956 99.704956 99.704956 99.704956]",[ 25.9   103.417  22.583],355.0,16,2019,7,14
"[84.61853 84.61853 84.61853 84.61853 84.61853 84.61853 84.61853 84.61853
 84.61853 84.61853 84.61853 84.61853]",[ 39.7   103.417  22.583],355.0,17,2019,7,14
"[83.42819 83.42819 83.42819 83.42819 83.42819 83.42819 83.42819 83.42819
 83.42819 83.42819 83.42819 83.42819]",[ 38.6   103.417  22.583],355.0,18,2019,7,14
"[80.52993 80.52993 80.52993 80.52993 80.52993 80.52993 80.52993 80.52993
 80.52993 80.52993 80.52993 80.52993]",[ 34.5   103.417  22.583],355.0,19,2019,7,14
"[76.46721 76.46721 76.46721 76.46721 76.46721 76.46721 76.46721 76.46721
 76.46721 76.46721 76.46721 76.46721]",[ 54.3   103.417  22.583],355.0,20,2019,7,14
"[81.047485 81.047485 81.047485 81.047485 81.047485 81.047485 81.047485
 81.047485 81.047485 81.047485 81.047485 81.047485]",[ 62.7   103.417  22.583],355.0,21,2019,7,14
"[59.491745 59.491745 59.491745 59.491745 59.491745 59.491745 59.491745
 59.491745 59.491745 59.491745 59.491745 59.491745]",[ 66.    103.417  22.583],355.0,22,2019,7,14
"[38.712334 38.712334 38.712334 38.712334 38.712334 38.712334 38.712334
 38.712334 38.712334 38.712334 38.712334 38.712334]",[ 45.3   103.417  22.583],355.0,23,2019,7,14
"[36.61628 36.61628 36.61628 36.61628 36.61628 36.61628 36.61628 36.61628
 36.61628 36.61628 36.61628 36.61628]",[ 31.5   103.417  22.583],355.0,24,2019,7,14
"[32.76057 32.76057 32.76057 32.76057 32.76057 32.76057 32.76057 32.76057
 32.76057 32.76057 32.76057 32.76057]",[ 34.8   103.417  22.583],355.0,25,2019,7,14
"[41.041286 41.041286 41.041286 41.041286 41.041286 41.041286 41.041286
 41.041286 41.041286 41.041286 41.041286 41.041286]",[ 34.8   103.417  22.583],355.0,26,2019,7,14
"[39.4369 39.4369 39.4369 39.4369 39.4369 39.4369 39.4369 39.4369 39.4369
 39.4369 39.4369 39.4369]",[ 15.    103.417  22.583],355.0,27,2019,7,14
"[30.768028 30.768028 30.768028 30.768028 30.768028 30.768028 30.768028
 30.768028 30.768028 30.768028 30.768028 30.768028]",[  6.6   103.417  22.583],355.0,28,2019,7,14
"[35.60707 35.60707 35.60707 35.60707 35.60707 35.60707 35.60707 35.60707
 35.60707 35.60707 35.60707 35.60707]",[  4.7   103.417  22.583],355.0,29,2019,7,14
"[40.497864 40.497864 40.497864 40.497864 40.497864 40.497864 40.497864
 40.497864 40.497864 40.497864 40.497864 40.497864]",[  4.7   103.417  22.583],355.0,30,2019,7,14
"[56.23122 56.23122 56.23122 56.23122 56.23122 56.23122 56.23122 56.23122
 56.23122 56.23122 56.23122 56.23122]",[  4.7   103.417  22.583],355.0,31,2019,7,14
"[68.911064 68.911064 68.911064 68.911064 68.911064 68.911064 68.911064
 68.911064 68.911064 68.911064 68.911064 68.911064]",[  1.4   103.417  22.583],355.0,32,2019,7,14
"[66.97027 66.97027 66.97027 66.97027 66.97027 66.97027 66.97027 66.97027
 66.97027 66.97027 66.97027 66.97027]",[  1.4   103.417  22.583],355.0,33,2019,7,14
"[64.69307 64.69307 64.69307 64.69307 64.69307 64.69307 64.69307 64.69307
 64.69307 64.69307 64.69307 64.69307]",[  1.4   103.417  22.583],355.0,34,2019,7,14
"[63.994385 63.994385 63.994385 63.994385 63.994385 63.994385 63.994385
 63.994385 63.994385 63.994385 63.994385 63.994385]",[  1.4   103.417  22.583],355.0,35,2019,7,14
"[55.506653 55.506653 55.506653 55.506653 55.506653 55.506653 55.506653
 55.506653 55.506653 55.506653 55.506653 55.506653]",[  0.    103.417  22.583],355.0,36,2019,7,14
"[50.382965 50.382965 50.382965 50.382965 50.382965 50.382965 50.382965
 50.382965 50.382965 50.382965 50.382965 50.382965]",[  0.    103.417  22.583],355.0,37,2019,7,14
"[30.586887 30.586887 30.586887 30.586887 30.586887 30.586887 30.586887
 30.586887 30.586887 30.586887 30.586887 30.586887]",[  0.    103.417  22.583],355.0,38,2019,7,14
"[11.567122 11.567122 11.567122 11.567122 11.567122 11.567122 11.567122
 11.567122 11.567122 11.567122 11.567122 11.567122]",[  0.    103.417  22.583],355.0,39,2019,7,14
"[24.0917 24.0917 24.0917 24.0917 24.0917 24.0917 24.0917 24.0917 24.0917
 24.0917 24.0917 24.0917]",[  0.    103.417  22.583],355.0,40,2019,7,14
"[60.190437 60.190437 60.190437 60.190437 60.190437 60.190437 60.190437
 60.190437 60.190437 60.190437 60.190437 60.190437]",[  0.    103.417  22.583],355.0,41,2019,7,14
"[115.23129 115.23129 115.23129 115.23129 115.23129 115.23129 115.23129
 115.23129 115.23129 115.23129 115.23129 115.23129]",[  0.    103.417  22.583],355.0,42,2019,7,14
"[150.37257 150.37257 150.37257 150.37257 150.37257 150.37257 150.37257
 150.37257 150.37257 150.37257 150.37257 150.37257]",[  0.    103.417  22.583],355.0,43,2019,7,14
"[150.86424 150.86424 150.86424 150.86424 150.86424 150.86424 150.86424
 150.86424 150.86424 150.86424 150.86424 150.86424]",[ 15.3   103.417  22.583],355.0,44,2019,7,14
"[150.6831 150.6831 150.6831 150.6831 150.6831 150.6831 150.6831 150.6831
 150.6831 150.6831 150.6831 150.6831]",[ 17.1   103.417  22.583],355.0,45,2019,7,14
"[150.2432 150.2432 150.2432 150.2432 150.2432 150.2432 150.2432 150.2432
 150.2432 150.2432 150.2432 150.2432]",[ 17.1   103.417  22.583],355.0,46,2019,7,14
"[23.418892 23.418892 23.418892 23.418892 23.418892 23.418892 23.418892
 23.418892 23.418892 23.418892 23.418892 23.418892]",[ 20.9   103.417  22.583],355.0,7,2020,7,14
"[34.390835 34.390835 34.390835 34.390835 34.390835 34.390835 34.390835
 34.390835 34.390835 34.390835 34.390835 34.390835]",[ 20.9   103.417  22.583],355.0,8,2020,7,14
"[35.1154 35.1154 35.1154 35.1154 35.1154 35.1154 35.1154 35.1154 35.1154
 35.1154 35.1154 35.1154]",[ 20.9   103.417  22.583],355.0,9,2020,7,14
"[33.12285 33.12285 33.12285 33.12285 33.12285 33.12285 33.12285 33.12285
 33.12285 33.12285 33.12285 33.12285]",[ 20.9   103.417  22.583],355.0,10,2020,7,14
"[32.99347 32.99347 32.99347 32.99347 32.99347 32.99347 32.99347 32.99347
 32.99347 32.99347 32.99347 32.99347]",[ 20.9   103.417  22.583],355.0,11,2020,7,14
"[34.002678 34.002678 34.002678 34.002678 34.002678 34.002678 34.002678
 34.002678 34.002678 34.002678 34.002678 34.002678]",[ 17.3   103.417  22.583],355.0,12,2020,7,14
"[31.052673 31.052673 31.052673 31.052673 31.052673 31.052673 31.052673
 31.052673 31.052673 31.052673 31.052673 31.052673]",[ 11.8   103.417  22.583],355.0,13,2020,7,14
"[23.70354 23.70354 23.70354 23.70354 23.70354 23.70354 23.70354 23.70354
 23.70354 23.70354 23.70354 23.70354]",[ 22.4   103.417  22.583],355.0,14,2020,7,14
"[10.583785 10.583785 10.583785 10.583785 10.583785 10.583785 10.583785
 10.583785 10.583785 10.583785 10.583785 10.583785]",[ 22.4   103.417  22.583],355.0,15,2020,7,14
"[9.471065 9.471065 9.471065 9.471065 9.471065 9.471065 9.471065 9.471065
 9.471065 9.471065 9.471065 9.471065]",[ 22.4   103.417  22.583],355.0,16,2020,7,14
"[12.783352 12.783352 12.783352 12.783352 12.783352 12.783352 12.783352
 12.783352 12.783352 12.783352 12.783352 12.783352]",[ 22.4   103.417  22.583],355.0,17,2020,7,14
"[22.150908 22.150908 22.150908 22.150908 22.150908 22.150908 22.150908
 22.150908 22.150908 22.150908 22.150908 22.150908]",[ 22.4   103.417  22.583],355.0,18,2020,7,14
"[25.333805 25.333805 25.333805 25.333805 25.333805 25.333805 25.333805
 25.333805 25.333805 25.333805 25.333805 25.333805]",[ 25.5   103.417  22.583],355.0,19,2020,7,14
"[25.618454 25.618454 25.618454 25.618454 25.618454 25.618454 25.618454
 25.618454 25.618454 25.618454 25.618454 25.618454]",[ 17.7   103.417  22.583],355.0,20,2020,7,14
"[23.211874 23.211874 23.211874 23.211874 23.211874 23.211874 23.211874
 23.211874 23.211874 23.211874 23.211874 23.211874]",[  8.3   103.417  22.583],355.0,21,2020,7,14
"[24.945648 24.945648 24.945648 24.945648 24.945648 24.945648 24.945648
 24.945648 24.945648 24.945648 24.945648 24.945648]",[ 31.2   103.417  22.583],355.0,22,2020,7,14
"[30.017586 30.017586 30.017586 30.017586 30.017586 30.017586 30.017586
 30.017586 30.017586 30.017586 30.017586 30.017586]",[ 40.5   103.417  22.583],355.0,23,2020,7,14
"[32.24303 32.24303 32.24303 32.24303 32.24303 32.24303 32.24303 32.24303
 32.24303 32.24303 32.24303 32.24303]",[ 47.1   103.417  22.583],355.0,24,2020,7,14
"[26.187757 26.187757 26.187757 26.187757 26.187757 26.187757 26.187757
 26.187757 26.187757 26.187757 26.187757 26.187757]",[ 47.1   103.417  22.583],355.0,25,2020,7,14
"[30.793903 30.793903 30.793903 30.793903 30.793903 30.793903 30.793903
 30.793903 30.793903 30.793903 30.793903 30.793903]",[ 44.    103.417  22.583],355.0,26,2020,7,14
"[53.33297 53.33297 53.33297 53.33297 53.33297 53.33297 53.33297 53.33297
 53.33297 53.33297 53.33297 53.33297]",[ 40.8   103.417  22.583],355.0,27,2020,7,14
"[71.524666 71.524666 71.524666 71.524666 71.524666 71.524666 71.524666
 71.524666 71.524666 71.524666 71.524666 71.524666]",[ 38.8   103.417  22.583],355.0,28,2020,7,14
"[96.496185 96.496185 96.496185 96.496185 96.496185 96.496185 96.496185
 96.496185 96.496185 96.496185 96.496185 96.496185]",[ 15.9   103.417  22.583],355.0,29,2020,7,14
"[115.90411 115.90411 115.90411 115.90411 115.90411 115.90411 115.90411
 115.90411 115.90411 115.90411 115.90411 115.90411]",[ 19.7   103.417  22.583],355.0,30,2020,7,14
"[124.54711 124.54711 124.54711 124.54711 124.54711 124.54711 124.54711
 124.54711 124.54711 124.54711 124.54711 124.54711]",[ 22.9   103.417  22.583],355.0,31,2020,7,14
"[138.39143 138.39143 138.39143 138.39143 138.39143 138.39143 138.39143
 138.39143 138.39143 138.39143 138.39143 138.39143]",[ 56.2   103.417  22.583],355.0,32,2020,7,14
"[155.00462 155.00462 155.00462 155.00462 155.00462 155.00462 155.00462
 155.00462 155.00462 155.00462 155.00462 155.00462]",[103.2   103.417  22.583],355.0,33,2020,7,14
"[144.6796 144.6796 144.6796 144.6796 144.6796 144.6796 144.6796 144.6796
 144.6796 144.6796 144.6796 144.6796]",[123.5   103.417  22.583],355.0,34,2020,7,14
"[137.92564 137.92564 137.92564 137.92564 137.92564 137.92564 137.92564
 137.92564 137.92564 137.92564 137.92564 137.92564]",[135.8   103.417  22.583],355.0,35,2020,7,14
"[133.37123 133.37123 133.37123 133.37123 133.37123 133.37123 133.37123
 133.37123 133.37123 133.37123 133.37123 133.37123]",[137.1   103.417  22.583],355.0,36,2020,7,14
"[121.079544 121.079544 121.079544 121.079544 121.079544 121.079544
 121.079544 121.079544 121.079544 121.079544 121.079544 121.079544]",[124.    103.417  22.583],355.0,37,2020,7,14
"[120.76903 120.76903 120.76903 120.76903 120.76903 120.76903 120.76903
 120.76903 120.76903 120.76903 120.76903 120.76903]",[114.2   103.417  22.583],355.0,38,2020,7,14
"[132.18088 132.18088 132.18088 132.18088 132.18088 132.18088 132.18088
 132.18088 132.18088 132.18088 132.18088 132.18088]",[ 80.9   103.417  22.583],355.0,39,2020,7,14
"[164.11339 164.11339 164.11339 164.11339 164.11339 164.11339 164.11339
 164.11339 164.11339 164.11339 164.11339 164.11339]",[ 33.9   103.417  22.583],355.0,40,2020,7,14
"[192.31958 192.31958 192.31958 192.31958 192.31958 192.31958 192.31958
 192.31958 192.31958 192.31958 192.31958 192.31958]",[ 13.6   103.417  22.583],355.0,41,2020,7,14
"[202.30817 202.30817 202.30817 202.30817 202.30817 202.30817 202.30817
 202.30817 202.30817 202.30817 202.30817 202.30817]",[  1.3   103.417  22.583],355.0,42,2020,7,14
"[186.83359 186.83359 186.83359 186.83359 186.83359 186.83359 186.83359
 186.83359 186.83359 186.83359 186.83359 186.83359]",[  0.    103.417  22.583],355.0,43,2020,7,14
"[178.03534 178.03534 178.03534 178.03534 178.03534 178.03534 178.03534
 178.03534 178.03534 178.03534 178.03534 178.03534]",[  0.    103.417  22.583],355.0,44,2020,7,14
"[168.51251 168.51251 168.51251 168.51251 168.51251 168.51251 168.51251
 168.51251 168.51251 168.51251 168.51251 168.51251]",[  0.    103.417  22.583],355.0,45,2020,7,14
"[147.34496 147.34496 147.34496 147.34496 147.34496 147.34496 147.34496
 147.34496 147.34496 147.34496 147.34496 147.34496]",[  0.    103.417  22.583],355.0,46,2020,7,14
"[39.436897 39.436897 39.436897 39.436897 39.436897 39.436897 39.436897
 39.436897 39.436897 39.436897 39.436897 39.436897]",[ 61.9   103.417  22.583],355.0,7,2021,7,14
"[57.188675 57.188675 57.188675 57.188675 57.188675 57.188675 57.188675
 57.188675 57.188675 57.188675 57.188675 57.188675]",[115.6   103.417  22.583],355.0,8,2021,7,14
"[80.3488 80.3488 80.3488 80.3488 80.3488 80.3488 80.3488 80.3488 80.3488
 80.3488 80.3488 80.3488]",[116.4   103.417  22.583],355.0,9,2021,7,14
"[97.06549 97.06549 97.06549 97.06549 97.06549 97.06549 97.06549 97.06549
 97.06549 97.06549 97.06549 97.06549]",[116.4   103.417  22.583],355.0,10,2021,7,14
"[113.601036 113.601036 113.601036 113.601036 113.601036 113.601036
 113.601036 113.601036 113.601036 113.601036 113.601036 113.601036]",[146.4   103.417  22.583],355.0,11,2021,7,14
"[114.066826 114.066826 114.066826 114.066826 114.066826 114.066826
 114.066826 114.066826 114.066826 114.066826 114.066826 114.066826]",[161.6   103.417  22.583],355.0,12,2021,7,14
"[107.312874 107.312874 107.312874 107.312874 107.312874 107.312874
 107.312874 107.312874 107.312874 107.312874 107.312874 107.312874]",[141.9   103.417  22.583],355.0,13,2021,7,14
"[100.558914 100.558914 100.558914 100.558914 100.558914 100.558914
 100.558914 100.558914 100.558914 100.558914 100.558914 100.558914]",[129.5   103.417  22.583],355.0,14,2021,7,14
"[82.00494 82.00494 82.00494 82.00494 82.00494 82.00494 82.00494 82.00494
 82.00494 82.00494 82.00494 82.00494]",[ 75.8   103.417  22.583],355.0,15,2021,7,14
"[87.33565 87.33565 87.33565 87.33565 87.33565 87.33565 87.33565 87.33565
 87.33565 87.33565 87.33565 87.33565]",[ 75.    103.417  22.583],355.0,16,2021,7,14
"[86.48171 86.48171 86.48171 86.48171 86.48171 86.48171 86.48171 86.48171
 86.48171 86.48171 86.48171 86.48171]",[ 79.2   103.417  22.583],355.0,17,2021,7,14
"[68.05712 68.05712 68.05712 68.05712 68.05712 68.05712 68.05712 68.05712
 68.05712 68.05712 68.05712 68.05712]",[111.9   103.417  22.583],355.0,18,2021,7,14
"[69.42861 69.42861 69.42861 69.42861 69.42861 69.42861 69.42861 69.42861
 69.42861 69.42861 69.42861 69.42861]",[ 66.9   103.417  22.583],355.0,19,2021,7,14
"[74.62993 74.62993 74.62993 74.62993 74.62993 74.62993 74.62993 74.62993
 74.62993 74.62993 74.62993 74.62993]",[100.5   103.417  22.583],355.0,20,2021,7,14
"[79.62424 79.62424 79.62424 79.62424 79.62424 79.62424 79.62424 79.62424
 79.62424 79.62424 79.62424 79.62424]",[100.5   103.417  22.583],355.0,21,2021,7,14
"[77.81283 77.81283 77.81283 77.81283 77.81283 77.81283 77.81283 77.81283
 77.81283 77.81283 77.81283 77.81283]",[100.5   103.417  22.583],355.0,22,2021,7,14
"[49.011475 49.011475 49.011475 49.011475 49.011475 49.011475 49.011475
 49.011475 49.011475 49.011475 49.011475 49.011475]",[100.5   103.417  22.583],355.0,23,2021,7,14
"[51.26279 51.26279 51.26279 51.26279 51.26279 51.26279 51.26279 51.26279
 51.26279 51.26279 51.26279 51.26279]",[ 96.3   103.417  22.583],355.0,24,2021,7,14
"[57.86149 57.86149 57.86149 57.86149 57.86149 57.86149 57.86149 57.86149
 57.86149 57.86149 57.86149 57.86149]",[ 33.6   103.417  22.583],355.0,25,2021,7,14
"[50.460598 50.460598 50.460598 50.460598 50.460598 50.460598 50.460598
 50.460598 50.460598 50.460598 50.460598 50.460598]",[ 33.6   103.417  22.583],355.0,26,2021,7,14
"[43.861904 43.861904 43.861904 43.861904 43.861904 43.861904 43.861904
 43.861904 43.861904 43.861904 43.861904 43.861904]",[ 16.3   103.417  22.583],355.0,27,2021,7,14
"[36.021103 36.021103 36.021103 36.021103 36.021103 36.021103 36.021103
 36.021103 36.021103 36.021103 36.021103 36.021103]",[ 74.7   103.417  22.583],355.0,28,2021,7,14
"[39.22988 39.22988 39.22988 39.22988 39.22988 39.22988 39.22988 39.22988
 39.22988 39.22988 39.22988 39.22988]",[ 75.2   103.417  22.583],355.0,29,2021,7,14
"[44.0948 44.0948 44.0948 44.0948 44.0948 44.0948 44.0948 44.0948 44.0948
 44.0948 44.0948 44.0948]",[115.4   103.417  22.583],355.0,30,2021,7,14
"[29.318901 29.318901 29.318901 29.318901 29.318901 29.318901 29.318901
 29.318901 29.318901 29.318901 29.318901 29.318901]",[120.2   103.417  22.583],355.0,31,2021,7,14
"[27.403984 27.403984 27.403984 27.403984 27.403984 27.403984 27.403984
 27.403984 27.403984 27.403984 27.403984 27.403984]",[151.5   103.417  22.583],355.0,32,2021,7,14
"[30.586884 30.586884 30.586884 30.586884 30.586884 30.586884 30.586884
 30.586884 30.586884 30.586884 30.586884 30.586884]",[163.7   103.417  22.583],355.0,33,2021,7,14
"[39.30751 39.30751 39.30751 39.30751 39.30751 39.30751 39.30751 39.30751
 39.30751 39.30751 39.30751 39.30751]",[157.1   103.417  22.583],355.0,34,2021,7,14
"[90.182144 90.182144 90.182144 90.182144 90.182144 90.182144 90.182144
 90.182144 90.182144 90.182144 90.182144 90.182144]",[ 98.7   103.417  22.583],355.0,35,2021,7,14
"[155.44452 155.44452 155.44452 155.44452 155.44452 155.44452 155.44452
 155.44452 155.44452 155.44452 155.44452 155.44452]",[ 98.2   103.417  22.583],355.0,36,2021,7,14
"[180.4678 180.4678 180.4678 180.4678 180.4678 180.4678 180.4678 180.4678
 180.4678 180.4678 180.4678 180.4678]",[ 58.    103.417  22.583],355.0,37,2021,7,14
"[178.42351 178.42351 178.42351 178.42351 178.42351 178.42351 178.42351
 178.42351 178.42351 178.42351 178.42351 178.42351]",[ 53.2   103.417  22.583],355.0,38,2021,7,14
"[172.08359 172.08359 172.08359 172.08359 172.08359 172.08359 172.08359
 172.08359 172.08359 172.08359 172.08359 172.08359]",[ 21.9   103.417  22.583],355.0,39,2021,7,14
"[169.93579 169.93579 169.93579 169.93579 169.93579 169.93579 169.93579
 169.93579 169.93579 169.93579 169.93579 169.93579]",[  9.7   103.417  22.583],355.0,40,2021,7,14
"[162.61252 162.61252 162.61252 162.61252 162.61252 162.61252 162.61252
 162.61252 162.61252 162.61252 162.61252 162.61252]",[  0.    103.417  22.583],355.0,41,2021,7,14
"[116.6028 116.6028 116.6028 116.6028 116.6028 116.6028 116.6028 116.6028
 116.6028 116.6028 116.6028 116.6028]",[  0.    103.417  22.583],355.0,42,2021,7,14
"[76.46722 76.46722 76.46722 76.46722 76.46722 76.46722 76.46722 76.46722
 76.46722 76.46722 76.46722 76.46722]",[ 21.9   103.417  22.583],355.0,43,2021,7,14
"[126.90193 126.90193 126.90193 126.90193 126.90193 126.90193 126.90193
 126.90193 126.90193 126.90193 126.90193 126.90193]",[ 21.9   103.417  22.583],355.0,44,2021,7,14
"[148.9752 148.9752 148.9752 148.9752 148.9752 148.9752 148.9752 148.9752
 148.9752 148.9752 148.9752 148.9752]",[ 21.9   103.417  22.583],355.0,45,2021,7,14
"[158.44627 158.44627 158.44627 158.44627 158.44627 158.44627 158.44627
 158.44627 158.44627 158.44627 158.44627 158.44627]",[ 21.9   103.417  22.583],355.0,46,2021,7,14
"[161.42577 161.42577 161.42577 161.42577 161.42577 161.42577 161.42577
 161.42577 161.42577 161.42577 161.42577 161.42577]",[ 59.5   103.417  22.583],355.0,7,2018,7,18
"[129.4476 129.4476 129.4476 129.4476 129.4476 129.4476 129.4476 129.4476
 129.4476 129.4476 129.4476 129.4476]",[ 78.    103.417  22.583],355.0,8,2018,7,18
"[110.33745 110.33745 110.33745 110.33745 110.33745 110.33745 110.33745
 110.33745 110.33745 110.33745 110.33745 110.33745]",[ 76.7   103.417  22.583],355.0,9,2018,7,18
"[110.74677 110.74677 110.74677 110.74677 110.74677 110.74677 110.74677
 110.74677 110.74677 110.74677 110.74677 110.74677]",[ 74.4   103.417  22.583],355.0,10,2018,7,18
"[116.426094 116.426094 116.426094 116.426094 116.426094 116.426094
 116.426094 116.426094 116.426094 116.426094 116.426094 116.426094]",[ 92.3   103.417  22.583],355.0,11,2018,7,18
"[146.81815 146.81815 146.81815 146.81815 146.81815 146.81815 146.81815
 146.81815 146.81815 146.81815 146.81815 146.81815]",[ 80.5   103.417  22.583],355.0,12,2018,7,18
"[154.2115 154.2115 154.2115 154.2115 154.2115 154.2115 154.2115 154.2115
 154.2115 154.2115 154.2115 154.2115]",[110.6   103.417  22.583],355.0,13,2018,7,18
"[169.76567 169.76567 169.76567 169.76567 169.76567 169.76567 169.76567
 169.76567 169.76567 169.76567 169.76567 169.76567]",[116.1   103.417  22.583],355.0,14,2018,7,18
"[192.63646 192.63646 192.63646 192.63646 192.63646 192.63646 192.63646
 192.63646 192.63646 192.63646 192.63646 192.63646]",[ 97.5   103.417  22.583],355.0,15,2018,7,18
"[195.27147 195.27147 195.27147 195.27147 195.27147 195.27147 195.27147
 195.27147 195.27147 195.27147 195.27147 195.27147]",[ 85.8   103.417  22.583],355.0,16,2018,7,18
"[170.63548 170.63548 170.63548 170.63548 170.63548 170.63548 170.63548
 170.63548 170.63548 170.63548 170.63548 170.63548]",[110.4   103.417  22.583],355.0,17,2018,7,18
"[142.44354 142.44354 142.44354 142.44354 142.44354 142.44354 142.44354
 142.44354 142.44354 142.44354 142.44354 142.44354]",[ 97.7   103.417  22.583],355.0,18,2018,7,18
"[125.3544 125.3544 125.3544 125.3544 125.3544 125.3544 125.3544 125.3544
 125.3544 125.3544 125.3544 125.3544]",[ 98.8   103.417  22.583],355.0,19,2018,7,18
"[133.61755 133.61755 133.61755 133.61755 133.61755 133.61755 133.61755
 133.61755 133.61755 133.61755 133.61755 133.61755]",[ 72.3   103.417  22.583],355.0,20,2018,7,18
"[121.10771 121.10771 121.10771 121.10771 121.10771 121.10771 121.10771
 121.10771 121.10771 121.10771 121.10771 121.10771]",[ 68.8   103.417  22.583],355.0,21,2018,7,18
"[91.43196 91.43196 91.43196 91.43196 91.43196 91.43196 91.43196 91.43196
 91.43196 91.43196 91.43196 91.43196]",[ 68.    103.417  22.583],355.0,22,2018,7,18
"[65.69594 65.69594 65.69594 65.69594 65.69594 65.69594 65.69594 65.69594
 65.69594 65.69594 65.69594 65.69594]",[ 62.5   103.417  22.583],355.0,23,2018,7,18
"[65.87502 65.87502 65.87502 65.87502 65.87502 65.87502 65.87502 65.87502
 65.87502 65.87502 65.87502 65.87502]",[ 34.9   103.417  22.583],355.0,24,2018,7,18
"[76.18478 76.18478 76.18478 76.18478 76.18478 76.18478 76.18478 76.18478
 76.18478 76.18478 76.18478 76.18478]",[ 33.2   103.417  22.583],355.0,25,2018,7,18
"[70.22405 70.22405 70.22405 70.22405 70.22405 70.22405 70.22405 70.22405
 70.22405 70.22405 70.22405 70.22405]",[ 27.    103.417  22.583],355.0,26,2018,7,18
"[73.67769 73.67769 73.67769 73.67769 73.67769 73.67769 73.67769 73.67769
 73.67769 73.67769 73.67769 73.67769]",[ 23.4   103.417  22.583],355.0,27,2018,7,18
"[132.79892 132.79892 132.79892 132.79892 132.79892 132.79892 132.79892
 132.79892 132.79892 132.79892 132.79892 132.79892]",[ 24.9   103.417  22.583],355.0,28,2018,7,18
"[150.06714 150.06714 150.06714 150.06714 150.06714 150.06714 150.06714
 150.06714 150.06714 150.06714 150.06714 150.06714]",[ 66.7   103.417  22.583],355.0,29,2018,7,18
"[181.58481 181.58481 181.58481 181.58481 181.58481 181.58481 181.58481
 181.58481 181.58481 181.58481 181.58481 181.58481]",[ 79.7   103.417  22.583],355.0,30,2018,7,18
"[188.44093 188.44093 188.44093 188.44093 188.44093 188.44093 188.44093
 188.44093 188.44093 188.44093 188.44093 188.44093]",[ 79.3   103.417  22.583],355.0,31,2018,7,18
"[195.42497 195.42497 195.42497 195.42497 195.42497 195.42497 195.42497
 195.42497 195.42497 195.42497 195.42497 195.42497]",[ 75.8   103.417  22.583],355.0,32,2018,7,18
"[202.30667 202.30667 202.30667 202.30667 202.30667 202.30667 202.30667
 202.30667 202.30667 202.30667 202.30667 202.30667]",[ 78.5   103.417  22.583],355.0,33,2018,7,18
"[198.46928 198.46928 198.46928 198.46928 198.46928 198.46928 198.46928
 198.46928 198.46928 198.46928 198.46928 198.46928]",[ 78.5   103.417  22.583],355.0,34,2018,7,18
"[141.7784 141.7784 141.7784 141.7784 141.7784 141.7784 141.7784 141.7784
 141.7784 141.7784 141.7784 141.7784]",[120.4   103.417  22.583],355.0,35,2018,7,18
"[119.086685 119.086685 119.086685 119.086685 119.086685 119.086685
 119.086685 119.086685 119.086685 119.086685 119.086685 119.086685]",[ 68.1   103.417  22.583],355.0,36,2018,7,18
"[86.28988 86.28988 86.28988 86.28988 86.28988 86.28988 86.28988 86.28988
 86.28988 86.28988 86.28988 86.28988]",[ 58.8   103.417  22.583],355.0,37,2018,7,18
"[69.58448 69.58448 69.58448 69.58448 69.58448 69.58448 69.58448 69.58448
 69.58448 69.58448 69.58448 69.58448]",[ 65.1   103.417  22.583],355.0,38,2018,7,18
"[48.478893 48.478893 48.478893 48.478893 48.478893 48.478893 48.478893
 48.478893 48.478893 48.478893 48.478893 48.478893]",[ 65.1   103.417  22.583],355.0,39,2018,7,18
"[45.92065 45.92065 45.92065 45.92065 45.92065 45.92065 45.92065 45.92065
 45.92065 45.92065 45.92065 45.92065]",[ 64.8   103.417  22.583],355.0,40,2018,7,18
"[37.99006 37.99006 37.99006 37.99006 37.99006 37.99006 37.99006 37.99006
 37.99006 37.99006 37.99006 37.99006]",[ 82.    103.417  22.583],355.0,41,2018,7,18
"[43.13215 43.13215 43.13215 43.13215 43.13215 43.13215 43.13215 43.13215
 43.13215 43.13215 43.13215 43.13215]",[ 45.5   103.417  22.583],355.0,42,2018,7,18
"[52.1372 52.1372 52.1372 52.1372 52.1372 52.1372 52.1372 52.1372 52.1372
 52.1372 52.1372 52.1372]",[ 63.8   103.417  22.583],355.0,43,2018,7,18
"[51.344143 51.344143 51.344143 51.344143 51.344143 51.344143 51.344143
 51.344143 51.344143 51.344143 51.344143 51.344143]",[ 99.3   103.417  22.583],355.0,44,2018,7,18
"[52.060455 52.060455 52.060455 52.060455 52.060455 52.060455 52.060455
 52.060455 52.060455 52.060455 52.060455 52.060455]",[ 93.7   103.417  22.583],355.0,45,2018,7,18
"[50.960407 50.960407 50.960407 50.960407 50.960407 50.960407 50.960407
 50.960407 50.960407 50.960407 50.960407 50.960407]",[113.    103.417  22.583],355.0,46,2018,7,18
"[67.921616 67.921616 67.921616 67.921616 67.921616 67.921616 67.921616
 67.921616 67.921616 67.921616 67.921616 67.921616]",[ 47.5   103.417  22.583],355.0,7,2019,7,18
"[79.91982 79.91982 79.91982 79.91982 79.91982 79.91982 79.91982 79.91982
 79.91982 79.91982 79.91982 79.91982]",[ 51.6   103.417  22.583],355.0,8,2019,7,18
"[83.55254 83.55254 83.55254 83.55254 83.55254 83.55254 83.55254 83.55254
 83.55254 83.55254 83.55254 83.55254]",[ 51.6   103.417  22.583],355.0,9,2019,7,18
"[85.57356 85.57356 85.57356 85.57356 85.57356 85.57356 85.57356 85.57356
 85.57356 85.57356 85.57356 85.57356]",[ 51.6   103.417  22.583],355.0,10,2019,7,18
"[89.99934 89.99934 89.99934 89.99934 89.99934 89.99934 89.99934 89.99934
 89.99934 89.99934 89.99934 89.99934]",[ 23.4   103.417  22.583],355.0,11,2019,7,18
"[100.41143 100.41143 100.41143 100.41143 100.41143 100.41143 100.41143
 100.41143 100.41143 100.41143 100.41143 100.41143]",[ 25.9   103.417  22.583],355.0,12,2019,7,18
"[103.96741 103.96741 103.96741 103.96741 103.96741 103.96741 103.96741
 103.96741 103.96741 103.96741 103.96741 103.96741]",[ 39.7   103.417  22.583],355.0,13,2019,7,18
"[95.960075 95.960075 95.960075 95.960075 95.960075 95.960075 95.960075
 95.960075 95.960075 95.960075 95.960075 95.960075]",[ 38.6   103.417  22.583],355.0,14,2019,7,18
"[93.22275 93.22275 93.22275 93.22275 93.22275 93.22275 93.22275 93.22275
 93.22275 93.22275 93.22275 93.22275]",[ 34.5   103.417  22.583],355.0,15,2019,7,18
"[98.77415 98.77415 98.77415 98.77415 98.77415 98.77415 98.77415 98.77415
 98.77415 98.77415 98.77415 98.77415]",[ 54.3   103.417  22.583],355.0,16,2019,7,18
"[110.004875 110.004875 110.004875 110.004875 110.004875 110.004875
 110.004875 110.004875 110.004875 110.004875 110.004875 110.004875]",[ 62.7   103.417  22.583],355.0,17,2019,7,18
"[116.272606 116.272606 116.272606 116.272606 116.272606 116.272606
 116.272606 116.272606 116.272606 116.272606 116.272606 116.272606]",[ 66.    103.417  22.583],355.0,18,2019,7,18
"[106.85823 106.85823 106.85823 106.85823 106.85823 106.85823 106.85823
 106.85823 106.85823 106.85823 106.85823 106.85823]",[ 45.3   103.417  22.583],355.0,19,2019,7,18
"[80.43147 80.43147 80.43147 80.43147 80.43147 80.43147 80.43147 80.43147
 80.43147 80.43147 80.43147 80.43147]",[ 31.5   103.417  22.583],355.0,20,2019,7,18
"[66.386665 66.386665 66.386665 66.386665 66.386665 66.386665 66.386665
 66.386665 66.386665 66.386665 66.386665 66.386665]",[ 34.8   103.417  22.583],355.0,21,2019,7,18
"[62.26788 62.26788 62.26788 62.26788 62.26788 62.26788 62.26788 62.26788
 62.26788 62.26788 62.26788 62.26788]",[ 34.8   103.417  22.583],355.0,22,2019,7,18
"[53.13491 53.13491 53.13491 53.13491 53.13491 53.13491 53.13491 53.13491
 53.13491 53.13491 53.13491 53.13491]",[ 15.    103.417  22.583],355.0,23,2019,7,18
"[39.192436 39.192436 39.192436 39.192436 39.192436 39.192436 39.192436
 39.192436 39.192436 39.192436 39.192436 39.192436]",[  6.6   103.417  22.583],355.0,24,2019,7,18
"[28.62685 28.62685 28.62685 28.62685 28.62685 28.62685 28.62685 28.62685
 28.62685 28.62685 28.62685 28.62685]",[  4.7   103.417  22.583],355.0,25,2019,7,18
"[25.019714 25.019714 25.019714 25.019714 25.019714 25.019714 25.019714
 25.019714 25.019714 25.019714 25.019714 25.019714]",[  4.7   103.417  22.583],355.0,26,2019,7,18
"[24.610394 24.610394 24.610394 24.610394 24.610394 24.610394 24.610394
 24.610394 24.610394 24.610394 24.610394 24.610394]",[  4.7   103.417  22.583],355.0,27,2019,7,18
"[37.836563 37.836563 37.836563 37.836563 37.836563 37.836563 37.836563
 37.836563 37.836563 37.836563 37.836563 37.836563]",[  1.4   103.417  22.583],355.0,28,2019,7,18
"[46.764866 46.764866 46.764866 46.764866 46.764866 46.764866 46.764866
 46.764866 46.764866 46.764866 46.764866 46.764866]",[  1.4   103.417  22.583],355.0,29,2019,7,18
"[62.549286 62.549286 62.549286 62.549286 62.549286 62.549286 62.549286
 62.549286 62.549286 62.549286 62.549286 62.549286]",[  1.4   103.417  22.583],355.0,30,2019,7,18
"[80.71289 80.71289 80.71289 80.71289 80.71289 80.71289 80.71289 80.71289
 80.71289 80.71289 80.71289 80.71289]",[  1.4   103.417  22.583],355.0,31,2019,7,18
"[101.12775 101.12775 101.12775 101.12775 101.12775 101.12775 101.12775
 101.12775 101.12775 101.12775 101.12775 101.12775]",[  0.    103.417  22.583],355.0,32,2019,7,18
"[110.95145 110.95145 110.95145 110.95145 110.95145 110.95145 110.95145
 110.95145 110.95145 110.95145 110.95145 110.95145]",[  0.    103.417  22.583],355.0,33,2019,7,18
"[107.83037 107.83037 107.83037 107.83037 107.83037 107.83037 107.83037
 107.83037 107.83037 107.83037 107.83037 107.83037]",[  0.    103.417  22.583],355.0,34,2019,7,18
"[99.31139 99.31139 99.31139 99.31139 99.31139 99.31139 99.31139 99.31139
 99.31139 99.31139 99.31139 99.31139]",[  0.    103.417  22.583],355.0,35,2019,7,18
"[88.259735 88.259735 88.259735 88.259735 88.259735 88.259735 88.259735
 88.259735 88.259735 88.259735 88.259735 88.259735]",[  0.    103.417  22.583],355.0,36,2019,7,18
"[69.14958 69.14958 69.14958 69.14958 69.14958 69.14958 69.14958 69.14958
 69.14958 69.14958 69.14958 69.14958]",[  0.    103.417  22.583],355.0,37,2019,7,18
"[47.199776 47.199776 47.199776 47.199776 47.199776 47.199776 47.199776
 47.199776 47.199776 47.199776 47.199776 47.199776]",[  0.    103.417  22.583],355.0,38,2019,7,18
"[28.652435 28.652435 28.652435 28.652435 28.652435 28.652435 28.652435
 28.652435 28.652435 28.652435 28.652435 28.652435]",[  0.    103.417  22.583],355.0,39,2019,7,18
"[25.403452 25.403452 25.403452 25.403452 25.403452 25.403452 25.403452
 25.403452 25.403452 25.403452 25.403452 25.403452]",[ 15.3   103.417  22.583],355.0,40,2019,7,18
"[26.68258 26.68258 26.68258 26.68258 26.68258 26.68258 26.68258 26.68258
 26.68258 26.68258 26.68258 26.68258]",[ 17.1   103.417  22.583],355.0,41,2019,7,18
"[20.900928 20.900928 20.900928 20.900928 20.900928 20.900928 20.900928
 20.900928 20.900928 20.900928 20.900928 20.900928]",[ 17.1   103.417  22.583],355.0,42,2019,7,18
"[19.417141 19.417141 19.417141 19.417141 19.417141 19.417141 19.417141
 19.417141 19.417141 19.417141 19.417141 19.417141]",[ 17.6   103.417  22.583],355.0,43,2019,7,18
"[24.78947 24.78947 24.78947 24.78947 24.78947 24.78947 24.78947 24.78947
 24.78947 24.78947 24.78947 24.78947]",[ 24.4   103.417  22.583],355.0,44,2019,7,18
"[38.604034 38.604034 38.604034 38.604034 38.604034 38.604034 38.604034
 38.604034 38.604034 38.604034 38.604034 38.604034]",[ 35.7   103.417  22.583],355.0,45,2019,7,18
"[56.076904 56.076904 56.076904 56.076904 56.076904 56.076904 56.076904
 56.076904 56.076904 56.076904 56.076904 56.076904]",[ 35.7   103.417  22.583],355.0,46,2019,7,18
"[25.32671 25.32671 25.32671 25.32671 25.32671 25.32671 25.32671 25.32671
 25.32671 25.32671 25.32671 25.32671]",[ 20.9   103.417  22.583],355.0,7,2020,7,18
"[26.017439 26.017439 26.017439 26.017439 26.017439 26.017439 26.017439
 26.017439 26.017439 26.017439 26.017439 26.017439]",[ 17.3   103.417  22.583],355.0,8,2020,7,18
"[26.75933 26.75933 26.75933 26.75933 26.75933 26.75933 26.75933 26.75933
 26.75933 26.75933 26.75933 26.75933]",[ 11.8   103.417  22.583],355.0,9,2020,7,18
"[16.014666 16.014666 16.014666 16.014666 16.014666 16.014666 16.014666
 16.014666 16.014666 16.014666 16.014666 16.014666]",[ 22.4   103.417  22.583],355.0,10,2020,7,18
"[12.688938 12.688938 12.688938 12.688938 12.688938 12.688938 12.688938
 12.688938 12.688938 12.688938 12.688938 12.688938]",[ 22.4   103.417  22.583],355.0,11,2020,7,18
"[15.1704445 15.1704445 15.1704445 15.1704445 15.1704445 15.1704445
 15.1704445 15.1704445 15.1704445 15.1704445 15.1704445 15.1704445]",[ 22.4   103.417  22.583],355.0,12,2020,7,18
"[18.342678 18.342678 18.342678 18.342678 18.342678 18.342678 18.342678
 18.342678 18.342678 18.342678 18.342678 18.342678]",[ 22.4   103.417  22.583],355.0,13,2020,7,18
"[19.442726 19.442726 19.442726 19.442726 19.442726 19.442726 19.442726
 19.442726 19.442726 19.442726 19.442726 19.442726]",[ 22.4   103.417  22.583],355.0,14,2020,7,18
"[31.952583 31.952583 31.952583 31.952583 31.952583 31.952583 31.952583
 31.952583 31.952583 31.952583 31.952583 31.952583]",[ 25.5   103.417  22.583],355.0,15,2020,7,18
"[42.0321 42.0321 42.0321 42.0321 42.0321 42.0321 42.0321 42.0321 42.0321
 42.0321 42.0321 42.0321]",[ 17.7   103.417  22.583],355.0,16,2020,7,18
"[52.341858 52.341858 52.341858 52.341858 52.341858 52.341858 52.341858
 52.341858 52.341858 52.341858 52.341858 52.341858]",[  8.3   103.417  22.583],355.0,17,2020,7,18
"[58.302586 58.302586 58.302586 58.302586 58.302586 58.302586 58.302586
 58.302586 58.302586 58.302586 58.302586 58.302586]",[ 31.2   103.417  22.583],355.0,18,2020,7,18
"[63.240013 63.240013 63.240013 63.240013 63.240013 63.240013 63.240013
 63.240013 63.240013 63.240013 63.240013 63.240013]",[ 40.5   103.417  22.583],355.0,19,2020,7,18
"[67.358795 67.358795 67.358795 67.358795 67.358795 67.358795 67.358795
 67.358795 67.358795 67.358795 67.358795 67.358795]",[ 47.1   103.417  22.583],355.0,20,2020,7,18
"[68.33094 68.33094 68.33094 68.33094 68.33094 68.33094 68.33094 68.33094
 68.33094 68.33094 68.33094 68.33094]",[ 47.1   103.417  22.583],355.0,21,2020,7,18
"[57.48395 57.48395 57.48395 57.48395 57.48395 57.48395 57.48395 57.48395
 57.48395 57.48395 57.48395 57.48395]",[ 44.    103.417  22.583],355.0,22,2020,7,18
"[45.767143 45.767143 45.767143 45.767143 45.767143 45.767143 45.767143
 45.767143 45.767143 45.767143 45.767143 45.767143]",[ 40.8   103.417  22.583],355.0,23,2020,7,18
"[43.746124 43.746124 43.746124 43.746124 43.746124 43.746124 43.746124
 43.746124 43.746124 43.746124 43.746124 43.746124]",[ 38.8   103.417  22.583],355.0,24,2020,7,18
"[56.179237 56.179237 56.179237 56.179237 56.179237 56.179237 56.179237
 56.179237 56.179237 56.179237 56.179237 56.179237]",[ 15.9   103.417  22.583],355.0,25,2020,7,18
"[85.03633 85.03633 85.03633 85.03633 85.03633 85.03633 85.03633 85.03633
 85.03633 85.03633 85.03633 85.03633]",[ 19.7   103.417  22.583],355.0,26,2020,7,18
"[160.12106 160.12106 160.12106 160.12106 160.12106 160.12106 160.12106
 160.12106 160.12106 160.12106 160.12106 160.12106]",[ 22.9   103.417  22.583],355.0,27,2020,7,18
"[215.73747 215.73747 215.73747 215.73747 215.73747 215.73747 215.73747
 215.73747 215.73747 215.73747 215.73747 215.73747]",[ 56.2   103.417  22.583],355.0,28,2020,7,18
"[255.18573 255.18573 255.18573 255.18573 255.18573 255.18573 255.18573
 255.18573 255.18573 255.18573 255.18573 255.18573]",[103.2   103.417  22.583],355.0,29,2020,7,18
"[282.14972 282.14972 282.14972 282.14972 282.14972 282.14972 282.14972
 282.14972 282.14972 282.14972 282.14972 282.14972]",[123.5   103.417  22.583],355.0,30,2020,7,18
"[293.20135 293.20135 293.20135 293.20135 293.20135 293.20135 293.20135
 293.20135 293.20135 293.20135 293.20135 293.20135]",[135.8   103.417  22.583],355.0,31,2020,7,18
"[304.43213 304.43213 304.43213 304.43213 304.43213 304.43213 304.43213
 304.43213 304.43213 304.43213 304.43213 304.43213]",[137.1   103.417  22.583],355.0,32,2020,7,18
"[270.89343 270.89343 270.89343 270.89343 270.89343 270.89343 270.89343
 270.89343 270.89343 270.89343 270.89343 270.89343]",[124.    103.417  22.583],355.0,33,2020,7,18
"[191.56198 191.56198 191.56198 191.56198 191.56198 191.56198 191.56198
 191.56198 191.56198 191.56198 191.56198 191.56198]",[114.2   103.417  22.583],355.0,34,2020,7,18
"[139.96202 139.96202 139.96202 139.96202 139.96202 139.96202 139.96202
 139.96202 139.96202 139.96202 139.96202 139.96202]",[ 80.9   103.417  22.583],355.0,35,2020,7,18
"[100.23235 100.23235 100.23235 100.23235 100.23235 100.23235 100.23235
 100.23235 100.23235 100.23235 100.23235 100.23235]",[ 33.9   103.417  22.583],355.0,36,2020,7,18
"[72.833466 72.833466 72.833466 72.833466 72.833466 72.833466 72.833466
 72.833466 72.833466 72.833466 72.833466 72.833466]",[ 13.6   103.417  22.583],355.0,37,2020,7,18
"[59.12123 59.12123 59.12123 59.12123 59.12123 59.12123 59.12123 59.12123
 59.12123 59.12123 59.12123 59.12123]",[  1.3   103.417  22.583],355.0,38,2020,7,18
"[33.768944 33.768944 33.768944 33.768944 33.768944 33.768944 33.768944
 33.768944 33.768944 33.768944 33.768944 33.768944]",[  0.    103.417  22.583],355.0,39,2020,7,18
"[27.398893 27.398893 27.398893 27.398893 27.398893 27.398893 27.398893
 27.398893 27.398893 27.398893 27.398893 27.398893]",[  0.    103.417  22.583],355.0,40,2020,7,18
"[25.224379 25.224379 25.224379 25.224379 25.224379 25.224379 25.224379
 25.224379 25.224379 25.224379 25.224379 25.224379]",[  0.    103.417  22.583],355.0,41,2020,7,18
"[46.074142 46.074142 46.074142 46.074142 46.074142 46.074142 46.074142
 46.074142 46.074142 46.074142 46.074142 46.074142]",[  0.    103.417  22.583],355.0,42,2020,7,18
"[56.102493 56.102493 56.102493 56.102493 56.102493 56.102493 56.102493
 56.102493 56.102493 56.102493 56.102493 56.102493]",[  0.    103.417  22.583],355.0,43,2020,7,18
"[56.179245 56.179245 56.179245 56.179245 56.179245 56.179245 56.179245
 56.179245 56.179245 56.179245 56.179245 56.179245]",[ 10.8   103.417  22.583],355.0,44,2020,7,18
"[52.59769 52.59769 52.59769 52.59769 52.59769 52.59769 52.59769 52.59769
 52.59769 52.59769 52.59769 52.59769]",[ 10.8   103.417  22.583],355.0,45,2020,7,18
"[64.31448 64.31448 64.31448 64.31448 64.31448 64.31448 64.31448 64.31448
 64.31448 64.31448 64.31448 64.31448]",[ 10.8   103.417  22.583],355.0,46,2020,7,18
"[107.472206 107.472206 107.472206 107.472206 107.472206 107.472206
 107.472206 107.472206 107.472206 107.472206 107.472206 107.472206]",[146.4   103.417  22.583],355.0,7,2021,7,18
"[100.564926 100.564926 100.564926 100.564926 100.564926 100.564926
 100.564926 100.564926 100.564926 100.564926 100.564926 100.564926]",[161.6   103.417  22.583],355.0,8,2021,7,18
"[77.10575 77.10575 77.10575 77.10575 77.10575 77.10575 77.10575 77.10575
 77.10575 77.10575 77.10575 77.10575]",[141.9   103.417  22.583],355.0,9,2021,7,18
"[55.258266 55.258266 55.258266 55.258266 55.258266 55.258266 55.258266
 55.258266 55.258266 55.258266 55.258266 55.258266]",[129.5   103.417  22.583],355.0,10,2021,7,18
"[52.111614 52.111614 52.111614 52.111614 52.111614 52.111614 52.111614
 52.111614 52.111614 52.111614 52.111614 52.111614]",[ 75.8   103.417  22.583],355.0,11,2021,7,18
"[57.049046 57.049046 57.049046 57.049046 57.049046 57.049046 57.049046
 57.049046 57.049046 57.049046 57.049046 57.049046]",[ 75.    103.417  22.583],355.0,12,2021,7,18
"[37.63191 37.63191 37.63191 37.63191 37.63191 37.63191 37.63191 37.63191
 37.63191 37.63191 37.63191 37.63191]",[ 79.2   103.417  22.583],355.0,13,2021,7,18
"[20.133453 20.133453 20.133453 20.133453 20.133453 20.133453 20.133453
 20.133453 20.133453 20.133453 20.133453 20.133453]",[111.9   103.417  22.583],355.0,14,2021,7,18
"[16.756557 16.756557 16.756557 16.756557 16.756557 16.756557 16.756557
 16.756557 16.756557 16.756557 16.756557 16.756557]",[ 66.9   103.417  22.583],355.0,15,2021,7,18
"[21.949814 21.949814 21.949814 21.949814 21.949814 21.949814 21.949814
 21.949814 21.949814 21.949814 21.949814 21.949814]",[100.5   103.417  22.583],355.0,16,2021,7,18
"[21.898647 21.898647 21.898647 21.898647 21.898647 21.898647 21.898647
 21.898647 21.898647 21.898647 21.898647 21.898647]",[100.5   103.417  22.583],355.0,17,2021,7,18
"[37.47841 37.47841 37.47841 37.47841 37.47841 37.47841 37.47841 37.47841
 37.47841 37.47841 37.47841 37.47841]",[100.5   103.417  22.583],355.0,18,2021,7,18
"[34.101513 34.101513 34.101513 34.101513 34.101513 34.101513 34.101513
 34.101513 34.101513 34.101513 34.101513 34.101513]",[100.5   103.417  22.583],355.0,19,2021,7,18
"[47.99283 47.99283 47.99283 47.99283 47.99283 47.99283 47.99283 47.99283
 47.99283 47.99283 47.99283 47.99283]",[ 96.3   103.417  22.583],355.0,20,2021,7,18
"[77.54065 77.54065 77.54065 77.54065 77.54065 77.54065 77.54065 77.54065
 77.54065 77.54065 77.54065 77.54065]",[ 33.6   103.417  22.583],355.0,21,2021,7,18
"[168.7168 168.7168 168.7168 168.7168 168.7168 168.7168 168.7168 168.7168
 168.7168 168.7168 168.7168 168.7168]",[ 33.6   103.417  22.583],355.0,22,2021,7,18
"[178.56607 178.56607 178.56607 178.56607 178.56607 178.56607 178.56607
 178.56607 178.56607 178.56607 178.56607 178.56607]",[ 16.3   103.417  22.583],355.0,23,2021,7,18
"[189.15723 189.15723 189.15723 189.15723 189.15723 189.15723 189.15723
 189.15723 189.15723 189.15723 189.15723 189.15723]",[ 74.7   103.417  22.583],355.0,24,2021,7,18
"[180.84291 180.84291 180.84291 180.84291 180.84291 180.84291 180.84291
 180.84291 180.84291 180.84291 180.84291 180.84291]",[ 75.2   103.417  22.583],355.0,25,2021,7,18
"[184.45004 184.45004 184.45004 184.45004 184.45004 184.45004 184.45004
 184.45004 184.45004 184.45004 184.45004 184.45004]",[115.4   103.417  22.583],355.0,26,2021,7,18
"[180.45918 180.45918 180.45918 180.45918 180.45918 180.45918 180.45918
 180.45918 180.45918 180.45918 180.45918 180.45918]",[120.2   103.417  22.583],355.0,27,2021,7,18
"[160.249 160.249 160.249 160.249 160.249 160.249 160.249 160.249 160.249
 160.249 160.249 160.249]",[151.5   103.417  22.583],355.0,28,2021,7,18
"[73.44744 73.44744 73.44744 73.44744 73.44744 73.44744 73.44744 73.44744
 73.44744 73.44744 73.44744 73.44744]",[163.7   103.417  22.583],355.0,29,2021,7,18
"[62.16555 62.16555 62.16555 62.16555 62.16555 62.16555 62.16555 62.16555
 62.16555 62.16555 62.16555 62.16555]",[157.1   103.417  22.583],355.0,30,2021,7,18
"[57.12579 57.12579 57.12579 57.12579 57.12579 57.12579 57.12579 57.12579
 57.12579 57.12579 57.12579 57.12579]",[ 98.7   103.417  22.583],355.0,31,2021,7,18
"[52.67443 52.67443 52.67443 52.67443 52.67443 52.67443 52.67443 52.67443
 52.67443 52.67443 52.67443 52.67443]",[ 98.2   103.417  22.583],355.0,32,2021,7,18
"[47.199768 47.199768 47.199768 47.199768 47.199768 47.199768 47.199768
 47.199768 47.199768 47.199768 47.199768 47.199768]",[ 58.    103.417  22.583],355.0,33,2021,7,18
"[36.07137 36.07137 36.07137 36.07137 36.07137 36.07137 36.07137 36.07137
 36.07137 36.07137 36.07137 36.07137]",[ 53.2   103.417  22.583],355.0,34,2021,7,18
"[32.31074 32.31074 32.31074 32.31074 32.31074 32.31074 32.31074 32.31074
 32.31074 32.31074 32.31074 32.31074]",[ 21.9   103.417  22.583],355.0,35,2021,7,18
"[30.69904 30.69904 30.69904 30.69904 30.69904 30.69904 30.69904 30.69904
 30.69904 30.69904 30.69904 30.69904]",[  9.7   103.417  22.583],355.0,36,2021,7,18
"[32.080498 32.080498 32.080498 32.080498 32.080498 32.080498 32.080498
 32.080498 32.080498 32.080498 32.080498 32.080498]",[  0.    103.417  22.583],355.0,37,2021,7,18
"[37.88773 37.88773 37.88773 37.88773 37.88773 37.88773 37.88773 37.88773
 37.88773 37.88773 37.88773 37.88773]",[  0.    103.417  22.583],355.0,38,2021,7,18
"[37.81098 37.81098 37.81098 37.81098 37.81098 37.81098 37.81098 37.81098
 37.81098 37.81098 37.81098 37.81098]",[ 21.9   103.417  22.583],355.0,39,2021,7,18
"[38.962193 38.962193 38.962193 38.962193 38.962193 38.962193 38.962193
 38.962193 38.962193 38.962193 38.962193 38.962193]",[ 21.9   103.417  22.583],355.0,40,2021,7,18
"[39.70409 39.70409 39.70409 39.70409 39.70409 39.70409 39.70409 39.70409
 39.70409 39.70409 39.70409 39.70409]",[ 21.9   103.417  22.583],355.0,41,2021,7,18
"[35.45739 35.45739 35.45739 35.45739 35.45739 35.45739 35.45739 35.45739
 35.45739 35.45739 35.45739 35.45739]",[ 21.9   103.417  22.583],355.0,42,2021,7,18
"[37.836567 37.836567 37.836567 37.836567 37.836567 37.836567 37.836567
 37.836567 37.836567 37.836567 37.836567 37.836567]",[ 21.9   103.417  22.583],355.0,43,2021,7,18
"[45.895065 45.895065 45.895065 45.895065 45.895065 45.895065 45.895065
 45.895065 45.895065 45.895065 45.895065 45.895065]",[ 21.9   103.417  22.583],355.0,44,2021,7,18
"[41.82744 41.82744 41.82744 41.82744 41.82744 41.82744 41.82744 41.82744
 41.82744 41.82744 41.82744 41.82744]",[ 21.9   103.417  22.583],355.0,45,2021,7,18
"[43.976376 43.976376 43.976376 43.976376 43.976376 43.976376 43.976376
 43.976376 43.976376 43.976376 43.976376 43.976376]",[  0.    103.417  22.583],355.0,46,2021,7,18
"[142.37427 142.37427 142.37427 142.37427 142.37427 142.37427 142.37427
 142.37427 142.37427 142.37427 142.37427 142.37427]",[ 74.4   103.417  22.583],355.0,7,2018,7,21
"[130.00482 130.00482 130.00482 130.00482 130.00482 130.00482 130.00482
 130.00482 130.00482 130.00482 130.00482 130.00482]",[ 92.3   103.417  22.583],355.0,8,2018,7,21
"[138.54895 138.54895 138.54895 138.54895 138.54895 138.54895 138.54895
 138.54895 138.54895 138.54895 138.54895 138.54895]",[ 80.5   103.417  22.583],355.0,9,2018,7,21
"[139.61 139.61 139.61 139.61 139.61 139.61 139.61 139.61 139.61 139.61
 139.61 139.61]",[110.6   103.417  22.583],355.0,10,2018,7,21
"[138.68857 138.68857 138.68857 138.68857 138.68857 138.68857 138.68857
 138.68857 138.68857 138.68857 138.68857 138.68857]",[116.1   103.417  22.583],355.0,11,2018,7,21
"[119.64575 119.64575 119.64575 119.64575 119.64575 119.64575 119.64575
 119.64575 119.64575 119.64575 119.64575 119.64575]",[ 97.5   103.417  22.583],355.0,12,2018,7,21
"[97.25231 97.25231 97.25231 97.25231 97.25231 97.25231 97.25231 97.25231
 97.25231 97.25231 97.25231 97.25231]",[ 85.8   103.417  22.583],355.0,13,2018,7,21
"[75.41732 75.41732 75.41732 75.41732 75.41732 75.41732 75.41732 75.41732
 75.41732 75.41732 75.41732 75.41732]",[110.4   103.417  22.583],355.0,14,2018,7,21
"[61.56801 61.56801 61.56801 61.56801 61.56801 61.56801 61.56801 61.56801
 61.56801 61.56801 61.56801 61.56801]",[ 97.7   103.417  22.583],355.0,15,2018,7,21
"[49.924534 49.924534 49.924534 49.924534 49.924534 49.924534 49.924534
 49.924534 49.924534 49.924534 49.924534 49.924534]",[ 98.8   103.417  22.583],355.0,16,2018,7,21
"[59.222557 59.222557 59.222557 59.222557 59.222557 59.222557 59.222557
 59.222557 59.222557 59.222557 59.222557 59.222557]",[ 72.3   103.417  22.583],355.0,17,2018,7,21
"[67.68292 67.68292 67.68292 67.68292 67.68292 67.68292 67.68292 67.68292
 67.68292 67.68292 67.68292 67.68292]",[ 68.8   103.417  22.583],355.0,18,2018,7,21
"[74.691345 74.691345 74.691345 74.691345 74.691345 74.691345 74.691345
 74.691345 74.691345 74.691345 74.691345 74.691345]",[ 68.    103.417  22.583],355.0,19,2018,7,21
"[73.71407 73.71407 73.71407 73.71407 73.71407 73.71407 73.71407 73.71407
 73.71407 73.71407 73.71407 73.71407]",[ 62.5   103.417  22.583],355.0,20,2018,7,21
"[65.47708 65.47708 65.47708 65.47708 65.47708 65.47708 65.47708 65.47708
 65.47708 65.47708 65.47708 65.47708]",[ 34.9   103.417  22.583],355.0,21,2018,7,21
"[58.329052 58.329052 58.329052 58.329052 58.329052 58.329052 58.329052
 58.329052 58.329052 58.329052 58.329052 58.329052]",[ 33.2   103.417  22.583],355.0,22,2018,7,21
"[54.755035 54.755035 54.755035 54.755035 54.755035 54.755035 54.755035
 54.755035 54.755035 54.755035 54.755035 54.755035]",[ 27.    103.417  22.583],355.0,23,2018,7,21
"[48.72388 48.72388 48.72388 48.72388 48.72388 48.72388 48.72388 48.72388
 48.72388 48.72388 48.72388 48.72388]",[ 23.4   103.417  22.583],355.0,24,2018,7,21
"[48.528435 48.528435 48.528435 48.528435 48.528435 48.528435 48.528435
 48.528435 48.528435 48.528435 48.528435 48.528435]",[ 24.9   103.417  22.583],355.0,25,2018,7,21
"[43.44663 43.44663 43.44663 43.44663 43.44663 43.44663 43.44663 43.44663
 43.44663 43.44663 43.44663 43.44663]",[ 66.7   103.417  22.583],355.0,26,2018,7,21
"[45.54078 45.54078 45.54078 45.54078 45.54078 45.54078 45.54078 45.54078
 45.54078 45.54078 45.54078 45.54078]",[ 79.7   103.417  22.583],355.0,27,2018,7,21
"[51.236866 51.236866 51.236866 51.236866 51.236866 51.236866 51.236866
 51.236866 51.236866 51.236866 51.236866 51.236866]",[ 79.3   103.417  22.583],355.0,28,2018,7,21
"[52.38167 52.38167 52.38167 52.38167 52.38167 52.38167 52.38167 52.38167
 52.38167 52.38167 52.38167 52.38167]",[ 75.8   103.417  22.583],355.0,29,2018,7,21
"[61.875145 61.875145 61.875145 61.875145 61.875145 61.875145 61.875145
 61.875145 61.875145 61.875145 61.875145 61.875145]",[ 78.5   103.417  22.583],355.0,30,2018,7,21
"[63.63424 63.63424 63.63424 63.63424 63.63424 63.63424 63.63424 63.63424
 63.63424 63.63424 63.63424 63.63424]",[ 78.5   103.417  22.583],355.0,31,2018,7,21
"[65.19787 65.19787 65.19787 65.19787 65.19787 65.19787 65.19787 65.19787
 65.19787 65.19787 65.19787 65.19787]",[120.4   103.417  22.583],355.0,32,2018,7,21
"[72.290054 72.290054 72.290054 72.290054 72.290054 72.290054 72.290054
 72.290054 72.290054 72.290054 72.290054 72.290054]",[ 68.1   103.417  22.583],355.0,33,2018,7,21
"[87.34001 87.34001 87.34001 87.34001 87.34001 87.34001 87.34001 87.34001
 87.34001 87.34001 87.34001 87.34001]",[ 58.8   103.417  22.583],355.0,34,2018,7,21
"[80.0803 80.0803 80.0803 80.0803 80.0803 80.0803 80.0803 80.0803 80.0803
 80.0803 80.0803 80.0803]",[ 65.1   103.417  22.583],355.0,35,2018,7,21
"[77.00887 77.00887 77.00887 77.00887 77.00887 77.00887 77.00887 77.00887
 77.00887 77.00887 77.00887 77.00887]",[ 65.1   103.417  22.583],355.0,36,2018,7,21
"[66.23098 66.23098 66.23098 66.23098 66.23098 66.23098 66.23098 66.23098
 66.23098 66.23098 66.23098 66.23098]",[ 64.8   103.417  22.583],355.0,37,2018,7,21
"[56.039448 56.039448 56.039448 56.039448 56.039448 56.039448 56.039448
 56.039448 56.039448 56.039448 56.039448 56.039448]",[ 82.    103.417  22.583],355.0,38,2018,7,21
"[41.910915 41.910915 41.910915 41.910915 41.910915 41.910915 41.910915
 41.910915 41.910915 41.910915 41.910915 41.910915]",[ 45.5   103.417  22.583],355.0,39,2018,7,21
"[30.574587 30.574587 30.574587 30.574587 30.574587 30.574587 30.574587
 30.574587 30.574587 30.574587 30.574587 30.574587]",[ 63.8   103.417  22.583],355.0,40,2018,7,21
"[10.442826 10.442826 10.442826 10.442826 10.442826 10.442826 10.442826
 10.442826 10.442826 10.442826 10.442826 10.442826]",[ 99.3   103.417  22.583],355.0,41,2018,7,21
"[6.5058227 6.5058227 6.5058227 6.5058227 6.5058227 6.5058227 6.5058227
 6.5058227 6.5058227 6.5058227 6.5058227 6.5058227]",[ 93.7   103.417  22.583],355.0,42,2018,7,21
"[6.086993 6.086993 6.086993 6.086993 6.086993 6.086993 6.086993 6.086993
 6.086993 6.086993 6.086993 6.086993]",[113.    103.417  22.583],355.0,43,2018,7,21
"[7.6506257 7.6506257 7.6506257 7.6506257 7.6506257 7.6506257 7.6506257
 7.6506257 7.6506257 7.6506257 7.6506257 7.6506257]",[111.2   103.417  22.583],355.0,44,2018,7,21
"[8.767507 8.767507 8.767507 8.767507 8.767507 8.767507 8.767507 8.767507
 8.767507 8.767507 8.767507 8.767507]",[ 95.4   103.417  22.583],355.0,45,2018,7,21
"[17.227873 17.227873 17.227873 17.227873 17.227873 17.227873 17.227873
 17.227873 17.227873 17.227873 17.227873 17.227873]",[ 86.5   103.417  22.583],355.0,46,2018,7,21
"[40.68235 40.68235 40.68235 40.68235 40.68235 40.68235 40.68235 40.68235
 40.68235 40.68235 40.68235 40.68235]",[ 51.6   103.417  22.583],355.0,7,2019,7,21
"[63.913456 63.913456 63.913456 63.913456 63.913456 63.913456 63.913456
 63.913456 63.913456 63.913456 63.913456 63.913456]",[ 23.4   103.417  22.583],355.0,8,2019,7,21
"[75.55693 75.55693 75.55693 75.55693 75.55693 75.55693 75.55693 75.55693
 75.55693 75.55693 75.55693 75.55693]",[ 25.9   103.417  22.583],355.0,9,2019,7,21
"[77.34394 77.34394 77.34394 77.34394 77.34394 77.34394 77.34394 77.34394
 77.34394 77.34394 77.34394 77.34394]",[ 39.7   103.417  22.583],355.0,10,2019,7,21
"[73.23941 73.23941 73.23941 73.23941 73.23941 73.23941 73.23941 73.23941
 73.23941 73.23941 73.23941 73.23941]",[ 38.6   103.417  22.583],355.0,11,2019,7,21
"[69.07903 69.07903 69.07903 69.07903 69.07903 69.07903 69.07903 69.07903
 69.07903 69.07903 69.07903 69.07903]",[ 34.5   103.417  22.583],355.0,12,2019,7,21
"[73.49071 73.49071 73.49071 73.49071 73.49071 73.49071 73.49071 73.49071
 73.49071 73.49071 73.49071 73.49071]",[ 54.3   103.417  22.583],355.0,13,2019,7,21
"[67.87838 67.87838 67.87838 67.87838 67.87838 67.87838 67.87838 67.87838
 67.87838 67.87838 67.87838 67.87838]",[ 62.7   103.417  22.583],355.0,14,2019,7,21
"[47.411552 47.411552 47.411552 47.411552 47.411552 47.411552 47.411552
 47.411552 47.411552 47.411552 47.411552 47.411552]",[ 66.    103.417  22.583],355.0,15,2019,7,21
"[35.433018 35.433018 35.433018 35.433018 35.433018 35.433018 35.433018
 35.433018 35.433018 35.433018 35.433018 35.433018]",[ 45.3   103.417  22.583],355.0,16,2019,7,21
"[28.871346 28.871346 28.871346 28.871346 28.871346 28.871346 28.871346
 28.871346 28.871346 28.871346 28.871346 28.871346]",[ 31.5   103.417  22.583],355.0,17,2019,7,21
"[48.91934 48.91934 48.91934 48.91934 48.91934 48.91934 48.91934 48.91934
 48.91934 48.91934 48.91934 48.91934]",[ 34.8   103.417  22.583],355.0,18,2019,7,21
"[95.82829 95.82829 95.82829 95.82829 95.82829 95.82829 95.82829 95.82829
 95.82829 95.82829 95.82829 95.82829]",[ 34.8   103.417  22.583],355.0,19,2019,7,21
"[138.54895 138.54895 138.54895 138.54895 138.54895 138.54895 138.54895
 138.54895 138.54895 138.54895 138.54895 138.54895]",[ 15.    103.417  22.583],355.0,20,2019,7,21
"[204.44485 204.44485 204.44485 204.44485 204.44485 204.44485 204.44485
 204.44485 204.44485 204.44485 204.44485 204.44485]",[  6.6   103.417  22.583],355.0,21,2019,7,21
"[258.50186 258.50186 258.50186 258.50186 258.50186 258.50186 258.50186
 258.50186 258.50186 258.50186 258.50186 258.50186]",[  4.7   103.417  22.583],355.0,22,2019,7,21
"[282.98947 282.98947 282.98947 282.98947 282.98947 282.98947 282.98947
 282.98947 282.98947 282.98947 282.98947 282.98947]",[  4.7   103.417  22.583],355.0,23,2019,7,21
"[292.34332 292.34332 292.34332 292.34332 292.34332 292.34332 292.34332
 292.34332 292.34332 292.34332 292.34332 292.34332]",[  4.7   103.417  22.583],355.0,24,2019,7,21
"[277.04205 277.04205 277.04205 277.04205 277.04205 277.04205 277.04205
 277.04205 277.04205 277.04205 277.04205 277.04205]",[  1.4   103.417  22.583],355.0,25,2019,7,21
"[236.10843 236.10843 236.10843 236.10843 236.10843 236.10843 236.10843
 236.10843 236.10843 236.10843 236.10843 236.10843]",[  1.4   103.417  22.583],355.0,26,2019,7,21
"[199.61436 199.61436 199.61436 199.61436 199.61436 199.61436 199.61436
 199.61436 199.61436 199.61436 199.61436 199.61436]",[  1.4   103.417  22.583],355.0,27,2019,7,21
"[134.72363 134.72363 134.72363 134.72363 134.72363 134.72363 134.72363
 134.72363 134.72363 134.72363 134.72363 134.72363]",[  1.4   103.417  22.583],355.0,28,2019,7,21
"[83.82183 83.82183 83.82183 83.82183 83.82183 83.82183 83.82183 83.82183
 83.82183 83.82183 83.82183 83.82183]",[  0.    103.417  22.583],355.0,29,2019,7,21
"[63.74592 63.74592 63.74592 63.74592 63.74592 63.74592 63.74592 63.74592
 63.74592 63.74592 63.74592 63.74592]",[  0.    103.417  22.583],355.0,30,2019,7,21
"[63.74592 63.74592 63.74592 63.74592 63.74592 63.74592 63.74592 63.74592
 63.74592 63.74592 63.74592 63.74592]",[  0.    103.417  22.583],355.0,31,2019,7,21
"[84.63158 84.63158 84.63158 84.63158 84.63158 84.63158 84.63158 84.63158
 84.63158 84.63158 84.63158 84.63158]",[  0.    103.417  22.583],355.0,32,2019,7,21
"[104.12113 104.12113 104.12113 104.12113 104.12113 104.12113 104.12113
 104.12113 104.12113 104.12113 104.12113 104.12113]",[  0.    103.417  22.583],355.0,33,2019,7,21
"[136.28728 136.28728 136.28728 136.28728 136.28728 136.28728 136.28728
 136.28728 136.28728 136.28728 136.28728 136.28728]",[  0.    103.417  22.583],355.0,34,2019,7,21
"[141.84375 141.84375 141.84375 141.84375 141.84375 141.84375 141.84375
 141.84375 141.84375 141.84375 141.84375 141.84375]",[  0.    103.417  22.583],355.0,35,2019,7,21
"[135.47754 135.47754 135.47754 135.47754 135.47754 135.47754 135.47754
 135.47754 135.47754 135.47754 135.47754 135.47754]",[  0.    103.417  22.583],355.0,36,2019,7,21
"[128.21782 128.21782 128.21782 128.21782 128.21782 128.21782 128.21782
 128.21782 128.21782 128.21782 128.21782 128.21782]",[ 15.3   103.417  22.583],355.0,37,2019,7,21
"[122.46589 122.46589 122.46589 122.46589 122.46589 122.46589 122.46589
 122.46589 122.46589 122.46589 122.46589 122.46589]",[ 17.1   103.417  22.583],355.0,38,2019,7,21
"[103.869835 103.869835 103.869835 103.869835 103.869835 103.869835
 103.869835 103.869835 103.869835 103.869835 103.869835 103.869835]",[ 17.1   103.417  22.583],355.0,39,2019,7,21
"[78.01407 78.01407 78.01407 78.01407 78.01407 78.01407 78.01407 78.01407
 78.01407 78.01407 78.01407 78.01407]",[ 17.6   103.417  22.583],355.0,40,2019,7,21
"[32.724583 32.724583 32.724583 32.724583 32.724583 32.724583 32.724583
 32.724583 32.724583 32.724583 32.724583 32.724583]",[ 24.4   103.417  22.583],355.0,41,2019,7,21
"[28.08953 28.08953 28.08953 28.08953 28.08953 28.08953 28.08953 28.08953
 28.08953 28.08953 28.08953 28.08953]",[ 35.7   103.417  22.583],355.0,42,2019,7,21
"[27.22395 27.22395 27.22395 27.22395 27.22395 27.22395 27.22395 27.22395
 27.22395 27.22395 27.22395 27.22395]",[ 35.7   103.417  22.583],355.0,43,2019,7,21
"[52.772575 52.772575 52.772575 52.772575 52.772575 52.772575 52.772575
 52.772575 52.772575 52.772575 52.772575 52.772575]",[ 20.4   103.417  22.583],355.0,44,2019,7,21
"[63.57839 63.57839 63.57839 63.57839 63.57839 63.57839 63.57839 63.57839
 63.57839 63.57839 63.57839 63.57839]",[ 18.6   103.417  22.583],355.0,45,2019,7,21
"[75.55693 75.55693 75.55693 75.55693 75.55693 75.55693 75.55693 75.55693
 75.55693 75.55693 75.55693 75.55693]",[ 18.6   103.417  22.583],355.0,46,2019,7,21
"[25.99538 25.99538 25.99538 25.99538 25.99538 25.99538 25.99538 25.99538
 25.99538 25.99538 25.99538 25.99538]",[ 22.4   103.417  22.583],355.0,7,2020,7,21
"[32.05445 32.05445 32.05445 32.05445 32.05445 32.05445 32.05445 32.05445
 32.05445 32.05445 32.05445 32.05445]",[ 22.4   103.417  22.583],355.0,8,2020,7,21
"[37.443398 37.443398 37.443398 37.443398 37.443398 37.443398 37.443398
 37.443398 37.443398 37.443398 37.443398 37.443398]",[ 22.4   103.417  22.583],355.0,9,2020,7,21
"[42.134293 42.134293 42.134293 42.134293 42.134293 42.134293 42.134293
 42.134293 42.134293 42.134293 42.134293 42.134293]",[ 22.4   103.417  22.583],355.0,10,2020,7,21
"[43.474552 43.474552 43.474552 43.474552 43.474552 43.474552 43.474552
 43.474552 43.474552 43.474552 43.474552 43.474552]",[ 22.4   103.417  22.583],355.0,11,2020,7,21
"[44.535583 44.535583 44.535583 44.535583 44.535583 44.535583 44.535583
 44.535583 44.535583 44.535583 44.535583 44.535583]",[ 25.5   103.417  22.583],355.0,12,2020,7,21
"[42.999878 42.999878 42.999878 42.999878 42.999878 42.999878 42.999878
 42.999878 42.999878 42.999878 42.999878 42.999878]",[ 17.7   103.417  22.583],355.0,13,2020,7,21
"[42.469357 42.469357 42.469357 42.469357 42.469357 42.469357 42.469357
 42.469357 42.469357 42.469357 42.469357 42.469357]",[  8.3   103.417  22.583],355.0,14,2020,7,21
"[37.666775 37.666775 37.666775 37.666775 37.666775 37.666775 37.666775
 37.666775 37.666775 37.666775 37.666775 37.666775]",[ 31.2   103.417  22.583],355.0,15,2020,7,21
"[32.808346 32.808346 32.808346 32.808346 32.808346 32.808346 32.808346
 32.808346 32.808346 32.808346 32.808346 32.808346]",[ 40.5   103.417  22.583],355.0,16,2020,7,21
"[32.7525 32.7525 32.7525 32.7525 32.7525 32.7525 32.7525 32.7525 32.7525
 32.7525 32.7525 32.7525]",[ 47.1   103.417  22.583],355.0,17,2020,7,21
"[33.227177 33.227177 33.227177 33.227177 33.227177 33.227177 33.227177
 33.227177 33.227177 33.227177 33.227177 33.227177]",[ 47.1   103.417  22.583],355.0,18,2020,7,21
"[34.09276 34.09276 34.09276 34.09276 34.09276 34.09276 34.09276 34.09276
 34.09276 34.09276 34.09276 34.09276]",[ 44.    103.417  22.583],355.0,19,2020,7,21
"[35.740158 35.740158 35.740158 35.740158 35.740158 35.740158 35.740158
 35.740158 35.740158 35.740158 35.740158 35.740158]",[ 40.8   103.417  22.583],355.0,20,2020,7,21
"[39.14664 39.14664 39.14664 39.14664 39.14664 39.14664 39.14664 39.14664
 39.14664 39.14664 39.14664 39.14664]",[ 38.8   103.417  22.583],355.0,21,2020,7,21
"[49.17063 49.17063 49.17063 49.17063 49.17063 49.17063 49.17063 49.17063
 49.17063 49.17063 49.17063 49.17063]",[ 15.9   103.417  22.583],355.0,22,2020,7,21
"[117.04901 117.04901 117.04901 117.04901 117.04901 117.04901 117.04901
 117.04901 117.04901 117.04901 117.04901 117.04901]",[ 19.7   103.417  22.583],355.0,23,2020,7,21
"[158.48526 158.48526 158.48526 158.48526 158.48526 158.48526 158.48526
 158.48526 158.48526 158.48526 158.48526 158.48526]",[ 22.9   103.417  22.583],355.0,24,2020,7,21
"[171.80405 171.80405 171.80405 171.80405 171.80405 171.80405 171.80405
 171.80405 171.80405 171.80405 171.80405 171.80405]",[ 56.2   103.417  22.583],355.0,25,2020,7,21
"[183.61507 183.61507 183.61507 183.61507 183.61507 183.61507 183.61507
 183.61507 183.61507 183.61507 183.61507 183.61507]",[103.2   103.417  22.583],355.0,26,2020,7,21
"[206.23187 206.23187 206.23187 206.23187 206.23187 206.23187 206.23187
 206.23187 206.23187 206.23187 206.23187 206.23187]",[123.5   103.417  22.583],355.0,27,2020,7,21
"[208.74484 208.74484 208.74484 208.74484 208.74484 208.74484 208.74484
 208.74484 208.74484 208.74484 208.74484 208.74484]",[135.8   103.417  22.583],355.0,28,2020,7,21
"[195.091 195.091 195.091 195.091 195.091 195.091 195.091 195.091 195.091
 195.091 195.091 195.091]",[137.1   103.417  22.583],355.0,29,2020,7,21
"[127.854836 127.854836 127.854836 127.854836 127.854836 127.854836
 127.854836 127.854836 127.854836 127.854836 127.854836 127.854836]",[124.    103.417  22.583],355.0,30,2020,7,21
"[86.80949 86.80949 86.80949 86.80949 86.80949 86.80949 86.80949 86.80949
 86.80949 86.80949 86.80949 86.80949]",[114.2   103.417  22.583],355.0,31,2020,7,21
"[77.45562 77.45562 77.45562 77.45562 77.45562 77.45562 77.45562 77.45562
 77.45562 77.45562 77.45562 77.45562]",[ 80.9   103.417  22.583],355.0,32,2020,7,21
"[66.817345 66.817345 66.817345 66.817345 66.817345 66.817345 66.817345
 66.817345 66.817345 66.817345 66.817345 66.817345]",[ 33.9   103.417  22.583],355.0,33,2020,7,21
"[45.06611 45.06611 45.06611 45.06611 45.06611 45.06611 45.06611 45.06611
 45.06611 45.06611 45.06611 45.06611]",[ 13.6   103.417  22.583],355.0,34,2020,7,21
"[37.05249 37.05249 37.05249 37.05249 37.05249 37.05249 37.05249 37.05249
 37.05249 37.05249 37.05249 37.05249]",[  1.3   103.417  22.583],355.0,35,2020,7,21
"[37.220024 37.220024 37.220024 37.220024 37.220024 37.220024 37.220024
 37.220024 37.220024 37.220024 37.220024 37.220024]",[  0.    103.417  22.583],355.0,36,2020,7,21
"[33.925224 33.925224 33.925224 33.925224 33.925224 33.925224 33.925224
 33.925224 33.925224 33.925224 33.925224 33.925224]",[  0.    103.417  22.583],355.0,37,2020,7,21
"[32.24991 32.24991 32.24991 32.24991 32.24991 32.24991 32.24991 32.24991
 32.24991 32.24991 32.24991 32.24991]",[  0.    103.417  22.583],355.0,38,2020,7,21
"[34.84665 34.84665 34.84665 34.84665 34.84665 34.84665 34.84665 34.84665
 34.84665 34.84665 34.84665 34.84665]",[  0.    103.417  22.583],355.0,39,2020,7,21
"[52.102448 52.102448 52.102448 52.102448 52.102448 52.102448 52.102448
 52.102448 52.102448 52.102448 52.102448 52.102448]",[  0.    103.417  22.583],355.0,40,2020,7,21
"[51.962833 51.962833 51.962833 51.962833 51.962833 51.962833 51.962833
 51.962833 51.962833 51.962833 51.962833 51.962833]",[ 10.8   103.417  22.583],355.0,41,2020,7,21
"[57.74269 57.74269 57.74269 57.74269 57.74269 57.74269 57.74269 57.74269
 57.74269 57.74269 57.74269 57.74269]",[ 10.8   103.417  22.583],355.0,42,2020,7,21
"[71.45239 71.45239 71.45239 71.45239 71.45239 71.45239 71.45239 71.45239
 71.45239 71.45239 71.45239 71.45239]",[ 10.8   103.417  22.583],355.0,43,2020,7,21
"[95.60492 95.60492 95.60492 95.60492 95.60492 95.60492 95.60492 95.60492
 95.60492 95.60492 95.60492 95.60492]",[ 10.8   103.417  22.583],355.0,44,2020,7,21
"[94.20881 94.20881 94.20881 94.20881 94.20881 94.20881 94.20881 94.20881
 94.20881 94.20881 94.20881 94.20881]",[ 10.8   103.417  22.583],355.0,45,2020,7,21
"[84.21273 84.21273 84.21273 84.21273 84.21273 84.21273 84.21273 84.21273
 84.21273 84.21273 84.21273 84.21273]",[ 10.8   103.417  22.583],355.0,46,2020,7,21
"[71.03357 71.03357 71.03357 71.03357 71.03357 71.03357 71.03357 71.03357
 71.03357 71.03357 71.03357 71.03357]",[129.5   103.417  22.583],355.0,7,2021,7,21
"[57.240097 57.240097 57.240097 57.240097 57.240097 57.240097 57.240097
 57.240097 57.240097 57.240097 57.240097 57.240097]",[ 75.8   103.417  22.583],355.0,8,2021,7,21
"[50.901802 50.901802 50.901802 50.901802 50.901802 50.901802 50.901802
 50.901802 50.901802 50.901802 50.901802 50.901802]",[ 75.    103.417  22.583],355.0,9,2021,7,21
"[25.353172 25.353172 25.353172 25.353172 25.353172 25.353172 25.353172
 25.353172 25.353172 25.353172 25.353172 25.353172]",[ 79.2   103.417  22.583],355.0,10,2021,7,21
"[24.096684 24.096684 24.096684 24.096684 24.096684 24.096684 24.096684
 24.096684 24.096684 24.096684 24.096684 24.096684]",[111.9   103.417  22.583],355.0,11,2021,7,21
"[24.627201 24.627201 24.627201 24.627201 24.627201 24.627201 24.627201
 24.627201 24.627201 24.627201 24.627201 24.627201]",[ 66.9   103.417  22.583],355.0,12,2021,7,21
"[27.39148 27.39148 27.39148 27.39148 27.39148 27.39148 27.39148 27.39148
 27.39148 27.39148 27.39148 27.39148]",[100.5   103.417  22.583],355.0,13,2021,7,21
"[39.537548 39.537548 39.537548 39.537548 39.537548 39.537548 39.537548
 39.537548 39.537548 39.537548 39.537548 39.537548]",[100.5   103.417  22.583],355.0,14,2021,7,21
"[50.594658 50.594658 50.594658 50.594658 50.594658 50.594658 50.594658
 50.594658 50.594658 50.594658 50.594658 50.594658]",[100.5   103.417  22.583],355.0,15,2021,7,21
"[61.23294 61.23294 61.23294 61.23294 61.23294 61.23294 61.23294 61.23294
 61.23294 61.23294 61.23294 61.23294]",[100.5   103.417  22.583],355.0,16,2021,7,21
"[61.03749 61.03749 61.03749 61.03749 61.03749 61.03749 61.03749 61.03749
 61.03749 61.03749 61.03749 61.03749]",[ 96.3   103.417  22.583],355.0,17,2021,7,21
"[68.660194 68.660194 68.660194 68.660194 68.660194 68.660194 68.660194
 68.660194 68.660194 68.660194 68.660194 68.660194]",[ 33.6   103.417  22.583],355.0,18,2021,7,21
"[79.66146 79.66146 79.66146 79.66146 79.66146 79.66146 79.66146 79.66146
 79.66146 79.66146 79.66146 79.66146]",[ 33.6   103.417  22.583],355.0,19,2021,7,21
"[93.09195 93.09195 93.09195 93.09195 93.09195 93.09195 93.09195 93.09195
 93.09195 93.09195 93.09195 93.09195]",[ 16.3   103.417  22.583],355.0,20,2021,7,21
"[101.24518 101.24518 101.24518 101.24518 101.24518 101.24518 101.24518
 101.24518 101.24518 101.24518 101.24518 101.24518]",[ 74.7   103.417  22.583],355.0,21,2021,7,21
"[99.68153 99.68153 99.68153 99.68153 99.68153 99.68153 99.68153 99.68153
 99.68153 99.68153 99.68153 99.68153]",[ 75.2   103.417  22.583],355.0,22,2021,7,21
"[90.21597 90.21597 90.21597 90.21597 90.21597 90.21597 90.21597 90.21597
 90.21597 90.21597 90.21597 90.21597]",[115.4   103.417  22.583],355.0,23,2021,7,21
"[94.40427 94.40427 94.40427 94.40427 94.40427 94.40427 94.40427 94.40427
 94.40427 94.40427 94.40427 94.40427]",[120.2   103.417  22.583],355.0,24,2021,7,21
"[92.701035 92.701035 92.701035 92.701035 92.701035 92.701035 92.701035
 92.701035 92.701035 92.701035 92.701035 92.701035]",[151.5   103.417  22.583],355.0,25,2021,7,21
"[93.37117 93.37117 93.37117 93.37117 93.37117 93.37117 93.37117 93.37117
 93.37117 93.37117 93.37117 93.37117]",[163.7   103.417  22.583],355.0,26,2021,7,21
"[148.48918 148.48918 148.48918 148.48918 148.48918 148.48918 148.48918
 148.48918 148.48918 148.48918 148.48918 148.48918]",[157.1   103.417  22.583],355.0,27,2021,7,21
"[141.59245 141.59245 141.59245 141.59245 141.59245 141.59245 141.59245
 141.59245 141.59245 141.59245 141.59245 141.59245]",[ 98.7   103.417  22.583],355.0,28,2021,7,21
"[139.83336 139.83336 139.83336 139.83336 139.83336 139.83336 139.83336
 139.83336 139.83336 139.83336 139.83336 139.83336]",[ 98.2   103.417  22.583],355.0,29,2021,7,21
"[162.50603 162.50603 162.50603 162.50603 162.50603 162.50603 162.50603
 162.50603 162.50603 162.50603 162.50603 162.50603]",[ 58.    103.417  22.583],355.0,30,2021,7,21
"[175.71313 175.71313 175.71313 175.71313 175.71313 175.71313 175.71313
 175.71313 175.71313 175.71313 175.71313 175.71313]",[ 53.2   103.417  22.583],355.0,31,2021,7,21
"[183.28 183.28 183.28 183.28 183.28 183.28 183.28 183.28 183.28 183.28
 183.28 183.28]",[ 21.9   103.417  22.583],355.0,32,2021,7,21
"[178.36572 178.36572 178.36572 178.36572 178.36572 178.36572 178.36572
 178.36572 178.36572 178.36572 178.36572 178.36572]",[  9.7   103.417  22.583],355.0,33,2021,7,21
"[120.595116 120.595116 120.595116 120.595116 120.595116 120.595116
 120.595116 120.595116 120.595116 120.595116 120.595116 120.595116]",[  0.    103.417  22.583],355.0,34,2021,7,21
"[117.52369 117.52369 117.52369 117.52369 117.52369 117.52369 117.52369
 117.52369 117.52369 117.52369 117.52369 117.52369]",[  0.    103.417  22.583],355.0,35,2021,7,21
"[114.25681 114.25681 114.25681 114.25681 114.25681 114.25681 114.25681
 114.25681 114.25681 114.25681 114.25681 114.25681]",[ 21.9   103.417  22.583],355.0,36,2021,7,21
"[89.071175 89.071175 89.071175 89.071175 89.071175 89.071175 89.071175
 89.071175 89.071175 89.071175 89.071175 89.071175]",[ 21.9   103.417  22.583],355.0,37,2021,7,21
"[81.44847 81.44847 81.44847 81.44847 81.44847 81.44847 81.44847 81.44847
 81.44847 81.44847 81.44847 81.44847]",[ 21.9   103.417  22.583],355.0,38,2021,7,21
"[94.23674 94.23674 94.23674 94.23674 94.23674 94.23674 94.23674 94.23674
 94.23674 94.23674 94.23674 94.23674]",[ 21.9   103.417  22.583],355.0,39,2021,7,21
"[119.58992 119.58992 119.58992 119.58992 119.58992 119.58992 119.58992
 119.58992 119.58992 119.58992 119.58992 119.58992]",[ 21.9   103.417  22.583],355.0,40,2021,7,21
"[138.18597 138.18597 138.18597 138.18597 138.18597 138.18597 138.18597
 138.18597 138.18597 138.18597 138.18597 138.18597]",[ 21.9   103.417  22.583],355.0,41,2021,7,21
"[209.02408 209.02408 209.02408 209.02408 209.02408 209.02408 209.02408
 209.02408 209.02408 209.02408 209.02408 209.02408]",[ 21.9   103.417  22.583],355.0,42,2021,7,21
"[248.28241 248.28241 248.28241 248.28241 248.28241 248.28241 248.28241
 248.28241 248.28241 248.28241 248.28241 248.28241]",[  0.    103.417  22.583],355.0,43,2021,7,21
"[260.4564 260.4564 260.4564 260.4564 260.4564 260.4564 260.4564 260.4564
 260.4564 260.4564 260.4564 260.4564]",[  8.6   103.417  22.583],355.0,44,2021,7,21
"[259.5629 259.5629 259.5629 259.5629 259.5629 259.5629 259.5629 259.5629
 259.5629 259.5629 259.5629 259.5629]",[  8.6   103.417  22.583],355.0,45,2021,7,21
"[240.96684 240.96684 240.96684 240.96684 240.96684 240.96684 240.96684
 240.96684 240.96684 240.96684 240.96684 240.96684]",[ 13.9   103.417  22.583],355.0,46,2021,7,21
"[150.5954 150.5954 150.5954 150.5954 150.5954 150.5954 150.5954 150.5954
 150.5954 150.5954 150.5954 150.5954]",[116.1   103.417  22.583],355.0,7,2018,7,25
"[141.38123 141.38123 141.38123 141.38123 141.38123 141.38123 141.38123
 141.38123 141.38123 141.38123 141.38123 141.38123]",[ 97.5   103.417  22.583],355.0,8,2018,7,25
"[113.54376 113.54376 113.54376 113.54376 113.54376 113.54376 113.54376
 113.54376 113.54376 113.54376 113.54376 113.54376]",[ 85.8   103.417  22.583],355.0,9,2018,7,25
"[100.06379 100.06379 100.06379 100.06379 100.06379 100.06379 100.06379
 100.06379 100.06379 100.06379 100.06379 100.06379]",[110.4   103.417  22.583],355.0,10,2018,7,25
"[79.75852 79.75852 79.75852 79.75852 79.75852 79.75852 79.75852 79.75852
 79.75852 79.75852 79.75852 79.75852]",[ 97.7   103.417  22.583],355.0,11,2018,7,25
"[51.65291 51.65291 51.65291 51.65291 51.65291 51.65291 51.65291 51.65291
 51.65291 51.65291 51.65291 51.65291]",[ 98.8   103.417  22.583],355.0,12,2018,7,25
"[40.464287 40.464287 40.464287 40.464287 40.464287 40.464287 40.464287
 40.464287 40.464287 40.464287 40.464287 40.464287]",[ 72.3   103.417  22.583],355.0,13,2018,7,25
"[34.882164 34.882164 34.882164 34.882164 34.882164 34.882164 34.882164
 34.882164 34.882164 34.882164 34.882164 34.882164]",[ 68.8   103.417  22.583],355.0,14,2018,7,25
"[39.245487 39.245487 39.245487 39.245487 39.245487 39.245487 39.245487
 39.245487 39.245487 39.245487 39.245487 39.245487]",[ 68.    103.417  22.583],355.0,15,2018,7,25
"[60.038284 60.038284 60.038284 60.038284 60.038284 60.038284 60.038284
 60.038284 60.038284 60.038284 60.038284 60.038284]",[ 62.5   103.417  22.583],355.0,16,2018,7,25
"[88.07077 88.07077 88.07077 88.07077 88.07077 88.07077 88.07077 88.07077
 88.07077 88.07077 88.07077 88.07077]",[ 34.9   103.417  22.583],355.0,17,2018,7,25
"[83.87809 83.87809 83.87809 83.87809 83.87809 83.87809 83.87809 83.87809
 83.87809 83.87809 83.87809 83.87809]",[ 33.2   103.417  22.583],355.0,18,2018,7,25
"[77.247795 77.247795 77.247795 77.247795 77.247795 77.247795 77.247795
 77.247795 77.247795 77.247795 77.247795 77.247795]",[ 27.    103.417  22.583],355.0,19,2018,7,25
"[73.81077 73.81077 73.81077 73.81077 73.81077 73.81077 73.81077 73.81077
 73.81077 73.81077 73.81077 73.81077]",[ 23.4   103.417  22.583],355.0,20,2018,7,25
"[75.76086 75.76086 75.76086 75.76086 75.76086 75.76086 75.76086 75.76086
 75.76086 75.76086 75.76086 75.76086]",[ 24.9   103.417  22.583],355.0,21,2018,7,25
"[87.753876 87.753876 87.753876 87.753876 87.753876 87.753876 87.753876
 87.753876 87.753876 87.753876 87.753876 87.753876]",[ 66.7   103.417  22.583],355.0,22,2018,7,25
"[77.17467 77.17467 77.17467 77.17467 77.17467 77.17467 77.17467 77.17467
 77.17467 77.17467 77.17467 77.17467]",[ 79.7   103.417  22.583],355.0,23,2018,7,25
"[54.38303 54.38303 54.38303 54.38303 54.38303 54.38303 54.38303 54.38303
 54.38303 54.38303 54.38303 54.38303]",[ 79.3   103.417  22.583],355.0,24,2018,7,25
"[63.08529 63.08529 63.08529 63.08529 63.08529 63.08529 63.08529 63.08529
 63.08529 63.08529 63.08529 63.08529]",[ 75.8   103.417  22.583],355.0,25,2018,7,25
"[67.54611 67.54611 67.54611 67.54611 67.54611 67.54611 67.54611 67.54611
 67.54611 67.54611 67.54611 67.54611]",[ 78.5   103.417  22.583],355.0,26,2018,7,25
"[70.73937 70.73937 70.73937 70.73937 70.73937 70.73937 70.73937 70.73937
 70.73937 70.73937 70.73937 70.73937]",[ 78.5   103.417  22.583],355.0,27,2018,7,25
"[69.37432 69.37432 69.37432 69.37432 69.37432 69.37432 69.37432 69.37432
 69.37432 69.37432 69.37432 69.37432]",[120.4   103.417  22.583],355.0,28,2018,7,25
"[48.41089 48.41089 48.41089 48.41089 48.41089 48.41089 48.41089 48.41089
 48.41089 48.41089 48.41089 48.41089]",[ 68.1   103.417  22.583],355.0,29,2018,7,25
"[42.36562 42.36562 42.36562 42.36562 42.36562 42.36562 42.36562 42.36562
 42.36562 42.36562 42.36562 42.36562]",[ 58.8   103.417  22.583],355.0,30,2018,7,25
"[43.340668 43.340668 43.340668 43.340668 43.340668 43.340668 43.340668
 43.340668 43.340668 43.340668 43.340668 43.340668]",[ 65.1   103.417  22.583],355.0,31,2018,7,25
"[50.872875 50.872875 50.872875 50.872875 50.872875 50.872875 50.872875
 50.872875 50.872875 50.872875 50.872875 50.872875]",[ 65.1   103.417  22.583],355.0,32,2018,7,25
"[58.405087 58.405087 58.405087 58.405087 58.405087 58.405087 58.405087
 58.405087 58.405087 58.405087 58.405087 58.405087]",[ 64.8   103.417  22.583],355.0,33,2018,7,25
"[89.89897 89.89897 89.89897 89.89897 89.89897 89.89897 89.89897 89.89897
 89.89897 89.89897 89.89897 89.89897]",[ 82.    103.417  22.583],355.0,34,2018,7,25
"[95.96862 95.96862 95.96862 95.96862 95.96862 95.96862 95.96862 95.96862
 95.96862 95.96862 95.96862 95.96862]",[ 45.5   103.417  22.583],355.0,35,2018,7,25
"[104.62213 104.62213 104.62213 104.62213 104.62213 104.62213 104.62213
 104.62213 104.62213 104.62213 104.62213 104.62213]",[ 63.8   103.417  22.583],355.0,36,2018,7,25
"[109.619225 109.619225 109.619225 109.619225 109.619225 109.619225
 109.619225 109.619225 109.619225 109.619225 109.619225 109.619225]",[ 99.3   103.417  22.583],355.0,37,2018,7,25
"[106.35283 106.35283 106.35283 106.35283 106.35283 106.35283 106.35283
 106.35283 106.35283 106.35283 106.35283 106.35283]",[ 93.7   103.417  22.583],355.0,38,2018,7,25
"[109.25358 109.25358 109.25358 109.25358 109.25358 109.25358 109.25358
 109.25358 109.25358 109.25358 109.25358 109.25358]",[113.    103.417  22.583],355.0,39,2018,7,25
"[115.95701 115.95701 115.95701 115.95701 115.95701 115.95701 115.95701
 115.95701 115.95701 115.95701 115.95701 115.95701]",[111.2   103.417  22.583],355.0,40,2018,7,25
"[98.21122 98.21122 98.21122 98.21122 98.21122 98.21122 98.21122 98.21122
 98.21122 98.21122 98.21122 98.21122]",[ 95.4   103.417  22.583],355.0,41,2018,7,25
"[126.17058 126.17058 126.17058 126.17058 126.17058 126.17058 126.17058
 126.17058 126.17058 126.17058 126.17058 126.17058]",[ 86.5   103.417  22.583],355.0,42,2018,7,25
"[139.55304 139.55304 139.55304 139.55304 139.55304 139.55304 139.55304
 139.55304 139.55304 139.55304 139.55304 139.55304]",[ 67.2   103.417  22.583],355.0,43,2018,7,25
"[134.79971 134.79971 134.79971 134.79971 134.79971 134.79971 134.79971
 134.79971 134.79971 134.79971 134.79971 134.79971]",[ 28.5   103.417  22.583],355.0,44,2018,7,25
"[138.33424 138.33424 138.33424 138.33424 138.33424 138.33424 138.33424
 138.33424 138.33424 138.33424 138.33424 138.33424]",[ 29.8   103.417  22.583],355.0,45,2018,7,25
"[120.02781 120.02781 120.02781 120.02781 120.02781 120.02781 120.02781
 120.02781 120.02781 120.02781 120.02781 120.02781]",[ 10.5   103.417  22.583],355.0,46,2018,7,25
"[78.22283 78.22283 78.22283 78.22283 78.22283 78.22283 78.22283 78.22283
 78.22283 78.22283 78.22283 78.22283]",[ 38.6   103.417  22.583],355.0,7,2019,7,25
"[110.5455 110.5455 110.5455 110.5455 110.5455 110.5455 110.5455 110.5455
 110.5455 110.5455 110.5455 110.5455]",[ 34.5   103.417  22.583],355.0,8,2019,7,25
"[143.38008 143.38008 143.38008 143.38008 143.38008 143.38008 143.38008
 143.38008 143.38008 143.38008 143.38008 143.38008]",[ 54.3   103.417  22.583],355.0,9,2019,7,25
"[185.50194 185.50194 185.50194 185.50194 185.50194 185.50194 185.50194
 185.50194 185.50194 185.50194 185.50194 185.50194]",[ 62.7   103.417  22.583],355.0,10,2019,7,25
"[205.68533 205.68533 205.68533 205.68533 205.68533 205.68533 205.68533
 205.68533 205.68533 205.68533 205.68533 205.68533]",[ 66.    103.417  22.583],355.0,11,2019,7,25
"[192.13223 192.13223 192.13223 192.13223 192.13223 192.13223 192.13223
 192.13223 192.13223 192.13223 192.13223 192.13223]",[ 45.3   103.417  22.583],355.0,12,2019,7,25
"[201.00513 201.00513 201.00513 201.00513 201.00513 201.00513 201.00513
 201.00513 201.00513 201.00513 201.00513 201.00513]",[ 31.5   103.417  22.583],355.0,13,2019,7,25
"[187.42767 187.42767 187.42767 187.42767 187.42767 187.42767 187.42767
 187.42767 187.42767 187.42767 187.42767 187.42767]",[ 34.8   103.417  22.583],355.0,14,2019,7,25
"[146.01271 146.01271 146.01271 146.01271 146.01271 146.01271 146.01271
 146.01271 146.01271 146.01271 146.01271 146.01271]",[ 34.8   103.417  22.583],355.0,15,2019,7,25
"[113.73877 113.73877 113.73877 113.73877 113.73877 113.73877 113.73877
 113.73877 113.73877 113.73877 113.73877 113.73877]",[ 15.    103.417  22.583],355.0,16,2019,7,25
"[76.02898 76.02898 76.02898 76.02898 76.02898 76.02898 76.02898 76.02898
 76.02898 76.02898 76.02898 76.02898]",[  6.6   103.417  22.583],355.0,17,2019,7,25
"[47.703983 47.703983 47.703983 47.703983 47.703983 47.703983 47.703983
 47.703983 47.703983 47.703983 47.703983 47.703983]",[  4.7   103.417  22.583],355.0,18,2019,7,25
"[41.536835 41.536835 41.536835 41.536835 41.536835 41.536835 41.536835
 41.536835 41.536835 41.536835 41.536835 41.536835]",[  4.7   103.417  22.583],355.0,19,2019,7,25
"[31.591394 31.591394 31.591394 31.591394 31.591394 31.591394 31.591394
 31.591394 31.591394 31.591394 31.591394 31.591394]",[  4.7   103.417  22.583],355.0,20,2019,7,25
"[42.92627 42.92627 42.92627 42.92627 42.92627 42.92627 42.92627 42.92627
 42.92627 42.92627 42.92627 42.92627]",[  1.4   103.417  22.583],355.0,21,2019,7,25
[56.65 56.65 56.65 56.65 56.65 56.65 56.65 56.65 56.65 56.65 56.65 56.65],[  1.4   103.417  22.583],355.0,22,2019,7,25
"[63.01216 63.01216 63.01216 63.01216 63.01216 63.01216 63.01216 63.01216
 63.01216 63.01216 63.01216 63.01216]",[  1.4   103.417  22.583],355.0,23,2019,7,25
"[65.59602 65.59602 65.59602 65.59602 65.59602 65.59602 65.59602 65.59602
 65.59602 65.59602 65.59602 65.59602]",[  1.4   103.417  22.583],355.0,24,2019,7,25
"[69.4962 69.4962 69.4962 69.4962 69.4962 69.4962 69.4962 69.4962 69.4962
 69.4962 69.4962 69.4962]",[  0.    103.417  22.583],355.0,25,2019,7,25
"[81.29422 81.29422 81.29422 81.29422 81.29422 81.29422 81.29422 81.29422
 81.29422 81.29422 81.29422 81.29422]",[  0.    103.417  22.583],355.0,26,2019,7,25
"[91.824684 91.824684 91.824684 91.824684 91.824684 91.824684 91.824684
 91.824684 91.824684 91.824684 91.824684 91.824684]",[  0.    103.417  22.583],355.0,27,2019,7,25
"[95.38359 95.38359 95.38359 95.38359 95.38359 95.38359 95.38359 95.38359
 95.38359 95.38359 95.38359 95.38359]",[  0.    103.417  22.583],355.0,28,2019,7,25
"[101.20947 101.20947 101.20947 101.20947 101.20947 101.20947 101.20947
 101.20947 101.20947 101.20947 101.20947 101.20947]",[  0.    103.417  22.583],355.0,29,2019,7,25
"[106.25531 106.25531 106.25531 106.25531 106.25531 106.25531 106.25531
 106.25531 106.25531 106.25531 106.25531 106.25531]",[  0.    103.417  22.583],355.0,30,2019,7,25
"[112.95873 112.95873 112.95873 112.95873 112.95873 112.95873 112.95873
 112.95873 112.95873 112.95873 112.95873 112.95873]",[  0.    103.417  22.583],355.0,31,2019,7,25
"[122.66042 122.66042 122.66042 122.66042 122.66042 122.66042 122.66042
 122.66042 122.66042 122.66042 122.66042 122.66042]",[  0.    103.417  22.583],355.0,32,2019,7,25
"[117.346436 117.346436 117.346436 117.346436 117.346436 117.346436
 117.346436 117.346436 117.346436 117.346436 117.346436 117.346436]",[ 15.3   103.417  22.583],355.0,33,2019,7,25
"[104.35397 104.35397 104.35397 104.35397 104.35397 104.35397 104.35397
 104.35397 104.35397 104.35397 104.35397 104.35397]",[ 17.1   103.417  22.583],355.0,34,2019,7,25
"[88.241394 88.241394 88.241394 88.241394 88.241394 88.241394 88.241394
 88.241394 88.241394 88.241394 88.241394 88.241394]",[ 17.1   103.417  22.583],355.0,35,2019,7,25
"[69.98372 69.98372 69.98372 69.98372 69.98372 69.98372 69.98372 69.98372
 69.98372 69.98372 69.98372 69.98372]",[ 17.6   103.417  22.583],355.0,36,2019,7,25
"[55.08993 55.08993 55.08993 55.08993 55.08993 55.08993 55.08993 55.08993
 55.08993 55.08993 55.08993 55.08993]",[ 24.4   103.417  22.583],355.0,37,2019,7,25
"[41.43933 41.43933 41.43933 41.43933 41.43933 41.43933 41.43933 41.43933
 41.43933 41.43933 41.43933 41.43933]",[ 35.7   103.417  22.583],355.0,38,2019,7,25
"[28.69064 28.69064 28.69064 28.69064 28.69064 28.69064 28.69064 28.69064
 28.69064 28.69064 28.69064 28.69064]",[ 35.7   103.417  22.583],355.0,39,2019,7,25
"[33.224594 33.224594 33.224594 33.224594 33.224594 33.224594 33.224594
 33.224594 33.224594 33.224594 33.224594 33.224594]",[ 20.4   103.417  22.583],355.0,40,2019,7,25
"[42.341248 42.341248 42.341248 42.341248 42.341248 42.341248 42.341248
 42.341248 42.341248 42.341248 42.341248 42.341248]",[ 18.6   103.417  22.583],355.0,41,2019,7,25
"[47.021454 47.021454 47.021454 47.021454 47.021454 47.021454 47.021454
 47.021454 47.021454 47.021454 47.021454 47.021454]",[ 18.6   103.417  22.583],355.0,42,2019,7,25
"[49.166546 49.166546 49.166546 49.166546 49.166546 49.166546 49.166546
 49.166546 49.166546 49.166546 49.166546 49.166546]",[ 18.1   103.417  22.583],355.0,43,2019,7,25
"[59.84327 59.84327 59.84327 59.84327 59.84327 59.84327 59.84327 59.84327
 59.84327 59.84327 59.84327 59.84327]",[ 11.3   103.417  22.583],355.0,44,2019,7,25
"[63.57281 63.57281 63.57281 63.57281 63.57281 63.57281 63.57281 63.57281
 63.57281 63.57281 63.57281 63.57281]",[  0.    103.417  22.583],355.0,45,2019,7,25
"[60.282036 60.282036 60.282036 60.282036 60.282036 60.282036 60.282036
 60.282036 60.282036 60.282036 60.282036 60.282036]",[  0.    103.417  22.583],355.0,46,2019,7,25
"[33.46835 33.46835 33.46835 33.46835 33.46835 33.46835 33.46835 33.46835
 33.46835 33.46835 33.46835 33.46835]",[ 22.4   103.417  22.583],355.0,7,2020,7,25
"[42.877514 42.877514 42.877514 42.877514 42.877514 42.877514 42.877514
 42.877514 42.877514 42.877514 42.877514 42.877514]",[ 25.5   103.417  22.583],355.0,8,2020,7,25
"[48.26463 48.26463 48.26463 48.26463 48.26463 48.26463 48.26463 48.26463
 48.26463 48.26463 48.26463 48.26463]",[ 17.7   103.417  22.583],355.0,9,2020,7,25
"[47.118954 47.118954 47.118954 47.118954 47.118954 47.118954 47.118954
 47.118954 47.118954 47.118954 47.118954 47.118954]",[  8.3   103.417  22.583],355.0,10,2020,7,25
"[39.367363 39.367363 39.367363 39.367363 39.367363 39.367363 39.367363
 39.367363 39.367363 39.367363 39.367363 39.367363]",[ 31.2   103.417  22.583],355.0,11,2020,7,25
"[38.684834 38.684834 38.684834 38.684834 38.684834 38.684834 38.684834
 38.684834 38.684834 38.684834 38.684834 38.684834]",[ 40.5   103.417  22.583],355.0,12,2020,7,25
"[38.099804 38.099804 38.099804 38.099804 38.099804 38.099804 38.099804
 38.099804 38.099804 38.099804 38.099804 38.099804]",[ 47.1   103.417  22.583],355.0,13,2020,7,25
"[40.12302 40.12302 40.12302 40.12302 40.12302 40.12302 40.12302 40.12302
 40.12302 40.12302 40.12302 40.12302]",[ 47.1   103.417  22.583],355.0,14,2020,7,25
"[49.4103 49.4103 49.4103 49.4103 49.4103 49.4103 49.4103 49.4103 49.4103
 49.4103 49.4103 49.4103]",[ 44.    103.417  22.583],355.0,15,2020,7,25
"[58.331955 58.331955 58.331955 58.331955 58.331955 58.331955 58.331955
 58.331955 58.331955 58.331955 58.331955 58.331955]",[ 40.8   103.417  22.583],355.0,16,2020,7,25
"[59.965153 59.965153 59.965153 59.965153 59.965153 59.965153 59.965153
 59.965153 59.965153 59.965153 59.965153 59.965153]",[ 38.8   103.417  22.583],355.0,17,2020,7,25
"[63.3778 63.3778 63.3778 63.3778 63.3778 63.3778 63.3778 63.3778 63.3778
 63.3778 63.3778 63.3778]",[ 15.9   103.417  22.583],355.0,18,2020,7,25
"[109.42421 109.42421 109.42421 109.42421 109.42421 109.42421 109.42421
 109.42421 109.42421 109.42421 109.42421 109.42421]",[ 19.7   103.417  22.583],355.0,19,2020,7,25
"[202.57452 202.57452 202.57452 202.57452 202.57452 202.57452 202.57452
 202.57452 202.57452 202.57452 202.57452 202.57452]",[ 22.9   103.417  22.583],355.0,20,2020,7,25
"[218.76025 218.76025 218.76025 218.76025 218.76025 218.76025 218.76025
 218.76025 218.76025 218.76025 218.76025 218.76025]",[ 56.2   103.417  22.583],355.0,21,2020,7,25
"[208.27855 208.27855 208.27855 208.27855 208.27855 208.27855 208.27855
 208.27855 208.27855 208.27855 208.27855 208.27855]",[103.2   103.417  22.583],355.0,22,2020,7,25
"[203.86646 203.86646 203.86646 203.86646 203.86646 203.86646 203.86646
 203.86646 203.86646 203.86646 203.86646 203.86646]",[123.5   103.417  22.583],355.0,23,2020,7,25
"[207.69351 207.69351 207.69351 207.69351 207.69351 207.69351 207.69351
 207.69351 207.69351 207.69351 207.69351 207.69351]",[135.8   103.417  22.583],355.0,24,2020,7,25
"[213.22687 213.22687 213.22687 213.22687 213.22687 213.22687 213.22687
 213.22687 213.22687 213.22687 213.22687 213.22687]",[137.1   103.417  22.583],355.0,25,2020,7,25
"[167.18045 167.18045 167.18045 167.18045 167.18045 167.18045 167.18045
 167.18045 167.18045 167.18045 167.18045 167.18045]",[124.    103.417  22.583],355.0,26,2020,7,25
"[92.09283 92.09283 92.09283 92.09283 92.09283 92.09283 92.09283 92.09283
 92.09283 92.09283 92.09283 92.09283]",[114.2   103.417  22.583],355.0,27,2020,7,25
"[85.65753 85.65753 85.65753 85.65753 85.65753 85.65753 85.65753 85.65753
 85.65753 85.65753 85.65753 85.65753]",[ 80.9   103.417  22.583],355.0,28,2020,7,25
"[88.826416 88.826416 88.826416 88.826416 88.826416 88.826416 88.826416
 88.826416 88.826416 88.826416 88.826416 88.826416]",[ 33.9   103.417  22.583],355.0,29,2020,7,25
"[87.461365 87.461365 87.461365 87.461365 87.461365 87.461365 87.461365
 87.461365 87.461365 87.461365 87.461365 87.461365]",[ 13.6   103.417  22.583],355.0,30,2020,7,25
"[87.70513 87.70513 87.70513 87.70513 87.70513 87.70513 87.70513 87.70513
 87.70513 87.70513 87.70513 87.70513]",[  1.3   103.417  22.583],355.0,31,2020,7,25
"[86.87634 86.87634 86.87634 86.87634 86.87634 86.87634 86.87634 86.87634
 86.87634 86.87634 86.87634 86.87634]",[  0.    103.417  22.583],355.0,32,2020,7,25
"[101.38011 101.38011 101.38011 101.38011 101.38011 101.38011 101.38011
 101.38011 101.38011 101.38011 101.38011 101.38011]",[  0.    103.417  22.583],355.0,33,2020,7,25
"[87.70513 87.70513 87.70513 87.70513 87.70513 87.70513 87.70513 87.70513
 87.70513 87.70513 87.70513 87.70513]",[  0.    103.417  22.583],355.0,34,2020,7,25
"[75.37084 75.37084 75.37084 75.37084 75.37084 75.37084 75.37084 75.37084
 75.37084 75.37084 75.37084 75.37084]",[  0.    103.417  22.583],355.0,35,2020,7,25
"[78.661606 78.661606 78.661606 78.661606 78.661606 78.661606 78.661606
 78.661606 78.661606 78.661606 78.661606 78.661606]",[  0.    103.417  22.583],355.0,36,2020,7,25
"[78.17409 78.17409 78.17409 78.17409 78.17409 78.17409 78.17409 78.17409
 78.17409 78.17409 78.17409 78.17409]",[ 10.8   103.417  22.583],355.0,37,2020,7,25
"[73.29886 73.29886 73.29886 73.29886 73.29886 73.29886 73.29886 73.29886
 73.29886 73.29886 73.29886 73.29886]",[ 10.8   103.417  22.583],355.0,38,2020,7,25
"[65.181625 65.181625 65.181625 65.181625 65.181625 65.181625 65.181625
 65.181625 65.181625 65.181625 65.181625 65.181625]",[ 10.8   103.417  22.583],355.0,39,2020,7,25
"[49.09342 49.09342 49.09342 49.09342 49.09342 49.09342 49.09342 49.09342
 49.09342 49.09342 49.09342 49.09342]",[ 10.8   103.417  22.583],355.0,40,2020,7,25
"[42.75564 42.75564 42.75564 42.75564 42.75564 42.75564 42.75564 42.75564
 42.75564 42.75564 42.75564 42.75564]",[ 10.8   103.417  22.583],355.0,41,2020,7,25
"[39.85488 39.85488 39.85488 39.85488 39.85488 39.85488 39.85488 39.85488
 39.85488 39.85488 39.85488 39.85488]",[ 10.8   103.417  22.583],355.0,42,2020,7,25
"[23.303528 23.303528 23.303528 23.303528 23.303528 23.303528 23.303528
 23.303528 23.303528 23.303528 23.303528 23.303528]",[ 10.8   103.417  22.583],355.0,43,2020,7,25
"[18.379564 18.379564 18.379564 18.379564 18.379564 18.379564 18.379564
 18.379564 18.379564 18.379564 18.379564 18.379564]",[ 34.5   103.417  22.583],355.0,44,2020,7,25
"[17.28264 17.28264 17.28264 17.28264 17.28264 17.28264 17.28264 17.28264
 17.28264 17.28264 17.28264 17.28264]",[ 38.3   103.417  22.583],355.0,45,2020,7,25
"[17.623909 17.623909 17.623909 17.623909 17.623909 17.623909 17.623909
 17.623909 17.623909 17.623909 17.623909 17.623909]",[ 54.5   103.417  22.583],355.0,46,2020,7,25
"[41.46371 41.46371 41.46371 41.46371 41.46371 41.46371 41.46371 41.46371
 41.46371 41.46371 41.46371 41.46371]",[111.9   103.417  22.583],355.0,7,2021,7,25
"[37.977936 37.977936 37.977936 37.977936 37.977936 37.977936 37.977936
 37.977936 37.977936 37.977936 37.977936 37.977936]",[ 66.9   103.417  22.583],355.0,8,2021,7,25
"[37.782925 37.782925 37.782925 37.782925 37.782925 37.782925 37.782925
 37.782925 37.782925 37.782925 37.782925 37.782925]",[100.5   103.417  22.583],355.0,9,2021,7,25
"[35.028427 35.028427 35.028427 35.028427 35.028427 35.028427 35.028427
 35.028427 35.028427 35.028427 35.028427 35.028427]",[100.5   103.417  22.583],355.0,10,2021,7,25
"[31.006374 31.006374 31.006374 31.006374 31.006374 31.006374 31.006374
 31.006374 31.006374 31.006374 31.006374 31.006374]",[100.5   103.417  22.583],355.0,11,2021,7,25
"[24.132318 24.132318 24.132318 24.132318 24.132318 24.132318 24.132318
 24.132318 24.132318 24.132318 24.132318 24.132318]",[100.5   103.417  22.583],355.0,12,2021,7,25
"[32.152046 32.152046 32.152046 32.152046 32.152046 32.152046 32.152046
 32.152046 32.152046 32.152046 32.152046 32.152046]",[ 96.3   103.417  22.583],355.0,13,2021,7,25
"[42.170616 42.170616 42.170616 42.170616 42.170616 42.170616 42.170616
 42.170616 42.170616 42.170616 42.170616 42.170616]",[ 33.6   103.417  22.583],355.0,14,2021,7,25
"[51.01913 51.01913 51.01913 51.01913 51.01913 51.01913 51.01913 51.01913
 51.01913 51.01913 51.01913 51.01913]",[ 33.6   103.417  22.583],355.0,15,2021,7,25
"[76.61401 76.61401 76.61401 76.61401 76.61401 76.61401 76.61401 76.61401
 76.61401 76.61401 76.61401 76.61401]",[ 16.3   103.417  22.583],355.0,16,2021,7,25
"[88.55829 88.55829 88.55829 88.55829 88.55829 88.55829 88.55829 88.55829
 88.55829 88.55829 88.55829 88.55829]",[ 74.7   103.417  22.583],355.0,17,2021,7,25
"[106.42596 106.42596 106.42596 106.42596 106.42596 106.42596 106.42596
 106.42596 106.42596 106.42596 106.42596 106.42596]",[ 75.2   103.417  22.583],355.0,18,2021,7,25
"[117.71208 117.71208 117.71208 117.71208 117.71208 117.71208 117.71208
 117.71208 117.71208 117.71208 117.71208 117.71208]",[115.4   103.417  22.583],355.0,19,2021,7,25
"[117.49269 117.49269 117.49269 117.49269 117.49269 117.49269 117.49269
 117.49269 117.49269 117.49269 117.49269 117.49269]",[120.2   103.417  22.583],355.0,20,2021,7,25
"[119.832794 119.832794 119.832794 119.832794 119.832794 119.832794
 119.832794 119.832794 119.832794 119.832794 119.832794 119.832794]",[151.5   103.417  22.583],355.0,21,2021,7,25
"[119.07713 119.07713 119.07713 119.07713 119.07713 119.07713 119.07713
 119.07713 119.07713 119.07713 119.07713 119.07713]",[163.7   103.417  22.583],355.0,22,2021,7,25
"[152.59424 152.59424 152.59424 152.59424 152.59424 152.59424 152.59424
 152.59424 152.59424 152.59424 152.59424 152.59424]",[157.1   103.417  22.583],355.0,23,2021,7,25
"[174.99585 174.99585 174.99585 174.99585 174.99585 174.99585 174.99585
 174.99585 174.99585 174.99585 174.99585 174.99585]",[ 98.7   103.417  22.583],355.0,24,2021,7,25
"[167.63428 167.63428 167.63428 167.63428 167.63428 167.63428 167.63428
 167.63428 167.63428 167.63428 167.63428 167.63428]",[ 98.2   103.417  22.583],355.0,25,2021,7,25
"[160.76024 160.76024 160.76024 160.76024 160.76024 160.76024 160.76024
 160.76024 160.76024 160.76024 160.76024 160.76024]",[ 58.    103.417  22.583],355.0,26,2021,7,25
"[161.27213 161.27213 161.27213 161.27213 161.27213 161.27213 161.27213
 161.27213 161.27213 161.27213 161.27213 161.27213]",[ 53.2   103.417  22.583],355.0,27,2021,7,25
"[176.11716 176.11716 176.11716 176.11716 176.11716 176.11716 176.11716
 176.11716 176.11716 176.11716 176.11716 176.11716]",[ 21.9   103.417  22.583],355.0,28,2021,7,25
"[191.5716 191.5716 191.5716 191.5716 191.5716 191.5716 191.5716 191.5716
 191.5716 191.5716 191.5716 191.5716]",[  9.7   103.417  22.583],355.0,29,2021,7,25
"[154.88559 154.88559 154.88559 154.88559 154.88559 154.88559 154.88559
 154.88559 154.88559 154.88559 154.88559 154.88559]",[  0.    103.417  22.583],355.0,30,2021,7,25
"[143.1607 143.1607 143.1607 143.1607 143.1607 143.1607 143.1607 143.1607
 143.1607 143.1607 143.1607 143.1607]",[  0.    103.417  22.583],355.0,31,2021,7,25
"[143.38008 143.38008 143.38008 143.38008 143.38008 143.38008 143.38008
 143.38008 143.38008 143.38008 143.38008 143.38008]",[ 21.9   103.417  22.583],355.0,32,2021,7,25
"[146.45148 146.45148 146.45148 146.45148 146.45148 146.45148 146.45148
 146.45148 146.45148 146.45148 146.45148 146.45148]",[ 21.9   103.417  22.583],355.0,33,2021,7,25
"[136.2379 136.2379 136.2379 136.2379 136.2379 136.2379 136.2379 136.2379
 136.2379 136.2379 136.2379 136.2379]",[ 21.9   103.417  22.583],355.0,34,2021,7,25
"[118.56524 118.56524 118.56524 118.56524 118.56524 118.56524 118.56524
 118.56524 118.56524 118.56524 118.56524 118.56524]",[ 21.9   103.417  22.583],355.0,35,2021,7,25
"[103.81772 103.81772 103.81772 103.81772 103.81772 103.81772 103.81772
 103.81772 103.81772 103.81772 103.81772 103.81772]",[ 21.9   103.417  22.583],355.0,36,2021,7,25
"[95.28609 95.28609 95.28609 95.28609 95.28609 95.28609 95.28609 95.28609
 95.28609 95.28609 95.28609 95.28609]",[ 21.9   103.417  22.583],355.0,37,2021,7,25
"[85.58441 85.58441 85.58441 85.58441 85.58441 85.58441 85.58441 85.58441
 85.58441 85.58441 85.58441 85.58441]",[ 21.9   103.417  22.583],355.0,38,2021,7,25
"[84.63374 84.63374 84.63374 84.63374 84.63374 84.63374 84.63374 84.63374
 84.63374 84.63374 84.63374 84.63374]",[  0.    103.417  22.583],355.0,39,2021,7,25
"[83.975586 83.975586 83.975586 83.975586 83.975586 83.975586 83.975586
 83.975586 83.975586 83.975586 83.975586 83.975586]",[  8.6   103.417  22.583],355.0,40,2021,7,25
"[89.43583 89.43583 89.43583 89.43583 89.43583 89.43583 89.43583 89.43583
 89.43583 89.43583 89.43583 89.43583]",[  8.6   103.417  22.583],355.0,41,2021,7,25
"[87.26636 87.26636 87.26636 87.26636 87.26636 87.26636 87.26636 87.26636
 87.26636 87.26636 87.26636 87.26636]",[ 13.9   103.417  22.583],355.0,42,2021,7,25
"[81.17233 81.17233 81.17233 81.17233 81.17233 81.17233 81.17233 81.17233
 81.17233 81.17233 81.17233 81.17233]",[ 13.9   103.417  22.583],355.0,43,2021,7,25
"[73.88389 73.88389 73.88389 73.88389 73.88389 73.88389 73.88389 73.88389
 73.88389 73.88389 73.88389 73.88389]",[ 13.9   103.417  22.583],355.0,44,2021,7,25
"[69.76433 69.76433 69.76433 69.76433 69.76433 69.76433 69.76433 69.76433
 69.76433 69.76433 69.76433 69.76433]",[ 14.8   103.417  22.583],355.0,45,2021,7,25
"[66.03479 66.03479 66.03479 66.03479 66.03479 66.03479 66.03479 66.03479
 66.03479 66.03479 66.03479 66.03479]",[ 14.8   103.417  22.583],355.0,46,2021,7,25
"[119.31429 119.31429 119.31429 119.31429 119.31429 119.31429 119.31429
 119.31429 119.31429 119.31429 119.31429 119.31429]",[110.4   103.417  22.583],355.0,7,2018,7,28
"[105.34511 105.34511 105.34511 105.34511 105.34511 105.34511 105.34511
 105.34511 105.34511 105.34511 105.34511 105.34511]",[ 97.7   103.417  22.583],355.0,8,2018,7,28
"[95.95737 95.95737 95.95737 95.95737 95.95737 95.95737 95.95737 95.95737
 95.95737 95.95737 95.95737 95.95737]",[ 98.8   103.417  22.583],355.0,9,2018,7,28
"[84.99563 84.99563 84.99563 84.99563 84.99563 84.99563 84.99563 84.99563
 84.99563 84.99563 84.99563 84.99563]",[ 72.3   103.417  22.583],355.0,10,2018,7,28
"[70.801575 70.801575 70.801575 70.801575 70.801575 70.801575 70.801575
 70.801575 70.801575 70.801575 70.801575 70.801575]",[ 68.8   103.417  22.583],355.0,11,2018,7,28
"[57.197777 57.197777 57.197777 57.197777 57.197777 57.197777 57.197777
 57.197777 57.197777 57.197777 57.197777 57.197777]",[ 68.    103.417  22.583],355.0,12,2018,7,28
"[45.16798 45.16798 45.16798 45.16798 45.16798 45.16798 45.16798 45.16798
 45.16798 45.16798 45.16798 45.16798]",[ 62.5   103.417  22.583],355.0,13,2018,7,28
"[34.993237 34.993237 34.993237 34.993237 34.993237 34.993237 34.993237
 34.993237 34.993237 34.993237 34.993237 34.993237]",[ 34.9   103.417  22.583],355.0,14,2018,7,28
"[27.12327 27.12327 27.12327 27.12327 27.12327 27.12327 27.12327 27.12327
 27.12327 27.12327 27.12327 27.12327]",[ 33.2   103.417  22.583],355.0,15,2018,7,28
"[27.320019 27.320019 27.320019 27.320019 27.320019 27.320019 27.320019
 27.320019 27.320019 27.320019 27.320019 27.320019]",[ 27.    103.417  22.583],355.0,16,2018,7,28
"[39.82764 39.82764 39.82764 39.82764 39.82764 39.82764 39.82764 39.82764
 39.82764 39.82764 39.82764 39.82764]",[ 23.4   103.417  22.583],355.0,17,2018,7,28
"[46.432793 46.432793 46.432793 46.432793 46.432793 46.432793 46.432793
 46.432793 46.432793 46.432793 46.432793 46.432793]",[ 24.9   103.417  22.583],355.0,18,2018,7,28
"[48.372177 48.372177 48.372177 48.372177 48.372177 48.372177 48.372177
 48.372177 48.372177 48.372177 48.372177 48.372177]",[ 66.7   103.417  22.583],355.0,19,2018,7,28
"[70.74536 70.74536 70.74536 70.74536 70.74536 70.74536 70.74536 70.74536
 70.74536 70.74536 70.74536 70.74536]",[ 79.7   103.417  22.583],355.0,20,2018,7,28
"[85.24858 85.24858 85.24858 85.24858 85.24858 85.24858 85.24858 85.24858
 85.24858 85.24858 85.24858 85.24858]",[ 79.3   103.417  22.583],355.0,21,2018,7,28
"[104.78296 104.78296 104.78296 104.78296 104.78296 104.78296 104.78296
 104.78296 104.78296 104.78296 104.78296 104.78296]",[ 75.8   103.417  22.583],355.0,22,2018,7,28
"[100.679344 100.679344 100.679344 100.679344 100.679344 100.679344
 100.679344 100.679344 100.679344 100.679344 100.679344 100.679344]",[ 78.5   103.417  22.583],355.0,23,2018,7,28
"[87.18797 87.18797 87.18797 87.18797 87.18797 87.18797 87.18797 87.18797
 87.18797 87.18797 87.18797 87.18797]",[ 78.5   103.417  22.583],355.0,24,2018,7,28
"[96.06979 96.06979 96.06979 96.06979 96.06979 96.06979 96.06979 96.06979
 96.06979 96.06979 96.06979 96.06979]",[120.4   103.417  22.583],355.0,25,2018,7,28
"[139.74811 139.74811 139.74811 139.74811 139.74811 139.74811 139.74811
 139.74811 139.74811 139.74811 139.74811 139.74811]",[ 68.1   103.417  22.583],355.0,26,2018,7,28
"[129.48904 129.48904 129.48904 129.48904 129.48904 129.48904 129.48904
 129.48904 129.48904 129.48904 129.48904 129.48904]",[ 58.8   103.417  22.583],355.0,27,2018,7,28
"[119.87644 119.87644 119.87644 119.87644 119.87644 119.87644 119.87644
 119.87644 119.87644 119.87644 119.87644 119.87644]",[ 65.1   103.417  22.583],355.0,28,2018,7,28
"[100.08909 100.08909 100.08909 100.08909 100.08909 100.08909 100.08909
 100.08909 100.08909 100.08909 100.08909 100.08909]",[ 65.1   103.417  22.583],355.0,29,2018,7,28
"[102.87168 102.87168 102.87168 102.87168 102.87168 102.87168 102.87168
 102.87168 102.87168 102.87168 102.87168 102.87168]",[ 64.8   103.417  22.583],355.0,30,2018,7,28
"[110.96651 110.96651 110.96651 110.96651 110.96651 110.96651 110.96651
 110.96651 110.96651 110.96651 110.96651 110.96651]",[ 82.    103.417  22.583],355.0,31,2018,7,28
"[98.82427 98.82427 98.82427 98.82427 98.82427 98.82427 98.82427 98.82427
 98.82427 98.82427 98.82427 98.82427]",[ 45.5   103.417  22.583],355.0,32,2018,7,28
"[48.062996 48.062996 48.062996 48.062996 48.062996 48.062996 48.062996
 48.062996 48.062996 48.062996 48.062996 48.062996]",[ 63.8   103.417  22.583],355.0,33,2018,7,28
"[34.262447 34.262447 34.262447 34.262447 34.262447 34.262447 34.262447
 34.262447 34.262447 34.262447 34.262447 34.262447]",[ 99.3   103.417  22.583],355.0,34,2018,7,28
"[31.817139 31.817139 31.817139 31.817139 31.817139 31.817139 31.817139
 31.817139 31.817139 31.817139 31.817139 31.817139]",[ 93.7   103.417  22.583],355.0,35,2018,7,28
"[32.09821 32.09821 32.09821 32.09821 32.09821 32.09821 32.09821 32.09821
 32.09821 32.09821 32.09821 32.09821]",[113.    103.417  22.583],355.0,36,2018,7,28
"[39.265503 39.265503 39.265503 39.265503 39.265503 39.265503 39.265503
 39.265503 39.265503 39.265503 39.265503 39.265503]",[111.2   103.417  22.583],355.0,37,2018,7,28
"[38.14122 38.14122 38.14122 38.14122 38.14122 38.14122 38.14122 38.14122
 38.14122 38.14122 38.14122 38.14122]",[ 95.4   103.417  22.583],355.0,38,2018,7,28
"[41.20489 41.20489 41.20489 41.20489 41.20489 41.20489 41.20489 41.20489
 41.20489 41.20489 41.20489 41.20489]",[ 86.5   103.417  22.583],355.0,39,2018,7,28
"[47.95058 47.95058 47.95058 47.95058 47.95058 47.95058 47.95058 47.95058
 47.95058 47.95058 47.95058 47.95058]",[ 67.2   103.417  22.583],355.0,40,2018,7,28
"[72.09451 72.09451 72.09451 72.09451 72.09451 72.09451 72.09451 72.09451
 72.09451 72.09451 72.09451 72.09451]",[ 28.5   103.417  22.583],355.0,41,2018,7,28
"[75.467354 75.467354 75.467354 75.467354 75.467354 75.467354 75.467354
 75.467354 75.467354 75.467354 75.467354 75.467354]",[ 29.8   103.417  22.583],355.0,42,2018,7,28
"[83.08435 83.08435 83.08435 83.08435 83.08435 83.08435 83.08435 83.08435
 83.08435 83.08435 83.08435 83.08435]",[ 10.5   103.417  22.583],355.0,43,2018,7,28
"[82.213036 82.213036 82.213036 82.213036 82.213036 82.213036 82.213036
 82.213036 82.213036 82.213036 82.213036 82.213036]",[  4.1   103.417  22.583],355.0,44,2018,7,28
"[79.06505 79.06505 79.06505 79.06505 79.06505 79.06505 79.06505 79.06505
 79.06505 79.06505 79.06505 79.06505]",[  2.7   103.417  22.583],355.0,45,2018,7,28
"[102.25334 102.25334 102.25334 102.25334 102.25334 102.25334 102.25334
 102.25334 102.25334 102.25334 102.25334 102.25334]",[  6.1   103.417  22.583],355.0,46,2018,7,28
"[199.86902 199.86902 199.86902 199.86902 199.86902 199.86902 199.86902
 199.86902 199.86902 199.86902 199.86902 199.86902]",[ 62.7   103.417  22.583],355.0,7,2019,7,28
"[251.16434 251.16434 251.16434 251.16434 251.16434 251.16434 251.16434
 251.16434 251.16434 251.16434 251.16434 251.16434]",[ 66.    103.417  22.583],355.0,8,2019,7,28
"[266.79184 266.79184 266.79184 266.79184 266.79184 266.79184 266.79184
 266.79184 266.79184 266.79184 266.79184 266.79184]",[ 45.3   103.417  22.583],355.0,9,2019,7,28
"[264.20596 264.20596 264.20596 264.20596 264.20596 264.20596 264.20596
 264.20596 264.20596 264.20596 264.20596 264.20596]",[ 31.5   103.417  22.583],355.0,10,2019,7,28
"[280.90152 280.90152 280.90152 280.90152 280.90152 280.90152 280.90152
 280.90152 280.90152 280.90152 280.90152 280.90152]",[ 34.8   103.417  22.583],355.0,11,2019,7,28
"[264.45895 264.45895 264.45895 264.45895 264.45895 264.45895 264.45895
 264.45895 264.45895 264.45895 264.45895 264.45895]",[ 34.8   103.417  22.583],355.0,12,2019,7,28
"[220.5839 220.5839 220.5839 220.5839 220.5839 220.5839 220.5839 220.5839
 220.5839 220.5839 220.5839 220.5839]",[ 15.    103.417  22.583],355.0,13,2019,7,28
"[140.90048 140.90048 140.90048 140.90048 140.90048 140.90048 140.90048
 140.90048 140.90048 140.90048 140.90048 140.90048]",[  6.6   103.417  22.583],355.0,14,2019,7,28
"[85.276695 85.276695 85.276695 85.276695 85.276695 85.276695 85.276695
 85.276695 85.276695 85.276695 85.276695 85.276695]",[  4.7   103.417  22.583],355.0,15,2019,7,28
"[58.15342 58.15342 58.15342 58.15342 58.15342 58.15342 58.15342 58.15342
 58.15342 58.15342 58.15342 58.15342]",[  4.7   103.417  22.583],355.0,16,2019,7,28
"[62.200832 62.200832 62.200832 62.200832 62.200832 62.200832 62.200832
 62.200832 62.200832 62.200832 62.200832 62.200832]",[  4.7   103.417  22.583],355.0,17,2019,7,28
"[59.221485 59.221485 59.221485 59.221485 59.221485 59.221485 59.221485
 59.221485 59.221485 59.221485 59.221485 59.221485]",[  1.4   103.417  22.583],355.0,18,2019,7,28
"[63.6624 63.6624 63.6624 63.6624 63.6624 63.6624 63.6624 63.6624 63.6624
 63.6624 63.6624 63.6624]",[  1.4   103.417  22.583],355.0,19,2019,7,28
"[84.23674 84.23674 84.23674 84.23674 84.23674 84.23674 84.23674 84.23674
 84.23674 84.23674 84.23674 84.23674]",[  1.4   103.417  22.583],355.0,20,2019,7,28
"[86.176125 86.176125 86.176125 86.176125 86.176125 86.176125 86.176125
 86.176125 86.176125 86.176125 86.176125 86.176125]",[  1.4   103.417  22.583],355.0,21,2019,7,28
"[110.882195 110.882195 110.882195 110.882195 110.882195 110.882195
 110.882195 110.882195 110.882195 110.882195 110.882195 110.882195]",[  0.    103.417  22.583],355.0,22,2019,7,28
"[114.05829 114.05829 114.05829 114.05829 114.05829 114.05829 114.05829
 114.05829 114.05829 114.05829 114.05829 114.05829]",[  0.    103.417  22.583],355.0,23,2019,7,28
"[99.38642 99.38642 99.38642 99.38642 99.38642 99.38642 99.38642 99.38642
 99.38642 99.38642 99.38642 99.38642]",[  0.    103.417  22.583],355.0,24,2019,7,28
"[83.44974 83.44974 83.44974 83.44974 83.44974 83.44974 83.44974 83.44974
 83.44974 83.44974 83.44974 83.44974]",[  0.    103.417  22.583],355.0,25,2019,7,28
"[80.77957 80.77957 80.77957 80.77957 80.77957 80.77957 80.77957 80.77957
 80.77957 80.77957 80.77957 80.77957]",[  0.    103.417  22.583],355.0,26,2019,7,28
"[67.82224 67.82224 67.82224 67.82224 67.82224 67.82224 67.82224 67.82224
 67.82224 67.82224 67.82224 67.82224]",[  0.    103.417  22.583],355.0,27,2019,7,28
"[63.100266 63.100266 63.100266 63.100266 63.100266 63.100266 63.100266
 63.100266 63.100266 63.100266 63.100266 63.100266]",[  0.    103.417  22.583],355.0,28,2019,7,28
"[40.755177 40.755177 40.755177 40.755177 40.755177 40.755177 40.755177
 40.755177 40.755177 40.755177 40.755177 40.755177]",[  0.    103.417  22.583],355.0,29,2019,7,28
"[33.86896 33.86896 33.86896 33.86896 33.86896 33.86896 33.86896 33.86896
 33.86896 33.86896 33.86896 33.86896]",[ 15.3   103.417  22.583],355.0,30,2019,7,28
"[33.250603 33.250603 33.250603 33.250603 33.250603 33.250603 33.250603
 33.250603 33.250603 33.250603 33.250603 33.250603]",[ 17.1   103.417  22.583],355.0,31,2019,7,28
"[30.55233 30.55233 30.55233 30.55233 30.55233 30.55233 30.55233 30.55233
 30.55233 30.55233 30.55233 30.55233]",[ 17.1   103.417  22.583],355.0,32,2019,7,28
"[35.892666 35.892666 35.892666 35.892666 35.892666 35.892666 35.892666
 35.892666 35.892666 35.892666 35.892666 35.892666]",[ 17.6   103.417  22.583],355.0,33,2019,7,28
"[44.52152 44.52152 44.52152 44.52152 44.52152 44.52152 44.52152 44.52152
 44.52152 44.52152 44.52152 44.52152]",[ 24.4   103.417  22.583],355.0,34,2019,7,28
"[61.413837 61.413837 61.413837 61.413837 61.413837 61.413837 61.413837
 61.413837 61.413837 61.413837 61.413837 61.413837]",[ 35.7   103.417  22.583],355.0,35,2019,7,28
"[77.74402 77.74402 77.74402 77.74402 77.74402 77.74402 77.74402 77.74402
 77.74402 77.74402 77.74402 77.74402]",[ 35.7   103.417  22.583],355.0,36,2019,7,28
"[88.03119 88.03119 88.03119 88.03119 88.03119 88.03119 88.03119 88.03119
 88.03119 88.03119 88.03119 88.03119]",[ 20.4   103.417  22.583],355.0,37,2019,7,28
"[104.97972 104.97972 104.97972 104.97972 104.97972 104.97972 104.97972
 104.97972 104.97972 104.97972 104.97972 104.97972]",[ 18.6   103.417  22.583],355.0,38,2019,7,28
"[114.086395 114.086395 114.086395 114.086395 114.086395 114.086395
 114.086395 114.086395 114.086395 114.086395 114.086395 114.086395]",[ 18.6   103.417  22.583],355.0,39,2019,7,28
"[103.60248 103.60248 103.60248 103.60248 103.60248 103.60248 103.60248
 103.60248 103.60248 103.60248 103.60248 103.60248]",[ 18.1   103.417  22.583],355.0,40,2019,7,28
"[86.51341 86.51341 86.51341 86.51341 86.51341 86.51341 86.51341 86.51341
 86.51341 86.51341 86.51341 86.51341]",[ 11.3   103.417  22.583],355.0,41,2019,7,28
"[65.095856 65.095856 65.095856 65.095856 65.095856 65.095856 65.095856
 65.095856 65.095856 65.095856 65.095856 65.095856]",[  0.    103.417  22.583],355.0,42,2019,7,28
"[50.620743 50.620743 50.620743 50.620743 50.620743 50.620743 50.620743
 50.620743 50.620743 50.620743 50.620743 50.620743]",[  0.    103.417  22.583],355.0,43,2019,7,28
"[126.453476 126.453476 126.453476 126.453476 126.453476 126.453476
 126.453476 126.453476 126.453476 126.453476 126.453476 126.453476]",[ 24.4   103.417  22.583],355.0,44,2019,7,28
"[133.64888 133.64888 133.64888 133.64888 133.64888 133.64888 133.64888
 133.64888 133.64888 133.64888 133.64888 133.64888]",[ 52.2   103.417  22.583],355.0,45,2019,7,28
"[126.453476 126.453476 126.453476 126.453476 126.453476 126.453476
 126.453476 126.453476 126.453476 126.453476 126.453476 126.453476]",[ 52.2   103.417  22.583],355.0,46,2019,7,28
"[56.663754 56.663754 56.663754 56.663754 56.663754 56.663754 56.663754
 56.663754 56.663754 56.663754 56.663754 56.663754]",[  8.3   103.417  22.583],355.0,7,2020,7,28
"[48.119217 48.119217 48.119217 48.119217 48.119217 48.119217 48.119217
 48.119217 48.119217 48.119217 48.119217 48.119217]",[ 31.2   103.417  22.583],355.0,8,2020,7,28
"[44.437195 44.437195 44.437195 44.437195 44.437195 44.437195 44.437195
 44.437195 44.437195 44.437195 44.437195 44.437195]",[ 40.5   103.417  22.583],355.0,9,2020,7,28
"[47.304108 47.304108 47.304108 47.304108 47.304108 47.304108 47.304108
 47.304108 47.304108 47.304108 47.304108 47.304108]",[ 47.1   103.417  22.583],355.0,10,2020,7,28
"[39.687107 39.687107 39.687107 39.687107 39.687107 39.687107 39.687107
 39.687107 39.687107 39.687107 39.687107 39.687107]",[ 47.1   103.417  22.583],355.0,11,2020,7,28
"[32.15443 32.15443 32.15443 32.15443 32.15443 32.15443 32.15443 32.15443
 32.15443 32.15443 32.15443 32.15443]",[ 44.    103.417  22.583],355.0,12,2020,7,28
"[32.210644 32.210644 32.210644 32.210644 32.210644 32.210644 32.210644
 32.210644 32.210644 32.210644 32.210644 32.210644]",[ 40.8   103.417  22.583],355.0,13,2020,7,28
"[34.627846 34.627846 34.627846 34.627846 34.627846 34.627846 34.627846
 34.627846 34.627846 34.627846 34.627846 34.627846]",[ 38.8   103.417  22.583],355.0,14,2020,7,28
"[40.136826 40.136826 40.136826 40.136826 40.136826 40.136826 40.136826
 40.136826 40.136826 40.136826 40.136826 40.136826]",[ 15.9   103.417  22.583],355.0,15,2020,7,28
"[41.457855 41.457855 41.457855 41.457855 41.457855 41.457855 41.457855
 41.457855 41.457855 41.457855 41.457855 41.457855]",[ 19.7   103.417  22.583],355.0,16,2020,7,28
"[36.93263 36.93263 36.93263 36.93263 36.93263 36.93263 36.93263 36.93263
 36.93263 36.93263 36.93263 36.93263]",[ 22.9   103.417  22.583],355.0,17,2020,7,28
"[34.290565 34.290565 34.290565 34.290565 34.290565 34.290565 34.290565
 34.290565 34.290565 34.290565 34.290565 34.290565]",[ 56.2   103.417  22.583],355.0,18,2020,7,28
"[29.006443 29.006443 29.006443 29.006443 29.006443 29.006443 29.006443
 29.006443 29.006443 29.006443 29.006443 29.006443]",[103.2   103.417  22.583],355.0,19,2020,7,28
"[22.45751 22.45751 22.45751 22.45751 22.45751 22.45751 22.45751 22.45751
 22.45751 22.45751 22.45751 22.45751]",[123.5   103.417  22.583],355.0,20,2020,7,28
"[18.072813 18.072813 18.072813 18.072813 18.072813 18.072813 18.072813
 18.072813 18.072813 18.072813 18.072813 18.072813]",[135.8   103.417  22.583],355.0,21,2020,7,28
"[21.41755 21.41755 21.41755 21.41755 21.41755 21.41755 21.41755 21.41755
 21.41755 21.41755 21.41755 21.41755]",[137.1   103.417  22.583],355.0,22,2020,7,28
"[36.005093 36.005093 36.005093 36.005093 36.005093 36.005093 36.005093
 36.005093 36.005093 36.005093 36.005093 36.005093]",[124.    103.417  22.583],355.0,23,2020,7,28
"[45.280407 45.280407 45.280407 45.280407 45.280407 45.280407 45.280407
 45.280407 45.280407 45.280407 45.280407 45.280407]",[114.2   103.417  22.583],355.0,24,2020,7,28
"[52.475803 52.475803 52.475803 52.475803 52.475803 52.475803 52.475803
 52.475803 52.475803 52.475803 52.475803 52.475803]",[ 80.9   103.417  22.583],355.0,25,2020,7,28
"[64.758575 64.758575 64.758575 64.758575 64.758575 64.758575 64.758575
 64.758575 64.758575 64.758575 64.758575 64.758575]",[ 33.9   103.417  22.583],355.0,26,2020,7,28
"[74.76467 74.76467 74.76467 74.76467 74.76467 74.76467 74.76467 74.76467
 74.76467 74.76467 74.76467 74.76467]",[ 13.6   103.417  22.583],355.0,27,2020,7,28
"[84.54591 84.54591 84.54591 84.54591 84.54591 84.54591 84.54591 84.54591
 84.54591 84.54591 84.54591 84.54591]",[  1.3   103.417  22.583],355.0,28,2020,7,28
"[79.908264 79.908264 79.908264 79.908264 79.908264 79.908264 79.908264
 79.908264 79.908264 79.908264 79.908264 79.908264]",[  0.    103.417  22.583],355.0,29,2020,7,28
"[72.17883 72.17883 72.17883 72.17883 72.17883 72.17883 72.17883 72.17883
 72.17883 72.17883 72.17883 72.17883]",[  0.    103.417  22.583],355.0,30,2020,7,28
"[63.831047 63.831047 63.831047 63.831047 63.831047 63.831047 63.831047
 63.831047 63.831047 63.831047 63.831047 63.831047]",[  0.    103.417  22.583],355.0,31,2020,7,28
"[59.783638 59.783638 59.783638 59.783638 59.783638 59.783638 59.783638
 59.783638 59.783638 59.783638 59.783638 59.783638]",[  0.    103.417  22.583],355.0,32,2020,7,28
"[48.878113 48.878113 48.878113 48.878113 48.878113 48.878113 48.878113
 48.878113 48.878113 48.878113 48.878113 48.878113]",[  0.    103.417  22.583],355.0,33,2020,7,28
"[38.8158 38.8158 38.8158 38.8158 38.8158 38.8158 38.8158 38.8158 38.8158
 38.8158 38.8158 38.8158]",[ 10.8   103.417  22.583],355.0,34,2020,7,28
"[30.524223 30.524223 30.524223 30.524223 30.524223 30.524223 30.524223
 30.524223 30.524223 30.524223 30.524223 30.524223]",[ 10.8   103.417  22.583],355.0,35,2020,7,28
"[24.706072 24.706072 24.706072 24.706072 24.706072 24.706072 24.706072
 24.706072 24.706072 24.706072 24.706072 24.706072]",[ 10.8   103.417  22.583],355.0,36,2020,7,28
"[21.558084 21.558084 21.558084 21.558084 21.558084 21.558084 21.558084
 21.558084 21.558084 21.558084 21.558084 21.558084]",[ 10.8   103.417  22.583],355.0,37,2020,7,28
"[30.243153 30.243153 30.243153 30.243153 30.243153 30.243153 30.243153
 30.243153 30.243153 30.243153 30.243153 30.243153]",[ 10.8   103.417  22.583],355.0,38,2020,7,28
"[32.49171 32.49171 32.49171 32.49171 32.49171 32.49171 32.49171 32.49171
 32.49171 32.49171 32.49171 32.49171]",[ 10.8   103.417  22.583],355.0,39,2020,7,28
"[32.070107 32.070107 32.070107 32.070107 32.070107 32.070107 32.070107
 32.070107 32.070107 32.070107 32.070107 32.070107]",[ 10.8   103.417  22.583],355.0,40,2020,7,28
"[32.182537 32.182537 32.182537 32.182537 32.182537 32.182537 32.182537
 32.182537 32.182537 32.182537 32.182537 32.182537]",[ 34.5   103.417  22.583],355.0,41,2020,7,28
"[30.664757 30.664757 30.664757 30.664757 30.664757 30.664757 30.664757
 30.664757 30.664757 30.664757 30.664757 30.664757]",[ 38.3   103.417  22.583],355.0,42,2020,7,28
"[29.484262 29.484262 29.484262 29.484262 29.484262 29.484262 29.484262
 29.484262 29.484262 29.484262 29.484262 29.484262]",[ 54.5   103.417  22.583],355.0,43,2020,7,28
"[33.784637 33.784637 33.784637 33.784637 33.784637 33.784637 33.784637
 33.784637 33.784637 33.784637 33.784637 33.784637]",[ 71.    103.417  22.583],355.0,44,2020,7,28
"[37.18559 37.18559 37.18559 37.18559 37.18559 37.18559 37.18559 37.18559
 37.18559 37.18559 37.18559 37.18559]",[ 71.    103.417  22.583],355.0,45,2020,7,28
"[34.515423 34.515423 34.515423 34.515423 34.515423 34.515423 34.515423
 34.515423 34.515423 34.515423 34.515423 34.515423]",[ 72.8   103.417  22.583],355.0,46,2020,7,28
"[45.477154 45.477154 45.477154 45.477154 45.477154 45.477154 45.477154
 45.477154 45.477154 45.477154 45.477154 45.477154]",[100.5   103.417  22.583],355.0,7,2021,7,28
"[44.324764 44.324764 44.324764 44.324764 44.324764 44.324764 44.324764
 44.324764 44.324764 44.324764 44.324764 44.324764]",[100.5   103.417  22.583],355.0,8,2021,7,28
"[34.431095 34.431095 34.431095 34.431095 34.431095 34.431095 34.431095
 34.431095 34.431095 34.431095 34.431095 34.431095]",[100.5   103.417  22.583],355.0,9,2021,7,28
"[42.244846 42.244846 42.244846 42.244846 42.244846 42.244846 42.244846
 42.244846 42.244846 42.244846 42.244846 42.244846]",[ 96.3   103.417  22.583],355.0,10,2021,7,28
"[79.20558 79.20558 79.20558 79.20558 79.20558 79.20558 79.20558 79.20558
 79.20558 79.20558 79.20558 79.20558]",[ 33.6   103.417  22.583],355.0,11,2021,7,28
"[107.28449 107.28449 107.28449 107.28449 107.28449 107.28449 107.28449
 107.28449 107.28449 107.28449 107.28449 107.28449]",[ 33.6   103.417  22.583],355.0,12,2021,7,28
"[111.50055 111.50055 111.50055 111.50055 111.50055 111.50055 111.50055
 111.50055 111.50055 111.50055 111.50055 111.50055]",[ 16.3   103.417  22.583],355.0,13,2021,7,28
"[128.73015 128.73015 128.73015 128.73015 128.73015 128.73015 128.73015
 128.73015 128.73015 128.73015 128.73015 128.73015]",[ 74.7   103.417  22.583],355.0,14,2021,7,28
"[148.9672 148.9672 148.9672 148.9672 148.9672 148.9672 148.9672 148.9672
 148.9672 148.9672 148.9672 148.9672]",[ 75.2   103.417  22.583],355.0,15,2021,7,28
"[174.76945 174.76945 174.76945 174.76945 174.76945 174.76945 174.76945
 174.76945 174.76945 174.76945 174.76945 174.76945]",[115.4   103.417  22.583],355.0,16,2021,7,28
"[160.91269 160.91269 160.91269 160.91269 160.91269 160.91269 160.91269
 160.91269 160.91269 160.91269 160.91269 160.91269]",[120.2   103.417  22.583],355.0,17,2021,7,28
"[135.47583 135.47583 135.47583 135.47583 135.47583 135.47583 135.47583
 135.47583 135.47583 135.47583 135.47583 135.47583]",[151.5   103.417  22.583],355.0,18,2021,7,28
"[129.65768 129.65768 129.65768 129.65768 129.65768 129.65768 129.65768
 129.65768 129.65768 129.65768 129.65768 129.65768]",[163.7   103.417  22.583],355.0,19,2021,7,28
"[160.5192 160.5192 160.5192 160.5192 160.5192 160.5192 160.5192 160.5192
 160.5192 160.5192 160.5192 160.5192]",[157.1   103.417  22.583],355.0,20,2021,7,28
"[148.6018 148.6018 148.6018 148.6018 148.6018 148.6018 148.6018 148.6018
 148.6018 148.6018 148.6018 148.6018]",[ 98.7   103.417  22.583],355.0,21,2021,7,28
"[179.09793 179.09793 179.09793 179.09793 179.09793 179.09793 179.09793
 179.09793 179.09793 179.09793 179.09793 179.09793]",[ 98.2   103.417  22.583],355.0,22,2021,7,28
"[194.33194 194.33194 194.33194 194.33194 194.33194 194.33194 194.33194
 194.33194 194.33194 194.33194 194.33194 194.33194]",[ 58.    103.417  22.583],355.0,23,2021,7,28
"[196.38376 196.38376 196.38376 196.38376 196.38376 196.38376 196.38376
 196.38376 196.38376 196.38376 196.38376 196.38376]",[ 53.2   103.417  22.583],355.0,24,2021,7,28
"[182.6113 182.6113 182.6113 182.6113 182.6113 182.6113 182.6113 182.6113
 182.6113 182.6113 182.6113 182.6113]",[ 21.9   103.417  22.583],355.0,25,2021,7,28
"[159.59164 159.59164 159.59164 159.59164 159.59164 159.59164 159.59164
 159.59164 159.59164 159.59164 159.59164 159.59164]",[  9.7   103.417  22.583],355.0,26,2021,7,28
"[135.13855 135.13855 135.13855 135.13855 135.13855 135.13855 135.13855
 135.13855 135.13855 135.13855 135.13855 135.13855]",[  0.    103.417  22.583],355.0,27,2021,7,28
"[131.85002 131.85002 131.85002 131.85002 131.85002 131.85002 131.85002
 131.85002 131.85002 131.85002 131.85002 131.85002]",[  0.    103.417  22.583],355.0,28,2021,7,28
"[81.735214 81.735214 81.735214 81.735214 81.735214 81.735214 81.735214
 81.735214 81.735214 81.735214 81.735214 81.735214]",[ 21.9   103.417  22.583],355.0,29,2021,7,28
"[41.767033 41.767033 41.767033 41.767033 41.767033 41.767033 41.767033
 41.767033 41.767033 41.767033 41.767033 41.767033]",[ 21.9   103.417  22.583],355.0,30,2021,7,28
"[36.286163 36.286163 36.286163 36.286163 36.286163 36.286163 36.286163
 36.286163 36.286163 36.286163 36.286163 36.286163]",[ 21.9   103.417  22.583],355.0,31,2021,7,28
"[45.167976 45.167976 45.167976 45.167976 45.167976 45.167976 45.167976
 45.167976 45.167976 45.167976 45.167976 45.167976]",[ 21.9   103.417  22.583],355.0,32,2021,7,28
"[71.448044 71.448044 71.448044 71.448044 71.448044 71.448044 71.448044
 71.448044 71.448044 71.448044 71.448044 71.448044]",[ 21.9   103.417  22.583],355.0,33,2021,7,28
"[76.39488 76.39488 76.39488 76.39488 76.39488 76.39488 76.39488 76.39488
 76.39488 76.39488 76.39488 76.39488]",[ 21.9   103.417  22.583],355.0,34,2021,7,28
"[95.36712 95.36712 95.36712 95.36712 95.36712 95.36712 95.36712 95.36712
 95.36712 95.36712 95.36712 95.36712]",[ 21.9   103.417  22.583],355.0,35,2021,7,28
"[114.086395 114.086395 114.086395 114.086395 114.086395 114.086395
 114.086395 114.086395 114.086395 114.086395 114.086395 114.086395]",[  0.    103.417  22.583],355.0,36,2021,7,28
"[129.3204 129.3204 129.3204 129.3204 129.3204 129.3204 129.3204 129.3204
 129.3204 129.3204 129.3204 129.3204]",[  8.6   103.417  22.583],355.0,37,2021,7,28
"[137.10603 137.10603 137.10603 137.10603 137.10603 137.10603 137.10603
 137.10603 137.10603 137.10603 137.10603 137.10603]",[  8.6   103.417  22.583],355.0,38,2021,7,28
"[133.2835 133.2835 133.2835 133.2835 133.2835 133.2835 133.2835 133.2835
 133.2835 133.2835 133.2835 133.2835]",[ 13.9   103.417  22.583],355.0,39,2021,7,28
"[108.94281 108.94281 108.94281 108.94281 108.94281 108.94281 108.94281
 108.94281 108.94281 108.94281 108.94281 108.94281]",[ 13.9   103.417  22.583],355.0,40,2021,7,28
"[96.82869 96.82869 96.82869 96.82869 96.82869 96.82869 96.82869 96.82869
 96.82869 96.82869 96.82869 96.82869]",[ 13.9   103.417  22.583],355.0,41,2021,7,28
"[73.89336 73.89336 73.89336 73.89336 73.89336 73.89336 73.89336 73.89336
 73.89336 73.89336 73.89336 73.89336]",[ 14.8   103.417  22.583],355.0,42,2021,7,28
"[54.49951 54.49951 54.49951 54.49951 54.49951 54.49951 54.49951 54.49951
 54.49951 54.49951 54.49951 54.49951]",[ 14.8   103.417  22.583],355.0,43,2021,7,28
"[49.97428 49.97428 49.97428 49.97428 49.97428 49.97428 49.97428 49.97428
 49.97428 49.97428 49.97428 49.97428]",[  6.2   103.417  22.583],355.0,44,2021,7,28
"[39.068756 39.068756 39.068756 39.068756 39.068756 39.068756 39.068756
 39.068756 39.068756 39.068756 39.068756 39.068756]",[  6.2   103.417  22.583],355.0,45,2021,7,28
"[32.66036 32.66036 32.66036 32.66036 32.66036 32.66036 32.66036 32.66036
 32.66036 32.66036 32.66036 32.66036]",[  0.9   103.417  22.583],355.0,46,2021,7,28
"[68.07972 68.07972 68.07972 68.07972 68.07972 68.07972 68.07972 68.07972
 68.07972 68.07972 68.07972 68.07972]",[ 68.8   103.417  22.583],355.0,7,2018,8,1
"[66.95753 66.95753 66.95753 66.95753 66.95753 66.95753 66.95753 66.95753
 66.95753 66.95753 66.95753 66.95753]",[ 68.    103.417  22.583],355.0,8,2018,8,1
"[66.55674 66.55674 66.55674 66.55674 66.55674 66.55674 66.55674 66.55674
 66.55674 66.55674 66.55674 66.55674]",[ 62.5   103.417  22.583],355.0,9,2018,8,1
"[59.209038 59.209038 59.209038 59.209038 59.209038 59.209038 59.209038
 59.209038 59.209038 59.209038 59.209038 59.209038]",[ 34.9   103.417  22.583],355.0,10,2018,8,1
"[46.437412 46.437412 46.437412 46.437412 46.437412 46.437412 46.437412
 46.437412 46.437412 46.437412 46.437412 46.437412]",[ 33.2   103.417  22.583],355.0,11,2018,8,1
"[43.925842 43.925842 43.925842 43.925842 43.925842 43.925842 43.925842
 43.925842 43.925842 43.925842 43.925842 43.925842]",[ 27.    103.417  22.583],355.0,12,2018,8,1
"[53.571365 53.571365 53.571365 53.571365 53.571365 53.571365 53.571365
 53.571365 53.571365 53.571365 53.571365 53.571365]",[ 23.4   103.417  22.583],355.0,13,2018,8,1
"[55.81575 55.81575 55.81575 55.81575 55.81575 55.81575 55.81575 55.81575
 55.81575 55.81575 55.81575 55.81575]",[ 24.9   103.417  22.583],355.0,14,2018,8,1
"[61.66719 61.66719 61.66719 61.66719 61.66719 61.66719 61.66719 61.66719
 61.66719 61.66719 61.66719 61.66719]",[ 66.7   103.417  22.583],355.0,15,2018,8,1
"[133.88834 133.88834 133.88834 133.88834 133.88834 133.88834 133.88834
 133.88834 133.88834 133.88834 133.88834 133.88834]",[ 79.7   103.417  22.583],355.0,16,2018,8,1
"[153.12595 153.12595 153.12595 153.12595 153.12595 153.12595 153.12595
 153.12595 153.12595 153.12595 153.12595 153.12595]",[ 79.3   103.417  22.583],355.0,17,2018,8,1
"[168.14194 168.14194 168.14194 168.14194 168.14194 168.14194 168.14194
 168.14194 168.14194 168.14194 168.14194 168.14194]",[ 75.8   103.417  22.583],355.0,18,2018,8,1
"[187.99408 187.99408 187.99408 187.99408 187.99408 187.99408 187.99408
 187.99408 187.99408 187.99408 187.99408 187.99408]",[ 78.5   103.417  22.583],355.0,19,2018,8,1
"[185.99016 185.99016 185.99016 185.99016 185.99016 185.99016 185.99016
 185.99016 185.99016 185.99016 185.99016 185.99016]",[ 78.5   103.417  22.583],355.0,20,2018,8,1
"[191.4141 191.4141 191.4141 191.4141 191.4141 191.4141 191.4141 191.4141
 191.4141 191.4141 191.4141 191.4141]",[120.4   103.417  22.583],355.0,21,2018,8,1
"[192.16223 192.16223 192.16223 192.16223 192.16223 192.16223 192.16223
 192.16223 192.16223 192.16223 192.16223 192.16223]",[ 68.1   103.417  22.583],355.0,22,2018,8,1
"[133.91505 133.91505 133.91505 133.91505 133.91505 133.91505 133.91505
 133.91505 133.91505 133.91505 133.91505 133.91505]",[ 58.8   103.417  22.583],355.0,23,2018,8,1
"[130.65535 130.65535 130.65535 130.65535 130.65535 130.65535 130.65535
 130.65535 130.65535 130.65535 130.65535 130.65535]",[ 65.1   103.417  22.583],355.0,24,2018,8,1
"[125.204704 125.204704 125.204704 125.204704 125.204704 125.204704
 125.204704 125.204704 125.204704 125.204704 125.204704 125.204704]",[ 65.1   103.417  22.583],355.0,25,2018,8,1
"[99.928635 99.928635 99.928635 99.928635 99.928635 99.928635 99.928635
 99.928635 99.928635 99.928635 99.928635 99.928635]",[ 64.8   103.417  22.583],355.0,26,2018,8,1
"[96.53534 96.53534 96.53534 96.53534 96.53534 96.53534 96.53534 96.53534
 96.53534 96.53534 96.53534 96.53534]",[ 82.    103.417  22.583],355.0,27,2018,8,1
"[107.06258 107.06258 107.06258 107.06258 107.06258 107.06258 107.06258
 107.06258 107.06258 107.06258 107.06258 107.06258]",[ 45.5   103.417  22.583],355.0,28,2018,8,1
"[146.52637 146.52637 146.52637 146.52637 146.52637 146.52637 146.52637
 146.52637 146.52637 146.52637 146.52637 146.52637]",[ 63.8   103.417  22.583],355.0,29,2018,8,1
"[155.29016 155.29016 155.29016 155.29016 155.29016 155.29016 155.29016
 155.29016 155.29016 155.29016 155.29016 155.29016]",[ 99.3   103.417  22.583],355.0,30,2018,8,1
"[162.26378 162.26378 162.26378 162.26378 162.26378 162.26378 162.26378
 162.26378 162.26378 162.26378 162.26378 162.26378]",[ 93.7   103.417  22.583],355.0,31,2018,8,1
"[164.34785 164.34785 164.34785 164.34785 164.34785 164.34785 164.34785
 164.34785 164.34785 164.34785 164.34785 164.34785]",[113.    103.417  22.583],355.0,32,2018,8,1
"[175.46292 175.46292 175.46292 175.46292 175.46292 175.46292 175.46292
 175.46292 175.46292 175.46292 175.46292 175.46292]",[111.2   103.417  22.583],355.0,33,2018,8,1
"[183.69232 183.69232 183.69232 183.69232 183.69232 183.69232 183.69232
 183.69232 183.69232 183.69232 183.69232 183.69232]",[ 95.4   103.417  22.583],355.0,34,2018,8,1
"[217.78564 217.78564 217.78564 217.78564 217.78564 217.78564 217.78564
 217.78564 217.78564 217.78564 217.78564 217.78564]",[ 86.5   103.417  22.583],355.0,35,2018,8,1
"[186.81844 186.81844 186.81844 186.81844 186.81844 186.81844 186.81844
 186.81844 186.81844 186.81844 186.81844 186.81844]",[ 67.2   103.417  22.583],355.0,36,2018,8,1
"[170.51994 170.51994 170.51994 170.51994 170.51994 170.51994 170.51994
 170.51994 170.51994 170.51994 170.51994 170.51994]",[ 28.5   103.417  22.583],355.0,37,2018,8,1
"[152.53812 152.53812 152.53812 152.53812 152.53812 152.53812 152.53812
 152.53812 152.53812 152.53812 152.53812 152.53812]",[ 29.8   103.417  22.583],355.0,38,2018,8,1
"[140.80853 140.80853 140.80853 140.80853 140.80853 140.80853 140.80853
 140.80853 140.80853 140.80853 140.80853 140.80853]",[ 10.5   103.417  22.583],355.0,39,2018,8,1
"[132.47224 132.47224 132.47224 132.47224 132.47224 132.47224 132.47224
 132.47224 132.47224 132.47224 132.47224 132.47224]",[  4.1   103.417  22.583],355.0,40,2018,8,1
"[119.11279 119.11279 119.11279 119.11279 119.11279 119.11279 119.11279
 119.11279 119.11279 119.11279 119.11279 119.11279]",[  2.7   103.417  22.583],355.0,41,2018,8,1
"[58.941864 58.941864 58.941864 58.941864 58.941864 58.941864 58.941864
 58.941864 58.941864 58.941864 58.941864 58.941864]",[  6.1   103.417  22.583],355.0,42,2018,8,1
"[44.914444 44.914444 44.914444 44.914444 44.914444 44.914444 44.914444
 44.914444 44.914444 44.914444 44.914444 44.914444]",[  6.3   103.417  22.583],355.0,43,2018,8,1
"[42.215836 42.215836 42.215836 42.215836 42.215836 42.215836 42.215836
 42.215836 42.215836 42.215836 42.215836 42.215836]",[  5.8   103.417  22.583],355.0,44,2018,8,1
"[45.288513 45.288513 45.288513 45.288513 45.288513 45.288513 45.288513
 45.288513 45.288513 45.288513 45.288513 45.288513]",[  3.6   103.417  22.583],355.0,45,2018,8,1
"[90.20296 90.20296 90.20296 90.20296 90.20296 90.20296 90.20296 90.20296
 90.20296 90.20296 90.20296 90.20296]",[  3.6   103.417  22.583],355.0,46,2018,8,1
"[282.00903 282.00903 282.00903 282.00903 282.00903 282.00903 282.00903
 282.00903 282.00903 282.00903 282.00903 282.00903]",[ 34.8   103.417  22.583],355.0,7,2019,8,1
"[261.94315 261.94315 261.94315 261.94315 261.94315 261.94315 261.94315
 261.94315 261.94315 261.94315 261.94315 261.94315]",[ 34.8   103.417  22.583],355.0,8,2019,8,1
"[216.68137 216.68137 216.68137 216.68137 216.68137 216.68137 216.68137
 216.68137 216.68137 216.68137 216.68137 216.68137]",[ 15.    103.417  22.583],355.0,9,2019,8,1
"[121.143425 121.143425 121.143425 121.143425 121.143425 121.143425
 121.143425 121.143425 121.143425 121.143425 121.143425 121.143425]",[  6.6   103.417  22.583],355.0,10,2019,8,1
"[62.575634 62.575634 62.575634 62.575634 62.575634 62.575634 62.575634
 62.575634 62.575634 62.575634 62.575634 62.575634]",[  4.7   103.417  22.583],355.0,11,2019,8,1
"[45.47555 45.47555 45.47555 45.47555 45.47555 45.47555 45.47555 45.47555
 45.47555 45.47555 45.47555 45.47555]",[  4.7   103.417  22.583],355.0,12,2019,8,1
"[26.745607 26.745607 26.745607 26.745607 26.745607 26.745607 26.745607
 26.745607 26.745607 26.745607 26.745607 26.745607]",[  4.7   103.417  22.583],355.0,13,2019,8,1
"[34.41393 34.41393 34.41393 34.41393 34.41393 34.41393 34.41393 34.41393
 34.41393 34.41393 34.41393 34.41393]",[  1.4   103.417  22.583],355.0,14,2019,8,1
"[41.57459 41.57459 41.57459 41.57459 41.57459 41.57459 41.57459 41.57459
 41.57459 41.57459 41.57459 41.57459]",[  1.4   103.417  22.583],355.0,15,2019,8,1
"[46.62446 46.62446 46.62446 46.62446 46.62446 46.62446 46.62446 46.62446
 46.62446 46.62446 46.62446 46.62446]",[  1.4   103.417  22.583],355.0,16,2019,8,1
"[46.090073 46.090073 46.090073 46.090073 46.090073 46.090073 46.090073
 46.090073 46.090073 46.090073 46.090073 46.090073]",[  1.4   103.417  22.583],355.0,17,2019,8,1
"[44.72741 44.72741 44.72741 44.72741 44.72741 44.72741 44.72741 44.72741
 44.72741 44.72741 44.72741 44.72741]",[  0.    103.417  22.583],355.0,18,2019,8,1
"[50.124622 50.124622 50.124622 50.124622 50.124622 50.124622 50.124622
 50.124622 50.124622 50.124622 50.124622 50.124622]",[  0.    103.417  22.583],355.0,19,2019,8,1
"[53.758392 53.758392 53.758392 53.758392 53.758392 53.758392 53.758392
 53.758392 53.758392 53.758392 53.758392 53.758392]",[  0.    103.417  22.583],355.0,20,2019,8,1
"[55.57528 55.57528 55.57528 55.57528 55.57528 55.57528 55.57528 55.57528
 55.57528 55.57528 55.57528 55.57528]",[  0.    103.417  22.583],355.0,21,2019,8,1
"[54.880585 54.880585 54.880585 54.880585 54.880585 54.880585 54.880585
 54.880585 54.880585 54.880585 54.880585 54.880585]",[  0.    103.417  22.583],355.0,22,2019,8,1
"[49.21618 49.21618 49.21618 49.21618 49.21618 49.21618 49.21618 49.21618
 49.21618 49.21618 49.21618 49.21618]",[  0.    103.417  22.583],355.0,23,2019,8,1
"[53.838547 53.838547 53.838547 53.838547 53.838547 53.838547 53.838547
 53.838547 53.838547 53.838547 53.838547 53.838547]",[  0.    103.417  22.583],355.0,24,2019,8,1
"[57.8731 57.8731 57.8731 57.8731 57.8731 57.8731 57.8731 57.8731 57.8731
 57.8731 57.8731 57.8731]",[  0.    103.417  22.583],355.0,25,2019,8,1
"[53.43777 53.43777 53.43777 53.43777 53.43777 53.43777 53.43777 53.43777
 53.43777 53.43777 53.43777 53.43777]",[ 15.3   103.417  22.583],355.0,26,2019,8,1
"[46.67789 46.67789 46.67789 46.67789 46.67789 46.67789 46.67789 46.67789
 46.67789 46.67789 46.67789 46.67789]",[ 17.1   103.417  22.583],355.0,27,2019,8,1
"[37.005653 37.005653 37.005653 37.005653 37.005653 37.005653 37.005653
 37.005653 37.005653 37.005653 37.005653 37.005653]",[ 17.1   103.417  22.583],355.0,28,2019,8,1
"[30.646555 30.646555 30.646555 30.646555 30.646555 30.646555 30.646555
 30.646555 30.646555 30.646555 30.646555 30.646555]",[ 17.6   103.417  22.583],355.0,29,2019,8,1
"[36.257523 36.257523 36.257523 36.257523 36.257523 36.257523 36.257523
 36.257523 36.257523 36.257523 36.257523 36.257523]",[ 24.4   103.417  22.583],355.0,30,2019,8,1
"[34.41392 34.41392 34.41392 34.41392 34.41392 34.41392 34.41392 34.41392
 34.41392 34.41392 34.41392 34.41392]",[ 35.7   103.417  22.583],355.0,31,2019,8,1
"[31.234375 31.234375 31.234375 31.234375 31.234375 31.234375 31.234375
 31.234375 31.234375 31.234375 31.234375 31.234375]",[ 35.7   103.417  22.583],355.0,32,2019,8,1
"[30.219057 30.219057 30.219057 30.219057 30.219057 30.219057 30.219057
 30.219057 30.219057 30.219057 30.219057 30.219057]",[ 20.4   103.417  22.583],355.0,33,2019,8,1
"[30.352652 30.352652 30.352652 30.352652 30.352652 30.352652 30.352652
 30.352652 30.352652 30.352652 30.352652 30.352652]",[ 18.6   103.417  22.583],355.0,34,2019,8,1
"[29.978586 29.978586 29.978586 29.978586 29.978586 29.978586 29.978586
 29.978586 29.978586 29.978586 29.978586 29.978586]",[ 18.6   103.417  22.583],355.0,35,2019,8,1
"[28.669361 28.669361 28.669361 28.669361 28.669361 28.669361 28.669361
 28.669361 28.669361 28.669361 28.669361 28.669361]",[ 18.1   103.417  22.583],355.0,36,2019,8,1
"[20.60026 20.60026 20.60026 20.60026 20.60026 20.60026 20.60026 20.60026
 20.60026 20.60026 20.60026 20.60026]",[ 11.3   103.417  22.583],355.0,37,2019,8,1
"[29.12358 29.12358 29.12358 29.12358 29.12358 29.12358 29.12358 29.12358
 29.12358 29.12358 29.12358 29.12358]",[  0.    103.417  22.583],355.0,38,2019,8,1
"[99.207214 99.207214 99.207214 99.207214 99.207214 99.207214 99.207214
 99.207214 99.207214 99.207214 99.207214 99.207214]",[  0.    103.417  22.583],355.0,39,2019,8,1
"[133.75473 133.75473 133.75473 133.75473 133.75473 133.75473 133.75473
 133.75473 133.75473 133.75473 133.75473 133.75473]",[ 24.4   103.417  22.583],355.0,40,2019,8,1
"[145.21713 145.21713 145.21713 145.21713 145.21713 145.21713 145.21713
 145.21713 145.21713 145.21713 145.21713 145.21713]",[ 52.2   103.417  22.583],355.0,41,2019,8,1
"[146.98059 146.98059 146.98059 146.98059 146.98059 146.98059 146.98059
 146.98059 146.98059 146.98059 146.98059 146.98059]",[ 52.2   103.417  22.583],355.0,42,2019,8,1
"[149.19826 149.19826 149.19826 149.19826 149.19826 149.19826 149.19826
 149.19826 149.19826 149.19826 149.19826 149.19826]",[ 52.2   103.417  22.583],355.0,43,2019,8,1
"[149.01123 149.01123 149.01123 149.01123 149.01123 149.01123 149.01123
 149.01123 149.01123 149.01123 149.01123 149.01123]",[ 52.2   103.417  22.583],355.0,44,2019,8,1
"[138.45728 138.45728 138.45728 138.45728 138.45728 138.45728 138.45728
 138.45728 138.45728 138.45728 138.45728 138.45728]",[ 52.2   103.417  22.583],355.0,45,2019,8,1
"[67.09112 67.09112 67.09112 67.09112 67.09112 67.09112 67.09112 67.09112
 67.09112 67.09112 67.09112 67.09112]",[ 52.2   103.417  22.583],355.0,46,2019,8,1
"[202.44897 202.44897 202.44897 202.44897 202.44897 202.44897 202.44897
 202.44897 202.44897 202.44897 202.44897 202.44897]",[ 47.1   103.417  22.583],355.0,7,2020,8,1
"[157.40092 157.40092 157.40092 157.40092 157.40092 157.40092 157.40092
 157.40092 157.40092 157.40092 157.40092 157.40092]",[ 44.    103.417  22.583],355.0,8,2020,8,1
"[102.57379 102.57379 102.57379 102.57379 102.57379 102.57379 102.57379
 102.57379 102.57379 102.57379 102.57379 102.57379]",[ 40.8   103.417  22.583],355.0,9,2020,8,1
"[89.53499 89.53499 89.53499 89.53499 89.53499 89.53499 89.53499 89.53499
 89.53499 89.53499 89.53499 89.53499]",[ 38.8   103.417  22.583],355.0,10,2020,8,1
"[95.57344 95.57344 95.57344 95.57344 95.57344 95.57344 95.57344 95.57344
 95.57344 95.57344 95.57344 95.57344]",[ 15.9   103.417  22.583],355.0,11,2020,8,1
"[85.84777 85.84777 85.84777 85.84777 85.84777 85.84777 85.84777 85.84777
 85.84777 85.84777 85.84777 85.84777]",[ 19.7   103.417  22.583],355.0,12,2020,8,1
"[87.79825 87.79825 87.79825 87.79825 87.79825 87.79825 87.79825 87.79825
 87.79825 87.79825 87.79825 87.79825]",[ 22.9   103.417  22.583],355.0,13,2020,8,1
"[94.477974 94.477974 94.477974 94.477974 94.477974 94.477974 94.477974
 94.477974 94.477974 94.477974 94.477974 94.477974]",[ 56.2   103.417  22.583],355.0,14,2020,8,1
"[100.03549 100.03549 100.03549 100.03549 100.03549 100.03549 100.03549
 100.03549 100.03549 100.03549 100.03549 100.03549]",[103.2   103.417  22.583],355.0,15,2020,8,1
"[95.03906 95.03906 95.03906 95.03906 95.03906 95.03906 95.03906 95.03906
 95.03906 95.03906 95.03906 95.03906]",[123.5   103.417  22.583],355.0,16,2020,8,1
"[88.092155 88.092155 88.092155 88.092155 88.092155 88.092155 88.092155
 88.092155 88.092155 88.092155 88.092155 88.092155]",[135.8   103.417  22.583],355.0,17,2020,8,1
"[60.865612 60.865612 60.865612 60.865612 60.865612 60.865612 60.865612
 60.865612 60.865612 60.865612 60.865612 60.865612]",[137.1   103.417  22.583],355.0,18,2020,8,1
"[45.822884 45.822884 45.822884 45.822884 45.822884 45.822884 45.822884
 45.822884 45.822884 45.822884 45.822884 45.822884]",[124.    103.417  22.583],355.0,19,2020,8,1
"[32.917667 32.917667 32.917667 32.917667 32.917667 32.917667 32.917667
 32.917667 32.917667 32.917667 32.917667 32.917667]",[114.2   103.417  22.583],355.0,20,2020,8,1
"[23.672932 23.672932 23.672932 23.672932 23.672932 23.672932 23.672932
 23.672932 23.672932 23.672932 23.672932 23.672932]",[ 80.9   103.417  22.583],355.0,21,2020,8,1
"[18.168842 18.168842 18.168842 18.168842 18.168842 18.168842 18.168842
 18.168842 18.168842 18.168842 18.168842 18.168842]",[ 33.9   103.417  22.583],355.0,22,2020,8,1
"[22.817928 22.817928 22.817928 22.817928 22.817928 22.817928 22.817928
 22.817928 22.817928 22.817928 22.817928 22.817928]",[ 13.6   103.417  22.583],355.0,23,2020,8,1
"[31.020624 31.020624 31.020624 31.020624 31.020624 31.020624 31.020624
 31.020624 31.020624 31.020624 31.020624 31.020624]",[  1.3   103.417  22.583],355.0,24,2020,8,1
"[38.288162 38.288162 38.288162 38.288162 38.288162 38.288162 38.288162
 38.288162 38.288162 38.288162 38.288162 38.288162]",[  0.    103.417  22.583],355.0,25,2020,8,1
"[56.457005 56.457005 56.457005 56.457005 56.457005 56.457005 56.457005
 56.457005 56.457005 56.457005 56.457005 56.457005]",[  0.    103.417  22.583],355.0,26,2020,8,1
"[63.377197 63.377197 63.377197 63.377197 63.377197 63.377197 63.377197
 63.377197 63.377197 63.377197 63.377197 63.377197]",[  0.    103.417  22.583],355.0,27,2020,8,1
"[69.68285 69.68285 69.68285 69.68285 69.68285 69.68285 69.68285 69.68285
 69.68285 69.68285 69.68285 69.68285]",[  0.    103.417  22.583],355.0,28,2020,8,1
"[74.19834 74.19834 74.19834 74.19834 74.19834 74.19834 74.19834 74.19834
 74.19834 74.19834 74.19834 74.19834]",[  0.    103.417  22.583],355.0,29,2020,8,1
"[80.530716 80.530716 80.530716 80.530716 80.530716 80.530716 80.530716
 80.530716 80.530716 80.530716 80.530716 80.530716]",[ 10.8   103.417  22.583],355.0,30,2020,8,1
"[72.54178 72.54178 72.54178 72.54178 72.54178 72.54178 72.54178 72.54178
 72.54178 72.54178 72.54178 72.54178]",[ 10.8   103.417  22.583],355.0,31,2020,8,1
"[66.476585 66.476585 66.476585 66.476585 66.476585 66.476585 66.476585
 66.476585 66.476585 66.476585 66.476585 66.476585]",[ 10.8   103.417  22.583],355.0,32,2020,8,1
"[48.334465 48.334465 48.334465 48.334465 48.334465 48.334465 48.334465
 48.334465 48.334465 48.334465 48.334465 48.334465]",[ 10.8   103.417  22.583],355.0,33,2020,8,1
"[46.330547 46.330547 46.330547 46.330547 46.330547 46.330547 46.330547
 46.330547 46.330547 46.330547 46.330547 46.330547]",[ 10.8   103.417  22.583],355.0,34,2020,8,1
"[66.31627 66.31627 66.31627 66.31627 66.31627 66.31627 66.31627 66.31627
 66.31627 66.31627 66.31627 66.31627]",[ 10.8   103.417  22.583],355.0,35,2020,8,1
"[102.36005 102.36005 102.36005 102.36005 102.36005 102.36005 102.36005
 102.36005 102.36005 102.36005 102.36005 102.36005]",[ 10.8   103.417  22.583],355.0,36,2020,8,1
"[115.639336 115.639336 115.639336 115.639336 115.639336 115.639336
 115.639336 115.639336 115.639336 115.639336 115.639336 115.639336]",[ 34.5   103.417  22.583],355.0,37,2020,8,1
"[130.308 130.308 130.308 130.308 130.308 130.308 130.308 130.308 130.308
 130.308 130.308 130.308]",[ 38.3   103.417  22.583],355.0,38,2020,8,1
"[134.95709 134.95709 134.95709 134.95709 134.95709 134.95709 134.95709
 134.95709 134.95709 134.95709 134.95709 134.95709]",[ 54.5   103.417  22.583],355.0,39,2020,8,1
"[131.18973 131.18973 131.18973 131.18973 131.18973 131.18973 131.18973
 131.18973 131.18973 131.18973 131.18973 131.18973]",[ 71.    103.417  22.583],355.0,40,2020,8,1
"[121.78467 121.78467 121.78467 121.78467 121.78467 121.78467 121.78467
 121.78467 121.78467 121.78467 121.78467 121.78467]",[ 71.    103.417  22.583],355.0,41,2020,8,1
"[94.58485 94.58485 94.58485 94.58485 94.58485 94.58485 94.58485 94.58485
 94.58485 94.58485 94.58485 94.58485]",[ 72.8   103.417  22.583],355.0,42,2020,8,1
"[50.89947 50.89947 50.89947 50.89947 50.89947 50.89947 50.89947 50.89947
 50.89947 50.89947 50.89947 50.89947]",[ 72.8   103.417  22.583],355.0,43,2020,8,1
"[27.146381 27.146381 27.146381 27.146381 27.146381 27.146381 27.146381
 27.146381 27.146381 27.146381 27.146381 27.146381]",[ 38.3   103.417  22.583],355.0,44,2020,8,1
"[20.439945 20.439945 20.439945 20.439945 20.439945 20.439945 20.439945
 20.439945 20.439945 20.439945 20.439945 20.439945]",[ 34.5   103.417  22.583],355.0,45,2020,8,1
"[24.020275 24.020275 24.020275 24.020275 24.020275 24.020275 24.020275
 24.020275 24.020275 24.020275 24.020275 24.020275]",[ 18.3   103.417  22.583],355.0,46,2020,8,1
"[25.676846 25.676846 25.676846 25.676846 25.676846 25.676846 25.676846
 25.676846 25.676846 25.676846 25.676846 25.676846]",[ 33.6   103.417  22.583],355.0,7,2021,8,1
"[14.054132 14.054132 14.054132 14.054132 14.054132 14.054132 14.054132
 14.054132 14.054132 14.054132 14.054132 14.054132]",[ 33.6   103.417  22.583],355.0,8,2021,8,1
"[19.584942 19.584942 19.584942 19.584942 19.584942 19.584942 19.584942
 19.584942 19.584942 19.584942 19.584942 19.584942]",[ 16.3   103.417  22.583],355.0,9,2021,8,1
"[41.628025 41.628025 41.628025 41.628025 41.628025 41.628025 41.628025
 41.628025 41.628025 41.628025 41.628025 41.628025]",[ 74.7   103.417  22.583],355.0,10,2021,8,1
"[59.77015 59.77015 59.77015 59.77015 59.77015 59.77015 59.77015 59.77015
 59.77015 59.77015 59.77015 59.77015]",[ 75.2   103.417  22.583],355.0,11,2021,8,1
"[71.71349 71.71349 71.71349 71.71349 71.71349 71.71349 71.71349 71.71349
 71.71349 71.71349 71.71349 71.71349]",[115.4   103.417  22.583],355.0,12,2021,8,1
"[83.97746 83.97746 83.97746 83.97746 83.97746 83.97746 83.97746 83.97746
 83.97746 83.97746 83.97746 83.97746]",[120.2   103.417  22.583],355.0,13,2021,8,1
"[98.512535 98.512535 98.512535 98.512535 98.512535 98.512535 98.512535
 98.512535 98.512535 98.512535 98.512535 98.512535]",[151.5   103.417  22.583],355.0,14,2021,8,1
"[109.14665 109.14665 109.14665 109.14665 109.14665 109.14665 109.14665
 109.14665 109.14665 109.14665 109.14665 109.14665]",[163.7   103.417  22.583],355.0,15,2021,8,1
"[118.818886 118.818886 118.818886 118.818886 118.818886 118.818886
 118.818886 118.818886 118.818886 118.818886 118.818886 118.818886]",[157.1   103.417  22.583],355.0,16,2021,8,1
"[102.760826 102.760826 102.760826 102.760826 102.760826 102.760826
 102.760826 102.760826 102.760826 102.760826 102.760826 102.760826]",[ 98.7   103.417  22.583],355.0,17,2021,8,1
"[82.454475 82.454475 82.454475 82.454475 82.454475 82.454475 82.454475
 82.454475 82.454475 82.454475 82.454475 82.454475]",[ 98.2   103.417  22.583],355.0,18,2021,8,1
"[70.00347 70.00347 70.00347 70.00347 70.00347 70.00347 70.00347 70.00347
 70.00347 70.00347 70.00347 70.00347]",[ 58.    103.417  22.583],355.0,19,2021,8,1
"[56.269974 56.269974 56.269974 56.269974 56.269974 56.269974 56.269974
 56.269974 56.269974 56.269974 56.269974 56.269974]",[ 53.2   103.417  22.583],355.0,20,2021,8,1
"[38.421757 38.421757 38.421757 38.421757 38.421757 38.421757 38.421757
 38.421757 38.421757 38.421757 38.421757 38.421757]",[ 21.9   103.417  22.583],355.0,21,2021,8,1
"[28.24186 28.24186 28.24186 28.24186 28.24186 28.24186 28.24186 28.24186
 28.24186 28.24186 28.24186 28.24186]",[  9.7   103.417  22.583],355.0,22,2021,8,1
"[12.611312 12.611312 12.611312 12.611312 12.611312 12.611312 12.611312
 12.611312 12.611312 12.611312 12.611312 12.611312]",[  0.    103.417  22.583],355.0,23,2021,8,1
"[18.168842 18.168842 18.168842 18.168842 18.168842 18.168842 18.168842
 18.168842 18.168842 18.168842 18.168842 18.168842]",[  0.    103.417  22.583],355.0,24,2021,8,1
"[22.550741 22.550741 22.550741 22.550741 22.550741 22.550741 22.550741
 22.550741 22.550741 22.550741 22.550741 22.550741]",[ 21.9   103.417  22.583],355.0,25,2021,8,1
"[26.612011 26.612011 26.612011 26.612011 26.612011 26.612011 26.612011
 26.612011 26.612011 26.612011 26.612011 26.612011]",[ 21.9   103.417  22.583],355.0,26,2021,8,1
"[34.013145 34.013145 34.013145 34.013145 34.013145 34.013145 34.013145
 34.013145 34.013145 34.013145 34.013145 34.013145]",[ 21.9   103.417  22.583],355.0,27,2021,8,1
"[44.219757 44.219757 44.219757 44.219757 44.219757 44.219757 44.219757
 44.219757 44.219757 44.219757 44.219757 44.219757]",[ 21.9   103.417  22.583],355.0,28,2021,8,1
"[52.10183 52.10183 52.10183 52.10183 52.10183 52.10183 52.10183 52.10183
 52.10183 52.10183 52.10183 52.10183]",[ 21.9   103.417  22.583],355.0,29,2021,8,1
"[54.693554 54.693554 54.693554 54.693554 54.693554 54.693554 54.693554
 54.693554 54.693554 54.693554 54.693554 54.693554]",[ 21.9   103.417  22.583],355.0,30,2021,8,1
"[44.72741 44.72741 44.72741 44.72741 44.72741 44.72741 44.72741 44.72741
 44.72741 44.72741 44.72741 44.72741]",[ 21.9   103.417  22.583],355.0,31,2021,8,1
"[42.135677 42.135677 42.135677 42.135677 42.135677 42.135677 42.135677
 42.135677 42.135677 42.135677 42.135677 42.135677]",[  0.    103.417  22.583],355.0,32,2021,8,1
"[39.70426 39.70426 39.70426 39.70426 39.70426 39.70426 39.70426 39.70426
 39.70426 39.70426 39.70426 39.70426]",[  8.6   103.417  22.583],355.0,33,2021,8,1
"[39.036285 39.036285 39.036285 39.036285 39.036285 39.036285 39.036285
 39.036285 39.036285 39.036285 39.036285 39.036285]",[  8.6   103.417  22.583],355.0,34,2021,8,1
"[51.193382 51.193382 51.193382 51.193382 51.193382 51.193382 51.193382
 51.193382 51.193382 51.193382 51.193382 51.193382]",[ 13.9   103.417  22.583],355.0,35,2021,8,1
"[50.71244 50.71244 50.71244 50.71244 50.71244 50.71244 50.71244 50.71244
 50.71244 50.71244 50.71244 50.71244]",[ 13.9   103.417  22.583],355.0,36,2021,8,1
"[56.80435 56.80435 56.80435 56.80435 56.80435 56.80435 56.80435 56.80435
 56.80435 56.80435 56.80435 56.80435]",[ 13.9   103.417  22.583],355.0,37,2021,8,1
"[56.644035 56.644035 56.644035 56.644035 56.644035 56.644035 56.644035
 56.644035 56.644035 56.644035 56.644035 56.644035]",[ 14.8   103.417  22.583],355.0,38,2021,8,1
"[55.38825 55.38825 55.38825 55.38825 55.38825 55.38825 55.38825 55.38825
 55.38825 55.38825 55.38825 55.38825]",[ 14.8   103.417  22.583],355.0,39,2021,8,1
"[54.640118 54.640118 54.640118 54.640118 54.640118 54.640118 54.640118
 54.640118 54.640118 54.640118 54.640118 54.640118]",[  6.2   103.417  22.583],355.0,40,2021,8,1
"[63.644382 63.644382 63.644382 63.644382 63.644382 63.644382 63.644382
 63.644382 63.644382 63.644382 63.644382 63.644382]",[  6.2   103.417  22.583],355.0,41,2021,8,1
"[61.880936 61.880936 61.880936 61.880936 61.880936 61.880936 61.880936
 61.880936 61.880936 61.880936 61.880936 61.880936]",[  0.9   103.417  22.583],355.0,42,2021,8,1
"[79.24821 79.24821 79.24821 79.24821 79.24821 79.24821 79.24821 79.24821
 79.24821 79.24821 79.24821 79.24821]",[  0.9   103.417  22.583],355.0,43,2021,8,1
"[74.33193 74.33193 74.33193 74.33193 74.33193 74.33193 74.33193 74.33193
 74.33193 74.33193 74.33193 74.33193]",[  3.3   103.417  22.583],355.0,44,2021,8,1
"[84.99277 84.99277 84.99277 84.99277 84.99277 84.99277 84.99277 84.99277
 84.99277 84.99277 84.99277 84.99277]",[  2.4   103.417  22.583],355.0,45,2021,8,1
"[94.317665 94.317665 94.317665 94.317665 94.317665 94.317665 94.317665
 94.317665 94.317665 94.317665 94.317665 94.317665]",[  2.4   103.417  22.583],355.0,46,2021,8,1
"[61.14326 61.14326 61.14326 61.14326 61.14326 61.14326 61.14326 61.14326
 61.14326 61.14326 61.14326 61.14326]",[ 34.9   103.417  22.583],355.0,7,2018,8,4
"[42.54857 42.54857 42.54857 42.54857 42.54857 42.54857 42.54857 42.54857
 42.54857 42.54857 42.54857 42.54857]",[ 33.2   103.417  22.583],355.0,8,2018,8,4
"[26.200392 26.200392 26.200392 26.200392 26.200392 26.200392 26.200392
 26.200392 26.200392 26.200392 26.200392 26.200392]",[ 27.    103.417  22.583],355.0,9,2018,8,4
"[19.704426 19.704426 19.704426 19.704426 19.704426 19.704426 19.704426
 19.704426 19.704426 19.704426 19.704426 19.704426]",[ 23.4   103.417  22.583],355.0,10,2018,8,4
"[18.459366 18.459366 18.459366 18.459366 18.459366 18.459366 18.459366
 18.459366 18.459366 18.459366 18.459366 18.459366]",[ 24.9   103.417  22.583],355.0,11,2018,8,4
"[100.17317 100.17317 100.17317 100.17317 100.17317 100.17317 100.17317
 100.17317 100.17317 100.17317 100.17317 100.17317]",[ 66.7   103.417  22.583],355.0,12,2018,8,4
"[116.68375 116.68375 116.68375 116.68375 116.68375 116.68375 116.68375
 116.68375 116.68375 116.68375 116.68375 116.68375]",[ 79.7   103.417  22.583],355.0,13,2018,8,4
"[129.4862 129.4862 129.4862 129.4862 129.4862 129.4862 129.4862 129.4862
 129.4862 129.4862 129.4862 129.4862]",[ 79.3   103.417  22.583],355.0,14,2018,8,4
"[147.81024 147.81024 147.81024 147.81024 147.81024 147.81024 147.81024
 147.81024 147.81024 147.81024 147.81024 147.81024]",[ 75.8   103.417  22.583],355.0,15,2018,8,4
"[151.54541 151.54541 151.54541 151.54541 151.54541 151.54541 151.54541
 151.54541 151.54541 151.54541 151.54541 151.54541]",[ 78.5   103.417  22.583],355.0,16,2018,8,4
"[174.95796 174.95796 174.95796 174.95796 174.95796 174.95796 174.95796
 174.95796 174.95796 174.95796 174.95796 174.95796]",[ 78.5   103.417  22.583],355.0,17,2018,8,4
"[202.86353 202.86353 202.86353 202.86353 202.86353 202.86353 202.86353
 202.86353 202.86353 202.86353 202.86353 202.86353]",[120.4   103.417  22.583],355.0,18,2018,8,4
"[149.6237 149.6237 149.6237 149.6237 149.6237 149.6237 149.6237 149.6237
 149.6237 149.6237 149.6237 149.6237]",[ 68.1   103.417  22.583],355.0,19,2018,8,4
"[160.39618 160.39618 160.39618 160.39618 160.39618 160.39618 160.39618
 160.39618 160.39618 160.39618 160.39618 160.39618]",[ 58.8   103.417  22.583],355.0,20,2018,8,4
"[179.99232 179.99232 179.99232 179.99232 179.99232 179.99232 179.99232
 179.99232 179.99232 179.99232 179.99232 179.99232]",[ 65.1   103.417  22.583],355.0,21,2018,8,4
"[219.29291 219.29291 219.29291 219.29291 219.29291 219.29291 219.29291
 219.29291 219.29291 219.29291 219.29291 219.29291]",[ 65.1   103.417  22.583],355.0,22,2018,8,4
"[255.69737 255.69737 255.69737 255.69737 255.69737 255.69737 255.69737
 255.69737 255.69737 255.69737 255.69737 255.69737]",[ 64.8   103.417  22.583],355.0,23,2018,8,4
"[238.42892 238.42892 238.42892 238.42892 238.42892 238.42892 238.42892
 238.42892 238.42892 238.42892 238.42892 238.42892]",[ 82.    103.417  22.583],355.0,24,2018,8,4
"[210.60455 210.60455 210.60455 210.60455 210.60455 210.60455 210.60455
 210.60455 210.60455 210.60455 210.60455 210.60455]",[ 45.5   103.417  22.583],355.0,25,2018,8,4
"[185.67628 185.67628 185.67628 185.67628 185.67628 185.67628 185.67628
 185.67628 185.67628 185.67628 185.67628 185.67628]",[ 63.8   103.417  22.583],355.0,26,2018,8,4
"[176.60901 176.60901 176.60901 176.60901 176.60901 176.60901 176.60901
 176.60901 176.60901 176.60901 176.60901 176.60901]",[ 99.3   103.417  22.583],355.0,27,2018,8,4
"[175.4993 175.4993 175.4993 175.4993 175.4993 175.4993 175.4993 175.4993
 175.4993 175.4993 175.4993 175.4993]",[ 93.7   103.417  22.583],355.0,28,2018,8,4
"[136.5235 136.5235 136.5235 136.5235 136.5235 136.5235 136.5235 136.5235
 136.5235 136.5235 136.5235 136.5235]",[113.    103.417  22.583],355.0,29,2018,8,4
"[107.39993 107.39993 107.39993 107.39993 107.39993 107.39993 107.39993
 107.39993 107.39993 107.39993 107.39993 107.39993]",[111.2   103.417  22.583],355.0,30,2018,8,4
"[99.821304 99.821304 99.821304 99.821304 99.821304 99.821304 99.821304
 99.821304 99.821304 99.821304 99.821304 99.821304]",[ 95.4   103.417  22.583],355.0,31,2018,8,4
"[104.04368 104.04368 104.04368 104.04368 104.04368 104.04368 104.04368
 104.04368 104.04368 104.04368 104.04368 104.04368]",[ 86.5   103.417  22.583],355.0,32,2018,8,4
"[101.797165 101.797165 101.797165 101.797165 101.797165 101.797165
 101.797165 101.797165 101.797165 101.797165 101.797165 101.797165]",[ 67.2   103.417  22.583],355.0,33,2018,8,4
"[81.686745 81.686745 81.686745 81.686745 81.686745 81.686745 81.686745
 81.686745 81.686745 81.686745 81.686745 81.686745]",[ 28.5   103.417  22.583],355.0,34,2018,8,4
"[52.075977 52.075977 52.075977 52.075977 52.075977 52.075977 52.075977
 52.075977 52.075977 52.075977 52.075977 52.075977]",[ 29.8   103.417  22.583],355.0,35,2018,8,4
"[53.889435 53.889435 53.889435 53.889435 53.889435 53.889435 53.889435
 53.889435 53.889435 53.889435 53.889435 53.889435]",[ 10.5   103.417  22.583],355.0,36,2018,8,4
"[57.11035 57.11035 57.11035 57.11035 57.11035 57.11035 57.11035 57.11035
 57.11035 57.11035 57.11035 57.11035]",[  4.1   103.417  22.583],355.0,37,2018,8,4
"[74.51412 74.51412 74.51412 74.51412 74.51412 74.51412 74.51412 74.51412
 74.51412 74.51412 74.51412 74.51412]",[  2.7   103.417  22.583],355.0,38,2018,8,4
"[80.46875 80.46875 80.46875 80.46875 80.46875 80.46875 80.46875 80.46875
 80.46875 80.46875 80.46875 80.46875]",[  6.1   103.417  22.583],355.0,39,2018,8,4
"[86.26099 86.26099 86.26099 86.26099 86.26099 86.26099 86.26099 86.26099
 86.26099 86.26099 86.26099 86.26099]",[  6.3   103.417  22.583],355.0,40,2018,8,4
"[100.76863 100.76863 100.76863 100.76863 100.76863 100.76863 100.76863
 100.76863 100.76863 100.76863 100.76863 100.76863]",[  5.8   103.417  22.583],355.0,41,2018,8,4
"[107.75179 107.75179 107.75179 107.75179 107.75179 107.75179 107.75179
 107.75179 107.75179 107.75179 107.75179 107.75179]",[  3.6   103.417  22.583],355.0,42,2018,8,4
"[94.029076 94.029076 94.029076 94.029076 94.029076 94.029076 94.029076
 94.029076 94.029076 94.029076 94.029076 94.029076]",[  3.6   103.417  22.583],355.0,43,2018,8,4
"[90.077354 90.077354 90.077354 90.077354 90.077354 90.077354 90.077354
 90.077354 90.077354 90.077354 90.077354 90.077354]",[  3.6   103.417  22.583],355.0,44,2018,8,4
"[80.25223 80.25223 80.25223 80.25223 80.25223 80.25223 80.25223 80.25223
 80.25223 80.25223 80.25223 80.25223]",[  7.4   103.417  22.583],355.0,45,2018,8,4
"[70.37294 70.37294 70.37294 70.37294 70.37294 70.37294 70.37294 70.37294
 70.37294 70.37294 70.37294 70.37294]",[  6.3   103.417  22.583],355.0,46,2018,8,4
"[76.89597 76.89597 76.89597 76.89597 76.89597 76.89597 76.89597 76.89597
 76.89597 76.89597 76.89597 76.89597]",[  6.6   103.417  22.583],355.0,7,2019,8,4
"[47.853603 47.853603 47.853603 47.853603 47.853603 47.853603 47.853603
 47.853603 47.853603 47.853603 47.853603 47.853603]",[  4.7   103.417  22.583],355.0,8,2019,8,4
"[39.65245 39.65245 39.65245 39.65245 39.65245 39.65245 39.65245 39.65245
 39.65245 39.65245 39.65245 39.65245]",[  4.7   103.417  22.583],355.0,9,2019,8,4
"[30.6393 30.6393 30.6393 30.6393 30.6393 30.6393 30.6393 30.6393 30.6393
 30.6393 30.6393 30.6393]",[  4.7   103.417  22.583],355.0,10,2019,8,4
"[28.122114 28.122114 28.122114 28.122114 28.122114 28.122114 28.122114
 28.122114 28.122114 28.122114 28.122114 28.122114]",[  1.4   103.417  22.583],355.0,11,2019,8,4
"[71.8616 71.8616 71.8616 71.8616 71.8616 71.8616 71.8616 71.8616 71.8616
 71.8616 71.8616 71.8616]",[  1.4   103.417  22.583],355.0,12,2019,8,4
"[87.53311 87.53311 87.53311 87.53311 87.53311 87.53311 87.53311 87.53311
 87.53311 87.53311 87.53311 87.53311]",[  1.4   103.417  22.583],355.0,13,2019,8,4
"[89.10297 89.10297 89.10297 89.10297 89.10297 89.10297 89.10297 89.10297
 89.10297 89.10297 89.10297 89.10297]",[  1.4   103.417  22.583],355.0,14,2019,8,4
"[82.6882 82.6882 82.6882 82.6882 82.6882 82.6882 82.6882 82.6882 82.6882
 82.6882 82.6882 82.6882]",[  0.    103.417  22.583],355.0,15,2019,8,4
"[80.03569 80.03569 80.03569 80.03569 80.03569 80.03569 80.03569 80.03569
 80.03569 80.03569 80.03569 80.03569]",[  0.    103.417  22.583],355.0,16,2019,8,4
"[94.7328 94.7328 94.7328 94.7328 94.7328 94.7328 94.7328 94.7328 94.7328
 94.7328 94.7328 94.7328]",[  0.    103.417  22.583],355.0,17,2019,8,4
"[99.76718 99.76718 99.76718 99.76718 99.76718 99.76718 99.76718 99.76718
 99.76718 99.76718 99.76718 99.76718]",[  0.    103.417  22.583],355.0,18,2019,8,4
"[59.30274 59.30274 59.30274 59.30274 59.30274 59.30274 59.30274 59.30274
 59.30274 59.30274 59.30274 59.30274]",[  0.    103.417  22.583],355.0,19,2019,8,4
"[51.75118 51.75118 51.75118 51.75118 51.75118 51.75118 51.75118 51.75118
 51.75118 51.75118 51.75118 51.75118]",[  0.    103.417  22.583],355.0,20,2019,8,4
"[62.171783 62.171783 62.171783 62.171783 62.171783 62.171783 62.171783
 62.171783 62.171783 62.171783 62.171783 62.171783]",[  0.    103.417  22.583],355.0,21,2019,8,4
"[71.23907 71.23907 71.23907 71.23907 71.23907 71.23907 71.23907 71.23907
 71.23907 71.23907 71.23907 71.23907]",[  0.    103.417  22.583],355.0,22,2019,8,4
"[89.0759 89.0759 89.0759 89.0759 89.0759 89.0759 89.0759 89.0759 89.0759
 89.0759 89.0759 89.0759]",[ 15.3   103.417  22.583],355.0,23,2019,8,4
"[98.14318 98.14318 98.14318 98.14318 98.14318 98.14318 98.14318 98.14318
 98.14318 98.14318 98.14318 98.14318]",[ 17.1   103.417  22.583],355.0,24,2019,8,4
"[102.12197 102.12197 102.12197 102.12197 102.12197 102.12197 102.12197
 102.12197 102.12197 102.12197 102.12197 102.12197]",[ 17.1   103.417  22.583],355.0,25,2019,8,4
"[103.44823 103.44823 103.44823 103.44823 103.44823 103.44823 103.44823
 103.44823 103.44823 103.44823 103.44823 103.44823]",[ 17.6   103.417  22.583],355.0,26,2019,8,4
"[97.00639 97.00639 97.00639 97.00639 97.00639 97.00639 97.00639 97.00639
 97.00639 97.00639 97.00639 97.00639]",[ 24.4   103.417  22.583],355.0,27,2019,8,4
"[84.20393 84.20393 84.20393 84.20393 84.20393 84.20393 84.20393 84.20393
 84.20393 84.20393 84.20393 84.20393]",[ 35.7   103.417  22.583],355.0,28,2019,8,4
"[78.54703 78.54703 78.54703 78.54703 78.54703 78.54703 78.54703 78.54703
 78.54703 78.54703 78.54703 78.54703]",[ 35.7   103.417  22.583],355.0,29,2019,8,4
"[76.76064 76.76064 76.76064 76.76064 76.76064 76.76064 76.76064 76.76064
 76.76064 76.76064 76.76064 76.76064]",[ 20.4   103.417  22.583],355.0,30,2019,8,4
"[100.57918 100.57918 100.57918 100.57918 100.57918 100.57918 100.57918
 100.57918 100.57918 100.57918 100.57918 100.57918]",[ 18.6   103.417  22.583],355.0,31,2019,8,4
"[127.37503 127.37503 127.37503 127.37503 127.37503 127.37503 127.37503
 127.37503 127.37503 127.37503 127.37503 127.37503]",[ 18.6   103.417  22.583],355.0,32,2019,8,4
"[130.48767 130.48767 130.48767 130.48767 130.48767 130.48767 130.48767
 130.48767 130.48767 130.48767 130.48767 130.48767]",[ 18.1   103.417  22.583],355.0,33,2019,8,4
"[123.15265 123.15265 123.15265 123.15265 123.15265 123.15265 123.15265
 123.15265 123.15265 123.15265 123.15265 123.15265]",[ 11.3   103.417  22.583],355.0,34,2019,8,4
"[120.25653 120.25653 120.25653 120.25653 120.25653 120.25653 120.25653
 120.25653 120.25653 120.25653 120.25653 120.25653]",[  0.    103.417  22.583],355.0,35,2019,8,4
"[146.88998 146.88998 146.88998 146.88998 146.88998 146.88998 146.88998
 146.88998 146.88998 146.88998 146.88998 146.88998]",[  0.    103.417  22.583],355.0,36,2019,8,4
"[161.12697 161.12697 161.12697 161.12697 161.12697 161.12697 161.12697
 161.12697 161.12697 161.12697 161.12697 161.12697]",[ 24.4   103.417  22.583],355.0,37,2019,8,4
"[132.65298 132.65298 132.65298 132.65298 132.65298 132.65298 132.65298
 132.65298 132.65298 132.65298 132.65298 132.65298]",[ 52.2   103.417  22.583],355.0,38,2019,8,4
"[122.36772 122.36772 122.36772 122.36772 122.36772 122.36772 122.36772
 122.36772 122.36772 122.36772 122.36772 122.36772]",[ 52.2   103.417  22.583],355.0,39,2019,8,4
"[140.17749 140.17749 140.17749 140.17749 140.17749 140.17749 140.17749
 140.17749 140.17749 140.17749 140.17749 140.17749]",[ 52.2   103.417  22.583],355.0,40,2019,8,4
"[160.53151 160.53151 160.53151 160.53151 160.53151 160.53151 160.53151
 160.53151 160.53151 160.53151 160.53151 160.53151]",[ 52.2   103.417  22.583],355.0,41,2019,8,4
"[174.6061 174.6061 174.6061 174.6061 174.6061 174.6061 174.6061 174.6061
 174.6061 174.6061 174.6061 174.6061]",[ 52.2   103.417  22.583],355.0,42,2019,8,4
"[151.00409 151.00409 151.00409 151.00409 151.00409 151.00409 151.00409
 151.00409 151.00409 151.00409 151.00409 151.00409]",[ 52.2   103.417  22.583],355.0,43,2019,8,4
"[145.94266 145.94266 145.94266 145.94266 145.94266 145.94266 145.94266
 145.94266 145.94266 145.94266 145.94266 145.94266]",[ 27.8   103.417  22.583],355.0,44,2019,8,4
"[137.63322 137.63322 137.63322 137.63322 137.63322 137.63322 137.63322
 137.63322 137.63322 137.63322 137.63322 137.63322]",[  0.    103.417  22.583],355.0,45,2019,8,4
"[136.2799 136.2799 136.2799 136.2799 136.2799 136.2799 136.2799 136.2799
 136.2799 136.2799 136.2799 136.2799]",[  0.    103.417  22.583],355.0,46,2019,8,4
"[100.33557 100.33557 100.33557 100.33557 100.33557 100.33557 100.33557
 100.33557 100.33557 100.33557 100.33557 100.33557]",[ 38.8   103.417  22.583],355.0,7,2020,8,4
"[71.18494 71.18494 71.18494 71.18494 71.18494 71.18494 71.18494 71.18494
 71.18494 71.18494 71.18494 71.18494]",[ 15.9   103.417  22.583],355.0,8,2020,8,4
"[43.522957 43.522957 43.522957 43.522957 43.522957 43.522957 43.522957
 43.522957 43.522957 43.522957 43.522957 43.522957]",[ 19.7   103.417  22.583],355.0,9,2020,8,4
"[31.424229 31.424229 31.424229 31.424229 31.424229 31.424229 31.424229
 31.424229 31.424229 31.424229 31.424229 31.424229]",[ 22.9   103.417  22.583],355.0,10,2020,8,4
"[25.38839 25.38839 25.38839 25.38839 25.38839 25.38839 25.38839 25.38839
 25.38839 25.38839 25.38839 25.38839]",[ 56.2   103.417  22.583],355.0,11,2020,8,4
"[18.513494 18.513494 18.513494 18.513494 18.513494 18.513494 18.513494
 18.513494 18.513494 18.513494 18.513494 18.513494]",[103.2   103.417  22.583],355.0,12,2020,8,4
"[23.87267 23.87267 23.87267 23.87267 23.87267 23.87267 23.87267 23.87267
 23.87267 23.87267 23.87267 23.87267]",[123.5   103.417  22.583],355.0,13,2020,8,4
"[31.045296 31.045296 31.045296 31.045296 31.045296 31.045296 31.045296
 31.045296 31.045296 31.045296 31.045296 31.045296]",[135.8   103.417  22.583],355.0,14,2020,8,4
"[45.20108 45.20108 45.20108 45.20108 45.20108 45.20108 45.20108 45.20108
 45.20108 45.20108 45.20108 45.20108]",[137.1   103.417  22.583],355.0,15,2020,8,4
"[49.315193 49.315193 49.315193 49.315193 49.315193 49.315193 49.315193
 49.315193 49.315193 49.315193 49.315193 49.315193]",[124.    103.417  22.583],355.0,16,2020,8,4
"[55.21569 55.21569 55.21569 55.21569 55.21569 55.21569 55.21569 55.21569
 55.21569 55.21569 55.21569 55.21569]",[114.2   103.417  22.583],355.0,17,2020,8,4
"[65.52803 65.52803 65.52803 65.52803 65.52803 65.52803 65.52803 65.52803
 65.52803 65.52803 65.52803 65.52803]",[ 80.9   103.417  22.583],355.0,18,2020,8,4
"[70.72481 70.72481 70.72481 70.72481 70.72481 70.72481 70.72481 70.72481
 70.72481 70.72481 70.72481 70.72481]",[ 33.9   103.417  22.583],355.0,19,2020,8,4
"[73.16079 73.16079 73.16079 73.16079 73.16079 73.16079 73.16079 73.16079
 73.16079 73.16079 73.16079 73.16079]",[ 13.6   103.417  22.583],355.0,20,2020,8,4
"[73.999855 73.999855 73.999855 73.999855 73.999855 73.999855 73.999855
 73.999855 73.999855 73.999855 73.999855 73.999855]",[  1.3   103.417  22.583],355.0,21,2020,8,4
"[75.56972 75.56972 75.56972 75.56972 75.56972 75.56972 75.56972 75.56972
 75.56972 75.56972 75.56972 75.56972]",[  0.    103.417  22.583],355.0,22,2020,8,4
"[96.16733 96.16733 96.16733 96.16733 96.16733 96.16733 96.16733 96.16733
 96.16733 96.16733 96.16733 96.16733]",[  0.    103.417  22.583],355.0,23,2020,8,4
"[119.98587 119.98587 119.98587 119.98587 119.98587 119.98587 119.98587
 119.98587 119.98587 119.98587 119.98587 119.98587]",[  0.    103.417  22.583],355.0,24,2020,8,4
"[193.49854 193.49854 193.49854 193.49854 193.49854 193.49854 193.49854
 193.49854 193.49854 193.49854 193.49854 193.49854]",[  0.    103.417  22.583],355.0,25,2020,8,4
"[216.07199 216.07199 216.07199 216.07199 216.07199 216.07199 216.07199
 216.07199 216.07199 216.07199 216.07199 216.07199]",[  0.    103.417  22.583],355.0,26,2020,8,4
"[209.79257 209.79257 209.79257 209.79257 209.79257 209.79257 209.79257
 209.79257 209.79257 209.79257 209.79257 209.79257]",[ 10.8   103.417  22.583],355.0,27,2020,8,4
"[204.35222 204.35222 204.35222 204.35222 204.35222 204.35222 204.35222
 204.35222 204.35222 204.35222 204.35222 204.35222]",[ 10.8   103.417  22.583],355.0,28,2020,8,4
"[193.63387 193.63387 193.63387 193.63387 193.63387 193.63387 193.63387
 193.63387 193.63387 193.63387 193.63387 193.63387]",[ 10.8   103.417  22.583],355.0,29,2020,8,4
"[173.6317 173.6317 173.6317 173.6317 173.6317 173.6317 173.6317 173.6317
 173.6317 173.6317 173.6317 173.6317]",[ 10.8   103.417  22.583],355.0,30,2020,8,4
"[146.67345 146.67345 146.67345 146.67345 146.67345 146.67345 146.67345
 146.67345 146.67345 146.67345 146.67345 146.67345]",[ 10.8   103.417  22.583],355.0,31,2020,8,4
"[68.04523 68.04523 68.04523 68.04523 68.04523 68.04523 68.04523 68.04523
 68.04523 68.04523 68.04523 68.04523]",[ 10.8   103.417  22.583],355.0,32,2020,8,4
"[57.922348 57.922348 57.922348 57.922348 57.922348 57.922348 57.922348
 57.922348 57.922348 57.922348 57.922348 57.922348]",[ 10.8   103.417  22.583],355.0,33,2020,8,4
"[71.103745 71.103745 71.103745 71.103745 71.103745 71.103745 71.103745
 71.103745 71.103745 71.103745 71.103745 71.103745]",[ 34.5   103.417  22.583],355.0,34,2020,8,4
"[71.48267 71.48267 71.48267 71.48267 71.48267 71.48267 71.48267 71.48267
 71.48267 71.48267 71.48267 71.48267]",[ 38.3   103.417  22.583],355.0,35,2020,8,4
"[65.44684 65.44684 65.44684 65.44684 65.44684 65.44684 65.44684 65.44684
 65.44684 65.44684 65.44684 65.44684]",[ 54.5   103.417  22.583],355.0,36,2020,8,4
"[64.87844 64.87844 64.87844 64.87844 64.87844 64.87844 64.87844 64.87844
 64.87844 64.87844 64.87844 64.87844]",[ 71.    103.417  22.583],355.0,37,2020,8,4
"[61.819923 61.819923 61.819923 61.819923 61.819923 61.819923 61.819923
 61.819923 61.819923 61.819923 61.819923 61.819923]",[ 71.    103.417  22.583],355.0,38,2020,8,4
"[60.52073 60.52073 60.52073 60.52073 60.52073 60.52073 60.52073 60.52073
 60.52073 60.52073 60.52073 60.52073]",[ 72.8   103.417  22.583],355.0,39,2020,8,4
"[48.44907 48.44907 48.44907 48.44907 48.44907 48.44907 48.44907 48.44907
 48.44907 48.44907 48.44907 48.44907]",[ 72.8   103.417  22.583],355.0,40,2020,8,4
"[36.918728 36.918728 36.918728 36.918728 36.918728 36.918728 36.918728
 36.918728 36.918728 36.918728 36.918728 36.918728]",[ 38.3   103.417  22.583],355.0,41,2020,8,4
"[45.038685 45.038685 45.038685 45.038685 45.038685 45.038685 45.038685
 45.038685 45.038685 45.038685 45.038685 45.038685]",[ 34.5   103.417  22.583],355.0,42,2020,8,4
"[61.982323 61.982323 61.982323 61.982323 61.982323 61.982323 61.982323
 61.982323 61.982323 61.982323 61.982323 61.982323]",[ 18.3   103.417  22.583],355.0,43,2020,8,4
"[74.216385 74.216385 74.216385 74.216385 74.216385 74.216385 74.216385
 74.216385 74.216385 74.216385 74.216385 74.216385]",[  1.8   103.417  22.583],355.0,44,2020,8,4
"[80.06276 80.06276 80.06276 80.06276 80.06276 80.06276 80.06276 80.06276
 80.06276 80.06276 80.06276 80.06276]",[  1.8   103.417  22.583],355.0,45,2020,8,4
"[77.68091 77.68091 77.68091 77.68091 77.68091 77.68091 77.68091 77.68091
 77.68091 77.68091 77.68091 77.68091]",[  0.    103.417  22.583],355.0,46,2020,8,4
"[14.588848 14.588848 14.588848 14.588848 14.588848 14.588848 14.588848
 14.588848 14.588848 14.588848 14.588848 14.588848]",[ 74.7   103.417  22.583],355.0,7,2021,8,4
"[25.686121 25.686121 25.686121 25.686121 25.686121 25.686121 25.686121
 25.686121 25.686121 25.686121 25.686121 25.686121]",[ 75.2   103.417  22.583],355.0,8,2021,8,4
"[25.92972 25.92972 25.92972 25.92972 25.92972 25.92972 25.92972 25.92972
 25.92972 25.92972 25.92972 25.92972]",[115.4   103.417  22.583],355.0,9,2021,8,4
"[37.324722 37.324722 37.324722 37.324722 37.324722 37.324722 37.324722
 37.324722 37.324722 37.324722 37.324722 37.324722]",[120.2   103.417  22.583],355.0,10,2021,8,4
"[72.80892 72.80892 72.80892 72.80892 72.80892 72.80892 72.80892 72.80892
 72.80892 72.80892 72.80892 72.80892]",[151.5   103.417  22.583],355.0,11,2021,8,4
"[80.44168 80.44168 80.44168 80.44168 80.44168 80.44168 80.44168 80.44168
 80.44168 80.44168 80.44168 80.44168]",[163.7   103.417  22.583],355.0,12,2021,8,4
"[77.65383 77.65383 77.65383 77.65383 77.65383 77.65383 77.65383 77.65383
 77.65383 77.65383 77.65383 77.65383]",[157.1   103.417  22.583],355.0,13,2021,8,4
"[70.048134 70.048134 70.048134 70.048134 70.048134 70.048134 70.048134
 70.048134 70.048134 70.048134 70.048134 70.048134]",[ 98.7   103.417  22.583],355.0,14,2021,8,4
"[58.193005 58.193005 58.193005 58.193005 58.193005 58.193005 58.193005
 58.193005 58.193005 58.193005 58.193005 58.193005]",[ 98.2   103.417  22.583],355.0,15,2021,8,4
"[65.58217 65.58217 65.58217 65.58217 65.58217 65.58217 65.58217 65.58217
 65.58217 65.58217 65.58217 65.58217]",[ 58.    103.417  22.583],355.0,16,2021,8,4
"[67.07082 67.07082 67.07082 67.07082 67.07082 67.07082 67.07082 67.07082
 67.07082 67.07082 67.07082 67.07082]",[ 53.2   103.417  22.583],355.0,17,2021,8,4
"[40.193775 40.193775 40.193775 40.193775 40.193775 40.193775 40.193775
 40.193775 40.193775 40.193775 40.193775 40.193775]",[ 21.9   103.417  22.583],355.0,18,2021,8,4
"[32.696346 32.696346 32.696346 32.696346 32.696346 32.696346 32.696346
 32.696346 32.696346 32.696346 32.696346 32.696346]",[  9.7   103.417  22.583],355.0,19,2021,8,4
"[34.672203 34.672203 34.672203 34.672203 34.672203 34.672203 34.672203
 34.672203 34.672203 34.672203 34.672203 34.672203]",[  0.    103.417  22.583],355.0,20,2021,8,4
"[36.51273 36.51273 36.51273 36.51273 36.51273 36.51273 36.51273 36.51273
 36.51273 36.51273 36.51273 36.51273]",[  0.    103.417  22.583],355.0,21,2021,8,4
"[45.30935 45.30935 45.30935 45.30935 45.30935 45.30935 45.30935 45.30935
 45.30935 45.30935 45.30935 45.30935]",[ 21.9   103.417  22.583],355.0,22,2021,8,4
"[44.87628 44.87628 44.87628 44.87628 44.87628 44.87628 44.87628 44.87628
 44.87628 44.87628 44.87628 44.87628]",[ 21.9   103.417  22.583],355.0,23,2021,8,4
"[46.12134 46.12134 46.12134 46.12134 46.12134 46.12134 46.12134 46.12134
 46.12134 46.12134 46.12134 46.12134]",[ 21.9   103.417  22.583],355.0,24,2021,8,4
"[51.426376 51.426376 51.426376 51.426376 51.426376 51.426376 51.426376
 51.426376 51.426376 51.426376 51.426376 51.426376]",[ 21.9   103.417  22.583],355.0,25,2021,8,4
"[71.91573 71.91573 71.91573 71.91573 71.91573 71.91573 71.91573 71.91573
 71.91573 71.91573 71.91573 71.91573]",[ 21.9   103.417  22.583],355.0,26,2021,8,4
"[83.3378 83.3378 83.3378 83.3378 83.3378 83.3378 83.3378 83.3378 83.3378
 83.3378 83.3378 83.3378]",[ 21.9   103.417  22.583],355.0,27,2021,8,4
"[96.24852 96.24852 96.24852 96.24852 96.24852 96.24852 96.24852 96.24852
 96.24852 96.24852 96.24852 96.24852]",[ 21.9   103.417  22.583],355.0,28,2021,8,4
"[107.72472 107.72472 107.72472 107.72472 107.72472 107.72472 107.72472
 107.72472 107.72472 107.72472 107.72472 107.72472]",[  0.    103.417  22.583],355.0,29,2021,8,4
"[108.88859 108.88859 108.88859 108.88859 108.88859 108.88859 108.88859
 108.88859 108.88859 108.88859 108.88859 108.88859]",[  8.6   103.417  22.583],355.0,30,2021,8,4
"[111.974174 111.974174 111.974174 111.974174 111.974174 111.974174
 111.974174 111.974174 111.974174 111.974174 111.974174 111.974174]",[  8.6   103.417  22.583],355.0,31,2021,8,4
"[113.4899 113.4899 113.4899 113.4899 113.4899 113.4899 113.4899 113.4899
 113.4899 113.4899 113.4899 113.4899]",[ 13.9   103.417  22.583],355.0,32,2021,8,4
"[110.89151 110.89151 110.89151 110.89151 110.89151 110.89151 110.89151
 110.89151 110.89151 110.89151 110.89151 110.89151]",[ 13.9   103.417  22.583],355.0,33,2021,8,4
"[114.139496 114.139496 114.139496 114.139496 114.139496 114.139496
 114.139496 114.139496 114.139496 114.139496 114.139496 114.139496]",[ 13.9   103.417  22.583],355.0,34,2021,8,4
"[125.80516 125.80516 125.80516 125.80516 125.80516 125.80516 125.80516
 125.80516 125.80516 125.80516 125.80516 125.80516]",[ 14.8   103.417  22.583],355.0,35,2021,8,4
"[110.35019 110.35019 110.35019 110.35019 110.35019 110.35019 110.35019
 110.35019 110.35019 110.35019 110.35019 110.35019]",[ 14.8   103.417  22.583],355.0,36,2021,8,4
"[115.24922 115.24922 115.24922 115.24922 115.24922 115.24922 115.24922
 115.24922 115.24922 115.24922 115.24922 115.24922]",[  6.2   103.417  22.583],355.0,37,2021,8,4
"[108.86153 108.86153 108.86153 108.86153 108.86153 108.86153 108.86153
 108.86153 108.86153 108.86153 108.86153 108.86153]",[  6.2   103.417  22.583],355.0,38,2021,8,4
"[108.0766 108.0766 108.0766 108.0766 108.0766 108.0766 108.0766 108.0766
 108.0766 108.0766 108.0766 108.0766]",[  0.9   103.417  22.583],355.0,39,2021,8,4
"[96.437996 96.437996 96.437996 96.437996 96.437996 96.437996 96.437996
 96.437996 96.437996 96.437996 96.437996 96.437996]",[  0.9   103.417  22.583],355.0,40,2021,8,4
"[80.49582 80.49582 80.49582 80.49582 80.49582 80.49582 80.49582 80.49582
 80.49582 80.49582 80.49582 80.49582]",[  3.3   103.417  22.583],355.0,41,2021,8,4
"[54.295433 54.295433 54.295433 54.295433 54.295433 54.295433 54.295433
 54.295433 54.295433 54.295433 54.295433 54.295433]",[  2.4   103.417  22.583],355.0,42,2021,8,4
"[50.722652 50.722652 50.722652 50.722652 50.722652 50.722652 50.722652
 50.722652 50.722652 50.722652 50.722652 50.722652]",[  2.4   103.417  22.583],355.0,43,2021,8,4
"[79.98155 79.98155 79.98155 79.98155 79.98155 79.98155 79.98155 79.98155
 79.98155 79.98155 79.98155 79.98155]",[ 22.1   103.417  22.583],355.0,44,2021,8,4
"[123.5857 123.5857 123.5857 123.5857 123.5857 123.5857 123.5857 123.5857
 123.5857 123.5857 123.5857 123.5857]",[ 22.1   103.417  22.583],355.0,45,2021,8,4
"[133.38379 133.38379 133.38379 133.38379 133.38379 133.38379 133.38379
 133.38379 133.38379 133.38379 133.38379 133.38379]",[ 22.1   103.417  22.583],355.0,46,2021,8,4
"[29.304012 29.304012 29.304012 29.304012 29.304012 29.304012 29.304012
 29.304012 29.304012 29.304012 29.304012 29.304012]",[ 24.9   103.417  22.583],355.0,7,2018,8,8
"[71.361595 71.361595 71.361595 71.361595 71.361595 71.361595 71.361595
 71.361595 71.361595 71.361595 71.361595 71.361595]",[ 66.7   103.417  22.583],355.0,8,2018,8,8
"[136.85751 136.85751 136.85751 136.85751 136.85751 136.85751 136.85751
 136.85751 136.85751 136.85751 136.85751 136.85751]",[ 79.7   103.417  22.583],355.0,9,2018,8,8
"[180.13203 180.13203 180.13203 180.13203 180.13203 180.13203 180.13203
 180.13203 180.13203 180.13203 180.13203 180.13203]",[ 79.3   103.417  22.583],355.0,10,2018,8,8
"[192.64221 192.64221 192.64221 192.64221 192.64221 192.64221 192.64221
 192.64221 192.64221 192.64221 192.64221 192.64221]",[ 75.8   103.417  22.583],355.0,11,2018,8,8
"[207.05084 207.05084 207.05084 207.05084 207.05084 207.05084 207.05084
 207.05084 207.05084 207.05084 207.05084 207.05084]",[ 78.5   103.417  22.583],355.0,12,2018,8,8
"[212.13766 212.13766 212.13766 212.13766 212.13766 212.13766 212.13766
 212.13766 212.13766 212.13766 212.13766 212.13766]",[ 78.5   103.417  22.583],355.0,13,2018,8,8
"[221.19174 221.19174 221.19174 221.19174 221.19174 221.19174 221.19174
 221.19174 221.19174 221.19174 221.19174 221.19174]",[120.4   103.417  22.583],355.0,14,2018,8,8
"[187.60408 187.60408 187.60408 187.60408 187.60408 187.60408 187.60408
 187.60408 187.60408 187.60408 187.60408 187.60408]",[ 68.1   103.417  22.583],355.0,15,2018,8,8
"[122.59493 122.59493 122.59493 122.59493 122.59493 122.59493 122.59493
 122.59493 122.59493 122.59493 122.59493 122.59493]",[ 58.8   103.417  22.583],355.0,16,2018,8,8
"[83.19029 83.19029 83.19029 83.19029 83.19029 83.19029 83.19029 83.19029
 83.19029 83.19029 83.19029 83.19029]",[ 65.1   103.417  22.583],355.0,17,2018,8,8
"[66.32344 66.32344 66.32344 66.32344 66.32344 66.32344 66.32344 66.32344
 66.32344 66.32344 66.32344 66.32344]",[ 65.1   103.417  22.583],355.0,18,2018,8,8
"[46.414238 46.414238 46.414238 46.414238 46.414238 46.414238 46.414238
 46.414238 46.414238 46.414238 46.414238 46.414238]",[ 64.8   103.417  22.583],355.0,19,2018,8,8
"[40.889317 40.889317 40.889317 40.889317 40.889317 40.889317 40.889317
 40.889317 40.889317 40.889317 40.889317 40.889317]",[ 82.    103.417  22.583],355.0,20,2018,8,8
"[33.319923 33.319923 33.319923 33.319923 33.319923 33.319923 33.319923
 33.319923 33.319923 33.319923 33.319923 33.319923]",[ 45.5   103.417  22.583],355.0,21,2018,8,8
"[24.48491 24.48491 24.48491 24.48491 24.48491 24.48491 24.48491 24.48491
 24.48491 24.48491 24.48491 24.48491]",[ 63.8   103.417  22.583],355.0,22,2018,8,8
"[25.872225 25.872225 25.872225 25.872225 25.872225 25.872225 25.872225
 25.872225 25.872225 25.872225 25.872225 25.872225]",[ 99.3   103.417  22.583],355.0,23,2018,8,8
"[26.188631 26.188631 26.188631 26.188631 26.188631 26.188631 26.188631
 26.188631 26.188631 26.188631 26.188631 26.188631]",[ 93.7   103.417  22.583],355.0,24,2018,8,8
"[34.70724 34.70724 34.70724 34.70724 34.70724 34.70724 34.70724 34.70724
 34.70724 34.70724 34.70724 34.70724]",[113.    103.417  22.583],355.0,25,2018,8,8
"[50.576187 50.576187 50.576187 50.576187 50.576187 50.576187 50.576187
 50.576187 50.576187 50.576187 50.576187 50.576187]",[111.2   103.417  22.583],355.0,26,2018,8,8
"[56.879955 56.879955 56.879955 56.879955 56.879955 56.879955 56.879955
 56.879955 56.879955 56.879955 56.879955 56.879955]",[ 95.4   103.417  22.583],355.0,27,2018,8,8
"[59.19215 59.19215 59.19215 59.19215 59.19215 59.19215 59.19215 59.19215
 59.19215 59.19215 59.19215 59.19215]",[ 86.5   103.417  22.583],355.0,28,2018,8,8
"[67.90547 67.90547 67.90547 67.90547 67.90547 67.90547 67.90547 67.90547
 67.90547 67.90547 67.90547 67.90547]",[ 67.2   103.417  22.583],355.0,29,2018,8,8
"[76.6918 76.6918 76.6918 76.6918 76.6918 76.6918 76.6918 76.6918 76.6918
 76.6918 76.6918 76.6918]",[ 28.5   103.417  22.583],355.0,30,2018,8,8
"[123.71452 123.71452 123.71452 123.71452 123.71452 123.71452 123.71452
 123.71452 123.71452 123.71452 123.71452 123.71452]",[ 29.8   103.417  22.583],355.0,31,2018,8,8
"[168.20598 168.20598 168.20598 168.20598 168.20598 168.20598 168.20598
 168.20598 168.20598 168.20598 168.20598 168.20598]",[ 10.5   103.417  22.583],355.0,32,2018,8,8
"[157.59424 157.59424 157.59424 157.59424 157.59424 157.59424 157.59424
 157.59424 157.59424 157.59424 157.59424 157.59424]",[  4.1   103.417  22.583],355.0,33,2018,8,8
"[150.75502 150.75502 150.75502 150.75502 150.75502 150.75502 150.75502
 150.75502 150.75502 150.75502 150.75502 150.75502]",[  2.7   103.417  22.583],355.0,34,2018,8,8
"[147.76134 147.76134 147.76134 147.76134 147.76134 147.76134 147.76134
 147.76134 147.76134 147.76134 147.76134 147.76134]",[  6.1   103.417  22.583],355.0,35,2018,8,8
"[137.95277 137.95277 137.95277 137.95277 137.95277 137.95277 137.95277
 137.95277 137.95277 137.95277 137.95277 137.95277]",[  6.3   103.417  22.583],355.0,36,2018,8,8
"[123.20341 123.20341 123.20341 123.20341 123.20341 123.20341 123.20341
 123.20341 123.20341 123.20341 123.20341 123.20341]",[  5.8   103.417  22.583],355.0,37,2018,8,8
"[72.408165 72.408165 72.408165 72.408165 72.408165 72.408165 72.408165
 72.408165 72.408165 72.408165 72.408165 72.408165]",[  3.6   103.417  22.583],355.0,38,2018,8,8
"[19.982222 19.982222 19.982222 19.982222 19.982222 19.982222 19.982222
 19.982222 19.982222 19.982222 19.982222 19.982222]",[  3.6   103.417  22.583],355.0,39,2018,8,8
"[21.320862 21.320862 21.320862 21.320862 21.320862 21.320862 21.320862
 21.320862 21.320862 21.320862 21.320862 21.320862]",[  3.6   103.417  22.583],355.0,40,2018,8,8
"[27.770662 27.770662 27.770662 27.770662 27.770662 27.770662 27.770662
 27.770662 27.770662 27.770662 27.770662 27.770662]",[  7.4   103.417  22.583],355.0,41,2018,8,8
"[28.257439 28.257439 28.257439 28.257439 28.257439 28.257439 28.257439
 28.257439 28.257439 28.257439 28.257439 28.257439]",[  6.3   103.417  22.583],355.0,42,2018,8,8
"[26.943138 26.943138 26.943138 26.943138 26.943138 26.943138 26.943138
 26.943138 26.943138 26.943138 26.943138 26.943138]",[  6.1   103.417  22.583],355.0,43,2018,8,8
"[27.697645 27.697645 27.697645 27.697645 27.697645 27.697645 27.697645
 27.697645 27.697645 27.697645 27.697645 27.697645]",[  6.1   103.417  22.583],355.0,44,2018,8,8
"[31.324137 31.324137 31.324137 31.324137 31.324137 31.324137 31.324137
 31.324137 31.324137 31.324137 31.324137 31.324137]",[  6.1   103.417  22.583],355.0,45,2018,8,8
"[42.836426 42.836426 42.836426 42.836426 42.836426 42.836426 42.836426
 42.836426 42.836426 42.836426 42.836426 42.836426]",[  6.1   103.417  22.583],355.0,46,2018,8,8
"[38.479763 38.479763 38.479763 38.479763 38.479763 38.479763 38.479763
 38.479763 38.479763 38.479763 38.479763 38.479763]",[  1.4   103.417  22.583],355.0,7,2019,8,8
"[23.803421 23.803421 23.803421 23.803421 23.803421 23.803421 23.803421
 23.803421 23.803421 23.803421 23.803421 23.803421]",[  1.4   103.417  22.583],355.0,8,2019,8,8
"[32.346367 32.346367 32.346367 32.346367 32.346367 32.346367 32.346367
 32.346367 32.346367 32.346367 32.346367 32.346367]",[  1.4   103.417  22.583],355.0,9,2019,8,8
"[34.439514 34.439514 34.439514 34.439514 34.439514 34.439514 34.439514
 34.439514 34.439514 34.439514 34.439514 34.439514]",[  1.4   103.417  22.583],355.0,10,2019,8,8
"[34.48819 34.48819 34.48819 34.48819 34.48819 34.48819 34.48819 34.48819
 34.48819 34.48819 34.48819 34.48819]",[  0.    103.417  22.583],355.0,11,2019,8,8
"[38.45543 38.45543 38.45543 38.45543 38.45543 38.45543 38.45543 38.45543
 38.45543 38.45543 38.45543 38.45543]",[  0.    103.417  22.583],355.0,12,2019,8,8
"[44.51581 44.51581 44.51581 44.51581 44.51581 44.51581 44.51581 44.51581
 44.51581 44.51581 44.51581 44.51581]",[  0.    103.417  22.583],355.0,13,2019,8,8
"[43.517914 43.517914 43.517914 43.517914 43.517914 43.517914 43.517914
 43.517914 43.517914 43.517914 43.517914 43.517914]",[  0.    103.417  22.583],355.0,14,2019,8,8
"[42.641716 42.641716 42.641716 42.641716 42.641716 42.641716 42.641716
 42.641716 42.641716 42.641716 42.641716 42.641716]",[  0.    103.417  22.583],355.0,15,2019,8,8
"[38.57712 38.57712 38.57712 38.57712 38.57712 38.57712 38.57712 38.57712
 38.57712 38.57712 38.57712 38.57712]",[  0.    103.417  22.583],355.0,16,2019,8,8
"[39.136917 39.136917 39.136917 39.136917 39.136917 39.136917 39.136917
 39.136917 39.136917 39.136917 39.136917 39.136917]",[  0.    103.417  22.583],355.0,17,2019,8,8
"[39.428978 39.428978 39.428978 39.428978 39.428978 39.428978 39.428978
 39.428978 39.428978 39.428978 39.428978 39.428978]",[  0.    103.417  22.583],355.0,18,2019,8,8
"[42.10626 42.10626 42.10626 42.10626 42.10626 42.10626 42.10626 42.10626
 42.10626 42.10626 42.10626 42.10626]",[ 15.3   103.417  22.583],355.0,19,2019,8,8
"[40.645927 40.645927 40.645927 40.645927 40.645927 40.645927 40.645927
 40.645927 40.645927 40.645927 40.645927 40.645927]",[ 17.1   103.417  22.583],355.0,20,2019,8,8
"[56.368843 56.368843 56.368843 56.368843 56.368843 56.368843 56.368843
 56.368843 56.368843 56.368843 56.368843 56.368843]",[ 17.1   103.417  22.583],355.0,21,2019,8,8
"[60.530792 60.530792 60.530792 60.530792 60.530792 60.530792 60.530792
 60.530792 60.530792 60.530792 60.530792 60.530792]",[ 17.6   103.417  22.583],355.0,22,2019,8,8
"[56.831284 56.831284 56.831284 56.831284 56.831284 56.831284 56.831284
 56.831284 56.831284 56.831284 56.831284 56.831284]",[ 24.4   103.417  22.583],355.0,23,2019,8,8
"[60.65249 60.65249 60.65249 60.65249 60.65249 60.65249 60.65249 60.65249
 60.65249 60.65249 60.65249 60.65249]",[ 35.7   103.417  22.583],355.0,24,2019,8,8
"[62.1615 62.1615 62.1615 62.1615 62.1615 62.1615 62.1615 62.1615 62.1615
 62.1615 62.1615 62.1615]",[ 35.7   103.417  22.583],355.0,25,2019,8,8
"[72.23779 72.23779 72.23779 72.23779 72.23779 72.23779 72.23779 72.23779
 72.23779 72.23779 72.23779 72.23779]",[ 20.4   103.417  22.583],355.0,26,2019,8,8
"[72.213455 72.213455 72.213455 72.213455 72.213455 72.213455 72.213455
 72.213455 72.213455 72.213455 72.213455 72.213455]",[ 18.6   103.417  22.583],355.0,27,2019,8,8
"[57.9022 57.9022 57.9022 57.9022 57.9022 57.9022 57.9022 57.9022 57.9022
 57.9022 57.9022 57.9022]",[ 18.6   103.417  22.583],355.0,28,2019,8,8
"[52.88839 52.88839 52.88839 52.88839 52.88839 52.88839 52.88839 52.88839
 52.88839 52.88839 52.88839 52.88839]",[ 18.1   103.417  22.583],355.0,29,2019,8,8
"[48.190983 48.190983 48.190983 48.190983 48.190983 48.190983 48.190983
 48.190983 48.190983 48.190983 48.190983 48.190983]",[ 11.3   103.417  22.583],355.0,30,2019,8,8
"[41.230064 41.230064 41.230064 41.230064 41.230064 41.230064 41.230064
 41.230064 41.230064 41.230064 41.230064 41.230064]",[  0.    103.417  22.583],355.0,31,2019,8,8
"[40.64593 40.64593 40.64593 40.64593 40.64593 40.64593 40.64593 40.64593
 40.64593 40.64593 40.64593 40.64593]",[  0.    103.417  22.583],355.0,32,2019,8,8
"[46.073494 46.073494 46.073494 46.073494 46.073494 46.073494 46.073494
 46.073494 46.073494 46.073494 46.073494 46.073494]",[ 24.4   103.417  22.583],355.0,33,2019,8,8
"[68.83035 68.83035 68.83035 68.83035 68.83035 68.83035 68.83035 68.83035
 68.83035 68.83035 68.83035 68.83035]",[ 52.2   103.417  22.583],355.0,34,2019,8,8
"[72.992294 72.992294 72.992294 72.992294 72.992294 72.992294 72.992294
 72.992294 72.992294 72.992294 72.992294 72.992294]",[ 52.2   103.417  22.583],355.0,35,2019,8,8
"[80.999794 80.999794 80.999794 80.999794 80.999794 80.999794 80.999794
 80.999794 80.999794 80.999794 80.999794 80.999794]",[ 52.2   103.417  22.583],355.0,36,2019,8,8
"[83.96913 83.96913 83.96913 83.96913 83.96913 83.96913 83.96913 83.96913
 83.96913 83.96913 83.96913 83.96913]",[ 52.2   103.417  22.583],355.0,37,2019,8,8
"[86.962814 86.962814 86.962814 86.962814 86.962814 86.962814 86.962814
 86.962814 86.962814 86.962814 86.962814 86.962814]",[ 52.2   103.417  22.583],355.0,38,2019,8,8
"[107.188416 107.188416 107.188416 107.188416 107.188416 107.188416
 107.188416 107.188416 107.188416 107.188416 107.188416 107.188416]",[ 52.2   103.417  22.583],355.0,39,2019,8,8
"[99.64337 99.64337 99.64337 99.64337 99.64337 99.64337 99.64337 99.64337
 99.64337 99.64337 99.64337 99.64337]",[ 27.8   103.417  22.583],355.0,40,2019,8,8
"[74.08755 74.08755 74.08755 74.08755 74.08755 74.08755 74.08755 74.08755
 74.08755 74.08755 74.08755 74.08755]",[  0.    103.417  22.583],355.0,41,2019,8,8
"[66.61551 66.61551 66.61551 66.61551 66.61551 66.61551 66.61551 66.61551
 66.61551 66.61551 66.61551 66.61551]",[  0.    103.417  22.583],355.0,42,2019,8,8
"[54.446068 54.446068 54.446068 54.446068 54.446068 54.446068 54.446068
 54.446068 54.446068 54.446068 54.446068 54.446068]",[  0.    103.417  22.583],355.0,43,2019,8,8
"[49.115852 49.115852 49.115852 49.115852 49.115852 49.115852 49.115852
 49.115852 49.115852 49.115852 49.115852 49.115852]",[  8.5   103.417  22.583],355.0,44,2019,8,8
"[44.22374 44.22374 44.22374 44.22374 44.22374 44.22374 44.22374 44.22374
 44.22374 44.22374 44.22374 44.22374]",[  8.5   103.417  22.583],355.0,45,2019,8,8
"[18.035109 18.035109 18.035109 18.035109 18.035109 18.035109 18.035109
 18.035109 18.035109 18.035109 18.035109 18.035109]",[  8.5   103.417  22.583],355.0,46,2019,8,8
"[44.24808 44.24808 44.24808 44.24808 44.24808 44.24808 44.24808 44.24808
 44.24808 44.24808 44.24808 44.24808]",[ 56.2   103.417  22.583],355.0,7,2020,8,8
"[48.82379 48.82379 48.82379 48.82379 48.82379 48.82379 48.82379 48.82379
 48.82379 48.82379 48.82379 48.82379]",[103.2   103.417  22.583],355.0,8,2020,8,8
"[59.0948 59.0948 59.0948 59.0948 59.0948 59.0948 59.0948 59.0948 59.0948
 59.0948 59.0948 59.0948]",[123.5   103.417  22.583],355.0,9,2020,8,8
"[68.85469 68.85469 68.85469 68.85469 68.85469 68.85469 68.85469 68.85469
 68.85469 68.85469 68.85469 68.85469]",[135.8   103.417  22.583],355.0,10,2020,8,8
"[86.52472 86.52472 86.52472 86.52472 86.52472 86.52472 86.52472 86.52472
 86.52472 86.52472 86.52472 86.52472]",[137.1   103.417  22.583],355.0,11,2020,8,8
"[83.263306 83.263306 83.263306 83.263306 83.263306 83.263306 83.263306
 83.263306 83.263306 83.263306 83.263306 83.263306]",[124.    103.417  22.583],355.0,12,2020,8,8
"[73.89284 73.89284 73.89284 73.89284 73.89284 73.89284 73.89284 73.89284
 73.89284 73.89284 73.89284 73.89284]",[114.2   103.417  22.583],355.0,13,2020,8,8
"[51.57408 51.57408 51.57408 51.57408 51.57408 51.57408 51.57408 51.57408
 51.57408 51.57408 51.57408 51.57408]",[ 80.9   103.417  22.583],355.0,14,2020,8,8
"[45.440685 45.440685 45.440685 45.440685 45.440685 45.440685 45.440685
 45.440685 45.440685 45.440685 45.440685 45.440685]",[ 33.9   103.417  22.583],355.0,15,2020,8,8
"[45.148617 45.148617 45.148617 45.148617 45.148617 45.148617 45.148617
 45.148617 45.148617 45.148617 45.148617 45.148617]",[ 13.6   103.417  22.583],355.0,16,2020,8,8
"[43.688282 43.688282 43.688282 43.688282 43.688282 43.688282 43.688282
 43.688282 43.688282 43.688282 43.688282 43.688282]",[  1.3   103.417  22.583],355.0,17,2020,8,8
"[33.441616 33.441616 33.441616 33.441616 33.441616 33.441616 33.441616
 33.441616 33.441616 33.441616 33.441616 33.441616]",[  0.    103.417  22.583],355.0,18,2020,8,8
"[35.94852 35.94852 35.94852 35.94852 35.94852 35.94852 35.94852 35.94852
 35.94852 35.94852 35.94852 35.94852]",[  0.    103.417  22.583],355.0,19,2020,8,8
"[42.008896 42.008896 42.008896 42.008896 42.008896 42.008896 42.008896
 42.008896 42.008896 42.008896 42.008896 42.008896]",[  0.    103.417  22.583],355.0,20,2020,8,8
"[50.576183 50.576183 50.576183 50.576183 50.576183 50.576183 50.576183
 50.576183 50.576183 50.576183 50.576183 50.576183]",[  0.    103.417  22.583],355.0,21,2020,8,8
"[62.283184 62.283184 62.283184 62.283184 62.283184 62.283184 62.283184
 62.283184 62.283184 62.283184 62.283184 62.283184]",[  0.    103.417  22.583],355.0,22,2020,8,8
"[58.68103 58.68103 58.68103 58.68103 58.68103 58.68103 58.68103 58.68103
 58.68103 58.68103 58.68103 58.68103]",[ 10.8   103.417  22.583],355.0,23,2020,8,8
"[58.02388 58.02388 58.02388 58.02388 58.02388 58.02388 58.02388 58.02388
 58.02388 58.02388 58.02388 58.02388]",[ 10.8   103.417  22.583],355.0,24,2020,8,8
"[57.512764 57.512764 57.512764 57.512764 57.512764 57.512764 57.512764
 57.512764 57.512764 57.512764 57.512764 57.512764]",[ 10.8   103.417  22.583],355.0,25,2020,8,8
"[58.43764 58.43764 58.43764 58.43764 58.43764 58.43764 58.43764 58.43764
 58.43764 58.43764 58.43764 58.43764]",[ 10.8   103.417  22.583],355.0,26,2020,8,8
"[64.03558 64.03558 64.03558 64.03558 64.03558 64.03558 64.03558 64.03558
 64.03558 64.03558 64.03558 64.03558]",[ 10.8   103.417  22.583],355.0,27,2020,8,8
"[64.54671 64.54671 64.54671 64.54671 64.54671 64.54671 64.54671 64.54671
 64.54671 64.54671 64.54671 64.54671]",[ 10.8   103.417  22.583],355.0,28,2020,8,8
"[56.22281 56.22281 56.22281 56.22281 56.22281 56.22281 56.22281 56.22281
 56.22281 56.22281 56.22281 56.22281]",[ 10.8   103.417  22.583],355.0,29,2020,8,8
"[60.774178 60.774178 60.774178 60.774178 60.774178 60.774178 60.774178
 60.774178 60.774178 60.774178 60.774178 60.774178]",[ 34.5   103.417  22.583],355.0,30,2020,8,8
"[58.121243 58.121243 58.121243 58.121243 58.121243 58.121243 58.121243
 58.121243 58.121243 58.121243 58.121243 58.121243]",[ 38.3   103.417  22.583],355.0,31,2020,8,8
"[53.521194 53.521194 53.521194 53.521194 53.521194 53.521194 53.521194
 53.521194 53.521194 53.521194 53.521194 53.521194]",[ 54.5   103.417  22.583],355.0,32,2020,8,8
"[58.096905 58.096905 58.096905 58.096905 58.096905 58.096905 58.096905
 58.096905 58.096905 58.096905 58.096905 58.096905]",[ 71.    103.417  22.583],355.0,33,2020,8,8
"[57.975212 57.975212 57.975212 57.975212 57.975212 57.975212 57.975212
 57.975212 57.975212 57.975212 57.975212 57.975212]",[ 71.    103.417  22.583],355.0,34,2020,8,8
"[54.54343 54.54343 54.54343 54.54343 54.54343 54.54343 54.54343 54.54343
 54.54343 54.54343 54.54343 54.54343]",[ 72.8   103.417  22.583],355.0,35,2020,8,8
"[52.060863 52.060863 52.060863 52.060863 52.060863 52.060863 52.060863
 52.060863 52.060863 52.060863 52.060863 52.060863]",[ 72.8   103.417  22.583],355.0,36,2020,8,8
"[41.64382 41.64382 41.64382 41.64382 41.64382 41.64382 41.64382 41.64382
 41.64382 41.64382 41.64382 41.64382]",[ 38.3   103.417  22.583],355.0,37,2020,8,8
"[37.60357 37.60357 37.60357 37.60357 37.60357 37.60357 37.60357 37.60357
 37.60357 37.60357 37.60357 37.60357]",[ 34.5   103.417  22.583],355.0,38,2020,8,8
"[35.388733 35.388733 35.388733 35.388733 35.388733 35.388733 35.388733
 35.388733 35.388733 35.388733 35.388733 35.388733]",[ 18.3   103.417  22.583],355.0,39,2020,8,8
"[25.82355 25.82355 25.82355 25.82355 25.82355 25.82355 25.82355 25.82355
 25.82355 25.82355 25.82355 25.82355]",[  1.8   103.417  22.583],355.0,40,2020,8,8
"[14.603327 14.603327 14.603327 14.603327 14.603327 14.603327 14.603327
 14.603327 14.603327 14.603327 14.603327 14.603327]",[  1.8   103.417  22.583],355.0,41,2020,8,8
"[10.636089 10.636089 10.636089 10.636089 10.636089 10.636089 10.636089
 10.636089 10.636089 10.636089 10.636089 10.636089]",[  0.    103.417  22.583],355.0,42,2020,8,8
"[11.293239 11.293239 11.293239 11.293239 11.293239 11.293239 11.293239
 11.293239 11.293239 11.293239 11.293239 11.293239]",[  0.    103.417  22.583],355.0,43,2020,8,8
"[10.952494 10.952494 10.952494 10.952494 10.952494 10.952494 10.952494
 10.952494 10.952494 10.952494 10.952494 10.952494]",[  2.    103.417  22.583],355.0,44,2020,8,8
"[26.164293 26.164293 26.164293 26.164293 26.164293 26.164293 26.164293
 26.164293 26.164293 26.164293 26.164293 26.164293]",[ 21.3   103.417  22.583],355.0,45,2020,8,8
"[67.44303 67.44303 67.44303 67.44303 67.44303 67.44303 67.44303 67.44303
 67.44303 67.44303 67.44303 67.44303]",[ 26.7   103.417  22.583],355.0,46,2020,8,8
"[51.574078 51.574078 51.574078 51.574078 51.574078 51.574078 51.574078
 51.574078 51.574078 51.574078 51.574078 51.574078]",[151.5   103.417  22.583],355.0,7,2021,8,8
"[68.51394 68.51394 68.51394 68.51394 68.51394 68.51394 68.51394 68.51394
 68.51394 68.51394 68.51394 68.51394]",[163.7   103.417  22.583],355.0,8,2021,8,8
"[68.83035 68.83035 68.83035 68.83035 68.83035 68.83035 68.83035 68.83035
 68.83035 68.83035 68.83035 68.83035]",[157.1   103.417  22.583],355.0,9,2021,8,8
"[67.589066 67.589066 67.589066 67.589066 67.589066 67.589066 67.589066
 67.589066 67.589066 67.589066 67.589066 67.589066]",[ 98.7   103.417  22.583],355.0,10,2021,8,8
"[77.39764 77.39764 77.39764 77.39764 77.39764 77.39764 77.39764 77.39764
 77.39764 77.39764 77.39764 77.39764]",[ 98.2   103.417  22.583],355.0,11,2021,8,8
"[95.60311 95.60311 95.60311 95.60311 95.60311 95.60311 95.60311 95.60311
 95.60311 95.60311 95.60311 95.60311]",[ 58.    103.417  22.583],355.0,12,2021,8,8
"[105.67941 105.67941 105.67941 105.67941 105.67941 105.67941 105.67941
 105.67941 105.67941 105.67941 105.67941 105.67941]",[ 53.2   103.417  22.583],355.0,13,2021,8,8
"[97.79362 97.79362 97.79362 97.79362 97.79362 97.79362 97.79362 97.79362
 97.79362 97.79362 97.79362 97.79362]",[ 21.9   103.417  22.583],355.0,14,2021,8,8
"[79.58814 79.58814 79.58814 79.58814 79.58814 79.58814 79.58814 79.58814
 79.58814 79.58814 79.58814 79.58814]",[  9.7   103.417  22.583],355.0,15,2021,8,8
"[67.44304 67.44304 67.44304 67.44304 67.44304 67.44304 67.44304 67.44304
 67.44304 67.44304 67.44304 67.44304]",[  0.    103.417  22.583],355.0,16,2021,8,8
"[66.347786 66.347786 66.347786 66.347786 66.347786 66.347786 66.347786
 66.347786 66.347786 66.347786 66.347786 66.347786]",[  0.    103.417  22.583],355.0,17,2021,8,8
"[52.5233 52.5233 52.5233 52.5233 52.5233 52.5233 52.5233 52.5233 52.5233
 52.5233 52.5233 52.5233]",[ 21.9   103.417  22.583],355.0,18,2021,8,8
"[43.858658 43.858658 43.858658 43.858658 43.858658 43.858658 43.858658
 43.858658 43.858658 43.858658 43.858658 43.858658]",[ 21.9   103.417  22.583],355.0,19,2021,8,8
"[51.476727 51.476727 51.476727 51.476727 51.476727 51.476727 51.476727
 51.476727 51.476727 51.476727 51.476727 51.476727]",[ 21.9   103.417  22.583],355.0,20,2021,8,8
"[55.468304 55.468304 55.468304 55.468304 55.468304 55.468304 55.468304
 55.468304 55.468304 55.468304 55.468304 55.468304]",[ 21.9   103.417  22.583],355.0,21,2021,8,8
"[56.393185 56.393185 56.393185 56.393185 56.393185 56.393185 56.393185
 56.393185 56.393185 56.393185 56.393185 56.393185]",[ 21.9   103.417  22.583],355.0,22,2021,8,8
"[57.658806 57.658806 57.658806 57.658806 57.658806 57.658806 57.658806
 57.658806 57.658806 57.658806 57.658806 57.658806]",[ 21.9   103.417  22.583],355.0,23,2021,8,8
"[64.13295 64.13295 64.13295 64.13295 64.13295 64.13295 64.13295 64.13295
 64.13295 64.13295 64.13295 64.13295]",[ 21.9   103.417  22.583],355.0,24,2021,8,8
"[86.59773 86.59773 86.59773 86.59773 86.59773 86.59773 86.59773 86.59773
 86.59773 86.59773 86.59773 86.59773]",[  0.    103.417  22.583],355.0,25,2021,8,8
"[84.94269 84.94269 84.94269 84.94269 84.94269 84.94269 84.94269 84.94269
 84.94269 84.94269 84.94269 84.94269]",[  8.6   103.417  22.583],355.0,26,2021,8,8
"[81.38921 81.38921 81.38921 81.38921 81.38921 81.38921 81.38921 81.38921
 81.38921 81.38921 81.38921 81.38921]",[  8.6   103.417  22.583],355.0,27,2021,8,8
"[83.57971 83.57971 83.57971 83.57971 83.57971 83.57971 83.57971 83.57971
 83.57971 83.57971 83.57971 83.57971]",[ 13.9   103.417  22.583],355.0,28,2021,8,8
"[86.451706 86.451706 86.451706 86.451706 86.451706 86.451706 86.451706
 86.451706 86.451706 86.451706 86.451706 86.451706]",[ 13.9   103.417  22.583],355.0,29,2021,8,8
"[81.68128 81.68128 81.68128 81.68128 81.68128 81.68128 81.68128 81.68128
 81.68128 81.68128 81.68128 81.68128]",[ 13.9   103.417  22.583],355.0,30,2021,8,8
"[83.7014 83.7014 83.7014 83.7014 83.7014 83.7014 83.7014 83.7014 83.7014
 83.7014 83.7014 83.7014]",[ 14.8   103.417  22.583],355.0,31,2021,8,8
"[72.31081 72.31081 72.31081 72.31081 72.31081 72.31081 72.31081 72.31081
 72.31081 72.31081 72.31081 72.31081]",[ 14.8   103.417  22.583],355.0,32,2021,8,8
"[77.6897 77.6897 77.6897 77.6897 77.6897 77.6897 77.6897 77.6897 77.6897
 77.6897 77.6897 77.6897]",[  6.2   103.417  22.583],355.0,33,2021,8,8
"[73.13833 73.13833 73.13833 73.13833 73.13833 73.13833 73.13833 73.13833
 73.13833 73.13833 73.13833 73.13833]",[  6.2   103.417  22.583],355.0,34,2021,8,8
"[74.0632 74.0632 74.0632 74.0632 74.0632 74.0632 74.0632 74.0632 74.0632
 74.0632 74.0632 74.0632]",[  0.9   103.417  22.583],355.0,35,2021,8,8
"[76.10767 76.10767 76.10767 76.10767 76.10767 76.10767 76.10767 76.10767
 76.10767 76.10767 76.10767 76.10767]",[  0.9   103.417  22.583],355.0,36,2021,8,8
"[82.28975 82.28975 82.28975 82.28975 82.28975 82.28975 82.28975 82.28975
 82.28975 82.28975 82.28975 82.28975]",[  3.3   103.417  22.583],355.0,37,2021,8,8
"[68.367905 68.367905 68.367905 68.367905 68.367905 68.367905 68.367905
 68.367905 68.367905 68.367905 68.367905 68.367905]",[  2.4   103.417  22.583],355.0,38,2021,8,8
"[57.634468 57.634468 57.634468 57.634468 57.634468 57.634468 57.634468
 57.634468 57.634468 57.634468 57.634468 57.634468]",[  2.4   103.417  22.583],355.0,39,2021,8,8
"[52.912727 52.912727 52.912727 52.912727 52.912727 52.912727 52.912727
 52.912727 52.912727 52.912727 52.912727 52.912727]",[ 22.1   103.417  22.583],355.0,40,2021,8,8
"[49.699997 49.699997 49.699997 49.699997 49.699997 49.699997 49.699997
 49.699997 49.699997 49.699997 49.699997 49.699997]",[ 22.1   103.417  22.583],355.0,41,2021,8,8
"[51.111652 51.111652 51.111652 51.111652 51.111652 51.111652 51.111652
 51.111652 51.111652 51.111652 51.111652 51.111652]",[ 22.1   103.417  22.583],355.0,42,2021,8,8
"[68.44093 68.44093 68.44093 68.44093 68.44093 68.44093 68.44093 68.44093
 68.44093 68.44093 68.44093 68.44093]",[ 22.1   103.417  22.583],355.0,43,2021,8,8
"[91.56287 91.56287 91.56287 91.56287 91.56287 91.56287 91.56287 91.56287
 91.56287 91.56287 91.56287 91.56287]",[ 19.7   103.417  22.583],355.0,44,2021,8,8
"[108.06462 108.06462 108.06462 108.06462 108.06462 108.06462 108.06462
 108.06462 108.06462 108.06462 108.06462 108.06462]",[ 19.7   103.417  22.583],355.0,45,2021,8,8
"[123.10605 123.10605 123.10605 123.10605 123.10605 123.10605 123.10605
 123.10605 123.10605 123.10605 123.10605 123.10605]",[ 19.7   103.417  22.583],355.0,46,2021,8,8
"[157.72385 157.72385 157.72385 157.72385 157.72385 157.72385 157.72385
 157.72385 157.72385 157.72385 157.72385 157.72385]",[ 79.3   103.417  22.583],355.0,7,2018,8,11
"[190.38394 190.38394 190.38394 190.38394 190.38394 190.38394 190.38394
 190.38394 190.38394 190.38394 190.38394 190.38394]",[ 75.8   103.417  22.583],355.0,8,2018,8,11
"[199.57175 199.57175 199.57175 199.57175 199.57175 199.57175 199.57175
 199.57175 199.57175 199.57175 199.57175 199.57175]",[ 78.5   103.417  22.583],355.0,9,2018,8,11
"[215.1133 215.1133 215.1133 215.1133 215.1133 215.1133 215.1133 215.1133
 215.1133 215.1133 215.1133 215.1133]",[ 78.5   103.417  22.583],355.0,10,2018,8,11
"[217.42168 217.42168 217.42168 217.42168 217.42168 217.42168 217.42168
 217.42168 217.42168 217.42168 217.42168 217.42168]",[120.4   103.417  22.583],355.0,11,2018,8,11
"[189.88112 189.88112 189.88112 189.88112 189.88112 189.88112 189.88112
 189.88112 189.88112 189.88112 189.88112 189.88112]",[ 68.1   103.417  22.583],355.0,12,2018,8,11
"[159.66655 159.66655 159.66655 159.66655 159.66655 159.66655 159.66655
 159.66655 159.66655 159.66655 159.66655 159.66655]",[ 58.8   103.417  22.583],355.0,13,2018,8,11
"[140.01106 140.01106 140.01106 140.01106 140.01106 140.01106 140.01106
 140.01106 140.01106 140.01106 140.01106 140.01106]",[ 65.1   103.417  22.583],355.0,14,2018,8,11
"[107.53379 107.53379 107.53379 107.53379 107.53379 107.53379 107.53379
 107.53379 107.53379 107.53379 107.53379 107.53379]",[ 65.1   103.417  22.583],355.0,15,2018,8,11
"[98.11745 98.11745 98.11745 98.11745 98.11745 98.11745 98.11745 98.11745
 98.11745 98.11745 98.11745 98.11745]",[ 64.8   103.417  22.583],355.0,16,2018,8,11
"[100.951485 100.951485 100.951485 100.951485 100.951485 100.951485
 100.951485 100.951485 100.951485 100.951485 100.951485 100.951485]",[ 82.    103.417  22.583],355.0,17,2018,8,11
"[122.52681 122.52681 122.52681 122.52681 122.52681 122.52681 122.52681
 122.52681 122.52681 122.52681 122.52681 122.52681]",[ 45.5   103.417  22.583],355.0,18,2018,8,11
"[147.43901 147.43901 147.43901 147.43901 147.43901 147.43901 147.43901
 147.43901 147.43901 147.43901 147.43901 147.43901]",[ 63.8   103.417  22.583],355.0,19,2018,8,11
"[161.99777 161.99777 161.99777 161.99777 161.99777 161.99777 161.99777
 161.99777 161.99777 161.99777 161.99777 161.99777]",[ 99.3   103.417  22.583],355.0,20,2018,8,11
"[155.64403 155.64403 155.64403 155.64403 155.64403 155.64403 155.64403
 155.64403 155.64403 155.64403 155.64403 155.64403]",[ 93.7   103.417  22.583],355.0,21,2018,8,11
"[161.79208 161.79208 161.79208 161.79208 161.79208 161.79208 161.79208
 161.79208 161.79208 161.79208 161.79208 161.79208]",[113.    103.417  22.583],355.0,22,2018,8,11
"[146.86761 146.86761 146.86761 146.86761 146.86761 146.86761 146.86761
 146.86761 146.86761 146.86761 146.86761 146.86761]",[111.2   103.417  22.583],355.0,23,2018,8,11
"[131.28036 131.28036 131.28036 131.28036 131.28036 131.28036 131.28036
 131.28036 131.28036 131.28036 131.28036 131.28036]",[ 95.4   103.417  22.583],355.0,24,2018,8,11
"[101.81999 101.81999 101.81999 101.81999 101.81999 101.81999 101.81999
 101.81999 101.81999 101.81999 101.81999 101.81999]",[ 86.5   103.417  22.583],355.0,25,2018,8,11
"[66.82866 66.82866 66.82866 66.82866 66.82866 66.82866 66.82866 66.82866
 66.82866 66.82866 66.82866 66.82866]",[ 67.2   103.417  22.583],355.0,26,2018,8,11
"[50.39576 50.39576 50.39576 50.39576 50.39576 50.39576 50.39576 50.39576
 50.39576 50.39576 50.39576 50.39576]",[ 28.5   103.417  22.583],355.0,27,2018,8,11
"[47.835976 47.835976 47.835976 47.835976 47.835976 47.835976 47.835976
 47.835976 47.835976 47.835976 47.835976 47.835976]",[ 29.8   103.417  22.583],355.0,28,2018,8,11
"[35.539867 35.539867 35.539867 35.539867 35.539867 35.539867 35.539867
 35.539867 35.539867 35.539867 35.539867 35.539867]",[ 10.5   103.417  22.583],355.0,29,2018,8,11
"[31.540201 31.540201 31.540201 31.540201 31.540201 31.540201 31.540201
 31.540201 31.540201 31.540201 31.540201 31.540201]",[  4.1   103.417  22.583],355.0,30,2018,8,11
"[27.72338 27.72338 27.72338 27.72338 27.72338 27.72338 27.72338 27.72338
 27.72338 27.72338 27.72338 27.72338]",[  2.7   103.417  22.583],355.0,31,2018,8,11
"[25.712124 25.712124 25.712124 25.712124 25.712124 25.712124 25.712124
 25.712124 25.712124 25.712124 25.712124 25.712124]",[  6.1   103.417  22.583],355.0,32,2018,8,11
"[21.369627 21.369627 21.369627 21.369627 21.369627 21.369627 21.369627
 21.369627 21.369627 21.369627 21.369627 21.369627]",[  6.3   103.417  22.583],355.0,33,2018,8,11
"[13.918825 13.918825 13.918825 13.918825 13.918825 13.918825 13.918825
 13.918825 13.918825 13.918825 13.918825 13.918825]",[  5.8   103.417  22.583],355.0,34,2018,8,11
"[10.444835 10.444835 10.444835 10.444835 10.444835 10.444835 10.444835
 10.444835 10.444835 10.444835 10.444835 10.444835]",[  3.6   103.417  22.583],355.0,35,2018,8,11
"[12.753212 12.753212 12.753212 12.753212 12.753212 12.753212 12.753212
 12.753212 12.753212 12.753212 12.753212 12.753212]",[  3.6   103.417  22.583],355.0,36,2018,8,11
"[13.553146 13.553146 13.553146 13.553146 13.553146 13.553146 13.553146
 13.553146 13.553146 13.553146 13.553146 13.553146]",[  3.6   103.417  22.583],355.0,37,2018,8,11
"[17.621376 17.621376 17.621376 17.621376 17.621376 17.621376 17.621376
 17.621376 17.621376 17.621376 17.621376 17.621376]",[  7.4   103.417  22.583],355.0,38,2018,8,11
"[36.70548 36.70548 36.70548 36.70548 36.70548 36.70548 36.70548 36.70548
 36.70548 36.70548 36.70548 36.70548]",[  6.3   103.417  22.583],355.0,39,2018,8,11
"[42.807823 42.807823 42.807823 42.807823 42.807823 42.807823 42.807823
 42.807823 42.807823 42.807823 42.807823 42.807823]",[  6.1   103.417  22.583],355.0,40,2018,8,11
"[46.78463 46.78463 46.78463 46.78463 46.78463 46.78463 46.78463 46.78463
 46.78463 46.78463 46.78463 46.78463]",[  6.1   103.417  22.583],355.0,41,2018,8,11
"[58.303658 58.303658 58.303658 58.303658 58.303658 58.303658 58.303658
 58.303658 58.303658 58.303658 58.303658 58.303658]",[  6.1   103.417  22.583],355.0,42,2018,8,11
"[68.954185 68.954185 68.954185 68.954185 68.954185 68.954185 68.954185
 68.954185 68.954185 68.954185 68.954185 68.954185]",[  6.1   103.417  22.583],355.0,43,2018,8,11
"[83.07871 83.07871 83.07871 83.07871 83.07871 83.07871 83.07871 83.07871
 83.07871 83.07871 83.07871 83.07871]",[  6.1   103.417  22.583],355.0,44,2018,8,11
"[106.68815 106.68815 106.68815 106.68815 106.68815 106.68815 106.68815
 106.68815 106.68815 106.68815 106.68815 106.68815]",[  2.3   103.417  22.583],355.0,45,2018,8,11
"[111.23634 111.23634 111.23634 111.23634 111.23634 111.23634 111.23634
 111.23634 111.23634 111.23634 111.23634 111.23634]",[  0.    103.417  22.583],355.0,46,2018,8,11
"[22.306694 22.306694 22.306694 22.306694 22.306694 22.306694 22.306694
 22.306694 22.306694 22.306694 22.306694 22.306694]",[  1.4   103.417  22.583],355.0,7,2019,8,11
"[21.94101 21.94101 21.94101 21.94101 21.94101 21.94101 21.94101 21.94101
 21.94101 21.94101 21.94101 21.94101]",[  0.    103.417  22.583],355.0,8,2019,8,11
"[23.198046 23.198046 23.198046 23.198046 23.198046 23.198046 23.198046
 23.198046 23.198046 23.198046 23.198046 23.198046]",[  0.    103.417  22.583],355.0,9,2019,8,11
"[27.769089 27.769089 27.769089 27.769089 27.769089 27.769089 27.769089
 27.769089 27.769089 27.769089 27.769089 27.769089]",[  0.    103.417  22.583],355.0,10,2019,8,11
"[31.105947 31.105947 31.105947 31.105947 31.105947 31.105947 31.105947
 31.105947 31.105947 31.105947 31.105947 31.105947]",[  0.    103.417  22.583],355.0,11,2019,8,11
"[33.57431 33.57431 33.57431 33.57431 33.57431 33.57431 33.57431 33.57431
 33.57431 33.57431 33.57431 33.57431]",[  0.    103.417  22.583],355.0,12,2019,8,11
"[30.031752 30.031752 30.031752 30.031752 30.031752 30.031752 30.031752
 30.031752 30.031752 30.031752 30.031752 30.031752]",[  0.    103.417  22.583],355.0,13,2019,8,11
"[33.368614 33.368614 33.368614 33.368614 33.368614 33.368614 33.368614
 33.368614 33.368614 33.368614 33.368614 33.368614]",[  0.    103.417  22.583],355.0,14,2019,8,11
"[40.40802 40.40802 40.40802 40.40802 40.40802 40.40802 40.40802 40.40802
 40.40802 40.40802 40.40802 40.40802]",[  0.    103.417  22.583],355.0,15,2019,8,11
"[43.3792 43.3792 43.3792 43.3792 43.3792 43.3792 43.3792 43.3792 43.3792
 43.3792 43.3792 43.3792]",[ 15.3   103.417  22.583],355.0,16,2019,8,11
"[61.366257 61.366257 61.366257 61.366257 61.366257 61.366257 61.366257
 61.366257 61.366257 61.366257 61.366257 61.366257]",[ 17.1   103.417  22.583],355.0,17,2019,8,11
"[77.45633 77.45633 77.45633 77.45633 77.45633 77.45633 77.45633 77.45633
 77.45633 77.45633 77.45633 77.45633]",[ 17.1   103.417  22.583],355.0,18,2019,8,11
"[86.46129 86.46129 86.46129 86.46129 86.46129 86.46129 86.46129 86.46129
 86.46129 86.46129 86.46129 86.46129]",[ 17.6   103.417  22.583],355.0,19,2019,8,11
"[91.42087 91.42087 91.42087 91.42087 91.42087 91.42087 91.42087 91.42087
 91.42087 91.42087 91.42087 91.42087]",[ 24.4   103.417  22.583],355.0,20,2019,8,11
"[93.18072 93.18072 93.18072 93.18072 93.18072 93.18072 93.18072 93.18072
 93.18072 93.18072 93.18072 93.18072]",[ 35.7   103.417  22.583],355.0,21,2019,8,11
"[83.307274 83.307274 83.307274 83.307274 83.307274 83.307274 83.307274
 83.307274 83.307274 83.307274 83.307274 83.307274]",[ 35.7   103.417  22.583],355.0,22,2019,8,11
"[78.53053 78.53053 78.53053 78.53053 78.53053 78.53053 78.53053 78.53053
 78.53053 78.53053 78.53053 78.53053]",[ 20.4   103.417  22.583],355.0,23,2019,8,11
"[57.11519 57.11519 57.11519 57.11519 57.11519 57.11519 57.11519 57.11519
 57.11519 57.11519 57.11519 57.11519]",[ 18.6   103.417  22.583],355.0,24,2019,8,11
"[58.87504 58.87504 58.87504 58.87504 58.87504 58.87504 58.87504 58.87504
 58.87504 58.87504 58.87504 58.87504]",[ 18.6   103.417  22.583],355.0,25,2019,8,11
"[58.303654 58.303654 58.303654 58.303654 58.303654 58.303654 58.303654
 58.303654 58.303654 58.303654 58.303654 58.303654]",[ 18.1   103.417  22.583],355.0,26,2019,8,11
"[59.263573 59.263573 59.263573 59.263573 59.263573 59.263573 59.263573
 59.263573 59.263573 59.263573 59.263573 59.263573]",[ 11.3   103.417  22.583],355.0,27,2019,8,11
"[56.703793 56.703793 56.703793 56.703793 56.703793 56.703793 56.703793
 56.703793 56.703793 56.703793 56.703793 56.703793]",[  0.    103.417  22.583],355.0,28,2019,8,11
"[65.503044 65.503044 65.503044 65.503044 65.503044 65.503044 65.503044
 65.503044 65.503044 65.503044 65.503044 65.503044]",[  0.    103.417  22.583],355.0,29,2019,8,11
"[70.66832 70.66832 70.66832 70.66832 70.66832 70.66832 70.66832 70.66832
 70.66832 70.66832 70.66832 70.66832]",[ 24.4   103.417  22.583],355.0,30,2019,8,11
"[70.64547 70.64547 70.64547 70.64547 70.64547 70.64547 70.64547 70.64547
 70.64547 70.64547 70.64547 70.64547]",[ 52.2   103.417  22.583],355.0,31,2019,8,11
"[49.618675 49.618675 49.618675 49.618675 49.618675 49.618675 49.618675
 49.618675 49.618675 49.618675 49.618675 49.618675]",[ 52.2   103.417  22.583],355.0,32,2019,8,11
"[42.030746 42.030746 42.030746 42.030746 42.030746 42.030746 42.030746
 42.030746 42.030746 42.030746 42.030746 42.030746]",[ 52.2   103.417  22.583],355.0,33,2019,8,11
"[39.173843 39.173843 39.173843 39.173843 39.173843 39.173843 39.173843
 39.173843 39.173843 39.173843 39.173843 39.173843]",[ 52.2   103.417  22.583],355.0,34,2019,8,11
"[39.356686 39.356686 39.356686 39.356686 39.356686 39.356686 39.356686
 39.356686 39.356686 39.356686 39.356686 39.356686]",[ 52.2   103.417  22.583],355.0,35,2019,8,11
"[29.688927 29.688927 29.688927 29.688927 29.688927 29.688927 29.688927
 29.688927 29.688927 29.688927 29.688927 29.688927]",[ 52.2   103.417  22.583],355.0,36,2019,8,11
"[24.043688 24.043688 24.043688 24.043688 24.043688 24.043688 24.043688
 24.043688 24.043688 24.043688 24.043688 24.043688]",[ 27.8   103.417  22.583],355.0,37,2019,8,11
"[22.489534 22.489534 22.489534 22.489534 22.489534 22.489534 22.489534
 22.489534 22.489534 22.489534 22.489534 22.489534]",[  0.    103.417  22.583],355.0,38,2019,8,11
"[21.438189 21.438189 21.438189 21.438189 21.438189 21.438189 21.438189
 21.438189 21.438189 21.438189 21.438189 21.438189]",[  0.    103.417  22.583],355.0,39,2019,8,11
"[17.209974 17.209974 17.209974 17.209974 17.209974 17.209974 17.209974
 17.209974 17.209974 17.209974 17.209974 17.209974]",[  0.    103.417  22.583],355.0,40,2019,8,11
"[9.896305 9.896305 9.896305 9.896305 9.896305 9.896305 9.896305 9.896305
 9.896305 9.896305 9.896305 9.896305]",[  8.5   103.417  22.583],355.0,41,2019,8,11
"[3.8168192 3.8168192 3.8168192 3.8168192 3.8168192 3.8168192 3.8168192
 3.8168192 3.8168192 3.8168192 3.8168192 3.8168192]",[  8.5   103.417  22.583],355.0,42,2019,8,11
"[2.445507 2.445507 2.445507 2.445507 2.445507 2.445507 2.445507 2.445507
 2.445507 2.445507 2.445507 2.445507]",[  8.5   103.417  22.583],355.0,43,2019,8,11
"[1.8284172 1.8284172 1.8284172 1.8284172 1.8284172 1.8284172 1.8284172
 1.8284172 1.8284172 1.8284172 1.8284172 1.8284172]",[  8.5   103.417  22.583],355.0,44,2019,8,11
"[1.759851 1.759851 1.759851 1.759851 1.759851 1.759851 1.759851 1.759851
 1.759851 1.759851 1.759851 1.759851]",[  8.5   103.417  22.583],355.0,45,2019,8,11
"[1.1656165 1.1656165 1.1656165 1.1656165 1.1656165 1.1656165 1.1656165
 1.1656165 1.1656165 1.1656165 1.1656165 1.1656165]",[  8.5   103.417  22.583],355.0,46,2019,8,11
"[100.83722 100.83722 100.83722 100.83722 100.83722 100.83722 100.83722
 100.83722 100.83722 100.83722 100.83722 100.83722]",[135.8   103.417  22.583],355.0,7,2020,8,11
"[129.10912 129.10912 129.10912 129.10912 129.10912 129.10912 129.10912
 129.10912 129.10912 129.10912 129.10912 129.10912]",[137.1   103.417  22.583],355.0,8,2020,8,11
"[142.86795 142.86795 142.86795 142.86795 142.86795 142.86795 142.86795
 142.86795 142.86795 142.86795 142.86795 142.86795]",[124.    103.417  22.583],355.0,9,2020,8,11
"[129.0634 129.0634 129.0634 129.0634 129.0634 129.0634 129.0634 129.0634
 129.0634 129.0634 129.0634 129.0634]",[114.2   103.417  22.583],355.0,10,2020,8,11
"[118.41287 118.41287 118.41287 118.41287 118.41287 118.41287 118.41287
 118.41287 118.41287 118.41287 118.41287 118.41287]",[ 80.9   103.417  22.583],355.0,11,2020,8,11
"[108.08232 108.08232 108.08232 108.08232 108.08232 108.08232 108.08232
 108.08232 108.08232 108.08232 108.08232 108.08232]",[ 33.9   103.417  22.583],355.0,12,2020,8,11
"[92.63219 92.63219 92.63219 92.63219 92.63219 92.63219 92.63219 92.63219
 92.63219 92.63219 92.63219 92.63219]",[ 13.6   103.417  22.583],355.0,13,2020,8,11
"[70.75976 70.75976 70.75976 70.75976 70.75976 70.75976 70.75976 70.75976
 70.75976 70.75976 70.75976 70.75976]",[  1.3   103.417  22.583],355.0,14,2020,8,11
"[47.42458 47.42458 47.42458 47.42458 47.42458 47.42458 47.42458 47.42458
 47.42458 47.42458 47.42458 47.42458]",[  0.    103.417  22.583],355.0,15,2020,8,11
"[53.024105 53.024105 53.024105 53.024105 53.024105 53.024105 53.024105
 53.024105 53.024105 53.024105 53.024105 53.024105]",[  0.    103.417  22.583],355.0,16,2020,8,11
"[55.355335 55.355335 55.355335 55.355335 55.355335 55.355335 55.355335
 55.355335 55.355335 55.355335 55.355335 55.355335]",[  0.    103.417  22.583],355.0,17,2020,8,11
"[57.549435 57.549435 57.549435 57.549435 57.549435 57.549435 57.549435
 57.549435 57.549435 57.549435 57.549435 57.549435]",[  0.    103.417  22.583],355.0,18,2020,8,11
"[59.035027 59.035027 59.035027 59.035027 59.035027 59.035027 59.035027
 59.035027 59.035027 59.035027 59.035027 59.035027]",[  0.    103.417  22.583],355.0,19,2020,8,11
"[57.68657 57.68657 57.68657 57.68657 57.68657 57.68657 57.68657 57.68657
 57.68657 57.68657 57.68657 57.68657]",[ 10.8   103.417  22.583],355.0,20,2020,8,11
"[55.4239 55.4239 55.4239 55.4239 55.4239 55.4239 55.4239 55.4239 55.4239
 55.4239 55.4239 55.4239]",[ 10.8   103.417  22.583],355.0,21,2020,8,11
"[50.25862 50.25862 50.25862 50.25862 50.25862 50.25862 50.25862 50.25862
 50.25862 50.25862 50.25862 50.25862]",[ 10.8   103.417  22.583],355.0,22,2020,8,11
"[26.489197 26.489197 26.489197 26.489197 26.489197 26.489197 26.489197
 26.489197 26.489197 26.489197 26.489197 26.489197]",[ 10.8   103.417  22.583],355.0,23,2020,8,11
"[28.500458 28.500458 28.500458 28.500458 28.500458 28.500458 28.500458
 28.500458 28.500458 28.500458 28.500458 28.500458]",[ 10.8   103.417  22.583],355.0,24,2020,8,11
"[28.15763 28.15763 28.15763 28.15763 28.15763 28.15763 28.15763 28.15763
 28.15763 28.15763 28.15763 28.15763]",[ 10.8   103.417  22.583],355.0,25,2020,8,11
"[50.46432 50.46432 50.46432 50.46432 50.46432 50.46432 50.46432 50.46432
 50.46432 50.46432 50.46432 50.46432]",[ 10.8   103.417  22.583],355.0,26,2020,8,11
"[61.777653 61.777653 61.777653 61.777653 61.777653 61.777653 61.777653
 61.777653 61.777653 61.777653 61.777653 61.777653]",[ 34.5   103.417  22.583],355.0,27,2020,8,11
"[65.86874 65.86874 65.86874 65.86874 65.86874 65.86874 65.86874 65.86874
 65.86874 65.86874 65.86874 65.86874]",[ 38.3   103.417  22.583],355.0,28,2020,8,11
"[66.760086 66.760086 66.760086 66.760086 66.760086 66.760086 66.760086
 66.760086 66.760086 66.760086 66.760086 66.760086]",[ 54.5   103.417  22.583],355.0,29,2020,8,11
"[64.54313 64.54313 64.54313 64.54313 64.54313 64.54313 64.54313 64.54313
 64.54313 64.54313 64.54313 64.54313]",[ 71.    103.417  22.583],355.0,30,2020,8,11
"[59.834957 59.834957 59.834957 59.834957 59.834957 59.834957 59.834957
 59.834957 59.834957 59.834957 59.834957 59.834957]",[ 71.    103.417  22.583],355.0,31,2020,8,11
"[58.875034 58.875034 58.875034 58.875034 58.875034 58.875034 58.875034
 58.875034 58.875034 58.875034 58.875034 58.875034]",[ 72.8   103.417  22.583],355.0,32,2020,8,11
"[39.58523 39.58523 39.58523 39.58523 39.58523 39.58523 39.58523 39.58523
 39.58523 39.58523 39.58523 39.58523]",[ 72.8   103.417  22.583],355.0,33,2020,8,11
"[30.76312 30.76312 30.76312 30.76312 30.76312 30.76312 30.76312 30.76312
 30.76312 30.76312 30.76312 30.76312]",[ 38.3   103.417  22.583],355.0,34,2020,8,11
"[29.18611 29.18611 29.18611 29.18611 29.18611 29.18611 29.18611 29.18611
 29.18611 29.18611 29.18611 29.18611]",[ 34.5   103.417  22.583],355.0,35,2020,8,11
"[29.551794 29.551794 29.551794 29.551794 29.551794 29.551794 29.551794
 29.551794 29.551794 29.551794 29.551794 29.551794]",[ 18.3   103.417  22.583],355.0,36,2020,8,11
"[32.157288 32.157288 32.157288 32.157288 32.157288 32.157288 32.157288
 32.157288 32.157288 32.157288 32.157288 32.157288]",[  1.8   103.417  22.583],355.0,37,2020,8,11
"[36.81975 36.81975 36.81975 36.81975 36.81975 36.81975 36.81975 36.81975
 36.81975 36.81975 36.81975 36.81975]",[  1.8   103.417  22.583],355.0,38,2020,8,11
"[40.065193 40.065193 40.065193 40.065193 40.065193 40.065193 40.065193
 40.065193 40.065193 40.065193 40.065193 40.065193]",[  0.    103.417  22.583],355.0,39,2020,8,11
"[38.07679 38.07679 38.07679 38.07679 38.07679 38.07679 38.07679 38.07679
 38.07679 38.07679 38.07679 38.07679]",[  0.    103.417  22.583],355.0,40,2020,8,11
"[35.699844 35.699844 35.699844 35.699844 35.699844 35.699844 35.699844
 35.699844 35.699844 35.699844 35.699844 35.699844]",[  2.    103.417  22.583],355.0,41,2020,8,11
"[32.980076 32.980076 32.980076 32.980076 32.980076 32.980076 32.980076
 32.980076 32.980076 32.980076 32.980076 32.980076]",[ 21.3   103.417  22.583],355.0,42,2020,8,11
"[30.32887 30.32887 30.32887 30.32887 30.32887 30.32887 30.32887 30.32887
 30.32887 30.32887 30.32887 30.32887]",[ 26.7   103.417  22.583],355.0,43,2020,8,11
"[27.014866 27.014866 27.014866 27.014866 27.014866 27.014866 27.014866
 27.014866 27.014866 27.014866 27.014866 27.014866]",[ 46.4   103.417  22.583],355.0,44,2020,8,11
"[24.843616 24.843616 24.843616 24.843616 24.843616 24.843616 24.843616
 24.843616 24.843616 24.843616 24.843616 24.843616]",[ 62.2   103.417  22.583],355.0,45,2020,8,11
"[24.63792 24.63792 24.63792 24.63792 24.63792 24.63792 24.63792 24.63792
 24.63792 24.63792 24.63792 24.63792]",[ 66.4   103.417  22.583],355.0,46,2020,8,11
"[79.69614 79.69614 79.69614 79.69614 79.69614 79.69614 79.69614 79.69614
 79.69614 79.69614 79.69614 79.69614]",[ 98.7   103.417  22.583],355.0,7,2021,8,11
"[76.95351 76.95351 76.95351 76.95351 76.95351 76.95351 76.95351 76.95351
 76.95351 76.95351 76.95351 76.95351]",[ 98.2   103.417  22.583],355.0,8,2021,8,11
"[84.70143 84.70143 84.70143 84.70143 84.70143 84.70143 84.70143 84.70143
 84.70143 84.70143 84.70143 84.70143]",[ 58.    103.417  22.583],355.0,9,2021,8,11
"[87.306915 87.306915 87.306915 87.306915 87.306915 87.306915 87.306915
 87.306915 87.306915 87.306915 87.306915 87.306915]",[ 53.2   103.417  22.583],355.0,10,2021,8,11
"[77.77628 77.77628 77.77628 77.77628 77.77628 77.77628 77.77628 77.77628
 77.77628 77.77628 77.77628 77.77628]",[ 21.9   103.417  22.583],355.0,11,2021,8,11
"[42.670685 42.670685 42.670685 42.670685 42.670685 42.670685 42.670685
 42.670685 42.670685 42.670685 42.670685 42.670685]",[  9.7   103.417  22.583],355.0,12,2021,8,11
"[21.43819 21.43819 21.43819 21.43819 21.43819 21.43819 21.43819 21.43819
 21.43819 21.43819 21.43819 21.43819]",[  0.    103.417  22.583],355.0,13,2021,8,11
"[22.900925 22.900925 22.900925 22.900925 22.900925 22.900925 22.900925
 22.900925 22.900925 22.900925 22.900925 22.900925]",[  0.    103.417  22.583],355.0,14,2021,8,11
"[23.495163 23.495163 23.495163 23.495163 23.495163 23.495163 23.495163
 23.495163 23.495163 23.495163 23.495163 23.495163]",[ 21.9   103.417  22.583],355.0,15,2021,8,11
"[17.781357 17.781357 17.781357 17.781357 17.781357 17.781357 17.781357
 17.781357 17.781357 17.781357 17.781357 17.781357]",[ 21.9   103.417  22.583],355.0,16,2021,8,11
"[26.466341 26.466341 26.466341 26.466341 26.466341 26.466341 26.466341
 26.466341 26.466341 26.466341 26.466341 26.466341]",[ 21.9   103.417  22.583],355.0,17,2021,8,11
"[30.625988 30.625988 30.625988 30.625988 30.625988 30.625988 30.625988
 30.625988 30.625988 30.625988 30.625988 30.625988]",[ 21.9   103.417  22.583],355.0,18,2021,8,11
"[33.894287 33.894287 33.894287 33.894287 33.894287 33.894287 33.894287
 33.894287 33.894287 33.894287 33.894287 33.894287]",[ 21.9   103.417  22.583],355.0,19,2021,8,11
"[37.985367 37.985367 37.985367 37.985367 37.985367 37.985367 37.985367
 37.985367 37.985367 37.985367 37.985367 37.985367]",[ 21.9   103.417  22.583],355.0,20,2021,8,11
"[39.516666 39.516666 39.516666 39.516666 39.516666 39.516666 39.516666
 39.516666 39.516666 39.516666 39.516666 39.516666]",[ 21.9   103.417  22.583],355.0,21,2021,8,11
"[48.933014 48.933014 48.933014 48.933014 48.933014 48.933014 48.933014
 48.933014 48.933014 48.933014 48.933014 48.933014]",[  0.    103.417  22.583],355.0,22,2021,8,11
"[65.34306 65.34306 65.34306 65.34306 65.34306 65.34306 65.34306 65.34306
 65.34306 65.34306 65.34306 65.34306]",[  8.6   103.417  22.583],355.0,23,2021,8,11
"[76.93066 76.93066 76.93066 76.93066 76.93066 76.93066 76.93066 76.93066
 76.93066 76.93066 76.93066 76.93066]",[  8.6   103.417  22.583],355.0,24,2021,8,11
"[82.59875 82.59875 82.59875 82.59875 82.59875 82.59875 82.59875 82.59875
 82.59875 82.59875 82.59875 82.59875]",[ 13.9   103.417  22.583],355.0,25,2021,8,11
"[80.24466 80.24466 80.24466 80.24466 80.24466 80.24466 80.24466 80.24466
 80.24466 80.24466 80.24466 80.24466]",[ 13.9   103.417  22.583],355.0,26,2021,8,11
"[75.55935 75.55935 75.55935 75.55935 75.55935 75.55935 75.55935 75.55935
 75.55935 75.55935 75.55935 75.55935]",[ 13.9   103.417  22.583],355.0,27,2021,8,11
"[72.428185 72.428185 72.428185 72.428185 72.428185 72.428185 72.428185
 72.428185 72.428185 72.428185 72.428185 72.428185]",[ 14.8   103.417  22.583],355.0,28,2021,8,11
"[68.9999 68.9999 68.9999 68.9999 68.9999 68.9999 68.9999 68.9999 68.9999
 68.9999 68.9999 68.9999]",[ 14.8   103.417  22.583],355.0,29,2021,8,11
"[94.02636 94.02636 94.02636 94.02636 94.02636 94.02636 94.02636 94.02636
 94.02636 94.02636 94.02636 94.02636]",[  6.2   103.417  22.583],355.0,30,2021,8,11
"[76.99922 76.99922 76.99922 76.99922 76.99922 76.99922 76.99922 76.99922
 76.99922 76.99922 76.99922 76.99922]",[  6.2   103.417  22.583],355.0,31,2021,8,11
"[74.07375 74.07375 74.07375 74.07375 74.07375 74.07375 74.07375 74.07375
 74.07375 74.07375 74.07375 74.07375]",[  0.9   103.417  22.583],355.0,32,2021,8,11
"[76.40498 76.40498 76.40498 76.40498 76.40498 76.40498 76.40498 76.40498
 76.40498 76.40498 76.40498 76.40498]",[  0.9   103.417  22.583],355.0,33,2021,8,11
"[88.929634 88.929634 88.929634 88.929634 88.929634 88.929634 88.929634
 88.929634 88.929634 88.929634 88.929634 88.929634]",[  3.3   103.417  22.583],355.0,34,2021,8,11
"[100.86006 100.86006 100.86006 100.86006 100.86006 100.86006 100.86006
 100.86006 100.86006 100.86006 100.86006 100.86006]",[  2.4   103.417  22.583],355.0,35,2021,8,11
"[98.026024 98.026024 98.026024 98.026024 98.026024 98.026024 98.026024
 98.026024 98.026024 98.026024 98.026024 98.026024]",[  2.4   103.417  22.583],355.0,36,2021,8,11
"[64.10889 64.10889 64.10889 64.10889 64.10889 64.10889 64.10889 64.10889
 64.10889 64.10889 64.10889 64.10889]",[ 22.1   103.417  22.583],355.0,37,2021,8,11
"[65.54876 65.54876 65.54876 65.54876 65.54876 65.54876 65.54876 65.54876
 65.54876 65.54876 65.54876 65.54876]",[ 22.1   103.417  22.583],355.0,38,2021,8,11
"[59.972088 59.972088 59.972088 59.972088 59.972088 59.972088 59.972088
 59.972088 59.972088 59.972088 59.972088 59.972088]",[ 22.1   103.417  22.583],355.0,39,2021,8,11
"[65.9373 65.9373 65.9373 65.9373 65.9373 65.9373 65.9373 65.9373 65.9373
 65.9373 65.9373 65.9373]",[ 22.1   103.417  22.583],355.0,40,2021,8,11
"[65.09166 65.09166 65.09166 65.09166 65.09166 65.09166 65.09166 65.09166
 65.09166 65.09166 65.09166 65.09166]",[ 19.7   103.417  22.583],355.0,41,2021,8,11
"[56.22383 56.22383 56.22383 56.22383 56.22383 56.22383 56.22383 56.22383
 56.22383 56.22383 56.22383 56.22383]",[ 19.7   103.417  22.583],355.0,42,2021,8,11
"[54.098297 54.098297 54.098297 54.098297 54.098297 54.098297 54.098297
 54.098297 54.098297 54.098297 54.098297 54.098297]",[ 19.7   103.417  22.583],355.0,43,2021,8,11
"[48.613045 48.613045 48.613045 48.613045 48.613045 48.613045 48.613045
 48.613045 48.613045 48.613045 48.613045 48.613045]",[  0.    103.417  22.583],355.0,44,2021,8,11
"[41.253662 41.253662 41.253662 41.253662 41.253662 41.253662 41.253662
 41.253662 41.253662 41.253662 41.253662 41.253662]",[  0.    103.417  22.583],355.0,45,2021,8,11
"[39.12813 39.12813 39.12813 39.12813 39.12813 39.12813 39.12813 39.12813
 39.12813 39.12813 39.12813 39.12813]",[  0.    103.417  22.583],355.0,46,2021,8,11
"[210.8375 210.8375 210.8375 210.8375 210.8375 210.8375 210.8375 210.8375
 210.8375 210.8375 210.8375 210.8375]",[120.4   103.417  22.583],355.0,7,2018,8,15
"[223.42062 223.42062 223.42062 223.42062 223.42062 223.42062 223.42062
 223.42062 223.42062 223.42062 223.42062 223.42062]",[ 68.1   103.417  22.583],355.0,8,2018,8,15
"[199.55241 199.55241 199.55241 199.55241 199.55241 199.55241 199.55241
 199.55241 199.55241 199.55241 199.55241 199.55241]",[ 58.8   103.417  22.583],355.0,9,2018,8,15
"[128.21545 128.21545 128.21545 128.21545 128.21545 128.21545 128.21545
 128.21545 128.21545 128.21545 128.21545 128.21545]",[ 65.1   103.417  22.583],355.0,10,2018,8,15
"[131.87119 131.87119 131.87119 131.87119 131.87119 131.87119 131.87119
 131.87119 131.87119 131.87119 131.87119 131.87119]",[ 65.1   103.417  22.583],355.0,11,2018,8,15
"[131.23541 131.23541 131.23541 131.23541 131.23541 131.23541 131.23541
 131.23541 131.23541 131.23541 131.23541 131.23541]",[ 64.8   103.417  22.583],355.0,12,2018,8,15
"[127.47372 127.47372 127.47372 127.47372 127.47372 127.47372 127.47372
 127.47372 127.47372 127.47372 127.47372 127.47372]",[ 82.    103.417  22.583],355.0,13,2018,8,15
"[120.02981 120.02981 120.02981 120.02981 120.02981 120.02981 120.02981
 120.02981 120.02981 120.02981 120.02981 120.02981]",[ 45.5   103.417  22.583],355.0,14,2018,8,15
"[91.10185 91.10185 91.10185 91.10185 91.10185 91.10185 91.10185 91.10185
 91.10185 91.10185 91.10185 91.10185]",[ 63.8   103.417  22.583],355.0,15,2018,8,15
"[63.52493 63.52493 63.52493 63.52493 63.52493 63.52493 63.52493 63.52493
 63.52493 63.52493 63.52493 63.52493]",[ 99.3   103.417  22.583],355.0,16,2018,8,15
"[45.034355 45.034355 45.034355 45.034355 45.034355 45.034355 45.034355
 45.034355 45.034355 45.034355 45.034355 45.034355]",[ 93.7   103.417  22.583],355.0,17,2018,8,15
"[24.29206 24.29206 24.29206 24.29206 24.29206 24.29206 24.29206 24.29206
 24.29206 24.29206 24.29206 24.29206]",[113.    103.417  22.583],355.0,18,2018,8,15
"[29.987583 29.987583 29.987583 29.987583 29.987583 29.987583 29.987583
 29.987583 29.987583 29.987583 29.987583 29.987583]",[111.2   103.417  22.583],355.0,19,2018,8,15
"[38.967964 38.967964 38.967964 38.967964 38.967964 38.967964 38.967964
 38.967964 38.967964 38.967964 38.967964 38.967964]",[ 95.4   103.417  22.583],355.0,20,2018,8,15
"[50.306023 50.306023 50.306023 50.306023 50.306023 50.306023 50.306023
 50.306023 50.306023 50.306023 50.306023 50.306023]",[ 86.5   103.417  22.583],355.0,21,2018,8,15
"[71.71059 71.71059 71.71059 71.71059 71.71059 71.71059 71.71059 71.71059
 71.71059 71.71059 71.71059 71.71059]",[ 67.2   103.417  22.583],355.0,22,2018,8,15
"[78.863106 78.863106 78.863106 78.863106 78.863106 78.863106 78.863106
 78.863106 78.863106 78.863106 78.863106 78.863106]",[ 28.5   103.417  22.583],355.0,23,2018,8,15
"[71.63112 71.63112 71.63112 71.63112 71.63112 71.63112 71.63112 71.63112
 71.63112 71.63112 71.63112 71.63112]",[ 29.8   103.417  22.583],355.0,24,2018,8,15
"[71.33972 71.33972 71.33972 71.33972 71.33972 71.33972 71.33972 71.33972
 71.33972 71.33972 71.33972 71.33972]",[ 10.5   103.417  22.583],355.0,25,2018,8,15
"[61.485146 61.485146 61.485146 61.485146 61.485146 61.485146 61.485146
 61.485146 61.485146 61.485146 61.485146 61.485146]",[  4.1   103.417  22.583],355.0,26,2018,8,15
"[55.97506 55.97506 55.97506 55.97506 55.97506 55.97506 55.97506 55.97506
 55.97506 55.97506 55.97506 55.97506]",[  2.7   103.417  22.583],355.0,27,2018,8,15
"[49.06096 49.06096 49.06096 49.06096 49.06096 49.06096 49.06096 49.06096
 49.06096 49.06096 49.06096 49.06096]",[  6.1   103.417  22.583],355.0,28,2018,8,15
"[33.29893 33.29893 33.29893 33.29893 33.29893 33.29893 33.29893 33.29893
 33.29893 33.29893 33.29893 33.29893]",[  6.3   103.417  22.583],355.0,29,2018,8,15
"[32.822098 32.822098 32.822098 32.822098 32.822098 32.822098 32.822098
 32.822098 32.822098 32.822098 32.822098 32.822098]",[  5.8   103.417  22.583],355.0,30,2018,8,15
"[36.530807 36.530807 36.530807 36.530807 36.530807 36.530807 36.530807
 36.530807 36.530807 36.530807 36.530807 36.530807]",[  3.6   103.417  22.583],355.0,31,2018,8,15
"[37.007645 37.007645 37.007645 37.007645 37.007645 37.007645 37.007645
 37.007645 37.007645 37.007645 37.007645 37.007645]",[  3.6   103.417  22.583],355.0,32,2018,8,15
"[34.040672 34.040672 34.040672 34.040672 34.040672 34.040672 34.040672
 34.040672 34.040672 34.040672 34.040672 34.040672]",[  3.6   103.417  22.583],355.0,33,2018,8,15
"[31.788956 31.788956 31.788956 31.788956 31.788956 31.788956 31.788956
 31.788956 31.788956 31.788956 31.788956 31.788956]",[  7.4   103.417  22.583],355.0,34,2018,8,15
"[45.484695 45.484695 45.484695 45.484695 45.484695 45.484695 45.484695
 45.484695 45.484695 45.484695 45.484695 45.484695]",[  6.3   103.417  22.583],355.0,35,2018,8,15
"[80.98236 80.98236 80.98236 80.98236 80.98236 80.98236 80.98236 80.98236
 80.98236 80.98236 80.98236 80.98236]",[  6.1   103.417  22.583],355.0,36,2018,8,15
"[144.61325 144.61325 144.61325 144.61325 144.61325 144.61325 144.61325
 144.61325 144.61325 144.61325 144.61325 144.61325]",[  6.1   103.417  22.583],355.0,37,2018,8,15
"[161.24948 161.24948 161.24948 161.24948 161.24948 161.24948 161.24948
 161.24948 161.24948 161.24948 161.24948 161.24948]",[  6.1   103.417  22.583],355.0,38,2018,8,15
"[165.64694 165.64694 165.64694 165.64694 165.64694 165.64694 165.64694
 165.64694 165.64694 165.64694 165.64694 165.64694]",[  6.1   103.417  22.583],355.0,39,2018,8,15
"[170.12389 170.12389 170.12389 170.12389 170.12389 170.12389 170.12389
 170.12389 170.12389 170.12389 170.12389 170.12389]",[  6.1   103.417  22.583],355.0,40,2018,8,15
"[179.3162 179.3162 179.3162 179.3162 179.3162 179.3162 179.3162 179.3162
 179.3162 179.3162 179.3162 179.3162]",[  2.3   103.417  22.583],355.0,41,2018,8,15
"[162.49454 162.49454 162.49454 162.49454 162.49454 162.49454 162.49454
 162.49454 162.49454 162.49454 162.49454 162.49454]",[  0.    103.417  22.583],355.0,42,2018,8,15
"[122.01661 122.01661 122.01661 122.01661 122.01661 122.01661 122.01661
 122.01661 122.01661 122.01661 122.01661 122.01661]",[  5.2   103.417  22.583],355.0,43,2018,8,15
"[51.710033 51.710033 51.710033 51.710033 51.710033 51.710033 51.710033
 51.710033 51.710033 51.710033 51.710033 51.710033]",[ 31.8   103.417  22.583],355.0,44,2018,8,15
"[28.530588 28.530588 28.530588 28.530588 28.530588 28.530588 28.530588
 28.530588 28.530588 28.530588 28.530588 28.530588]",[ 32.5   103.417  22.583],355.0,45,2018,8,15
"[18.96741 18.96741 18.96741 18.96741 18.96741 18.96741 18.96741 18.96741
 18.96741 18.96741 18.96741 18.96741]",[ 32.5   103.417  22.583],355.0,46,2018,8,15
"[97.77753 97.77753 97.77753 97.77753 97.77753 97.77753 97.77753 97.77753
 97.77753 97.77753 97.77753 97.77753]",[  0.    103.417  22.583],355.0,7,2019,8,15
"[98.49278 98.49278 98.49278 98.49278 98.49278 98.49278 98.49278 98.49278
 98.49278 98.49278 98.49278 98.49278]",[  0.    103.417  22.583],355.0,8,2019,8,15
"[95.47284 95.47284 95.47284 95.47284 95.47284 95.47284 95.47284 95.47284
 95.47284 95.47284 95.47284 95.47284]",[  0.    103.417  22.583],355.0,9,2019,8,15
"[86.83684 86.83684 86.83684 86.83684 86.83684 86.83684 86.83684 86.83684
 86.83684 86.83684 86.83684 86.83684]",[  0.    103.417  22.583],355.0,10,2019,8,15
"[92.24096 92.24096 92.24096 92.24096 92.24096 92.24096 92.24096 92.24096
 92.24096 92.24096 92.24096 92.24096]",[  0.    103.417  22.583],355.0,11,2019,8,15
"[91.472725 91.472725 91.472725 91.472725 91.472725 91.472725 91.472725
 91.472725 91.472725 91.472725 91.472725 91.472725]",[ 15.3   103.417  22.583],355.0,12,2019,8,15
"[73.670906 73.670906 73.670906 73.670906 73.670906 73.670906 73.670906
 73.670906 73.670906 73.670906 73.670906 73.670906]",[ 17.1   103.417  22.583],355.0,13,2019,8,15
"[48.71658 48.71658 48.71658 48.71658 48.71658 48.71658 48.71658 48.71658
 48.71658 48.71658 48.71658 48.71658]",[ 17.1   103.417  22.583],355.0,14,2019,8,15
"[44.10718 44.10718 44.10718 44.10718 44.10718 44.10718 44.10718 44.10718
 44.10718 44.10718 44.10718 44.10718]",[ 17.6   103.417  22.583],355.0,15,2019,8,15
"[42.173347 42.173347 42.173347 42.173347 42.173347 42.173347 42.173347
 42.173347 42.173347 42.173347 42.173347 42.173347]",[ 24.4   103.417  22.583],355.0,16,2019,8,15
"[35.55065 35.55065 35.55065 35.55065 35.55065 35.55065 35.55065 35.55065
 35.55065 35.55065 35.55065 35.55065]",[ 35.7   103.417  22.583],355.0,17,2019,8,15
"[28.716022 28.716022 28.716022 28.716022 28.716022 28.716022 28.716022
 28.716022 28.716022 28.716022 28.716022 28.716022]",[ 35.7   103.417  22.583],355.0,18,2019,8,15
"[30.490906 30.490906 30.490906 30.490906 30.490906 30.490906 30.490906
 30.490906 30.490906 30.490906 30.490906 30.490906]",[ 20.4   103.417  22.583],355.0,19,2019,8,15
"[42.3058 42.3058 42.3058 42.3058 42.3058 42.3058 42.3058 42.3058 42.3058
 42.3058 42.3058 42.3058]",[ 18.6   103.417  22.583],355.0,20,2019,8,15
"[42.305805 42.305805 42.305805 42.305805 42.305805 42.305805 42.305805
 42.305805 42.305805 42.305805 42.305805 42.305805]",[ 18.6   103.417  22.583],355.0,21,2019,8,15
"[77.59155 77.59155 77.59155 77.59155 77.59155 77.59155 77.59155 77.59155
 77.59155 77.59155 77.59155 77.59155]",[ 18.1   103.417  22.583],355.0,22,2019,8,15
"[124.3743 124.3743 124.3743 124.3743 124.3743 124.3743 124.3743 124.3743
 124.3743 124.3743 124.3743 124.3743]",[ 11.3   103.417  22.583],355.0,23,2019,8,15
"[140.71912 140.71912 140.71912 140.71912 140.71912 140.71912 140.71912
 140.71912 140.71912 140.71912 140.71912 140.71912]",[  0.    103.417  22.583],355.0,24,2019,8,15
"[155.87186 155.87186 155.87186 155.87186 155.87186 155.87186 155.87186
 155.87186 155.87186 155.87186 155.87186 155.87186]",[  0.    103.417  22.583],355.0,25,2019,8,15
"[180.48181 180.48181 180.48181 180.48181 180.48181 180.48181 180.48181
 180.48181 180.48181 180.48181 180.48181 180.48181]",[ 24.4   103.417  22.583],355.0,26,2019,8,15
"[191.81989 191.81989 191.81989 191.81989 191.81989 191.81989 191.81989
 191.81989 191.81989 191.81989 191.81989 191.81989]",[ 52.2   103.417  22.583],355.0,27,2019,8,15
"[202.52216 202.52216 202.52216 202.52216 202.52216 202.52216 202.52216
 202.52216 202.52216 202.52216 202.52216 202.52216]",[ 52.2   103.417  22.583],355.0,28,2019,8,15
"[174.4154 174.4154 174.4154 174.4154 174.4154 174.4154 174.4154 174.4154
 174.4154 174.4154 174.4154 174.4154]",[ 52.2   103.417  22.583],355.0,29,2019,8,15
"[122.281525 122.281525 122.281525 122.281525 122.281525 122.281525
 122.281525 122.281525 122.281525 122.281525 122.281525 122.281525]",[ 52.2   103.417  22.583],355.0,30,2019,8,15
"[105.59232 105.59232 105.59232 105.59232 105.59232 105.59232 105.59232
 105.59232 105.59232 105.59232 105.59232 105.59232]",[ 52.2   103.417  22.583],355.0,31,2019,8,15
"[89.08856 89.08856 89.08856 89.08856 89.08856 89.08856 89.08856 89.08856
 89.08856 89.08856 89.08856 89.08856]",[ 52.2   103.417  22.583],355.0,32,2019,8,15
"[56.690304 56.690304 56.690304 56.690304 56.690304 56.690304 56.690304
 56.690304 56.690304 56.690304 56.690304 56.690304]",[ 27.8   103.417  22.583],355.0,33,2019,8,15
"[26.80869 26.80869 26.80869 26.80869 26.80869 26.80869 26.80869 26.80869
 26.80869 26.80869 26.80869 26.80869]",[  0.    103.417  22.583],355.0,34,2019,8,15
"[12.530148 12.530148 12.530148 12.530148 12.530148 12.530148 12.530148
 12.530148 12.530148 12.530148 12.530148 12.530148]",[  0.    103.417  22.583],355.0,35,2019,8,15
"[3.8146763 3.8146763 3.8146763 3.8146763 3.8146763 3.8146763 3.8146763
 3.8146763 3.8146763 3.8146763 3.8146763 3.8146763]",[  0.    103.417  22.583],355.0,36,2019,8,15
"[22.596653 22.596653 22.596653 22.596653 22.596653 22.596653 22.596653
 22.596653 22.596653 22.596653 22.596653 22.596653]",[  8.5   103.417  22.583],355.0,37,2019,8,15
"[48.610615 48.610615 48.610615 48.610615 48.610615 48.610615 48.610615
 48.610615 48.610615 48.610615 48.610615 48.610615]",[  8.5   103.417  22.583],355.0,38,2019,8,15
"[58.465195 58.465195 58.465195 58.465195 58.465195 58.465195 58.465195
 58.465195 58.465195 58.465195 58.465195 58.465195]",[  8.5   103.417  22.583],355.0,39,2019,8,15
"[67.6575 67.6575 67.6575 67.6575 67.6575 67.6575 67.6575 67.6575 67.6575
 67.6575 67.6575 67.6575]",[  8.5   103.417  22.583],355.0,40,2019,8,15
"[78.8631 78.8631 78.8631 78.8631 78.8631 78.8631 78.8631 78.8631 78.8631
 78.8631 78.8631 78.8631]",[  8.5   103.417  22.583],355.0,41,2019,8,15
"[107.10229 107.10229 107.10229 107.10229 107.10229 107.10229 107.10229
 107.10229 107.10229 107.10229 107.10229 107.10229]",[  8.5   103.417  22.583],355.0,42,2019,8,15
"[117.80457 117.80457 117.80457 117.80457 117.80457 117.80457 117.80457
 117.80457 117.80457 117.80457 117.80457 117.80457]",[  8.5   103.417  22.583],355.0,43,2019,8,15
"[99.04909 99.04909 99.04909 99.04909 99.04909 99.04909 99.04909 99.04909
 99.04909 99.04909 99.04909 99.04909]",[  0.    103.417  22.583],355.0,44,2019,8,15
"[73.19407 73.19407 73.19407 73.19407 73.19407 73.19407 73.19407 73.19407
 73.19407 73.19407 73.19407 73.19407]",[  0.    103.417  22.583],355.0,45,2019,8,15
"[67.23364 67.23364 67.23364 67.23364 67.23364 67.23364 67.23364 67.23364
 67.23364 67.23364 67.23364 67.23364]",[  0.    103.417  22.583],355.0,46,2019,8,15
"[160.3223 160.3223 160.3223 160.3223 160.3223 160.3223 160.3223 160.3223
 160.3223 160.3223 160.3223 160.3223]",[ 80.9   103.417  22.583],355.0,7,2020,8,15
"[144.05695 144.05695 144.05695 144.05695 144.05695 144.05695 144.05695
 144.05695 144.05695 144.05695 144.05695 144.05695]",[ 33.9   103.417  22.583],355.0,8,2020,8,15
"[137.40776 137.40776 137.40776 137.40776 137.40776 137.40776 137.40776
 137.40776 137.40776 137.40776 137.40776 137.40776]",[ 13.6   103.417  22.583],355.0,9,2020,8,15
"[126.86441 126.86441 126.86441 126.86441 126.86441 126.86441 126.86441
 126.86441 126.86441 126.86441 126.86441 126.86441]",[  1.3   103.417  22.583],355.0,10,2020,8,15
"[103.39358 103.39358 103.39358 103.39358 103.39358 103.39358 103.39358
 103.39358 103.39358 103.39358 103.39358 103.39358]",[  0.    103.417  22.583],355.0,11,2020,8,15
"[85.69773 85.69773 85.69773 85.69773 85.69773 85.69773 85.69773 85.69773
 85.69773 85.69773 85.69773 85.69773]",[  0.    103.417  22.583],355.0,12,2020,8,15
"[80.00221 80.00221 80.00221 80.00221 80.00221 80.00221 80.00221 80.00221
 80.00221 80.00221 80.00221 80.00221]",[  0.    103.417  22.583],355.0,13,2020,8,15
"[80.13466 80.13466 80.13466 80.13466 80.13466 80.13466 80.13466 80.13466
 80.13466 80.13466 80.13466 80.13466]",[  0.    103.417  22.583],355.0,14,2020,8,15
"[77.40611 77.40611 77.40611 77.40611 77.40611 77.40611 77.40611 77.40611
 77.40611 77.40611 77.40611 77.40611]",[  0.    103.417  22.583],355.0,15,2020,8,15
"[63.313004 63.313004 63.313004 63.313004 63.313004 63.313004 63.313004
 63.313004 63.313004 63.313004 63.313004 63.313004]",[ 10.8   103.417  22.583],355.0,16,2020,8,15
"[51.02128 51.02128 51.02128 51.02128 51.02128 51.02128 51.02128 51.02128
 51.02128 51.02128 51.02128 51.02128]",[ 10.8   103.417  22.583],355.0,17,2020,8,15
"[45.908558 45.908558 45.908558 45.908558 45.908558 45.908558 45.908558
 45.908558 45.908558 45.908558 45.908558 45.908558]",[ 10.8   103.417  22.583],355.0,18,2020,8,15
"[46.570824 46.570824 46.570824 46.570824 46.570824 46.570824 46.570824
 46.570824 46.570824 46.570824 46.570824 46.570824]",[ 10.8   103.417  22.583],355.0,19,2020,8,15
"[44.663486 44.663486 44.663486 44.663486 44.663486 44.663486 44.663486
 44.663486 44.663486 44.663486 44.663486 44.663486]",[ 10.8   103.417  22.583],355.0,20,2020,8,15
"[25.060297 25.060297 25.060297 25.060297 25.060297 25.060297 25.060297
 25.060297 25.060297 25.060297 25.060297 25.060297]",[ 10.8   103.417  22.583],355.0,21,2020,8,15
"[19.815117 19.815117 19.815117 19.815117 19.815117 19.815117 19.815117
 19.815117 19.815117 19.815117 19.815117 19.815117]",[ 10.8   103.417  22.583],355.0,22,2020,8,15
"[33.1135 33.1135 33.1135 33.1135 33.1135 33.1135 33.1135 33.1135 33.1135
 33.1135 33.1135 33.1135]",[ 34.5   103.417  22.583],355.0,23,2020,8,15
"[31.577034 31.577034 31.577034 31.577034 31.577034 31.577034 31.577034
 31.577034 31.577034 31.577034 31.577034 31.577034]",[ 38.3   103.417  22.583],355.0,24,2020,8,15
"[30.649857 30.649857 30.649857 30.649857 30.649857 30.649857 30.649857
 30.649857 30.649857 30.649857 30.649857 30.649857]",[ 54.5   103.417  22.583],355.0,25,2020,8,15
"[28.26568 28.26568 28.26568 28.26568 28.26568 28.26568 28.26568 28.26568
 28.26568 28.26568 28.26568 28.26568]",[ 71.    103.417  22.583],355.0,26,2020,8,15
"[31.868427 31.868427 31.868427 31.868427 31.868427 31.868427 31.868427
 31.868427 31.868427 31.868427 31.868427 31.868427]",[ 71.    103.417  22.583],355.0,27,2020,8,15
"[42.22633 42.22633 42.22633 42.22633 42.22633 42.22633 42.22633 42.22633
 42.22633 42.22633 42.22633 42.22633]",[ 72.8   103.417  22.583],355.0,28,2020,8,15
"[38.464638 38.464638 38.464638 38.464638 38.464638 38.464638 38.464638
 38.464638 38.464638 38.464638 38.464638 38.464638]",[ 72.8   103.417  22.583],355.0,29,2020,8,15
"[25.219236 25.219236 25.219236 25.219236 25.219236 25.219236 25.219236
 25.219236 25.219236 25.219236 25.219236 25.219236]",[ 38.3   103.417  22.583],355.0,30,2020,8,15
"[24.795383 24.795383 24.795383 24.795383 24.795383 24.795383 24.795383
 24.795383 24.795383 24.795383 24.795383 24.795383]",[ 34.5   103.417  22.583],355.0,31,2020,8,15
"[27.232536 27.232536 27.232536 27.232536 27.232536 27.232536 27.232536
 27.232536 27.232536 27.232536 27.232536 27.232536]",[ 18.3   103.417  22.583],355.0,32,2020,8,15
"[28.080242 28.080242 28.080242 28.080242 28.080242 28.080242 28.080242
 28.080242 28.080242 28.080242 28.080242 28.080242]",[  1.8   103.417  22.583],355.0,33,2020,8,15
"[19.815119 19.815119 19.815119 19.815119 19.815119 19.815119 19.815119
 19.815119 19.815119 19.815119 19.815119 19.815119]",[  1.8   103.417  22.583],355.0,34,2020,8,15
"[7.3644433 7.3644433 7.3644433 7.3644433 7.3644433 7.3644433 7.3644433
 7.3644433 7.3644433 7.3644433 7.3644433 7.3644433]",[  0.    103.417  22.583],355.0,35,2020,8,15
"[8.132675 8.132675 8.132675 8.132675 8.132675 8.132675 8.132675 8.132675
 8.132675 8.132675 8.132675 8.132675]",[  0.    103.417  22.583],355.0,36,2020,8,15
"[34.96785 34.96785 34.96785 34.96785 34.96785 34.96785 34.96785 34.96785
 34.96785 34.96785 34.96785 34.96785]",[  2.    103.417  22.583],355.0,37,2020,8,15
"[68.77011 68.77011 68.77011 68.77011 68.77011 68.77011 68.77011 68.77011
 68.77011 68.77011 68.77011 68.77011]",[ 21.3   103.417  22.583],355.0,38,2020,8,15
"[80.82342 80.82342 80.82342 80.82342 80.82342 80.82342 80.82342 80.82342
 80.82342 80.82342 80.82342 80.82342]",[ 26.7   103.417  22.583],355.0,39,2020,8,15
"[79.551865 79.551865 79.551865 79.551865 79.551865 79.551865 79.551865
 79.551865 79.551865 79.551865 79.551865 79.551865]",[ 46.4   103.417  22.583],355.0,40,2020,8,15
"[84.0553 84.0553 84.0553 84.0553 84.0553 84.0553 84.0553 84.0553 84.0553
 84.0553 84.0553 84.0553]",[ 62.2   103.417  22.583],355.0,41,2020,8,15
"[146.14972 146.14972 146.14972 146.14972 146.14972 146.14972 146.14972
 146.14972 146.14972 146.14972 146.14972 146.14972]",[ 66.4   103.417  22.583],355.0,42,2020,8,15
"[151.50085 151.50085 151.50085 151.50085 151.50085 151.50085 151.50085
 151.50085 151.50085 151.50085 151.50085 151.50085]",[ 68.3   103.417  22.583],355.0,43,2020,8,15
"[131.39435 131.39435 131.39435 131.39435 131.39435 131.39435 131.39435
 131.39435 131.39435 131.39435 131.39435 131.39435]",[ 66.3   103.417  22.583],355.0,44,2020,8,15
"[104.7711 104.7711 104.7711 104.7711 104.7711 104.7711 104.7711 104.7711
 104.7711 104.7711 104.7711 104.7711]",[ 47.    103.417  22.583],355.0,45,2020,8,15
"[102.069046 102.069046 102.069046 102.069046 102.069046 102.069046
 102.069046 102.069046 102.069046 102.069046 102.069046 102.069046]",[ 41.6   103.417  22.583],355.0,46,2020,8,15
"[48.822544 48.822544 48.822544 48.822544 48.822544 48.822544 48.822544
 48.822544 48.822544 48.822544 48.822544 48.822544]",[ 21.9   103.417  22.583],355.0,7,2021,8,15
"[31.55054 31.55054 31.55054 31.55054 31.55054 31.55054 31.55054 31.55054
 31.55054 31.55054 31.55054 31.55054]",[  9.7   103.417  22.583],355.0,8,2021,8,15
"[24.265572 24.265572 24.265572 24.265572 24.265572 24.265572 24.265572
 24.265572 24.265572 24.265572 24.265572 24.265572]",[  0.    103.417  22.583],355.0,9,2021,8,15
"[35.418198 35.418198 35.418198 35.418198 35.418198 35.418198 35.418198
 35.418198 35.418198 35.418198 35.418198 35.418198]",[  0.    103.417  22.583],355.0,10,2021,8,15
"[48.82254 48.82254 48.82254 48.82254 48.82254 48.82254 48.82254 48.82254
 48.82254 48.82254 48.82254 48.82254]",[ 21.9   103.417  22.583],355.0,11,2021,8,15
"[46.78275 46.78275 46.78275 46.78275 46.78275 46.78275 46.78275 46.78275
 46.78275 46.78275 46.78275 46.78275]",[ 21.9   103.417  22.583],355.0,12,2021,8,15
"[55.286297 55.286297 55.286297 55.286297 55.286297 55.286297 55.286297
 55.286297 55.286297 55.286297 55.286297 55.286297]",[ 21.9   103.417  22.583],355.0,13,2021,8,15
"[66.62436 66.62436 66.62436 66.62436 66.62436 66.62436 66.62436 66.62436
 66.62436 66.62436 66.62436 66.62436]",[ 21.9   103.417  22.583],355.0,14,2021,8,15
"[68.929054 68.929054 68.929054 68.929054 68.929054 68.929054 68.929054
 68.929054 68.929054 68.929054 68.929054 68.929054]",[ 21.9   103.417  22.583],355.0,15,2021,8,15
"[62.862663 62.862663 62.862663 62.862663 62.862663 62.862663 62.862663
 62.862663 62.862663 62.862663 62.862663 62.862663]",[ 21.9   103.417  22.583],355.0,16,2021,8,15
"[60.849358 60.849358 60.849358 60.849358 60.849358 60.849358 60.849358
 60.849358 60.849358 60.849358 60.849358 60.849358]",[ 21.9   103.417  22.583],355.0,17,2021,8,15
"[49.00797 49.00797 49.00797 49.00797 49.00797 49.00797 49.00797 49.00797
 49.00797 49.00797 49.00797 49.00797]",[  0.    103.417  22.583],355.0,18,2021,8,15
"[46.014515 46.014515 46.014515 46.014515 46.014515 46.014515 46.014515
 46.014515 46.014515 46.014515 46.014515 46.014515]",[  8.6   103.417  22.583],355.0,19,2021,8,15
"[41.69651 41.69651 41.69651 41.69651 41.69651 41.69651 41.69651 41.69651
 41.69651 41.69651 41.69651 41.69651]",[  8.6   103.417  22.583],355.0,20,2021,8,15
"[36.133446 36.133446 36.133446 36.133446 36.133446 36.133446 36.133446
 36.133446 36.133446 36.133446 36.133446 36.133446]",[ 13.9   103.417  22.583],355.0,21,2021,8,15
"[40.26601 40.26601 40.26601 40.26601 40.26601 40.26601 40.26601 40.26601
 40.26601 40.26601 40.26601 40.26601]",[ 13.9   103.417  22.583],355.0,22,2021,8,15
"[46.67678 46.67678 46.67678 46.67678 46.67678 46.67678 46.67678 46.67678
 46.67678 46.67678 46.67678 46.67678]",[ 13.9   103.417  22.583],355.0,23,2021,8,15
"[48.95499 48.95499 48.95499 48.95499 48.95499 48.95499 48.95499 48.95499
 48.95499 48.95499 48.95499 48.95499]",[ 14.8   103.417  22.583],355.0,24,2021,8,15
"[54.703495 54.703495 54.703495 54.703495 54.703495 54.703495 54.703495
 54.703495 54.703495 54.703495 54.703495 54.703495]",[ 14.8   103.417  22.583],355.0,25,2021,8,15
"[56.84925 56.84925 56.84925 56.84925 56.84925 56.84925 56.84925 56.84925
 56.84925 56.84925 56.84925 56.84925]",[  6.2   103.417  22.583],355.0,26,2021,8,15
"[64.399124 64.399124 64.399124 64.399124 64.399124 64.399124 64.399124
 64.399124 64.399124 64.399124 64.399124 64.399124]",[  6.2   103.417  22.583],355.0,27,2021,8,15
"[70.09465 70.09465 70.09465 70.09465 70.09465 70.09465 70.09465 70.09465
 70.09465 70.09465 70.09465 70.09465]",[  0.9   103.417  22.583],355.0,28,2021,8,15
"[76.743835 76.743835 76.743835 76.743835 76.743835 76.743835 76.743835
 76.743835 76.743835 76.743835 76.743835 76.743835]",[  0.9   103.417  22.583],355.0,29,2021,8,15
"[80.92939 80.92939 80.92939 80.92939 80.92939 80.92939 80.92939 80.92939
 80.92939 80.92939 80.92939 80.92939]",[  3.3   103.417  22.583],355.0,30,2021,8,15
"[79.41942 79.41942 79.41942 79.41942 79.41942 79.41942 79.41942 79.41942
 79.41942 79.41942 79.41942 79.41942]",[  2.4   103.417  22.583],355.0,31,2021,8,15
"[73.72389 73.72389 73.72389 73.72389 73.72389 73.72389 73.72389 73.72389
 73.72389 73.72389 73.72389 73.72389]",[  2.4   103.417  22.583],355.0,32,2021,8,15
"[66.33296 66.33296 66.33296 66.33296 66.33296 66.33296 66.33296 66.33296
 66.33296 66.33296 66.33296 66.33296]",[ 22.1   103.417  22.583],355.0,33,2021,8,15
"[52.981598 52.981598 52.981598 52.981598 52.981598 52.981598 52.981598
 52.981598 52.981598 52.981598 52.981598 52.981598]",[ 22.1   103.417  22.583],355.0,34,2021,8,15
"[59.047985 59.047985 59.047985 59.047985 59.047985 59.047985 59.047985
 59.047985 59.047985 59.047985 59.047985 59.047985]",[ 22.1   103.417  22.583],355.0,35,2021,8,15
"[58.306248 58.306248 58.306248 58.306248 58.306248 58.306248 58.306248
 58.306248 58.306248 58.306248 58.306248 58.306248]",[ 22.1   103.417  22.583],355.0,36,2021,8,15
"[49.27289 49.27289 49.27289 49.27289 49.27289 49.27289 49.27289 49.27289
 49.27289 49.27289 49.27289 49.27289]",[ 19.7   103.417  22.583],355.0,37,2021,8,15
"[38.80902 38.80902 38.80902 38.80902 38.80902 38.80902 38.80902 38.80902
 38.80902 38.80902 38.80902 38.80902]",[ 19.7   103.417  22.583],355.0,38,2021,8,15
"[34.59698 34.59698 34.59698 34.59698 34.59698 34.59698 34.59698 34.59698
 34.59698 34.59698 34.59698 34.59698]",[ 19.7   103.417  22.583],355.0,39,2021,8,15
"[34.49102 34.49102 34.49102 34.49102 34.49102 34.49102 34.49102 34.49102
 34.49102 34.49102 34.49102 34.49102]",[  0.    103.417  22.583],355.0,40,2021,8,15
"[34.014187 34.014187 34.014187 34.014187 34.014187 34.014187 34.014187
 34.014187 34.014187 34.014187 34.014187 34.014187]",[  0.    103.417  22.583],355.0,41,2021,8,15
"[15.046772 15.046772 15.046772 15.046772 15.046772 15.046772 15.046772
 15.046772 15.046772 15.046772 15.046772 15.046772]",[  0.    103.417  22.583],355.0,42,2021,8,15
"[1.6954094 1.6954094 1.6954094 1.6954094 1.6954094 1.6954094 1.6954094
 1.6954094 1.6954094 1.6954094 1.6954094 1.6954094]",[  0.    103.417  22.583],355.0,43,2021,8,15
"[0.13245344 0.13245344 0.13245344 0.13245344 0.13245344 0.13245344
 0.13245344 0.13245344 0.13245344 0.13245344 0.13245344 0.13245344]",[  0.    103.417  22.583],355.0,44,2021,8,15
[0. 0. 0. 0. 0. 0. 0. 0. 0. 0. 0. 0.],[  0.    103.417  22.583],355.0,45,2021,8,15
[0. 0. 0. 0. 0. 0. 0. 0. 0. 0. 0. 0.],[ 26.2   103.417  22.583],355.0,46,2021,8,15
"[99.46171 99.46171 99.46171 99.46171 99.46171 99.46171 99.46171 99.46171
 99.46171 99.46171 99.46171 99.46171]",[ 65.1   103.417  22.583],355.0,7,2018,8,18
"[82.11058 82.11058 82.11058 82.11058 82.11058 82.11058 82.11058 82.11058
 82.11058 82.11058 82.11058 82.11058]",[ 65.1   103.417  22.583],355.0,8,2018,8,18
"[76.15328 76.15328 76.15328 76.15328 76.15328 76.15328 76.15328 76.15328
 76.15328 76.15328 76.15328 76.15328]",[ 64.8   103.417  22.583],355.0,9,2018,8,18
"[69.55028 69.55028 69.55028 69.55028 69.55028 69.55028 69.55028 69.55028
 69.55028 69.55028 69.55028 69.55028]",[ 82.    103.417  22.583],355.0,10,2018,8,18
"[56.38593 56.38593 56.38593 56.38593 56.38593 56.38593 56.38593 56.38593
 56.38593 56.38593 56.38593 56.38593]",[ 45.5   103.417  22.583],355.0,11,2018,8,18
"[43.221577 43.221577 43.221577 43.221577 43.221577 43.221577 43.221577
 43.221577 43.221577 43.221577 43.221577 43.221577]",[ 63.8   103.417  22.583],355.0,12,2018,8,18
"[35.098003 35.098003 35.098003 35.098003 35.098003 35.098003 35.098003
 35.098003 35.098003 35.098003 35.098003 35.098003]",[ 99.3   103.417  22.583],355.0,13,2018,8,18
"[20.600548 20.600548 20.600548 20.600548 20.600548 20.600548 20.600548
 20.600548 20.600548 20.600548 20.600548 20.600548]",[ 93.7   103.417  22.583],355.0,14,2018,8,18
"[20.433912 20.433912 20.433912 20.433912 20.433912 20.433912 20.433912
 20.433912 20.433912 20.433912 20.433912 20.433912]",[113.    103.417  22.583],355.0,15,2018,8,18
"[42.242584 42.242584 42.242584 42.242584 42.242584 42.242584 42.242584
 42.242584 42.242584 42.242584 42.242584 42.242584]",[111.2   103.417  22.583],355.0,16,2018,8,18
"[57.23995 57.23995 57.23995 57.23995 57.23995 57.23995 57.23995 57.23995
 57.23995 57.23995 57.23995 57.23995]",[ 95.4   103.417  22.583],355.0,17,2018,8,18
"[68.675446 68.675446 68.675446 68.675446 68.675446 68.675446 68.675446
 68.675446 68.675446 68.675446 68.675446 68.675446]",[ 86.5   103.417  22.583],355.0,18,2018,8,18
"[74.19531 74.19531 74.19531 74.19531 74.19531 74.19531 74.19531 74.19531
 74.19531 74.19531 74.19531 74.19531]",[ 67.2   103.417  22.583],355.0,19,2018,8,18
"[100.48236 100.48236 100.48236 100.48236 100.48236 100.48236 100.48236
 100.48236 100.48236 100.48236 100.48236 100.48236]",[ 28.5   103.417  22.583],355.0,20,2018,8,18
"[109.4183 109.4183 109.4183 109.4183 109.4183 109.4183 109.4183 109.4183
 109.4183 109.4183 109.4183 109.4183]",[ 29.8   103.417  22.583],355.0,21,2018,8,18
"[112.87602 112.87602 112.87602 112.87602 112.87602 112.87602 112.87602
 112.87602 112.87602 112.87602 112.87602 112.87602]",[ 10.5   103.417  22.583],355.0,22,2018,8,18
"[91.69224 91.69224 91.69224 91.69224 91.69224 91.69224 91.69224 91.69224
 91.69224 91.69224 91.69224 91.69224]",[  4.1   103.417  22.583],355.0,23,2018,8,18
"[75.924164 75.924164 75.924164 75.924164 75.924164 75.924164 75.924164
 75.924164 75.924164 75.924164 75.924164 75.924164]",[  2.7   103.417  22.583],355.0,24,2018,8,18
"[64.3637 64.3637 64.3637 64.3637 64.3637 64.3637 64.3637 64.3637 64.3637
 64.3637 64.3637 64.3637]",[  6.1   103.417  22.583],355.0,25,2018,8,18
"[79.65268 79.65268 79.65268 79.65268 79.65268 79.65268 79.65268 79.65268
 79.65268 79.65268 79.65268 79.65268]",[  6.3   103.417  22.583],355.0,26,2018,8,18
"[68.30051 68.30051 68.30051 68.30051 68.30051 68.30051 68.30051 68.30051
 68.30051 68.30051 68.30051 68.30051]",[  5.8   103.417  22.583],355.0,27,2018,8,18
"[55.21947 55.21947 55.21947 55.21947 55.21947 55.21947 55.21947 55.21947
 55.21947 55.21947 55.21947 55.21947]",[  3.6   103.417  22.583],355.0,28,2018,8,18
"[44.575504 44.575504 44.575504 44.575504 44.575504 44.575504 44.575504
 44.575504 44.575504 44.575504 44.575504 44.575504]",[  3.6   103.417  22.583],355.0,29,2018,8,18
"[43.53402 43.53402 43.53402 43.53402 43.53402 43.53402 43.53402 43.53402
 43.53402 43.53402 43.53402 43.53402]",[  3.6   103.417  22.583],355.0,30,2018,8,18
"[43.138256 43.138256 43.138256 43.138256 43.138256 43.138256 43.138256
 43.138256 43.138256 43.138256 43.138256 43.138256]",[  7.4   103.417  22.583],355.0,31,2018,8,18
"[43.117428 43.117428 43.117428 43.117428 43.117428 43.117428 43.117428
 43.117428 43.117428 43.117428 43.117428 43.117428]",[  6.3   103.417  22.583],355.0,32,2018,8,18
"[21.204613 21.204613 21.204613 21.204613 21.204613 21.204613 21.204613
 21.204613 21.204613 21.204613 21.204613 21.204613]",[  6.1   103.417  22.583],355.0,33,2018,8,18
"[2.9994726 2.9994726 2.9994726 2.9994726 2.9994726 2.9994726 2.9994726
 2.9994726 2.9994726 2.9994726 2.9994726 2.9994726]",[  6.1   103.417  22.583],355.0,34,2018,8,18
"[0.9581655 0.9581655 0.9581655 0.9581655 0.9581655 0.9581655 0.9581655
 0.9581655 0.9581655 0.9581655 0.9581655 0.9581655]",[  6.1   103.417  22.583],355.0,35,2018,8,18
"[0.22912621 0.22912621 0.22912621 0.22912621 0.22912621 0.22912621
 0.22912621 0.22912621 0.22912621 0.22912621 0.22912621 0.22912621]",[  6.1   103.417  22.583],355.0,36,2018,8,18
"[0.06248951 0.06248951 0.06248951 0.06248951 0.06248951 0.06248951
 0.06248951 0.06248951 0.06248951 0.06248951 0.06248951 0.06248951]",[  6.1   103.417  22.583],355.0,37,2018,8,18
"[0.10415018 0.10415018 0.10415018 0.10415018 0.10415018 0.10415018
 0.10415018 0.10415018 0.10415018 0.10415018 0.10415018 0.10415018]",[  2.3   103.417  22.583],355.0,38,2018,8,18
"[0.8748472 0.8748472 0.8748472 0.8748472 0.8748472 0.8748472 0.8748472
 0.8748472 0.8748472 0.8748472 0.8748472 0.8748472]",[  0.    103.417  22.583],355.0,39,2018,8,18
"[1.145634 1.145634 1.145634 1.145634 1.145634 1.145634 1.145634 1.145634
 1.145634 1.145634 1.145634 1.145634]",[  5.2   103.417  22.583],355.0,40,2018,8,18
"[1.145634 1.145634 1.145634 1.145634 1.145634 1.145634 1.145634 1.145634
 1.145634 1.145634 1.145634 1.145634]",[ 31.8   103.417  22.583],355.0,41,2018,8,18
"[1.145634 1.145634 1.145634 1.145634 1.145634 1.145634 1.145634 1.145634
 1.145634 1.145634 1.145634 1.145634]",[ 32.5   103.417  22.583],355.0,42,2018,8,18
"[1.145634 1.145634 1.145634 1.145634 1.145634 1.145634 1.145634 1.145634
 1.145634 1.145634 1.145634 1.145634]",[ 32.5   103.417  22.583],355.0,43,2018,8,18
"[1.1039734 1.1039734 1.1039734 1.1039734 1.1039734 1.1039734 1.1039734
 1.1039734 1.1039734 1.1039734 1.1039734 1.1039734]",[ 32.5   103.417  22.583],355.0,44,2018,8,18
"[1.0623127 1.0623127 1.0623127 1.0623127 1.0623127 1.0623127 1.0623127
 1.0623127 1.0623127 1.0623127 1.0623127 1.0623127]",[ 32.5   103.417  22.583],355.0,45,2018,8,18
"[0.31244457 0.31244457 0.31244457 0.31244457 0.31244457 0.31244457
 0.31244457 0.31244457 0.31244457 0.31244457 0.31244457 0.31244457]",[ 32.5   103.417  22.583],355.0,46,2018,8,18
"[85.73495 85.73495 85.73495 85.73495 85.73495 85.73495 85.73495 85.73495
 85.73495 85.73495 85.73495 85.73495]",[  0.    103.417  22.583],355.0,7,2019,8,18
"[90.15084 90.15084 90.15084 90.15084 90.15084 90.15084 90.15084 90.15084
 90.15084 90.15084 90.15084 90.15084]",[  0.    103.417  22.583],355.0,8,2019,8,18
"[84.25604 84.25604 84.25604 84.25604 84.25604 84.25604 84.25604 84.25604
 84.25604 84.25604 84.25604 84.25604]",[ 15.3   103.417  22.583],355.0,9,2019,8,18
"[77.52805 77.52805 77.52805 77.52805 77.52805 77.52805 77.52805 77.52805
 77.52805 77.52805 77.52805 77.52805]",[ 17.1   103.417  22.583],355.0,10,2019,8,18
"[71.98736 71.98736 71.98736 71.98736 71.98736 71.98736 71.98736 71.98736
 71.98736 71.98736 71.98736 71.98736]",[ 17.1   103.417  22.583],355.0,11,2019,8,18
"[63.842957 63.842957 63.842957 63.842957 63.842957 63.842957 63.842957
 63.842957 63.842957 63.842957 63.842957 63.842957]",[ 17.6   103.417  22.583],355.0,12,2019,8,18
"[33.66076 33.66076 33.66076 33.66076 33.66076 33.66076 33.66076 33.66076
 33.66076 33.66076 33.66076 33.66076]",[ 24.4   103.417  22.583],355.0,13,2019,8,18
"[29.411505 29.411505 29.411505 29.411505 29.411505 29.411505 29.411505
 29.411505 29.411505 29.411505 29.411505 29.411505]",[ 35.7   103.417  22.583],355.0,14,2019,8,18
"[41.659355 41.659355 41.659355 41.659355 41.659355 41.659355 41.659355
 41.659355 41.659355 41.659355 41.659355 41.659355]",[ 35.7   103.417  22.583],355.0,15,2019,8,18
"[53.657253 53.657253 53.657253 53.657253 53.657253 53.657253 53.657253
 53.657253 53.657253 53.657253 53.657253 53.657253]",[ 20.4   103.417  22.583],355.0,16,2019,8,18
"[56.32345 56.32345 56.32345 56.32345 56.32345 56.32345 56.32345 56.32345
 56.32345 56.32345 56.32345 56.32345]",[ 18.6   103.417  22.583],355.0,17,2019,8,18
"[57.53157 57.53157 57.53157 57.53157 57.53157 57.53157 57.53157 57.53157
 57.53157 57.53157 57.53157 57.53157]",[ 18.6   103.417  22.583],355.0,18,2019,8,18
"[58.13563 58.13563 58.13563 58.13563 58.13563 58.13563 58.13563 58.13563
 58.13563 58.13563 58.13563 58.13563]",[ 18.1   103.417  22.583],355.0,19,2019,8,18
"[54.38629 54.38629 54.38629 54.38629 54.38629 54.38629 54.38629 54.38629
 54.38629 54.38629 54.38629 54.38629]",[ 11.3   103.417  22.583],355.0,20,2019,8,18
"[60.031136 60.031136 60.031136 60.031136 60.031136 60.031136 60.031136
 60.031136 60.031136 60.031136 60.031136 60.031136]",[  0.    103.417  22.583],355.0,21,2019,8,18
"[65.44685 65.44685 65.44685 65.44685 65.44685 65.44685 65.44685 65.44685
 65.44685 65.44685 65.44685 65.44685]",[  0.    103.417  22.583],355.0,22,2019,8,18
"[77.50723 77.50723 77.50723 77.50723 77.50723 77.50723 77.50723 77.50723
 77.50723 77.50723 77.50723 77.50723]",[ 24.4   103.417  22.583],355.0,23,2019,8,18
"[99.79498 99.79498 99.79498 99.79498 99.79498 99.79498 99.79498 99.79498
 99.79498 99.79498 99.79498 99.79498]",[ 52.2   103.417  22.583],355.0,24,2019,8,18
"[125.748764 125.748764 125.748764 125.748764 125.748764 125.748764
 125.748764 125.748764 125.748764 125.748764 125.748764 125.748764]",[ 52.2   103.417  22.583],355.0,25,2019,8,18
"[139.82962 139.82962 139.82962 139.82962 139.82962 139.82962 139.82962
 139.82962 139.82962 139.82962 139.82962 139.82962]",[ 52.2   103.417  22.583],355.0,26,2019,8,18
"[139.57967 139.57967 139.57967 139.57967 139.57967 139.57967 139.57967
 139.57967 139.57967 139.57967 139.57967 139.57967]",[ 52.2   103.417  22.583],355.0,27,2019,8,18
"[124.249016 124.249016 124.249016 124.249016 124.249016 124.249016
 124.249016 124.249016 124.249016 124.249016 124.249016 124.249016]",[ 52.2   103.417  22.583],355.0,28,2019,8,18
"[104.52332 104.52332 104.52332 104.52332 104.52332 104.52332 104.52332
 104.52332 104.52332 104.52332 104.52332 104.52332]",[ 52.2   103.417  22.583],355.0,29,2019,8,18
"[93.58774 93.58774 93.58774 93.58774 93.58774 93.58774 93.58774 93.58774
 93.58774 93.58774 93.58774 93.58774]",[ 27.8   103.417  22.583],355.0,30,2019,8,18
"[91.96303 91.96303 91.96303 91.96303 91.96303 91.96303 91.96303 91.96303
 91.96303 91.96303 91.96303 91.96303]",[  0.    103.417  22.583],355.0,31,2019,8,18
"[70.69593 70.69593 70.69593 70.69593 70.69593 70.69593 70.69593 70.69593
 70.69593 70.69593 70.69593 70.69593]",[  0.    103.417  22.583],355.0,32,2019,8,18
"[57.260784 57.260784 57.260784 57.260784 57.260784 57.260784 57.260784
 57.260784 57.260784 57.260784 57.260784 57.260784]",[  0.    103.417  22.583],355.0,33,2019,8,18
"[56.844196 56.844196 56.844196 56.844196 56.844196 56.844196 56.844196
 56.844196 56.844196 56.844196 56.844196 56.844196]",[  8.5   103.417  22.583],355.0,34,2019,8,18
"[57.010834 57.010834 57.010834 57.010834 57.010834 57.010834 57.010834
 57.010834 57.010834 57.010834 57.010834 57.010834]",[  8.5   103.417  22.583],355.0,35,2019,8,18
"[54.365463 54.365463 54.365463 54.365463 54.365463 54.365463 54.365463
 54.365463 54.365463 54.365463 54.365463 54.365463]",[  8.5   103.417  22.583],355.0,36,2019,8,18
"[38.430763 38.430763 38.430763 38.430763 38.430763 38.430763 38.430763
 38.430763 38.430763 38.430763 38.430763 38.430763]",[  8.5   103.417  22.583],355.0,37,2019,8,18
"[12.247854 12.247854 12.247854 12.247854 12.247854 12.247854 12.247854
 12.247854 12.247854 12.247854 12.247854 12.247854]",[  8.5   103.417  22.583],355.0,38,2019,8,18
"[3.7910044 3.7910044 3.7910044 3.7910044 3.7910044 3.7910044 3.7910044
 3.7910044 3.7910044 3.7910044 3.7910044 3.7910044]",[  8.5   103.417  22.583],355.0,39,2019,8,18
"[1.4372498 1.4372498 1.4372498 1.4372498 1.4372498 1.4372498 1.4372498
 1.4372498 1.4372498 1.4372498 1.4372498 1.4372498]",[  8.5   103.417  22.583],355.0,40,2019,8,18
"[0.35410523 0.35410523 0.35410523 0.35410523 0.35410523 0.35410523
 0.35410523 0.35410523 0.35410523 0.35410523 0.35410523 0.35410523]",[  0.    103.417  22.583],355.0,41,2019,8,18
"[1.4580786 1.4580786 1.4580786 1.4580786 1.4580786 1.4580786 1.4580786
 1.4580786 1.4580786 1.4580786 1.4580786 1.4580786]",[  0.    103.417  22.583],355.0,42,2019,8,18
"[11.956236 11.956236 11.956236 11.956236 11.956236 11.956236 11.956236
 11.956236 11.956236 11.956236 11.956236 11.956236]",[  0.    103.417  22.583],355.0,43,2019,8,18
"[17.851034 17.851034 17.851034 17.851034 17.851034 17.851034 17.851034
 17.851034 17.851034 17.851034 17.851034 17.851034]",[  0.    103.417  22.583],355.0,44,2019,8,18
"[18.434265 18.434265 18.434265 18.434265 18.434265 18.434265 18.434265
 18.434265 18.434265 18.434265 18.434265 18.434265]",[  0.    103.417  22.583],355.0,45,2019,8,18
"[18.475925 18.475925 18.475925 18.475925 18.475925 18.475925 18.475925
 18.475925 18.475925 18.475925 18.475925 18.475925]",[  0.    103.417  22.583],355.0,46,2019,8,18
"[108.87672 108.87672 108.87672 108.87672 108.87672 108.87672 108.87672
 108.87672 108.87672 108.87672 108.87672 108.87672]",[  1.3   103.417  22.583],355.0,7,2020,8,18
"[81.67316 81.67316 81.67316 81.67316 81.67316 81.67316 81.67316 81.67316
 81.67316 81.67316 81.67316 81.67316]",[  0.    103.417  22.583],355.0,8,2020,8,18
"[75.90334 75.90334 75.90334 75.90334 75.90334 75.90334 75.90334 75.90334
 75.90334 75.90334 75.90334 75.90334]",[  0.    103.417  22.583],355.0,9,2020,8,18
"[68.23802 68.23802 68.23802 68.23802 68.23802 68.23802 68.23802 68.23802
 68.23802 68.23802 68.23802 68.23802]",[  0.    103.417  22.583],355.0,10,2020,8,18
"[46.616817 46.616817 46.616817 46.616817 46.616817 46.616817 46.616817
 46.616817 46.616817 46.616817 46.616817 46.616817]",[  0.    103.417  22.583],355.0,11,2020,8,18
"[40.263767 40.263767 40.263767 40.263767 40.263767 40.263767 40.263767
 40.263767 40.263767 40.263767 40.263767 40.263767]",[  0.    103.417  22.583],355.0,12,2020,8,18
"[33.410805 33.410805 33.410805 33.410805 33.410805 33.410805 33.410805
 33.410805 33.410805 33.410805 33.410805 33.410805]",[ 10.8   103.417  22.583],355.0,13,2020,8,18
"[42.346737 42.346737 42.346737 42.346737 42.346737 42.346737 42.346737
 42.346737 42.346737 42.346737 42.346737 42.346737]",[ 10.8   103.417  22.583],355.0,14,2020,8,18
"[52.59494 52.59494 52.59494 52.59494 52.59494 52.59494 52.59494 52.59494
 52.59494 52.59494 52.59494 52.59494]",[ 10.8   103.417  22.583],355.0,15,2020,8,18
"[62.843136 62.843136 62.843136 62.843136 62.843136 62.843136 62.843136
 62.843136 62.843136 62.843136 62.843136 62.843136]",[ 10.8   103.417  22.583],355.0,16,2020,8,18
"[58.489735 58.489735 58.489735 58.489735 58.489735 58.489735 58.489735
 58.489735 58.489735 58.489735 58.489735 58.489735]",[ 10.8   103.417  22.583],355.0,17,2020,8,18
"[61.05178 61.05178 61.05178 61.05178 61.05178 61.05178 61.05178 61.05178
 61.05178 61.05178 61.05178 61.05178]",[ 10.8   103.417  22.583],355.0,18,2020,8,18
"[68.73793 68.73793 68.73793 68.73793 68.73793 68.73793 68.73793 68.73793
 68.73793 68.73793 68.73793 68.73793]",[ 10.8   103.417  22.583],355.0,19,2020,8,18
"[70.675095 70.675095 70.675095 70.675095 70.675095 70.675095 70.675095
 70.675095 70.675095 70.675095 70.675095 70.675095]",[ 34.5   103.417  22.583],355.0,20,2020,8,18
"[63.238895 63.238895 63.238895 63.238895 63.238895 63.238895 63.238895
 63.238895 63.238895 63.238895 63.238895 63.238895]",[ 38.3   103.417  22.583],355.0,21,2020,8,18
"[53.76139 53.76139 53.76139 53.76139 53.76139 53.76139 53.76139 53.76139
 53.76139 53.76139 53.76139 53.76139]",[ 54.5   103.417  22.583],355.0,22,2020,8,18
"[47.69996 47.69996 47.69996 47.69996 47.69996 47.69996 47.69996 47.69996
 47.69996 47.69996 47.69996 47.69996]",[ 71.    103.417  22.583],355.0,23,2020,8,18
"[75.40343 75.40343 75.40343 75.40343 75.40343 75.40343 75.40343 75.40343
 75.40343 75.40343 75.40343 75.40343]",[ 71.    103.417  22.583],355.0,24,2020,8,18
"[101.16974 101.16974 101.16974 101.16974 101.16974 101.16974 101.16974
 101.16974 101.16974 101.16974 101.16974 101.16974]",[ 72.8   103.417  22.583],355.0,25,2020,8,18
"[109.54328 109.54328 109.54328 109.54328 109.54328 109.54328 109.54328
 109.54328 109.54328 109.54328 109.54328 109.54328]",[ 72.8   103.417  22.583],355.0,26,2020,8,18
"[126.102875 126.102875 126.102875 126.102875 126.102875 126.102875
 126.102875 126.102875 126.102875 126.102875 126.102875 126.102875]",[ 38.3   103.417  22.583],355.0,27,2020,8,18
"[145.37033 145.37033 145.37033 145.37033 145.37033 145.37033 145.37033
 145.37033 145.37033 145.37033 145.37033 145.37033]",[ 34.5   103.417  22.583],355.0,28,2020,8,18
"[143.47482 143.47482 143.47482 143.47482 143.47482 143.47482 143.47482
 143.47482 143.47482 143.47482 143.47482 143.47482]",[ 18.3   103.417  22.583],355.0,29,2020,8,18
"[139.85046 139.85046 139.85046 139.85046 139.85046 139.85046 139.85046
 139.85046 139.85046 139.85046 139.85046 139.85046]",[  1.8   103.417  22.583],355.0,30,2020,8,18
"[110.480606 110.480606 110.480606 110.480606 110.480606 110.480606
 110.480606 110.480606 110.480606 110.480606 110.480606 110.480606]",[  1.8   103.417  22.583],355.0,31,2020,8,18
"[101.04477 101.04477 101.04477 101.04477 101.04477 101.04477 101.04477
 101.04477 101.04477 101.04477 101.04477 101.04477]",[  0.    103.417  22.583],355.0,32,2020,8,18
"[118.18759 118.18759 118.18759 118.18759 118.18759 118.18759 118.18759
 118.18759 118.18759 118.18759 118.18759 118.18759]",[  0.    103.417  22.583],355.0,33,2020,8,18
"[114.50073 114.50073 114.50073 114.50073 114.50073 114.50073 114.50073
 114.50073 114.50073 114.50073 114.50073 114.50073]",[  2.    103.417  22.583],355.0,34,2020,8,18
"[109.02254 109.02254 109.02254 109.02254 109.02254 109.02254 109.02254
 109.02254 109.02254 109.02254 109.02254 109.02254]",[ 21.3   103.417  22.583],355.0,35,2020,8,18
"[106.81459 106.81459 106.81459 106.81459 106.81459 106.81459 106.81459
 106.81459 106.81459 106.81459 106.81459 106.81459]",[ 26.7   103.417  22.583],355.0,36,2020,8,18
"[110.79306 110.79306 110.79306 110.79306 110.79306 110.79306 110.79306
 110.79306 110.79306 110.79306 110.79306 110.79306]",[ 46.4   103.417  22.583],355.0,37,2020,8,18
"[144.26636 144.26636 144.26636 144.26636 144.26636 144.26636 144.26636
 144.26636 144.26636 144.26636 144.26636 144.26636]",[ 62.2   103.417  22.583],355.0,38,2020,8,18
"[175.28174 175.28174 175.28174 175.28174 175.28174 175.28174 175.28174
 175.28174 175.28174 175.28174 175.28174 175.28174]",[ 66.4   103.417  22.583],355.0,39,2020,8,18
"[179.17688 179.17688 179.17688 179.17688 179.17688 179.17688 179.17688
 179.17688 179.17688 179.17688 179.17688 179.17688]",[ 68.3   103.417  22.583],355.0,40,2020,8,18
"[178.67697 178.67697 178.67697 178.67697 178.67697 178.67697 178.67697
 178.67697 178.67697 178.67697 178.67697 178.67697]",[ 66.3   103.417  22.583],355.0,41,2020,8,18
"[164.76274 164.76274 164.76274 164.76274 164.76274 164.76274 164.76274
 164.76274 164.76274 164.76274 164.76274 164.76274]",[ 47.    103.417  22.583],355.0,42,2020,8,18
"[162.9089 162.9089 162.9089 162.9089 162.9089 162.9089 162.9089 162.9089
 162.9089 162.9089 162.9089 162.9089]",[ 41.6   103.417  22.583],355.0,43,2020,8,18
"[161.65912 161.65912 161.65912 161.65912 161.65912 161.65912 161.65912
 161.65912 161.65912 161.65912 161.65912 161.65912]",[ 21.9   103.417  22.583],355.0,44,2020,8,18
"[139.76712 139.76712 139.76712 139.76712 139.76712 139.76712 139.76712
 139.76712 139.76712 139.76712 139.76712 139.76712]",[  6.1   103.417  22.583],355.0,45,2020,8,18
"[93.69188 93.69188 93.69188 93.69188 93.69188 93.69188 93.69188 93.69188
 93.69188 93.69188 93.69188 93.69188]",[  1.9   103.417  22.583],355.0,46,2020,8,18
"[32.18185 32.18185 32.18185 32.18185 32.18185 32.18185 32.18185 32.18185
 32.18185 32.18185 32.18185 32.18185]",[  0.    103.417  22.583],355.0,7,2021,8,18
"[37.93084 37.93084 37.93084 37.93084 37.93084 37.93084 37.93084 37.93084
 37.93084 37.93084 37.93084 37.93084]",[ 21.9   103.417  22.583],355.0,8,2021,8,18
"[41.99263 41.99263 41.99263 41.99263 41.99263 41.99263 41.99263 41.99263
 41.99263 41.99263 41.99263 41.99263]",[ 21.9   103.417  22.583],355.0,9,2021,8,18
"[46.700134 46.700134 46.700134 46.700134 46.700134 46.700134 46.700134
 46.700134 46.700134 46.700134 46.700134 46.700134]",[ 21.9   103.417  22.583],355.0,10,2021,8,18
"[70.966705 70.966705 70.966705 70.966705 70.966705 70.966705 70.966705
 70.966705 70.966705 70.966705 70.966705 70.966705]",[ 21.9   103.417  22.583],355.0,11,2021,8,18
"[118.06261 118.06261 118.06261 118.06261 118.06261 118.06261 118.06261
 118.06261 118.06261 118.06261 118.06261 118.06261]",[ 21.9   103.417  22.583],355.0,12,2021,8,18
"[123.02007 123.02007 123.02007 123.02007 123.02007 123.02007 123.02007
 123.02007 123.02007 123.02007 123.02007 123.02007]",[ 21.9   103.417  22.583],355.0,13,2021,8,18
"[131.78937 131.78937 131.78937 131.78937 131.78937 131.78937 131.78937
 131.78937 131.78937 131.78937 131.78937 131.78937]",[ 21.9   103.417  22.583],355.0,14,2021,8,18
"[138.07993 138.07993 138.07993 138.07993 138.07993 138.07993 138.07993
 138.07993 138.07993 138.07993 138.07993 138.07993]",[  0.    103.417  22.583],355.0,15,2021,8,18
"[131.68523 131.68523 131.68523 131.68523 131.68523 131.68523 131.68523
 131.68523 131.68523 131.68523 131.68523 131.68523]",[  8.6   103.417  22.583],355.0,16,2021,8,18
"[122.895096 122.895096 122.895096 122.895096 122.895096 122.895096
 122.895096 122.895096 122.895096 122.895096 122.895096 122.895096]",[  8.6   103.417  22.583],355.0,17,2021,8,18
"[99.024284 99.024284 99.024284 99.024284 99.024284 99.024284 99.024284
 99.024284 99.024284 99.024284 99.024284 99.024284]",[ 13.9   103.417  22.583],355.0,18,2021,8,18
"[53.61559 53.61559 53.61559 53.61559 53.61559 53.61559 53.61559 53.61559
 53.61559 53.61559 53.61559 53.61559]",[ 13.9   103.417  22.583],355.0,19,2021,8,18
"[48.179043 48.179043 48.179043 48.179043 48.179043 48.179043 48.179043
 48.179043 48.179043 48.179043 48.179043 48.179043]",[ 13.9   103.417  22.583],355.0,20,2021,8,18
"[31.327835 31.327835 31.327835 31.327835 31.327835 31.327835 31.327835
 31.327835 31.327835 31.327835 31.327835 31.327835]",[ 14.8   103.417  22.583],355.0,21,2021,8,18
"[32.556786 32.556786 32.556786 32.556786 32.556786 32.556786 32.556786
 32.556786 32.556786 32.556786 32.556786 32.556786]",[ 14.8   103.417  22.583],355.0,22,2021,8,18
"[44.53385 44.53385 44.53385 44.53385 44.53385 44.53385 44.53385 44.53385
 44.53385 44.53385 44.53385 44.53385]",[  6.2   103.417  22.583],355.0,23,2021,8,18
"[57.92733 57.92733 57.92733 57.92733 57.92733 57.92733 57.92733 57.92733
 57.92733 57.92733 57.92733 57.92733]",[  6.2   103.417  22.583],355.0,24,2021,8,18
"[68.94623 68.94623 68.94623 68.94623 68.94623 68.94623 68.94623 68.94623
 68.94623 68.94623 68.94623 68.94623]",[  0.9   103.417  22.583],355.0,25,2021,8,18
"[79.69434 79.69434 79.69434 79.69434 79.69434 79.69434 79.69434 79.69434
 79.69434 79.69434 79.69434 79.69434]",[  0.9   103.417  22.583],355.0,26,2021,8,18
"[84.81844 84.81844 84.81844 84.81844 84.81844 84.81844 84.81844 84.81844
 84.81844 84.81844 84.81844 84.81844]",[  3.3   103.417  22.583],355.0,27,2021,8,18
"[87.38049 87.38049 87.38049 87.38049 87.38049 87.38049 87.38049 87.38049
 87.38049 87.38049 87.38049 87.38049]",[  2.4   103.417  22.583],355.0,28,2021,8,18
"[82.92294 82.92294 82.92294 82.92294 82.92294 82.92294 82.92294 82.92294
 82.92294 82.92294 82.92294 82.92294]",[  2.4   103.417  22.583],355.0,29,2021,8,18
"[86.63063 86.63063 86.63063 86.63063 86.63063 86.63063 86.63063 86.63063
 86.63063 86.63063 86.63063 86.63063]",[ 22.1   103.417  22.583],355.0,30,2021,8,18
"[82.75632 82.75632 82.75632 82.75632 82.75632 82.75632 82.75632 82.75632
 82.75632 82.75632 82.75632 82.75632]",[ 22.1   103.417  22.583],355.0,31,2021,8,18
"[73.09134 73.09134 73.09134 73.09134 73.09134 73.09134 73.09134 73.09134
 73.09134 73.09134 73.09134 73.09134]",[ 22.1   103.417  22.583],355.0,32,2021,8,18
"[60.5727 60.5727 60.5727 60.5727 60.5727 60.5727 60.5727 60.5727 60.5727
 60.5727 60.5727 60.5727]",[ 22.1   103.417  22.583],355.0,33,2021,8,18
"[101.273895 101.273895 101.273895 101.273895 101.273895 101.273895
 101.273895 101.273895 101.273895 101.273895 101.273895 101.273895]",[ 19.7   103.417  22.583],355.0,34,2021,8,18
"[113.5009 113.5009 113.5009 113.5009 113.5009 113.5009 113.5009 113.5009
 113.5009 113.5009 113.5009 113.5009]",[ 19.7   103.417  22.583],355.0,35,2021,8,18
"[114.854836 114.854836 114.854836 114.854836 114.854836 114.854836
 114.854836 114.854836 114.854836 114.854836 114.854836 114.854836]",[ 19.7   103.417  22.583],355.0,36,2021,8,18
"[113.60504 113.60504 113.60504 113.60504 113.60504 113.60504 113.60504
 113.60504 113.60504 113.60504 113.60504 113.60504]",[  0.    103.417  22.583],355.0,37,2021,8,18
"[113.063484 113.063484 113.063484 113.063484 113.063484 113.063484
 113.063484 113.063484 113.063484 113.063484 113.063484 113.063484]",[  0.    103.417  22.583],355.0,38,2021,8,18
"[112.16781 112.16781 112.16781 112.16781 112.16781 112.16781 112.16781
 112.16781 112.16781 112.16781 112.16781 112.16781]",[  0.    103.417  22.583],355.0,39,2021,8,18
"[112.022 112.022 112.022 112.022 112.022 112.022 112.022 112.022 112.022
 112.022 112.022 112.022]",[  0.    103.417  22.583],355.0,40,2021,8,18
"[62.614 62.614 62.614 62.614 62.614 62.614 62.614 62.614 62.614 62.614
 62.614 62.614]",[  0.    103.417  22.583],355.0,41,2021,8,18
"[42.15926 42.15926 42.15926 42.15926 42.15926 42.15926 42.15926 42.15926
 42.15926 42.15926 42.15926 42.15926]",[  0.    103.417  22.583],355.0,42,2021,8,18
"[30.68211 30.68211 30.68211 30.68211 30.68211 30.68211 30.68211 30.68211
 30.68211 30.68211 30.68211 30.68211]",[ 26.2   103.417  22.583],355.0,43,2021,8,18
"[14.039201 14.039201 14.039201 14.039201 14.039201 14.039201 14.039201
 14.039201 14.039201 14.039201 14.039201 14.039201]",[ 26.2   103.417  22.583],355.0,44,2021,8,18
"[2.8744936 2.8744936 2.8744936 2.8744936 2.8744936 2.8744936 2.8744936
 2.8744936 2.8744936 2.8744936 2.8744936 2.8744936]",[ 69.    103.417  22.583],355.0,45,2021,8,18
"[1.3122678 1.3122678 1.3122678 1.3122678 1.3122678 1.3122678 1.3122678
 1.3122678 1.3122678 1.3122678 1.3122678 1.3122678]",[ 69.    103.417  22.583],355.0,46,2021,8,18
"[58.83138 58.83138 58.83138 58.83138 58.83138 58.83138 58.83138 58.83138
 58.83138 58.83138 58.83138 58.83138]",[ 45.5   103.417  22.583],355.0,7,2018,8,22
"[58.014603 58.014603 58.014603 58.014603 58.014603 58.014603 58.014603
 58.014603 58.014603 58.014603 58.014603 58.014603]",[ 63.8   103.417  22.583],355.0,8,2018,8,22
"[54.60747 54.60747 54.60747 54.60747 54.60747 54.60747 54.60747 54.60747
 54.60747 54.60747 54.60747 54.60747]",[ 99.3   103.417  22.583],355.0,9,2018,8,22
"[49.14672 49.14672 49.14672 49.14672 49.14672 49.14672 49.14672 49.14672
 49.14672 49.14672 49.14672 49.14672]",[ 93.7   103.417  22.583],355.0,10,2018,8,22
"[45.83293 45.83293 45.83293 45.83293 45.83293 45.83293 45.83293 45.83293
 45.83293 45.83293 45.83293 45.83293]",[113.    103.417  22.583],355.0,11,2018,8,22
"[23.33652 23.33652 23.33652 23.33652 23.33652 23.33652 23.33652 23.33652
 23.33652 23.33652 23.33652 23.33652]",[111.2   103.417  22.583],355.0,12,2018,8,22
"[25.576826 25.576826 25.576826 25.576826 25.576826 25.576826 25.576826
 25.576826 25.576826 25.576826 25.576826 25.576826]",[ 95.4   103.417  22.583],355.0,13,2018,8,22
"[26.323595 26.323595 26.323595 26.323595 26.323595 26.323595 26.323595
 26.323595 26.323595 26.323595 26.323595 26.323595]",[ 86.5   103.417  22.583],355.0,14,2018,8,22
"[23.59322 23.59322 23.59322 23.59322 23.59322 23.59322 23.59322 23.59322
 23.59322 23.59322 23.59322 23.59322]",[ 67.2   103.417  22.583],355.0,15,2018,8,22
"[18.412512 18.412512 18.412512 18.412512 18.412512 18.412512 18.412512
 18.412512 18.412512 18.412512 18.412512 18.412512]",[ 28.5   103.417  22.583],355.0,16,2018,8,22
"[20.7695 20.7695 20.7695 20.7695 20.7695 20.7695 20.7695 20.7695 20.7695
 20.7695 20.7695 20.7695]",[ 29.8   103.417  22.583],355.0,17,2018,8,22
"[41.28231 41.28231 41.28231 41.28231 41.28231 41.28231 41.28231 41.28231
 41.28231 41.28231 41.28231 41.28231]",[ 10.5   103.417  22.583],355.0,18,2018,8,22
"[55.680946 55.680946 55.680946 55.680946 55.680946 55.680946 55.680946
 55.680946 55.680946 55.680946 55.680946 55.680946]",[  4.1   103.417  22.583],355.0,19,2018,8,22
"[56.33437 56.33437 56.33437 56.33437 56.33437 56.33437 56.33437 56.33437
 56.33437 56.33437 56.33437 56.33437]",[  2.7   103.417  22.583],355.0,20,2018,8,22
"[61.095024 61.095024 61.095024 61.095024 61.095024 61.095024 61.095024
 61.095024 61.095024 61.095024 61.095024 61.095024]",[  6.1   103.417  22.583],355.0,21,2018,8,22
"[95.46973 95.46973 95.46973 95.46973 95.46973 95.46973 95.46973 95.46973
 95.46973 95.46973 95.46973 95.46973]",[  6.3   103.417  22.583],355.0,22,2018,8,22
"[105.667786 105.667786 105.667786 105.667786 105.667786 105.667786
 105.667786 105.667786 105.667786 105.667786 105.667786 105.667786]",[  5.8   103.417  22.583],355.0,23,2018,8,22
"[106.531235 106.531235 106.531235 106.531235 106.531235 106.531235
 106.531235 106.531235 106.531235 106.531235 106.531235 106.531235]",[  3.6   103.417  22.583],355.0,24,2018,8,22
"[86.01843 86.01843 86.01843 86.01843 86.01843 86.01843 86.01843 86.01843
 86.01843 86.01843 86.01843 86.01843]",[  3.6   103.417  22.583],355.0,25,2018,8,22
"[73.3467 73.3467 73.3467 73.3467 73.3467 73.3467 73.3467 73.3467 73.3467
 73.3467 73.3467 73.3467]",[  3.6   103.417  22.583],355.0,26,2018,8,22
"[70.9197 70.9197 70.9197 70.9197 70.9197 70.9197 70.9197 70.9197 70.9197
 70.9197 70.9197 70.9197]",[  7.4   103.417  22.583],355.0,27,2018,8,22
"[75.75037 75.75037 75.75037 75.75037 75.75037 75.75037 75.75037 75.75037
 75.75037 75.75037 75.75037 75.75037]",[  6.3   103.417  22.583],355.0,28,2018,8,22
"[41.749046 41.749046 41.749046 41.749046 41.749046 41.749046 41.749046
 41.749046 41.749046 41.749046 41.749046 41.749046]",[  6.1   103.417  22.583],355.0,29,2018,8,22
"[37.851845 37.851845 37.851845 37.851845 37.851845 37.851845 37.851845
 37.851845 37.851845 37.851845 37.851845 37.851845]",[  6.1   103.417  22.583],355.0,30,2018,8,22
"[45.576237 45.576237 45.576237 45.576237 45.576237 45.576237 45.576237
 45.576237 45.576237 45.576237 45.576237 45.576237]",[  6.1   103.417  22.583],355.0,31,2018,8,22
"[50.94364 50.94364 50.94364 50.94364 50.94364 50.94364 50.94364 50.94364
 50.94364 50.94364 50.94364 50.94364]",[  6.1   103.417  22.583],355.0,32,2018,8,22
"[50.24354 50.24354 50.24354 50.24354 50.24354 50.24354 50.24354 50.24354
 50.24354 50.24354 50.24354 50.24354]",[  6.1   103.417  22.583],355.0,33,2018,8,22
"[49.893494 49.893494 49.893494 49.893494 49.893494 49.893494 49.893494
 49.893494 49.893494 49.893494 49.893494 49.893494]",[  2.3   103.417  22.583],355.0,34,2018,8,22
"[40.37219 40.37219 40.37219 40.37219 40.37219 40.37219 40.37219 40.37219
 40.37219 40.37219 40.37219 40.37219]",[  0.    103.417  22.583],355.0,35,2018,8,22
"[38.48193 38.48193 38.48193 38.48193 38.48193 38.48193 38.48193 38.48193
 38.48193 38.48193 38.48193 38.48193]",[  5.2   103.417  22.583],355.0,36,2018,8,22
"[57.617874 57.617874 57.617874 57.617874 57.617874 57.617874 57.617874
 57.617874 57.617874 57.617874 57.617874 57.617874]",[ 31.8   103.417  22.583],355.0,37,2018,8,22
"[61.515076 61.515076 61.515076 61.515076 61.515076 61.515076 61.515076
 61.515076 61.515076 61.515076 61.515076 61.515076]",[ 32.5   103.417  22.583],355.0,38,2018,8,22
"[87.0919 87.0919 87.0919 87.0919 87.0919 87.0919 87.0919 87.0919 87.0919
 87.0919 87.0919 87.0919]",[ 32.5   103.417  22.583],355.0,39,2018,8,22
"[132.92485 132.92485 132.92485 132.92485 132.92485 132.92485 132.92485
 132.92485 132.92485 132.92485 132.92485 132.92485]",[ 32.5   103.417  22.583],355.0,40,2018,8,22
"[157.38153 157.38153 157.38153 157.38153 157.38153 157.38153 157.38153
 157.38153 157.38153 157.38153 157.38153 157.38153]",[ 32.5   103.417  22.583],355.0,41,2018,8,22
"[156.6581 156.6581 156.6581 156.6581 156.6581 156.6581 156.6581 156.6581
 156.6581 156.6581 156.6581 156.6581]",[ 32.5   103.417  22.583],355.0,42,2018,8,22
"[151.8741 151.8741 151.8741 151.8741 151.8741 151.8741 151.8741 151.8741
 151.8741 151.8741 151.8741 151.8741]",[ 27.3   103.417  22.583],355.0,43,2018,8,22
"[126.437294 126.437294 126.437294 126.437294 126.437294 126.437294
 126.437294 126.437294 126.437294 126.437294 126.437294 126.437294]",[  0.7   103.417  22.583],355.0,44,2018,8,22
"[107.978096 107.978096 107.978096 107.978096 107.978096 107.978096
 107.978096 107.978096 107.978096 107.978096 107.978096 107.978096]",[  0.    103.417  22.583],355.0,45,2018,8,22
"[73.06666 73.06666 73.06666 73.06666 73.06666 73.06666 73.06666 73.06666
 73.06666 73.06666 73.06666 73.06666]",[  0.    103.417  22.583],355.0,46,2018,8,22
"[56.101 56.101 56.101 56.101 56.101 56.101 56.101 56.101 56.101 56.101
 56.101 56.101]",[ 17.1   103.417  22.583],355.0,7,2019,8,22
"[33.581257 33.581257 33.581257 33.581257 33.581257 33.581257 33.581257
 33.581257 33.581257 33.581257 33.581257 33.581257]",[ 17.6   103.417  22.583],355.0,8,2019,8,22
"[31.737675 31.737675 31.737675 31.737675 31.737675 31.737675 31.737675
 31.737675 31.737675 31.737675 31.737675 31.737675]",[ 24.4   103.417  22.583],355.0,9,2019,8,22
"[33.8613 33.8613 33.8613 33.8613 33.8613 33.8613 33.8613 33.8613 33.8613
 33.8613 33.8613 33.8613]",[ 35.7   103.417  22.583],355.0,10,2019,8,22
"[29.053976 29.053976 29.053976 29.053976 29.053976 29.053976 29.053976
 29.053976 29.053976 29.053976 29.053976 29.053976]",[ 35.7   103.417  22.583],355.0,11,2019,8,22
"[20.326117 20.326117 20.326117 20.326117 20.326117 20.326117 20.326117
 20.326117 20.326117 20.326117 20.326117 20.326117]",[ 20.4   103.417  22.583],355.0,12,2019,8,22
"[16.00886 16.00886 16.00886 16.00886 16.00886 16.00886 16.00886 16.00886
 16.00886 16.00886 16.00886 16.00886]",[ 18.6   103.417  22.583],355.0,13,2019,8,22
"[14.5619955 14.5619955 14.5619955 14.5619955 14.5619955 14.5619955
 14.5619955 14.5619955 14.5619955 14.5619955 14.5619955 14.5619955]",[ 18.6   103.417  22.583],355.0,14,2019,8,22
"[30.150791 30.150791 30.150791 30.150791 30.150791 30.150791 30.150791
 30.150791 30.150791 30.150791 30.150791 30.150791]",[ 18.1   103.417  22.583],355.0,15,2019,8,22
"[21.983006 21.983006 21.983006 21.983006 21.983006 21.983006 21.983006
 21.983006 21.983006 21.983006 21.983006 21.983006]",[ 11.3   103.417  22.583],355.0,16,2019,8,22
"[18.295834 18.295834 18.295834 18.295834 18.295834 18.295834 18.295834
 18.295834 18.295834 18.295834 18.295834 18.295834]",[  0.    103.417  22.583],355.0,17,2019,8,22
"[23.499878 23.499878 23.499878 23.499878 23.499878 23.499878 23.499878
 23.499878 23.499878 23.499878 23.499878 23.499878]",[  0.    103.417  22.583],355.0,18,2019,8,22
"[25.83353 25.83353 25.83353 25.83353 25.83353 25.83353 25.83353 25.83353
 25.83353 25.83353 25.83353 25.83353]",[ 24.4   103.417  22.583],355.0,19,2019,8,22
"[53.207275 53.207275 53.207275 53.207275 53.207275 53.207275 53.207275
 53.207275 53.207275 53.207275 53.207275 53.207275]",[ 52.2   103.417  22.583],355.0,20,2019,8,22
"[86.78853 86.78853 86.78853 86.78853 86.78853 86.78853 86.78853 86.78853
 86.78853 86.78853 86.78853 86.78853]",[ 52.2   103.417  22.583],355.0,21,2019,8,22
"[94.60627 94.60627 94.60627 94.60627 94.60627 94.60627 94.60627 94.60627
 94.60627 94.60627 94.60627 94.60627]",[ 52.2   103.417  22.583],355.0,22,2019,8,22
"[111.40857 111.40857 111.40857 111.40857 111.40857 111.40857 111.40857
 111.40857 111.40857 111.40857 111.40857 111.40857]",[ 52.2   103.417  22.583],355.0,23,2019,8,22
"[112.85544 112.85544 112.85544 112.85544 112.85544 112.85544 112.85544
 112.85544 112.85544 112.85544 112.85544 112.85544]",[ 52.2   103.417  22.583],355.0,24,2019,8,22
"[118.08282 118.08282 118.08282 118.08282 118.08282 118.08282 118.08282
 118.08282 118.08282 118.08282 118.08282 118.08282]",[ 52.2   103.417  22.583],355.0,25,2019,8,22
"[141.55936 141.55936 141.55936 141.55936 141.55936 141.55936 141.55936
 141.55936 141.55936 141.55936 141.55936 141.55936]",[ 27.8   103.417  22.583],355.0,26,2019,8,22
"[166.45943 166.45943 166.45943 166.45943 166.45943 166.45943 166.45943
 166.45943 166.45943 166.45943 166.45943 166.45943]",[  0.    103.417  22.583],355.0,27,2019,8,22
"[141.27933 141.27933 141.27933 141.27933 141.27933 141.27933 141.27933
 141.27933 141.27933 141.27933 141.27933 141.27933]",[  0.    103.417  22.583],355.0,28,2019,8,22
"[122.63344 122.63344 122.63344 122.63344 122.63344 122.63344 122.63344
 122.63344 122.63344 122.63344 122.63344 122.63344]",[  0.    103.417  22.583],355.0,29,2019,8,22
"[108.958244 108.958244 108.958244 108.958244 108.958244 108.958244
 108.958244 108.958244 108.958244 108.958244 108.958244 108.958244]",[  8.5   103.417  22.583],355.0,30,2019,8,22
"[106.92797 106.92797 106.92797 106.92797 106.92797 106.92797 106.92797
 106.92797 106.92797 106.92797 106.92797 106.92797]",[  8.5   103.417  22.583],355.0,31,2019,8,22
"[99.48361 99.48361 99.48361 99.48361 99.48361 99.48361 99.48361 99.48361
 99.48361 99.48361 99.48361 99.48361]",[  8.5   103.417  22.583],355.0,32,2019,8,22
"[80.30099 80.30099 80.30099 80.30099 80.30099 80.30099 80.30099 80.30099
 80.30099 80.30099 80.30099 80.30099]",[  8.5   103.417  22.583],355.0,33,2019,8,22
"[36.428314 36.428314 36.428314 36.428314 36.428314 36.428314 36.428314
 36.428314 36.428314 36.428314 36.428314 36.428314]",[  8.5   103.417  22.583],355.0,34,2019,8,22
"[38.645287 38.645287 38.645287 38.645287 38.645287 38.645287 38.645287
 38.645287 38.645287 38.645287 38.645287 38.645287]",[  8.5   103.417  22.583],355.0,35,2019,8,22
"[33.32456 33.32456 33.32456 33.32456 33.32456 33.32456 33.32456 33.32456
 33.32456 33.32456 33.32456 33.32456]",[  8.5   103.417  22.583],355.0,36,2019,8,22
"[30.664194 30.664194 30.664194 30.664194 30.664194 30.664194 30.664194
 30.664194 30.664194 30.664194 30.664194 30.664194]",[  0.    103.417  22.583],355.0,37,2019,8,22
"[32.694473 32.694473 32.694473 32.694473 32.694473 32.694473 32.694473
 32.694473 32.694473 32.694473 32.694473 32.694473]",[  0.    103.417  22.583],355.0,38,2019,8,22
"[99.273575 99.273575 99.273575 99.273575 99.273575 99.273575 99.273575
 99.273575 99.273575 99.273575 99.273575 99.273575]",[  0.    103.417  22.583],355.0,39,2019,8,22
"[165.50264 165.50264 165.50264 165.50264 165.50264 165.50264 165.50264
 165.50264 165.50264 165.50264 165.50264 165.50264]",[  0.    103.417  22.583],355.0,40,2019,8,22
"[171.03339 171.03339 171.03339 171.03339 171.03339 171.03339 171.03339
 171.03339 171.03339 171.03339 171.03339 171.03339]",[  0.    103.417  22.583],355.0,41,2019,8,22
"[167.99963 167.99963 167.99963 167.99963 167.99963 167.99963 167.99963
 167.99963 167.99963 167.99963 167.99963 167.99963]",[  0.    103.417  22.583],355.0,42,2019,8,22
"[177.2409 177.2409 177.2409 177.2409 177.2409 177.2409 177.2409 177.2409
 177.2409 177.2409 177.2409 177.2409]",[ 55.9   103.417  22.583],355.0,43,2019,8,22
"[182.07156 182.07156 182.07156 182.07156 182.07156 182.07156 182.07156
 182.07156 182.07156 182.07156 182.07156 182.07156]",[ 55.9   103.417  22.583],355.0,44,2019,8,22
"[189.04916 189.04916 189.04916 189.04916 189.04916 189.04916 189.04916
 189.04916 189.04916 189.04916 189.04916 189.04916]",[ 55.9   103.417  22.583],355.0,45,2019,8,22
"[146.27335 146.27335 146.27335 146.27335 146.27335 146.27335 146.27335
 146.27335 146.27335 146.27335 146.27335 146.27335]",[ 55.9   103.417  22.583],355.0,46,2019,8,22
"[33.90797 33.90797 33.90797 33.90797 33.90797 33.90797 33.90797 33.90797
 33.90797 33.90797 33.90797 33.90797]",[  0.    103.417  22.583],355.0,7,2020,8,22
"[33.231213 33.231213 33.231213 33.231213 33.231213 33.231213 33.231213
 33.231213 33.231213 33.231213 33.231213 33.231213]",[  0.    103.417  22.583],355.0,8,2020,8,22
"[35.401512 35.401512 35.401512 35.401512 35.401512 35.401512 35.401512
 35.401512 35.401512 35.401512 35.401512 35.401512]",[ 10.8   103.417  22.583],355.0,9,2020,8,22
"[36.42832 36.42832 36.42832 36.42832 36.42832 36.42832 36.42832 36.42832
 36.42832 36.42832 36.42832 36.42832]",[ 10.8   103.417  22.583],355.0,10,2020,8,22
"[33.954647 33.954647 33.954647 33.954647 33.954647 33.954647 33.954647
 33.954647 33.954647 33.954647 33.954647 33.954647]",[ 10.8   103.417  22.583],355.0,11,2020,8,22
"[24.993423 24.993423 24.993423 24.993423 24.993423 24.993423 24.993423
 24.993423 24.993423 24.993423 24.993423 24.993423]",[ 10.8   103.417  22.583],355.0,12,2020,8,22
"[21.656301 21.656301 21.656301 21.656301 21.656301 21.656301 21.656301
 21.656301 21.656301 21.656301 21.656301 21.656301]",[ 10.8   103.417  22.583],355.0,13,2020,8,22
"[22.33306 22.33306 22.33306 22.33306 22.33306 22.33306 22.33306 22.33306
 22.33306 22.33306 22.33306 22.33306]",[ 10.8   103.417  22.583],355.0,14,2020,8,22
"[24.87674 24.87674 24.87674 24.87674 24.87674 24.87674 24.87674 24.87674
 24.87674 24.87674 24.87674 24.87674]",[ 10.8   103.417  22.583],355.0,15,2020,8,22
"[18.365845 18.365845 18.365845 18.365845 18.365845 18.365845 18.365845
 18.365845 18.365845 18.365845 18.365845 18.365845]",[ 34.5   103.417  22.583],355.0,16,2020,8,22
"[16.872307 16.872307 16.872307 16.872307 16.872307 16.872307 16.872307
 16.872307 16.872307 16.872307 16.872307 16.872307]",[ 38.3   103.417  22.583],355.0,17,2020,8,22
"[18.295835 18.295835 18.295835 18.295835 18.295835 18.295835 18.295835
 18.295835 18.295835 18.295835 18.295835 18.295835]",[ 54.5   103.417  22.583],355.0,18,2020,8,22
"[25.436813 25.436813 25.436813 25.436813 25.436813 25.436813 25.436813
 25.436813 25.436813 25.436813 25.436813 25.436813]",[ 71.    103.417  22.583],355.0,19,2020,8,22
"[33.51125 33.51125 33.51125 33.51125 33.51125 33.51125 33.51125 33.51125
 33.51125 33.51125 33.51125 33.51125]",[ 71.    103.417  22.583],355.0,20,2020,8,22
"[32.204407 32.204407 32.204407 32.204407 32.204407 32.204407 32.204407
 32.204407 32.204407 32.204407 32.204407 32.204407]",[ 72.8   103.417  22.583],355.0,21,2020,8,22
"[34.024654 34.024654 34.024654 34.024654 34.024654 34.024654 34.024654
 34.024654 34.024654 34.024654 34.024654 34.024654]",[ 72.8   103.417  22.583],355.0,22,2020,8,22
"[57.22116 57.22116 57.22116 57.22116 57.22116 57.22116 57.22116 57.22116
 57.22116 57.22116 57.22116 57.22116]",[ 38.3   103.417  22.583],355.0,23,2020,8,22
"[64.8522 64.8522 64.8522 64.8522 64.8522 64.8522 64.8522 64.8522 64.8522
 64.8522 64.8522 64.8522]",[ 34.5   103.417  22.583],355.0,24,2020,8,22
"[65.272255 65.272255 65.272255 65.272255 65.272255 65.272255 65.272255
 65.272255 65.272255 65.272255 65.272255 65.272255]",[ 18.3   103.417  22.583],355.0,25,2020,8,22
"[60.674965 60.674965 60.674965 60.674965 60.674965 60.674965 60.674965
 60.674965 60.674965 60.674965 60.674965 60.674965]",[  1.8   103.417  22.583],355.0,26,2020,8,22
"[55.634277 55.634277 55.634277 55.634277 55.634277 55.634277 55.634277
 55.634277 55.634277 55.634277 55.634277 55.634277]",[  1.8   103.417  22.583],355.0,27,2020,8,22
"[56.357708 56.357708 56.357708 56.357708 56.357708 56.357708 56.357708
 56.357708 56.357708 56.357708 56.357708 56.357708]",[  0.    103.417  22.583],355.0,28,2020,8,22
"[55.470924 55.470924 55.470924 55.470924 55.470924 55.470924 55.470924
 55.470924 55.470924 55.470924 55.470924 55.470924]",[  0.    103.417  22.583],355.0,29,2020,8,22
"[45.94962 45.94962 45.94962 45.94962 45.94962 45.94962 45.94962 45.94962
 45.94962 45.94962 45.94962 45.94962]",[  2.    103.417  22.583],355.0,30,2020,8,22
"[60.394928 60.394928 60.394928 60.394928 60.394928 60.394928 60.394928
 60.394928 60.394928 60.394928 60.394928 60.394928]",[ 21.3   103.417  22.583],355.0,31,2020,8,22
"[62.051815 62.051815 62.051815 62.051815 62.051815 62.051815 62.051815
 62.051815 62.051815 62.051815 62.051815 62.051815]",[ 26.7   103.417  22.583],355.0,32,2020,8,22
"[92.97272 92.97272 92.97272 92.97272 92.97272 92.97272 92.97272 92.97272
 92.97272 92.97272 92.97272 92.97272]",[ 46.4   103.417  22.583],355.0,33,2020,8,22
"[116.332565 116.332565 116.332565 116.332565 116.332565 116.332565
 116.332565 116.332565 116.332565 116.332565 116.332565 116.332565]",[ 62.2   103.417  22.583],355.0,34,2020,8,22
"[142.46948 142.46948 142.46948 142.46948 142.46948 142.46948 142.46948
 142.46948 142.46948 142.46948 142.46948 142.46948]",[ 66.4   103.417  22.583],355.0,35,2020,8,22
"[160.46194 160.46194 160.46194 160.46194 160.46194 160.46194 160.46194
 160.46194 160.46194 160.46194 160.46194 160.46194]",[ 68.3   103.417  22.583],355.0,36,2020,8,22
"[148.9337 148.9337 148.9337 148.9337 148.9337 148.9337 148.9337 148.9337
 148.9337 148.9337 148.9337 148.9337]",[ 66.3   103.417  22.583],355.0,37,2020,8,22
"[126.040565 126.040565 126.040565 126.040565 126.040565 126.040565
 126.040565 126.040565 126.040565 126.040565 126.040565 126.040565]",[ 47.    103.417  22.583],355.0,38,2020,8,22
"[122.91348 122.91348 122.91348 122.91348 122.91348 122.91348 122.91348
 122.91348 122.91348 122.91348 122.91348 122.91348]",[ 41.6   103.417  22.583],355.0,39,2020,8,22
"[90.89577 90.89577 90.89577 90.89577 90.89577 90.89577 90.89577 90.89577
 90.89577 90.89577 90.89577 90.89577]",[ 21.9   103.417  22.583],355.0,40,2020,8,22
"[65.29559 65.29559 65.29559 65.29559 65.29559 65.29559 65.29559 65.29559
 65.29559 65.29559 65.29559 65.29559]",[  6.1   103.417  22.583],355.0,41,2020,8,22
"[36.545 36.545 36.545 36.545 36.545 36.545 36.545 36.545 36.545 36.545
 36.545 36.545]",[  1.9   103.417  22.583],355.0,42,2020,8,22
"[13.161802 13.161802 13.161802 13.161802 13.161802 13.161802 13.161802
 13.161802 13.161802 13.161802 13.161802 13.161802]",[  0.    103.417  22.583],355.0,43,2020,8,22
"[10.944831 10.944831 10.944831 10.944831 10.944831 10.944831 10.944831
 10.944831 10.944831 10.944831 10.944831 10.944831]",[  0.    103.417  22.583],355.0,44,2020,8,22
"[8.097777 8.097777 8.097777 8.097777 8.097777 8.097777 8.097777 8.097777
 8.097777 8.097777 8.097777 8.097777]",[  0.    103.417  22.583],355.0,45,2020,8,22
"[6.627575 6.627575 6.627575 6.627575 6.627575 6.627575 6.627575 6.627575
 6.627575 6.627575 6.627575 6.627575]",[  0.    103.417  22.583],355.0,46,2020,8,22
"[41.42233 41.42233 41.42233 41.42233 41.42233 41.42233 41.42233 41.42233
 41.42233 41.42233 41.42233 41.42233]",[ 21.9   103.417  22.583],355.0,7,2021,8,22
"[44.479412 44.479412 44.479412 44.479412 44.479412 44.479412 44.479412
 44.479412 44.479412 44.479412 44.479412 44.479412]",[ 21.9   103.417  22.583],355.0,8,2021,8,22
"[43.49928 43.49928 43.49928 43.49928 43.49928 43.49928 43.49928 43.49928
 43.49928 43.49928 43.49928 43.49928]",[ 21.9   103.417  22.583],355.0,9,2021,8,22
"[34.14134 34.14134 34.14134 34.14134 34.14134 34.14134 34.14134 34.14134
 34.14134 34.14134 34.14134 34.14134]",[ 21.9   103.417  22.583],355.0,10,2021,8,22
"[34.188007 34.188007 34.188007 34.188007 34.188007 34.188007 34.188007
 34.188007 34.188007 34.188007 34.188007 34.188007]",[  0.    103.417  22.583],355.0,11,2021,8,22
"[28.633915 28.633915 28.633915 28.633915 28.633915 28.633915 28.633915
 28.633915 28.633915 28.633915 28.633915 28.633915]",[  8.6   103.417  22.583],355.0,12,2021,8,22
"[22.169699 22.169699 22.169699 22.169699 22.169699 22.169699 22.169699
 22.169699 22.169699 22.169699 22.169699 22.169699]",[  8.6   103.417  22.583],355.0,13,2021,8,22
"[18.529202 18.529202 18.529202 18.529202 18.529202 18.529202 18.529202
 18.529202 18.529202 18.529202 18.529202 18.529202]",[ 13.9   103.417  22.583],355.0,14,2021,8,22
"[22.09969 22.09969 22.09969 22.09969 22.09969 22.09969 22.09969 22.09969
 22.09969 22.09969 22.09969 22.09969]",[ 13.9   103.417  22.583],355.0,15,2021,8,22
"[36.895042 36.895042 36.895042 36.895042 36.895042 36.895042 36.895042
 36.895042 36.895042 36.895042 36.895042 36.895042]",[ 13.9   103.417  22.583],355.0,16,2021,8,22
"[33.69794 33.69794 33.69794 33.69794 33.69794 33.69794 33.69794 33.69794
 33.69794 33.69794 33.69794 33.69794]",[ 14.8   103.417  22.583],355.0,17,2021,8,22
"[33.55792 33.55792 33.55792 33.55792 33.55792 33.55792 33.55792 33.55792
 33.55792 33.55792 33.55792 33.55792]",[ 14.8   103.417  22.583],355.0,18,2021,8,22
"[33.067852 33.067852 33.067852 33.067852 33.067852 33.067852 33.067852
 33.067852 33.067852 33.067852 33.067852 33.067852]",[  6.2   103.417  22.583],355.0,19,2021,8,22
"[35.12147 35.12147 35.12147 35.12147 35.12147 35.12147 35.12147 35.12147
 35.12147 35.12147 35.12147 35.12147]",[  6.2   103.417  22.583],355.0,20,2021,8,22
"[36.148277 36.148277 36.148277 36.148277 36.148277 36.148277 36.148277
 36.148277 36.148277 36.148277 36.148277 36.148277]",[  0.9   103.417  22.583],355.0,21,2021,8,22
"[37.688484 37.688484 37.688484 37.688484 37.688484 37.688484 37.688484
 37.688484 37.688484 37.688484 37.688484 37.688484]",[  0.9   103.417  22.583],355.0,22,2021,8,22
"[46.64971 46.64971 46.64971 46.64971 46.64971 46.64971 46.64971 46.64971
 46.64971 46.64971 46.64971 46.64971]",[  3.3   103.417  22.583],355.0,23,2021,8,22
"[55.72762 55.72762 55.72762 55.72762 55.72762 55.72762 55.72762 55.72762
 55.72762 55.72762 55.72762 55.72762]",[  2.4   103.417  22.583],355.0,24,2021,8,22
"[70.54631 70.54631 70.54631 70.54631 70.54631 70.54631 70.54631 70.54631
 70.54631 70.54631 70.54631 70.54631]",[  2.4   103.417  22.583],355.0,25,2021,8,22
"[82.35459 82.35459 82.35459 82.35459 82.35459 82.35459 82.35459 82.35459
 82.35459 82.35459 82.35459 82.35459]",[ 22.1   103.417  22.583],355.0,26,2021,8,22
"[87.9787 87.9787 87.9787 87.9787 87.9787 87.9787 87.9787 87.9787 87.9787
 87.9787 87.9787 87.9787]",[ 22.1   103.417  22.583],355.0,27,2021,8,22
"[87.838684 87.838684 87.838684 87.838684 87.838684 87.838684 87.838684
 87.838684 87.838684 87.838684 87.838684 87.838684]",[ 22.1   103.417  22.583],355.0,28,2021,8,22
"[79.90427 79.90427 79.90427 79.90427 79.90427 79.90427 79.90427 79.90427
 79.90427 79.90427 79.90427 79.90427]",[ 22.1   103.417  22.583],355.0,29,2021,8,22
"[54.140736 54.140736 54.140736 54.140736 54.140736 54.140736 54.140736
 54.140736 54.140736 54.140736 54.140736 54.140736]",[ 19.7   103.417  22.583],355.0,30,2021,8,22
"[43.56929 43.56929 43.56929 43.56929 43.56929 43.56929 43.56929 43.56929
 43.56929 43.56929 43.56929 43.56929]",[ 19.7   103.417  22.583],355.0,31,2021,8,22
"[25.693514 25.693514 25.693514 25.693514 25.693514 25.693514 25.693514
 25.693514 25.693514 25.693514 25.693514 25.693514]",[ 19.7   103.417  22.583],355.0,32,2021,8,22
"[32.974514 32.974514 32.974514 32.974514 32.974514 32.974514 32.974514
 32.974514 32.974514 32.974514 32.974514 32.974514]",[  0.    103.417  22.583],355.0,33,2021,8,22
"[82.237915 82.237915 82.237915 82.237915 82.237915 82.237915 82.237915
 82.237915 82.237915 82.237915 82.237915 82.237915]",[  0.    103.417  22.583],355.0,34,2021,8,22
"[81.09443 81.09443 81.09443 81.09443 81.09443 81.09443 81.09443 81.09443
 81.09443 81.09443 81.09443 81.09443]",[  0.    103.417  22.583],355.0,35,2021,8,22
"[82.611305 82.611305 82.611305 82.611305 82.611305 82.611305 82.611305
 82.611305 82.611305 82.611305 82.611305 82.611305]",[  0.    103.417  22.583],355.0,36,2021,8,22
"[101.700584 101.700584 101.700584 101.700584 101.700584 101.700584
 101.700584 101.700584 101.700584 101.700584 101.700584 101.700584]",[  0.    103.417  22.583],355.0,37,2021,8,22
"[115.04907 115.04907 115.04907 115.04907 115.04907 115.04907 115.04907
 115.04907 115.04907 115.04907 115.04907 115.04907]",[  0.    103.417  22.583],355.0,38,2021,8,22
"[127.58078 127.58078 127.58078 127.58078 127.58078 127.58078 127.58078
 127.58078 127.58078 127.58078 127.58078 127.58078]",[ 26.2   103.417  22.583],355.0,39,2021,8,22
"[130.19447 130.19447 130.19447 130.19447 130.19447 130.19447 130.19447
 130.19447 130.19447 130.19447 130.19447 130.19447]",[ 26.2   103.417  22.583],355.0,40,2021,8,22
"[77.82731 77.82731 77.82731 77.82731 77.82731 77.82731 77.82731 77.82731
 77.82731 77.82731 77.82731 77.82731]",[ 69.    103.417  22.583],355.0,41,2021,8,22
"[76.33378 76.33378 76.33378 76.33378 76.33378 76.33378 76.33378 76.33378
 76.33378 76.33378 76.33378 76.33378]",[ 69.    103.417  22.583],355.0,42,2021,8,22
"[74.49018 74.49018 74.49018 74.49018 74.49018 74.49018 74.49018 74.49018
 74.49018 74.49018 74.49018 74.49018]",[ 69.    103.417  22.583],355.0,43,2021,8,22
"[55.35424 55.35424 55.35424 55.35424 55.35424 55.35424 55.35424 55.35424
 55.35424 55.35424 55.35424 55.35424]",[ 69.    103.417  22.583],355.0,44,2021,8,22
"[41.842392 41.842392 41.842392 41.842392 41.842392 41.842392 41.842392
 41.842392 41.842392 41.842392 41.842392 41.842392]",[ 69.    103.417  22.583],355.0,45,2021,8,22
"[29.053976 29.053976 29.053976 29.053976 29.053976 29.053976 29.053976
 29.053976 29.053976 29.053976 29.053976 29.053976]",[ 42.8   103.417  22.583],355.0,46,2021,8,22
"[187.09015 187.09015 187.09015 187.09015 187.09015 187.09015 187.09015
 187.09015 187.09015 187.09015 187.09015 187.09015]",[ 93.7   103.417  22.583],355.0,7,2018,8,25
"[195.68126 195.68126 195.68126 195.68126 195.68126 195.68126 195.68126
 195.68126 195.68126 195.68126 195.68126 195.68126]",[113.    103.417  22.583],355.0,8,2018,8,25
"[206.56973 206.56973 206.56973 206.56973 206.56973 206.56973 206.56973
 206.56973 206.56973 206.56973 206.56973 206.56973]",[111.2   103.417  22.583],355.0,9,2018,8,25
"[218.75046 218.75046 218.75046 218.75046 218.75046 218.75046 218.75046
 218.75046 218.75046 218.75046 218.75046 218.75046]",[ 95.4   103.417  22.583],355.0,10,2018,8,25
"[191.08658 191.08658 191.08658 191.08658 191.08658 191.08658 191.08658
 191.08658 191.08658 191.08658 191.08658 191.08658]",[ 86.5   103.417  22.583],355.0,11,2018,8,25
"[140.23386 140.23386 140.23386 140.23386 140.23386 140.23386 140.23386
 140.23386 140.23386 140.23386 140.23386 140.23386]",[ 67.2   103.417  22.583],355.0,12,2018,8,25
"[96.96716 96.96716 96.96716 96.96716 96.96716 96.96716 96.96716 96.96716
 96.96716 96.96716 96.96716 96.96716]",[ 28.5   103.417  22.583],355.0,13,2018,8,25
"[81.484 81.484 81.484 81.484 81.484 81.484 81.484 81.484 81.484 81.484
 81.484 81.484]",[ 29.8   103.417  22.583],355.0,14,2018,8,25
"[69.18363 69.18363 69.18363 69.18363 69.18363 69.18363 69.18363 69.18363
 69.18363 69.18363 69.18363 69.18363]",[ 10.5   103.417  22.583],355.0,15,2018,8,25
"[54.992725 54.992725 54.992725 54.992725 54.992725 54.992725 54.992725
 54.992725 54.992725 54.992725 54.992725 54.992725]",[  4.1   103.417  22.583],355.0,16,2018,8,25
"[42.692352 42.692352 42.692352 42.692352 42.692352 42.692352 42.692352
 42.692352 42.692352 42.692352 42.692352 42.692352]",[  2.7   103.417  22.583],355.0,17,2018,8,25
"[36.853268 36.853268 36.853268 36.853268 36.853268 36.853268 36.853268
 36.853268 36.853268 36.853268 36.853268 36.853268]",[  6.1   103.417  22.583],355.0,18,2018,8,25
"[29.554407 29.554407 29.554407 29.554407 29.554407 29.554407 29.554407
 29.554407 29.554407 29.554407 29.554407 29.554407]",[  6.3   103.417  22.583],355.0,19,2018,8,25
"[18.66594 18.66594 18.66594 18.66594 18.66594 18.66594 18.66594 18.66594
 18.66594 18.66594 18.66594 18.66594]",[  5.8   103.417  22.583],355.0,20,2018,8,25
"[18.067673 18.067673 18.067673 18.067673 18.067673 18.067673 18.067673
 18.067673 18.067673 18.067673 18.067673 18.067673]",[  3.6   103.417  22.583],355.0,21,2018,8,25
"[18.259119 18.259119 18.259119 18.259119 18.259119 18.259119 18.259119
 18.259119 18.259119 18.259119 18.259119 18.259119]",[  3.6   103.417  22.583],355.0,22,2018,8,25
"[20.412882 20.412882 20.412882 20.412882 20.412882 20.412882 20.412882
 20.412882 20.412882 20.412882 20.412882 20.412882]",[  3.6   103.417  22.583],355.0,23,2018,8,25
"[28.022839 28.022839 28.022839 28.022839 28.022839 28.022839 28.022839
 28.022839 28.022839 28.022839 28.022839 28.022839]",[  7.4   103.417  22.583],355.0,24,2018,8,25
"[38.001934 38.001934 38.001934 38.001934 38.001934 38.001934 38.001934
 38.001934 38.001934 38.001934 38.001934 38.001934]",[  6.3   103.417  22.583],355.0,25,2018,8,25
"[42.237663 42.237663 42.237663 42.237663 42.237663 42.237663 42.237663
 42.237663 42.237663 42.237663 42.237663 42.237663]",[  6.1   103.417  22.583],355.0,26,2018,8,25
"[47.406693 47.406693 47.406693 47.406693 47.406693 47.406693 47.406693
 47.406693 47.406693 47.406693 47.406693 47.406693]",[  6.1   103.417  22.583],355.0,27,2018,8,25
"[44.965763 44.965763 44.965763 44.965763 44.965763 44.965763 44.965763
 44.965763 44.965763 44.965763 44.965763 44.965763]",[  6.1   103.417  22.583],355.0,28,2018,8,25
"[54.346596 54.346596 54.346596 54.346596 54.346596 54.346596 54.346596
 54.346596 54.346596 54.346596 54.346596 54.346596]",[  6.1   103.417  22.583],355.0,29,2018,8,25
"[54.394455 54.394455 54.394455 54.394455 54.394455 54.394455 54.394455
 54.394455 54.394455 54.394455 54.394455 54.394455]",[  6.1   103.417  22.583],355.0,30,2018,8,25
"[46.13837 46.13837 46.13837 46.13837 46.13837 46.13837 46.13837 46.13837
 46.13837 46.13837 46.13837 46.13837]",[  2.3   103.417  22.583],355.0,31,2018,8,25
"[32.92863 32.92863 32.92863 32.92863 32.92863 32.92863 32.92863 32.92863
 32.92863 32.92863 32.92863 32.92863]",[  0.    103.417  22.583],355.0,32,2018,8,25
"[27.448505 27.448505 27.448505 27.448505 27.448505 27.448505 27.448505
 27.448505 27.448505 27.448505 27.448505 27.448505]",[  5.2   103.417  22.583],355.0,33,2018,8,25
"[22.710226 22.710226 22.710226 22.710226 22.710226 22.710226 22.710226
 22.710226 22.710226 22.710226 22.710226 22.710226]",[ 31.8   103.417  22.583],355.0,34,2018,8,25
"[24.241793 24.241793 24.241793 24.241793 24.241793 24.241793 24.241793
 24.241793 24.241793 24.241793 24.241793 24.241793]",[ 32.5   103.417  22.583],355.0,35,2018,8,25
"[15.483159 15.483159 15.483159 15.483159 15.483159 15.483159 15.483159
 15.483159 15.483159 15.483159 15.483159 15.483159]",[ 32.5   103.417  22.583],355.0,36,2018,8,25
"[22.064102 22.064102 22.064102 22.064102 22.064102 22.064102 22.064102
 22.064102 22.064102 22.064102 22.064102 22.064102]",[ 32.5   103.417  22.583],355.0,37,2018,8,25
"[34.98667 34.98667 34.98667 34.98667 34.98667 34.98667 34.98667 34.98667
 34.98667 34.98667 34.98667 34.98667]",[ 32.5   103.417  22.583],355.0,38,2018,8,25
"[38.43269 38.43269 38.43269 38.43269 38.43269 38.43269 38.43269 38.43269
 38.43269 38.43269 38.43269 38.43269]",[ 32.5   103.417  22.583],355.0,39,2018,8,25
"[39.677086 39.677086 39.677086 39.677086 39.677086 39.677086 39.677086
 39.677086 39.677086 39.677086 39.677086 39.677086]",[ 27.3   103.417  22.583],355.0,40,2018,8,25
"[43.577785 43.577785 43.577785 43.577785 43.577785 43.577785 43.577785
 43.577785 43.577785 43.577785 43.577785 43.577785]",[  0.7   103.417  22.583],355.0,41,2018,8,25
"[47.52635 47.52635 47.52635 47.52635 47.52635 47.52635 47.52635 47.52635
 47.52635 47.52635 47.52635 47.52635]",[  0.    103.417  22.583],355.0,42,2018,8,25
"[47.62207 47.62207 47.62207 47.62207 47.62207 47.62207 47.62207 47.62207
 47.62207 47.62207 47.62207 47.62207]",[  0.    103.417  22.583],355.0,43,2018,8,25
"[40.61038 40.61038 40.61038 40.61038 40.61038 40.61038 40.61038 40.61038
 40.61038 40.61038 40.61038 40.61038]",[  0.    103.417  22.583],355.0,44,2018,8,25
"[27.328852 27.328852 27.328852 27.328852 27.328852 27.328852 27.328852
 27.328852 27.328852 27.328852 27.328852 27.328852]",[  0.    103.417  22.583],355.0,45,2018,8,25
"[23.476011 23.476011 23.476011 23.476011 23.476011 23.476011 23.476011
 23.476011 23.476011 23.476011 23.476011 23.476011]",[  7.5   103.417  22.583],355.0,46,2018,8,25
"[37.858353 37.858353 37.858353 37.858353 37.858353 37.858353 37.858353
 37.858353 37.858353 37.858353 37.858353 37.858353]",[ 35.7   103.417  22.583],355.0,7,2019,8,25
"[36.47037 36.47037 36.47037 36.47037 36.47037 36.47037 36.47037 36.47037
 36.47037 36.47037 36.47037 36.47037]",[ 35.7   103.417  22.583],355.0,8,2019,8,25
"[33.455105 33.455105 33.455105 33.455105 33.455105 33.455105 33.455105
 33.455105 33.455105 33.455105 33.455105 33.455105]",[ 20.4   103.417  22.583],355.0,9,2019,8,25
"[23.763178 23.763178 23.763178 23.763178 23.763178 23.763178 23.763178
 23.763178 23.763178 23.763178 23.763178 23.763178]",[ 18.6   103.417  22.583],355.0,10,2019,8,25
"[20.293228 20.293228 20.293228 20.293228 20.293228 20.293228 20.293228
 20.293228 20.293228 20.293228 20.293228 20.293228]",[ 18.6   103.417  22.583],355.0,11,2019,8,25
"[17.58906 17.58906 17.58906 17.58906 17.58906 17.58906 17.58906 17.58906
 17.58906 17.58906 17.58906 17.58906]",[ 18.1   103.417  22.583],355.0,12,2019,8,25
"[4.4271765 4.4271765 4.4271765 4.4271765 4.4271765 4.4271765 4.4271765
 4.4271765 4.4271765 4.4271765 4.4271765 4.4271765]",[ 11.3   103.417  22.583],355.0,13,2019,8,25
"[0.35896003 0.35896003 0.35896003 0.35896003 0.35896003 0.35896003
 0.35896003 0.35896003 0.35896003 0.35896003 0.35896003 0.35896003]",[  0.    103.417  22.583],355.0,14,2019,8,25
"[4.379314 4.379314 4.379314 4.379314 4.379314 4.379314 4.379314 4.379314
 4.379314 4.379314 4.379314 4.379314]",[  0.    103.417  22.583],355.0,15,2019,8,25
"[27.1374 27.1374 27.1374 27.1374 27.1374 27.1374 27.1374 27.1374 27.1374
 27.1374 27.1374 27.1374]",[ 24.4   103.417  22.583],355.0,16,2019,8,25
"[69.54259 69.54259 69.54259 69.54259 69.54259 69.54259 69.54259 69.54259
 69.54259 69.54259 69.54259 69.54259]",[ 52.2   103.417  22.583],355.0,17,2019,8,25
"[86.461586 86.461586 86.461586 86.461586 86.461586 86.461586 86.461586
 86.461586 86.461586 86.461586 86.461586 86.461586]",[ 52.2   103.417  22.583],355.0,18,2019,8,25
"[94.93305 94.93305 94.93305 94.93305 94.93305 94.93305 94.93305 94.93305
 94.93305 94.93305 94.93305 94.93305]",[ 52.2   103.417  22.583],355.0,19,2019,8,25
"[98.45087 98.45087 98.45087 98.45087 98.45087 98.45087 98.45087 98.45087
 98.45087 98.45087 98.45087 98.45087]",[ 52.2   103.417  22.583],355.0,20,2019,8,25
"[100.12602 100.12602 100.12602 100.12602 100.12602 100.12602 100.12602
 100.12602 100.12602 100.12602 100.12602 100.12602]",[ 52.2   103.417  22.583],355.0,21,2019,8,25
"[96.53641 96.53641 96.53641 96.53641 96.53641 96.53641 96.53641 96.53641
 96.53641 96.53641 96.53641 96.53641]",[ 52.2   103.417  22.583],355.0,22,2019,8,25
"[74.13728 74.13728 74.13728 74.13728 74.13728 74.13728 74.13728 74.13728
 74.13728 74.13728 74.13728 74.13728]",[ 27.8   103.417  22.583],355.0,23,2019,8,25
"[34.867016 34.867016 34.867016 34.867016 34.867016 34.867016 34.867016
 34.867016 34.867016 34.867016 34.867016 34.867016]",[  0.    103.417  22.583],355.0,24,2019,8,25
"[23.404219 23.404219 23.404219 23.404219 23.404219 23.404219 23.404219
 23.404219 23.404219 23.404219 23.404219 23.404219]",[  0.    103.417  22.583],355.0,25,2019,8,25
"[21.968374 21.968374 21.968374 21.968374 21.968374 21.968374 21.968374
 21.968374 21.968374 21.968374 21.968374 21.968374]",[  0.    103.417  22.583],355.0,26,2019,8,25
"[19.335999 19.335999 19.335999 19.335999 19.335999 19.335999 19.335999
 19.335999 19.335999 19.335999 19.335999 19.335999]",[  8.5   103.417  22.583],355.0,27,2019,8,25
"[18.043737 18.043737 18.043737 18.043737 18.043737 18.043737 18.043737
 18.043737 18.043737 18.043737 18.043737 18.043737]",[  8.5   103.417  22.583],355.0,28,2019,8,25
"[17.660847 17.660847 17.660847 17.660847 17.660847 17.660847 17.660847
 17.660847 17.660847 17.660847 17.660847 17.660847]",[  8.5   103.417  22.583],355.0,29,2019,8,25
"[17.301888 17.301888 17.301888 17.301888 17.301888 17.301888 17.301888
 17.301888 17.301888 17.301888 17.301888 17.301888]",[  8.5   103.417  22.583],355.0,30,2019,8,25
"[14.884887 14.884887 14.884887 14.884887 14.884887 14.884887 14.884887
 14.884887 14.884887 14.884887 14.884887 14.884887]",[  8.5   103.417  22.583],355.0,31,2019,8,25
"[10.290194 10.290194 10.290194 10.290194 10.290194 10.290194 10.290194
 10.290194 10.290194 10.290194 10.290194 10.290194]",[  8.5   103.417  22.583],355.0,32,2019,8,25
"[3.2785027 3.2785027 3.2785027 3.2785027 3.2785027 3.2785027 3.2785027
 3.2785027 3.2785027 3.2785027 3.2785027 3.2785027]",[  8.5   103.417  22.583],355.0,33,2019,8,25
"[2.321276 2.321276 2.321276 2.321276 2.321276 2.321276 2.321276 2.321276
 2.321276 2.321276 2.321276 2.321276]",[  0.    103.417  22.583],355.0,34,2019,8,25
"[1.6990781 1.6990781 1.6990781 1.6990781 1.6990781 1.6990781 1.6990781
 1.6990781 1.6990781 1.6990781 1.6990781 1.6990781]",[  0.    103.417  22.583],355.0,35,2019,8,25
"[1.8187314 1.8187314 1.8187314 1.8187314 1.8187314 1.8187314 1.8187314
 1.8187314 1.8187314 1.8187314 1.8187314 1.8187314]",[  0.    103.417  22.583],355.0,36,2019,8,25
"[2.0819693 2.0819693 2.0819693 2.0819693 2.0819693 2.0819693 2.0819693
 2.0819693 2.0819693 2.0819693 2.0819693 2.0819693]",[  0.    103.417  22.583],355.0,37,2019,8,25
"[1.5076339 1.5076339 1.5076339 1.5076339 1.5076339 1.5076339 1.5076339
 1.5076339 1.5076339 1.5076339 1.5076339 1.5076339]",[  0.    103.417  22.583],355.0,38,2019,8,25
"[0.622198 0.622198 0.622198 0.622198 0.622198 0.622198 0.622198 0.622198
 0.622198 0.622198 0.622198 0.622198]",[  0.    103.417  22.583],355.0,39,2019,8,25
"[0.5982667 0.5982667 0.5982667 0.5982667 0.5982667 0.5982667 0.5982667
 0.5982667 0.5982667 0.5982667 0.5982667 0.5982667]",[ 55.9   103.417  22.583],355.0,40,2019,8,25
"[0.5982667 0.5982667 0.5982667 0.5982667 0.5982667 0.5982667 0.5982667
 0.5982667 0.5982667 0.5982667 0.5982667 0.5982667]",[ 55.9   103.417  22.583],355.0,41,2019,8,25
"[0.5982667 0.5982667 0.5982667 0.5982667 0.5982667 0.5982667 0.5982667
 0.5982667 0.5982667 0.5982667 0.5982667 0.5982667]",[ 55.9   103.417  22.583],355.0,42,2019,8,25
"[0.40682256 0.40682256 0.40682256 0.40682256 0.40682256 0.40682256
 0.40682256 0.40682256 0.40682256 0.40682256 0.40682256 0.40682256]",[ 55.9   103.417  22.583],355.0,43,2019,8,25
"[0.14358461 0.14358461 0.14358461 0.14358461 0.14358461 0.14358461
 0.14358461 0.14358461 0.14358461 0.14358461 0.14358461 0.14358461]",[ 55.9   103.417  22.583],355.0,44,2019,8,25
[0. 0. 0. 0. 0. 0. 0. 0. 0. 0. 0. 0.],[ 55.9   103.417  22.583],355.0,45,2019,8,25
[0. 0. 0. 0. 0. 0. 0. 0. 0. 0. 0. 0.],[ 55.9   103.417  22.583],355.0,46,2019,8,25
"[16.89507 16.89507 16.89507 16.89507 16.89507 16.89507 16.89507 16.89507
 16.89507 16.89507 16.89507 16.89507]",[ 10.8   103.417  22.583],355.0,7,2020,8,25
"[16.129284 16.129284 16.129284 16.129284 16.129284 16.129284 16.129284
 16.129284 16.129284 16.129284 16.129284 16.129284]",[ 10.8   103.417  22.583],355.0,8,2020,8,25
"[15.913908 15.913908 15.913908 15.913908 15.913908 15.913908 15.913908
 15.913908 15.913908 15.913908 15.913908 15.913908]",[ 10.8   103.417  22.583],355.0,9,2020,8,25
"[15.794256 15.794256 15.794256 15.794256 15.794256 15.794256 15.794256
 15.794256 15.794256 15.794256 15.794256 15.794256]",[ 10.8   103.417  22.583],355.0,10,2020,8,25
"[14.645582 14.645582 14.645582 14.645582 14.645582 14.645582 14.645582
 14.645582 14.645582 14.645582 14.645582 14.645582]",[ 10.8   103.417  22.583],355.0,11,2020,8,25
"[11.343148 11.343148 11.343148 11.343148 11.343148 11.343148 11.343148
 11.343148 11.343148 11.343148 11.343148 11.343148]",[ 10.8   103.417  22.583],355.0,12,2020,8,25
"[7.538167 7.538167 7.538167 7.538167 7.538167 7.538167 7.538167 7.538167
 7.538167 7.538167 7.538167 7.538167]",[ 34.5   103.417  22.583],355.0,13,2020,8,25
"[10.026958 10.026958 10.026958 10.026958 10.026958 10.026958 10.026958
 10.026958 10.026958 10.026958 10.026958 10.026958]",[ 38.3   103.417  22.583],355.0,14,2020,8,25
"[19.671024 19.671024 19.671024 19.671024 19.671024 19.671024 19.671024
 19.671024 19.671024 19.671024 19.671024 19.671024]",[ 54.5   103.417  22.583],355.0,15,2020,8,25
"[34.31661 34.31661 34.31661 34.31661 34.31661 34.31661 34.31661 34.31661
 34.31661 34.31661 34.31661 34.31661]",[ 71.    103.417  22.583],355.0,16,2020,8,25
"[41.878708 41.878708 41.878708 41.878708 41.878708 41.878708 41.878708
 41.878708 41.878708 41.878708 41.878708 41.878708]",[ 71.    103.417  22.583],355.0,17,2020,8,25
"[42.524837 42.524837 42.524837 42.524837 42.524837 42.524837 42.524837
 42.524837 42.524837 42.524837 42.524837 42.524837]",[ 72.8   103.417  22.583],355.0,18,2020,8,25
"[41.663334 41.663334 41.663334 41.663334 41.663334 41.663334 41.663334
 41.663334 41.663334 41.663334 41.663334 41.663334]",[ 72.8   103.417  22.583],355.0,19,2020,8,25
"[47.789593 47.789593 47.789593 47.789593 47.789593 47.789593 47.789593
 47.789593 47.789593 47.789593 47.789593 47.789593]",[ 38.3   103.417  22.583],355.0,20,2020,8,25
"[56.931114 56.931114 56.931114 56.931114 56.931114 56.931114 56.931114
 56.931114 56.931114 56.931114 56.931114 56.931114]",[ 34.5   103.417  22.583],355.0,21,2020,8,25
"[54.274807 54.274807 54.274807 54.274807 54.274807 54.274807 54.274807
 54.274807 54.274807 54.274807 54.274807 54.274807]",[ 18.3   103.417  22.583],355.0,22,2020,8,25
"[45.37259 45.37259 45.37259 45.37259 45.37259 45.37259 45.37259 45.37259
 45.37259 45.37259 45.37259 45.37259]",[  1.8   103.417  22.583],355.0,23,2020,8,25
"[43.88889 43.88889 43.88889 43.88889 43.88889 43.88889 43.88889 43.88889
 43.88889 43.88889 43.88889 43.88889]",[  1.8   103.417  22.583],355.0,24,2020,8,25
"[56.715736 56.715736 56.715736 56.715736 56.715736 56.715736 56.715736
 56.715736 56.715736 56.715736 56.715736 56.715736]",[  0.    103.417  22.583],355.0,25,2020,8,25
"[70.547676 70.547676 70.547676 70.547676 70.547676 70.547676 70.547676
 70.547676 70.547676 70.547676 70.547676 70.547676]",[  0.    103.417  22.583],355.0,26,2020,8,25
"[62.841995 62.841995 62.841995 62.841995 62.841995 62.841995 62.841995
 62.841995 62.841995 62.841995 62.841995 62.841995]",[  2.    103.417  22.583],355.0,27,2020,8,25
"[52.40821 52.40821 52.40821 52.40821 52.40821 52.40821 52.40821 52.40821
 52.40821 52.40821 52.40821 52.40821]",[ 21.3   103.417  22.583],355.0,28,2020,8,25
"[57.74476 57.74476 57.74476 57.74476 57.74476 57.74476 57.74476 57.74476
 57.74476 57.74476 57.74476 57.74476]",[ 26.7   103.417  22.583],355.0,29,2020,8,25
"[53.36544 53.36544 53.36544 53.36544 53.36544 53.36544 53.36544 53.36544
 53.36544 53.36544 53.36544 53.36544]",[ 46.4   103.417  22.583],355.0,30,2020,8,25
"[57.960133 57.960133 57.960133 57.960133 57.960133 57.960133 57.960133
 57.960133 57.960133 57.960133 57.960133 57.960133]",[ 62.2   103.417  22.583],355.0,31,2020,8,25
"[55.92602 55.92602 55.92602 55.92602 55.92602 55.92602 55.92602 55.92602
 55.92602 55.92602 55.92602 55.92602]",[ 66.4   103.417  22.583],355.0,32,2020,8,25
"[58.98915 58.98915 58.98915 58.98915 58.98915 58.98915 58.98915 58.98915
 58.98915 58.98915 58.98915 58.98915]",[ 68.3   103.417  22.583],355.0,33,2020,8,25
"[61.095055 61.095055 61.095055 61.095055 61.095055 61.095055 61.095055
 61.095055 61.095055 61.095055 61.095055 61.095055]",[ 66.3   103.417  22.583],355.0,34,2020,8,25
"[63.727425 63.727425 63.727425 63.727425 63.727425 63.727425 63.727425
 63.727425 63.727425 63.727425 63.727425 63.727425]",[ 47.    103.417  22.583],355.0,35,2020,8,25
"[78.803764 78.803764 78.803764 78.803764 78.803764 78.803764 78.803764
 78.803764 78.803764 78.803764 78.803764 78.803764]",[ 41.6   103.417  22.583],355.0,36,2020,8,25
"[98.73803 98.73803 98.73803 98.73803 98.73803 98.73803 98.73803 98.73803
 98.73803 98.73803 98.73803 98.73803]",[ 21.9   103.417  22.583],355.0,37,2020,8,25
"[99.69527 99.69527 99.69527 99.69527 99.69527 99.69527 99.69527 99.69527
 99.69527 99.69527 99.69527 99.69527]",[  6.1   103.417  22.583],355.0,38,2020,8,25
"[90.00332 90.00332 90.00332 90.00332 90.00332 90.00332 90.00332 90.00332
 90.00332 90.00332 90.00332 90.00332]",[  1.9   103.417  22.583],355.0,39,2020,8,25
"[78.01405 78.01405 78.01405 78.01405 78.01405 78.01405 78.01405 78.01405
 78.01405 78.01405 78.01405 78.01405]",[  0.    103.417  22.583],355.0,40,2020,8,25
"[84.85822 84.85822 84.85822 84.85822 84.85822 84.85822 84.85822 84.85822
 84.85822 84.85822 84.85822 84.85822]",[  0.    103.417  22.583],355.0,41,2020,8,25
"[85.097534 85.097534 85.097534 85.097534 85.097534 85.097534 85.097534
 85.097534 85.097534 85.097534 85.097534 85.097534]",[  0.    103.417  22.583],355.0,42,2020,8,25
"[60.424995 60.424995 60.424995 60.424995 60.424995 60.424995 60.424995
 60.424995 60.424995 60.424995 60.424995 60.424995]",[  0.    103.417  22.583],355.0,43,2020,8,25
"[56.47643 56.47643 56.47643 56.47643 56.47643 56.47643 56.47643 56.47643
 56.47643 56.47643 56.47643 56.47643]",[  0.    103.417  22.583],355.0,44,2020,8,25
"[57.433655 57.433655 57.433655 57.433655 57.433655 57.433655 57.433655
 57.433655 57.433655 57.433655 57.433655 57.433655]",[  0.    103.417  22.583],355.0,45,2020,8,25
"[59.85066 59.85066 59.85066 59.85066 59.85066 59.85066 59.85066 59.85066
 59.85066 59.85066 59.85066 59.85066]",[  0.    103.417  22.583],355.0,46,2020,8,25
"[35.6328 35.6328 35.6328 35.6328 35.6328 35.6328 35.6328 35.6328 35.6328
 35.6328 35.6328 35.6328]",[ 21.9   103.417  22.583],355.0,7,2021,8,25
"[30.05695 30.05695 30.05695 30.05695 30.05695 30.05695 30.05695 30.05695
 30.05695 30.05695 30.05695 30.05695]",[  0.    103.417  22.583],355.0,8,2021,8,25
"[25.127226 25.127226 25.127226 25.127226 25.127226 25.127226 25.127226
 25.127226 25.127226 25.127226 25.127226 25.127226]",[  8.6   103.417  22.583],355.0,9,2021,8,25
"[22.159819 22.159819 22.159819 22.159819 22.159819 22.159819 22.159819
 22.159819 22.159819 22.159819 22.159819 22.159819]",[  8.6   103.417  22.583],355.0,10,2021,8,25
"[21.394035 21.394035 21.394035 21.394035 21.394035 21.394035 21.394035
 21.394035 21.394035 21.394035 21.394035 21.394035]",[ 13.9   103.417  22.583],355.0,11,2021,8,25
"[21.08294 21.08294 21.08294 21.08294 21.08294 21.08294 21.08294 21.08294
 21.08294 21.08294 21.08294 21.08294]",[ 13.9   103.417  22.583],355.0,12,2021,8,25
"[19.312069 19.312069 19.312069 19.312069 19.312069 19.312069 19.312069
 19.312069 19.312069 19.312069 19.312069 19.312069]",[ 13.9   103.417  22.583],355.0,13,2021,8,25
"[18.330912 18.330912 18.330912 18.330912 18.330912 18.330912 18.330912
 18.330912 18.330912 18.330912 18.330912 18.330912]",[ 14.8   103.417  22.583],355.0,14,2021,8,25
"[22.542713 22.542713 22.542713 22.542713 22.542713 22.542713 22.542713
 22.542713 22.542713 22.542713 22.542713 22.542713]",[ 14.8   103.417  22.583],355.0,15,2021,8,25
"[38.576275 38.576275 38.576275 38.576275 38.576275 38.576275 38.576275
 38.576275 38.576275 38.576275 38.576275 38.576275]",[  6.2   103.417  22.583],355.0,16,2021,8,25
"[47.33491 47.33491 47.33491 47.33491 47.33491 47.33491 47.33491 47.33491
 47.33491 47.33491 47.33491 47.33491]",[  6.2   103.417  22.583],355.0,17,2021,8,25
"[48.22035 48.22035 48.22035 48.22035 48.22035 48.22035 48.22035 48.22035
 48.22035 48.22035 48.22035 48.22035]",[  0.9   103.417  22.583],355.0,18,2021,8,25
"[52.647526 52.647526 52.647526 52.647526 52.647526 52.647526 52.647526
 52.647526 52.647526 52.647526 52.647526 52.647526]",[  0.9   103.417  22.583],355.0,19,2021,8,25
"[60.807888 60.807888 60.807888 60.807888 60.807888 60.807888 60.807888
 60.807888 60.807888 60.807888 60.807888 60.807888]",[  3.3   103.417  22.583],355.0,20,2021,8,25
"[93.999756 93.999756 93.999756 93.999756 93.999756 93.999756 93.999756
 93.999756 93.999756 93.999756 93.999756 93.999756]",[  2.4   103.417  22.583],355.0,21,2021,8,25
"[126.59336 126.59336 126.59336 126.59336 126.59336 126.59336 126.59336
 126.59336 126.59336 126.59336 126.59336 126.59336]",[  2.4   103.417  22.583],355.0,22,2021,8,25
"[153.18036 153.18036 153.18036 153.18036 153.18036 153.18036 153.18036
 153.18036 153.18036 153.18036 153.18036 153.18036]",[ 22.1   103.417  22.583],355.0,23,2021,8,25
"[195.96843 195.96843 195.96843 195.96843 195.96843 195.96843 195.96843
 195.96843 195.96843 195.96843 195.96843 195.96843]",[ 22.1   103.417  22.583],355.0,24,2021,8,25
"[201.61607 201.61607 201.61607 201.61607 201.61607 201.61607 201.61607
 201.61607 201.61607 201.61607 201.61607 201.61607]",[ 22.1   103.417  22.583],355.0,25,2021,8,25
"[197.88289 197.88289 197.88289 197.88289 197.88289 197.88289 197.88289
 197.88289 197.88289 197.88289 197.88289 197.88289]",[ 22.1   103.417  22.583],355.0,26,2021,8,25
"[189.6986 189.6986 189.6986 189.6986 189.6986 189.6986 189.6986 189.6986
 189.6986 189.6986 189.6986 189.6986]",[ 19.7   103.417  22.583],355.0,27,2021,8,25
"[155.47769 155.47769 155.47769 155.47769 155.47769 155.47769 155.47769
 155.47769 155.47769 155.47769 155.47769 155.47769]",[ 19.7   103.417  22.583],355.0,28,2021,8,25
"[117.1168 117.1168 117.1168 117.1168 117.1168 117.1168 117.1168 117.1168
 117.1168 117.1168 117.1168 117.1168]",[ 19.7   103.417  22.583],355.0,29,2021,8,25
"[77.32007 77.32007 77.32007 77.32007 77.32007 77.32007 77.32007 77.32007
 77.32007 77.32007 77.32007 77.32007]",[  0.    103.417  22.583],355.0,30,2021,8,25
"[35.561005 35.561005 35.561005 35.561005 35.561005 35.561005 35.561005
 35.561005 35.561005 35.561005 35.561005 35.561005]",[  0.    103.417  22.583],355.0,31,2021,8,25
"[31.133823 31.133823 31.133823 31.133823 31.133823 31.133823 31.133823
 31.133823 31.133823 31.133823 31.133823 31.133823]",[  0.    103.417  22.583],355.0,32,2021,8,25
"[30.65521 30.65521 30.65521 30.65521 30.65521 30.65521 30.65521 30.65521
 30.65521 30.65521 30.65521 30.65521]",[  0.    103.417  22.583],355.0,33,2021,8,25
"[34.436256 34.436256 34.436256 34.436256 34.436256 34.436256 34.436256
 34.436256 34.436256 34.436256 34.436256 34.436256]",[  0.    103.417  22.583],355.0,34,2021,8,25
"[40.13176 40.13176 40.13176 40.13176 40.13176 40.13176 40.13176 40.13176
 40.13176 40.13176 40.13176 40.13176]",[  0.    103.417  22.583],355.0,35,2021,8,25
"[43.147034 43.147034 43.147034 43.147034 43.147034 43.147034 43.147034
 43.147034 43.147034 43.147034 43.147034 43.147034]",[ 26.2   103.417  22.583],355.0,36,2021,8,25
"[47.430626 47.430626 47.430626 47.430626 47.430626 47.430626 47.430626
 47.430626 47.430626 47.430626 47.430626 47.430626]",[ 26.2   103.417  22.583],355.0,37,2021,8,25
"[42.500904 42.500904 42.500904 42.500904 42.500904 42.500904 42.500904
 42.500904 42.500904 42.500904 42.500904 42.500904]",[ 69.    103.417  22.583],355.0,38,2021,8,25
"[47.382767 47.382767 47.382767 47.382767 47.382767 47.382767 47.382767
 47.382767 47.382767 47.382767 47.382767 47.382767]",[ 69.    103.417  22.583],355.0,39,2021,8,25
"[66.431595 66.431595 66.431595 66.431595 66.431595 66.431595 66.431595
 66.431595 66.431595 66.431595 66.431595 66.431595]",[ 69.    103.417  22.583],355.0,40,2021,8,25
"[73.897964 73.897964 73.897964 73.897964 73.897964 73.897964 73.897964
 73.897964 73.897964 73.897964 73.897964 73.897964]",[ 69.    103.417  22.583],355.0,41,2021,8,25
"[76.889305 76.889305 76.889305 76.889305 76.889305 76.889305 76.889305
 76.889305 76.889305 76.889305 76.889305 76.889305]",[ 69.    103.417  22.583],355.0,42,2021,8,25
"[74.5441 74.5441 74.5441 74.5441 74.5441 74.5441 74.5441 74.5441 74.5441
 74.5441 74.5441 74.5441]",[ 42.8   103.417  22.583],355.0,43,2021,8,25
"[67.2931 67.2931 67.2931 67.2931 67.2931 67.2931 67.2931 67.2931 67.2931
 67.2931 67.2931 67.2931]",[ 42.8   103.417  22.583],355.0,44,2021,8,25
"[63.966736 63.966736 63.966736 63.966736 63.966736 63.966736 63.966736
 63.966736 63.966736 63.966736 63.966736 63.966736]",[  0.    103.417  22.583],355.0,45,2021,8,25
"[55.49527 55.49527 55.49527 55.49527 55.49527 55.49527 55.49527 55.49527
 55.49527 55.49527 55.49527 55.49527]",[  0.    103.417  22.583],355.0,46,2021,8,25
"[92.259285 92.259285 92.259285 92.259285 92.259285 92.259285 92.259285
 92.259285 92.259285 92.259285 92.259285 92.259285]",[ 86.5   103.417  22.583],355.0,7,2018,8,29
"[71.48491 71.48491 71.48491 71.48491 71.48491 71.48491 71.48491 71.48491
 71.48491 71.48491 71.48491 71.48491]",[ 67.2   103.417  22.583],355.0,8,2018,8,29
"[30.852348 30.852348 30.852348 30.852348 30.852348 30.852348 30.852348
 30.852348 30.852348 30.852348 30.852348 30.852348]",[ 28.5   103.417  22.583],355.0,9,2018,8,29
"[27.645718 27.645718 27.645718 27.645718 27.645718 27.645718 27.645718
 27.645718 27.645718 27.645718 27.645718 27.645718]",[ 29.8   103.417  22.583],355.0,10,2018,8,29
"[27.370869 27.370869 27.370869 27.370869 27.370869 27.370869 27.370869
 27.370869 27.370869 27.370869 27.370869 27.370869]",[ 10.5   103.417  22.583],355.0,11,2018,8,29
"[20.774376 20.774376 20.774376 20.774376 20.774376 20.774376 20.774376
 20.774376 20.774376 20.774376 20.774376 20.774376]",[  4.1   103.417  22.583],355.0,12,2018,8,29
"[21.57603 21.57603 21.57603 21.57603 21.57603 21.57603 21.57603 21.57603
 21.57603 21.57603 21.57603 21.57603]",[  2.7   103.417  22.583],355.0,13,2018,8,29
"[24.049717 24.049717 24.049717 24.049717 24.049717 24.049717 24.049717
 24.049717 24.049717 24.049717 24.049717 24.049717]",[  6.1   103.417  22.583],355.0,14,2018,8,29
"[14.246596 14.246596 14.246596 14.246596 14.246596 14.246596 14.246596
 14.246596 14.246596 14.246596 14.246596 14.246596]",[  6.3   103.417  22.583],355.0,15,2018,8,29
"[28.790947 28.790947 28.790947 28.790947 28.790947 28.790947 28.790947
 28.790947 28.790947 28.790947 28.790947 28.790947]",[  5.8   103.417  22.583],355.0,16,2018,8,29
"[50.344074 50.344074 50.344074 50.344074 50.344074 50.344074 50.344074
 50.344074 50.344074 50.344074 50.344074 50.344074]",[  3.6   103.417  22.583],355.0,17,2018,8,29
"[53.27585 53.27585 53.27585 53.27585 53.27585 53.27585 53.27585 53.27585
 53.27585 53.27585 53.27585 53.27585]",[  3.6   103.417  22.583],355.0,18,2018,8,29
"[56.75733 56.75733 56.75733 56.75733 56.75733 56.75733 56.75733 56.75733
 56.75733 56.75733 56.75733 56.75733]",[  3.6   103.417  22.583],355.0,19,2018,8,29
"[60.376244 60.376244 60.376244 60.376244 60.376244 60.376244 60.376244
 60.376244 60.376244 60.376244 60.376244 60.376244]",[  7.4   103.417  22.583],355.0,20,2018,8,29
"[64.430336 64.430336 64.430336 64.430336 64.430336 64.430336 64.430336
 64.430336 64.430336 64.430336 64.430336 64.430336]",[  6.3   103.417  22.583],355.0,21,2018,8,29
"[70.24808 70.24808 70.24808 70.24808 70.24808 70.24808 70.24808 70.24808
 70.24808 70.24808 70.24808 70.24808]",[  6.1   103.417  22.583],355.0,22,2018,8,29
"[63.124786 63.124786 63.124786 63.124786 63.124786 63.124786 63.124786
 63.124786 63.124786 63.124786 63.124786 63.124786]",[  6.1   103.417  22.583],355.0,23,2018,8,29
"[49.221752 49.221752 49.221752 49.221752 49.221752 49.221752 49.221752
 49.221752 49.221752 49.221752 49.221752 49.221752]",[  6.1   103.417  22.583],355.0,24,2018,8,29
"[50.34407 50.34407 50.34407 50.34407 50.34407 50.34407 50.34407 50.34407
 50.34407 50.34407 50.34407 50.34407]",[  6.1   103.417  22.583],355.0,25,2018,8,29
"[51.21444 51.21444 51.21444 51.21444 51.21444 51.21444 51.21444 51.21444
 51.21444 51.21444 51.21444 51.21444]",[  6.1   103.417  22.583],355.0,26,2018,8,29
"[64.86552 64.86552 64.86552 64.86552 64.86552 64.86552 64.86552 64.86552
 64.86552 64.86552 64.86552 64.86552]",[  2.3   103.417  22.583],355.0,27,2018,8,29
"[75.447395 75.447395 75.447395 75.447395 75.447395 75.447395 75.447395
 75.447395 75.447395 75.447395 75.447395 75.447395]",[  0.    103.417  22.583],355.0,28,2018,8,29
"[89.67108 89.67108 89.67108 89.67108 89.67108 89.67108 89.67108 89.67108
 89.67108 89.67108 89.67108 89.67108]",[  5.2   103.417  22.583],355.0,29,2018,8,29
"[97.66475 97.66475 97.66475 97.66475 97.66475 97.66475 97.66475 97.66475
 97.66475 97.66475 97.66475 97.66475]",[ 31.8   103.417  22.583],355.0,30,2018,8,29
"[94.984924 94.984924 94.984924 94.984924 94.984924 94.984924 94.984924
 94.984924 94.984924 94.984924 94.984924 94.984924]",[ 32.5   103.417  22.583],355.0,31,2018,8,29
"[91.251495 91.251495 91.251495 91.251495 91.251495 91.251495 91.251495
 91.251495 91.251495 91.251495 91.251495 91.251495]",[ 32.5   103.417  22.583],355.0,32,2018,8,29
"[85.75441 85.75441 85.75441 85.75441 85.75441 85.75441 85.75441 85.75441
 85.75441 85.75441 85.75441 85.75441]",[ 32.5   103.417  22.583],355.0,33,2018,8,29
"[66.400116 66.400116 66.400116 66.400116 66.400116 66.400116 66.400116
 66.400116 66.400116 66.400116 66.400116 66.400116]",[ 32.5   103.417  22.583],355.0,34,2018,8,29
"[49.038506 49.038506 49.038506 49.038506 49.038506 49.038506 49.038506
 49.038506 49.038506 49.038506 49.038506 49.038506]",[ 32.5   103.417  22.583],355.0,35,2018,8,29
"[28.790941 28.790941 28.790941 28.790941 28.790941 28.790941 28.790941
 28.790941 28.790941 28.790941 28.790941 28.790941]",[ 27.3   103.417  22.583],355.0,36,2018,8,29
"[18.987818 18.987818 18.987818 18.987818 18.987818 18.987818 18.987818
 18.987818 18.987818 18.987818 18.987818 18.987818]",[  0.7   103.417  22.583],355.0,37,2018,8,29
"[12.895224 12.895224 12.895224 12.895224 12.895224 12.895224 12.895224
 12.895224 12.895224 12.895224 12.895224 12.895224]",[  0.    103.417  22.583],355.0,38,2018,8,29
"[11.177388 11.177388 11.177388 11.177388 11.177388 11.177388 11.177388
 11.177388 11.177388 11.177388 11.177388 11.177388]",[  0.    103.417  22.583],355.0,39,2018,8,29
"[11.223198 11.223198 11.223198 11.223198 11.223198 11.223198 11.223198
 11.223198 11.223198 11.223198 11.223198 11.223198]",[  0.    103.417  22.583],355.0,40,2018,8,29
"[14.292402 14.292402 14.292402 14.292402 14.292402 14.292402 14.292402
 14.292402 14.292402 14.292402 14.292402 14.292402]",[  0.    103.417  22.583],355.0,41,2018,8,29
"[15.529243 15.529243 15.529243 15.529243 15.529243 15.529243 15.529243
 15.529243 15.529243 15.529243 15.529243 15.529243]",[  7.5   103.417  22.583],355.0,42,2018,8,29
"[14.338211 14.338211 14.338211 14.338211 14.338211 14.338211 14.338211
 14.338211 14.338211 14.338211 14.338211 14.338211]",[  8.9   103.417  22.583],355.0,43,2018,8,29
"[6.344542 6.344542 6.344542 6.344542 6.344542 6.344542 6.344542 6.344542
 6.344542 6.344542 6.344542 6.344542]",[  8.9   103.417  22.583],355.0,44,2018,8,29
"[7.283625 7.283625 7.283625 7.283625 7.283625 7.283625 7.283625 7.283625
 7.283625 7.283625 7.283625 7.283625]",[  8.9   103.417  22.583],355.0,45,2018,8,29
"[11.704191 11.704191 11.704191 11.704191 11.704191 11.704191 11.704191
 11.704191 11.704191 11.704191 11.704191 11.704191]",[ 10.3   103.417  22.583],355.0,46,2018,8,29
"[249.8651 249.8651 249.8651 249.8651 249.8651 249.8651 249.8651 249.8651
 249.8651 249.8651 249.8651 249.8651]",[ 18.6   103.417  22.583],355.0,7,2019,8,29
"[217.1346 217.1346 217.1346 217.1346 217.1346 217.1346 217.1346 217.1346
 217.1346 217.1346 217.1346 217.1346]",[ 18.1   103.417  22.583],355.0,8,2019,8,29
"[155.31535 155.31535 155.31535 155.31535 155.31535 155.31535 155.31535
 155.31535 155.31535 155.31535 155.31535 155.31535]",[ 11.3   103.417  22.583],355.0,9,2019,8,29
"[104.856766 104.856766 104.856766 104.856766 104.856766 104.856766
 104.856766 104.856766 104.856766 104.856766 104.856766 104.856766]",[  0.    103.417  22.583],355.0,10,2019,8,29
"[87.6784 87.6784 87.6784 87.6784 87.6784 87.6784 87.6784 87.6784 87.6784
 87.6784 87.6784 87.6784]",[  0.    103.417  22.583],355.0,11,2019,8,29
"[78.608215 78.608215 78.608215 78.608215 78.608215 78.608215 78.608215
 78.608215 78.608215 78.608215 78.608215 78.608215]",[ 24.4   103.417  22.583],355.0,12,2019,8,29
"[40.426426 40.426426 40.426426 40.426426 40.426426 40.426426 40.426426
 40.426426 40.426426 40.426426 40.426426 40.426426]",[ 52.2   103.417  22.583],355.0,13,2019,8,29
"[29.89036 29.89036 29.89036 29.89036 29.89036 29.89036 29.89036 29.89036
 29.89036 29.89036 29.89036 29.89036]",[ 52.2   103.417  22.583],355.0,14,2019,8,29
"[30.325542 30.325542 30.325542 30.325542 30.325542 30.325542 30.325542
 30.325542 30.325542 30.325542 30.325542 30.325542]",[ 52.2   103.417  22.583],355.0,15,2019,8,29
"[25.217842 25.217842 25.217842 25.217842 25.217842 25.217842 25.217842
 25.217842 25.217842 25.217842 25.217842 25.217842]",[ 52.2   103.417  22.583],355.0,16,2019,8,29
"[49.656937 49.656937 49.656937 49.656937 49.656937 49.656937 49.656937
 49.656937 49.656937 49.656937 49.656937 49.656937]",[ 52.2   103.417  22.583],355.0,17,2019,8,29
"[89.41913 89.41913 89.41913 89.41913 89.41913 89.41913 89.41913 89.41913
 89.41913 89.41913 89.41913 89.41913]",[ 52.2   103.417  22.583],355.0,18,2019,8,29
"[86.89964 86.89964 86.89964 86.89964 86.89964 86.89964 86.89964 86.89964
 86.89964 86.89964 86.89964 86.89964]",[ 27.8   103.417  22.583],355.0,19,2019,8,29
"[96.22177 96.22177 96.22177 96.22177 96.22177 96.22177 96.22177 96.22177
 96.22177 96.22177 96.22177 96.22177]",[  0.    103.417  22.583],355.0,20,2019,8,29
"[115.553154 115.553154 115.553154 115.553154 115.553154 115.553154
 115.553154 115.553154 115.553154 115.553154 115.553154 115.553154]",[  0.    103.417  22.583],355.0,21,2019,8,29
"[118.62236 118.62236 118.62236 118.62236 118.62236 118.62236 118.62236
 118.62236 118.62236 118.62236 118.62236 118.62236]",[  0.    103.417  22.583],355.0,22,2019,8,29
"[120.17986 120.17986 120.17986 120.17986 120.17986 120.17986 120.17986
 120.17986 120.17986 120.17986 120.17986 120.17986]",[  8.5   103.417  22.583],355.0,23,2019,8,29
"[95.717865 95.717865 95.717865 95.717865 95.717865 95.717865 95.717865
 95.717865 95.717865 95.717865 95.717865 95.717865]",[  8.5   103.417  22.583],355.0,24,2019,8,29
"[54.283646 54.283646 54.283646 54.283646 54.283646 54.283646 54.283646
 54.283646 54.283646 54.283646 54.283646 54.283646]",[  8.5   103.417  22.583],355.0,25,2019,8,29
"[54.42107 54.42107 54.42107 54.42107 54.42107 54.42107 54.42107 54.42107
 54.42107 54.42107 54.42107 54.42107]",[  8.5   103.417  22.583],355.0,26,2019,8,29
"[43.587246 43.587246 43.587246 43.587246 43.587246 43.587246 43.587246
 43.587246 43.587246 43.587246 43.587246 43.587246]",[  8.5   103.417  22.583],355.0,27,2019,8,29
"[21.873787 21.873787 21.873787 21.873787 21.873787 21.873787 21.873787
 21.873787 21.873787 21.873787 21.873787 21.873787]",[  8.5   103.417  22.583],355.0,28,2019,8,29
"[16.147663 16.147663 16.147663 16.147663 16.147663 16.147663 16.147663
 16.147663 16.147663 16.147663 16.147663 16.147663]",[  8.5   103.417  22.583],355.0,29,2019,8,29
"[14.590158 14.590158 14.590158 14.590158 14.590158 14.590158 14.590158
 14.590158 14.590158 14.590158 14.590158 14.590158]",[  0.    103.417  22.583],355.0,30,2019,8,29
"[15.391817 15.391817 15.391817 15.391817 15.391817 15.391817 15.391817
 15.391817 15.391817 15.391817 15.391817 15.391817]",[  0.    103.417  22.583],355.0,31,2019,8,29
"[18.758776 18.758776 18.758776 18.758776 18.758776 18.758776 18.758776
 18.758776 18.758776 18.758776 18.758776 18.758776]",[  0.    103.417  22.583],355.0,32,2019,8,29
"[14.956633 14.956633 14.956633 14.956633 14.956633 14.956633 14.956633
 14.956633 14.956633 14.956633 14.956633 14.956633]",[  0.    103.417  22.583],355.0,33,2019,8,29
"[16.53704 16.53704 16.53704 16.53704 16.53704 16.53704 16.53704 16.53704
 16.53704 16.53704 16.53704 16.53704]",[  0.    103.417  22.583],355.0,34,2019,8,29
"[20.705658 20.705658 20.705658 20.705658 20.705658 20.705658 20.705658
 20.705658 20.705658 20.705658 20.705658 20.705658]",[  0.    103.417  22.583],355.0,35,2019,8,29
"[24.759754 24.759754 24.759754 24.759754 24.759754 24.759754 24.759754
 24.759754 24.759754 24.759754 24.759754 24.759754]",[ 55.9   103.417  22.583],355.0,36,2019,8,29
"[35.547768 35.547768 35.547768 35.547768 35.547768 35.547768 35.547768
 35.547768 35.547768 35.547768 35.547768 35.547768]",[ 55.9   103.417  22.583],355.0,37,2019,8,29
"[41.15937 41.15937 41.15937 41.15937 41.15937 41.15937 41.15937 41.15937
 41.15937 41.15937 41.15937 41.15937]",[ 55.9   103.417  22.583],355.0,38,2019,8,29
"[37.01366 37.01366 37.01366 37.01366 37.01366 37.01366 37.01366 37.01366
 37.01366 37.01366 37.01366 37.01366]",[ 55.9   103.417  22.583],355.0,39,2019,8,29
"[32.890846 32.890846 32.890846 32.890846 32.890846 32.890846 32.890846
 32.890846 32.890846 32.890846 32.890846 32.890846]",[ 55.9   103.417  22.583],355.0,40,2019,8,29
"[29.43227 29.43227 29.43227 29.43227 29.43227 29.43227 29.43227 29.43227
 29.43227 29.43227 29.43227 29.43227]",[ 55.9   103.417  22.583],355.0,41,2019,8,29
"[24.782658 24.782658 24.782658 24.782658 24.782658 24.782658 24.782658
 24.782658 24.782658 24.782658 24.782658 24.782658]",[ 55.9   103.417  22.583],355.0,42,2019,8,29
"[23.133535 23.133535 23.133535 23.133535 23.133535 23.133535 23.133535
 23.133535 23.133535 23.133535 23.133535 23.133535]",[  0.    103.417  22.583],355.0,43,2019,8,29
"[15.506338 15.506338 15.506338 15.506338 15.506338 15.506338 15.506338
 15.506338 15.506338 15.506338 15.506338 15.506338]",[  0.4   103.417  22.583],355.0,44,2019,8,29
"[10.581876 10.581876 10.581876 10.581876 10.581876 10.581876 10.581876
 10.581876 10.581876 10.581876 10.581876 10.581876]",[  0.4   103.417  22.583],355.0,45,2019,8,29
"[14.613066 14.613066 14.613066 14.613066 14.613066 14.613066 14.613066
 14.613066 14.613066 14.613066 14.613066 14.613066]",[  0.4   103.417  22.583],355.0,46,2019,8,29
"[19.445911 19.445911 19.445911 19.445911 19.445911 19.445911 19.445911
 19.445911 19.445911 19.445911 19.445911 19.445911]",[ 10.8   103.417  22.583],355.0,7,2020,8,29
"[13.490746 13.490746 13.490746 13.490746 13.490746 13.490746 13.490746
 13.490746 13.490746 13.490746 13.490746 13.490746]",[ 10.8   103.417  22.583],355.0,8,2020,8,29
"[6.344545 6.344545 6.344545 6.344545 6.344545 6.344545 6.344545 6.344545
 6.344545 6.344545 6.344545 6.344545]",[ 34.5   103.417  22.583],355.0,9,2020,8,29
"[13.147179 13.147179 13.147179 13.147179 13.147179 13.147179 13.147179
 13.147179 13.147179 13.147179 13.147179 13.147179]",[ 38.3   103.417  22.583],355.0,10,2020,8,29
"[28.012192 28.012192 28.012192 28.012192 28.012192 28.012192 28.012192
 28.012192 28.012192 28.012192 28.012192 28.012192]",[ 54.5   103.417  22.583],355.0,11,2020,8,29
"[34.883537 34.883537 34.883537 34.883537 34.883537 34.883537 34.883537
 34.883537 34.883537 34.883537 34.883537 34.883537]",[ 71.    103.417  22.583],355.0,12,2020,8,29
"[42.533634 42.533634 42.533634 42.533634 42.533634 42.533634 42.533634
 42.533634 42.533634 42.533634 42.533634 42.533634]",[ 71.    103.417  22.583],355.0,13,2020,8,29
"[48.12233 48.12233 48.12233 48.12233 48.12233 48.12233 48.12233 48.12233
 48.12233 48.12233 48.12233 48.12233]",[ 72.8   103.417  22.583],355.0,14,2020,8,29
"[60.742706 60.742706 60.742706 60.742706 60.742706 60.742706 60.742706
 60.742706 60.742706 60.742706 60.742706 60.742706]",[ 72.8   103.417  22.583],355.0,15,2020,8,29
"[76.54681 76.54681 76.54681 76.54681 76.54681 76.54681 76.54681 76.54681
 76.54681 76.54681 76.54681 76.54681]",[ 38.3   103.417  22.583],355.0,16,2020,8,29
"[71.85139 71.85139 71.85139 71.85139 71.85139 71.85139 71.85139 71.85139
 71.85139 71.85139 71.85139 71.85139]",[ 34.5   103.417  22.583],355.0,17,2020,8,29
"[60.147186 60.147186 60.147186 60.147186 60.147186 60.147186 60.147186
 60.147186 60.147186 60.147186 60.147186 60.147186]",[ 18.3   103.417  22.583],355.0,18,2020,8,29
"[54.94787 54.94787 54.94787 54.94787 54.94787 54.94787 54.94787 54.94787
 54.94787 54.94787 54.94787 54.94787]",[  1.8   103.417  22.583],355.0,19,2020,8,29
"[50.77925 50.77925 50.77925 50.77925 50.77925 50.77925 50.77925 50.77925
 50.77925 50.77925 50.77925 50.77925]",[  1.8   103.417  22.583],355.0,20,2020,8,29
"[49.084324 49.084324 49.084324 49.084324 49.084324 49.084324 49.084324
 49.084324 49.084324 49.084324 49.084324 49.084324]",[  0.    103.417  22.583],355.0,21,2020,8,29
"[48.23685 48.23685 48.23685 48.23685 48.23685 48.23685 48.23685 48.23685
 48.23685 48.23685 48.23685 48.23685]",[  0.    103.417  22.583],355.0,22,2020,8,29
"[50.04631 50.04631 50.04631 50.04631 50.04631 50.04631 50.04631 50.04631
 50.04631 50.04631 50.04631 50.04631]",[  2.    103.417  22.583],355.0,23,2020,8,29
"[50.573112 50.573112 50.573112 50.573112 50.573112 50.573112 50.573112
 50.573112 50.573112 50.573112 50.573112 50.573112]",[ 21.3   103.417  22.583],355.0,24,2020,8,29
"[48.763664 48.763664 48.763664 48.763664 48.763664 48.763664 48.763664
 48.763664 48.763664 48.763664 48.763664 48.763664]",[ 26.7   103.417  22.583],355.0,25,2020,8,29
"[50.93959 50.93959 50.93959 50.93959 50.93959 50.93959 50.93959 50.93959
 50.93959 50.93959 50.93959 50.93959]",[ 46.4   103.417  22.583],355.0,26,2020,8,29
"[60.49076 60.49076 60.49076 60.49076 60.49076 60.49076 60.49076 60.49076
 60.49076 60.49076 60.49076 60.49076]",[ 62.2   103.417  22.583],355.0,27,2020,8,29
"[58.635498 58.635498 58.635498 58.635498 58.635498 58.635498 58.635498
 58.635498 58.635498 58.635498 58.635498 58.635498]",[ 66.4   103.417  22.583],355.0,28,2020,8,29
"[59.414253 59.414253 59.414253 59.414253 59.414253 59.414253 59.414253
 59.414253 59.414253 59.414253 59.414253 59.414253]",[ 68.3   103.417  22.583],355.0,29,2020,8,29
"[140.12866 140.12866 140.12866 140.12866 140.12866 140.12866 140.12866
 140.12866 140.12866 140.12866 140.12866 140.12866]",[ 66.3   103.417  22.583],355.0,30,2020,8,29
"[170.75197 170.75197 170.75197 170.75197 170.75197 170.75197 170.75197
 170.75197 170.75197 170.75197 170.75197 170.75197]",[ 47.    103.417  22.583],355.0,31,2020,8,29
"[169.76707 169.76707 169.76707 169.76707 169.76707 169.76707 169.76707
 169.76707 169.76707 169.76707 169.76707 169.76707]",[ 41.6   103.417  22.583],355.0,32,2020,8,29
"[165.46103 165.46103 165.46103 165.46103 165.46103 165.46103 165.46103
 165.46103 165.46103 165.46103 165.46103 165.46103]",[ 21.9   103.417  22.583],355.0,33,2020,8,29
"[151.62672 151.62672 151.62672 151.62672 151.62672 151.62672 151.62672
 151.62672 151.62672 151.62672 151.62672 151.62672]",[  6.1   103.417  22.583],355.0,34,2020,8,29
"[149.29045 149.29045 149.29045 149.29045 149.29045 149.29045 149.29045
 149.29045 149.29045 149.29045 149.29045 149.29045]",[  1.9   103.417  22.583],355.0,35,2020,8,29
"[141.77779 141.77779 141.77779 141.77779 141.77779 141.77779 141.77779
 141.77779 141.77779 141.77779 141.77779 141.77779]",[  0.    103.417  22.583],355.0,36,2020,8,29
"[42.00684 42.00684 42.00684 42.00684 42.00684 42.00684 42.00684 42.00684
 42.00684 42.00684 42.00684 42.00684]",[  0.    103.417  22.583],355.0,37,2020,8,29
"[6.619397 6.619397 6.619397 6.619397 6.619397 6.619397 6.619397 6.619397
 6.619397 6.619397 6.619397 6.619397]",[  0.    103.417  22.583],355.0,38,2020,8,29
"[5.634505 5.634505 5.634505 5.634505 5.634505 5.634505 5.634505 5.634505
 5.634505 5.634505 5.634505 5.634505]",[  0.    103.417  22.583],355.0,39,2020,8,29
"[5.5657926 5.5657926 5.5657926 5.5657926 5.5657926 5.5657926 5.5657926
 5.5657926 5.5657926 5.5657926 5.5657926 5.5657926]",[  0.    103.417  22.583],355.0,40,2020,8,29
"[5.657411 5.657411 5.657411 5.657411 5.657411 5.657411 5.657411 5.657411
 5.657411 5.657411 5.657411 5.657411]",[  0.    103.417  22.583],355.0,41,2020,8,29
"[6.9858704 6.9858704 6.9858704 6.9858704 6.9858704 6.9858704 6.9858704
 6.9858704 6.9858704 6.9858704 6.9858704 6.9858704]",[  0.    103.417  22.583],355.0,42,2020,8,29
"[6.98587 6.98587 6.98587 6.98587 6.98587 6.98587 6.98587 6.98587 6.98587
 6.98587 6.98587 6.98587]",[  0.    103.417  22.583],355.0,43,2020,8,29
"[9.894741 9.894741 9.894741 9.894741 9.894741 9.894741 9.894741 9.894741
 9.894741 9.894741 9.894741 9.894741]",[  0.    103.417  22.583],355.0,44,2020,8,29
"[12.093571 12.093571 12.093571 12.093571 12.093571 12.093571 12.093571
 12.093571 12.093571 12.093571 12.093571 12.093571]",[  0.    103.417  22.583],355.0,45,2020,8,29
"[23.912287 23.912287 23.912287 23.912287 23.912287 23.912287 23.912287
 23.912287 23.912287 23.912287 23.912287 23.912287]",[  0.    103.417  22.583],355.0,46,2020,8,29
"[27.943478 27.943478 27.943478 27.943478 27.943478 27.943478 27.943478
 27.943478 27.943478 27.943478 27.943478 27.943478]",[ 13.9   103.417  22.583],355.0,7,2021,8,29
"[26.82116 26.82116 26.82116 26.82116 26.82116 26.82116 26.82116 26.82116
 26.82116 26.82116 26.82116 26.82116]",[ 13.9   103.417  22.583],355.0,8,2021,8,29
"[27.806053 27.806053 27.806053 27.806053 27.806053 27.806053 27.806053
 27.806053 27.806053 27.806053 27.806053 27.806053]",[ 13.9   103.417  22.583],355.0,9,2021,8,29
"[27.874763 27.874763 27.874763 27.874763 27.874763 27.874763 27.874763
 27.874763 27.874763 27.874763 27.874763 27.874763]",[ 14.8   103.417  22.583],355.0,10,2021,8,29
"[27.828957 27.828957 27.828957 27.828957 27.828957 27.828957 27.828957
 27.828957 27.828957 27.828957 27.828957 27.828957]",[ 14.8   103.417  22.583],355.0,11,2021,8,29
"[24.393282 24.393282 24.393282 24.393282 24.393282 24.393282 24.393282
 24.393282 24.393282 24.393282 24.393282 24.393282]",[  6.2   103.417  22.583],355.0,12,2021,8,29
"[24.484903 24.484903 24.484903 24.484903 24.484903 24.484903 24.484903
 24.484903 24.484903 24.484903 24.484903 24.484903]",[  6.2   103.417  22.583],355.0,13,2021,8,29
"[22.034119 22.034119 22.034119 22.034119 22.034119 22.034119 22.034119
 22.034119 22.034119 22.034119 22.034119 22.034119]",[  0.9   103.417  22.583],355.0,14,2021,8,29
"[20.86599 20.86599 20.86599 20.86599 20.86599 20.86599 20.86599 20.86599
 20.86599 20.86599 20.86599 20.86599]",[  0.9   103.417  22.583],355.0,15,2021,8,29
"[26.958584 26.958584 26.958584 26.958584 26.958584 26.958584 26.958584
 26.958584 26.958584 26.958584 26.958584 26.958584]",[  3.3   103.417  22.583],355.0,16,2021,8,29
"[38.639874 38.639874 38.639874 38.639874 38.639874 38.639874 38.639874
 38.639874 38.639874 38.639874 38.639874 38.639874]",[  2.4   103.417  22.583],355.0,17,2021,8,29
"[39.487343 39.487343 39.487343 39.487343 39.487343 39.487343 39.487343
 39.487343 39.487343 39.487343 39.487343 39.487343]",[  2.4   103.417  22.583],355.0,18,2021,8,29
"[38.04436 38.04436 38.04436 38.04436 38.04436 38.04436 38.04436 38.04436
 38.04436 38.04436 38.04436 38.04436]",[ 22.1   103.417  22.583],355.0,19,2021,8,29
"[37.059464 37.059464 37.059464 37.059464 37.059464 37.059464 37.059464
 37.059464 37.059464 37.059464 37.059464 37.059464]",[ 22.1   103.417  22.583],355.0,20,2021,8,29
"[39.235394 39.235394 39.235394 39.235394 39.235394 39.235394 39.235394
 39.235394 39.235394 39.235394 39.235394 39.235394]",[ 22.1   103.417  22.583],355.0,21,2021,8,29
"[45.85479 45.85479 45.85479 45.85479 45.85479 45.85479 45.85479 45.85479
 45.85479 45.85479 45.85479 45.85479]",[ 22.1   103.417  22.583],355.0,22,2021,8,29
"[53.413277 53.413277 53.413277 53.413277 53.413277 53.413277 53.413277
 53.413277 53.413277 53.413277 53.413277 53.413277]",[ 19.7   103.417  22.583],355.0,23,2021,8,29
"[55.45178 55.45178 55.45178 55.45178 55.45178 55.45178 55.45178 55.45178
 55.45178 55.45178 55.45178 55.45178]",[ 19.7   103.417  22.583],355.0,24,2021,8,29
"[53.459087 53.459087 53.459087 53.459087 53.459087 53.459087 53.459087
 53.459087 53.459087 53.459087 53.459087 53.459087]",[ 19.7   103.417  22.583],355.0,25,2021,8,29
"[60.513668 60.513668 60.513668 60.513668 60.513668 60.513668 60.513668
 60.513668 60.513668 60.513668 60.513668 60.513668]",[  0.    103.417  22.583],355.0,26,2021,8,29
"[63.926437 63.926437 63.926437 63.926437 63.926437 63.926437 63.926437
 63.926437 63.926437 63.926437 63.926437 63.926437]",[  0.    103.417  22.583],355.0,27,2021,8,29
"[82.22713 82.22713 82.22713 82.22713 82.22713 82.22713 82.22713 82.22713
 82.22713 82.22713 82.22713 82.22713]",[  0.    103.417  22.583],355.0,28,2021,8,29
"[79.82216 79.82216 79.82216 79.82216 79.82216 79.82216 79.82216 79.82216
 79.82216 79.82216 79.82216 79.82216]",[  0.    103.417  22.583],355.0,29,2021,8,29
"[66.07946 66.07946 66.07946 66.07946 66.07946 66.07946 66.07946 66.07946
 66.07946 66.07946 66.07946 66.07946]",[  0.    103.417  22.583],355.0,30,2021,8,29
"[89.556564 89.556564 89.556564 89.556564 89.556564 89.556564 89.556564
 89.556564 89.556564 89.556564 89.556564 89.556564]",[  0.    103.417  22.583],355.0,31,2021,8,29
"[119.42402 119.42402 119.42402 119.42402 119.42402 119.42402 119.42402
 119.42402 119.42402 119.42402 119.42402 119.42402]",[ 26.2   103.417  22.583],355.0,32,2021,8,29
"[133.44156 133.44156 133.44156 133.44156 133.44156 133.44156 133.44156
 133.44156 133.44156 133.44156 133.44156 133.44156]",[ 26.2   103.417  22.583],355.0,33,2021,8,29
"[147.82558 147.82558 147.82558 147.82558 147.82558 147.82558 147.82558
 147.82558 147.82558 147.82558 147.82558 147.82558]",[ 69.    103.417  22.583],355.0,34,2021,8,29
"[126.890884 126.890884 126.890884 126.890884 126.890884 126.890884
 126.890884 126.890884 126.890884 126.890884 126.890884 126.890884]",[ 69.    103.417  22.583],355.0,35,2021,8,29
"[121.370895 121.370895 121.370895 121.370895 121.370895 121.370895
 121.370895 121.370895 121.370895 121.370895 121.370895 121.370895]",[ 69.    103.417  22.583],355.0,36,2021,8,29
"[118.39332 118.39332 118.39332 118.39332 118.39332 118.39332 118.39332
 118.39332 118.39332 118.39332 118.39332 118.39332]",[ 69.    103.417  22.583],355.0,37,2021,8,29
"[91.96154 91.96154 91.96154 91.96154 91.96154 91.96154 91.96154 91.96154
 91.96154 91.96154 91.96154 91.96154]",[ 69.    103.417  22.583],355.0,38,2021,8,29
"[65.02585 65.02585 65.02585 65.02585 65.02585 65.02585 65.02585 65.02585
 65.02585 65.02585 65.02585 65.02585]",[ 42.8   103.417  22.583],355.0,39,2021,8,29
"[43.197865 43.197865 43.197865 43.197865 43.197865 43.197865 43.197865
 43.197865 43.197865 43.197865 43.197865 43.197865]",[ 42.8   103.417  22.583],355.0,40,2021,8,29
"[29.18032 29.18032 29.18032 29.18032 29.18032 29.18032 29.18032 29.18032
 29.18032 29.18032 29.18032 29.18032]",[  0.    103.417  22.583],355.0,41,2021,8,29
"[38.387924 38.387924 38.387924 38.387924 38.387924 38.387924 38.387924
 38.387924 38.387924 38.387924 38.387924 38.387924]",[  0.    103.417  22.583],355.0,42,2021,8,29
"[47.02292 47.02292 47.02292 47.02292 47.02292 47.02292 47.02292 47.02292
 47.02292 47.02292 47.02292 47.02292]",[  1.2   103.417  22.583],355.0,43,2021,8,29
"[49.794365 49.794365 49.794365 49.794365 49.794365 49.794365 49.794365
 49.794365 49.794365 49.794365 49.794365 49.794365]",[  1.2   103.417  22.583],355.0,44,2021,8,29
"[51.443485 51.443485 51.443485 51.443485 51.443485 51.443485 51.443485
 51.443485 51.443485 51.443485 51.443485 51.443485]",[  1.2   103.417  22.583],355.0,45,2021,8,29
"[68.04924 68.04924 68.04924 68.04924 68.04924 68.04924 68.04924 68.04924
 68.04924 68.04924 68.04924 68.04924]",[  1.2   103.417  22.583],355.0,46,2021,8,29
"[47.71727 47.71727 47.71727 47.71727 47.71727 47.71727 47.71727 47.71727
 47.71727 47.71727 47.71727 47.71727]",[ 29.8   103.417  22.583],355.0,7,2018,9,1
"[54.25241 54.25241 54.25241 54.25241 54.25241 54.25241 54.25241 54.25241
 54.25241 54.25241 54.25241 54.25241]",[ 10.5   103.417  22.583],355.0,8,2018,9,1
"[56.07369 56.07369 56.07369 56.07369 56.07369 56.07369 56.07369 56.07369
 56.07369 56.07369 56.07369 56.07369]",[  4.1   103.417  22.583],355.0,9,2018,9,1
"[36.70394 36.70394 36.70394 36.70394 36.70394 36.70394 36.70394 36.70394
 36.70394 36.70394 36.70394 36.70394]",[  2.7   103.417  22.583],355.0,10,2018,9,1
"[37.11105 37.11105 37.11105 37.11105 37.11105 37.11105 37.11105 37.11105
 37.11105 37.11105 37.11105 37.11105]",[  6.1   103.417  22.583],355.0,11,2018,9,1
"[53.05252 53.05252 53.05252 53.05252 53.05252 53.05252 53.05252 53.05252
 53.05252 53.05252 53.05252 53.05252]",[  6.3   103.417  22.583],355.0,12,2018,9,1
"[54.616673 54.616673 54.616673 54.616673 54.616673 54.616673 54.616673
 54.616673 54.616673 54.616673 54.616673 54.616673]",[  5.8   103.417  22.583],355.0,13,2018,9,1
"[92.77763 92.77763 92.77763 92.77763 92.77763 92.77763 92.77763 92.77763
 92.77763 92.77763 92.77763 92.77763]",[  3.6   103.417  22.583],355.0,14,2018,9,1
"[99.35563 99.35563 99.35563 99.35563 99.35563 99.35563 99.35563 99.35563
 99.35563 99.35563 99.35563 99.35563]",[  3.6   103.417  22.583],355.0,15,2018,9,1
"[96.870125 96.870125 96.870125 96.870125 96.870125 96.870125 96.870125
 96.870125 96.870125 96.870125 96.870125 96.870125]",[  3.6   103.417  22.583],355.0,16,2018,9,1
"[101.819695 101.819695 101.819695 101.819695 101.819695 101.819695
 101.819695 101.819695 101.819695 101.819695 101.819695 101.819695]",[  7.4   103.417  22.583],355.0,17,2018,9,1
"[106.0836 106.0836 106.0836 106.0836 106.0836 106.0836 106.0836 106.0836
 106.0836 106.0836 106.0836 106.0836]",[  6.3   103.417  22.583],355.0,18,2018,9,1
"[93.67755 93.67755 93.67755 93.67755 93.67755 93.67755 93.67755 93.67755
 93.67755 93.67755 93.67755 93.67755]",[  6.1   103.417  22.583],355.0,19,2018,9,1
"[90.5921 90.5921 90.5921 90.5921 90.5921 90.5921 90.5921 90.5921 90.5921
 90.5921 90.5921 90.5921]",[  6.1   103.417  22.583],355.0,20,2018,9,1
"[48.93859 48.93859 48.93859 48.93859 48.93859 48.93859 48.93859 48.93859
 48.93859 48.93859 48.93859 48.93859]",[  6.1   103.417  22.583],355.0,21,2018,9,1
"[32.16148 32.16148 32.16148 32.16148 32.16148 32.16148 32.16148 32.16148
 32.16148 32.16148 32.16148 32.16148]",[  6.1   103.417  22.583],355.0,22,2018,9,1
"[32.29004 32.29004 32.29004 32.29004 32.29004 32.29004 32.29004 32.29004
 32.29004 32.29004 32.29004 32.29004]",[  6.1   103.417  22.583],355.0,23,2018,9,1
"[27.383324 27.383324 27.383324 27.383324 27.383324 27.383324 27.383324
 27.383324 27.383324 27.383324 27.383324 27.383324]",[  2.3   103.417  22.583],355.0,24,2018,9,1
"[19.948261 19.948261 19.948261 19.948261 19.948261 19.948261 19.948261
 19.948261 19.948261 19.948261 19.948261 19.948261]",[  0.    103.417  22.583],355.0,25,2018,9,1
"[11.677551 11.677551 11.677551 11.677551 11.677551 11.677551 11.677551
 11.677551 11.677551 11.677551 11.677551 11.677551]",[  5.2   103.417  22.583],355.0,26,2018,9,1
"[9.342042 9.342042 9.342042 9.342042 9.342042 9.342042 9.342042 9.342042
 9.342042 9.342042 9.342042 9.342042]",[ 31.8   103.417  22.583],355.0,27,2018,9,1
"[8.227855 8.227855 8.227855 8.227855 8.227855 8.227855 8.227855 8.227855
 8.227855 8.227855 8.227855 8.227855]",[ 32.5   103.417  22.583],355.0,28,2018,9,1
"[8.763525 8.763525 8.763525 8.763525 8.763525 8.763525 8.763525 8.763525
 8.763525 8.763525 8.763525 8.763525]",[ 32.5   103.417  22.583],355.0,29,2018,9,1
"[4.435331 4.435331 4.435331 4.435331 4.435331 4.435331 4.435331 4.435331
 4.435331 4.435331 4.435331 4.435331]",[ 32.5   103.417  22.583],355.0,30,2018,9,1
"[3.0854497 3.0854497 3.0854497 3.0854497 3.0854497 3.0854497 3.0854497
 3.0854497 3.0854497 3.0854497 3.0854497 3.0854497]",[ 32.5   103.417  22.583],355.0,31,2018,9,1
"[13.970215 13.970215 13.970215 13.970215 13.970215 13.970215 13.970215
 13.970215 13.970215 13.970215 13.970215 13.970215]",[ 32.5   103.417  22.583],355.0,32,2018,9,1
"[30.897308 30.897308 30.897308 30.897308 30.897308 30.897308 30.897308
 30.897308 30.897308 30.897308 30.897308 30.897308]",[ 27.3   103.417  22.583],355.0,33,2018,9,1
"[31.133003 31.133003 31.133003 31.133003 31.133003 31.133003 31.133003
 31.133003 31.133003 31.133003 31.133003 31.133003]",[  0.7   103.417  22.583],355.0,34,2018,9,1
"[30.897308 30.897308 30.897308 30.897308 30.897308 30.897308 30.897308
 30.897308 30.897308 30.897308 30.897308 30.897308]",[  0.    103.417  22.583],355.0,35,2018,9,1
"[30.168798 30.168798 30.168798 30.168798 30.168798 30.168798 30.168798
 30.168798 30.168798 30.168798 30.168798 30.168798]",[  0.    103.417  22.583],355.0,36,2018,9,1
"[30.125948 30.125948 30.125948 30.125948 30.125948 30.125948 30.125948
 30.125948 30.125948 30.125948 30.125948 30.125948]",[  0.    103.417  22.583],355.0,37,2018,9,1
"[29.183172 29.183172 29.183172 29.183172 29.183172 29.183172 29.183172
 29.183172 29.183172 29.183172 29.183172 29.183172]",[  0.    103.417  22.583],355.0,38,2018,9,1
"[17.67703 17.67703 17.67703 17.67703 17.67703 17.67703 17.67703 17.67703
 17.67703 17.67703 17.67703 17.67703]",[  7.5   103.417  22.583],355.0,39,2018,9,1
"[0.5356699 0.5356699 0.5356699 0.5356699 0.5356699 0.5356699 0.5356699
 0.5356699 0.5356699 0.5356699 0.5356699 0.5356699]",[  8.9   103.417  22.583],355.0,40,2018,9,1
"[0.04285574 0.04285574 0.04285574 0.04285574 0.04285574 0.04285574
 0.04285574 0.04285574 0.04285574 0.04285574 0.04285574 0.04285574]",[  8.9   103.417  22.583],355.0,41,2018,9,1
"[0.04285574 0.04285574 0.04285574 0.04285574 0.04285574 0.04285574
 0.04285574 0.04285574 0.04285574 0.04285574 0.04285574 0.04285574]",[  8.9   103.417  22.583],355.0,42,2018,9,1
"[0.04285574 0.04285574 0.04285574 0.04285574 0.04285574 0.04285574
 0.04285574 0.04285574 0.04285574 0.04285574 0.04285574 0.04285574]",[ 10.3   103.417  22.583],355.0,43,2018,9,1
"[0.04285574 0.04285574 0.04285574 0.04285574 0.04285574 0.04285574
 0.04285574 0.04285574 0.04285574 0.04285574 0.04285574 0.04285574]",[ 10.3   103.417  22.583],355.0,44,2018,9,1
"[0.04285574 0.04285574 0.04285574 0.04285574 0.04285574 0.04285574
 0.04285574 0.04285574 0.04285574 0.04285574 0.04285574 0.04285574]",[ 10.3   103.417  22.583],355.0,45,2018,9,1
"[0.04285574 0.04285574 0.04285574 0.04285574 0.04285574 0.04285574
 0.04285574 0.04285574 0.04285574 0.04285574 0.04285574 0.04285574]",[  2.8   103.417  22.583],355.0,46,2018,9,1
"[124.16775 124.16775 124.16775 124.16775 124.16775 124.16775 124.16775
 124.16775 124.16775 124.16775 124.16775 124.16775]",[  0.    103.417  22.583],355.0,7,2019,9,1
"[116.218445 116.218445 116.218445 116.218445 116.218445 116.218445
 116.218445 116.218445 116.218445 116.218445 116.218445 116.218445]",[  0.    103.417  22.583],355.0,8,2019,9,1
"[94.79174 94.79174 94.79174 94.79174 94.79174 94.79174 94.79174 94.79174
 94.79174 94.79174 94.79174 94.79174]",[ 24.4   103.417  22.583],355.0,9,2019,9,1
"[75.22916 75.22916 75.22916 75.22916 75.22916 75.22916 75.22916 75.22916
 75.22916 75.22916 75.22916 75.22916]",[ 52.2   103.417  22.583],355.0,10,2019,9,1
"[82.12857 82.12857 82.12857 82.12857 82.12857 82.12857 82.12857 82.12857
 82.12857 82.12857 82.12857 82.12857]",[ 52.2   103.417  22.583],355.0,11,2019,9,1
"[106.01933 106.01933 106.01933 106.01933 106.01933 106.01933 106.01933
 106.01933 106.01933 106.01933 106.01933 106.01933]",[ 52.2   103.417  22.583],355.0,12,2019,9,1
"[110.02614 110.02614 110.02614 110.02614 110.02614 110.02614 110.02614
 110.02614 110.02614 110.02614 110.02614 110.02614]",[ 52.2   103.417  22.583],355.0,13,2019,9,1
"[97.92004 97.92004 97.92004 97.92004 97.92004 97.92004 97.92004 97.92004
 97.92004 97.92004 97.92004 97.92004]",[ 52.2   103.417  22.583],355.0,14,2019,9,1
"[84.65691 84.65691 84.65691 84.65691 84.65691 84.65691 84.65691 84.65691
 84.65691 84.65691 84.65691 84.65691]",[ 52.2   103.417  22.583],355.0,15,2019,9,1
"[76.92187 76.92187 76.92187 76.92187 76.92187 76.92187 76.92187 76.92187
 76.92187 76.92187 76.92187 76.92187]",[ 27.8   103.417  22.583],355.0,16,2019,9,1
"[78.14319 78.14319 78.14319 78.14319 78.14319 78.14319 78.14319 78.14319
 78.14319 78.14319 78.14319 78.14319]",[  0.    103.417  22.583],355.0,17,2019,9,1
"[69.44395 69.44395 69.44395 69.44395 69.44395 69.44395 69.44395 69.44395
 69.44395 69.44395 69.44395 69.44395]",[  0.    103.417  22.583],355.0,18,2019,9,1
"[43.32479 43.32479 43.32479 43.32479 43.32479 43.32479 43.32479 43.32479
 43.32479 43.32479 43.32479 43.32479]",[  0.    103.417  22.583],355.0,19,2019,9,1
"[37.518158 37.518158 37.518158 37.518158 37.518158 37.518158 37.518158
 37.518158 37.518158 37.518158 37.518158 37.518158]",[  8.5   103.417  22.583],355.0,20,2019,9,1
"[36.018288 36.018288 36.018288 36.018288 36.018288 36.018288 36.018288
 36.018288 36.018288 36.018288 36.018288 36.018288]",[  8.5   103.417  22.583],355.0,21,2019,9,1
"[34.83982 34.83982 34.83982 34.83982 34.83982 34.83982 34.83982 34.83982
 34.83982 34.83982 34.83982 34.83982]",[  8.5   103.417  22.583],355.0,22,2019,9,1
"[28.690355 28.690355 28.690355 28.690355 28.690355 28.690355 28.690355
 28.690355 28.690355 28.690355 28.690355 28.690355]",[  8.5   103.417  22.583],355.0,23,2019,9,1
"[8.013586 8.013586 8.013586 8.013586 8.013586 8.013586 8.013586 8.013586
 8.013586 8.013586 8.013586 8.013586]",[  8.5   103.417  22.583],355.0,24,2019,9,1
"[6.6851315 6.6851315 6.6851315 6.6851315 6.6851315 6.6851315 6.6851315
 6.6851315 6.6851315 6.6851315 6.6851315 6.6851315]",[  8.5   103.417  22.583],355.0,25,2019,9,1
"[7.3493595 7.3493595 7.3493595 7.3493595 7.3493595 7.3493595 7.3493595
 7.3493595 7.3493595 7.3493595 7.3493595 7.3493595]",[  8.5   103.417  22.583],355.0,26,2019,9,1
"[8.677816 8.677816 8.677816 8.677816 8.677816 8.677816 8.677816 8.677816
 8.677816 8.677816 8.677816 8.677816]",[  0.    103.417  22.583],355.0,27,2019,9,1
"[10.006273 10.006273 10.006273 10.006273 10.006273 10.006273 10.006273
 10.006273 10.006273 10.006273 10.006273 10.006273]",[  0.    103.417  22.583],355.0,28,2019,9,1
"[10.15626 10.15626 10.15626 10.15626 10.15626 10.15626 10.15626 10.15626
 10.15626 10.15626 10.15626 10.15626]",[  0.    103.417  22.583],355.0,29,2019,9,1
"[8.142146 8.142146 8.142146 8.142146 8.142146 8.142146 8.142146 8.142146
 8.142146 8.142146 8.142146 8.142146]",[  0.    103.417  22.583],355.0,30,2019,9,1
"[12.063235 12.063235 12.063235 12.063235 12.063235 12.063235 12.063235
 12.063235 12.063235 12.063235 12.063235 12.063235]",[  0.    103.417  22.583],355.0,31,2019,9,1
"[15.470079 15.470079 15.470079 15.470079 15.470079 15.470079 15.470079
 15.470079 15.470079 15.470079 15.470079 15.470079]",[  0.    103.417  22.583],355.0,32,2019,9,1
"[19.798275 19.798275 19.798275 19.798275 19.798275 19.798275 19.798275
 19.798275 19.798275 19.798275 19.798275 19.798275]",[ 55.9   103.417  22.583],355.0,33,2019,9,1
"[20.098248 20.098248 20.098248 20.098248 20.098248 20.098248 20.098248
 20.098248 20.098248 20.098248 20.098248 20.098248]",[ 55.9   103.417  22.583],355.0,34,2019,9,1
"[19.798271 19.798271 19.798271 19.798271 19.798271 19.798271 19.798271
 19.798271 19.798271 19.798271 19.798271 19.798271]",[ 55.9   103.417  22.583],355.0,35,2019,9,1
"[20.20538 20.20538 20.20538 20.20538 20.20538 20.20538 20.20538 20.20538
 20.20538 20.20538 20.20538 20.20538]",[ 55.9   103.417  22.583],355.0,36,2019,9,1
"[20.848183 20.848183 20.848183 20.848183 20.848183 20.848183 20.848183
 20.848183 20.848183 20.848183 20.848183 20.848183]",[ 55.9   103.417  22.583],355.0,37,2019,9,1
"[15.662921 15.662921 15.662921 15.662921 15.662921 15.662921 15.662921
 15.662921 15.662921 15.662921 15.662921 15.662921]",[ 55.9   103.417  22.583],355.0,38,2019,9,1
"[12.748891 12.748891 12.748891 12.748891 12.748891 12.748891 12.748891
 12.748891 12.748891 12.748891 12.748891 12.748891]",[ 55.9   103.417  22.583],355.0,39,2019,9,1
"[11.891824 11.891824 11.891824 11.891824 11.891824 11.891824 11.891824
 11.891824 11.891824 11.891824 11.891824 11.891824]",[  0.    103.417  22.583],355.0,40,2019,9,1
"[13.563108 13.563108 13.563108 13.563108 13.563108 13.563108 13.563108
 13.563108 13.563108 13.563108 13.563108 13.563108]",[  0.4   103.417  22.583],355.0,41,2019,9,1
"[14.59159 14.59159 14.59159 14.59159 14.59159 14.59159 14.59159 14.59159
 14.59159 14.59159 14.59159 14.59159]",[  0.4   103.417  22.583],355.0,42,2019,9,1
"[16.048603 16.048603 16.048603 16.048603 16.048603 16.048603 16.048603
 16.048603 16.048603 16.048603 16.048603 16.048603]",[  0.4   103.417  22.583],355.0,43,2019,9,1
"[17.527046 17.527046 17.527046 17.527046 17.527046 17.527046 17.527046
 17.527046 17.527046 17.527046 17.527046 17.527046]",[  0.4   103.417  22.583],355.0,44,2019,9,1
"[17.377058 17.377058 17.377058 17.377058 17.377058 17.377058 17.377058
 17.377058 17.377058 17.377058 17.377058 17.377058]",[  0.4   103.417  22.583],355.0,45,2019,9,1
"[22.026651 22.026651 22.026651 22.026651 22.026651 22.026651 22.026651
 22.026651 22.026651 22.026651 22.026651 22.026651]",[  0.4   103.417  22.583],355.0,46,2019,9,1
"[15.34152 15.34152 15.34152 15.34152 15.34152 15.34152 15.34152 15.34152
 15.34152 15.34152 15.34152 15.34152]",[ 38.3   103.417  22.583],355.0,7,2020,9,1
"[18.769794 18.769794 18.769794 18.769794 18.769794 18.769794 18.769794
 18.769794 18.769794 18.769794 18.769794 18.769794]",[ 54.5   103.417  22.583],355.0,8,2020,9,1
"[27.211918 27.211918 27.211918 27.211918 27.211918 27.211918 27.211918
 27.211918 27.211918 27.211918 27.211918 27.211918]",[ 71.    103.417  22.583],355.0,9,2020,9,1
"[32.05435 32.05435 32.05435 32.05435 32.05435 32.05435 32.05435 32.05435
 32.05435 32.05435 32.05435 32.05435]",[ 71.    103.417  22.583],355.0,10,2020,9,1
"[46.067413 46.067413 46.067413 46.067413 46.067413 46.067413 46.067413
 46.067413 46.067413 46.067413 46.067413 46.067413]",[ 72.8   103.417  22.583],355.0,11,2020,9,1
"[55.987972 55.987972 55.987972 55.987972 55.987972 55.987972 55.987972
 55.987972 55.987972 55.987972 55.987972 55.987972]",[ 72.8   103.417  22.583],355.0,12,2020,9,1
"[69.20825 69.20825 69.20825 69.20825 69.20825 69.20825 69.20825 69.20825
 69.20825 69.20825 69.20825 69.20825]",[ 38.3   103.417  22.583],355.0,13,2020,9,1
"[70.42957 70.42957 70.42957 70.42957 70.42957 70.42957 70.42957 70.42957
 70.42957 70.42957 70.42957 70.42957]",[ 34.5   103.417  22.583],355.0,14,2020,9,1
"[68.52259 68.52259 68.52259 68.52259 68.52259 68.52259 68.52259 68.52259
 68.52259 68.52259 68.52259 68.52259]",[ 18.3   103.417  22.583],355.0,15,2020,9,1
"[59.501953 59.501953 59.501953 59.501953 59.501953 59.501953 59.501953
 59.501953 59.501953 59.501953 59.501953 59.501953]",[  1.8   103.417  22.583],355.0,16,2020,9,1
"[56.437935 56.437935 56.437935 56.437935 56.437935 56.437935 56.437935
 56.437935 56.437935 56.437935 56.437935 56.437935]",[  1.8   103.417  22.583],355.0,17,2020,9,1
"[47.52443 47.52443 47.52443 47.52443 47.52443 47.52443 47.52443 47.52443
 47.52443 47.52443 47.52443 47.52443]",[  0.    103.417  22.583],355.0,18,2020,9,1
"[42.81055 42.81055 42.81055 42.81055 42.81055 42.81055 42.81055 42.81055
 42.81055 42.81055 42.81055 42.81055]",[  0.    103.417  22.583],355.0,19,2020,9,1
"[28.476086 28.476086 28.476086 28.476086 28.476086 28.476086 28.476086
 28.476086 28.476086 28.476086 28.476086 28.476086]",[  2.    103.417  22.583],355.0,20,2020,9,1
"[25.004963 25.004963 25.004963 25.004963 25.004963 25.004963 25.004963
 25.004963 25.004963 25.004963 25.004963 25.004963]",[ 21.3   103.417  22.583],355.0,21,2020,9,1
"[27.0405 27.0405 27.0405 27.0405 27.0405 27.0405 27.0405 27.0405 27.0405
 27.0405 27.0405 27.0405]",[ 26.7   103.417  22.583],355.0,22,2020,9,1
"[27.811863 27.811863 27.811863 27.811863 27.811863 27.811863 27.811863
 27.811863 27.811863 27.811863 27.811863 27.811863]",[ 46.4   103.417  22.583],355.0,23,2020,9,1
"[25.240658 25.240658 25.240658 25.240658 25.240658 25.240658 25.240658
 25.240658 25.240658 25.240658 25.240658 25.240658]",[ 62.2   103.417  22.583],355.0,24,2020,9,1
"[21.469557 21.469557 21.469557 21.469557 21.469557 21.469557 21.469557
 21.469557 21.469557 21.469557 21.469557 21.469557]",[ 66.4   103.417  22.583],355.0,25,2020,9,1
"[16.969954 16.969954 16.969954 16.969954 16.969954 16.969954 16.969954
 16.969954 16.969954 16.969954 16.969954 16.969954]",[ 68.3   103.417  22.583],355.0,26,2020,9,1
"[13.348839 13.348839 13.348839 13.348839 13.348839 13.348839 13.348839
 13.348839 13.348839 13.348839 13.348839 13.348839]",[ 66.3   103.417  22.583],355.0,27,2020,9,1
"[9.706299 9.706299 9.706299 9.706299 9.706299 9.706299 9.706299 9.706299
 9.706299 9.706299 9.706299 9.706299]",[ 47.    103.417  22.583],355.0,28,2020,9,1
"[5.7209315 5.7209315 5.7209315 5.7209315 5.7209315 5.7209315 5.7209315
 5.7209315 5.7209315 5.7209315 5.7209315 5.7209315]",[ 41.6   103.417  22.583],355.0,29,2020,9,1
"[4.970998 4.970998 4.970998 4.970998 4.970998 4.970998 4.970998 4.970998
 4.970998 4.970998 4.970998 4.970998]",[ 21.9   103.417  22.583],355.0,30,2020,9,1
"[5.0352783 5.0352783 5.0352783 5.0352783 5.0352783 5.0352783 5.0352783
 5.0352783 5.0352783 5.0352783 5.0352783 5.0352783]",[  6.1   103.417  22.583],355.0,31,2020,9,1
"[9.384897 9.384897 9.384897 9.384897 9.384897 9.384897 9.384897 9.384897
 9.384897 9.384897 9.384897 9.384897]",[  1.9   103.417  22.583],355.0,32,2020,9,1
"[7.4993463 7.4993463 7.4993463 7.4993463 7.4993463 7.4993463 7.4993463
 7.4993463 7.4993463 7.4993463 7.4993463 7.4993463]",[  0.    103.417  22.583],355.0,33,2020,9,1
"[7.4993463 7.4993463 7.4993463 7.4993463 7.4993463 7.4993463 7.4993463
 7.4993463 7.4993463 7.4993463 7.4993463 7.4993463]",[  0.    103.417  22.583],355.0,34,2020,9,1
"[7.4993463 7.4993463 7.4993463 7.4993463 7.4993463 7.4993463 7.4993463
 7.4993463 7.4993463 7.4993463 7.4993463 7.4993463]",[  0.    103.417  22.583],355.0,35,2020,9,1
"[7.4993463 7.4993463 7.4993463 7.4993463 7.4993463 7.4993463 7.4993463
 7.4993463 7.4993463 7.4993463 7.4993463 7.4993463]",[  0.    103.417  22.583],355.0,36,2020,9,1
"[7.477918 7.477918 7.477918 7.477918 7.477918 7.477918 7.477918 7.477918
 7.477918 7.477918 7.477918 7.477918]",[  0.    103.417  22.583],355.0,37,2020,9,1
"[7.0493846 7.0493846 7.0493846 7.0493846 7.0493846 7.0493846 7.0493846
 7.0493846 7.0493846 7.0493846 7.0493846 7.0493846]",[  0.    103.417  22.583],355.0,38,2020,9,1
"[0.5999476 0.5999476 0.5999476 0.5999476 0.5999476 0.5999476 0.5999476
 0.5999476 0.5999476 0.5999476 0.5999476 0.5999476]",[  0.    103.417  22.583],355.0,39,2020,9,1
[0. 0. 0. 0. 0. 0. 0. 0. 0. 0. 0. 0.],[  0.    103.417  22.583],355.0,40,2020,9,1
[0. 0. 0. 0. 0. 0. 0. 0. 0. 0. 0. 0.],[  0.    103.417  22.583],355.0,41,2020,9,1
"[2.1855235 2.1855235 2.1855235 2.1855235 2.1855235 2.1855235 2.1855235
 2.1855235 2.1855235 2.1855235 2.1855235 2.1855235]",[  0.    103.417  22.583],355.0,42,2020,9,1
"[3.51398 3.51398 3.51398 3.51398 3.51398 3.51398 3.51398 3.51398 3.51398
 3.51398 3.51398 3.51398]",[  0.    103.417  22.583],355.0,43,2020,9,1
"[3.51398 3.51398 3.51398 3.51398 3.51398 3.51398 3.51398 3.51398 3.51398
 3.51398 3.51398 3.51398]",[  4.9   103.417  22.583],355.0,44,2020,9,1
"[3.51398 3.51398 3.51398 3.51398 3.51398 3.51398 3.51398 3.51398 3.51398
 3.51398 3.51398 3.51398]",[  4.9   103.417  22.583],355.0,45,2020,9,1
"[3.51398 3.51398 3.51398 3.51398 3.51398 3.51398 3.51398 3.51398 3.51398
 3.51398 3.51398 3.51398]",[  4.9   103.417  22.583],355.0,46,2020,9,1
"[64.94434 64.94434 64.94434 64.94434 64.94434 64.94434 64.94434 64.94434
 64.94434 64.94434 64.94434 64.94434]",[ 14.8   103.417  22.583],355.0,7,2021,9,1
"[76.94329 76.94329 76.94329 76.94329 76.94329 76.94329 76.94329 76.94329
 76.94329 76.94329 76.94329 76.94329]",[ 14.8   103.417  22.583],355.0,8,2021,9,1
"[93.99895 93.99895 93.99895 93.99895 93.99895 93.99895 93.99895 93.99895
 93.99895 93.99895 93.99895 93.99895]",[  6.2   103.417  22.583],355.0,9,2021,9,1
"[118.44682 118.44682 118.44682 118.44682 118.44682 118.44682 118.44682
 118.44682 118.44682 118.44682 118.44682 118.44682]",[  6.2   103.417  22.583],355.0,10,2021,9,1
"[122.64645 122.64645 122.64645 122.64645 122.64645 122.64645 122.64645
 122.64645 122.64645 122.64645 122.64645 122.64645]",[  0.9   103.417  22.583],355.0,11,2021,9,1
"[119.368164 119.368164 119.368164 119.368164 119.368164 119.368164
 119.368164 119.368164 119.368164 119.368164 119.368164 119.368164]",[  0.9   103.417  22.583],355.0,12,2021,9,1
"[113.5401 113.5401 113.5401 113.5401 113.5401 113.5401 113.5401 113.5401
 113.5401 113.5401 113.5401 113.5401]",[  3.3   103.417  22.583],355.0,13,2021,9,1
"[89.19936 89.19936 89.19936 89.19936 89.19936 89.19936 89.19936 89.19936
 89.19936 89.19936 89.19936 89.19936]",[  2.4   103.417  22.583],355.0,14,2021,9,1
"[77.3504 77.3504 77.3504 77.3504 77.3504 77.3504 77.3504 77.3504 77.3504
 77.3504 77.3504 77.3504]",[  2.4   103.417  22.583],355.0,15,2021,9,1
"[60.44473 60.44473 60.44473 60.44473 60.44473 60.44473 60.44473 60.44473
 60.44473 60.44473 60.44473 60.44473]",[ 22.1   103.417  22.583],355.0,16,2021,9,1
"[57.209297 57.209297 57.209297 57.209297 57.209297 57.209297 57.209297
 57.209297 57.209297 57.209297 57.209297 57.209297]",[ 22.1   103.417  22.583],355.0,17,2021,9,1
"[49.49568 49.49568 49.49568 49.49568 49.49568 49.49568 49.49568 49.49568
 49.49568 49.49568 49.49568 49.49568]",[ 22.1   103.417  22.583],355.0,18,2021,9,1
"[47.481575 47.481575 47.481575 47.481575 47.481575 47.481575 47.481575
 47.481575 47.481575 47.481575 47.481575 47.481575]",[ 22.1   103.417  22.583],355.0,19,2021,9,1
"[45.66031 45.66031 45.66031 45.66031 45.66031 45.66031 45.66031 45.66031
 45.66031 45.66031 45.66031 45.66031]",[ 19.7   103.417  22.583],355.0,20,2021,9,1
"[46.81735 46.81735 46.81735 46.81735 46.81735 46.81735 46.81735 46.81735
 46.81735 46.81735 46.81735 46.81735]",[ 19.7   103.417  22.583],355.0,21,2021,9,1
"[62.71596 62.71596 62.71596 62.71596 62.71596 62.71596 62.71596 62.71596
 62.71596 62.71596 62.71596 62.71596]",[ 19.7   103.417  22.583],355.0,22,2021,9,1
"[97.10582 97.10582 97.10582 97.10582 97.10582 97.10582 97.10582 97.10582
 97.10582 97.10582 97.10582 97.10582]",[  0.    103.417  22.583],355.0,23,2021,9,1
"[79.83589 79.83589 79.83589 79.83589 79.83589 79.83589 79.83589 79.83589
 79.83589 79.83589 79.83589 79.83589]",[  0.    103.417  22.583],355.0,24,2021,9,1
"[85.89965 85.89965 85.89965 85.89965 85.89965 85.89965 85.89965 85.89965
 85.89965 85.89965 85.89965 85.89965]",[  0.    103.417  22.583],355.0,25,2021,9,1
"[95.86307 95.86307 95.86307 95.86307 95.86307 95.86307 95.86307 95.86307
 95.86307 95.86307 95.86307 95.86307]",[  0.    103.417  22.583],355.0,26,2021,9,1
[98.22 98.22 98.22 98.22 98.22 98.22 98.22 98.22 98.22 98.22 98.22 98.22],[  0.    103.417  22.583],355.0,27,2021,9,1
"[94.29892 94.29892 94.29892 94.29892 94.29892 94.29892 94.29892 94.29892
 94.29892 94.29892 94.29892 94.29892]",[  0.    103.417  22.583],355.0,28,2021,9,1
"[72.46511 72.46511 72.46511 72.46511 72.46511 72.46511 72.46511 72.46511
 72.46511 72.46511 72.46511 72.46511]",[ 26.2   103.417  22.583],355.0,29,2021,9,1
"[31.43297 31.43297 31.43297 31.43297 31.43297 31.43297 31.43297 31.43297
 31.43297 31.43297 31.43297 31.43297]",[ 26.2   103.417  22.583],355.0,30,2021,9,1
"[32.311466 32.311466 32.311466 32.311466 32.311466 32.311466 32.311466
 32.311466 32.311466 32.311466 32.311466 32.311466]",[ 69.    103.417  22.583],355.0,31,2021,9,1
"[36.811073 36.811073 36.811073 36.811073 36.811073 36.811073 36.811073
 36.811073 36.811073 36.811073 36.811073 36.811073]",[ 69.    103.417  22.583],355.0,32,2021,9,1
"[27.661873 27.661873 27.661873 27.661873 27.661873 27.661873 27.661873
 27.661873 27.661873 27.661873 27.661873 27.661873]",[ 69.    103.417  22.583],355.0,33,2021,9,1
"[23.56937 23.56937 23.56937 23.56937 23.56937 23.56937 23.56937 23.56937
 23.56937 23.56937 23.56937 23.56937]",[ 69.    103.417  22.583],355.0,34,2021,9,1
"[22.84086 22.84086 22.84086 22.84086 22.84086 22.84086 22.84086 22.84086
 22.84086 22.84086 22.84086 22.84086]",[ 69.    103.417  22.583],355.0,35,2021,9,1
"[22.240911 22.240911 22.240911 22.240911 22.240911 22.240911 22.240911
 22.240911 22.240911 22.240911 22.240911 22.240911]",[ 42.8   103.417  22.583],355.0,36,2021,9,1
"[22.048075 22.048075 22.048075 22.048075 22.048075 22.048075 22.048075
 22.048075 22.048075 22.048075 22.048075 22.048075]",[ 42.8   103.417  22.583],355.0,37,2021,9,1
"[12.877447 12.877447 12.877447 12.877447 12.877447 12.877447 12.877447
 12.877447 12.877447 12.877447 12.877447 12.877447]",[  0.    103.417  22.583],355.0,38,2021,9,1
"[1.6070008 1.6070008 1.6070008 1.6070008 1.6070008 1.6070008 1.6070008
 1.6070008 1.6070008 1.6070008 1.6070008 1.6070008]",[  0.    103.417  22.583],355.0,39,2021,9,1
"[0.7927865 0.7927865 0.7927865 0.7927865 0.7927865 0.7927865 0.7927865
 0.7927865 0.7927865 0.7927865 0.7927865 0.7927865]",[  1.2   103.417  22.583],355.0,40,2021,9,1
"[7.049385 7.049385 7.049385 7.049385 7.049385 7.049385 7.049385 7.049385
 7.049385 7.049385 7.049385 7.049385]",[  1.2   103.417  22.583],355.0,41,2021,9,1
"[13.970211 13.970211 13.970211 13.970211 13.970211 13.970211 13.970211
 13.970211 13.970211 13.970211 13.970211 13.970211]",[  1.2   103.417  22.583],355.0,42,2021,9,1
"[14.013063 14.013063 14.013063 14.013063 14.013063 14.013063 14.013063
 14.013063 14.013063 14.013063 14.013063 14.013063]",[  1.2   103.417  22.583],355.0,43,2021,9,1
"[14.013063 14.013063 14.013063 14.013063 14.013063 14.013063 14.013063
 14.013063 14.013063 14.013063 14.013063 14.013063]",[  1.2   103.417  22.583],355.0,44,2021,9,1
"[14.120197 14.120197 14.120197 14.120197 14.120197 14.120197 14.120197
 14.120197 14.120197 14.120197 14.120197 14.120197]",[  1.2   103.417  22.583],355.0,45,2021,9,1
"[15.298664 15.298664 15.298664 15.298664 15.298664 15.298664 15.298664
 15.298664 15.298664 15.298664 15.298664 15.298664]",[  1.2   103.417  22.583],355.0,46,2021,9,1
"[29.815903 29.815903 29.815903 29.815903 29.815903 29.815903 29.815903
 29.815903 29.815903 29.815903 29.815903 29.815903]",[  6.1   103.417  22.583],355.0,7,2018,9,5
"[34.781944 34.781944 34.781944 34.781944 34.781944 34.781944 34.781944
 34.781944 34.781944 34.781944 34.781944 34.781944]",[  6.3   103.417  22.583],355.0,8,2018,9,5
"[35.58672 35.58672 35.58672 35.58672 35.58672 35.58672 35.58672 35.58672
 35.58672 35.58672 35.58672 35.58672]",[  5.8   103.417  22.583],355.0,9,2018,9,5
"[12.935268 12.935268 12.935268 12.935268 12.935268 12.935268 12.935268
 12.935268 12.935268 12.935268 12.935268 12.935268]",[  3.6   103.417  22.583],355.0,10,2018,9,5
"[20.315636 20.315636 20.315636 20.315636 20.315636 20.315636 20.315636
 20.315636 20.315636 20.315636 20.315636 20.315636]",[  3.6   103.417  22.583],355.0,11,2018,9,5
"[23.789904 23.789904 23.789904 23.789904 23.789904 23.789904 23.789904
 23.789904 23.789904 23.789904 23.789904 23.789904]",[  3.6   103.417  22.583],355.0,12,2018,9,5
"[30.954357 30.954357 30.954357 30.954357 30.954357 30.954357 30.954357
 30.954357 30.954357 30.954357 30.954357 30.954357]",[  7.4   103.417  22.583],355.0,13,2018,9,5
"[46.69652 46.69652 46.69652 46.69652 46.69652 46.69652 46.69652 46.69652
 46.69652 46.69652 46.69652 46.69652]",[  6.3   103.417  22.583],355.0,14,2018,9,5
"[44.321453 44.321453 44.321453 44.321453 44.321453 44.321453 44.321453
 44.321453 44.321453 44.321453 44.321453 44.321453]",[  6.1   103.417  22.583],355.0,15,2018,9,5
"[41.121986 41.121986 41.121986 41.121986 41.121986 41.121986 41.121986
 41.121986 41.121986 41.121986 41.121986 41.121986]",[  6.1   103.417  22.583],355.0,16,2018,9,5
"[39.63021 39.63021 39.63021 39.63021 39.63021 39.63021 39.63021 39.63021
 39.63021 39.63021 39.63021 39.63021]",[  6.1   103.417  22.583],355.0,17,2018,9,5
"[29.855156 29.855156 29.855156 29.855156 29.855156 29.855156 29.855156
 29.855156 29.855156 29.855156 29.855156 29.855156]",[  6.1   103.417  22.583],355.0,18,2018,9,5
"[26.380888 26.380888 26.380888 26.380888 26.380888 26.380888 26.380888
 26.380888 26.380888 26.380888 26.380888 26.380888]",[  6.1   103.417  22.583],355.0,19,2018,9,5
"[21.355957 21.355957 21.355957 21.355957 21.355957 21.355957 21.355957
 21.355957 21.355957 21.355957 21.355957 21.355957]",[  2.3   103.417  22.583],355.0,20,2018,9,5
"[6.0652466 6.0652466 6.0652466 6.0652466 6.0652466 6.0652466 6.0652466
 6.0652466 6.0652466 6.0652466 6.0652466 6.0652466]",[  0.    103.417  22.583],355.0,21,2018,9,5
"[4.337928 4.337928 4.337928 4.337928 4.337928 4.337928 4.337928 4.337928
 4.337928 4.337928 4.337928 4.337928]",[  5.2   103.417  22.583],355.0,22,2018,9,5
"[4.43607 4.43607 4.43607 4.43607 4.43607 4.43607 4.43607 4.43607 4.43607
 4.43607 4.43607 4.43607]",[ 31.8   103.417  22.583],355.0,23,2018,9,5
"[7.4981394 7.4981394 7.4981394 7.4981394 7.4981394 7.4981394 7.4981394
 7.4981394 7.4981394 7.4981394 7.4981394 7.4981394]",[ 32.5   103.417  22.583],355.0,24,2018,9,5
"[7.831824 7.831824 7.831824 7.831824 7.831824 7.831824 7.831824 7.831824
 7.831824 7.831824 7.831824 7.831824]",[ 32.5   103.417  22.583],355.0,25,2018,9,5
"[7.9103384 7.9103384 7.9103384 7.9103384 7.9103384 7.9103384 7.9103384
 7.9103384 7.9103384 7.9103384 7.9103384 7.9103384]",[ 32.5   103.417  22.583],355.0,26,2018,9,5
"[7.537395 7.537395 7.537395 7.537395 7.537395 7.537395 7.537395 7.537395
 7.537395 7.537395 7.537395 7.537395]",[ 32.5   103.417  22.583],355.0,27,2018,9,5
"[13.013783 13.013783 13.013783 13.013783 13.013783 13.013783 13.013783
 13.013783 13.013783 13.013783 13.013783 13.013783]",[ 32.5   103.417  22.583],355.0,28,2018,9,5
"[11.89495 11.89495 11.89495 11.89495 11.89495 11.89495 11.89495 11.89495
 11.89495 11.89495 11.89495 11.89495]",[ 27.3   103.417  22.583],355.0,29,2018,9,5
"[11.953836 11.953836 11.953836 11.953836 11.953836 11.953836 11.953836
 11.953836 11.953836 11.953836 11.953836 11.953836]",[  0.7   103.417  22.583],355.0,30,2018,9,5
"[8.8917675 8.8917675 8.8917675 8.8917675 8.8917675 8.8917675 8.8917675
 8.8917675 8.8917675 8.8917675 8.8917675 8.8917675]",[  0.    103.417  22.583],355.0,31,2018,9,5
"[8.518824 8.518824 8.518824 8.518824 8.518824 8.518824 8.518824 8.518824
 8.518824 8.518824 8.518824 8.518824]",[  0.    103.417  22.583],355.0,32,2018,9,5
"[8.420682 8.420682 8.420682 8.420682 8.420682 8.420682 8.420682 8.420682
 8.420682 8.420682 8.420682 8.420682]",[  0.    103.417  22.583],355.0,33,2018,9,5
"[6.5167036 6.5167036 6.5167036 6.5167036 6.5167036 6.5167036 6.5167036
 6.5167036 6.5167036 6.5167036 6.5167036 6.5167036]",[  0.    103.417  22.583],355.0,34,2018,9,5
"[0.19628406 0.19628406 0.19628406 0.19628406 0.19628406 0.19628406
 0.19628406 0.19628406 0.19628406 0.19628406 0.19628406 0.19628406]",[  7.5   103.417  22.583],355.0,35,2018,9,5
"[0.17665625 0.17665625 0.17665625 0.17665625 0.17665625 0.17665625
 0.17665625 0.17665625 0.17665625 0.17665625 0.17665625 0.17665625]",[  8.9   103.417  22.583],355.0,36,2018,9,5
"[6.57559 6.57559 6.57559 6.57559 6.57559 6.57559 6.57559 6.57559 6.57559
 6.57559 6.57559 6.57559]",[  8.9   103.417  22.583],355.0,37,2018,9,5
"[11.011663 11.011663 11.011663 11.011663 11.011663 11.011663 11.011663
 11.011663 11.011663 11.011663 11.011663 11.011663]",[  8.9   103.417  22.583],355.0,38,2018,9,5
"[11.993095 11.993095 11.993095 11.993095 11.993095 11.993095 11.993095
 11.993095 11.993095 11.993095 11.993095 11.993095]",[ 10.3   103.417  22.583],355.0,39,2018,9,5
"[12.366038 12.366038 12.366038 12.366038 12.366038 12.366038 12.366038
 12.366038 12.366038 12.366038 12.366038 12.366038]",[ 10.3   103.417  22.583],355.0,40,2018,9,5
"[12.954897 12.954897 12.954897 12.954897 12.954897 12.954897 12.954897
 12.954897 12.954897 12.954897 12.954897 12.954897]",[ 10.3   103.417  22.583],355.0,41,2018,9,5
"[14.50556 14.50556 14.50556 14.50556 14.50556 14.50556 14.50556 14.50556
 14.50556 14.50556 14.50556 14.50556]",[  2.8   103.417  22.583],355.0,42,2018,9,5
"[15.428105 15.428105 15.428105 15.428105 15.428105 15.428105 15.428105
 15.428105 15.428105 15.428105 15.428105 15.428105]",[  8.4   103.417  22.583],355.0,43,2018,9,5
"[25.477968 25.477968 25.477968 25.477968 25.477968 25.477968 25.477968
 25.477968 25.477968 25.477968 25.477968 25.477968]",[  8.4   103.417  22.583],355.0,44,2018,9,5
"[21.022266 21.022266 21.022266 21.022266 21.022266 21.022266 21.022266
 21.022266 21.022266 21.022266 21.022266 21.022266]",[  8.4   103.417  22.583],355.0,45,2018,9,5
"[20.040836 20.040836 20.040836 20.040836 20.040836 20.040836 20.040836
 20.040836 20.040836 20.040836 20.040836 20.040836]",[  7.2   103.417  22.583],355.0,46,2018,9,5
"[47.79573 47.79573 47.79573 47.79573 47.79573 47.79573 47.79573 47.79573
 47.79573 47.79573 47.79573 47.79573]",[ 52.2   103.417  22.583],355.0,7,2019,9,5
"[48.36496 48.36496 48.36496 48.36496 48.36496 48.36496 48.36496 48.36496
 48.36496 48.36496 48.36496 48.36496]",[ 52.2   103.417  22.583],355.0,8,2019,9,5
"[45.832867 45.832867 45.832867 45.832867 45.832867 45.832867 45.832867
 45.832867 45.832867 45.832867 45.832867 45.832867]",[ 52.2   103.417  22.583],355.0,9,2019,9,5
"[45.22438 45.22438 45.22438 45.22438 45.22438 45.22438 45.22438 45.22438
 45.22438 45.22438 45.22438 45.22438]",[ 52.2   103.417  22.583],355.0,10,2019,9,5
"[43.22226 43.22226 43.22226 43.22226 43.22226 43.22226 43.22226 43.22226
 43.22226 43.22226 43.22226 43.22226]",[ 52.2   103.417  22.583],355.0,11,2019,9,5
"[34.330482 34.330482 34.330482 34.330482 34.330482 34.330482 34.330482
 34.330482 34.330482 34.330482 34.330482 34.330482]",[ 27.8   103.417  22.583],355.0,12,2019,9,5
"[27.303432 27.303432 27.303432 27.303432 27.303432 27.303432 27.303432
 27.303432 27.303432 27.303432 27.303432 27.303432]",[  0.    103.417  22.583],355.0,13,2019,9,5
"[19.96232 19.96232 19.96232 19.96232 19.96232 19.96232 19.96232 19.96232
 19.96232 19.96232 19.96232 19.96232]",[  0.    103.417  22.583],355.0,14,2019,9,5
"[37.215893 37.215893 37.215893 37.215893 37.215893 37.215893 37.215893
 37.215893 37.215893 37.215893 37.215893 37.215893]",[  0.    103.417  22.583],355.0,15,2019,9,5
"[55.411636 55.411636 55.411636 55.411636 55.411636 55.411636 55.411636
 55.411636 55.411636 55.411636 55.411636 55.411636]",[  8.5   103.417  22.583],355.0,16,2019,9,5
"[64.26415 64.26415 64.26415 64.26415 64.26415 64.26415 64.26415 64.26415
 64.26415 64.26415 64.26415 64.26415]",[  8.5   103.417  22.583],355.0,17,2019,9,5
"[64.499695 64.499695 64.499695 64.499695 64.499695 64.499695 64.499695
 64.499695 64.499695 64.499695 64.499695 64.499695]",[  8.5   103.417  22.583],355.0,18,2019,9,5
"[66.30553 66.30553 66.30553 66.30553 66.30553 66.30553 66.30553 66.30553
 66.30553 66.30553 66.30553 66.30553]",[  8.5   103.417  22.583],355.0,19,2019,9,5
"[74.7851 74.7851 74.7851 74.7851 74.7851 74.7851 74.7851 74.7851 74.7851
 74.7851 74.7851 74.7851]",[  8.5   103.417  22.583],355.0,20,2019,9,5
"[82.28324 82.28324 82.28324 82.28324 82.28324 82.28324 82.28324 82.28324
 82.28324 82.28324 82.28324 82.28324]",[  8.5   103.417  22.583],355.0,21,2019,9,5
"[78.573425 78.573425 78.573425 78.573425 78.573425 78.573425 78.573425
 78.573425 78.573425 78.573425 78.573425 78.573425]",[  8.5   103.417  22.583],355.0,22,2019,9,5
"[71.56601 71.56601 71.56601 71.56601 71.56601 71.56601 71.56601 71.56601
 71.56601 71.56601 71.56601 71.56601]",[  0.    103.417  22.583],355.0,23,2019,9,5
"[65.79519 65.79519 65.79519 65.79519 65.79519 65.79519 65.79519 65.79519
 65.79519 65.79519 65.79519 65.79519]",[  0.    103.417  22.583],355.0,24,2019,9,5
"[63.616405 63.616405 63.616405 63.616405 63.616405 63.616405 63.616405
 63.616405 63.616405 63.616405 63.616405 63.616405]",[  0.    103.417  22.583],355.0,25,2019,9,5
"[75.589874 75.589874 75.589874 75.589874 75.589874 75.589874 75.589874
 75.589874 75.589874 75.589874 75.589874 75.589874]",[  0.    103.417  22.583],355.0,26,2019,9,5
"[65.61853 65.61853 65.61853 65.61853 65.61853 65.61853 65.61853 65.61853
 65.61853 65.61853 65.61853 65.61853]",[  0.    103.417  22.583],355.0,27,2019,9,5
"[60.41694 60.41694 60.41694 60.41694 60.41694 60.41694 60.41694 60.41694
 60.41694 60.41694 60.41694 60.41694]",[  0.    103.417  22.583],355.0,28,2019,9,5
"[46.716152 46.716152 46.716152 46.716152 46.716152 46.716152 46.716152
 46.716152 46.716152 46.716152 46.716152 46.716152]",[ 55.9   103.417  22.583],355.0,29,2019,9,5
"[38.29547 38.29547 38.29547 38.29547 38.29547 38.29547 38.29547 38.29547
 38.29547 38.29547 38.29547 38.29547]",[ 55.9   103.417  22.583],355.0,30,2019,9,5
"[39.924644 39.924644 39.924644 39.924644 39.924644 39.924644 39.924644
 39.924644 39.924644 39.924644 39.924644 39.924644]",[ 55.9   103.417  22.583],355.0,31,2019,9,5
"[53.91986 53.91986 53.91986 53.91986 53.91986 53.91986 53.91986 53.91986
 53.91986 53.91986 53.91986 53.91986]",[ 55.9   103.417  22.583],355.0,32,2019,9,5
"[54.194664 54.194664 54.194664 54.194664 54.194664 54.194664 54.194664
 54.194664 54.194664 54.194664 54.194664 54.194664]",[ 55.9   103.417  22.583],355.0,33,2019,9,5
"[55.647186 55.647186 55.647186 55.647186 55.647186 55.647186 55.647186
 55.647186 55.647186 55.647186 55.647186 55.647186]",[ 55.9   103.417  22.583],355.0,34,2019,9,5
"[57.747444 57.747444 57.747444 57.747444 57.747444 57.747444 57.747444
 57.747444 57.747444 57.747444 57.747444 57.747444]",[ 55.9   103.417  22.583],355.0,35,2019,9,5
"[62.32092 62.32092 62.32092 62.32092 62.32092 62.32092 62.32092 62.32092
 62.32092 62.32092 62.32092 62.32092]",[  0.    103.417  22.583],355.0,36,2019,9,5
"[75.629135 75.629135 75.629135 75.629135 75.629135 75.629135 75.629135
 75.629135 75.629135 75.629135 75.629135 75.629135]",[  0.4   103.417  22.583],355.0,37,2019,9,5
"[92.293846 92.293846 92.293846 92.293846 92.293846 92.293846 92.293846
 92.293846 92.293846 92.293846 92.293846 92.293846]",[  0.4   103.417  22.583],355.0,38,2019,9,5
"[81.969185 81.969185 81.969185 81.969185 81.969185 81.969185 81.969185
 81.969185 81.969185 81.969185 81.969185 81.969185]",[  0.4   103.417  22.583],355.0,39,2019,9,5
"[76.041336 76.041336 76.041336 76.041336 76.041336 76.041336 76.041336
 76.041336 76.041336 76.041336 76.041336 76.041336]",[  0.4   103.417  22.583],355.0,40,2019,9,5
"[77.807915 77.807915 77.807915 77.807915 77.807915 77.807915 77.807915
 77.807915 77.807915 77.807915 77.807915 77.807915]",[  0.4   103.417  22.583],355.0,41,2019,9,5
"[78.31826 78.31826 78.31826 78.31826 78.31826 78.31826 78.31826 78.31826
 78.31826 78.31826 78.31826 78.31826]",[  0.4   103.417  22.583],355.0,42,2019,9,5
"[74.39253 74.39253 74.39253 74.39253 74.39253 74.39253 74.39253 74.39253
 74.39253 74.39253 74.39253 74.39253]",[  0.4   103.417  22.583],355.0,43,2019,9,5
"[57.29599 57.29599 57.29599 57.29599 57.29599 57.29599 57.29599 57.29599
 57.29599 57.29599 57.29599 57.29599]",[  0.    103.417  22.583],355.0,44,2019,9,5
"[35.194145 35.194145 35.194145 35.194145 35.194145 35.194145 35.194145
 35.194145 35.194145 35.194145 35.194145 35.194145]",[  0.    103.417  22.583],355.0,45,2019,9,5
"[30.286985 30.286985 30.286985 30.286985 30.286985 30.286985 30.286985
 30.286985 30.286985 30.286985 30.286985 30.286985]",[  0.    103.417  22.583],355.0,46,2019,9,5
"[70.78085 70.78085 70.78085 70.78085 70.78085 70.78085 70.78085 70.78085
 70.78085 70.78085 70.78085 70.78085]",[ 72.8   103.417  22.583],355.0,7,2020,9,5
"[78.29863 78.29863 78.29863 78.29863 78.29863 78.29863 78.29863 78.29863
 78.29863 78.29863 78.29863 78.29863]",[ 72.8   103.417  22.583],355.0,8,2020,9,5
"[81.26254 81.26254 81.26254 81.26254 81.26254 81.26254 81.26254 81.26254
 81.26254 81.26254 81.26254 81.26254]",[ 38.3   103.417  22.583],355.0,9,2020,9,5
"[82.26361 82.26361 82.26361 82.26361 82.26361 82.26361 82.26361 82.26361
 82.26361 82.26361 82.26361 82.26361]",[ 34.5   103.417  22.583],355.0,10,2020,9,5
"[71.88006 71.88006 71.88006 71.88006 71.88006 71.88006 71.88006 71.88006
 71.88006 71.88006 71.88006 71.88006]",[ 18.3   103.417  22.583],355.0,11,2020,9,5
"[67.20845 67.20845 67.20845 67.20845 67.20845 67.20845 67.20845 67.20845
 67.20845 67.20845 67.20845 67.20845]",[  1.8   103.417  22.583],355.0,12,2020,9,5
"[54.528347 54.528347 54.528347 54.528347 54.528347 54.528347 54.528347
 54.528347 54.528347 54.528347 54.528347 54.528347]",[  1.8   103.417  22.583],355.0,13,2020,9,5
"[46.85355 46.85355 46.85355 46.85355 46.85355 46.85355 46.85355 46.85355
 46.85355 46.85355 46.85355 46.85355]",[  0.    103.417  22.583],355.0,14,2020,9,5
"[37.863636 37.863636 37.863636 37.863636 37.863636 37.863636 37.863636
 37.863636 37.863636 37.863636 37.863636 37.863636]",[  0.    103.417  22.583],355.0,15,2020,9,5
"[30.247726 30.247726 30.247726 30.247726 30.247726 30.247726 30.247726
 30.247726 30.247726 30.247726 30.247726 30.247726]",[  2.    103.417  22.583],355.0,16,2020,9,5
"[24.025452 24.025452 24.025452 24.025452 24.025452 24.025452 24.025452
 24.025452 24.025452 24.025452 24.025452 24.025452]",[ 21.3   103.417  22.583],355.0,17,2020,9,5
"[23.240307 23.240307 23.240307 23.240307 23.240307 23.240307 23.240307
 23.240307 23.240307 23.240307 23.240307 23.240307]",[ 26.7   103.417  22.583],355.0,18,2020,9,5
"[25.0854 25.0854 25.0854 25.0854 25.0854 25.0854 25.0854 25.0854 25.0854
 25.0854 25.0854 25.0854]",[ 46.4   103.417  22.583],355.0,19,2020,9,5
"[27.990438 27.990438 27.990438 27.990438 27.990438 27.990438 27.990438
 27.990438 27.990438 27.990438 27.990438 27.990438]",[ 62.2   103.417  22.583],355.0,20,2020,9,5
"[33.5846 33.5846 33.5846 33.5846 33.5846 33.5846 33.5846 33.5846 33.5846
 33.5846 33.5846 33.5846]",[ 66.4   103.417  22.583],355.0,21,2020,9,5
"[40.258335 40.258335 40.258335 40.258335 40.258335 40.258335 40.258335
 40.258335 40.258335 40.258335 40.258335 40.258335]",[ 68.3   103.417  22.583],355.0,22,2020,9,5
"[41.063107 41.063107 41.063107 41.063107 41.063107 41.063107 41.063107
 41.063107 41.063107 41.063107 41.063107 41.063107]",[ 66.3   103.417  22.583],355.0,23,2020,9,5
"[36.901836 36.901836 36.901836 36.901836 36.901836 36.901836 36.901836
 36.901836 36.901836 36.901836 36.901836 36.901836]",[ 47.    103.417  22.583],355.0,24,2020,9,5
"[36.057804 36.057804 36.057804 36.057804 36.057804 36.057804 36.057804
 36.057804 36.057804 36.057804 36.057804 36.057804]",[ 41.6   103.417  22.583],355.0,25,2020,9,5
"[31.700245 31.700245 31.700245 31.700245 31.700245 31.700245 31.700245
 31.700245 31.700245 31.700245 31.700245 31.700245]",[ 21.9   103.417  22.583],355.0,26,2020,9,5
"[27.480091 27.480091 27.480091 27.480091 27.480091 27.480091 27.480091
 27.480091 27.480091 27.480091 27.480091 27.480091]",[  6.1   103.417  22.583],355.0,27,2020,9,5
"[17.43023 17.43023 17.43023 17.43023 17.43023 17.43023 17.43023 17.43023
 17.43023 17.43023 17.43023 17.43023]",[  1.9   103.417  22.583],355.0,28,2020,9,5
"[9.441376 9.441376 9.441376 9.441376 9.441376 9.441376 9.441376 9.441376
 9.441376 9.441376 9.441376 9.441376]",[  0.    103.417  22.583],355.0,29,2020,9,5
"[6.045622 6.045622 6.045622 6.045622 6.045622 6.045622 6.045622 6.045622
 6.045622 6.045622 6.045622 6.045622]",[  0.    103.417  22.583],355.0,30,2020,9,5
"[3.2190979 3.2190979 3.2190979 3.2190979 3.2190979 3.2190979 3.2190979
 3.2190979 3.2190979 3.2190979 3.2190979 3.2190979]",[  0.    103.417  22.583],355.0,31,2020,9,5
"[1.1777192 1.1777192 1.1777192 1.1777192 1.1777192 1.1777192 1.1777192
 1.1777192 1.1777192 1.1777192 1.1777192 1.1777192]",[  0.    103.417  22.583],355.0,32,2020,9,5
"[0.902918 0.902918 0.902918 0.902918 0.902918 0.902918 0.902918 0.902918
 0.902918 0.902918 0.902918 0.902918]",[  0.    103.417  22.583],355.0,33,2020,9,5
"[1.2758613 1.2758613 1.2758613 1.2758613 1.2758613 1.2758613 1.2758613
 1.2758613 1.2758613 1.2758613 1.2758613 1.2758613]",[  0.    103.417  22.583],355.0,34,2020,9,5
"[1.4525175 1.4525175 1.4525175 1.4525175 1.4525175 1.4525175 1.4525175
 1.4525175 1.4525175 1.4525175 1.4525175 1.4525175]",[  0.    103.417  22.583],355.0,35,2020,9,5
"[1.4917761 1.4917761 1.4917761 1.4917761 1.4917761 1.4917761 1.4917761
 1.4917761 1.4917761 1.4917761 1.4917761 1.4917761]",[  0.    103.417  22.583],355.0,36,2020,9,5
"[8.872143 8.872143 8.872143 8.872143 8.872143 8.872143 8.872143 8.872143
 8.872143 8.872143 8.872143 8.872143]",[  0.    103.417  22.583],355.0,37,2020,9,5
"[27.970806 27.970806 27.970806 27.970806 27.970806 27.970806 27.970806
 27.970806 27.970806 27.970806 27.970806 27.970806]",[  0.    103.417  22.583],355.0,38,2020,9,5
"[51.446655 51.446655 51.446655 51.446655 51.446655 51.446655 51.446655
 51.446655 51.446655 51.446655 51.446655 51.446655]",[  0.    103.417  22.583],355.0,39,2020,9,5
"[78.27901 78.27901 78.27901 78.27901 78.27901 78.27901 78.27901 78.27901
 78.27901 78.27901 78.27901 78.27901]",[  4.9   103.417  22.583],355.0,40,2020,9,5
"[88.38775 88.38775 88.38775 88.38775 88.38775 88.38775 88.38775 88.38775
 88.38775 88.38775 88.38775 88.38775]",[  4.9   103.417  22.583],355.0,41,2020,9,5
"[94.23708 94.23708 94.23708 94.23708 94.23708 94.23708 94.23708 94.23708
 94.23708 94.23708 94.23708 94.23708]",[  4.9   103.417  22.583],355.0,42,2020,9,5
"[102.61851 102.61851 102.61851 102.61851 102.61851 102.61851 102.61851
 102.61851 102.61851 102.61851 102.61851 102.61851]",[  4.9   103.417  22.583],355.0,43,2020,9,5
"[97.083244 97.083244 97.083244 97.083244 97.083244 97.083244 97.083244
 97.083244 97.083244 97.083244 97.083244 97.083244]",[  6.3   103.417  22.583],355.0,44,2020,9,5
"[78.92675 78.92675 78.92675 78.92675 78.92675 78.92675 78.92675 78.92675
 78.92675 78.92675 78.92675 78.92675]",[  9.1   103.417  22.583],355.0,45,2020,9,5
"[55.843475 55.843475 55.843475 55.843475 55.843475 55.843475 55.843475
 55.843475 55.843475 55.843475 55.843475 55.843475]",[  9.1   103.417  22.583],355.0,46,2020,9,5
"[66.99254 66.99254 66.99254 66.99254 66.99254 66.99254 66.99254 66.99254
 66.99254 66.99254 66.99254 66.99254]",[  0.9   103.417  22.583],355.0,7,2021,9,5
"[69.34797 69.34797 69.34797 69.34797 69.34797 69.34797 69.34797 69.34797
 69.34797 69.34797 69.34797 69.34797]",[  0.9   103.417  22.583],355.0,8,2021,9,5
"[138.95111 138.95111 138.95111 138.95111 138.95111 138.95111 138.95111
 138.95111 138.95111 138.95111 138.95111 138.95111]",[  3.3   103.417  22.583],355.0,9,2021,9,5
"[123.601524 123.601524 123.601524 123.601524 123.601524 123.601524
 123.601524 123.601524 123.601524 123.601524 123.601524 123.601524]",[  2.4   103.417  22.583],355.0,10,2021,9,5
"[112.491714 112.491714 112.491714 112.491714 112.491714 112.491714
 112.491714 112.491714 112.491714 112.491714 112.491714 112.491714]",[  2.4   103.417  22.583],355.0,11,2021,9,5
"[113.492775 113.492775 113.492775 113.492775 113.492775 113.492775
 113.492775 113.492775 113.492775 113.492775 113.492775 113.492775]",[ 22.1   103.417  22.583],355.0,12,2021,9,5
"[122.404175 122.404175 122.404175 122.404175 122.404175 122.404175
 122.404175 122.404175 122.404175 122.404175 122.404175 122.404175]",[ 22.1   103.417  22.583],355.0,13,2021,9,5
"[129.25456 129.25456 129.25456 129.25456 129.25456 129.25456 129.25456
 129.25456 129.25456 129.25456 129.25456 129.25456]",[ 22.1   103.417  22.583],355.0,14,2021,9,5
"[134.22061 134.22061 134.22061 134.22061 134.22061 134.22061 134.22061
 134.22061 134.22061 134.22061 134.22061 134.22061]",[ 22.1   103.417  22.583],355.0,15,2021,9,5
"[70.58457 70.58457 70.58457 70.58457 70.58457 70.58457 70.58457 70.58457
 70.58457 70.58457 70.58457 70.58457]",[ 19.7   103.417  22.583],355.0,16,2021,9,5
"[62.262035 62.262035 62.262035 62.262035 62.262035 62.262035 62.262035
 62.262035 62.262035 62.262035 62.262035 62.262035]",[ 19.7   103.417  22.583],355.0,17,2021,9,5
"[57.11933 57.11933 57.11933 57.11933 57.11933 57.11933 57.11933 57.11933
 57.11933 57.11933 57.11933 57.11933]",[ 19.7   103.417  22.583],355.0,18,2021,9,5
"[45.008465 45.008465 45.008465 45.008465 45.008465 45.008465 45.008465
 45.008465 45.008465 45.008465 45.008465 45.008465]",[  0.    103.417  22.583],355.0,19,2021,9,5
"[35.135258 35.135258 35.135258 35.135258 35.135258 35.135258 35.135258
 35.135258 35.135258 35.135258 35.135258 35.135258]",[  0.    103.417  22.583],355.0,20,2021,9,5
"[28.677435 28.677435 28.677435 28.677435 28.677435 28.677435 28.677435
 28.677435 28.677435 28.677435 28.677435 28.677435]",[  0.    103.417  22.583],355.0,21,2021,9,5
"[13.170813 13.170813 13.170813 13.170813 13.170813 13.170813 13.170813
 13.170813 13.170813 13.170813 13.170813 13.170813]",[  0.    103.417  22.583],355.0,22,2021,9,5
"[46.225433 46.225433 46.225433 46.225433 46.225433 46.225433 46.225433
 46.225433 46.225433 46.225433 46.225433 46.225433]",[  0.    103.417  22.583],355.0,23,2021,9,5
"[77.395706 77.395706 77.395706 77.395706 77.395706 77.395706 77.395706
 77.395706 77.395706 77.395706 77.395706 77.395706]",[  0.    103.417  22.583],355.0,24,2021,9,5
"[82.12621 82.12621 82.12621 82.12621 82.12621 82.12621 82.12621 82.12621
 82.12621 82.12621 82.12621 82.12621]",[ 26.2   103.417  22.583],355.0,25,2021,9,5
"[82.61693 82.61693 82.61693 82.61693 82.61693 82.61693 82.61693 82.61693
 82.61693 82.61693 82.61693 82.61693]",[ 26.2   103.417  22.583],355.0,26,2021,9,5
"[82.322495 82.322495 82.322495 82.322495 82.322495 82.322495 82.322495
 82.322495 82.322495 82.322495 82.322495 82.322495]",[ 69.    103.417  22.583],355.0,27,2021,9,5
"[98.02541 98.02541 98.02541 98.02541 98.02541 98.02541 98.02541 98.02541
 98.02541 98.02541 98.02541 98.02541]",[ 69.    103.417  22.583],355.0,28,2021,9,5
"[107.76121 107.76121 107.76121 107.76121 107.76121 107.76121 107.76121
 107.76121 107.76121 107.76121 107.76121 107.76121]",[ 69.    103.417  22.583],355.0,29,2021,9,5
"[83.166534 83.166534 83.166534 83.166534 83.166534 83.166534 83.166534
 83.166534 83.166534 83.166534 83.166534 83.166534]",[ 69.    103.417  22.583],355.0,30,2021,9,5
"[63.8127 63.8127 63.8127 63.8127 63.8127 63.8127 63.8127 63.8127 63.8127
 63.8127 63.8127 63.8127]",[ 69.    103.417  22.583],355.0,31,2021,9,5
"[63.04718 63.04718 63.04718 63.04718 63.04718 63.04718 63.04718 63.04718
 63.04718 63.04718 63.04718 63.04718]",[ 42.8   103.417  22.583],355.0,32,2021,9,5
"[62.90978 62.90978 62.90978 62.90978 62.90978 62.90978 62.90978 62.90978
 62.90978 62.90978 62.90978 62.90978]",[ 42.8   103.417  22.583],355.0,33,2021,9,5
"[62.75275 62.75275 62.75275 62.75275 62.75275 62.75275 62.75275 62.75275
 62.75275 62.75275 62.75275 62.75275]",[  0.    103.417  22.583],355.0,34,2021,9,5
"[46.382465 46.382465 46.382465 46.382465 46.382465 46.382465 46.382465
 46.382465 46.382465 46.382465 46.382465 46.382465]",[  0.    103.417  22.583],355.0,35,2021,9,5
"[36.430748 36.430748 36.430748 36.430748 36.430748 36.430748 36.430748
 36.430748 36.430748 36.430748 36.430748 36.430748]",[  1.2   103.417  22.583],355.0,36,2021,9,5
"[17.233942 17.233942 17.233942 17.233942 17.233942 17.233942 17.233942
 17.233942 17.233942 17.233942 17.233942 17.233942]",[  1.2   103.417  22.583],355.0,37,2021,9,5
"[4.8875303 4.8875303 4.8875303 4.8875303 4.8875303 4.8875303 4.8875303
 4.8875303 4.8875303 4.8875303 4.8875303 4.8875303]",[  1.2   103.417  22.583],355.0,38,2021,9,5
"[0.4514575 0.4514575 0.4514575 0.4514575 0.4514575 0.4514575 0.4514575
 0.4514575 0.4514575 0.4514575 0.4514575 0.4514575]",[  1.2   103.417  22.583],355.0,39,2021,9,5
[0. 0. 0. 0. 0. 0. 0. 0. 0. 0. 0. 0.],[  1.2   103.417  22.583],355.0,40,2021,9,5
[0. 0. 0. 0. 0. 0. 0. 0. 0. 0. 0. 0.],[  1.2   103.417  22.583],355.0,41,2021,9,5
[0. 0. 0. 0. 0. 0. 0. 0. 0. 0. 0. 0.],[  1.2   103.417  22.583],355.0,42,2021,9,5
[0. 0. 0. 0. 0. 0. 0. 0. 0. 0. 0. 0.],[  0.    103.417  22.583],355.0,43,2021,9,5
"[0.09814203 0.09814203 0.09814203 0.09814203 0.09814203 0.09814203
 0.09814203 0.09814203 0.09814203 0.09814203 0.09814203 0.09814203]",[  0.    103.417  22.583],355.0,44,2021,9,5
"[0.37294328 0.37294328 0.37294328 0.37294328 0.37294328 0.37294328
 0.37294328 0.37294328 0.37294328 0.37294328 0.37294328 0.37294328]",[  0.    103.417  22.583],355.0,45,2021,9,5
"[1.707691 1.707691 1.707691 1.707691 1.707691 1.707691 1.707691 1.707691
 1.707691 1.707691 1.707691 1.707691]",[  0.    103.417  22.583],355.0,46,2021,9,5
"[51.24324 51.24324 51.24324 51.24324 51.24324 51.24324 51.24324 51.24324
 51.24324 51.24324 51.24324 51.24324]",[  3.6   103.417  22.583],355.0,7,2018,9,8
"[55.645855 55.645855 55.645855 55.645855 55.645855 55.645855 55.645855
 55.645855 55.645855 55.645855 55.645855 55.645855]",[  3.6   103.417  22.583],355.0,8,2018,9,8
"[54.037598 54.037598 54.037598 54.037598 54.037598 54.037598 54.037598
 54.037598 54.037598 54.037598 54.037598 54.037598]",[  3.6   103.417  22.583],355.0,9,2018,9,8
"[55.183483 55.183483 55.183483 55.183483 55.183483 55.183483 55.183483
 55.183483 55.183483 55.183483 55.183483 55.183483]",[  7.4   103.417  22.583],355.0,10,2018,9,8
"[97.76221 97.76221 97.76221 97.76221 97.76221 97.76221 97.76221 97.76221
 97.76221 97.76221 97.76221 97.76221]",[  6.3   103.417  22.583],355.0,11,2018,9,8
"[135.07388 135.07388 135.07388 135.07388 135.07388 135.07388 135.07388
 135.07388 135.07388 135.07388 135.07388 135.07388]",[  6.1   103.417  22.583],355.0,12,2018,9,8
"[158.65501 158.65501 158.65501 158.65501 158.65501 158.65501 158.65501
 158.65501 158.65501 158.65501 158.65501 158.65501]",[  6.1   103.417  22.583],355.0,13,2018,9,8
"[154.8555 154.8555 154.8555 154.8555 154.8555 154.8555 154.8555 154.8555
 154.8555 154.8555 154.8555 154.8555]",[  6.1   103.417  22.583],355.0,14,2018,9,8
"[148.22142 148.22142 148.22142 148.22142 148.22142 148.22142 148.22142
 148.22142 148.22142 148.22142 148.22142 148.22142]",[  6.1   103.417  22.583],355.0,15,2018,9,8
"[141.84868 141.84868 141.84868 141.84868 141.84868 141.84868 141.84868
 141.84868 141.84868 141.84868 141.84868 141.84868]",[  6.1   103.417  22.583],355.0,16,2018,9,8
"[140.16 140.16 140.16 140.16 140.16 140.16 140.16 140.16 140.16 140.16
 140.16 140.16]",[  2.3   103.417  22.583],355.0,17,2018,9,8
"[94.88743 94.88743 94.88743 94.88743 94.88743 94.88743 94.88743 94.88743
 94.88743 94.88743 94.88743 94.88743]",[  0.    103.417  22.583],355.0,18,2018,9,8
"[51.6252 51.6252 51.6252 51.6252 51.6252 51.6252 51.6252 51.6252 51.6252
 51.6252 51.6252 51.6252]",[  5.2   103.417  22.583],355.0,19,2018,9,8
"[24.988365 24.988365 24.988365 24.988365 24.988365 24.988365 24.988365
 24.988365 24.988365 24.988365 24.988365 24.988365]",[ 31.8   103.417  22.583],355.0,20,2018,9,8
"[7.9206915 7.9206915 7.9206915 7.9206915 7.9206915 7.9206915 7.9206915
 7.9206915 7.9206915 7.9206915 7.9206915 7.9206915]",[ 32.5   103.417  22.583],355.0,21,2018,9,8
"[5.6691256 5.6691256 5.6691256 5.6691256 5.6691256 5.6691256 5.6691256
 5.6691256 5.6691256 5.6691256 5.6691256 5.6691256]",[ 32.5   103.417  22.583],355.0,22,2018,9,8
"[5.6691256 5.6691256 5.6691256 5.6691256 5.6691256 5.6691256 5.6691256
 5.6691256 5.6691256 5.6691256 5.6691256 5.6691256]",[ 32.5   103.417  22.583],355.0,23,2018,9,8
"[4.684067 4.684067 4.684067 4.684067 4.684067 4.684067 4.684067 4.684067
 4.684067 4.684067 4.684067 4.684067]",[ 32.5   103.417  22.583],355.0,24,2018,9,8
"[13.428989 13.428989 13.428989 13.428989 13.428989 13.428989 13.428989
 13.428989 13.428989 13.428989 13.428989 13.428989]",[ 32.5   103.417  22.583],355.0,25,2018,9,8
"[63.948513 63.948513 63.948513 63.948513 63.948513 63.948513 63.948513
 63.948513 63.948513 63.948513 63.948513 63.948513]",[ 27.3   103.417  22.583],355.0,26,2018,9,8
"[90.74617 90.74617 90.74617 90.74617 90.74617 90.74617 90.74617 90.74617
 90.74617 90.74617 90.74617 90.74617]",[  0.7   103.417  22.583],355.0,27,2018,9,8
"[91.59051 91.59051 91.59051 91.59051 91.59051 91.59051 91.59051 91.59051
 91.59051 91.59051 91.59051 91.59051]",[  0.    103.417  22.583],355.0,28,2018,9,8
"[92.41474 92.41474 92.41474 92.41474 92.41474 92.41474 92.41474 92.41474
 92.41474 92.41474 92.41474 92.41474]",[  0.    103.417  22.583],355.0,29,2018,9,8
"[92.495155 92.495155 92.495155 92.495155 92.495155 92.495155 92.495155
 92.495155 92.495155 92.495155 92.495155 92.495155]",[  0.    103.417  22.583],355.0,30,2018,9,8
"[92.51526 92.51526 92.51526 92.51526 92.51526 92.51526 92.51526 92.51526
 92.51526 92.51526 92.51526 92.51526]",[  0.    103.417  22.583],355.0,31,2018,9,8
"[83.77033 83.77033 83.77033 83.77033 83.77033 83.77033 83.77033 83.77033
 83.77033 83.77033 83.77033 83.77033]",[  7.5   103.417  22.583],355.0,32,2018,9,8
"[33.230705 33.230705 33.230705 33.230705 33.230705 33.230705 33.230705
 33.230705 33.230705 33.230705 33.230705 33.230705]",[  8.9   103.417  22.583],355.0,33,2018,9,8
"[2.63353 2.63353 2.63353 2.63353 2.63353 2.63353 2.63353 2.63353 2.63353
 2.63353 2.63353 2.63353]",[  8.9   103.417  22.583],355.0,34,2018,9,8
"[0.9448558 0.9448558 0.9448558 0.9448558 0.9448558 0.9448558 0.9448558
 0.9448558 0.9448558 0.9448558 0.9448558 0.9448558]",[  8.9   103.417  22.583],355.0,35,2018,9,8
"[0.10051727 0.10051727 0.10051727 0.10051727 0.10051727 0.10051727
 0.10051727 0.10051727 0.10051727 0.10051727 0.10051727 0.10051727]",[ 10.3   103.417  22.583],355.0,36,2018,9,8
"[0.02010465 0.02010465 0.02010465 0.02010465 0.02010465 0.02010465
 0.02010465 0.02010465 0.02010465 0.02010465 0.02010465 0.02010465]",[ 10.3   103.417  22.583],355.0,37,2018,9,8
"[0.08041263 0.08041263 0.08041263 0.08041263 0.08041263 0.08041263
 0.08041263 0.08041263 0.08041263 0.08041263 0.08041263 0.08041263]",[ 10.3   103.417  22.583],355.0,38,2018,9,8
"[1.2061954 1.2061954 1.2061954 1.2061954 1.2061954 1.2061954 1.2061954
 1.2061954 1.2061954 1.2061954 1.2061954 1.2061954]",[  2.8   103.417  22.583],355.0,39,2018,9,8
"[1.929912 1.929912 1.929912 1.929912 1.929912 1.929912 1.929912 1.929912
 1.929912 1.929912 1.929912 1.929912]",[  8.4   103.417  22.583],355.0,40,2018,9,8
"[2.2314608 2.2314608 2.2314608 2.2314608 2.2314608 2.2314608 2.2314608
 2.2314608 2.2314608 2.2314608 2.2314608 2.2314608]",[  8.4   103.417  22.583],355.0,41,2018,9,8
"[2.6536286 2.6536286 2.6536286 2.6536286 2.6536286 2.6536286 2.6536286
 2.6536286 2.6536286 2.6536286 2.6536286 2.6536286]",[  8.4   103.417  22.583],355.0,42,2018,9,8
"[3.5180688 3.5180688 3.5180688 3.5180688 3.5180688 3.5180688 3.5180688
 3.5180688 3.5180688 3.5180688 3.5180688 3.5180688]",[  7.2   103.417  22.583],355.0,43,2018,9,8
"[4.281992 4.281992 4.281992 4.281992 4.281992 4.281992 4.281992 4.281992
 4.281992 4.281992 4.281992 4.281992]",[ 28.9   103.417  22.583],355.0,44,2018,9,8
"[4.6639533 4.6639533 4.6639533 4.6639533 4.6639533 4.6639533 4.6639533
 4.6639533 4.6639533 4.6639533 4.6639533 4.6639533]",[ 31.    103.417  22.583],355.0,45,2018,9,8
"[4.6840577 4.6840577 4.6840577 4.6840577 4.6840577 4.6840577 4.6840577
 4.6840577 4.6840577 4.6840577 4.6840577 4.6840577]",[ 34.5   103.417  22.583],355.0,46,2018,9,8
"[56.510292 56.510292 56.510292 56.510292 56.510292 56.510292 56.510292
 56.510292 56.510292 56.510292 56.510292 56.510292]",[ 52.2   103.417  22.583],355.0,7,2019,9,8
"[53.454594 53.454594 53.454594 53.454594 53.454594 53.454594 53.454594
 53.454594 53.454594 53.454594 53.454594 53.454594]",[ 52.2   103.417  22.583],355.0,8,2019,9,8
"[40.76943 40.76943 40.76943 40.76943 40.76943 40.76943 40.76943 40.76943
 40.76943 40.76943 40.76943 40.76943]",[ 27.8   103.417  22.583],355.0,9,2019,9,8
"[42.84006 42.84006 42.84006 42.84006 42.84006 42.84006 42.84006 42.84006
 42.84006 42.84006 42.84006 42.84006]",[  0.    103.417  22.583],355.0,10,2019,9,8
"[25.249702 25.249702 25.249702 25.249702 25.249702 25.249702 25.249702
 25.249702 25.249702 25.249702 25.249702 25.249702]",[  0.    103.417  22.583],355.0,11,2019,9,8
"[30.034279 30.034279 30.034279 30.034279 30.034279 30.034279 30.034279
 30.034279 30.034279 30.034279 30.034279 30.034279]",[  0.    103.417  22.583],355.0,12,2019,9,8
"[34.276073 34.276073 34.276073 34.276073 34.276073 34.276073 34.276073
 34.276073 34.276073 34.276073 34.276073 34.276073]",[  8.5   103.417  22.583],355.0,13,2019,9,8
"[38.397247 38.397247 38.397247 38.397247 38.397247 38.397247 38.397247
 38.397247 38.397247 38.397247 38.397247 38.397247]",[  8.5   103.417  22.583],355.0,14,2019,9,8
"[42.659138 42.659138 42.659138 42.659138 42.659138 42.659138 42.659138
 42.659138 42.659138 42.659138 42.659138 42.659138]",[  8.5   103.417  22.583],355.0,15,2019,9,8
"[42.819965 42.819965 42.819965 42.819965 42.819965 42.819965 42.819965
 42.819965 42.819965 42.819965 42.819965 42.819965]",[  8.5   103.417  22.583],355.0,16,2019,9,8
"[29.431189 29.431189 29.431189 29.431189 29.431189 29.431189 29.431189
 29.431189 29.431189 29.431189 29.431189 29.431189]",[  8.5   103.417  22.583],355.0,17,2019,9,8
"[25.169294 25.169294 25.169294 25.169294 25.169294 25.169294 25.169294
 25.169294 25.169294 25.169294 25.169294 25.169294]",[  8.5   103.417  22.583],355.0,18,2019,9,8
"[16.504786 16.504786 16.504786 16.504786 16.504786 16.504786 16.504786
 16.504786 16.504786 16.504786 16.504786 16.504786]",[  8.5   103.417  22.583],355.0,19,2019,9,8
"[11.016592 11.016592 11.016592 11.016592 11.016592 11.016592 11.016592
 11.016592 11.016592 11.016592 11.016592 11.016592]",[  0.    103.417  22.583],355.0,20,2019,9,8
"[5.870155 5.870155 5.870155 5.870155 5.870155 5.870155 5.870155 5.870155
 5.870155 5.870155 5.870155 5.870155]",[  0.    103.417  22.583],355.0,21,2019,9,8
"[1.4072299 1.4072299 1.4072299 1.4072299 1.4072299 1.4072299 1.4072299
 1.4072299 1.4072299 1.4072299 1.4072299 1.4072299]",[  0.    103.417  22.583],355.0,22,2019,9,8
"[0.22113621 0.22113621 0.22113621 0.22113621 0.22113621 0.22113621
 0.22113621 0.22113621 0.22113621 0.22113621 0.22113621 0.22113621]",[  0.    103.417  22.583],355.0,23,2019,9,8
"[0.14072359 0.14072359 0.14072359 0.14072359 0.14072359 0.14072359
 0.14072359 0.14072359 0.14072359 0.14072359 0.14072359 0.14072359]",[  0.    103.417  22.583],355.0,24,2019,9,8
"[0.14072359 0.14072359 0.14072359 0.14072359 0.14072359 0.14072359
 0.14072359 0.14072359 0.14072359 0.14072359 0.14072359 0.14072359]",[  0.    103.417  22.583],355.0,25,2019,9,8
"[10.252669 10.252669 10.252669 10.252669 10.252669 10.252669 10.252669
 10.252669 10.252669 10.252669 10.252669 10.252669]",[ 55.9   103.417  22.583],355.0,26,2019,9,8
"[14.514563 14.514563 14.514563 14.514563 14.514563 14.514563 14.514563
 14.514563 14.514563 14.514563 14.514563 14.514563]",[ 55.9   103.417  22.583],355.0,27,2019,9,8
"[15.700657 15.700657 15.700657 15.700657 15.700657 15.700657 15.700657
 15.700657 15.700657 15.700657 15.700657 15.700657]",[ 55.9   103.417  22.583],355.0,28,2019,9,8
"[17.148092 17.148092 17.148092 17.148092 17.148092 17.148092 17.148092
 17.148092 17.148092 17.148092 17.148092 17.148092]",[ 55.9   103.417  22.583],355.0,29,2019,9,8
"[20.223892 20.223892 20.223892 20.223892 20.223892 20.223892 20.223892
 20.223892 20.223892 20.223892 20.223892 20.223892]",[ 55.9   103.417  22.583],355.0,30,2019,9,8
"[28.50644 28.50644 28.50644 28.50644 28.50644 28.50644 28.50644 28.50644
 28.50644 28.50644 28.50644 28.50644]",[ 55.9   103.417  22.583],355.0,31,2019,9,8
"[32.285854 32.285854 32.285854 32.285854 32.285854 32.285854 32.285854
 32.285854 32.285854 32.285854 32.285854 32.285854]",[ 55.9   103.417  22.583],355.0,32,2019,9,8
"[26.17446 26.17446 26.17446 26.17446 26.17446 26.17446 26.17446 26.17446
 26.17446 26.17446 26.17446 26.17446]",[  0.    103.417  22.583],355.0,33,2019,9,8
"[35.622997 35.622997 35.622997 35.622997 35.622997 35.622997 35.622997
 35.622997 35.622997 35.622997 35.622997 35.622997]",[  0.4   103.417  22.583],355.0,34,2019,9,8
"[35.301346 35.301346 35.301346 35.301346 35.301346 35.301346 35.301346
 35.301346 35.301346 35.301346 35.301346 35.301346]",[  0.4   103.417  22.583],355.0,35,2019,9,8
"[33.853905 33.853905 33.853905 33.853905 33.853905 33.853905 33.853905
 33.853905 33.853905 33.853905 33.853905 33.853905]",[  0.4   103.417  22.583],355.0,36,2019,9,8
"[30.778107 30.778107 30.778107 30.778107 30.778107 30.778107 30.778107
 30.778107 30.778107 30.778107 30.778107 30.778107]",[  0.4   103.417  22.583],355.0,37,2019,9,8
"[22.495558 22.495558 22.495558 22.495558 22.495558 22.495558 22.495558
 22.495558 22.495558 22.495558 22.495558 22.495558]",[  0.4   103.417  22.583],355.0,38,2019,9,8
"[18.796556 18.796556 18.796556 18.796556 18.796556 18.796556 18.796556
 18.796556 18.796556 18.796556 18.796556 18.796556]",[  0.4   103.417  22.583],355.0,39,2019,9,8
"[14.856318 14.856318 14.856318 14.856318 14.856318 14.856318 14.856318
 14.856318 14.856318 14.856318 14.856318 14.856318]",[  0.4   103.417  22.583],355.0,40,2019,9,8
"[1.165992 1.165992 1.165992 1.165992 1.165992 1.165992 1.165992 1.165992
 1.165992 1.165992 1.165992 1.165992]",[  0.    103.417  22.583],355.0,41,2019,9,8
"[0.16082823 0.16082823 0.16082823 0.16082823 0.16082823 0.16082823
 0.16082823 0.16082823 0.16082823 0.16082823 0.16082823 0.16082823]",[  0.    103.417  22.583],355.0,42,2019,9,8
"[0.16082823 0.16082823 0.16082823 0.16082823 0.16082823 0.16082823
 0.16082823 0.16082823 0.16082823 0.16082823 0.16082823 0.16082823]",[  0.    103.417  22.583],355.0,43,2019,9,8
"[0.18093288 0.18093288 0.18093288 0.18093288 0.18093288 0.18093288
 0.18093288 0.18093288 0.18093288 0.18093288 0.18093288 0.18093288]",[  0.    103.417  22.583],355.0,44,2019,9,8
"[0.74382424 0.74382424 0.74382424 0.74382424 0.74382424 0.74382424
 0.74382424 0.74382424 0.74382424 0.74382424 0.74382424 0.74382424]",[  0.    103.417  22.583],355.0,45,2019,9,8
"[1.5881628 1.5881628 1.5881628 1.5881628 1.5881628 1.5881628 1.5881628
 1.5881628 1.5881628 1.5881628 1.5881628 1.5881628]",[  0.    103.417  22.583],355.0,46,2019,9,8
"[69.336174 69.336174 69.336174 69.336174 69.336174 69.336174 69.336174
 69.336174 69.336174 69.336174 69.336174 69.336174]",[ 34.5   103.417  22.583],355.0,7,2020,9,8
"[69.25576 69.25576 69.25576 69.25576 69.25576 69.25576 69.25576 69.25576
 69.25576 69.25576 69.25576 69.25576]",[ 18.3   103.417  22.583],355.0,8,2020,9,8
"[61.05363 61.05363 61.05363 61.05363 61.05363 61.05363 61.05363 61.05363
 61.05363 61.05363 61.05363 61.05363]",[  1.8   103.417  22.583],355.0,9,2020,9,8
"[67.02431 67.02431 67.02431 67.02431 67.02431 67.02431 67.02431 67.02431
 67.02431 67.02431 67.02431 67.02431]",[  1.8   103.417  22.583],355.0,10,2020,9,8
"[51.564888 51.564888 51.564888 51.564888 51.564888 51.564888 51.564888
 51.564888 51.564888 51.564888 51.564888 51.564888]",[  0.    103.417  22.583],355.0,11,2020,9,8
"[43.98596 43.98596 43.98596 43.98596 43.98596 43.98596 43.98596 43.98596
 43.98596 43.98596 43.98596 43.98596]",[  0.    103.417  22.583],355.0,12,2020,9,8
"[38.67869 38.67869 38.67869 38.67869 38.67869 38.67869 38.67869 38.67869
 38.67869 38.67869 38.67869 38.67869]",[  2.    103.417  22.583],355.0,13,2020,9,8
"[33.773495 33.773495 33.773495 33.773495 33.773495 33.773495 33.773495
 33.773495 33.773495 33.773495 33.773495 33.773495]",[ 21.3   103.417  22.583],355.0,14,2020,9,8
"[29.33067 29.33067 29.33067 29.33067 29.33067 29.33067 29.33067 29.33067
 29.33067 29.33067 29.33067 29.33067]",[ 26.7   103.417  22.583],355.0,15,2020,9,8
"[26.75745 26.75745 26.75745 26.75745 26.75745 26.75745 26.75745 26.75745
 26.75745 26.75745 26.75745 26.75745]",[ 46.4   103.417  22.583],355.0,16,2020,9,8
"[16.122822 16.122822 16.122822 16.122822 16.122822 16.122822 16.122822
 16.122822 16.122822 16.122822 16.122822 16.122822]",[ 62.2   103.417  22.583],355.0,17,2020,9,8
"[16.183132 16.183132 16.183132 16.183132 16.183132 16.183132 16.183132
 16.183132 16.183132 16.183132 16.183132 16.183132]",[ 66.4   103.417  22.583],355.0,18,2020,9,8
"[22.334734 22.334734 22.334734 22.334734 22.334734 22.334734 22.334734
 22.334734 22.334734 22.334734 22.334734 22.334734]",[ 68.3   103.417  22.583],355.0,19,2020,9,8
"[22.57597 22.57597 22.57597 22.57597 22.57597 22.57597 22.57597 22.57597
 22.57597 22.57597 22.57597 22.57597]",[ 66.3   103.417  22.583],355.0,20,2020,9,8
"[22.133701 22.133701 22.133701 22.133701 22.133701 22.133701 22.133701
 22.133701 22.133701 22.133701 22.133701 22.133701]",[ 47.    103.417  22.583],355.0,21,2020,9,8
"[20.786781 20.786781 20.786781 20.786781 20.786781 20.786781 20.786781
 20.786781 20.786781 20.786781 20.786781 20.786781]",[ 41.6   103.417  22.583],355.0,22,2020,9,8
"[20.786781 20.786781 20.786781 20.786781 20.786781 20.786781 20.786781
 20.786781 20.786781 20.786781 20.786781 20.786781]",[ 21.9   103.417  22.583],355.0,23,2020,9,8
"[15.580034 15.580034 15.580034 15.580034 15.580034 15.580034 15.580034
 15.580034 15.580034 15.580034 15.580034 15.580034]",[  6.1   103.417  22.583],355.0,24,2020,9,8
"[10.272771 10.272771 10.272771 10.272771 10.272771 10.272771 10.272771
 10.272771 10.272771 10.272771 10.272771 10.272771]",[  1.9   103.417  22.583],355.0,25,2020,9,8
"[1.9098103 1.9098103 1.9098103 1.9098103 1.9098103 1.9098103 1.9098103
 1.9098103 1.9098103 1.9098103 1.9098103 1.9098103]",[  0.    103.417  22.583],355.0,26,2020,9,8
"[0.44227242 0.44227242 0.44227242 0.44227242 0.44227242 0.44227242
 0.44227242 0.44227242 0.44227242 0.44227242 0.44227242 0.44227242]",[  0.    103.417  22.583],355.0,27,2020,9,8
"[0.02010465 0.02010465 0.02010465 0.02010465 0.02010465 0.02010465
 0.02010465 0.02010465 0.02010465 0.02010465 0.02010465 0.02010465]",[  0.    103.417  22.583],355.0,28,2020,9,8
"[0.02010465 0.02010465 0.02010465 0.02010465 0.02010465 0.02010465
 0.02010465 0.02010465 0.02010465 0.02010465 0.02010465 0.02010465]",[  0.    103.417  22.583],355.0,29,2020,9,8
"[0.02010465 0.02010465 0.02010465 0.02010465 0.02010465 0.02010465
 0.02010465 0.02010465 0.02010465 0.02010465 0.02010465 0.02010465]",[  0.    103.417  22.583],355.0,30,2020,9,8
[0. 0. 0. 0. 0. 0. 0. 0. 0. 0. 0. 0.],[  0.    103.417  22.583],355.0,31,2020,9,8
"[0.06031096 0.06031096 0.06031096 0.06031096 0.06031096 0.06031096
 0.06031096 0.06031096 0.06031096 0.06031096 0.06031096 0.06031096]",[  0.    103.417  22.583],355.0,32,2020,9,8
"[0.08041561 0.08041561 0.08041561 0.08041561 0.08041561 0.08041561
 0.08041561 0.08041561 0.08041561 0.08041561 0.08041561 0.08041561]",[  0.    103.417  22.583],355.0,33,2020,9,8
"[0.10052025 0.10052025 0.10052025 0.10052025 0.10052025 0.10052025
 0.10052025 0.10052025 0.10052025 0.10052025 0.10052025 0.10052025]",[  0.    103.417  22.583],355.0,34,2020,9,8
"[0.9046525 0.9046525 0.9046525 0.9046525 0.9046525 0.9046525 0.9046525
 0.9046525 0.9046525 0.9046525 0.9046525 0.9046525]",[  0.    103.417  22.583],355.0,35,2020,9,8
"[1.0855824 1.0855824 1.0855824 1.0855824 1.0855824 1.0855824 1.0855824
 1.0855824 1.0855824 1.0855824 1.0855824 1.0855824]",[  0.    103.417  22.583],355.0,36,2020,9,8
"[20.666168 20.666168 20.666168 20.666168 20.666168 20.666168 20.666168
 20.666168 20.666168 20.666168 20.666168 20.666168]",[  4.9   103.417  22.583],355.0,37,2020,9,8
"[61.355186 61.355186 61.355186 61.355186 61.355186 61.355186 61.355186
 61.355186 61.355186 61.355186 61.355186 61.355186]",[  4.9   103.417  22.583],355.0,38,2020,9,8
"[75.12592 75.12592 75.12592 75.12592 75.12592 75.12592 75.12592 75.12592
 75.12592 75.12592 75.12592 75.12592]",[  4.9   103.417  22.583],355.0,39,2020,9,8
"[81.37804 81.37804 81.37804 81.37804 81.37804 81.37804 81.37804 81.37804
 81.37804 81.37804 81.37804 81.37804]",[  4.9   103.417  22.583],355.0,40,2020,9,8
"[83.95126 83.95126 83.95126 83.95126 83.95126 83.95126 83.95126 83.95126
 83.95126 83.95126 83.95126 83.95126]",[  6.3   103.417  22.583],355.0,41,2020,9,8
"[93.05804 93.05804 93.05804 93.05804 93.05804 93.05804 93.05804 93.05804
 93.05804 93.05804 93.05804 93.05804]",[  9.1   103.417  22.583],355.0,42,2020,9,8
"[116.7799 116.7799 116.7799 116.7799 116.7799 116.7799 116.7799 116.7799
 116.7799 116.7799 116.7799 116.7799]",[  9.1   103.417  22.583],355.0,43,2020,9,8
"[98.74726 98.74726 98.74726 98.74726 98.74726 98.74726 98.74726 98.74726
 98.74726 98.74726 98.74726 98.74726]",[  4.2   103.417  22.583],355.0,44,2020,9,8
"[58.058243 58.058243 58.058243 58.058243 58.058243 58.058243 58.058243
 58.058243 58.058243 58.058243 58.058243 58.058243]",[  4.2   103.417  22.583],355.0,45,2020,9,8
"[44.48853 44.48853 44.48853 44.48853 44.48853 44.48853 44.48853 44.48853
 44.48853 44.48853 44.48853 44.48853]",[  4.2   103.417  22.583],355.0,46,2020,9,8
"[38.47766 38.47766 38.47766 38.47766 38.47766 38.47766 38.47766 38.47766
 38.47766 38.47766 38.47766 38.47766]",[  2.4   103.417  22.583],355.0,7,2021,9,8
"[15.660451 15.660451 15.660451 15.660451 15.660451 15.660451 15.660451
 15.660451 15.660451 15.660451 15.660451 15.660451]",[  2.4   103.417  22.583],355.0,8,2021,9,8
"[19.118214 19.118214 19.118214 19.118214 19.118214 19.118214 19.118214
 19.118214 19.118214 19.118214 19.118214 19.118214]",[ 22.1   103.417  22.583],355.0,9,2021,9,8
"[30.53687 30.53687 30.53687 30.53687 30.53687 30.53687 30.53687 30.53687
 30.53687 30.53687 30.53687 30.53687]",[ 22.1   103.417  22.583],355.0,10,2021,9,8
"[47.28289 47.28289 47.28289 47.28289 47.28289 47.28289 47.28289 47.28289
 47.28289 47.28289 47.28289 47.28289]",[ 22.1   103.417  22.583],355.0,11,2021,9,8
"[70.60269 70.60269 70.60269 70.60269 70.60269 70.60269 70.60269 70.60269
 70.60269 70.60269 70.60269 70.60269]",[ 22.1   103.417  22.583],355.0,12,2021,9,8
"[71.22589 71.22589 71.22589 71.22589 71.22589 71.22589 71.22589 71.22589
 71.22589 71.22589 71.22589 71.22589]",[ 19.7   103.417  22.583],355.0,13,2021,9,8
"[81.76001 81.76001 81.76001 81.76001 81.76001 81.76001 81.76001 81.76001
 81.76001 81.76001 81.76001 81.76001]",[ 19.7   103.417  22.583],355.0,14,2021,9,8
"[82.34301 82.34301 82.34301 82.34301 82.34301 82.34301 82.34301 82.34301
 82.34301 82.34301 82.34301 82.34301]",[ 19.7   103.417  22.583],355.0,15,2021,9,8
"[83.62961 83.62961 83.62961 83.62961 83.62961 83.62961 83.62961 83.62961
 83.62961 83.62961 83.62961 83.62961]",[  0.    103.417  22.583],355.0,16,2021,9,8
"[72.693436 72.693436 72.693436 72.693436 72.693436 72.693436 72.693436
 72.693436 72.693436 72.693436 72.693436 72.693436]",[  0.    103.417  22.583],355.0,17,2021,9,8
"[72.00992 72.00992 72.00992 72.00992 72.00992 72.00992 72.00992 72.00992
 72.00992 72.00992 72.00992 72.00992]",[  0.    103.417  22.583],355.0,18,2021,9,8
"[61.63663 61.63663 61.63663 61.63663 61.63663 61.63663 61.63663 61.63663
 61.63663 61.63663 61.63663 61.63663]",[  0.    103.417  22.583],355.0,19,2021,9,8
"[64.12944 64.12944 64.12944 64.12944 64.12944 64.12944 64.12944 64.12944
 64.12944 64.12944 64.12944 64.12944]",[  0.    103.417  22.583],355.0,20,2021,9,8
"[54.419556 54.419556 54.419556 54.419556 54.419556 54.419556 54.419556
 54.419556 54.419556 54.419556 54.419556 54.419556]",[  0.    103.417  22.583],355.0,21,2021,9,8
"[54.76131 54.76131 54.76131 54.76131 54.76131 54.76131 54.76131 54.76131
 54.76131 54.76131 54.76131 54.76131]",[ 26.2   103.417  22.583],355.0,22,2021,9,8
"[47.52413 47.52413 47.52413 47.52413 47.52413 47.52413 47.52413 47.52413
 47.52413 47.52413 47.52413 47.52413]",[ 26.2   103.417  22.583],355.0,23,2021,9,8
"[47.463825 47.463825 47.463825 47.463825 47.463825 47.463825 47.463825
 47.463825 47.463825 47.463825 47.463825 47.463825]",[ 69.    103.417  22.583],355.0,24,2021,9,8
"[33.13019 33.13019 33.13019 33.13019 33.13019 33.13019 33.13019 33.13019
 33.13019 33.13019 33.13019 33.13019]",[ 69.    103.417  22.583],355.0,25,2021,9,8
"[20.907404 20.907404 20.907404 20.907404 20.907404 20.907404 20.907404
 20.907404 20.907404 20.907404 20.907404 20.907404]",[ 69.    103.417  22.583],355.0,26,2021,9,8
"[12.986713 12.986713 12.986713 12.986713 12.986713 12.986713 12.986713
 12.986713 12.986713 12.986713 12.986713 12.986713]",[ 69.    103.417  22.583],355.0,27,2021,9,8
"[10.152152 10.152152 10.152152 10.152152 10.152152 10.152152 10.152152
 10.152152 10.152152 10.152152 10.152152 10.152152]",[ 69.    103.417  22.583],355.0,28,2021,9,8
"[10.956282 10.956282 10.956282 10.956282 10.956282 10.956282 10.956282
 10.956282 10.956282 10.956282 10.956282 10.956282]",[ 42.8   103.417  22.583],355.0,29,2021,9,8
"[9.488744 9.488744 9.488744 9.488744 9.488744 9.488744 9.488744 9.488744
 9.488744 9.488744 9.488744 9.488744]",[ 42.8   103.417  22.583],355.0,30,2021,9,8
"[8.865541 8.865541 8.865541 8.865541 8.865541 8.865541 8.865541 8.865541
 8.865541 8.865541 8.865541 8.865541]",[  0.    103.417  22.583],355.0,31,2021,9,8
"[6.995938 6.995938 6.995938 6.995938 6.995938 6.995938 6.995938 6.995938
 6.995938 6.995938 6.995938 6.995938]",[  0.    103.417  22.583],355.0,32,2021,9,8
"[5.9505677 5.9505677 5.9505677 5.9505677 5.9505677 5.9505677 5.9505677
 5.9505677 5.9505677 5.9505677 5.9505677 5.9505677]",[  1.2   103.417  22.583],355.0,33,2021,9,8
"[5.427882 5.427882 5.427882 5.427882 5.427882 5.427882 5.427882 5.427882
 5.427882 5.427882 5.427882 5.427882]",[  1.2   103.417  22.583],355.0,34,2021,9,8
"[5.468089 5.468089 5.468089 5.468089 5.468089 5.468089 5.468089 5.468089
 5.468089 5.468089 5.468089 5.468089]",[  1.2   103.417  22.583],355.0,35,2021,9,8
"[3.5180717 3.5180717 3.5180717 3.5180717 3.5180717 3.5180717 3.5180717
 3.5180717 3.5180717 3.5180717 3.5180717 3.5180717]",[  1.2   103.417  22.583],355.0,36,2021,9,8
"[7.3577967 7.3577967 7.3577967 7.3577967 7.3577967 7.3577967 7.3577967
 7.3577967 7.3577967 7.3577967 7.3577967 7.3577967]",[  1.2   103.417  22.583],355.0,37,2021,9,8
"[7.2572794 7.2572794 7.2572794 7.2572794 7.2572794 7.2572794 7.2572794
 7.2572794 7.2572794 7.2572794 7.2572794 7.2572794]",[  1.2   103.417  22.583],355.0,38,2021,9,8
"[7.2170734 7.2170734 7.2170734 7.2170734 7.2170734 7.2170734 7.2170734
 7.2170734 7.2170734 7.2170734 7.2170734 7.2170734]",[  1.2   103.417  22.583],355.0,39,2021,9,8
"[7.2170734 7.2170734 7.2170734 7.2170734 7.2170734 7.2170734 7.2170734
 7.2170734 7.2170734 7.2170734 7.2170734 7.2170734]",[  0.    103.417  22.583],355.0,40,2021,9,8
"[7.196969 7.196969 7.196969 7.196969 7.196969 7.196969 7.196969 7.196969
 7.196969 7.196969 7.196969 7.196969]",[  0.    103.417  22.583],355.0,41,2021,9,8
"[6.252116 6.252116 6.252116 6.252116 6.252116 6.252116 6.252116 6.252116
 6.252116 6.252116 6.252116 6.252116]",[  0.    103.417  22.583],355.0,42,2021,9,8
"[4.221687 4.221687 4.221687 4.221687 4.221687 4.221687 4.221687 4.221687
 4.221687 4.221687 4.221687 4.221687]",[  0.    103.417  22.583],355.0,43,2021,9,8
"[0.42216778 0.42216778 0.42216778 0.42216778 0.42216778 0.42216778
 0.42216778 0.42216778 0.42216778 0.42216778 0.42216778 0.42216778]",[ 13.8   103.417  22.583],355.0,44,2021,9,8
"[0.20103455 0.20103455 0.20103455 0.20103455 0.20103455 0.20103455
 0.20103455 0.20103455 0.20103455 0.20103455 0.20103455 0.20103455]",[ 13.8   103.417  22.583],355.0,45,2021,9,8
"[0.2613455 0.2613455 0.2613455 0.2613455 0.2613455 0.2613455 0.2613455
 0.2613455 0.2613455 0.2613455 0.2613455 0.2613455]",[ 13.8   103.417  22.583],355.0,46,2021,9,8
"[118.53908 118.53908 118.53908 118.53908 118.53908 118.53908 118.53908
 118.53908 118.53908 118.53908 118.53908 118.53908]",[  6.3   103.417  22.583],355.0,7,2018,9,12
"[119.23542 119.23542 119.23542 119.23542 119.23542 119.23542 119.23542
 119.23542 119.23542 119.23542 119.23542 119.23542]",[  6.1   103.417  22.583],355.0,8,2018,9,12
"[112.88798 112.88798 112.88798 112.88798 112.88798 112.88798 112.88798
 112.88798 112.88798 112.88798 112.88798 112.88798]",[  6.1   103.417  22.583],355.0,9,2018,9,12
"[109.00453 109.00453 109.00453 109.00453 109.00453 109.00453 109.00453
 109.00453 109.00453 109.00453 109.00453 109.00453]",[  6.1   103.417  22.583],355.0,10,2018,9,12
"[132.27847 132.27847 132.27847 132.27847 132.27847 132.27847 132.27847
 132.27847 132.27847 132.27847 132.27847 132.27847]",[  6.1   103.417  22.583],355.0,11,2018,9,12
"[139.16156 139.16156 139.16156 139.16156 139.16156 139.16156 139.16156
 139.16156 139.16156 139.16156 139.16156 139.16156]",[  6.1   103.417  22.583],355.0,12,2018,9,12
"[81.82035 81.82035 81.82035 81.82035 81.82035 81.82035 81.82035 81.82035
 81.82035 81.82035 81.82035 81.82035]",[  2.3   103.417  22.583],355.0,13,2018,9,12
"[57.903633 57.903633 57.903633 57.903633 57.903633 57.903633 57.903633
 57.903633 57.903633 57.903633 57.903633 57.903633]",[  0.    103.417  22.583],355.0,14,2018,9,12
"[56.028866 56.028866 56.028866 56.028866 56.028866 56.028866 56.028866
 56.028866 56.028866 56.028866 56.028866 56.028866]",[  5.2   103.417  22.583],355.0,15,2018,9,12
"[63.76899 63.76899 63.76899 63.76899 63.76899 63.76899 63.76899 63.76899
 63.76899 63.76899 63.76899 63.76899]",[ 31.8   103.417  22.583],355.0,16,2018,9,12
"[63.099422 63.099422 63.099422 63.099422 63.099422 63.099422 63.099422
 63.099422 63.099422 63.099422 63.099422 63.099422]",[ 32.5   103.417  22.583],355.0,17,2018,9,12
"[40.46826 40.46826 40.46826 40.46826 40.46826 40.46826 40.46826 40.46826
 40.46826 40.46826 40.46826 40.46826]",[ 32.5   103.417  22.583],355.0,18,2018,9,12
"[28.33582 28.33582 28.33582 28.33582 28.33582 28.33582 28.33582 28.33582
 28.33582 28.33582 28.33582 28.33582]",[ 32.5   103.417  22.583],355.0,19,2018,9,12
"[24.07741 24.07741 24.07741 24.07741 24.07741 24.07741 24.07741 24.07741
 24.07741 24.07741 24.07741 24.07741]",[ 32.5   103.417  22.583],355.0,20,2018,9,12
"[23.568542 23.568542 23.568542 23.568542 23.568542 23.568542 23.568542
 23.568542 23.568542 23.568542 23.568542 23.568542]",[ 32.5   103.417  22.583],355.0,21,2018,9,12
"[22.738287 22.738287 22.738287 22.738287 22.738287 22.738287 22.738287
 22.738287 22.738287 22.738287 22.738287 22.738287]",[ 27.3   103.417  22.583],355.0,22,2018,9,12
"[14.810683 14.810683 14.810683 14.810683 14.810683 14.810683 14.810683
 14.810683 14.810683 14.810683 14.810683 14.810683]",[  0.7   103.417  22.583],355.0,23,2018,9,12
"[16.364065 16.364065 16.364065 16.364065 16.364065 16.364065 16.364065
 16.364065 16.364065 16.364065 16.364065 16.364065]",[  0.    103.417  22.583],355.0,24,2018,9,12
"[18.667355 18.667355 18.667355 18.667355 18.667355 18.667355 18.667355
 18.667355 18.667355 18.667355 18.667355 18.667355]",[  0.    103.417  22.583],355.0,25,2018,9,12
"[18.881617 18.881617 18.881617 18.881617 18.881617 18.881617 18.881617
 18.881617 18.881617 18.881617 18.881617 18.881617]",[  0.    103.417  22.583],355.0,26,2018,9,12
"[15.82842 15.82842 15.82842 15.82842 15.82842 15.82842 15.82842 15.82842
 15.82842 15.82842 15.82842 15.82842]",[  0.    103.417  22.583],355.0,27,2018,9,12
"[14.301819 14.301819 14.301819 14.301819 14.301819 14.301819 14.301819
 14.301819 14.301819 14.301819 14.301819 14.301819]",[  7.5   103.417  22.583],355.0,28,2018,9,12
"[14.998161 14.998161 14.998161 14.998161 14.998161 14.998161 14.998161
 14.998161 14.998161 14.998161 14.998161 14.998161]",[  8.9   103.417  22.583],355.0,29,2018,9,12
"[15.4266815 15.4266815 15.4266815 15.4266815 15.4266815 15.4266815
 15.4266815 15.4266815 15.4266815 15.4266815 15.4266815 15.4266815]",[  8.9   103.417  22.583],355.0,30,2018,9,12
"[11.462883 11.462883 11.462883 11.462883 11.462883 11.462883 11.462883
 11.462883 11.462883 11.462883 11.462883 11.462883]",[  8.9   103.417  22.583],355.0,31,2018,9,12
"[7.981166 7.981166 7.981166 7.981166 7.981166 7.981166 7.981166 7.981166
 7.981166 7.981166 7.981166 7.981166]",[ 10.3   103.417  22.583],355.0,32,2018,9,12
"[7.097346 7.097346 7.097346 7.097346 7.097346 7.097346 7.097346 7.097346
 7.097346 7.097346 7.097346 7.097346]",[ 10.3   103.417  22.583],355.0,33,2018,9,12
"[6.0260477 6.0260477 6.0260477 6.0260477 6.0260477 6.0260477 6.0260477
 6.0260477 6.0260477 6.0260477 6.0260477 6.0260477]",[ 10.3   103.417  22.583],355.0,34,2018,9,12
"[5.9457006 5.9457006 5.9457006 5.9457006 5.9457006 5.9457006 5.9457006
 5.9457006 5.9457006 5.9457006 5.9457006 5.9457006]",[  2.8   103.417  22.583],355.0,35,2018,9,12
"[6.1867414 6.1867414 6.1867414 6.1867414 6.1867414 6.1867414 6.1867414
 6.1867414 6.1867414 6.1867414 6.1867414 6.1867414]",[  8.4   103.417  22.583],355.0,36,2018,9,12
"[34.79039 34.79039 34.79039 34.79039 34.79039 34.79039 34.79039 34.79039
 34.79039 34.79039 34.79039 34.79039]",[  8.4   103.417  22.583],355.0,37,2018,9,12
"[39.87905 39.87905 39.87905 39.87905 39.87905 39.87905 39.87905 39.87905
 39.87905 39.87905 39.87905 39.87905]",[  8.4   103.417  22.583],355.0,38,2018,9,12
"[46.869267 46.869267 46.869267 46.869267 46.869267 46.869267 46.869267
 46.869267 46.869267 46.869267 46.869267 46.869267]",[  7.2   103.417  22.583],355.0,39,2018,9,12
"[47.003178 47.003178 47.003178 47.003178 47.003178 47.003178 47.003178
 47.003178 47.003178 47.003178 47.003178 47.003178]",[ 28.9   103.417  22.583],355.0,40,2018,9,12
"[47.056744 47.056744 47.056744 47.056744 47.056744 47.056744 47.056744
 47.056744 47.056744 47.056744 47.056744 47.056744]",[ 31.    103.417  22.583],355.0,41,2018,9,12
"[48.663692 48.663692 48.663692 48.663692 48.663692 48.663692 48.663692
 48.663692 48.663692 48.663692 48.663692 48.663692]",[ 34.5   103.417  22.583],355.0,42,2018,9,12
"[54.52905 54.52905 54.52905 54.52905 54.52905 54.52905 54.52905 54.52905
 54.52905 54.52905 54.52905 54.52905]",[ 31.5   103.417  22.583],355.0,43,2018,9,12
"[36.12951 36.12951 36.12951 36.12951 36.12951 36.12951 36.12951 36.12951
 36.12951 36.12951 36.12951 36.12951]",[ 31.5   103.417  22.583],355.0,44,2018,9,12
"[41.459213 41.459213 41.459213 41.459213 41.459213 41.459213 41.459213
 41.459213 41.459213 41.459213 41.459213 41.459213]",[ 44.6   103.417  22.583],355.0,45,2018,9,12
"[39.28984 39.28984 39.28984 39.28984 39.28984 39.28984 39.28984 39.28984
 39.28984 39.28984 39.28984 39.28984]",[ 44.4   103.417  22.583],355.0,46,2018,9,12
"[21.961601 21.961601 21.961601 21.961601 21.961601 21.961601 21.961601
 21.961601 21.961601 21.961601 21.961601 21.961601]",[  0.    103.417  22.583],355.0,7,2019,9,12
"[21.452736 21.452736 21.452736 21.452736 21.452736 21.452736 21.452736
 21.452736 21.452736 21.452736 21.452736 21.452736]",[  0.    103.417  22.583],355.0,8,2019,9,12
"[21.506298 21.506298 21.506298 21.506298 21.506298 21.506298 21.506298
 21.506298 21.506298 21.506298 21.506298 21.506298]",[  8.5   103.417  22.583],355.0,9,2019,9,12
"[24.318453 24.318453 24.318453 24.318453 24.318453 24.318453 24.318453
 24.318453 24.318453 24.318453 24.318453 24.318453]",[  8.5   103.417  22.583],355.0,10,2019,9,12
"[26.434265 26.434265 26.434265 26.434265 26.434265 26.434265 26.434265
 26.434265 26.434265 26.434265 26.434265 26.434265]",[  8.5   103.417  22.583],355.0,11,2019,9,12
"[22.97933 22.97933 22.97933 22.97933 22.97933 22.97933 22.97933 22.97933
 22.97933 22.97933 22.97933 22.97933]",[  8.5   103.417  22.583],355.0,12,2019,9,12
"[19.444048 19.444048 19.444048 19.444048 19.444048 19.444048 19.444048
 19.444048 19.444048 19.444048 19.444048 19.444048]",[  8.5   103.417  22.583],355.0,13,2019,9,12
"[10.632626 10.632626 10.632626 10.632626 10.632626 10.632626 10.632626
 10.632626 10.632626 10.632626 10.632626 10.632626]",[  8.5   103.417  22.583],355.0,14,2019,9,12
"[8.141857 8.141857 8.141857 8.141857 8.141857 8.141857 8.141857 8.141857
 8.141857 8.141857 8.141857 8.141857]",[  8.5   103.417  22.583],355.0,15,2019,9,12
"[8.248988 8.248988 8.248988 8.248988 8.248988 8.248988 8.248988 8.248988
 8.248988 8.248988 8.248988 8.248988]",[  0.    103.417  22.583],355.0,16,2019,9,12
"[5.0886602 5.0886602 5.0886602 5.0886602 5.0886602 5.0886602 5.0886602
 5.0886602 5.0886602 5.0886602 5.0886602 5.0886602]",[  0.    103.417  22.583],355.0,17,2019,9,12
"[2.8389363 2.8389363 2.8389363 2.8389363 2.8389363 2.8389363 2.8389363
 2.8389363 2.8389363 2.8389363 2.8389363 2.8389363]",[  0.    103.417  22.583],355.0,18,2019,9,12
"[2.249724 2.249724 2.249724 2.249724 2.249724 2.249724 2.249724 2.249724
 2.249724 2.249724 2.249724 2.249724]",[  0.    103.417  22.583],355.0,19,2019,9,12
"[1.4730334 1.4730334 1.4730334 1.4730334 1.4730334 1.4730334 1.4730334
 1.4730334 1.4730334 1.4730334 1.4730334 1.4730334]",[  0.    103.417  22.583],355.0,20,2019,9,12
"[1.3926864 1.3926864 1.3926864 1.3926864 1.3926864 1.3926864 1.3926864
 1.3926864 1.3926864 1.3926864 1.3926864 1.3926864]",[  0.    103.417  22.583],355.0,21,2019,9,12
"[1.285556 1.285556 1.285556 1.285556 1.285556 1.285556 1.285556 1.285556
 1.285556 1.285556 1.285556 1.285556]",[ 55.9   103.417  22.583],355.0,22,2019,9,12
"[0.5088657 0.5088657 0.5088657 0.5088657 0.5088657 0.5088657 0.5088657
 0.5088657 0.5088657 0.5088657 0.5088657 0.5088657]",[ 55.9   103.417  22.583],355.0,23,2019,9,12
"[7.338387 7.338387 7.338387 7.338387 7.338387 7.338387 7.338387 7.338387
 7.338387 7.338387 7.338387 7.338387]",[ 55.9   103.417  22.583],355.0,24,2019,9,12
"[7.874036 7.874036 7.874036 7.874036 7.874036 7.874036 7.874036 7.874036
 7.874036 7.874036 7.874036 7.874036]",[ 55.9   103.417  22.583],355.0,25,2019,9,12
"[7.9008193 7.9008193 7.9008193 7.9008193 7.9008193 7.9008193 7.9008193
 7.9008193 7.9008193 7.9008193 7.9008193 7.9008193]",[ 55.9   103.417  22.583],355.0,26,2019,9,12
"[7.9008193 7.9008193 7.9008193 7.9008193 7.9008193 7.9008193 7.9008193
 7.9008193 7.9008193 7.9008193 7.9008193 7.9008193]",[ 55.9   103.417  22.583],355.0,27,2019,9,12
"[7.9008193 7.9008193 7.9008193 7.9008193 7.9008193 7.9008193 7.9008193
 7.9008193 7.9008193 7.9008193 7.9008193 7.9008193]",[ 55.9   103.417  22.583],355.0,28,2019,9,12
"[7.847256 7.847256 7.847256 7.847256 7.847256 7.847256 7.847256 7.847256
 7.847256 7.847256 7.847256 7.847256]",[  0.    103.417  22.583],355.0,29,2019,9,12
"[7.418737 7.418737 7.418737 7.418737 7.418737 7.418737 7.418737 7.418737
 7.418737 7.418737 7.418737 7.418737]",[  0.4   103.417  22.583],355.0,30,2019,9,12
"[0.5624324 0.5624324 0.5624324 0.5624324 0.5624324 0.5624324 0.5624324
 0.5624324 0.5624324 0.5624324 0.5624324 0.5624324]",[  0.4   103.417  22.583],355.0,31,2019,9,12
"[0.02678335 0.02678335 0.02678335 0.02678335 0.02678335 0.02678335
 0.02678335 0.02678335 0.02678335 0.02678335 0.02678335 0.02678335]",[  0.4   103.417  22.583],355.0,32,2019,9,12
[0. 0. 0. 0. 0. 0. 0. 0. 0. 0. 0. 0.],[  0.4   103.417  22.583],355.0,33,2019,9,12
[0. 0. 0. 0. 0. 0. 0. 0. 0. 0. 0. 0.],[  0.4   103.417  22.583],355.0,34,2019,9,12
[0. 0. 0. 0. 0. 0. 0. 0. 0. 0. 0. 0.],[  0.4   103.417  22.583],355.0,35,2019,9,12
[0. 0. 0. 0. 0. 0. 0. 0. 0. 0. 0. 0.],[  0.4   103.417  22.583],355.0,36,2019,9,12
[0. 0. 0. 0. 0. 0. 0. 0. 0. 0. 0. 0.],[  0.    103.417  22.583],355.0,37,2019,9,12
[0. 0. 0. 0. 0. 0. 0. 0. 0. 0. 0. 0.],[  0.    103.417  22.583],355.0,38,2019,9,12
[0. 0. 0. 0. 0. 0. 0. 0. 0. 0. 0. 0.],[  0.    103.417  22.583],355.0,39,2019,9,12
"[4.7940555 4.7940555 4.7940555 4.7940555 4.7940555 4.7940555 4.7940555
 4.7940555 4.7940555 4.7940555 4.7940555 4.7940555]",[  0.    103.417  22.583],355.0,40,2019,9,12
"[6.186742 6.186742 6.186742 6.186742 6.186742 6.186742 6.186742 6.186742
 6.186742 6.186742 6.186742 6.186742]",[  0.    103.417  22.583],355.0,41,2019,9,12
"[20.997429 20.997429 20.997429 20.997429 20.997429 20.997429 20.997429
 20.997429 20.997429 20.997429 20.997429 20.997429]",[  0.    103.417  22.583],355.0,42,2019,9,12
"[23.461414 23.461414 23.461414 23.461414 23.461414 23.461414 23.461414
 23.461414 23.461414 23.461414 23.461414 23.461414]",[  0.    103.417  22.583],355.0,43,2019,9,12
"[24.961231 24.961231 24.961231 24.961231 24.961231 24.961231 24.961231
 24.961231 24.961231 24.961231 24.961231 24.961231]",[  0.    103.417  22.583],355.0,44,2019,9,12
"[29.21964 29.21964 29.21964 29.21964 29.21964 29.21964 29.21964 29.21964
 29.21964 29.21964 29.21964 29.21964]",[  0.    103.417  22.583],355.0,45,2019,9,12
"[31.469364 31.469364 31.469364 31.469364 31.469364 31.469364 31.469364
 31.469364 31.469364 31.469364 31.469364 31.469364]",[  0.    103.417  22.583],355.0,46,2019,9,12
"[71.0806 71.0806 71.0806 71.0806 71.0806 71.0806 71.0806 71.0806 71.0806
 71.0806 71.0806 71.0806]",[  0.    103.417  22.583],355.0,7,2020,9,12
"[78.60646 78.60646 78.60646 78.60646 78.60646 78.60646 78.60646 78.60646
 78.60646 78.60646 78.60646 78.60646]",[  0.    103.417  22.583],355.0,8,2020,9,12
"[83.93617 83.93617 83.93617 83.93617 83.93617 83.93617 83.93617 83.93617
 83.93617 83.93617 83.93617 83.93617]",[  2.    103.417  22.583],355.0,9,2020,9,12
"[87.873184 87.873184 87.873184 87.873184 87.873184 87.873184 87.873184
 87.873184 87.873184 87.873184 87.873184 87.873184]",[ 21.3   103.417  22.583],355.0,10,2020,9,12
"[109.64732 109.64732 109.64732 109.64732 109.64732 109.64732 109.64732
 109.64732 109.64732 109.64732 109.64732 109.64732]",[ 26.7   103.417  22.583],355.0,11,2020,9,12
"[119.79787 119.79787 119.79787 119.79787 119.79787 119.79787 119.79787
 119.79787 119.79787 119.79787 119.79787 119.79787]",[ 46.4   103.417  22.583],355.0,12,2020,9,12
"[109.75445 109.75445 109.75445 109.75445 109.75445 109.75445 109.75445
 109.75445 109.75445 109.75445 109.75445 109.75445]",[ 62.2   103.417  22.583],355.0,13,2020,9,12
"[93.97959 93.97959 93.97959 93.97959 93.97959 93.97959 93.97959 93.97959
 93.97959 93.97959 93.97959 93.97959]",[ 66.4   103.417  22.583],355.0,14,2020,9,12
"[70.08965 70.08965 70.08965 70.08965 70.08965 70.08965 70.08965 70.08965
 70.08965 70.08965 70.08965 70.08965]",[ 68.3   103.417  22.583],355.0,15,2020,9,12
"[51.850803 51.850803 51.850803 51.850803 51.850803 51.850803 51.850803
 51.850803 51.850803 51.850803 51.850803 51.850803]",[ 66.3   103.417  22.583],355.0,16,2020,9,12
"[51.77046 51.77046 51.77046 51.77046 51.77046 51.77046 51.77046 51.77046
 51.77046 51.77046 51.77046 51.77046]",[ 47.    103.417  22.583],355.0,17,2020,9,12
"[31.36224 31.36224 31.36224 31.36224 31.36224 31.36224 31.36224 31.36224
 31.36224 31.36224 31.36224 31.36224]",[ 41.6   103.417  22.583],355.0,18,2020,9,12
"[23.863155 23.863155 23.863155 23.863155 23.863155 23.863155 23.863155
 23.863155 23.863155 23.863155 23.863155 23.863155]",[ 21.9   103.417  22.583],355.0,19,2020,9,12
"[23.407854 23.407854 23.407854 23.407854 23.407854 23.407854 23.407854
 23.407854 23.407854 23.407854 23.407854 23.407854]",[  6.1   103.417  22.583],355.0,20,2020,9,12
"[33.156662 33.156662 33.156662 33.156662 33.156662 33.156662 33.156662
 33.156662 33.156662 33.156662 33.156662 33.156662]",[  1.9   103.417  22.583],355.0,21,2020,9,12
"[42.717995 42.717995 42.717995 42.717995 42.717995 42.717995 42.717995
 42.717995 42.717995 42.717995 42.717995 42.717995]",[  0.    103.417  22.583],355.0,22,2020,9,12
"[49.33326 49.33326 49.33326 49.33326 49.33326 49.33326 49.33326 49.33326
 49.33326 49.33326 49.33326 49.33326]",[  0.    103.417  22.583],355.0,23,2020,9,12
"[54.716526 54.716526 54.716526 54.716526 54.716526 54.716526 54.716526
 54.716526 54.716526 54.716526 54.716526 54.716526]",[  0.    103.417  22.583],355.0,24,2020,9,12
"[60.5551 60.5551 60.5551 60.5551 60.5551 60.5551 60.5551 60.5551 60.5551
 60.5551 60.5551 60.5551]",[  0.    103.417  22.583],355.0,25,2020,9,12
"[72.15189 72.15189 72.15189 72.15189 72.15189 72.15189 72.15189 72.15189
 72.15189 72.15189 72.15189 72.15189]",[  0.    103.417  22.583],355.0,26,2020,9,12
"[84.92712 84.92712 84.92712 84.92712 84.92712 84.92712 84.92712 84.92712
 84.92712 84.92712 84.92712 84.92712]",[  0.    103.417  22.583],355.0,27,2020,9,12
"[83.29339 83.29339 83.29339 83.29339 83.29339 83.29339 83.29339 83.29339
 83.29339 83.29339 83.29339 83.29339]",[  0.    103.417  22.583],355.0,28,2020,9,12
"[69.821815 69.821815 69.821815 69.821815 69.821815 69.821815 69.821815
 69.821815 69.821815 69.821815 69.821815 69.821815]",[  0.    103.417  22.583],355.0,29,2020,9,12
"[64.51889 64.51889 64.51889 64.51889 64.51889 64.51889 64.51889 64.51889
 64.51889 64.51889 64.51889 64.51889]",[  0.    103.417  22.583],355.0,30,2020,9,12
"[51.10089 51.10089 51.10089 51.10089 51.10089 51.10089 51.10089 51.10089
 51.10089 51.10089 51.10089 51.10089]",[  0.    103.417  22.583],355.0,31,2020,9,12
"[45.128403 45.128403 45.128403 45.128403 45.128403 45.128403 45.128403
 45.128403 45.128403 45.128403 45.128403 45.128403]",[  0.    103.417  22.583],355.0,32,2020,9,12
"[33.53161 33.53161 33.53161 33.53161 33.53161 33.53161 33.53161 33.53161
 33.53161 33.53161 33.53161 33.53161]",[  4.9   103.417  22.583],355.0,33,2020,9,12
"[18.18527 18.18527 18.18527 18.18527 18.18527 18.18527 18.18527 18.18527
 18.18527 18.18527 18.18527 18.18527]",[  4.9   103.417  22.583],355.0,34,2020,9,12
"[7.8472495 7.8472495 7.8472495 7.8472495 7.8472495 7.8472495 7.8472495
 7.8472495 7.8472495 7.8472495 7.8472495 7.8472495]",[  4.9   103.417  22.583],355.0,35,2020,9,12
"[7.5258613 7.5258613 7.5258613 7.5258613 7.5258613 7.5258613 7.5258613
 7.5258613 7.5258613 7.5258613 7.5258613 7.5258613]",[  4.9   103.417  22.583],355.0,36,2020,9,12
"[6.2403054 6.2403054 6.2403054 6.2403054 6.2403054 6.2403054 6.2403054
 6.2403054 6.2403054 6.2403054 6.2403054 6.2403054]",[  6.3   103.417  22.583],355.0,37,2020,9,12
"[6.106395 6.106395 6.106395 6.106395 6.106395 6.106395 6.106395 6.106395
 6.106395 6.106395 6.106395 6.106395]",[  9.1   103.417  22.583],355.0,38,2020,9,12
"[3.160328 3.160328 3.160328 3.160328 3.160328 3.160328 3.160328 3.160328
 3.160328 3.160328 3.160328 3.160328]",[  9.1   103.417  22.583],355.0,39,2020,9,12
"[0.02678335 0.02678335 0.02678335 0.02678335 0.02678335 0.02678335
 0.02678335 0.02678335 0.02678335 0.02678335 0.02678335 0.02678335]",[  4.2   103.417  22.583],355.0,40,2020,9,12
"[0.02678335 0.02678335 0.02678335 0.02678335 0.02678335 0.02678335
 0.02678335 0.02678335 0.02678335 0.02678335 0.02678335 0.02678335]",[  4.2   103.417  22.583],355.0,41,2020,9,12
"[0.08034706 0.08034706 0.08034706 0.08034706 0.08034706 0.08034706
 0.08034706 0.08034706 0.08034706 0.08034706 0.08034706 0.08034706]",[  4.2   103.417  22.583],355.0,42,2020,9,12
"[0.10713041 0.10713041 0.10713041 0.10713041 0.10713041 0.10713041
 0.10713041 0.10713041 0.10713041 0.10713041 0.10713041 0.10713041]",[  4.2   103.417  22.583],355.0,43,2020,9,12
"[0.08034706 0.08034706 0.08034706 0.08034706 0.08034706 0.08034706
 0.08034706 0.08034706 0.08034706 0.08034706 0.08034706 0.08034706]",[  2.8   103.417  22.583],355.0,44,2020,9,12
"[2.8121562 2.8121562 2.8121562 2.8121562 2.8121562 2.8121562 2.8121562
 2.8121562 2.8121562 2.8121562 2.8121562 2.8121562]",[  0.    103.417  22.583],355.0,45,2020,9,12
"[5.6243124 5.6243124 5.6243124 5.6243124 5.6243124 5.6243124 5.6243124
 5.6243124 5.6243124 5.6243124 5.6243124 5.6243124]",[  0.    103.417  22.583],355.0,46,2020,9,12
"[63.98325 63.98325 63.98325 63.98325 63.98325 63.98325 63.98325 63.98325
 63.98325 63.98325 63.98325 63.98325]",[ 22.1   103.417  22.583],355.0,7,2021,9,12
"[77.91012 77.91012 77.91012 77.91012 77.91012 77.91012 77.91012 77.91012
 77.91012 77.91012 77.91012 77.91012]",[ 22.1   103.417  22.583],355.0,8,2021,9,12
"[77.0263 77.0263 77.0263 77.0263 77.0263 77.0263 77.0263 77.0263 77.0263
 77.0263 77.0263 77.0263]",[ 19.7   103.417  22.583],355.0,9,2021,9,12
"[72.52685 72.52685 72.52685 72.52685 72.52685 72.52685 72.52685 72.52685
 72.52685 72.52685 72.52685 72.52685]",[ 19.7   103.417  22.583],355.0,10,2021,9,12
"[85.89128 85.89128 85.89128 85.89128 85.89128 85.89128 85.89128 85.89128
 85.89128 85.89128 85.89128 85.89128]",[ 19.7   103.417  22.583],355.0,11,2021,9,12
"[104.290825 104.290825 104.290825 104.290825 104.290825 104.290825
 104.290825 104.290825 104.290825 104.290825 104.290825 104.290825]",[  0.    103.417  22.583],355.0,12,2021,9,12
"[99.4432 99.4432 99.4432 99.4432 99.4432 99.4432 99.4432 99.4432 99.4432
 99.4432 99.4432 99.4432]",[  0.    103.417  22.583],355.0,13,2021,9,12
"[166.07791 166.07791 166.07791 166.07791 166.07791 166.07791 166.07791
 166.07791 166.07791 166.07791 166.07791 166.07791]",[  0.    103.417  22.583],355.0,14,2021,9,12
"[251.1333 251.1333 251.1333 251.1333 251.1333 251.1333 251.1333 251.1333
 251.1333 251.1333 251.1333 251.1333]",[  0.    103.417  22.583],355.0,15,2021,9,12
"[238.70625 238.70625 238.70625 238.70625 238.70625 238.70625 238.70625
 238.70625 238.70625 238.70625 238.70625 238.70625]",[  0.    103.417  22.583],355.0,16,2021,9,12
"[234.9567 234.9567 234.9567 234.9567 234.9567 234.9567 234.9567 234.9567
 234.9567 234.9567 234.9567 234.9567]",[  0.    103.417  22.583],355.0,17,2021,9,12
"[232.97481 232.97481 232.97481 232.97481 232.97481 232.97481 232.97481
 232.97481 232.97481 232.97481 232.97481 232.97481]",[ 26.2   103.417  22.583],355.0,18,2021,9,12
"[208.4421 208.4421 208.4421 208.4421 208.4421 208.4421 208.4421 208.4421
 208.4421 208.4421 208.4421 208.4421]",[ 26.2   103.417  22.583],355.0,19,2021,9,12
"[194.48842 194.48842 194.48842 194.48842 194.48842 194.48842 194.48842
 194.48842 194.48842 194.48842 194.48842 194.48842]",[ 69.    103.417  22.583],355.0,20,2021,9,12
"[121.318825 121.318825 121.318825 121.318825 121.318825 121.318825
 121.318825 121.318825 121.318825 121.318825 121.318825 121.318825]",[ 69.    103.417  22.583],355.0,21,2021,9,12
"[21.31882 21.31882 21.31882 21.31882 21.31882 21.31882 21.31882 21.31882
 21.31882 21.31882 21.31882 21.31882]",[ 69.    103.417  22.583],355.0,22,2021,9,12
"[21.024214 21.024214 21.024214 21.024214 21.024214 21.024214 21.024214
 21.024214 21.024214 21.024214 21.024214 21.024214]",[ 69.    103.417  22.583],355.0,23,2021,9,12
"[16.203375 16.203375 16.203375 16.203375 16.203375 16.203375 16.203375
 16.203375 16.203375 16.203375 16.203375 16.203375]",[ 69.    103.417  22.583],355.0,24,2021,9,12
"[2.517548 2.517548 2.517548 2.517548 2.517548 2.517548 2.517548 2.517548
 2.517548 2.517548 2.517548 2.517548]",[ 42.8   103.417  22.583],355.0,25,2021,9,12
"[1.5801638 1.5801638 1.5801638 1.5801638 1.5801638 1.5801638 1.5801638
 1.5801638 1.5801638 1.5801638 1.5801638 1.5801638]",[ 42.8   103.417  22.583],355.0,26,2021,9,12
"[2.0086856 2.0086856 2.0086856 2.0086856 2.0086856 2.0086856 2.0086856
 2.0086856 2.0086856 2.0086856 2.0086856 2.0086856]",[  0.    103.417  22.583],355.0,27,2021,9,12
"[2.9728532 2.9728532 2.9728532 2.9728532 2.9728532 2.9728532 2.9728532
 2.9728532 2.9728532 2.9728532 2.9728532 2.9728532]",[  0.    103.417  22.583],355.0,28,2021,9,12
"[3.2942414 3.2942414 3.2942414 3.2942414 3.2942414 3.2942414 3.2942414
 3.2942414 3.2942414 3.2942414 3.2942414 3.2942414]",[  1.2   103.417  22.583],355.0,29,2021,9,12
"[12.480618 12.480618 12.480618 12.480618 12.480618 12.480618 12.480618
 12.480618 12.480618 12.480618 12.480618 12.480618]",[  1.2   103.417  22.583],355.0,30,2021,9,12
"[35.21891 35.21891 35.21891 35.21891 35.21891 35.21891 35.21891 35.21891
 35.21891 35.21891 35.21891 35.21891]",[  1.2   103.417  22.583],355.0,31,2021,9,12
"[40.977135 40.977135 40.977135 40.977135 40.977135 40.977135 40.977135
 40.977135 40.977135 40.977135 40.977135 40.977135]",[  1.2   103.417  22.583],355.0,32,2021,9,12
"[40.76287 40.76287 40.76287 40.76287 40.76287 40.76287 40.76287 40.76287
 40.76287 40.76287 40.76287 40.76287]",[  1.2   103.417  22.583],355.0,33,2021,9,12
"[40.280785 40.280785 40.280785 40.280785 40.280785 40.280785 40.280785
 40.280785 40.280785 40.280785 40.280785 40.280785]",[  1.2   103.417  22.583],355.0,34,2021,9,12
"[39.61123 39.61123 39.61123 39.61123 39.61123 39.61123 39.61123 39.61123
 39.61123 39.61123 39.61123 39.61123]",[  1.2   103.417  22.583],355.0,35,2021,9,12
"[39.28984 39.28984 39.28984 39.28984 39.28984 39.28984 39.28984 39.28984
 39.28984 39.28984 39.28984 39.28984]",[  0.    103.417  22.583],355.0,36,2021,9,12
"[30.103462 30.103462 30.103462 30.103462 30.103462 30.103462 30.103462
 30.103462 30.103462 30.103462 30.103462 30.103462]",[  0.    103.417  22.583],355.0,37,2021,9,12
"[7.1241293 7.1241293 7.1241293 7.1241293 7.1241293 7.1241293 7.1241293
 7.1241293 7.1241293 7.1241293 7.1241293 7.1241293]",[  0.    103.417  22.583],355.0,38,2021,9,12
"[1.5266001 1.5266001 1.5266001 1.5266001 1.5266001 1.5266001 1.5266001
 1.5266001 1.5266001 1.5266001 1.5266001 1.5266001]",[  0.    103.417  22.583],355.0,39,2021,9,12
"[7.2580433 7.2580433 7.2580433 7.2580433 7.2580433 7.2580433 7.2580433
 7.2580433 7.2580433 7.2580433 7.2580433 7.2580433]",[ 13.8   103.417  22.583],355.0,40,2021,9,12
"[12.186012 12.186012 12.186012 12.186012 12.186012 12.186012 12.186012
 12.186012 12.186012 12.186012 12.186012 12.186012]",[ 13.8   103.417  22.583],355.0,41,2021,9,12
"[17.515717 17.515717 17.515717 17.515717 17.515717 17.515717 17.515717
 17.515717 17.515717 17.515717 17.515717 17.515717]",[ 13.8   103.417  22.583],355.0,42,2021,9,12
"[24.26489 24.26489 24.26489 24.26489 24.26489 24.26489 24.26489 24.26489
 24.26489 24.26489 24.26489 24.26489]",[ 13.8   103.417  22.583],355.0,43,2021,9,12
"[33.04953 33.04953 33.04953 33.04953 33.04953 33.04953 33.04953 33.04953
 33.04953 33.04953 33.04953 33.04953]",[ 13.8   103.417  22.583],355.0,44,2021,9,12
"[34.790386 34.790386 34.790386 34.790386 34.790386 34.790386 34.790386
 34.790386 34.790386 34.790386 34.790386 34.790386]",[ 13.8   103.417  22.583],355.0,45,2021,9,12
"[34.468998 34.468998 34.468998 34.468998 34.468998 34.468998 34.468998
 34.468998 34.468998 34.468998 34.468998 34.468998]",[ 13.8   103.417  22.583],355.0,46,2021,9,12
"[103.358955 103.358955 103.358955 103.358955 103.358955 103.358955
 103.358955 103.358955 103.358955 103.358955 103.358955 103.358955]",[  6.1   103.417  22.583],355.0,7,2018,9,15
"[113.51738 113.51738 113.51738 113.51738 113.51738 113.51738 113.51738
 113.51738 113.51738 113.51738 113.51738 113.51738]",[  6.1   103.417  22.583],355.0,8,2018,9,15
"[115.33285 115.33285 115.33285 115.33285 115.33285 115.33285 115.33285
 115.33285 115.33285 115.33285 115.33285 115.33285]",[  6.1   103.417  22.583],355.0,9,2018,9,15
"[63.622772 63.622772 63.622772 63.622772 63.622772 63.622772 63.622772
 63.622772 63.622772 63.622772 63.622772 63.622772]",[  2.3   103.417  22.583],355.0,10,2018,9,15
"[36.003273 36.003273 36.003273 36.003273 36.003273 36.003273 36.003273
 36.003273 36.003273 36.003273 36.003273 36.003273]",[  0.    103.417  22.583],355.0,11,2018,9,15
"[30.128521 30.128521 30.128521 30.128521 30.128521 30.128521 30.128521
 30.128521 30.128521 30.128521 30.128521 30.128521]",[  5.2   103.417  22.583],355.0,12,2018,9,15
"[30.760872 30.760872 30.760872 30.760872 30.760872 30.760872 30.760872
 30.760872 30.760872 30.760872 30.760872 30.760872]",[ 31.8   103.417  22.583],355.0,13,2018,9,15
"[34.922157 34.922157 34.922157 34.922157 34.922157 34.922157 34.922157
 34.922157 34.922157 34.922157 34.922157 34.922157]",[ 32.5   103.417  22.583],355.0,14,2018,9,15
"[27.08915 27.08915 27.08915 27.08915 27.08915 27.08915 27.08915 27.08915
 27.08915 27.08915 27.08915 27.08915]",[ 32.5   103.417  22.583],355.0,15,2018,9,15
"[30.046923 30.046923 30.046923 30.046923 30.046923 30.046923 30.046923
 30.046923 30.046923 30.046923 30.046923 30.046923]",[ 32.5   103.417  22.583],355.0,16,2018,9,15
"[38.532677 38.532677 38.532677 38.532677 38.532677 38.532677 38.532677
 38.532677 38.532677 38.532677 38.532677 38.532677]",[ 32.5   103.417  22.583],355.0,17,2018,9,15
"[45.08058 45.08058 45.08058 45.08058 45.08058 45.08058 45.08058 45.08058
 45.08058 45.08058 45.08058 45.08058]",[ 32.5   103.417  22.583],355.0,18,2018,9,15
"[55.320606 55.320606 55.320606 55.320606 55.320606 55.320606 55.320606
 55.320606 55.320606 55.320606 55.320606 55.320606]",[ 27.3   103.417  22.583],355.0,19,2018,9,15
"[66.19298 66.19298 66.19298 66.19298 66.19298 66.19298 66.19298 66.19298
 66.19298 66.19298 66.19298 66.19298]",[  0.7   103.417  22.583],355.0,20,2018,9,15
"[76.06583 76.06583 76.06583 76.06583 76.06583 76.06583 76.06583 76.06583
 76.06583 76.06583 76.06583 76.06583]",[  0.    103.417  22.583],355.0,21,2018,9,15
"[80.839066 80.839066 80.839066 80.839066 80.839066 80.839066 80.839066
 80.839066 80.839066 80.839066 80.839066 80.839066]",[  0.    103.417  22.583],355.0,22,2018,9,15
"[82.85851 82.85851 82.85851 82.85851 82.85851 82.85851 82.85851 82.85851
 82.85851 82.85851 82.85851 82.85851]",[  0.    103.417  22.583],355.0,23,2018,9,15
"[81.22663 81.22663 81.22663 81.22663 81.22663 81.22663 81.22663 81.22663
 81.22663 81.22663 81.22663 81.22663]",[  0.    103.417  22.583],355.0,24,2018,9,15
"[74.16877 74.16877 74.16877 74.16877 74.16877 74.16877 74.16877 74.16877
 74.16877 74.16877 74.16877 74.16877]",[  7.5   103.417  22.583],355.0,25,2018,9,15
"[73.414024 73.414024 73.414024 73.414024 73.414024 73.414024 73.414024
 73.414024 73.414024 73.414024 73.414024 73.414024]",[  8.9   103.417  22.583],355.0,26,2018,9,15
"[60.318226 60.318226 60.318226 60.318226 60.318226 60.318226 60.318226
 60.318226 60.318226 60.318226 60.318226 60.318226]",[  8.9   103.417  22.583],355.0,27,2018,9,15
"[47.406002 47.406002 47.406002 47.406002 47.406002 47.406002 47.406002
 47.406002 47.406002 47.406002 47.406002 47.406002]",[  8.9   103.417  22.583],355.0,28,2018,9,15
"[39.4914 39.4914 39.4914 39.4914 39.4914 39.4914 39.4914 39.4914 39.4914
 39.4914 39.4914 39.4914]",[ 10.3   103.417  22.583],355.0,29,2018,9,15
"[30.96485 30.96485 30.96485 30.96485 30.96485 30.96485 30.96485 30.96485
 30.96485 30.96485 30.96485 30.96485]",[ 10.3   103.417  22.583],355.0,30,2018,9,15
"[21.030804 21.030804 21.030804 21.030804 21.030804 21.030804 21.030804
 21.030804 21.030804 21.030804 21.030804 21.030804]",[ 10.3   103.417  22.583],355.0,31,2018,9,15
"[19.235743 19.235743 19.235743 19.235743 19.235743 19.235743 19.235743
 19.235743 19.235743 19.235743 19.235743 19.235743]",[  2.8   103.417  22.583],355.0,32,2018,9,15
"[4.2020826 4.2020826 4.2020826 4.2020826 4.2020826 4.2020826 4.2020826
 4.2020826 4.2020826 4.2020826 4.2020826 4.2020826]",[  8.4   103.417  22.583],355.0,33,2018,9,15
"[7.506633 7.506633 7.506633 7.506633 7.506633 7.506633 7.506633 7.506633
 7.506633 7.506633 7.506633 7.506633]",[  8.4   103.417  22.583],355.0,34,2018,9,15
"[30.679277 30.679277 30.679277 30.679277 30.679277 30.679277 30.679277
 30.679277 30.679277 30.679277 30.679277 30.679277]",[  8.4   103.417  22.583],355.0,35,2018,9,15
"[39.409817 39.409817 39.409817 39.409817 39.409817 39.409817 39.409817
 39.409817 39.409817 39.409817 39.409817 39.409817]",[  7.2   103.417  22.583],355.0,36,2018,9,15
"[42.612373 42.612373 42.612373 42.612373 42.612373 42.612373 42.612373
 42.612373 42.612373 42.612373 42.612373 42.612373]",[ 28.9   103.417  22.583],355.0,37,2018,9,15
"[55.19822 55.19822 55.19822 55.19822 55.19822 55.19822 55.19822 55.19822
 55.19822 55.19822 55.19822 55.19822]",[ 31.    103.417  22.583],355.0,38,2018,9,15
"[58.951527 58.951527 58.951527 58.951527 58.951527 58.951527 58.951527
 58.951527 58.951527 58.951527 58.951527 58.951527]",[ 34.5   103.417  22.583],355.0,39,2018,9,15
"[60.01225 60.01225 60.01225 60.01225 60.01225 60.01225 60.01225 60.01225
 60.01225 60.01225 60.01225 60.01225]",[ 31.5   103.417  22.583],355.0,40,2018,9,15
"[55.667374 55.667374 55.667374 55.667374 55.667374 55.667374 55.667374
 55.667374 55.667374 55.667374 55.667374 55.667374]",[ 31.5   103.417  22.583],355.0,41,2018,9,15
"[30.454891 30.454891 30.454891 30.454891 30.454891 30.454891 30.454891
 30.454891 30.454891 30.454891 30.454891 30.454891]",[ 44.6   103.417  22.583],355.0,42,2018,9,15
"[21.397976 21.397976 21.397976 21.397976 21.397976 21.397976 21.397976
 21.397976 21.397976 21.397976 21.397976 21.397976]",[ 44.4   103.417  22.583],355.0,43,2018,9,15
"[18.134222 18.134222 18.134222 18.134222 18.134222 18.134222 18.134222
 18.134222 18.134222 18.134222 18.134222 18.134222]",[ 22.7   103.417  22.583],355.0,44,2018,9,15
"[5.425987 5.425987 5.425987 5.425987 5.425987 5.425987 5.425987 5.425987
 5.425987 5.425987 5.425987 5.425987]",[ 20.6   103.417  22.583],355.0,45,2018,9,15
"[1.6930699 1.6930699 1.6930699 1.6930699 1.6930699 1.6930699 1.6930699
 1.6930699 1.6930699 1.6930699 1.6930699 1.6930699]",[ 17.1   103.417  22.583],355.0,46,2018,9,15
"[26.456795 26.456795 26.456795 26.456795 26.456795 26.456795 26.456795
 26.456795 26.456795 26.456795 26.456795 26.456795]",[  8.5   103.417  22.583],355.0,7,2019,9,15
"[26.681177 26.681177 26.681177 26.681177 26.681177 26.681177 26.681177
 26.681177 26.681177 26.681177 26.681177 26.681177]",[  8.5   103.417  22.583],355.0,8,2019,9,15
"[24.212963 24.212963 24.212963 24.212963 24.212963 24.212963 24.212963
 24.212963 24.212963 24.212963 24.212963 24.212963]",[  8.5   103.417  22.583],355.0,9,2019,9,15
"[22.356705 22.356705 22.356705 22.356705 22.356705 22.356705 22.356705
 22.356705 22.356705 22.356705 22.356705 22.356705]",[  8.5   103.417  22.583],355.0,10,2019,9,15
"[10.342014 10.342014 10.342014 10.342014 10.342014 10.342014 10.342014
 10.342014 10.342014 10.342014 10.342014 10.342014]",[  8.5   103.417  22.583],355.0,11,2019,9,15
"[5.527979 5.527979 5.527979 5.527979 5.527979 5.527979 5.527979 5.527979
 5.527979 5.527979 5.527979 5.527979]",[  8.5   103.417  22.583],355.0,12,2019,9,15
"[1.1627108 1.1627108 1.1627108 1.1627108 1.1627108 1.1627108 1.1627108
 1.1627108 1.1627108 1.1627108 1.1627108 1.1627108]",[  0.    103.417  22.583],355.0,13,2019,9,15
"[0.32637417 0.32637417 0.32637417 0.32637417 0.32637417 0.32637417
 0.32637417 0.32637417 0.32637417 0.32637417 0.32637417 0.32637417]",[  0.    103.417  22.583],355.0,14,2019,9,15
"[0.0407964 0.0407964 0.0407964 0.0407964 0.0407964 0.0407964 0.0407964
 0.0407964 0.0407964 0.0407964 0.0407964 0.0407964]",[  0.    103.417  22.583],355.0,15,2019,9,15
"[0.8975327 0.8975327 0.8975327 0.8975327 0.8975327 0.8975327 0.8975327
 0.8975327 0.8975327 0.8975327 0.8975327 0.8975327]",[  0.    103.417  22.583],355.0,16,2019,9,15
"[1.285103 1.285103 1.285103 1.285103 1.285103 1.285103 1.285103 1.285103
 1.285103 1.285103 1.285103 1.285103]",[  0.    103.417  22.583],355.0,17,2019,9,15
"[5.997145 5.997145 5.997145 5.997145 5.997145 5.997145 5.997145 5.997145
 5.997145 5.997145 5.997145 5.997145]",[  0.    103.417  22.583],355.0,18,2019,9,15
"[8.2613735 8.2613735 8.2613735 8.2613735 8.2613735 8.2613735 8.2613735
 8.2613735 8.2613735 8.2613735 8.2613735 8.2613735]",[ 55.9   103.417  22.583],355.0,19,2019,9,15
"[9.464881 9.464881 9.464881 9.464881 9.464881 9.464881 9.464881 9.464881
 9.464881 9.464881 9.464881 9.464881]",[ 55.9   103.417  22.583],355.0,20,2019,9,15
"[11.219147 11.219147 11.219147 11.219147 11.219147 11.219147 11.219147
 11.219147 11.219147 11.219147 11.219147 11.219147]",[ 55.9   103.417  22.583],355.0,21,2019,9,15
"[12.932616 12.932616 12.932616 12.932616 12.932616 12.932616 12.932616
 12.932616 12.932616 12.932616 12.932616 12.932616]",[ 55.9   103.417  22.583],355.0,22,2019,9,15
"[14.074927 14.074927 14.074927 14.074927 14.074927 14.074927 14.074927
 14.074927 14.074927 14.074927 14.074927 14.074927]",[ 55.9   103.417  22.583],355.0,23,2019,9,15
"[14.544093 14.544093 14.544093 14.544093 14.544093 14.544093 14.544093
 14.544093 14.544093 14.544093 14.544093 14.544093]",[ 55.9   103.417  22.583],355.0,24,2019,9,15
"[11.647513 11.647513 11.647513 11.647513 11.647513 11.647513 11.647513
 11.647513 11.647513 11.647513 11.647513 11.647513]",[ 55.9   103.417  22.583],355.0,25,2019,9,15
"[11.647513 11.647513 11.647513 11.647513 11.647513 11.647513 11.647513
 11.647513 11.647513 11.647513 11.647513 11.647513]",[  0.    103.417  22.583],355.0,26,2019,9,15
"[11.545524 11.545524 11.545524 11.545524 11.545524 11.545524 11.545524
 11.545524 11.545524 11.545524 11.545524 11.545524]",[  0.4   103.417  22.583],355.0,27,2019,9,15
"[14.11573 14.11573 14.11573 14.11573 14.11573 14.11573 14.11573 14.11573
 14.11573 14.11573 14.11573 14.11573]",[  0.4   103.417  22.583],355.0,28,2019,9,15
"[12.443056 12.443056 12.443056 12.443056 12.443056 12.443056 12.443056
 12.443056 12.443056 12.443056 12.443056 12.443056]",[  0.4   103.417  22.583],355.0,29,2019,9,15
"[10.44401 10.44401 10.44401 10.44401 10.44401 10.44401 10.44401 10.44401
 10.44401 10.44401 10.44401 10.44401]",[  0.4   103.417  22.583],355.0,30,2019,9,15
"[9.587273 9.587273 9.587273 9.587273 9.587273 9.587273 9.587273 9.587273
 9.587273 9.587273 9.587273 9.587273]",[  0.4   103.417  22.583],355.0,31,2019,9,15
"[7.812607 7.812607 7.812607 7.812607 7.812607 7.812607 7.812607 7.812607
 7.812607 7.812607 7.812607 7.812607]",[  0.4   103.417  22.583],355.0,32,2019,9,15
"[5.6299744 5.6299744 5.6299744 5.6299744 5.6299744 5.6299744 5.6299744
 5.6299744 5.6299744 5.6299744 5.6299744 5.6299744]",[  0.4   103.417  22.583],355.0,33,2019,9,15
"[6.4255114 6.4255114 6.4255114 6.4255114 6.4255114 6.4255114 6.4255114
 6.4255114 6.4255114 6.4255114 6.4255114 6.4255114]",[  0.    103.417  22.583],355.0,34,2019,9,15
"[5.099612 5.099612 5.099612 5.099612 5.099612 5.099612 5.099612 5.099612
 5.099612 5.099612 5.099612 5.099612]",[  0.    103.417  22.583],355.0,35,2019,9,15
"[5.323997 5.323997 5.323997 5.323997 5.323997 5.323997 5.323997 5.323997
 5.323997 5.323997 5.323997 5.323997]",[  0.    103.417  22.583],355.0,36,2019,9,15
"[9.322095 9.322095 9.322095 9.322095 9.322095 9.322095 9.322095 9.322095
 9.322095 9.322095 9.322095 9.322095]",[  0.    103.417  22.583],355.0,37,2019,9,15
"[10.097236 10.097236 10.097236 10.097236 10.097236 10.097236 10.097236
 10.097236 10.097236 10.097236 10.097236 10.097236]",[  0.    103.417  22.583],355.0,38,2019,9,15
"[10.913176 10.913176 10.913176 10.913176 10.913176 10.913176 10.913176
 10.913176 10.913176 10.913176 10.913176 10.913176]",[  0.    103.417  22.583],355.0,39,2019,9,15
"[11.749513 11.749513 11.749513 11.749513 11.749513 11.749513 11.749513
 11.749513 11.749513 11.749513 11.749513 11.749513]",[  0.    103.417  22.583],355.0,40,2019,9,15
"[11.953497 11.953497 11.953497 11.953497 11.953497 11.953497 11.953497
 11.953497 11.953497 11.953497 11.953497 11.953497]",[  0.    103.417  22.583],355.0,41,2019,9,15
"[16.68594 16.68594 16.68594 16.68594 16.68594 16.68594 16.68594 16.68594
 16.68594 16.68594 16.68594 16.68594]",[  0.    103.417  22.583],355.0,42,2019,9,15
"[20.60244 20.60244 20.60244 20.60244 20.60244 20.60244 20.60244 20.60244
 20.60244 20.60244 20.60244 20.60244]",[  0.    103.417  22.583],355.0,43,2019,9,15
"[18.399406 18.399406 18.399406 18.399406 18.399406 18.399406 18.399406
 18.399406 18.399406 18.399406 18.399406 18.399406]",[  0.    103.417  22.583],355.0,44,2019,9,15
"[18.88897 18.88897 18.88897 18.88897 18.88897 18.88897 18.88897 18.88897
 18.88897 18.88897 18.88897 18.88897]",[  0.    103.417  22.583],355.0,45,2019,9,15
"[18.827772 18.827772 18.827772 18.827772 18.827772 18.827772 18.827772
 18.827772 18.827772 18.827772 18.827772 18.827772]",[  0.    103.417  22.583],355.0,46,2019,9,15
"[125.838066 125.838066 125.838066 125.838066 125.838066 125.838066
 125.838066 125.838066 125.838066 125.838066 125.838066 125.838066]",[ 21.3   103.417  22.583],355.0,7,2020,9,15
"[129.2038 129.2038 129.2038 129.2038 129.2038 129.2038 129.2038 129.2038
 129.2038 129.2038 129.2038 129.2038]",[ 26.7   103.417  22.583],355.0,8,2020,9,15
"[129.04062 129.04062 129.04062 129.04062 129.04062 129.04062 129.04062
 129.04062 129.04062 129.04062 129.04062 129.04062]",[ 46.4   103.417  22.583],355.0,9,2020,9,15
"[104.46048 104.46048 104.46048 104.46048 104.46048 104.46048 104.46048
 104.46048 104.46048 104.46048 104.46048 104.46048]",[ 62.2   103.417  22.583],355.0,10,2020,9,15
"[68.885574 68.885574 68.885574 68.885574 68.885574 68.885574 68.885574
 68.885574 68.885574 68.885574 68.885574 68.885574]",[ 66.4   103.417  22.583],355.0,11,2020,9,15
"[48.793102 48.793102 48.793102 48.793102 48.793102 48.793102 48.793102
 48.793102 48.793102 48.793102 48.793102 48.793102]",[ 68.3   103.417  22.583],355.0,12,2020,9,15
"[44.223846 44.223846 44.223846 44.223846 44.223846 44.223846 44.223846
 44.223846 44.223846 44.223846 44.223846 44.223846]",[ 66.3   103.417  22.583],355.0,13,2020,9,15
"[40.511326 40.511326 40.511326 40.511326 40.511326 40.511326 40.511326
 40.511326 40.511326 40.511326 40.511326 40.511326]",[ 47.    103.417  22.583],355.0,14,2020,9,15
"[30.964851 30.964851 30.964851 30.964851 30.964851 30.964851 30.964851
 30.964851 30.964851 30.964851 30.964851 30.964851]",[ 41.6   103.417  22.583],355.0,15,2020,9,15
"[25.028902 25.028902 25.028902 25.028902 25.028902 25.028902 25.028902
 25.028902 25.028902 25.028902 25.028902 25.028902]",[ 21.9   103.417  22.583],355.0,16,2020,9,15
"[34.79976 34.79976 34.79976 34.79976 34.79976 34.79976 34.79976 34.79976
 34.79976 34.79976 34.79976 34.79976]",[  6.1   103.417  22.583],355.0,17,2020,9,15
"[49.71103 49.71103 49.71103 49.71103 49.71103 49.71103 49.71103 49.71103
 49.71103 49.71103 49.71103 49.71103]",[  1.9   103.417  22.583],355.0,18,2020,9,15
"[45.651737 45.651737 45.651737 45.651737 45.651737 45.651737 45.651737
 45.651737 45.651737 45.651737 45.651737 45.651737]",[  0.    103.417  22.583],355.0,19,2020,9,15
"[33.147488 33.147488 33.147488 33.147488 33.147488 33.147488 33.147488
 33.147488 33.147488 33.147488 33.147488 33.147488]",[  0.    103.417  22.583],355.0,20,2020,9,15
"[31.801186 31.801186 31.801186 31.801186 31.801186 31.801186 31.801186
 31.801186 31.801186 31.801186 31.801186 31.801186]",[  0.    103.417  22.583],355.0,21,2020,9,15
"[31.311623 31.311623 31.311623 31.311623 31.311623 31.311623 31.311623
 31.311623 31.311623 31.311623 31.311623 31.311623]",[  0.    103.417  22.583],355.0,22,2020,9,15
"[29.088192 29.088192 29.088192 29.088192 29.088192 29.088192 29.088192
 29.088192 29.088192 29.088192 29.088192 29.088192]",[  0.    103.417  22.583],355.0,23,2020,9,15
"[18.542194 18.542194 18.542194 18.542194 18.542194 18.542194 18.542194
 18.542194 18.542194 18.542194 18.542194 18.542194]",[  0.    103.417  22.583],355.0,24,2020,9,15
"[3.1821609 3.1821609 3.1821609 3.1821609 3.1821609 3.1821609 3.1821609
 3.1821609 3.1821609 3.1821609 3.1821609 3.1821609]",[  0.    103.417  22.583],355.0,25,2020,9,15
"[0.06119609 0.06119609 0.06119609 0.06119609 0.06119609 0.06119609
 0.06119609 0.06119609 0.06119609 0.06119609 0.06119609 0.06119609]",[  0.    103.417  22.583],355.0,26,2020,9,15
"[1.1219144 1.1219144 1.1219144 1.1219144 1.1219144 1.1219144 1.1219144
 1.1219144 1.1219144 1.1219144 1.1219144 1.1219144]",[  0.    103.417  22.583],355.0,27,2020,9,15
"[12.443054 12.443054 12.443054 12.443054 12.443054 12.443054 12.443054
 12.443054 12.443054 12.443054 12.443054 12.443054]",[  0.    103.417  22.583],355.0,28,2020,9,15
"[15.95159 15.95159 15.95159 15.95159 15.95159 15.95159 15.95159 15.95159
 15.95159 15.95159 15.95159 15.95159]",[  0.    103.417  22.583],355.0,29,2020,9,15
"[17.583466 17.583466 17.583466 17.583466 17.583466 17.583466 17.583466
 17.583466 17.583466 17.583466 17.583466 17.583466]",[  4.9   103.417  22.583],355.0,30,2020,9,15
"[17.685457 17.685457 17.685457 17.685457 17.685457 17.685457 17.685457
 17.685457 17.685457 17.685457 17.685457 17.685457]",[  4.9   103.417  22.583],355.0,31,2020,9,15
"[17.685457 17.685457 17.685457 17.685457 17.685457 17.685457 17.685457
 17.685457 17.685457 17.685457 17.685457 17.685457]",[  4.9   103.417  22.583],355.0,32,2020,9,15
"[17.950638 17.950638 17.950638 17.950638 17.950638 17.950638 17.950638
 17.950638 17.950638 17.950638 17.950638 17.950638]",[  4.9   103.417  22.583],355.0,33,2020,9,15
"[17.03271 17.03271 17.03271 17.03271 17.03271 17.03271 17.03271 17.03271
 17.03271 17.03271 17.03271 17.03271]",[  6.3   103.417  22.583],355.0,34,2020,9,15
"[15.033663 15.033663 15.033663 15.033663 15.033663 15.033663 15.033663
 15.033663 15.033663 15.033663 15.033663 15.033663]",[  9.1   103.417  22.583],355.0,35,2020,9,15
"[12.463456 12.463456 12.463456 12.463456 12.463456 12.463456 12.463456
 12.463456 12.463456 12.463456 12.463456 12.463456]",[  9.1   103.417  22.583],355.0,36,2020,9,15
"[24.804518 24.804518 24.804518 24.804518 24.804518 24.804518 24.804518
 24.804518 24.804518 24.804518 24.804518 24.804518]",[  4.2   103.417  22.583],355.0,37,2020,9,15
"[72.190125 72.190125 72.190125 72.190125 72.190125 72.190125 72.190125
 72.190125 72.190125 72.190125 72.190125 72.190125]",[  4.2   103.417  22.583],355.0,38,2020,9,15
"[111.355156 111.355156 111.355156 111.355156 111.355156 111.355156
 111.355156 111.355156 111.355156 111.355156 111.355156 111.355156]",[  4.2   103.417  22.583],355.0,39,2020,9,15
"[114.31293 114.31293 114.31293 114.31293 114.31293 114.31293 114.31293
 114.31293 114.31293 114.31293 114.31293 114.31293]",[  4.2   103.417  22.583],355.0,40,2020,9,15
"[114.12935 114.12935 114.12935 114.12935 114.12935 114.12935 114.12935
 114.12935 114.12935 114.12935 114.12935 114.12935]",[  2.8   103.417  22.583],355.0,41,2020,9,15
"[104.80725 104.80725 104.80725 104.80725 104.80725 104.80725 104.80725
 104.80725 104.80725 104.80725 104.80725 104.80725]",[  0.    103.417  22.583],355.0,42,2020,9,15
"[103.86892 103.86892 103.86892 103.86892 103.86892 103.86892 103.86892
 103.86892 103.86892 103.86892 103.86892 103.86892]",[  0.    103.417  22.583],355.0,43,2020,9,15
"[89.89599 89.89599 89.89599 89.89599 89.89599 89.89599 89.89599 89.89599
 89.89599 89.89599 89.89599 89.89599]",[  0.    103.417  22.583],355.0,44,2020,9,15
"[42.938744 42.938744 42.938744 42.938744 42.938744 42.938744 42.938744
 42.938744 42.938744 42.938744 42.938744 42.938744]",[  0.    103.417  22.583],355.0,45,2020,9,15
"[3.855306 3.855306 3.855306 3.855306 3.855306 3.855306 3.855306 3.855306
 3.855306 3.855306 3.855306 3.855306]",[  0.    103.417  22.583],355.0,46,2020,9,15
"[39.165024 39.165024 39.165024 39.165024 39.165024 39.165024 39.165024
 39.165024 39.165024 39.165024 39.165024 39.165024]",[ 19.7   103.417  22.583],355.0,7,2021,9,15
"[38.512276 38.512276 38.512276 38.512276 38.512276 38.512276 38.512276
 38.512276 38.512276 38.512276 38.512276 38.512276]",[ 19.7   103.417  22.583],355.0,8,2021,9,15
"[38.2471 38.2471 38.2471 38.2471 38.2471 38.2471 38.2471 38.2471 38.2471
 38.2471 38.2471 38.2471]",[  0.    103.417  22.583],355.0,9,2021,9,15
"[34.82016 34.82016 34.82016 34.82016 34.82016 34.82016 34.82016 34.82016
 34.82016 34.82016 34.82016 34.82016]",[  0.    103.417  22.583],355.0,10,2021,9,15
"[52.89319 52.89319 52.89319 52.89319 52.89319 52.89319 52.89319 52.89319
 52.89319 52.89319 52.89319 52.89319]",[  0.    103.417  22.583],355.0,11,2021,9,15
"[56.197735 56.197735 56.197735 56.197735 56.197735 56.197735 56.197735
 56.197735 56.197735 56.197735 56.197735 56.197735]",[  0.    103.417  22.583],355.0,12,2021,9,15
"[57.89081 57.89081 57.89081 57.89081 57.89081 57.89081 57.89081 57.89081
 57.89081 57.89081 57.89081 57.89081]",[  0.    103.417  22.583],355.0,13,2021,9,15
"[55.52459 55.52459 55.52459 55.52459 55.52459 55.52459 55.52459 55.52459
 55.52459 55.52459 55.52459 55.52459]",[  0.    103.417  22.583],355.0,14,2021,9,15
"[53.52554 53.52554 53.52554 53.52554 53.52554 53.52554 53.52554 53.52554
 53.52554 53.52554 53.52554 53.52554]",[ 26.2   103.417  22.583],355.0,15,2021,9,15
"[56.01415 56.01415 56.01415 56.01415 56.01415 56.01415 56.01415 56.01415
 56.01415 56.01415 56.01415 56.01415]",[ 26.2   103.417  22.583],355.0,16,2021,9,15
"[58.584354 58.584354 58.584354 58.584354 58.584354 58.584354 58.584354
 58.584354 58.584354 58.584354 58.584354 58.584354]",[ 69.    103.417  22.583],355.0,17,2021,9,15
"[38.34909 38.34909 38.34909 38.34909 38.34909 38.34909 38.34909 38.34909
 38.34909 38.34909 38.34909 38.34909]",[ 69.    103.417  22.583],355.0,18,2021,9,15
"[25.538862 25.538862 25.538862 25.538862 25.538862 25.538862 25.538862
 25.538862 25.538862 25.538862 25.538862 25.538862]",[ 69.    103.417  22.583],355.0,19,2021,9,15
"[20.214867 20.214867 20.214867 20.214867 20.214867 20.214867 20.214867
 20.214867 20.214867 20.214867 20.214867 20.214867]",[ 69.    103.417  22.583],355.0,20,2021,9,15
"[17.297888 17.297888 17.297888 17.297888 17.297888 17.297888 17.297888
 17.297888 17.297888 17.297888 17.297888 17.297888]",[ 69.    103.417  22.583],355.0,21,2021,9,15
"[14.952067 14.952067 14.952067 14.952067 14.952067 14.952067 14.952067
 14.952067 14.952067 14.952067 14.952067 14.952067]",[ 42.8   103.417  22.583],355.0,22,2021,9,15
"[8.118585 8.118585 8.118585 8.118585 8.118585 8.118585 8.118585 8.118585
 8.118585 8.118585 8.118585 8.118585]",[ 42.8   103.417  22.583],355.0,23,2021,9,15
"[0.59155524 0.59155524 0.59155524 0.59155524 0.59155524 0.59155524
 0.59155524 0.59155524 0.59155524 0.59155524 0.59155524 0.59155524]",[  0.    103.417  22.583],355.0,24,2021,9,15
"[7.8534036 7.8534036 7.8534036 7.8534036 7.8534036 7.8534036 7.8534036
 7.8534036 7.8534036 7.8534036 7.8534036 7.8534036]",[  0.    103.417  22.583],355.0,25,2021,9,15
"[9.301695 9.301695 9.301695 9.301695 9.301695 9.301695 9.301695 9.301695
 9.301695 9.301695 9.301695 9.301695]",[  1.2   103.417  22.583],355.0,26,2021,9,15
"[16.114777 16.114777 16.114777 16.114777 16.114777 16.114777 16.114777
 16.114777 16.114777 16.114777 16.114777 16.114777]",[  1.2   103.417  22.583],355.0,27,2021,9,15
"[38.818256 38.818256 38.818256 38.818256 38.818256 38.818256 38.818256
 38.818256 38.818256 38.818256 38.818256 38.818256]",[  1.2   103.417  22.583],355.0,28,2021,9,15
"[39.16503 39.16503 39.16503 39.16503 39.16503 39.16503 39.16503 39.16503
 39.16503 39.16503 39.16503 39.16503]",[  1.2   103.417  22.583],355.0,29,2021,9,15
"[39.16503 39.16503 39.16503 39.16503 39.16503 39.16503 39.16503 39.16503
 39.16503 39.16503 39.16503 39.16503]",[  1.2   103.417  22.583],355.0,30,2021,9,15
"[39.16503 39.16503 39.16503 39.16503 39.16503 39.16503 39.16503 39.16503
 39.16503 39.16503 39.16503 39.16503]",[  1.2   103.417  22.583],355.0,31,2021,9,15
"[31.474813 31.474813 31.474813 31.474813 31.474813 31.474813 31.474813
 31.474813 31.474813 31.474813 31.474813 31.474813]",[  1.2   103.417  22.583],355.0,32,2021,9,15
"[29.985727 29.985727 29.985727 29.985727 29.985727 29.985727 29.985727
 29.985727 29.985727 29.985727 29.985727 29.985727]",[  0.    103.417  22.583],355.0,33,2021,9,15
"[23.152245 23.152245 23.152245 23.152245 23.152245 23.152245 23.152245
 23.152245 23.152245 23.152245 23.152245 23.152245]",[  0.    103.417  22.583],355.0,34,2021,9,15
"[0.34677386 0.34677386 0.34677386 0.34677386 0.34677386 0.34677386
 0.34677386 0.34677386 0.34677386 0.34677386 0.34677386 0.34677386]",[  0.    103.417  22.583],355.0,35,2021,9,15
[0. 0. 0. 0. 0. 0. 0. 0. 0. 0. 0. 0.],[  0.    103.417  22.583],355.0,36,2021,9,15
[0. 0. 0. 0. 0. 0. 0. 0. 0. 0. 0. 0.],[ 13.8   103.417  22.583],355.0,37,2021,9,15
[0. 0. 0. 0. 0. 0. 0. 0. 0. 0. 0. 0.],[ 13.8   103.417  22.583],355.0,38,2021,9,15
[0. 0. 0. 0. 0. 0. 0. 0. 0. 0. 0. 0.],[ 13.8   103.417  22.583],355.0,39,2021,9,15
"[0.0407964 0.0407964 0.0407964 0.0407964 0.0407964 0.0407964 0.0407964
 0.0407964 0.0407964 0.0407964 0.0407964 0.0407964]",[ 13.8   103.417  22.583],355.0,40,2021,9,15
"[0.0407964 0.0407964 0.0407964 0.0407964 0.0407964 0.0407964 0.0407964
 0.0407964 0.0407964 0.0407964 0.0407964 0.0407964]",[ 13.8   103.417  22.583],355.0,41,2021,9,15
"[0.0407964 0.0407964 0.0407964 0.0407964 0.0407964 0.0407964 0.0407964
 0.0407964 0.0407964 0.0407964 0.0407964 0.0407964]",[ 13.8   103.417  22.583],355.0,42,2021,9,15
"[0.0407964 0.0407964 0.0407964 0.0407964 0.0407964 0.0407964 0.0407964
 0.0407964 0.0407964 0.0407964 0.0407964 0.0407964]",[ 13.8   103.417  22.583],355.0,43,2021,9,15
"[0.0407964 0.0407964 0.0407964 0.0407964 0.0407964 0.0407964 0.0407964
 0.0407964 0.0407964 0.0407964 0.0407964 0.0407964]",[  0.    103.417  22.583],355.0,44,2021,9,15
"[0.44876635 0.44876635 0.44876635 0.44876635 0.44876635 0.44876635
 0.44876635 0.44876635 0.44876635 0.44876635 0.44876635 0.44876635]",[  0.    103.417  22.583],355.0,45,2021,9,15
"[2.549806 2.549806 2.549806 2.549806 2.549806 2.549806 2.549806 2.549806
 2.549806 2.549806 2.549806 2.549806]",[ 17.5   103.417  22.583],355.0,46,2021,9,15
"[16.219376 16.219376 16.219376 16.219376 16.219376 16.219376 16.219376
 16.219376 16.219376 16.219376 16.219376 16.219376]",[  0.    103.417  22.583],355.0,7,2018,9,19
"[18.58769 18.58769 18.58769 18.58769 18.58769 18.58769 18.58769 18.58769
 18.58769 18.58769 18.58769 18.58769]",[  5.2   103.417  22.583],355.0,8,2018,9,19
"[28.563328 28.563328 28.563328 28.563328 28.563328 28.563328 28.563328
 28.563328 28.563328 28.563328 28.563328 28.563328]",[ 31.8   103.417  22.583],355.0,9,2018,9,19
"[35.548664 35.548664 35.548664 35.548664 35.548664 35.548664 35.548664
 35.548664 35.548664 35.548664 35.548664 35.548664]",[ 32.5   103.417  22.583],355.0,10,2018,9,19
"[37.82129 37.82129 37.82129 37.82129 37.82129 37.82129 37.82129 37.82129
 37.82129 37.82129 37.82129 37.82129]",[ 32.5   103.417  22.583],355.0,11,2018,9,19
"[35.62043 35.62043 35.62043 35.62043 35.62043 35.62043 35.62043 35.62043
 35.62043 35.62043 35.62043 35.62043]",[ 32.5   103.417  22.583],355.0,12,2018,9,19
"[63.94454 63.94454 63.94454 63.94454 63.94454 63.94454 63.94454 63.94454
 63.94454 63.94454 63.94454 63.94454]",[ 32.5   103.417  22.583],355.0,13,2018,9,19
"[62.891953 62.891953 62.891953 62.891953 62.891953 62.891953 62.891953
 62.891953 62.891953 62.891953 62.891953 62.891953]",[ 32.5   103.417  22.583],355.0,14,2018,9,19
"[58.466316 58.466316 58.466316 58.466316 58.466316 58.466316 58.466316
 58.466316 58.466316 58.466316 58.466316 58.466316]",[ 27.3   103.417  22.583],355.0,15,2018,9,19
"[47.055336 47.055336 47.055336 47.055336 47.055336 47.055336 47.055336
 47.055336 47.055336 47.055336 47.055336 47.055336]",[  0.7   103.417  22.583],355.0,16,2018,9,19
"[44.30426 44.30426 44.30426 44.30426 44.30426 44.30426 44.30426 44.30426
 44.30426 44.30426 44.30426 44.30426]",[  0.    103.417  22.583],355.0,17,2018,9,19
"[45.524303 45.524303 45.524303 45.524303 45.524303 45.524303 45.524303
 45.524303 45.524303 45.524303 45.524303 45.524303]",[  0.    103.417  22.583],355.0,18,2018,9,19
"[45.883137 45.883137 45.883137 45.883137 45.883137 45.883137 45.883137
 45.883137 45.883137 45.883137 45.883137 45.883137]",[  0.    103.417  22.583],355.0,19,2018,9,19
"[17.080584 17.080584 17.080584 17.080584 17.080584 17.080584 17.080584
 17.080584 17.080584 17.080584 17.080584 17.080584]",[  0.    103.417  22.583],355.0,20,2018,9,19
"[17.391575 17.391575 17.391575 17.391575 17.391575 17.391575 17.391575
 17.391575 17.391575 17.391575 17.391575 17.391575]",[  7.5   103.417  22.583],355.0,21,2018,9,19
"[15.334248 15.334248 15.334248 15.334248 15.334248 15.334248 15.334248
 15.334248 15.334248 15.334248 15.334248 15.334248]",[  8.9   103.417  22.583],355.0,22,2018,9,19
"[17.96571 17.96571 17.96571 17.96571 17.96571 17.96571 17.96571 17.96571
 17.96571 17.96571 17.96571 17.96571]",[  8.9   103.417  22.583],355.0,23,2018,9,19
"[19.090063 19.090063 19.090063 19.090063 19.090063 19.090063 19.090063
 19.090063 19.090063 19.090063 19.090063 19.090063]",[  8.9   103.417  22.583],355.0,24,2018,9,19
"[19.568508 19.568508 19.568508 19.568508 19.568508 19.568508 19.568508
 19.568508 19.568508 19.568508 19.568508 19.568508]",[ 10.3   103.417  22.583],355.0,25,2018,9,19
"[19.281443 19.281443 19.281443 19.281443 19.281443 19.281443 19.281443
 19.281443 19.281443 19.281443 19.281443 19.281443]",[ 10.3   103.417  22.583],355.0,26,2018,9,19
"[18.204935 18.204935 18.204935 18.204935 18.204935 18.204935 18.204935
 18.204935 18.204935 18.204935 18.204935 18.204935]",[ 10.3   103.417  22.583],355.0,27,2018,9,19
"[17.271963 17.271963 17.271963 17.271963 17.271963 17.271963 17.271963
 17.271963 17.271963 17.271963 17.271963 17.271963]",[  2.8   103.417  22.583],355.0,28,2018,9,19
"[17.176275 17.176275 17.176275 17.176275 17.176275 17.176275 17.176275
 17.176275 17.176275 17.176275 17.176275 17.176275]",[  8.4   103.417  22.583],355.0,29,2018,9,19
"[15.788777 15.788777 15.788777 15.788777 15.788777 15.788777 15.788777
 15.788777 15.788777 15.788777 15.788777 15.788777]",[  8.4   103.417  22.583],355.0,30,2018,9,19
"[14.999337 14.999337 14.999337 14.999337 14.999337 14.999337 14.999337
 14.999337 14.999337 14.999337 14.999337 14.999337]",[  8.4   103.417  22.583],355.0,31,2018,9,19
"[12.487486 12.487486 12.487486 12.487486 12.487486 12.487486 12.487486
 12.487486 12.487486 12.487486 12.487486 12.487486]",[  7.2   103.417  22.583],355.0,32,2018,9,19
"[17.224117 17.224117 17.224117 17.224117 17.224117 17.224117 17.224117
 17.224117 17.224117 17.224117 17.224117 17.224117]",[ 28.9   103.417  22.583],355.0,33,2018,9,19
"[21.793295 21.793295 21.793295 21.793295 21.793295 21.793295 21.793295
 21.793295 21.793295 21.793295 21.793295 21.793295]",[ 31.    103.417  22.583],355.0,34,2018,9,19
"[24.448677 24.448677 24.448677 24.448677 24.448677 24.448677 24.448677
 24.448677 24.448677 24.448677 24.448677 24.448677]",[ 34.5   103.417  22.583],355.0,35,2018,9,19
"[24.759668 24.759668 24.759668 24.759668 24.759668 24.759668 24.759668
 24.759668 24.759668 24.759668 24.759668 24.759668]",[ 31.5   103.417  22.583],355.0,36,2018,9,19
"[25.860096 25.860096 25.860096 25.860096 25.860096 25.860096 25.860096
 25.860096 25.860096 25.860096 25.860096 25.860096]",[ 31.5   103.417  22.583],355.0,37,2018,9,19
"[23.563549 23.563549 23.563549 23.563549 23.563549 23.563549 23.563549
 23.563549 23.563549 23.563549 23.563549 23.563549]",[ 44.6   103.417  22.583],355.0,38,2018,9,19
"[21.171312 21.171312 21.171312 21.171312 21.171312 21.171312 21.171312
 21.171312 21.171312 21.171312 21.171312 21.171312]",[ 44.4   103.417  22.583],355.0,39,2018,9,19
"[14.162052 14.162052 14.162052 14.162052 14.162052 14.162052 14.162052
 14.162052 14.162052 14.162052 14.162052 14.162052]",[ 22.7   103.417  22.583],355.0,40,2018,9,19
"[9.449343 9.449343 9.449343 9.449343 9.449343 9.449343 9.449343 9.449343
 9.449343 9.449343 9.449343 9.449343]",[ 20.6   103.417  22.583],355.0,41,2018,9,19
"[6.195897 6.195897 6.195897 6.195897 6.195897 6.195897 6.195897 6.195897
 6.195897 6.195897 6.195897 6.195897]",[ 17.1   103.417  22.583],355.0,42,2018,9,19
"[5.1193895 5.1193895 5.1193895 5.1193895 5.1193895 5.1193895 5.1193895
 5.1193895 5.1193895 5.1193895 5.1193895 5.1193895]",[ 13.1   103.417  22.583],355.0,43,2018,9,19
"[3.3252091 3.3252091 3.3252091 3.3252091 3.3252091 3.3252091 3.3252091
 3.3252091 3.3252091 3.3252091 3.3252091 3.3252091]",[ 13.1   103.417  22.583],355.0,44,2018,9,19
"[1.842022 1.842022 1.842022 1.842022 1.842022 1.842022 1.842022 1.842022
 1.842022 1.842022 1.842022 1.842022]",[  0.    103.417  22.583],355.0,45,2018,9,19
"[1.7463326 1.7463326 1.7463326 1.7463326 1.7463326 1.7463326 1.7463326
 1.7463326 1.7463326 1.7463326 1.7463326 1.7463326]",[  0.    103.417  22.583],355.0,46,2018,9,19
"[15.764854 15.764854 15.764854 15.764854 15.764854 15.764854 15.764854
 15.764854 15.764854 15.764854 15.764854 15.764854]",[  8.5   103.417  22.583],355.0,7,2019,9,19
"[10.214859 10.214859 10.214859 10.214859 10.214859 10.214859 10.214859
 10.214859 10.214859 10.214859 10.214859 10.214859]",[  8.5   103.417  22.583],355.0,8,2019,9,19
"[2.081248 2.081248 2.081248 2.081248 2.081248 2.081248 2.081248 2.081248
 2.081248 2.081248 2.081248 2.081248]",[  0.    103.417  22.583],355.0,9,2019,9,19
"[0.14353395 0.14353395 0.14353395 0.14353395 0.14353395 0.14353395
 0.14353395 0.14353395 0.14353395 0.14353395 0.14353395 0.14353395]",[  0.    103.417  22.583],355.0,10,2019,9,19
"[0.04784465 0.04784465 0.04784465 0.04784465 0.04784465 0.04784465
 0.04784465 0.04784465 0.04784465 0.04784465 0.04784465 0.04784465]",[  0.    103.417  22.583],355.0,11,2019,9,19
"[0.04784465 0.04784465 0.04784465 0.04784465 0.04784465 0.04784465
 0.04784465 0.04784465 0.04784465 0.04784465 0.04784465 0.04784465]",[  0.    103.417  22.583],355.0,12,2019,9,19
"[0.04784465 0.04784465 0.04784465 0.04784465 0.04784465 0.04784465
 0.04784465 0.04784465 0.04784465 0.04784465 0.04784465 0.04784465]",[  0.    103.417  22.583],355.0,13,2019,9,19
"[0.16745627 0.16745627 0.16745627 0.16745627 0.16745627 0.16745627
 0.16745627 0.16745627 0.16745627 0.16745627 0.16745627 0.16745627]",[  0.    103.417  22.583],355.0,14,2019,9,19
"[0.3827572 0.3827572 0.3827572 0.3827572 0.3827572 0.3827572 0.3827572
 0.3827572 0.3827572 0.3827572 0.3827572 0.3827572]",[ 55.9   103.417  22.583],355.0,15,2019,9,19
"[4.473484 4.473484 4.473484 4.473484 4.473484 4.473484 4.473484 4.473484
 4.473484 4.473484 4.473484 4.473484]",[ 55.9   103.417  22.583],355.0,16,2019,9,19
"[7.2245574 7.2245574 7.2245574 7.2245574 7.2245574 7.2245574 7.2245574
 7.2245574 7.2245574 7.2245574 7.2245574 7.2245574]",[ 55.9   103.417  22.583],355.0,17,2019,9,19
"[11.291365 11.291365 11.291365 11.291365 11.291365 11.291365 11.291365
 11.291365 11.291365 11.291365 11.291365 11.291365]",[ 55.9   103.417  22.583],355.0,18,2019,9,19
"[12.439639 12.439639 12.439639 12.439639 12.439639 12.439639 12.439639
 12.439639 12.439639 12.439639 12.439639 12.439639]",[ 55.9   103.417  22.583],355.0,19,2019,9,19
"[15.525628 15.525628 15.525628 15.525628 15.525628 15.525628 15.525628
 15.525628 15.525628 15.525628 15.525628 15.525628]",[ 55.9   103.417  22.583],355.0,20,2019,9,19
"[19.927347 19.927347 19.927347 19.927347 19.927347 19.927347 19.927347
 19.927347 19.927347 19.927347 19.927347 19.927347]",[ 55.9   103.417  22.583],355.0,21,2019,9,19
"[21.123466 21.123466 21.123466 21.123466 21.123466 21.123466 21.123466
 21.123466 21.123466 21.123466 21.123466 21.123466]",[  0.    103.417  22.583],355.0,22,2019,9,19
"[21.601917 21.601917 21.601917 21.601917 21.601917 21.601917 21.601917
 21.601917 21.601917 21.601917 21.601917 21.601917]",[  0.4   103.417  22.583],355.0,23,2019,9,19
"[20.740711 20.740711 20.740711 20.740711 20.740711 20.740711 20.740711
 20.740711 20.740711 20.740711 20.740711 20.740711]",[  0.4   103.417  22.583],355.0,24,2019,9,19
"[16.697826 16.697826 16.697826 16.697826 16.697826 16.697826 16.697826
 16.697826 16.697826 16.697826 16.697826 16.697826]",[  0.4   103.417  22.583],355.0,25,2019,9,19
"[15.549552 15.549552 15.549552 15.549552 15.549552 15.549552 15.549552
 15.549552 15.549552 15.549552 15.549552 15.549552]",[  0.4   103.417  22.583],355.0,26,2019,9,19
"[12.463564 12.463564 12.463564 12.463564 12.463564 12.463564 12.463564
 12.463564 12.463564 12.463564 12.463564 12.463564]",[  0.4   103.417  22.583],355.0,27,2019,9,19
"[8.085767 8.085767 8.085767 8.085767 8.085767 8.085767 8.085767 8.085767
 8.085767 8.085767 8.085767 8.085767]",[  0.4   103.417  22.583],355.0,28,2019,9,19
"[6.8178806 6.8178806 6.8178806 6.8178806 6.8178806 6.8178806 6.8178806
 6.8178806 6.8178806 6.8178806 6.8178806 6.8178806]",[  0.4   103.417  22.583],355.0,29,2019,9,19
"[2.2008598 2.2008598 2.2008598 2.2008598 2.2008598 2.2008598 2.2008598
 2.2008598 2.2008598 2.2008598 2.2008598 2.2008598]",[  0.    103.417  22.583],355.0,30,2019,9,19
"[0.3109902 0.3109902 0.3109902 0.3109902 0.3109902 0.3109902 0.3109902
 0.3109902 0.3109902 0.3109902 0.3109902 0.3109902]",[  0.    103.417  22.583],355.0,31,2019,9,19
"[0.2870679 0.2870679 0.2870679 0.2870679 0.2870679 0.2870679 0.2870679
 0.2870679 0.2870679 0.2870679 0.2870679 0.2870679]",[  0.    103.417  22.583],355.0,32,2019,9,19
"[0.55021346 0.55021346 0.55021346 0.55021346 0.55021346 0.55021346
 0.55021346 0.55021346 0.55021346 0.55021346 0.55021346 0.55021346]",[  0.    103.417  22.583],355.0,33,2019,9,19
"[0.5741358 0.5741358 0.5741358 0.5741358 0.5741358 0.5741358 0.5741358
 0.5741358 0.5741358 0.5741358 0.5741358 0.5741358]",[  0.    103.417  22.583],355.0,34,2019,9,19
"[0.43060184 0.43060184 0.43060184 0.43060184 0.43060184 0.43060184
 0.43060184 0.43060184 0.43060184 0.43060184 0.43060184 0.43060184]",[  0.    103.417  22.583],355.0,35,2019,9,19
"[0.2870679 0.2870679 0.2870679 0.2870679 0.2870679 0.2870679 0.2870679
 0.2870679 0.2870679 0.2870679 0.2870679 0.2870679]",[  0.    103.417  22.583],355.0,36,2019,9,19
"[0.2870679 0.2870679 0.2870679 0.2870679 0.2870679 0.2870679 0.2870679
 0.2870679 0.2870679 0.2870679 0.2870679 0.2870679]",[  0.    103.417  22.583],355.0,37,2019,9,19
"[0.6219804 0.6219804 0.6219804 0.6219804 0.6219804 0.6219804 0.6219804
 0.6219804 0.6219804 0.6219804 0.6219804 0.6219804]",[  0.    103.417  22.583],355.0,38,2019,9,19
"[11.3631315 11.3631315 11.3631315 11.3631315 11.3631315 11.3631315
 11.3631315 11.3631315 11.3631315 11.3631315 11.3631315 11.3631315]",[  0.    103.417  22.583],355.0,39,2019,9,19
"[15.932308 15.932308 15.932308 15.932308 15.932308 15.932308 15.932308
 15.932308 15.932308 15.932308 15.932308 15.932308]",[  0.    103.417  22.583],355.0,40,2019,9,19
"[20.645016 20.645016 20.645016 20.645016 20.645016 20.645016 20.645016
 20.645016 20.645016 20.645016 20.645016 20.645016]",[  0.    103.417  22.583],355.0,41,2019,9,19
"[20.668938 20.668938 20.668938 20.668938 20.668938 20.668938 20.668938
 20.668938 20.668938 20.668938 20.668938 20.668938]",[  0.    103.417  22.583],355.0,42,2019,9,19
"[20.668938 20.668938 20.668938 20.668938 20.668938 20.668938 20.668938
 20.668938 20.668938 20.668938 20.668938 20.668938]",[  0.    103.417  22.583],355.0,43,2019,9,19
"[20.979927 20.979927 20.979927 20.979927 20.979927 20.979927 20.979927
 20.979927 20.979927 20.979927 20.979927 20.979927]",[  0.    103.417  22.583],355.0,44,2019,9,19
"[23.420012 23.420012 23.420012 23.420012 23.420012 23.420012 23.420012
 23.420012 23.420012 23.420012 23.420012 23.420012]",[  0.    103.417  22.583],355.0,45,2019,9,19
"[26.529924 26.529924 26.529924 26.529924 26.529924 26.529924 26.529924
 26.529924 26.529924 26.529924 26.529924 26.529924]",[  0.    103.417  22.583],355.0,46,2019,9,19
"[88.13008 88.13008 88.13008 88.13008 88.13008 88.13008 88.13008 88.13008
 88.13008 88.13008 88.13008 88.13008]",[ 66.4   103.417  22.583],355.0,7,2020,9,19
"[66.93484 66.93484 66.93484 66.93484 66.93484 66.93484 66.93484 66.93484
 66.93484 66.93484 66.93484 66.93484]",[ 68.3   103.417  22.583],355.0,8,2020,9,19
"[65.11674 65.11674 65.11674 65.11674 65.11674 65.11674 65.11674 65.11674
 65.11674 65.11674 65.11674 65.11674]",[ 66.3   103.417  22.583],355.0,9,2020,9,19
"[80.2596 80.2596 80.2596 80.2596 80.2596 80.2596 80.2596 80.2596 80.2596
 80.2596 80.2596 80.2596]",[ 47.    103.417  22.583],355.0,10,2020,9,19
"[80.06823 80.06823 80.06823 80.06823 80.06823 80.06823 80.06823 80.06823
 80.06823 80.06823 80.06823 80.06823]",[ 41.6   103.417  22.583],355.0,11,2020,9,19
"[66.31285 66.31285 66.31285 66.31285 66.31285 66.31285 66.31285 66.31285
 66.31285 66.31285 66.31285 66.31285]",[ 21.9   103.417  22.583],355.0,12,2020,9,19
"[64.088066 64.088066 64.088066 64.088066 64.088066 64.088066 64.088066
 64.088066 64.088066 64.088066 64.088066 64.088066]",[  6.1   103.417  22.583],355.0,13,2020,9,19
"[59.423203 59.423203 59.423203 59.423203 59.423203 59.423203 59.423203
 59.423203 59.423203 59.423203 59.423203 59.423203]",[  1.9   103.417  22.583],355.0,14,2020,9,19
"[51.265675 51.265675 51.265675 51.265675 51.265675 51.265675 51.265675
 51.265675 51.265675 51.265675 51.265675 51.265675]",[  0.    103.417  22.583],355.0,15,2020,9,19
"[47.342403 47.342403 47.342403 47.342403 47.342403 47.342403 47.342403
 47.342403 47.342403 47.342403 47.342403 47.342403]",[  0.    103.417  22.583],355.0,16,2020,9,19
"[25.97971 25.97971 25.97971 25.97971 25.97971 25.97971 25.97971 25.97971
 25.97971 25.97971 25.97971 25.97971]",[  0.    103.417  22.583],355.0,17,2020,9,19
"[9.305807 9.305807 9.305807 9.305807 9.305807 9.305807 9.305807 9.305807
 9.305807 9.305807 9.305807 9.305807]",[  0.    103.417  22.583],355.0,18,2020,9,19
"[1.554954 1.554954 1.554954 1.554954 1.554954 1.554954 1.554954 1.554954
 1.554954 1.554954 1.554954 1.554954]",[  0.    103.417  22.583],355.0,19,2020,9,19
"[5.9327517 5.9327517 5.9327517 5.9327517 5.9327517 5.9327517 5.9327517
 5.9327517 5.9327517 5.9327517 5.9327517 5.9327517]",[  0.    103.417  22.583],355.0,20,2020,9,19
"[12.750631 12.750631 12.750631 12.750631 12.750631 12.750631 12.750631
 12.750631 12.750631 12.750631 12.750631 12.750631]",[  0.    103.417  22.583],355.0,21,2020,9,19
"[12.774554 12.774554 12.774554 12.774554 12.774554 12.774554 12.774554
 12.774554 12.774554 12.774554 12.774554 12.774554]",[  0.    103.417  22.583],355.0,22,2020,9,19
"[12.774554 12.774554 12.774554 12.774554 12.774554 12.774554 12.774554
 12.774554 12.774554 12.774554 12.774554 12.774554]",[  0.    103.417  22.583],355.0,23,2020,9,19
"[12.511409 12.511409 12.511409 12.511409 12.511409 12.511409 12.511409
 12.511409 12.511409 12.511409 12.511409 12.511409]",[  0.    103.417  22.583],355.0,24,2020,9,19
"[12.487487 12.487487 12.487487 12.487487 12.487487 12.487487 12.487487
 12.487487 12.487487 12.487487 12.487487 12.487487]",[  0.    103.417  22.583],355.0,25,2020,9,19
"[12.678865 12.678865 12.678865 12.678865 12.678865 12.678865 12.678865
 12.678865 12.678865 12.678865 12.678865 12.678865]",[  4.9   103.417  22.583],355.0,26,2020,9,19
"[8.061844 8.061844 8.061844 8.061844 8.061844 8.061844 8.061844 8.061844
 8.061844 8.061844 8.061844 8.061844]",[  4.9   103.417  22.583],355.0,27,2020,9,19
"[0.55021346 0.55021346 0.55021346 0.55021346 0.55021346 0.55021346
 0.55021346 0.55021346 0.55021346 0.55021346 0.55021346 0.55021346]",[  4.9   103.417  22.583],355.0,28,2020,9,19
"[14.496967 14.496967 14.496967 14.496967 14.496967 14.496967 14.496967
 14.496967 14.496967 14.496967 14.496967 14.496967]",[  4.9   103.417  22.583],355.0,29,2020,9,19
"[29.137468 29.137468 29.137468 29.137468 29.137468 29.137468 29.137468
 29.137468 29.137468 29.137468 29.137468 29.137468]",[  6.3   103.417  22.583],355.0,30,2020,9,19
"[35.500824 35.500824 35.500824 35.500824 35.500824 35.500824 35.500824
 35.500824 35.500824 35.500824 35.500824 35.500824]",[  9.1   103.417  22.583],355.0,31,2020,9,19
"[36.840477 36.840477 36.840477 36.840477 36.840477 36.840477 36.840477
 36.840477 36.840477 36.840477 36.840477 36.840477]",[  9.1   103.417  22.583],355.0,32,2020,9,19
"[46.4812 46.4812 46.4812 46.4812 46.4812 46.4812 46.4812 46.4812 46.4812
 46.4812 46.4812 46.4812]",[  4.2   103.417  22.583],355.0,33,2020,9,19
"[72.62837 72.62837 72.62837 72.62837 72.62837 72.62837 72.62837 72.62837
 72.62837 72.62837 72.62837 72.62837]",[  4.2   103.417  22.583],355.0,34,2020,9,19
"[88.65637 88.65637 88.65637 88.65637 88.65637 88.65637 88.65637 88.65637
 88.65637 88.65637 88.65637 88.65637]",[  4.2   103.417  22.583],355.0,35,2020,9,19
"[98.44063 98.44063 98.44063 98.44063 98.44063 98.44063 98.44063 98.44063
 98.44063 98.44063 98.44063 98.44063]",[  4.2   103.417  22.583],355.0,36,2020,9,19
"[93.84753 93.84753 93.84753 93.84753 93.84753 93.84753 93.84753 93.84753
 93.84753 93.84753 93.84753 93.84753]",[  2.8   103.417  22.583],355.0,37,2020,9,19
"[102.38782 102.38782 102.38782 102.38782 102.38782 102.38782 102.38782
 102.38782 102.38782 102.38782 102.38782 102.38782]",[  0.    103.417  22.583],355.0,38,2020,9,19
"[112.65051 112.65051 112.65051 112.65051 112.65051 112.65051 112.65051
 112.65051 112.65051 112.65051 112.65051 112.65051]",[  0.    103.417  22.583],355.0,39,2020,9,19
"[102.938034 102.938034 102.938034 102.938034 102.938034 102.938034
 102.938034 102.938034 102.938034 102.938034 102.938034 102.938034]",[  0.    103.417  22.583],355.0,40,2020,9,19
"[76.83871 76.83871 76.83871 76.83871 76.83871 76.83871 76.83871 76.83871
 76.83871 76.83871 76.83871 76.83871]",[  0.    103.417  22.583],355.0,41,2020,9,19
"[60.5954 60.5954 60.5954 60.5954 60.5954 60.5954 60.5954 60.5954 60.5954
 60.5954 60.5954 60.5954]",[  0.    103.417  22.583],355.0,42,2020,9,19
"[36.816547 36.816547 36.816547 36.816547 36.816547 36.816547 36.816547
 36.816547 36.816547 36.816547 36.816547 36.816547]",[  0.    103.417  22.583],355.0,43,2020,9,19
"[26.76915 26.76915 26.76915 26.76915 26.76915 26.76915 26.76915 26.76915
 26.76915 26.76915 26.76915 26.76915]",[  0.    103.417  22.583],355.0,44,2020,9,19
"[11.865503 11.865503 11.865503 11.865503 11.865503 11.865503 11.865503
 11.865503 11.865503 11.865503 11.865503 11.865503]",[  0.    103.417  22.583],355.0,45,2020,9,19
"[0.26314557 0.26314557 0.26314557 0.26314557 0.26314557 0.26314557
 0.26314557 0.26314557 0.26314557 0.26314557 0.26314557 0.26314557]",[  0.    103.417  22.583],355.0,46,2020,9,19
"[47.701244 47.701244 47.701244 47.701244 47.701244 47.701244 47.701244
 47.701244 47.701244 47.701244 47.701244 47.701244]",[  0.    103.417  22.583],355.0,7,2021,9,19
"[48.012234 48.012234 48.012234 48.012234 48.012234 48.012234 48.012234
 48.012234 48.012234 48.012234 48.012234 48.012234]",[  0.    103.417  22.583],355.0,8,2021,9,19
"[47.48594 47.48594 47.48594 47.48594 47.48594 47.48594 47.48594 47.48594
 47.48594 47.48594 47.48594 47.48594]",[  0.    103.417  22.583],355.0,9,2021,9,19
"[48.083996 48.083996 48.083996 48.083996 48.083996 48.083996 48.083996
 48.083996 48.083996 48.083996 48.083996 48.083996]",[  0.    103.417  22.583],355.0,10,2021,9,19
"[35.094143 35.094143 35.094143 35.094143 35.094143 35.094143 35.094143
 35.094143 35.094143 35.094143 35.094143 35.094143]",[ 26.2   103.417  22.583],355.0,11,2021,9,19
"[30.381432 30.381432 30.381432 30.381432 30.381432 30.381432 30.381432
 30.381432 30.381432 30.381432 30.381432 30.381432]",[ 26.2   103.417  22.583],355.0,12,2021,9,19
"[34.87884 34.87884 34.87884 34.87884 34.87884 34.87884 34.87884 34.87884
 34.87884 34.87884 34.87884 34.87884]",[ 69.    103.417  22.583],355.0,13,2021,9,19
"[47.581627 47.581627 47.581627 47.581627 47.581627 47.581627 47.581627
 47.581627 47.581627 47.581627 47.581627 47.581627]",[ 69.    103.417  22.583],355.0,14,2021,9,19
"[45.667835 45.667835 45.667835 45.667835 45.667835 45.667835 45.667835
 45.667835 45.667835 45.667835 45.667835 45.667835]",[ 69.    103.417  22.583],355.0,15,2021,9,19
"[53.29908 53.29908 53.29908 53.29908 53.29908 53.29908 53.29908 53.29908
 53.29908 53.29908 53.29908 53.29908]",[ 69.    103.417  22.583],355.0,16,2021,9,19
"[52.031193 52.031193 52.031193 52.031193 52.031193 52.031193 52.031193
 52.031193 52.031193 52.031193 52.031193 52.031193]",[ 69.    103.417  22.583],355.0,17,2021,9,19
"[51.504898 51.504898 51.504898 51.504898 51.504898 51.504898 51.504898
 51.504898 51.504898 51.504898 51.504898 51.504898]",[ 42.8   103.417  22.583],355.0,18,2021,9,19
"[51.122147 51.122147 51.122147 51.122147 51.122147 51.122147 51.122147
 51.122147 51.122147 51.122147 51.122147 51.122147]",[ 42.8   103.417  22.583],355.0,19,2021,9,19
"[43.77797 43.77797 43.77797 43.77797 43.77797 43.77797 43.77797 43.77797
 43.77797 43.77797 43.77797 43.77797]",[  0.    103.417  22.583],355.0,20,2021,9,19
"[25.549112 25.549112 25.549112 25.549112 25.549112 25.549112 25.549112
 25.549112 25.549112 25.549112 25.549112 25.549112]",[  0.    103.417  22.583],355.0,21,2021,9,19
"[22.893728 22.893728 22.893728 22.893728 22.893728 22.893728 22.893728
 22.893728 22.893728 22.893728 22.893728 22.893728]",[  1.2   103.417  22.583],355.0,22,2021,9,19
"[16.386837 16.386837 16.386837 16.386837 16.386837 16.386837 16.386837
 16.386837 16.386837 16.386837 16.386837 16.386837]",[  1.2   103.417  22.583],355.0,23,2021,9,19
"[18.707308 18.707308 18.707308 18.707308 18.707308 18.707308 18.707308
 18.707308 18.707308 18.707308 18.707308 18.707308]",[  1.2   103.417  22.583],355.0,24,2021,9,19
"[15.956232 15.956232 15.956232 15.956232 15.956232 15.956232 15.956232
 15.956232 15.956232 15.956232 15.956232 15.956232]",[  1.2   103.417  22.583],355.0,25,2021,9,19
"[12.846321 12.846321 12.846321 12.846321 12.846321 12.846321 12.846321
 12.846321 12.846321 12.846321 12.846321 12.846321]",[  1.2   103.417  22.583],355.0,26,2021,9,19
"[10.358394 10.358394 10.358394 10.358394 10.358394 10.358394 10.358394
 10.358394 10.358394 10.358394 10.358394 10.358394]",[  1.2   103.417  22.583],355.0,27,2021,9,19
"[8.205379 8.205379 8.205379 8.205379 8.205379 8.205379 8.205379 8.205379
 8.205379 8.205379 8.205379 8.205379]",[  1.2   103.417  22.583],355.0,28,2021,9,19
"[24.855358 24.855358 24.855358 24.855358 24.855358 24.855358 24.855358
 24.855358 24.855358 24.855358 24.855358 24.855358]",[  0.    103.417  22.583],355.0,29,2021,9,19
"[38.22797 38.22797 38.22797 38.22797 38.22797 38.22797 38.22797 38.22797
 38.22797 38.22797 38.22797 38.22797]",[  0.    103.417  22.583],355.0,30,2021,9,19
"[38.395428 38.395428 38.395428 38.395428 38.395428 38.395428 38.395428
 38.395428 38.395428 38.395428 38.395428 38.395428]",[  0.    103.417  22.583],355.0,31,2021,9,19
"[38.347584 38.347584 38.347584 38.347584 38.347584 38.347584 38.347584
 38.347584 38.347584 38.347584 38.347584 38.347584]",[  0.    103.417  22.583],355.0,32,2021,9,19
"[38.347584 38.347584 38.347584 38.347584 38.347584 38.347584 38.347584
 38.347584 38.347584 38.347584 38.347584 38.347584]",[ 13.8   103.417  22.583],355.0,33,2021,9,19
"[38.347584 38.347584 38.347584 38.347584 38.347584 38.347584 38.347584
 38.347584 38.347584 38.347584 38.347584 38.347584]",[ 13.8   103.417  22.583],355.0,34,2021,9,19
"[38.467194 38.467194 38.467194 38.467194 38.467194 38.467194 38.467194
 38.467194 38.467194 38.467194 38.467194 38.467194]",[ 13.8   103.417  22.583],355.0,35,2021,9,19
"[20.740705 20.740705 20.740705 20.740705 20.740705 20.740705 20.740705
 20.740705 20.740705 20.740705 20.740705 20.740705]",[ 13.8   103.417  22.583],355.0,36,2021,9,19
"[6.9135666 6.9135666 6.9135666 6.9135666 6.9135666 6.9135666 6.9135666
 6.9135666 6.9135666 6.9135666 6.9135666 6.9135666]",[ 13.8   103.417  22.583],355.0,37,2021,9,19
"[3.0620632 3.0620632 3.0620632 3.0620632 3.0620632 3.0620632 3.0620632
 3.0620632 3.0620632 3.0620632 3.0620632 3.0620632]",[ 13.8   103.417  22.583],355.0,38,2021,9,19
"[2.8706846 2.8706846 2.8706846 2.8706846 2.8706846 2.8706846 2.8706846
 2.8706846 2.8706846 2.8706846 2.8706846 2.8706846]",[ 13.8   103.417  22.583],355.0,39,2021,9,19
"[2.8706846 2.8706846 2.8706846 2.8706846 2.8706846 2.8706846 2.8706846
 2.8706846 2.8706846 2.8706846 2.8706846 2.8706846]",[  0.    103.417  22.583],355.0,40,2021,9,19
"[23.491783 23.491783 23.491783 23.491783 23.491783 23.491783 23.491783
 23.491783 23.491783 23.491783 23.491783 23.491783]",[  0.    103.417  22.583],355.0,41,2021,9,19
"[56.24153 56.24153 56.24153 56.24153 56.24153 56.24153 56.24153 56.24153
 56.24153 56.24153 56.24153 56.24153]",[ 17.5   103.417  22.583],355.0,42,2021,9,19
"[58.538082 58.538082 58.538082 58.538082 58.538082 58.538082 58.538082
 58.538082 58.538082 58.538082 58.538082 58.538082]",[ 17.5   103.417  22.583],355.0,43,2021,9,19
"[62.5092 62.5092 62.5092 62.5092 62.5092 62.5092 62.5092 62.5092 62.5092
 62.5092 62.5092 62.5092]",[ 47.5   103.417  22.583],355.0,44,2021,9,19
"[93.08201 93.08201 93.08201 93.08201 93.08201 93.08201 93.08201 93.08201
 93.08201 93.08201 93.08201 93.08201]",[ 47.5   103.417  22.583],355.0,45,2021,9,19
"[101.38307 101.38307 101.38307 101.38307 101.38307 101.38307 101.38307
 101.38307 101.38307 101.38307 101.38307 101.38307]",[ 47.5   103.417  22.583],355.0,46,2021,9,19
"[35.485443 35.485443 35.485443 35.485443 35.485443 35.485443 35.485443
 35.485443 35.485443 35.485443 35.485443 35.485443]",[ 32.5   103.417  22.583],355.0,7,2018,9,22
"[38.35587 38.35587 38.35587 38.35587 38.35587 38.35587 38.35587 38.35587
 38.35587 38.35587 38.35587 38.35587]",[ 32.5   103.417  22.583],355.0,8,2018,9,22
"[38.182487 38.182487 38.182487 38.182487 38.182487 38.182487 38.182487
 38.182487 38.182487 38.182487 38.182487 38.182487]",[ 32.5   103.417  22.583],355.0,9,2018,9,22
"[38.105427 38.105427 38.105427 38.105427 38.105427 38.105427 38.105427
 38.105427 38.105427 38.105427 38.105427 38.105427]",[ 32.5   103.417  22.583],355.0,10,2018,9,22
"[37.52749 37.52749 37.52749 37.52749 37.52749 37.52749 37.52749 37.52749
 37.52749 37.52749 37.52749 37.52749]",[ 32.5   103.417  22.583],355.0,11,2018,9,22
"[34.213974 34.213974 34.213974 34.213974 34.213974 34.213974 34.213974
 34.213974 34.213974 34.213974 34.213974 34.213974]",[ 27.3   103.417  22.583],355.0,12,2018,9,22
"[25.69901 25.69901 25.69901 25.69901 25.69901 25.69901 25.69901 25.69901
 25.69901 25.69901 25.69901 25.69901]",[  0.7   103.417  22.583],355.0,13,2018,9,22
"[3.0052812 3.0052812 3.0052812 3.0052812 3.0052812 3.0052812 3.0052812
 3.0052812 3.0052812 3.0052812 3.0052812 3.0052812]",[  0.    103.417  22.583],355.0,14,2018,9,22
"[0.01926422 0.01926422 0.01926422 0.01926422 0.01926422 0.01926422
 0.01926422 0.01926422 0.01926422 0.01926422 0.01926422 0.01926422]",[  0.    103.417  22.583],355.0,15,2018,9,22
"[3.2171936 3.2171936 3.2171936 3.2171936 3.2171936 3.2171936 3.2171936
 3.2171936 3.2171936 3.2171936 3.2171936 3.2171936]",[  0.    103.417  22.583],355.0,16,2018,9,22
"[4.835421 4.835421 4.835421 4.835421 4.835421 4.835421 4.835421 4.835421
 4.835421 4.835421 4.835421 4.835421]",[  0.    103.417  22.583],355.0,17,2018,9,22
"[11.346865 11.346865 11.346865 11.346865 11.346865 11.346865 11.346865
 11.346865 11.346865 11.346865 11.346865 11.346865]",[  7.5   103.417  22.583],355.0,18,2018,9,22
"[13.69715 13.69715 13.69715 13.69715 13.69715 13.69715 13.69715 13.69715
 13.69715 13.69715 13.69715 13.69715]",[  8.9   103.417  22.583],355.0,19,2018,9,22
"[13.69715 13.69715 13.69715 13.69715 13.69715 13.69715 13.69715 13.69715
 13.69715 13.69715 13.69715 13.69715]",[  8.9   103.417  22.583],355.0,20,2018,9,22
"[13.69715 13.69715 13.69715 13.69715 13.69715 13.69715 13.69715 13.69715
 13.69715 13.69715 13.69715 13.69715]",[  8.9   103.417  22.583],355.0,21,2018,9,22
"[13.69715 13.69715 13.69715 13.69715 13.69715 13.69715 13.69715 13.69715
 13.69715 13.69715 13.69715 13.69715]",[ 10.3   103.417  22.583],355.0,22,2018,9,22
"[10.479957 10.479957 10.479957 10.479957 10.479957 10.479957 10.479957
 10.479957 10.479957 10.479957 10.479957 10.479957]",[ 10.3   103.417  22.583],355.0,23,2018,9,22
"[8.86173 8.86173 8.86173 8.86173 8.86173 8.86173 8.86173 8.86173 8.86173
 8.86173 8.86173 8.86173]",[ 10.3   103.417  22.583],355.0,24,2018,9,22
"[2.3502858 2.3502858 2.3502858 2.3502858 2.3502858 2.3502858 2.3502858
 2.3502858 2.3502858 2.3502858 2.3502858 2.3502858]",[  2.8   103.417  22.583],355.0,25,2018,9,22
"[0.32749772 0.32749772 0.32749772 0.32749772 0.32749772 0.32749772
 0.32749772 0.32749772 0.32749772 0.32749772 0.32749772 0.32749772]",[  8.4   103.417  22.583],355.0,26,2018,9,22
"[1.3485223 1.3485223 1.3485223 1.3485223 1.3485223 1.3485223 1.3485223
 1.3485223 1.3485223 1.3485223 1.3485223 1.3485223]",[  8.4   103.417  22.583],355.0,27,2018,9,22
"[2.4466066 2.4466066 2.4466066 2.4466066 2.4466066 2.4466066 2.4466066
 2.4466066 2.4466066 2.4466066 2.4466066 2.4466066]",[  8.4   103.417  22.583],355.0,28,2018,9,22
"[3.2171903 3.2171903 3.2171903 3.2171903 3.2171903 3.2171903 3.2171903
 3.2171903 3.2171903 3.2171903 3.2171903 3.2171903]",[  7.2   103.417  22.583],355.0,29,2018,9,22
"[3.3520427 3.3520427 3.3520427 3.3520427 3.3520427 3.3520427 3.3520427
 3.3520427 3.3520427 3.3520427 3.3520427 3.3520427]",[ 28.9   103.417  22.583],355.0,30,2018,9,22
"[4.411596 4.411596 4.411596 4.411596 4.411596 4.411596 4.411596 4.411596
 4.411596 4.411596 4.411596 4.411596]",[ 31.    103.417  22.583],355.0,31,2018,9,22
"[5.914238 5.914238 5.914238 5.914238 5.914238 5.914238 5.914238 5.914238
 5.914238 5.914238 5.914238 5.914238]",[ 34.5   103.417  22.583],355.0,32,2018,9,22
"[5.8564453 5.8564453 5.8564453 5.8564453 5.8564453 5.8564453 5.8564453
 5.8564453 5.8564453 5.8564453 5.8564453 5.8564453]",[ 31.5   103.417  22.583],355.0,33,2018,9,22
"[5.9527693 5.9527693 5.9527693 5.9527693 5.9527693 5.9527693 5.9527693
 5.9527693 5.9527693 5.9527693 5.9527693 5.9527693]",[ 31.5   103.417  22.583],355.0,34,2018,9,22
"[7.359087 7.359087 7.359087 7.359087 7.359087 7.359087 7.359087 7.359087
 7.359087 7.359087 7.359087 7.359087]",[ 44.6   103.417  22.583],355.0,35,2018,9,22
"[6.588504 6.588504 6.588504 6.588504 6.588504 6.588504 6.588504 6.588504
 6.588504 6.588504 6.588504 6.588504]",[ 44.4   103.417  22.583],355.0,36,2018,9,22
"[6.4536514 6.4536514 6.4536514 6.4536514 6.4536514 6.4536514 6.4536514
 6.4536514 6.4536514 6.4536514 6.4536514 6.4536514]",[ 22.7   103.417  22.583],355.0,37,2018,9,22
"[5.3940983 5.3940983 5.3940983 5.3940983 5.3940983 5.3940983 5.3940983
 5.3940983 5.3940983 5.3940983 5.3940983 5.3940983]",[ 20.6   103.417  22.583],355.0,38,2018,9,22
"[3.9107203 3.9107203 3.9107203 3.9107203 3.9107203 3.9107203 3.9107203
 3.9107203 3.9107203 3.9107203 3.9107203 3.9107203]",[ 17.1   103.417  22.583],355.0,39,2018,9,22
"[3.6410153 3.6410153 3.6410153 3.6410153 3.6410153 3.6410153 3.6410153
 3.6410153 3.6410153 3.6410153 3.6410153 3.6410153]",[ 13.1   103.417  22.583],355.0,40,2018,9,22
"[2.5236666 2.5236666 2.5236666 2.5236666 2.5236666 2.5236666 2.5236666
 2.5236666 2.5236666 2.5236666 2.5236666 2.5236666]",[ 13.1   103.417  22.583],355.0,41,2018,9,22
"[0.07705688 0.07705688 0.07705688 0.07705688 0.07705688 0.07705688
 0.07705688 0.07705688 0.07705688 0.07705688 0.07705688 0.07705688]",[  0.    103.417  22.583],355.0,42,2018,9,22
"[0.15411675 0.15411675 0.15411675 0.15411675 0.15411675 0.15411675
 0.15411675 0.15411675 0.15411675 0.15411675 0.15411675 0.15411675]",[  0.    103.417  22.583],355.0,43,2018,9,22
"[3.1401339 3.1401339 3.1401339 3.1401339 3.1401339 3.1401339 3.1401339
 3.1401339 3.1401339 3.1401339 3.1401339 3.1401339]",[  0.    103.417  22.583],355.0,44,2018,9,22
"[3.159398 3.159398 3.159398 3.159398 3.159398 3.159398 3.159398 3.159398
 3.159398 3.159398 3.159398 3.159398]",[  0.    103.417  22.583],355.0,45,2018,9,22
"[3.1401339 3.1401339 3.1401339 3.1401339 3.1401339 3.1401339 3.1401339
 3.1401339 3.1401339 3.1401339 3.1401339 3.1401339]",[  0.    103.417  22.583],355.0,46,2018,9,22
"[0.34676194 0.34676194 0.34676194 0.34676194 0.34676194 0.34676194
 0.34676194 0.34676194 0.34676194 0.34676194 0.34676194 0.34676194]",[  0.    103.417  22.583],355.0,7,2019,9,22
"[0.34676194 0.34676194 0.34676194 0.34676194 0.34676194 0.34676194
 0.34676194 0.34676194 0.34676194 0.34676194 0.34676194 0.34676194]",[  0.    103.417  22.583],355.0,8,2019,9,22
"[0.34676194 0.34676194 0.34676194 0.34676194 0.34676194 0.34676194
 0.34676194 0.34676194 0.34676194 0.34676194 0.34676194 0.34676194]",[  0.    103.417  22.583],355.0,9,2019,9,22
"[0.34676194 0.34676194 0.34676194 0.34676194 0.34676194 0.34676194
 0.34676194 0.34676194 0.34676194 0.34676194 0.34676194 0.34676194]",[  0.    103.417  22.583],355.0,10,2019,9,22
"[0.26970208 0.26970208 0.26970208 0.26970208 0.26970208 0.26970208
 0.26970208 0.26970208 0.26970208 0.26970208 0.26970208 0.26970208]",[  0.    103.417  22.583],355.0,11,2019,9,22
"[0.19264519 0.19264519 0.19264519 0.19264519 0.19264519 0.19264519
 0.19264519 0.19264519 0.19264519 0.19264519 0.19264519 0.19264519]",[ 55.9   103.417  22.583],355.0,12,2019,9,22
"[0.28896928 0.28896928 0.28896928 0.28896928 0.28896928 0.28896928
 0.28896928 0.28896928 0.28896928 0.28896928 0.28896928 0.28896928]",[ 55.9   103.417  22.583],355.0,13,2019,9,22
"[0.6549984 0.6549984 0.6549984 0.6549984 0.6549984 0.6549984 0.6549984
 0.6549984 0.6549984 0.6549984 0.6549984 0.6549984]",[ 55.9   103.417  22.583],355.0,14,2019,9,22
"[1.1173487 1.1173487 1.1173487 1.1173487 1.1173487 1.1173487 1.1173487
 1.1173487 1.1173487 1.1173487 1.1173487 1.1173487]",[ 55.9   103.417  22.583],355.0,15,2019,9,22
"[25.23666 25.23666 25.23666 25.23666 25.23666 25.23666 25.23666 25.23666
 25.23666 25.23666 25.23666 25.23666]",[ 55.9   103.417  22.583],355.0,16,2019,9,22
"[71.08647 71.08647 71.08647 71.08647 71.08647 71.08647 71.08647 71.08647
 71.08647 71.08647 71.08647 71.08647]",[ 55.9   103.417  22.583],355.0,17,2019,9,22
"[92.10418 92.10418 92.10418 92.10418 92.10418 92.10418 92.10418 92.10418
 92.10418 92.10418 92.10418 92.10418]",[ 55.9   103.417  22.583],355.0,18,2019,9,22
"[104.52986 104.52986 104.52986 104.52986 104.52986 104.52986 104.52986
 104.52986 104.52986 104.52986 104.52986 104.52986]",[  0.    103.417  22.583],355.0,19,2019,9,22
"[107.11131 107.11131 107.11131 107.11131 107.11131 107.11131 107.11131
 107.11131 107.11131 107.11131 107.11131 107.11131]",[  0.4   103.417  22.583],355.0,20,2019,9,22
"[109.153366 109.153366 109.153366 109.153366 109.153366 109.153366
 109.153366 109.153366 109.153366 109.153366 109.153366 109.153366]",[  0.4   103.417  22.583],355.0,21,2019,9,22
"[108.729546 108.729546 108.729546 108.729546 108.729546 108.729546
 108.729546 108.729546 108.729546 108.729546 108.729546 108.729546]",[  0.4   103.417  22.583],355.0,22,2019,9,22
"[84.61023 84.61023 84.61023 84.61023 84.61023 84.61023 84.61023 84.61023
 84.61023 84.61023 84.61023 84.61023]",[  0.4   103.417  22.583],355.0,23,2019,9,22
"[38.76042 38.76042 38.76042 38.76042 38.76042 38.76042 38.76042 38.76042
 38.76042 38.76042 38.76042 38.76042]",[  0.4   103.417  22.583],355.0,24,2019,9,22
"[17.723454 17.723454 17.723454 17.723454 17.723454 17.723454 17.723454
 17.723454 17.723454 17.723454 17.723454 17.723454]",[  0.4   103.417  22.583],355.0,25,2019,9,22
"[5.7215934 5.7215934 5.7215934 5.7215934 5.7215934 5.7215934 5.7215934
 5.7215934 5.7215934 5.7215934 5.7215934 5.7215934]",[  0.4   103.417  22.583],355.0,26,2019,9,22
"[3.8529248 3.8529248 3.8529248 3.8529248 3.8529248 3.8529248 3.8529248
 3.8529248 3.8529248 3.8529248 3.8529248 3.8529248]",[  0.    103.417  22.583],355.0,27,2019,9,22
"[1.5989631 1.5989631 1.5989631 1.5989631 1.5989631 1.5989631 1.5989631
 1.5989631 1.5989631 1.5989631 1.5989631 1.5989631]",[  0.    103.417  22.583],355.0,28,2019,9,22
"[1.5796989 1.5796989 1.5796989 1.5796989 1.5796989 1.5796989 1.5796989
 1.5796989 1.5796989 1.5796989 1.5796989 1.5796989]",[  0.    103.417  22.583],355.0,29,2019,9,22
"[1.7530799 1.7530799 1.7530799 1.7530799 1.7530799 1.7530799 1.7530799
 1.7530799 1.7530799 1.7530799 1.7530799 1.7530799]",[  0.    103.417  22.583],355.0,30,2019,9,22
"[1.8301398 1.8301398 1.8301398 1.8301398 1.8301398 1.8301398 1.8301398
 1.8301398 1.8301398 1.8301398 1.8301398 1.8301398]",[  0.    103.417  22.583],355.0,31,2019,9,22
"[1.8301398 1.8301398 1.8301398 1.8301398 1.8301398 1.8301398 1.8301398
 1.8301398 1.8301398 1.8301398 1.8301398 1.8301398]",[  0.    103.417  22.583],355.0,32,2019,9,22
"[1.2714654 1.2714654 1.2714654 1.2714654 1.2714654 1.2714654 1.2714654
 1.2714654 1.2714654 1.2714654 1.2714654 1.2714654]",[  0.    103.417  22.583],355.0,33,2019,9,22
"[0.4238218 0.4238218 0.4238218 0.4238218 0.4238218 0.4238218 0.4238218
 0.4238218 0.4238218 0.4238218 0.4238218 0.4238218]",[  0.    103.417  22.583],355.0,34,2019,9,22
"[0.38529336 0.38529336 0.38529336 0.38529336 0.38529336 0.38529336
 0.38529336 0.38529336 0.38529336 0.38529336 0.38529336 0.38529336]",[  0.    103.417  22.583],355.0,35,2019,9,22
"[3.1016054 3.1016054 3.1016054 3.1016054 3.1016054 3.1016054 3.1016054
 3.1016054 3.1016054 3.1016054 3.1016054 3.1016054]",[  0.    103.417  22.583],355.0,36,2019,9,22
"[14.718176 14.718176 14.718176 14.718176 14.718176 14.718176 14.718176
 14.718176 14.718176 14.718176 14.718176 14.718176]",[  0.    103.417  22.583],355.0,37,2019,9,22
"[15.199789 15.199789 15.199789 15.199789 15.199789 15.199789 15.199789
 15.199789 15.199789 15.199789 15.199789 15.199789]",[  0.    103.417  22.583],355.0,38,2019,9,22
"[15.296113 15.296113 15.296113 15.296113 15.296113 15.296113 15.296113
 15.296113 15.296113 15.296113 15.296113 15.296113]",[  0.    103.417  22.583],355.0,39,2019,9,22
"[16.644638 16.644638 16.644638 16.644638 16.644638 16.644638 16.644638
 16.644638 16.644638 16.644638 16.644638 16.644638]",[  0.    103.417  22.583],355.0,40,2019,9,22
"[23.522108 23.522108 23.522108 23.522108 23.522108 23.522108 23.522108
 23.522108 23.522108 23.522108 23.522108 23.522108]",[  0.    103.417  22.583],355.0,41,2019,9,22
"[23.44505 23.44505 23.44505 23.44505 23.44505 23.44505 23.44505 23.44505
 23.44505 23.44505 23.44505 23.44505]",[  0.    103.417  22.583],355.0,42,2019,9,22
"[20.709473 20.709473 20.709473 20.709473 20.709473 20.709473 20.709473
 20.709473 20.709473 20.709473 20.709473 20.709473]",[  0.    103.417  22.583],355.0,43,2019,9,22
"[8.919522 8.919522 8.919522 8.919522 8.919522 8.919522 8.919522 8.919522
 8.919522 8.919522 8.919522 8.919522]",[  0.    103.417  22.583],355.0,44,2019,9,22
"[8.437907 8.437907 8.437907 8.437907 8.437907 8.437907 8.437907 8.437907
 8.437907 8.437907 8.437907 8.437907]",[  0.    103.417  22.583],355.0,45,2019,9,22
"[8.707612 8.707612 8.707612 8.707612 8.707612 8.707612 8.707612 8.707612
 8.707612 8.707612 8.707612 8.707612]",[  0.    103.417  22.583],355.0,46,2019,9,22
"[75.07425 75.07425 75.07425 75.07425 75.07425 75.07425 75.07425 75.07425
 75.07425 75.07425 75.07425 75.07425]",[ 47.    103.417  22.583],355.0,7,2020,9,22
"[58.02506 58.02506 58.02506 58.02506 58.02506 58.02506 58.02506 58.02506
 58.02506 58.02506 58.02506 58.02506]",[ 41.6   103.417  22.583],355.0,8,2020,9,22
"[51.59067 51.59067 51.59067 51.59067 51.59067 51.59067 51.59067 51.59067
 51.59067 51.59067 51.59067 51.59067]",[ 21.9   103.417  22.583],355.0,9,2020,9,22
"[52.264935 52.264935 52.264935 52.264935 52.264935 52.264935 52.264935
 52.264935 52.264935 52.264935 52.264935 52.264935]",[  6.1   103.417  22.583],355.0,10,2020,9,22
"[57.081093 57.081093 57.081093 57.081093 57.081093 57.081093 57.081093
 57.081093 57.081093 57.081093 57.081093 57.081093]",[  1.9   103.417  22.583],355.0,11,2020,9,22
"[40.205276 40.205276 40.205276 40.205276 40.205276 40.205276 40.205276
 40.205276 40.205276 40.205276 40.205276 40.205276]",[  0.    103.417  22.583],355.0,12,2020,9,22
"[49.10553 49.10553 49.10553 49.10553 49.10553 49.10553 49.10553 49.10553
 49.10553 49.10553 49.10553 49.10553]",[  0.    103.417  22.583],355.0,13,2020,9,22
"[62.74488 62.74488 62.74488 62.74488 62.74488 62.74488 62.74488 62.74488
 62.74488 62.74488 62.74488 62.74488]",[  0.    103.417  22.583],355.0,14,2020,9,22
"[78.52261 78.52261 78.52261 78.52261 78.52261 78.52261 78.52261 78.52261
 78.52261 78.52261 78.52261 78.52261]",[  0.    103.417  22.583],355.0,15,2020,9,22
"[67.21428 67.21428 67.21428 67.21428 67.21428 67.21428 67.21428 67.21428
 67.21428 67.21428 67.21428 67.21428]",[  0.    103.417  22.583],355.0,16,2020,9,22
"[63.958553 63.958553 63.958553 63.958553 63.958553 63.958553 63.958553
 63.958553 63.958553 63.958553 63.958553 63.958553]",[  0.    103.417  22.583],355.0,17,2020,9,22
"[56.483875 56.483875 56.483875 56.483875 56.483875 56.483875 56.483875
 56.483875 56.483875 56.483875 56.483875 56.483875]",[  0.    103.417  22.583],355.0,18,2020,9,22
"[49.625675 49.625675 49.625675 49.625675 49.625675 49.625675 49.625675
 49.625675 49.625675 49.625675 49.625675 49.625675]",[  0.    103.417  22.583],355.0,19,2020,9,22
"[40.301594 40.301594 40.301594 40.301594 40.301594 40.301594 40.301594
 40.301594 40.301594 40.301594 40.301594 40.301594]",[  0.    103.417  22.583],355.0,20,2020,9,22
"[37.392635 37.392635 37.392635 37.392635 37.392635 37.392635 37.392635
 37.392635 37.392635 37.392635 37.392635 37.392635]",[  0.    103.417  22.583],355.0,21,2020,9,22
"[24.658716 24.658716 24.658716 24.658716 24.658716 24.658716 24.658716
 24.658716 24.658716 24.658716 24.658716 24.658716]",[  0.    103.417  22.583],355.0,22,2020,9,22
"[21.57638 21.57638 21.57638 21.57638 21.57638 21.57638 21.57638 21.57638
 21.57638 21.57638 21.57638 21.57638]",[  4.9   103.417  22.583],355.0,23,2020,9,22
"[22.269907 22.269907 22.269907 22.269907 22.269907 22.269907 22.269907
 22.269907 22.269907 22.269907 22.269907 22.269907]",[  4.9   103.417  22.583],355.0,24,2020,9,22
"[24.003723 24.003723 24.003723 24.003723 24.003723 24.003723 24.003723
 24.003723 24.003723 24.003723 24.003723 24.003723]",[  4.9   103.417  22.583],355.0,25,2020,9,22
"[25.602686 25.602686 25.602686 25.602686 25.602686 25.602686 25.602686
 25.602686 25.602686 25.602686 25.602686 25.602686]",[  4.9   103.417  22.583],355.0,26,2020,9,22
"[22.770782 22.770782 22.770782 22.770782 22.770782 22.770782 22.770782
 22.770782 22.770782 22.770782 22.770782 22.770782]",[  6.3   103.417  22.583],355.0,27,2020,9,22
"[19.303152 19.303152 19.303152 19.303152 19.303152 19.303152 19.303152
 19.303152 19.303152 19.303152 19.303152 19.303152]",[  9.1   103.417  22.583],355.0,28,2020,9,22
"[27.644735 27.644735 27.644735 27.644735 27.644735 27.644735 27.644735
 27.644735 27.644735 27.644735 27.644735 27.644735]",[  9.1   103.417  22.583],355.0,29,2020,9,22
"[40.802475 40.802475 40.802475 40.802475 40.802475 40.802475 40.802475
 40.802475 40.802475 40.802475 40.802475 40.802475]",[  4.2   103.417  22.583],355.0,30,2020,9,22
"[48.81656 48.81656 48.81656 48.81656 48.81656 48.81656 48.81656 48.81656
 48.81656 48.81656 48.81656 48.81656]",[  4.2   103.417  22.583],355.0,31,2020,9,22
"[63.342087 63.342087 63.342087 63.342087 63.342087 63.342087 63.342087
 63.342087 63.342087 63.342087 63.342087 63.342087]",[  4.2   103.417  22.583],355.0,32,2020,9,22
"[69.85353 69.85353 69.85353 69.85353 69.85353 69.85353 69.85353 69.85353
 69.85353 69.85353 69.85353 69.85353]",[  4.2   103.417  22.583],355.0,33,2020,9,22
"[66.925316 66.925316 66.925316 66.925316 66.925316 66.925316 66.925316
 66.925316 66.925316 66.925316 66.925316 66.925316]",[  2.8   103.417  22.583],355.0,34,2020,9,22
"[59.007545 59.007545 59.007545 59.007545 59.007545 59.007545 59.007545
 59.007545 59.007545 59.007545 59.007545 59.007545]",[  0.    103.417  22.583],355.0,35,2020,9,22
"[46.62039 46.62039 46.62039 46.62039 46.62039 46.62039 46.62039 46.62039
 46.62039 46.62039 46.62039 46.62039]",[  0.    103.417  22.583],355.0,36,2020,9,22
"[33.385597 33.385597 33.385597 33.385597 33.385597 33.385597 33.385597
 33.385597 33.385597 33.385597 33.385597 33.385597]",[  0.    103.417  22.583],355.0,37,2020,9,22
"[24.658718 24.658718 24.658718 24.658718 24.658718 24.658718 24.658718
 24.658718 24.658718 24.658718 24.658718 24.658718]",[  0.    103.417  22.583],355.0,38,2020,9,22
"[8.380112 8.380112 8.380112 8.380112 8.380112 8.380112 8.380112 8.380112
 8.380112 8.380112 8.380112 8.380112]",[  0.    103.417  22.583],355.0,39,2020,9,22
"[0.26970506 0.26970506 0.26970506 0.26970506 0.26970506 0.26970506
 0.26970506 0.26970506 0.26970506 0.26970506 0.26970506 0.26970506]",[  0.    103.417  22.583],355.0,40,2020,9,22
"[0.09632409 0.09632409 0.09632409 0.09632409 0.09632409 0.09632409
 0.09632409 0.09632409 0.09632409 0.09632409 0.09632409 0.09632409]",[  0.    103.417  22.583],355.0,41,2020,9,22
"[0.09632409 0.09632409 0.09632409 0.09632409 0.09632409 0.09632409
 0.09632409 0.09632409 0.09632409 0.09632409 0.09632409 0.09632409]",[  0.    103.417  22.583],355.0,42,2020,9,22
"[0.09632409 0.09632409 0.09632409 0.09632409 0.09632409 0.09632409
 0.09632409 0.09632409 0.09632409 0.09632409 0.09632409 0.09632409]",[  0.    103.417  22.583],355.0,43,2020,9,22
"[0.09632409 0.09632409 0.09632409 0.09632409 0.09632409 0.09632409
 0.09632409 0.09632409 0.09632409 0.09632409 0.09632409 0.09632409]",[  0.    103.417  22.583],355.0,44,2020,9,22
"[0.09632409 0.09632409 0.09632409 0.09632409 0.09632409 0.09632409
 0.09632409 0.09632409 0.09632409 0.09632409 0.09632409 0.09632409]",[  0.    103.417  22.583],355.0,45,2020,9,22
"[0.09632409 0.09632409 0.09632409 0.09632409 0.09632409 0.09632409
 0.09632409 0.09632409 0.09632409 0.09632409 0.09632409 0.09632409]",[  0.    103.417  22.583],355.0,46,2020,9,22
"[115.8382 115.8382 115.8382 115.8382 115.8382 115.8382 115.8382 115.8382
 115.8382 115.8382 115.8382 115.8382]",[  0.    103.417  22.583],355.0,7,2021,9,22
"[107.59293 107.59293 107.59293 107.59293 107.59293 107.59293 107.59293
 107.59293 107.59293 107.59293 107.59293 107.59293]",[ 26.2   103.417  22.583],355.0,8,2021,9,22
"[97.209305 97.209305 97.209305 97.209305 97.209305 97.209305 97.209305
 97.209305 97.209305 97.209305 97.209305 97.209305]",[ 26.2   103.417  22.583],355.0,9,2021,9,22
"[60.722107 60.722107 60.722107 60.722107 60.722107 60.722107 60.722107
 60.722107 60.722107 60.722107 60.722107 60.722107]",[ 69.    103.417  22.583],355.0,10,2021,9,22
"[35.31206 35.31206 35.31206 35.31206 35.31206 35.31206 35.31206 35.31206
 35.31206 35.31206 35.31206 35.31206]",[ 69.    103.417  22.583],355.0,11,2021,9,22
"[19.996685 19.996685 19.996685 19.996685 19.996685 19.996685 19.996685
 19.996685 19.996685 19.996685 19.996685 19.996685]",[ 69.    103.417  22.583],355.0,12,2021,9,22
"[29.628998 29.628998 29.628998 29.628998 29.628998 29.628998 29.628998
 29.628998 29.628998 29.628998 29.628998 29.628998]",[ 69.    103.417  22.583],355.0,13,2021,9,22
"[30.515173 30.515173 30.515173 30.515173 30.515173 30.515173 30.515173
 30.515173 30.515173 30.515173 30.515173 30.515173]",[ 69.    103.417  22.583],355.0,14,2021,9,22
"[30.78488 30.78488 30.78488 30.78488 30.78488 30.78488 30.78488 30.78488
 30.78488 30.78488 30.78488 30.78488]",[ 42.8   103.417  22.583],355.0,15,2021,9,22
"[29.686794 29.686794 29.686794 29.686794 29.686794 29.686794 29.686794
 29.686794 29.686794 29.686794 29.686794 29.686794]",[ 42.8   103.417  22.583],355.0,16,2021,9,22
"[27.432833 27.432833 27.432833 27.432833 27.432833 27.432833 27.432833
 27.432833 27.432833 27.432833 27.432833 27.432833]",[  0.    103.417  22.583],355.0,17,2021,9,22
"[26.912687 26.912687 26.912687 26.912687 26.912687 26.912687 26.912687
 26.912687 26.912687 26.912687 26.912687 26.912687]",[  0.    103.417  22.583],355.0,18,2021,9,22
"[20.4783 20.4783 20.4783 20.4783 20.4783 20.4783 20.4783 20.4783 20.4783
 20.4783 20.4783 20.4783]",[  1.2   103.417  22.583],355.0,19,2021,9,22
"[5.509683 5.509683 5.509683 5.509683 5.509683 5.509683 5.509683 5.509683
 5.509683 5.509683 5.509683 5.509683]",[  1.2   103.417  22.583],355.0,20,2021,9,22
"[2.7355762 2.7355762 2.7355762 2.7355762 2.7355762 2.7355762 2.7355762
 2.7355762 2.7355762 2.7355762 2.7355762 2.7355762]",[  1.2   103.417  22.583],355.0,21,2021,9,22
"[1.0788172 1.0788172 1.0788172 1.0788172 1.0788172 1.0788172 1.0788172
 1.0788172 1.0788172 1.0788172 1.0788172 1.0788172]",[  1.2   103.417  22.583],355.0,22,2021,9,22
"[1.0788172 1.0788172 1.0788172 1.0788172 1.0788172 1.0788172 1.0788172
 1.0788172 1.0788172 1.0788172 1.0788172 1.0788172]",[  1.2   103.417  22.583],355.0,23,2021,9,22
"[0.7513195 0.7513195 0.7513195 0.7513195 0.7513195 0.7513195 0.7513195
 0.7513195 0.7513195 0.7513195 0.7513195 0.7513195]",[  1.2   103.417  22.583],355.0,24,2021,9,22
"[0.01926422 0.01926422 0.01926422 0.01926422 0.01926422 0.01926422
 0.01926422 0.01926422 0.01926422 0.01926422 0.01926422 0.01926422]",[  1.2   103.417  22.583],355.0,25,2021,9,22
[0. 0. 0. 0. 0. 0. 0. 0. 0. 0. 0. 0.],[  0.    103.417  22.583],355.0,26,2021,9,22
[0. 0. 0. 0. 0. 0. 0. 0. 0. 0. 0. 0.],[  0.    103.417  22.583],355.0,27,2021,9,22
[0. 0. 0. 0. 0. 0. 0. 0. 0. 0. 0. 0.],[  0.    103.417  22.583],355.0,28,2021,9,22
[0. 0. 0. 0. 0. 0. 0. 0. 0. 0. 0. 0.],[  0.    103.417  22.583],355.0,29,2021,9,22
[0. 0. 0. 0. 0. 0. 0. 0. 0. 0. 0. 0.],[ 13.8   103.417  22.583],355.0,30,2021,9,22
[0. 0. 0. 0. 0. 0. 0. 0. 0. 0. 0. 0.],[ 13.8   103.417  22.583],355.0,31,2021,9,22
[0. 0. 0. 0. 0. 0. 0. 0. 0. 0. 0. 0.],[ 13.8   103.417  22.583],355.0,32,2021,9,22
[0. 0. 0. 0. 0. 0. 0. 0. 0. 0. 0. 0.],[ 13.8   103.417  22.583],355.0,33,2021,9,22
[0. 0. 0. 0. 0. 0. 0. 0. 0. 0. 0. 0.],[ 13.8   103.417  22.583],355.0,34,2021,9,22
[0. 0. 0. 0. 0. 0. 0. 0. 0. 0. 0. 0.],[ 13.8   103.417  22.583],355.0,35,2021,9,22
[0. 0. 0. 0. 0. 0. 0. 0. 0. 0. 0. 0.],[ 13.8   103.417  22.583],355.0,36,2021,9,22
[0. 0. 0. 0. 0. 0. 0. 0. 0. 0. 0. 0.],[  0.    103.417  22.583],355.0,37,2021,9,22
[0. 0. 0. 0. 0. 0. 0. 0. 0. 0. 0. 0.],[  0.    103.417  22.583],355.0,38,2021,9,22
"[0.01926422 0.01926422 0.01926422 0.01926422 0.01926422 0.01926422
 0.01926422 0.01926422 0.01926422 0.01926422 0.01926422 0.01926422]",[ 17.5   103.417  22.583],355.0,39,2021,9,22
"[0.4238218 0.4238218 0.4238218 0.4238218 0.4238218 0.4238218 0.4238218
 0.4238218 0.4238218 0.4238218 0.4238218 0.4238218]",[ 17.5   103.417  22.583],355.0,40,2021,9,22
"[2.8704286 2.8704286 2.8704286 2.8704286 2.8704286 2.8704286 2.8704286
 2.8704286 2.8704286 2.8704286 2.8704286 2.8704286]",[ 47.5   103.417  22.583],355.0,41,2021,9,22
"[2.9667525 2.9667525 2.9667525 2.9667525 2.9667525 2.9667525 2.9667525
 2.9667525 2.9667525 2.9667525 2.9667525 2.9667525]",[ 47.5   103.417  22.583],355.0,42,2021,9,22
"[3.6795435 3.6795435 3.6795435 3.6795435 3.6795435 3.6795435 3.6795435
 3.6795435 3.6795435 3.6795435 3.6795435 3.6795435]",[ 47.5   103.417  22.583],355.0,43,2021,9,22
"[6.3958554 6.3958554 6.3958554 6.3958554 6.3958554 6.3958554 6.3958554
 6.3958554 6.3958554 6.3958554 6.3958554 6.3958554]",[ 47.5   103.417  22.583],355.0,44,2021,9,22
"[6.4151196 6.4151196 6.4151196 6.4151196 6.4151196 6.4151196 6.4151196
 6.4151196 6.4151196 6.4151196 6.4151196 6.4151196]",[ 47.5   103.417  22.583],355.0,45,2021,9,22
"[6.453648 6.453648 6.453648 6.453648 6.453648 6.453648 6.453648 6.453648
 6.453648 6.453648 6.453648 6.453648]",[ 30.    103.417  22.583],355.0,46,2021,9,22
"[15.649418 15.649418 15.649418 15.649418 15.649418 15.649418 15.649418
 15.649418 15.649418 15.649418 15.649418 15.649418]",[ 32.5   103.417  22.583],355.0,7,2018,9,26
"[8.090705 8.090705 8.090705 8.090705 8.090705 8.090705 8.090705 8.090705
 8.090705 8.090705 8.090705 8.090705]",[ 27.3   103.417  22.583],355.0,8,2018,9,26
"[2.1279662 2.1279662 2.1279662 2.1279662 2.1279662 2.1279662 2.1279662
 2.1279662 2.1279662 2.1279662 2.1279662 2.1279662]",[  0.7   103.417  22.583],355.0,9,2018,9,26
"[0.8866519 0.8866519 0.8866519 0.8866519 0.8866519 0.8866519 0.8866519
 0.8866519 0.8866519 0.8866519 0.8866519 0.8866519]",[  0.    103.417  22.583],355.0,10,2018,9,26
"[0.08866489 0.08866489 0.08866489 0.08866489 0.08866489 0.08866489
 0.08866489 0.08866489 0.08866489 0.08866489 0.08866489 0.08866489]",[  0.    103.417  22.583],355.0,11,2018,9,26
"[0.04433393 0.04433393 0.04433393 0.04433393 0.04433393 0.04433393
 0.04433393 0.04433393 0.04433393 0.04433393 0.04433393 0.04433393]",[  0.    103.417  22.583],355.0,12,2018,9,26
"[0.3989935 0.3989935 0.3989935 0.3989935 0.3989935 0.3989935 0.3989935
 0.3989935 0.3989935 0.3989935 0.3989935 0.3989935]",[  0.    103.417  22.583],355.0,13,2018,9,26
"[0.3989935 0.3989935 0.3989935 0.3989935 0.3989935 0.3989935 0.3989935
 0.3989935 0.3989935 0.3989935 0.3989935 0.3989935]",[  7.5   103.417  22.583],355.0,14,2018,9,26
"[0.3989935 0.3989935 0.3989935 0.3989935 0.3989935 0.3989935 0.3989935
 0.3989935 0.3989935 0.3989935 0.3989935 0.3989935]",[  8.9   103.417  22.583],355.0,15,2018,9,26
"[1.0639817 1.0639817 1.0639817 1.0639817 1.0639817 1.0639817 1.0639817
 1.0639817 1.0639817 1.0639817 1.0639817 1.0639817]",[  8.9   103.417  22.583],355.0,16,2018,9,26
"[1.0639817 1.0639817 1.0639817 1.0639817 1.0639817 1.0639817 1.0639817
 1.0639817 1.0639817 1.0639817 1.0639817 1.0639817]",[  8.9   103.417  22.583],355.0,17,2018,9,26
"[15.028761 15.028761 15.028761 15.028761 15.028761 15.028761 15.028761
 15.028761 15.028761 15.028761 15.028761 15.028761]",[ 10.3   103.417  22.583],355.0,18,2018,9,26
"[18.597534 18.597534 18.597534 18.597534 18.597534 18.597534 18.597534
 18.597534 18.597534 18.597534 18.597534 18.597534]",[ 10.3   103.417  22.583],355.0,19,2018,9,26
"[19.506353 19.506353 19.506353 19.506353 19.506353 19.506353 19.506353
 19.506353 19.506353 19.506353 19.506353 19.506353]",[ 10.3   103.417  22.583],355.0,20,2018,9,26
"[20.30434 20.30434 20.30434 20.30434 20.30434 20.30434 20.30434 20.30434
 20.30434 20.30434 20.30434 20.30434]",[  2.8   103.417  22.583],355.0,21,2018,9,26
"[29.215199 29.215199 29.215199 29.215199 29.215199 29.215199 29.215199
 29.215199 29.215199 29.215199 29.215199 29.215199]",[  8.4   103.417  22.583],355.0,22,2018,9,26
"[28.882706 28.882706 28.882706 28.882706 28.882706 28.882706 28.882706
 28.882706 28.882706 28.882706 28.882706 28.882706]",[  8.4   103.417  22.583],355.0,23,2018,9,26
"[28.882706 28.882706 28.882706 28.882706 28.882706 28.882706 28.882706
 28.882706 28.882706 28.882706 28.882706 28.882706]",[  8.4   103.417  22.583],355.0,24,2018,9,26
"[15.383416 15.383416 15.383416 15.383416 15.383416 15.383416 15.383416
 15.383416 15.383416 15.383416 15.383416 15.383416]",[  7.2   103.417  22.583],355.0,25,2018,9,26
"[12.4353 12.4353 12.4353 12.4353 12.4353 12.4353 12.4353 12.4353 12.4353
 12.4353 12.4353 12.4353]",[ 28.9   103.417  22.583],355.0,26,2018,9,26
"[11.748144 11.748144 11.748144 11.748144 11.748144 11.748144 11.748144
 11.748144 11.748144 11.748144 11.748144 11.748144]",[ 31.    103.417  22.583],355.0,27,2018,9,26
"[14.341602 14.341602 14.341602 14.341602 14.341602 14.341602 14.341602
 14.341602 14.341602 14.341602 14.341602 14.341602]",[ 34.5   103.417  22.583],355.0,28,2018,9,26
"[7.2483807 7.2483807 7.2483807 7.2483807 7.2483807 7.2483807 7.2483807
 7.2483807 7.2483807 7.2483807 7.2483807 7.2483807]",[ 31.5   103.417  22.583],355.0,29,2018,9,26
"[8.977354 8.977354 8.977354 8.977354 8.977354 8.977354 8.977354 8.977354
 8.977354 8.977354 8.977354 8.977354]",[ 31.5   103.417  22.583],355.0,30,2018,9,26
"[16.93506 16.93506 16.93506 16.93506 16.93506 16.93506 16.93506 16.93506
 16.93506 16.93506 16.93506 16.93506]",[ 44.6   103.417  22.583],355.0,31,2018,9,26
"[16.513903 16.513903 16.513903 16.513903 16.513903 16.513903 16.513903
 16.513903 16.513903 16.513903 16.513903 16.513903]",[ 44.4   103.417  22.583],355.0,32,2018,9,26
"[15.893246 15.893246 15.893246 15.893246 15.893246 15.893246 15.893246
 15.893246 15.893246 15.893246 15.893246 15.893246]",[ 22.7   103.417  22.583],355.0,33,2018,9,26
"[15.316923 15.316923 15.316923 15.316923 15.316923 15.316923 15.316923
 15.316923 15.316923 15.316923 15.316923 15.316923]",[ 20.6   103.417  22.583],355.0,34,2018,9,26
"[12.767799 12.767799 12.767799 12.767799 12.767799 12.767799 12.767799
 12.767799 12.767799 12.767799 12.767799 12.767799]",[ 17.1   103.417  22.583],355.0,35,2018,9,26
"[14.496772 14.496772 14.496772 14.496772 14.496772 14.496772 14.496772
 14.496772 14.496772 14.496772 14.496772 14.496772]",[ 13.1   103.417  22.583],355.0,36,2018,9,26
"[26.976406 26.976406 26.976406 26.976406 26.976406 26.976406 26.976406
 26.976406 26.976406 26.976406 26.976406 26.976406]",[ 13.1   103.417  22.583],355.0,37,2018,9,26
"[20.082684 20.082684 20.082684 20.082684 20.082684 20.082684 20.082684
 20.082684 20.082684 20.082684 20.082684 20.082684]",[  0.    103.417  22.583],355.0,38,2018,9,26
"[20.548174 20.548174 20.548174 20.548174 20.548174 20.548174 20.548174
 20.548174 20.548174 20.548174 20.548174 20.548174]",[  0.    103.417  22.583],355.0,39,2018,9,26
"[21.16883 21.16883 21.16883 21.16883 21.16883 21.16883 21.16883 21.16883
 21.16883 21.16883 21.16883 21.16883]",[  0.    103.417  22.583],355.0,40,2018,9,26
"[21.16883 21.16883 21.16883 21.16883 21.16883 21.16883 21.16883 21.16883
 21.16883 21.16883 21.16883 21.16883]",[  0.    103.417  22.583],355.0,41,2018,9,26
"[20.32651 20.32651 20.32651 20.32651 20.32651 20.32651 20.32651 20.32651
 20.32651 20.32651 20.32651 20.32651]",[  0.    103.417  22.583],355.0,42,2018,9,26
"[16.7799 16.7799 16.7799 16.7799 16.7799 16.7799 16.7799 16.7799 16.7799
 16.7799 16.7799 16.7799]",[  0.    103.417  22.583],355.0,43,2018,9,26
"[2.2166312 2.2166312 2.2166312 2.2166312 2.2166312 2.2166312 2.2166312
 2.2166312 2.2166312 2.2166312 2.2166312 2.2166312]",[  0.2   103.417  22.583],355.0,44,2018,9,26
"[1.1526495 1.1526495 1.1526495 1.1526495 1.1526495 1.1526495 1.1526495
 1.1526495 1.1526495 1.1526495 1.1526495 1.1526495]",[  0.2   103.417  22.583],355.0,45,2018,9,26
"[0.6428242 0.6428242 0.6428242 0.6428242 0.6428242 0.6428242 0.6428242
 0.6428242 0.6428242 0.6428242 0.6428242 0.6428242]",[  4.2   103.417  22.583],355.0,46,2018,9,26
"[5.1204205 5.1204205 5.1204205 5.1204205 5.1204205 5.1204205 5.1204205
 5.1204205 5.1204205 5.1204205 5.1204205 5.1204205]",[  0.    103.417  22.583],355.0,7,2019,9,26
"[12.767797 12.767797 12.767797 12.767797 12.767797 12.767797 12.767797
 12.767797 12.767797 12.767797 12.767797 12.767797]",[ 55.9   103.417  22.583],355.0,8,2019,9,26
"[29.614197 29.614197 29.614197 29.614197 29.614197 29.614197 29.614197
 29.614197 29.614197 29.614197 29.614197 29.614197]",[ 55.9   103.417  22.583],355.0,9,2019,9,26
"[34.02529 34.02529 34.02529 34.02529 34.02529 34.02529 34.02529 34.02529
 34.02529 34.02529 34.02529 34.02529]",[ 55.9   103.417  22.583],355.0,10,2019,9,26
"[35.554768 35.554768 35.554768 35.554768 35.554768 35.554768 35.554768
 35.554768 35.554768 35.554768 35.554768 35.554768]",[ 55.9   103.417  22.583],355.0,11,2019,9,26
"[39.72203 39.72203 39.72203 39.72203 39.72203 39.72203 39.72203 39.72203
 39.72203 39.72203 39.72203 39.72203]",[ 55.9   103.417  22.583],355.0,12,2019,9,26
"[45.618267 45.618267 45.618267 45.618267 45.618267 45.618267 45.618267
 45.618267 45.618267 45.618267 45.618267 45.618267]",[ 55.9   103.417  22.583],355.0,13,2019,9,26
"[42.89181 42.89181 42.89181 42.89181 42.89181 42.89181 42.89181 42.89181
 42.89181 42.89181 42.89181 42.89181]",[ 55.9   103.417  22.583],355.0,14,2019,9,26
"[39.522537 39.522537 39.522537 39.522537 39.522537 39.522537 39.522537
 39.522537 39.522537 39.522537 39.522537 39.522537]",[  0.    103.417  22.583],355.0,15,2019,9,26
"[30.079687 30.079687 30.079687 30.079687 30.079687 30.079687 30.079687
 30.079687 30.079687 30.079687 30.079687 30.079687]",[  0.4   103.417  22.583],355.0,16,2019,9,26
"[29.503363 29.503363 29.503363 29.503363 29.503363 29.503363 29.503363
 29.503363 29.503363 29.503363 29.503363 29.503363]",[  0.4   103.417  22.583],355.0,17,2019,9,26
"[28.106886 28.106886 28.106886 28.106886 28.106886 28.106886 28.106886
 28.106886 28.106886 28.106886 28.106886 28.106886]",[  0.4   103.417  22.583],355.0,18,2019,9,26
"[23.917456 23.917456 23.917456 23.917456 23.917456 23.917456 23.917456
 23.917456 23.917456 23.917456 23.917456 23.917456]",[  0.4   103.417  22.583],355.0,19,2019,9,26
"[17.99905 17.99905 17.99905 17.99905 17.99905 17.99905 17.99905 17.99905
 17.99905 17.99905 17.99905 17.99905]",[  0.4   103.417  22.583],355.0,20,2019,9,26
"[15.782418 15.782418 15.782418 15.782418 15.782418 15.782418 15.782418
 15.782418 15.782418 15.782418 15.782418 15.782418]",[  0.4   103.417  22.583],355.0,21,2019,9,26
"[11.504319 11.504319 11.504319 11.504319 11.504319 11.504319 11.504319
 11.504319 11.504319 11.504319 11.504319 11.504319]",[  0.4   103.417  22.583],355.0,22,2019,9,26
"[3.967771 3.967771 3.967771 3.967771 3.967771 3.967771 3.967771 3.967771
 3.967771 3.967771 3.967771 3.967771]",[  0.    103.417  22.583],355.0,23,2019,9,26
"[0.13299882 0.13299882 0.13299882 0.13299882 0.13299882 0.13299882
 0.13299882 0.13299882 0.13299882 0.13299882 0.13299882 0.13299882]",[  0.    103.417  22.583],355.0,24,2019,9,26
[0. 0. 0. 0. 0. 0. 0. 0. 0. 0. 0. 0.],[  0.    103.417  22.583],355.0,25,2019,9,26
[0. 0. 0. 0. 0. 0. 0. 0. 0. 0. 0. 0.],[  0.    103.417  22.583],355.0,26,2019,9,26
"[0.3103286 0.3103286 0.3103286 0.3103286 0.3103286 0.3103286 0.3103286
 0.3103286 0.3103286 0.3103286 0.3103286 0.3103286]",[  0.    103.417  22.583],355.0,27,2019,9,26
"[12.1471405 12.1471405 12.1471405 12.1471405 12.1471405 12.1471405
 12.1471405 12.1471405 12.1471405 12.1471405 12.1471405 12.1471405]",[  0.    103.417  22.583],355.0,28,2019,9,26
"[13.942612 13.942612 13.942612 13.942612 13.942612 13.942612 13.942612
 13.942612 13.942612 13.942612 13.942612 13.942612]",[  0.    103.417  22.583],355.0,29,2019,9,26
"[14.674101 14.674101 14.674101 14.674101 14.674101 14.674101 14.674101
 14.674101 14.674101 14.674101 14.674101 14.674101]",[  0.    103.417  22.583],355.0,30,2019,9,26
"[14.674101 14.674101 14.674101 14.674101 14.674101 14.674101 14.674101
 14.674101 14.674101 14.674101 14.674101 14.674101]",[  0.    103.417  22.583],355.0,31,2019,9,26
"[14.674101 14.674101 14.674101 14.674101 14.674101 14.674101 14.674101
 14.674101 14.674101 14.674101 14.674101 14.674101]",[  0.    103.417  22.583],355.0,32,2019,9,26
"[14.674101 14.674101 14.674101 14.674101 14.674101 14.674101 14.674101
 14.674101 14.674101 14.674101 14.674101 14.674101]",[  0.    103.417  22.583],355.0,33,2019,9,26
"[14.363771 14.363771 14.363771 14.363771 14.363771 14.363771 14.363771
 14.363771 14.363771 14.363771 14.363771 14.363771]",[  0.    103.417  22.583],355.0,34,2019,9,26
"[2.52696 2.52696 2.52696 2.52696 2.52696 2.52696 2.52696 2.52696 2.52696
 2.52696 2.52696 2.52696]",[  0.    103.417  22.583],355.0,35,2019,9,26
"[0.73148906 0.73148906 0.73148906 0.73148906 0.73148906 0.73148906
 0.73148906 0.73148906 0.73148906 0.73148906 0.73148906 0.73148906]",[  0.    103.417  22.583],355.0,36,2019,9,26
[0. 0. 0. 0. 0. 0. 0. 0. 0. 0. 0. 0.],[  0.    103.417  22.583],355.0,37,2019,9,26
"[0.19949675 0.19949675 0.19949675 0.19949675 0.19949675 0.19949675
 0.19949675 0.19949675 0.19949675 0.19949675 0.19949675 0.19949675]",[  0.    103.417  22.583],355.0,38,2019,9,26
"[4.787922 4.787922 4.787922 4.787922 4.787922 4.787922 4.787922 4.787922
 4.787922 4.787922 4.787922 4.787922]",[  0.    103.417  22.583],355.0,39,2019,9,26
"[4.8987536 4.8987536 4.8987536 4.8987536 4.8987536 4.8987536 4.8987536
 4.8987536 4.8987536 4.8987536 4.8987536 4.8987536]",[  0.    103.417  22.583],355.0,40,2019,9,26
"[4.9209204 4.9209204 4.9209204 4.9209204 4.9209204 4.9209204 4.9209204
 4.9209204 4.9209204 4.9209204 4.9209204 4.9209204]",[  0.    103.417  22.583],355.0,41,2019,9,26
"[4.9652543 4.9652543 4.9652543 4.9652543 4.9652543 4.9652543 4.9652543
 4.9652543 4.9652543 4.9652543 4.9652543 4.9652543]",[  0.    103.417  22.583],355.0,42,2019,9,26
"[5.0095882 5.0095882 5.0095882 5.0095882 5.0095882 5.0095882 5.0095882
 5.0095882 5.0095882 5.0095882 5.0095882 5.0095882]",[  0.    103.417  22.583],355.0,43,2019,9,26
"[5.0095882 5.0095882 5.0095882 5.0095882 5.0095882 5.0095882 5.0095882
 5.0095882 5.0095882 5.0095882 5.0095882 5.0095882]",[  0.    103.417  22.583],355.0,44,2019,9,26
"[5.8740735 5.8740735 5.8740735 5.8740735 5.8740735 5.8740735 5.8740735
 5.8740735 5.8740735 5.8740735 5.8740735 5.8740735]",[  0.    103.417  22.583],355.0,45,2019,9,26
"[1.2856483 1.2856483 1.2856483 1.2856483 1.2856483 1.2856483 1.2856483
 1.2856483 1.2856483 1.2856483 1.2856483 1.2856483]",[  0.    103.417  22.583],355.0,46,2019,9,26
"[41.162846 41.162846 41.162846 41.162846 41.162846 41.162846 41.162846
 41.162846 41.162846 41.162846 41.162846 41.162846]",[  1.9   103.417  22.583],355.0,7,2020,9,26
"[26.222752 26.222752 26.222752 26.222752 26.222752 26.222752 26.222752
 26.222752 26.222752 26.222752 26.222752 26.222752]",[  0.    103.417  22.583],355.0,8,2020,9,26
"[50.62786 50.62786 50.62786 50.62786 50.62786 50.62786 50.62786 50.62786
 50.62786 50.62786 50.62786 50.62786]",[  0.    103.417  22.583],355.0,9,2020,9,26
"[57.05609 57.05609 57.05609 57.05609 57.05609 57.05609 57.05609 57.05609
 57.05609 57.05609 57.05609 57.05609]",[  0.    103.417  22.583],355.0,10,2020,9,26
"[62.021347 62.021347 62.021347 62.021347 62.021347 62.021347 62.021347
 62.021347 62.021347 62.021347 62.021347 62.021347]",[  0.    103.417  22.583],355.0,11,2020,9,26
"[59.11756 59.11756 59.11756 59.11756 59.11756 59.11756 59.11756 59.11756
 59.11756 59.11756 59.11756 59.11756]",[  0.    103.417  22.583],355.0,12,2020,9,26
"[59.29489 59.29489 59.29489 59.29489 59.29489 59.29489 59.29489 59.29489
 59.29489 59.29489 59.29489 59.29489]",[  0.    103.417  22.583],355.0,13,2020,9,26
"[57.58808 57.58808 57.58808 57.58808 57.58808 57.58808 57.58808 57.58808
 57.58808 57.58808 57.58808 57.58808]",[  0.    103.417  22.583],355.0,14,2020,9,26
"[55.238453 55.238453 55.238453 55.238453 55.238453 55.238453 55.238453
 55.238453 55.238453 55.238453 55.238453 55.238453]",[  0.    103.417  22.583],355.0,15,2020,9,26
"[26.75474 26.75474 26.75474 26.75474 26.75474 26.75474 26.75474 26.75474
 26.75474 26.75474 26.75474 26.75474]",[  0.    103.417  22.583],355.0,16,2020,9,26
"[19.06303 19.06303 19.06303 19.06303 19.06303 19.06303 19.06303 19.06303
 19.06303 19.06303 19.06303 19.06303]",[  0.    103.417  22.583],355.0,17,2020,9,26
"[13.58795 13.58795 13.58795 13.58795 13.58795 13.58795 13.58795 13.58795
 13.58795 13.58795 13.58795 13.58795]",[  0.    103.417  22.583],355.0,18,2020,9,26
"[15.649418 15.649418 15.649418 15.649418 15.649418 15.649418 15.649418
 15.649418 15.649418 15.649418 15.649418 15.649418]",[  4.9   103.417  22.583],355.0,19,2020,9,26
"[18.863533 18.863533 18.863533 18.863533 18.863533 18.863533 18.863533
 18.863533 18.863533 18.863533 18.863533 18.863533]",[  4.9   103.417  22.583],355.0,20,2020,9,26
"[17.976881 17.976881 17.976881 17.976881 17.976881 17.976881 17.976881
 17.976881 17.976881 17.976881 17.976881 17.976881]",[  4.9   103.417  22.583],355.0,21,2020,9,26
"[28.461548 28.461548 28.461548 28.461548 28.461548 28.461548 28.461548
 28.461548 28.461548 28.461548 28.461548 28.461548]",[  4.9   103.417  22.583],355.0,22,2020,9,26
"[74.03549 74.03549 74.03549 74.03549 74.03549 74.03549 74.03549 74.03549
 74.03549 74.03549 74.03549 74.03549]",[  6.3   103.417  22.583],355.0,23,2020,9,26
"[79.93173 79.93173 79.93173 79.93173 79.93173 79.93173 79.93173 79.93173
 79.93173 79.93173 79.93173 79.93173]",[  9.1   103.417  22.583],355.0,24,2020,9,26
"[78.09193 78.09193 78.09193 78.09193 78.09193 78.09193 78.09193 78.09193
 78.09193 78.09193 78.09193 78.09193]",[  9.1   103.417  22.583],355.0,25,2020,9,26
"[70.59972 70.59972 70.59972 70.59972 70.59972 70.59972 70.59972 70.59972
 70.59972 70.59972 70.59972 70.59972]",[  4.2   103.417  22.583],355.0,26,2020,9,26
"[66.58761 66.58761 66.58761 66.58761 66.58761 66.58761 66.58761 66.58761
 66.58761 66.58761 66.58761 66.58761]",[  4.2   103.417  22.583],355.0,27,2020,9,26
"[69.136734 69.136734 69.136734 69.136734 69.136734 69.136734 69.136734
 69.136734 69.136734 69.136734 69.136734 69.136734]",[  4.2   103.417  22.583],355.0,28,2020,9,26
"[58.297405 58.297405 58.297405 58.297405 58.297405 58.297405 58.297405
 58.297405 58.297405 58.297405 58.297405 58.297405]",[  4.2   103.417  22.583],355.0,29,2020,9,26
"[17.31189 17.31189 17.31189 17.31189 17.31189 17.31189 17.31189 17.31189
 17.31189 17.31189 17.31189 17.31189]",[  2.8   103.417  22.583],355.0,30,2020,9,26
"[21.922482 21.922482 21.922482 21.922482 21.922482 21.922482 21.922482
 21.922482 21.922482 21.922482 21.922482 21.922482]",[  0.    103.417  22.583],355.0,31,2020,9,26
"[44.199627 44.199627 44.199627 44.199627 44.199627 44.199627 44.199627
 44.199627 44.199627 44.199627 44.199627 44.199627]",[  0.    103.417  22.583],355.0,32,2020,9,26
"[59.605217 59.605217 59.605217 59.605217 59.605217 59.605217 59.605217
 59.605217 59.605217 59.605217 59.605217 59.605217]",[  0.    103.417  22.583],355.0,33,2020,9,26
"[57.233418 57.233418 57.233418 57.233418 57.233418 57.233418 57.233418
 57.233418 57.233418 57.233418 57.233418 57.233418]",[  0.    103.417  22.583],355.0,34,2020,9,26
"[54.639957 54.639957 54.639957 54.639957 54.639957 54.639957 54.639957
 54.639957 54.639957 54.639957 54.639957 54.639957]",[  0.    103.417  22.583],355.0,35,2020,9,26
"[54.50696 54.50696 54.50696 54.50696 54.50696 54.50696 54.50696 54.50696
 54.50696 54.50696 54.50696 54.50696]",[  0.    103.417  22.583],355.0,36,2020,9,26
"[49.918537 49.918537 49.918537 49.918537 49.918537 49.918537 49.918537
 49.918537 49.918537 49.918537 49.918537 49.918537]",[  0.    103.417  22.583],355.0,37,2020,9,26
"[39.345203 39.345203 39.345203 39.345203 39.345203 39.345203 39.345203
 39.345203 39.345203 39.345203 39.345203 39.345203]",[  0.    103.417  22.583],355.0,38,2020,9,26
"[16.380903 16.380903 16.380903 16.380903 16.380903 16.380903 16.380903
 16.380903 16.380903 16.380903 16.380903 16.380903]",[  0.    103.417  22.583],355.0,39,2020,9,26
"[0.28816164 0.28816164 0.28816164 0.28816164 0.28816164 0.28816164
 0.28816164 0.28816164 0.28816164 0.28816164 0.28816164 0.28816164]",[  0.    103.417  22.583],355.0,40,2020,9,26
"[3.5687776 3.5687776 3.5687776 3.5687776 3.5687776 3.5687776 3.5687776
 3.5687776 3.5687776 3.5687776 3.5687776 3.5687776]",[  0.    103.417  22.583],355.0,41,2020,9,26
"[10.307337 10.307337 10.307337 10.307337 10.307337 10.307337 10.307337
 10.307337 10.307337 10.307337 10.307337 10.307337]",[  0.    103.417  22.583],355.0,42,2020,9,26
"[11.5264845 11.5264845 11.5264845 11.5264845 11.5264845 11.5264845
 11.5264845 11.5264845 11.5264845 11.5264845 11.5264845 11.5264845]",[  0.    103.417  22.583],355.0,43,2020,9,26
"[13.83178 13.83178 13.83178 13.83178 13.83178 13.83178 13.83178 13.83178
 13.83178 13.83178 13.83178 13.83178]",[  0.    103.417  22.583],355.0,44,2020,9,26
"[14.119942 14.119942 14.119942 14.119942 14.119942 14.119942 14.119942
 14.119942 14.119942 14.119942 14.119942 14.119942]",[  0.    103.417  22.583],355.0,45,2020,9,26
"[14.142109 14.142109 14.142109 14.142109 14.142109 14.142109 14.142109
 14.142109 14.142109 14.142109 14.142109 14.142109]",[  0.    103.417  22.583],355.0,46,2020,9,26
"[35.266605 35.266605 35.266605 35.266605 35.266605 35.266605 35.266605
 35.266605 35.266605 35.266605 35.266605 35.266605]",[ 69.    103.417  22.583],355.0,7,2021,9,26
"[27.663557 27.663557 27.663557 27.663557 27.663557 27.663557 27.663557
 27.663557 27.663557 27.663557 27.663557 27.663557]",[ 69.    103.417  22.583],355.0,8,2021,9,26
"[23.806622 23.806622 23.806622 23.806622 23.806622 23.806622 23.806622
 23.806622 23.806622 23.806622 23.806622 23.806622]",[ 69.    103.417  22.583],355.0,9,2021,9,26
"[23.42979 23.42979 23.42979 23.42979 23.42979 23.42979 23.42979 23.42979
 23.42979 23.42979 23.42979 23.42979]",[ 69.    103.417  22.583],355.0,10,2021,9,26
"[34.845444 34.845444 34.845444 34.845444 34.845444 34.845444 34.845444
 34.845444 34.845444 34.845444 34.845444 34.845444]",[ 42.8   103.417  22.583],355.0,11,2021,9,26
"[61.179024 61.179024 61.179024 61.179024 61.179024 61.179024 61.179024
 61.179024 61.179024 61.179024 61.179024 61.179024]",[ 42.8   103.417  22.583],355.0,12,2021,9,26
"[83.27884 83.27884 83.27884 83.27884 83.27884 83.27884 83.27884 83.27884
 83.27884 83.27884 83.27884 83.27884]",[  0.    103.417  22.583],355.0,13,2021,9,26
"[97.57611 97.57611 97.57611 97.57611 97.57611 97.57611 97.57611 97.57611
 97.57611 97.57611 97.57611 97.57611]",[  0.    103.417  22.583],355.0,14,2021,9,26
"[100.302574 100.302574 100.302574 100.302574 100.302574 100.302574
 100.302574 100.302574 100.302574 100.302574 100.302574 100.302574]",[  1.2   103.417  22.583],355.0,15,2021,9,26
"[105.97714 105.97714 105.97714 105.97714 105.97714 105.97714 105.97714
 105.97714 105.97714 105.97714 105.97714 105.97714]",[  1.2   103.417  22.583],355.0,16,2021,9,26
"[107.66178 107.66178 107.66178 107.66178 107.66178 107.66178 107.66178
 107.66178 107.66178 107.66178 107.66178 107.66178]",[  1.2   103.417  22.583],355.0,17,2021,9,26
"[94.672325 94.672325 94.672325 94.672325 94.672325 94.672325 94.672325
 94.672325 94.672325 94.672325 94.672325 94.672325]",[  1.2   103.417  22.583],355.0,18,2021,9,26
"[65.013794 65.013794 65.013794 65.013794 65.013794 65.013794 65.013794
 65.013794 65.013794 65.013794 65.013794 65.013794]",[  1.2   103.417  22.583],355.0,19,2021,9,26
"[32.008156 32.008156 32.008156 32.008156 32.008156 32.008156 32.008156
 32.008156 32.008156 32.008156 32.008156 32.008156]",[  1.2   103.417  22.583],355.0,20,2021,9,26
"[11.592981 11.592981 11.592981 11.592981 11.592981 11.592981 11.592981
 11.592981 11.592981 11.592981 11.592981 11.592981]",[  1.2   103.417  22.583],355.0,21,2021,9,26
"[7.957706 7.957706 7.957706 7.957706 7.957706 7.957706 7.957706 7.957706
 7.957706 7.957706 7.957706 7.957706]",[  0.    103.417  22.583],355.0,22,2021,9,26
"[2.0393014 2.0393014 2.0393014 2.0393014 2.0393014 2.0393014 2.0393014
 2.0393014 2.0393014 2.0393014 2.0393014 2.0393014]",[  0.    103.417  22.583],355.0,23,2021,9,26
[0. 0. 0. 0. 0. 0. 0. 0. 0. 0. 0. 0.],[  0.    103.417  22.583],355.0,24,2021,9,26
"[0.02216697 0.02216697 0.02216697 0.02216697 0.02216697 0.02216697
 0.02216697 0.02216697 0.02216697 0.02216697 0.02216697 0.02216697]",[  0.    103.417  22.583],355.0,25,2021,9,26
"[0.9531528 0.9531528 0.9531528 0.9531528 0.9531528 0.9531528 0.9531528
 0.9531528 0.9531528 0.9531528 0.9531528 0.9531528]",[ 13.8   103.417  22.583],355.0,26,2021,9,26
"[16.60257 16.60257 16.60257 16.60257 16.60257 16.60257 16.60257 16.60257
 16.60257 16.60257 16.60257 16.60257]",[ 13.8   103.417  22.583],355.0,27,2021,9,26
"[17.444891 17.444891 17.444891 17.444891 17.444891 17.444891 17.444891
 17.444891 17.444891 17.444891 17.444891 17.444891]",[ 13.8   103.417  22.583],355.0,28,2021,9,26
"[17.467058 17.467058 17.467058 17.467058 17.467058 17.467058 17.467058
 17.467058 17.467058 17.467058 17.467058 17.467058]",[ 13.8   103.417  22.583],355.0,29,2021,9,26
"[17.467058 17.467058 17.467058 17.467058 17.467058 17.467058 17.467058
 17.467058 17.467058 17.467058 17.467058 17.467058]",[ 13.8   103.417  22.583],355.0,30,2021,9,26
"[17.467058 17.467058 17.467058 17.467058 17.467058 17.467058 17.467058
 17.467058 17.467058 17.467058 17.467058 17.467058]",[ 13.8   103.417  22.583],355.0,31,2021,9,26
"[17.467058 17.467058 17.467058 17.467058 17.467058 17.467058 17.467058
 17.467058 17.467058 17.467058 17.467058 17.467058]",[ 13.8   103.417  22.583],355.0,32,2021,9,26
"[16.735569 16.735569 16.735569 16.735569 16.735569 16.735569 16.735569
 16.735569 16.735569 16.735569 16.735569 16.735569]",[  0.    103.417  22.583],355.0,33,2021,9,26
"[1.9506365 1.9506365 1.9506365 1.9506365 1.9506365 1.9506365 1.9506365
 1.9506365 1.9506365 1.9506365 1.9506365 1.9506365]",[  0.    103.417  22.583],355.0,34,2021,9,26
"[1.4629751 1.4629751 1.4629751 1.4629751 1.4629751 1.4629751 1.4629751
 1.4629751 1.4629751 1.4629751 1.4629751 1.4629751]",[ 17.5   103.417  22.583],355.0,35,2021,9,26
"[3.7682714 3.7682714 3.7682714 3.7682714 3.7682714 3.7682714 3.7682714
 3.7682714 3.7682714 3.7682714 3.7682714 3.7682714]",[ 17.5   103.417  22.583],355.0,36,2021,9,26
"[5.098251 5.098251 5.098251 5.098251 5.098251 5.098251 5.098251 5.098251
 5.098251 5.098251 5.098251 5.098251]",[ 47.5   103.417  22.583],355.0,37,2021,9,26
"[5.1204176 5.1204176 5.1204176 5.1204176 5.1204176 5.1204176 5.1204176
 5.1204176 5.1204176 5.1204176 5.1204176 5.1204176]",[ 47.5   103.417  22.583],355.0,38,2021,9,26
"[5.430746 5.430746 5.430746 5.430746 5.430746 5.430746 5.430746 5.430746
 5.430746 5.430746 5.430746 5.430746]",[ 47.5   103.417  22.583],355.0,39,2021,9,26
"[5.6302433 5.6302433 5.6302433 5.6302433 5.6302433 5.6302433 5.6302433
 5.6302433 5.6302433 5.6302433 5.6302433 5.6302433]",[ 47.5   103.417  22.583],355.0,40,2021,9,26
"[5.0539203 5.0539203 5.0539203 5.0539203 5.0539203 5.0539203 5.0539203
 5.0539203 5.0539203 5.0539203 5.0539203 5.0539203]",[ 47.5   103.417  22.583],355.0,41,2021,9,26
"[6.6498966 6.6498966 6.6498966 6.6498966 6.6498966 6.6498966 6.6498966
 6.6498966 6.6498966 6.6498966 6.6498966 6.6498966]",[ 30.    103.417  22.583],355.0,42,2021,9,26
"[11.637318 11.637318 11.637318 11.637318 11.637318 11.637318 11.637318
 11.637318 11.637318 11.637318 11.637318 11.637318]",[ 30.    103.417  22.583],355.0,43,2021,9,26
"[13.67662 13.67662 13.67662 13.67662 13.67662 13.67662 13.67662 13.67662
 13.67662 13.67662 13.67662 13.67662]",[  0.    103.417  22.583],355.0,44,2021,9,26
"[15.494257 15.494257 15.494257 15.494257 15.494257 15.494257 15.494257
 15.494257 15.494257 15.494257 15.494257 15.494257]",[  0.    103.417  22.583],355.0,45,2021,9,26
"[17.289728 17.289728 17.289728 17.289728 17.289728 17.289728 17.289728
 17.289728 17.289728 17.289728 17.289728 17.289728]",[  0.    103.417  22.583],355.0,46,2021,9,26
"[0.27834773 0.27834773 0.27834773 0.27834773 0.27834773 0.27834773
 0.27834773 0.27834773 0.27834773 0.27834773 0.27834773 0.27834773]",[  0.    103.417  22.583],355.0,7,2018,9,29
"[0.2584666 0.2584666 0.2584666 0.2584666 0.2584666 0.2584666 0.2584666
 0.2584666 0.2584666 0.2584666 0.2584666 0.2584666]",[  0.    103.417  22.583],355.0,8,2018,9,29
"[0.19882023 0.19882023 0.19882023 0.19882023 0.19882023 0.19882023
 0.19882023 0.19882023 0.19882023 0.19882023 0.19882023 0.19882023]",[  0.    103.417  22.583],355.0,9,2018,9,29
[0. 0. 0. 0. 0. 0. 0. 0. 0. 0. 0. 0.],[  0.    103.417  22.583],355.0,10,2018,9,29
[0. 0. 0. 0. 0. 0. 0. 0. 0. 0. 0. 0.],[  7.5   103.417  22.583],355.0,11,2018,9,29
[0. 0. 0. 0. 0. 0. 0. 0. 0. 0. 0. 0.],[  8.9   103.417  22.583],355.0,12,2018,9,29
[0. 0. 0. 0. 0. 0. 0. 0. 0. 0. 0. 0.],[  8.9   103.417  22.583],355.0,13,2018,9,29
[0. 0. 0. 0. 0. 0. 0. 0. 0. 0. 0. 0.],[  8.9   103.417  22.583],355.0,14,2018,9,29
"[0.01988113 0.01988113 0.01988113 0.01988113 0.01988113 0.01988113
 0.01988113 0.01988113 0.01988113 0.01988113 0.01988113 0.01988113]",[ 10.3   103.417  22.583],355.0,15,2018,9,29
"[0.13917387 0.13917387 0.13917387 0.13917387 0.13917387 0.13917387
 0.13917387 0.13917387 0.13917387 0.13917387 0.13917387 0.13917387]",[ 10.3   103.417  22.583],355.0,16,2018,9,29
"[0.13917387 0.13917387 0.13917387 0.13917387 0.13917387 0.13917387
 0.13917387 0.13917387 0.13917387 0.13917387 0.13917387 0.13917387]",[ 10.3   103.417  22.583],355.0,17,2018,9,29
"[0.13917387 0.13917387 0.13917387 0.13917387 0.13917387 0.13917387
 0.13917387 0.13917387 0.13917387 0.13917387 0.13917387 0.13917387]",[  2.8   103.417  22.583],355.0,18,2018,9,29
"[0.159055 0.159055 0.159055 0.159055 0.159055 0.159055 0.159055 0.159055
 0.159055 0.159055 0.159055 0.159055]",[  8.4   103.417  22.583],355.0,19,2018,9,29
"[0.159055 0.159055 0.159055 0.159055 0.159055 0.159055 0.159055 0.159055
 0.159055 0.159055 0.159055 0.159055]",[  8.4   103.417  22.583],355.0,20,2018,9,29
"[0.39764047 0.39764047 0.39764047 0.39764047 0.39764047 0.39764047
 0.39764047 0.39764047 0.39764047 0.39764047 0.39764047 0.39764047]",[  8.4   103.417  22.583],355.0,21,2018,9,29
"[0.7157564 0.7157564 0.7157564 0.7157564 0.7157564 0.7157564 0.7157564
 0.7157564 0.7157564 0.7157564 0.7157564 0.7157564]",[  7.2   103.417  22.583],355.0,22,2018,9,29
"[3.0419707 3.0419707 3.0419707 3.0419707 3.0419707 3.0419707 3.0419707
 3.0419707 3.0419707 3.0419707 3.0419707 3.0419707]",[ 28.9   103.417  22.583],355.0,23,2018,9,29
"[6.521347 6.521347 6.521347 6.521347 6.521347 6.521347 6.521347 6.521347
 6.521347 6.521347 6.521347 6.521347]",[ 31.    103.417  22.583],355.0,24,2018,9,29
"[9.40426 9.40426 9.40426 9.40426 9.40426 9.40426 9.40426 9.40426 9.40426
 9.40426 9.40426 9.40426]",[ 34.5   103.417  22.583],355.0,25,2018,9,29
"[10.557425 10.557425 10.557425 10.557425 10.557425 10.557425 10.557425
 10.557425 10.557425 10.557425 10.557425 10.557425]",[ 31.5   103.417  22.583],355.0,26,2018,9,29
"[10.915302 10.915302 10.915302 10.915302 10.915302 10.915302 10.915302
 10.915302 10.915302 10.915302 10.915302 10.915302]",[ 31.5   103.417  22.583],355.0,27,2018,9,29
"[11.71059 11.71059 11.71059 11.71059 11.71059 11.71059 11.71059 11.71059
 11.71059 11.71059 11.71059 11.71059]",[ 44.6   103.417  22.583],355.0,28,2018,9,29
"[12.843874 12.843874 12.843874 12.843874 12.843874 12.843874 12.843874
 12.843874 12.843874 12.843874 12.843874 12.843874]",[ 44.4   103.417  22.583],355.0,29,2018,9,29
"[11.730471 11.730471 11.730471 11.730471 11.730471 11.730471 11.730471
 11.730471 11.730471 11.730471 11.730471 11.730471]",[ 22.7   103.417  22.583],355.0,30,2018,9,29
"[9.265086 9.265086 9.265086 9.265086 9.265086 9.265086 9.265086 9.265086
 9.265086 9.265086 9.265086 9.265086]",[ 20.6   103.417  22.583],355.0,31,2018,9,29
"[9.344614 9.344614 9.344614 9.344614 9.344614 9.344614 9.344614 9.344614
 9.344614 9.344614 9.344614 9.344614]",[ 17.1   103.417  22.583],355.0,32,2018,9,29
"[20.061096 20.061096 20.061096 20.061096 20.061096 20.061096 20.061096
 20.061096 20.061096 20.061096 20.061096 20.061096]",[ 13.1   103.417  22.583],355.0,33,2018,9,29
"[21.19438 21.19438 21.19438 21.19438 21.19438 21.19438 21.19438 21.19438
 21.19438 21.19438 21.19438 21.19438]",[ 13.1   103.417  22.583],355.0,34,2018,9,29
"[20.160507 20.160507 20.160507 20.160507 20.160507 20.160507 20.160507
 20.160507 20.160507 20.160507 20.160507 20.160507]",[  0.    103.417  22.583],355.0,35,2018,9,29
"[18.868166 18.868166 18.868166 18.868166 18.868166 18.868166 18.868166
 18.868166 18.868166 18.868166 18.868166 18.868166]",[  0.    103.417  22.583],355.0,36,2018,9,29
"[23.957998 23.957998 23.957998 23.957998 23.957998 23.957998 23.957998
 23.957998 23.957998 23.957998 23.957998 23.957998]",[  0.    103.417  22.583],355.0,37,2018,9,29
"[25.131046 25.131046 25.131046 25.131046 25.131046 25.131046 25.131046
 25.131046 25.131046 25.131046 25.131046 25.131046]",[  0.    103.417  22.583],355.0,38,2018,9,29
"[22.287895 22.287895 22.287895 22.287895 22.287895 22.287895 22.287895
 22.287895 22.287895 22.287895 22.287895 22.287895]",[  0.    103.417  22.583],355.0,39,2018,9,29
"[10.438132 10.438132 10.438132 10.438132 10.438132 10.438132 10.438132
 10.438132 10.438132 10.438132 10.438132 10.438132]",[  0.    103.417  22.583],355.0,40,2018,9,29
"[9.30485 9.30485 9.30485 9.30485 9.30485 9.30485 9.30485 9.30485 9.30485
 9.30485 9.30485 9.30485]",[  0.2   103.417  22.583],355.0,41,2018,9,29
"[12.167881 12.167881 12.167881 12.167881 12.167881 12.167881 12.167881
 12.167881 12.167881 12.167881 12.167881 12.167881]",[  0.2   103.417  22.583],355.0,42,2018,9,29
"[49.427048 49.427048 49.427048 49.427048 49.427048 49.427048 49.427048
 49.427048 49.427048 49.427048 49.427048 49.427048]",[  4.2   103.417  22.583],355.0,43,2018,9,29
"[50.500687 50.500687 50.500687 50.500687 50.500687 50.500687 50.500687
 50.500687 50.500687 50.500687 50.500687 50.500687]",[  4.2   103.417  22.583],355.0,44,2018,9,29
"[61.614815 61.614815 61.614815 61.614815 61.614815 61.614815 61.614815
 61.614815 61.614815 61.614815 61.614815 61.614815]",[  4.3   103.417  22.583],355.0,45,2018,9,29
"[68.0964 68.0964 68.0964 68.0964 68.0964 68.0964 68.0964 68.0964 68.0964
 68.0964 68.0964 68.0964]",[ 40.4   103.417  22.583],355.0,46,2018,9,29
"[62.390213 62.390213 62.390213 62.390213 62.390213 62.390213 62.390213
 62.390213 62.390213 62.390213 62.390213 62.390213]",[ 55.9   103.417  22.583],355.0,7,2019,9,29
"[63.84161 63.84161 63.84161 63.84161 63.84161 63.84161 63.84161 63.84161
 63.84161 63.84161 63.84161 63.84161]",[ 55.9   103.417  22.583],355.0,8,2019,9,29
"[69.03085 69.03085 69.03085 69.03085 69.03085 69.03085 69.03085 69.03085
 69.03085 69.03085 69.03085 69.03085]",[ 55.9   103.417  22.583],355.0,9,2019,9,29
"[78.65382 78.65382 78.65382 78.65382 78.65382 78.65382 78.65382 78.65382
 78.65382 78.65382 78.65382 78.65382]",[ 55.9   103.417  22.583],355.0,10,2019,9,29
"[74.41892 74.41892 74.41892 74.41892 74.41892 74.41892 74.41892 74.41892
 74.41892 74.41892 74.41892 74.41892]",[ 55.9   103.417  22.583],355.0,11,2019,9,29
"[61.55516 61.55516 61.55516 61.55516 61.55516 61.55516 61.55516 61.55516
 61.55516 61.55516 61.55516 61.55516]",[  0.    103.417  22.583],355.0,12,2019,9,29
"[46.106728 46.106728 46.106728 46.106728 46.106728 46.106728 46.106728
 46.106728 46.106728 46.106728 46.106728 46.106728]",[  0.4   103.417  22.583],355.0,13,2019,9,29
"[29.684063 29.684063 29.684063 29.684063 29.684063 29.684063 29.684063
 29.684063 29.684063 29.684063 29.684063 29.684063]",[  0.4   103.417  22.583],355.0,14,2019,9,29
"[29.684063 29.684063 29.684063 29.684063 29.684063 29.684063 29.684063
 29.684063 29.684063 29.684063 29.684063 29.684063]",[  0.4   103.417  22.583],355.0,15,2019,9,29
"[38.31292 38.31292 38.31292 38.31292 38.31292 38.31292 38.31292 38.31292
 38.31292 38.31292 38.31292 38.31292]",[  0.4   103.417  22.583],355.0,16,2019,9,29
"[30.717936 30.717936 30.717936 30.717936 30.717936 30.717936 30.717936
 30.717936 30.717936 30.717936 30.717936 30.717936]",[  0.4   103.417  22.583],355.0,17,2019,9,29
"[21.611904 21.611904 21.611904 21.611904 21.611904 21.611904 21.611904
 21.611904 21.611904 21.611904 21.611904 21.611904]",[  0.4   103.417  22.583],355.0,18,2019,9,29
"[19.782743 19.782743 19.782743 19.782743 19.782743 19.782743 19.782743
 19.782743 19.782743 19.782743 19.782743 19.782743]",[  0.4   103.417  22.583],355.0,19,2019,9,29
"[19.245928 19.245928 19.245928 19.245928 19.245928 19.245928 19.245928
 19.245928 19.245928 19.245928 19.245928 19.245928]",[  0.    103.417  22.583],355.0,20,2019,9,29
"[21.015438 21.015438 21.015438 21.015438 21.015438 21.015438 21.015438
 21.015438 21.015438 21.015438 21.015438 21.015438]",[  0.    103.417  22.583],355.0,21,2019,9,29
"[49.307755 49.307755 49.307755 49.307755 49.307755 49.307755 49.307755
 49.307755 49.307755 49.307755 49.307755 49.307755]",[  0.    103.417  22.583],355.0,22,2019,9,29
"[35.827652 35.827652 35.827652 35.827652 35.827652 35.827652 35.827652
 35.827652 35.827652 35.827652 35.827652 35.827652]",[  0.    103.417  22.583],355.0,23,2019,9,29
"[33.680378 33.680378 33.680378 33.680378 33.680378 33.680378 33.680378
 33.680378 33.680378 33.680378 33.680378 33.680378]",[  0.    103.417  22.583],355.0,24,2019,9,29
"[33.680378 33.680378 33.680378 33.680378 33.680378 33.680378 33.680378
 33.680378 33.680378 33.680378 33.680378 33.680378]",[  0.    103.417  22.583],355.0,25,2019,9,29
"[33.421913 33.421913 33.421913 33.421913 33.421913 33.421913 33.421913
 33.421913 33.421913 33.421913 33.421913 33.421913]",[  0.    103.417  22.583],355.0,26,2019,9,29
"[33.322502 33.322502 33.322502 33.322502 33.322502 33.322502 33.322502
 33.322502 33.322502 33.322502 33.322502 33.322502]",[  0.    103.417  22.583],355.0,27,2019,9,29
"[38.41233 38.41233 38.41233 38.41233 38.41233 38.41233 38.41233 38.41233
 38.41233 38.41233 38.41233 38.41233]",[  0.    103.417  22.583],355.0,28,2019,9,29
"[10.438136 10.438136 10.438136 10.438136 10.438136 10.438136 10.438136
 10.438136 10.438136 10.438136 10.438136 10.438136]",[  0.    103.417  22.583],355.0,29,2019,9,29
"[10.259196 10.259196 10.259196 10.259196 10.259196 10.259196 10.259196
 10.259196 10.259196 10.259196 10.259196 10.259196]",[  0.    103.417  22.583],355.0,30,2019,9,29
"[10.4779005 10.4779005 10.4779005 10.4779005 10.4779005 10.4779005
 10.4779005 10.4779005 10.4779005 10.4779005 10.4779005 10.4779005]",[  0.    103.417  22.583],355.0,31,2019,9,29
"[11.19366 11.19366 11.19366 11.19366 11.19366 11.19366 11.19366 11.19366
 11.19366 11.19366 11.19366 11.19366]",[  0.    103.417  22.583],355.0,32,2019,9,29
"[14.255512 14.255512 14.255512 14.255512 14.255512 14.255512 14.255512
 14.255512 14.255512 14.255512 14.255512 14.255512]",[  0.    103.417  22.583],355.0,33,2019,9,29
"[22.24814 22.24814 22.24814 22.24814 22.24814 22.24814 22.24814 22.24814
 22.24814 22.24814 22.24814 22.24814]",[  0.    103.417  22.583],355.0,34,2019,9,29
"[17.55595 17.55595 17.55595 17.55595 17.55595 17.55595 17.55595 17.55595
 17.55595 17.55595 17.55595 17.55595]",[  0.    103.417  22.583],355.0,35,2019,9,29
"[16.621485 16.621485 16.621485 16.621485 16.621485 16.621485 16.621485
 16.621485 16.621485 16.621485 16.621485 16.621485]",[  0.    103.417  22.583],355.0,36,2019,9,29
"[16.462427 16.462427 16.462427 16.462427 16.462427 16.462427 16.462427
 16.462427 16.462427 16.462427 16.462427 16.462427]",[  0.    103.417  22.583],355.0,37,2019,9,29
"[16.243723 16.243723 16.243723 16.243723 16.243723 16.243723 16.243723
 16.243723 16.243723 16.243723 16.243723 16.243723]",[  0.    103.417  22.583],355.0,38,2019,9,29
"[15.508083 15.508083 15.508083 15.508083 15.508083 15.508083 15.508083
 15.508083 15.508083 15.508083 15.508083 15.508083]",[  0.    103.417  22.583],355.0,39,2019,9,29
"[12.287172 12.287172 12.287172 12.287172 12.287172 12.287172 12.287172
 12.287172 12.287172 12.287172 12.287172 12.287172]",[  0.    103.417  22.583],355.0,40,2019,9,29
"[3.4992576 3.4992576 3.4992576 3.4992576 3.4992576 3.4992576 3.4992576
 3.4992576 3.4992576 3.4992576 3.4992576 3.4992576]",[  0.    103.417  22.583],355.0,41,2019,9,29
"[0.83504915 0.83504915 0.83504915 0.83504915 0.83504915 0.83504915
 0.83504915 0.83504915 0.83504915 0.83504915 0.83504915 0.83504915]",[  0.    103.417  22.583],355.0,42,2019,9,29
[0. 0. 0. 0. 0. 0. 0. 0. 0. 0. 0. 0.],[  0.    103.417  22.583],355.0,43,2019,9,29
[0. 0. 0. 0. 0. 0. 0. 0. 0. 0. 0. 0.],[  0.    103.417  22.583],355.0,44,2019,9,29
[0. 0. 0. 0. 0. 0. 0. 0. 0. 0. 0. 0.],[  0.    103.417  22.583],355.0,45,2019,9,29
[0. 0. 0. 0. 0. 0. 0. 0. 0. 0. 0. 0.],[  0.    103.417  22.583],355.0,46,2019,9,29
"[49.943977 49.943977 49.943977 49.943977 49.943977 49.943977 49.943977
 49.943977 49.943977 49.943977 49.943977 49.943977]",[  0.    103.417  22.583],355.0,7,2020,9,29
"[49.546333 49.546333 49.546333 49.546333 49.546333 49.546333 49.546333
 49.546333 49.546333 49.546333 49.546333 49.546333]",[  0.    103.417  22.583],355.0,8,2020,9,29
"[44.69509 44.69509 44.69509 44.69509 44.69509 44.69509 44.69509 44.69509
 44.69509 44.69509 44.69509 44.69509]",[  0.    103.417  22.583],355.0,9,2020,9,29
"[41.434418 41.434418 41.434418 41.434418 41.434418 41.434418 41.434418
 41.434418 41.434418 41.434418 41.434418 41.434418]",[  0.    103.417  22.583],355.0,10,2020,9,29
"[39.80408 39.80408 39.80408 39.80408 39.80408 39.80408 39.80408 39.80408
 39.80408 39.80408 39.80408 39.80408]",[  0.    103.417  22.583],355.0,11,2020,9,29
"[32.427803 32.427803 32.427803 32.427803 32.427803 32.427803 32.427803
 32.427803 32.427803 32.427803 32.427803 32.427803]",[  0.    103.417  22.583],355.0,12,2020,9,29
"[19.802631 19.802631 19.802631 19.802631 19.802631 19.802631 19.802631
 19.802631 19.802631 19.802631 19.802631 19.802631]",[  0.    103.417  22.583],355.0,13,2020,9,29
"[7.992628 7.992628 7.992628 7.992628 7.992628 7.992628 7.992628 7.992628
 7.992628 7.992628 7.992628 7.992628]",[  0.    103.417  22.583],355.0,14,2020,9,29
"[16.184078 16.184078 16.184078 16.184078 16.184078 16.184078 16.184078
 16.184078 16.184078 16.184078 16.184078 16.184078]",[  0.    103.417  22.583],355.0,15,2020,9,29
"[25.091286 25.091286 25.091286 25.091286 25.091286 25.091286 25.091286
 25.091286 25.091286 25.091286 25.091286 25.091286]",[  4.9   103.417  22.583],355.0,16,2020,9,29
"[35.17154 35.17154 35.17154 35.17154 35.17154 35.17154 35.17154 35.17154
 35.17154 35.17154 35.17154 35.17154]",[  4.9   103.417  22.583],355.0,17,2020,9,29
"[46.48449 46.48449 46.48449 46.48449 46.48449 46.48449 46.48449 46.48449
 46.48449 46.48449 46.48449 46.48449]",[  4.9   103.417  22.583],355.0,18,2020,9,29
"[52.389492 52.389492 52.389492 52.389492 52.389492 52.389492 52.389492
 52.389492 52.389492 52.389492 52.389492 52.389492]",[  4.9   103.417  22.583],355.0,19,2020,9,29
"[53.920418 53.920418 53.920418 53.920418 53.920418 53.920418 53.920418
 53.920418 53.920418 53.920418 53.920418 53.920418]",[  6.3   103.417  22.583],355.0,20,2020,9,29
"[55.670048 55.670048 55.670048 55.670048 55.670048 55.670048 55.670048
 55.670048 55.670048 55.670048 55.670048 55.670048]",[  9.1   103.417  22.583],355.0,21,2020,9,29
"[46.961662 46.961662 46.961662 46.961662 46.961662 46.961662 46.961662
 46.961662 46.961662 46.961662 46.961662 46.961662]",[  9.1   103.417  22.583],355.0,22,2020,9,29
"[42.80629 42.80629 42.80629 42.80629 42.80629 42.80629 42.80629 42.80629
 42.80629 42.80629 42.80629 42.80629]",[  4.2   103.417  22.583],355.0,23,2020,9,29
"[43.681107 43.681107 43.681107 43.681107 43.681107 43.681107 43.681107
 43.681107 43.681107 43.681107 43.681107 43.681107]",[  4.2   103.417  22.583],355.0,24,2020,9,29
"[35.608948 35.608948 35.608948 35.608948 35.608948 35.608948 35.608948
 35.608948 35.608948 35.608948 35.608948 35.608948]",[  4.2   103.417  22.583],355.0,25,2020,9,29
"[30.12147 30.12147 30.12147 30.12147 30.12147 30.12147 30.12147 30.12147
 30.12147 30.12147 30.12147 30.12147]",[  4.2   103.417  22.583],355.0,26,2020,9,29
"[37.994804 37.994804 37.994804 37.994804 37.994804 37.994804 37.994804
 37.994804 37.994804 37.994804 37.994804 37.994804]",[  2.8   103.417  22.583],355.0,27,2020,9,29
"[37.179634 37.179634 37.179634 37.179634 37.179634 37.179634 37.179634
 37.179634 37.179634 37.179634 37.179634 37.179634]",[  0.    103.417  22.583],355.0,28,2020,9,29
"[34.0979 34.0979 34.0979 34.0979 34.0979 34.0979 34.0979 34.0979 34.0979
 34.0979 34.0979 34.0979]",[  0.    103.417  22.583],355.0,29,2020,9,29
"[25.528687 25.528687 25.528687 25.528687 25.528687 25.528687 25.528687
 25.528687 25.528687 25.528687 25.528687 25.528687]",[  0.    103.417  22.583],355.0,30,2020,9,29
"[14.41456 14.41456 14.41456 14.41456 14.41456 14.41456 14.41456 14.41456
 14.41456 14.41456 14.41456 14.41456]",[  0.    103.417  22.583],355.0,31,2020,9,29
"[11.332828 11.332828 11.332828 11.332828 11.332828 11.332828 11.332828
 11.332828 11.332828 11.332828 11.332828 11.332828]",[  0.    103.417  22.583],355.0,32,2020,9,29
"[13.897627 13.897627 13.897627 13.897627 13.897627 13.897627 13.897627
 13.897627 13.897627 13.897627 13.897627 13.897627]",[  0.    103.417  22.583],355.0,33,2020,9,29
"[4.533133 4.533133 4.533133 4.533133 4.533133 4.533133 4.533133 4.533133
 4.533133 4.533133 4.533133 4.533133]",[  0.    103.417  22.583],355.0,34,2020,9,29
"[3.5986724 3.5986724 3.5986724 3.5986724 3.5986724 3.5986724 3.5986724
 3.5986724 3.5986724 3.5986724 3.5986724 3.5986724]",[  0.    103.417  22.583],355.0,35,2020,9,29
"[3.5787911 3.5787911 3.5787911 3.5787911 3.5787911 3.5787911 3.5787911
 3.5787911 3.5787911 3.5787911 3.5787911 3.5787911]",[  0.    103.417  22.583],355.0,36,2020,9,29
"[3.5787911 3.5787911 3.5787911 3.5787911 3.5787911 3.5787911 3.5787911
 3.5787911 3.5787911 3.5787911 3.5787911 3.5787911]",[  0.    103.417  22.583],355.0,37,2020,9,29
"[3.419733 3.419733 3.419733 3.419733 3.419733 3.419733 3.419733 3.419733
 3.419733 3.419733 3.419733 3.419733]",[  0.    103.417  22.583],355.0,38,2020,9,29
"[3.081736 3.081736 3.081736 3.081736 3.081736 3.081736 3.081736 3.081736
 3.081736 3.081736 3.081736 3.081736]",[  0.    103.417  22.583],355.0,39,2020,9,29
"[0.03976524 0.03976524 0.03976524 0.03976524 0.03976524 0.03976524
 0.03976524 0.03976524 0.03976524 0.03976524 0.03976524 0.03976524]",[  0.    103.417  22.583],355.0,40,2020,9,29
[0. 0. 0. 0. 0. 0. 0. 0. 0. 0. 0. 0.],[  0.    103.417  22.583],355.0,41,2020,9,29
[0. 0. 0. 0. 0. 0. 0. 0. 0. 0. 0. 0.],[  0.    103.417  22.583],355.0,42,2020,9,29
[0. 0. 0. 0. 0. 0. 0. 0. 0. 0. 0. 0.],[  0.    103.417  22.583],355.0,43,2020,9,29
[0. 0. 0. 0. 0. 0. 0. 0. 0. 0. 0. 0.],[  0.    103.417  22.583],355.0,44,2020,9,29
"[1.6104549 1.6104549 1.6104549 1.6104549 1.6104549 1.6104549 1.6104549
 1.6104549 1.6104549 1.6104549 1.6104549 1.6104549]",[  0.    103.417  22.583],355.0,45,2020,9,29
"[6.8792257 6.8792257 6.8792257 6.8792257 6.8792257 6.8792257 6.8792257
 6.8792257 6.8792257 6.8792257 6.8792257 6.8792257]",[  0.    103.417  22.583],355.0,46,2020,9,29
"[60.56105 60.56105 60.56105 60.56105 60.56105 60.56105 60.56105 60.56105
 60.56105 60.56105 60.56105 60.56105]",[ 69.    103.417  22.583],355.0,7,2021,9,29
"[67.46016 67.46016 67.46016 67.46016 67.46016 67.46016 67.46016 67.46016
 67.46016 67.46016 67.46016 67.46016]",[ 42.8   103.417  22.583],355.0,8,2021,9,29
"[65.790054 65.790054 65.790054 65.790054 65.790054 65.790054 65.790054
 65.790054 65.790054 65.790054 65.790054 65.790054]",[ 42.8   103.417  22.583],355.0,9,2021,9,29
"[53.244415 53.244415 53.244415 53.244415 53.244415 53.244415 53.244415
 53.244415 53.244415 53.244415 53.244415 53.244415]",[  0.    103.417  22.583],355.0,10,2021,9,29
"[44.73485 44.73485 44.73485 44.73485 44.73485 44.73485 44.73485 44.73485
 44.73485 44.73485 44.73485 44.73485]",[  0.    103.417  22.583],355.0,11,2021,9,29
"[39.605255 39.605255 39.605255 39.605255 39.605255 39.605255 39.605255
 39.605255 39.605255 39.605255 39.605255 39.605255]",[  1.2   103.417  22.583],355.0,12,2021,9,29
"[42.40864 42.40864 42.40864 42.40864 42.40864 42.40864 42.40864 42.40864
 42.40864 42.40864 42.40864 42.40864]",[  1.2   103.417  22.583],355.0,13,2021,9,29
"[31.016165 31.016165 31.016165 31.016165 31.016165 31.016165 31.016165
 31.016165 31.016165 31.016165 31.016165 31.016165]",[  1.2   103.417  22.583],355.0,14,2021,9,29
"[30.14135 30.14135 30.14135 30.14135 30.14135 30.14135 30.14135 30.14135
 30.14135 30.14135 30.14135 30.14135]",[  1.2   103.417  22.583],355.0,15,2021,9,29
"[28.11337 28.11337 28.11337 28.11337 28.11337 28.11337 28.11337 28.11337
 28.11337 28.11337 28.11337 28.11337]",[  1.2   103.417  22.583],355.0,16,2021,9,29
"[27.119263 27.119263 27.119263 27.119263 27.119263 27.119263 27.119263
 27.119263 27.119263 27.119263 27.119263 27.119263]",[  1.2   103.417  22.583],355.0,17,2021,9,29
"[30.340174 30.340174 30.340174 30.340174 30.340174 30.340174 30.340174
 30.340174 30.340174 30.340174 30.340174 30.340174]",[  1.2   103.417  22.583],355.0,18,2021,9,29
"[40.937366 40.937366 40.937366 40.937366 40.937366 40.937366 40.937366
 40.937366 40.937366 40.937366 40.937366 40.937366]",[  0.    103.417  22.583],355.0,19,2021,9,29
"[37.080223 37.080223 37.080223 37.080223 37.080223 37.080223 37.080223
 37.080223 37.080223 37.080223 37.080223 37.080223]",[  0.    103.417  22.583],355.0,20,2021,9,29
"[24.435175 24.435175 24.435175 24.435175 24.435175 24.435175 24.435175
 24.435175 24.435175 24.435175 24.435175 24.435175]",[  0.    103.417  22.583],355.0,21,2021,9,29
"[17.874063 17.874063 17.874063 17.874063 17.874063 17.874063 17.874063
 17.874063 17.874063 17.874063 17.874063 17.874063]",[  0.    103.417  22.583],355.0,22,2021,9,29
"[18.331354 18.331354 18.331354 18.331354 18.331354 18.331354 18.331354
 18.331354 18.331354 18.331354 18.331354 18.331354]",[ 13.8   103.417  22.583],355.0,23,2021,9,29
"[30.658293 30.658293 30.658293 30.658293 30.658293 30.658293 30.658293
 30.658293 30.658293 30.658293 30.658293 30.658293]",[ 13.8   103.417  22.583],355.0,24,2021,9,29
"[26.12516 26.12516 26.12516 26.12516 26.12516 26.12516 26.12516 26.12516
 26.12516 26.12516 26.12516 26.12516]",[ 13.8   103.417  22.583],355.0,25,2021,9,29
"[14.593506 14.593506 14.593506 14.593506 14.593506 14.593506 14.593506
 14.593506 14.593506 14.593506 14.593506 14.593506]",[ 13.8   103.417  22.583],355.0,26,2021,9,29
"[14.35492 14.35492 14.35492 14.35492 14.35492 14.35492 14.35492 14.35492
 14.35492 14.35492 14.35492 14.35492]",[ 13.8   103.417  22.583],355.0,27,2021,9,29
"[14.275391 14.275391 14.275391 14.275391 14.275391 14.275391 14.275391
 14.275391 14.275391 14.275391 14.275391 14.275391]",[ 13.8   103.417  22.583],355.0,28,2021,9,29
"[13.659042 13.659042 13.659042 13.659042 13.659042 13.659042 13.659042
 13.659042 13.659042 13.659042 13.659042 13.659042]",[ 13.8   103.417  22.583],355.0,29,2021,9,29
"[13.201754 13.201754 13.201754 13.201754 13.201754 13.201754 13.201754
 13.201754 13.201754 13.201754 13.201754 13.201754]",[  0.    103.417  22.583],355.0,30,2021,9,29
"[0.8748144 0.8748144 0.8748144 0.8748144 0.8748144 0.8748144 0.8748144
 0.8748144 0.8748144 0.8748144 0.8748144 0.8748144]",[  0.    103.417  22.583],355.0,31,2021,9,29
"[0.75552166 0.75552166 0.75552166 0.75552166 0.75552166 0.75552166
 0.75552166 0.75552166 0.75552166 0.75552166 0.75552166 0.75552166]",[ 17.5   103.417  22.583],355.0,32,2021,9,29
"[0.83504915 0.83504915 0.83504915 0.83504915 0.83504915 0.83504915
 0.83504915 0.83504915 0.83504915 0.83504915 0.83504915 0.83504915]",[ 17.5   103.417  22.583],355.0,33,2021,9,29
"[1.5508056 1.5508056 1.5508056 1.5508056 1.5508056 1.5508056 1.5508056
 1.5508056 1.5508056 1.5508056 1.5508056 1.5508056]",[ 47.5   103.417  22.583],355.0,34,2021,9,29
"[2.9226751 2.9226751 2.9226751 2.9226751 2.9226751 2.9226751 2.9226751
 2.9226751 2.9226751 2.9226751 2.9226751 2.9226751]",[ 47.5   103.417  22.583],355.0,35,2021,9,29
"[3.87702 3.87702 3.87702 3.87702 3.87702 3.87702 3.87702 3.87702 3.87702
 3.87702 3.87702 3.87702]",[ 47.5   103.417  22.583],355.0,36,2021,9,29
"[4.7717185 4.7717185 4.7717185 4.7717185 4.7717185 4.7717185 4.7717185
 4.7717185 4.7717185 4.7717185 4.7717185 4.7717185]",[ 47.5   103.417  22.583],355.0,37,2021,9,29
"[5.7459445 5.7459445 5.7459445 5.7459445 5.7459445 5.7459445 5.7459445
 5.7459445 5.7459445 5.7459445 5.7459445 5.7459445]",[ 47.5   103.417  22.583],355.0,38,2021,9,29
"[7.0780487 7.0780487 7.0780487 7.0780487 7.0780487 7.0780487 7.0780487
 7.0780487 7.0780487 7.0780487 7.0780487 7.0780487]",[ 30.    103.417  22.583],355.0,39,2021,9,29
"[18.172295 18.172295 18.172295 18.172295 18.172295 18.172295 18.172295
 18.172295 18.172295 18.172295 18.172295 18.172295]",[ 30.    103.417  22.583],355.0,40,2021,9,29
"[19.007347 19.007347 19.007347 19.007347 19.007347 19.007347 19.007347
 19.007347 19.007347 19.007347 19.007347 19.007347]",[  0.    103.417  22.583],355.0,41,2021,9,29
"[17.913826 17.913826 17.913826 17.913826 17.913826 17.913826 17.913826
 17.913826 17.913826 17.913826 17.913826 17.913826]",[  0.    103.417  22.583],355.0,42,2021,9,29
"[18.172295 18.172295 18.172295 18.172295 18.172295 18.172295 18.172295
 18.172295 18.172295 18.172295 18.172295 18.172295]",[  0.    103.417  22.583],355.0,43,2021,9,29
"[17.416769 17.416769 17.416769 17.416769 17.416769 17.416769 17.416769
 17.416769 17.416769 17.416769 17.416769 17.416769]",[  0.    103.417  22.583],355.0,44,2021,9,29
"[16.52207 16.52207 16.52207 16.52207 16.52207 16.52207 16.52207 16.52207
 16.52207 16.52207 16.52207 16.52207]",[  0.    103.417  22.583],355.0,45,2021,9,29
"[15.189967 15.189967 15.189967 15.189967 15.189967 15.189967 15.189967
 15.189967 15.189967 15.189967 15.189967 15.189967]",[  0.    103.417  22.583],355.0,46,2021,9,29
